provider,eventID,startTime,matchup,awayTeam,homeTeam,inning,segment,marketType,side,teamSide,oddID,bookmakerID,line,isAlternateLine,americanOdds,lastUpdatedAt,providerFairLine,providerConsensusLine,providerFairOdds,providerConsensusOdds,deeplink
"SPORTSGAMEODDS","22gNg3ZCUVZwg6X1gd6K","2026-09-25T17:05:00.000Z","Chicago Cubs @ Boston Red Sox","Chicago Cubs","Boston Red Sox","1","full","FULL_INNING_3WAY","draw","","points-all-1i-ml3way-draw","draftkings","","false","-155","2026-09-25T16:27:56.462Z","","","","",""
"SPORTSGAMEODDS","22gNg3ZCUVZwg6X1gd6K","2026-09-25T17:05:00.000Z","Chicago Cubs @ Boston Red Sox","Chicago Cubs","Boston Red Sox","1","full","FULL_INNING_3WAY","draw","","points-all-1i-ml3way-draw","fanduel","","false","-185","2026-09-25T16:28:08.825Z","","","","","https://sportsbook.fanduel.com/addToBetslip?marketId=717.188389449&selectionId=131604"
"SPORTSGAMEODDS","22gNg3ZCUVZwg6X1gd6K","2026-09-25T17:05:00.000Z","Chicago Cubs @ Boston Red Sox","Chicago Cubs","Boston Red Sox","1","full","FULL_INNING_3WAY","draw","","points-all-1i-ml3way-draw","betmgm","","false","-185","2026-09-25T16:27:26.087Z","","","","","https://sports.nj.betmgm.com/en/sports?options=19965677-1561271725-2304270415"
"SPORTSGAMEODDS","22gNg3ZCUVZwg6X1gd6K","2026-09-25T17:05:00.000Z","Chicago Cubs @ Boston Red Sox","Chicago Cubs","Boston Red Sox","1","full","FULL_INNING_TOTAL","over","","points-all-1i-ou-over","draftkings","0.5","false","115","2026-09-25T16:27:56.462Z","0.5","0.5","138","126",""
"SPORTSGAMEODDS","22gNg3ZCUVZwg6X1gd6K","2026-09-25T17:05:00.000Z","Chicago Cubs @ Boston Red Sox","Chicago Cubs","Boston Red Sox","1","full","FULL_INNING_TOTAL","over","","points-all-1i-ou-over","draftkings","1.5","true","300","2026-09-25T16:27:56.462Z","0.5","0.5","","",""
"SPORTSGAMEODDS","22gNg3ZCUVZwg6X1gd6K","2026-09-25T17:05:00.000Z","Chicago Cubs @ Boston Red Sox","Chicago Cubs","Boston Red Sox","1","full","FULL_INNING_TOTAL","over","","points-all-1i-ou-over","fanduel","0.5","false","122","2026-09-25T16:28:08.825Z","0.5","0.5","138","126","https://sportsbook.fanduel.com/addToBetslip?marketId=717.188389467&selectionId=7017905"
"SPORTSGAMEODDS","22gNg3ZCUVZwg6X1gd6K","2026-09-25T17:05:00.000Z","Chicago Cubs @ Boston Red Sox","Chicago Cubs","Boston Red Sox","1","full","FULL_INNING_TOTAL","over","","points-all-1i-ou-over","fanduel","1.5","true","320","2026-09-25T16:28:08.825Z","0.5","0.5","","","https://sportsbook.fanduel.com/addToBetslip?marketId=717.188389467&selectionId=7017905"
"SPORTSGAMEODDS","22gNg3ZCUVZwg6X1gd6K","2026-09-25T17:05:00.000Z","Chicago Cubs @ Boston Red Sox","Chicago Cubs","Boston Red Sox","1","full","FULL_INNING_TOTAL","over","","points-all-1i-ou-over","caesars","0.5","false","128","2026-09-25T16:27:52.087Z","0.5","0.5","138","126","https://sportsbook.caesars.com/us/nj/bet/betslip?selectionIds=eb18c94d-53c1-3392-a132-8211bb1a6842"
"SPORTSGAMEODDS","22gNg3ZCUVZwg6X1gd6K","2026-09-25T17:05:00.000Z","Chicago Cubs @ Boston Red Sox","Chicago Cubs","Boston Red Sox","1","full","FULL_INNING_TOTAL","over","","points-all-1i-ou-over","betmgm","0.5","false","125","2026-09-25T16:27:26.087Z","0.5","0.5","138","126","https://sports.nj.betmgm.com/en/sports?options=19965677-1561271712-2304270389"
"SPORTSGAMEODDS","22gNg3ZCUVZwg6X1gd6K","2026-09-25T17:05:00.000Z","Chicago Cubs @ Boston Red Sox","Chicago Cubs","Boston Red Sox","1","full","FULL_INNING_TOTAL","under","","points-all-1i-ou-under","draftkings","0.5","false","-160","2026-09-25T16:27:56.462Z","0.5","0.5","-138","-162",""
"SPORTSGAMEODDS","22gNg3ZCUVZwg6X1gd6K","2026-09-25T17:05:00.000Z","Chicago Cubs @ Boston Red Sox","Chicago Cubs","Boston Red Sox","1","full","FULL_INNING_TOTAL","under","","points-all-1i-ou-under","draftkings","1.5","true","-450","2026-09-25T16:27:56.462Z","0.5","0.5","","",""
"SPORTSGAMEODDS","22gNg3ZCUVZwg6X1gd6K","2026-09-25T17:05:00.000Z","Chicago Cubs @ Boston Red Sox","Chicago Cubs","Boston Red Sox","1","full","FULL_INNING_TOTAL","under","","points-all-1i-ou-under","fanduel","0.5","false","-156","2026-09-25T16:28:08.825Z","0.5","0.5","-138","-162","https://sportsbook.fanduel.com/addToBetslip?marketId=717.188389467&selectionId=7017906"
"SPORTSGAMEODDS","22gNg3ZCUVZwg6X1gd6K","2026-09-25T17:05:00.000Z","Chicago Cubs @ Boston Red Sox","Chicago Cubs","Boston Red Sox","1","full","FULL_INNING_TOTAL","under","","points-all-1i-ou-under","fanduel","1.5","true","-430","2026-09-25T16:28:08.825Z","0.5","0.5","","","https://sportsbook.fanduel.com/addToBetslip?marketId=717.188389467&selectionId=7017906"
"SPORTSGAMEODDS","22gNg3ZCUVZwg6X1gd6K","2026-09-25T17:05:00.000Z","Chicago Cubs @ Boston Red Sox","Chicago Cubs","Boston Red Sox","1","full","FULL_INNING_TOTAL","under","","points-all-1i-ou-under","caesars","0.5","false","-159","2026-09-25T16:27:52.087Z","0.5","0.5","-138","-162","https://sportsbook.caesars.com/us/nj/bet/betslip?selectionIds=d89f0e6a-334d-359d-b714-32759f2cc390"
"SPORTSGAMEODDS","22gNg3ZCUVZwg6X1gd6K","2026-09-25T17:05:00.000Z","Chicago Cubs @ Boston Red Sox","Chicago Cubs","Boston Red Sox","1","full","FULL_INNING_TOTAL","under","","points-all-1i-ou-under","betmgm","0.5","false","-160","2026-09-25T16:27:26.087Z","0.5","0.5","-138","-162","https://sports.nj.betmgm.com/en/sports?options=19965677-1561271712-2304270400"
"SPORTSGAMEODDS","22gNg3ZCUVZwg6X1gd6K","2026-09-25T17:05:00.000Z","Chicago Cubs @ Boston Red Sox","Chicago Cubs","Boston Red Sox","2","full","FULL_INNING_3WAY","draw","","points-all-2i-ml3way-draw","fanduel","","false","-210","2026-09-25T16:28:08.825Z","","","","","https://sportsbook.fanduel.com/addToBetslip?marketId=717.188389476&selectionId=131604"
"SPORTSGAMEODDS","22gNg3ZCUVZwg6X1gd6K","2026-09-25T17:05:00.000Z","Chicago Cubs @ Boston Red Sox","Chicago Cubs","Boston Red Sox","2","full","FULL_INNING_3WAY","draw","","points-all-2i-ml3way-draw","draftkings","","false","-185","2026-09-25T16:27:56.462Z","","","","",""
"SPORTSGAMEODDS","22gNg3ZCUVZwg6X1gd6K","2026-09-25T17:05:00.000Z","Chicago Cubs @ Boston Red Sox","Chicago Cubs","Boston Red Sox","2","full","FULL_INNING_TOTAL","over","","points-all-2i-ou-over","fanduel","0.5","false","152","2026-09-25T16:28:08.825Z","0.5","0.5","147","125","https://sportsbook.fanduel.com/addToBetslip?marketId=717.188389393&selectionId=7017905"
"SPORTSGAMEODDS","22gNg3ZCUVZwg6X1gd6K","2026-09-25T17:05:00.000Z","Chicago Cubs @ Boston Red Sox","Chicago Cubs","Boston Red Sox","2","full","FULL_INNING_TOTAL","over","","points-all-2i-ou-over","fanduel","1.5","true","390","2026-09-25T16:28:08.825Z","0.5","0.5","","","https://sportsbook.fanduel.com/addToBetslip?marketId=717.188389393&selectionId=7017905"
"SPORTSGAMEODDS","22gNg3ZCUVZwg6X1gd6K","2026-09-25T17:05:00.000Z","Chicago Cubs @ Boston Red Sox","Chicago Cubs","Boston Red Sox","2","full","FULL_INNING_TOTAL","over","","points-all-2i-ou-over","draftkings","0.5","false","120","2026-09-25T16:27:56.462Z","0.5","0.5","147","125",""
"SPORTSGAMEODDS","22gNg3ZCUVZwg6X1gd6K","2026-09-25T17:05:00.000Z","Chicago Cubs @ Boston Red Sox","Chicago Cubs","Boston Red Sox","2","full","FULL_INNING_TOTAL","over","","points-all-2i-ou-over","draftkings","1.5","true","310","2026-09-25T16:27:56.462Z","0.5","0.5","","",""
"SPORTSGAMEODDS","22gNg3ZCUVZwg6X1gd6K","2026-09-25T17:05:00.000Z","Chicago Cubs @ Boston Red Sox","Chicago Cubs","Boston Red Sox","2","full","FULL_INNING_TOTAL","under","","points-all-2i-ou-under","fanduel","0.5","false","-188","2026-09-25T16:28:08.825Z","0.5","0.5","-147","-188","https://sportsbook.fanduel.com/addToBetslip?marketId=717.188389393&selectionId=7017906"
"SPORTSGAMEODDS","22gNg3ZCUVZwg6X1gd6K","2026-09-25T17:05:00.000Z","Chicago Cubs @ Boston Red Sox","Chicago Cubs","Boston Red Sox","2","full","FULL_INNING_TOTAL","under","","points-all-2i-ou-under","fanduel","1.5","true","-550","2026-09-25T16:28:08.825Z","0.5","0.5","","","https://sportsbook.fanduel.com/addToBetslip?marketId=717.188389393&selectionId=7017906"
"SPORTSGAMEODDS","22gNg3ZCUVZwg6X1gd6K","2026-09-25T17:05:00.000Z","Chicago Cubs @ Boston Red Sox","Chicago Cubs","Boston Red Sox","2","full","FULL_INNING_TOTAL","under","","points-all-2i-ou-under","draftkings","0.5","false","-165","2026-09-25T16:27:56.462Z","0.5","0.5","-147","-188",""
"SPORTSGAMEODDS","22gNg3ZCUVZwg6X1gd6K","2026-09-25T17:05:00.000Z","Chicago Cubs @ Boston Red Sox","Chicago Cubs","Boston Red Sox","2","full","FULL_INNING_TOTAL","under","","points-all-2i-ou-under","draftkings","1.5","true","-450","2026-09-25T16:27:56.462Z","0.5","0.5","","",""
"SPORTSGAMEODDS","22gNg3ZCUVZwg6X1gd6K","2026-09-25T17:05:00.000Z","Chicago Cubs @ Boston Red Sox","Chicago Cubs","Boston Red Sox","3","full","FULL_INNING_3WAY","draw","","points-all-3i-ml3way-draw","fanduel","","false","-185","2026-09-25T16:28:08.825Z","","","","","https://sportsbook.fanduel.com/addToBetslip?marketId=717.188389468&selectionId=131604"
"SPORTSGAMEODDS","22gNg3ZCUVZwg6X1gd6K","2026-09-25T17:05:00.000Z","Chicago Cubs @ Boston Red Sox","Chicago Cubs","Boston Red Sox","3","full","FULL_INNING_3WAY","draw","","points-all-3i-ml3way-draw","draftkings","","false","-195","2026-09-25T16:27:56.462Z","","","","",""
"SPORTSGAMEODDS","22gNg3ZCUVZwg6X1gd6K","2026-09-25T17:05:00.000Z","Chicago Cubs @ Boston Red Sox","Chicago Cubs","Boston Red Sox","3","full","FULL_INNING_TOTAL","over","","points-all-3i-ou-over","fanduel","0.5","false","134","2026-09-25T16:28:08.825Z","0.5","0.5","143","125","https://sportsbook.fanduel.com/addToBetslip?marketId=717.188389436&selectionId=7017905"
"SPORTSGAMEODDS","22gNg3ZCUVZwg6X1gd6K","2026-09-25T17:05:00.000Z","Chicago Cubs @ Boston Red Sox","Chicago Cubs","Boston Red Sox","3","full","FULL_INNING_TOTAL","over","","points-all-3i-ou-over","fanduel","1.5","true","360","2026-09-25T16:28:08.825Z","0.5","0.5","","","https://sportsbook.fanduel.com/addToBetslip?marketId=717.188389436&selectionId=7017905"
"SPORTSGAMEODDS","22gNg3ZCUVZwg6X1gd6K","2026-09-25T17:05:00.000Z","Chicago Cubs @ Boston Red Sox","Chicago Cubs","Boston Red Sox","3","full","FULL_INNING_TOTAL","over","","points-all-3i-ou-over","draftkings","0.5","false","125","2026-09-25T16:27:56.462Z","0.5","0.5","143","125",""
"SPORTSGAMEODDS","22gNg3ZCUVZwg6X1gd6K","2026-09-25T17:05:00.000Z","Chicago Cubs @ Boston Red Sox","Chicago Cubs","Boston Red Sox","3","full","FULL_INNING_TOTAL","over","","points-all-3i-ou-over","draftkings","1.5","true","320","2026-09-25T16:27:56.462Z","0.5","0.5","","",""
"SPORTSGAMEODDS","22gNg3ZCUVZwg6X1gd6K","2026-09-25T17:05:00.000Z","Chicago Cubs @ Boston Red Sox","Chicago Cubs","Boston Red Sox","3","full","FULL_INNING_TOTAL","under","","points-all-3i-ou-under","fanduel","0.5","false","-164","2026-09-25T16:28:08.825Z","0.5","0.5","-143","-175","https://sportsbook.fanduel.com/addToBetslip?marketId=717.188389436&selectionId=7017906"
"SPORTSGAMEODDS","22gNg3ZCUVZwg6X1gd6K","2026-09-25T17:05:00.000Z","Chicago Cubs @ Boston Red Sox","Chicago Cubs","Boston Red Sox","3","full","FULL_INNING_TOTAL","under","","points-all-3i-ou-under","fanduel","1.5","true","-500","2026-09-25T16:28:08.825Z","0.5","0.5","","","https://sportsbook.fanduel.com/addToBetslip?marketId=717.188389436&selectionId=7017906"
"SPORTSGAMEODDS","22gNg3ZCUVZwg6X1gd6K","2026-09-25T17:05:00.000Z","Chicago Cubs @ Boston Red Sox","Chicago Cubs","Boston Red Sox","3","full","FULL_INNING_TOTAL","under","","points-all-3i-ou-under","draftkings","0.5","false","-175","2026-09-25T16:27:56.462Z","0.5","0.5","-143","-175",""
"SPORTSGAMEODDS","22gNg3ZCUVZwg6X1gd6K","2026-09-25T17:05:00.000Z","Chicago Cubs @ Boston Red Sox","Chicago Cubs","Boston Red Sox","3","full","FULL_INNING_TOTAL","under","","points-all-3i-ou-under","draftkings","1.5","true","-475","2026-09-25T16:27:56.462Z","0.5","0.5","","",""
"SPORTSGAMEODDS","22gNg3ZCUVZwg6X1gd6K","2026-09-25T17:05:00.000Z","Chicago Cubs @ Boston Red Sox","Chicago Cubs","Boston Red Sox","4","full","FULL_INNING_3WAY","draw","","points-all-4i-ml3way-draw","fanduel","","false","-190","2026-09-25T16:28:08.825Z","","","","","https://sportsbook.fanduel.com/addToBetslip?marketId=717.188389431&selectionId=131604"
"SPORTSGAMEODDS","22gNg3ZCUVZwg6X1gd6K","2026-09-25T17:05:00.000Z","Chicago Cubs @ Boston Red Sox","Chicago Cubs","Boston Red Sox","4","full","FULL_INNING_3WAY","draw","","points-all-4i-ml3way-draw","draftkings","","false","-245","2026-09-25T16:27:56.462Z","","","","",""
"SPORTSGAMEODDS","22gNg3ZCUVZwg6X1gd6K","2026-09-25T17:05:00.000Z","Chicago Cubs @ Boston Red Sox","Chicago Cubs","Boston Red Sox","4","full","FULL_INNING_TOTAL","over","","points-all-4i-ou-over","fanduel","0.5","false","132","2026-09-25T16:28:08.825Z","0.5","0.5","155","132","https://sportsbook.fanduel.com/addToBetslip?marketId=717.188389466&selectionId=7017905"
"SPORTSGAMEODDS","22gNg3ZCUVZwg6X1gd6K","2026-09-25T17:05:00.000Z","Chicago Cubs @ Boston Red Sox","Chicago Cubs","Boston Red Sox","4","full","FULL_INNING_TOTAL","over","","points-all-4i-ou-over","fanduel","1.5","true","360","2026-09-25T16:28:08.825Z","0.5","0.5","","","https://sportsbook.fanduel.com/addToBetslip?marketId=717.188389466&selectionId=7017905"
"SPORTSGAMEODDS","22gNg3ZCUVZwg6X1gd6K","2026-09-25T17:05:00.000Z","Chicago Cubs @ Boston Red Sox","Chicago Cubs","Boston Red Sox","4","full","FULL_INNING_TOTAL","over","","points-all-4i-ou-over","draftkings","0.5","false","155","2026-09-25T16:27:56.462Z","0.5","0.5","155","132",""
"SPORTSGAMEODDS","22gNg3ZCUVZwg6X1gd6K","2026-09-25T17:05:00.000Z","Chicago Cubs @ Boston Red Sox","Chicago Cubs","Boston Red Sox","4","full","FULL_INNING_TOTAL","over","","points-all-4i-ou-over","draftkings","1.5","true","400","2026-09-25T16:27:56.462Z","0.5","0.5","","",""
"SPORTSGAMEODDS","22gNg3ZCUVZwg6X1gd6K","2026-09-25T17:05:00.000Z","Chicago Cubs @ Boston Red Sox","Chicago Cubs","Boston Red Sox","4","full","FULL_INNING_TOTAL","under","","points-all-4i-ou-under","fanduel","0.5","false","-162","2026-09-25T16:28:08.825Z","0.5","0.5","-155","-200","https://sportsbook.fanduel.com/addToBetslip?marketId=717.188389466&selectionId=7017906"
"SPORTSGAMEODDS","22gNg3ZCUVZwg6X1gd6K","2026-09-25T17:05:00.000Z","Chicago Cubs @ Boston Red Sox","Chicago Cubs","Boston Red Sox","4","full","FULL_INNING_TOTAL","under","","points-all-4i-ou-under","fanduel","1.5","true","-500","2026-09-25T16:28:08.825Z","0.5","0.5","","","https://sportsbook.fanduel.com/addToBetslip?marketId=717.188389466&selectionId=7017906"
"SPORTSGAMEODDS","22gNg3ZCUVZwg6X1gd6K","2026-09-25T17:05:00.000Z","Chicago Cubs @ Boston Red Sox","Chicago Cubs","Boston Red Sox","4","full","FULL_INNING_TOTAL","under","","points-all-4i-ou-under","draftkings","0.5","false","-210","2026-09-25T16:27:56.462Z","0.5","0.5","-155","-200",""
"SPORTSGAMEODDS","22gNg3ZCUVZwg6X1gd6K","2026-09-25T17:05:00.000Z","Chicago Cubs @ Boston Red Sox","Chicago Cubs","Boston Red Sox","4","full","FULL_INNING_TOTAL","under","","points-all-4i-ou-under","draftkings","1.5","true","-600","2026-09-25T16:27:56.462Z","0.5","0.5","","",""
"SPORTSGAMEODDS","22gNg3ZCUVZwg6X1gd6K","2026-09-25T17:05:00.000Z","Chicago Cubs @ Boston Red Sox","Chicago Cubs","Boston Red Sox","5","full","FULL_INNING_3WAY","draw","","points-all-5i-ml3way-draw","fanduel","","false","-190","2026-09-25T16:28:08.825Z","","","","","https://sportsbook.fanduel.com/addToBetslip?marketId=717.188389369&selectionId=131604"
"SPORTSGAMEODDS","22gNg3ZCUVZwg6X1gd6K","2026-09-25T17:05:00.000Z","Chicago Cubs @ Boston Red Sox","Chicago Cubs","Boston Red Sox","5","full","FULL_INNING_3WAY","draw","","points-all-5i-ml3way-draw","draftkings","","false","-265","2026-09-25T16:27:56.462Z","","","","",""
"SPORTSGAMEODDS","22gNg3ZCUVZwg6X1gd6K","2026-09-25T17:05:00.000Z","Chicago Cubs @ Boston Red Sox","Chicago Cubs","Boston Red Sox","5","full","FULL_INNING_TOTAL","over","","points-all-5i-ou-over","fanduel","0.5","false","136","2026-09-25T16:28:08.825Z","0.5","0.5","151","135","https://sportsbook.fanduel.com/addToBetslip?marketId=717.188389407&selectionId=7017905"
"SPORTSGAMEODDS","22gNg3ZCUVZwg6X1gd6K","2026-09-25T17:05:00.000Z","Chicago Cubs @ Boston Red Sox","Chicago Cubs","Boston Red Sox","5","full","FULL_INNING_TOTAL","over","","points-all-5i-ou-over","fanduel","1.5","true","360","2026-09-25T16:28:08.825Z","0.5","0.5","","","https://sportsbook.fanduel.com/addToBetslip?marketId=717.188389407&selectionId=7017905"
"SPORTSGAMEODDS","22gNg3ZCUVZwg6X1gd6K","2026-09-25T17:05:00.000Z","Chicago Cubs @ Boston Red Sox","Chicago Cubs","Boston Red Sox","5","full","FULL_INNING_TOTAL","over","","points-all-5i-ou-over","draftkings","0.5","false","135","2026-09-25T16:27:56.462Z","0.5","0.5","151","135",""
"SPORTSGAMEODDS","22gNg3ZCUVZwg6X1gd6K","2026-09-25T17:05:00.000Z","Chicago Cubs @ Boston Red Sox","Chicago Cubs","Boston Red Sox","5","full","FULL_INNING_TOTAL","over","","points-all-5i-ou-over","draftkings","1.5","true","380","2026-09-25T16:27:56.462Z","0.5","0.5","","",""
"SPORTSGAMEODDS","22gNg3ZCUVZwg6X1gd6K","2026-09-25T17:05:00.000Z","Chicago Cubs @ Boston Red Sox","Chicago Cubs","Boston Red Sox","5","full","FULL_INNING_TOTAL","under","","points-all-5i-ou-under","fanduel","0.5","false","-168","2026-09-25T16:28:08.825Z","0.5","0.5","-151","-180","https://sportsbook.fanduel.com/addToBetslip?marketId=717.188389407&selectionId=7017906"
"SPORTSGAMEODDS","22gNg3ZCUVZwg6X1gd6K","2026-09-25T17:05:00.000Z","Chicago Cubs @ Boston Red Sox","Chicago Cubs","Boston Red Sox","5","full","FULL_INNING_TOTAL","under","","points-all-5i-ou-under","fanduel","1.5","true","-500","2026-09-25T16:28:08.825Z","0.5","0.5","","","https://sportsbook.fanduel.com/addToBetslip?marketId=717.188389407&selectionId=7017906"
"SPORTSGAMEODDS","22gNg3ZCUVZwg6X1gd6K","2026-09-25T17:05:00.000Z","Chicago Cubs @ Boston Red Sox","Chicago Cubs","Boston Red Sox","5","full","FULL_INNING_TOTAL","under","","points-all-5i-ou-under","draftkings","0.5","false","-180","2026-09-25T16:27:56.462Z","0.5","0.5","-151","-180",""
"SPORTSGAMEODDS","22gNg3ZCUVZwg6X1gd6K","2026-09-25T17:05:00.000Z","Chicago Cubs @ Boston Red Sox","Chicago Cubs","Boston Red Sox","5","full","FULL_INNING_TOTAL","under","","points-all-5i-ou-under","draftkings","1.5","true","-550","2026-09-25T16:27:56.462Z","0.5","0.5","","",""
"SPORTSGAMEODDS","22gNg3ZCUVZwg6X1gd6K","2026-09-25T17:05:00.000Z","Chicago Cubs @ Boston Red Sox","Chicago Cubs","Boston Red Sox","6","full","FULL_INNING_3WAY","draw","","points-all-6i-ml3way-draw","fanduel","","false","-200","2026-09-25T16:28:08.825Z","","","","","https://sportsbook.fanduel.com/addToBetslip?marketId=717.188389433&selectionId=131604"
"SPORTSGAMEODDS","22gNg3ZCUVZwg6X1gd6K","2026-09-25T17:05:00.000Z","Chicago Cubs @ Boston Red Sox","Chicago Cubs","Boston Red Sox","6","full","FULL_INNING_3WAY","draw","","points-all-6i-ml3way-draw","draftkings","","false","-190","2026-09-25T16:27:56.462Z","","","","",""
"SPORTSGAMEODDS","22gNg3ZCUVZwg6X1gd6K","2026-09-25T17:05:00.000Z","Chicago Cubs @ Boston Red Sox","Chicago Cubs","Boston Red Sox","6","full","FULL_INNING_TOTAL","over","","points-all-6i-ou-over","fanduel","0.5","false","138","2026-09-25T16:28:08.825Z","0.5","0.5","139","120","https://sportsbook.fanduel.com/addToBetslip?marketId=717.188389387&selectionId=7017905"
"SPORTSGAMEODDS","22gNg3ZCUVZwg6X1gd6K","2026-09-25T17:05:00.000Z","Chicago Cubs @ Boston Red Sox","Chicago Cubs","Boston Red Sox","6","full","FULL_INNING_TOTAL","over","","points-all-6i-ou-over","fanduel","1.5","true","360","2026-09-25T16:28:08.825Z","0.5","0.5","","","https://sportsbook.fanduel.com/addToBetslip?marketId=717.188389387&selectionId=7017905"
"SPORTSGAMEODDS","22gNg3ZCUVZwg6X1gd6K","2026-09-25T17:05:00.000Z","Chicago Cubs @ Boston Red Sox","Chicago Cubs","Boston Red Sox","6","full","FULL_INNING_TOTAL","over","","points-all-6i-ou-over","draftkings","0.5","false","120","2026-09-25T16:27:56.462Z","0.5","0.5","139","120",""
"SPORTSGAMEODDS","22gNg3ZCUVZwg6X1gd6K","2026-09-25T17:05:00.000Z","Chicago Cubs @ Boston Red Sox","Chicago Cubs","Boston Red Sox","6","full","FULL_INNING_TOTAL","over","","points-all-6i-ou-over","draftkings","1.5","true","340","2026-09-25T16:27:56.462Z","0.5","0.5","","",""
"SPORTSGAMEODDS","22gNg3ZCUVZwg6X1gd6K","2026-09-25T17:05:00.000Z","Chicago Cubs @ Boston Red Sox","Chicago Cubs","Boston Red Sox","6","full","FULL_INNING_TOTAL","under","","points-all-6i-ou-under","fanduel","0.5","false","-170","2026-09-25T16:28:08.825Z","0.5","0.5","-139","-170","https://sportsbook.fanduel.com/addToBetslip?marketId=717.188389387&selectionId=7017906"
"SPORTSGAMEODDS","22gNg3ZCUVZwg6X1gd6K","2026-09-25T17:05:00.000Z","Chicago Cubs @ Boston Red Sox","Chicago Cubs","Boston Red Sox","6","full","FULL_INNING_TOTAL","under","","points-all-6i-ou-under","fanduel","1.5","true","-500","2026-09-25T16:28:08.825Z","0.5","0.5","","","https://sportsbook.fanduel.com/addToBetslip?marketId=717.188389387&selectionId=7017906"
"SPORTSGAMEODDS","22gNg3ZCUVZwg6X1gd6K","2026-09-25T17:05:00.000Z","Chicago Cubs @ Boston Red Sox","Chicago Cubs","Boston Red Sox","6","full","FULL_INNING_TOTAL","under","","points-all-6i-ou-under","draftkings","0.5","false","-165","2026-09-25T16:27:56.462Z","0.5","0.5","-139","-170",""
"SPORTSGAMEODDS","22gNg3ZCUVZwg6X1gd6K","2026-09-25T17:05:00.000Z","Chicago Cubs @ Boston Red Sox","Chicago Cubs","Boston Red Sox","6","full","FULL_INNING_TOTAL","under","","points-all-6i-ou-under","draftkings","1.5","true","-500","2026-09-25T16:27:56.462Z","0.5","0.5","","",""
"SPORTSGAMEODDS","22gNg3ZCUVZwg6X1gd6K","2026-09-25T17:05:00.000Z","Chicago Cubs @ Boston Red Sox","Chicago Cubs","Boston Red Sox","7","full","FULL_INNING_3WAY","draw","","points-all-7i-ml3way-draw","fanduel","","false","-200","2026-09-25T16:28:08.825Z","","","","","https://sportsbook.fanduel.com/addToBetslip?marketId=717.188389470&selectionId=131604"
"SPORTSGAMEODDS","22gNg3ZCUVZwg6X1gd6K","2026-09-25T17:05:00.000Z","Chicago Cubs @ Boston Red Sox","Chicago Cubs","Boston Red Sox","7","full","FULL_INNING_3WAY","draw","","points-all-7i-ml3way-draw","draftkings","","false","-205","2026-09-25T16:27:56.462Z","","","","",""
"SPORTSGAMEODDS","22gNg3ZCUVZwg6X1gd6K","2026-09-25T17:05:00.000Z","Chicago Cubs @ Boston Red Sox","Chicago Cubs","Boston Red Sox","7","full","FULL_INNING_TOTAL","over","","points-all-7i-ou-over","fanduel","0.5","false","142","2026-09-25T16:28:08.825Z","0.5","0.5","151","135","https://sportsbook.fanduel.com/addToBetslip?marketId=717.188389457&selectionId=7017905"
"SPORTSGAMEODDS","22gNg3ZCUVZwg6X1gd6K","2026-09-25T17:05:00.000Z","Chicago Cubs @ Boston Red Sox","Chicago Cubs","Boston Red Sox","7","full","FULL_INNING_TOTAL","over","","points-all-7i-ou-over","fanduel","1.5","true","370","2026-09-25T16:28:08.825Z","0.5","0.5","","","https://sportsbook.fanduel.com/addToBetslip?marketId=717.188389457&selectionId=7017905"
"SPORTSGAMEODDS","22gNg3ZCUVZwg6X1gd6K","2026-09-25T17:05:00.000Z","Chicago Cubs @ Boston Red Sox","Chicago Cubs","Boston Red Sox","7","full","FULL_INNING_TOTAL","over","","points-all-7i-ou-over","draftkings","0.5","false","135","2026-09-25T16:27:56.462Z","0.5","0.5","151","135",""
"SPORTSGAMEODDS","22gNg3ZCUVZwg6X1gd6K","2026-09-25T17:05:00.000Z","Chicago Cubs @ Boston Red Sox","Chicago Cubs","Boston Red Sox","7","full","FULL_INNING_TOTAL","over","","points-all-7i-ou-over","draftkings","1.5","true","350","2026-09-25T16:27:56.462Z","0.5","0.5","","",""
"SPORTSGAMEODDS","22gNg3ZCUVZwg6X1gd6K","2026-09-25T17:05:00.000Z","Chicago Cubs @ Boston Red Sox","Chicago Cubs","Boston Red Sox","7","full","FULL_INNING_TOTAL","under","","points-all-7i-ou-under","fanduel","0.5","false","-176","2026-09-25T16:28:08.825Z","0.5","0.5","-151","-180","https://sportsbook.fanduel.com/addToBetslip?marketId=717.188389457&selectionId=7017906"
"SPORTSGAMEODDS","22gNg3ZCUVZwg6X1gd6K","2026-09-25T17:05:00.000Z","Chicago Cubs @ Boston Red Sox","Chicago Cubs","Boston Red Sox","7","full","FULL_INNING_TOTAL","under","","points-all-7i-ou-under","fanduel","1.5","true","-520","2026-09-25T16:28:08.825Z","0.5","0.5","","","https://sportsbook.fanduel.com/addToBetslip?marketId=717.188389457&selectionId=7017906"
"SPORTSGAMEODDS","22gNg3ZCUVZwg6X1gd6K","2026-09-25T17:05:00.000Z","Chicago Cubs @ Boston Red Sox","Chicago Cubs","Boston Red Sox","7","full","FULL_INNING_TOTAL","under","","points-all-7i-ou-under","draftkings","0.5","false","-180","2026-09-25T16:27:56.462Z","0.5","0.5","-151","-180",""
"SPORTSGAMEODDS","22gNg3ZCUVZwg6X1gd6K","2026-09-25T17:05:00.000Z","Chicago Cubs @ Boston Red Sox","Chicago Cubs","Boston Red Sox","7","full","FULL_INNING_TOTAL","under","","points-all-7i-ou-under","draftkings","1.5","true","-525","2026-09-25T16:27:56.462Z","0.5","0.5","","",""
"SPORTSGAMEODDS","22gNg3ZCUVZwg6X1gd6K","2026-09-25T17:05:00.000Z","Chicago Cubs @ Boston Red Sox","Chicago Cubs","Boston Red Sox","8","full","FULL_INNING_3WAY","draw","","points-all-8i-ml3way-draw","fanduel","","false","-200","2026-09-25T16:28:08.825Z","","","","","https://sportsbook.fanduel.com/addToBetslip?marketId=717.188389427&selectionId=131604"
"SPORTSGAMEODDS","22gNg3ZCUVZwg6X1gd6K","2026-09-25T17:05:00.000Z","Chicago Cubs @ Boston Red Sox","Chicago Cubs","Boston Red Sox","8","full","FULL_INNING_3WAY","draw","","points-all-8i-ml3way-draw","draftkings","","false","-210","2026-09-25T16:27:56.462Z","","","","",""
"SPORTSGAMEODDS","22gNg3ZCUVZwg6X1gd6K","2026-09-25T17:05:00.000Z","Chicago Cubs @ Boston Red Sox","Chicago Cubs","Boston Red Sox","8","full","FULL_INNING_TOTAL","over","","points-all-8i-ou-over","fanduel","0.5","false","142","2026-09-25T16:28:08.825Z","0.5","0.5","153","135","https://sportsbook.fanduel.com/addToBetslip?marketId=717.188389382&selectionId=7017905"
"SPORTSGAMEODDS","22gNg3ZCUVZwg6X1gd6K","2026-09-25T17:05:00.000Z","Chicago Cubs @ Boston Red Sox","Chicago Cubs","Boston Red Sox","8","full","FULL_INNING_TOTAL","over","","points-all-8i-ou-over","fanduel","1.5","true","400","2026-09-25T16:28:08.825Z","0.5","0.5","","","https://sportsbook.fanduel.com/addToBetslip?marketId=717.188389382&selectionId=7017905"
"SPORTSGAMEODDS","22gNg3ZCUVZwg6X1gd6K","2026-09-25T17:05:00.000Z","Chicago Cubs @ Boston Red Sox","Chicago Cubs","Boston Red Sox","8","full","FULL_INNING_TOTAL","over","","points-all-8i-ou-over","draftkings","0.5","false","135","2026-09-25T16:27:56.462Z","0.5","0.5","153","135",""
"SPORTSGAMEODDS","22gNg3ZCUVZwg6X1gd6K","2026-09-25T17:05:00.000Z","Chicago Cubs @ Boston Red Sox","Chicago Cubs","Boston Red Sox","8","full","FULL_INNING_TOTAL","over","","points-all-8i-ou-over","draftkings","1.5","true","370","2026-09-25T16:27:56.462Z","0.5","0.5","","",""
"SPORTSGAMEODDS","22gNg3ZCUVZwg6X1gd6K","2026-09-25T17:05:00.000Z","Chicago Cubs @ Boston Red Sox","Chicago Cubs","Boston Red Sox","8","full","FULL_INNING_TOTAL","under","","points-all-8i-ou-under","fanduel","0.5","false","-176","2026-09-25T16:28:08.825Z","0.5","0.5","-153","-185","https://sportsbook.fanduel.com/addToBetslip?marketId=717.188389382&selectionId=7017906"
"SPORTSGAMEODDS","22gNg3ZCUVZwg6X1gd6K","2026-09-25T17:05:00.000Z","Chicago Cubs @ Boston Red Sox","Chicago Cubs","Boston Red Sox","8","full","FULL_INNING_TOTAL","under","","points-all-8i-ou-under","fanduel","1.5","true","-550","2026-09-25T16:28:08.825Z","0.5","0.5","","","https://sportsbook.fanduel.com/addToBetslip?marketId=717.188389382&selectionId=7017906"
"SPORTSGAMEODDS","22gNg3ZCUVZwg6X1gd6K","2026-09-25T17:05:00.000Z","Chicago Cubs @ Boston Red Sox","Chicago Cubs","Boston Red Sox","8","full","FULL_INNING_TOTAL","under","","points-all-8i-ou-under","draftkings","0.5","false","-185","2026-09-25T16:27:56.462Z","0.5","0.5","-153","-185",""
"SPORTSGAMEODDS","22gNg3ZCUVZwg6X1gd6K","2026-09-25T17:05:00.000Z","Chicago Cubs @ Boston Red Sox","Chicago Cubs","Boston Red Sox","8","full","FULL_INNING_TOTAL","under","","points-all-8i-ou-under","draftkings","1.5","true","-550","2026-09-25T16:27:56.462Z","0.5","0.5","","",""
"SPORTSGAMEODDS","22gNg3ZCUVZwg6X1gd6K","2026-09-25T17:05:00.000Z","Chicago Cubs @ Boston Red Sox","Chicago Cubs","Boston Red Sox","9","full","FULL_INNING_3WAY","draw","","points-all-9i-ml3way-draw","fanduel","","false","-300","2026-09-25T16:28:08.825Z","","","","","https://sportsbook.fanduel.com/addToBetslip?marketId=717.188389423&selectionId=131604"
"SPORTSGAMEODDS","22gNg3ZCUVZwg6X1gd6K","2026-09-25T17:05:00.000Z","Chicago Cubs @ Boston Red Sox","Chicago Cubs","Boston Red Sox","9","full","FULL_INNING_3WAY","draw","","points-all-9i-ml3way-draw","draftkings","","false","-285","2026-09-25T16:27:56.462Z","","","","",""
"SPORTSGAMEODDS","22gNg3ZCUVZwg6X1gd6K","2026-09-25T17:05:00.000Z","Chicago Cubs @ Boston Red Sox","Chicago Cubs","Boston Red Sox","9","full","FULL_INNING_TOTAL","over","","points-all-9i-ou-over","fanduel","1.5","false","520","2026-09-25T16:28:08.825Z","","1.5","","510","https://sportsbook.fanduel.com/addToBetslip?marketId=717.188389483&selectionId=7017905"
"SPORTSGAMEODDS","22gNg3ZCUVZwg6X1gd6K","2026-09-25T17:05:00.000Z","Chicago Cubs @ Boston Red Sox","Chicago Cubs","Boston Red Sox","9","full","FULL_INNING_TOTAL","over","","points-all-9i-ou-over","draftkings","1.5","false","500","2026-09-25T16:27:56.462Z","","1.5","","510",""
"SPORTSGAMEODDS","22gNg3ZCUVZwg6X1gd6K","2026-09-25T17:05:00.000Z","Chicago Cubs @ Boston Red Sox","Chicago Cubs","Boston Red Sox","9","full","FULL_INNING_TOTAL","over","","points-all-9i-ou-over","draftkings","0.5","true","185","2026-09-25T16:27:56.462Z","","1.5","","",""
"SPORTSGAMEODDS","22gNg3ZCUVZwg6X1gd6K","2026-09-25T17:05:00.000Z","Chicago Cubs @ Boston Red Sox","Chicago Cubs","Boston Red Sox","9","full","FULL_INNING_TOTAL","under","","points-all-9i-ou-under","fanduel","1.5","false","-800","2026-09-25T16:28:08.825Z","","1.5","","-774","https://sportsbook.fanduel.com/addToBetslip?marketId=717.188389483&selectionId=7017906"
"SPORTSGAMEODDS","22gNg3ZCUVZwg6X1gd6K","2026-09-25T17:05:00.000Z","Chicago Cubs @ Boston Red Sox","Chicago Cubs","Boston Red Sox","9","full","FULL_INNING_TOTAL","under","","points-all-9i-ou-under","draftkings","1.5","false","-750","2026-09-25T16:27:56.462Z","","1.5","","-774",""
"SPORTSGAMEODDS","22gNg3ZCUVZwg6X1gd6K","2026-09-25T17:05:00.000Z","Chicago Cubs @ Boston Red Sox","Chicago Cubs","Boston Red Sox","9","full","FULL_INNING_TOTAL","under","","points-all-9i-ou-under","draftkings","0.5","true","-255","2026-09-25T16:27:56.462Z","","1.5","","",""
"SPORTSGAMEODDS","22gNg3ZCUVZwg6X1gd6K","2026-09-25T17:05:00.000Z","Chicago Cubs @ Boston Red Sox","Chicago Cubs","Boston Red Sox","1","full","FULL_INNING_3WAY","away","","points-away-1i-ml3way-away","draftkings","","false","255","2026-09-25T16:27:56.462Z","","","","",""
"SPORTSGAMEODDS","22gNg3ZCUVZwg6X1gd6K","2026-09-25T17:05:00.000Z","Chicago Cubs @ Boston Red Sox","Chicago Cubs","Boston Red Sox","1","full","FULL_INNING_3WAY","away","","points-away-1i-ml3way-away","fanduel","","false","330","2026-09-25T16:28:08.825Z","","","","","https://sportsbook.fanduel.com/addToBetslip?marketId=717.188389449&selectionId=29166"
"SPORTSGAMEODDS","22gNg3ZCUVZwg6X1gd6K","2026-09-25T17:05:00.000Z","Chicago Cubs @ Boston Red Sox","Chicago Cubs","Boston Red Sox","1","full","FULL_INNING_3WAY","away","","points-away-1i-ml3way-away","betmgm","","false","325","2026-09-25T16:27:26.087Z","","","","","https://sports.nj.betmgm.com/en/sports?options=19965677-1561271725-2304270410"
"SPORTSGAMEODDS","22gNg3ZCUVZwg6X1gd6K","2026-09-25T17:05:00.000Z","Chicago Cubs @ Boston Red Sox","Chicago Cubs","Boston Red Sox","2","full","FULL_INNING_3WAY","away","","points-away-2i-ml3way-away","fanduel","","false","400","2026-09-25T16:28:08.825Z","","","","","https://sportsbook.fanduel.com/addToBetslip?marketId=717.188389476&selectionId=29166"
"SPORTSGAMEODDS","22gNg3ZCUVZwg6X1gd6K","2026-09-25T17:05:00.000Z","Chicago Cubs @ Boston Red Sox","Chicago Cubs","Boston Red Sox","2","full","FULL_INNING_3WAY","away","","points-away-2i-ml3way-away","draftkings","","false","300","2026-09-25T16:27:56.462Z","","","","",""
"SPORTSGAMEODDS","22gNg3ZCUVZwg6X1gd6K","2026-09-25T17:05:00.000Z","Chicago Cubs @ Boston Red Sox","Chicago Cubs","Boston Red Sox","3","full","FULL_INNING_3WAY","away","","points-away-3i-ml3way-away","fanduel","","false","340","2026-09-25T16:28:08.825Z","","","","","https://sportsbook.fanduel.com/addToBetslip?marketId=717.188389468&selectionId=29166"
"SPORTSGAMEODDS","22gNg3ZCUVZwg6X1gd6K","2026-09-25T17:05:00.000Z","Chicago Cubs @ Boston Red Sox","Chicago Cubs","Boston Red Sox","3","full","FULL_INNING_3WAY","away","","points-away-3i-ml3way-away","draftkings","","false","330","2026-09-25T16:27:56.462Z","","","","",""
"SPORTSGAMEODDS","22gNg3ZCUVZwg6X1gd6K","2026-09-25T17:05:00.000Z","Chicago Cubs @ Boston Red Sox","Chicago Cubs","Boston Red Sox","4","full","FULL_INNING_3WAY","away","","points-away-4i-ml3way-away","fanduel","","false","370","2026-09-25T16:28:08.825Z","","","","","https://sportsbook.fanduel.com/addToBetslip?marketId=717.188389431&selectionId=29166"
"SPORTSGAMEODDS","22gNg3ZCUVZwg6X1gd6K","2026-09-25T17:05:00.000Z","Chicago Cubs @ Boston Red Sox","Chicago Cubs","Boston Red Sox","4","full","FULL_INNING_3WAY","away","","points-away-4i-ml3way-away","draftkings","","false","450","2026-09-25T16:27:56.462Z","","","","",""
"SPORTSGAMEODDS","22gNg3ZCUVZwg6X1gd6K","2026-09-25T17:05:00.000Z","Chicago Cubs @ Boston Red Sox","Chicago Cubs","Boston Red Sox","5","full","FULL_INNING_3WAY","away","","points-away-5i-ml3way-away","fanduel","","false","360","2026-09-25T16:28:08.825Z","","","","","https://sportsbook.fanduel.com/addToBetslip?marketId=717.188389369&selectionId=29166"
"SPORTSGAMEODDS","22gNg3ZCUVZwg6X1gd6K","2026-09-25T17:05:00.000Z","Chicago Cubs @ Boston Red Sox","Chicago Cubs","Boston Red Sox","5","full","FULL_INNING_3WAY","away","","points-away-5i-ml3way-away","draftkings","","false","550","2026-09-25T16:27:56.462Z","","","","",""
"SPORTSGAMEODDS","22gNg3ZCUVZwg6X1gd6K","2026-09-25T17:05:00.000Z","Chicago Cubs @ Boston Red Sox","Chicago Cubs","Boston Red Sox","6","full","FULL_INNING_3WAY","away","","points-away-6i-ml3way-away","fanduel","","false","380","2026-09-25T16:28:08.825Z","","","","","https://sportsbook.fanduel.com/addToBetslip?marketId=717.188389433&selectionId=29166"
"SPORTSGAMEODDS","22gNg3ZCUVZwg6X1gd6K","2026-09-25T17:05:00.000Z","Chicago Cubs @ Boston Red Sox","Chicago Cubs","Boston Red Sox","6","full","FULL_INNING_3WAY","away","","points-away-6i-ml3way-away","draftkings","","false","330","2026-09-25T16:27:56.462Z","","","","",""
"SPORTSGAMEODDS","22gNg3ZCUVZwg6X1gd6K","2026-09-25T17:05:00.000Z","Chicago Cubs @ Boston Red Sox","Chicago Cubs","Boston Red Sox","7","full","FULL_INNING_3WAY","away","","points-away-7i-ml3way-away","fanduel","","false","370","2026-09-25T16:28:08.825Z","","","","","https://sportsbook.fanduel.com/addToBetslip?marketId=717.188389470&selectionId=29166"
"SPORTSGAMEODDS","22gNg3ZCUVZwg6X1gd6K","2026-09-25T17:05:00.000Z","Chicago Cubs @ Boston Red Sox","Chicago Cubs","Boston Red Sox","7","full","FULL_INNING_3WAY","away","","points-away-7i-ml3way-away","draftkings","","false","350","2026-09-25T16:27:56.462Z","","","","",""
"SPORTSGAMEODDS","22gNg3ZCUVZwg6X1gd6K","2026-09-25T17:05:00.000Z","Chicago Cubs @ Boston Red Sox","Chicago Cubs","Boston Red Sox","8","full","FULL_INNING_3WAY","away","","points-away-8i-ml3way-away","fanduel","","false","380","2026-09-25T16:28:08.825Z","","","","","https://sportsbook.fanduel.com/addToBetslip?marketId=717.188389427&selectionId=29166"
"SPORTSGAMEODDS","22gNg3ZCUVZwg6X1gd6K","2026-09-25T17:05:00.000Z","Chicago Cubs @ Boston Red Sox","Chicago Cubs","Boston Red Sox","8","full","FULL_INNING_3WAY","away","","points-away-8i-ml3way-away","draftkings","","false","370","2026-09-25T16:27:56.462Z","","","","",""
"SPORTSGAMEODDS","22gNg3ZCUVZwg6X1gd6K","2026-09-25T17:05:00.000Z","Chicago Cubs @ Boston Red Sox","Chicago Cubs","Boston Red Sox","9","full","FULL_INNING_3WAY","away","","points-away-9i-ml3way-away","fanduel","","false","370","2026-09-25T16:28:08.825Z","","","","","https://sportsbook.fanduel.com/addToBetslip?marketId=717.188389423&selectionId=29166"
"SPORTSGAMEODDS","22gNg3ZCUVZwg6X1gd6K","2026-09-25T17:05:00.000Z","Chicago Cubs @ Boston Red Sox","Chicago Cubs","Boston Red Sox","9","full","FULL_INNING_3WAY","away","","points-away-9i-ml3way-away","draftkings","","false","370","2026-09-25T16:27:56.462Z","","","","",""
"SPORTSGAMEODDS","22gNg3ZCUVZwg6X1gd6K","2026-09-25T17:05:00.000Z","Chicago Cubs @ Boston Red Sox","Chicago Cubs","Boston Red Sox","1","full","FULL_INNING_3WAY","home","","points-home-1i-ml3way-home","draftkings","","false","390","2026-09-25T16:27:56.462Z","","","","",""
"SPORTSGAMEODDS","22gNg3ZCUVZwg6X1gd6K","2026-09-25T17:05:00.000Z","Chicago Cubs @ Boston Red Sox","Chicago Cubs","Boston Red Sox","1","full","FULL_INNING_3WAY","home","","points-home-1i-ml3way-home","fanduel","","false","420","2026-09-25T16:28:08.825Z","","","","","https://sportsbook.fanduel.com/addToBetslip?marketId=717.188389449&selectionId=29158"
"SPORTSGAMEODDS","22gNg3ZCUVZwg6X1gd6K","2026-09-25T17:05:00.000Z","Chicago Cubs @ Boston Red Sox","Chicago Cubs","Boston Red Sox","1","full","FULL_INNING_3WAY","home","","points-home-1i-ml3way-home","betmgm","","false","400","2026-09-25T16:27:26.087Z","","","","","https://sports.nj.betmgm.com/en/sports?options=19965677-1561271725-2304270416"
"SPORTSGAMEODDS","22gNg3ZCUVZwg6X1gd6K","2026-09-25T17:05:00.000Z","Chicago Cubs @ Boston Red Sox","Chicago Cubs","Boston Red Sox","2","full","FULL_INNING_3WAY","home","","points-home-2i-ml3way-home","fanduel","","false","420","2026-09-25T16:28:08.825Z","","","","","https://sportsbook.fanduel.com/addToBetslip?marketId=717.188389476&selectionId=29158"
"SPORTSGAMEODDS","22gNg3ZCUVZwg6X1gd6K","2026-09-25T17:05:00.000Z","Chicago Cubs @ Boston Red Sox","Chicago Cubs","Boston Red Sox","2","full","FULL_INNING_3WAY","home","","points-home-2i-ml3way-home","draftkings","","false","425","2026-09-25T16:27:56.462Z","","","","",""
"SPORTSGAMEODDS","22gNg3ZCUVZwg6X1gd6K","2026-09-25T17:05:00.000Z","Chicago Cubs @ Boston Red Sox","Chicago Cubs","Boston Red Sox","3","full","FULL_INNING_3WAY","home","","points-home-3i-ml3way-home","fanduel","","false","420","2026-09-25T16:28:08.825Z","","","","","https://sportsbook.fanduel.com/addToBetslip?marketId=717.188389468&selectionId=29158"
"SPORTSGAMEODDS","22gNg3ZCUVZwg6X1gd6K","2026-09-25T17:05:00.000Z","Chicago Cubs @ Boston Red Sox","Chicago Cubs","Boston Red Sox","3","full","FULL_INNING_3WAY","home","","points-home-3i-ml3way-home","draftkings","","false","400","2026-09-25T16:27:56.462Z","","","","",""
"SPORTSGAMEODDS","22gNg3ZCUVZwg6X1gd6K","2026-09-25T17:05:00.000Z","Chicago Cubs @ Boston Red Sox","Chicago Cubs","Boston Red Sox","4","full","FULL_INNING_3WAY","home","","points-home-4i-ml3way-home","fanduel","","false","370","2026-09-25T16:28:08.825Z","","","","","https://sportsbook.fanduel.com/addToBetslip?marketId=717.188389431&selectionId=29158"
"SPORTSGAMEODDS","22gNg3ZCUVZwg6X1gd6K","2026-09-25T17:05:00.000Z","Chicago Cubs @ Boston Red Sox","Chicago Cubs","Boston Red Sox","4","full","FULL_INNING_3WAY","home","","points-home-4i-ml3way-home","draftkings","","false","390","2026-09-25T16:27:56.462Z","","","","",""
"SPORTSGAMEODDS","22gNg3ZCUVZwg6X1gd6K","2026-09-25T17:05:00.000Z","Chicago Cubs @ Boston Red Sox","Chicago Cubs","Boston Red Sox","5","full","FULL_INNING_3WAY","home","","points-home-5i-ml3way-home","fanduel","","false","410","2026-09-25T16:28:08.825Z","","","","","https://sportsbook.fanduel.com/addToBetslip?marketId=717.188389369&selectionId=29158"
"SPORTSGAMEODDS","22gNg3ZCUVZwg6X1gd6K","2026-09-25T17:05:00.000Z","Chicago Cubs @ Boston Red Sox","Chicago Cubs","Boston Red Sox","5","full","FULL_INNING_3WAY","home","","points-home-5i-ml3way-home","draftkings","","false","370","2026-09-25T16:27:56.462Z","","","","",""
"SPORTSGAMEODDS","22gNg3ZCUVZwg6X1gd6K","2026-09-25T17:05:00.000Z","Chicago Cubs @ Boston Red Sox","Chicago Cubs","Boston Red Sox","6","full","FULL_INNING_3WAY","home","","points-home-6i-ml3way-home","fanduel","","false","400","2026-09-25T16:28:08.825Z","","","","","https://sportsbook.fanduel.com/addToBetslip?marketId=717.188389433&selectionId=29158"
"SPORTSGAMEODDS","22gNg3ZCUVZwg6X1gd6K","2026-09-25T17:05:00.000Z","Chicago Cubs @ Boston Red Sox","Chicago Cubs","Boston Red Sox","6","full","FULL_INNING_3WAY","home","","points-home-6i-ml3way-home","draftkings","","false","390","2026-09-25T16:27:56.462Z","","","","",""
"SPORTSGAMEODDS","22gNg3ZCUVZwg6X1gd6K","2026-09-25T17:05:00.000Z","Chicago Cubs @ Boston Red Sox","Chicago Cubs","Boston Red Sox","7","full","FULL_INNING_3WAY","home","","points-home-7i-ml3way-home","fanduel","","false","430","2026-09-25T16:28:08.825Z","","","","","https://sportsbook.fanduel.com/addToBetslip?marketId=717.188389470&selectionId=29158"
"SPORTSGAMEODDS","22gNg3ZCUVZwg6X1gd6K","2026-09-25T17:05:00.000Z","Chicago Cubs @ Boston Red Sox","Chicago Cubs","Boston Red Sox","7","full","FULL_INNING_3WAY","home","","points-home-7i-ml3way-home","draftkings","","false","400","2026-09-25T16:27:56.462Z","","","","",""
"SPORTSGAMEODDS","22gNg3ZCUVZwg6X1gd6K","2026-09-25T17:05:00.000Z","Chicago Cubs @ Boston Red Sox","Chicago Cubs","Boston Red Sox","8","full","FULL_INNING_3WAY","home","","points-home-8i-ml3way-home","fanduel","","false","430","2026-09-25T16:28:08.825Z","","","","","https://sportsbook.fanduel.com/addToBetslip?marketId=717.188389427&selectionId=29158"
"SPORTSGAMEODDS","22gNg3ZCUVZwg6X1gd6K","2026-09-25T17:05:00.000Z","Chicago Cubs @ Boston Red Sox","Chicago Cubs","Boston Red Sox","8","full","FULL_INNING_3WAY","home","","points-home-8i-ml3way-home","draftkings","","false","400","2026-09-25T16:27:56.462Z","","","","",""
"SPORTSGAMEODDS","22gNg3ZCUVZwg6X1gd6K","2026-09-25T17:05:00.000Z","Chicago Cubs @ Boston Red Sox","Chicago Cubs","Boston Red Sox","9","full","FULL_INNING_3WAY","home","","points-home-9i-ml3way-home","fanduel","","false","700","2026-09-25T16:28:08.825Z","","","","","https://sportsbook.fanduel.com/addToBetslip?marketId=717.188389423&selectionId=29158"
"SPORTSGAMEODDS","22gNg3ZCUVZwg6X1gd6K","2026-09-25T17:05:00.000Z","Chicago Cubs @ Boston Red Sox","Chicago Cubs","Boston Red Sox","9","full","FULL_INNING_3WAY","home","","points-home-9i-ml3way-home","draftkings","","false","650","2026-09-25T16:27:56.462Z","","","","",""
"SPORTSGAMEODDS","ac4yJYr9gaAUMbFM39bF","2026-09-25T20:05:00.000Z","Baltimore Orioles @ New York Yankees","Baltimore Orioles","New York Yankees","1","full","FULL_INNING_3WAY","draw","","points-all-1i-ml3way-draw","draftkings","","false","-165","2026-09-25T16:27:56.462Z","","","","",""
"SPORTSGAMEODDS","ac4yJYr9gaAUMbFM39bF","2026-09-25T20:05:00.000Z","Baltimore Orioles @ New York Yankees","Baltimore Orioles","New York Yankees","1","full","FULL_INNING_3WAY","draw","","points-all-1i-ml3way-draw","fanduel","","false","-170","2026-09-25T16:28:08.825Z","","","","","https://sportsbook.fanduel.com/addToBetslip?marketId=717.188391036&selectionId=131604"
"SPORTSGAMEODDS","ac4yJYr9gaAUMbFM39bF","2026-09-25T20:05:00.000Z","Baltimore Orioles @ New York Yankees","Baltimore Orioles","New York Yankees","1","full","FULL_INNING_TOTAL","over","","points-all-1i-ou-over","draftkings","0.5","false","110","2026-09-25T16:27:56.462Z","","0.5","","118",""
"SPORTSGAMEODDS","ac4yJYr9gaAUMbFM39bF","2026-09-25T20:05:00.000Z","Baltimore Orioles @ New York Yankees","Baltimore Orioles","New York Yankees","1","full","FULL_INNING_TOTAL","over","","points-all-1i-ou-over","draftkings","1.5","true","285","2026-09-25T16:27:56.462Z","","0.5","","",""
"SPORTSGAMEODDS","ac4yJYr9gaAUMbFM39bF","2026-09-25T20:05:00.000Z","Baltimore Orioles @ New York Yankees","Baltimore Orioles","New York Yankees","1","full","FULL_INNING_TOTAL","over","","points-all-1i-ou-over","fanduel","0.5","false","118","2026-09-25T16:28:08.825Z","","0.5","","118","https://sportsbook.fanduel.com/addToBetslip?marketId=717.188391026&selectionId=7017905"
"SPORTSGAMEODDS","ac4yJYr9gaAUMbFM39bF","2026-09-25T20:05:00.000Z","Baltimore Orioles @ New York Yankees","Baltimore Orioles","New York Yankees","1","full","FULL_INNING_TOTAL","over","","points-all-1i-ou-over","fanduel","1.5","true","320","2026-09-25T16:28:08.825Z","","0.5","","","https://sportsbook.fanduel.com/addToBetslip?marketId=717.188391026&selectionId=7017905"
"SPORTSGAMEODDS","ac4yJYr9gaAUMbFM39bF","2026-09-25T20:05:00.000Z","Baltimore Orioles @ New York Yankees","Baltimore Orioles","New York Yankees","1","full","FULL_INNING_TOTAL","under","","points-all-1i-ou-under","draftkings","0.5","false","-140","2026-09-25T16:27:56.462Z","","0.5","","-150",""
"SPORTSGAMEODDS","ac4yJYr9gaAUMbFM39bF","2026-09-25T20:05:00.000Z","Baltimore Orioles @ New York Yankees","Baltimore Orioles","New York Yankees","1","full","FULL_INNING_TOTAL","under","","points-all-1i-ou-under","draftkings","1.5","true","-390","2026-09-25T16:27:56.462Z","","0.5","","",""
"SPORTSGAMEODDS","ac4yJYr9gaAUMbFM39bF","2026-09-25T20:05:00.000Z","Baltimore Orioles @ New York Yankees","Baltimore Orioles","New York Yankees","1","full","FULL_INNING_TOTAL","under","","points-all-1i-ou-under","fanduel","0.5","false","-150","2026-09-25T16:28:08.825Z","","0.5","","-150","https://sportsbook.fanduel.com/addToBetslip?marketId=717.188391026&selectionId=7017906"
"SPORTSGAMEODDS","ac4yJYr9gaAUMbFM39bF","2026-09-25T20:05:00.000Z","Baltimore Orioles @ New York Yankees","Baltimore Orioles","New York Yankees","1","full","FULL_INNING_TOTAL","under","","points-all-1i-ou-under","fanduel","1.5","true","-430","2026-09-25T16:28:08.825Z","","0.5","","","https://sportsbook.fanduel.com/addToBetslip?marketId=717.188391026&selectionId=7017906"
"SPORTSGAMEODDS","ac4yJYr9gaAUMbFM39bF","2026-09-25T20:05:00.000Z","Baltimore Orioles @ New York Yankees","Baltimore Orioles","New York Yankees","2","full","FULL_INNING_3WAY","draw","","points-all-2i-ml3way-draw","draftkings","","false","-210","2026-09-25T16:27:56.462Z","","","","",""
"SPORTSGAMEODDS","ac4yJYr9gaAUMbFM39bF","2026-09-25T20:05:00.000Z","Baltimore Orioles @ New York Yankees","Baltimore Orioles","New York Yankees","2","full","FULL_INNING_3WAY","draw","","points-all-2i-ml3way-draw","fanduel","","false","-210","2026-09-25T16:28:08.825Z","","","","","https://sportsbook.fanduel.com/addToBetslip?marketId=717.188391069&selectionId=131604"
"SPORTSGAMEODDS","ac4yJYr9gaAUMbFM39bF","2026-09-25T20:05:00.000Z","Baltimore Orioles @ New York Yankees","Baltimore Orioles","New York Yankees","2","full","FULL_INNING_TOTAL","over","","points-all-2i-ou-over","draftkings","0.5","false","135","2026-09-25T16:27:56.462Z","","0.5","","141",""
"SPORTSGAMEODDS","ac4yJYr9gaAUMbFM39bF","2026-09-25T20:05:00.000Z","Baltimore Orioles @ New York Yankees","Baltimore Orioles","New York Yankees","2","full","FULL_INNING_TOTAL","over","","points-all-2i-ou-over","draftkings","1.5","true","370","2026-09-25T16:27:56.462Z","","0.5","","",""
"SPORTSGAMEODDS","ac4yJYr9gaAUMbFM39bF","2026-09-25T20:05:00.000Z","Baltimore Orioles @ New York Yankees","Baltimore Orioles","New York Yankees","2","full","FULL_INNING_TOTAL","over","","points-all-2i-ou-over","fanduel","0.5","false","148","2026-09-25T16:28:08.825Z","","0.5","","141","https://sportsbook.fanduel.com/addToBetslip?marketId=717.188390995&selectionId=7017905"
"SPORTSGAMEODDS","ac4yJYr9gaAUMbFM39bF","2026-09-25T20:05:00.000Z","Baltimore Orioles @ New York Yankees","Baltimore Orioles","New York Yankees","2","full","FULL_INNING_TOTAL","over","","points-all-2i-ou-over","fanduel","1.5","true","410","2026-09-25T16:28:08.825Z","","0.5","","","https://sportsbook.fanduel.com/addToBetslip?marketId=717.188390995&selectionId=7017905"
"SPORTSGAMEODDS","ac4yJYr9gaAUMbFM39bF","2026-09-25T20:05:00.000Z","Baltimore Orioles @ New York Yankees","Baltimore Orioles","New York Yankees","2","full","FULL_INNING_TOTAL","under","","points-all-2i-ou-under","draftkings","0.5","false","-185","2026-09-25T16:27:56.462Z","","0.5","","-184",""
"SPORTSGAMEODDS","ac4yJYr9gaAUMbFM39bF","2026-09-25T20:05:00.000Z","Baltimore Orioles @ New York Yankees","Baltimore Orioles","New York Yankees","2","full","FULL_INNING_TOTAL","under","","points-all-2i-ou-under","draftkings","1.5","true","-550","2026-09-25T16:27:56.462Z","","0.5","","",""
"SPORTSGAMEODDS","ac4yJYr9gaAUMbFM39bF","2026-09-25T20:05:00.000Z","Baltimore Orioles @ New York Yankees","Baltimore Orioles","New York Yankees","2","full","FULL_INNING_TOTAL","under","","points-all-2i-ou-under","fanduel","0.5","false","-184","2026-09-25T16:28:08.825Z","","0.5","","-184","https://sportsbook.fanduel.com/addToBetslip?marketId=717.188390995&selectionId=7017906"
"SPORTSGAMEODDS","ac4yJYr9gaAUMbFM39bF","2026-09-25T20:05:00.000Z","Baltimore Orioles @ New York Yankees","Baltimore Orioles","New York Yankees","2","full","FULL_INNING_TOTAL","under","","points-all-2i-ou-under","fanduel","1.5","true","-590","2026-09-25T16:28:08.825Z","","0.5","","","https://sportsbook.fanduel.com/addToBetslip?marketId=717.188390995&selectionId=7017906"
"SPORTSGAMEODDS","ac4yJYr9gaAUMbFM39bF","2026-09-25T20:05:00.000Z","Baltimore Orioles @ New York Yankees","Baltimore Orioles","New York Yankees","3","full","FULL_INNING_3WAY","draw","","points-all-3i-ml3way-draw","draftkings","","false","-185","2026-09-25T16:27:56.462Z","","","","",""
"SPORTSGAMEODDS","ac4yJYr9gaAUMbFM39bF","2026-09-25T20:05:00.000Z","Baltimore Orioles @ New York Yankees","Baltimore Orioles","New York Yankees","3","full","FULL_INNING_3WAY","draw","","points-all-3i-ml3way-draw","fanduel","","false","-175","2026-09-25T16:28:08.825Z","","","","","https://sportsbook.fanduel.com/addToBetslip?marketId=717.188390967&selectionId=131604"
"SPORTSGAMEODDS","ac4yJYr9gaAUMbFM39bF","2026-09-25T20:05:00.000Z","Baltimore Orioles @ New York Yankees","Baltimore Orioles","New York Yankees","3","full","FULL_INNING_TOTAL","over","","points-all-3i-ou-over","draftkings","0.5","false","120","2026-09-25T16:27:56.462Z","0.5","0.5","134","121",""
"SPORTSGAMEODDS","ac4yJYr9gaAUMbFM39bF","2026-09-25T20:05:00.000Z","Baltimore Orioles @ New York Yankees","Baltimore Orioles","New York Yankees","3","full","FULL_INNING_TOTAL","over","","points-all-3i-ou-over","draftkings","1.5","true","310","2026-09-25T16:27:56.462Z","0.5","0.5","","",""
"SPORTSGAMEODDS","ac4yJYr9gaAUMbFM39bF","2026-09-25T20:05:00.000Z","Baltimore Orioles @ New York Yankees","Baltimore Orioles","New York Yankees","3","full","FULL_INNING_TOTAL","over","","points-all-3i-ou-over","fanduel","0.5","false","122","2026-09-25T16:28:08.825Z","0.5","0.5","134","121","https://sportsbook.fanduel.com/addToBetslip?marketId=717.188390988&selectionId=7017905"
"SPORTSGAMEODDS","ac4yJYr9gaAUMbFM39bF","2026-09-25T20:05:00.000Z","Baltimore Orioles @ New York Yankees","Baltimore Orioles","New York Yankees","3","full","FULL_INNING_TOTAL","over","","points-all-3i-ou-over","fanduel","1.5","true","320","2026-09-25T16:28:08.825Z","0.5","0.5","","","https://sportsbook.fanduel.com/addToBetslip?marketId=717.188390988&selectionId=7017905"
"SPORTSGAMEODDS","ac4yJYr9gaAUMbFM39bF","2026-09-25T20:05:00.000Z","Baltimore Orioles @ New York Yankees","Baltimore Orioles","New York Yankees","3","full","FULL_INNING_TOTAL","under","","points-all-3i-ou-under","draftkings","0.5","false","-160","2026-09-25T16:27:56.462Z","0.5","0.5","-134","-155",""
"SPORTSGAMEODDS","ac4yJYr9gaAUMbFM39bF","2026-09-25T20:05:00.000Z","Baltimore Orioles @ New York Yankees","Baltimore Orioles","New York Yankees","3","full","FULL_INNING_TOTAL","under","","points-all-3i-ou-under","draftkings","1.5","true","-450","2026-09-25T16:27:56.462Z","0.5","0.5","","",""
"SPORTSGAMEODDS","ac4yJYr9gaAUMbFM39bF","2026-09-25T20:05:00.000Z","Baltimore Orioles @ New York Yankees","Baltimore Orioles","New York Yankees","3","full","FULL_INNING_TOTAL","under","","points-all-3i-ou-under","fanduel","0.5","false","-150","2026-09-25T16:28:08.825Z","0.5","0.5","-134","-155","https://sportsbook.fanduel.com/addToBetslip?marketId=717.188390988&selectionId=7017906"
"SPORTSGAMEODDS","ac4yJYr9gaAUMbFM39bF","2026-09-25T20:05:00.000Z","Baltimore Orioles @ New York Yankees","Baltimore Orioles","New York Yankees","3","full","FULL_INNING_TOTAL","under","","points-all-3i-ou-under","fanduel","1.5","true","-430","2026-09-25T16:28:08.825Z","0.5","0.5","","","https://sportsbook.fanduel.com/addToBetslip?marketId=717.188390988&selectionId=7017906"
"SPORTSGAMEODDS","ac4yJYr9gaAUMbFM39bF","2026-09-25T20:05:00.000Z","Baltimore Orioles @ New York Yankees","Baltimore Orioles","New York Yankees","4","full","FULL_INNING_3WAY","draw","","points-all-4i-ml3way-draw","draftkings","","false","-190","2026-09-25T16:27:56.462Z","","","","",""
"SPORTSGAMEODDS","ac4yJYr9gaAUMbFM39bF","2026-09-25T20:05:00.000Z","Baltimore Orioles @ New York Yankees","Baltimore Orioles","New York Yankees","4","full","FULL_INNING_3WAY","draw","","points-all-4i-ml3way-draw","fanduel","","false","-190","2026-09-25T16:28:08.825Z","","","","","https://sportsbook.fanduel.com/addToBetslip?marketId=717.188391060&selectionId=131604"
"SPORTSGAMEODDS","ac4yJYr9gaAUMbFM39bF","2026-09-25T20:05:00.000Z","Baltimore Orioles @ New York Yankees","Baltimore Orioles","New York Yankees","4","full","FULL_INNING_TOTAL","over","","points-all-4i-ou-over","draftkings","0.5","false","120","2026-09-25T16:27:56.462Z","0.5","0.5","138","124",""
"SPORTSGAMEODDS","ac4yJYr9gaAUMbFM39bF","2026-09-25T20:05:00.000Z","Baltimore Orioles @ New York Yankees","Baltimore Orioles","New York Yankees","4","full","FULL_INNING_TOTAL","over","","points-all-4i-ou-over","draftkings","1.5","true","330","2026-09-25T16:27:56.462Z","0.5","0.5","","",""
"SPORTSGAMEODDS","ac4yJYr9gaAUMbFM39bF","2026-09-25T20:05:00.000Z","Baltimore Orioles @ New York Yankees","Baltimore Orioles","New York Yankees","4","full","FULL_INNING_TOTAL","over","","points-all-4i-ou-over","fanduel","0.5","false","128","2026-09-25T16:28:08.825Z","0.5","0.5","138","124","https://sportsbook.fanduel.com/addToBetslip?marketId=717.188390970&selectionId=7017905"
"SPORTSGAMEODDS","ac4yJYr9gaAUMbFM39bF","2026-09-25T20:05:00.000Z","Baltimore Orioles @ New York Yankees","Baltimore Orioles","New York Yankees","4","full","FULL_INNING_TOTAL","over","","points-all-4i-ou-over","fanduel","1.5","true","350","2026-09-25T16:28:08.825Z","0.5","0.5","","","https://sportsbook.fanduel.com/addToBetslip?marketId=717.188390970&selectionId=7017905"
"SPORTSGAMEODDS","ac4yJYr9gaAUMbFM39bF","2026-09-25T20:05:00.000Z","Baltimore Orioles @ New York Yankees","Baltimore Orioles","New York Yankees","4","full","FULL_INNING_TOTAL","under","","points-all-4i-ou-under","draftkings","0.5","false","-165","2026-09-25T16:27:56.462Z","0.5","0.5","-138","-161",""
"SPORTSGAMEODDS","ac4yJYr9gaAUMbFM39bF","2026-09-25T20:05:00.000Z","Baltimore Orioles @ New York Yankees","Baltimore Orioles","New York Yankees","4","full","FULL_INNING_TOTAL","under","","points-all-4i-ou-under","draftkings","1.5","true","-475","2026-09-25T16:27:56.462Z","0.5","0.5","","",""
"SPORTSGAMEODDS","ac4yJYr9gaAUMbFM39bF","2026-09-25T20:05:00.000Z","Baltimore Orioles @ New York Yankees","Baltimore Orioles","New York Yankees","4","full","FULL_INNING_TOTAL","under","","points-all-4i-ou-under","fanduel","0.5","false","-158","2026-09-25T16:28:08.825Z","0.5","0.5","-138","-161","https://sportsbook.fanduel.com/addToBetslip?marketId=717.188390970&selectionId=7017906"
"SPORTSGAMEODDS","ac4yJYr9gaAUMbFM39bF","2026-09-25T20:05:00.000Z","Baltimore Orioles @ New York Yankees","Baltimore Orioles","New York Yankees","4","full","FULL_INNING_TOTAL","under","","points-all-4i-ou-under","fanduel","1.5","true","-480","2026-09-25T16:28:08.825Z","0.5","0.5","","","https://sportsbook.fanduel.com/addToBetslip?marketId=717.188390970&selectionId=7017906"
"SPORTSGAMEODDS","ac4yJYr9gaAUMbFM39bF","2026-09-25T20:05:00.000Z","Baltimore Orioles @ New York Yankees","Baltimore Orioles","New York Yankees","5","full","FULL_INNING_3WAY","draw","","points-all-5i-ml3way-draw","draftkings","","false","-195","2026-09-25T16:27:56.462Z","","","","",""
"SPORTSGAMEODDS","ac4yJYr9gaAUMbFM39bF","2026-09-25T20:05:00.000Z","Baltimore Orioles @ New York Yankees","Baltimore Orioles","New York Yankees","5","full","FULL_INNING_3WAY","draw","","points-all-5i-ml3way-draw","fanduel","","false","-185","2026-09-25T16:28:08.825Z","","","","","https://sportsbook.fanduel.com/addToBetslip?marketId=717.188391045&selectionId=131604"
"SPORTSGAMEODDS","ac4yJYr9gaAUMbFM39bF","2026-09-25T20:05:00.000Z","Baltimore Orioles @ New York Yankees","Baltimore Orioles","New York Yankees","5","full","FULL_INNING_TOTAL","over","","points-all-5i-ou-over","draftkings","0.5","false","130","2026-09-25T16:27:56.462Z","0.5","0.5","146","132",""
"SPORTSGAMEODDS","ac4yJYr9gaAUMbFM39bF","2026-09-25T20:05:00.000Z","Baltimore Orioles @ New York Yankees","Baltimore Orioles","New York Yankees","5","full","FULL_INNING_TOTAL","over","","points-all-5i-ou-over","draftkings","1.5","true","330","2026-09-25T16:27:56.462Z","0.5","0.5","","",""
"SPORTSGAMEODDS","ac4yJYr9gaAUMbFM39bF","2026-09-25T20:05:00.000Z","Baltimore Orioles @ New York Yankees","Baltimore Orioles","New York Yankees","5","full","FULL_INNING_TOTAL","over","","points-all-5i-ou-over","fanduel","0.5","false","134","2026-09-25T16:28:08.825Z","0.5","0.5","146","132","https://sportsbook.fanduel.com/addToBetslip?marketId=717.188391042&selectionId=7017905"
"SPORTSGAMEODDS","ac4yJYr9gaAUMbFM39bF","2026-09-25T20:05:00.000Z","Baltimore Orioles @ New York Yankees","Baltimore Orioles","New York Yankees","5","full","FULL_INNING_TOTAL","over","","points-all-5i-ou-over","fanduel","1.5","true","350","2026-09-25T16:28:08.825Z","0.5","0.5","","","https://sportsbook.fanduel.com/addToBetslip?marketId=717.188391042&selectionId=7017905"
"SPORTSGAMEODDS","ac4yJYr9gaAUMbFM39bF","2026-09-25T20:05:00.000Z","Baltimore Orioles @ New York Yankees","Baltimore Orioles","New York Yankees","5","full","FULL_INNING_TOTAL","under","","points-all-5i-ou-under","draftkings","0.5","false","-175","2026-09-25T16:27:56.462Z","0.5","0.5","-146","-169",""
"SPORTSGAMEODDS","ac4yJYr9gaAUMbFM39bF","2026-09-25T20:05:00.000Z","Baltimore Orioles @ New York Yankees","Baltimore Orioles","New York Yankees","5","full","FULL_INNING_TOTAL","under","","points-all-5i-ou-under","draftkings","1.5","true","-475","2026-09-25T16:27:56.462Z","0.5","0.5","","",""
"SPORTSGAMEODDS","ac4yJYr9gaAUMbFM39bF","2026-09-25T20:05:00.000Z","Baltimore Orioles @ New York Yankees","Baltimore Orioles","New York Yankees","5","full","FULL_INNING_TOTAL","under","","points-all-5i-ou-under","fanduel","0.5","false","-164","2026-09-25T16:28:08.825Z","0.5","0.5","-146","-169","https://sportsbook.fanduel.com/addToBetslip?marketId=717.188391042&selectionId=7017906"
"SPORTSGAMEODDS","ac4yJYr9gaAUMbFM39bF","2026-09-25T20:05:00.000Z","Baltimore Orioles @ New York Yankees","Baltimore Orioles","New York Yankees","5","full","FULL_INNING_TOTAL","under","","points-all-5i-ou-under","fanduel","1.5","true","-480","2026-09-25T16:28:08.825Z","0.5","0.5","","","https://sportsbook.fanduel.com/addToBetslip?marketId=717.188391042&selectionId=7017906"
"SPORTSGAMEODDS","ac4yJYr9gaAUMbFM39bF","2026-09-25T20:05:00.000Z","Baltimore Orioles @ New York Yankees","Baltimore Orioles","New York Yankees","6","full","FULL_INNING_3WAY","draw","","points-all-6i-ml3way-draw","draftkings","","false","-190","2026-09-25T16:27:56.462Z","","","","",""
"SPORTSGAMEODDS","ac4yJYr9gaAUMbFM39bF","2026-09-25T20:05:00.000Z","Baltimore Orioles @ New York Yankees","Baltimore Orioles","New York Yankees","6","full","FULL_INNING_3WAY","draw","","points-all-6i-ml3way-draw","fanduel","","false","-190","2026-09-25T16:28:08.825Z","","","","","https://sportsbook.fanduel.com/addToBetslip?marketId=717.188390963&selectionId=131604"
"SPORTSGAMEODDS","ac4yJYr9gaAUMbFM39bF","2026-09-25T20:05:00.000Z","Baltimore Orioles @ New York Yankees","Baltimore Orioles","New York Yankees","6","full","FULL_INNING_TOTAL","over","","points-all-6i-ou-over","draftkings","0.5","false","125","2026-09-25T16:27:56.462Z","0.5","0.5","141","127",""
"SPORTSGAMEODDS","ac4yJYr9gaAUMbFM39bF","2026-09-25T20:05:00.000Z","Baltimore Orioles @ New York Yankees","Baltimore Orioles","New York Yankees","6","full","FULL_INNING_TOTAL","over","","points-all-6i-ou-over","draftkings","1.5","true","320","2026-09-25T16:27:56.462Z","0.5","0.5","","",""
"SPORTSGAMEODDS","ac4yJYr9gaAUMbFM39bF","2026-09-25T20:05:00.000Z","Baltimore Orioles @ New York Yankees","Baltimore Orioles","New York Yankees","6","full","FULL_INNING_TOTAL","over","","points-all-6i-ou-over","fanduel","0.5","false","130","2026-09-25T16:28:08.825Z","0.5","0.5","141","127","https://sportsbook.fanduel.com/addToBetslip?marketId=717.188391040&selectionId=7017905"
"SPORTSGAMEODDS","ac4yJYr9gaAUMbFM39bF","2026-09-25T20:05:00.000Z","Baltimore Orioles @ New York Yankees","Baltimore Orioles","New York Yankees","6","full","FULL_INNING_TOTAL","over","","points-all-6i-ou-over","fanduel","1.5","true","350","2026-09-25T16:28:08.825Z","0.5","0.5","","","https://sportsbook.fanduel.com/addToBetslip?marketId=717.188391040&selectionId=7017905"
"SPORTSGAMEODDS","ac4yJYr9gaAUMbFM39bF","2026-09-25T20:05:00.000Z","Baltimore Orioles @ New York Yankees","Baltimore Orioles","New York Yankees","6","full","FULL_INNING_TOTAL","under","","points-all-6i-ou-under","draftkings","0.5","false","-165","2026-09-25T16:27:56.462Z","0.5","0.5","-141","-163",""
"SPORTSGAMEODDS","ac4yJYr9gaAUMbFM39bF","2026-09-25T20:05:00.000Z","Baltimore Orioles @ New York Yankees","Baltimore Orioles","New York Yankees","6","full","FULL_INNING_TOTAL","under","","points-all-6i-ou-under","draftkings","1.5","true","-450","2026-09-25T16:27:56.462Z","0.5","0.5","","",""
"SPORTSGAMEODDS","ac4yJYr9gaAUMbFM39bF","2026-09-25T20:05:00.000Z","Baltimore Orioles @ New York Yankees","Baltimore Orioles","New York Yankees","6","full","FULL_INNING_TOTAL","under","","points-all-6i-ou-under","fanduel","0.5","false","-162","2026-09-25T16:28:08.825Z","0.5","0.5","-141","-163","https://sportsbook.fanduel.com/addToBetslip?marketId=717.188391040&selectionId=7017906"
"SPORTSGAMEODDS","ac4yJYr9gaAUMbFM39bF","2026-09-25T20:05:00.000Z","Baltimore Orioles @ New York Yankees","Baltimore Orioles","New York Yankees","6","full","FULL_INNING_TOTAL","under","","points-all-6i-ou-under","fanduel","1.5","true","-480","2026-09-25T16:28:08.825Z","0.5","0.5","","","https://sportsbook.fanduel.com/addToBetslip?marketId=717.188391040&selectionId=7017906"
"SPORTSGAMEODDS","ac4yJYr9gaAUMbFM39bF","2026-09-25T20:05:00.000Z","Baltimore Orioles @ New York Yankees","Baltimore Orioles","New York Yankees","7","full","FULL_INNING_3WAY","draw","","points-all-7i-ml3way-draw","draftkings","","false","-200","2026-09-25T16:27:56.462Z","","","","",""
"SPORTSGAMEODDS","ac4yJYr9gaAUMbFM39bF","2026-09-25T20:05:00.000Z","Baltimore Orioles @ New York Yankees","Baltimore Orioles","New York Yankees","7","full","FULL_INNING_3WAY","draw","","points-all-7i-ml3way-draw","fanduel","","false","-195","2026-09-25T16:28:08.825Z","","","","","https://sportsbook.fanduel.com/addToBetslip?marketId=717.188391061&selectionId=131604"
"SPORTSGAMEODDS","ac4yJYr9gaAUMbFM39bF","2026-09-25T20:05:00.000Z","Baltimore Orioles @ New York Yankees","Baltimore Orioles","New York Yankees","7","full","FULL_INNING_TOTAL","over","","points-all-7i-ou-over","draftkings","0.5","false","130","2026-09-25T16:27:56.462Z","0.5","0.5","150","135",""
"SPORTSGAMEODDS","ac4yJYr9gaAUMbFM39bF","2026-09-25T20:05:00.000Z","Baltimore Orioles @ New York Yankees","Baltimore Orioles","New York Yankees","7","full","FULL_INNING_TOTAL","over","","points-all-7i-ou-over","draftkings","1.5","true","350","2026-09-25T16:27:56.462Z","0.5","0.5","","",""
"SPORTSGAMEODDS","ac4yJYr9gaAUMbFM39bF","2026-09-25T20:05:00.000Z","Baltimore Orioles @ New York Yankees","Baltimore Orioles","New York Yankees","7","full","FULL_INNING_TOTAL","over","","points-all-7i-ou-over","fanduel","0.5","false","140","2026-09-25T16:28:08.825Z","0.5","0.5","150","135","https://sportsbook.fanduel.com/addToBetslip?marketId=717.188390976&selectionId=7017905"
"SPORTSGAMEODDS","ac4yJYr9gaAUMbFM39bF","2026-09-25T20:05:00.000Z","Baltimore Orioles @ New York Yankees","Baltimore Orioles","New York Yankees","7","full","FULL_INNING_TOTAL","over","","points-all-7i-ou-over","fanduel","1.5","true","360","2026-09-25T16:28:08.825Z","0.5","0.5","","","https://sportsbook.fanduel.com/addToBetslip?marketId=717.188390976&selectionId=7017905"
"SPORTSGAMEODDS","ac4yJYr9gaAUMbFM39bF","2026-09-25T20:05:00.000Z","Baltimore Orioles @ New York Yankees","Baltimore Orioles","New York Yankees","7","full","FULL_INNING_TOTAL","under","","points-all-7i-ou-under","draftkings","0.5","false","-180","2026-09-25T16:27:56.462Z","0.5","0.5","-150","-176",""
"SPORTSGAMEODDS","ac4yJYr9gaAUMbFM39bF","2026-09-25T20:05:00.000Z","Baltimore Orioles @ New York Yankees","Baltimore Orioles","New York Yankees","7","full","FULL_INNING_TOTAL","under","","points-all-7i-ou-under","draftkings","1.5","true","-500","2026-09-25T16:27:56.462Z","0.5","0.5","","",""
"SPORTSGAMEODDS","ac4yJYr9gaAUMbFM39bF","2026-09-25T20:05:00.000Z","Baltimore Orioles @ New York Yankees","Baltimore Orioles","New York Yankees","7","full","FULL_INNING_TOTAL","under","","points-all-7i-ou-under","fanduel","0.5","false","-172","2026-09-25T16:28:08.825Z","0.5","0.5","-150","-176","https://sportsbook.fanduel.com/addToBetslip?marketId=717.188390976&selectionId=7017906"
"SPORTSGAMEODDS","ac4yJYr9gaAUMbFM39bF","2026-09-25T20:05:00.000Z","Baltimore Orioles @ New York Yankees","Baltimore Orioles","New York Yankees","7","full","FULL_INNING_TOTAL","under","","points-all-7i-ou-under","fanduel","1.5","true","-500","2026-09-25T16:28:08.825Z","0.5","0.5","","","https://sportsbook.fanduel.com/addToBetslip?marketId=717.188390976&selectionId=7017906"
"SPORTSGAMEODDS","ac4yJYr9gaAUMbFM39bF","2026-09-25T20:05:00.000Z","Baltimore Orioles @ New York Yankees","Baltimore Orioles","New York Yankees","8","full","FULL_INNING_3WAY","draw","","points-all-8i-ml3way-draw","draftkings","","false","-195","2026-09-25T16:27:56.462Z","","","","",""
"SPORTSGAMEODDS","ac4yJYr9gaAUMbFM39bF","2026-09-25T20:05:00.000Z","Baltimore Orioles @ New York Yankees","Baltimore Orioles","New York Yankees","8","full","FULL_INNING_3WAY","draw","","points-all-8i-ml3way-draw","fanduel","","false","-195","2026-09-25T16:28:08.825Z","","","","","https://sportsbook.fanduel.com/addToBetslip?marketId=717.188391056&selectionId=131604"
"SPORTSGAMEODDS","ac4yJYr9gaAUMbFM39bF","2026-09-25T20:05:00.000Z","Baltimore Orioles @ New York Yankees","Baltimore Orioles","New York Yankees","8","full","FULL_INNING_TOTAL","over","","points-all-8i-ou-over","draftkings","0.5","false","130","2026-09-25T16:27:56.462Z","0.5","0.5","149","135",""
"SPORTSGAMEODDS","ac4yJYr9gaAUMbFM39bF","2026-09-25T20:05:00.000Z","Baltimore Orioles @ New York Yankees","Baltimore Orioles","New York Yankees","8","full","FULL_INNING_TOTAL","over","","points-all-8i-ou-over","draftkings","1.5","true","330","2026-09-25T16:27:56.462Z","0.5","0.5","","",""
"SPORTSGAMEODDS","ac4yJYr9gaAUMbFM39bF","2026-09-25T20:05:00.000Z","Baltimore Orioles @ New York Yankees","Baltimore Orioles","New York Yankees","8","full","FULL_INNING_TOTAL","over","","points-all-8i-ou-over","fanduel","0.5","false","140","2026-09-25T16:28:08.825Z","0.5","0.5","149","135","https://sportsbook.fanduel.com/addToBetslip?marketId=717.188390982&selectionId=7017905"
"SPORTSGAMEODDS","ac4yJYr9gaAUMbFM39bF","2026-09-25T20:05:00.000Z","Baltimore Orioles @ New York Yankees","Baltimore Orioles","New York Yankees","8","full","FULL_INNING_TOTAL","over","","points-all-8i-ou-over","fanduel","1.5","true","360","2026-09-25T16:28:08.825Z","0.5","0.5","","","https://sportsbook.fanduel.com/addToBetslip?marketId=717.188390982&selectionId=7017905"
"SPORTSGAMEODDS","ac4yJYr9gaAUMbFM39bF","2026-09-25T20:05:00.000Z","Baltimore Orioles @ New York Yankees","Baltimore Orioles","New York Yankees","8","full","FULL_INNING_TOTAL","under","","points-all-8i-ou-under","draftkings","0.5","false","-175","2026-09-25T16:27:56.462Z","0.5","0.5","-149","-173",""
"SPORTSGAMEODDS","ac4yJYr9gaAUMbFM39bF","2026-09-25T20:05:00.000Z","Baltimore Orioles @ New York Yankees","Baltimore Orioles","New York Yankees","8","full","FULL_INNING_TOTAL","under","","points-all-8i-ou-under","draftkings","1.5","true","-475","2026-09-25T16:27:56.462Z","0.5","0.5","","",""
"SPORTSGAMEODDS","ac4yJYr9gaAUMbFM39bF","2026-09-25T20:05:00.000Z","Baltimore Orioles @ New York Yankees","Baltimore Orioles","New York Yankees","8","full","FULL_INNING_TOTAL","under","","points-all-8i-ou-under","fanduel","0.5","false","-172","2026-09-25T16:28:08.825Z","0.5","0.5","-149","-173","https://sportsbook.fanduel.com/addToBetslip?marketId=717.188390982&selectionId=7017906"
"SPORTSGAMEODDS","ac4yJYr9gaAUMbFM39bF","2026-09-25T20:05:00.000Z","Baltimore Orioles @ New York Yankees","Baltimore Orioles","New York Yankees","8","full","FULL_INNING_TOTAL","under","","points-all-8i-ou-under","fanduel","1.5","true","-460","2026-09-25T16:28:08.825Z","0.5","0.5","","","https://sportsbook.fanduel.com/addToBetslip?marketId=717.188390982&selectionId=7017906"
"SPORTSGAMEODDS","ac4yJYr9gaAUMbFM39bF","2026-09-25T20:05:00.000Z","Baltimore Orioles @ New York Yankees","Baltimore Orioles","New York Yankees","9","full","FULL_INNING_3WAY","draw","","points-all-9i-ml3way-draw","draftkings","","false","-290","2026-09-25T16:27:56.462Z","","","","",""
"SPORTSGAMEODDS","ac4yJYr9gaAUMbFM39bF","2026-09-25T20:05:00.000Z","Baltimore Orioles @ New York Yankees","Baltimore Orioles","New York Yankees","9","full","FULL_INNING_3WAY","draw","","points-all-9i-ml3way-draw","fanduel","","false","-300","2026-09-25T16:28:08.825Z","","","","","https://sportsbook.fanduel.com/addToBetslip?marketId=717.188390991&selectionId=131604"
"SPORTSGAMEODDS","ac4yJYr9gaAUMbFM39bF","2026-09-25T20:05:00.000Z","Baltimore Orioles @ New York Yankees","Baltimore Orioles","New York Yankees","9","full","FULL_INNING_TOTAL","over","","points-all-9i-ou-over","draftkings","1.5","false","500","2026-09-25T16:27:56.462Z","","1.5","","519",""
"SPORTSGAMEODDS","ac4yJYr9gaAUMbFM39bF","2026-09-25T20:05:00.000Z","Baltimore Orioles @ New York Yankees","Baltimore Orioles","New York Yankees","9","full","FULL_INNING_TOTAL","over","","points-all-9i-ou-over","draftkings","0.5","true","190","2026-09-25T16:27:56.462Z","","1.5","","",""
"SPORTSGAMEODDS","ac4yJYr9gaAUMbFM39bF","2026-09-25T20:05:00.000Z","Baltimore Orioles @ New York Yankees","Baltimore Orioles","New York Yankees","9","full","FULL_INNING_TOTAL","over","","points-all-9i-ou-over","fanduel","1.5","false","540","2026-09-25T16:28:08.825Z","","1.5","","519","https://sportsbook.fanduel.com/addToBetslip?marketId=717.188390989&selectionId=7017905"
"SPORTSGAMEODDS","ac4yJYr9gaAUMbFM39bF","2026-09-25T20:05:00.000Z","Baltimore Orioles @ New York Yankees","Baltimore Orioles","New York Yankees","9","full","FULL_INNING_TOTAL","under","","points-all-9i-ou-under","draftkings","1.5","false","-750","2026-09-25T16:27:56.462Z","","1.5","","-797",""
"SPORTSGAMEODDS","ac4yJYr9gaAUMbFM39bF","2026-09-25T20:05:00.000Z","Baltimore Orioles @ New York Yankees","Baltimore Orioles","New York Yankees","9","full","FULL_INNING_TOTAL","under","","points-all-9i-ou-under","draftkings","0.5","true","-265","2026-09-25T16:27:56.462Z","","1.5","","",""
"SPORTSGAMEODDS","ac4yJYr9gaAUMbFM39bF","2026-09-25T20:05:00.000Z","Baltimore Orioles @ New York Yankees","Baltimore Orioles","New York Yankees","9","full","FULL_INNING_TOTAL","under","","points-all-9i-ou-under","fanduel","1.5","false","-850","2026-09-25T16:28:08.825Z","","1.5","","-797","https://sportsbook.fanduel.com/addToBetslip?marketId=717.188390989&selectionId=7017906"
"SPORTSGAMEODDS","ac4yJYr9gaAUMbFM39bF","2026-09-25T20:05:00.000Z","Baltimore Orioles @ New York Yankees","Baltimore Orioles","New York Yankees","1","full","FULL_INNING_3WAY","away","","points-away-1i-ml3way-away","draftkings","","false","350","2026-09-25T16:27:56.462Z","","","","",""
"SPORTSGAMEODDS","ac4yJYr9gaAUMbFM39bF","2026-09-25T20:05:00.000Z","Baltimore Orioles @ New York Yankees","Baltimore Orioles","New York Yankees","1","full","FULL_INNING_3WAY","away","","points-away-1i-ml3way-away","fanduel","","false","340","2026-09-25T16:28:08.825Z","","","","","https://sportsbook.fanduel.com/addToBetslip?marketId=717.188391036&selectionId=29157"
"SPORTSGAMEODDS","ac4yJYr9gaAUMbFM39bF","2026-09-25T20:05:00.000Z","Baltimore Orioles @ New York Yankees","Baltimore Orioles","New York Yankees","2","full","FULL_INNING_3WAY","away","","points-away-2i-ml3way-away","draftkings","","false","400","2026-09-25T16:27:56.462Z","","","","",""
"SPORTSGAMEODDS","ac4yJYr9gaAUMbFM39bF","2026-09-25T20:05:00.000Z","Baltimore Orioles @ New York Yankees","Baltimore Orioles","New York Yankees","2","full","FULL_INNING_3WAY","away","","points-away-2i-ml3way-away","fanduel","","false","400","2026-09-25T16:28:08.825Z","","","","","https://sportsbook.fanduel.com/addToBetslip?marketId=717.188391069&selectionId=29157"
"SPORTSGAMEODDS","ac4yJYr9gaAUMbFM39bF","2026-09-25T20:05:00.000Z","Baltimore Orioles @ New York Yankees","Baltimore Orioles","New York Yankees","3","full","FULL_INNING_3WAY","away","","points-away-3i-ml3way-away","draftkings","","false","360","2026-09-25T16:27:56.462Z","","","","",""
"SPORTSGAMEODDS","ac4yJYr9gaAUMbFM39bF","2026-09-25T20:05:00.000Z","Baltimore Orioles @ New York Yankees","Baltimore Orioles","New York Yankees","3","full","FULL_INNING_3WAY","away","","points-away-3i-ml3way-away","fanduel","","false","360","2026-09-25T16:28:08.825Z","","","","","https://sportsbook.fanduel.com/addToBetslip?marketId=717.188390967&selectionId=29157"
"SPORTSGAMEODDS","ac4yJYr9gaAUMbFM39bF","2026-09-25T20:05:00.000Z","Baltimore Orioles @ New York Yankees","Baltimore Orioles","New York Yankees","4","full","FULL_INNING_3WAY","away","","points-away-4i-ml3way-away","draftkings","","false","380","2026-09-25T16:27:56.462Z","","","","",""
"SPORTSGAMEODDS","ac4yJYr9gaAUMbFM39bF","2026-09-25T20:05:00.000Z","Baltimore Orioles @ New York Yankees","Baltimore Orioles","New York Yankees","4","full","FULL_INNING_3WAY","away","","points-away-4i-ml3way-away","fanduel","","false","370","2026-09-25T16:28:08.825Z","","","","","https://sportsbook.fanduel.com/addToBetslip?marketId=717.188391060&selectionId=29157"
"SPORTSGAMEODDS","ac4yJYr9gaAUMbFM39bF","2026-09-25T20:05:00.000Z","Baltimore Orioles @ New York Yankees","Baltimore Orioles","New York Yankees","5","full","FULL_INNING_3WAY","away","","points-away-5i-ml3way-away","draftkings","","false","390","2026-09-25T16:27:56.462Z","","","","",""
"SPORTSGAMEODDS","ac4yJYr9gaAUMbFM39bF","2026-09-25T20:05:00.000Z","Baltimore Orioles @ New York Yankees","Baltimore Orioles","New York Yankees","5","full","FULL_INNING_3WAY","away","","points-away-5i-ml3way-away","fanduel","","false","380","2026-09-25T16:28:08.825Z","","","","","https://sportsbook.fanduel.com/addToBetslip?marketId=717.188391045&selectionId=29157"
"SPORTSGAMEODDS","ac4yJYr9gaAUMbFM39bF","2026-09-25T20:05:00.000Z","Baltimore Orioles @ New York Yankees","Baltimore Orioles","New York Yankees","6","full","FULL_INNING_3WAY","away","","points-away-6i-ml3way-away","draftkings","","false","360","2026-09-25T16:27:56.462Z","","","","",""
"SPORTSGAMEODDS","ac4yJYr9gaAUMbFM39bF","2026-09-25T20:05:00.000Z","Baltimore Orioles @ New York Yankees","Baltimore Orioles","New York Yankees","6","full","FULL_INNING_3WAY","away","","points-away-6i-ml3way-away","fanduel","","false","370","2026-09-25T16:28:08.825Z","","","","","https://sportsbook.fanduel.com/addToBetslip?marketId=717.188390963&selectionId=29157"
"SPORTSGAMEODDS","ac4yJYr9gaAUMbFM39bF","2026-09-25T20:05:00.000Z","Baltimore Orioles @ New York Yankees","Baltimore Orioles","New York Yankees","7","full","FULL_INNING_3WAY","away","","points-away-7i-ml3way-away","draftkings","","false","400","2026-09-25T16:27:56.462Z","","","","",""
"SPORTSGAMEODDS","ac4yJYr9gaAUMbFM39bF","2026-09-25T20:05:00.000Z","Baltimore Orioles @ New York Yankees","Baltimore Orioles","New York Yankees","7","full","FULL_INNING_3WAY","away","","points-away-7i-ml3way-away","fanduel","","false","430","2026-09-25T16:28:08.825Z","","","","","https://sportsbook.fanduel.com/addToBetslip?marketId=717.188391061&selectionId=29157"
"SPORTSGAMEODDS","ac4yJYr9gaAUMbFM39bF","2026-09-25T20:05:00.000Z","Baltimore Orioles @ New York Yankees","Baltimore Orioles","New York Yankees","8","full","FULL_INNING_3WAY","away","","points-away-8i-ml3way-away","draftkings","","false","400","2026-09-25T16:27:56.462Z","","","","",""
"SPORTSGAMEODDS","ac4yJYr9gaAUMbFM39bF","2026-09-25T20:05:00.000Z","Baltimore Orioles @ New York Yankees","Baltimore Orioles","New York Yankees","8","full","FULL_INNING_3WAY","away","","points-away-8i-ml3way-away","fanduel","","false","440","2026-09-25T16:28:08.825Z","","","","","https://sportsbook.fanduel.com/addToBetslip?marketId=717.188391056&selectionId=29157"
"SPORTSGAMEODDS","ac4yJYr9gaAUMbFM39bF","2026-09-25T20:05:00.000Z","Baltimore Orioles @ New York Yankees","Baltimore Orioles","New York Yankees","9","full","FULL_INNING_3WAY","away","","points-away-9i-ml3way-away","draftkings","","false","370","2026-09-25T16:27:56.462Z","","","","",""
"SPORTSGAMEODDS","ac4yJYr9gaAUMbFM39bF","2026-09-25T20:05:00.000Z","Baltimore Orioles @ New York Yankees","Baltimore Orioles","New York Yankees","9","full","FULL_INNING_3WAY","away","","points-away-9i-ml3way-away","fanduel","","false","420","2026-09-25T16:28:08.825Z","","","","","https://sportsbook.fanduel.com/addToBetslip?marketId=717.188390991&selectionId=29157"
"SPORTSGAMEODDS","ac4yJYr9gaAUMbFM39bF","2026-09-25T20:05:00.000Z","Baltimore Orioles @ New York Yankees","Baltimore Orioles","New York Yankees","1","full","FULL_INNING_3WAY","home","","points-home-1i-ml3way-home","draftkings","","false","300","2026-09-25T16:27:56.462Z","","","","",""
"SPORTSGAMEODDS","ac4yJYr9gaAUMbFM39bF","2026-09-25T20:05:00.000Z","Baltimore Orioles @ New York Yankees","Baltimore Orioles","New York Yankees","1","full","FULL_INNING_3WAY","home","","points-home-1i-ml3way-home","fanduel","","false","370","2026-09-25T16:28:08.825Z","","","","","https://sportsbook.fanduel.com/addToBetslip?marketId=717.188391036&selectionId=29161"
"SPORTSGAMEODDS","ac4yJYr9gaAUMbFM39bF","2026-09-25T20:05:00.000Z","Baltimore Orioles @ New York Yankees","Baltimore Orioles","New York Yankees","2","full","FULL_INNING_3WAY","home","","points-home-2i-ml3way-home","draftkings","","false","370","2026-09-25T16:27:56.462Z","","","","",""
"SPORTSGAMEODDS","ac4yJYr9gaAUMbFM39bF","2026-09-25T20:05:00.000Z","Baltimore Orioles @ New York Yankees","Baltimore Orioles","New York Yankees","2","full","FULL_INNING_3WAY","home","","points-home-2i-ml3way-home","fanduel","","false","420","2026-09-25T16:28:08.825Z","","","","","https://sportsbook.fanduel.com/addToBetslip?marketId=717.188391069&selectionId=29161"
"SPORTSGAMEODDS","ac4yJYr9gaAUMbFM39bF","2026-09-25T20:05:00.000Z","Baltimore Orioles @ New York Yankees","Baltimore Orioles","New York Yankees","3","full","FULL_INNING_3WAY","home","","points-home-3i-ml3way-home","draftkings","","false","340","2026-09-25T16:27:56.462Z","","","","",""
"SPORTSGAMEODDS","ac4yJYr9gaAUMbFM39bF","2026-09-25T20:05:00.000Z","Baltimore Orioles @ New York Yankees","Baltimore Orioles","New York Yankees","3","full","FULL_INNING_3WAY","home","","points-home-3i-ml3way-home","fanduel","","false","360","2026-09-25T16:28:08.825Z","","","","","https://sportsbook.fanduel.com/addToBetslip?marketId=717.188390967&selectionId=29161"
"SPORTSGAMEODDS","ac4yJYr9gaAUMbFM39bF","2026-09-25T20:05:00.000Z","Baltimore Orioles @ New York Yankees","Baltimore Orioles","New York Yankees","4","full","FULL_INNING_3WAY","home","","points-home-4i-ml3way-home","draftkings","","false","340","2026-09-25T16:27:56.462Z","","","","",""
"SPORTSGAMEODDS","ac4yJYr9gaAUMbFM39bF","2026-09-25T20:05:00.000Z","Baltimore Orioles @ New York Yankees","Baltimore Orioles","New York Yankees","4","full","FULL_INNING_3WAY","home","","points-home-4i-ml3way-home","fanduel","","false","370","2026-09-25T16:28:08.825Z","","","","","https://sportsbook.fanduel.com/addToBetslip?marketId=717.188391060&selectionId=29161"
"SPORTSGAMEODDS","ac4yJYr9gaAUMbFM39bF","2026-09-25T20:05:00.000Z","Baltimore Orioles @ New York Yankees","Baltimore Orioles","New York Yankees","5","full","FULL_INNING_3WAY","home","","points-home-5i-ml3way-home","draftkings","","false","350","2026-09-25T16:27:56.462Z","","","","",""
"SPORTSGAMEODDS","ac4yJYr9gaAUMbFM39bF","2026-09-25T20:05:00.000Z","Baltimore Orioles @ New York Yankees","Baltimore Orioles","New York Yankees","5","full","FULL_INNING_3WAY","home","","points-home-5i-ml3way-home","fanduel","","false","380","2026-09-25T16:28:08.825Z","","","","","https://sportsbook.fanduel.com/addToBetslip?marketId=717.188391045&selectionId=29161"
"SPORTSGAMEODDS","ac4yJYr9gaAUMbFM39bF","2026-09-25T20:05:00.000Z","Baltimore Orioles @ New York Yankees","Baltimore Orioles","New York Yankees","6","full","FULL_INNING_3WAY","home","","points-home-6i-ml3way-home","draftkings","","false","360","2026-09-25T16:27:56.462Z","","","","",""
"SPORTSGAMEODDS","ac4yJYr9gaAUMbFM39bF","2026-09-25T20:05:00.000Z","Baltimore Orioles @ New York Yankees","Baltimore Orioles","New York Yankees","6","full","FULL_INNING_3WAY","home","","points-home-6i-ml3way-home","fanduel","","false","370","2026-09-25T16:28:08.825Z","","","","","https://sportsbook.fanduel.com/addToBetslip?marketId=717.188390963&selectionId=29161"
"SPORTSGAMEODDS","ac4yJYr9gaAUMbFM39bF","2026-09-25T20:05:00.000Z","Baltimore Orioles @ New York Yankees","Baltimore Orioles","New York Yankees","7","full","FULL_INNING_3WAY","home","","points-home-7i-ml3way-home","draftkings","","false","350","2026-09-25T16:27:56.462Z","","","","",""
"SPORTSGAMEODDS","ac4yJYr9gaAUMbFM39bF","2026-09-25T20:05:00.000Z","Baltimore Orioles @ New York Yankees","Baltimore Orioles","New York Yankees","7","full","FULL_INNING_3WAY","home","","points-home-7i-ml3way-home","fanduel","","false","370","2026-09-25T16:28:08.825Z","","","","","https://sportsbook.fanduel.com/addToBetslip?marketId=717.188391061&selectionId=29161"
"SPORTSGAMEODDS","ac4yJYr9gaAUMbFM39bF","2026-09-25T20:05:00.000Z","Baltimore Orioles @ New York Yankees","Baltimore Orioles","New York Yankees","8","full","FULL_INNING_3WAY","home","","points-home-8i-ml3way-home","draftkings","","false","330","2026-09-25T16:27:56.462Z","","","","",""
"SPORTSGAMEODDS","ac4yJYr9gaAUMbFM39bF","2026-09-25T20:05:00.000Z","Baltimore Orioles @ New York Yankees","Baltimore Orioles","New York Yankees","8","full","FULL_INNING_3WAY","home","","points-home-8i-ml3way-home","fanduel","","false","350","2026-09-25T16:28:08.825Z","","","","","https://sportsbook.fanduel.com/addToBetslip?marketId=717.188391056&selectionId=29161"
"SPORTSGAMEODDS","ac4yJYr9gaAUMbFM39bF","2026-09-25T20:05:00.000Z","Baltimore Orioles @ New York Yankees","Baltimore Orioles","New York Yankees","9","full","FULL_INNING_3WAY","home","","points-home-9i-ml3way-home","draftkings","","false","650","2026-09-25T16:27:56.462Z","","","","",""
"SPORTSGAMEODDS","ac4yJYr9gaAUMbFM39bF","2026-09-25T20:05:00.000Z","Baltimore Orioles @ New York Yankees","Baltimore Orioles","New York Yankees","9","full","FULL_INNING_3WAY","home","","points-home-9i-ml3way-home","fanduel","","false","650","2026-09-25T16:28:08.825Z","","","","","https://sportsbook.fanduel.com/addToBetslip?marketId=717.188390991&selectionId=29161"
"SPORTSGAMEODDS","OkcGU9Ky4a8p50V7NXOh","2026-09-25T22:05:00.000Z","Chicago Cubs @ Boston Red Sox","Chicago Cubs","Boston Red Sox","1","full","FULL_INNING_3WAY","draw","","points-all-1i-ml3way-draw","draftkings","","false","-220","2026-09-25T16:27:56.462Z","","","","","https://sportsbook.draftkings.com/event/34720529?outcomes=0QA373285232%232298473830_13L84240Q10Q23"
"SPORTSGAMEODDS","OkcGU9Ky4a8p50V7NXOh","2026-09-25T22:05:00.000Z","Chicago Cubs @ Boston Red Sox","Chicago Cubs","Boston Red Sox","1","full","FULL_INNING_3WAY","draw","","points-all-1i-ml3way-draw","fanduel","","false","-200","2026-09-25T16:28:08.825Z","","","","","https://sportsbook.fanduel.com/addToBetslip?marketId=717.188444541&selectionId=131604"
"SPORTSGAMEODDS","OkcGU9Ky4a8p50V7NXOh","2026-09-25T22:05:00.000Z","Chicago Cubs @ Boston Red Sox","Chicago Cubs","Boston Red Sox","1","full","FULL_INNING_3WAY","draw","","points-all-1i-ml3way-draw","betmgm","","false","-200","2026-09-25T16:27:35.894Z","","","","","https://sports.nj.betmgm.com/en/sports?options=19945277-1561271914-2304270810"
"SPORTSGAMEODDS","OkcGU9Ky4a8p50V7NXOh","2026-09-25T22:05:00.000Z","Chicago Cubs @ Boston Red Sox","Chicago Cubs","Boston Red Sox","1","full","FULL_INNING_TOTAL","over","","points-all-1i-ou-over","draftkings","0.5","false","140","2026-09-25T16:27:56.462Z","0.5","0.5","156","140",""
"SPORTSGAMEODDS","OkcGU9Ky4a8p50V7NXOh","2026-09-25T22:05:00.000Z","Chicago Cubs @ Boston Red Sox","Chicago Cubs","Boston Red Sox","1","full","FULL_INNING_TOTAL","over","","points-all-1i-ou-over","draftkings","1.5","true","360","2026-09-25T16:27:56.462Z","0.5","0.5","","",""
"SPORTSGAMEODDS","OkcGU9Ky4a8p50V7NXOh","2026-09-25T22:05:00.000Z","Chicago Cubs @ Boston Red Sox","Chicago Cubs","Boston Red Sox","1","full","FULL_INNING_TOTAL","over","","points-all-1i-ou-over","caesars","0.5","false","141","2026-09-25T16:28:00.894Z","0.5","0.5","156","140","https://sportsbook.caesars.com/us/nj/bet/betslip?selectionIds=512c0e3d-251f-3a87-bf20-0a9132039ad8"
"SPORTSGAMEODDS","OkcGU9Ky4a8p50V7NXOh","2026-09-25T22:05:00.000Z","Chicago Cubs @ Boston Red Sox","Chicago Cubs","Boston Red Sox","1","full","FULL_INNING_TOTAL","over","","points-all-1i-ou-over","fanduel","0.5","false","144","2026-09-25T16:28:08.825Z","0.5","0.5","156","140","https://sportsbook.fanduel.com/addToBetslip?marketId=717.188444621&selectionId=7017905"
"SPORTSGAMEODDS","OkcGU9Ky4a8p50V7NXOh","2026-09-25T22:05:00.000Z","Chicago Cubs @ Boston Red Sox","Chicago Cubs","Boston Red Sox","1","full","FULL_INNING_TOTAL","over","","points-all-1i-ou-over","fanduel","1.5","true","420","2026-09-25T16:28:08.825Z","0.5","0.5","","","https://sportsbook.fanduel.com/addToBetslip?marketId=717.188444621&selectionId=7017905"
"SPORTSGAMEODDS","OkcGU9Ky4a8p50V7NXOh","2026-09-25T22:05:00.000Z","Chicago Cubs @ Boston Red Sox","Chicago Cubs","Boston Red Sox","1","full","FULL_INNING_TOTAL","over","","points-all-1i-ou-over","betmgm","0.5","false","140","2026-09-25T16:27:35.894Z","0.5","0.5","156","140","https://sports.nj.betmgm.com/en/sports?options=19945277-1561271929-2304270839"
"SPORTSGAMEODDS","OkcGU9Ky4a8p50V7NXOh","2026-09-25T22:05:00.000Z","Chicago Cubs @ Boston Red Sox","Chicago Cubs","Boston Red Sox","1","full","FULL_INNING_TOTAL","under","","points-all-1i-ou-under","draftkings","0.5","false","-185","2026-09-25T16:27:56.462Z","0.5","0.5","-156","-186",""
"SPORTSGAMEODDS","OkcGU9Ky4a8p50V7NXOh","2026-09-25T22:05:00.000Z","Chicago Cubs @ Boston Red Sox","Chicago Cubs","Boston Red Sox","1","full","FULL_INNING_TOTAL","under","","points-all-1i-ou-under","draftkings","1.5","true","-500","2026-09-25T16:27:56.462Z","0.5","0.5","","",""
"SPORTSGAMEODDS","OkcGU9Ky4a8p50V7NXOh","2026-09-25T22:05:00.000Z","Chicago Cubs @ Boston Red Sox","Chicago Cubs","Boston Red Sox","1","full","FULL_INNING_TOTAL","under","","points-all-1i-ou-under","caesars","0.5","false","-175","2026-09-25T16:28:00.894Z","0.5","0.5","-156","-186","https://sportsbook.caesars.com/us/nj/bet/betslip?selectionIds=3b264b34-9d8a-3346-bf8b-3d96ae36fe69"
"SPORTSGAMEODDS","OkcGU9Ky4a8p50V7NXOh","2026-09-25T22:05:00.000Z","Chicago Cubs @ Boston Red Sox","Chicago Cubs","Boston Red Sox","1","full","FULL_INNING_TOTAL","under","","points-all-1i-ou-under","fanduel","0.5","false","-186","2026-09-25T16:28:08.825Z","0.5","0.5","-156","-186","https://sportsbook.fanduel.com/addToBetslip?marketId=717.188444621&selectionId=7017906"
"SPORTSGAMEODDS","OkcGU9Ky4a8p50V7NXOh","2026-09-25T22:05:00.000Z","Chicago Cubs @ Boston Red Sox","Chicago Cubs","Boston Red Sox","1","full","FULL_INNING_TOTAL","under","","points-all-1i-ou-under","fanduel","1.5","true","-600","2026-09-25T16:28:08.825Z","0.5","0.5","","","https://sportsbook.fanduel.com/addToBetslip?marketId=717.188444621&selectionId=7017906"
"SPORTSGAMEODDS","OkcGU9Ky4a8p50V7NXOh","2026-09-25T22:05:00.000Z","Chicago Cubs @ Boston Red Sox","Chicago Cubs","Boston Red Sox","1","full","FULL_INNING_TOTAL","under","","points-all-1i-ou-under","betmgm","0.5","false","-180","2026-09-25T16:27:35.894Z","0.5","0.5","-156","-186","https://sports.nj.betmgm.com/en/sports?options=19945277-1561271929-2304270840"
"SPORTSGAMEODDS","OkcGU9Ky4a8p50V7NXOh","2026-09-25T22:05:00.000Z","Chicago Cubs @ Boston Red Sox","Chicago Cubs","Boston Red Sox","1","full","FULL_INNING_3WAY","away","","points-away-1i-ml3way-away","draftkings","","false","370","2026-09-25T16:27:56.462Z","","","","","https://sportsbook.draftkings.com/event/34720529?outcomes=0QA373285232%232298473850_13L84240Q10Q22"
"SPORTSGAMEODDS","OkcGU9Ky4a8p50V7NXOh","2026-09-25T22:05:00.000Z","Chicago Cubs @ Boston Red Sox","Chicago Cubs","Boston Red Sox","1","full","FULL_INNING_3WAY","away","","points-away-1i-ml3way-away","fanduel","","false","390","2026-09-25T16:28:08.825Z","","","","","https://sportsbook.fanduel.com/addToBetslip?marketId=717.188444541&selectionId=29166"
"SPORTSGAMEODDS","OkcGU9Ky4a8p50V7NXOh","2026-09-25T22:05:00.000Z","Chicago Cubs @ Boston Red Sox","Chicago Cubs","Boston Red Sox","1","full","FULL_INNING_3WAY","away","","points-away-1i-ml3way-away","betmgm","","false","360","2026-09-25T16:27:35.894Z","","","","","https://sports.nj.betmgm.com/en/sports?options=19945277-1561271914-2304270809"
"SPORTSGAMEODDS","OkcGU9Ky4a8p50V7NXOh","2026-09-25T22:05:00.000Z","Chicago Cubs @ Boston Red Sox","Chicago Cubs","Boston Red Sox","1","full","FULL_INNING_3WAY","home","","points-home-1i-ml3way-home","draftkings","","false","425","2026-09-25T16:27:56.462Z","","","","","https://sportsbook.draftkings.com/event/34720529?outcomes=0QA373285232%232298473802_13L84240Q10Q21"
"SPORTSGAMEODDS","OkcGU9Ky4a8p50V7NXOh","2026-09-25T22:05:00.000Z","Chicago Cubs @ Boston Red Sox","Chicago Cubs","Boston Red Sox","1","full","FULL_INNING_3WAY","home","","points-home-1i-ml3way-home","fanduel","","false","410","2026-09-25T16:28:08.825Z","","","","","https://sportsbook.fanduel.com/addToBetslip?marketId=717.188444541&selectionId=29158"
"SPORTSGAMEODDS","OkcGU9Ky4a8p50V7NXOh","2026-09-25T22:05:00.000Z","Chicago Cubs @ Boston Red Sox","Chicago Cubs","Boston Red Sox","1","full","FULL_INNING_3WAY","home","","points-home-1i-ml3way-home","betmgm","","false","400","2026-09-25T16:27:35.894Z","","","","","https://sports.nj.betmgm.com/en/sports?options=19945277-1561271914-2304270811"
"SPORTSGAMEODDS","OkcGU9Ky4a8p50V7NXOh","2026-09-25T22:05:00.000Z","Chicago Cubs @ Boston Red Sox","Chicago Cubs","Boston Red Sox","2","full","FULL_INNING_3WAY","draw","","points-all-2i-ml3way-draw","fanduel","","false","-210","2026-09-25T16:28:08.825Z","","","","","https://sportsbook.fanduel.com/addToBetslip?marketId=717.188444547&selectionId=131604"
"SPORTSGAMEODDS","OkcGU9Ky4a8p50V7NXOh","2026-09-25T22:05:00.000Z","Chicago Cubs @ Boston Red Sox","Chicago Cubs","Boston Red Sox","2","full","FULL_INNING_3WAY","draw","","points-all-2i-ml3way-draw","draftkings","","false","-220","2026-09-25T16:27:56.462Z","","","","",""
"SPORTSGAMEODDS","OkcGU9Ky4a8p50V7NXOh","2026-09-25T22:05:00.000Z","Chicago Cubs @ Boston Red Sox","Chicago Cubs","Boston Red Sox","2","full","FULL_INNING_TOTAL","over","","points-all-2i-ou-over","fanduel","0.5","false","146","2026-09-25T16:28:08.825Z","","0.5","","145","https://sportsbook.fanduel.com/addToBetslip?marketId=717.188444587&selectionId=7017905"
"SPORTSGAMEODDS","OkcGU9Ky4a8p50V7NXOh","2026-09-25T22:05:00.000Z","Chicago Cubs @ Boston Red Sox","Chicago Cubs","Boston Red Sox","2","full","FULL_INNING_TOTAL","over","","points-all-2i-ou-over","fanduel","1.5","true","410","2026-09-25T16:28:08.825Z","","0.5","","","https://sportsbook.fanduel.com/addToBetslip?marketId=717.188444587&selectionId=7017905"
"SPORTSGAMEODDS","OkcGU9Ky4a8p50V7NXOh","2026-09-25T22:05:00.000Z","Chicago Cubs @ Boston Red Sox","Chicago Cubs","Boston Red Sox","2","full","FULL_INNING_TOTAL","over","","points-all-2i-ou-over","draftkings","0.5","false","145","2026-09-25T16:27:56.462Z","","0.5","","145",""
"SPORTSGAMEODDS","OkcGU9Ky4a8p50V7NXOh","2026-09-25T22:05:00.000Z","Chicago Cubs @ Boston Red Sox","Chicago Cubs","Boston Red Sox","2","full","FULL_INNING_TOTAL","over","","points-all-2i-ou-over","draftkings","1.5","true","380","2026-09-25T16:27:56.462Z","","0.5","","",""
"SPORTSGAMEODDS","OkcGU9Ky4a8p50V7NXOh","2026-09-25T22:05:00.000Z","Chicago Cubs @ Boston Red Sox","Chicago Cubs","Boston Red Sox","2","full","FULL_INNING_TOTAL","under","","points-all-2i-ou-under","fanduel","0.5","false","-180","2026-09-25T16:28:08.825Z","","0.5","","-195","https://sportsbook.fanduel.com/addToBetslip?marketId=717.188444587&selectionId=7017906"
"SPORTSGAMEODDS","OkcGU9Ky4a8p50V7NXOh","2026-09-25T22:05:00.000Z","Chicago Cubs @ Boston Red Sox","Chicago Cubs","Boston Red Sox","2","full","FULL_INNING_TOTAL","under","","points-all-2i-ou-under","fanduel","1.5","true","-590","2026-09-25T16:28:08.825Z","","0.5","","","https://sportsbook.fanduel.com/addToBetslip?marketId=717.188444587&selectionId=7017906"
"SPORTSGAMEODDS","OkcGU9Ky4a8p50V7NXOh","2026-09-25T22:05:00.000Z","Chicago Cubs @ Boston Red Sox","Chicago Cubs","Boston Red Sox","2","full","FULL_INNING_TOTAL","under","","points-all-2i-ou-under","draftkings","0.5","false","-195","2026-09-25T16:27:56.462Z","","0.5","","-195",""
"SPORTSGAMEODDS","OkcGU9Ky4a8p50V7NXOh","2026-09-25T22:05:00.000Z","Chicago Cubs @ Boston Red Sox","Chicago Cubs","Boston Red Sox","2","full","FULL_INNING_TOTAL","under","","points-all-2i-ou-under","draftkings","1.5","true","-550","2026-09-25T16:27:56.462Z","","0.5","","",""
"SPORTSGAMEODDS","OkcGU9Ky4a8p50V7NXOh","2026-09-25T22:05:00.000Z","Chicago Cubs @ Boston Red Sox","Chicago Cubs","Boston Red Sox","3","full","FULL_INNING_3WAY","draw","","points-all-3i-ml3way-draw","fanduel","","false","-210","2026-09-25T16:28:08.825Z","","","","","https://sportsbook.fanduel.com/addToBetslip?marketId=717.188444694&selectionId=131604"
"SPORTSGAMEODDS","OkcGU9Ky4a8p50V7NXOh","2026-09-25T22:05:00.000Z","Chicago Cubs @ Boston Red Sox","Chicago Cubs","Boston Red Sox","3","full","FULL_INNING_3WAY","draw","","points-all-3i-ml3way-draw","draftkings","","false","-220","2026-09-25T16:27:56.462Z","","","","",""
"SPORTSGAMEODDS","OkcGU9Ky4a8p50V7NXOh","2026-09-25T22:05:00.000Z","Chicago Cubs @ Boston Red Sox","Chicago Cubs","Boston Red Sox","3","full","FULL_INNING_TOTAL","over","","points-all-3i-ou-over","fanduel","0.5","false","148","2026-09-25T16:28:08.825Z","","0.5","","148","https://sportsbook.fanduel.com/addToBetslip?marketId=717.188444614&selectionId=7017905"
"SPORTSGAMEODDS","OkcGU9Ky4a8p50V7NXOh","2026-09-25T22:05:00.000Z","Chicago Cubs @ Boston Red Sox","Chicago Cubs","Boston Red Sox","3","full","FULL_INNING_TOTAL","over","","points-all-3i-ou-over","fanduel","1.5","true","390","2026-09-25T16:28:08.825Z","","0.5","","","https://sportsbook.fanduel.com/addToBetslip?marketId=717.188444614&selectionId=7017905"
"SPORTSGAMEODDS","OkcGU9Ky4a8p50V7NXOh","2026-09-25T22:05:00.000Z","Chicago Cubs @ Boston Red Sox","Chicago Cubs","Boston Red Sox","3","full","FULL_INNING_TOTAL","over","","points-all-3i-ou-over","draftkings","0.5","false","150","2026-09-25T16:27:56.462Z","","0.5","","148",""
"SPORTSGAMEODDS","OkcGU9Ky4a8p50V7NXOh","2026-09-25T22:05:00.000Z","Chicago Cubs @ Boston Red Sox","Chicago Cubs","Boston Red Sox","3","full","FULL_INNING_TOTAL","over","","points-all-3i-ou-over","draftkings","1.5","true","370","2026-09-25T16:27:56.462Z","","0.5","","",""
"SPORTSGAMEODDS","OkcGU9Ky4a8p50V7NXOh","2026-09-25T22:05:00.000Z","Chicago Cubs @ Boston Red Sox","Chicago Cubs","Boston Red Sox","3","full","FULL_INNING_TOTAL","under","","points-all-3i-ou-under","fanduel","0.5","false","-184","2026-09-25T16:28:08.825Z","","0.5","","-200","https://sportsbook.fanduel.com/addToBetslip?marketId=717.188444614&selectionId=7017906"
"SPORTSGAMEODDS","OkcGU9Ky4a8p50V7NXOh","2026-09-25T22:05:00.000Z","Chicago Cubs @ Boston Red Sox","Chicago Cubs","Boston Red Sox","3","full","FULL_INNING_TOTAL","under","","points-all-3i-ou-under","fanduel","1.5","true","-550","2026-09-25T16:28:08.825Z","","0.5","","","https://sportsbook.fanduel.com/addToBetslip?marketId=717.188444614&selectionId=7017906"
"SPORTSGAMEODDS","OkcGU9Ky4a8p50V7NXOh","2026-09-25T22:05:00.000Z","Chicago Cubs @ Boston Red Sox","Chicago Cubs","Boston Red Sox","3","full","FULL_INNING_TOTAL","under","","points-all-3i-ou-under","draftkings","0.5","false","-200","2026-09-25T16:27:56.462Z","","0.5","","-200",""
"SPORTSGAMEODDS","OkcGU9Ky4a8p50V7NXOh","2026-09-25T22:05:00.000Z","Chicago Cubs @ Boston Red Sox","Chicago Cubs","Boston Red Sox","3","full","FULL_INNING_TOTAL","under","","points-all-3i-ou-under","draftkings","1.5","true","-550","2026-09-25T16:27:56.462Z","","0.5","","",""
"SPORTSGAMEODDS","OkcGU9Ky4a8p50V7NXOh","2026-09-25T22:05:00.000Z","Chicago Cubs @ Boston Red Sox","Chicago Cubs","Boston Red Sox","4","full","FULL_INNING_3WAY","draw","","points-all-4i-ml3way-draw","fanduel","","false","-190","2026-09-25T16:28:08.825Z","","","","","https://sportsbook.fanduel.com/addToBetslip?marketId=717.188444560&selectionId=131604"
"SPORTSGAMEODDS","OkcGU9Ky4a8p50V7NXOh","2026-09-25T22:05:00.000Z","Chicago Cubs @ Boston Red Sox","Chicago Cubs","Boston Red Sox","4","full","FULL_INNING_3WAY","draw","","points-all-4i-ml3way-draw","draftkings","","false","-220","2026-09-25T16:27:56.462Z","","","","",""
"SPORTSGAMEODDS","OkcGU9Ky4a8p50V7NXOh","2026-09-25T22:05:00.000Z","Chicago Cubs @ Boston Red Sox","Chicago Cubs","Boston Red Sox","4","full","FULL_INNING_TOTAL","over","","points-all-4i-ou-over","fanduel","0.5","false","136","2026-09-25T16:28:08.825Z","0.5","0.5","156","136","https://sportsbook.fanduel.com/addToBetslip?marketId=717.188444550&selectionId=7017905"
"SPORTSGAMEODDS","OkcGU9Ky4a8p50V7NXOh","2026-09-25T22:05:00.000Z","Chicago Cubs @ Boston Red Sox","Chicago Cubs","Boston Red Sox","4","full","FULL_INNING_TOTAL","over","","points-all-4i-ou-over","fanduel","1.5","true","360","2026-09-25T16:28:08.825Z","0.5","0.5","","","https://sportsbook.fanduel.com/addToBetslip?marketId=717.188444550&selectionId=7017905"
"SPORTSGAMEODDS","OkcGU9Ky4a8p50V7NXOh","2026-09-25T22:05:00.000Z","Chicago Cubs @ Boston Red Sox","Chicago Cubs","Boston Red Sox","4","full","FULL_INNING_TOTAL","over","","points-all-4i-ou-over","draftkings","0.5","false","145","2026-09-25T16:27:56.462Z","0.5","0.5","156","136",""
"SPORTSGAMEODDS","OkcGU9Ky4a8p50V7NXOh","2026-09-25T22:05:00.000Z","Chicago Cubs @ Boston Red Sox","Chicago Cubs","Boston Red Sox","4","full","FULL_INNING_TOTAL","over","","points-all-4i-ou-over","draftkings","1.5","true","370","2026-09-25T16:27:56.462Z","0.5","0.5","","",""
"SPORTSGAMEODDS","OkcGU9Ky4a8p50V7NXOh","2026-09-25T22:05:00.000Z","Chicago Cubs @ Boston Red Sox","Chicago Cubs","Boston Red Sox","4","full","FULL_INNING_TOTAL","under","","points-all-4i-ou-under","fanduel","0.5","false","-168","2026-09-25T16:28:08.825Z","0.5","0.5","-156","-195","https://sportsbook.fanduel.com/addToBetslip?marketId=717.188444550&selectionId=7017906"
"SPORTSGAMEODDS","OkcGU9Ky4a8p50V7NXOh","2026-09-25T22:05:00.000Z","Chicago Cubs @ Boston Red Sox","Chicago Cubs","Boston Red Sox","4","full","FULL_INNING_TOTAL","under","","points-all-4i-ou-under","fanduel","1.5","true","-500","2026-09-25T16:28:08.825Z","0.5","0.5","","","https://sportsbook.fanduel.com/addToBetslip?marketId=717.188444550&selectionId=7017906"
"SPORTSGAMEODDS","OkcGU9Ky4a8p50V7NXOh","2026-09-25T22:05:00.000Z","Chicago Cubs @ Boston Red Sox","Chicago Cubs","Boston Red Sox","4","full","FULL_INNING_TOTAL","under","","points-all-4i-ou-under","draftkings","0.5","false","-195","2026-09-25T16:27:56.462Z","0.5","0.5","-156","-195",""
"SPORTSGAMEODDS","OkcGU9Ky4a8p50V7NXOh","2026-09-25T22:05:00.000Z","Chicago Cubs @ Boston Red Sox","Chicago Cubs","Boston Red Sox","4","full","FULL_INNING_TOTAL","under","","points-all-4i-ou-under","draftkings","1.5","true","-550","2026-09-25T16:27:56.462Z","0.5","0.5","","",""
"SPORTSGAMEODDS","OkcGU9Ky4a8p50V7NXOh","2026-09-25T22:05:00.000Z","Chicago Cubs @ Boston Red Sox","Chicago Cubs","Boston Red Sox","5","full","FULL_INNING_3WAY","draw","","points-all-5i-ml3way-draw","fanduel","","false","-210","2026-09-25T16:28:08.825Z","","","","","https://sportsbook.fanduel.com/addToBetslip?marketId=717.188444646&selectionId=131604"
"SPORTSGAMEODDS","OkcGU9Ky4a8p50V7NXOh","2026-09-25T22:05:00.000Z","Chicago Cubs @ Boston Red Sox","Chicago Cubs","Boston Red Sox","5","full","FULL_INNING_3WAY","draw","","points-all-5i-ml3way-draw","draftkings","","false","-230","2026-09-25T16:27:56.462Z","","","","",""
"SPORTSGAMEODDS","OkcGU9Ky4a8p50V7NXOh","2026-09-25T22:05:00.000Z","Chicago Cubs @ Boston Red Sox","Chicago Cubs","Boston Red Sox","5","full","FULL_INNING_TOTAL","over","","points-all-5i-ou-over","fanduel","0.5","false","148","2026-09-25T16:28:08.825Z","0.5","0.5","163","145","https://sportsbook.fanduel.com/addToBetslip?marketId=717.188444636&selectionId=7017905"
"SPORTSGAMEODDS","OkcGU9Ky4a8p50V7NXOh","2026-09-25T22:05:00.000Z","Chicago Cubs @ Boston Red Sox","Chicago Cubs","Boston Red Sox","5","full","FULL_INNING_TOTAL","over","","points-all-5i-ou-over","fanduel","1.5","true","390","2026-09-25T16:28:08.825Z","0.5","0.5","","","https://sportsbook.fanduel.com/addToBetslip?marketId=717.188444636&selectionId=7017905"
"SPORTSGAMEODDS","OkcGU9Ky4a8p50V7NXOh","2026-09-25T22:05:00.000Z","Chicago Cubs @ Boston Red Sox","Chicago Cubs","Boston Red Sox","5","full","FULL_INNING_TOTAL","over","","points-all-5i-ou-over","draftkings","0.5","false","145","2026-09-25T16:27:56.462Z","0.5","0.5","163","145",""
"SPORTSGAMEODDS","OkcGU9Ky4a8p50V7NXOh","2026-09-25T22:05:00.000Z","Chicago Cubs @ Boston Red Sox","Chicago Cubs","Boston Red Sox","5","full","FULL_INNING_TOTAL","over","","points-all-5i-ou-over","draftkings","1.5","true","370","2026-09-25T16:27:56.462Z","0.5","0.5","","",""
"SPORTSGAMEODDS","OkcGU9Ky4a8p50V7NXOh","2026-09-25T22:05:00.000Z","Chicago Cubs @ Boston Red Sox","Chicago Cubs","Boston Red Sox","5","full","FULL_INNING_TOTAL","under","","points-all-5i-ou-under","fanduel","0.5","false","-184","2026-09-25T16:28:08.825Z","0.5","0.5","-163","-200","https://sportsbook.fanduel.com/addToBetslip?marketId=717.188444636&selectionId=7017906"
"SPORTSGAMEODDS","OkcGU9Ky4a8p50V7NXOh","2026-09-25T22:05:00.000Z","Chicago Cubs @ Boston Red Sox","Chicago Cubs","Boston Red Sox","5","full","FULL_INNING_TOTAL","under","","points-all-5i-ou-under","fanduel","1.5","true","-550","2026-09-25T16:28:08.825Z","0.5","0.5","","","https://sportsbook.fanduel.com/addToBetslip?marketId=717.188444636&selectionId=7017906"
"SPORTSGAMEODDS","OkcGU9Ky4a8p50V7NXOh","2026-09-25T22:05:00.000Z","Chicago Cubs @ Boston Red Sox","Chicago Cubs","Boston Red Sox","5","full","FULL_INNING_TOTAL","under","","points-all-5i-ou-under","draftkings","0.5","false","-200","2026-09-25T16:27:56.462Z","0.5","0.5","-163","-200",""
"SPORTSGAMEODDS","OkcGU9Ky4a8p50V7NXOh","2026-09-25T22:05:00.000Z","Chicago Cubs @ Boston Red Sox","Chicago Cubs","Boston Red Sox","5","full","FULL_INNING_TOTAL","under","","points-all-5i-ou-under","draftkings","1.5","true","-550","2026-09-25T16:27:56.462Z","0.5","0.5","","",""
"SPORTSGAMEODDS","OkcGU9Ky4a8p50V7NXOh","2026-09-25T22:05:00.000Z","Chicago Cubs @ Boston Red Sox","Chicago Cubs","Boston Red Sox","6","full","FULL_INNING_3WAY","draw","","points-all-6i-ml3way-draw","fanduel","","false","-190","2026-09-25T16:28:08.825Z","","","","","https://sportsbook.fanduel.com/addToBetslip?marketId=717.188444600&selectionId=131604"
"SPORTSGAMEODDS","OkcGU9Ky4a8p50V7NXOh","2026-09-25T22:05:00.000Z","Chicago Cubs @ Boston Red Sox","Chicago Cubs","Boston Red Sox","6","full","FULL_INNING_3WAY","draw","","points-all-6i-ml3way-draw","draftkings","","false","-185","2026-09-25T16:27:56.462Z","","","","",""
"SPORTSGAMEODDS","OkcGU9Ky4a8p50V7NXOh","2026-09-25T22:05:00.000Z","Chicago Cubs @ Boston Red Sox","Chicago Cubs","Boston Red Sox","6","full","FULL_INNING_TOTAL","over","","points-all-6i-ou-over","fanduel","0.5","false","138","2026-09-25T16:28:08.825Z","0.5","0.5","139","120","https://sportsbook.fanduel.com/addToBetslip?marketId=717.188444592&selectionId=7017905"
"SPORTSGAMEODDS","OkcGU9Ky4a8p50V7NXOh","2026-09-25T22:05:00.000Z","Chicago Cubs @ Boston Red Sox","Chicago Cubs","Boston Red Sox","6","full","FULL_INNING_TOTAL","over","","points-all-6i-ou-over","fanduel","1.5","true","360","2026-09-25T16:28:08.825Z","0.5","0.5","","","https://sportsbook.fanduel.com/addToBetslip?marketId=717.188444592&selectionId=7017905"
"SPORTSGAMEODDS","OkcGU9Ky4a8p50V7NXOh","2026-09-25T22:05:00.000Z","Chicago Cubs @ Boston Red Sox","Chicago Cubs","Boston Red Sox","6","full","FULL_INNING_TOTAL","over","","points-all-6i-ou-over","draftkings","0.5","false","120","2026-09-25T16:27:56.462Z","0.5","0.5","139","120",""
"SPORTSGAMEODDS","OkcGU9Ky4a8p50V7NXOh","2026-09-25T22:05:00.000Z","Chicago Cubs @ Boston Red Sox","Chicago Cubs","Boston Red Sox","6","full","FULL_INNING_TOTAL","over","","points-all-6i-ou-over","draftkings","1.5","true","310","2026-09-25T16:27:56.462Z","0.5","0.5","","",""
"SPORTSGAMEODDS","OkcGU9Ky4a8p50V7NXOh","2026-09-25T22:05:00.000Z","Chicago Cubs @ Boston Red Sox","Chicago Cubs","Boston Red Sox","6","full","FULL_INNING_TOTAL","under","","points-all-6i-ou-under","fanduel","0.5","false","-170","2026-09-25T16:28:08.825Z","0.5","0.5","-139","-170","https://sportsbook.fanduel.com/addToBetslip?marketId=717.188444592&selectionId=7017906"
"SPORTSGAMEODDS","OkcGU9Ky4a8p50V7NXOh","2026-09-25T22:05:00.000Z","Chicago Cubs @ Boston Red Sox","Chicago Cubs","Boston Red Sox","6","full","FULL_INNING_TOTAL","under","","points-all-6i-ou-under","fanduel","1.5","true","-500","2026-09-25T16:28:08.825Z","0.5","0.5","","","https://sportsbook.fanduel.com/addToBetslip?marketId=717.188444592&selectionId=7017906"
"SPORTSGAMEODDS","OkcGU9Ky4a8p50V7NXOh","2026-09-25T22:05:00.000Z","Chicago Cubs @ Boston Red Sox","Chicago Cubs","Boston Red Sox","6","full","FULL_INNING_TOTAL","under","","points-all-6i-ou-under","draftkings","0.5","false","-165","2026-09-25T16:27:56.462Z","0.5","0.5","-139","-170",""
"SPORTSGAMEODDS","OkcGU9Ky4a8p50V7NXOh","2026-09-25T22:05:00.000Z","Chicago Cubs @ Boston Red Sox","Chicago Cubs","Boston Red Sox","6","full","FULL_INNING_TOTAL","under","","points-all-6i-ou-under","draftkings","1.5","true","-450","2026-09-25T16:27:56.462Z","0.5","0.5","","",""
"SPORTSGAMEODDS","OkcGU9Ky4a8p50V7NXOh","2026-09-25T22:05:00.000Z","Chicago Cubs @ Boston Red Sox","Chicago Cubs","Boston Red Sox","7","full","FULL_INNING_3WAY","draw","","points-all-7i-ml3way-draw","fanduel","","false","-200","2026-09-25T16:28:08.825Z","","","","","https://sportsbook.fanduel.com/addToBetslip?marketId=717.188444528&selectionId=131604"
"SPORTSGAMEODDS","OkcGU9Ky4a8p50V7NXOh","2026-09-25T22:05:00.000Z","Chicago Cubs @ Boston Red Sox","Chicago Cubs","Boston Red Sox","7","full","FULL_INNING_3WAY","draw","","points-all-7i-ml3way-draw","draftkings","","false","-195","2026-09-25T16:27:56.462Z","","","","",""
"SPORTSGAMEODDS","OkcGU9Ky4a8p50V7NXOh","2026-09-25T22:05:00.000Z","Chicago Cubs @ Boston Red Sox","Chicago Cubs","Boston Red Sox","7","full","FULL_INNING_TOTAL","over","","points-all-7i-ou-over","fanduel","0.5","false","148","2026-09-25T16:28:08.825Z","0.5","0.5","149","130","https://sportsbook.fanduel.com/addToBetslip?marketId=717.188444605&selectionId=7017905"
"SPORTSGAMEODDS","OkcGU9Ky4a8p50V7NXOh","2026-09-25T22:05:00.000Z","Chicago Cubs @ Boston Red Sox","Chicago Cubs","Boston Red Sox","7","full","FULL_INNING_TOTAL","over","","points-all-7i-ou-over","fanduel","1.5","true","410","2026-09-25T16:28:08.825Z","0.5","0.5","","","https://sportsbook.fanduel.com/addToBetslip?marketId=717.188444605&selectionId=7017905"
"SPORTSGAMEODDS","OkcGU9Ky4a8p50V7NXOh","2026-09-25T22:05:00.000Z","Chicago Cubs @ Boston Red Sox","Chicago Cubs","Boston Red Sox","7","full","FULL_INNING_TOTAL","over","","points-all-7i-ou-over","draftkings","0.5","false","130","2026-09-25T16:27:56.462Z","0.5","0.5","149","130",""
"SPORTSGAMEODDS","OkcGU9Ky4a8p50V7NXOh","2026-09-25T22:05:00.000Z","Chicago Cubs @ Boston Red Sox","Chicago Cubs","Boston Red Sox","7","full","FULL_INNING_TOTAL","over","","points-all-7i-ou-over","draftkings","1.5","true","330","2026-09-25T16:27:56.462Z","0.5","0.5","","",""
"SPORTSGAMEODDS","OkcGU9Ky4a8p50V7NXOh","2026-09-25T22:05:00.000Z","Chicago Cubs @ Boston Red Sox","Chicago Cubs","Boston Red Sox","7","full","FULL_INNING_TOTAL","under","","points-all-7i-ou-under","fanduel","0.5","false","-184","2026-09-25T16:28:08.825Z","0.5","0.5","-149","-184","https://sportsbook.fanduel.com/addToBetslip?marketId=717.188444605&selectionId=7017906"
"SPORTSGAMEODDS","OkcGU9Ky4a8p50V7NXOh","2026-09-25T22:05:00.000Z","Chicago Cubs @ Boston Red Sox","Chicago Cubs","Boston Red Sox","7","full","FULL_INNING_TOTAL","under","","points-all-7i-ou-under","fanduel","1.5","true","-590","2026-09-25T16:28:08.825Z","0.5","0.5","","","https://sportsbook.fanduel.com/addToBetslip?marketId=717.188444605&selectionId=7017906"
"SPORTSGAMEODDS","OkcGU9Ky4a8p50V7NXOh","2026-09-25T22:05:00.000Z","Chicago Cubs @ Boston Red Sox","Chicago Cubs","Boston Red Sox","7","full","FULL_INNING_TOTAL","under","","points-all-7i-ou-under","draftkings","0.5","false","-175","2026-09-25T16:27:56.462Z","0.5","0.5","-149","-184",""
"SPORTSGAMEODDS","OkcGU9Ky4a8p50V7NXOh","2026-09-25T22:05:00.000Z","Chicago Cubs @ Boston Red Sox","Chicago Cubs","Boston Red Sox","7","full","FULL_INNING_TOTAL","under","","points-all-7i-ou-under","draftkings","1.5","true","-475","2026-09-25T16:27:56.462Z","0.5","0.5","","",""
"SPORTSGAMEODDS","OkcGU9Ky4a8p50V7NXOh","2026-09-25T22:05:00.000Z","Chicago Cubs @ Boston Red Sox","Chicago Cubs","Boston Red Sox","8","full","FULL_INNING_3WAY","draw","","points-all-8i-ml3way-draw","fanduel","","false","-210","2026-09-25T16:28:08.825Z","","","","","https://sportsbook.fanduel.com/addToBetslip?marketId=717.188444549&selectionId=131604"
"SPORTSGAMEODDS","OkcGU9Ky4a8p50V7NXOh","2026-09-25T22:05:00.000Z","Chicago Cubs @ Boston Red Sox","Chicago Cubs","Boston Red Sox","8","full","FULL_INNING_3WAY","draw","","points-all-8i-ml3way-draw","draftkings","","false","-195","2026-09-25T16:27:56.462Z","","","","",""
"SPORTSGAMEODDS","OkcGU9Ky4a8p50V7NXOh","2026-09-25T22:05:00.000Z","Chicago Cubs @ Boston Red Sox","Chicago Cubs","Boston Red Sox","8","full","FULL_INNING_TOTAL","over","","points-all-8i-ou-over","fanduel","0.5","false","144","2026-09-25T16:28:08.825Z","0.5","0.5","147","130","https://sportsbook.fanduel.com/addToBetslip?marketId=717.188444570&selectionId=7017905"
"SPORTSGAMEODDS","OkcGU9Ky4a8p50V7NXOh","2026-09-25T22:05:00.000Z","Chicago Cubs @ Boston Red Sox","Chicago Cubs","Boston Red Sox","8","full","FULL_INNING_TOTAL","over","","points-all-8i-ou-over","fanduel","1.5","true","390","2026-09-25T16:28:08.825Z","0.5","0.5","","","https://sportsbook.fanduel.com/addToBetslip?marketId=717.188444570&selectionId=7017905"
"SPORTSGAMEODDS","OkcGU9Ky4a8p50V7NXOh","2026-09-25T22:05:00.000Z","Chicago Cubs @ Boston Red Sox","Chicago Cubs","Boston Red Sox","8","full","FULL_INNING_TOTAL","over","","points-all-8i-ou-over","draftkings","0.5","false","130","2026-09-25T16:27:56.462Z","0.5","0.5","147","130",""
"SPORTSGAMEODDS","OkcGU9Ky4a8p50V7NXOh","2026-09-25T22:05:00.000Z","Chicago Cubs @ Boston Red Sox","Chicago Cubs","Boston Red Sox","8","full","FULL_INNING_TOTAL","over","","points-all-8i-ou-over","draftkings","1.5","true","320","2026-09-25T16:27:56.462Z","0.5","0.5","","",""
"SPORTSGAMEODDS","OkcGU9Ky4a8p50V7NXOh","2026-09-25T22:05:00.000Z","Chicago Cubs @ Boston Red Sox","Chicago Cubs","Boston Red Sox","8","full","FULL_INNING_TOTAL","under","","points-all-8i-ou-under","fanduel","0.5","false","-178","2026-09-25T16:28:08.825Z","0.5","0.5","-147","-178","https://sportsbook.fanduel.com/addToBetslip?marketId=717.188444570&selectionId=7017906"
"SPORTSGAMEODDS","OkcGU9Ky4a8p50V7NXOh","2026-09-25T22:05:00.000Z","Chicago Cubs @ Boston Red Sox","Chicago Cubs","Boston Red Sox","8","full","FULL_INNING_TOTAL","under","","points-all-8i-ou-under","fanduel","1.5","true","-500","2026-09-25T16:28:08.825Z","0.5","0.5","","","https://sportsbook.fanduel.com/addToBetslip?marketId=717.188444570&selectionId=7017906"
"SPORTSGAMEODDS","OkcGU9Ky4a8p50V7NXOh","2026-09-25T22:05:00.000Z","Chicago Cubs @ Boston Red Sox","Chicago Cubs","Boston Red Sox","8","full","FULL_INNING_TOTAL","under","","points-all-8i-ou-under","draftkings","0.5","false","-175","2026-09-25T16:27:56.462Z","0.5","0.5","-147","-178",""
"SPORTSGAMEODDS","OkcGU9Ky4a8p50V7NXOh","2026-09-25T22:05:00.000Z","Chicago Cubs @ Boston Red Sox","Chicago Cubs","Boston Red Sox","8","full","FULL_INNING_TOTAL","under","","points-all-8i-ou-under","draftkings","1.5","true","-450","2026-09-25T16:27:56.462Z","0.5","0.5","","",""
"SPORTSGAMEODDS","OkcGU9Ky4a8p50V7NXOh","2026-09-25T22:05:00.000Z","Chicago Cubs @ Boston Red Sox","Chicago Cubs","Boston Red Sox","9","full","FULL_INNING_3WAY","draw","","points-all-9i-ml3way-draw","fanduel","","false","-300","2026-09-25T16:28:08.825Z","","","","","https://sportsbook.fanduel.com/addToBetslip?marketId=717.188444515&selectionId=131604"
"SPORTSGAMEODDS","OkcGU9Ky4a8p50V7NXOh","2026-09-25T22:05:00.000Z","Chicago Cubs @ Boston Red Sox","Chicago Cubs","Boston Red Sox","9","full","FULL_INNING_3WAY","draw","","points-all-9i-ml3way-draw","draftkings","","false","-270","2026-09-25T16:27:56.462Z","","","","",""
"SPORTSGAMEODDS","OkcGU9Ky4a8p50V7NXOh","2026-09-25T22:05:00.000Z","Chicago Cubs @ Boston Red Sox","Chicago Cubs","Boston Red Sox","9","full","FULL_INNING_TOTAL","over","","points-all-9i-ou-over","fanduel","0.5","false","198","2026-09-25T16:28:08.825Z","","0.5","","186","https://sportsbook.fanduel.com/addToBetslip?marketId=717.188444677&selectionId=7017905"
"SPORTSGAMEODDS","OkcGU9Ky4a8p50V7NXOh","2026-09-25T22:05:00.000Z","Chicago Cubs @ Boston Red Sox","Chicago Cubs","Boston Red Sox","9","full","FULL_INNING_TOTAL","over","","points-all-9i-ou-over","fanduel","1.5","true","490","2026-09-25T16:28:08.825Z","","0.5","","","https://sportsbook.fanduel.com/addToBetslip?marketId=717.188444677&selectionId=7017905"
"SPORTSGAMEODDS","OkcGU9Ky4a8p50V7NXOh","2026-09-25T22:05:00.000Z","Chicago Cubs @ Boston Red Sox","Chicago Cubs","Boston Red Sox","9","full","FULL_INNING_TOTAL","over","","points-all-9i-ou-over","draftkings","0.5","false","175","2026-09-25T16:27:56.462Z","","0.5","","186",""
"SPORTSGAMEODDS","OkcGU9Ky4a8p50V7NXOh","2026-09-25T22:05:00.000Z","Chicago Cubs @ Boston Red Sox","Chicago Cubs","Boston Red Sox","9","full","FULL_INNING_TOTAL","over","","points-all-9i-ou-over","draftkings","1.5","true","450","2026-09-25T16:27:56.462Z","","0.5","","",""
"SPORTSGAMEODDS","OkcGU9Ky4a8p50V7NXOh","2026-09-25T22:05:00.000Z","Chicago Cubs @ Boston Red Sox","Chicago Cubs","Boston Red Sox","9","full","FULL_INNING_TOTAL","under","","points-all-9i-ou-under","fanduel","0.5","false","-250","2026-09-25T16:28:08.825Z","","0.5","","-245","https://sportsbook.fanduel.com/addToBetslip?marketId=717.188444677&selectionId=7017906"
"SPORTSGAMEODDS","OkcGU9Ky4a8p50V7NXOh","2026-09-25T22:05:00.000Z","Chicago Cubs @ Boston Red Sox","Chicago Cubs","Boston Red Sox","9","full","FULL_INNING_TOTAL","under","","points-all-9i-ou-under","fanduel","1.5","true","-750","2026-09-25T16:28:08.825Z","","0.5","","","https://sportsbook.fanduel.com/addToBetslip?marketId=717.188444677&selectionId=7017906"
"SPORTSGAMEODDS","OkcGU9Ky4a8p50V7NXOh","2026-09-25T22:05:00.000Z","Chicago Cubs @ Boston Red Sox","Chicago Cubs","Boston Red Sox","9","full","FULL_INNING_TOTAL","under","","points-all-9i-ou-under","draftkings","0.5","false","-240","2026-09-25T16:27:56.462Z","","0.5","","-245",""
"SPORTSGAMEODDS","OkcGU9Ky4a8p50V7NXOh","2026-09-25T22:05:00.000Z","Chicago Cubs @ Boston Red Sox","Chicago Cubs","Boston Red Sox","9","full","FULL_INNING_TOTAL","under","","points-all-9i-ou-under","draftkings","1.5","true","-700","2026-09-25T16:27:56.462Z","","0.5","","",""
"SPORTSGAMEODDS","OkcGU9Ky4a8p50V7NXOh","2026-09-25T22:05:00.000Z","Chicago Cubs @ Boston Red Sox","Chicago Cubs","Boston Red Sox","2","full","FULL_INNING_3WAY","away","","points-away-2i-ml3way-away","fanduel","","false","420","2026-09-25T16:28:08.825Z","","","","","https://sportsbook.fanduel.com/addToBetslip?marketId=717.188444547&selectionId=29166"
"SPORTSGAMEODDS","OkcGU9Ky4a8p50V7NXOh","2026-09-25T22:05:00.000Z","Chicago Cubs @ Boston Red Sox","Chicago Cubs","Boston Red Sox","2","full","FULL_INNING_3WAY","away","","points-away-2i-ml3way-away","draftkings","","false","390","2026-09-25T16:27:56.462Z","","","","",""
"SPORTSGAMEODDS","OkcGU9Ky4a8p50V7NXOh","2026-09-25T22:05:00.000Z","Chicago Cubs @ Boston Red Sox","Chicago Cubs","Boston Red Sox","3","full","FULL_INNING_3WAY","away","","points-away-3i-ml3way-away","fanduel","","false","380","2026-09-25T16:28:08.825Z","","","","","https://sportsbook.fanduel.com/addToBetslip?marketId=717.188444694&selectionId=29166"
"SPORTSGAMEODDS","OkcGU9Ky4a8p50V7NXOh","2026-09-25T22:05:00.000Z","Chicago Cubs @ Boston Red Sox","Chicago Cubs","Boston Red Sox","3","full","FULL_INNING_3WAY","away","","points-away-3i-ml3way-away","draftkings","","false","380","2026-09-25T16:27:56.462Z","","","","",""
"SPORTSGAMEODDS","OkcGU9Ky4a8p50V7NXOh","2026-09-25T22:05:00.000Z","Chicago Cubs @ Boston Red Sox","Chicago Cubs","Boston Red Sox","4","full","FULL_INNING_3WAY","away","","points-away-4i-ml3way-away","fanduel","","false","380","2026-09-25T16:28:08.825Z","","","","","https://sportsbook.fanduel.com/addToBetslip?marketId=717.188444560&selectionId=29166"
"SPORTSGAMEODDS","OkcGU9Ky4a8p50V7NXOh","2026-09-25T22:05:00.000Z","Chicago Cubs @ Boston Red Sox","Chicago Cubs","Boston Red Sox","4","full","FULL_INNING_3WAY","away","","points-away-4i-ml3way-away","draftkings","","false","390","2026-09-25T16:27:56.462Z","","","","",""
"SPORTSGAMEODDS","OkcGU9Ky4a8p50V7NXOh","2026-09-25T22:05:00.000Z","Chicago Cubs @ Boston Red Sox","Chicago Cubs","Boston Red Sox","5","full","FULL_INNING_3WAY","away","","points-away-5i-ml3way-away","fanduel","","false","410","2026-09-25T16:28:08.825Z","","","","","https://sportsbook.fanduel.com/addToBetslip?marketId=717.188444646&selectionId=29166"
"SPORTSGAMEODDS","OkcGU9Ky4a8p50V7NXOh","2026-09-25T22:05:00.000Z","Chicago Cubs @ Boston Red Sox","Chicago Cubs","Boston Red Sox","5","full","FULL_INNING_3WAY","away","","points-away-5i-ml3way-away","draftkings","","false","400","2026-09-25T16:27:56.462Z","","","","",""
"SPORTSGAMEODDS","OkcGU9Ky4a8p50V7NXOh","2026-09-25T22:05:00.000Z","Chicago Cubs @ Boston Red Sox","Chicago Cubs","Boston Red Sox","6","full","FULL_INNING_3WAY","away","","points-away-6i-ml3way-away","fanduel","","false","380","2026-09-25T16:28:08.825Z","","","","","https://sportsbook.fanduel.com/addToBetslip?marketId=717.188444600&selectionId=29166"
"SPORTSGAMEODDS","OkcGU9Ky4a8p50V7NXOh","2026-09-25T22:05:00.000Z","Chicago Cubs @ Boston Red Sox","Chicago Cubs","Boston Red Sox","6","full","FULL_INNING_3WAY","away","","points-away-6i-ml3way-away","draftkings","","false","330","2026-09-25T16:27:56.462Z","","","","",""
"SPORTSGAMEODDS","OkcGU9Ky4a8p50V7NXOh","2026-09-25T22:05:00.000Z","Chicago Cubs @ Boston Red Sox","Chicago Cubs","Boston Red Sox","7","full","FULL_INNING_3WAY","away","","points-away-7i-ml3way-away","fanduel","","false","380","2026-09-25T16:28:08.825Z","","","","","https://sportsbook.fanduel.com/addToBetslip?marketId=717.188444528&selectionId=29166"
"SPORTSGAMEODDS","OkcGU9Ky4a8p50V7NXOh","2026-09-25T22:05:00.000Z","Chicago Cubs @ Boston Red Sox","Chicago Cubs","Boston Red Sox","7","full","FULL_INNING_3WAY","away","","points-away-7i-ml3way-away","draftkings","","false","360","2026-09-25T16:27:56.462Z","","","","",""
"SPORTSGAMEODDS","OkcGU9Ky4a8p50V7NXOh","2026-09-25T22:05:00.000Z","Chicago Cubs @ Boston Red Sox","Chicago Cubs","Boston Red Sox","8","full","FULL_INNING_3WAY","away","","points-away-8i-ml3way-away","fanduel","","false","380","2026-09-25T16:28:08.825Z","","","","","https://sportsbook.fanduel.com/addToBetslip?marketId=717.188444549&selectionId=29166"
"SPORTSGAMEODDS","OkcGU9Ky4a8p50V7NXOh","2026-09-25T22:05:00.000Z","Chicago Cubs @ Boston Red Sox","Chicago Cubs","Boston Red Sox","8","full","FULL_INNING_3WAY","away","","points-away-8i-ml3way-away","draftkings","","false","360","2026-09-25T16:27:56.462Z","","","","",""
"SPORTSGAMEODDS","OkcGU9Ky4a8p50V7NXOh","2026-09-25T22:05:00.000Z","Chicago Cubs @ Boston Red Sox","Chicago Cubs","Boston Red Sox","9","full","FULL_INNING_3WAY","away","","points-away-9i-ml3way-away","fanduel","","false","360","2026-09-25T16:28:08.825Z","","","","","https://sportsbook.fanduel.com/addToBetslip?marketId=717.188444515&selectionId=29166"
"SPORTSGAMEODDS","OkcGU9Ky4a8p50V7NXOh","2026-09-25T22:05:00.000Z","Chicago Cubs @ Boston Red Sox","Chicago Cubs","Boston Red Sox","9","full","FULL_INNING_3WAY","away","","points-away-9i-ml3way-away","draftkings","","false","340","2026-09-25T16:27:56.462Z","","","","",""
"SPORTSGAMEODDS","OkcGU9Ky4a8p50V7NXOh","2026-09-25T22:05:00.000Z","Chicago Cubs @ Boston Red Sox","Chicago Cubs","Boston Red Sox","2","full","FULL_INNING_3WAY","home","","points-home-2i-ml3way-home","fanduel","","false","400","2026-09-25T16:28:08.825Z","","","","","https://sportsbook.fanduel.com/addToBetslip?marketId=717.188444547&selectionId=29158"
"SPORTSGAMEODDS","OkcGU9Ky4a8p50V7NXOh","2026-09-25T22:05:00.000Z","Chicago Cubs @ Boston Red Sox","Chicago Cubs","Boston Red Sox","2","full","FULL_INNING_3WAY","home","","points-home-2i-ml3way-home","draftkings","","false","400","2026-09-25T16:27:56.462Z","","","","",""
"SPORTSGAMEODDS","OkcGU9Ky4a8p50V7NXOh","2026-09-25T22:05:00.000Z","Chicago Cubs @ Boston Red Sox","Chicago Cubs","Boston Red Sox","3","full","FULL_INNING_3WAY","home","","points-home-3i-ml3way-home","fanduel","","false","440","2026-09-25T16:28:08.825Z","","","","","https://sportsbook.fanduel.com/addToBetslip?marketId=717.188444694&selectionId=29158"
"SPORTSGAMEODDS","OkcGU9Ky4a8p50V7NXOh","2026-09-25T22:05:00.000Z","Chicago Cubs @ Boston Red Sox","Chicago Cubs","Boston Red Sox","3","full","FULL_INNING_3WAY","home","","points-home-3i-ml3way-home","draftkings","","false","400","2026-09-25T16:27:56.462Z","","","","",""
"SPORTSGAMEODDS","OkcGU9Ky4a8p50V7NXOh","2026-09-25T22:05:00.000Z","Chicago Cubs @ Boston Red Sox","Chicago Cubs","Boston Red Sox","4","full","FULL_INNING_3WAY","home","","points-home-4i-ml3way-home","fanduel","","false","380","2026-09-25T16:28:08.825Z","","","","","https://sportsbook.fanduel.com/addToBetslip?marketId=717.188444560&selectionId=29158"
"SPORTSGAMEODDS","OkcGU9Ky4a8p50V7NXOh","2026-09-25T22:05:00.000Z","Chicago Cubs @ Boston Red Sox","Chicago Cubs","Boston Red Sox","4","full","FULL_INNING_3WAY","home","","points-home-4i-ml3way-home","draftkings","","false","400","2026-09-25T16:27:56.462Z","","","","",""
"SPORTSGAMEODDS","OkcGU9Ky4a8p50V7NXOh","2026-09-25T22:05:00.000Z","Chicago Cubs @ Boston Red Sox","Chicago Cubs","Boston Red Sox","5","full","FULL_INNING_3WAY","home","","points-home-5i-ml3way-home","fanduel","","false","410","2026-09-25T16:28:08.825Z","","","","","https://sportsbook.fanduel.com/addToBetslip?marketId=717.188444646&selectionId=29158"
"SPORTSGAMEODDS","OkcGU9Ky4a8p50V7NXOh","2026-09-25T22:05:00.000Z","Chicago Cubs @ Boston Red Sox","Chicago Cubs","Boston Red Sox","5","full","FULL_INNING_3WAY","home","","points-home-5i-ml3way-home","draftkings","","false","425","2026-09-25T16:27:56.462Z","","","","",""
"SPORTSGAMEODDS","OkcGU9Ky4a8p50V7NXOh","2026-09-25T22:05:00.000Z","Chicago Cubs @ Boston Red Sox","Chicago Cubs","Boston Red Sox","6","full","FULL_INNING_3WAY","home","","points-home-6i-ml3way-home","fanduel","","false","400","2026-09-25T16:28:08.825Z","","","","","https://sportsbook.fanduel.com/addToBetslip?marketId=717.188444600&selectionId=29158"
"SPORTSGAMEODDS","OkcGU9Ky4a8p50V7NXOh","2026-09-25T22:05:00.000Z","Chicago Cubs @ Boston Red Sox","Chicago Cubs","Boston Red Sox","6","full","FULL_INNING_3WAY","home","","points-home-6i-ml3way-home","draftkings","","false","370","2026-09-25T16:27:56.462Z","","","","",""
"SPORTSGAMEODDS","OkcGU9Ky4a8p50V7NXOh","2026-09-25T22:05:00.000Z","Chicago Cubs @ Boston Red Sox","Chicago Cubs","Boston Red Sox","7","full","FULL_INNING_3WAY","home","","points-home-7i-ml3way-home","fanduel","","false","430","2026-09-25T16:28:08.825Z","","","","","https://sportsbook.fanduel.com/addToBetslip?marketId=717.188444528&selectionId=29158"
"SPORTSGAMEODDS","OkcGU9Ky4a8p50V7NXOh","2026-09-25T22:05:00.000Z","Chicago Cubs @ Boston Red Sox","Chicago Cubs","Boston Red Sox","7","full","FULL_INNING_3WAY","home","","points-home-7i-ml3way-home","draftkings","","false","380","2026-09-25T16:27:56.462Z","","","","",""
"SPORTSGAMEODDS","OkcGU9Ky4a8p50V7NXOh","2026-09-25T22:05:00.000Z","Chicago Cubs @ Boston Red Sox","Chicago Cubs","Boston Red Sox","8","full","FULL_INNING_3WAY","home","","points-home-8i-ml3way-home","fanduel","","false","430","2026-09-25T16:28:08.825Z","","","","","https://sportsbook.fanduel.com/addToBetslip?marketId=717.188444549&selectionId=29158"
"SPORTSGAMEODDS","OkcGU9Ky4a8p50V7NXOh","2026-09-25T22:05:00.000Z","Chicago Cubs @ Boston Red Sox","Chicago Cubs","Boston Red Sox","8","full","FULL_INNING_3WAY","home","","points-home-8i-ml3way-home","draftkings","","false","370","2026-09-25T16:27:56.462Z","","","","",""
"SPORTSGAMEODDS","OkcGU9Ky4a8p50V7NXOh","2026-09-25T22:05:00.000Z","Chicago Cubs @ Boston Red Sox","Chicago Cubs","Boston Red Sox","9","full","FULL_INNING_3WAY","home","","points-home-9i-ml3way-home","fanduel","","false","700","2026-09-25T16:28:08.825Z","","","","","https://sportsbook.fanduel.com/addToBetslip?marketId=717.188444515&selectionId=29158"
"SPORTSGAMEODDS","OkcGU9Ky4a8p50V7NXOh","2026-09-25T22:05:00.000Z","Chicago Cubs @ Boston Red Sox","Chicago Cubs","Boston Red Sox","9","full","FULL_INNING_3WAY","home","","points-home-9i-ml3way-home","draftkings","","false","600","2026-09-25T16:27:56.462Z","","","","",""
"SPORTSGAMEODDS","NKUyxP61dViBiaUflpms","2026-09-25T22:40:00.000Z","Pittsburgh Pirates @ Detroit Tigers","Pittsburgh Pirates","Detroit Tigers","1","full","FULL_INNING_3WAY","draw","","points-all-1i-ml3way-draw","fanduel","","false","-150","2026-09-25T16:28:08.825Z","","","","","https://sportsbook.fanduel.com/addToBetslip?marketId=717.188363126&selectionId=131604"
"SPORTSGAMEODDS","NKUyxP61dViBiaUflpms","2026-09-25T22:40:00.000Z","Pittsburgh Pirates @ Detroit Tigers","Pittsburgh Pirates","Detroit Tigers","1","full","FULL_INNING_3WAY","draw","","points-all-1i-ml3way-draw","draftkings","","false","-155","2026-09-25T16:27:56.462Z","","","","",""
"SPORTSGAMEODDS","NKUyxP61dViBiaUflpms","2026-09-25T22:40:00.000Z","Pittsburgh Pirates @ Detroit Tigers","Pittsburgh Pirates","Detroit Tigers","1","full","FULL_INNING_3WAY","draw","","points-all-1i-ml3way-draw","betmgm","","false","-140","2026-09-25T16:28:17.909Z","","","","","https://sports.nj.betmgm.com/en/sports?options=19944447-1561272086-2304271243"
"SPORTSGAMEODDS","NKUyxP61dViBiaUflpms","2026-09-25T22:40:00.000Z","Pittsburgh Pirates @ Detroit Tigers","Pittsburgh Pirates","Detroit Tigers","1","full","FULL_INNING_TOTAL","over","","points-all-1i-ou-over","fanduel","0.5","false","106","2026-09-25T16:28:08.825Z","0.5","0.5","117","105","https://sportsbook.fanduel.com/addToBetslip?marketId=717.188363198&selectionId=7017905"
"SPORTSGAMEODDS","NKUyxP61dViBiaUflpms","2026-09-25T22:40:00.000Z","Pittsburgh Pirates @ Detroit Tigers","Pittsburgh Pirates","Detroit Tigers","1","full","FULL_INNING_TOTAL","over","","points-all-1i-ou-over","fanduel","1.5","true","260","2026-09-25T16:28:08.825Z","0.5","0.5","","","https://sportsbook.fanduel.com/addToBetslip?marketId=717.188363198&selectionId=7017905"
"SPORTSGAMEODDS","NKUyxP61dViBiaUflpms","2026-09-25T22:40:00.000Z","Pittsburgh Pirates @ Detroit Tigers","Pittsburgh Pirates","Detroit Tigers","1","full","FULL_INNING_TOTAL","over","","points-all-1i-ou-over","caesars","0.5","false","107","2026-09-25T16:28:10.909Z","0.5","0.5","117","105","https://sportsbook.caesars.com/us/nj/bet/betslip?selectionIds=70e06232-92d0-3105-8c8d-8ea1e8331d53"
"SPORTSGAMEODDS","NKUyxP61dViBiaUflpms","2026-09-25T22:40:00.000Z","Pittsburgh Pirates @ Detroit Tigers","Pittsburgh Pirates","Detroit Tigers","1","full","FULL_INNING_TOTAL","over","","points-all-1i-ou-over","draftkings","0.5","false","105","2026-09-25T16:27:56.462Z","0.5","0.5","117","105",""
"SPORTSGAMEODDS","NKUyxP61dViBiaUflpms","2026-09-25T22:40:00.000Z","Pittsburgh Pirates @ Detroit Tigers","Pittsburgh Pirates","Detroit Tigers","1","full","FULL_INNING_TOTAL","over","","points-all-1i-ou-over","draftkings","1.5","true","240","2026-09-25T16:27:56.462Z","0.5","0.5","","",""
"SPORTSGAMEODDS","NKUyxP61dViBiaUflpms","2026-09-25T22:40:00.000Z","Pittsburgh Pirates @ Detroit Tigers","Pittsburgh Pirates","Detroit Tigers","1","full","FULL_INNING_TOTAL","over","","points-all-1i-ou-over","betmgm","0.5","false","-102","2026-09-25T16:28:17.909Z","0.5","0.5","117","105","https://sports.nj.betmgm.com/en/sports?options=19944447-1561272089-2304271229"
"SPORTSGAMEODDS","NKUyxP61dViBiaUflpms","2026-09-25T22:40:00.000Z","Pittsburgh Pirates @ Detroit Tigers","Pittsburgh Pirates","Detroit Tigers","1","full","FULL_INNING_TOTAL","under","","points-all-1i-ou-under","fanduel","0.5","false","-136","2026-09-25T16:28:08.825Z","0.5","0.5","-117","-132","https://sportsbook.fanduel.com/addToBetslip?marketId=717.188363198&selectionId=7017906"
"SPORTSGAMEODDS","NKUyxP61dViBiaUflpms","2026-09-25T22:40:00.000Z","Pittsburgh Pirates @ Detroit Tigers","Pittsburgh Pirates","Detroit Tigers","1","full","FULL_INNING_TOTAL","under","","points-all-1i-ou-under","fanduel","1.5","true","-340","2026-09-25T16:28:08.825Z","0.5","0.5","","","https://sportsbook.fanduel.com/addToBetslip?marketId=717.188363198&selectionId=7017906"
"SPORTSGAMEODDS","NKUyxP61dViBiaUflpms","2026-09-25T22:40:00.000Z","Pittsburgh Pirates @ Detroit Tigers","Pittsburgh Pirates","Detroit Tigers","1","full","FULL_INNING_TOTAL","under","","points-all-1i-ou-under","caesars","0.5","false","-132","2026-09-25T16:28:10.909Z","0.5","0.5","-117","-132","https://sportsbook.caesars.com/us/nj/bet/betslip?selectionIds=3b94366c-b195-3cf5-88bd-aebe3f0dc09b"
"SPORTSGAMEODDS","NKUyxP61dViBiaUflpms","2026-09-25T22:40:00.000Z","Pittsburgh Pirates @ Detroit Tigers","Pittsburgh Pirates","Detroit Tigers","1","full","FULL_INNING_TOTAL","under","","points-all-1i-ou-under","draftkings","0.5","false","-135","2026-09-25T16:27:56.462Z","0.5","0.5","-117","-132",""
"SPORTSGAMEODDS","NKUyxP61dViBiaUflpms","2026-09-25T22:40:00.000Z","Pittsburgh Pirates @ Detroit Tigers","Pittsburgh Pirates","Detroit Tigers","1","full","FULL_INNING_TOTAL","under","","points-all-1i-ou-under","draftkings","1.5","true","-320","2026-09-25T16:27:56.462Z","0.5","0.5","","",""
"SPORTSGAMEODDS","NKUyxP61dViBiaUflpms","2026-09-25T22:40:00.000Z","Pittsburgh Pirates @ Detroit Tigers","Pittsburgh Pirates","Detroit Tigers","1","full","FULL_INNING_TOTAL","under","","points-all-1i-ou-under","betmgm","0.5","false","-125","2026-09-25T16:28:17.909Z","0.5","0.5","-117","-132","https://sports.nj.betmgm.com/en/sports?options=19944447-1561272089-2304271230"
"SPORTSGAMEODDS","NKUyxP61dViBiaUflpms","2026-09-25T22:40:00.000Z","Pittsburgh Pirates @ Detroit Tigers","Pittsburgh Pirates","Detroit Tigers","1","full","FULL_INNING_3WAY","away","","points-away-1i-ml3way-away","fanduel","","false","330","2026-09-25T16:28:08.825Z","","","","","https://sportsbook.fanduel.com/addToBetslip?marketId=717.188363126&selectionId=29176"
"SPORTSGAMEODDS","NKUyxP61dViBiaUflpms","2026-09-25T22:40:00.000Z","Pittsburgh Pirates @ Detroit Tigers","Pittsburgh Pirates","Detroit Tigers","1","full","FULL_INNING_3WAY","away","","points-away-1i-ml3way-away","draftkings","","false","320","2026-09-25T16:27:56.462Z","","","","",""
"SPORTSGAMEODDS","NKUyxP61dViBiaUflpms","2026-09-25T22:40:00.000Z","Pittsburgh Pirates @ Detroit Tigers","Pittsburgh Pirates","Detroit Tigers","1","full","FULL_INNING_3WAY","away","","points-away-1i-ml3way-away","betmgm","","false","310","2026-09-25T16:28:17.909Z","","","","","https://sports.nj.betmgm.com/en/sports?options=19944447-1561272086-2304271242"
"SPORTSGAMEODDS","NKUyxP61dViBiaUflpms","2026-09-25T22:40:00.000Z","Pittsburgh Pirates @ Detroit Tigers","Pittsburgh Pirates","Detroit Tigers","1","full","FULL_INNING_3WAY","home","","points-home-1i-ml3way-home","fanduel","","false","340","2026-09-25T16:28:08.825Z","","","","","https://sportsbook.fanduel.com/addToBetslip?marketId=717.188363126&selectionId=29159"
"SPORTSGAMEODDS","NKUyxP61dViBiaUflpms","2026-09-25T22:40:00.000Z","Pittsburgh Pirates @ Detroit Tigers","Pittsburgh Pirates","Detroit Tigers","1","full","FULL_INNING_3WAY","home","","points-home-1i-ml3way-home","draftkings","","false","310","2026-09-25T16:27:56.462Z","","","","",""
"SPORTSGAMEODDS","NKUyxP61dViBiaUflpms","2026-09-25T22:40:00.000Z","Pittsburgh Pirates @ Detroit Tigers","Pittsburgh Pirates","Detroit Tigers","1","full","FULL_INNING_3WAY","home","","points-home-1i-ml3way-home","betmgm","","false","300","2026-09-25T16:28:17.909Z","","","","","https://sports.nj.betmgm.com/en/sports?options=19944447-1561272086-2304271244"
"SPORTSGAMEODDS","NKUyxP61dViBiaUflpms","2026-09-25T22:40:00.000Z","Pittsburgh Pirates @ Detroit Tigers","Pittsburgh Pirates","Detroit Tigers","2","full","FULL_INNING_3WAY","draw","","points-all-2i-ml3way-draw","fanduel","","false","-165","2026-09-25T16:28:08.825Z","","","","","https://sportsbook.fanduel.com/addToBetslip?marketId=717.188363132&selectionId=131604"
"SPORTSGAMEODDS","NKUyxP61dViBiaUflpms","2026-09-25T22:40:00.000Z","Pittsburgh Pirates @ Detroit Tigers","Pittsburgh Pirates","Detroit Tigers","2","full","FULL_INNING_3WAY","draw","","points-all-2i-ml3way-draw","draftkings","","false","-160","2026-09-25T16:27:56.462Z","","","","",""
"SPORTSGAMEODDS","NKUyxP61dViBiaUflpms","2026-09-25T22:40:00.000Z","Pittsburgh Pirates @ Detroit Tigers","Pittsburgh Pirates","Detroit Tigers","2","full","FULL_INNING_TOTAL","over","","points-all-2i-ou-over","fanduel","0.5","false","112","2026-09-25T16:28:08.825Z","0.5","0.5","117","100","https://sportsbook.fanduel.com/addToBetslip?marketId=717.188363206&selectionId=7017905"
"SPORTSGAMEODDS","NKUyxP61dViBiaUflpms","2026-09-25T22:40:00.000Z","Pittsburgh Pirates @ Detroit Tigers","Pittsburgh Pirates","Detroit Tigers","2","full","FULL_INNING_TOTAL","over","","points-all-2i-ou-over","fanduel","1.5","true","300","2026-09-25T16:28:08.825Z","0.5","0.5","","","https://sportsbook.fanduel.com/addToBetslip?marketId=717.188363206&selectionId=7017905"
"SPORTSGAMEODDS","NKUyxP61dViBiaUflpms","2026-09-25T22:40:00.000Z","Pittsburgh Pirates @ Detroit Tigers","Pittsburgh Pirates","Detroit Tigers","2","full","FULL_INNING_TOTAL","over","","points-all-2i-ou-over","draftkings","0.5","false","100","2026-09-25T16:27:56.462Z","0.5","0.5","117","100",""
"SPORTSGAMEODDS","NKUyxP61dViBiaUflpms","2026-09-25T22:40:00.000Z","Pittsburgh Pirates @ Detroit Tigers","Pittsburgh Pirates","Detroit Tigers","2","full","FULL_INNING_TOTAL","over","","points-all-2i-ou-over","draftkings","1.5","true","255","2026-09-25T16:27:56.462Z","0.5","0.5","","",""
"SPORTSGAMEODDS","NKUyxP61dViBiaUflpms","2026-09-25T22:40:00.000Z","Pittsburgh Pirates @ Detroit Tigers","Pittsburgh Pirates","Detroit Tigers","2","full","FULL_INNING_TOTAL","under","","points-all-2i-ou-under","fanduel","0.5","false","-140","2026-09-25T16:28:08.825Z","0.5","0.5","-117","-140","https://sportsbook.fanduel.com/addToBetslip?marketId=717.188363206&selectionId=7017906"
"SPORTSGAMEODDS","NKUyxP61dViBiaUflpms","2026-09-25T22:40:00.000Z","Pittsburgh Pirates @ Detroit Tigers","Pittsburgh Pirates","Detroit Tigers","2","full","FULL_INNING_TOTAL","under","","points-all-2i-ou-under","fanduel","1.5","true","-400","2026-09-25T16:28:08.825Z","0.5","0.5","","","https://sportsbook.fanduel.com/addToBetslip?marketId=717.188363206&selectionId=7017906"
"SPORTSGAMEODDS","NKUyxP61dViBiaUflpms","2026-09-25T22:40:00.000Z","Pittsburgh Pirates @ Detroit Tigers","Pittsburgh Pirates","Detroit Tigers","2","full","FULL_INNING_TOTAL","under","","points-all-2i-ou-under","draftkings","0.5","false","-135","2026-09-25T16:27:56.462Z","0.5","0.5","-117","-140",""
"SPORTSGAMEODDS","NKUyxP61dViBiaUflpms","2026-09-25T22:40:00.000Z","Pittsburgh Pirates @ Detroit Tigers","Pittsburgh Pirates","Detroit Tigers","2","full","FULL_INNING_TOTAL","under","","points-all-2i-ou-under","draftkings","1.5","true","-360","2026-09-25T16:27:56.462Z","0.5","0.5","","",""
"SPORTSGAMEODDS","NKUyxP61dViBiaUflpms","2026-09-25T22:40:00.000Z","Pittsburgh Pirates @ Detroit Tigers","Pittsburgh Pirates","Detroit Tigers","3","full","FULL_INNING_3WAY","draw","","points-all-3i-ml3way-draw","fanduel","","false","-145","2026-09-25T16:28:08.825Z","","","","","https://sportsbook.fanduel.com/addToBetslip?marketId=717.188363145&selectionId=131604"
"SPORTSGAMEODDS","NKUyxP61dViBiaUflpms","2026-09-25T22:40:00.000Z","Pittsburgh Pirates @ Detroit Tigers","Pittsburgh Pirates","Detroit Tigers","3","full","FULL_INNING_3WAY","draw","","points-all-3i-ml3way-draw","draftkings","","false","-160","2026-09-25T16:27:56.462Z","","","","",""
"SPORTSGAMEODDS","NKUyxP61dViBiaUflpms","2026-09-25T22:40:00.000Z","Pittsburgh Pirates @ Detroit Tigers","Pittsburgh Pirates","Detroit Tigers","3","full","FULL_INNING_TOTAL","over","","points-all-3i-ou-over","fanduel","0.5","false","106","2026-09-25T16:28:08.825Z","0.5","0.5","121","105","https://sportsbook.fanduel.com/addToBetslip?marketId=717.188363227&selectionId=7017905"
"SPORTSGAMEODDS","NKUyxP61dViBiaUflpms","2026-09-25T22:40:00.000Z","Pittsburgh Pirates @ Detroit Tigers","Pittsburgh Pirates","Detroit Tigers","3","full","FULL_INNING_TOTAL","over","","points-all-3i-ou-over","fanduel","1.5","true","265","2026-09-25T16:28:08.825Z","0.5","0.5","","","https://sportsbook.fanduel.com/addToBetslip?marketId=717.188363227&selectionId=7017905"
"SPORTSGAMEODDS","NKUyxP61dViBiaUflpms","2026-09-25T22:40:00.000Z","Pittsburgh Pirates @ Detroit Tigers","Pittsburgh Pirates","Detroit Tigers","3","full","FULL_INNING_TOTAL","over","","points-all-3i-ou-over","draftkings","0.5","false","105","2026-09-25T16:27:56.462Z","0.5","0.5","121","105",""
"SPORTSGAMEODDS","NKUyxP61dViBiaUflpms","2026-09-25T22:40:00.000Z","Pittsburgh Pirates @ Detroit Tigers","Pittsburgh Pirates","Detroit Tigers","3","full","FULL_INNING_TOTAL","over","","points-all-3i-ou-over","draftkings","1.5","true","265","2026-09-25T16:27:56.462Z","0.5","0.5","","",""
"SPORTSGAMEODDS","NKUyxP61dViBiaUflpms","2026-09-25T22:40:00.000Z","Pittsburgh Pirates @ Detroit Tigers","Pittsburgh Pirates","Detroit Tigers","3","full","FULL_INNING_TOTAL","under","","points-all-3i-ou-under","fanduel","0.5","false","-130","2026-09-25T16:28:08.825Z","0.5","0.5","-121","-145","https://sportsbook.fanduel.com/addToBetslip?marketId=717.188363227&selectionId=7017906"
"SPORTSGAMEODDS","NKUyxP61dViBiaUflpms","2026-09-25T22:40:00.000Z","Pittsburgh Pirates @ Detroit Tigers","Pittsburgh Pirates","Detroit Tigers","3","full","FULL_INNING_TOTAL","under","","points-all-3i-ou-under","fanduel","1.5","true","-350","2026-09-25T16:28:08.825Z","0.5","0.5","","","https://sportsbook.fanduel.com/addToBetslip?marketId=717.188363227&selectionId=7017906"
"SPORTSGAMEODDS","NKUyxP61dViBiaUflpms","2026-09-25T22:40:00.000Z","Pittsburgh Pirates @ Detroit Tigers","Pittsburgh Pirates","Detroit Tigers","3","full","FULL_INNING_TOTAL","under","","points-all-3i-ou-under","draftkings","0.5","false","-145","2026-09-25T16:27:56.462Z","0.5","0.5","-121","-145",""
"SPORTSGAMEODDS","NKUyxP61dViBiaUflpms","2026-09-25T22:40:00.000Z","Pittsburgh Pirates @ Detroit Tigers","Pittsburgh Pirates","Detroit Tigers","3","full","FULL_INNING_TOTAL","under","","points-all-3i-ou-under","draftkings","1.5","true","-380","2026-09-25T16:27:56.462Z","0.5","0.5","","",""
"SPORTSGAMEODDS","NKUyxP61dViBiaUflpms","2026-09-25T22:40:00.000Z","Pittsburgh Pirates @ Detroit Tigers","Pittsburgh Pirates","Detroit Tigers","4","full","FULL_INNING_3WAY","draw","","points-all-4i-ml3way-draw","fanduel","","false","-140","2026-09-25T16:28:08.825Z","","","","","https://sportsbook.fanduel.com/addToBetslip?marketId=717.188363117&selectionId=131604"
"SPORTSGAMEODDS","NKUyxP61dViBiaUflpms","2026-09-25T22:40:00.000Z","Pittsburgh Pirates @ Detroit Tigers","Pittsburgh Pirates","Detroit Tigers","4","full","FULL_INNING_3WAY","draw","","points-all-4i-ml3way-draw","draftkings","","false","-155","2026-09-25T16:27:56.462Z","","","","",""
"SPORTSGAMEODDS","NKUyxP61dViBiaUflpms","2026-09-25T22:40:00.000Z","Pittsburgh Pirates @ Detroit Tigers","Pittsburgh Pirates","Detroit Tigers","4","full","FULL_INNING_TOTAL","over","","points-all-4i-ou-over","fanduel","0.5","false","100","2026-09-25T16:28:08.825Z","0.5","0.5","115","100","https://sportsbook.fanduel.com/addToBetslip?marketId=717.188363090&selectionId=7017905"
"SPORTSGAMEODDS","NKUyxP61dViBiaUflpms","2026-09-25T22:40:00.000Z","Pittsburgh Pirates @ Detroit Tigers","Pittsburgh Pirates","Detroit Tigers","4","full","FULL_INNING_TOTAL","over","","points-all-4i-ou-over","fanduel","1.5","true","265","2026-09-25T16:28:08.825Z","0.5","0.5","","","https://sportsbook.fanduel.com/addToBetslip?marketId=717.188363090&selectionId=7017905"
"SPORTSGAMEODDS","NKUyxP61dViBiaUflpms","2026-09-25T22:40:00.000Z","Pittsburgh Pirates @ Detroit Tigers","Pittsburgh Pirates","Detroit Tigers","4","full","FULL_INNING_TOTAL","over","","points-all-4i-ou-over","draftkings","0.5","false","100","2026-09-25T16:27:56.462Z","0.5","0.5","115","100",""
"SPORTSGAMEODDS","NKUyxP61dViBiaUflpms","2026-09-25T22:40:00.000Z","Pittsburgh Pirates @ Detroit Tigers","Pittsburgh Pirates","Detroit Tigers","4","full","FULL_INNING_TOTAL","over","","points-all-4i-ou-over","draftkings","1.5","true","250","2026-09-25T16:27:56.462Z","0.5","0.5","","",""
"SPORTSGAMEODDS","NKUyxP61dViBiaUflpms","2026-09-25T22:40:00.000Z","Pittsburgh Pirates @ Detroit Tigers","Pittsburgh Pirates","Detroit Tigers","4","full","FULL_INNING_TOTAL","under","","points-all-4i-ou-under","fanduel","0.5","false","-122","2026-09-25T16:28:08.825Z","0.5","0.5","-115","-135","https://sportsbook.fanduel.com/addToBetslip?marketId=717.188363090&selectionId=7017906"
"SPORTSGAMEODDS","NKUyxP61dViBiaUflpms","2026-09-25T22:40:00.000Z","Pittsburgh Pirates @ Detroit Tigers","Pittsburgh Pirates","Detroit Tigers","4","full","FULL_INNING_TOTAL","under","","points-all-4i-ou-under","fanduel","1.5","true","-340","2026-09-25T16:28:08.825Z","0.5","0.5","","","https://sportsbook.fanduel.com/addToBetslip?marketId=717.188363090&selectionId=7017906"
"SPORTSGAMEODDS","NKUyxP61dViBiaUflpms","2026-09-25T22:40:00.000Z","Pittsburgh Pirates @ Detroit Tigers","Pittsburgh Pirates","Detroit Tigers","4","full","FULL_INNING_TOTAL","under","","points-all-4i-ou-under","draftkings","0.5","false","-135","2026-09-25T16:27:56.462Z","0.5","0.5","-115","-135",""
"SPORTSGAMEODDS","NKUyxP61dViBiaUflpms","2026-09-25T22:40:00.000Z","Pittsburgh Pirates @ Detroit Tigers","Pittsburgh Pirates","Detroit Tigers","4","full","FULL_INNING_TOTAL","under","","points-all-4i-ou-under","draftkings","1.5","true","-350","2026-09-25T16:27:56.462Z","0.5","0.5","","",""
"SPORTSGAMEODDS","NKUyxP61dViBiaUflpms","2026-09-25T22:40:00.000Z","Pittsburgh Pirates @ Detroit Tigers","Pittsburgh Pirates","Detroit Tigers","5","full","FULL_INNING_3WAY","draw","","points-all-5i-ml3way-draw","fanduel","","false","-160","2026-09-25T16:28:08.825Z","","","","","https://sportsbook.fanduel.com/addToBetslip?marketId=717.188363233&selectionId=131604"
"SPORTSGAMEODDS","NKUyxP61dViBiaUflpms","2026-09-25T22:40:00.000Z","Pittsburgh Pirates @ Detroit Tigers","Pittsburgh Pirates","Detroit Tigers","5","full","FULL_INNING_3WAY","draw","","points-all-5i-ml3way-draw","draftkings","","false","-160","2026-09-25T16:27:56.462Z","","","","",""
"SPORTSGAMEODDS","NKUyxP61dViBiaUflpms","2026-09-25T22:40:00.000Z","Pittsburgh Pirates @ Detroit Tigers","Pittsburgh Pirates","Detroit Tigers","5","full","FULL_INNING_TOTAL","over","","points-all-5i-ou-over","fanduel","0.5","false","112","2026-09-25T16:28:08.825Z","0.5","0.5","120","105","https://sportsbook.fanduel.com/addToBetslip?marketId=717.188363240&selectionId=7017905"
"SPORTSGAMEODDS","NKUyxP61dViBiaUflpms","2026-09-25T22:40:00.000Z","Pittsburgh Pirates @ Detroit Tigers","Pittsburgh Pirates","Detroit Tigers","5","full","FULL_INNING_TOTAL","over","","points-all-5i-ou-over","fanduel","1.5","true","270","2026-09-25T16:28:08.825Z","0.5","0.5","","","https://sportsbook.fanduel.com/addToBetslip?marketId=717.188363240&selectionId=7017905"
"SPORTSGAMEODDS","NKUyxP61dViBiaUflpms","2026-09-25T22:40:00.000Z","Pittsburgh Pirates @ Detroit Tigers","Pittsburgh Pirates","Detroit Tigers","5","full","FULL_INNING_TOTAL","over","","points-all-5i-ou-over","draftkings","0.5","false","105","2026-09-25T16:27:56.462Z","0.5","0.5","120","105",""
"SPORTSGAMEODDS","NKUyxP61dViBiaUflpms","2026-09-25T22:40:00.000Z","Pittsburgh Pirates @ Detroit Tigers","Pittsburgh Pirates","Detroit Tigers","5","full","FULL_INNING_TOTAL","over","","points-all-5i-ou-over","draftkings","1.5","true","265","2026-09-25T16:27:56.462Z","0.5","0.5","","",""
"SPORTSGAMEODDS","NKUyxP61dViBiaUflpms","2026-09-25T22:40:00.000Z","Pittsburgh Pirates @ Detroit Tigers","Pittsburgh Pirates","Detroit Tigers","5","full","FULL_INNING_TOTAL","under","","points-all-5i-ou-under","fanduel","0.5","false","-138","2026-09-25T16:28:08.825Z","0.5","0.5","-120","-140","https://sportsbook.fanduel.com/addToBetslip?marketId=717.188363240&selectionId=7017906"
"SPORTSGAMEODDS","NKUyxP61dViBiaUflpms","2026-09-25T22:40:00.000Z","Pittsburgh Pirates @ Detroit Tigers","Pittsburgh Pirates","Detroit Tigers","5","full","FULL_INNING_TOTAL","under","","points-all-5i-ou-under","fanduel","1.5","true","-355","2026-09-25T16:28:08.825Z","0.5","0.5","","","https://sportsbook.fanduel.com/addToBetslip?marketId=717.188363240&selectionId=7017906"
"SPORTSGAMEODDS","NKUyxP61dViBiaUflpms","2026-09-25T22:40:00.000Z","Pittsburgh Pirates @ Detroit Tigers","Pittsburgh Pirates","Detroit Tigers","5","full","FULL_INNING_TOTAL","under","","points-all-5i-ou-under","draftkings","0.5","false","-140","2026-09-25T16:27:56.462Z","0.5","0.5","-120","-140",""
"SPORTSGAMEODDS","NKUyxP61dViBiaUflpms","2026-09-25T22:40:00.000Z","Pittsburgh Pirates @ Detroit Tigers","Pittsburgh Pirates","Detroit Tigers","5","full","FULL_INNING_TOTAL","under","","points-all-5i-ou-under","draftkings","1.5","true","-370","2026-09-25T16:27:56.462Z","0.5","0.5","","",""
"SPORTSGAMEODDS","NKUyxP61dViBiaUflpms","2026-09-25T22:40:00.000Z","Pittsburgh Pirates @ Detroit Tigers","Pittsburgh Pirates","Detroit Tigers","6","full","FULL_INNING_3WAY","draw","","points-all-6i-ml3way-draw","fanduel","","false","-165","2026-09-25T16:28:08.825Z","","","","","https://sportsbook.fanduel.com/addToBetslip?marketId=717.188363111&selectionId=131604"
"SPORTSGAMEODDS","NKUyxP61dViBiaUflpms","2026-09-25T22:40:00.000Z","Pittsburgh Pirates @ Detroit Tigers","Pittsburgh Pirates","Detroit Tigers","6","full","FULL_INNING_3WAY","draw","","points-all-6i-ml3way-draw","draftkings","","false","-160","2026-09-25T16:27:56.462Z","","","","",""
"SPORTSGAMEODDS","NKUyxP61dViBiaUflpms","2026-09-25T22:40:00.000Z","Pittsburgh Pirates @ Detroit Tigers","Pittsburgh Pirates","Detroit Tigers","6","full","FULL_INNING_TOTAL","over","","points-all-6i-ou-over","fanduel","0.5","false","112","2026-09-25T16:28:08.825Z","0.5","0.5","120","105","https://sportsbook.fanduel.com/addToBetslip?marketId=717.188363169&selectionId=7017905"
"SPORTSGAMEODDS","NKUyxP61dViBiaUflpms","2026-09-25T22:40:00.000Z","Pittsburgh Pirates @ Detroit Tigers","Pittsburgh Pirates","Detroit Tigers","6","full","FULL_INNING_TOTAL","over","","points-all-6i-ou-over","fanduel","1.5","true","285","2026-09-25T16:28:08.825Z","0.5","0.5","","","https://sportsbook.fanduel.com/addToBetslip?marketId=717.188363169&selectionId=7017905"
"SPORTSGAMEODDS","NKUyxP61dViBiaUflpms","2026-09-25T22:40:00.000Z","Pittsburgh Pirates @ Detroit Tigers","Pittsburgh Pirates","Detroit Tigers","6","full","FULL_INNING_TOTAL","over","","points-all-6i-ou-over","draftkings","0.5","false","105","2026-09-25T16:27:56.462Z","0.5","0.5","120","105",""
"SPORTSGAMEODDS","NKUyxP61dViBiaUflpms","2026-09-25T22:40:00.000Z","Pittsburgh Pirates @ Detroit Tigers","Pittsburgh Pirates","Detroit Tigers","6","full","FULL_INNING_TOTAL","over","","points-all-6i-ou-over","draftkings","1.5","true","260","2026-09-25T16:27:56.462Z","0.5","0.5","","",""
"SPORTSGAMEODDS","NKUyxP61dViBiaUflpms","2026-09-25T22:40:00.000Z","Pittsburgh Pirates @ Detroit Tigers","Pittsburgh Pirates","Detroit Tigers","6","full","FULL_INNING_TOTAL","under","","points-all-6i-ou-under","fanduel","0.5","false","-140","2026-09-25T16:28:08.825Z","0.5","0.5","-120","-140","https://sportsbook.fanduel.com/addToBetslip?marketId=717.188363169&selectionId=7017906"
"SPORTSGAMEODDS","NKUyxP61dViBiaUflpms","2026-09-25T22:40:00.000Z","Pittsburgh Pirates @ Detroit Tigers","Pittsburgh Pirates","Detroit Tigers","6","full","FULL_INNING_TOTAL","under","","points-all-6i-ou-under","fanduel","1.5","true","-375","2026-09-25T16:28:08.825Z","0.5","0.5","","","https://sportsbook.fanduel.com/addToBetslip?marketId=717.188363169&selectionId=7017906"
"SPORTSGAMEODDS","NKUyxP61dViBiaUflpms","2026-09-25T22:40:00.000Z","Pittsburgh Pirates @ Detroit Tigers","Pittsburgh Pirates","Detroit Tigers","6","full","FULL_INNING_TOTAL","under","","points-all-6i-ou-under","draftkings","0.5","false","-140","2026-09-25T16:27:56.462Z","0.5","0.5","-120","-140",""
"SPORTSGAMEODDS","NKUyxP61dViBiaUflpms","2026-09-25T22:40:00.000Z","Pittsburgh Pirates @ Detroit Tigers","Pittsburgh Pirates","Detroit Tigers","6","full","FULL_INNING_TOTAL","under","","points-all-6i-ou-under","draftkings","1.5","true","-370","2026-09-25T16:27:56.462Z","0.5","0.5","","",""
"SPORTSGAMEODDS","NKUyxP61dViBiaUflpms","2026-09-25T22:40:00.000Z","Pittsburgh Pirates @ Detroit Tigers","Pittsburgh Pirates","Detroit Tigers","7","full","FULL_INNING_3WAY","draw","","points-all-7i-ml3way-draw","fanduel","","false","-170","2026-09-25T16:28:08.825Z","","","","","https://sportsbook.fanduel.com/addToBetslip?marketId=717.188363093&selectionId=131604"
"SPORTSGAMEODDS","NKUyxP61dViBiaUflpms","2026-09-25T22:40:00.000Z","Pittsburgh Pirates @ Detroit Tigers","Pittsburgh Pirates","Detroit Tigers","7","full","FULL_INNING_3WAY","draw","","points-all-7i-ml3way-draw","draftkings","","false","-175","2026-09-25T16:27:56.462Z","","","","",""
"SPORTSGAMEODDS","NKUyxP61dViBiaUflpms","2026-09-25T22:40:00.000Z","Pittsburgh Pirates @ Detroit Tigers","Pittsburgh Pirates","Detroit Tigers","7","full","FULL_INNING_TOTAL","over","","points-all-7i-ou-over","fanduel","0.5","false","118","2026-09-25T16:28:08.825Z","0.5","0.5","131","115","https://sportsbook.fanduel.com/addToBetslip?marketId=717.188363189&selectionId=7017905"
"SPORTSGAMEODDS","NKUyxP61dViBiaUflpms","2026-09-25T22:40:00.000Z","Pittsburgh Pirates @ Detroit Tigers","Pittsburgh Pirates","Detroit Tigers","7","full","FULL_INNING_TOTAL","over","","points-all-7i-ou-over","fanduel","1.5","true","310","2026-09-25T16:28:08.825Z","0.5","0.5","","","https://sportsbook.fanduel.com/addToBetslip?marketId=717.188363189&selectionId=7017905"
"SPORTSGAMEODDS","NKUyxP61dViBiaUflpms","2026-09-25T22:40:00.000Z","Pittsburgh Pirates @ Detroit Tigers","Pittsburgh Pirates","Detroit Tigers","7","full","FULL_INNING_TOTAL","over","","points-all-7i-ou-over","draftkings","0.5","false","115","2026-09-25T16:27:56.462Z","0.5","0.5","131","115",""
"SPORTSGAMEODDS","NKUyxP61dViBiaUflpms","2026-09-25T22:40:00.000Z","Pittsburgh Pirates @ Detroit Tigers","Pittsburgh Pirates","Detroit Tigers","7","full","FULL_INNING_TOTAL","over","","points-all-7i-ou-over","draftkings","1.5","true","295","2026-09-25T16:27:56.462Z","0.5","0.5","","",""
"SPORTSGAMEODDS","NKUyxP61dViBiaUflpms","2026-09-25T22:40:00.000Z","Pittsburgh Pirates @ Detroit Tigers","Pittsburgh Pirates","Detroit Tigers","7","full","FULL_INNING_TOTAL","under","","points-all-7i-ou-under","fanduel","0.5","false","-144","2026-09-25T16:28:08.825Z","0.5","0.5","-131","-155","https://sportsbook.fanduel.com/addToBetslip?marketId=717.188363189&selectionId=7017906"
"SPORTSGAMEODDS","NKUyxP61dViBiaUflpms","2026-09-25T22:40:00.000Z","Pittsburgh Pirates @ Detroit Tigers","Pittsburgh Pirates","Detroit Tigers","7","full","FULL_INNING_TOTAL","under","","points-all-7i-ou-under","fanduel","1.5","true","-420","2026-09-25T16:28:08.825Z","0.5","0.5","","","https://sportsbook.fanduel.com/addToBetslip?marketId=717.188363189&selectionId=7017906"
"SPORTSGAMEODDS","NKUyxP61dViBiaUflpms","2026-09-25T22:40:00.000Z","Pittsburgh Pirates @ Detroit Tigers","Pittsburgh Pirates","Detroit Tigers","7","full","FULL_INNING_TOTAL","under","","points-all-7i-ou-under","draftkings","0.5","false","-155","2026-09-25T16:27:56.462Z","0.5","0.5","-131","-155",""
"SPORTSGAMEODDS","NKUyxP61dViBiaUflpms","2026-09-25T22:40:00.000Z","Pittsburgh Pirates @ Detroit Tigers","Pittsburgh Pirates","Detroit Tigers","7","full","FULL_INNING_TOTAL","under","","points-all-7i-ou-under","draftkings","1.5","true","-425","2026-09-25T16:27:56.462Z","0.5","0.5","","",""
"SPORTSGAMEODDS","NKUyxP61dViBiaUflpms","2026-09-25T22:40:00.000Z","Pittsburgh Pirates @ Detroit Tigers","Pittsburgh Pirates","Detroit Tigers","8","full","FULL_INNING_3WAY","draw","","points-all-8i-ml3way-draw","fanduel","","false","-170","2026-09-25T16:28:08.825Z","","","","","https://sportsbook.fanduel.com/addToBetslip?marketId=717.188363153&selectionId=131604"
"SPORTSGAMEODDS","NKUyxP61dViBiaUflpms","2026-09-25T22:40:00.000Z","Pittsburgh Pirates @ Detroit Tigers","Pittsburgh Pirates","Detroit Tigers","8","full","FULL_INNING_3WAY","draw","","points-all-8i-ml3way-draw","draftkings","","false","-180","2026-09-25T16:27:56.462Z","","","","",""
"SPORTSGAMEODDS","NKUyxP61dViBiaUflpms","2026-09-25T22:40:00.000Z","Pittsburgh Pirates @ Detroit Tigers","Pittsburgh Pirates","Detroit Tigers","8","full","FULL_INNING_TOTAL","over","","points-all-8i-ou-over","fanduel","0.5","false","122","2026-09-25T16:28:08.825Z","0.5","0.5","135","120","https://sportsbook.fanduel.com/addToBetslip?marketId=717.188363180&selectionId=7017905"
"SPORTSGAMEODDS","NKUyxP61dViBiaUflpms","2026-09-25T22:40:00.000Z","Pittsburgh Pirates @ Detroit Tigers","Pittsburgh Pirates","Detroit Tigers","8","full","FULL_INNING_TOTAL","over","","points-all-8i-ou-over","fanduel","1.5","true","320","2026-09-25T16:28:08.825Z","0.5","0.5","","","https://sportsbook.fanduel.com/addToBetslip?marketId=717.188363180&selectionId=7017905"
"SPORTSGAMEODDS","NKUyxP61dViBiaUflpms","2026-09-25T22:40:00.000Z","Pittsburgh Pirates @ Detroit Tigers","Pittsburgh Pirates","Detroit Tigers","8","full","FULL_INNING_TOTAL","over","","points-all-8i-ou-over","draftkings","0.5","false","120","2026-09-25T16:27:56.462Z","0.5","0.5","135","120",""
"SPORTSGAMEODDS","NKUyxP61dViBiaUflpms","2026-09-25T22:40:00.000Z","Pittsburgh Pirates @ Detroit Tigers","Pittsburgh Pirates","Detroit Tigers","8","full","FULL_INNING_TOTAL","over","","points-all-8i-ou-over","draftkings","1.5","true","295","2026-09-25T16:27:56.462Z","0.5","0.5","","",""
"SPORTSGAMEODDS","NKUyxP61dViBiaUflpms","2026-09-25T22:40:00.000Z","Pittsburgh Pirates @ Detroit Tigers","Pittsburgh Pirates","Detroit Tigers","8","full","FULL_INNING_TOTAL","under","","points-all-8i-ou-under","fanduel","0.5","false","-150","2026-09-25T16:28:08.825Z","0.5","0.5","-135","-160","https://sportsbook.fanduel.com/addToBetslip?marketId=717.188363180&selectionId=7017906"
"SPORTSGAMEODDS","NKUyxP61dViBiaUflpms","2026-09-25T22:40:00.000Z","Pittsburgh Pirates @ Detroit Tigers","Pittsburgh Pirates","Detroit Tigers","8","full","FULL_INNING_TOTAL","under","","points-all-8i-ou-under","fanduel","1.5","true","-410","2026-09-25T16:28:08.825Z","0.5","0.5","","","https://sportsbook.fanduel.com/addToBetslip?marketId=717.188363180&selectionId=7017906"
"SPORTSGAMEODDS","NKUyxP61dViBiaUflpms","2026-09-25T22:40:00.000Z","Pittsburgh Pirates @ Detroit Tigers","Pittsburgh Pirates","Detroit Tigers","8","full","FULL_INNING_TOTAL","under","","points-all-8i-ou-under","draftkings","0.5","false","-160","2026-09-25T16:27:56.462Z","0.5","0.5","-135","-160",""
"SPORTSGAMEODDS","NKUyxP61dViBiaUflpms","2026-09-25T22:40:00.000Z","Pittsburgh Pirates @ Detroit Tigers","Pittsburgh Pirates","Detroit Tigers","8","full","FULL_INNING_TOTAL","under","","points-all-8i-ou-under","draftkings","1.5","true","-425","2026-09-25T16:27:56.462Z","0.5","0.5","","",""
"SPORTSGAMEODDS","NKUyxP61dViBiaUflpms","2026-09-25T22:40:00.000Z","Pittsburgh Pirates @ Detroit Tigers","Pittsburgh Pirates","Detroit Tigers","9","full","FULL_INNING_3WAY","draw","","points-all-9i-ml3way-draw","fanduel","","false","-240","2026-09-25T16:28:08.825Z","","","","","https://sportsbook.fanduel.com/addToBetslip?marketId=717.188363208&selectionId=131604"
"SPORTSGAMEODDS","NKUyxP61dViBiaUflpms","2026-09-25T22:40:00.000Z","Pittsburgh Pirates @ Detroit Tigers","Pittsburgh Pirates","Detroit Tigers","9","full","FULL_INNING_3WAY","draw","","points-all-9i-ml3way-draw","draftkings","","false","-250","2026-09-25T16:27:56.462Z","","","","",""
"SPORTSGAMEODDS","NKUyxP61dViBiaUflpms","2026-09-25T22:40:00.000Z","Pittsburgh Pirates @ Detroit Tigers","Pittsburgh Pirates","Detroit Tigers","9","full","FULL_INNING_TOTAL","over","","points-all-9i-ou-over","fanduel","0.5","false","172","2026-09-25T16:28:08.825Z","","0.5","","166","https://sportsbook.fanduel.com/addToBetslip?marketId=717.188363157&selectionId=7017905"
"SPORTSGAMEODDS","NKUyxP61dViBiaUflpms","2026-09-25T22:40:00.000Z","Pittsburgh Pirates @ Detroit Tigers","Pittsburgh Pirates","Detroit Tigers","9","full","FULL_INNING_TOTAL","over","","points-all-9i-ou-over","fanduel","1.5","true","440","2026-09-25T16:28:08.825Z","","0.5","","","https://sportsbook.fanduel.com/addToBetslip?marketId=717.188363157&selectionId=7017905"
"SPORTSGAMEODDS","NKUyxP61dViBiaUflpms","2026-09-25T22:40:00.000Z","Pittsburgh Pirates @ Detroit Tigers","Pittsburgh Pirates","Detroit Tigers","9","full","FULL_INNING_TOTAL","over","","points-all-9i-ou-over","draftkings","0.5","false","160","2026-09-25T16:27:56.462Z","","0.5","","166",""
"SPORTSGAMEODDS","NKUyxP61dViBiaUflpms","2026-09-25T22:40:00.000Z","Pittsburgh Pirates @ Detroit Tigers","Pittsburgh Pirates","Detroit Tigers","9","full","FULL_INNING_TOTAL","over","","points-all-9i-ou-over","draftkings","1.5","true","390","2026-09-25T16:27:56.462Z","","0.5","","",""
"SPORTSGAMEODDS","NKUyxP61dViBiaUflpms","2026-09-25T22:40:00.000Z","Pittsburgh Pirates @ Detroit Tigers","Pittsburgh Pirates","Detroit Tigers","9","full","FULL_INNING_TOTAL","under","","points-all-9i-ou-under","fanduel","0.5","false","-215","2026-09-25T16:28:08.825Z","","0.5","","-217","https://sportsbook.fanduel.com/addToBetslip?marketId=717.188363157&selectionId=7017906"
"SPORTSGAMEODDS","NKUyxP61dViBiaUflpms","2026-09-25T22:40:00.000Z","Pittsburgh Pirates @ Detroit Tigers","Pittsburgh Pirates","Detroit Tigers","9","full","FULL_INNING_TOTAL","under","","points-all-9i-ou-under","fanduel","1.5","true","-650","2026-09-25T16:28:08.825Z","","0.5","","","https://sportsbook.fanduel.com/addToBetslip?marketId=717.188363157&selectionId=7017906"
"SPORTSGAMEODDS","NKUyxP61dViBiaUflpms","2026-09-25T22:40:00.000Z","Pittsburgh Pirates @ Detroit Tigers","Pittsburgh Pirates","Detroit Tigers","9","full","FULL_INNING_TOTAL","under","","points-all-9i-ou-under","draftkings","0.5","false","-220","2026-09-25T16:27:56.462Z","","0.5","","-217",""
"SPORTSGAMEODDS","NKUyxP61dViBiaUflpms","2026-09-25T22:40:00.000Z","Pittsburgh Pirates @ Detroit Tigers","Pittsburgh Pirates","Detroit Tigers","9","full","FULL_INNING_TOTAL","under","","points-all-9i-ou-under","draftkings","1.5","true","-575","2026-09-25T16:27:56.462Z","","0.5","","",""
"SPORTSGAMEODDS","NKUyxP61dViBiaUflpms","2026-09-25T22:40:00.000Z","Pittsburgh Pirates @ Detroit Tigers","Pittsburgh Pirates","Detroit Tigers","2","full","FULL_INNING_3WAY","away","","points-away-2i-ml3way-away","fanduel","","false","350","2026-09-25T16:28:08.825Z","","","","","https://sportsbook.fanduel.com/addToBetslip?marketId=717.188363132&selectionId=29176"
"SPORTSGAMEODDS","NKUyxP61dViBiaUflpms","2026-09-25T22:40:00.000Z","Pittsburgh Pirates @ Detroit Tigers","Pittsburgh Pirates","Detroit Tigers","2","full","FULL_INNING_3WAY","away","","points-away-2i-ml3way-away","draftkings","","false","320","2026-09-25T16:27:56.462Z","","","","",""
"SPORTSGAMEODDS","NKUyxP61dViBiaUflpms","2026-09-25T22:40:00.000Z","Pittsburgh Pirates @ Detroit Tigers","Pittsburgh Pirates","Detroit Tigers","3","full","FULL_INNING_3WAY","away","","points-away-3i-ml3way-away","fanduel","","false","340","2026-09-25T16:28:08.825Z","","","","","https://sportsbook.fanduel.com/addToBetslip?marketId=717.188363145&selectionId=29176"
"SPORTSGAMEODDS","NKUyxP61dViBiaUflpms","2026-09-25T22:40:00.000Z","Pittsburgh Pirates @ Detroit Tigers","Pittsburgh Pirates","Detroit Tigers","3","full","FULL_INNING_3WAY","away","","points-away-3i-ml3way-away","draftkings","","false","320","2026-09-25T16:27:56.462Z","","","","",""
"SPORTSGAMEODDS","NKUyxP61dViBiaUflpms","2026-09-25T22:40:00.000Z","Pittsburgh Pirates @ Detroit Tigers","Pittsburgh Pirates","Detroit Tigers","4","full","FULL_INNING_3WAY","away","","points-away-4i-ml3way-away","fanduel","","false","330","2026-09-25T16:28:08.825Z","","","","","https://sportsbook.fanduel.com/addToBetslip?marketId=717.188363117&selectionId=29176"
"SPORTSGAMEODDS","NKUyxP61dViBiaUflpms","2026-09-25T22:40:00.000Z","Pittsburgh Pirates @ Detroit Tigers","Pittsburgh Pirates","Detroit Tigers","4","full","FULL_INNING_3WAY","away","","points-away-4i-ml3way-away","draftkings","","false","320","2026-09-25T16:27:56.462Z","","","","",""
"SPORTSGAMEODDS","NKUyxP61dViBiaUflpms","2026-09-25T22:40:00.000Z","Pittsburgh Pirates @ Detroit Tigers","Pittsburgh Pirates","Detroit Tigers","5","full","FULL_INNING_3WAY","away","","points-away-5i-ml3way-away","fanduel","","false","340","2026-09-25T16:28:08.825Z","","","","","https://sportsbook.fanduel.com/addToBetslip?marketId=717.188363233&selectionId=29176"
"SPORTSGAMEODDS","NKUyxP61dViBiaUflpms","2026-09-25T22:40:00.000Z","Pittsburgh Pirates @ Detroit Tigers","Pittsburgh Pirates","Detroit Tigers","5","full","FULL_INNING_3WAY","away","","points-away-5i-ml3way-away","draftkings","","false","350","2026-09-25T16:27:56.462Z","","","","",""
"SPORTSGAMEODDS","NKUyxP61dViBiaUflpms","2026-09-25T22:40:00.000Z","Pittsburgh Pirates @ Detroit Tigers","Pittsburgh Pirates","Detroit Tigers","6","full","FULL_INNING_3WAY","away","","points-away-6i-ml3way-away","fanduel","","false","350","2026-09-25T16:28:08.825Z","","","","","https://sportsbook.fanduel.com/addToBetslip?marketId=717.188363111&selectionId=29176"
"SPORTSGAMEODDS","NKUyxP61dViBiaUflpms","2026-09-25T22:40:00.000Z","Pittsburgh Pirates @ Detroit Tigers","Pittsburgh Pirates","Detroit Tigers","6","full","FULL_INNING_3WAY","away","","points-away-6i-ml3way-away","draftkings","","false","280","2026-09-25T16:27:56.462Z","","","","",""
"SPORTSGAMEODDS","NKUyxP61dViBiaUflpms","2026-09-25T22:40:00.000Z","Pittsburgh Pirates @ Detroit Tigers","Pittsburgh Pirates","Detroit Tigers","7","full","FULL_INNING_3WAY","away","","points-away-7i-ml3way-away","fanduel","","false","340","2026-09-25T16:28:08.825Z","","","","","https://sportsbook.fanduel.com/addToBetslip?marketId=717.188363093&selectionId=29176"
"SPORTSGAMEODDS","NKUyxP61dViBiaUflpms","2026-09-25T22:40:00.000Z","Pittsburgh Pirates @ Detroit Tigers","Pittsburgh Pirates","Detroit Tigers","7","full","FULL_INNING_3WAY","away","","points-away-7i-ml3way-away","draftkings","","false","330","2026-09-25T16:27:56.462Z","","","","",""
"SPORTSGAMEODDS","NKUyxP61dViBiaUflpms","2026-09-25T22:40:00.000Z","Pittsburgh Pirates @ Detroit Tigers","Pittsburgh Pirates","Detroit Tigers","8","full","FULL_INNING_3WAY","away","","points-away-8i-ml3way-away","fanduel","","false","340","2026-09-25T16:28:08.825Z","","","","","https://sportsbook.fanduel.com/addToBetslip?marketId=717.188363153&selectionId=29176"
"SPORTSGAMEODDS","NKUyxP61dViBiaUflpms","2026-09-25T22:40:00.000Z","Pittsburgh Pirates @ Detroit Tigers","Pittsburgh Pirates","Detroit Tigers","8","full","FULL_INNING_3WAY","away","","points-away-8i-ml3way-away","draftkings","","false","340","2026-09-25T16:27:56.462Z","","","","",""
"SPORTSGAMEODDS","NKUyxP61dViBiaUflpms","2026-09-25T22:40:00.000Z","Pittsburgh Pirates @ Detroit Tigers","Pittsburgh Pirates","Detroit Tigers","9","full","FULL_INNING_3WAY","away","","points-away-9i-ml3way-away","fanduel","","false","310","2026-09-25T16:28:08.825Z","","","","","https://sportsbook.fanduel.com/addToBetslip?marketId=717.188363208&selectionId=29176"
"SPORTSGAMEODDS","NKUyxP61dViBiaUflpms","2026-09-25T22:40:00.000Z","Pittsburgh Pirates @ Detroit Tigers","Pittsburgh Pirates","Detroit Tigers","9","full","FULL_INNING_3WAY","away","","points-away-9i-ml3way-away","draftkings","","false","310","2026-09-25T16:27:56.462Z","","","","",""
"SPORTSGAMEODDS","NKUyxP61dViBiaUflpms","2026-09-25T22:40:00.000Z","Pittsburgh Pirates @ Detroit Tigers","Pittsburgh Pirates","Detroit Tigers","2","full","FULL_INNING_3WAY","home","","points-home-2i-ml3way-home","fanduel","","false","320","2026-09-25T16:28:08.825Z","","","","","https://sportsbook.fanduel.com/addToBetslip?marketId=717.188363132&selectionId=29159"
"SPORTSGAMEODDS","NKUyxP61dViBiaUflpms","2026-09-25T22:40:00.000Z","Pittsburgh Pirates @ Detroit Tigers","Pittsburgh Pirates","Detroit Tigers","2","full","FULL_INNING_3WAY","home","","points-home-2i-ml3way-home","draftkings","","false","320","2026-09-25T16:27:56.462Z","","","","",""
"SPORTSGAMEODDS","NKUyxP61dViBiaUflpms","2026-09-25T22:40:00.000Z","Pittsburgh Pirates @ Detroit Tigers","Pittsburgh Pirates","Detroit Tigers","3","full","FULL_INNING_3WAY","home","","points-home-3i-ml3way-home","fanduel","","false","310","2026-09-25T16:28:08.825Z","","","","","https://sportsbook.fanduel.com/addToBetslip?marketId=717.188363145&selectionId=29159"
"SPORTSGAMEODDS","NKUyxP61dViBiaUflpms","2026-09-25T22:40:00.000Z","Pittsburgh Pirates @ Detroit Tigers","Pittsburgh Pirates","Detroit Tigers","3","full","FULL_INNING_3WAY","home","","points-home-3i-ml3way-home","draftkings","","false","320","2026-09-25T16:27:56.462Z","","","","",""
"SPORTSGAMEODDS","NKUyxP61dViBiaUflpms","2026-09-25T22:40:00.000Z","Pittsburgh Pirates @ Detroit Tigers","Pittsburgh Pirates","Detroit Tigers","4","full","FULL_INNING_3WAY","home","","points-home-4i-ml3way-home","fanduel","","false","290","2026-09-25T16:28:08.825Z","","","","","https://sportsbook.fanduel.com/addToBetslip?marketId=717.188363117&selectionId=29159"
"SPORTSGAMEODDS","NKUyxP61dViBiaUflpms","2026-09-25T22:40:00.000Z","Pittsburgh Pirates @ Detroit Tigers","Pittsburgh Pirates","Detroit Tigers","4","full","FULL_INNING_3WAY","home","","points-home-4i-ml3way-home","draftkings","","false","300","2026-09-25T16:27:56.462Z","","","","",""
"SPORTSGAMEODDS","NKUyxP61dViBiaUflpms","2026-09-25T22:40:00.000Z","Pittsburgh Pirates @ Detroit Tigers","Pittsburgh Pirates","Detroit Tigers","5","full","FULL_INNING_3WAY","home","","points-home-5i-ml3way-home","fanduel","","false","330","2026-09-25T16:28:08.825Z","","","","","https://sportsbook.fanduel.com/addToBetslip?marketId=717.188363233&selectionId=29159"
"SPORTSGAMEODDS","NKUyxP61dViBiaUflpms","2026-09-25T22:40:00.000Z","Pittsburgh Pirates @ Detroit Tigers","Pittsburgh Pirates","Detroit Tigers","5","full","FULL_INNING_3WAY","home","","points-home-5i-ml3way-home","draftkings","","false","290","2026-09-25T16:27:56.462Z","","","","",""
"SPORTSGAMEODDS","NKUyxP61dViBiaUflpms","2026-09-25T22:40:00.000Z","Pittsburgh Pirates @ Detroit Tigers","Pittsburgh Pirates","Detroit Tigers","6","full","FULL_INNING_3WAY","home","","points-home-6i-ml3way-home","fanduel","","false","340","2026-09-25T16:28:08.825Z","","","","","https://sportsbook.fanduel.com/addToBetslip?marketId=717.188363111&selectionId=29159"
"SPORTSGAMEODDS","NKUyxP61dViBiaUflpms","2026-09-25T22:40:00.000Z","Pittsburgh Pirates @ Detroit Tigers","Pittsburgh Pirates","Detroit Tigers","6","full","FULL_INNING_3WAY","home","","points-home-6i-ml3way-home","draftkings","","false","370","2026-09-25T16:27:56.462Z","","","","",""
"SPORTSGAMEODDS","NKUyxP61dViBiaUflpms","2026-09-25T22:40:00.000Z","Pittsburgh Pirates @ Detroit Tigers","Pittsburgh Pirates","Detroit Tigers","7","full","FULL_INNING_3WAY","home","","points-home-7i-ml3way-home","fanduel","","false","360","2026-09-25T16:28:08.825Z","","","","","https://sportsbook.fanduel.com/addToBetslip?marketId=717.188363093&selectionId=29159"
"SPORTSGAMEODDS","NKUyxP61dViBiaUflpms","2026-09-25T22:40:00.000Z","Pittsburgh Pirates @ Detroit Tigers","Pittsburgh Pirates","Detroit Tigers","7","full","FULL_INNING_3WAY","home","","points-home-7i-ml3way-home","draftkings","","false","360","2026-09-25T16:27:56.462Z","","","","",""
"SPORTSGAMEODDS","NKUyxP61dViBiaUflpms","2026-09-25T22:40:00.000Z","Pittsburgh Pirates @ Detroit Tigers","Pittsburgh Pirates","Detroit Tigers","8","full","FULL_INNING_3WAY","home","","points-home-8i-ml3way-home","fanduel","","false","370","2026-09-25T16:28:08.825Z","","","","","https://sportsbook.fanduel.com/addToBetslip?marketId=717.188363153&selectionId=29159"
"SPORTSGAMEODDS","NKUyxP61dViBiaUflpms","2026-09-25T22:40:00.000Z","Pittsburgh Pirates @ Detroit Tigers","Pittsburgh Pirates","Detroit Tigers","8","full","FULL_INNING_3WAY","home","","points-home-8i-ml3way-home","draftkings","","false","350","2026-09-25T16:27:56.462Z","","","","",""
"SPORTSGAMEODDS","NKUyxP61dViBiaUflpms","2026-09-25T22:40:00.000Z","Pittsburgh Pirates @ Detroit Tigers","Pittsburgh Pirates","Detroit Tigers","9","full","FULL_INNING_3WAY","home","","points-home-9i-ml3way-home","fanduel","","false","700","2026-09-25T16:28:08.825Z","","","","","https://sportsbook.fanduel.com/addToBetslip?marketId=717.188363208&selectionId=29159"
"SPORTSGAMEODDS","NKUyxP61dViBiaUflpms","2026-09-25T22:40:00.000Z","Pittsburgh Pirates @ Detroit Tigers","Pittsburgh Pirates","Detroit Tigers","9","full","FULL_INNING_3WAY","home","","points-home-9i-ml3way-home","draftkings","","false","650","2026-09-25T16:27:56.462Z","","","","",""
"SPORTSGAMEODDS","XzGS6ukHr3Azb4Oa6aph","2026-09-25T22:40:00.000Z","Tampa Bay Rays @ Philadelphia Phillies","Tampa Bay Rays","Philadelphia Phillies","1","full","FULL_INNING_3WAY","draw","","points-all-1i-ml3way-draw","fanduel","","false","-170","2026-09-25T16:28:08.825Z","","","","","https://sportsbook.fanduel.com/addToBetslip?marketId=717.188357277&selectionId=131604"
"SPORTSGAMEODDS","XzGS6ukHr3Azb4Oa6aph","2026-09-25T22:40:00.000Z","Tampa Bay Rays @ Philadelphia Phillies","Tampa Bay Rays","Philadelphia Phillies","1","full","FULL_INNING_3WAY","draw","","points-all-1i-ml3way-draw","draftkings","","false","-175","2026-09-25T16:27:56.462Z","","","","",""
"SPORTSGAMEODDS","XzGS6ukHr3Azb4Oa6aph","2026-09-25T22:40:00.000Z","Tampa Bay Rays @ Philadelphia Phillies","Tampa Bay Rays","Philadelphia Phillies","1","full","FULL_INNING_3WAY","draw","","points-all-1i-ml3way-draw","betmgm","","false","-175","2026-09-25T16:28:20.430Z","","","","","https://sports.nj.betmgm.com/en/sports?options=19944448-1561272367-2304271940"
"SPORTSGAMEODDS","XzGS6ukHr3Azb4Oa6aph","2026-09-25T22:40:00.000Z","Tampa Bay Rays @ Philadelphia Phillies","Tampa Bay Rays","Philadelphia Phillies","1","full","FULL_INNING_TOTAL","over","","points-all-1i-ou-over","fanduel","0.5","false","108","2026-09-25T16:28:08.825Z","0.5","0.5","136","123","https://sportsbook.fanduel.com/addToBetslip?marketId=717.188357214&selectionId=7017905"
"SPORTSGAMEODDS","XzGS6ukHr3Azb4Oa6aph","2026-09-25T22:40:00.000Z","Tampa Bay Rays @ Philadelphia Phillies","Tampa Bay Rays","Philadelphia Phillies","1","full","FULL_INNING_TOTAL","over","","points-all-1i-ou-over","fanduel","1.5","true","320","2026-09-25T16:28:08.825Z","0.5","0.5","","","https://sportsbook.fanduel.com/addToBetslip?marketId=717.188357214&selectionId=7017905"
"SPORTSGAMEODDS","XzGS6ukHr3Azb4Oa6aph","2026-09-25T22:40:00.000Z","Tampa Bay Rays @ Philadelphia Phillies","Tampa Bay Rays","Philadelphia Phillies","1","full","FULL_INNING_TOTAL","over","","points-all-1i-ou-over","caesars","0.5","false","122","2026-09-25T16:28:04.430Z","0.5","0.5","136","123","https://sportsbook.caesars.com/us/nj/bet/betslip?selectionIds=cb0f72b0-d51a-3c19-aef5-80054de12e68"
"SPORTSGAMEODDS","XzGS6ukHr3Azb4Oa6aph","2026-09-25T22:40:00.000Z","Tampa Bay Rays @ Philadelphia Phillies","Tampa Bay Rays","Philadelphia Phillies","1","full","FULL_INNING_TOTAL","over","","points-all-1i-ou-over","draftkings","0.5","false","115","2026-09-25T16:27:56.462Z","0.5","0.5","136","123",""
"SPORTSGAMEODDS","XzGS6ukHr3Azb4Oa6aph","2026-09-25T22:40:00.000Z","Tampa Bay Rays @ Philadelphia Phillies","Tampa Bay Rays","Philadelphia Phillies","1","full","FULL_INNING_TOTAL","over","","points-all-1i-ou-over","draftkings","1.5","true","310","2026-09-25T16:27:56.462Z","0.5","0.5","","",""
"SPORTSGAMEODDS","XzGS6ukHr3Azb4Oa6aph","2026-09-25T22:40:00.000Z","Tampa Bay Rays @ Philadelphia Phillies","Tampa Bay Rays","Philadelphia Phillies","1","full","FULL_INNING_TOTAL","over","","points-all-1i-ou-over","betmgm","0.5","false","125","2026-09-25T16:28:20.430Z","0.5","0.5","136","123","https://sports.nj.betmgm.com/en/sports?options=19944448-1561272372-2304271987"
"SPORTSGAMEODDS","XzGS6ukHr3Azb4Oa6aph","2026-09-25T22:40:00.000Z","Tampa Bay Rays @ Philadelphia Phillies","Tampa Bay Rays","Philadelphia Phillies","1","full","FULL_INNING_TOTAL","under","","points-all-1i-ou-under","fanduel","0.5","false","-138","2026-09-25T16:28:08.825Z","0.5","0.5","-136","-157","https://sportsbook.fanduel.com/addToBetslip?marketId=717.188357214&selectionId=7017906"
"SPORTSGAMEODDS","XzGS6ukHr3Azb4Oa6aph","2026-09-25T22:40:00.000Z","Tampa Bay Rays @ Philadelphia Phillies","Tampa Bay Rays","Philadelphia Phillies","1","full","FULL_INNING_TOTAL","under","","points-all-1i-ou-under","fanduel","1.5","true","-430","2026-09-25T16:28:08.825Z","0.5","0.5","","","https://sportsbook.fanduel.com/addToBetslip?marketId=717.188357214&selectionId=7017906"
"SPORTSGAMEODDS","XzGS6ukHr3Azb4Oa6aph","2026-09-25T22:40:00.000Z","Tampa Bay Rays @ Philadelphia Phillies","Tampa Bay Rays","Philadelphia Phillies","1","full","FULL_INNING_TOTAL","under","","points-all-1i-ou-under","caesars","0.5","false","-154","2026-09-25T16:28:04.430Z","0.5","0.5","-136","-157","https://sportsbook.caesars.com/us/nj/bet/betslip?selectionIds=5139ef04-ae41-326c-b4a5-9f9a2177dad6"
"SPORTSGAMEODDS","XzGS6ukHr3Azb4Oa6aph","2026-09-25T22:40:00.000Z","Tampa Bay Rays @ Philadelphia Phillies","Tampa Bay Rays","Philadelphia Phillies","1","full","FULL_INNING_TOTAL","under","","points-all-1i-ou-under","draftkings","0.5","false","-150","2026-09-25T16:27:56.462Z","0.5","0.5","-136","-157",""
"SPORTSGAMEODDS","XzGS6ukHr3Azb4Oa6aph","2026-09-25T22:40:00.000Z","Tampa Bay Rays @ Philadelphia Phillies","Tampa Bay Rays","Philadelphia Phillies","1","full","FULL_INNING_TOTAL","under","","points-all-1i-ou-under","draftkings","1.5","true","-425","2026-09-25T16:27:56.462Z","0.5","0.5","","",""
"SPORTSGAMEODDS","XzGS6ukHr3Azb4Oa6aph","2026-09-25T22:40:00.000Z","Tampa Bay Rays @ Philadelphia Phillies","Tampa Bay Rays","Philadelphia Phillies","1","full","FULL_INNING_TOTAL","under","","points-all-1i-ou-under","betmgm","0.5","false","-160","2026-09-25T16:28:20.430Z","0.5","0.5","-136","-157","https://sports.nj.betmgm.com/en/sports?options=19944448-1561272372-2304271988"
"SPORTSGAMEODDS","XzGS6ukHr3Azb4Oa6aph","2026-09-25T22:40:00.000Z","Tampa Bay Rays @ Philadelphia Phillies","Tampa Bay Rays","Philadelphia Phillies","1","full","FULL_INNING_3WAY","away","","points-away-1i-ml3way-away","fanduel","","false","440","2026-09-25T16:28:08.825Z","","","","","https://sportsbook.fanduel.com/addToBetslip?marketId=717.188357277&selectionId=29162"
"SPORTSGAMEODDS","XzGS6ukHr3Azb4Oa6aph","2026-09-25T22:40:00.000Z","Tampa Bay Rays @ Philadelphia Phillies","Tampa Bay Rays","Philadelphia Phillies","1","full","FULL_INNING_3WAY","away","","points-away-1i-ml3way-away","draftkings","","false","425","2026-09-25T16:27:56.462Z","","","","",""
"SPORTSGAMEODDS","XzGS6ukHr3Azb4Oa6aph","2026-09-25T22:40:00.000Z","Tampa Bay Rays @ Philadelphia Phillies","Tampa Bay Rays","Philadelphia Phillies","1","full","FULL_INNING_3WAY","away","","points-away-1i-ml3way-away","betmgm","","false","425","2026-09-25T16:28:20.430Z","","","","","https://sports.nj.betmgm.com/en/sports?options=19944448-1561272367-2304271939"
"SPORTSGAMEODDS","XzGS6ukHr3Azb4Oa6aph","2026-09-25T22:40:00.000Z","Tampa Bay Rays @ Philadelphia Phillies","Tampa Bay Rays","Philadelphia Phillies","1","full","FULL_INNING_3WAY","home","","points-home-1i-ml3way-home","fanduel","","false","290","2026-09-25T16:28:08.825Z","","","","","https://sportsbook.fanduel.com/addToBetslip?marketId=717.188357277&selectionId=29175"
"SPORTSGAMEODDS","XzGS6ukHr3Azb4Oa6aph","2026-09-25T22:40:00.000Z","Tampa Bay Rays @ Philadelphia Phillies","Tampa Bay Rays","Philadelphia Phillies","1","full","FULL_INNING_3WAY","home","","points-home-1i-ml3way-home","draftkings","","false","280","2026-09-25T16:27:56.462Z","","","","",""
"SPORTSGAMEODDS","XzGS6ukHr3Azb4Oa6aph","2026-09-25T22:40:00.000Z","Tampa Bay Rays @ Philadelphia Phillies","Tampa Bay Rays","Philadelphia Phillies","1","full","FULL_INNING_3WAY","home","","points-home-1i-ml3way-home","betmgm","","false","300","2026-09-25T16:28:20.430Z","","","","","https://sports.nj.betmgm.com/en/sports?options=19944448-1561272367-2304271941"
"SPORTSGAMEODDS","XzGS6ukHr3Azb4Oa6aph","2026-09-25T22:40:00.000Z","Tampa Bay Rays @ Philadelphia Phillies","Tampa Bay Rays","Philadelphia Phillies","2","full","FULL_INNING_3WAY","draw","","points-all-2i-ml3way-draw","fanduel","","false","-220","2026-09-25T16:28:08.825Z","","","","","https://sportsbook.fanduel.com/addToBetslip?marketId=717.188357188&selectionId=131604"
"SPORTSGAMEODDS","XzGS6ukHr3Azb4Oa6aph","2026-09-25T22:40:00.000Z","Tampa Bay Rays @ Philadelphia Phillies","Tampa Bay Rays","Philadelphia Phillies","2","full","FULL_INNING_3WAY","draw","","points-all-2i-ml3way-draw","draftkings","","false","-215","2026-09-25T16:27:56.462Z","","","","",""
"SPORTSGAMEODDS","XzGS6ukHr3Azb4Oa6aph","2026-09-25T22:40:00.000Z","Tampa Bay Rays @ Philadelphia Phillies","Tampa Bay Rays","Philadelphia Phillies","2","full","FULL_INNING_TOTAL","over","","points-all-2i-ou-over","fanduel","0.5","false","156","2026-09-25T16:28:08.825Z","","0.5","","140","https://sportsbook.fanduel.com/addToBetslip?marketId=717.188357336&selectionId=7017905"
"SPORTSGAMEODDS","XzGS6ukHr3Azb4Oa6aph","2026-09-25T22:40:00.000Z","Tampa Bay Rays @ Philadelphia Phillies","Tampa Bay Rays","Philadelphia Phillies","2","full","FULL_INNING_TOTAL","over","","points-all-2i-ou-over","fanduel","1.5","true","420","2026-09-25T16:28:08.825Z","","0.5","","","https://sportsbook.fanduel.com/addToBetslip?marketId=717.188357336&selectionId=7017905"
"SPORTSGAMEODDS","XzGS6ukHr3Azb4Oa6aph","2026-09-25T22:40:00.000Z","Tampa Bay Rays @ Philadelphia Phillies","Tampa Bay Rays","Philadelphia Phillies","2","full","FULL_INNING_TOTAL","over","","points-all-2i-ou-over","draftkings","0.5","false","140","2026-09-25T16:27:56.462Z","","0.5","","140",""
"SPORTSGAMEODDS","XzGS6ukHr3Azb4Oa6aph","2026-09-25T22:40:00.000Z","Tampa Bay Rays @ Philadelphia Phillies","Tampa Bay Rays","Philadelphia Phillies","2","full","FULL_INNING_TOTAL","over","","points-all-2i-ou-over","draftkings","1.5","true","350","2026-09-25T16:27:56.462Z","","0.5","","",""
"SPORTSGAMEODDS","XzGS6ukHr3Azb4Oa6aph","2026-09-25T22:40:00.000Z","Tampa Bay Rays @ Philadelphia Phillies","Tampa Bay Rays","Philadelphia Phillies","2","full","FULL_INNING_TOTAL","under","","points-all-2i-ou-under","fanduel","0.5","false","-194","2026-09-25T16:28:08.825Z","","0.5","","-194","https://sportsbook.fanduel.com/addToBetslip?marketId=717.188357336&selectionId=7017906"
"SPORTSGAMEODDS","XzGS6ukHr3Azb4Oa6aph","2026-09-25T22:40:00.000Z","Tampa Bay Rays @ Philadelphia Phillies","Tampa Bay Rays","Philadelphia Phillies","2","full","FULL_INNING_TOTAL","under","","points-all-2i-ou-under","fanduel","1.5","true","-600","2026-09-25T16:28:08.825Z","","0.5","","","https://sportsbook.fanduel.com/addToBetslip?marketId=717.188357336&selectionId=7017906"
"SPORTSGAMEODDS","XzGS6ukHr3Azb4Oa6aph","2026-09-25T22:40:00.000Z","Tampa Bay Rays @ Philadelphia Phillies","Tampa Bay Rays","Philadelphia Phillies","2","full","FULL_INNING_TOTAL","under","","points-all-2i-ou-under","draftkings","0.5","false","-185","2026-09-25T16:27:56.462Z","","0.5","","-194",""
"SPORTSGAMEODDS","XzGS6ukHr3Azb4Oa6aph","2026-09-25T22:40:00.000Z","Tampa Bay Rays @ Philadelphia Phillies","Tampa Bay Rays","Philadelphia Phillies","2","full","FULL_INNING_TOTAL","under","","points-all-2i-ou-under","draftkings","1.5","true","-525","2026-09-25T16:27:56.462Z","","0.5","","",""
"SPORTSGAMEODDS","XzGS6ukHr3Azb4Oa6aph","2026-09-25T22:40:00.000Z","Tampa Bay Rays @ Philadelphia Phillies","Tampa Bay Rays","Philadelphia Phillies","3","full","FULL_INNING_3WAY","draw","","points-all-3i-ml3way-draw","fanduel","","false","-185","2026-09-25T16:28:08.825Z","","","","","https://sportsbook.fanduel.com/addToBetslip?marketId=717.188357234&selectionId=131604"
"SPORTSGAMEODDS","XzGS6ukHr3Azb4Oa6aph","2026-09-25T22:40:00.000Z","Tampa Bay Rays @ Philadelphia Phillies","Tampa Bay Rays","Philadelphia Phillies","3","full","FULL_INNING_3WAY","draw","","points-all-3i-ml3way-draw","draftkings","","false","-200","2026-09-25T16:27:56.462Z","","","","",""
"SPORTSGAMEODDS","XzGS6ukHr3Azb4Oa6aph","2026-09-25T22:40:00.000Z","Tampa Bay Rays @ Philadelphia Phillies","Tampa Bay Rays","Philadelphia Phillies","3","full","FULL_INNING_TOTAL","over","","points-all-3i-ou-over","fanduel","0.5","false","134","2026-09-25T16:28:08.825Z","0.5","0.5","146","130","https://sportsbook.fanduel.com/addToBetslip?marketId=717.188357227&selectionId=7017905"
"SPORTSGAMEODDS","XzGS6ukHr3Azb4Oa6aph","2026-09-25T22:40:00.000Z","Tampa Bay Rays @ Philadelphia Phillies","Tampa Bay Rays","Philadelphia Phillies","3","full","FULL_INNING_TOTAL","over","","points-all-3i-ou-over","fanduel","1.5","true","350","2026-09-25T16:28:08.825Z","0.5","0.5","","","https://sportsbook.fanduel.com/addToBetslip?marketId=717.188357227&selectionId=7017905"
"SPORTSGAMEODDS","XzGS6ukHr3Azb4Oa6aph","2026-09-25T22:40:00.000Z","Tampa Bay Rays @ Philadelphia Phillies","Tampa Bay Rays","Philadelphia Phillies","3","full","FULL_INNING_TOTAL","over","","points-all-3i-ou-over","draftkings","0.5","false","130","2026-09-25T16:27:56.462Z","0.5","0.5","146","130",""
"SPORTSGAMEODDS","XzGS6ukHr3Azb4Oa6aph","2026-09-25T22:40:00.000Z","Tampa Bay Rays @ Philadelphia Phillies","Tampa Bay Rays","Philadelphia Phillies","3","full","FULL_INNING_TOTAL","over","","points-all-3i-ou-over","draftkings","1.5","true","320","2026-09-25T16:27:56.462Z","0.5","0.5","","",""
"SPORTSGAMEODDS","XzGS6ukHr3Azb4Oa6aph","2026-09-25T22:40:00.000Z","Tampa Bay Rays @ Philadelphia Phillies","Tampa Bay Rays","Philadelphia Phillies","3","full","FULL_INNING_TOTAL","under","","points-all-3i-ou-under","fanduel","0.5","false","-164","2026-09-25T16:28:08.825Z","0.5","0.5","-146","-175","https://sportsbook.fanduel.com/addToBetslip?marketId=717.188357227&selectionId=7017906"
"SPORTSGAMEODDS","XzGS6ukHr3Azb4Oa6aph","2026-09-25T22:40:00.000Z","Tampa Bay Rays @ Philadelphia Phillies","Tampa Bay Rays","Philadelphia Phillies","3","full","FULL_INNING_TOTAL","under","","points-all-3i-ou-under","fanduel","1.5","true","-480","2026-09-25T16:28:08.825Z","0.5","0.5","","","https://sportsbook.fanduel.com/addToBetslip?marketId=717.188357227&selectionId=7017906"
"SPORTSGAMEODDS","XzGS6ukHr3Azb4Oa6aph","2026-09-25T22:40:00.000Z","Tampa Bay Rays @ Philadelphia Phillies","Tampa Bay Rays","Philadelphia Phillies","3","full","FULL_INNING_TOTAL","under","","points-all-3i-ou-under","draftkings","0.5","false","-175","2026-09-25T16:27:56.462Z","0.5","0.5","-146","-175",""
"SPORTSGAMEODDS","XzGS6ukHr3Azb4Oa6aph","2026-09-25T22:40:00.000Z","Tampa Bay Rays @ Philadelphia Phillies","Tampa Bay Rays","Philadelphia Phillies","3","full","FULL_INNING_TOTAL","under","","points-all-3i-ou-under","draftkings","1.5","true","-475","2026-09-25T16:27:56.462Z","0.5","0.5","","",""
"SPORTSGAMEODDS","XzGS6ukHr3Azb4Oa6aph","2026-09-25T22:40:00.000Z","Tampa Bay Rays @ Philadelphia Phillies","Tampa Bay Rays","Philadelphia Phillies","4","full","FULL_INNING_3WAY","draw","","points-all-4i-ml3way-draw","fanduel","","false","-195","2026-09-25T16:28:08.825Z","","","","","https://sportsbook.fanduel.com/addToBetslip?marketId=717.188357175&selectionId=131604"
"SPORTSGAMEODDS","XzGS6ukHr3Azb4Oa6aph","2026-09-25T22:40:00.000Z","Tampa Bay Rays @ Philadelphia Phillies","Tampa Bay Rays","Philadelphia Phillies","4","full","FULL_INNING_3WAY","draw","","points-all-4i-ml3way-draw","draftkings","","false","-200","2026-09-25T16:27:56.462Z","","","","",""
"SPORTSGAMEODDS","XzGS6ukHr3Azb4Oa6aph","2026-09-25T22:40:00.000Z","Tampa Bay Rays @ Philadelphia Phillies","Tampa Bay Rays","Philadelphia Phillies","4","full","FULL_INNING_TOTAL","over","","points-all-4i-ou-over","fanduel","0.5","false","138","2026-09-25T16:28:08.825Z","0.5","0.5","148","130","https://sportsbook.fanduel.com/addToBetslip?marketId=717.188357224&selectionId=7017905"
"SPORTSGAMEODDS","XzGS6ukHr3Azb4Oa6aph","2026-09-25T22:40:00.000Z","Tampa Bay Rays @ Philadelphia Phillies","Tampa Bay Rays","Philadelphia Phillies","4","full","FULL_INNING_TOTAL","over","","points-all-4i-ou-over","fanduel","1.5","true","370","2026-09-25T16:28:08.825Z","0.5","0.5","","","https://sportsbook.fanduel.com/addToBetslip?marketId=717.188357224&selectionId=7017905"
"SPORTSGAMEODDS","XzGS6ukHr3Azb4Oa6aph","2026-09-25T22:40:00.000Z","Tampa Bay Rays @ Philadelphia Phillies","Tampa Bay Rays","Philadelphia Phillies","4","full","FULL_INNING_TOTAL","over","","points-all-4i-ou-over","draftkings","0.5","false","130","2026-09-25T16:27:56.462Z","0.5","0.5","148","130",""
"SPORTSGAMEODDS","XzGS6ukHr3Azb4Oa6aph","2026-09-25T22:40:00.000Z","Tampa Bay Rays @ Philadelphia Phillies","Tampa Bay Rays","Philadelphia Phillies","4","full","FULL_INNING_TOTAL","over","","points-all-4i-ou-over","draftkings","1.5","true","340","2026-09-25T16:27:56.462Z","0.5","0.5","","",""
"SPORTSGAMEODDS","XzGS6ukHr3Azb4Oa6aph","2026-09-25T22:40:00.000Z","Tampa Bay Rays @ Philadelphia Phillies","Tampa Bay Rays","Philadelphia Phillies","4","full","FULL_INNING_TOTAL","under","","points-all-4i-ou-under","fanduel","0.5","false","-170","2026-09-25T16:28:08.825Z","0.5","0.5","-148","-180","https://sportsbook.fanduel.com/addToBetslip?marketId=717.188357224&selectionId=7017906"
"SPORTSGAMEODDS","XzGS6ukHr3Azb4Oa6aph","2026-09-25T22:40:00.000Z","Tampa Bay Rays @ Philadelphia Phillies","Tampa Bay Rays","Philadelphia Phillies","4","full","FULL_INNING_TOTAL","under","","points-all-4i-ou-under","fanduel","1.5","true","-520","2026-09-25T16:28:08.825Z","0.5","0.5","","","https://sportsbook.fanduel.com/addToBetslip?marketId=717.188357224&selectionId=7017906"
"SPORTSGAMEODDS","XzGS6ukHr3Azb4Oa6aph","2026-09-25T22:40:00.000Z","Tampa Bay Rays @ Philadelphia Phillies","Tampa Bay Rays","Philadelphia Phillies","4","full","FULL_INNING_TOTAL","under","","points-all-4i-ou-under","draftkings","0.5","false","-180","2026-09-25T16:27:56.462Z","0.5","0.5","-148","-180",""
"SPORTSGAMEODDS","XzGS6ukHr3Azb4Oa6aph","2026-09-25T22:40:00.000Z","Tampa Bay Rays @ Philadelphia Phillies","Tampa Bay Rays","Philadelphia Phillies","4","full","FULL_INNING_TOTAL","under","","points-all-4i-ou-under","draftkings","1.5","true","-500","2026-09-25T16:27:56.462Z","0.5","0.5","","",""
"SPORTSGAMEODDS","XzGS6ukHr3Azb4Oa6aph","2026-09-25T22:40:00.000Z","Tampa Bay Rays @ Philadelphia Phillies","Tampa Bay Rays","Philadelphia Phillies","5","full","FULL_INNING_3WAY","draw","","points-all-5i-ml3way-draw","fanduel","","false","-190","2026-09-25T16:28:08.825Z","","","","","https://sportsbook.fanduel.com/addToBetslip?marketId=717.188357286&selectionId=131604"
"SPORTSGAMEODDS","XzGS6ukHr3Azb4Oa6aph","2026-09-25T22:40:00.000Z","Tampa Bay Rays @ Philadelphia Phillies","Tampa Bay Rays","Philadelphia Phillies","5","full","FULL_INNING_3WAY","draw","","points-all-5i-ml3way-draw","draftkings","","false","-195","2026-09-25T16:27:56.462Z","","","","",""
"SPORTSGAMEODDS","XzGS6ukHr3Azb4Oa6aph","2026-09-25T22:40:00.000Z","Tampa Bay Rays @ Philadelphia Phillies","Tampa Bay Rays","Philadelphia Phillies","5","full","FULL_INNING_TOTAL","over","","points-all-5i-ou-over","fanduel","0.5","false","136","2026-09-25T16:28:08.825Z","0.5","0.5","142","125","https://sportsbook.fanduel.com/addToBetslip?marketId=717.188357226&selectionId=7017905"
"SPORTSGAMEODDS","XzGS6ukHr3Azb4Oa6aph","2026-09-25T22:40:00.000Z","Tampa Bay Rays @ Philadelphia Phillies","Tampa Bay Rays","Philadelphia Phillies","5","full","FULL_INNING_TOTAL","over","","points-all-5i-ou-over","fanduel","1.5","true","360","2026-09-25T16:28:08.825Z","0.5","0.5","","","https://sportsbook.fanduel.com/addToBetslip?marketId=717.188357226&selectionId=7017905"
"SPORTSGAMEODDS","XzGS6ukHr3Azb4Oa6aph","2026-09-25T22:40:00.000Z","Tampa Bay Rays @ Philadelphia Phillies","Tampa Bay Rays","Philadelphia Phillies","5","full","FULL_INNING_TOTAL","over","","points-all-5i-ou-over","draftkings","0.5","false","125","2026-09-25T16:27:56.462Z","0.5","0.5","142","125",""
"SPORTSGAMEODDS","XzGS6ukHr3Azb4Oa6aph","2026-09-25T22:40:00.000Z","Tampa Bay Rays @ Philadelphia Phillies","Tampa Bay Rays","Philadelphia Phillies","5","full","FULL_INNING_TOTAL","over","","points-all-5i-ou-over","draftkings","1.5","true","310","2026-09-25T16:27:56.462Z","0.5","0.5","","",""
"SPORTSGAMEODDS","XzGS6ukHr3Azb4Oa6aph","2026-09-25T22:40:00.000Z","Tampa Bay Rays @ Philadelphia Phillies","Tampa Bay Rays","Philadelphia Phillies","5","full","FULL_INNING_TOTAL","under","","points-all-5i-ou-under","fanduel","0.5","false","-168","2026-09-25T16:28:08.825Z","0.5","0.5","-142","-170","https://sportsbook.fanduel.com/addToBetslip?marketId=717.188357226&selectionId=7017906"
"SPORTSGAMEODDS","XzGS6ukHr3Azb4Oa6aph","2026-09-25T22:40:00.000Z","Tampa Bay Rays @ Philadelphia Phillies","Tampa Bay Rays","Philadelphia Phillies","5","full","FULL_INNING_TOTAL","under","","points-all-5i-ou-under","fanduel","1.5","true","-500","2026-09-25T16:28:08.825Z","0.5","0.5","","","https://sportsbook.fanduel.com/addToBetslip?marketId=717.188357226&selectionId=7017906"
"SPORTSGAMEODDS","XzGS6ukHr3Azb4Oa6aph","2026-09-25T22:40:00.000Z","Tampa Bay Rays @ Philadelphia Phillies","Tampa Bay Rays","Philadelphia Phillies","5","full","FULL_INNING_TOTAL","under","","points-all-5i-ou-under","draftkings","0.5","false","-170","2026-09-25T16:27:56.462Z","0.5","0.5","-142","-170",""
"SPORTSGAMEODDS","XzGS6ukHr3Azb4Oa6aph","2026-09-25T22:40:00.000Z","Tampa Bay Rays @ Philadelphia Phillies","Tampa Bay Rays","Philadelphia Phillies","5","full","FULL_INNING_TOTAL","under","","points-all-5i-ou-under","draftkings","1.5","true","-450","2026-09-25T16:27:56.462Z","0.5","0.5","","",""
"SPORTSGAMEODDS","XzGS6ukHr3Azb4Oa6aph","2026-09-25T22:40:00.000Z","Tampa Bay Rays @ Philadelphia Phillies","Tampa Bay Rays","Philadelphia Phillies","6","full","FULL_INNING_3WAY","draw","","points-all-6i-ml3way-draw","fanduel","","false","-190","2026-09-25T16:28:08.825Z","","","","","https://sportsbook.fanduel.com/addToBetslip?marketId=717.188357179&selectionId=131604"
"SPORTSGAMEODDS","XzGS6ukHr3Azb4Oa6aph","2026-09-25T22:40:00.000Z","Tampa Bay Rays @ Philadelphia Phillies","Tampa Bay Rays","Philadelphia Phillies","6","full","FULL_INNING_3WAY","draw","","points-all-6i-ml3way-draw","draftkings","","false","-205","2026-09-25T16:27:56.462Z","","","","",""
"SPORTSGAMEODDS","XzGS6ukHr3Azb4Oa6aph","2026-09-25T22:40:00.000Z","Tampa Bay Rays @ Philadelphia Phillies","Tampa Bay Rays","Philadelphia Phillies","6","full","FULL_INNING_TOTAL","over","","points-all-6i-ou-over","fanduel","0.5","false","132","2026-09-25T16:28:08.825Z","0.5","0.5","146","130","https://sportsbook.fanduel.com/addToBetslip?marketId=717.188357280&selectionId=7017905"
"SPORTSGAMEODDS","XzGS6ukHr3Azb4Oa6aph","2026-09-25T22:40:00.000Z","Tampa Bay Rays @ Philadelphia Phillies","Tampa Bay Rays","Philadelphia Phillies","6","full","FULL_INNING_TOTAL","over","","points-all-6i-ou-over","fanduel","1.5","true","350","2026-09-25T16:28:08.825Z","0.5","0.5","","","https://sportsbook.fanduel.com/addToBetslip?marketId=717.188357280&selectionId=7017905"
"SPORTSGAMEODDS","XzGS6ukHr3Azb4Oa6aph","2026-09-25T22:40:00.000Z","Tampa Bay Rays @ Philadelphia Phillies","Tampa Bay Rays","Philadelphia Phillies","6","full","FULL_INNING_TOTAL","over","","points-all-6i-ou-over","draftkings","0.5","false","130","2026-09-25T16:27:56.462Z","0.5","0.5","146","130",""
"SPORTSGAMEODDS","XzGS6ukHr3Azb4Oa6aph","2026-09-25T22:40:00.000Z","Tampa Bay Rays @ Philadelphia Phillies","Tampa Bay Rays","Philadelphia Phillies","6","full","FULL_INNING_TOTAL","over","","points-all-6i-ou-over","draftkings","1.5","true","330","2026-09-25T16:27:56.462Z","0.5","0.5","","",""
"SPORTSGAMEODDS","XzGS6ukHr3Azb4Oa6aph","2026-09-25T22:40:00.000Z","Tampa Bay Rays @ Philadelphia Phillies","Tampa Bay Rays","Philadelphia Phillies","6","full","FULL_INNING_TOTAL","under","","points-all-6i-ou-under","fanduel","0.5","false","-162","2026-09-25T16:28:08.825Z","0.5","0.5","-146","-175","https://sportsbook.fanduel.com/addToBetslip?marketId=717.188357280&selectionId=7017906"
"SPORTSGAMEODDS","XzGS6ukHr3Azb4Oa6aph","2026-09-25T22:40:00.000Z","Tampa Bay Rays @ Philadelphia Phillies","Tampa Bay Rays","Philadelphia Phillies","6","full","FULL_INNING_TOTAL","under","","points-all-6i-ou-under","fanduel","1.5","true","-480","2026-09-25T16:28:08.825Z","0.5","0.5","","","https://sportsbook.fanduel.com/addToBetslip?marketId=717.188357280&selectionId=7017906"
"SPORTSGAMEODDS","XzGS6ukHr3Azb4Oa6aph","2026-09-25T22:40:00.000Z","Tampa Bay Rays @ Philadelphia Phillies","Tampa Bay Rays","Philadelphia Phillies","6","full","FULL_INNING_TOTAL","under","","points-all-6i-ou-under","draftkings","0.5","false","-175","2026-09-25T16:27:56.462Z","0.5","0.5","-146","-175",""
"SPORTSGAMEODDS","XzGS6ukHr3Azb4Oa6aph","2026-09-25T22:40:00.000Z","Tampa Bay Rays @ Philadelphia Phillies","Tampa Bay Rays","Philadelphia Phillies","6","full","FULL_INNING_TOTAL","under","","points-all-6i-ou-under","draftkings","1.5","true","-475","2026-09-25T16:27:56.462Z","0.5","0.5","","",""
"SPORTSGAMEODDS","XzGS6ukHr3Azb4Oa6aph","2026-09-25T22:40:00.000Z","Tampa Bay Rays @ Philadelphia Phillies","Tampa Bay Rays","Philadelphia Phillies","7","full","FULL_INNING_3WAY","draw","","points-all-7i-ml3way-draw","fanduel","","false","-185","2026-09-25T16:28:08.825Z","","","","","https://sportsbook.fanduel.com/addToBetslip?marketId=717.188357294&selectionId=131604"
"SPORTSGAMEODDS","XzGS6ukHr3Azb4Oa6aph","2026-09-25T22:40:00.000Z","Tampa Bay Rays @ Philadelphia Phillies","Tampa Bay Rays","Philadelphia Phillies","7","full","FULL_INNING_3WAY","draw","","points-all-7i-ml3way-draw","draftkings","","false","-205","2026-09-25T16:27:56.462Z","","","","",""
"SPORTSGAMEODDS","XzGS6ukHr3Azb4Oa6aph","2026-09-25T22:40:00.000Z","Tampa Bay Rays @ Philadelphia Phillies","Tampa Bay Rays","Philadelphia Phillies","7","full","FULL_INNING_TOTAL","over","","points-all-7i-ou-over","fanduel","0.5","false","136","2026-09-25T16:28:08.825Z","0.5","0.5","146","130","https://sportsbook.fanduel.com/addToBetslip?marketId=717.188357183&selectionId=7017905"
"SPORTSGAMEODDS","XzGS6ukHr3Azb4Oa6aph","2026-09-25T22:40:00.000Z","Tampa Bay Rays @ Philadelphia Phillies","Tampa Bay Rays","Philadelphia Phillies","7","full","FULL_INNING_TOTAL","over","","points-all-7i-ou-over","fanduel","1.5","true","360","2026-09-25T16:28:08.825Z","0.5","0.5","","","https://sportsbook.fanduel.com/addToBetslip?marketId=717.188357183&selectionId=7017905"
"SPORTSGAMEODDS","XzGS6ukHr3Azb4Oa6aph","2026-09-25T22:40:00.000Z","Tampa Bay Rays @ Philadelphia Phillies","Tampa Bay Rays","Philadelphia Phillies","7","full","FULL_INNING_TOTAL","over","","points-all-7i-ou-over","draftkings","0.5","false","130","2026-09-25T16:27:56.462Z","0.5","0.5","146","130",""
"SPORTSGAMEODDS","XzGS6ukHr3Azb4Oa6aph","2026-09-25T22:40:00.000Z","Tampa Bay Rays @ Philadelphia Phillies","Tampa Bay Rays","Philadelphia Phillies","7","full","FULL_INNING_TOTAL","over","","points-all-7i-ou-over","draftkings","1.5","true","340","2026-09-25T16:27:56.462Z","0.5","0.5","","",""
"SPORTSGAMEODDS","XzGS6ukHr3Azb4Oa6aph","2026-09-25T22:40:00.000Z","Tampa Bay Rays @ Philadelphia Phillies","Tampa Bay Rays","Philadelphia Phillies","7","full","FULL_INNING_TOTAL","under","","points-all-7i-ou-under","fanduel","0.5","false","-168","2026-09-25T16:28:08.825Z","0.5","0.5","-146","-175","https://sportsbook.fanduel.com/addToBetslip?marketId=717.188357183&selectionId=7017906"
"SPORTSGAMEODDS","XzGS6ukHr3Azb4Oa6aph","2026-09-25T22:40:00.000Z","Tampa Bay Rays @ Philadelphia Phillies","Tampa Bay Rays","Philadelphia Phillies","7","full","FULL_INNING_TOTAL","under","","points-all-7i-ou-under","fanduel","1.5","true","-500","2026-09-25T16:28:08.825Z","0.5","0.5","","","https://sportsbook.fanduel.com/addToBetslip?marketId=717.188357183&selectionId=7017906"
"SPORTSGAMEODDS","XzGS6ukHr3Azb4Oa6aph","2026-09-25T22:40:00.000Z","Tampa Bay Rays @ Philadelphia Phillies","Tampa Bay Rays","Philadelphia Phillies","7","full","FULL_INNING_TOTAL","under","","points-all-7i-ou-under","draftkings","0.5","false","-175","2026-09-25T16:27:56.462Z","0.5","0.5","-146","-175",""
"SPORTSGAMEODDS","XzGS6ukHr3Azb4Oa6aph","2026-09-25T22:40:00.000Z","Tampa Bay Rays @ Philadelphia Phillies","Tampa Bay Rays","Philadelphia Phillies","7","full","FULL_INNING_TOTAL","under","","points-all-7i-ou-under","draftkings","1.5","true","-500","2026-09-25T16:27:56.462Z","0.5","0.5","","",""
"SPORTSGAMEODDS","XzGS6ukHr3Azb4Oa6aph","2026-09-25T22:40:00.000Z","Tampa Bay Rays @ Philadelphia Phillies","Tampa Bay Rays","Philadelphia Phillies","8","full","FULL_INNING_3WAY","draw","","points-all-8i-ml3way-draw","fanduel","","false","-185","2026-09-25T16:28:08.825Z","","","","","https://sportsbook.fanduel.com/addToBetslip?marketId=717.188357329&selectionId=131604"
"SPORTSGAMEODDS","XzGS6ukHr3Azb4Oa6aph","2026-09-25T22:40:00.000Z","Tampa Bay Rays @ Philadelphia Phillies","Tampa Bay Rays","Philadelphia Phillies","8","full","FULL_INNING_3WAY","draw","","points-all-8i-ml3way-draw","draftkings","","false","-200","2026-09-25T16:27:56.462Z","","","","",""
"SPORTSGAMEODDS","XzGS6ukHr3Azb4Oa6aph","2026-09-25T22:40:00.000Z","Tampa Bay Rays @ Philadelphia Phillies","Tampa Bay Rays","Philadelphia Phillies","8","full","FULL_INNING_TOTAL","over","","points-all-8i-ou-over","fanduel","0.5","false","132","2026-09-25T16:28:08.825Z","0.5","0.5","148","130","https://sportsbook.fanduel.com/addToBetslip?marketId=717.188357194&selectionId=7017905"
"SPORTSGAMEODDS","XzGS6ukHr3Azb4Oa6aph","2026-09-25T22:40:00.000Z","Tampa Bay Rays @ Philadelphia Phillies","Tampa Bay Rays","Philadelphia Phillies","8","full","FULL_INNING_TOTAL","over","","points-all-8i-ou-over","fanduel","1.5","true","350","2026-09-25T16:28:08.825Z","0.5","0.5","","","https://sportsbook.fanduel.com/addToBetslip?marketId=717.188357194&selectionId=7017905"
"SPORTSGAMEODDS","XzGS6ukHr3Azb4Oa6aph","2026-09-25T22:40:00.000Z","Tampa Bay Rays @ Philadelphia Phillies","Tampa Bay Rays","Philadelphia Phillies","8","full","FULL_INNING_TOTAL","over","","points-all-8i-ou-over","draftkings","0.5","false","130","2026-09-25T16:27:56.462Z","0.5","0.5","148","130",""
"SPORTSGAMEODDS","XzGS6ukHr3Azb4Oa6aph","2026-09-25T22:40:00.000Z","Tampa Bay Rays @ Philadelphia Phillies","Tampa Bay Rays","Philadelphia Phillies","8","full","FULL_INNING_TOTAL","over","","points-all-8i-ou-over","draftkings","1.5","true","350","2026-09-25T16:27:56.462Z","0.5","0.5","","",""
"SPORTSGAMEODDS","XzGS6ukHr3Azb4Oa6aph","2026-09-25T22:40:00.000Z","Tampa Bay Rays @ Philadelphia Phillies","Tampa Bay Rays","Philadelphia Phillies","8","full","FULL_INNING_TOTAL","under","","points-all-8i-ou-under","fanduel","0.5","false","-162","2026-09-25T16:28:08.825Z","0.5","0.5","-148","-180","https://sportsbook.fanduel.com/addToBetslip?marketId=717.188357194&selectionId=7017906"
"SPORTSGAMEODDS","XzGS6ukHr3Azb4Oa6aph","2026-09-25T22:40:00.000Z","Tampa Bay Rays @ Philadelphia Phillies","Tampa Bay Rays","Philadelphia Phillies","8","full","FULL_INNING_TOTAL","under","","points-all-8i-ou-under","fanduel","1.5","true","-460","2026-09-25T16:28:08.825Z","0.5","0.5","","","https://sportsbook.fanduel.com/addToBetslip?marketId=717.188357194&selectionId=7017906"
"SPORTSGAMEODDS","XzGS6ukHr3Azb4Oa6aph","2026-09-25T22:40:00.000Z","Tampa Bay Rays @ Philadelphia Phillies","Tampa Bay Rays","Philadelphia Phillies","8","full","FULL_INNING_TOTAL","under","","points-all-8i-ou-under","draftkings","0.5","false","-180","2026-09-25T16:27:56.462Z","0.5","0.5","-148","-180",""
"SPORTSGAMEODDS","XzGS6ukHr3Azb4Oa6aph","2026-09-25T22:40:00.000Z","Tampa Bay Rays @ Philadelphia Phillies","Tampa Bay Rays","Philadelphia Phillies","8","full","FULL_INNING_TOTAL","under","","points-all-8i-ou-under","draftkings","1.5","true","-525","2026-09-25T16:27:56.462Z","0.5","0.5","","",""
"SPORTSGAMEODDS","XzGS6ukHr3Azb4Oa6aph","2026-09-25T22:40:00.000Z","Tampa Bay Rays @ Philadelphia Phillies","Tampa Bay Rays","Philadelphia Phillies","9","full","FULL_INNING_3WAY","draw","","points-all-9i-ml3way-draw","fanduel","","false","-340","2026-09-25T16:28:08.825Z","","","","","https://sportsbook.fanduel.com/addToBetslip?marketId=717.188357339&selectionId=131604"
"SPORTSGAMEODDS","XzGS6ukHr3Azb4Oa6aph","2026-09-25T22:40:00.000Z","Tampa Bay Rays @ Philadelphia Phillies","Tampa Bay Rays","Philadelphia Phillies","9","full","FULL_INNING_3WAY","draw","","points-all-9i-ml3way-draw","draftkings","","false","-330","2026-09-25T16:27:56.462Z","","","","",""
"SPORTSGAMEODDS","XzGS6ukHr3Azb4Oa6aph","2026-09-25T22:40:00.000Z","Tampa Bay Rays @ Philadelphia Phillies","Tampa Bay Rays","Philadelphia Phillies","9","full","FULL_INNING_TOTAL","over","","points-all-9i-ou-over","fanduel","1.5","false","650","2026-09-25T16:28:08.825Z","","1.5","","596","https://sportsbook.fanduel.com/addToBetslip?marketId=717.188357302&selectionId=7017905"
"SPORTSGAMEODDS","XzGS6ukHr3Azb4Oa6aph","2026-09-25T22:40:00.000Z","Tampa Bay Rays @ Philadelphia Phillies","Tampa Bay Rays","Philadelphia Phillies","9","full","FULL_INNING_TOTAL","over","","points-all-9i-ou-over","draftkings","1.5","false","550","2026-09-25T16:27:56.462Z","","1.5","","596",""
"SPORTSGAMEODDS","XzGS6ukHr3Azb4Oa6aph","2026-09-25T22:40:00.000Z","Tampa Bay Rays @ Philadelphia Phillies","Tampa Bay Rays","Philadelphia Phillies","9","full","FULL_INNING_TOTAL","over","","points-all-9i-ou-over","draftkings","0.5","true","215","2026-09-25T16:27:56.462Z","","1.5","","",""
"SPORTSGAMEODDS","XzGS6ukHr3Azb4Oa6aph","2026-09-25T22:40:00.000Z","Tampa Bay Rays @ Philadelphia Phillies","Tampa Bay Rays","Philadelphia Phillies","9","full","FULL_INNING_TOTAL","under","","points-all-9i-ou-under","fanduel","1.5","false","-1100","2026-09-25T16:28:08.825Z","","1.5","","-991","https://sportsbook.fanduel.com/addToBetslip?marketId=717.188357302&selectionId=7017906"
"SPORTSGAMEODDS","XzGS6ukHr3Azb4Oa6aph","2026-09-25T22:40:00.000Z","Tampa Bay Rays @ Philadelphia Phillies","Tampa Bay Rays","Philadelphia Phillies","9","full","FULL_INNING_TOTAL","under","","points-all-9i-ou-under","draftkings","1.5","false","-900","2026-09-25T16:27:56.462Z","","1.5","","-991",""
"SPORTSGAMEODDS","XzGS6ukHr3Azb4Oa6aph","2026-09-25T22:40:00.000Z","Tampa Bay Rays @ Philadelphia Phillies","Tampa Bay Rays","Philadelphia Phillies","9","full","FULL_INNING_TOTAL","under","","points-all-9i-ou-under","draftkings","0.5","true","-295","2026-09-25T16:27:56.462Z","","1.5","","",""
"SPORTSGAMEODDS","XzGS6ukHr3Azb4Oa6aph","2026-09-25T22:40:00.000Z","Tampa Bay Rays @ Philadelphia Phillies","Tampa Bay Rays","Philadelphia Phillies","2","full","FULL_INNING_3WAY","away","","points-away-2i-ml3way-away","fanduel","","false","500","2026-09-25T16:28:08.825Z","","","","","https://sportsbook.fanduel.com/addToBetslip?marketId=717.188357188&selectionId=29162"
"SPORTSGAMEODDS","XzGS6ukHr3Azb4Oa6aph","2026-09-25T22:40:00.000Z","Tampa Bay Rays @ Philadelphia Phillies","Tampa Bay Rays","Philadelphia Phillies","2","full","FULL_INNING_3WAY","away","","points-away-2i-ml3way-away","draftkings","","false","450","2026-09-25T16:27:56.462Z","","","","",""
"SPORTSGAMEODDS","XzGS6ukHr3Azb4Oa6aph","2026-09-25T22:40:00.000Z","Tampa Bay Rays @ Philadelphia Phillies","Tampa Bay Rays","Philadelphia Phillies","3","full","FULL_INNING_3WAY","away","","points-away-3i-ml3way-away","fanduel","","false","460","2026-09-25T16:28:08.825Z","","","","","https://sportsbook.fanduel.com/addToBetslip?marketId=717.188357234&selectionId=29162"
"SPORTSGAMEODDS","XzGS6ukHr3Azb4Oa6aph","2026-09-25T22:40:00.000Z","Tampa Bay Rays @ Philadelphia Phillies","Tampa Bay Rays","Philadelphia Phillies","3","full","FULL_INNING_3WAY","away","","points-away-3i-ml3way-away","draftkings","","false","475","2026-09-25T16:27:56.462Z","","","","",""
"SPORTSGAMEODDS","XzGS6ukHr3Azb4Oa6aph","2026-09-25T22:40:00.000Z","Tampa Bay Rays @ Philadelphia Phillies","Tampa Bay Rays","Philadelphia Phillies","4","full","FULL_INNING_3WAY","away","","points-away-4i-ml3way-away","fanduel","","false","490","2026-09-25T16:28:08.825Z","","","","","https://sportsbook.fanduel.com/addToBetslip?marketId=717.188357175&selectionId=29162"
"SPORTSGAMEODDS","XzGS6ukHr3Azb4Oa6aph","2026-09-25T22:40:00.000Z","Tampa Bay Rays @ Philadelphia Phillies","Tampa Bay Rays","Philadelphia Phillies","4","full","FULL_INNING_3WAY","away","","points-away-4i-ml3way-away","draftkings","","false","450","2026-09-25T16:27:56.462Z","","","","",""
"SPORTSGAMEODDS","XzGS6ukHr3Azb4Oa6aph","2026-09-25T22:40:00.000Z","Tampa Bay Rays @ Philadelphia Phillies","Tampa Bay Rays","Philadelphia Phillies","5","full","FULL_INNING_3WAY","away","","points-away-5i-ml3way-away","fanduel","","false","480","2026-09-25T16:28:08.825Z","","","","","https://sportsbook.fanduel.com/addToBetslip?marketId=717.188357286&selectionId=29162"
"SPORTSGAMEODDS","XzGS6ukHr3Azb4Oa6aph","2026-09-25T22:40:00.000Z","Tampa Bay Rays @ Philadelphia Phillies","Tampa Bay Rays","Philadelphia Phillies","5","full","FULL_INNING_3WAY","away","","points-away-5i-ml3way-away","draftkings","","false","475","2026-09-25T16:27:56.462Z","","","","",""
"SPORTSGAMEODDS","XzGS6ukHr3Azb4Oa6aph","2026-09-25T22:40:00.000Z","Tampa Bay Rays @ Philadelphia Phillies","Tampa Bay Rays","Philadelphia Phillies","6","full","FULL_INNING_3WAY","away","","points-away-6i-ml3way-away","fanduel","","false","440","2026-09-25T16:28:08.825Z","","","","","https://sportsbook.fanduel.com/addToBetslip?marketId=717.188357179&selectionId=29162"
"SPORTSGAMEODDS","XzGS6ukHr3Azb4Oa6aph","2026-09-25T22:40:00.000Z","Tampa Bay Rays @ Philadelphia Phillies","Tampa Bay Rays","Philadelphia Phillies","6","full","FULL_INNING_3WAY","away","","points-away-6i-ml3way-away","draftkings","","false","425","2026-09-25T16:27:56.462Z","","","","",""
"SPORTSGAMEODDS","XzGS6ukHr3Azb4Oa6aph","2026-09-25T22:40:00.000Z","Tampa Bay Rays @ Philadelphia Phillies","Tampa Bay Rays","Philadelphia Phillies","7","full","FULL_INNING_3WAY","away","","points-away-7i-ml3way-away","fanduel","","false","460","2026-09-25T16:28:08.825Z","","","","","https://sportsbook.fanduel.com/addToBetslip?marketId=717.188357294&selectionId=29162"
"SPORTSGAMEODDS","XzGS6ukHr3Azb4Oa6aph","2026-09-25T22:40:00.000Z","Tampa Bay Rays @ Philadelphia Phillies","Tampa Bay Rays","Philadelphia Phillies","7","full","FULL_INNING_3WAY","away","","points-away-7i-ml3way-away","draftkings","","false","425","2026-09-25T16:27:56.462Z","","","","",""
"SPORTSGAMEODDS","XzGS6ukHr3Azb4Oa6aph","2026-09-25T22:40:00.000Z","Tampa Bay Rays @ Philadelphia Phillies","Tampa Bay Rays","Philadelphia Phillies","8","full","FULL_INNING_3WAY","away","","points-away-8i-ml3way-away","fanduel","","false","450","2026-09-25T16:28:08.825Z","","","","","https://sportsbook.fanduel.com/addToBetslip?marketId=717.188357329&selectionId=29162"
"SPORTSGAMEODDS","XzGS6ukHr3Azb4Oa6aph","2026-09-25T22:40:00.000Z","Tampa Bay Rays @ Philadelphia Phillies","Tampa Bay Rays","Philadelphia Phillies","8","full","FULL_INNING_3WAY","away","","points-away-8i-ml3way-away","draftkings","","false","425","2026-09-25T16:27:56.462Z","","","","",""
"SPORTSGAMEODDS","XzGS6ukHr3Azb4Oa6aph","2026-09-25T22:40:00.000Z","Tampa Bay Rays @ Philadelphia Phillies","Tampa Bay Rays","Philadelphia Phillies","9","full","FULL_INNING_3WAY","away","","points-away-9i-ml3way-away","fanduel","","false","450","2026-09-25T16:28:08.825Z","","","","","https://sportsbook.fanduel.com/addToBetslip?marketId=717.188357339&selectionId=29162"
"SPORTSGAMEODDS","XzGS6ukHr3Azb4Oa6aph","2026-09-25T22:40:00.000Z","Tampa Bay Rays @ Philadelphia Phillies","Tampa Bay Rays","Philadelphia Phillies","9","full","FULL_INNING_3WAY","away","","points-away-9i-ml3way-away","draftkings","","false","390","2026-09-25T16:27:56.462Z","","","","",""
"SPORTSGAMEODDS","XzGS6ukHr3Azb4Oa6aph","2026-09-25T22:40:00.000Z","Tampa Bay Rays @ Philadelphia Phillies","Tampa Bay Rays","Philadelphia Phillies","2","full","FULL_INNING_3WAY","home","","points-home-2i-ml3way-home","fanduel","","false","350","2026-09-25T16:28:08.825Z","","","","","https://sportsbook.fanduel.com/addToBetslip?marketId=717.188357188&selectionId=29175"
"SPORTSGAMEODDS","XzGS6ukHr3Azb4Oa6aph","2026-09-25T22:40:00.000Z","Tampa Bay Rays @ Philadelphia Phillies","Tampa Bay Rays","Philadelphia Phillies","2","full","FULL_INNING_3WAY","home","","points-home-2i-ml3way-home","draftkings","","false","330","2026-09-25T16:27:56.462Z","","","","",""
"SPORTSGAMEODDS","XzGS6ukHr3Azb4Oa6aph","2026-09-25T22:40:00.000Z","Tampa Bay Rays @ Philadelphia Phillies","Tampa Bay Rays","Philadelphia Phillies","3","full","FULL_INNING_3WAY","home","","points-home-3i-ml3way-home","fanduel","","false","310","2026-09-25T16:28:08.825Z","","","","","https://sportsbook.fanduel.com/addToBetslip?marketId=717.188357234&selectionId=29175"
"SPORTSGAMEODDS","XzGS6ukHr3Azb4Oa6aph","2026-09-25T22:40:00.000Z","Tampa Bay Rays @ Philadelphia Phillies","Tampa Bay Rays","Philadelphia Phillies","3","full","FULL_INNING_3WAY","home","","points-home-3i-ml3way-home","draftkings","","false","300","2026-09-25T16:27:56.462Z","","","","",""
"SPORTSGAMEODDS","XzGS6ukHr3Azb4Oa6aph","2026-09-25T22:40:00.000Z","Tampa Bay Rays @ Philadelphia Phillies","Tampa Bay Rays","Philadelphia Phillies","4","full","FULL_INNING_3WAY","home","","points-home-4i-ml3way-home","fanduel","","false","320","2026-09-25T16:28:08.825Z","","","","","https://sportsbook.fanduel.com/addToBetslip?marketId=717.188357175&selectionId=29175"
"SPORTSGAMEODDS","XzGS6ukHr3Azb4Oa6aph","2026-09-25T22:40:00.000Z","Tampa Bay Rays @ Philadelphia Phillies","Tampa Bay Rays","Philadelphia Phillies","4","full","FULL_INNING_3WAY","home","","points-home-4i-ml3way-home","draftkings","","false","300","2026-09-25T16:27:56.462Z","","","","",""
"SPORTSGAMEODDS","XzGS6ukHr3Azb4Oa6aph","2026-09-25T22:40:00.000Z","Tampa Bay Rays @ Philadelphia Phillies","Tampa Bay Rays","Philadelphia Phillies","5","full","FULL_INNING_3WAY","home","","points-home-5i-ml3way-home","fanduel","","false","320","2026-09-25T16:28:08.825Z","","","","","https://sportsbook.fanduel.com/addToBetslip?marketId=717.188357286&selectionId=29175"
"SPORTSGAMEODDS","XzGS6ukHr3Azb4Oa6aph","2026-09-25T22:40:00.000Z","Tampa Bay Rays @ Philadelphia Phillies","Tampa Bay Rays","Philadelphia Phillies","5","full","FULL_INNING_3WAY","home","","points-home-5i-ml3way-home","draftkings","","false","280","2026-09-25T16:27:56.462Z","","","","",""
"SPORTSGAMEODDS","XzGS6ukHr3Azb4Oa6aph","2026-09-25T22:40:00.000Z","Tampa Bay Rays @ Philadelphia Phillies","Tampa Bay Rays","Philadelphia Phillies","6","full","FULL_INNING_3WAY","home","","points-home-6i-ml3way-home","fanduel","","false","320","2026-09-25T16:28:08.825Z","","","","","https://sportsbook.fanduel.com/addToBetslip?marketId=717.188357179&selectionId=29175"
"SPORTSGAMEODDS","XzGS6ukHr3Azb4Oa6aph","2026-09-25T22:40:00.000Z","Tampa Bay Rays @ Philadelphia Phillies","Tampa Bay Rays","Philadelphia Phillies","6","full","FULL_INNING_3WAY","home","","points-home-6i-ml3way-home","draftkings","","false","340","2026-09-25T16:27:56.462Z","","","","",""
"SPORTSGAMEODDS","XzGS6ukHr3Azb4Oa6aph","2026-09-25T22:40:00.000Z","Tampa Bay Rays @ Philadelphia Phillies","Tampa Bay Rays","Philadelphia Phillies","7","full","FULL_INNING_3WAY","home","","points-home-7i-ml3way-home","fanduel","","false","320","2026-09-25T16:28:08.825Z","","","","","https://sportsbook.fanduel.com/addToBetslip?marketId=717.188357294&selectionId=29175"
"SPORTSGAMEODDS","XzGS6ukHr3Azb4Oa6aph","2026-09-25T22:40:00.000Z","Tampa Bay Rays @ Philadelphia Phillies","Tampa Bay Rays","Philadelphia Phillies","7","full","FULL_INNING_3WAY","home","","points-home-7i-ml3way-home","draftkings","","false","330","2026-09-25T16:27:56.462Z","","","","",""
"SPORTSGAMEODDS","XzGS6ukHr3Azb4Oa6aph","2026-09-25T22:40:00.000Z","Tampa Bay Rays @ Philadelphia Phillies","Tampa Bay Rays","Philadelphia Phillies","8","full","FULL_INNING_3WAY","home","","points-home-8i-ml3way-home","fanduel","","false","320","2026-09-25T16:28:08.825Z","","","","","https://sportsbook.fanduel.com/addToBetslip?marketId=717.188357329&selectionId=29175"
"SPORTSGAMEODDS","XzGS6ukHr3Azb4Oa6aph","2026-09-25T22:40:00.000Z","Tampa Bay Rays @ Philadelphia Phillies","Tampa Bay Rays","Philadelphia Phillies","8","full","FULL_INNING_3WAY","home","","points-home-8i-ml3way-home","draftkings","","false","330","2026-09-25T16:27:56.462Z","","","","",""
"SPORTSGAMEODDS","XzGS6ukHr3Azb4Oa6aph","2026-09-25T22:40:00.000Z","Tampa Bay Rays @ Philadelphia Phillies","Tampa Bay Rays","Philadelphia Phillies","9","full","FULL_INNING_3WAY","home","","points-home-9i-ml3way-home","fanduel","","false","700","2026-09-25T16:28:08.825Z","","","","","https://sportsbook.fanduel.com/addToBetslip?marketId=717.188357339&selectionId=29175"
"SPORTSGAMEODDS","XzGS6ukHr3Azb4Oa6aph","2026-09-25T22:40:00.000Z","Tampa Bay Rays @ Philadelphia Phillies","Tampa Bay Rays","Philadelphia Phillies","9","full","FULL_INNING_3WAY","home","","points-home-9i-ml3way-home","draftkings","","false","700","2026-09-25T16:27:56.462Z","","","","",""
"SPORTSGAMEODDS","TeCVNhCTEn3Yc5djvVei","2026-09-25T22:45:00.000Z","New York Mets @ Washington Nationals","New York Mets","Washington Nationals","1","full","FULL_INNING_3WAY","draw","","points-all-1i-ml3way-draw","draftkings","","false","-145","2026-09-25T16:27:56.462Z","","","","",""
"SPORTSGAMEODDS","TeCVNhCTEn3Yc5djvVei","2026-09-25T22:45:00.000Z","New York Mets @ Washington Nationals","New York Mets","Washington Nationals","1","full","FULL_INNING_3WAY","draw","","points-all-1i-ml3way-draw","fanduel","","false","-140","2026-09-25T16:28:08.825Z","","","","","https://sportsbook.fanduel.com/addToBetslip?marketId=717.188411887&selectionId=131604"
"SPORTSGAMEODDS","TeCVNhCTEn3Yc5djvVei","2026-09-25T22:45:00.000Z","New York Mets @ Washington Nationals","New York Mets","Washington Nationals","1","full","FULL_INNING_3WAY","draw","","points-all-1i-ml3way-draw","betmgm","","false","-140","2026-09-25T16:28:05.724Z","","","","","https://sports.nj.betmgm.com/en/sports?options=19944449-1561272274-2304271741"
"SPORTSGAMEODDS","TeCVNhCTEn3Yc5djvVei","2026-09-25T22:45:00.000Z","New York Mets @ Washington Nationals","New York Mets","Washington Nationals","1","full","FULL_INNING_TOTAL","over","","points-all-1i-ou-over","draftkings","0.5","false","-105","2026-09-25T16:27:56.462Z","0.5","0.5","112","102",""
"SPORTSGAMEODDS","TeCVNhCTEn3Yc5djvVei","2026-09-25T22:45:00.000Z","New York Mets @ Washington Nationals","New York Mets","Washington Nationals","1","full","FULL_INNING_TOTAL","over","","points-all-1i-ou-over","draftkings","1.5","true","245","2026-09-25T16:27:56.462Z","0.5","0.5","","",""
"SPORTSGAMEODDS","TeCVNhCTEn3Yc5djvVei","2026-09-25T22:45:00.000Z","New York Mets @ Washington Nationals","New York Mets","Washington Nationals","1","full","FULL_INNING_TOTAL","over","","points-all-1i-ou-over","caesars","0.5","false","103","2026-09-25T16:28:05.224Z","0.5","0.5","112","102","https://sportsbook.caesars.com/us/nj/bet/betslip?selectionIds=a82645a2-6f55-3dc8-99ae-2d3ce90ca0c6"
"SPORTSGAMEODDS","TeCVNhCTEn3Yc5djvVei","2026-09-25T22:45:00.000Z","New York Mets @ Washington Nationals","New York Mets","Washington Nationals","1","full","FULL_INNING_TOTAL","over","","points-all-1i-ou-over","fanduel","0.5","false","102","2026-09-25T16:28:08.825Z","0.5","0.5","112","102","https://sportsbook.fanduel.com/addToBetslip?marketId=717.188411956&selectionId=7017905"
"SPORTSGAMEODDS","TeCVNhCTEn3Yc5djvVei","2026-09-25T22:45:00.000Z","New York Mets @ Washington Nationals","New York Mets","Washington Nationals","1","full","FULL_INNING_TOTAL","over","","points-all-1i-ou-over","fanduel","1.5","true","280","2026-09-25T16:28:08.825Z","0.5","0.5","","","https://sportsbook.fanduel.com/addToBetslip?marketId=717.188411956&selectionId=7017905"
"SPORTSGAMEODDS","TeCVNhCTEn3Yc5djvVei","2026-09-25T22:45:00.000Z","New York Mets @ Washington Nationals","New York Mets","Washington Nationals","1","full","FULL_INNING_TOTAL","over","","points-all-1i-ou-over","betmgm","0.5","false","-102","2026-09-25T16:28:05.724Z","0.5","0.5","112","102","https://sports.nj.betmgm.com/en/sports?options=19944449-1561272266-2304271724"
"SPORTSGAMEODDS","TeCVNhCTEn3Yc5djvVei","2026-09-25T22:45:00.000Z","New York Mets @ Washington Nationals","New York Mets","Washington Nationals","1","full","FULL_INNING_TOTAL","under","","points-all-1i-ou-under","draftkings","0.5","false","-125","2026-09-25T16:27:56.462Z","0.5","0.5","-112","-125",""
"SPORTSGAMEODDS","TeCVNhCTEn3Yc5djvVei","2026-09-25T22:45:00.000Z","New York Mets @ Washington Nationals","New York Mets","Washington Nationals","1","full","FULL_INNING_TOTAL","under","","points-all-1i-ou-under","draftkings","1.5","true","-330","2026-09-25T16:27:56.462Z","0.5","0.5","","",""
"SPORTSGAMEODDS","TeCVNhCTEn3Yc5djvVei","2026-09-25T22:45:00.000Z","New York Mets @ Washington Nationals","New York Mets","Washington Nationals","1","full","FULL_INNING_TOTAL","under","","points-all-1i-ou-under","caesars","0.5","false","-127","2026-09-25T16:28:05.224Z","0.5","0.5","-112","-125","https://sportsbook.caesars.com/us/nj/bet/betslip?selectionIds=47e59fea-1402-3705-9b9e-5d876408975e"
"SPORTSGAMEODDS","TeCVNhCTEn3Yc5djvVei","2026-09-25T22:45:00.000Z","New York Mets @ Washington Nationals","New York Mets","Washington Nationals","1","full","FULL_INNING_TOTAL","under","","points-all-1i-ou-under","fanduel","0.5","false","-130","2026-09-25T16:28:08.825Z","0.5","0.5","-112","-125","https://sportsbook.fanduel.com/addToBetslip?marketId=717.188411956&selectionId=7017906"
"SPORTSGAMEODDS","TeCVNhCTEn3Yc5djvVei","2026-09-25T22:45:00.000Z","New York Mets @ Washington Nationals","New York Mets","Washington Nationals","1","full","FULL_INNING_TOTAL","under","","points-all-1i-ou-under","fanduel","1.5","true","-370","2026-09-25T16:28:08.825Z","0.5","0.5","","","https://sportsbook.fanduel.com/addToBetslip?marketId=717.188411956&selectionId=7017906"
"SPORTSGAMEODDS","TeCVNhCTEn3Yc5djvVei","2026-09-25T22:45:00.000Z","New York Mets @ Washington Nationals","New York Mets","Washington Nationals","1","full","FULL_INNING_TOTAL","under","","points-all-1i-ou-under","betmgm","0.5","false","-125","2026-09-25T16:28:05.724Z","0.5","0.5","-112","-125","https://sports.nj.betmgm.com/en/sports?options=19944449-1561272266-2304271725"
"SPORTSGAMEODDS","TeCVNhCTEn3Yc5djvVei","2026-09-25T22:45:00.000Z","New York Mets @ Washington Nationals","New York Mets","Washington Nationals","1","full","FULL_INNING_3WAY","away","","points-away-1i-ml3way-away","draftkings","","false","310","2026-09-25T16:27:56.462Z","","","","",""
"SPORTSGAMEODDS","TeCVNhCTEn3Yc5djvVei","2026-09-25T22:45:00.000Z","New York Mets @ Washington Nationals","New York Mets","Washington Nationals","1","full","FULL_INNING_3WAY","away","","points-away-1i-ml3way-away","fanduel","","false","330","2026-09-25T16:28:08.825Z","","","","","https://sportsbook.fanduel.com/addToBetslip?marketId=717.188411887&selectionId=29174"
"SPORTSGAMEODDS","TeCVNhCTEn3Yc5djvVei","2026-09-25T22:45:00.000Z","New York Mets @ Washington Nationals","New York Mets","Washington Nationals","1","full","FULL_INNING_3WAY","away","","points-away-1i-ml3way-away","betmgm","","false","300","2026-09-25T16:28:05.724Z","","","","","https://sports.nj.betmgm.com/en/sports?options=19944449-1561272274-2304271740"
"SPORTSGAMEODDS","TeCVNhCTEn3Yc5djvVei","2026-09-25T22:45:00.000Z","New York Mets @ Washington Nationals","New York Mets","Washington Nationals","1","full","FULL_INNING_3WAY","home","","points-home-1i-ml3way-home","draftkings","","false","280","2026-09-25T16:27:56.462Z","","","","",""
"SPORTSGAMEODDS","TeCVNhCTEn3Yc5djvVei","2026-09-25T22:45:00.000Z","New York Mets @ Washington Nationals","New York Mets","Washington Nationals","1","full","FULL_INNING_3WAY","home","","points-home-1i-ml3way-home","fanduel","","false","290","2026-09-25T16:28:08.825Z","","","","","https://sportsbook.fanduel.com/addToBetslip?marketId=717.188411887&selectionId=1033687"
"SPORTSGAMEODDS","TeCVNhCTEn3Yc5djvVei","2026-09-25T22:45:00.000Z","New York Mets @ Washington Nationals","New York Mets","Washington Nationals","1","full","FULL_INNING_3WAY","home","","points-home-1i-ml3way-home","betmgm","","false","300","2026-09-25T16:28:05.724Z","","","","","https://sports.nj.betmgm.com/en/sports?options=19944449-1561272274-2304271742"
"SPORTSGAMEODDS","TeCVNhCTEn3Yc5djvVei","2026-09-25T22:45:00.000Z","New York Mets @ Washington Nationals","New York Mets","Washington Nationals","2","full","FULL_INNING_3WAY","draw","","points-all-2i-ml3way-draw","fanduel","","false","-170","2026-09-25T16:28:08.825Z","","","","","https://sportsbook.fanduel.com/addToBetslip?marketId=717.188411929&selectionId=131604"
"SPORTSGAMEODDS","TeCVNhCTEn3Yc5djvVei","2026-09-25T22:45:00.000Z","New York Mets @ Washington Nationals","New York Mets","Washington Nationals","2","full","FULL_INNING_3WAY","draw","","points-all-2i-ml3way-draw","draftkings","","false","-175","2026-09-25T16:27:56.462Z","","","","",""
"SPORTSGAMEODDS","TeCVNhCTEn3Yc5djvVei","2026-09-25T22:45:00.000Z","New York Mets @ Washington Nationals","New York Mets","Washington Nationals","2","full","FULL_INNING_TOTAL","over","","points-all-2i-ou-over","fanduel","0.5","false","120","2026-09-25T16:28:08.825Z","0.5","0.5","131","115","https://sportsbook.fanduel.com/addToBetslip?marketId=717.188411844&selectionId=7017905"
"SPORTSGAMEODDS","TeCVNhCTEn3Yc5djvVei","2026-09-25T22:45:00.000Z","New York Mets @ Washington Nationals","New York Mets","Washington Nationals","2","full","FULL_INNING_TOTAL","over","","points-all-2i-ou-over","fanduel","1.5","true","300","2026-09-25T16:28:08.825Z","0.5","0.5","","","https://sportsbook.fanduel.com/addToBetslip?marketId=717.188411844&selectionId=7017905"
"SPORTSGAMEODDS","TeCVNhCTEn3Yc5djvVei","2026-09-25T22:45:00.000Z","New York Mets @ Washington Nationals","New York Mets","Washington Nationals","2","full","FULL_INNING_TOTAL","over","","points-all-2i-ou-over","draftkings","0.5","false","115","2026-09-25T16:27:56.462Z","0.5","0.5","131","115",""
"SPORTSGAMEODDS","TeCVNhCTEn3Yc5djvVei","2026-09-25T22:45:00.000Z","New York Mets @ Washington Nationals","New York Mets","Washington Nationals","2","full","FULL_INNING_TOTAL","over","","points-all-2i-ou-over","draftkings","1.5","true","285","2026-09-25T16:27:56.462Z","0.5","0.5","","",""
"SPORTSGAMEODDS","TeCVNhCTEn3Yc5djvVei","2026-09-25T22:45:00.000Z","New York Mets @ Washington Nationals","New York Mets","Washington Nationals","2","full","FULL_INNING_TOTAL","under","","points-all-2i-ou-under","fanduel","0.5","false","-148","2026-09-25T16:28:08.825Z","0.5","0.5","-131","-155","https://sportsbook.fanduel.com/addToBetslip?marketId=717.188411844&selectionId=7017906"
"SPORTSGAMEODDS","TeCVNhCTEn3Yc5djvVei","2026-09-25T22:45:00.000Z","New York Mets @ Washington Nationals","New York Mets","Washington Nationals","2","full","FULL_INNING_TOTAL","under","","points-all-2i-ou-under","fanduel","1.5","true","-400","2026-09-25T16:28:08.825Z","0.5","0.5","","","https://sportsbook.fanduel.com/addToBetslip?marketId=717.188411844&selectionId=7017906"
"SPORTSGAMEODDS","TeCVNhCTEn3Yc5djvVei","2026-09-25T22:45:00.000Z","New York Mets @ Washington Nationals","New York Mets","Washington Nationals","2","full","FULL_INNING_TOTAL","under","","points-all-2i-ou-under","draftkings","0.5","false","-155","2026-09-25T16:27:56.462Z","0.5","0.5","-131","-155",""
"SPORTSGAMEODDS","TeCVNhCTEn3Yc5djvVei","2026-09-25T22:45:00.000Z","New York Mets @ Washington Nationals","New York Mets","Washington Nationals","2","full","FULL_INNING_TOTAL","under","","points-all-2i-ou-under","draftkings","1.5","true","-400","2026-09-25T16:27:56.462Z","0.5","0.5","","",""
"SPORTSGAMEODDS","TeCVNhCTEn3Yc5djvVei","2026-09-25T22:45:00.000Z","New York Mets @ Washington Nationals","New York Mets","Washington Nationals","3","full","FULL_INNING_3WAY","draw","","points-all-3i-ml3way-draw","fanduel","","false","-140","2026-09-25T16:28:08.825Z","","","","","https://sportsbook.fanduel.com/addToBetslip?marketId=717.188411934&selectionId=131604"
"SPORTSGAMEODDS","TeCVNhCTEn3Yc5djvVei","2026-09-25T22:45:00.000Z","New York Mets @ Washington Nationals","New York Mets","Washington Nationals","3","full","FULL_INNING_3WAY","draw","","points-all-3i-ml3way-draw","draftkings","","false","-155","2026-09-25T16:27:56.462Z","","","","",""
"SPORTSGAMEODDS","TeCVNhCTEn3Yc5djvVei","2026-09-25T22:45:00.000Z","New York Mets @ Washington Nationals","New York Mets","Washington Nationals","3","full","FULL_INNING_TOTAL","over","","points-all-3i-ou-over","fanduel","0.5","false","-102","2026-09-25T16:28:08.825Z","0.5","0.5","114","-102","https://sportsbook.fanduel.com/addToBetslip?marketId=717.188411905&selectionId=7017905"
"SPORTSGAMEODDS","TeCVNhCTEn3Yc5djvVei","2026-09-25T22:45:00.000Z","New York Mets @ Washington Nationals","New York Mets","Washington Nationals","3","full","FULL_INNING_TOTAL","over","","points-all-3i-ou-over","fanduel","1.5","true","245","2026-09-25T16:28:08.825Z","0.5","0.5","","","https://sportsbook.fanduel.com/addToBetslip?marketId=717.188411905&selectionId=7017905"
"SPORTSGAMEODDS","TeCVNhCTEn3Yc5djvVei","2026-09-25T22:45:00.000Z","New York Mets @ Washington Nationals","New York Mets","Washington Nationals","3","full","FULL_INNING_TOTAL","over","","points-all-3i-ou-over","draftkings","0.5","false","100","2026-09-25T16:27:56.462Z","0.5","0.5","114","-102",""
"SPORTSGAMEODDS","TeCVNhCTEn3Yc5djvVei","2026-09-25T22:45:00.000Z","New York Mets @ Washington Nationals","New York Mets","Washington Nationals","3","full","FULL_INNING_TOTAL","over","","points-all-3i-ou-over","draftkings","1.5","true","250","2026-09-25T16:27:56.462Z","0.5","0.5","","",""
"SPORTSGAMEODDS","TeCVNhCTEn3Yc5djvVei","2026-09-25T22:45:00.000Z","New York Mets @ Washington Nationals","New York Mets","Washington Nationals","3","full","FULL_INNING_TOTAL","under","","points-all-3i-ou-under","fanduel","0.5","false","-120","2026-09-25T16:28:08.825Z","0.5","0.5","-114","-135","https://sportsbook.fanduel.com/addToBetslip?marketId=717.188411905&selectionId=7017906"
"SPORTSGAMEODDS","TeCVNhCTEn3Yc5djvVei","2026-09-25T22:45:00.000Z","New York Mets @ Washington Nationals","New York Mets","Washington Nationals","3","full","FULL_INNING_TOTAL","under","","points-all-3i-ou-under","fanduel","1.5","true","-320","2026-09-25T16:28:08.825Z","0.5","0.5","","","https://sportsbook.fanduel.com/addToBetslip?marketId=717.188411905&selectionId=7017906"
"SPORTSGAMEODDS","TeCVNhCTEn3Yc5djvVei","2026-09-25T22:45:00.000Z","New York Mets @ Washington Nationals","New York Mets","Washington Nationals","3","full","FULL_INNING_TOTAL","under","","points-all-3i-ou-under","draftkings","0.5","false","-135","2026-09-25T16:27:56.462Z","0.5","0.5","-114","-135",""
"SPORTSGAMEODDS","TeCVNhCTEn3Yc5djvVei","2026-09-25T22:45:00.000Z","New York Mets @ Washington Nationals","New York Mets","Washington Nationals","3","full","FULL_INNING_TOTAL","under","","points-all-3i-ou-under","draftkings","1.5","true","-350","2026-09-25T16:27:56.462Z","0.5","0.5","","",""
"SPORTSGAMEODDS","TeCVNhCTEn3Yc5djvVei","2026-09-25T22:45:00.000Z","New York Mets @ Washington Nationals","New York Mets","Washington Nationals","4","full","FULL_INNING_3WAY","draw","","points-all-4i-ml3way-draw","fanduel","","false","-160","2026-09-25T16:28:08.825Z","","","","","https://sportsbook.fanduel.com/addToBetslip?marketId=717.188411885&selectionId=131604"
"SPORTSGAMEODDS","TeCVNhCTEn3Yc5djvVei","2026-09-25T22:45:00.000Z","New York Mets @ Washington Nationals","New York Mets","Washington Nationals","4","full","FULL_INNING_3WAY","draw","","points-all-4i-ml3way-draw","draftkings","","false","-165","2026-09-25T16:27:56.462Z","","","","",""
"SPORTSGAMEODDS","TeCVNhCTEn3Yc5djvVei","2026-09-25T22:45:00.000Z","New York Mets @ Washington Nationals","New York Mets","Washington Nationals","4","full","FULL_INNING_TOTAL","over","","points-all-4i-ou-over","fanduel","0.5","false","112","2026-09-25T16:28:08.825Z","0.5","0.5","121","105","https://sportsbook.fanduel.com/addToBetslip?marketId=717.188411914&selectionId=7017905"
"SPORTSGAMEODDS","TeCVNhCTEn3Yc5djvVei","2026-09-25T22:45:00.000Z","New York Mets @ Washington Nationals","New York Mets","Washington Nationals","4","full","FULL_INNING_TOTAL","over","","points-all-4i-ou-over","fanduel","1.5","true","285","2026-09-25T16:28:08.825Z","0.5","0.5","","","https://sportsbook.fanduel.com/addToBetslip?marketId=717.188411914&selectionId=7017905"
"SPORTSGAMEODDS","TeCVNhCTEn3Yc5djvVei","2026-09-25T22:45:00.000Z","New York Mets @ Washington Nationals","New York Mets","Washington Nationals","4","full","FULL_INNING_TOTAL","over","","points-all-4i-ou-over","draftkings","0.5","false","105","2026-09-25T16:27:56.462Z","0.5","0.5","121","105",""
"SPORTSGAMEODDS","TeCVNhCTEn3Yc5djvVei","2026-09-25T22:45:00.000Z","New York Mets @ Washington Nationals","New York Mets","Washington Nationals","4","full","FULL_INNING_TOTAL","over","","points-all-4i-ou-over","draftkings","1.5","true","260","2026-09-25T16:27:56.462Z","0.5","0.5","","",""
"SPORTSGAMEODDS","TeCVNhCTEn3Yc5djvVei","2026-09-25T22:45:00.000Z","New York Mets @ Washington Nationals","New York Mets","Washington Nationals","4","full","FULL_INNING_TOTAL","under","","points-all-4i-ou-under","fanduel","0.5","false","-138","2026-09-25T16:28:08.825Z","0.5","0.5","-121","-145","https://sportsbook.fanduel.com/addToBetslip?marketId=717.188411914&selectionId=7017906"
"SPORTSGAMEODDS","TeCVNhCTEn3Yc5djvVei","2026-09-25T22:45:00.000Z","New York Mets @ Washington Nationals","New York Mets","Washington Nationals","4","full","FULL_INNING_TOTAL","under","","points-all-4i-ou-under","fanduel","1.5","true","-375","2026-09-25T16:28:08.825Z","0.5","0.5","","","https://sportsbook.fanduel.com/addToBetslip?marketId=717.188411914&selectionId=7017906"
"SPORTSGAMEODDS","TeCVNhCTEn3Yc5djvVei","2026-09-25T22:45:00.000Z","New York Mets @ Washington Nationals","New York Mets","Washington Nationals","4","full","FULL_INNING_TOTAL","under","","points-all-4i-ou-under","draftkings","0.5","false","-145","2026-09-25T16:27:56.462Z","0.5","0.5","-121","-145",""
"SPORTSGAMEODDS","TeCVNhCTEn3Yc5djvVei","2026-09-25T22:45:00.000Z","New York Mets @ Washington Nationals","New York Mets","Washington Nationals","4","full","FULL_INNING_TOTAL","under","","points-all-4i-ou-under","draftkings","1.5","true","-360","2026-09-25T16:27:56.462Z","0.5","0.5","","",""
"SPORTSGAMEODDS","TeCVNhCTEn3Yc5djvVei","2026-09-25T22:45:00.000Z","New York Mets @ Washington Nationals","New York Mets","Washington Nationals","5","full","FULL_INNING_3WAY","draw","","points-all-5i-ml3way-draw","fanduel","","false","-150","2026-09-25T16:28:08.825Z","","","","","https://sportsbook.fanduel.com/addToBetslip?marketId=717.188411977&selectionId=131604"
"SPORTSGAMEODDS","TeCVNhCTEn3Yc5djvVei","2026-09-25T22:45:00.000Z","New York Mets @ Washington Nationals","New York Mets","Washington Nationals","5","full","FULL_INNING_3WAY","draw","","points-all-5i-ml3way-draw","draftkings","","false","-150","2026-09-25T16:27:56.462Z","","","","",""
"SPORTSGAMEODDS","TeCVNhCTEn3Yc5djvVei","2026-09-25T22:45:00.000Z","New York Mets @ Washington Nationals","New York Mets","Washington Nationals","5","full","FULL_INNING_TOTAL","over","","points-all-5i-ou-over","fanduel","0.5","false","108","2026-09-25T16:28:08.825Z","0.5","0.5","115","100","https://sportsbook.fanduel.com/addToBetslip?marketId=717.188411881&selectionId=7017905"
"SPORTSGAMEODDS","TeCVNhCTEn3Yc5djvVei","2026-09-25T22:45:00.000Z","New York Mets @ Washington Nationals","New York Mets","Washington Nationals","5","full","FULL_INNING_TOTAL","over","","points-all-5i-ou-over","fanduel","1.5","true","270","2026-09-25T16:28:08.825Z","0.5","0.5","","","https://sportsbook.fanduel.com/addToBetslip?marketId=717.188411881&selectionId=7017905"
"SPORTSGAMEODDS","TeCVNhCTEn3Yc5djvVei","2026-09-25T22:45:00.000Z","New York Mets @ Washington Nationals","New York Mets","Washington Nationals","5","full","FULL_INNING_TOTAL","over","","points-all-5i-ou-over","draftkings","0.5","false","100","2026-09-25T16:27:56.462Z","0.5","0.5","115","100",""
"SPORTSGAMEODDS","TeCVNhCTEn3Yc5djvVei","2026-09-25T22:45:00.000Z","New York Mets @ Washington Nationals","New York Mets","Washington Nationals","5","full","FULL_INNING_TOTAL","over","","points-all-5i-ou-over","draftkings","1.5","true","240","2026-09-25T16:27:56.462Z","0.5","0.5","","",""
"SPORTSGAMEODDS","TeCVNhCTEn3Yc5djvVei","2026-09-25T22:45:00.000Z","New York Mets @ Washington Nationals","New York Mets","Washington Nationals","5","full","FULL_INNING_TOTAL","under","","points-all-5i-ou-under","fanduel","0.5","false","-132","2026-09-25T16:28:08.825Z","0.5","0.5","-115","-135","https://sportsbook.fanduel.com/addToBetslip?marketId=717.188411881&selectionId=7017906"
"SPORTSGAMEODDS","TeCVNhCTEn3Yc5djvVei","2026-09-25T22:45:00.000Z","New York Mets @ Washington Nationals","New York Mets","Washington Nationals","5","full","FULL_INNING_TOTAL","under","","points-all-5i-ou-under","fanduel","1.5","true","-355","2026-09-25T16:28:08.825Z","0.5","0.5","","","https://sportsbook.fanduel.com/addToBetslip?marketId=717.188411881&selectionId=7017906"
"SPORTSGAMEODDS","TeCVNhCTEn3Yc5djvVei","2026-09-25T22:45:00.000Z","New York Mets @ Washington Nationals","New York Mets","Washington Nationals","5","full","FULL_INNING_TOTAL","under","","points-all-5i-ou-under","draftkings","0.5","false","-135","2026-09-25T16:27:56.462Z","0.5","0.5","-115","-135",""
"SPORTSGAMEODDS","TeCVNhCTEn3Yc5djvVei","2026-09-25T22:45:00.000Z","New York Mets @ Washington Nationals","New York Mets","Washington Nationals","5","full","FULL_INNING_TOTAL","under","","points-all-5i-ou-under","draftkings","1.5","true","-340","2026-09-25T16:27:56.462Z","0.5","0.5","","",""
"SPORTSGAMEODDS","TeCVNhCTEn3Yc5djvVei","2026-09-25T22:45:00.000Z","New York Mets @ Washington Nationals","New York Mets","Washington Nationals","6","full","FULL_INNING_3WAY","draw","","points-all-6i-ml3way-draw","fanduel","","false","-170","2026-09-25T16:28:08.825Z","","","","","https://sportsbook.fanduel.com/addToBetslip?marketId=717.188411921&selectionId=131604"
"SPORTSGAMEODDS","TeCVNhCTEn3Yc5djvVei","2026-09-25T22:45:00.000Z","New York Mets @ Washington Nationals","New York Mets","Washington Nationals","6","full","FULL_INNING_3WAY","draw","","points-all-6i-ml3way-draw","draftkings","","false","-180","2026-09-25T16:27:56.462Z","","","","",""
"SPORTSGAMEODDS","TeCVNhCTEn3Yc5djvVei","2026-09-25T22:45:00.000Z","New York Mets @ Washington Nationals","New York Mets","Washington Nationals","6","full","FULL_INNING_TOTAL","over","","points-all-6i-ou-over","fanduel","0.5","false","118","2026-09-25T16:28:08.825Z","0.5","0.5","136","118","https://sportsbook.fanduel.com/addToBetslip?marketId=717.188411915&selectionId=7017905"
"SPORTSGAMEODDS","TeCVNhCTEn3Yc5djvVei","2026-09-25T22:45:00.000Z","New York Mets @ Washington Nationals","New York Mets","Washington Nationals","6","full","FULL_INNING_TOTAL","over","","points-all-6i-ou-over","fanduel","1.5","true","320","2026-09-25T16:28:08.825Z","0.5","0.5","","","https://sportsbook.fanduel.com/addToBetslip?marketId=717.188411915&selectionId=7017905"
"SPORTSGAMEODDS","TeCVNhCTEn3Yc5djvVei","2026-09-25T22:45:00.000Z","New York Mets @ Washington Nationals","New York Mets","Washington Nationals","6","full","FULL_INNING_TOTAL","over","","points-all-6i-ou-over","draftkings","0.5","false","120","2026-09-25T16:27:56.462Z","0.5","0.5","136","118",""
"SPORTSGAMEODDS","TeCVNhCTEn3Yc5djvVei","2026-09-25T22:45:00.000Z","New York Mets @ Washington Nationals","New York Mets","Washington Nationals","6","full","FULL_INNING_TOTAL","over","","points-all-6i-ou-over","draftkings","1.5","true","295","2026-09-25T16:27:56.462Z","0.5","0.5","","",""
"SPORTSGAMEODDS","TeCVNhCTEn3Yc5djvVei","2026-09-25T22:45:00.000Z","New York Mets @ Washington Nationals","New York Mets","Washington Nationals","6","full","FULL_INNING_TOTAL","under","","points-all-6i-ou-under","fanduel","0.5","false","-144","2026-09-25T16:28:08.825Z","0.5","0.5","-136","-165","https://sportsbook.fanduel.com/addToBetslip?marketId=717.188411915&selectionId=7017906"
"SPORTSGAMEODDS","TeCVNhCTEn3Yc5djvVei","2026-09-25T22:45:00.000Z","New York Mets @ Washington Nationals","New York Mets","Washington Nationals","6","full","FULL_INNING_TOTAL","under","","points-all-6i-ou-under","fanduel","1.5","true","-430","2026-09-25T16:28:08.825Z","0.5","0.5","","","https://sportsbook.fanduel.com/addToBetslip?marketId=717.188411915&selectionId=7017906"
"SPORTSGAMEODDS","TeCVNhCTEn3Yc5djvVei","2026-09-25T22:45:00.000Z","New York Mets @ Washington Nationals","New York Mets","Washington Nationals","6","full","FULL_INNING_TOTAL","under","","points-all-6i-ou-under","draftkings","0.5","false","-165","2026-09-25T16:27:56.462Z","0.5","0.5","-136","-165",""
"SPORTSGAMEODDS","TeCVNhCTEn3Yc5djvVei","2026-09-25T22:45:00.000Z","New York Mets @ Washington Nationals","New York Mets","Washington Nationals","6","full","FULL_INNING_TOTAL","under","","points-all-6i-ou-under","draftkings","1.5","true","-425","2026-09-25T16:27:56.462Z","0.5","0.5","","",""
"SPORTSGAMEODDS","TeCVNhCTEn3Yc5djvVei","2026-09-25T22:45:00.000Z","New York Mets @ Washington Nationals","New York Mets","Washington Nationals","7","full","FULL_INNING_3WAY","draw","","points-all-7i-ml3way-draw","fanduel","","false","-190","2026-09-25T16:28:08.825Z","","","","","https://sportsbook.fanduel.com/addToBetslip?marketId=717.188411919&selectionId=131604"
"SPORTSGAMEODDS","TeCVNhCTEn3Yc5djvVei","2026-09-25T22:45:00.000Z","New York Mets @ Washington Nationals","New York Mets","Washington Nationals","7","full","FULL_INNING_3WAY","draw","","points-all-7i-ml3way-draw","draftkings","","false","-170","2026-09-25T16:27:56.462Z","","","","",""
"SPORTSGAMEODDS","TeCVNhCTEn3Yc5djvVei","2026-09-25T22:45:00.000Z","New York Mets @ Washington Nationals","New York Mets","Washington Nationals","7","full","FULL_INNING_TOTAL","over","","points-all-7i-ou-over","fanduel","0.5","false","130","2026-09-25T16:28:08.825Z","0.5","0.5","129","110","https://sportsbook.fanduel.com/addToBetslip?marketId=717.188411951&selectionId=7017905"
"SPORTSGAMEODDS","TeCVNhCTEn3Yc5djvVei","2026-09-25T22:45:00.000Z","New York Mets @ Washington Nationals","New York Mets","Washington Nationals","7","full","FULL_INNING_TOTAL","over","","points-all-7i-ou-over","fanduel","1.5","true","330","2026-09-25T16:28:08.825Z","0.5","0.5","","","https://sportsbook.fanduel.com/addToBetslip?marketId=717.188411951&selectionId=7017905"
"SPORTSGAMEODDS","TeCVNhCTEn3Yc5djvVei","2026-09-25T22:45:00.000Z","New York Mets @ Washington Nationals","New York Mets","Washington Nationals","7","full","FULL_INNING_TOTAL","over","","points-all-7i-ou-over","draftkings","0.5","false","110","2026-09-25T16:27:56.462Z","0.5","0.5","129","110",""
"SPORTSGAMEODDS","TeCVNhCTEn3Yc5djvVei","2026-09-25T22:45:00.000Z","New York Mets @ Washington Nationals","New York Mets","Washington Nationals","7","full","FULL_INNING_TOTAL","over","","points-all-7i-ou-over","draftkings","1.5","true","275","2026-09-25T16:27:56.462Z","0.5","0.5","","",""
"SPORTSGAMEODDS","TeCVNhCTEn3Yc5djvVei","2026-09-25T22:45:00.000Z","New York Mets @ Washington Nationals","New York Mets","Washington Nationals","7","full","FULL_INNING_TOTAL","under","","points-all-7i-ou-under","fanduel","0.5","false","-160","2026-09-25T16:28:08.825Z","0.5","0.5","-129","-160","https://sportsbook.fanduel.com/addToBetslip?marketId=717.188411951&selectionId=7017906"
"SPORTSGAMEODDS","TeCVNhCTEn3Yc5djvVei","2026-09-25T22:45:00.000Z","New York Mets @ Washington Nationals","New York Mets","Washington Nationals","7","full","FULL_INNING_TOTAL","under","","points-all-7i-ou-under","fanduel","1.5","true","-450","2026-09-25T16:28:08.825Z","0.5","0.5","","","https://sportsbook.fanduel.com/addToBetslip?marketId=717.188411951&selectionId=7017906"
"SPORTSGAMEODDS","TeCVNhCTEn3Yc5djvVei","2026-09-25T22:45:00.000Z","New York Mets @ Washington Nationals","New York Mets","Washington Nationals","7","full","FULL_INNING_TOTAL","under","","points-all-7i-ou-under","draftkings","0.5","false","-150","2026-09-25T16:27:56.462Z","0.5","0.5","-129","-160",""
"SPORTSGAMEODDS","TeCVNhCTEn3Yc5djvVei","2026-09-25T22:45:00.000Z","New York Mets @ Washington Nationals","New York Mets","Washington Nationals","7","full","FULL_INNING_TOTAL","under","","points-all-7i-ou-under","draftkings","1.5","true","-390","2026-09-25T16:27:56.462Z","0.5","0.5","","",""
"SPORTSGAMEODDS","TeCVNhCTEn3Yc5djvVei","2026-09-25T22:45:00.000Z","New York Mets @ Washington Nationals","New York Mets","Washington Nationals","8","full","FULL_INNING_3WAY","draw","","points-all-8i-ml3way-draw","fanduel","","false","-170","2026-09-25T16:28:08.825Z","","","","","https://sportsbook.fanduel.com/addToBetslip?marketId=717.188411829&selectionId=131604"
"SPORTSGAMEODDS","TeCVNhCTEn3Yc5djvVei","2026-09-25T22:45:00.000Z","New York Mets @ Washington Nationals","New York Mets","Washington Nationals","8","full","FULL_INNING_3WAY","draw","","points-all-8i-ml3way-draw","draftkings","","false","-165","2026-09-25T16:27:56.462Z","","","","",""
"SPORTSGAMEODDS","TeCVNhCTEn3Yc5djvVei","2026-09-25T22:45:00.000Z","New York Mets @ Washington Nationals","New York Mets","Washington Nationals","8","full","FULL_INNING_TOTAL","over","","points-all-8i-ou-over","fanduel","0.5","false","124","2026-09-25T16:28:08.825Z","0.5","0.5","124","105","https://sportsbook.fanduel.com/addToBetslip?marketId=717.188411853&selectionId=7017905"
"SPORTSGAMEODDS","TeCVNhCTEn3Yc5djvVei","2026-09-25T22:45:00.000Z","New York Mets @ Washington Nationals","New York Mets","Washington Nationals","8","full","FULL_INNING_TOTAL","over","","points-all-8i-ou-over","fanduel","1.5","true","330","2026-09-25T16:28:08.825Z","0.5","0.5","","","https://sportsbook.fanduel.com/addToBetslip?marketId=717.188411853&selectionId=7017905"
"SPORTSGAMEODDS","TeCVNhCTEn3Yc5djvVei","2026-09-25T22:45:00.000Z","New York Mets @ Washington Nationals","New York Mets","Washington Nationals","8","full","FULL_INNING_TOTAL","over","","points-all-8i-ou-over","draftkings","0.5","false","105","2026-09-25T16:27:56.462Z","0.5","0.5","124","105",""
"SPORTSGAMEODDS","TeCVNhCTEn3Yc5djvVei","2026-09-25T22:45:00.000Z","New York Mets @ Washington Nationals","New York Mets","Washington Nationals","8","full","FULL_INNING_TOTAL","over","","points-all-8i-ou-over","draftkings","1.5","true","270","2026-09-25T16:27:56.462Z","0.5","0.5","","",""
"SPORTSGAMEODDS","TeCVNhCTEn3Yc5djvVei","2026-09-25T22:45:00.000Z","New York Mets @ Washington Nationals","New York Mets","Washington Nationals","8","full","FULL_INNING_TOTAL","under","","points-all-8i-ou-under","fanduel","0.5","false","-152","2026-09-25T16:28:08.825Z","0.5","0.5","-124","-152","https://sportsbook.fanduel.com/addToBetslip?marketId=717.188411853&selectionId=7017906"
"SPORTSGAMEODDS","TeCVNhCTEn3Yc5djvVei","2026-09-25T22:45:00.000Z","New York Mets @ Washington Nationals","New York Mets","Washington Nationals","8","full","FULL_INNING_TOTAL","under","","points-all-8i-ou-under","fanduel","1.5","true","-420","2026-09-25T16:28:08.825Z","0.5","0.5","","","https://sportsbook.fanduel.com/addToBetslip?marketId=717.188411853&selectionId=7017906"
"SPORTSGAMEODDS","TeCVNhCTEn3Yc5djvVei","2026-09-25T22:45:00.000Z","New York Mets @ Washington Nationals","New York Mets","Washington Nationals","8","full","FULL_INNING_TOTAL","under","","points-all-8i-ou-under","draftkings","0.5","false","-145","2026-09-25T16:27:56.462Z","0.5","0.5","-124","-152",""
"SPORTSGAMEODDS","TeCVNhCTEn3Yc5djvVei","2026-09-25T22:45:00.000Z","New York Mets @ Washington Nationals","New York Mets","Washington Nationals","8","full","FULL_INNING_TOTAL","under","","points-all-8i-ou-under","draftkings","1.5","true","-380","2026-09-25T16:27:56.462Z","0.5","0.5","","",""
"SPORTSGAMEODDS","TeCVNhCTEn3Yc5djvVei","2026-09-25T22:45:00.000Z","New York Mets @ Washington Nationals","New York Mets","Washington Nationals","9","full","FULL_INNING_3WAY","draw","","points-all-9i-ml3way-draw","fanduel","","false","-240","2026-09-25T16:28:08.825Z","","","","","https://sportsbook.fanduel.com/addToBetslip?marketId=717.188411941&selectionId=131604"
"SPORTSGAMEODDS","TeCVNhCTEn3Yc5djvVei","2026-09-25T22:45:00.000Z","New York Mets @ Washington Nationals","New York Mets","Washington Nationals","9","full","FULL_INNING_3WAY","draw","","points-all-9i-ml3way-draw","draftkings","","false","-240","2026-09-25T16:27:56.462Z","","","","",""
"SPORTSGAMEODDS","TeCVNhCTEn3Yc5djvVei","2026-09-25T22:45:00.000Z","New York Mets @ Washington Nationals","New York Mets","Washington Nationals","9","full","FULL_INNING_TOTAL","over","","points-all-9i-ou-over","fanduel","0.5","false","168","2026-09-25T16:28:08.825Z","","0.5","","161","https://sportsbook.fanduel.com/addToBetslip?marketId=717.188411947&selectionId=7017905"
"SPORTSGAMEODDS","TeCVNhCTEn3Yc5djvVei","2026-09-25T22:45:00.000Z","New York Mets @ Washington Nationals","New York Mets","Washington Nationals","9","full","FULL_INNING_TOTAL","over","","points-all-9i-ou-over","fanduel","1.5","true","410","2026-09-25T16:28:08.825Z","","0.5","","","https://sportsbook.fanduel.com/addToBetslip?marketId=717.188411947&selectionId=7017905"
"SPORTSGAMEODDS","TeCVNhCTEn3Yc5djvVei","2026-09-25T22:45:00.000Z","New York Mets @ Washington Nationals","New York Mets","Washington Nationals","9","full","FULL_INNING_TOTAL","over","","points-all-9i-ou-over","draftkings","0.5","false","155","2026-09-25T16:27:56.462Z","","0.5","","161",""
"SPORTSGAMEODDS","TeCVNhCTEn3Yc5djvVei","2026-09-25T22:45:00.000Z","New York Mets @ Washington Nationals","New York Mets","Washington Nationals","9","full","FULL_INNING_TOTAL","over","","points-all-9i-ou-over","draftkings","1.5","true","380","2026-09-25T16:27:56.462Z","","0.5","","",""
"SPORTSGAMEODDS","TeCVNhCTEn3Yc5djvVei","2026-09-25T22:45:00.000Z","New York Mets @ Washington Nationals","New York Mets","Washington Nationals","9","full","FULL_INNING_TOTAL","under","","points-all-9i-ou-under","fanduel","0.5","false","-210","2026-09-25T16:28:08.825Z","","0.5","","-210","https://sportsbook.fanduel.com/addToBetslip?marketId=717.188411947&selectionId=7017906"
"SPORTSGAMEODDS","TeCVNhCTEn3Yc5djvVei","2026-09-25T22:45:00.000Z","New York Mets @ Washington Nationals","New York Mets","Washington Nationals","9","full","FULL_INNING_TOTAL","under","","points-all-9i-ou-under","fanduel","1.5","true","-590","2026-09-25T16:28:08.825Z","","0.5","","","https://sportsbook.fanduel.com/addToBetslip?marketId=717.188411947&selectionId=7017906"
"SPORTSGAMEODDS","TeCVNhCTEn3Yc5djvVei","2026-09-25T22:45:00.000Z","New York Mets @ Washington Nationals","New York Mets","Washington Nationals","9","full","FULL_INNING_TOTAL","under","","points-all-9i-ou-under","draftkings","0.5","false","-210","2026-09-25T16:27:56.462Z","","0.5","","-210",""
"SPORTSGAMEODDS","TeCVNhCTEn3Yc5djvVei","2026-09-25T22:45:00.000Z","New York Mets @ Washington Nationals","New York Mets","Washington Nationals","9","full","FULL_INNING_TOTAL","under","","points-all-9i-ou-under","draftkings","1.5","true","-550","2026-09-25T16:27:56.462Z","","0.5","","",""
"SPORTSGAMEODDS","TeCVNhCTEn3Yc5djvVei","2026-09-25T22:45:00.000Z","New York Mets @ Washington Nationals","New York Mets","Washington Nationals","2","full","FULL_INNING_3WAY","away","","points-away-2i-ml3way-away","fanduel","","false","360","2026-09-25T16:28:08.825Z","","","","","https://sportsbook.fanduel.com/addToBetslip?marketId=717.188411929&selectionId=29174"
"SPORTSGAMEODDS","TeCVNhCTEn3Yc5djvVei","2026-09-25T22:45:00.000Z","New York Mets @ Washington Nationals","New York Mets","Washington Nationals","2","full","FULL_INNING_3WAY","away","","points-away-2i-ml3way-away","draftkings","","false","350","2026-09-25T16:27:56.462Z","","","","",""
"SPORTSGAMEODDS","TeCVNhCTEn3Yc5djvVei","2026-09-25T22:45:00.000Z","New York Mets @ Washington Nationals","New York Mets","Washington Nationals","3","full","FULL_INNING_3WAY","away","","points-away-3i-ml3way-away","fanduel","","false","320","2026-09-25T16:28:08.825Z","","","","","https://sportsbook.fanduel.com/addToBetslip?marketId=717.188411934&selectionId=29174"
"SPORTSGAMEODDS","TeCVNhCTEn3Yc5djvVei","2026-09-25T22:45:00.000Z","New York Mets @ Washington Nationals","New York Mets","Washington Nationals","3","full","FULL_INNING_3WAY","away","","points-away-3i-ml3way-away","draftkings","","false","320","2026-09-25T16:27:56.462Z","","","","",""
"SPORTSGAMEODDS","TeCVNhCTEn3Yc5djvVei","2026-09-25T22:45:00.000Z","New York Mets @ Washington Nationals","New York Mets","Washington Nationals","4","full","FULL_INNING_3WAY","away","","points-away-4i-ml3way-away","fanduel","","false","350","2026-09-25T16:28:08.825Z","","","","","https://sportsbook.fanduel.com/addToBetslip?marketId=717.188411885&selectionId=29174"
"SPORTSGAMEODDS","TeCVNhCTEn3Yc5djvVei","2026-09-25T22:45:00.000Z","New York Mets @ Washington Nationals","New York Mets","Washington Nationals","4","full","FULL_INNING_3WAY","away","","points-away-4i-ml3way-away","draftkings","","false","350","2026-09-25T16:27:56.462Z","","","","",""
"SPORTSGAMEODDS","TeCVNhCTEn3Yc5djvVei","2026-09-25T22:45:00.000Z","New York Mets @ Washington Nationals","New York Mets","Washington Nationals","5","full","FULL_INNING_3WAY","away","","points-away-5i-ml3way-away","fanduel","","false","340","2026-09-25T16:28:08.825Z","","","","","https://sportsbook.fanduel.com/addToBetslip?marketId=717.188411977&selectionId=29174"
"SPORTSGAMEODDS","TeCVNhCTEn3Yc5djvVei","2026-09-25T22:45:00.000Z","New York Mets @ Washington Nationals","New York Mets","Washington Nationals","5","full","FULL_INNING_3WAY","away","","points-away-5i-ml3way-away","draftkings","","false","350","2026-09-25T16:27:56.462Z","","","","",""
"SPORTSGAMEODDS","TeCVNhCTEn3Yc5djvVei","2026-09-25T22:45:00.000Z","New York Mets @ Washington Nationals","New York Mets","Washington Nationals","6","full","FULL_INNING_3WAY","away","","points-away-6i-ml3way-away","fanduel","","false","330","2026-09-25T16:28:08.825Z","","","","","https://sportsbook.fanduel.com/addToBetslip?marketId=717.188411921&selectionId=29174"
"SPORTSGAMEODDS","TeCVNhCTEn3Yc5djvVei","2026-09-25T22:45:00.000Z","New York Mets @ Washington Nationals","New York Mets","Washington Nationals","6","full","FULL_INNING_3WAY","away","","points-away-6i-ml3way-away","draftkings","","false","300","2026-09-25T16:27:56.462Z","","","","",""
"SPORTSGAMEODDS","TeCVNhCTEn3Yc5djvVei","2026-09-25T22:45:00.000Z","New York Mets @ Washington Nationals","New York Mets","Washington Nationals","7","full","FULL_INNING_3WAY","away","","points-away-7i-ml3way-away","fanduel","","false","340","2026-09-25T16:28:08.825Z","","","","","https://sportsbook.fanduel.com/addToBetslip?marketId=717.188411919&selectionId=29174"
"SPORTSGAMEODDS","TeCVNhCTEn3Yc5djvVei","2026-09-25T22:45:00.000Z","New York Mets @ Washington Nationals","New York Mets","Washington Nationals","7","full","FULL_INNING_3WAY","away","","points-away-7i-ml3way-away","draftkings","","false","310","2026-09-25T16:27:56.462Z","","","","",""
"SPORTSGAMEODDS","TeCVNhCTEn3Yc5djvVei","2026-09-25T22:45:00.000Z","New York Mets @ Washington Nationals","New York Mets","Washington Nationals","8","full","FULL_INNING_3WAY","away","","points-away-8i-ml3way-away","fanduel","","false","330","2026-09-25T16:28:08.825Z","","","","","https://sportsbook.fanduel.com/addToBetslip?marketId=717.188411829&selectionId=29174"
"SPORTSGAMEODDS","TeCVNhCTEn3Yc5djvVei","2026-09-25T22:45:00.000Z","New York Mets @ Washington Nationals","New York Mets","Washington Nationals","8","full","FULL_INNING_3WAY","away","","points-away-8i-ml3way-away","draftkings","","false","320","2026-09-25T16:27:56.462Z","","","","",""
"SPORTSGAMEODDS","TeCVNhCTEn3Yc5djvVei","2026-09-25T22:45:00.000Z","New York Mets @ Washington Nationals","New York Mets","Washington Nationals","9","full","FULL_INNING_3WAY","away","","points-away-9i-ml3way-away","fanduel","","false","310","2026-09-25T16:28:08.825Z","","","","","https://sportsbook.fanduel.com/addToBetslip?marketId=717.188411941&selectionId=29174"
"SPORTSGAMEODDS","TeCVNhCTEn3Yc5djvVei","2026-09-25T22:45:00.000Z","New York Mets @ Washington Nationals","New York Mets","Washington Nationals","9","full","FULL_INNING_3WAY","away","","points-away-9i-ml3way-away","draftkings","","false","300","2026-09-25T16:27:56.462Z","","","","",""
"SPORTSGAMEODDS","TeCVNhCTEn3Yc5djvVei","2026-09-25T22:45:00.000Z","New York Mets @ Washington Nationals","New York Mets","Washington Nationals","2","full","FULL_INNING_3WAY","home","","points-home-2i-ml3way-home","fanduel","","false","350","2026-09-25T16:28:08.825Z","","","","","https://sportsbook.fanduel.com/addToBetslip?marketId=717.188411929&selectionId=1033687"
"SPORTSGAMEODDS","TeCVNhCTEn3Yc5djvVei","2026-09-25T22:45:00.000Z","New York Mets @ Washington Nationals","New York Mets","Washington Nationals","2","full","FULL_INNING_3WAY","home","","points-home-2i-ml3way-home","draftkings","","false","330","2026-09-25T16:27:56.462Z","","","","",""
"SPORTSGAMEODDS","TeCVNhCTEn3Yc5djvVei","2026-09-25T22:45:00.000Z","New York Mets @ Washington Nationals","New York Mets","Washington Nationals","3","full","FULL_INNING_3WAY","home","","points-home-3i-ml3way-home","fanduel","","false","300","2026-09-25T16:28:08.825Z","","","","","https://sportsbook.fanduel.com/addToBetslip?marketId=717.188411934&selectionId=1033687"
"SPORTSGAMEODDS","TeCVNhCTEn3Yc5djvVei","2026-09-25T22:45:00.000Z","New York Mets @ Washington Nationals","New York Mets","Washington Nationals","3","full","FULL_INNING_3WAY","home","","points-home-3i-ml3way-home","draftkings","","false","300","2026-09-25T16:27:56.462Z","","","","",""
"SPORTSGAMEODDS","TeCVNhCTEn3Yc5djvVei","2026-09-25T22:45:00.000Z","New York Mets @ Washington Nationals","New York Mets","Washington Nationals","4","full","FULL_INNING_3WAY","home","","points-home-4i-ml3way-home","fanduel","","false","320","2026-09-25T16:28:08.825Z","","","","","https://sportsbook.fanduel.com/addToBetslip?marketId=717.188411885&selectionId=1033687"
"SPORTSGAMEODDS","TeCVNhCTEn3Yc5djvVei","2026-09-25T22:45:00.000Z","New York Mets @ Washington Nationals","New York Mets","Washington Nationals","4","full","FULL_INNING_3WAY","home","","points-home-4i-ml3way-home","draftkings","","false","300","2026-09-25T16:27:56.462Z","","","","",""
"SPORTSGAMEODDS","TeCVNhCTEn3Yc5djvVei","2026-09-25T22:45:00.000Z","New York Mets @ Washington Nationals","New York Mets","Washington Nationals","5","full","FULL_INNING_3WAY","home","","points-home-5i-ml3way-home","fanduel","","false","320","2026-09-25T16:28:08.825Z","","","","","https://sportsbook.fanduel.com/addToBetslip?marketId=717.188411977&selectionId=1033687"
"SPORTSGAMEODDS","TeCVNhCTEn3Yc5djvVei","2026-09-25T22:45:00.000Z","New York Mets @ Washington Nationals","New York Mets","Washington Nationals","5","full","FULL_INNING_3WAY","home","","points-home-5i-ml3way-home","draftkings","","false","270","2026-09-25T16:27:56.462Z","","","","",""
"SPORTSGAMEODDS","TeCVNhCTEn3Yc5djvVei","2026-09-25T22:45:00.000Z","New York Mets @ Washington Nationals","New York Mets","Washington Nationals","6","full","FULL_INNING_3WAY","home","","points-home-6i-ml3way-home","fanduel","","false","370","2026-09-25T16:28:08.825Z","","","","","https://sportsbook.fanduel.com/addToBetslip?marketId=717.188411921&selectionId=1033687"
"SPORTSGAMEODDS","TeCVNhCTEn3Yc5djvVei","2026-09-25T22:45:00.000Z","New York Mets @ Washington Nationals","New York Mets","Washington Nationals","6","full","FULL_INNING_3WAY","home","","points-home-6i-ml3way-home","draftkings","","false","400","2026-09-25T16:27:56.462Z","","","","",""
"SPORTSGAMEODDS","TeCVNhCTEn3Yc5djvVei","2026-09-25T22:45:00.000Z","New York Mets @ Washington Nationals","New York Mets","Washington Nationals","7","full","FULL_INNING_3WAY","home","","points-home-7i-ml3way-home","fanduel","","false","410","2026-09-25T16:28:08.825Z","","","","","https://sportsbook.fanduel.com/addToBetslip?marketId=717.188411919&selectionId=1033687"
"SPORTSGAMEODDS","TeCVNhCTEn3Yc5djvVei","2026-09-25T22:45:00.000Z","New York Mets @ Washington Nationals","New York Mets","Washington Nationals","7","full","FULL_INNING_3WAY","home","","points-home-7i-ml3way-home","draftkings","","false","360","2026-09-25T16:27:56.462Z","","","","",""
"SPORTSGAMEODDS","TeCVNhCTEn3Yc5djvVei","2026-09-25T22:45:00.000Z","New York Mets @ Washington Nationals","New York Mets","Washington Nationals","8","full","FULL_INNING_3WAY","home","","points-home-8i-ml3way-home","fanduel","","false","390","2026-09-25T16:28:08.825Z","","","","","https://sportsbook.fanduel.com/addToBetslip?marketId=717.188411829&selectionId=1033687"
"SPORTSGAMEODDS","TeCVNhCTEn3Yc5djvVei","2026-09-25T22:45:00.000Z","New York Mets @ Washington Nationals","New York Mets","Washington Nationals","8","full","FULL_INNING_3WAY","home","","points-home-8i-ml3way-home","draftkings","","false","340","2026-09-25T16:27:56.462Z","","","","",""
"SPORTSGAMEODDS","TeCVNhCTEn3Yc5djvVei","2026-09-25T22:45:00.000Z","New York Mets @ Washington Nationals","New York Mets","Washington Nationals","9","full","FULL_INNING_3WAY","home","","points-home-9i-ml3way-home","fanduel","","false","700","2026-09-25T16:28:08.825Z","","","","","https://sportsbook.fanduel.com/addToBetslip?marketId=717.188411941&selectionId=1033687"
"SPORTSGAMEODDS","TeCVNhCTEn3Yc5djvVei","2026-09-25T22:45:00.000Z","New York Mets @ Washington Nationals","New York Mets","Washington Nationals","9","full","FULL_INNING_3WAY","home","","points-home-9i-ml3way-home","draftkings","","false","600","2026-09-25T16:27:56.462Z","","","","",""
"SPORTSGAMEODDS","eI9DkB4SZQ3rSZBsFTqi","2026-09-25T23:05:00.000Z","Baltimore Orioles @ New York Yankees","Baltimore Orioles","New York Yankees","1","full","FULL_INNING_TOTAL","over","","points-all-1i-ou-over","betmgm","0.5","false","120","2026-09-25T16:27:56.783Z","0.5","0.5","134","120","https://sports.nj.betmgm.com/en/sports?options=19966068-1561273564-2304274805"
"SPORTSGAMEODDS","eI9DkB4SZQ3rSZBsFTqi","2026-09-25T23:05:00.000Z","Baltimore Orioles @ New York Yankees","Baltimore Orioles","New York Yankees","1","full","FULL_INNING_TOTAL","over","","points-all-1i-ou-over","fanduel","0.5","false","116","2026-09-25T16:28:08.825Z","0.5","0.5","134","120","https://sportsbook.fanduel.com/addToBetslip?marketId=717.188449051&selectionId=7017905"
"SPORTSGAMEODDS","eI9DkB4SZQ3rSZBsFTqi","2026-09-25T23:05:00.000Z","Baltimore Orioles @ New York Yankees","Baltimore Orioles","New York Yankees","1","full","FULL_INNING_TOTAL","over","","points-all-1i-ou-over","fanduel","1.5","true","310","2026-09-25T16:28:08.825Z","0.5","0.5","","","https://sportsbook.fanduel.com/addToBetslip?marketId=717.188449051&selectionId=7017905"
"SPORTSGAMEODDS","eI9DkB4SZQ3rSZBsFTqi","2026-09-25T23:05:00.000Z","Baltimore Orioles @ New York Yankees","Baltimore Orioles","New York Yankees","1","full","FULL_INNING_TOTAL","over","","points-all-1i-ou-over","draftkings","0.5","false","125","2026-09-25T16:27:56.462Z","0.5","0.5","134","120",""
"SPORTSGAMEODDS","eI9DkB4SZQ3rSZBsFTqi","2026-09-25T23:05:00.000Z","Baltimore Orioles @ New York Yankees","Baltimore Orioles","New York Yankees","1","full","FULL_INNING_TOTAL","over","","points-all-1i-ou-over","draftkings","1.5","true","310","2026-09-25T16:27:56.462Z","0.5","0.5","","",""
"SPORTSGAMEODDS","eI9DkB4SZQ3rSZBsFTqi","2026-09-25T23:05:00.000Z","Baltimore Orioles @ New York Yankees","Baltimore Orioles","New York Yankees","1","full","FULL_INNING_TOTAL","over","","points-all-1i-ou-over","caesars","0.5","false","120","2026-09-25T16:28:06.283Z","0.5","0.5","134","120","https://sportsbook.caesars.com/us/nj/bet/betslip?selectionIds=e7e73606-1094-3f0a-be06-650aa8b66838"
"SPORTSGAMEODDS","eI9DkB4SZQ3rSZBsFTqi","2026-09-25T23:05:00.000Z","Baltimore Orioles @ New York Yankees","Baltimore Orioles","New York Yankees","1","full","FULL_INNING_TOTAL","under","","points-all-1i-ou-under","betmgm","0.5","false","-155","2026-09-25T16:27:56.783Z","0.5","0.5","-134","-155","https://sports.nj.betmgm.com/en/sports?options=19966068-1561273564-2304274806"
"SPORTSGAMEODDS","eI9DkB4SZQ3rSZBsFTqi","2026-09-25T23:05:00.000Z","Baltimore Orioles @ New York Yankees","Baltimore Orioles","New York Yankees","1","full","FULL_INNING_TOTAL","under","","points-all-1i-ou-under","fanduel","0.5","false","-148","2026-09-25T16:28:08.825Z","0.5","0.5","-134","-155","https://sportsbook.fanduel.com/addToBetslip?marketId=717.188449051&selectionId=7017906"
"SPORTSGAMEODDS","eI9DkB4SZQ3rSZBsFTqi","2026-09-25T23:05:00.000Z","Baltimore Orioles @ New York Yankees","Baltimore Orioles","New York Yankees","1","full","FULL_INNING_TOTAL","under","","points-all-1i-ou-under","fanduel","1.5","true","-420","2026-09-25T16:28:08.825Z","0.5","0.5","","","https://sportsbook.fanduel.com/addToBetslip?marketId=717.188449051&selectionId=7017906"
"SPORTSGAMEODDS","eI9DkB4SZQ3rSZBsFTqi","2026-09-25T23:05:00.000Z","Baltimore Orioles @ New York Yankees","Baltimore Orioles","New York Yankees","1","full","FULL_INNING_TOTAL","under","","points-all-1i-ou-under","draftkings","0.5","false","-160","2026-09-25T16:27:56.462Z","0.5","0.5","-134","-155",""
"SPORTSGAMEODDS","eI9DkB4SZQ3rSZBsFTqi","2026-09-25T23:05:00.000Z","Baltimore Orioles @ New York Yankees","Baltimore Orioles","New York Yankees","1","full","FULL_INNING_TOTAL","under","","points-all-1i-ou-under","draftkings","1.5","true","-425","2026-09-25T16:27:56.462Z","0.5","0.5","","",""
"SPORTSGAMEODDS","eI9DkB4SZQ3rSZBsFTqi","2026-09-25T23:05:00.000Z","Baltimore Orioles @ New York Yankees","Baltimore Orioles","New York Yankees","1","full","FULL_INNING_TOTAL","under","","points-all-1i-ou-under","caesars","0.5","false","-148","2026-09-25T16:28:06.283Z","0.5","0.5","-134","-155","https://sportsbook.caesars.com/us/nj/bet/betslip?selectionIds=bb477f9c-f31f-3910-8d76-11583339e6f6"
"SPORTSGAMEODDS","eI9DkB4SZQ3rSZBsFTqi","2026-09-25T23:05:00.000Z","Baltimore Orioles @ New York Yankees","Baltimore Orioles","New York Yankees","1","full","FULL_INNING_3WAY","draw","","points-all-1i-ml3way-draw","betmgm","","false","-170","2026-09-25T16:27:56.783Z","","","","","https://sports.nj.betmgm.com/en/sports?options=19966068-1561273565-2304274821"
"SPORTSGAMEODDS","eI9DkB4SZQ3rSZBsFTqi","2026-09-25T23:05:00.000Z","Baltimore Orioles @ New York Yankees","Baltimore Orioles","New York Yankees","1","full","FULL_INNING_3WAY","draw","","points-all-1i-ml3way-draw","fanduel","","false","-165","2026-09-25T16:28:08.825Z","","","","","https://sportsbook.fanduel.com/addToBetslip?marketId=717.188449167&selectionId=131604"
"SPORTSGAMEODDS","eI9DkB4SZQ3rSZBsFTqi","2026-09-25T23:05:00.000Z","Baltimore Orioles @ New York Yankees","Baltimore Orioles","New York Yankees","1","full","FULL_INNING_3WAY","draw","","points-all-1i-ml3way-draw","draftkings","","false","-185","2026-09-25T16:27:56.462Z","","","","",""
"SPORTSGAMEODDS","eI9DkB4SZQ3rSZBsFTqi","2026-09-25T23:05:00.000Z","Baltimore Orioles @ New York Yankees","Baltimore Orioles","New York Yankees","1","full","FULL_INNING_3WAY","away","","points-away-1i-ml3way-away","betmgm","","false","375","2026-09-25T16:27:56.783Z","","","","","https://sports.nj.betmgm.com/en/sports?options=19966068-1561273565-2304274820"
"SPORTSGAMEODDS","eI9DkB4SZQ3rSZBsFTqi","2026-09-25T23:05:00.000Z","Baltimore Orioles @ New York Yankees","Baltimore Orioles","New York Yankees","1","full","FULL_INNING_3WAY","away","","points-away-1i-ml3way-away","fanduel","","false","340","2026-09-25T16:28:08.825Z","","","","","https://sportsbook.fanduel.com/addToBetslip?marketId=717.188449167&selectionId=29157"
"SPORTSGAMEODDS","eI9DkB4SZQ3rSZBsFTqi","2026-09-25T23:05:00.000Z","Baltimore Orioles @ New York Yankees","Baltimore Orioles","New York Yankees","1","full","FULL_INNING_3WAY","away","","points-away-1i-ml3way-away","draftkings","","false","340","2026-09-25T16:27:56.462Z","","","","",""
"SPORTSGAMEODDS","eI9DkB4SZQ3rSZBsFTqi","2026-09-25T23:05:00.000Z","Baltimore Orioles @ New York Yankees","Baltimore Orioles","New York Yankees","1","full","FULL_INNING_3WAY","home","","points-home-1i-ml3way-home","betmgm","","false","320","2026-09-25T16:27:56.783Z","","","","","https://sports.nj.betmgm.com/en/sports?options=19966068-1561273565-2304274822"
"SPORTSGAMEODDS","eI9DkB4SZQ3rSZBsFTqi","2026-09-25T23:05:00.000Z","Baltimore Orioles @ New York Yankees","Baltimore Orioles","New York Yankees","1","full","FULL_INNING_3WAY","home","","points-home-1i-ml3way-home","fanduel","","false","350","2026-09-25T16:28:08.825Z","","","","","https://sportsbook.fanduel.com/addToBetslip?marketId=717.188449167&selectionId=29161"
"SPORTSGAMEODDS","eI9DkB4SZQ3rSZBsFTqi","2026-09-25T23:05:00.000Z","Baltimore Orioles @ New York Yankees","Baltimore Orioles","New York Yankees","1","full","FULL_INNING_3WAY","home","","points-home-1i-ml3way-home","draftkings","","false","370","2026-09-25T16:27:56.462Z","","","","",""
"SPORTSGAMEODDS","eI9DkB4SZQ3rSZBsFTqi","2026-09-25T23:05:00.000Z","Baltimore Orioles @ New York Yankees","Baltimore Orioles","New York Yankees","2","full","FULL_INNING_3WAY","draw","","points-all-2i-ml3way-draw","fanduel","","false","-210","2026-09-25T16:28:08.825Z","","","","","https://sportsbook.fanduel.com/addToBetslip?marketId=717.188449148&selectionId=131604"
"SPORTSGAMEODDS","eI9DkB4SZQ3rSZBsFTqi","2026-09-25T23:05:00.000Z","Baltimore Orioles @ New York Yankees","Baltimore Orioles","New York Yankees","2","full","FULL_INNING_3WAY","draw","","points-all-2i-ml3way-draw","draftkings","","false","-190","2026-09-25T16:27:56.462Z","","","","",""
"SPORTSGAMEODDS","eI9DkB4SZQ3rSZBsFTqi","2026-09-25T23:05:00.000Z","Baltimore Orioles @ New York Yankees","Baltimore Orioles","New York Yankees","2","full","FULL_INNING_TOTAL","over","","points-all-2i-ou-over","fanduel","0.5","false","146","2026-09-25T16:28:08.825Z","0.5","0.5","145","125","https://sportsbook.fanduel.com/addToBetslip?marketId=717.188449052&selectionId=7017905"
"SPORTSGAMEODDS","eI9DkB4SZQ3rSZBsFTqi","2026-09-25T23:05:00.000Z","Baltimore Orioles @ New York Yankees","Baltimore Orioles","New York Yankees","2","full","FULL_INNING_TOTAL","over","","points-all-2i-ou-over","fanduel","1.5","true","420","2026-09-25T16:28:08.825Z","0.5","0.5","","","https://sportsbook.fanduel.com/addToBetslip?marketId=717.188449052&selectionId=7017905"
"SPORTSGAMEODDS","eI9DkB4SZQ3rSZBsFTqi","2026-09-25T23:05:00.000Z","Baltimore Orioles @ New York Yankees","Baltimore Orioles","New York Yankees","2","full","FULL_INNING_TOTAL","over","","points-all-2i-ou-over","draftkings","0.5","false","125","2026-09-25T16:27:56.462Z","0.5","0.5","145","125",""
"SPORTSGAMEODDS","eI9DkB4SZQ3rSZBsFTqi","2026-09-25T23:05:00.000Z","Baltimore Orioles @ New York Yankees","Baltimore Orioles","New York Yankees","2","full","FULL_INNING_TOTAL","over","","points-all-2i-ou-over","draftkings","1.5","true","330","2026-09-25T16:27:56.462Z","0.5","0.5","","",""
"SPORTSGAMEODDS","eI9DkB4SZQ3rSZBsFTqi","2026-09-25T23:05:00.000Z","Baltimore Orioles @ New York Yankees","Baltimore Orioles","New York Yankees","2","full","FULL_INNING_TOTAL","under","","points-all-2i-ou-under","fanduel","0.5","false","-180","2026-09-25T16:28:08.825Z","0.5","0.5","-145","-180","https://sportsbook.fanduel.com/addToBetslip?marketId=717.188449052&selectionId=7017906"
"SPORTSGAMEODDS","eI9DkB4SZQ3rSZBsFTqi","2026-09-25T23:05:00.000Z","Baltimore Orioles @ New York Yankees","Baltimore Orioles","New York Yankees","2","full","FULL_INNING_TOTAL","under","","points-all-2i-ou-under","fanduel","1.5","true","-600","2026-09-25T16:28:08.825Z","0.5","0.5","","","https://sportsbook.fanduel.com/addToBetslip?marketId=717.188449052&selectionId=7017906"
"SPORTSGAMEODDS","eI9DkB4SZQ3rSZBsFTqi","2026-09-25T23:05:00.000Z","Baltimore Orioles @ New York Yankees","Baltimore Orioles","New York Yankees","2","full","FULL_INNING_TOTAL","under","","points-all-2i-ou-under","draftkings","0.5","false","-170","2026-09-25T16:27:56.462Z","0.5","0.5","-145","-180",""
"SPORTSGAMEODDS","eI9DkB4SZQ3rSZBsFTqi","2026-09-25T23:05:00.000Z","Baltimore Orioles @ New York Yankees","Baltimore Orioles","New York Yankees","2","full","FULL_INNING_TOTAL","under","","points-all-2i-ou-under","draftkings","1.5","true","-475","2026-09-25T16:27:56.462Z","0.5","0.5","","",""
"SPORTSGAMEODDS","eI9DkB4SZQ3rSZBsFTqi","2026-09-25T23:05:00.000Z","Baltimore Orioles @ New York Yankees","Baltimore Orioles","New York Yankees","3","full","FULL_INNING_3WAY","draw","","points-all-3i-ml3way-draw","fanduel","","false","-180","2026-09-25T16:28:08.825Z","","","","","https://sportsbook.fanduel.com/addToBetslip?marketId=717.188449059&selectionId=131604"
"SPORTSGAMEODDS","eI9DkB4SZQ3rSZBsFTqi","2026-09-25T23:05:00.000Z","Baltimore Orioles @ New York Yankees","Baltimore Orioles","New York Yankees","3","full","FULL_INNING_3WAY","draw","","points-all-3i-ml3way-draw","draftkings","","false","-185","2026-09-25T16:27:56.462Z","","","","",""
"SPORTSGAMEODDS","eI9DkB4SZQ3rSZBsFTqi","2026-09-25T23:05:00.000Z","Baltimore Orioles @ New York Yankees","Baltimore Orioles","New York Yankees","3","full","FULL_INNING_TOTAL","over","","points-all-3i-ou-over","fanduel","0.5","false","128","2026-09-25T16:28:08.825Z","0.5","0.5","135","120","https://sportsbook.fanduel.com/addToBetslip?marketId=717.188449038&selectionId=7017905"
"SPORTSGAMEODDS","eI9DkB4SZQ3rSZBsFTqi","2026-09-25T23:05:00.000Z","Baltimore Orioles @ New York Yankees","Baltimore Orioles","New York Yankees","3","full","FULL_INNING_TOTAL","over","","points-all-3i-ou-over","fanduel","1.5","true","330","2026-09-25T16:28:08.825Z","0.5","0.5","","","https://sportsbook.fanduel.com/addToBetslip?marketId=717.188449038&selectionId=7017905"
"SPORTSGAMEODDS","eI9DkB4SZQ3rSZBsFTqi","2026-09-25T23:05:00.000Z","Baltimore Orioles @ New York Yankees","Baltimore Orioles","New York Yankees","3","full","FULL_INNING_TOTAL","over","","points-all-3i-ou-over","draftkings","0.5","false","120","2026-09-25T16:27:56.462Z","0.5","0.5","135","120",""
"SPORTSGAMEODDS","eI9DkB4SZQ3rSZBsFTqi","2026-09-25T23:05:00.000Z","Baltimore Orioles @ New York Yankees","Baltimore Orioles","New York Yankees","3","full","FULL_INNING_TOTAL","over","","points-all-3i-ou-over","draftkings","1.5","true","300","2026-09-25T16:27:56.462Z","0.5","0.5","","",""
"SPORTSGAMEODDS","eI9DkB4SZQ3rSZBsFTqi","2026-09-25T23:05:00.000Z","Baltimore Orioles @ New York Yankees","Baltimore Orioles","New York Yankees","3","full","FULL_INNING_TOTAL","under","","points-all-3i-ou-under","fanduel","0.5","false","-158","2026-09-25T16:28:08.825Z","0.5","0.5","-135","-160","https://sportsbook.fanduel.com/addToBetslip?marketId=717.188449038&selectionId=7017906"
"SPORTSGAMEODDS","eI9DkB4SZQ3rSZBsFTqi","2026-09-25T23:05:00.000Z","Baltimore Orioles @ New York Yankees","Baltimore Orioles","New York Yankees","3","full","FULL_INNING_TOTAL","under","","points-all-3i-ou-under","fanduel","1.5","true","-450","2026-09-25T16:28:08.825Z","0.5","0.5","","","https://sportsbook.fanduel.com/addToBetslip?marketId=717.188449038&selectionId=7017906"
"SPORTSGAMEODDS","eI9DkB4SZQ3rSZBsFTqi","2026-09-25T23:05:00.000Z","Baltimore Orioles @ New York Yankees","Baltimore Orioles","New York Yankees","3","full","FULL_INNING_TOTAL","under","","points-all-3i-ou-under","draftkings","0.5","false","-160","2026-09-25T16:27:56.462Z","0.5","0.5","-135","-160",""
"SPORTSGAMEODDS","eI9DkB4SZQ3rSZBsFTqi","2026-09-25T23:05:00.000Z","Baltimore Orioles @ New York Yankees","Baltimore Orioles","New York Yankees","3","full","FULL_INNING_TOTAL","under","","points-all-3i-ou-under","draftkings","1.5","true","-425","2026-09-25T16:27:56.462Z","0.5","0.5","","",""
"SPORTSGAMEODDS","eI9DkB4SZQ3rSZBsFTqi","2026-09-25T23:05:00.000Z","Baltimore Orioles @ New York Yankees","Baltimore Orioles","New York Yankees","4","full","FULL_INNING_TOTAL","over","","points-all-4i-ou-over","fanduel","0.5","false","122","2026-09-25T16:28:08.825Z","0.5","0.5","137","120","https://sportsbook.fanduel.com/addToBetslip?marketId=717.188449184&selectionId=7017905"
"SPORTSGAMEODDS","eI9DkB4SZQ3rSZBsFTqi","2026-09-25T23:05:00.000Z","Baltimore Orioles @ New York Yankees","Baltimore Orioles","New York Yankees","4","full","FULL_INNING_TOTAL","over","","points-all-4i-ou-over","fanduel","1.5","true","330","2026-09-25T16:28:08.825Z","0.5","0.5","","","https://sportsbook.fanduel.com/addToBetslip?marketId=717.188449184&selectionId=7017905"
"SPORTSGAMEODDS","eI9DkB4SZQ3rSZBsFTqi","2026-09-25T23:05:00.000Z","Baltimore Orioles @ New York Yankees","Baltimore Orioles","New York Yankees","4","full","FULL_INNING_TOTAL","over","","points-all-4i-ou-over","draftkings","0.5","false","120","2026-09-25T16:27:56.462Z","0.5","0.5","137","120",""
"SPORTSGAMEODDS","eI9DkB4SZQ3rSZBsFTqi","2026-09-25T23:05:00.000Z","Baltimore Orioles @ New York Yankees","Baltimore Orioles","New York Yankees","4","full","FULL_INNING_TOTAL","over","","points-all-4i-ou-over","draftkings","1.5","true","300","2026-09-25T16:27:56.462Z","0.5","0.5","","",""
"SPORTSGAMEODDS","eI9DkB4SZQ3rSZBsFTqi","2026-09-25T23:05:00.000Z","Baltimore Orioles @ New York Yankees","Baltimore Orioles","New York Yankees","4","full","FULL_INNING_TOTAL","under","","points-all-4i-ou-under","fanduel","0.5","false","-150","2026-09-25T16:28:08.825Z","0.5","0.5","-137","-165","https://sportsbook.fanduel.com/addToBetslip?marketId=717.188449184&selectionId=7017906"
"SPORTSGAMEODDS","eI9DkB4SZQ3rSZBsFTqi","2026-09-25T23:05:00.000Z","Baltimore Orioles @ New York Yankees","Baltimore Orioles","New York Yankees","4","full","FULL_INNING_TOTAL","under","","points-all-4i-ou-under","fanduel","1.5","true","-470","2026-09-25T16:28:08.825Z","0.5","0.5","","","https://sportsbook.fanduel.com/addToBetslip?marketId=717.188449184&selectionId=7017906"
"SPORTSGAMEODDS","eI9DkB4SZQ3rSZBsFTqi","2026-09-25T23:05:00.000Z","Baltimore Orioles @ New York Yankees","Baltimore Orioles","New York Yankees","4","full","FULL_INNING_TOTAL","under","","points-all-4i-ou-under","draftkings","0.5","false","-165","2026-09-25T16:27:56.462Z","0.5","0.5","-137","-165",""
"SPORTSGAMEODDS","eI9DkB4SZQ3rSZBsFTqi","2026-09-25T23:05:00.000Z","Baltimore Orioles @ New York Yankees","Baltimore Orioles","New York Yankees","4","full","FULL_INNING_TOTAL","under","","points-all-4i-ou-under","draftkings","1.5","true","-425","2026-09-25T16:27:56.462Z","0.5","0.5","","",""
"SPORTSGAMEODDS","eI9DkB4SZQ3rSZBsFTqi","2026-09-25T23:05:00.000Z","Baltimore Orioles @ New York Yankees","Baltimore Orioles","New York Yankees","5","full","FULL_INNING_TOTAL","over","","points-all-5i-ou-over","fanduel","0.5","false","138","2026-09-25T16:28:08.825Z","0.5","0.5","142","125","https://sportsbook.fanduel.com/addToBetslip?marketId=717.188449133&selectionId=7017905"
"SPORTSGAMEODDS","eI9DkB4SZQ3rSZBsFTqi","2026-09-25T23:05:00.000Z","Baltimore Orioles @ New York Yankees","Baltimore Orioles","New York Yankees","5","full","FULL_INNING_TOTAL","over","","points-all-5i-ou-over","fanduel","1.5","true","360","2026-09-25T16:28:08.825Z","0.5","0.5","","","https://sportsbook.fanduel.com/addToBetslip?marketId=717.188449133&selectionId=7017905"
"SPORTSGAMEODDS","eI9DkB4SZQ3rSZBsFTqi","2026-09-25T23:05:00.000Z","Baltimore Orioles @ New York Yankees","Baltimore Orioles","New York Yankees","5","full","FULL_INNING_TOTAL","over","","points-all-5i-ou-over","draftkings","0.5","false","125","2026-09-25T16:27:56.462Z","0.5","0.5","142","125",""
"SPORTSGAMEODDS","eI9DkB4SZQ3rSZBsFTqi","2026-09-25T23:05:00.000Z","Baltimore Orioles @ New York Yankees","Baltimore Orioles","New York Yankees","5","full","FULL_INNING_TOTAL","over","","points-all-5i-ou-over","draftkings","1.5","true","310","2026-09-25T16:27:56.462Z","0.5","0.5","","",""
"SPORTSGAMEODDS","eI9DkB4SZQ3rSZBsFTqi","2026-09-25T23:05:00.000Z","Baltimore Orioles @ New York Yankees","Baltimore Orioles","New York Yankees","5","full","FULL_INNING_TOTAL","under","","points-all-5i-ou-under","fanduel","0.5","false","-170","2026-09-25T16:28:08.825Z","0.5","0.5","-142","-170","https://sportsbook.fanduel.com/addToBetslip?marketId=42.611211033&selectionId=7017906"
"SPORTSGAMEODDS","eI9DkB4SZQ3rSZBsFTqi","2026-09-25T23:05:00.000Z","Baltimore Orioles @ New York Yankees","Baltimore Orioles","New York Yankees","5","full","FULL_INNING_TOTAL","under","","points-all-5i-ou-under","fanduel","1.5","true","-500","2026-09-25T16:28:08.825Z","0.5","0.5","","","https://sportsbook.fanduel.com/addToBetslip?marketId=42.611211033&selectionId=7017906"
"SPORTSGAMEODDS","eI9DkB4SZQ3rSZBsFTqi","2026-09-25T23:05:00.000Z","Baltimore Orioles @ New York Yankees","Baltimore Orioles","New York Yankees","5","full","FULL_INNING_TOTAL","under","","points-all-5i-ou-under","draftkings","0.5","false","-170","2026-09-25T16:27:56.462Z","0.5","0.5","-142","-170",""
"SPORTSGAMEODDS","eI9DkB4SZQ3rSZBsFTqi","2026-09-25T23:05:00.000Z","Baltimore Orioles @ New York Yankees","Baltimore Orioles","New York Yankees","5","full","FULL_INNING_TOTAL","under","","points-all-5i-ou-under","draftkings","1.5","true","-450","2026-09-25T16:27:56.462Z","0.5","0.5","","",""
"SPORTSGAMEODDS","eI9DkB4SZQ3rSZBsFTqi","2026-09-25T23:05:00.000Z","Baltimore Orioles @ New York Yankees","Baltimore Orioles","New York Yankees","6","full","FULL_INNING_3WAY","draw","","points-all-6i-ml3way-draw","fanduel","","false","-185","2026-09-25T16:28:08.825Z","","","","","https://sportsbook.fanduel.com/addToBetslip?marketId=717.188449187&selectionId=131604"
"SPORTSGAMEODDS","eI9DkB4SZQ3rSZBsFTqi","2026-09-25T23:05:00.000Z","Baltimore Orioles @ New York Yankees","Baltimore Orioles","New York Yankees","6","full","FULL_INNING_3WAY","draw","","points-all-6i-ml3way-draw","draftkings","","false","-200","2026-09-25T16:27:56.462Z","","","","",""
"SPORTSGAMEODDS","eI9DkB4SZQ3rSZBsFTqi","2026-09-25T23:05:00.000Z","Baltimore Orioles @ New York Yankees","Baltimore Orioles","New York Yankees","6","full","FULL_INNING_TOTAL","over","","points-all-6i-ou-over","fanduel","0.5","false","128","2026-09-25T16:28:08.825Z","0.5","0.5","142","125","https://sportsbook.fanduel.com/addToBetslip?marketId=717.188449055&selectionId=7017905"
"SPORTSGAMEODDS","eI9DkB4SZQ3rSZBsFTqi","2026-09-25T23:05:00.000Z","Baltimore Orioles @ New York Yankees","Baltimore Orioles","New York Yankees","6","full","FULL_INNING_TOTAL","over","","points-all-6i-ou-over","fanduel","1.5","true","350","2026-09-25T16:28:08.825Z","0.5","0.5","","","https://sportsbook.fanduel.com/addToBetslip?marketId=717.188449055&selectionId=7017905"
"SPORTSGAMEODDS","eI9DkB4SZQ3rSZBsFTqi","2026-09-25T23:05:00.000Z","Baltimore Orioles @ New York Yankees","Baltimore Orioles","New York Yankees","6","full","FULL_INNING_TOTAL","over","","points-all-6i-ou-over","draftkings","0.5","false","125","2026-09-25T16:27:56.462Z","0.5","0.5","142","125",""
"SPORTSGAMEODDS","eI9DkB4SZQ3rSZBsFTqi","2026-09-25T23:05:00.000Z","Baltimore Orioles @ New York Yankees","Baltimore Orioles","New York Yankees","6","full","FULL_INNING_TOTAL","over","","points-all-6i-ou-over","draftkings","1.5","true","310","2026-09-25T16:27:56.462Z","0.5","0.5","","",""
"SPORTSGAMEODDS","eI9DkB4SZQ3rSZBsFTqi","2026-09-25T23:05:00.000Z","Baltimore Orioles @ New York Yankees","Baltimore Orioles","New York Yankees","6","full","FULL_INNING_TOTAL","under","","points-all-6i-ou-under","fanduel","0.5","false","-158","2026-09-25T16:28:08.825Z","0.5","0.5","-142","-170","https://sportsbook.fanduel.com/addToBetslip?marketId=717.188449055&selectionId=7017906"
"SPORTSGAMEODDS","eI9DkB4SZQ3rSZBsFTqi","2026-09-25T23:05:00.000Z","Baltimore Orioles @ New York Yankees","Baltimore Orioles","New York Yankees","6","full","FULL_INNING_TOTAL","under","","points-all-6i-ou-under","fanduel","1.5","true","-480","2026-09-25T16:28:08.825Z","0.5","0.5","","","https://sportsbook.fanduel.com/addToBetslip?marketId=717.188449055&selectionId=7017906"
"SPORTSGAMEODDS","eI9DkB4SZQ3rSZBsFTqi","2026-09-25T23:05:00.000Z","Baltimore Orioles @ New York Yankees","Baltimore Orioles","New York Yankees","6","full","FULL_INNING_TOTAL","under","","points-all-6i-ou-under","draftkings","0.5","false","-170","2026-09-25T16:27:56.462Z","0.5","0.5","-142","-170",""
"SPORTSGAMEODDS","eI9DkB4SZQ3rSZBsFTqi","2026-09-25T23:05:00.000Z","Baltimore Orioles @ New York Yankees","Baltimore Orioles","New York Yankees","6","full","FULL_INNING_TOTAL","under","","points-all-6i-ou-under","draftkings","1.5","true","-450","2026-09-25T16:27:56.462Z","0.5","0.5","","",""
"SPORTSGAMEODDS","eI9DkB4SZQ3rSZBsFTqi","2026-09-25T23:05:00.000Z","Baltimore Orioles @ New York Yankees","Baltimore Orioles","New York Yankees","7","full","FULL_INNING_TOTAL","over","","points-all-7i-ou-over","fanduel","0.5","false","146","2026-09-25T16:28:08.825Z","0.5","0.5","157","140","https://sportsbook.fanduel.com/addToBetslip?marketId=717.188449067&selectionId=7017905"
"SPORTSGAMEODDS","eI9DkB4SZQ3rSZBsFTqi","2026-09-25T23:05:00.000Z","Baltimore Orioles @ New York Yankees","Baltimore Orioles","New York Yankees","7","full","FULL_INNING_TOTAL","over","","points-all-7i-ou-over","fanduel","1.5","true","390","2026-09-25T16:28:08.825Z","0.5","0.5","","","https://sportsbook.fanduel.com/addToBetslip?marketId=717.188449067&selectionId=7017905"
"SPORTSGAMEODDS","eI9DkB4SZQ3rSZBsFTqi","2026-09-25T23:05:00.000Z","Baltimore Orioles @ New York Yankees","Baltimore Orioles","New York Yankees","7","full","FULL_INNING_TOTAL","over","","points-all-7i-ou-over","draftkings","0.5","false","140","2026-09-25T16:27:56.462Z","0.5","0.5","157","140",""
"SPORTSGAMEODDS","eI9DkB4SZQ3rSZBsFTqi","2026-09-25T23:05:00.000Z","Baltimore Orioles @ New York Yankees","Baltimore Orioles","New York Yankees","7","full","FULL_INNING_TOTAL","over","","points-all-7i-ou-over","draftkings","1.5","true","350","2026-09-25T16:27:56.462Z","0.5","0.5","","",""
"SPORTSGAMEODDS","eI9DkB4SZQ3rSZBsFTqi","2026-09-25T23:05:00.000Z","Baltimore Orioles @ New York Yankees","Baltimore Orioles","New York Yankees","7","full","FULL_INNING_TOTAL","under","","points-all-7i-ou-under","fanduel","0.5","false","-180","2026-09-25T16:28:08.825Z","0.5","0.5","-157","-190","https://sportsbook.fanduel.com/addToBetslip?marketId=717.188449067&selectionId=7017906"
"SPORTSGAMEODDS","eI9DkB4SZQ3rSZBsFTqi","2026-09-25T23:05:00.000Z","Baltimore Orioles @ New York Yankees","Baltimore Orioles","New York Yankees","7","full","FULL_INNING_TOTAL","under","","points-all-7i-ou-under","fanduel","1.5","true","-550","2026-09-25T16:28:08.825Z","0.5","0.5","","","https://sportsbook.fanduel.com/addToBetslip?marketId=717.188449067&selectionId=7017906"
"SPORTSGAMEODDS","eI9DkB4SZQ3rSZBsFTqi","2026-09-25T23:05:00.000Z","Baltimore Orioles @ New York Yankees","Baltimore Orioles","New York Yankees","7","full","FULL_INNING_TOTAL","under","","points-all-7i-ou-under","draftkings","0.5","false","-190","2026-09-25T16:27:56.462Z","0.5","0.5","-157","-190",""
"SPORTSGAMEODDS","eI9DkB4SZQ3rSZBsFTqi","2026-09-25T23:05:00.000Z","Baltimore Orioles @ New York Yankees","Baltimore Orioles","New York Yankees","7","full","FULL_INNING_TOTAL","under","","points-all-7i-ou-under","draftkings","1.5","true","-525","2026-09-25T16:27:56.462Z","0.5","0.5","","",""
"SPORTSGAMEODDS","eI9DkB4SZQ3rSZBsFTqi","2026-09-25T23:05:00.000Z","Baltimore Orioles @ New York Yankees","Baltimore Orioles","New York Yankees","8","full","FULL_INNING_3WAY","draw","","points-all-8i-ml3way-draw","fanduel","","false","-200","2026-09-25T16:28:08.825Z","","","","","https://sportsbook.fanduel.com/addToBetslip?marketId=717.188449046&selectionId=131604"
"SPORTSGAMEODDS","eI9DkB4SZQ3rSZBsFTqi","2026-09-25T23:05:00.000Z","Baltimore Orioles @ New York Yankees","Baltimore Orioles","New York Yankees","8","full","FULL_INNING_3WAY","draw","","points-all-8i-ml3way-draw","draftkings","","false","-205","2026-09-25T16:27:56.462Z","","","","",""
"SPORTSGAMEODDS","eI9DkB4SZQ3rSZBsFTqi","2026-09-25T23:05:00.000Z","Baltimore Orioles @ New York Yankees","Baltimore Orioles","New York Yankees","8","full","FULL_INNING_TOTAL","over","","points-all-8i-ou-over","fanduel","0.5","false","138","2026-09-25T16:28:08.825Z","0.5","0.5","153","135","https://sportsbook.fanduel.com/addToBetslip?marketId=717.188449035&selectionId=7017905"
"SPORTSGAMEODDS","eI9DkB4SZQ3rSZBsFTqi","2026-09-25T23:05:00.000Z","Baltimore Orioles @ New York Yankees","Baltimore Orioles","New York Yankees","8","full","FULL_INNING_TOTAL","over","","points-all-8i-ou-over","fanduel","1.5","true","370","2026-09-25T16:28:08.825Z","0.5","0.5","","","https://sportsbook.fanduel.com/addToBetslip?marketId=717.188449035&selectionId=7017905"
"SPORTSGAMEODDS","eI9DkB4SZQ3rSZBsFTqi","2026-09-25T23:05:00.000Z","Baltimore Orioles @ New York Yankees","Baltimore Orioles","New York Yankees","8","full","FULL_INNING_TOTAL","over","","points-all-8i-ou-over","draftkings","0.5","false","135","2026-09-25T16:27:56.462Z","0.5","0.5","153","135",""
"SPORTSGAMEODDS","eI9DkB4SZQ3rSZBsFTqi","2026-09-25T23:05:00.000Z","Baltimore Orioles @ New York Yankees","Baltimore Orioles","New York Yankees","8","full","FULL_INNING_TOTAL","over","","points-all-8i-ou-over","draftkings","1.5","true","350","2026-09-25T16:27:56.462Z","0.5","0.5","","",""
"SPORTSGAMEODDS","eI9DkB4SZQ3rSZBsFTqi","2026-09-25T23:05:00.000Z","Baltimore Orioles @ New York Yankees","Baltimore Orioles","New York Yankees","8","full","FULL_INNING_TOTAL","under","","points-all-8i-ou-under","fanduel","0.5","false","-170","2026-09-25T16:28:08.825Z","0.5","0.5","-153","-185","https://sportsbook.fanduel.com/addToBetslip?marketId=717.188449035&selectionId=7017906"
"SPORTSGAMEODDS","eI9DkB4SZQ3rSZBsFTqi","2026-09-25T23:05:00.000Z","Baltimore Orioles @ New York Yankees","Baltimore Orioles","New York Yankees","8","full","FULL_INNING_TOTAL","under","","points-all-8i-ou-under","fanduel","1.5","true","-480","2026-09-25T16:28:08.825Z","0.5","0.5","","","https://sportsbook.fanduel.com/addToBetslip?marketId=717.188449035&selectionId=7017906"
"SPORTSGAMEODDS","eI9DkB4SZQ3rSZBsFTqi","2026-09-25T23:05:00.000Z","Baltimore Orioles @ New York Yankees","Baltimore Orioles","New York Yankees","8","full","FULL_INNING_TOTAL","under","","points-all-8i-ou-under","draftkings","0.5","false","-185","2026-09-25T16:27:56.462Z","0.5","0.5","-153","-185",""
"SPORTSGAMEODDS","eI9DkB4SZQ3rSZBsFTqi","2026-09-25T23:05:00.000Z","Baltimore Orioles @ New York Yankees","Baltimore Orioles","New York Yankees","8","full","FULL_INNING_TOTAL","under","","points-all-8i-ou-under","draftkings","1.5","true","-525","2026-09-25T16:27:56.462Z","0.5","0.5","","",""
"SPORTSGAMEODDS","eI9DkB4SZQ3rSZBsFTqi","2026-09-25T23:05:00.000Z","Baltimore Orioles @ New York Yankees","Baltimore Orioles","New York Yankees","9","full","FULL_INNING_TOTAL","over","","points-all-9i-ou-over","fanduel","1.5","false","610","2026-09-25T16:28:08.825Z","","1.5","","550","https://sportsbook.fanduel.com/addToBetslip?marketId=717.188449124&selectionId=7017905"
"SPORTSGAMEODDS","eI9DkB4SZQ3rSZBsFTqi","2026-09-25T23:05:00.000Z","Baltimore Orioles @ New York Yankees","Baltimore Orioles","New York Yankees","9","full","FULL_INNING_TOTAL","over","","points-all-9i-ou-over","draftkings","1.5","false","500","2026-09-25T16:27:56.462Z","","1.5","","550",""
"SPORTSGAMEODDS","eI9DkB4SZQ3rSZBsFTqi","2026-09-25T23:05:00.000Z","Baltimore Orioles @ New York Yankees","Baltimore Orioles","New York Yankees","9","full","FULL_INNING_TOTAL","over","","points-all-9i-ou-over","draftkings","0.5","true","200","2026-09-25T16:27:56.462Z","","1.5","","",""
"SPORTSGAMEODDS","eI9DkB4SZQ3rSZBsFTqi","2026-09-25T23:05:00.000Z","Baltimore Orioles @ New York Yankees","Baltimore Orioles","New York Yankees","9","full","FULL_INNING_TOTAL","under","","points-all-9i-ou-under","fanduel","1.5","false","-1000","2026-09-25T16:28:08.825Z","","1.5","","-859","https://sportsbook.fanduel.com/addToBetslip?marketId=717.188449124&selectionId=7017906"
"SPORTSGAMEODDS","eI9DkB4SZQ3rSZBsFTqi","2026-09-25T23:05:00.000Z","Baltimore Orioles @ New York Yankees","Baltimore Orioles","New York Yankees","9","full","FULL_INNING_TOTAL","under","","points-all-9i-ou-under","draftkings","1.5","false","-750","2026-09-25T16:27:56.462Z","","1.5","","-859",""
"SPORTSGAMEODDS","eI9DkB4SZQ3rSZBsFTqi","2026-09-25T23:05:00.000Z","Baltimore Orioles @ New York Yankees","Baltimore Orioles","New York Yankees","9","full","FULL_INNING_TOTAL","under","","points-all-9i-ou-under","draftkings","0.5","true","-275","2026-09-25T16:27:56.462Z","","1.5","","",""
"SPORTSGAMEODDS","eI9DkB4SZQ3rSZBsFTqi","2026-09-25T23:05:00.000Z","Baltimore Orioles @ New York Yankees","Baltimore Orioles","New York Yankees","2","full","FULL_INNING_3WAY","away","","points-away-2i-ml3way-away","fanduel","","false","400","2026-09-25T16:28:08.825Z","","","","","https://sportsbook.fanduel.com/addToBetslip?marketId=717.188449148&selectionId=29157"
"SPORTSGAMEODDS","eI9DkB4SZQ3rSZBsFTqi","2026-09-25T23:05:00.000Z","Baltimore Orioles @ New York Yankees","Baltimore Orioles","New York Yankees","2","full","FULL_INNING_3WAY","away","","points-away-2i-ml3way-away","draftkings","","false","380","2026-09-25T16:27:56.462Z","","","","",""
"SPORTSGAMEODDS","eI9DkB4SZQ3rSZBsFTqi","2026-09-25T23:05:00.000Z","Baltimore Orioles @ New York Yankees","Baltimore Orioles","New York Yankees","3","full","FULL_INNING_3WAY","away","","points-away-3i-ml3way-away","fanduel","","false","360","2026-09-25T16:28:08.825Z","","","","","https://sportsbook.fanduel.com/addToBetslip?marketId=717.188449059&selectionId=29157"
"SPORTSGAMEODDS","eI9DkB4SZQ3rSZBsFTqi","2026-09-25T23:05:00.000Z","Baltimore Orioles @ New York Yankees","Baltimore Orioles","New York Yankees","3","full","FULL_INNING_3WAY","away","","points-away-3i-ml3way-away","draftkings","","false","370","2026-09-25T16:27:56.462Z","","","","",""
"SPORTSGAMEODDS","eI9DkB4SZQ3rSZBsFTqi","2026-09-25T23:05:00.000Z","Baltimore Orioles @ New York Yankees","Baltimore Orioles","New York Yankees","4","full","FULL_INNING_3WAY","away","","points-away-4i-ml3way-away","fanduel","","false","360","2026-09-25T16:28:08.825Z","","","","","https://sportsbook.fanduel.com/addToBetslip?marketId=717.188449023&selectionId=29157"
"SPORTSGAMEODDS","eI9DkB4SZQ3rSZBsFTqi","2026-09-25T23:05:00.000Z","Baltimore Orioles @ New York Yankees","Baltimore Orioles","New York Yankees","4","full","FULL_INNING_3WAY","away","","points-away-4i-ml3way-away","draftkings","","false","380","2026-09-25T16:27:56.462Z","","","","",""
"SPORTSGAMEODDS","eI9DkB4SZQ3rSZBsFTqi","2026-09-25T23:05:00.000Z","Baltimore Orioles @ New York Yankees","Baltimore Orioles","New York Yankees","5","full","FULL_INNING_3WAY","away","","points-away-5i-ml3way-away","fanduel","","false","390","2026-09-25T16:28:08.825Z","","","","","https://sportsbook.fanduel.com/addToBetslip?marketId=717.188449081&selectionId=29157"
"SPORTSGAMEODDS","eI9DkB4SZQ3rSZBsFTqi","2026-09-25T23:05:00.000Z","Baltimore Orioles @ New York Yankees","Baltimore Orioles","New York Yankees","5","full","FULL_INNING_3WAY","away","","points-away-5i-ml3way-away","draftkings","","false","370","2026-09-25T16:27:56.462Z","","","","",""
"SPORTSGAMEODDS","eI9DkB4SZQ3rSZBsFTqi","2026-09-25T23:05:00.000Z","Baltimore Orioles @ New York Yankees","Baltimore Orioles","New York Yankees","6","full","FULL_INNING_3WAY","away","","points-away-6i-ml3way-away","fanduel","","false","370","2026-09-25T16:28:08.825Z","","","","","https://sportsbook.fanduel.com/addToBetslip?marketId=717.188449187&selectionId=29157"
"SPORTSGAMEODDS","eI9DkB4SZQ3rSZBsFTqi","2026-09-25T23:05:00.000Z","Baltimore Orioles @ New York Yankees","Baltimore Orioles","New York Yankees","6","full","FULL_INNING_3WAY","away","","points-away-6i-ml3way-away","draftkings","","false","380","2026-09-25T16:27:56.462Z","","","","",""
"SPORTSGAMEODDS","eI9DkB4SZQ3rSZBsFTqi","2026-09-25T23:05:00.000Z","Baltimore Orioles @ New York Yankees","Baltimore Orioles","New York Yankees","7","full","FULL_INNING_3WAY","away","","points-away-7i-ml3way-away","fanduel","","false","470","2026-09-25T16:28:08.825Z","","","","","https://sportsbook.fanduel.com/addToBetslip?marketId=717.188449115&selectionId=29157"
"SPORTSGAMEODDS","eI9DkB4SZQ3rSZBsFTqi","2026-09-25T23:05:00.000Z","Baltimore Orioles @ New York Yankees","Baltimore Orioles","New York Yankees","7","full","FULL_INNING_3WAY","away","","points-away-7i-ml3way-away","draftkings","","false","400","2026-09-25T16:27:56.462Z","","","","",""
"SPORTSGAMEODDS","eI9DkB4SZQ3rSZBsFTqi","2026-09-25T23:05:00.000Z","Baltimore Orioles @ New York Yankees","Baltimore Orioles","New York Yankees","8","full","FULL_INNING_3WAY","away","","points-away-8i-ml3way-away","fanduel","","false","460","2026-09-25T16:28:08.825Z","","","","","https://sportsbook.fanduel.com/addToBetslip?marketId=717.188449046&selectionId=29157"
"SPORTSGAMEODDS","eI9DkB4SZQ3rSZBsFTqi","2026-09-25T23:05:00.000Z","Baltimore Orioles @ New York Yankees","Baltimore Orioles","New York Yankees","8","full","FULL_INNING_3WAY","away","","points-away-8i-ml3way-away","draftkings","","false","425","2026-09-25T16:27:56.462Z","","","","",""
"SPORTSGAMEODDS","eI9DkB4SZQ3rSZBsFTqi","2026-09-25T23:05:00.000Z","Baltimore Orioles @ New York Yankees","Baltimore Orioles","New York Yankees","9","full","FULL_INNING_3WAY","away","","points-away-9i-ml3way-away","fanduel","","false","470","2026-09-25T16:28:08.825Z","","","","","https://sportsbook.fanduel.com/addToBetslip?marketId=717.188449089&selectionId=29157"
"SPORTSGAMEODDS","eI9DkB4SZQ3rSZBsFTqi","2026-09-25T23:05:00.000Z","Baltimore Orioles @ New York Yankees","Baltimore Orioles","New York Yankees","9","full","FULL_INNING_3WAY","away","","points-away-9i-ml3way-away","draftkings","","false","400","2026-09-25T16:27:56.462Z","","","","",""
"SPORTSGAMEODDS","eI9DkB4SZQ3rSZBsFTqi","2026-09-25T23:05:00.000Z","Baltimore Orioles @ New York Yankees","Baltimore Orioles","New York Yankees","3","full","FULL_INNING_3WAY","home","","points-home-3i-ml3way-home","fanduel","","false","370","2026-09-25T16:28:08.825Z","","","","","https://sportsbook.fanduel.com/addToBetslip?marketId=717.188449059&selectionId=29161"
"SPORTSGAMEODDS","eI9DkB4SZQ3rSZBsFTqi","2026-09-25T23:05:00.000Z","Baltimore Orioles @ New York Yankees","Baltimore Orioles","New York Yankees","3","full","FULL_INNING_3WAY","home","","points-home-3i-ml3way-home","draftkings","","false","340","2026-09-25T16:27:56.462Z","","","","",""
"SPORTSGAMEODDS","eI9DkB4SZQ3rSZBsFTqi","2026-09-25T23:05:00.000Z","Baltimore Orioles @ New York Yankees","Baltimore Orioles","New York Yankees","4","full","FULL_INNING_3WAY","home","","points-home-4i-ml3way-home","fanduel","","false","350","2026-09-25T16:28:08.825Z","","","","","https://sportsbook.fanduel.com/addToBetslip?marketId=717.188449023&selectionId=29161"
"SPORTSGAMEODDS","eI9DkB4SZQ3rSZBsFTqi","2026-09-25T23:05:00.000Z","Baltimore Orioles @ New York Yankees","Baltimore Orioles","New York Yankees","4","full","FULL_INNING_3WAY","home","","points-home-4i-ml3way-home","draftkings","","false","320","2026-09-25T16:27:56.462Z","","","","",""
"SPORTSGAMEODDS","eI9DkB4SZQ3rSZBsFTqi","2026-09-25T23:05:00.000Z","Baltimore Orioles @ New York Yankees","Baltimore Orioles","New York Yankees","5","full","FULL_INNING_3WAY","home","","points-home-5i-ml3way-home","fanduel","","false","380","2026-09-25T16:28:08.825Z","","","","","https://sportsbook.fanduel.com/addToBetslip?marketId=717.188449081&selectionId=29161"
"SPORTSGAMEODDS","eI9DkB4SZQ3rSZBsFTqi","2026-09-25T23:05:00.000Z","Baltimore Orioles @ New York Yankees","Baltimore Orioles","New York Yankees","5","full","FULL_INNING_3WAY","home","","points-home-5i-ml3way-home","draftkings","","false","330","2026-09-25T16:27:56.462Z","","","","",""
"SPORTSGAMEODDS","eI9DkB4SZQ3rSZBsFTqi","2026-09-25T23:05:00.000Z","Baltimore Orioles @ New York Yankees","Baltimore Orioles","New York Yankees","6","full","FULL_INNING_3WAY","home","","points-home-6i-ml3way-home","fanduel","","false","370","2026-09-25T16:28:08.825Z","","","","","https://sportsbook.fanduel.com/addToBetslip?marketId=717.188449187&selectionId=29161"
"SPORTSGAMEODDS","eI9DkB4SZQ3rSZBsFTqi","2026-09-25T23:05:00.000Z","Baltimore Orioles @ New York Yankees","Baltimore Orioles","New York Yankees","6","full","FULL_INNING_3WAY","home","","points-home-6i-ml3way-home","draftkings","","false","360","2026-09-25T16:27:56.462Z","","","","",""
"SPORTSGAMEODDS","eI9DkB4SZQ3rSZBsFTqi","2026-09-25T23:05:00.000Z","Baltimore Orioles @ New York Yankees","Baltimore Orioles","New York Yankees","7","full","FULL_INNING_3WAY","home","","points-home-7i-ml3way-home","fanduel","","false","350","2026-09-25T16:28:08.825Z","","","","","https://sportsbook.fanduel.com/addToBetslip?marketId=717.188449115&selectionId=29161"
"SPORTSGAMEODDS","eI9DkB4SZQ3rSZBsFTqi","2026-09-25T23:05:00.000Z","Baltimore Orioles @ New York Yankees","Baltimore Orioles","New York Yankees","7","full","FULL_INNING_3WAY","home","","points-home-7i-ml3way-home","draftkings","","false","360","2026-09-25T16:27:56.462Z","","","","",""
"SPORTSGAMEODDS","eI9DkB4SZQ3rSZBsFTqi","2026-09-25T23:05:00.000Z","Baltimore Orioles @ New York Yankees","Baltimore Orioles","New York Yankees","8","full","FULL_INNING_3WAY","home","","points-home-8i-ml3way-home","fanduel","","false","340","2026-09-25T16:28:08.825Z","","","","","https://sportsbook.fanduel.com/addToBetslip?marketId=717.188449046&selectionId=29161"
"SPORTSGAMEODDS","eI9DkB4SZQ3rSZBsFTqi","2026-09-25T23:05:00.000Z","Baltimore Orioles @ New York Yankees","Baltimore Orioles","New York Yankees","8","full","FULL_INNING_3WAY","home","","points-home-8i-ml3way-home","draftkings","","false","350","2026-09-25T16:27:56.462Z","","","","",""
"SPORTSGAMEODDS","eI9DkB4SZQ3rSZBsFTqi","2026-09-25T23:05:00.000Z","Baltimore Orioles @ New York Yankees","Baltimore Orioles","New York Yankees","9","full","FULL_INNING_3WAY","home","","points-home-9i-ml3way-home","fanduel","","false","700","2026-09-25T16:28:08.825Z","","","","","https://sportsbook.fanduel.com/addToBetslip?marketId=717.188449089&selectionId=29161"
"SPORTSGAMEODDS","eI9DkB4SZQ3rSZBsFTqi","2026-09-25T23:05:00.000Z","Baltimore Orioles @ New York Yankees","Baltimore Orioles","New York Yankees","9","full","FULL_INNING_3WAY","home","","points-home-9i-ml3way-home","draftkings","","false","650","2026-09-25T16:27:56.462Z","","","","",""
"SPORTSGAMEODDS","eI9DkB4SZQ3rSZBsFTqi","2026-09-25T23:05:00.000Z","Baltimore Orioles @ New York Yankees","Baltimore Orioles","New York Yankees","4","full","FULL_INNING_3WAY","draw","","points-all-4i-ml3way-draw","fanduel","","false","-170","2026-09-25T16:28:08.825Z","","","","","https://sportsbook.fanduel.com/addToBetslip?marketId=717.188449023&selectionId=131604"
"SPORTSGAMEODDS","eI9DkB4SZQ3rSZBsFTqi","2026-09-25T23:05:00.000Z","Baltimore Orioles @ New York Yankees","Baltimore Orioles","New York Yankees","4","full","FULL_INNING_3WAY","draw","","points-all-4i-ml3way-draw","draftkings","","false","-185","2026-09-25T16:27:56.462Z","","","","",""
"SPORTSGAMEODDS","eI9DkB4SZQ3rSZBsFTqi","2026-09-25T23:05:00.000Z","Baltimore Orioles @ New York Yankees","Baltimore Orioles","New York Yankees","5","full","FULL_INNING_3WAY","draw","","points-all-5i-ml3way-draw","fanduel","","false","-190","2026-09-25T16:28:08.825Z","","","","","https://sportsbook.fanduel.com/addToBetslip?marketId=717.188449081&selectionId=131604"
"SPORTSGAMEODDS","eI9DkB4SZQ3rSZBsFTqi","2026-09-25T23:05:00.000Z","Baltimore Orioles @ New York Yankees","Baltimore Orioles","New York Yankees","5","full","FULL_INNING_3WAY","draw","","points-all-5i-ml3way-draw","draftkings","","false","-185","2026-09-25T16:27:56.462Z","","","","",""
"SPORTSGAMEODDS","eI9DkB4SZQ3rSZBsFTqi","2026-09-25T23:05:00.000Z","Baltimore Orioles @ New York Yankees","Baltimore Orioles","New York Yankees","7","full","FULL_INNING_3WAY","draw","","points-all-7i-ml3way-draw","fanduel","","false","-220","2026-09-25T16:28:08.825Z","","","","","https://sportsbook.fanduel.com/addToBetslip?marketId=717.188449115&selectionId=131604"
"SPORTSGAMEODDS","eI9DkB4SZQ3rSZBsFTqi","2026-09-25T23:05:00.000Z","Baltimore Orioles @ New York Yankees","Baltimore Orioles","New York Yankees","7","full","FULL_INNING_3WAY","draw","","points-all-7i-ml3way-draw","draftkings","","false","-210","2026-09-25T16:27:56.462Z","","","","",""
"SPORTSGAMEODDS","eI9DkB4SZQ3rSZBsFTqi","2026-09-25T23:05:00.000Z","Baltimore Orioles @ New York Yankees","Baltimore Orioles","New York Yankees","9","full","FULL_INNING_3WAY","draw","","points-all-9i-ml3way-draw","fanduel","","false","-340","2026-09-25T16:28:08.825Z","","","","","https://sportsbook.fanduel.com/addToBetslip?marketId=717.188449089&selectionId=131604"
"SPORTSGAMEODDS","eI9DkB4SZQ3rSZBsFTqi","2026-09-25T23:05:00.000Z","Baltimore Orioles @ New York Yankees","Baltimore Orioles","New York Yankees","9","full","FULL_INNING_3WAY","draw","","points-all-9i-ml3way-draw","draftkings","","false","-310","2026-09-25T16:27:56.462Z","","","","",""
"SPORTSGAMEODDS","eI9DkB4SZQ3rSZBsFTqi","2026-09-25T23:05:00.000Z","Baltimore Orioles @ New York Yankees","Baltimore Orioles","New York Yankees","2","full","FULL_INNING_3WAY","home","","points-home-2i-ml3way-home","fanduel","","false","420","2026-09-25T16:28:08.825Z","","","","","https://sportsbook.fanduel.com/addToBetslip?marketId=717.188449148&selectionId=29161"
"SPORTSGAMEODDS","eI9DkB4SZQ3rSZBsFTqi","2026-09-25T23:05:00.000Z","Baltimore Orioles @ New York Yankees","Baltimore Orioles","New York Yankees","2","full","FULL_INNING_3WAY","home","","points-home-2i-ml3way-home","draftkings","","false","330","2026-09-25T16:27:56.462Z","","","","",""
"SPORTSGAMEODDS","yNLF2bmXfDekqZt7BdOu","2026-09-25T23:07:00.000Z","Cincinnati Reds @ Toronto Blue Jays","Cincinnati Reds","Toronto Blue Jays","1","full","FULL_INNING_3WAY","draw","","points-all-1i-ml3way-draw","draftkings","","false","-150","2026-09-25T16:27:56.462Z","","","","",""
"SPORTSGAMEODDS","yNLF2bmXfDekqZt7BdOu","2026-09-25T23:07:00.000Z","Cincinnati Reds @ Toronto Blue Jays","Cincinnati Reds","Toronto Blue Jays","1","full","FULL_INNING_3WAY","draw","","points-all-1i-ml3way-draw","fanduel","","false","-155","2026-09-25T16:28:08.825Z","","","","","https://sportsbook.fanduel.com/addToBetslip?marketId=717.188414178&selectionId=131604"
"SPORTSGAMEODDS","yNLF2bmXfDekqZt7BdOu","2026-09-25T23:07:00.000Z","Cincinnati Reds @ Toronto Blue Jays","Cincinnati Reds","Toronto Blue Jays","1","full","FULL_INNING_3WAY","draw","","points-all-1i-ml3way-draw","betmgm","","false","-150","2026-09-25T16:28:21.464Z","","","","","https://sports.nj.betmgm.com/en/sports?options=19945275-1561272484-2304272209"
"SPORTSGAMEODDS","yNLF2bmXfDekqZt7BdOu","2026-09-25T23:07:00.000Z","Cincinnati Reds @ Toronto Blue Jays","Cincinnati Reds","Toronto Blue Jays","1","full","FULL_INNING_TOTAL","over","","points-all-1i-ou-over","draftkings","0.5","false","100","2026-09-25T16:27:56.462Z","0.5","0.5","114","102",""
"SPORTSGAMEODDS","yNLF2bmXfDekqZt7BdOu","2026-09-25T23:07:00.000Z","Cincinnati Reds @ Toronto Blue Jays","Cincinnati Reds","Toronto Blue Jays","1","full","FULL_INNING_TOTAL","over","","points-all-1i-ou-over","draftkings","1.5","true","255","2026-09-25T16:27:56.462Z","0.5","0.5","","",""
"SPORTSGAMEODDS","yNLF2bmXfDekqZt7BdOu","2026-09-25T23:07:00.000Z","Cincinnati Reds @ Toronto Blue Jays","Cincinnati Reds","Toronto Blue Jays","1","full","FULL_INNING_TOTAL","over","","points-all-1i-ou-over","caesars","0.5","false","103","2026-09-25T16:27:56.964Z","0.5","0.5","114","102","https://sportsbook.caesars.com/us/nj/bet/betslip?selectionIds=12c7ca50-18d3-3173-a8ef-0a53bbe60e21"
"SPORTSGAMEODDS","yNLF2bmXfDekqZt7BdOu","2026-09-25T23:07:00.000Z","Cincinnati Reds @ Toronto Blue Jays","Cincinnati Reds","Toronto Blue Jays","1","full","FULL_INNING_TOTAL","over","","points-all-1i-ou-over","fanduel","0.5","false","104","2026-09-25T16:28:08.825Z","0.5","0.5","114","102","https://sportsbook.fanduel.com/addToBetslip?marketId=717.188414180&selectionId=7017905"
"SPORTSGAMEODDS","yNLF2bmXfDekqZt7BdOu","2026-09-25T23:07:00.000Z","Cincinnati Reds @ Toronto Blue Jays","Cincinnati Reds","Toronto Blue Jays","1","full","FULL_INNING_TOTAL","over","","points-all-1i-ou-over","fanduel","1.5","true","260","2026-09-25T16:28:08.825Z","0.5","0.5","","","https://sportsbook.fanduel.com/addToBetslip?marketId=717.188414180&selectionId=7017905"
"SPORTSGAMEODDS","yNLF2bmXfDekqZt7BdOu","2026-09-25T23:07:00.000Z","Cincinnati Reds @ Toronto Blue Jays","Cincinnati Reds","Toronto Blue Jays","1","full","FULL_INNING_TOTAL","over","","points-all-1i-ou-over","betmgm","0.5","false","105","2026-09-25T16:28:21.464Z","0.5","0.5","114","102","https://sports.nj.betmgm.com/en/sports?options=19945275-1561272483-2304272208"
"SPORTSGAMEODDS","yNLF2bmXfDekqZt7BdOu","2026-09-25T23:07:00.000Z","Cincinnati Reds @ Toronto Blue Jays","Cincinnati Reds","Toronto Blue Jays","1","full","FULL_INNING_TOTAL","under","","points-all-1i-ou-under","draftkings","0.5","false","-130","2026-09-25T16:27:56.462Z","0.5","0.5","-114","-129",""
"SPORTSGAMEODDS","yNLF2bmXfDekqZt7BdOu","2026-09-25T23:07:00.000Z","Cincinnati Reds @ Toronto Blue Jays","Cincinnati Reds","Toronto Blue Jays","1","full","FULL_INNING_TOTAL","under","","points-all-1i-ou-under","draftkings","1.5","true","-340","2026-09-25T16:27:56.462Z","0.5","0.5","","",""
"SPORTSGAMEODDS","yNLF2bmXfDekqZt7BdOu","2026-09-25T23:07:00.000Z","Cincinnati Reds @ Toronto Blue Jays","Cincinnati Reds","Toronto Blue Jays","1","full","FULL_INNING_TOTAL","under","","points-all-1i-ou-under","caesars","0.5","false","-129","2026-09-25T16:27:56.964Z","0.5","0.5","-114","-129","https://sportsbook.caesars.com/us/nj/bet/betslip?selectionIds=f8957e08-6588-302b-8b54-02615b64bece"
"SPORTSGAMEODDS","yNLF2bmXfDekqZt7BdOu","2026-09-25T23:07:00.000Z","Cincinnati Reds @ Toronto Blue Jays","Cincinnati Reds","Toronto Blue Jays","1","full","FULL_INNING_TOTAL","under","","points-all-1i-ou-under","fanduel","0.5","false","-132","2026-09-25T16:28:08.825Z","0.5","0.5","-114","-129","https://sportsbook.fanduel.com/addToBetslip?marketId=717.188414180&selectionId=7017906"
"SPORTSGAMEODDS","yNLF2bmXfDekqZt7BdOu","2026-09-25T23:07:00.000Z","Cincinnati Reds @ Toronto Blue Jays","Cincinnati Reds","Toronto Blue Jays","1","full","FULL_INNING_TOTAL","under","","points-all-1i-ou-under","fanduel","1.5","true","-340","2026-09-25T16:28:08.825Z","0.5","0.5","","","https://sportsbook.fanduel.com/addToBetslip?marketId=717.188414180&selectionId=7017906"
"SPORTSGAMEODDS","yNLF2bmXfDekqZt7BdOu","2026-09-25T23:07:00.000Z","Cincinnati Reds @ Toronto Blue Jays","Cincinnati Reds","Toronto Blue Jays","1","full","FULL_INNING_TOTAL","under","","points-all-1i-ou-under","betmgm","0.5","false","-135","2026-09-25T16:28:21.464Z","0.5","0.5","-114","-129","https://sports.nj.betmgm.com/en/sports?options=19945275-1561272483-2304272210"
"SPORTSGAMEODDS","yNLF2bmXfDekqZt7BdOu","2026-09-25T23:07:00.000Z","Cincinnati Reds @ Toronto Blue Jays","Cincinnati Reds","Toronto Blue Jays","1","full","FULL_INNING_3WAY","away","","points-away-1i-ml3way-away","draftkings","","false","320","2026-09-25T16:27:56.462Z","","","","",""
"SPORTSGAMEODDS","yNLF2bmXfDekqZt7BdOu","2026-09-25T23:07:00.000Z","Cincinnati Reds @ Toronto Blue Jays","Cincinnati Reds","Toronto Blue Jays","1","full","FULL_INNING_3WAY","away","","points-away-1i-ml3way-away","fanduel","","false","350","2026-09-25T16:28:08.825Z","","","","","https://sportsbook.fanduel.com/addToBetslip?marketId=717.188414178&selectionId=29167"
"SPORTSGAMEODDS","yNLF2bmXfDekqZt7BdOu","2026-09-25T23:07:00.000Z","Cincinnati Reds @ Toronto Blue Jays","Cincinnati Reds","Toronto Blue Jays","1","full","FULL_INNING_3WAY","away","","points-away-1i-ml3way-away","betmgm","","false","340","2026-09-25T16:28:21.464Z","","","","","https://sports.nj.betmgm.com/en/sports?options=19945275-1561272484-2304272207"
"SPORTSGAMEODDS","yNLF2bmXfDekqZt7BdOu","2026-09-25T23:07:00.000Z","Cincinnati Reds @ Toronto Blue Jays","Cincinnati Reds","Toronto Blue Jays","1","full","FULL_INNING_3WAY","home","","points-home-1i-ml3way-home","draftkings","","false","290","2026-09-25T16:27:56.462Z","","","","",""
"SPORTSGAMEODDS","yNLF2bmXfDekqZt7BdOu","2026-09-25T23:07:00.000Z","Cincinnati Reds @ Toronto Blue Jays","Cincinnati Reds","Toronto Blue Jays","1","full","FULL_INNING_3WAY","home","","points-home-1i-ml3way-home","fanduel","","false","300","2026-09-25T16:28:08.825Z","","","","","https://sportsbook.fanduel.com/addToBetslip?marketId=717.188414178&selectionId=29164"
"SPORTSGAMEODDS","yNLF2bmXfDekqZt7BdOu","2026-09-25T23:07:00.000Z","Cincinnati Reds @ Toronto Blue Jays","Cincinnati Reds","Toronto Blue Jays","1","full","FULL_INNING_3WAY","home","","points-home-1i-ml3way-home","betmgm","","false","290","2026-09-25T16:28:21.464Z","","","","","https://sports.nj.betmgm.com/en/sports?options=19945275-1561272484-2304272211"
"SPORTSGAMEODDS","yNLF2bmXfDekqZt7BdOu","2026-09-25T23:07:00.000Z","Cincinnati Reds @ Toronto Blue Jays","Cincinnati Reds","Toronto Blue Jays","2","full","FULL_INNING_3WAY","draw","","points-all-2i-ml3way-draw","fanduel","","false","-175","2026-09-25T16:28:08.825Z","","","","","https://sportsbook.fanduel.com/addToBetslip?marketId=717.188414267&selectionId=131604"
"SPORTSGAMEODDS","yNLF2bmXfDekqZt7BdOu","2026-09-25T23:07:00.000Z","Cincinnati Reds @ Toronto Blue Jays","Cincinnati Reds","Toronto Blue Jays","2","full","FULL_INNING_3WAY","draw","","points-all-2i-ml3way-draw","draftkings","","false","-170","2026-09-25T16:27:56.462Z","","","","",""
"SPORTSGAMEODDS","yNLF2bmXfDekqZt7BdOu","2026-09-25T23:07:00.000Z","Cincinnati Reds @ Toronto Blue Jays","Cincinnati Reds","Toronto Blue Jays","2","full","FULL_INNING_TOTAL","over","","points-all-2i-ou-over","fanduel","0.5","false","128","2026-09-25T16:28:08.825Z","0.5","0.5","126","105","https://sportsbook.fanduel.com/addToBetslip?marketId=717.188414276&selectionId=7017905"
"SPORTSGAMEODDS","yNLF2bmXfDekqZt7BdOu","2026-09-25T23:07:00.000Z","Cincinnati Reds @ Toronto Blue Jays","Cincinnati Reds","Toronto Blue Jays","2","full","FULL_INNING_TOTAL","over","","points-all-2i-ou-over","fanduel","1.5","true","340","2026-09-25T16:28:08.825Z","0.5","0.5","","","https://sportsbook.fanduel.com/addToBetslip?marketId=717.188414276&selectionId=7017905"
"SPORTSGAMEODDS","yNLF2bmXfDekqZt7BdOu","2026-09-25T23:07:00.000Z","Cincinnati Reds @ Toronto Blue Jays","Cincinnati Reds","Toronto Blue Jays","2","full","FULL_INNING_TOTAL","over","","points-all-2i-ou-over","draftkings","0.5","false","105","2026-09-25T16:27:56.462Z","0.5","0.5","126","105",""
"SPORTSGAMEODDS","yNLF2bmXfDekqZt7BdOu","2026-09-25T23:07:00.000Z","Cincinnati Reds @ Toronto Blue Jays","Cincinnati Reds","Toronto Blue Jays","2","full","FULL_INNING_TOTAL","over","","points-all-2i-ou-over","draftkings","1.5","true","285","2026-09-25T16:27:56.462Z","0.5","0.5","","",""
"SPORTSGAMEODDS","yNLF2bmXfDekqZt7BdOu","2026-09-25T23:07:00.000Z","Cincinnati Reds @ Toronto Blue Jays","Cincinnati Reds","Toronto Blue Jays","2","full","FULL_INNING_TOTAL","under","","points-all-2i-ou-under","fanduel","0.5","false","-158","2026-09-25T16:28:08.825Z","0.5","0.5","-126","-158","https://sportsbook.fanduel.com/addToBetslip?marketId=717.188414276&selectionId=7017906"
"SPORTSGAMEODDS","yNLF2bmXfDekqZt7BdOu","2026-09-25T23:07:00.000Z","Cincinnati Reds @ Toronto Blue Jays","Cincinnati Reds","Toronto Blue Jays","2","full","FULL_INNING_TOTAL","under","","points-all-2i-ou-under","fanduel","1.5","true","-470","2026-09-25T16:28:08.825Z","0.5","0.5","","","https://sportsbook.fanduel.com/addToBetslip?marketId=717.188414276&selectionId=7017906"
"SPORTSGAMEODDS","yNLF2bmXfDekqZt7BdOu","2026-09-25T23:07:00.000Z","Cincinnati Reds @ Toronto Blue Jays","Cincinnati Reds","Toronto Blue Jays","2","full","FULL_INNING_TOTAL","under","","points-all-2i-ou-under","draftkings","0.5","false","-145","2026-09-25T16:27:56.462Z","0.5","0.5","-126","-158",""
"SPORTSGAMEODDS","yNLF2bmXfDekqZt7BdOu","2026-09-25T23:07:00.000Z","Cincinnati Reds @ Toronto Blue Jays","Cincinnati Reds","Toronto Blue Jays","2","full","FULL_INNING_TOTAL","under","","points-all-2i-ou-under","draftkings","1.5","true","-400","2026-09-25T16:27:56.462Z","0.5","0.5","","",""
"SPORTSGAMEODDS","yNLF2bmXfDekqZt7BdOu","2026-09-25T23:07:00.000Z","Cincinnati Reds @ Toronto Blue Jays","Cincinnati Reds","Toronto Blue Jays","3","full","FULL_INNING_3WAY","draw","","points-all-3i-ml3way-draw","fanduel","","false","-150","2026-09-25T16:28:08.825Z","","","","","https://sportsbook.fanduel.com/addToBetslip?marketId=717.188414290&selectionId=131604"
"SPORTSGAMEODDS","yNLF2bmXfDekqZt7BdOu","2026-09-25T23:07:00.000Z","Cincinnati Reds @ Toronto Blue Jays","Cincinnati Reds","Toronto Blue Jays","3","full","FULL_INNING_3WAY","draw","","points-all-3i-ml3way-draw","draftkings","","false","-155","2026-09-25T16:27:56.462Z","","","","",""
"SPORTSGAMEODDS","yNLF2bmXfDekqZt7BdOu","2026-09-25T23:07:00.000Z","Cincinnati Reds @ Toronto Blue Jays","Cincinnati Reds","Toronto Blue Jays","3","full","FULL_INNING_TOTAL","over","","points-all-3i-ou-over","fanduel","0.5","false","110","2026-09-25T16:28:08.825Z","0.5","0.5","115","100","https://sportsbook.fanduel.com/addToBetslip?marketId=717.188414326&selectionId=7017905"
"SPORTSGAMEODDS","yNLF2bmXfDekqZt7BdOu","2026-09-25T23:07:00.000Z","Cincinnati Reds @ Toronto Blue Jays","Cincinnati Reds","Toronto Blue Jays","3","full","FULL_INNING_TOTAL","over","","points-all-3i-ou-over","fanduel","1.5","true","270","2026-09-25T16:28:08.825Z","0.5","0.5","","","https://sportsbook.fanduel.com/addToBetslip?marketId=717.188414326&selectionId=7017905"
"SPORTSGAMEODDS","yNLF2bmXfDekqZt7BdOu","2026-09-25T23:07:00.000Z","Cincinnati Reds @ Toronto Blue Jays","Cincinnati Reds","Toronto Blue Jays","3","full","FULL_INNING_TOTAL","over","","points-all-3i-ou-over","draftkings","0.5","false","100","2026-09-25T16:27:56.462Z","0.5","0.5","115","100",""
"SPORTSGAMEODDS","yNLF2bmXfDekqZt7BdOu","2026-09-25T23:07:00.000Z","Cincinnati Reds @ Toronto Blue Jays","Cincinnati Reds","Toronto Blue Jays","3","full","FULL_INNING_TOTAL","over","","points-all-3i-ou-over","draftkings","1.5","true","250","2026-09-25T16:27:56.462Z","0.5","0.5","","",""
"SPORTSGAMEODDS","yNLF2bmXfDekqZt7BdOu","2026-09-25T23:07:00.000Z","Cincinnati Reds @ Toronto Blue Jays","Cincinnati Reds","Toronto Blue Jays","3","full","FULL_INNING_TOTAL","under","","points-all-3i-ou-under","fanduel","0.5","false","-134","2026-09-25T16:28:08.825Z","0.5","0.5","-115","-135","https://sportsbook.fanduel.com/addToBetslip?marketId=717.188414326&selectionId=7017906"
"SPORTSGAMEODDS","yNLF2bmXfDekqZt7BdOu","2026-09-25T23:07:00.000Z","Cincinnati Reds @ Toronto Blue Jays","Cincinnati Reds","Toronto Blue Jays","3","full","FULL_INNING_TOTAL","under","","points-all-3i-ou-under","fanduel","1.5","true","-355","2026-09-25T16:28:08.825Z","0.5","0.5","","","https://sportsbook.fanduel.com/addToBetslip?marketId=717.188414326&selectionId=7017906"
"SPORTSGAMEODDS","yNLF2bmXfDekqZt7BdOu","2026-09-25T23:07:00.000Z","Cincinnati Reds @ Toronto Blue Jays","Cincinnati Reds","Toronto Blue Jays","3","full","FULL_INNING_TOTAL","under","","points-all-3i-ou-under","draftkings","0.5","false","-135","2026-09-25T16:27:56.462Z","0.5","0.5","-115","-135",""
"SPORTSGAMEODDS","yNLF2bmXfDekqZt7BdOu","2026-09-25T23:07:00.000Z","Cincinnati Reds @ Toronto Blue Jays","Cincinnati Reds","Toronto Blue Jays","3","full","FULL_INNING_TOTAL","under","","points-all-3i-ou-under","draftkings","1.5","true","-350","2026-09-25T16:27:56.462Z","0.5","0.5","","",""
"SPORTSGAMEODDS","yNLF2bmXfDekqZt7BdOu","2026-09-25T23:07:00.000Z","Cincinnati Reds @ Toronto Blue Jays","Cincinnati Reds","Toronto Blue Jays","4","full","FULL_INNING_3WAY","draw","","points-all-4i-ml3way-draw","fanduel","","false","-160","2026-09-25T16:28:08.825Z","","","","","https://sportsbook.fanduel.com/addToBetslip?marketId=717.188414201&selectionId=131604"
"SPORTSGAMEODDS","yNLF2bmXfDekqZt7BdOu","2026-09-25T23:07:00.000Z","Cincinnati Reds @ Toronto Blue Jays","Cincinnati Reds","Toronto Blue Jays","4","full","FULL_INNING_3WAY","draw","","points-all-4i-ml3way-draw","draftkings","","false","-155","2026-09-25T16:27:56.462Z","","","","",""
"SPORTSGAMEODDS","yNLF2bmXfDekqZt7BdOu","2026-09-25T23:07:00.000Z","Cincinnati Reds @ Toronto Blue Jays","Cincinnati Reds","Toronto Blue Jays","4","full","FULL_INNING_TOTAL","over","","points-all-4i-ou-over","fanduel","0.5","false","110","2026-09-25T16:28:08.825Z","0.5","0.5","117","100","https://sportsbook.fanduel.com/addToBetslip?marketId=717.188414342&selectionId=7017905"
"SPORTSGAMEODDS","yNLF2bmXfDekqZt7BdOu","2026-09-25T23:07:00.000Z","Cincinnati Reds @ Toronto Blue Jays","Cincinnati Reds","Toronto Blue Jays","4","full","FULL_INNING_TOTAL","over","","points-all-4i-ou-over","fanduel","1.5","true","285","2026-09-25T16:28:08.825Z","0.5","0.5","","","https://sportsbook.fanduel.com/addToBetslip?marketId=717.188414342&selectionId=7017905"
"SPORTSGAMEODDS","yNLF2bmXfDekqZt7BdOu","2026-09-25T23:07:00.000Z","Cincinnati Reds @ Toronto Blue Jays","Cincinnati Reds","Toronto Blue Jays","4","full","FULL_INNING_TOTAL","over","","points-all-4i-ou-over","draftkings","0.5","false","100","2026-09-25T16:27:56.462Z","0.5","0.5","117","100",""
"SPORTSGAMEODDS","yNLF2bmXfDekqZt7BdOu","2026-09-25T23:07:00.000Z","Cincinnati Reds @ Toronto Blue Jays","Cincinnati Reds","Toronto Blue Jays","4","full","FULL_INNING_TOTAL","over","","points-all-4i-ou-over","draftkings","1.5","true","255","2026-09-25T16:27:56.462Z","0.5","0.5","","",""
"SPORTSGAMEODDS","yNLF2bmXfDekqZt7BdOu","2026-09-25T23:07:00.000Z","Cincinnati Reds @ Toronto Blue Jays","Cincinnati Reds","Toronto Blue Jays","4","full","FULL_INNING_TOTAL","under","","points-all-4i-ou-under","fanduel","0.5","false","-134","2026-09-25T16:28:08.825Z","0.5","0.5","-117","-140","https://sportsbook.fanduel.com/addToBetslip?marketId=717.188414342&selectionId=7017906"
"SPORTSGAMEODDS","yNLF2bmXfDekqZt7BdOu","2026-09-25T23:07:00.000Z","Cincinnati Reds @ Toronto Blue Jays","Cincinnati Reds","Toronto Blue Jays","4","full","FULL_INNING_TOTAL","under","","points-all-4i-ou-under","fanduel","1.5","true","-375","2026-09-25T16:28:08.825Z","0.5","0.5","","","https://sportsbook.fanduel.com/addToBetslip?marketId=717.188414342&selectionId=7017906"
"SPORTSGAMEODDS","yNLF2bmXfDekqZt7BdOu","2026-09-25T23:07:00.000Z","Cincinnati Reds @ Toronto Blue Jays","Cincinnati Reds","Toronto Blue Jays","4","full","FULL_INNING_TOTAL","under","","points-all-4i-ou-under","draftkings","0.5","false","-140","2026-09-25T16:27:56.462Z","0.5","0.5","-117","-140",""
"SPORTSGAMEODDS","yNLF2bmXfDekqZt7BdOu","2026-09-25T23:07:00.000Z","Cincinnati Reds @ Toronto Blue Jays","Cincinnati Reds","Toronto Blue Jays","4","full","FULL_INNING_TOTAL","under","","points-all-4i-ou-under","draftkings","1.5","true","-360","2026-09-25T16:27:56.462Z","0.5","0.5","","",""
"SPORTSGAMEODDS","yNLF2bmXfDekqZt7BdOu","2026-09-25T23:07:00.000Z","Cincinnati Reds @ Toronto Blue Jays","Cincinnati Reds","Toronto Blue Jays","5","full","FULL_INNING_3WAY","draw","","points-all-5i-ml3way-draw","fanduel","","false","-165","2026-09-25T16:28:08.825Z","","","","","https://sportsbook.fanduel.com/addToBetslip?marketId=717.188414238&selectionId=131604"
"SPORTSGAMEODDS","yNLF2bmXfDekqZt7BdOu","2026-09-25T23:07:00.000Z","Cincinnati Reds @ Toronto Blue Jays","Cincinnati Reds","Toronto Blue Jays","5","full","FULL_INNING_3WAY","draw","","points-all-5i-ml3way-draw","draftkings","","false","-160","2026-09-25T16:27:56.462Z","","","","",""
"SPORTSGAMEODDS","yNLF2bmXfDekqZt7BdOu","2026-09-25T23:07:00.000Z","Cincinnati Reds @ Toronto Blue Jays","Cincinnati Reds","Toronto Blue Jays","5","full","FULL_INNING_TOTAL","over","","points-all-5i-ou-over","fanduel","0.5","false","112","2026-09-25T16:28:08.825Z","0.5","0.5","120","105","https://sportsbook.fanduel.com/addToBetslip?marketId=717.188414284&selectionId=7017905"
"SPORTSGAMEODDS","yNLF2bmXfDekqZt7BdOu","2026-09-25T23:07:00.000Z","Cincinnati Reds @ Toronto Blue Jays","Cincinnati Reds","Toronto Blue Jays","5","full","FULL_INNING_TOTAL","over","","points-all-5i-ou-over","fanduel","1.5","true","290","2026-09-25T16:28:08.825Z","0.5","0.5","","","https://sportsbook.fanduel.com/addToBetslip?marketId=717.188414284&selectionId=7017905"
"SPORTSGAMEODDS","yNLF2bmXfDekqZt7BdOu","2026-09-25T23:07:00.000Z","Cincinnati Reds @ Toronto Blue Jays","Cincinnati Reds","Toronto Blue Jays","5","full","FULL_INNING_TOTAL","over","","points-all-5i-ou-over","draftkings","0.5","false","105","2026-09-25T16:27:56.462Z","0.5","0.5","120","105",""
"SPORTSGAMEODDS","yNLF2bmXfDekqZt7BdOu","2026-09-25T23:07:00.000Z","Cincinnati Reds @ Toronto Blue Jays","Cincinnati Reds","Toronto Blue Jays","5","full","FULL_INNING_TOTAL","over","","points-all-5i-ou-over","draftkings","1.5","true","265","2026-09-25T16:27:56.462Z","0.5","0.5","","",""
"SPORTSGAMEODDS","yNLF2bmXfDekqZt7BdOu","2026-09-25T23:07:00.000Z","Cincinnati Reds @ Toronto Blue Jays","Cincinnati Reds","Toronto Blue Jays","5","full","FULL_INNING_TOTAL","under","","points-all-5i-ou-under","fanduel","0.5","false","-138","2026-09-25T16:28:08.825Z","0.5","0.5","-120","-140","https://sportsbook.fanduel.com/addToBetslip?marketId=717.188414284&selectionId=7017906"
"SPORTSGAMEODDS","yNLF2bmXfDekqZt7BdOu","2026-09-25T23:07:00.000Z","Cincinnati Reds @ Toronto Blue Jays","Cincinnati Reds","Toronto Blue Jays","5","full","FULL_INNING_TOTAL","under","","points-all-5i-ou-under","fanduel","1.5","true","-385","2026-09-25T16:28:08.825Z","0.5","0.5","","","https://sportsbook.fanduel.com/addToBetslip?marketId=717.188414284&selectionId=7017906"
"SPORTSGAMEODDS","yNLF2bmXfDekqZt7BdOu","2026-09-25T23:07:00.000Z","Cincinnati Reds @ Toronto Blue Jays","Cincinnati Reds","Toronto Blue Jays","5","full","FULL_INNING_TOTAL","under","","points-all-5i-ou-under","draftkings","0.5","false","-140","2026-09-25T16:27:56.462Z","0.5","0.5","-120","-140",""
"SPORTSGAMEODDS","yNLF2bmXfDekqZt7BdOu","2026-09-25T23:07:00.000Z","Cincinnati Reds @ Toronto Blue Jays","Cincinnati Reds","Toronto Blue Jays","5","full","FULL_INNING_TOTAL","under","","points-all-5i-ou-under","draftkings","1.5","true","-380","2026-09-25T16:27:56.462Z","0.5","0.5","","",""
"SPORTSGAMEODDS","yNLF2bmXfDekqZt7BdOu","2026-09-25T23:07:00.000Z","Cincinnati Reds @ Toronto Blue Jays","Cincinnati Reds","Toronto Blue Jays","6","full","FULL_INNING_3WAY","draw","","points-all-6i-ml3way-draw","fanduel","","false","-160","2026-09-25T16:28:08.825Z","","","","","https://sportsbook.fanduel.com/addToBetslip?marketId=717.188414172&selectionId=131604"
"SPORTSGAMEODDS","yNLF2bmXfDekqZt7BdOu","2026-09-25T23:07:00.000Z","Cincinnati Reds @ Toronto Blue Jays","Cincinnati Reds","Toronto Blue Jays","6","full","FULL_INNING_3WAY","draw","","points-all-6i-ml3way-draw","draftkings","","false","-145","2026-09-25T16:27:56.462Z","","","","",""
"SPORTSGAMEODDS","yNLF2bmXfDekqZt7BdOu","2026-09-25T23:07:00.000Z","Cincinnati Reds @ Toronto Blue Jays","Cincinnati Reds","Toronto Blue Jays","6","full","FULL_INNING_TOTAL","over","","points-all-6i-ou-over","fanduel","0.5","false","114","2026-09-25T16:28:08.825Z","0.5","0.5","114","-105","https://sportsbook.fanduel.com/addToBetslip?marketId=717.188414189&selectionId=7017905"
"SPORTSGAMEODDS","yNLF2bmXfDekqZt7BdOu","2026-09-25T23:07:00.000Z","Cincinnati Reds @ Toronto Blue Jays","Cincinnati Reds","Toronto Blue Jays","6","full","FULL_INNING_TOTAL","over","","points-all-6i-ou-over","fanduel","1.5","true","290","2026-09-25T16:28:08.825Z","0.5","0.5","","","https://sportsbook.fanduel.com/addToBetslip?marketId=717.188414189&selectionId=7017905"
"SPORTSGAMEODDS","yNLF2bmXfDekqZt7BdOu","2026-09-25T23:07:00.000Z","Cincinnati Reds @ Toronto Blue Jays","Cincinnati Reds","Toronto Blue Jays","6","full","FULL_INNING_TOTAL","over","","points-all-6i-ou-over","draftkings","0.5","false","-105","2026-09-25T16:27:56.462Z","0.5","0.5","114","-105",""
"SPORTSGAMEODDS","yNLF2bmXfDekqZt7BdOu","2026-09-25T23:07:00.000Z","Cincinnati Reds @ Toronto Blue Jays","Cincinnati Reds","Toronto Blue Jays","6","full","FULL_INNING_TOTAL","over","","points-all-6i-ou-over","draftkings","1.5","true","250","2026-09-25T16:27:56.462Z","0.5","0.5","","",""
"SPORTSGAMEODDS","yNLF2bmXfDekqZt7BdOu","2026-09-25T23:07:00.000Z","Cincinnati Reds @ Toronto Blue Jays","Cincinnati Reds","Toronto Blue Jays","6","full","FULL_INNING_TOTAL","under","","points-all-6i-ou-under","fanduel","0.5","false","-140","2026-09-25T16:28:08.825Z","0.5","0.5","-114","-140","https://sportsbook.fanduel.com/addToBetslip?marketId=717.188414189&selectionId=7017906"
"SPORTSGAMEODDS","yNLF2bmXfDekqZt7BdOu","2026-09-25T23:07:00.000Z","Cincinnati Reds @ Toronto Blue Jays","Cincinnati Reds","Toronto Blue Jays","6","full","FULL_INNING_TOTAL","under","","points-all-6i-ou-under","fanduel","1.5","true","-385","2026-09-25T16:28:08.825Z","0.5","0.5","","","https://sportsbook.fanduel.com/addToBetslip?marketId=717.188414189&selectionId=7017906"
"SPORTSGAMEODDS","yNLF2bmXfDekqZt7BdOu","2026-09-25T23:07:00.000Z","Cincinnati Reds @ Toronto Blue Jays","Cincinnati Reds","Toronto Blue Jays","6","full","FULL_INNING_TOTAL","under","","points-all-6i-ou-under","draftkings","0.5","false","-130","2026-09-25T16:27:56.462Z","0.5","0.5","-114","-140",""
"SPORTSGAMEODDS","yNLF2bmXfDekqZt7BdOu","2026-09-25T23:07:00.000Z","Cincinnati Reds @ Toronto Blue Jays","Cincinnati Reds","Toronto Blue Jays","6","full","FULL_INNING_TOTAL","under","","points-all-6i-ou-under","draftkings","1.5","true","-350","2026-09-25T16:27:56.462Z","0.5","0.5","","",""
"SPORTSGAMEODDS","yNLF2bmXfDekqZt7BdOu","2026-09-25T23:07:00.000Z","Cincinnati Reds @ Toronto Blue Jays","Cincinnati Reds","Toronto Blue Jays","7","full","FULL_INNING_3WAY","draw","","points-all-7i-ml3way-draw","fanduel","","false","-175","2026-09-25T16:28:08.825Z","","","","","https://sportsbook.fanduel.com/addToBetslip?marketId=717.188414266&selectionId=131604"
"SPORTSGAMEODDS","yNLF2bmXfDekqZt7BdOu","2026-09-25T23:07:00.000Z","Cincinnati Reds @ Toronto Blue Jays","Cincinnati Reds","Toronto Blue Jays","7","full","FULL_INNING_3WAY","draw","","points-all-7i-ml3way-draw","draftkings","","false","-180","2026-09-25T16:27:56.462Z","","","","",""
"SPORTSGAMEODDS","yNLF2bmXfDekqZt7BdOu","2026-09-25T23:07:00.000Z","Cincinnati Reds @ Toronto Blue Jays","Cincinnati Reds","Toronto Blue Jays","7","full","FULL_INNING_TOTAL","over","","points-all-7i-ou-over","fanduel","0.5","false","122","2026-09-25T16:28:08.825Z","0.5","0.5","131","115","https://sportsbook.fanduel.com/addToBetslip?marketId=717.188414250&selectionId=7017905"
"SPORTSGAMEODDS","yNLF2bmXfDekqZt7BdOu","2026-09-25T23:07:00.000Z","Cincinnati Reds @ Toronto Blue Jays","Cincinnati Reds","Toronto Blue Jays","7","full","FULL_INNING_TOTAL","over","","points-all-7i-ou-over","fanduel","1.5","true","310","2026-09-25T16:28:08.825Z","0.5","0.5","","","https://sportsbook.fanduel.com/addToBetslip?marketId=717.188414250&selectionId=7017905"
"SPORTSGAMEODDS","yNLF2bmXfDekqZt7BdOu","2026-09-25T23:07:00.000Z","Cincinnati Reds @ Toronto Blue Jays","Cincinnati Reds","Toronto Blue Jays","7","full","FULL_INNING_TOTAL","over","","points-all-7i-ou-over","draftkings","0.5","false","115","2026-09-25T16:27:56.462Z","0.5","0.5","131","115",""
"SPORTSGAMEODDS","yNLF2bmXfDekqZt7BdOu","2026-09-25T23:07:00.000Z","Cincinnati Reds @ Toronto Blue Jays","Cincinnati Reds","Toronto Blue Jays","7","full","FULL_INNING_TOTAL","over","","points-all-7i-ou-over","draftkings","1.5","true","290","2026-09-25T16:27:56.462Z","0.5","0.5","","",""
"SPORTSGAMEODDS","yNLF2bmXfDekqZt7BdOu","2026-09-25T23:07:00.000Z","Cincinnati Reds @ Toronto Blue Jays","Cincinnati Reds","Toronto Blue Jays","7","full","FULL_INNING_TOTAL","under","","points-all-7i-ou-under","fanduel","0.5","false","-150","2026-09-25T16:28:08.825Z","0.5","0.5","-131","-155","https://sportsbook.fanduel.com/addToBetslip?marketId=717.188414250&selectionId=7017906"
"SPORTSGAMEODDS","yNLF2bmXfDekqZt7BdOu","2026-09-25T23:07:00.000Z","Cincinnati Reds @ Toronto Blue Jays","Cincinnati Reds","Toronto Blue Jays","7","full","FULL_INNING_TOTAL","under","","points-all-7i-ou-under","fanduel","1.5","true","-420","2026-09-25T16:28:08.825Z","0.5","0.5","","","https://sportsbook.fanduel.com/addToBetslip?marketId=717.188414250&selectionId=7017906"
"SPORTSGAMEODDS","yNLF2bmXfDekqZt7BdOu","2026-09-25T23:07:00.000Z","Cincinnati Reds @ Toronto Blue Jays","Cincinnati Reds","Toronto Blue Jays","7","full","FULL_INNING_TOTAL","under","","points-all-7i-ou-under","draftkings","0.5","false","-155","2026-09-25T16:27:56.462Z","0.5","0.5","-131","-155",""
"SPORTSGAMEODDS","yNLF2bmXfDekqZt7BdOu","2026-09-25T23:07:00.000Z","Cincinnati Reds @ Toronto Blue Jays","Cincinnati Reds","Toronto Blue Jays","7","full","FULL_INNING_TOTAL","under","","points-all-7i-ou-under","draftkings","1.5","true","-425","2026-09-25T16:27:56.462Z","0.5","0.5","","",""
"SPORTSGAMEODDS","yNLF2bmXfDekqZt7BdOu","2026-09-25T23:07:00.000Z","Cincinnati Reds @ Toronto Blue Jays","Cincinnati Reds","Toronto Blue Jays","8","full","FULL_INNING_3WAY","draw","","points-all-8i-ml3way-draw","fanduel","","false","-160","2026-09-25T16:28:08.825Z","","","","","https://sportsbook.fanduel.com/addToBetslip?marketId=717.188414190&selectionId=131604"
"SPORTSGAMEODDS","yNLF2bmXfDekqZt7BdOu","2026-09-25T23:07:00.000Z","Cincinnati Reds @ Toronto Blue Jays","Cincinnati Reds","Toronto Blue Jays","8","full","FULL_INNING_3WAY","draw","","points-all-8i-ml3way-draw","draftkings","","false","-185","2026-09-25T16:27:56.462Z","","","","",""
"SPORTSGAMEODDS","yNLF2bmXfDekqZt7BdOu","2026-09-25T23:07:00.000Z","Cincinnati Reds @ Toronto Blue Jays","Cincinnati Reds","Toronto Blue Jays","8","full","FULL_INNING_TOTAL","over","","points-all-8i-ou-over","fanduel","0.5","false","114","2026-09-25T16:28:08.825Z","0.5","0.5","133","114","https://sportsbook.fanduel.com/addToBetslip?marketId=717.188414333&selectionId=7017905"
"SPORTSGAMEODDS","yNLF2bmXfDekqZt7BdOu","2026-09-25T23:07:00.000Z","Cincinnati Reds @ Toronto Blue Jays","Cincinnati Reds","Toronto Blue Jays","8","full","FULL_INNING_TOTAL","over","","points-all-8i-ou-over","fanduel","1.5","true","290","2026-09-25T16:28:08.825Z","0.5","0.5","","","https://sportsbook.fanduel.com/addToBetslip?marketId=717.188414333&selectionId=7017905"
"SPORTSGAMEODDS","yNLF2bmXfDekqZt7BdOu","2026-09-25T23:07:00.000Z","Cincinnati Reds @ Toronto Blue Jays","Cincinnati Reds","Toronto Blue Jays","8","full","FULL_INNING_TOTAL","over","","points-all-8i-ou-over","draftkings","0.5","false","120","2026-09-25T16:27:56.462Z","0.5","0.5","133","114",""
"SPORTSGAMEODDS","yNLF2bmXfDekqZt7BdOu","2026-09-25T23:07:00.000Z","Cincinnati Reds @ Toronto Blue Jays","Cincinnati Reds","Toronto Blue Jays","8","full","FULL_INNING_TOTAL","over","","points-all-8i-ou-over","draftkings","1.5","true","310","2026-09-25T16:27:56.462Z","0.5","0.5","","",""
"SPORTSGAMEODDS","yNLF2bmXfDekqZt7BdOu","2026-09-25T23:07:00.000Z","Cincinnati Reds @ Toronto Blue Jays","Cincinnati Reds","Toronto Blue Jays","8","full","FULL_INNING_TOTAL","under","","points-all-8i-ou-under","fanduel","0.5","false","-140","2026-09-25T16:28:08.825Z","0.5","0.5","-133","-165","https://sportsbook.fanduel.com/addToBetslip?marketId=717.188414333&selectionId=7017906"
"SPORTSGAMEODDS","yNLF2bmXfDekqZt7BdOu","2026-09-25T23:07:00.000Z","Cincinnati Reds @ Toronto Blue Jays","Cincinnati Reds","Toronto Blue Jays","8","full","FULL_INNING_TOTAL","under","","points-all-8i-ou-under","fanduel","1.5","true","-360","2026-09-25T16:28:08.825Z","0.5","0.5","","","https://sportsbook.fanduel.com/addToBetslip?marketId=717.188414333&selectionId=7017906"
"SPORTSGAMEODDS","yNLF2bmXfDekqZt7BdOu","2026-09-25T23:07:00.000Z","Cincinnati Reds @ Toronto Blue Jays","Cincinnati Reds","Toronto Blue Jays","8","full","FULL_INNING_TOTAL","under","","points-all-8i-ou-under","draftkings","0.5","false","-165","2026-09-25T16:27:56.462Z","0.5","0.5","-133","-165",""
"SPORTSGAMEODDS","yNLF2bmXfDekqZt7BdOu","2026-09-25T23:07:00.000Z","Cincinnati Reds @ Toronto Blue Jays","Cincinnati Reds","Toronto Blue Jays","8","full","FULL_INNING_TOTAL","under","","points-all-8i-ou-under","draftkings","1.5","true","-450","2026-09-25T16:27:56.462Z","0.5","0.5","","",""
"SPORTSGAMEODDS","yNLF2bmXfDekqZt7BdOu","2026-09-25T23:07:00.000Z","Cincinnati Reds @ Toronto Blue Jays","Cincinnati Reds","Toronto Blue Jays","9","full","FULL_INNING_3WAY","draw","","points-all-9i-ml3way-draw","fanduel","","false","-260","2026-09-25T16:28:08.825Z","","","","","https://sportsbook.fanduel.com/addToBetslip?marketId=717.188414181&selectionId=131604"
"SPORTSGAMEODDS","yNLF2bmXfDekqZt7BdOu","2026-09-25T23:07:00.000Z","Cincinnati Reds @ Toronto Blue Jays","Cincinnati Reds","Toronto Blue Jays","9","full","FULL_INNING_3WAY","draw","","points-all-9i-ml3way-draw","draftkings","","false","-285","2026-09-25T16:27:56.462Z","","","","",""
"SPORTSGAMEODDS","yNLF2bmXfDekqZt7BdOu","2026-09-25T23:07:00.000Z","Cincinnati Reds @ Toronto Blue Jays","Cincinnati Reds","Toronto Blue Jays","9","full","FULL_INNING_TOTAL","over","","points-all-9i-ou-over","fanduel","0.5","false","180","2026-09-25T16:28:08.825Z","","0.5","","185","https://sportsbook.fanduel.com/addToBetslip?marketId=717.188414210&selectionId=7017905"
"SPORTSGAMEODDS","yNLF2bmXfDekqZt7BdOu","2026-09-25T23:07:00.000Z","Cincinnati Reds @ Toronto Blue Jays","Cincinnati Reds","Toronto Blue Jays","9","full","FULL_INNING_TOTAL","over","","points-all-9i-ou-over","fanduel","1.5","true","470","2026-09-25T16:28:08.825Z","","0.5","","","https://sportsbook.fanduel.com/addToBetslip?marketId=717.188414210&selectionId=7017905"
"SPORTSGAMEODDS","yNLF2bmXfDekqZt7BdOu","2026-09-25T23:07:00.000Z","Cincinnati Reds @ Toronto Blue Jays","Cincinnati Reds","Toronto Blue Jays","9","full","FULL_INNING_TOTAL","over","","points-all-9i-ou-over","draftkings","0.5","false","190","2026-09-25T16:27:56.462Z","","0.5","","185",""
"SPORTSGAMEODDS","yNLF2bmXfDekqZt7BdOu","2026-09-25T23:07:00.000Z","Cincinnati Reds @ Toronto Blue Jays","Cincinnati Reds","Toronto Blue Jays","9","full","FULL_INNING_TOTAL","over","","points-all-9i-ou-over","draftkings","1.5","true","475","2026-09-25T16:27:56.462Z","","0.5","","",""
"SPORTSGAMEODDS","yNLF2bmXfDekqZt7BdOu","2026-09-25T23:07:00.000Z","Cincinnati Reds @ Toronto Blue Jays","Cincinnati Reds","Toronto Blue Jays","9","full","FULL_INNING_TOTAL","under","","points-all-9i-ou-under","fanduel","0.5","false","-225","2026-09-25T16:28:08.825Z","","0.5","","-242","https://sportsbook.fanduel.com/addToBetslip?marketId=717.188414210&selectionId=7017906"
"SPORTSGAMEODDS","yNLF2bmXfDekqZt7BdOu","2026-09-25T23:07:00.000Z","Cincinnati Reds @ Toronto Blue Jays","Cincinnati Reds","Toronto Blue Jays","9","full","FULL_INNING_TOTAL","under","","points-all-9i-ou-under","fanduel","1.5","true","-700","2026-09-25T16:28:08.825Z","","0.5","","","https://sportsbook.fanduel.com/addToBetslip?marketId=717.188414210&selectionId=7017906"
"SPORTSGAMEODDS","yNLF2bmXfDekqZt7BdOu","2026-09-25T23:07:00.000Z","Cincinnati Reds @ Toronto Blue Jays","Cincinnati Reds","Toronto Blue Jays","9","full","FULL_INNING_TOTAL","under","","points-all-9i-ou-under","draftkings","0.5","false","-260","2026-09-25T16:27:56.462Z","","0.5","","-242",""
"SPORTSGAMEODDS","yNLF2bmXfDekqZt7BdOu","2026-09-25T23:07:00.000Z","Cincinnati Reds @ Toronto Blue Jays","Cincinnati Reds","Toronto Blue Jays","9","full","FULL_INNING_TOTAL","under","","points-all-9i-ou-under","draftkings","1.5","true","-750","2026-09-25T16:27:56.462Z","","0.5","","",""
"SPORTSGAMEODDS","yNLF2bmXfDekqZt7BdOu","2026-09-25T23:07:00.000Z","Cincinnati Reds @ Toronto Blue Jays","Cincinnati Reds","Toronto Blue Jays","2","full","FULL_INNING_3WAY","away","","points-away-2i-ml3way-away","fanduel","","false","410","2026-09-25T16:28:08.825Z","","","","","https://sportsbook.fanduel.com/addToBetslip?marketId=717.188414267&selectionId=29167"
"SPORTSGAMEODDS","yNLF2bmXfDekqZt7BdOu","2026-09-25T23:07:00.000Z","Cincinnati Reds @ Toronto Blue Jays","Cincinnati Reds","Toronto Blue Jays","2","full","FULL_INNING_3WAY","away","","points-away-2i-ml3way-away","draftkings","","false","380","2026-09-25T16:27:56.462Z","","","","",""
"SPORTSGAMEODDS","yNLF2bmXfDekqZt7BdOu","2026-09-25T23:07:00.000Z","Cincinnati Reds @ Toronto Blue Jays","Cincinnati Reds","Toronto Blue Jays","3","full","FULL_INNING_3WAY","away","","points-away-3i-ml3way-away","fanduel","","false","370","2026-09-25T16:28:08.825Z","","","","","https://sportsbook.fanduel.com/addToBetslip?marketId=717.188414290&selectionId=29167"
"SPORTSGAMEODDS","yNLF2bmXfDekqZt7BdOu","2026-09-25T23:07:00.000Z","Cincinnati Reds @ Toronto Blue Jays","Cincinnati Reds","Toronto Blue Jays","3","full","FULL_INNING_3WAY","away","","points-away-3i-ml3way-away","draftkings","","false","350","2026-09-25T16:27:56.462Z","","","","",""
"SPORTSGAMEODDS","yNLF2bmXfDekqZt7BdOu","2026-09-25T23:07:00.000Z","Cincinnati Reds @ Toronto Blue Jays","Cincinnati Reds","Toronto Blue Jays","4","full","FULL_INNING_3WAY","away","","points-away-4i-ml3way-away","fanduel","","false","370","2026-09-25T16:28:08.825Z","","","","","https://sportsbook.fanduel.com/addToBetslip?marketId=717.188414201&selectionId=29167"
"SPORTSGAMEODDS","yNLF2bmXfDekqZt7BdOu","2026-09-25T23:07:00.000Z","Cincinnati Reds @ Toronto Blue Jays","Cincinnati Reds","Toronto Blue Jays","4","full","FULL_INNING_3WAY","away","","points-away-4i-ml3way-away","draftkings","","false","350","2026-09-25T16:27:56.462Z","","","","",""
"SPORTSGAMEODDS","yNLF2bmXfDekqZt7BdOu","2026-09-25T23:07:00.000Z","Cincinnati Reds @ Toronto Blue Jays","Cincinnati Reds","Toronto Blue Jays","5","full","FULL_INNING_3WAY","away","","points-away-5i-ml3way-away","fanduel","","false","370","2026-09-25T16:28:08.825Z","","","","","https://sportsbook.fanduel.com/addToBetslip?marketId=717.188414238&selectionId=29167"
"SPORTSGAMEODDS","yNLF2bmXfDekqZt7BdOu","2026-09-25T23:07:00.000Z","Cincinnati Reds @ Toronto Blue Jays","Cincinnati Reds","Toronto Blue Jays","5","full","FULL_INNING_3WAY","away","","points-away-5i-ml3way-away","draftkings","","false","350","2026-09-25T16:27:56.462Z","","","","",""
"SPORTSGAMEODDS","yNLF2bmXfDekqZt7BdOu","2026-09-25T23:07:00.000Z","Cincinnati Reds @ Toronto Blue Jays","Cincinnati Reds","Toronto Blue Jays","6","full","FULL_INNING_3WAY","away","","points-away-6i-ml3way-away","fanduel","","false","370","2026-09-25T16:28:08.825Z","","","","","https://sportsbook.fanduel.com/addToBetslip?marketId=717.188414172&selectionId=29167"
"SPORTSGAMEODDS","yNLF2bmXfDekqZt7BdOu","2026-09-25T23:07:00.000Z","Cincinnati Reds @ Toronto Blue Jays","Cincinnati Reds","Toronto Blue Jays","6","full","FULL_INNING_3WAY","away","","points-away-6i-ml3way-away","draftkings","","false","360","2026-09-25T16:27:56.462Z","","","","",""
"SPORTSGAMEODDS","yNLF2bmXfDekqZt7BdOu","2026-09-25T23:07:00.000Z","Cincinnati Reds @ Toronto Blue Jays","Cincinnati Reds","Toronto Blue Jays","7","full","FULL_INNING_3WAY","away","","points-away-7i-ml3way-away","fanduel","","false","380","2026-09-25T16:28:08.825Z","","","","","https://sportsbook.fanduel.com/addToBetslip?marketId=717.188414266&selectionId=29167"
"SPORTSGAMEODDS","yNLF2bmXfDekqZt7BdOu","2026-09-25T23:07:00.000Z","Cincinnati Reds @ Toronto Blue Jays","Cincinnati Reds","Toronto Blue Jays","7","full","FULL_INNING_3WAY","away","","points-away-7i-ml3way-away","draftkings","","false","370","2026-09-25T16:27:56.462Z","","","","",""
"SPORTSGAMEODDS","yNLF2bmXfDekqZt7BdOu","2026-09-25T23:07:00.000Z","Cincinnati Reds @ Toronto Blue Jays","Cincinnati Reds","Toronto Blue Jays","8","full","FULL_INNING_3WAY","away","","points-away-8i-ml3way-away","fanduel","","false","380","2026-09-25T16:28:08.825Z","","","","","https://sportsbook.fanduel.com/addToBetslip?marketId=717.188414190&selectionId=29167"
"SPORTSGAMEODDS","yNLF2bmXfDekqZt7BdOu","2026-09-25T23:07:00.000Z","Cincinnati Reds @ Toronto Blue Jays","Cincinnati Reds","Toronto Blue Jays","8","full","FULL_INNING_3WAY","away","","points-away-8i-ml3way-away","draftkings","","false","360","2026-09-25T16:27:56.462Z","","","","",""
"SPORTSGAMEODDS","yNLF2bmXfDekqZt7BdOu","2026-09-25T23:07:00.000Z","Cincinnati Reds @ Toronto Blue Jays","Cincinnati Reds","Toronto Blue Jays","9","full","FULL_INNING_3WAY","away","","points-away-9i-ml3way-away","fanduel","","false","340","2026-09-25T16:28:08.825Z","","","","","https://sportsbook.fanduel.com/addToBetslip?marketId=717.188414181&selectionId=29167"
"SPORTSGAMEODDS","yNLF2bmXfDekqZt7BdOu","2026-09-25T23:07:00.000Z","Cincinnati Reds @ Toronto Blue Jays","Cincinnati Reds","Toronto Blue Jays","9","full","FULL_INNING_3WAY","away","","points-away-9i-ml3way-away","draftkings","","false","340","2026-09-25T16:27:56.462Z","","","","",""
"SPORTSGAMEODDS","yNLF2bmXfDekqZt7BdOu","2026-09-25T23:07:00.000Z","Cincinnati Reds @ Toronto Blue Jays","Cincinnati Reds","Toronto Blue Jays","2","full","FULL_INNING_3WAY","home","","points-home-2i-ml3way-home","fanduel","","false","330","2026-09-25T16:28:08.825Z","","","","","https://sportsbook.fanduel.com/addToBetslip?marketId=717.188414267&selectionId=29164"
"SPORTSGAMEODDS","yNLF2bmXfDekqZt7BdOu","2026-09-25T23:07:00.000Z","Cincinnati Reds @ Toronto Blue Jays","Cincinnati Reds","Toronto Blue Jays","2","full","FULL_INNING_3WAY","home","","points-home-2i-ml3way-home","draftkings","","false","290","2026-09-25T16:27:56.462Z","","","","",""
"SPORTSGAMEODDS","yNLF2bmXfDekqZt7BdOu","2026-09-25T23:07:00.000Z","Cincinnati Reds @ Toronto Blue Jays","Cincinnati Reds","Toronto Blue Jays","3","full","FULL_INNING_3WAY","home","","points-home-3i-ml3way-home","fanduel","","false","300","2026-09-25T16:28:08.825Z","","","","","https://sportsbook.fanduel.com/addToBetslip?marketId=717.188414290&selectionId=29164"
"SPORTSGAMEODDS","yNLF2bmXfDekqZt7BdOu","2026-09-25T23:07:00.000Z","Cincinnati Reds @ Toronto Blue Jays","Cincinnati Reds","Toronto Blue Jays","3","full","FULL_INNING_3WAY","home","","points-home-3i-ml3way-home","draftkings","","false","280","2026-09-25T16:27:56.462Z","","","","",""
"SPORTSGAMEODDS","yNLF2bmXfDekqZt7BdOu","2026-09-25T23:07:00.000Z","Cincinnati Reds @ Toronto Blue Jays","Cincinnati Reds","Toronto Blue Jays","4","full","FULL_INNING_3WAY","home","","points-home-4i-ml3way-home","fanduel","","false","310","2026-09-25T16:28:08.825Z","","","","","https://sportsbook.fanduel.com/addToBetslip?marketId=717.188414201&selectionId=29164"
"SPORTSGAMEODDS","yNLF2bmXfDekqZt7BdOu","2026-09-25T23:07:00.000Z","Cincinnati Reds @ Toronto Blue Jays","Cincinnati Reds","Toronto Blue Jays","4","full","FULL_INNING_3WAY","home","","points-home-4i-ml3way-home","draftkings","","false","285","2026-09-25T16:27:56.462Z","","","","",""
"SPORTSGAMEODDS","yNLF2bmXfDekqZt7BdOu","2026-09-25T23:07:00.000Z","Cincinnati Reds @ Toronto Blue Jays","Cincinnati Reds","Toronto Blue Jays","5","full","FULL_INNING_3WAY","home","","points-home-5i-ml3way-home","fanduel","","false","310","2026-09-25T16:28:08.825Z","","","","","https://sportsbook.fanduel.com/addToBetslip?marketId=717.188414238&selectionId=29164"
"SPORTSGAMEODDS","yNLF2bmXfDekqZt7BdOu","2026-09-25T23:07:00.000Z","Cincinnati Reds @ Toronto Blue Jays","Cincinnati Reds","Toronto Blue Jays","5","full","FULL_INNING_3WAY","home","","points-home-5i-ml3way-home","draftkings","","false","295","2026-09-25T16:27:56.462Z","","","","",""
"SPORTSGAMEODDS","yNLF2bmXfDekqZt7BdOu","2026-09-25T23:07:00.000Z","Cincinnati Reds @ Toronto Blue Jays","Cincinnati Reds","Toronto Blue Jays","6","full","FULL_INNING_3WAY","home","","points-home-6i-ml3way-home","fanduel","","false","310","2026-09-25T16:28:08.825Z","","","","","https://sportsbook.fanduel.com/addToBetslip?marketId=717.188414172&selectionId=29164"
"SPORTSGAMEODDS","yNLF2bmXfDekqZt7BdOu","2026-09-25T23:07:00.000Z","Cincinnati Reds @ Toronto Blue Jays","Cincinnati Reds","Toronto Blue Jays","6","full","FULL_INNING_3WAY","home","","points-home-6i-ml3way-home","draftkings","","false","260","2026-09-25T16:27:56.462Z","","","","",""
"SPORTSGAMEODDS","yNLF2bmXfDekqZt7BdOu","2026-09-25T23:07:00.000Z","Cincinnati Reds @ Toronto Blue Jays","Cincinnati Reds","Toronto Blue Jays","7","full","FULL_INNING_3WAY","home","","points-home-7i-ml3way-home","fanduel","","false","330","2026-09-25T16:28:08.825Z","","","","","https://sportsbook.fanduel.com/addToBetslip?marketId=717.188414266&selectionId=29164"
"SPORTSGAMEODDS","yNLF2bmXfDekqZt7BdOu","2026-09-25T23:07:00.000Z","Cincinnati Reds @ Toronto Blue Jays","Cincinnati Reds","Toronto Blue Jays","7","full","FULL_INNING_3WAY","home","","points-home-7i-ml3way-home","draftkings","","false","320","2026-09-25T16:27:56.462Z","","","","",""
"SPORTSGAMEODDS","yNLF2bmXfDekqZt7BdOu","2026-09-25T23:07:00.000Z","Cincinnati Reds @ Toronto Blue Jays","Cincinnati Reds","Toronto Blue Jays","8","full","FULL_INNING_3WAY","home","","points-home-8i-ml3way-home","fanduel","","false","300","2026-09-25T16:28:08.825Z","","","","","https://sportsbook.fanduel.com/addToBetslip?marketId=717.188414190&selectionId=29164"
"SPORTSGAMEODDS","yNLF2bmXfDekqZt7BdOu","2026-09-25T23:07:00.000Z","Cincinnati Reds @ Toronto Blue Jays","Cincinnati Reds","Toronto Blue Jays","8","full","FULL_INNING_3WAY","home","","points-home-8i-ml3way-home","draftkings","","false","350","2026-09-25T16:27:56.462Z","","","","",""
"SPORTSGAMEODDS","yNLF2bmXfDekqZt7BdOu","2026-09-25T23:07:00.000Z","Cincinnati Reds @ Toronto Blue Jays","Cincinnati Reds","Toronto Blue Jays","9","full","FULL_INNING_3WAY","home","","points-home-9i-ml3way-home","fanduel","","false","700","2026-09-25T16:28:08.825Z","","","","","https://sportsbook.fanduel.com/addToBetslip?marketId=717.188414181&selectionId=29164"
"SPORTSGAMEODDS","yNLF2bmXfDekqZt7BdOu","2026-09-25T23:07:00.000Z","Cincinnati Reds @ Toronto Blue Jays","Cincinnati Reds","Toronto Blue Jays","9","full","FULL_INNING_3WAY","home","","points-home-9i-ml3way-home","draftkings","","false","700","2026-09-25T16:27:56.462Z","","","","",""
"SPORTSGAMEODDS","hIE3vWGBfjL8OtlRn9uk","2026-09-25T23:10:00.000Z","Atlanta Braves @ Miami Marlins","Atlanta Braves","Miami Marlins","1","full","FULL_INNING_3WAY","draw","","points-all-1i-ml3way-draw","draftkings","","false","-150","2026-09-25T16:27:56.462Z","","","","",""
"SPORTSGAMEODDS","hIE3vWGBfjL8OtlRn9uk","2026-09-25T23:10:00.000Z","Atlanta Braves @ Miami Marlins","Atlanta Braves","Miami Marlins","1","full","FULL_INNING_3WAY","draw","","points-all-1i-ml3way-draw","fanduel","","false","-140","2026-09-25T16:28:08.825Z","","","","","https://sportsbook.fanduel.com/addToBetslip?marketId=717.188419829&selectionId=131604"
"SPORTSGAMEODDS","hIE3vWGBfjL8OtlRn9uk","2026-09-25T23:10:00.000Z","Atlanta Braves @ Miami Marlins","Atlanta Braves","Miami Marlins","1","full","FULL_INNING_3WAY","draw","","points-all-1i-ml3way-draw","betmgm","","false","-140","2026-09-25T16:28:26.547Z","","","","","https://sports.nj.betmgm.com/en/sports?options=19945276-1561272581-2304272464"
"SPORTSGAMEODDS","hIE3vWGBfjL8OtlRn9uk","2026-09-25T23:10:00.000Z","Atlanta Braves @ Miami Marlins","Atlanta Braves","Miami Marlins","1","full","FULL_INNING_TOTAL","over","","points-all-1i-ou-over","draftkings","0.5","false","100","2026-09-25T16:27:56.462Z","0.5","0.5","109","-102",""
"SPORTSGAMEODDS","hIE3vWGBfjL8OtlRn9uk","2026-09-25T23:10:00.000Z","Atlanta Braves @ Miami Marlins","Atlanta Braves","Miami Marlins","1","full","FULL_INNING_TOTAL","over","","points-all-1i-ou-over","draftkings","1.5","true","250","2026-09-25T16:27:56.462Z","0.5","0.5","","",""
"SPORTSGAMEODDS","hIE3vWGBfjL8OtlRn9uk","2026-09-25T23:10:00.000Z","Atlanta Braves @ Miami Marlins","Atlanta Braves","Miami Marlins","1","full","FULL_INNING_TOTAL","over","","points-all-1i-ou-over","caesars","0.5","false","-102","2026-09-25T16:28:35.547Z","0.5","0.5","109","-102","https://sportsbook.caesars.com/us/nj/bet/betslip?selectionIds=ae638ca7-b444-3fec-bc59-e08b4f466c75"
"SPORTSGAMEODDS","hIE3vWGBfjL8OtlRn9uk","2026-09-25T23:10:00.000Z","Atlanta Braves @ Miami Marlins","Atlanta Braves","Miami Marlins","1","full","FULL_INNING_TOTAL","over","","points-all-1i-ou-over","fanduel","0.5","false","-104","2026-09-25T16:28:08.825Z","0.5","0.5","109","-102","https://sportsbook.fanduel.com/addToBetslip?marketId=717.188419915&selectionId=7017905"
"SPORTSGAMEODDS","hIE3vWGBfjL8OtlRn9uk","2026-09-25T23:10:00.000Z","Atlanta Braves @ Miami Marlins","Atlanta Braves","Miami Marlins","1","full","FULL_INNING_TOTAL","over","","points-all-1i-ou-over","fanduel","1.5","true","250","2026-09-25T16:28:08.825Z","0.5","0.5","","","https://sportsbook.fanduel.com/addToBetslip?marketId=717.188419915&selectionId=7017905"
"SPORTSGAMEODDS","hIE3vWGBfjL8OtlRn9uk","2026-09-25T23:10:00.000Z","Atlanta Braves @ Miami Marlins","Atlanta Braves","Miami Marlins","1","full","FULL_INNING_TOTAL","over","","points-all-1i-ou-over","betmgm","0.5","false","-102","2026-09-25T16:28:26.547Z","0.5","0.5","109","-102","https://sports.nj.betmgm.com/en/sports?options=19945276-1561272594-2304272474"
"SPORTSGAMEODDS","hIE3vWGBfjL8OtlRn9uk","2026-09-25T23:10:00.000Z","Atlanta Braves @ Miami Marlins","Atlanta Braves","Miami Marlins","1","full","FULL_INNING_TOTAL","under","","points-all-1i-ou-under","draftkings","0.5","false","-130","2026-09-25T16:27:56.462Z","0.5","0.5","-109","-122",""
"SPORTSGAMEODDS","hIE3vWGBfjL8OtlRn9uk","2026-09-25T23:10:00.000Z","Atlanta Braves @ Miami Marlins","Atlanta Braves","Miami Marlins","1","full","FULL_INNING_TOTAL","under","","points-all-1i-ou-under","draftkings","1.5","true","-340","2026-09-25T16:27:56.462Z","0.5","0.5","","",""
"SPORTSGAMEODDS","hIE3vWGBfjL8OtlRn9uk","2026-09-25T23:10:00.000Z","Atlanta Braves @ Miami Marlins","Atlanta Braves","Miami Marlins","1","full","FULL_INNING_TOTAL","under","","points-all-1i-ou-under","caesars","0.5","false","-122","2026-09-25T16:28:35.547Z","0.5","0.5","-109","-122","https://sportsbook.caesars.com/us/nj/bet/betslip?selectionIds=625da462-8e61-3427-bd70-7f2fe4eede46"
"SPORTSGAMEODDS","hIE3vWGBfjL8OtlRn9uk","2026-09-25T23:10:00.000Z","Atlanta Braves @ Miami Marlins","Atlanta Braves","Miami Marlins","1","full","FULL_INNING_TOTAL","under","","points-all-1i-ou-under","fanduel","0.5","false","-122","2026-09-25T16:28:08.825Z","0.5","0.5","-109","-122","https://sportsbook.fanduel.com/addToBetslip?marketId=717.188419915&selectionId=7017906"
"SPORTSGAMEODDS","hIE3vWGBfjL8OtlRn9uk","2026-09-25T23:10:00.000Z","Atlanta Braves @ Miami Marlins","Atlanta Braves","Miami Marlins","1","full","FULL_INNING_TOTAL","under","","points-all-1i-ou-under","fanduel","1.5","true","-325","2026-09-25T16:28:08.825Z","0.5","0.5","","","https://sportsbook.fanduel.com/addToBetslip?marketId=717.188419915&selectionId=7017906"
"SPORTSGAMEODDS","hIE3vWGBfjL8OtlRn9uk","2026-09-25T23:10:00.000Z","Atlanta Braves @ Miami Marlins","Atlanta Braves","Miami Marlins","1","full","FULL_INNING_TOTAL","under","","points-all-1i-ou-under","betmgm","0.5","false","-125","2026-09-25T16:28:26.547Z","0.5","0.5","-109","-122","https://sports.nj.betmgm.com/en/sports?options=19945276-1561272594-2304272475"
"SPORTSGAMEODDS","hIE3vWGBfjL8OtlRn9uk","2026-09-25T23:10:00.000Z","Atlanta Braves @ Miami Marlins","Atlanta Braves","Miami Marlins","1","full","FULL_INNING_3WAY","away","","points-away-1i-ml3way-away","draftkings","","false","295","2026-09-25T16:27:56.462Z","","","","",""
"SPORTSGAMEODDS","hIE3vWGBfjL8OtlRn9uk","2026-09-25T23:10:00.000Z","Atlanta Braves @ Miami Marlins","Atlanta Braves","Miami Marlins","1","full","FULL_INNING_3WAY","away","","points-away-1i-ml3way-away","fanduel","","false","300","2026-09-25T16:28:08.825Z","","","","","https://sportsbook.fanduel.com/addToBetslip?marketId=717.188419829&selectionId=7100960"
"SPORTSGAMEODDS","hIE3vWGBfjL8OtlRn9uk","2026-09-25T23:10:00.000Z","Atlanta Braves @ Miami Marlins","Atlanta Braves","Miami Marlins","1","full","FULL_INNING_3WAY","away","","points-away-1i-ml3way-away","betmgm","","false","290","2026-09-25T16:28:26.547Z","","","","","https://sports.nj.betmgm.com/en/sports?options=19945276-1561272581-2304272463"
"SPORTSGAMEODDS","hIE3vWGBfjL8OtlRn9uk","2026-09-25T23:10:00.000Z","Atlanta Braves @ Miami Marlins","Atlanta Braves","Miami Marlins","1","full","FULL_INNING_3WAY","home","","points-home-1i-ml3way-home","draftkings","","false","310","2026-09-25T16:27:56.462Z","","","","",""
"SPORTSGAMEODDS","hIE3vWGBfjL8OtlRn9uk","2026-09-25T23:10:00.000Z","Atlanta Braves @ Miami Marlins","Atlanta Braves","Miami Marlins","1","full","FULL_INNING_3WAY","home","","points-home-1i-ml3way-home","fanduel","","false","320","2026-09-25T16:28:08.825Z","","","","","https://sportsbook.fanduel.com/addToBetslip?marketId=717.188419829&selectionId=6266193"
"SPORTSGAMEODDS","hIE3vWGBfjL8OtlRn9uk","2026-09-25T23:10:00.000Z","Atlanta Braves @ Miami Marlins","Atlanta Braves","Miami Marlins","1","full","FULL_INNING_3WAY","home","","points-home-1i-ml3way-home","betmgm","","false","310","2026-09-25T16:28:26.547Z","","","","","https://sports.nj.betmgm.com/en/sports?options=19945276-1561272581-2304272467"
"SPORTSGAMEODDS","hIE3vWGBfjL8OtlRn9uk","2026-09-25T23:10:00.000Z","Atlanta Braves @ Miami Marlins","Atlanta Braves","Miami Marlins","2","full","FULL_INNING_3WAY","draw","","points-all-2i-ml3way-draw","fanduel","","false","-190","2026-09-25T16:28:08.825Z","","","","","https://sportsbook.fanduel.com/addToBetslip?marketId=717.188419831&selectionId=131604"
"SPORTSGAMEODDS","hIE3vWGBfjL8OtlRn9uk","2026-09-25T23:10:00.000Z","Atlanta Braves @ Miami Marlins","Atlanta Braves","Miami Marlins","2","full","FULL_INNING_3WAY","draw","","points-all-2i-ml3way-draw","draftkings","","false","-180","2026-09-25T16:27:56.462Z","","","","",""
"SPORTSGAMEODDS","hIE3vWGBfjL8OtlRn9uk","2026-09-25T23:10:00.000Z","Atlanta Braves @ Miami Marlins","Atlanta Braves","Miami Marlins","2","full","FULL_INNING_TOTAL","over","","points-all-2i-ou-over","fanduel","0.5","false","132","2026-09-25T16:28:08.825Z","0.5","0.5","136","120","https://sportsbook.fanduel.com/addToBetslip?marketId=717.188419860&selectionId=7017905"
"SPORTSGAMEODDS","hIE3vWGBfjL8OtlRn9uk","2026-09-25T23:10:00.000Z","Atlanta Braves @ Miami Marlins","Atlanta Braves","Miami Marlins","2","full","FULL_INNING_TOTAL","over","","points-all-2i-ou-over","fanduel","1.5","true","340","2026-09-25T16:28:08.825Z","0.5","0.5","","","https://sportsbook.fanduel.com/addToBetslip?marketId=717.188419860&selectionId=7017905"
"SPORTSGAMEODDS","hIE3vWGBfjL8OtlRn9uk","2026-09-25T23:10:00.000Z","Atlanta Braves @ Miami Marlins","Atlanta Braves","Miami Marlins","2","full","FULL_INNING_TOTAL","over","","points-all-2i-ou-over","draftkings","0.5","false","120","2026-09-25T16:27:56.462Z","0.5","0.5","136","120",""
"SPORTSGAMEODDS","hIE3vWGBfjL8OtlRn9uk","2026-09-25T23:10:00.000Z","Atlanta Braves @ Miami Marlins","Atlanta Braves","Miami Marlins","2","full","FULL_INNING_TOTAL","over","","points-all-2i-ou-over","draftkings","1.5","true","300","2026-09-25T16:27:56.462Z","0.5","0.5","","",""
"SPORTSGAMEODDS","hIE3vWGBfjL8OtlRn9uk","2026-09-25T23:10:00.000Z","Atlanta Braves @ Miami Marlins","Atlanta Braves","Miami Marlins","2","full","FULL_INNING_TOTAL","under","","points-all-2i-ou-under","fanduel","0.5","false","-162","2026-09-25T16:28:08.825Z","0.5","0.5","-136","-162","https://sportsbook.fanduel.com/addToBetslip?marketId=717.188419860&selectionId=7017906"
"SPORTSGAMEODDS","hIE3vWGBfjL8OtlRn9uk","2026-09-25T23:10:00.000Z","Atlanta Braves @ Miami Marlins","Atlanta Braves","Miami Marlins","2","full","FULL_INNING_TOTAL","under","","points-all-2i-ou-under","fanduel","1.5","true","-470","2026-09-25T16:28:08.825Z","0.5","0.5","","","https://sportsbook.fanduel.com/addToBetslip?marketId=717.188419860&selectionId=7017906"
"SPORTSGAMEODDS","hIE3vWGBfjL8OtlRn9uk","2026-09-25T23:10:00.000Z","Atlanta Braves @ Miami Marlins","Atlanta Braves","Miami Marlins","2","full","FULL_INNING_TOTAL","under","","points-all-2i-ou-under","draftkings","0.5","false","-160","2026-09-25T16:27:56.462Z","0.5","0.5","-136","-162",""
"SPORTSGAMEODDS","hIE3vWGBfjL8OtlRn9uk","2026-09-25T23:10:00.000Z","Atlanta Braves @ Miami Marlins","Atlanta Braves","Miami Marlins","2","full","FULL_INNING_TOTAL","under","","points-all-2i-ou-under","draftkings","1.5","true","-425","2026-09-25T16:27:56.462Z","0.5","0.5","","",""
"SPORTSGAMEODDS","hIE3vWGBfjL8OtlRn9uk","2026-09-25T23:10:00.000Z","Atlanta Braves @ Miami Marlins","Atlanta Braves","Miami Marlins","3","full","FULL_INNING_3WAY","draw","","points-all-3i-ml3way-draw","fanduel","","false","-155","2026-09-25T16:28:08.825Z","","","","","https://sportsbook.fanduel.com/addToBetslip?marketId=717.188419825&selectionId=131604"
"SPORTSGAMEODDS","hIE3vWGBfjL8OtlRn9uk","2026-09-25T23:10:00.000Z","Atlanta Braves @ Miami Marlins","Atlanta Braves","Miami Marlins","3","full","FULL_INNING_3WAY","draw","","points-all-3i-ml3way-draw","draftkings","","false","-155","2026-09-25T16:27:56.462Z","","","","",""
"SPORTSGAMEODDS","hIE3vWGBfjL8OtlRn9uk","2026-09-25T23:10:00.000Z","Atlanta Braves @ Miami Marlins","Atlanta Braves","Miami Marlins","3","full","FULL_INNING_TOTAL","over","","points-all-3i-ou-over","fanduel","0.5","false","104","2026-09-25T16:28:08.825Z","0.5","0.5","115","100","https://sportsbook.fanduel.com/addToBetslip?marketId=717.188419939&selectionId=7017905"
"SPORTSGAMEODDS","hIE3vWGBfjL8OtlRn9uk","2026-09-25T23:10:00.000Z","Atlanta Braves @ Miami Marlins","Atlanta Braves","Miami Marlins","3","full","FULL_INNING_TOTAL","over","","points-all-3i-ou-over","fanduel","1.5","true","270","2026-09-25T16:28:08.825Z","0.5","0.5","","","https://sportsbook.fanduel.com/addToBetslip?marketId=717.188419939&selectionId=7017905"
"SPORTSGAMEODDS","hIE3vWGBfjL8OtlRn9uk","2026-09-25T23:10:00.000Z","Atlanta Braves @ Miami Marlins","Atlanta Braves","Miami Marlins","3","full","FULL_INNING_TOTAL","over","","points-all-3i-ou-over","draftkings","0.5","false","100","2026-09-25T16:27:56.462Z","0.5","0.5","115","100",""
"SPORTSGAMEODDS","hIE3vWGBfjL8OtlRn9uk","2026-09-25T23:10:00.000Z","Atlanta Braves @ Miami Marlins","Atlanta Braves","Miami Marlins","3","full","FULL_INNING_TOTAL","over","","points-all-3i-ou-over","draftkings","1.5","true","260","2026-09-25T16:27:56.462Z","0.5","0.5","","",""
"SPORTSGAMEODDS","hIE3vWGBfjL8OtlRn9uk","2026-09-25T23:10:00.000Z","Atlanta Braves @ Miami Marlins","Atlanta Braves","Miami Marlins","3","full","FULL_INNING_TOTAL","under","","points-all-3i-ou-under","fanduel","0.5","false","-128","2026-09-25T16:28:08.825Z","0.5","0.5","-115","-135","https://sportsbook.fanduel.com/addToBetslip?marketId=717.188419939&selectionId=7017906"
"SPORTSGAMEODDS","hIE3vWGBfjL8OtlRn9uk","2026-09-25T23:10:00.000Z","Atlanta Braves @ Miami Marlins","Atlanta Braves","Miami Marlins","3","full","FULL_INNING_TOTAL","under","","points-all-3i-ou-under","fanduel","1.5","true","-355","2026-09-25T16:28:08.825Z","0.5","0.5","","","https://sportsbook.fanduel.com/addToBetslip?marketId=717.188419939&selectionId=7017906"
"SPORTSGAMEODDS","hIE3vWGBfjL8OtlRn9uk","2026-09-25T23:10:00.000Z","Atlanta Braves @ Miami Marlins","Atlanta Braves","Miami Marlins","3","full","FULL_INNING_TOTAL","under","","points-all-3i-ou-under","draftkings","0.5","false","-135","2026-09-25T16:27:56.462Z","0.5","0.5","-115","-135",""
"SPORTSGAMEODDS","hIE3vWGBfjL8OtlRn9uk","2026-09-25T23:10:00.000Z","Atlanta Braves @ Miami Marlins","Atlanta Braves","Miami Marlins","3","full","FULL_INNING_TOTAL","under","","points-all-3i-ou-under","draftkings","1.5","true","-370","2026-09-25T16:27:56.462Z","0.5","0.5","","",""
"SPORTSGAMEODDS","hIE3vWGBfjL8OtlRn9uk","2026-09-25T23:10:00.000Z","Atlanta Braves @ Miami Marlins","Atlanta Braves","Miami Marlins","4","full","FULL_INNING_3WAY","draw","","points-all-4i-ml3way-draw","fanduel","","false","-155","2026-09-25T16:28:08.825Z","","","","","https://sportsbook.fanduel.com/addToBetslip?marketId=717.188419954&selectionId=131604"
"SPORTSGAMEODDS","hIE3vWGBfjL8OtlRn9uk","2026-09-25T23:10:00.000Z","Atlanta Braves @ Miami Marlins","Atlanta Braves","Miami Marlins","4","full","FULL_INNING_3WAY","draw","","points-all-4i-ml3way-draw","draftkings","","false","-165","2026-09-25T16:27:56.462Z","","","","",""
"SPORTSGAMEODDS","hIE3vWGBfjL8OtlRn9uk","2026-09-25T23:10:00.000Z","Atlanta Braves @ Miami Marlins","Atlanta Braves","Miami Marlins","4","full","FULL_INNING_TOTAL","over","","points-all-4i-ou-over","fanduel","0.5","false","110","2026-09-25T16:28:08.825Z","0.5","0.5","120","105","https://sportsbook.fanduel.com/addToBetslip?marketId=717.188419838&selectionId=7017905"
"SPORTSGAMEODDS","hIE3vWGBfjL8OtlRn9uk","2026-09-25T23:10:00.000Z","Atlanta Braves @ Miami Marlins","Atlanta Braves","Miami Marlins","4","full","FULL_INNING_TOTAL","over","","points-all-4i-ou-over","fanduel","1.5","true","290","2026-09-25T16:28:08.825Z","0.5","0.5","","","https://sportsbook.fanduel.com/addToBetslip?marketId=717.188419838&selectionId=7017905"
"SPORTSGAMEODDS","hIE3vWGBfjL8OtlRn9uk","2026-09-25T23:10:00.000Z","Atlanta Braves @ Miami Marlins","Atlanta Braves","Miami Marlins","4","full","FULL_INNING_TOTAL","over","","points-all-4i-ou-over","draftkings","0.5","false","105","2026-09-25T16:27:56.462Z","0.5","0.5","120","105",""
"SPORTSGAMEODDS","hIE3vWGBfjL8OtlRn9uk","2026-09-25T23:10:00.000Z","Atlanta Braves @ Miami Marlins","Atlanta Braves","Miami Marlins","4","full","FULL_INNING_TOTAL","over","","points-all-4i-ou-over","draftkings","1.5","true","265","2026-09-25T16:27:56.462Z","0.5","0.5","","",""
"SPORTSGAMEODDS","hIE3vWGBfjL8OtlRn9uk","2026-09-25T23:10:00.000Z","Atlanta Braves @ Miami Marlins","Atlanta Braves","Miami Marlins","4","full","FULL_INNING_TOTAL","under","","points-all-4i-ou-under","fanduel","0.5","false","-134","2026-09-25T16:28:08.825Z","0.5","0.5","-120","-140","https://sportsbook.fanduel.com/addToBetslip?marketId=717.188419838&selectionId=7017906"
"SPORTSGAMEODDS","hIE3vWGBfjL8OtlRn9uk","2026-09-25T23:10:00.000Z","Atlanta Braves @ Miami Marlins","Atlanta Braves","Miami Marlins","4","full","FULL_INNING_TOTAL","under","","points-all-4i-ou-under","fanduel","1.5","true","-385","2026-09-25T16:28:08.825Z","0.5","0.5","","","https://sportsbook.fanduel.com/addToBetslip?marketId=717.188419838&selectionId=7017906"
"SPORTSGAMEODDS","hIE3vWGBfjL8OtlRn9uk","2026-09-25T23:10:00.000Z","Atlanta Braves @ Miami Marlins","Atlanta Braves","Miami Marlins","4","full","FULL_INNING_TOTAL","under","","points-all-4i-ou-under","draftkings","0.5","false","-140","2026-09-25T16:27:56.462Z","0.5","0.5","-120","-140",""
"SPORTSGAMEODDS","hIE3vWGBfjL8OtlRn9uk","2026-09-25T23:10:00.000Z","Atlanta Braves @ Miami Marlins","Atlanta Braves","Miami Marlins","4","full","FULL_INNING_TOTAL","under","","points-all-4i-ou-under","draftkings","1.5","true","-380","2026-09-25T16:27:56.462Z","0.5","0.5","","",""
"SPORTSGAMEODDS","hIE3vWGBfjL8OtlRn9uk","2026-09-25T23:10:00.000Z","Atlanta Braves @ Miami Marlins","Atlanta Braves","Miami Marlins","5","full","FULL_INNING_3WAY","draw","","points-all-5i-ml3way-draw","fanduel","","false","-150","2026-09-25T16:28:08.825Z","","","","","https://sportsbook.fanduel.com/addToBetslip?marketId=717.188419864&selectionId=131604"
"SPORTSGAMEODDS","hIE3vWGBfjL8OtlRn9uk","2026-09-25T23:10:00.000Z","Atlanta Braves @ Miami Marlins","Atlanta Braves","Miami Marlins","5","full","FULL_INNING_3WAY","draw","","points-all-5i-ml3way-draw","draftkings","","false","-150","2026-09-25T16:27:56.462Z","","","","",""
"SPORTSGAMEODDS","hIE3vWGBfjL8OtlRn9uk","2026-09-25T23:10:00.000Z","Atlanta Braves @ Miami Marlins","Atlanta Braves","Miami Marlins","5","full","FULL_INNING_TOTAL","over","","points-all-5i-ou-over","fanduel","0.5","false","110","2026-09-25T16:28:08.825Z","0.5","0.5","115","100","https://sportsbook.fanduel.com/addToBetslip?marketId=717.188419881&selectionId=7017905"
"SPORTSGAMEODDS","hIE3vWGBfjL8OtlRn9uk","2026-09-25T23:10:00.000Z","Atlanta Braves @ Miami Marlins","Atlanta Braves","Miami Marlins","5","full","FULL_INNING_TOTAL","over","","points-all-5i-ou-over","fanduel","1.5","true","280","2026-09-25T16:28:08.825Z","0.5","0.5","","","https://sportsbook.fanduel.com/addToBetslip?marketId=717.188419881&selectionId=7017905"
"SPORTSGAMEODDS","hIE3vWGBfjL8OtlRn9uk","2026-09-25T23:10:00.000Z","Atlanta Braves @ Miami Marlins","Atlanta Braves","Miami Marlins","5","full","FULL_INNING_TOTAL","over","","points-all-5i-ou-over","draftkings","0.5","false","100","2026-09-25T16:27:56.462Z","0.5","0.5","115","100",""
"SPORTSGAMEODDS","hIE3vWGBfjL8OtlRn9uk","2026-09-25T23:10:00.000Z","Atlanta Braves @ Miami Marlins","Atlanta Braves","Miami Marlins","5","full","FULL_INNING_TOTAL","over","","points-all-5i-ou-over","draftkings","1.5","true","245","2026-09-25T16:27:56.462Z","0.5","0.5","","",""
"SPORTSGAMEODDS","hIE3vWGBfjL8OtlRn9uk","2026-09-25T23:10:00.000Z","Atlanta Braves @ Miami Marlins","Atlanta Braves","Miami Marlins","5","full","FULL_INNING_TOTAL","under","","points-all-5i-ou-under","fanduel","0.5","false","-134","2026-09-25T16:28:08.825Z","0.5","0.5","-115","-135","https://sportsbook.fanduel.com/addToBetslip?marketId=717.188419881&selectionId=7017906"
"SPORTSGAMEODDS","hIE3vWGBfjL8OtlRn9uk","2026-09-25T23:10:00.000Z","Atlanta Braves @ Miami Marlins","Atlanta Braves","Miami Marlins","5","full","FULL_INNING_TOTAL","under","","points-all-5i-ou-under","fanduel","1.5","true","-370","2026-09-25T16:28:08.825Z","0.5","0.5","","","https://sportsbook.fanduel.com/addToBetslip?marketId=717.188419881&selectionId=7017906"
"SPORTSGAMEODDS","hIE3vWGBfjL8OtlRn9uk","2026-09-25T23:10:00.000Z","Atlanta Braves @ Miami Marlins","Atlanta Braves","Miami Marlins","5","full","FULL_INNING_TOTAL","under","","points-all-5i-ou-under","draftkings","0.5","false","-135","2026-09-25T16:27:56.462Z","0.5","0.5","-115","-135",""
"SPORTSGAMEODDS","hIE3vWGBfjL8OtlRn9uk","2026-09-25T23:10:00.000Z","Atlanta Braves @ Miami Marlins","Atlanta Braves","Miami Marlins","5","full","FULL_INNING_TOTAL","under","","points-all-5i-ou-under","draftkings","1.5","true","-340","2026-09-25T16:27:56.462Z","0.5","0.5","","",""
"SPORTSGAMEODDS","hIE3vWGBfjL8OtlRn9uk","2026-09-25T23:10:00.000Z","Atlanta Braves @ Miami Marlins","Atlanta Braves","Miami Marlins","6","full","FULL_INNING_3WAY","draw","","points-all-6i-ml3way-draw","fanduel","","false","-150","2026-09-25T16:28:08.825Z","","","","","https://sportsbook.fanduel.com/addToBetslip?marketId=717.188419850&selectionId=131604"
"SPORTSGAMEODDS","hIE3vWGBfjL8OtlRn9uk","2026-09-25T23:10:00.000Z","Atlanta Braves @ Miami Marlins","Atlanta Braves","Miami Marlins","6","full","FULL_INNING_3WAY","draw","","points-all-6i-ml3way-draw","draftkings","","false","-155","2026-09-25T16:27:56.462Z","","","","",""
"SPORTSGAMEODDS","hIE3vWGBfjL8OtlRn9uk","2026-09-25T23:10:00.000Z","Atlanta Braves @ Miami Marlins","Atlanta Braves","Miami Marlins","6","full","FULL_INNING_TOTAL","over","","points-all-6i-ou-over","fanduel","0.5","false","106","2026-09-25T16:28:08.825Z","0.5","0.5","117","100","https://sportsbook.fanduel.com/addToBetslip?marketId=717.188419960&selectionId=7017905"
"SPORTSGAMEODDS","hIE3vWGBfjL8OtlRn9uk","2026-09-25T23:10:00.000Z","Atlanta Braves @ Miami Marlins","Atlanta Braves","Miami Marlins","6","full","FULL_INNING_TOTAL","over","","points-all-6i-ou-over","fanduel","1.5","true","270","2026-09-25T16:28:08.825Z","0.5","0.5","","","https://sportsbook.fanduel.com/addToBetslip?marketId=717.188419960&selectionId=7017905"
"SPORTSGAMEODDS","hIE3vWGBfjL8OtlRn9uk","2026-09-25T23:10:00.000Z","Atlanta Braves @ Miami Marlins","Atlanta Braves","Miami Marlins","6","full","FULL_INNING_TOTAL","over","","points-all-6i-ou-over","draftkings","0.5","false","100","2026-09-25T16:27:56.462Z","0.5","0.5","117","100",""
"SPORTSGAMEODDS","hIE3vWGBfjL8OtlRn9uk","2026-09-25T23:10:00.000Z","Atlanta Braves @ Miami Marlins","Atlanta Braves","Miami Marlins","6","full","FULL_INNING_TOTAL","over","","points-all-6i-ou-over","draftkings","1.5","true","270","2026-09-25T16:27:56.462Z","0.5","0.5","","",""
"SPORTSGAMEODDS","hIE3vWGBfjL8OtlRn9uk","2026-09-25T23:10:00.000Z","Atlanta Braves @ Miami Marlins","Atlanta Braves","Miami Marlins","6","full","FULL_INNING_TOTAL","under","","points-all-6i-ou-under","fanduel","0.5","false","-130","2026-09-25T16:28:08.825Z","0.5","0.5","-117","-140","https://sportsbook.fanduel.com/addToBetslip?marketId=717.188419960&selectionId=7017906"
"SPORTSGAMEODDS","hIE3vWGBfjL8OtlRn9uk","2026-09-25T23:10:00.000Z","Atlanta Braves @ Miami Marlins","Atlanta Braves","Miami Marlins","6","full","FULL_INNING_TOTAL","under","","points-all-6i-ou-under","fanduel","1.5","true","-355","2026-09-25T16:28:08.825Z","0.5","0.5","","","https://sportsbook.fanduel.com/addToBetslip?marketId=717.188419960&selectionId=7017906"
"SPORTSGAMEODDS","hIE3vWGBfjL8OtlRn9uk","2026-09-25T23:10:00.000Z","Atlanta Braves @ Miami Marlins","Atlanta Braves","Miami Marlins","6","full","FULL_INNING_TOTAL","under","","points-all-6i-ou-under","draftkings","0.5","false","-140","2026-09-25T16:27:56.462Z","0.5","0.5","-117","-140",""
"SPORTSGAMEODDS","hIE3vWGBfjL8OtlRn9uk","2026-09-25T23:10:00.000Z","Atlanta Braves @ Miami Marlins","Atlanta Braves","Miami Marlins","6","full","FULL_INNING_TOTAL","under","","points-all-6i-ou-under","draftkings","1.5","true","-380","2026-09-25T16:27:56.462Z","0.5","0.5","","",""
"SPORTSGAMEODDS","hIE3vWGBfjL8OtlRn9uk","2026-09-25T23:10:00.000Z","Atlanta Braves @ Miami Marlins","Atlanta Braves","Miami Marlins","7","full","FULL_INNING_3WAY","draw","","points-all-7i-ml3way-draw","fanduel","","false","-165","2026-09-25T16:28:08.825Z","","","","","https://sportsbook.fanduel.com/addToBetslip?marketId=717.188419878&selectionId=131604"
"SPORTSGAMEODDS","hIE3vWGBfjL8OtlRn9uk","2026-09-25T23:10:00.000Z","Atlanta Braves @ Miami Marlins","Atlanta Braves","Miami Marlins","7","full","FULL_INNING_3WAY","draw","","points-all-7i-ml3way-draw","draftkings","","false","-160","2026-09-25T16:27:56.462Z","","","","",""
"SPORTSGAMEODDS","hIE3vWGBfjL8OtlRn9uk","2026-09-25T23:10:00.000Z","Atlanta Braves @ Miami Marlins","Atlanta Braves","Miami Marlins","7","full","FULL_INNING_TOTAL","over","","points-all-7i-ou-over","fanduel","0.5","false","114","2026-09-25T16:28:08.825Z","0.5","0.5","121","105","https://sportsbook.fanduel.com/addToBetslip?marketId=717.188419898&selectionId=7017905"
"SPORTSGAMEODDS","hIE3vWGBfjL8OtlRn9uk","2026-09-25T23:10:00.000Z","Atlanta Braves @ Miami Marlins","Atlanta Braves","Miami Marlins","7","full","FULL_INNING_TOTAL","over","","points-all-7i-ou-over","fanduel","1.5","true","280","2026-09-25T16:28:08.825Z","0.5","0.5","","","https://sportsbook.fanduel.com/addToBetslip?marketId=717.188419898&selectionId=7017905"
"SPORTSGAMEODDS","hIE3vWGBfjL8OtlRn9uk","2026-09-25T23:10:00.000Z","Atlanta Braves @ Miami Marlins","Atlanta Braves","Miami Marlins","7","full","FULL_INNING_TOTAL","over","","points-all-7i-ou-over","draftkings","0.5","false","105","2026-09-25T16:27:56.462Z","0.5","0.5","121","105",""
"SPORTSGAMEODDS","hIE3vWGBfjL8OtlRn9uk","2026-09-25T23:10:00.000Z","Atlanta Braves @ Miami Marlins","Atlanta Braves","Miami Marlins","7","full","FULL_INNING_TOTAL","over","","points-all-7i-ou-over","draftkings","1.5","true","265","2026-09-25T16:27:56.462Z","0.5","0.5","","",""
"SPORTSGAMEODDS","hIE3vWGBfjL8OtlRn9uk","2026-09-25T23:10:00.000Z","Atlanta Braves @ Miami Marlins","Atlanta Braves","Miami Marlins","7","full","FULL_INNING_TOTAL","under","","points-all-7i-ou-under","fanduel","0.5","false","-140","2026-09-25T16:28:08.825Z","0.5","0.5","-121","-145","https://sportsbook.fanduel.com/addToBetslip?marketId=717.188419898&selectionId=7017906"
"SPORTSGAMEODDS","hIE3vWGBfjL8OtlRn9uk","2026-09-25T23:10:00.000Z","Atlanta Braves @ Miami Marlins","Atlanta Braves","Miami Marlins","7","full","FULL_INNING_TOTAL","under","","points-all-7i-ou-under","fanduel","1.5","true","-370","2026-09-25T16:28:08.825Z","0.5","0.5","","","https://sportsbook.fanduel.com/addToBetslip?marketId=717.188419898&selectionId=7017906"
"SPORTSGAMEODDS","hIE3vWGBfjL8OtlRn9uk","2026-09-25T23:10:00.000Z","Atlanta Braves @ Miami Marlins","Atlanta Braves","Miami Marlins","7","full","FULL_INNING_TOTAL","under","","points-all-7i-ou-under","draftkings","0.5","false","-145","2026-09-25T16:27:56.462Z","0.5","0.5","-121","-145",""
"SPORTSGAMEODDS","hIE3vWGBfjL8OtlRn9uk","2026-09-25T23:10:00.000Z","Atlanta Braves @ Miami Marlins","Atlanta Braves","Miami Marlins","7","full","FULL_INNING_TOTAL","under","","points-all-7i-ou-under","draftkings","1.5","true","-380","2026-09-25T16:27:56.462Z","0.5","0.5","","",""
"SPORTSGAMEODDS","hIE3vWGBfjL8OtlRn9uk","2026-09-25T23:10:00.000Z","Atlanta Braves @ Miami Marlins","Atlanta Braves","Miami Marlins","8","full","FULL_INNING_3WAY","draw","","points-all-8i-ml3way-draw","fanduel","","false","-145","2026-09-25T16:28:08.825Z","","","","","https://sportsbook.fanduel.com/addToBetslip?marketId=717.188419849&selectionId=131604"
"SPORTSGAMEODDS","hIE3vWGBfjL8OtlRn9uk","2026-09-25T23:10:00.000Z","Atlanta Braves @ Miami Marlins","Atlanta Braves","Miami Marlins","8","full","FULL_INNING_3WAY","draw","","points-all-8i-ml3way-draw","draftkings","","false","-155","2026-09-25T16:27:56.462Z","","","","",""
"SPORTSGAMEODDS","hIE3vWGBfjL8OtlRn9uk","2026-09-25T23:10:00.000Z","Atlanta Braves @ Miami Marlins","Atlanta Braves","Miami Marlins","8","full","FULL_INNING_TOTAL","over","","points-all-8i-ou-over","fanduel","0.5","false","104","2026-09-25T16:28:08.825Z","0.5","0.5","115","100","https://sportsbook.fanduel.com/addToBetslip?marketId=717.188419981&selectionId=7017905"
"SPORTSGAMEODDS","hIE3vWGBfjL8OtlRn9uk","2026-09-25T23:10:00.000Z","Atlanta Braves @ Miami Marlins","Atlanta Braves","Miami Marlins","8","full","FULL_INNING_TOTAL","over","","points-all-8i-ou-over","fanduel","1.5","true","280","2026-09-25T16:28:08.825Z","0.5","0.5","","","https://sportsbook.fanduel.com/addToBetslip?marketId=717.188419981&selectionId=7017905"
"SPORTSGAMEODDS","hIE3vWGBfjL8OtlRn9uk","2026-09-25T23:10:00.000Z","Atlanta Braves @ Miami Marlins","Atlanta Braves","Miami Marlins","8","full","FULL_INNING_TOTAL","over","","points-all-8i-ou-over","draftkings","0.5","false","100","2026-09-25T16:27:56.462Z","0.5","0.5","115","100",""
"SPORTSGAMEODDS","hIE3vWGBfjL8OtlRn9uk","2026-09-25T23:10:00.000Z","Atlanta Braves @ Miami Marlins","Atlanta Braves","Miami Marlins","8","full","FULL_INNING_TOTAL","over","","points-all-8i-ou-over","draftkings","1.5","true","260","2026-09-25T16:27:56.462Z","0.5","0.5","","",""
"SPORTSGAMEODDS","hIE3vWGBfjL8OtlRn9uk","2026-09-25T23:10:00.000Z","Atlanta Braves @ Miami Marlins","Atlanta Braves","Miami Marlins","8","full","FULL_INNING_TOTAL","under","","points-all-8i-ou-under","fanduel","0.5","false","-128","2026-09-25T16:28:08.825Z","0.5","0.5","-115","-135","https://sportsbook.fanduel.com/addToBetslip?marketId=717.188419981&selectionId=7017906"
"SPORTSGAMEODDS","hIE3vWGBfjL8OtlRn9uk","2026-09-25T23:10:00.000Z","Atlanta Braves @ Miami Marlins","Atlanta Braves","Miami Marlins","8","full","FULL_INNING_TOTAL","under","","points-all-8i-ou-under","fanduel","1.5","true","-350","2026-09-25T16:28:08.825Z","0.5","0.5","","","https://sportsbook.fanduel.com/addToBetslip?marketId=717.188419981&selectionId=7017906"
"SPORTSGAMEODDS","hIE3vWGBfjL8OtlRn9uk","2026-09-25T23:10:00.000Z","Atlanta Braves @ Miami Marlins","Atlanta Braves","Miami Marlins","8","full","FULL_INNING_TOTAL","under","","points-all-8i-ou-under","draftkings","0.5","false","-135","2026-09-25T16:27:56.462Z","0.5","0.5","-115","-135",""
"SPORTSGAMEODDS","hIE3vWGBfjL8OtlRn9uk","2026-09-25T23:10:00.000Z","Atlanta Braves @ Miami Marlins","Atlanta Braves","Miami Marlins","8","full","FULL_INNING_TOTAL","under","","points-all-8i-ou-under","draftkings","1.5","true","-360","2026-09-25T16:27:56.462Z","0.5","0.5","","",""
"SPORTSGAMEODDS","hIE3vWGBfjL8OtlRn9uk","2026-09-25T23:10:00.000Z","Atlanta Braves @ Miami Marlins","Atlanta Braves","Miami Marlins","9","full","FULL_INNING_3WAY","draw","","points-all-9i-ml3way-draw","fanduel","","false","-230","2026-09-25T16:28:08.825Z","","","","","https://sportsbook.fanduel.com/addToBetslip?marketId=717.188419897&selectionId=131604"
"SPORTSGAMEODDS","hIE3vWGBfjL8OtlRn9uk","2026-09-25T23:10:00.000Z","Atlanta Braves @ Miami Marlins","Atlanta Braves","Miami Marlins","9","full","FULL_INNING_3WAY","draw","","points-all-9i-ml3way-draw","draftkings","","false","-230","2026-09-25T16:27:56.462Z","","","","",""
"SPORTSGAMEODDS","hIE3vWGBfjL8OtlRn9uk","2026-09-25T23:10:00.000Z","Atlanta Braves @ Miami Marlins","Atlanta Braves","Miami Marlins","9","full","FULL_INNING_TOTAL","over","","points-all-9i-ou-over","fanduel","0.5","false","160","2026-09-25T16:28:08.825Z","","0.5","","152","https://sportsbook.fanduel.com/addToBetslip?marketId=717.188419830&selectionId=7017905"
"SPORTSGAMEODDS","hIE3vWGBfjL8OtlRn9uk","2026-09-25T23:10:00.000Z","Atlanta Braves @ Miami Marlins","Atlanta Braves","Miami Marlins","9","full","FULL_INNING_TOTAL","over","","points-all-9i-ou-over","fanduel","1.5","true","390","2026-09-25T16:28:08.825Z","","0.5","","","https://sportsbook.fanduel.com/addToBetslip?marketId=717.188419830&selectionId=7017905"
"SPORTSGAMEODDS","hIE3vWGBfjL8OtlRn9uk","2026-09-25T23:10:00.000Z","Atlanta Braves @ Miami Marlins","Atlanta Braves","Miami Marlins","9","full","FULL_INNING_TOTAL","over","","points-all-9i-ou-over","draftkings","0.5","false","145","2026-09-25T16:27:56.462Z","","0.5","","152",""
"SPORTSGAMEODDS","hIE3vWGBfjL8OtlRn9uk","2026-09-25T23:10:00.000Z","Atlanta Braves @ Miami Marlins","Atlanta Braves","Miami Marlins","9","full","FULL_INNING_TOTAL","over","","points-all-9i-ou-over","draftkings","1.5","true","360","2026-09-25T16:27:56.462Z","","0.5","","",""
"SPORTSGAMEODDS","hIE3vWGBfjL8OtlRn9uk","2026-09-25T23:10:00.000Z","Atlanta Braves @ Miami Marlins","Atlanta Braves","Miami Marlins","9","full","FULL_INNING_TOTAL","under","","points-all-9i-ou-under","fanduel","0.5","false","-200","2026-09-25T16:28:08.825Z","","0.5","","-197","https://sportsbook.fanduel.com/addToBetslip?marketId=717.188419830&selectionId=7017906"
"SPORTSGAMEODDS","hIE3vWGBfjL8OtlRn9uk","2026-09-25T23:10:00.000Z","Atlanta Braves @ Miami Marlins","Atlanta Braves","Miami Marlins","9","full","FULL_INNING_TOTAL","under","","points-all-9i-ou-under","fanduel","1.5","true","-550","2026-09-25T16:28:08.825Z","","0.5","","","https://sportsbook.fanduel.com/addToBetslip?marketId=717.188419830&selectionId=7017906"
"SPORTSGAMEODDS","hIE3vWGBfjL8OtlRn9uk","2026-09-25T23:10:00.000Z","Atlanta Braves @ Miami Marlins","Atlanta Braves","Miami Marlins","9","full","FULL_INNING_TOTAL","under","","points-all-9i-ou-under","draftkings","0.5","false","-195","2026-09-25T16:27:56.462Z","","0.5","","-197",""
"SPORTSGAMEODDS","hIE3vWGBfjL8OtlRn9uk","2026-09-25T23:10:00.000Z","Atlanta Braves @ Miami Marlins","Atlanta Braves","Miami Marlins","9","full","FULL_INNING_TOTAL","under","","points-all-9i-ou-under","draftkings","1.5","true","-525","2026-09-25T16:27:56.462Z","","0.5","","",""
"SPORTSGAMEODDS","hIE3vWGBfjL8OtlRn9uk","2026-09-25T23:10:00.000Z","Atlanta Braves @ Miami Marlins","Atlanta Braves","Miami Marlins","2","full","FULL_INNING_3WAY","away","","points-away-2i-ml3way-away","fanduel","","false","390","2026-09-25T16:28:08.825Z","","","","","https://sportsbook.fanduel.com/addToBetslip?marketId=717.188419831&selectionId=7100960"
"SPORTSGAMEODDS","hIE3vWGBfjL8OtlRn9uk","2026-09-25T23:10:00.000Z","Atlanta Braves @ Miami Marlins","Atlanta Braves","Miami Marlins","2","full","FULL_INNING_3WAY","away","","points-away-2i-ml3way-away","draftkings","","false","370","2026-09-25T16:27:56.462Z","","","","",""
"SPORTSGAMEODDS","hIE3vWGBfjL8OtlRn9uk","2026-09-25T23:10:00.000Z","Atlanta Braves @ Miami Marlins","Atlanta Braves","Miami Marlins","3","full","FULL_INNING_3WAY","away","","points-away-3i-ml3way-away","fanduel","","false","310","2026-09-25T16:28:08.825Z","","","","","https://sportsbook.fanduel.com/addToBetslip?marketId=717.188419825&selectionId=7100960"
"SPORTSGAMEODDS","hIE3vWGBfjL8OtlRn9uk","2026-09-25T23:10:00.000Z","Atlanta Braves @ Miami Marlins","Atlanta Braves","Miami Marlins","3","full","FULL_INNING_3WAY","away","","points-away-3i-ml3way-away","draftkings","","false","310","2026-09-25T16:27:56.462Z","","","","",""
"SPORTSGAMEODDS","hIE3vWGBfjL8OtlRn9uk","2026-09-25T23:10:00.000Z","Atlanta Braves @ Miami Marlins","Atlanta Braves","Miami Marlins","4","full","FULL_INNING_3WAY","away","","points-away-4i-ml3way-away","fanduel","","false","340","2026-09-25T16:28:08.825Z","","","","","https://sportsbook.fanduel.com/addToBetslip?marketId=717.188419954&selectionId=7100960"
"SPORTSGAMEODDS","hIE3vWGBfjL8OtlRn9uk","2026-09-25T23:10:00.000Z","Atlanta Braves @ Miami Marlins","Atlanta Braves","Miami Marlins","4","full","FULL_INNING_3WAY","away","","points-away-4i-ml3way-away","draftkings","","false","340","2026-09-25T16:27:56.462Z","","","","",""
"SPORTSGAMEODDS","hIE3vWGBfjL8OtlRn9uk","2026-09-25T23:10:00.000Z","Atlanta Braves @ Miami Marlins","Atlanta Braves","Miami Marlins","5","full","FULL_INNING_3WAY","away","","points-away-5i-ml3way-away","fanduel","","false","320","2026-09-25T16:28:08.825Z","","","","","https://sportsbook.fanduel.com/addToBetslip?marketId=717.188419864&selectionId=7100960"
"SPORTSGAMEODDS","hIE3vWGBfjL8OtlRn9uk","2026-09-25T23:10:00.000Z","Atlanta Braves @ Miami Marlins","Atlanta Braves","Miami Marlins","5","full","FULL_INNING_3WAY","away","","points-away-5i-ml3way-away","draftkings","","false","300","2026-09-25T16:27:56.462Z","","","","",""
"SPORTSGAMEODDS","hIE3vWGBfjL8OtlRn9uk","2026-09-25T23:10:00.000Z","Atlanta Braves @ Miami Marlins","Atlanta Braves","Miami Marlins","6","full","FULL_INNING_3WAY","away","","points-away-6i-ml3way-away","fanduel","","false","320","2026-09-25T16:28:08.825Z","","","","","https://sportsbook.fanduel.com/addToBetslip?marketId=717.188419850&selectionId=7100960"
"SPORTSGAMEODDS","hIE3vWGBfjL8OtlRn9uk","2026-09-25T23:10:00.000Z","Atlanta Braves @ Miami Marlins","Atlanta Braves","Miami Marlins","6","full","FULL_INNING_3WAY","away","","points-away-6i-ml3way-away","draftkings","","false","300","2026-09-25T16:27:56.462Z","","","","",""
"SPORTSGAMEODDS","hIE3vWGBfjL8OtlRn9uk","2026-09-25T23:10:00.000Z","Atlanta Braves @ Miami Marlins","Atlanta Braves","Miami Marlins","7","full","FULL_INNING_3WAY","away","","points-away-7i-ml3way-away","fanduel","","false","320","2026-09-25T16:28:08.825Z","","","","","https://sportsbook.fanduel.com/addToBetslip?marketId=717.188419878&selectionId=7100960"
"SPORTSGAMEODDS","hIE3vWGBfjL8OtlRn9uk","2026-09-25T23:10:00.000Z","Atlanta Braves @ Miami Marlins","Atlanta Braves","Miami Marlins","7","full","FULL_INNING_3WAY","away","","points-away-7i-ml3way-away","draftkings","","false","310","2026-09-25T16:27:56.462Z","","","","",""
"SPORTSGAMEODDS","hIE3vWGBfjL8OtlRn9uk","2026-09-25T23:10:00.000Z","Atlanta Braves @ Miami Marlins","Atlanta Braves","Miami Marlins","8","full","FULL_INNING_3WAY","away","","points-away-8i-ml3way-away","fanduel","","false","310","2026-09-25T16:28:08.825Z","","","","","https://sportsbook.fanduel.com/addToBetslip?marketId=717.188419849&selectionId=7100960"
"SPORTSGAMEODDS","hIE3vWGBfjL8OtlRn9uk","2026-09-25T23:10:00.000Z","Atlanta Braves @ Miami Marlins","Atlanta Braves","Miami Marlins","8","full","FULL_INNING_3WAY","away","","points-away-8i-ml3way-away","draftkings","","false","290","2026-09-25T16:27:56.462Z","","","","",""
"SPORTSGAMEODDS","hIE3vWGBfjL8OtlRn9uk","2026-09-25T23:10:00.000Z","Atlanta Braves @ Miami Marlins","Atlanta Braves","Miami Marlins","9","full","FULL_INNING_3WAY","away","","points-away-9i-ml3way-away","fanduel","","false","290","2026-09-25T16:28:08.825Z","","","","","https://sportsbook.fanduel.com/addToBetslip?marketId=717.188419897&selectionId=7100960"
"SPORTSGAMEODDS","hIE3vWGBfjL8OtlRn9uk","2026-09-25T23:10:00.000Z","Atlanta Braves @ Miami Marlins","Atlanta Braves","Miami Marlins","9","full","FULL_INNING_3WAY","away","","points-away-9i-ml3way-away","draftkings","","false","285","2026-09-25T16:27:56.462Z","","","","",""
"SPORTSGAMEODDS","hIE3vWGBfjL8OtlRn9uk","2026-09-25T23:10:00.000Z","Atlanta Braves @ Miami Marlins","Atlanta Braves","Miami Marlins","2","full","FULL_INNING_3WAY","home","","points-home-2i-ml3way-home","fanduel","","false","360","2026-09-25T16:28:08.825Z","","","","","https://sportsbook.fanduel.com/addToBetslip?marketId=717.188419831&selectionId=6266193"
"SPORTSGAMEODDS","hIE3vWGBfjL8OtlRn9uk","2026-09-25T23:10:00.000Z","Atlanta Braves @ Miami Marlins","Atlanta Braves","Miami Marlins","2","full","FULL_INNING_3WAY","home","","points-home-2i-ml3way-home","draftkings","","false","320","2026-09-25T16:27:56.462Z","","","","",""
"SPORTSGAMEODDS","hIE3vWGBfjL8OtlRn9uk","2026-09-25T23:10:00.000Z","Atlanta Braves @ Miami Marlins","Atlanta Braves","Miami Marlins","3","full","FULL_INNING_3WAY","home","","points-home-3i-ml3way-home","fanduel","","false","340","2026-09-25T16:28:08.825Z","","","","","https://sportsbook.fanduel.com/addToBetslip?marketId=717.188419825&selectionId=6266193"
"SPORTSGAMEODDS","hIE3vWGBfjL8OtlRn9uk","2026-09-25T23:10:00.000Z","Atlanta Braves @ Miami Marlins","Atlanta Braves","Miami Marlins","3","full","FULL_INNING_3WAY","home","","points-home-3i-ml3way-home","draftkings","","false","310","2026-09-25T16:27:56.462Z","","","","",""
"SPORTSGAMEODDS","hIE3vWGBfjL8OtlRn9uk","2026-09-25T23:10:00.000Z","Atlanta Braves @ Miami Marlins","Atlanta Braves","Miami Marlins","4","full","FULL_INNING_3WAY","home","","points-home-4i-ml3way-home","fanduel","","false","320","2026-09-25T16:28:08.825Z","","","","","https://sportsbook.fanduel.com/addToBetslip?marketId=717.188419954&selectionId=6266193"
"SPORTSGAMEODDS","hIE3vWGBfjL8OtlRn9uk","2026-09-25T23:10:00.000Z","Atlanta Braves @ Miami Marlins","Atlanta Braves","Miami Marlins","4","full","FULL_INNING_3WAY","home","","points-home-4i-ml3way-home","draftkings","","false","320","2026-09-25T16:27:56.462Z","","","","",""
"SPORTSGAMEODDS","hIE3vWGBfjL8OtlRn9uk","2026-09-25T23:10:00.000Z","Atlanta Braves @ Miami Marlins","Atlanta Braves","Miami Marlins","5","full","FULL_INNING_3WAY","home","","points-home-5i-ml3way-home","fanduel","","false","340","2026-09-25T16:28:08.825Z","","","","","https://sportsbook.fanduel.com/addToBetslip?marketId=717.188419864&selectionId=6266193"
"SPORTSGAMEODDS","hIE3vWGBfjL8OtlRn9uk","2026-09-25T23:10:00.000Z","Atlanta Braves @ Miami Marlins","Atlanta Braves","Miami Marlins","5","full","FULL_INNING_3WAY","home","","points-home-5i-ml3way-home","draftkings","","false","310","2026-09-25T16:27:56.462Z","","","","",""
"SPORTSGAMEODDS","hIE3vWGBfjL8OtlRn9uk","2026-09-25T23:10:00.000Z","Atlanta Braves @ Miami Marlins","Atlanta Braves","Miami Marlins","6","full","FULL_INNING_3WAY","home","","points-home-6i-ml3way-home","fanduel","","false","340","2026-09-25T16:28:08.825Z","","","","","https://sportsbook.fanduel.com/addToBetslip?marketId=717.188419850&selectionId=6266193"
"SPORTSGAMEODDS","hIE3vWGBfjL8OtlRn9uk","2026-09-25T23:10:00.000Z","Atlanta Braves @ Miami Marlins","Atlanta Braves","Miami Marlins","6","full","FULL_INNING_3WAY","home","","points-home-6i-ml3way-home","draftkings","","false","340","2026-09-25T16:27:56.462Z","","","","",""
"SPORTSGAMEODDS","hIE3vWGBfjL8OtlRn9uk","2026-09-25T23:10:00.000Z","Atlanta Braves @ Miami Marlins","Atlanta Braves","Miami Marlins","7","full","FULL_INNING_3WAY","home","","points-home-7i-ml3way-home","fanduel","","false","360","2026-09-25T16:28:08.825Z","","","","","https://sportsbook.fanduel.com/addToBetslip?marketId=717.188419878&selectionId=6266193"
"SPORTSGAMEODDS","hIE3vWGBfjL8OtlRn9uk","2026-09-25T23:10:00.000Z","Atlanta Braves @ Miami Marlins","Atlanta Braves","Miami Marlins","7","full","FULL_INNING_3WAY","home","","points-home-7i-ml3way-home","draftkings","","false","340","2026-09-25T16:27:56.462Z","","","","",""
"SPORTSGAMEODDS","hIE3vWGBfjL8OtlRn9uk","2026-09-25T23:10:00.000Z","Atlanta Braves @ Miami Marlins","Atlanta Braves","Miami Marlins","8","full","FULL_INNING_3WAY","home","","points-home-8i-ml3way-home","fanduel","","false","340","2026-09-25T16:28:08.825Z","","","","","https://sportsbook.fanduel.com/addToBetslip?marketId=717.188419849&selectionId=6266193"
"SPORTSGAMEODDS","hIE3vWGBfjL8OtlRn9uk","2026-09-25T23:10:00.000Z","Atlanta Braves @ Miami Marlins","Atlanta Braves","Miami Marlins","8","full","FULL_INNING_3WAY","home","","points-home-8i-ml3way-home","draftkings","","false","340","2026-09-25T16:27:56.462Z","","","","",""
"SPORTSGAMEODDS","hIE3vWGBfjL8OtlRn9uk","2026-09-25T23:10:00.000Z","Atlanta Braves @ Miami Marlins","Atlanta Braves","Miami Marlins","9","full","FULL_INNING_3WAY","home","","points-home-9i-ml3way-home","fanduel","","false","700","2026-09-25T16:28:08.825Z","","","","","https://sportsbook.fanduel.com/addToBetslip?marketId=717.188419897&selectionId=6266193"
"SPORTSGAMEODDS","hIE3vWGBfjL8OtlRn9uk","2026-09-25T23:10:00.000Z","Atlanta Braves @ Miami Marlins","Atlanta Braves","Miami Marlins","9","full","FULL_INNING_3WAY","home","","points-home-9i-ml3way-home","draftkings","","false","650","2026-09-25T16:27:56.462Z","","","","",""
"SPORTSGAMEODDS","PQTLdIKjLPpOb4NAXgA8","2026-09-25T23:40:00.000Z","St. Louis Cardinals @ Milwaukee Brewers","St. Louis Cardinals","Milwaukee Brewers","1","full","FULL_INNING_3WAY","draw","","points-all-1i-ml3way-draw","fanduel","","false","-145","2026-09-25T16:28:08.825Z","","","","","https://sportsbook.fanduel.com/addToBetslip?marketId=717.188359319&selectionId=131604"
"SPORTSGAMEODDS","PQTLdIKjLPpOb4NAXgA8","2026-09-25T23:40:00.000Z","St. Louis Cardinals @ Milwaukee Brewers","St. Louis Cardinals","Milwaukee Brewers","1","full","FULL_INNING_3WAY","draw","","points-all-1i-ml3way-draw","draftkings","","false","-140","2026-09-25T16:27:56.462Z","","","","",""
"SPORTSGAMEODDS","PQTLdIKjLPpOb4NAXgA8","2026-09-25T23:40:00.000Z","St. Louis Cardinals @ Milwaukee Brewers","St. Louis Cardinals","Milwaukee Brewers","1","full","FULL_INNING_3WAY","draw","","points-all-1i-ml3way-draw","betmgm","","false","-140","2026-09-25T16:28:14.680Z","","","","","https://sports.nj.betmgm.com/en/sports?options=19945280-1561272900-2304273149"
"SPORTSGAMEODDS","PQTLdIKjLPpOb4NAXgA8","2026-09-25T23:40:00.000Z","St. Louis Cardinals @ Milwaukee Brewers","St. Louis Cardinals","Milwaukee Brewers","1","full","FULL_INNING_TOTAL","over","","points-all-1i-ou-over","fanduel","0.5","false","-104","2026-09-25T16:28:08.825Z","0.5","0.5","109","-104","https://sportsbook.fanduel.com/addToBetslip?marketId=717.188359385&selectionId=7017905"
"SPORTSGAMEODDS","PQTLdIKjLPpOb4NAXgA8","2026-09-25T23:40:00.000Z","St. Louis Cardinals @ Milwaukee Brewers","St. Louis Cardinals","Milwaukee Brewers","1","full","FULL_INNING_TOTAL","over","","points-all-1i-ou-over","fanduel","1.5","true","250","2026-09-25T16:28:08.825Z","0.5","0.5","","","https://sportsbook.fanduel.com/addToBetslip?marketId=717.188359385&selectionId=7017905"
"SPORTSGAMEODDS","PQTLdIKjLPpOb4NAXgA8","2026-09-25T23:40:00.000Z","St. Louis Cardinals @ Milwaukee Brewers","St. Louis Cardinals","Milwaukee Brewers","1","full","FULL_INNING_TOTAL","over","","points-all-1i-ou-over","caesars","0.5","false","-104","2026-09-25T16:28:14.680Z","0.5","0.5","109","-104","https://sportsbook.caesars.com/us/nj/bet/betslip?selectionIds=1b06a947-9618-3e47-8587-9a8247741ac7"
"SPORTSGAMEODDS","PQTLdIKjLPpOb4NAXgA8","2026-09-25T23:40:00.000Z","St. Louis Cardinals @ Milwaukee Brewers","St. Louis Cardinals","Milwaukee Brewers","1","full","FULL_INNING_TOTAL","over","","points-all-1i-ou-over","draftkings","0.5","false","-105","2026-09-25T16:27:56.462Z","0.5","0.5","109","-104",""
"SPORTSGAMEODDS","PQTLdIKjLPpOb4NAXgA8","2026-09-25T23:40:00.000Z","St. Louis Cardinals @ Milwaukee Brewers","St. Louis Cardinals","Milwaukee Brewers","1","full","FULL_INNING_TOTAL","over","","points-all-1i-ou-over","draftkings","1.5","true","230","2026-09-25T16:27:56.462Z","0.5","0.5","","",""
"SPORTSGAMEODDS","PQTLdIKjLPpOb4NAXgA8","2026-09-25T23:40:00.000Z","St. Louis Cardinals @ Milwaukee Brewers","St. Louis Cardinals","Milwaukee Brewers","1","full","FULL_INNING_TOTAL","over","","points-all-1i-ou-over","betmgm","0.5","false","-102","2026-09-25T16:28:14.680Z","0.5","0.5","109","-104","https://sports.nj.betmgm.com/en/sports?options=19945280-1561272899-2304273156"
"SPORTSGAMEODDS","PQTLdIKjLPpOb4NAXgA8","2026-09-25T23:40:00.000Z","St. Louis Cardinals @ Milwaukee Brewers","St. Louis Cardinals","Milwaukee Brewers","1","full","FULL_INNING_TOTAL","under","","points-all-1i-ou-under","fanduel","0.5","false","-122","2026-09-25T16:28:08.825Z","0.5","0.5","-109","-125","https://sportsbook.fanduel.com/addToBetslip?marketId=717.188359385&selectionId=7017906"
"SPORTSGAMEODDS","PQTLdIKjLPpOb4NAXgA8","2026-09-25T23:40:00.000Z","St. Louis Cardinals @ Milwaukee Brewers","St. Louis Cardinals","Milwaukee Brewers","1","full","FULL_INNING_TOTAL","under","","points-all-1i-ou-under","fanduel","1.5","true","-325","2026-09-25T16:28:08.825Z","0.5","0.5","","","https://sportsbook.fanduel.com/addToBetslip?marketId=717.188359385&selectionId=7017906"
"SPORTSGAMEODDS","PQTLdIKjLPpOb4NAXgA8","2026-09-25T23:40:00.000Z","St. Louis Cardinals @ Milwaukee Brewers","St. Louis Cardinals","Milwaukee Brewers","1","full","FULL_INNING_TOTAL","under","","points-all-1i-ou-under","caesars","0.5","false","-120","2026-09-25T16:28:14.680Z","0.5","0.5","-109","-125","https://sportsbook.caesars.com/us/nj/bet/betslip?selectionIds=e87c1b3d-e35c-3033-b591-c242e4bde994"
"SPORTSGAMEODDS","PQTLdIKjLPpOb4NAXgA8","2026-09-25T23:40:00.000Z","St. Louis Cardinals @ Milwaukee Brewers","St. Louis Cardinals","Milwaukee Brewers","1","full","FULL_INNING_TOTAL","under","","points-all-1i-ou-under","draftkings","0.5","false","-125","2026-09-25T16:27:56.462Z","0.5","0.5","-109","-125",""
"SPORTSGAMEODDS","PQTLdIKjLPpOb4NAXgA8","2026-09-25T23:40:00.000Z","St. Louis Cardinals @ Milwaukee Brewers","St. Louis Cardinals","Milwaukee Brewers","1","full","FULL_INNING_TOTAL","under","","points-all-1i-ou-under","draftkings","1.5","true","-310","2026-09-25T16:27:56.462Z","0.5","0.5","","",""
"SPORTSGAMEODDS","PQTLdIKjLPpOb4NAXgA8","2026-09-25T23:40:00.000Z","St. Louis Cardinals @ Milwaukee Brewers","St. Louis Cardinals","Milwaukee Brewers","1","full","FULL_INNING_TOTAL","under","","points-all-1i-ou-under","betmgm","0.5","false","-125","2026-09-25T16:28:14.680Z","0.5","0.5","-109","-125","https://sports.nj.betmgm.com/en/sports?options=19945280-1561272899-2304273157"
"SPORTSGAMEODDS","PQTLdIKjLPpOb4NAXgA8","2026-09-25T23:40:00.000Z","St. Louis Cardinals @ Milwaukee Brewers","St. Louis Cardinals","Milwaukee Brewers","1","full","FULL_INNING_3WAY","away","","points-away-1i-ml3way-away","fanduel","","false","350","2026-09-25T16:28:08.825Z","","","","","https://sportsbook.fanduel.com/addToBetslip?marketId=717.188359319&selectionId=50291"
"SPORTSGAMEODDS","PQTLdIKjLPpOb4NAXgA8","2026-09-25T23:40:00.000Z","St. Louis Cardinals @ Milwaukee Brewers","St. Louis Cardinals","Milwaukee Brewers","1","full","FULL_INNING_3WAY","away","","points-away-1i-ml3way-away","draftkings","","false","330","2026-09-25T16:27:56.462Z","","","","",""
"SPORTSGAMEODDS","PQTLdIKjLPpOb4NAXgA8","2026-09-25T23:40:00.000Z","St. Louis Cardinals @ Milwaukee Brewers","St. Louis Cardinals","Milwaukee Brewers","1","full","FULL_INNING_3WAY","away","","points-away-1i-ml3way-away","betmgm","","false","350","2026-09-25T16:28:14.680Z","","","","","https://sports.nj.betmgm.com/en/sports?options=19945280-1561272900-2304273148"
"SPORTSGAMEODDS","PQTLdIKjLPpOb4NAXgA8","2026-09-25T23:40:00.000Z","St. Louis Cardinals @ Milwaukee Brewers","St. Louis Cardinals","Milwaukee Brewers","1","full","FULL_INNING_3WAY","home","","points-home-1i-ml3way-home","fanduel","","false","280","2026-09-25T16:28:08.825Z","","","","","https://sportsbook.fanduel.com/addToBetslip?marketId=717.188359319&selectionId=29172"
"SPORTSGAMEODDS","PQTLdIKjLPpOb4NAXgA8","2026-09-25T23:40:00.000Z","St. Louis Cardinals @ Milwaukee Brewers","St. Louis Cardinals","Milwaukee Brewers","1","full","FULL_INNING_3WAY","home","","points-home-1i-ml3way-home","draftkings","","false","265","2026-09-25T16:27:56.462Z","","","","",""
"SPORTSGAMEODDS","PQTLdIKjLPpOb4NAXgA8","2026-09-25T23:40:00.000Z","St. Louis Cardinals @ Milwaukee Brewers","St. Louis Cardinals","Milwaukee Brewers","1","full","FULL_INNING_3WAY","home","","points-home-1i-ml3way-home","betmgm","","false","260","2026-09-25T16:28:14.680Z","","","","","https://sports.nj.betmgm.com/en/sports?options=19945280-1561272900-2304273150"
"SPORTSGAMEODDS","PQTLdIKjLPpOb4NAXgA8","2026-09-25T23:40:00.000Z","St. Louis Cardinals @ Milwaukee Brewers","St. Louis Cardinals","Milwaukee Brewers","2","full","FULL_INNING_3WAY","draw","","points-all-2i-ml3way-draw","fanduel","","false","-165","2026-09-25T16:28:08.825Z","","","","","https://sportsbook.fanduel.com/addToBetslip?marketId=717.188359341&selectionId=131604"
"SPORTSGAMEODDS","PQTLdIKjLPpOb4NAXgA8","2026-09-25T23:40:00.000Z","St. Louis Cardinals @ Milwaukee Brewers","St. Louis Cardinals","Milwaukee Brewers","2","full","FULL_INNING_3WAY","draw","","points-all-2i-ml3way-draw","draftkings","","false","-155","2026-09-25T16:27:56.462Z","","","","",""
"SPORTSGAMEODDS","PQTLdIKjLPpOb4NAXgA8","2026-09-25T23:40:00.000Z","St. Louis Cardinals @ Milwaukee Brewers","St. Louis Cardinals","Milwaukee Brewers","2","full","FULL_INNING_TOTAL","over","","points-all-2i-ou-over","fanduel","0.5","false","116","2026-09-25T16:28:08.825Z","0.5","0.5","117","100","https://sportsbook.fanduel.com/addToBetslip?marketId=717.188359360&selectionId=7017905"
"SPORTSGAMEODDS","PQTLdIKjLPpOb4NAXgA8","2026-09-25T23:40:00.000Z","St. Louis Cardinals @ Milwaukee Brewers","St. Louis Cardinals","Milwaukee Brewers","2","full","FULL_INNING_TOTAL","over","","points-all-2i-ou-over","fanduel","1.5","true","310","2026-09-25T16:28:08.825Z","0.5","0.5","","","https://sportsbook.fanduel.com/addToBetslip?marketId=717.188359360&selectionId=7017905"
"SPORTSGAMEODDS","PQTLdIKjLPpOb4NAXgA8","2026-09-25T23:40:00.000Z","St. Louis Cardinals @ Milwaukee Brewers","St. Louis Cardinals","Milwaukee Brewers","2","full","FULL_INNING_TOTAL","over","","points-all-2i-ou-over","draftkings","0.5","false","100","2026-09-25T16:27:56.462Z","0.5","0.5","117","100",""
"SPORTSGAMEODDS","PQTLdIKjLPpOb4NAXgA8","2026-09-25T23:40:00.000Z","St. Louis Cardinals @ Milwaukee Brewers","St. Louis Cardinals","Milwaukee Brewers","2","full","FULL_INNING_TOTAL","over","","points-all-2i-ou-over","draftkings","1.5","true","255","2026-09-25T16:27:56.462Z","0.5","0.5","","",""
"SPORTSGAMEODDS","PQTLdIKjLPpOb4NAXgA8","2026-09-25T23:40:00.000Z","St. Louis Cardinals @ Milwaukee Brewers","St. Louis Cardinals","Milwaukee Brewers","2","full","FULL_INNING_TOTAL","under","","points-all-2i-ou-under","fanduel","0.5","false","-142","2026-09-25T16:28:08.825Z","0.5","0.5","-117","-142","https://sportsbook.fanduel.com/addToBetslip?marketId=717.188359360&selectionId=7017906"
"SPORTSGAMEODDS","PQTLdIKjLPpOb4NAXgA8","2026-09-25T23:40:00.000Z","St. Louis Cardinals @ Milwaukee Brewers","St. Louis Cardinals","Milwaukee Brewers","2","full","FULL_INNING_TOTAL","under","","points-all-2i-ou-under","fanduel","1.5","true","-420","2026-09-25T16:28:08.825Z","0.5","0.5","","","https://sportsbook.fanduel.com/addToBetslip?marketId=717.188359360&selectionId=7017906"
"SPORTSGAMEODDS","PQTLdIKjLPpOb4NAXgA8","2026-09-25T23:40:00.000Z","St. Louis Cardinals @ Milwaukee Brewers","St. Louis Cardinals","Milwaukee Brewers","2","full","FULL_INNING_TOTAL","under","","points-all-2i-ou-under","draftkings","0.5","false","-135","2026-09-25T16:27:56.462Z","0.5","0.5","-117","-142",""
"SPORTSGAMEODDS","PQTLdIKjLPpOb4NAXgA8","2026-09-25T23:40:00.000Z","St. Louis Cardinals @ Milwaukee Brewers","St. Louis Cardinals","Milwaukee Brewers","2","full","FULL_INNING_TOTAL","under","","points-all-2i-ou-under","draftkings","1.5","true","-360","2026-09-25T16:27:56.462Z","0.5","0.5","","",""
"SPORTSGAMEODDS","PQTLdIKjLPpOb4NAXgA8","2026-09-25T23:40:00.000Z","St. Louis Cardinals @ Milwaukee Brewers","St. Louis Cardinals","Milwaukee Brewers","3","full","FULL_INNING_3WAY","draw","","points-all-3i-ml3way-draw","fanduel","","false","-150","2026-09-25T16:28:08.825Z","","","","","https://sportsbook.fanduel.com/addToBetslip?marketId=717.188359376&selectionId=131604"
"SPORTSGAMEODDS","PQTLdIKjLPpOb4NAXgA8","2026-09-25T23:40:00.000Z","St. Louis Cardinals @ Milwaukee Brewers","St. Louis Cardinals","Milwaukee Brewers","3","full","FULL_INNING_3WAY","draw","","points-all-3i-ml3way-draw","draftkings","","false","-155","2026-09-25T16:27:56.462Z","","","","",""
"SPORTSGAMEODDS","PQTLdIKjLPpOb4NAXgA8","2026-09-25T23:40:00.000Z","St. Louis Cardinals @ Milwaukee Brewers","St. Louis Cardinals","Milwaukee Brewers","3","full","FULL_INNING_TOTAL","over","","points-all-3i-ou-over","fanduel","0.5","false","106","2026-09-25T16:28:08.825Z","0.5","0.5","115","100","https://sportsbook.fanduel.com/addToBetslip?marketId=717.188359363&selectionId=7017905"
"SPORTSGAMEODDS","PQTLdIKjLPpOb4NAXgA8","2026-09-25T23:40:00.000Z","St. Louis Cardinals @ Milwaukee Brewers","St. Louis Cardinals","Milwaukee Brewers","3","full","FULL_INNING_TOTAL","over","","points-all-3i-ou-over","fanduel","1.5","true","270","2026-09-25T16:28:08.825Z","0.5","0.5","","","https://sportsbook.fanduel.com/addToBetslip?marketId=717.188359363&selectionId=7017905"
"SPORTSGAMEODDS","PQTLdIKjLPpOb4NAXgA8","2026-09-25T23:40:00.000Z","St. Louis Cardinals @ Milwaukee Brewers","St. Louis Cardinals","Milwaukee Brewers","3","full","FULL_INNING_TOTAL","over","","points-all-3i-ou-over","draftkings","0.5","false","100","2026-09-25T16:27:56.462Z","0.5","0.5","115","100",""
"SPORTSGAMEODDS","PQTLdIKjLPpOb4NAXgA8","2026-09-25T23:40:00.000Z","St. Louis Cardinals @ Milwaukee Brewers","St. Louis Cardinals","Milwaukee Brewers","3","full","FULL_INNING_TOTAL","over","","points-all-3i-ou-over","draftkings","1.5","true","255","2026-09-25T16:27:56.462Z","0.5","0.5","","",""
"SPORTSGAMEODDS","PQTLdIKjLPpOb4NAXgA8","2026-09-25T23:40:00.000Z","St. Louis Cardinals @ Milwaukee Brewers","St. Louis Cardinals","Milwaukee Brewers","3","full","FULL_INNING_TOTAL","under","","points-all-3i-ou-under","fanduel","0.5","false","-130","2026-09-25T16:28:08.825Z","0.5","0.5","-115","-135","https://sportsbook.fanduel.com/addToBetslip?marketId=717.188359363&selectionId=7017906"
"SPORTSGAMEODDS","PQTLdIKjLPpOb4NAXgA8","2026-09-25T23:40:00.000Z","St. Louis Cardinals @ Milwaukee Brewers","St. Louis Cardinals","Milwaukee Brewers","3","full","FULL_INNING_TOTAL","under","","points-all-3i-ou-under","fanduel","1.5","true","-355","2026-09-25T16:28:08.825Z","0.5","0.5","","","https://sportsbook.fanduel.com/addToBetslip?marketId=717.188359363&selectionId=7017906"
"SPORTSGAMEODDS","PQTLdIKjLPpOb4NAXgA8","2026-09-25T23:40:00.000Z","St. Louis Cardinals @ Milwaukee Brewers","St. Louis Cardinals","Milwaukee Brewers","3","full","FULL_INNING_TOTAL","under","","points-all-3i-ou-under","draftkings","0.5","false","-135","2026-09-25T16:27:56.462Z","0.5","0.5","-115","-135",""
"SPORTSGAMEODDS","PQTLdIKjLPpOb4NAXgA8","2026-09-25T23:40:00.000Z","St. Louis Cardinals @ Milwaukee Brewers","St. Louis Cardinals","Milwaukee Brewers","3","full","FULL_INNING_TOTAL","under","","points-all-3i-ou-under","draftkings","1.5","true","-360","2026-09-25T16:27:56.462Z","0.5","0.5","","",""
"SPORTSGAMEODDS","PQTLdIKjLPpOb4NAXgA8","2026-09-25T23:40:00.000Z","St. Louis Cardinals @ Milwaukee Brewers","St. Louis Cardinals","Milwaukee Brewers","4","full","FULL_INNING_3WAY","draw","","points-all-4i-ml3way-draw","fanduel","","false","-145","2026-09-25T16:28:08.825Z","","","","","https://sportsbook.fanduel.com/addToBetslip?marketId=717.188359373&selectionId=131604"
"SPORTSGAMEODDS","PQTLdIKjLPpOb4NAXgA8","2026-09-25T23:40:00.000Z","St. Louis Cardinals @ Milwaukee Brewers","St. Louis Cardinals","Milwaukee Brewers","4","full","FULL_INNING_3WAY","draw","","points-all-4i-ml3way-draw","draftkings","","false","-155","2026-09-25T16:27:56.462Z","","","","",""
"SPORTSGAMEODDS","PQTLdIKjLPpOb4NAXgA8","2026-09-25T23:40:00.000Z","St. Louis Cardinals @ Milwaukee Brewers","St. Louis Cardinals","Milwaukee Brewers","4","full","FULL_INNING_TOTAL","over","","points-all-4i-ou-over","fanduel","0.5","false","100","2026-09-25T16:28:08.825Z","0.5","0.5","115","100","https://sportsbook.fanduel.com/addToBetslip?marketId=717.188359404&selectionId=7017905"
"SPORTSGAMEODDS","PQTLdIKjLPpOb4NAXgA8","2026-09-25T23:40:00.000Z","St. Louis Cardinals @ Milwaukee Brewers","St. Louis Cardinals","Milwaukee Brewers","4","full","FULL_INNING_TOTAL","over","","points-all-4i-ou-over","fanduel","1.5","true","265","2026-09-25T16:28:08.825Z","0.5","0.5","","","https://sportsbook.fanduel.com/addToBetslip?marketId=717.188359404&selectionId=7017905"
"SPORTSGAMEODDS","PQTLdIKjLPpOb4NAXgA8","2026-09-25T23:40:00.000Z","St. Louis Cardinals @ Milwaukee Brewers","St. Louis Cardinals","Milwaukee Brewers","4","full","FULL_INNING_TOTAL","over","","points-all-4i-ou-over","draftkings","0.5","false","100","2026-09-25T16:27:56.462Z","0.5","0.5","115","100",""
"SPORTSGAMEODDS","PQTLdIKjLPpOb4NAXgA8","2026-09-25T23:40:00.000Z","St. Louis Cardinals @ Milwaukee Brewers","St. Louis Cardinals","Milwaukee Brewers","4","full","FULL_INNING_TOTAL","over","","points-all-4i-ou-over","draftkings","1.5","true","255","2026-09-25T16:27:56.462Z","0.5","0.5","","",""
"SPORTSGAMEODDS","PQTLdIKjLPpOb4NAXgA8","2026-09-25T23:40:00.000Z","St. Louis Cardinals @ Milwaukee Brewers","St. Louis Cardinals","Milwaukee Brewers","4","full","FULL_INNING_TOTAL","under","","points-all-4i-ou-under","fanduel","0.5","false","-122","2026-09-25T16:28:08.825Z","0.5","0.5","-115","-135","https://sportsbook.fanduel.com/addToBetslip?marketId=717.188359404&selectionId=7017906"
"SPORTSGAMEODDS","PQTLdIKjLPpOb4NAXgA8","2026-09-25T23:40:00.000Z","St. Louis Cardinals @ Milwaukee Brewers","St. Louis Cardinals","Milwaukee Brewers","4","full","FULL_INNING_TOTAL","under","","points-all-4i-ou-under","fanduel","1.5","true","-350","2026-09-25T16:28:08.825Z","0.5","0.5","","","https://sportsbook.fanduel.com/addToBetslip?marketId=717.188359404&selectionId=7017906"
"SPORTSGAMEODDS","PQTLdIKjLPpOb4NAXgA8","2026-09-25T23:40:00.000Z","St. Louis Cardinals @ Milwaukee Brewers","St. Louis Cardinals","Milwaukee Brewers","4","full","FULL_INNING_TOTAL","under","","points-all-4i-ou-under","draftkings","0.5","false","-135","2026-09-25T16:27:56.462Z","0.5","0.5","-115","-135",""
"SPORTSGAMEODDS","PQTLdIKjLPpOb4NAXgA8","2026-09-25T23:40:00.000Z","St. Louis Cardinals @ Milwaukee Brewers","St. Louis Cardinals","Milwaukee Brewers","4","full","FULL_INNING_TOTAL","under","","points-all-4i-ou-under","draftkings","1.5","true","-360","2026-09-25T16:27:56.462Z","0.5","0.5","","",""
"SPORTSGAMEODDS","PQTLdIKjLPpOb4NAXgA8","2026-09-25T23:40:00.000Z","St. Louis Cardinals @ Milwaukee Brewers","St. Louis Cardinals","Milwaukee Brewers","5","full","FULL_INNING_3WAY","draw","","points-all-5i-ml3way-draw","fanduel","","false","-150","2026-09-25T16:28:08.825Z","","","","","https://sportsbook.fanduel.com/addToBetslip?marketId=717.188359332&selectionId=131604"
"SPORTSGAMEODDS","PQTLdIKjLPpOb4NAXgA8","2026-09-25T23:40:00.000Z","St. Louis Cardinals @ Milwaukee Brewers","St. Louis Cardinals","Milwaukee Brewers","5","full","FULL_INNING_3WAY","draw","","points-all-5i-ml3way-draw","draftkings","","false","-160","2026-09-25T16:27:56.462Z","","","","",""
"SPORTSGAMEODDS","PQTLdIKjLPpOb4NAXgA8","2026-09-25T23:40:00.000Z","St. Louis Cardinals @ Milwaukee Brewers","St. Louis Cardinals","Milwaukee Brewers","5","full","FULL_INNING_TOTAL","over","","points-all-5i-ou-over","fanduel","0.5","false","110","2026-09-25T16:28:08.825Z","0.5","0.5","121","105","https://sportsbook.fanduel.com/addToBetslip?marketId=717.188359431&selectionId=7017905"
"SPORTSGAMEODDS","PQTLdIKjLPpOb4NAXgA8","2026-09-25T23:40:00.000Z","St. Louis Cardinals @ Milwaukee Brewers","St. Louis Cardinals","Milwaukee Brewers","5","full","FULL_INNING_TOTAL","over","","points-all-5i-ou-over","fanduel","1.5","true","285","2026-09-25T16:28:08.825Z","0.5","0.5","","","https://sportsbook.fanduel.com/addToBetslip?marketId=717.188359431&selectionId=7017905"
"SPORTSGAMEODDS","PQTLdIKjLPpOb4NAXgA8","2026-09-25T23:40:00.000Z","St. Louis Cardinals @ Milwaukee Brewers","St. Louis Cardinals","Milwaukee Brewers","5","full","FULL_INNING_TOTAL","over","","points-all-5i-ou-over","draftkings","0.5","false","105","2026-09-25T16:27:56.462Z","0.5","0.5","121","105",""
"SPORTSGAMEODDS","PQTLdIKjLPpOb4NAXgA8","2026-09-25T23:40:00.000Z","St. Louis Cardinals @ Milwaukee Brewers","St. Louis Cardinals","Milwaukee Brewers","5","full","FULL_INNING_TOTAL","over","","points-all-5i-ou-over","draftkings","1.5","true","270","2026-09-25T16:27:56.462Z","0.5","0.5","","",""
"SPORTSGAMEODDS","PQTLdIKjLPpOb4NAXgA8","2026-09-25T23:40:00.000Z","St. Louis Cardinals @ Milwaukee Brewers","St. Louis Cardinals","Milwaukee Brewers","5","full","FULL_INNING_TOTAL","under","","points-all-5i-ou-under","fanduel","0.5","false","-134","2026-09-25T16:28:08.825Z","0.5","0.5","-121","-145","https://sportsbook.fanduel.com/addToBetslip?marketId=717.188359431&selectionId=7017906"
"SPORTSGAMEODDS","PQTLdIKjLPpOb4NAXgA8","2026-09-25T23:40:00.000Z","St. Louis Cardinals @ Milwaukee Brewers","St. Louis Cardinals","Milwaukee Brewers","5","full","FULL_INNING_TOTAL","under","","points-all-5i-ou-under","fanduel","1.5","true","-375","2026-09-25T16:28:08.825Z","0.5","0.5","","","https://sportsbook.fanduel.com/addToBetslip?marketId=717.188359431&selectionId=7017906"
"SPORTSGAMEODDS","PQTLdIKjLPpOb4NAXgA8","2026-09-25T23:40:00.000Z","St. Louis Cardinals @ Milwaukee Brewers","St. Louis Cardinals","Milwaukee Brewers","5","full","FULL_INNING_TOTAL","under","","points-all-5i-ou-under","draftkings","0.5","false","-145","2026-09-25T16:27:56.462Z","0.5","0.5","-121","-145",""
"SPORTSGAMEODDS","PQTLdIKjLPpOb4NAXgA8","2026-09-25T23:40:00.000Z","St. Louis Cardinals @ Milwaukee Brewers","St. Louis Cardinals","Milwaukee Brewers","5","full","FULL_INNING_TOTAL","under","","points-all-5i-ou-under","draftkings","1.5","true","-380","2026-09-25T16:27:56.462Z","0.5","0.5","","",""
"SPORTSGAMEODDS","PQTLdIKjLPpOb4NAXgA8","2026-09-25T23:40:00.000Z","St. Louis Cardinals @ Milwaukee Brewers","St. Louis Cardinals","Milwaukee Brewers","6","full","FULL_INNING_3WAY","draw","","points-all-6i-ml3way-draw","fanduel","","false","-165","2026-09-25T16:28:08.825Z","","","","","https://sportsbook.fanduel.com/addToBetslip?marketId=717.188359449&selectionId=131604"
"SPORTSGAMEODDS","PQTLdIKjLPpOb4NAXgA8","2026-09-25T23:40:00.000Z","St. Louis Cardinals @ Milwaukee Brewers","St. Louis Cardinals","Milwaukee Brewers","6","full","FULL_INNING_3WAY","draw","","points-all-6i-ml3way-draw","draftkings","","false","-150","2026-09-25T16:27:56.462Z","","","","",""
"SPORTSGAMEODDS","PQTLdIKjLPpOb4NAXgA8","2026-09-25T23:40:00.000Z","St. Louis Cardinals @ Milwaukee Brewers","St. Louis Cardinals","Milwaukee Brewers","6","full","FULL_INNING_TOTAL","over","","points-all-6i-ou-over","fanduel","0.5","false","110","2026-09-25T16:28:08.825Z","0.5","0.5","112","-105","https://sportsbook.fanduel.com/addToBetslip?marketId=717.188359381&selectionId=7017905"
"SPORTSGAMEODDS","PQTLdIKjLPpOb4NAXgA8","2026-09-25T23:40:00.000Z","St. Louis Cardinals @ Milwaukee Brewers","St. Louis Cardinals","Milwaukee Brewers","6","full","FULL_INNING_TOTAL","over","","points-all-6i-ou-over","fanduel","1.5","true","290","2026-09-25T16:28:08.825Z","0.5","0.5","","","https://sportsbook.fanduel.com/addToBetslip?marketId=717.188359381&selectionId=7017905"
"SPORTSGAMEODDS","PQTLdIKjLPpOb4NAXgA8","2026-09-25T23:40:00.000Z","St. Louis Cardinals @ Milwaukee Brewers","St. Louis Cardinals","Milwaukee Brewers","6","full","FULL_INNING_TOTAL","over","","points-all-6i-ou-over","draftkings","0.5","false","-105","2026-09-25T16:27:56.462Z","0.5","0.5","112","-105",""
"SPORTSGAMEODDS","PQTLdIKjLPpOb4NAXgA8","2026-09-25T23:40:00.000Z","St. Louis Cardinals @ Milwaukee Brewers","St. Louis Cardinals","Milwaukee Brewers","6","full","FULL_INNING_TOTAL","over","","points-all-6i-ou-over","draftkings","1.5","true","245","2026-09-25T16:27:56.462Z","0.5","0.5","","",""
"SPORTSGAMEODDS","PQTLdIKjLPpOb4NAXgA8","2026-09-25T23:40:00.000Z","St. Louis Cardinals @ Milwaukee Brewers","St. Louis Cardinals","Milwaukee Brewers","6","full","FULL_INNING_TOTAL","under","","points-all-6i-ou-under","fanduel","0.5","false","-134","2026-09-25T16:28:08.825Z","0.5","0.5","-112","-134","https://sportsbook.fanduel.com/addToBetslip?marketId=717.188359381&selectionId=7017906"
"SPORTSGAMEODDS","PQTLdIKjLPpOb4NAXgA8","2026-09-25T23:40:00.000Z","St. Louis Cardinals @ Milwaukee Brewers","St. Louis Cardinals","Milwaukee Brewers","6","full","FULL_INNING_TOTAL","under","","points-all-6i-ou-under","fanduel","1.5","true","-385","2026-09-25T16:28:08.825Z","0.5","0.5","","","https://sportsbook.fanduel.com/addToBetslip?marketId=717.188359381&selectionId=7017906"
"SPORTSGAMEODDS","PQTLdIKjLPpOb4NAXgA8","2026-09-25T23:40:00.000Z","St. Louis Cardinals @ Milwaukee Brewers","St. Louis Cardinals","Milwaukee Brewers","6","full","FULL_INNING_TOTAL","under","","points-all-6i-ou-under","draftkings","0.5","false","-130","2026-09-25T16:27:56.462Z","0.5","0.5","-112","-134",""
"SPORTSGAMEODDS","PQTLdIKjLPpOb4NAXgA8","2026-09-25T23:40:00.000Z","St. Louis Cardinals @ Milwaukee Brewers","St. Louis Cardinals","Milwaukee Brewers","6","full","FULL_INNING_TOTAL","under","","points-all-6i-ou-under","draftkings","1.5","true","-340","2026-09-25T16:27:56.462Z","0.5","0.5","","",""
"SPORTSGAMEODDS","PQTLdIKjLPpOb4NAXgA8","2026-09-25T23:40:00.000Z","St. Louis Cardinals @ Milwaukee Brewers","St. Louis Cardinals","Milwaukee Brewers","7","full","FULL_INNING_3WAY","draw","","points-all-7i-ml3way-draw","fanduel","","false","-170","2026-09-25T16:28:08.825Z","","","","","https://sportsbook.fanduel.com/addToBetslip?marketId=717.188359432&selectionId=131604"
"SPORTSGAMEODDS","PQTLdIKjLPpOb4NAXgA8","2026-09-25T23:40:00.000Z","St. Louis Cardinals @ Milwaukee Brewers","St. Louis Cardinals","Milwaukee Brewers","7","full","FULL_INNING_3WAY","draw","","points-all-7i-ml3way-draw","draftkings","","false","-170","2026-09-25T16:27:56.462Z","","","","",""
"SPORTSGAMEODDS","PQTLdIKjLPpOb4NAXgA8","2026-09-25T23:40:00.000Z","St. Louis Cardinals @ Milwaukee Brewers","St. Louis Cardinals","Milwaukee Brewers","7","full","FULL_INNING_TOTAL","over","","points-all-7i-ou-over","fanduel","0.5","false","120","2026-09-25T16:28:08.825Z","0.5","0.5","126","110","https://sportsbook.fanduel.com/addToBetslip?marketId=717.188359402&selectionId=7017905"
"SPORTSGAMEODDS","PQTLdIKjLPpOb4NAXgA8","2026-09-25T23:40:00.000Z","St. Louis Cardinals @ Milwaukee Brewers","St. Louis Cardinals","Milwaukee Brewers","7","full","FULL_INNING_TOTAL","over","","points-all-7i-ou-over","fanduel","1.5","true","310","2026-09-25T16:28:08.825Z","0.5","0.5","","","https://sportsbook.fanduel.com/addToBetslip?marketId=717.188359402&selectionId=7017905"
"SPORTSGAMEODDS","PQTLdIKjLPpOb4NAXgA8","2026-09-25T23:40:00.000Z","St. Louis Cardinals @ Milwaukee Brewers","St. Louis Cardinals","Milwaukee Brewers","7","full","FULL_INNING_TOTAL","over","","points-all-7i-ou-over","draftkings","0.5","false","110","2026-09-25T16:27:56.462Z","0.5","0.5","126","110",""
"SPORTSGAMEODDS","PQTLdIKjLPpOb4NAXgA8","2026-09-25T23:40:00.000Z","St. Louis Cardinals @ Milwaukee Brewers","St. Louis Cardinals","Milwaukee Brewers","7","full","FULL_INNING_TOTAL","over","","points-all-7i-ou-over","draftkings","1.5","true","280","2026-09-25T16:27:56.462Z","0.5","0.5","","",""
"SPORTSGAMEODDS","PQTLdIKjLPpOb4NAXgA8","2026-09-25T23:40:00.000Z","St. Louis Cardinals @ Milwaukee Brewers","St. Louis Cardinals","Milwaukee Brewers","7","full","FULL_INNING_TOTAL","under","","points-all-7i-ou-under","fanduel","0.5","false","-148","2026-09-25T16:28:08.825Z","0.5","0.5","-126","-150","https://sportsbook.fanduel.com/addToBetslip?marketId=717.188359402&selectionId=7017906"
"SPORTSGAMEODDS","PQTLdIKjLPpOb4NAXgA8","2026-09-25T23:40:00.000Z","St. Louis Cardinals @ Milwaukee Brewers","St. Louis Cardinals","Milwaukee Brewers","7","full","FULL_INNING_TOTAL","under","","points-all-7i-ou-under","fanduel","1.5","true","-420","2026-09-25T16:28:08.825Z","0.5","0.5","","","https://sportsbook.fanduel.com/addToBetslip?marketId=717.188359402&selectionId=7017906"
"SPORTSGAMEODDS","PQTLdIKjLPpOb4NAXgA8","2026-09-25T23:40:00.000Z","St. Louis Cardinals @ Milwaukee Brewers","St. Louis Cardinals","Milwaukee Brewers","7","full","FULL_INNING_TOTAL","under","","points-all-7i-ou-under","draftkings","0.5","false","-150","2026-09-25T16:27:56.462Z","0.5","0.5","-126","-150",""
"SPORTSGAMEODDS","PQTLdIKjLPpOb4NAXgA8","2026-09-25T23:40:00.000Z","St. Louis Cardinals @ Milwaukee Brewers","St. Louis Cardinals","Milwaukee Brewers","7","full","FULL_INNING_TOTAL","under","","points-all-7i-ou-under","draftkings","1.5","true","-390","2026-09-25T16:27:56.462Z","0.5","0.5","","",""
"SPORTSGAMEODDS","PQTLdIKjLPpOb4NAXgA8","2026-09-25T23:40:00.000Z","St. Louis Cardinals @ Milwaukee Brewers","St. Louis Cardinals","Milwaukee Brewers","8","full","FULL_INNING_TOTAL","over","","points-all-8i-ou-over","fanduel","0.5","false","122","2026-09-25T16:28:08.825Z","0.5","0.5","131","115","https://sportsbook.fanduel.com/addToBetslip?marketId=717.188359301&selectionId=7017905"
"SPORTSGAMEODDS","PQTLdIKjLPpOb4NAXgA8","2026-09-25T23:40:00.000Z","St. Louis Cardinals @ Milwaukee Brewers","St. Louis Cardinals","Milwaukee Brewers","8","full","FULL_INNING_TOTAL","over","","points-all-8i-ou-over","fanduel","1.5","true","310","2026-09-25T16:28:08.825Z","0.5","0.5","","","https://sportsbook.fanduel.com/addToBetslip?marketId=717.188359301&selectionId=7017905"
"SPORTSGAMEODDS","PQTLdIKjLPpOb4NAXgA8","2026-09-25T23:40:00.000Z","St. Louis Cardinals @ Milwaukee Brewers","St. Louis Cardinals","Milwaukee Brewers","8","full","FULL_INNING_TOTAL","over","","points-all-8i-ou-over","draftkings","0.5","false","115","2026-09-25T16:27:56.462Z","0.5","0.5","131","115",""
"SPORTSGAMEODDS","PQTLdIKjLPpOb4NAXgA8","2026-09-25T23:40:00.000Z","St. Louis Cardinals @ Milwaukee Brewers","St. Louis Cardinals","Milwaukee Brewers","8","full","FULL_INNING_TOTAL","over","","points-all-8i-ou-over","draftkings","1.5","true","295","2026-09-25T16:27:56.462Z","0.5","0.5","","",""
"SPORTSGAMEODDS","PQTLdIKjLPpOb4NAXgA8","2026-09-25T23:40:00.000Z","St. Louis Cardinals @ Milwaukee Brewers","St. Louis Cardinals","Milwaukee Brewers","8","full","FULL_INNING_TOTAL","under","","points-all-8i-ou-under","fanduel","0.5","false","-148","2026-09-25T16:28:08.825Z","0.5","0.5","-131","-155","https://sportsbook.fanduel.com/addToBetslip?marketId=717.188359301&selectionId=7017906"
"SPORTSGAMEODDS","PQTLdIKjLPpOb4NAXgA8","2026-09-25T23:40:00.000Z","St. Louis Cardinals @ Milwaukee Brewers","St. Louis Cardinals","Milwaukee Brewers","8","full","FULL_INNING_TOTAL","under","","points-all-8i-ou-under","fanduel","1.5","true","-390","2026-09-25T16:28:08.825Z","0.5","0.5","","","https://sportsbook.fanduel.com/addToBetslip?marketId=717.188359301&selectionId=7017906"
"SPORTSGAMEODDS","PQTLdIKjLPpOb4NAXgA8","2026-09-25T23:40:00.000Z","St. Louis Cardinals @ Milwaukee Brewers","St. Louis Cardinals","Milwaukee Brewers","8","full","FULL_INNING_TOTAL","under","","points-all-8i-ou-under","draftkings","0.5","false","-155","2026-09-25T16:27:56.462Z","0.5","0.5","-131","-155",""
"SPORTSGAMEODDS","PQTLdIKjLPpOb4NAXgA8","2026-09-25T23:40:00.000Z","St. Louis Cardinals @ Milwaukee Brewers","St. Louis Cardinals","Milwaukee Brewers","8","full","FULL_INNING_TOTAL","under","","points-all-8i-ou-under","draftkings","1.5","true","-425","2026-09-25T16:27:56.462Z","0.5","0.5","","",""
"SPORTSGAMEODDS","PQTLdIKjLPpOb4NAXgA8","2026-09-25T23:40:00.000Z","St. Louis Cardinals @ Milwaukee Brewers","St. Louis Cardinals","Milwaukee Brewers","9","full","FULL_INNING_3WAY","draw","","points-all-9i-ml3way-draw","fanduel","","false","-300","2026-09-25T16:28:08.825Z","","","","","https://sportsbook.fanduel.com/addToBetslip?marketId=717.188359405&selectionId=131604"
"SPORTSGAMEODDS","PQTLdIKjLPpOb4NAXgA8","2026-09-25T23:40:00.000Z","St. Louis Cardinals @ Milwaukee Brewers","St. Louis Cardinals","Milwaukee Brewers","9","full","FULL_INNING_3WAY","draw","","points-all-9i-ml3way-draw","draftkings","","false","-320","2026-09-25T16:27:56.462Z","","","","",""
"SPORTSGAMEODDS","PQTLdIKjLPpOb4NAXgA8","2026-09-25T23:40:00.000Z","St. Louis Cardinals @ Milwaukee Brewers","St. Louis Cardinals","Milwaukee Brewers","9","full","FULL_INNING_TOTAL","over","","points-all-9i-ou-over","fanduel","1.5","false","520","2026-09-25T16:28:08.825Z","","1.5","","510","https://sportsbook.fanduel.com/addToBetslip?marketId=717.188359393&selectionId=7017905"
"SPORTSGAMEODDS","PQTLdIKjLPpOb4NAXgA8","2026-09-25T23:40:00.000Z","St. Louis Cardinals @ Milwaukee Brewers","St. Louis Cardinals","Milwaukee Brewers","9","full","FULL_INNING_TOTAL","over","","points-all-9i-ou-over","draftkings","1.5","false","500","2026-09-25T16:27:56.462Z","","1.5","","510",""
"SPORTSGAMEODDS","PQTLdIKjLPpOb4NAXgA8","2026-09-25T23:40:00.000Z","St. Louis Cardinals @ Milwaukee Brewers","St. Louis Cardinals","Milwaukee Brewers","9","full","FULL_INNING_TOTAL","over","","points-all-9i-ou-over","draftkings","0.5","true","205","2026-09-25T16:27:56.462Z","","1.5","","",""
"SPORTSGAMEODDS","PQTLdIKjLPpOb4NAXgA8","2026-09-25T23:40:00.000Z","St. Louis Cardinals @ Milwaukee Brewers","St. Louis Cardinals","Milwaukee Brewers","9","full","FULL_INNING_TOTAL","under","","points-all-9i-ou-under","fanduel","1.5","false","-800","2026-09-25T16:28:08.825Z","","1.5","","-774","https://sportsbook.fanduel.com/addToBetslip?marketId=717.188359393&selectionId=7017906"
"SPORTSGAMEODDS","PQTLdIKjLPpOb4NAXgA8","2026-09-25T23:40:00.000Z","St. Louis Cardinals @ Milwaukee Brewers","St. Louis Cardinals","Milwaukee Brewers","9","full","FULL_INNING_TOTAL","under","","points-all-9i-ou-under","draftkings","1.5","false","-750","2026-09-25T16:27:56.462Z","","1.5","","-774",""
"SPORTSGAMEODDS","PQTLdIKjLPpOb4NAXgA8","2026-09-25T23:40:00.000Z","St. Louis Cardinals @ Milwaukee Brewers","St. Louis Cardinals","Milwaukee Brewers","9","full","FULL_INNING_TOTAL","under","","points-all-9i-ou-under","draftkings","0.5","true","-280","2026-09-25T16:27:56.462Z","","1.5","","",""
"SPORTSGAMEODDS","PQTLdIKjLPpOb4NAXgA8","2026-09-25T23:40:00.000Z","St. Louis Cardinals @ Milwaukee Brewers","St. Louis Cardinals","Milwaukee Brewers","3","full","FULL_INNING_3WAY","away","","points-away-3i-ml3way-away","fanduel","","false","400","2026-09-25T16:28:08.825Z","","","","","https://sportsbook.fanduel.com/addToBetslip?marketId=717.188359376&selectionId=50291"
"SPORTSGAMEODDS","PQTLdIKjLPpOb4NAXgA8","2026-09-25T23:40:00.000Z","St. Louis Cardinals @ Milwaukee Brewers","St. Louis Cardinals","Milwaukee Brewers","3","full","FULL_INNING_3WAY","away","","points-away-3i-ml3way-away","draftkings","","false","370","2026-09-25T16:27:56.462Z","","","","",""
"SPORTSGAMEODDS","PQTLdIKjLPpOb4NAXgA8","2026-09-25T23:40:00.000Z","St. Louis Cardinals @ Milwaukee Brewers","St. Louis Cardinals","Milwaukee Brewers","4","full","FULL_INNING_3WAY","away","","points-away-4i-ml3way-away","fanduel","","false","380","2026-09-25T16:28:08.825Z","","","","","https://sportsbook.fanduel.com/addToBetslip?marketId=717.188359373&selectionId=50291"
"SPORTSGAMEODDS","PQTLdIKjLPpOb4NAXgA8","2026-09-25T23:40:00.000Z","St. Louis Cardinals @ Milwaukee Brewers","St. Louis Cardinals","Milwaukee Brewers","4","full","FULL_INNING_3WAY","away","","points-away-4i-ml3way-away","draftkings","","false","380","2026-09-25T16:27:56.462Z","","","","",""
"SPORTSGAMEODDS","PQTLdIKjLPpOb4NAXgA8","2026-09-25T23:40:00.000Z","St. Louis Cardinals @ Milwaukee Brewers","St. Louis Cardinals","Milwaukee Brewers","5","full","FULL_INNING_3WAY","away","","points-away-5i-ml3way-away","fanduel","","false","400","2026-09-25T16:28:08.825Z","","","","","https://sportsbook.fanduel.com/addToBetslip?marketId=717.188359332&selectionId=50291"
"SPORTSGAMEODDS","PQTLdIKjLPpOb4NAXgA8","2026-09-25T23:40:00.000Z","St. Louis Cardinals @ Milwaukee Brewers","St. Louis Cardinals","Milwaukee Brewers","5","full","FULL_INNING_3WAY","away","","points-away-5i-ml3way-away","draftkings","","false","390","2026-09-25T16:27:56.462Z","","","","",""
"SPORTSGAMEODDS","PQTLdIKjLPpOb4NAXgA8","2026-09-25T23:40:00.000Z","St. Louis Cardinals @ Milwaukee Brewers","St. Louis Cardinals","Milwaukee Brewers","6","full","FULL_INNING_3WAY","away","","points-away-6i-ml3way-away","fanduel","","false","400","2026-09-25T16:28:08.825Z","","","","","https://sportsbook.fanduel.com/addToBetslip?marketId=717.188359449&selectionId=50291"
"SPORTSGAMEODDS","PQTLdIKjLPpOb4NAXgA8","2026-09-25T23:40:00.000Z","St. Louis Cardinals @ Milwaukee Brewers","St. Louis Cardinals","Milwaukee Brewers","6","full","FULL_INNING_3WAY","away","","points-away-6i-ml3way-away","draftkings","","false","350","2026-09-25T16:27:56.462Z","","","","",""
"SPORTSGAMEODDS","PQTLdIKjLPpOb4NAXgA8","2026-09-25T23:40:00.000Z","St. Louis Cardinals @ Milwaukee Brewers","St. Louis Cardinals","Milwaukee Brewers","7","full","FULL_INNING_3WAY","away","","points-away-7i-ml3way-away","fanduel","","false","430","2026-09-25T16:28:08.825Z","","","","","https://sportsbook.fanduel.com/addToBetslip?marketId=717.188359432&selectionId=50291"
"SPORTSGAMEODDS","PQTLdIKjLPpOb4NAXgA8","2026-09-25T23:40:00.000Z","St. Louis Cardinals @ Milwaukee Brewers","St. Louis Cardinals","Milwaukee Brewers","7","full","FULL_INNING_3WAY","away","","points-away-7i-ml3way-away","draftkings","","false","425","2026-09-25T16:27:56.462Z","","","","",""
"SPORTSGAMEODDS","PQTLdIKjLPpOb4NAXgA8","2026-09-25T23:40:00.000Z","St. Louis Cardinals @ Milwaukee Brewers","St. Louis Cardinals","Milwaukee Brewers","8","full","FULL_INNING_3WAY","away","","points-away-8i-ml3way-away","fanduel","","false","420","2026-09-25T16:28:08.825Z","","","","","https://sportsbook.fanduel.com/addToBetslip?marketId=717.188359435&selectionId=50291"
"SPORTSGAMEODDS","PQTLdIKjLPpOb4NAXgA8","2026-09-25T23:40:00.000Z","St. Louis Cardinals @ Milwaukee Brewers","St. Louis Cardinals","Milwaukee Brewers","8","full","FULL_INNING_3WAY","away","","points-away-8i-ml3way-away","draftkings","","false","425","2026-09-25T16:27:56.462Z","","","","",""
"SPORTSGAMEODDS","PQTLdIKjLPpOb4NAXgA8","2026-09-25T23:40:00.000Z","St. Louis Cardinals @ Milwaukee Brewers","St. Louis Cardinals","Milwaukee Brewers","9","full","FULL_INNING_3WAY","away","","points-away-9i-ml3way-away","fanduel","","false","400","2026-09-25T16:28:08.825Z","","","","","https://sportsbook.fanduel.com/addToBetslip?marketId=717.188359405&selectionId=50291"
"SPORTSGAMEODDS","PQTLdIKjLPpOb4NAXgA8","2026-09-25T23:40:00.000Z","St. Louis Cardinals @ Milwaukee Brewers","St. Louis Cardinals","Milwaukee Brewers","9","full","FULL_INNING_3WAY","away","","points-away-9i-ml3way-away","draftkings","","false","400","2026-09-25T16:27:56.462Z","","","","",""
"SPORTSGAMEODDS","PQTLdIKjLPpOb4NAXgA8","2026-09-25T23:40:00.000Z","St. Louis Cardinals @ Milwaukee Brewers","St. Louis Cardinals","Milwaukee Brewers","2","full","FULL_INNING_3WAY","home","","points-home-2i-ml3way-home","fanduel","","false","280","2026-09-25T16:28:08.825Z","","","","","https://sportsbook.fanduel.com/addToBetslip?marketId=717.188359341&selectionId=29172"
"SPORTSGAMEODDS","PQTLdIKjLPpOb4NAXgA8","2026-09-25T23:40:00.000Z","St. Louis Cardinals @ Milwaukee Brewers","St. Louis Cardinals","Milwaukee Brewers","2","full","FULL_INNING_3WAY","home","","points-home-2i-ml3way-home","draftkings","","false","260","2026-09-25T16:27:56.462Z","","","","",""
"SPORTSGAMEODDS","PQTLdIKjLPpOb4NAXgA8","2026-09-25T23:40:00.000Z","St. Louis Cardinals @ Milwaukee Brewers","St. Louis Cardinals","Milwaukee Brewers","3","full","FULL_INNING_3WAY","home","","points-home-3i-ml3way-home","fanduel","","false","270","2026-09-25T16:28:08.825Z","","","","","https://sportsbook.fanduel.com/addToBetslip?marketId=717.188359376&selectionId=29172"
"SPORTSGAMEODDS","PQTLdIKjLPpOb4NAXgA8","2026-09-25T23:40:00.000Z","St. Louis Cardinals @ Milwaukee Brewers","St. Louis Cardinals","Milwaukee Brewers","3","full","FULL_INNING_3WAY","home","","points-home-3i-ml3way-home","draftkings","","false","270","2026-09-25T16:27:56.462Z","","","","",""
"SPORTSGAMEODDS","PQTLdIKjLPpOb4NAXgA8","2026-09-25T23:40:00.000Z","St. Louis Cardinals @ Milwaukee Brewers","St. Louis Cardinals","Milwaukee Brewers","4","full","FULL_INNING_3WAY","home","","points-home-4i-ml3way-home","fanduel","","false","260","2026-09-25T16:28:08.825Z","","","","","https://sportsbook.fanduel.com/addToBetslip?marketId=717.188359373&selectionId=29172"
"SPORTSGAMEODDS","PQTLdIKjLPpOb4NAXgA8","2026-09-25T23:40:00.000Z","St. Louis Cardinals @ Milwaukee Brewers","St. Louis Cardinals","Milwaukee Brewers","4","full","FULL_INNING_3WAY","home","","points-home-4i-ml3way-home","draftkings","","false","265","2026-09-25T16:27:56.462Z","","","","",""
"SPORTSGAMEODDS","PQTLdIKjLPpOb4NAXgA8","2026-09-25T23:40:00.000Z","St. Louis Cardinals @ Milwaukee Brewers","St. Louis Cardinals","Milwaukee Brewers","5","full","FULL_INNING_3WAY","home","","points-home-5i-ml3way-home","fanduel","","false","280","2026-09-25T16:28:08.825Z","","","","","https://sportsbook.fanduel.com/addToBetslip?marketId=717.188359332&selectionId=29172"
"SPORTSGAMEODDS","PQTLdIKjLPpOb4NAXgA8","2026-09-25T23:40:00.000Z","St. Louis Cardinals @ Milwaukee Brewers","St. Louis Cardinals","Milwaukee Brewers","5","full","FULL_INNING_3WAY","home","","points-home-5i-ml3way-home","draftkings","","false","270","2026-09-25T16:27:56.462Z","","","","",""
"SPORTSGAMEODDS","PQTLdIKjLPpOb4NAXgA8","2026-09-25T23:40:00.000Z","St. Louis Cardinals @ Milwaukee Brewers","St. Louis Cardinals","Milwaukee Brewers","6","full","FULL_INNING_3WAY","home","","points-home-6i-ml3way-home","fanduel","","false","280","2026-09-25T16:28:08.825Z","","","","","https://sportsbook.fanduel.com/addToBetslip?marketId=717.188359449&selectionId=29172"
"SPORTSGAMEODDS","PQTLdIKjLPpOb4NAXgA8","2026-09-25T23:40:00.000Z","St. Louis Cardinals @ Milwaukee Brewers","St. Louis Cardinals","Milwaukee Brewers","6","full","FULL_INNING_3WAY","home","","points-home-6i-ml3way-home","draftkings","","false","270","2026-09-25T16:27:56.462Z","","","","",""
"SPORTSGAMEODDS","PQTLdIKjLPpOb4NAXgA8","2026-09-25T23:40:00.000Z","St. Louis Cardinals @ Milwaukee Brewers","St. Louis Cardinals","Milwaukee Brewers","7","full","FULL_INNING_3WAY","home","","points-home-7i-ml3way-home","fanduel","","false","290","2026-09-25T16:28:08.825Z","","","","","https://sportsbook.fanduel.com/addToBetslip?marketId=717.188359432&selectionId=29172"
"SPORTSGAMEODDS","PQTLdIKjLPpOb4NAXgA8","2026-09-25T23:40:00.000Z","St. Louis Cardinals @ Milwaukee Brewers","St. Louis Cardinals","Milwaukee Brewers","7","full","FULL_INNING_3WAY","home","","points-home-7i-ml3way-home","draftkings","","false","275","2026-09-25T16:27:56.462Z","","","","",""
"SPORTSGAMEODDS","PQTLdIKjLPpOb4NAXgA8","2026-09-25T23:40:00.000Z","St. Louis Cardinals @ Milwaukee Brewers","St. Louis Cardinals","Milwaukee Brewers","8","full","FULL_INNING_3WAY","home","","points-home-8i-ml3way-home","fanduel","","false","300","2026-09-25T16:28:08.825Z","","","","","https://sportsbook.fanduel.com/addToBetslip?marketId=717.188359435&selectionId=29172"
"SPORTSGAMEODDS","PQTLdIKjLPpOb4NAXgA8","2026-09-25T23:40:00.000Z","St. Louis Cardinals @ Milwaukee Brewers","St. Louis Cardinals","Milwaukee Brewers","8","full","FULL_INNING_3WAY","home","","points-home-8i-ml3way-home","draftkings","","false","275","2026-09-25T16:27:56.462Z","","","","",""
"SPORTSGAMEODDS","PQTLdIKjLPpOb4NAXgA8","2026-09-25T23:40:00.000Z","St. Louis Cardinals @ Milwaukee Brewers","St. Louis Cardinals","Milwaukee Brewers","9","full","FULL_INNING_3WAY","home","","points-home-9i-ml3way-home","fanduel","","false","700","2026-09-25T16:28:08.825Z","","","","","https://sportsbook.fanduel.com/addToBetslip?marketId=717.188359405&selectionId=29172"
"SPORTSGAMEODDS","PQTLdIKjLPpOb4NAXgA8","2026-09-25T23:40:00.000Z","St. Louis Cardinals @ Milwaukee Brewers","St. Louis Cardinals","Milwaukee Brewers","9","full","FULL_INNING_3WAY","home","","points-home-9i-ml3way-home","draftkings","","false","650","2026-09-25T16:27:56.462Z","","","","",""
"SPORTSGAMEODDS","PQTLdIKjLPpOb4NAXgA8","2026-09-25T23:40:00.000Z","St. Louis Cardinals @ Milwaukee Brewers","St. Louis Cardinals","Milwaukee Brewers","8","full","FULL_INNING_3WAY","draw","","points-all-8i-ml3way-draw","fanduel","","false","-170","2026-09-25T16:28:08.825Z","","","","","https://sportsbook.fanduel.com/addToBetslip?marketId=717.188359435&selectionId=131604"
"SPORTSGAMEODDS","PQTLdIKjLPpOb4NAXgA8","2026-09-25T23:40:00.000Z","St. Louis Cardinals @ Milwaukee Brewers","St. Louis Cardinals","Milwaukee Brewers","8","full","FULL_INNING_3WAY","draw","","points-all-8i-ml3way-draw","draftkings","","false","-175","2026-09-25T16:27:56.462Z","","","","",""
"SPORTSGAMEODDS","PQTLdIKjLPpOb4NAXgA8","2026-09-25T23:40:00.000Z","St. Louis Cardinals @ Milwaukee Brewers","St. Louis Cardinals","Milwaukee Brewers","2","full","FULL_INNING_3WAY","away","","points-away-2i-ml3way-away","fanduel","","false","440","2026-09-25T16:28:08.825Z","","","","","https://sportsbook.fanduel.com/addToBetslip?marketId=717.188359341&selectionId=50291"
"SPORTSGAMEODDS","PQTLdIKjLPpOb4NAXgA8","2026-09-25T23:40:00.000Z","St. Louis Cardinals @ Milwaukee Brewers","St. Louis Cardinals","Milwaukee Brewers","2","full","FULL_INNING_3WAY","away","","points-away-2i-ml3way-away","draftkings","","false","390","2026-09-25T16:27:56.462Z","","","","",""
"SPORTSGAMEODDS","TqrEdthbWB14SbfcH54s","2026-09-25T23:40:00.000Z","Colorado Rockies @ Chicago White Sox","Colorado Rockies","Chicago White Sox","1","full","FULL_INNING_3WAY","draw","","points-all-1i-ml3way-draw","fanduel","","false","-140","2026-09-25T16:28:08.825Z","","","","","https://sportsbook.fanduel.com/addToBetslip?marketId=717.188362734&selectionId=131604"
"SPORTSGAMEODDS","TqrEdthbWB14SbfcH54s","2026-09-25T23:40:00.000Z","Colorado Rockies @ Chicago White Sox","Colorado Rockies","Chicago White Sox","1","full","FULL_INNING_3WAY","draw","","points-all-1i-ml3way-draw","draftkings","","false","-150","2026-09-25T16:27:56.462Z","","","","",""
"SPORTSGAMEODDS","TqrEdthbWB14SbfcH54s","2026-09-25T23:40:00.000Z","Colorado Rockies @ Chicago White Sox","Colorado Rockies","Chicago White Sox","1","full","FULL_INNING_3WAY","draw","","points-all-1i-ml3way-draw","betmgm","","false","-140","2026-09-25T16:28:20.372Z","","","","","https://sports.nj.betmgm.com/en/sports?options=19945279-1561272711-2304272746"
"SPORTSGAMEODDS","TqrEdthbWB14SbfcH54s","2026-09-25T23:40:00.000Z","Colorado Rockies @ Chicago White Sox","Colorado Rockies","Chicago White Sox","1","full","FULL_INNING_TOTAL","over","","points-all-1i-ou-over","fanduel","0.5","false","-102","2026-09-25T16:28:08.825Z","0.5","0.5","110","-102","https://sportsbook.fanduel.com/addToBetslip?marketId=717.188362699&selectionId=7017905"
"SPORTSGAMEODDS","TqrEdthbWB14SbfcH54s","2026-09-25T23:40:00.000Z","Colorado Rockies @ Chicago White Sox","Colorado Rockies","Chicago White Sox","1","full","FULL_INNING_TOTAL","over","","points-all-1i-ou-over","fanduel","1.5","true","250","2026-09-25T16:28:08.825Z","0.5","0.5","","","https://sportsbook.fanduel.com/addToBetslip?marketId=717.188362699&selectionId=7017905"
"SPORTSGAMEODDS","TqrEdthbWB14SbfcH54s","2026-09-25T23:40:00.000Z","Colorado Rockies @ Chicago White Sox","Colorado Rockies","Chicago White Sox","1","full","FULL_INNING_TOTAL","over","","points-all-1i-ou-over","caesars","0.5","false","-104","2026-09-25T16:28:20.372Z","0.5","0.5","110","-102","https://sportsbook.caesars.com/us/nj/bet/betslip?selectionIds=293c1b74-1db3-37d5-87e4-aa42841dd10c"
"SPORTSGAMEODDS","TqrEdthbWB14SbfcH54s","2026-09-25T23:40:00.000Z","Colorado Rockies @ Chicago White Sox","Colorado Rockies","Chicago White Sox","1","full","FULL_INNING_TOTAL","over","","points-all-1i-ou-over","draftkings","0.5","false","100","2026-09-25T16:27:56.462Z","0.5","0.5","110","-102",""
"SPORTSGAMEODDS","TqrEdthbWB14SbfcH54s","2026-09-25T23:40:00.000Z","Colorado Rockies @ Chicago White Sox","Colorado Rockies","Chicago White Sox","1","full","FULL_INNING_TOTAL","over","","points-all-1i-ou-over","draftkings","1.5","true","245","2026-09-25T16:27:56.462Z","0.5","0.5","","",""
"SPORTSGAMEODDS","TqrEdthbWB14SbfcH54s","2026-09-25T23:40:00.000Z","Colorado Rockies @ Chicago White Sox","Colorado Rockies","Chicago White Sox","1","full","FULL_INNING_TOTAL","over","","points-all-1i-ou-over","betmgm","0.5","false","-102","2026-09-25T16:28:20.372Z","0.5","0.5","110","-102","https://sports.nj.betmgm.com/en/sports?options=19945279-1561272680-2304272674"
"SPORTSGAMEODDS","TqrEdthbWB14SbfcH54s","2026-09-25T23:40:00.000Z","Colorado Rockies @ Chicago White Sox","Colorado Rockies","Chicago White Sox","1","full","FULL_INNING_TOTAL","under","","points-all-1i-ou-under","fanduel","0.5","false","-125","2026-09-25T16:28:08.825Z","0.5","0.5","-110","-125","https://sportsbook.fanduel.com/addToBetslip?marketId=717.188362699&selectionId=7017906"
"SPORTSGAMEODDS","TqrEdthbWB14SbfcH54s","2026-09-25T23:40:00.000Z","Colorado Rockies @ Chicago White Sox","Colorado Rockies","Chicago White Sox","1","full","FULL_INNING_TOTAL","under","","points-all-1i-ou-under","fanduel","1.5","true","-325","2026-09-25T16:28:08.825Z","0.5","0.5","","","https://sportsbook.fanduel.com/addToBetslip?marketId=717.188362699&selectionId=7017906"
"SPORTSGAMEODDS","TqrEdthbWB14SbfcH54s","2026-09-25T23:40:00.000Z","Colorado Rockies @ Chicago White Sox","Colorado Rockies","Chicago White Sox","1","full","FULL_INNING_TOTAL","under","","points-all-1i-ou-under","caesars","0.5","false","-120","2026-09-25T16:28:20.372Z","0.5","0.5","-110","-125","https://sportsbook.caesars.com/us/nj/bet/betslip?selectionIds=8273053a-06a4-3d2b-bf76-e8f42cfd3436"
"SPORTSGAMEODDS","TqrEdthbWB14SbfcH54s","2026-09-25T23:40:00.000Z","Colorado Rockies @ Chicago White Sox","Colorado Rockies","Chicago White Sox","1","full","FULL_INNING_TOTAL","under","","points-all-1i-ou-under","draftkings","0.5","false","-135","2026-09-25T16:27:56.462Z","0.5","0.5","-110","-125",""
"SPORTSGAMEODDS","TqrEdthbWB14SbfcH54s","2026-09-25T23:40:00.000Z","Colorado Rockies @ Chicago White Sox","Colorado Rockies","Chicago White Sox","1","full","FULL_INNING_TOTAL","under","","points-all-1i-ou-under","draftkings","1.5","true","-330","2026-09-25T16:27:56.462Z","0.5","0.5","","",""
"SPORTSGAMEODDS","TqrEdthbWB14SbfcH54s","2026-09-25T23:40:00.000Z","Colorado Rockies @ Chicago White Sox","Colorado Rockies","Chicago White Sox","1","full","FULL_INNING_TOTAL","under","","points-all-1i-ou-under","betmgm","0.5","false","-125","2026-09-25T16:28:20.372Z","0.5","0.5","-110","-125","https://sports.nj.betmgm.com/en/sports?options=19945279-1561272680-2304272675"
"SPORTSGAMEODDS","TqrEdthbWB14SbfcH54s","2026-09-25T23:40:00.000Z","Colorado Rockies @ Chicago White Sox","Colorado Rockies","Chicago White Sox","1","full","FULL_INNING_3WAY","away","","points-away-1i-ml3way-away","fanduel","","false","420","2026-09-25T16:28:08.825Z","","","","","https://sportsbook.fanduel.com/addToBetslip?marketId=717.188362734&selectionId=29168"
"SPORTSGAMEODDS","TqrEdthbWB14SbfcH54s","2026-09-25T23:40:00.000Z","Colorado Rockies @ Chicago White Sox","Colorado Rockies","Chicago White Sox","1","full","FULL_INNING_3WAY","away","","points-away-1i-ml3way-away","draftkings","","false","450","2026-09-25T16:27:56.462Z","","","","",""
"SPORTSGAMEODDS","TqrEdthbWB14SbfcH54s","2026-09-25T23:40:00.000Z","Colorado Rockies @ Chicago White Sox","Colorado Rockies","Chicago White Sox","1","full","FULL_INNING_3WAY","away","","points-away-1i-ml3way-away","betmgm","","false","400","2026-09-25T16:28:20.372Z","","","","","https://sports.nj.betmgm.com/en/sports?options=19945279-1561272711-2304272745"
"SPORTSGAMEODDS","TqrEdthbWB14SbfcH54s","2026-09-25T23:40:00.000Z","Colorado Rockies @ Chicago White Sox","Colorado Rockies","Chicago White Sox","1","full","FULL_INNING_3WAY","home","","points-home-1i-ml3way-home","fanduel","","false","240","2026-09-25T16:28:08.825Z","","","","","https://sportsbook.fanduel.com/addToBetslip?marketId=717.188362734&selectionId=5408012"
"SPORTSGAMEODDS","TqrEdthbWB14SbfcH54s","2026-09-25T23:40:00.000Z","Colorado Rockies @ Chicago White Sox","Colorado Rockies","Chicago White Sox","1","full","FULL_INNING_3WAY","home","","points-home-1i-ml3way-home","draftkings","","false","225","2026-09-25T16:27:56.462Z","","","","",""
"SPORTSGAMEODDS","TqrEdthbWB14SbfcH54s","2026-09-25T23:40:00.000Z","Colorado Rockies @ Chicago White Sox","Colorado Rockies","Chicago White Sox","1","full","FULL_INNING_3WAY","home","","points-home-1i-ml3way-home","betmgm","","false","240","2026-09-25T16:28:20.372Z","","","","","https://sports.nj.betmgm.com/en/sports?options=19945279-1561272711-2304272747"
"SPORTSGAMEODDS","TqrEdthbWB14SbfcH54s","2026-09-25T23:40:00.000Z","Colorado Rockies @ Chicago White Sox","Colorado Rockies","Chicago White Sox","2","full","FULL_INNING_3WAY","draw","","points-all-2i-ml3way-draw","fanduel","","false","-165","2026-09-25T16:28:08.825Z","","","","","https://sportsbook.fanduel.com/addToBetslip?marketId=717.188362781&selectionId=131604"
"SPORTSGAMEODDS","TqrEdthbWB14SbfcH54s","2026-09-25T23:40:00.000Z","Colorado Rockies @ Chicago White Sox","Colorado Rockies","Chicago White Sox","2","full","FULL_INNING_3WAY","draw","","points-all-2i-ml3way-draw","draftkings","","false","-165","2026-09-25T16:27:56.462Z","","","","",""
"SPORTSGAMEODDS","TqrEdthbWB14SbfcH54s","2026-09-25T23:40:00.000Z","Colorado Rockies @ Chicago White Sox","Colorado Rockies","Chicago White Sox","2","full","FULL_INNING_TOTAL","over","","points-all-2i-ou-over","fanduel","0.5","false","116","2026-09-25T16:28:08.825Z","0.5","0.5","124","110","https://sportsbook.fanduel.com/addToBetslip?marketId=717.188362641&selectionId=7017905"
"SPORTSGAMEODDS","TqrEdthbWB14SbfcH54s","2026-09-25T23:40:00.000Z","Colorado Rockies @ Chicago White Sox","Colorado Rockies","Chicago White Sox","2","full","FULL_INNING_TOTAL","over","","points-all-2i-ou-over","fanduel","1.5","true","290","2026-09-25T16:28:08.825Z","0.5","0.5","","","https://sportsbook.fanduel.com/addToBetslip?marketId=717.188362641&selectionId=7017905"
"SPORTSGAMEODDS","TqrEdthbWB14SbfcH54s","2026-09-25T23:40:00.000Z","Colorado Rockies @ Chicago White Sox","Colorado Rockies","Chicago White Sox","2","full","FULL_INNING_TOTAL","over","","points-all-2i-ou-over","draftkings","0.5","false","110","2026-09-25T16:27:56.462Z","0.5","0.5","124","110",""
"SPORTSGAMEODDS","TqrEdthbWB14SbfcH54s","2026-09-25T23:40:00.000Z","Colorado Rockies @ Chicago White Sox","Colorado Rockies","Chicago White Sox","2","full","FULL_INNING_TOTAL","over","","points-all-2i-ou-over","draftkings","1.5","true","280","2026-09-25T16:27:56.462Z","0.5","0.5","","",""
"SPORTSGAMEODDS","TqrEdthbWB14SbfcH54s","2026-09-25T23:40:00.000Z","Colorado Rockies @ Chicago White Sox","Colorado Rockies","Chicago White Sox","2","full","FULL_INNING_TOTAL","under","","points-all-2i-ou-under","fanduel","0.5","false","-142","2026-09-25T16:28:08.825Z","0.5","0.5","-124","-145","https://sportsbook.fanduel.com/addToBetslip?marketId=717.188362641&selectionId=7017906"
"SPORTSGAMEODDS","TqrEdthbWB14SbfcH54s","2026-09-25T23:40:00.000Z","Colorado Rockies @ Chicago White Sox","Colorado Rockies","Chicago White Sox","2","full","FULL_INNING_TOTAL","under","","points-all-2i-ou-under","fanduel","1.5","true","-400","2026-09-25T16:28:08.825Z","0.5","0.5","","","https://sportsbook.fanduel.com/addToBetslip?marketId=717.188362641&selectionId=7017906"
"SPORTSGAMEODDS","TqrEdthbWB14SbfcH54s","2026-09-25T23:40:00.000Z","Colorado Rockies @ Chicago White Sox","Colorado Rockies","Chicago White Sox","2","full","FULL_INNING_TOTAL","under","","points-all-2i-ou-under","draftkings","0.5","false","-145","2026-09-25T16:27:56.462Z","0.5","0.5","-124","-145",""
"SPORTSGAMEODDS","TqrEdthbWB14SbfcH54s","2026-09-25T23:40:00.000Z","Colorado Rockies @ Chicago White Sox","Colorado Rockies","Chicago White Sox","2","full","FULL_INNING_TOTAL","under","","points-all-2i-ou-under","draftkings","1.5","true","-400","2026-09-25T16:27:56.462Z","0.5","0.5","","",""
"SPORTSGAMEODDS","TqrEdthbWB14SbfcH54s","2026-09-25T23:40:00.000Z","Colorado Rockies @ Chicago White Sox","Colorado Rockies","Chicago White Sox","3","full","FULL_INNING_3WAY","draw","","points-all-3i-ml3way-draw","fanduel","","false","-145","2026-09-25T16:28:08.825Z","","","","","https://sportsbook.fanduel.com/addToBetslip?marketId=717.188362735&selectionId=131604"
"SPORTSGAMEODDS","TqrEdthbWB14SbfcH54s","2026-09-25T23:40:00.000Z","Colorado Rockies @ Chicago White Sox","Colorado Rockies","Chicago White Sox","3","full","FULL_INNING_3WAY","draw","","points-all-3i-ml3way-draw","draftkings","","false","-150","2026-09-25T16:27:56.462Z","","","","",""
"SPORTSGAMEODDS","TqrEdthbWB14SbfcH54s","2026-09-25T23:40:00.000Z","Colorado Rockies @ Chicago White Sox","Colorado Rockies","Chicago White Sox","3","full","FULL_INNING_TOTAL","over","","points-all-3i-ou-over","fanduel","0.5","false","104","2026-09-25T16:28:08.825Z","0.5","0.5","115","100","https://sportsbook.fanduel.com/addToBetslip?marketId=717.188362669&selectionId=7017905"
"SPORTSGAMEODDS","TqrEdthbWB14SbfcH54s","2026-09-25T23:40:00.000Z","Colorado Rockies @ Chicago White Sox","Colorado Rockies","Chicago White Sox","3","full","FULL_INNING_TOTAL","over","","points-all-3i-ou-over","fanduel","1.5","true","265","2026-09-25T16:28:08.825Z","0.5","0.5","","","https://sportsbook.fanduel.com/addToBetslip?marketId=717.188362669&selectionId=7017905"
"SPORTSGAMEODDS","TqrEdthbWB14SbfcH54s","2026-09-25T23:40:00.000Z","Colorado Rockies @ Chicago White Sox","Colorado Rockies","Chicago White Sox","3","full","FULL_INNING_TOTAL","over","","points-all-3i-ou-over","draftkings","0.5","false","100","2026-09-25T16:27:56.462Z","0.5","0.5","115","100",""
"SPORTSGAMEODDS","TqrEdthbWB14SbfcH54s","2026-09-25T23:40:00.000Z","Colorado Rockies @ Chicago White Sox","Colorado Rockies","Chicago White Sox","3","full","FULL_INNING_TOTAL","over","","points-all-3i-ou-over","draftkings","1.5","true","250","2026-09-25T16:27:56.462Z","0.5","0.5","","",""
"SPORTSGAMEODDS","TqrEdthbWB14SbfcH54s","2026-09-25T23:40:00.000Z","Colorado Rockies @ Chicago White Sox","Colorado Rockies","Chicago White Sox","3","full","FULL_INNING_TOTAL","under","","points-all-3i-ou-under","fanduel","0.5","false","-128","2026-09-25T16:28:08.825Z","0.5","0.5","-115","-135","https://sportsbook.fanduel.com/addToBetslip?marketId=717.188362669&selectionId=7017906"
"SPORTSGAMEODDS","TqrEdthbWB14SbfcH54s","2026-09-25T23:40:00.000Z","Colorado Rockies @ Chicago White Sox","Colorado Rockies","Chicago White Sox","3","full","FULL_INNING_TOTAL","under","","points-all-3i-ou-under","fanduel","1.5","true","-350","2026-09-25T16:28:08.825Z","0.5","0.5","","","https://sportsbook.fanduel.com/addToBetslip?marketId=717.188362669&selectionId=7017906"
"SPORTSGAMEODDS","TqrEdthbWB14SbfcH54s","2026-09-25T23:40:00.000Z","Colorado Rockies @ Chicago White Sox","Colorado Rockies","Chicago White Sox","3","full","FULL_INNING_TOTAL","under","","points-all-3i-ou-under","draftkings","0.5","false","-135","2026-09-25T16:27:56.462Z","0.5","0.5","-115","-135",""
"SPORTSGAMEODDS","TqrEdthbWB14SbfcH54s","2026-09-25T23:40:00.000Z","Colorado Rockies @ Chicago White Sox","Colorado Rockies","Chicago White Sox","3","full","FULL_INNING_TOTAL","under","","points-all-3i-ou-under","draftkings","1.5","true","-350","2026-09-25T16:27:56.462Z","0.5","0.5","","",""
"SPORTSGAMEODDS","TqrEdthbWB14SbfcH54s","2026-09-25T23:40:00.000Z","Colorado Rockies @ Chicago White Sox","Colorado Rockies","Chicago White Sox","4","full","FULL_INNING_3WAY","draw","","points-all-4i-ml3way-draw","fanduel","","false","-145","2026-09-25T16:28:08.825Z","","","","","https://sportsbook.fanduel.com/addToBetslip?marketId=717.188362635&selectionId=131604"
"SPORTSGAMEODDS","TqrEdthbWB14SbfcH54s","2026-09-25T23:40:00.000Z","Colorado Rockies @ Chicago White Sox","Colorado Rockies","Chicago White Sox","4","full","FULL_INNING_3WAY","draw","","points-all-4i-ml3way-draw","draftkings","","false","-150","2026-09-25T16:27:56.462Z","","","","",""
"SPORTSGAMEODDS","TqrEdthbWB14SbfcH54s","2026-09-25T23:40:00.000Z","Colorado Rockies @ Chicago White Sox","Colorado Rockies","Chicago White Sox","4","full","FULL_INNING_TOTAL","over","","points-all-4i-ou-over","fanduel","0.5","false","104","2026-09-25T16:28:08.825Z","0.5","0.5","113","100","https://sportsbook.fanduel.com/addToBetslip?marketId=717.188362667&selectionId=7017905"
"SPORTSGAMEODDS","TqrEdthbWB14SbfcH54s","2026-09-25T23:40:00.000Z","Colorado Rockies @ Chicago White Sox","Colorado Rockies","Chicago White Sox","4","full","FULL_INNING_TOTAL","over","","points-all-4i-ou-over","fanduel","1.5","true","270","2026-09-25T16:28:08.825Z","0.5","0.5","","","https://sportsbook.fanduel.com/addToBetslip?marketId=717.188362667&selectionId=7017905"
"SPORTSGAMEODDS","TqrEdthbWB14SbfcH54s","2026-09-25T23:40:00.000Z","Colorado Rockies @ Chicago White Sox","Colorado Rockies","Chicago White Sox","4","full","FULL_INNING_TOTAL","over","","points-all-4i-ou-over","draftkings","0.5","false","100","2026-09-25T16:27:56.462Z","0.5","0.5","113","100",""
"SPORTSGAMEODDS","TqrEdthbWB14SbfcH54s","2026-09-25T23:40:00.000Z","Colorado Rockies @ Chicago White Sox","Colorado Rockies","Chicago White Sox","4","full","FULL_INNING_TOTAL","over","","points-all-4i-ou-over","draftkings","1.5","true","245","2026-09-25T16:27:56.462Z","0.5","0.5","","",""
"SPORTSGAMEODDS","TqrEdthbWB14SbfcH54s","2026-09-25T23:40:00.000Z","Colorado Rockies @ Chicago White Sox","Colorado Rockies","Chicago White Sox","4","full","FULL_INNING_TOTAL","under","","points-all-4i-ou-under","fanduel","0.5","false","-128","2026-09-25T16:28:08.825Z","0.5","0.5","-113","-130","https://sportsbook.fanduel.com/addToBetslip?marketId=717.188362667&selectionId=7017906"
"SPORTSGAMEODDS","TqrEdthbWB14SbfcH54s","2026-09-25T23:40:00.000Z","Colorado Rockies @ Chicago White Sox","Colorado Rockies","Chicago White Sox","4","full","FULL_INNING_TOTAL","under","","points-all-4i-ou-under","fanduel","1.5","true","-355","2026-09-25T16:28:08.825Z","0.5","0.5","","","https://sportsbook.fanduel.com/addToBetslip?marketId=717.188362667&selectionId=7017906"
"SPORTSGAMEODDS","TqrEdthbWB14SbfcH54s","2026-09-25T23:40:00.000Z","Colorado Rockies @ Chicago White Sox","Colorado Rockies","Chicago White Sox","4","full","FULL_INNING_TOTAL","under","","points-all-4i-ou-under","draftkings","0.5","false","-130","2026-09-25T16:27:56.462Z","0.5","0.5","-113","-130",""
"SPORTSGAMEODDS","TqrEdthbWB14SbfcH54s","2026-09-25T23:40:00.000Z","Colorado Rockies @ Chicago White Sox","Colorado Rockies","Chicago White Sox","4","full","FULL_INNING_TOTAL","under","","points-all-4i-ou-under","draftkings","1.5","true","-350","2026-09-25T16:27:56.462Z","0.5","0.5","","",""
"SPORTSGAMEODDS","TqrEdthbWB14SbfcH54s","2026-09-25T23:40:00.000Z","Colorado Rockies @ Chicago White Sox","Colorado Rockies","Chicago White Sox","5","full","FULL_INNING_3WAY","draw","","points-all-5i-ml3way-draw","fanduel","","false","-150","2026-09-25T16:28:08.825Z","","","","","https://sportsbook.fanduel.com/addToBetslip?marketId=717.188362733&selectionId=131604"
"SPORTSGAMEODDS","TqrEdthbWB14SbfcH54s","2026-09-25T23:40:00.000Z","Colorado Rockies @ Chicago White Sox","Colorado Rockies","Chicago White Sox","5","full","FULL_INNING_3WAY","draw","","points-all-5i-ml3way-draw","draftkings","","false","-150","2026-09-25T16:27:56.462Z","","","","",""
"SPORTSGAMEODDS","TqrEdthbWB14SbfcH54s","2026-09-25T23:40:00.000Z","Colorado Rockies @ Chicago White Sox","Colorado Rockies","Chicago White Sox","5","full","FULL_INNING_TOTAL","over","","points-all-5i-ou-over","fanduel","0.5","false","110","2026-09-25T16:28:08.825Z","0.5","0.5","115","100","https://sportsbook.fanduel.com/addToBetslip?marketId=717.188362702&selectionId=7017905"
"SPORTSGAMEODDS","TqrEdthbWB14SbfcH54s","2026-09-25T23:40:00.000Z","Colorado Rockies @ Chicago White Sox","Colorado Rockies","Chicago White Sox","5","full","FULL_INNING_TOTAL","over","","points-all-5i-ou-over","fanduel","1.5","true","285","2026-09-25T16:28:08.825Z","0.5","0.5","","","https://sportsbook.fanduel.com/addToBetslip?marketId=717.188362702&selectionId=7017905"
"SPORTSGAMEODDS","TqrEdthbWB14SbfcH54s","2026-09-25T23:40:00.000Z","Colorado Rockies @ Chicago White Sox","Colorado Rockies","Chicago White Sox","5","full","FULL_INNING_TOTAL","over","","points-all-5i-ou-over","draftkings","0.5","false","100","2026-09-25T16:27:56.462Z","0.5","0.5","115","100",""
"SPORTSGAMEODDS","TqrEdthbWB14SbfcH54s","2026-09-25T23:40:00.000Z","Colorado Rockies @ Chicago White Sox","Colorado Rockies","Chicago White Sox","5","full","FULL_INNING_TOTAL","over","","points-all-5i-ou-over","draftkings","1.5","true","240","2026-09-25T16:27:56.462Z","0.5","0.5","","",""
"SPORTSGAMEODDS","TqrEdthbWB14SbfcH54s","2026-09-25T23:40:00.000Z","Colorado Rockies @ Chicago White Sox","Colorado Rockies","Chicago White Sox","5","full","FULL_INNING_TOTAL","under","","points-all-5i-ou-under","fanduel","0.5","false","-134","2026-09-25T16:28:08.825Z","0.5","0.5","-115","-134","https://sportsbook.fanduel.com/addToBetslip?marketId=717.188362702&selectionId=7017906"
"SPORTSGAMEODDS","TqrEdthbWB14SbfcH54s","2026-09-25T23:40:00.000Z","Colorado Rockies @ Chicago White Sox","Colorado Rockies","Chicago White Sox","5","full","FULL_INNING_TOTAL","under","","points-all-5i-ou-under","fanduel","1.5","true","-375","2026-09-25T16:28:08.825Z","0.5","0.5","","","https://sportsbook.fanduel.com/addToBetslip?marketId=717.188362702&selectionId=7017906"
"SPORTSGAMEODDS","TqrEdthbWB14SbfcH54s","2026-09-25T23:40:00.000Z","Colorado Rockies @ Chicago White Sox","Colorado Rockies","Chicago White Sox","5","full","FULL_INNING_TOTAL","under","","points-all-5i-ou-under","draftkings","0.5","false","-130","2026-09-25T16:27:56.462Z","0.5","0.5","-115","-134",""
"SPORTSGAMEODDS","TqrEdthbWB14SbfcH54s","2026-09-25T23:40:00.000Z","Colorado Rockies @ Chicago White Sox","Colorado Rockies","Chicago White Sox","5","full","FULL_INNING_TOTAL","under","","points-all-5i-ou-under","draftkings","1.5","true","-330","2026-09-25T16:27:56.462Z","0.5","0.5","","",""
"SPORTSGAMEODDS","TqrEdthbWB14SbfcH54s","2026-09-25T23:40:00.000Z","Colorado Rockies @ Chicago White Sox","Colorado Rockies","Chicago White Sox","6","full","FULL_INNING_3WAY","draw","","points-all-6i-ml3way-draw","fanduel","","false","-150","2026-09-25T16:28:08.825Z","","","","","https://sportsbook.fanduel.com/addToBetslip?marketId=717.188362731&selectionId=131604"
"SPORTSGAMEODDS","TqrEdthbWB14SbfcH54s","2026-09-25T23:40:00.000Z","Colorado Rockies @ Chicago White Sox","Colorado Rockies","Chicago White Sox","6","full","FULL_INNING_3WAY","draw","","points-all-6i-ml3way-draw","draftkings","","false","-155","2026-09-25T16:27:56.462Z","","","","",""
"SPORTSGAMEODDS","TqrEdthbWB14SbfcH54s","2026-09-25T23:40:00.000Z","Colorado Rockies @ Chicago White Sox","Colorado Rockies","Chicago White Sox","6","full","FULL_INNING_TOTAL","over","","points-all-6i-ou-over","fanduel","0.5","false","102","2026-09-25T16:28:08.825Z","0.5","0.5","115","100","https://sportsbook.fanduel.com/addToBetslip?marketId=717.188362775&selectionId=7017905"
"SPORTSGAMEODDS","TqrEdthbWB14SbfcH54s","2026-09-25T23:40:00.000Z","Colorado Rockies @ Chicago White Sox","Colorado Rockies","Chicago White Sox","6","full","FULL_INNING_TOTAL","over","","points-all-6i-ou-over","fanduel","1.5","true","250","2026-09-25T16:28:08.825Z","0.5","0.5","","","https://sportsbook.fanduel.com/addToBetslip?marketId=717.188362775&selectionId=7017905"
"SPORTSGAMEODDS","TqrEdthbWB14SbfcH54s","2026-09-25T23:40:00.000Z","Colorado Rockies @ Chicago White Sox","Colorado Rockies","Chicago White Sox","6","full","FULL_INNING_TOTAL","over","","points-all-6i-ou-over","draftkings","0.5","false","100","2026-09-25T16:27:56.462Z","0.5","0.5","115","100",""
"SPORTSGAMEODDS","TqrEdthbWB14SbfcH54s","2026-09-25T23:40:00.000Z","Colorado Rockies @ Chicago White Sox","Colorado Rockies","Chicago White Sox","6","full","FULL_INNING_TOTAL","over","","points-all-6i-ou-over","draftkings","1.5","true","245","2026-09-25T16:27:56.462Z","0.5","0.5","","",""
"SPORTSGAMEODDS","TqrEdthbWB14SbfcH54s","2026-09-25T23:40:00.000Z","Colorado Rockies @ Chicago White Sox","Colorado Rockies","Chicago White Sox","6","full","FULL_INNING_TOTAL","under","","points-all-6i-ou-under","fanduel","0.5","false","-124","2026-09-25T16:28:08.825Z","0.5","0.5","-115","-135","https://sportsbook.fanduel.com/addToBetslip?marketId=717.188362775&selectionId=7017906"
"SPORTSGAMEODDS","TqrEdthbWB14SbfcH54s","2026-09-25T23:40:00.000Z","Colorado Rockies @ Chicago White Sox","Colorado Rockies","Chicago White Sox","6","full","FULL_INNING_TOTAL","under","","points-all-6i-ou-under","fanduel","1.5","true","-325","2026-09-25T16:28:08.825Z","0.5","0.5","","","https://sportsbook.fanduel.com/addToBetslip?marketId=717.188362775&selectionId=7017906"
"SPORTSGAMEODDS","TqrEdthbWB14SbfcH54s","2026-09-25T23:40:00.000Z","Colorado Rockies @ Chicago White Sox","Colorado Rockies","Chicago White Sox","6","full","FULL_INNING_TOTAL","under","","points-all-6i-ou-under","draftkings","0.5","false","-135","2026-09-25T16:27:56.462Z","0.5","0.5","-115","-135",""
"SPORTSGAMEODDS","TqrEdthbWB14SbfcH54s","2026-09-25T23:40:00.000Z","Colorado Rockies @ Chicago White Sox","Colorado Rockies","Chicago White Sox","6","full","FULL_INNING_TOTAL","under","","points-all-6i-ou-under","draftkings","1.5","true","-340","2026-09-25T16:27:56.462Z","0.5","0.5","","",""
"SPORTSGAMEODDS","TqrEdthbWB14SbfcH54s","2026-09-25T23:40:00.000Z","Colorado Rockies @ Chicago White Sox","Colorado Rockies","Chicago White Sox","7","full","FULL_INNING_3WAY","draw","","points-all-7i-ml3way-draw","fanduel","","false","-145","2026-09-25T16:28:08.825Z","","","","","https://sportsbook.fanduel.com/addToBetslip?marketId=717.188362755&selectionId=131604"
"SPORTSGAMEODDS","TqrEdthbWB14SbfcH54s","2026-09-25T23:40:00.000Z","Colorado Rockies @ Chicago White Sox","Colorado Rockies","Chicago White Sox","7","full","FULL_INNING_3WAY","draw","","points-all-7i-ml3way-draw","draftkings","","false","-155","2026-09-25T16:27:56.462Z","","","","",""
"SPORTSGAMEODDS","TqrEdthbWB14SbfcH54s","2026-09-25T23:40:00.000Z","Colorado Rockies @ Chicago White Sox","Colorado Rockies","Chicago White Sox","7","full","FULL_INNING_TOTAL","over","","points-all-7i-ou-over","fanduel","0.5","false","104","2026-09-25T16:28:08.825Z","0.5","0.5","115","100","https://sportsbook.fanduel.com/addToBetslip?marketId=717.188362663&selectionId=7017905"
"SPORTSGAMEODDS","TqrEdthbWB14SbfcH54s","2026-09-25T23:40:00.000Z","Colorado Rockies @ Chicago White Sox","Colorado Rockies","Chicago White Sox","7","full","FULL_INNING_TOTAL","over","","points-all-7i-ou-over","fanduel","1.5","true","260","2026-09-25T16:28:08.825Z","0.5","0.5","","","https://sportsbook.fanduel.com/addToBetslip?marketId=717.188362663&selectionId=7017905"
"SPORTSGAMEODDS","TqrEdthbWB14SbfcH54s","2026-09-25T23:40:00.000Z","Colorado Rockies @ Chicago White Sox","Colorado Rockies","Chicago White Sox","7","full","FULL_INNING_TOTAL","over","","points-all-7i-ou-over","draftkings","0.5","false","100","2026-09-25T16:27:56.462Z","0.5","0.5","115","100",""
"SPORTSGAMEODDS","TqrEdthbWB14SbfcH54s","2026-09-25T23:40:00.000Z","Colorado Rockies @ Chicago White Sox","Colorado Rockies","Chicago White Sox","7","full","FULL_INNING_TOTAL","over","","points-all-7i-ou-over","draftkings","1.5","true","245","2026-09-25T16:27:56.462Z","0.5","0.5","","",""
"SPORTSGAMEODDS","TqrEdthbWB14SbfcH54s","2026-09-25T23:40:00.000Z","Colorado Rockies @ Chicago White Sox","Colorado Rockies","Chicago White Sox","7","full","FULL_INNING_TOTAL","under","","points-all-7i-ou-under","fanduel","0.5","false","-128","2026-09-25T16:28:08.825Z","0.5","0.5","-115","-135","https://sportsbook.fanduel.com/addToBetslip?marketId=717.188362663&selectionId=7017906"
"SPORTSGAMEODDS","TqrEdthbWB14SbfcH54s","2026-09-25T23:40:00.000Z","Colorado Rockies @ Chicago White Sox","Colorado Rockies","Chicago White Sox","7","full","FULL_INNING_TOTAL","under","","points-all-7i-ou-under","fanduel","1.5","true","-340","2026-09-25T16:28:08.825Z","0.5","0.5","","","https://sportsbook.fanduel.com/addToBetslip?marketId=717.188362663&selectionId=7017906"
"SPORTSGAMEODDS","TqrEdthbWB14SbfcH54s","2026-09-25T23:40:00.000Z","Colorado Rockies @ Chicago White Sox","Colorado Rockies","Chicago White Sox","7","full","FULL_INNING_TOTAL","under","","points-all-7i-ou-under","draftkings","0.5","false","-135","2026-09-25T16:27:56.462Z","0.5","0.5","-115","-135",""
"SPORTSGAMEODDS","TqrEdthbWB14SbfcH54s","2026-09-25T23:40:00.000Z","Colorado Rockies @ Chicago White Sox","Colorado Rockies","Chicago White Sox","7","full","FULL_INNING_TOTAL","under","","points-all-7i-ou-under","draftkings","1.5","true","-340","2026-09-25T16:27:56.462Z","0.5","0.5","","",""
"SPORTSGAMEODDS","TqrEdthbWB14SbfcH54s","2026-09-25T23:40:00.000Z","Colorado Rockies @ Chicago White Sox","Colorado Rockies","Chicago White Sox","8","full","FULL_INNING_3WAY","draw","","points-all-8i-ml3way-draw","fanduel","","false","-150","2026-09-25T16:28:08.825Z","","","","","https://sportsbook.fanduel.com/addToBetslip?marketId=717.188362693&selectionId=131604"
"SPORTSGAMEODDS","TqrEdthbWB14SbfcH54s","2026-09-25T23:40:00.000Z","Colorado Rockies @ Chicago White Sox","Colorado Rockies","Chicago White Sox","8","full","FULL_INNING_3WAY","draw","","points-all-8i-ml3way-draw","draftkings","","false","-145","2026-09-25T16:27:56.462Z","","","","",""
"SPORTSGAMEODDS","TqrEdthbWB14SbfcH54s","2026-09-25T23:40:00.000Z","Colorado Rockies @ Chicago White Sox","Colorado Rockies","Chicago White Sox","8","full","FULL_INNING_TOTAL","over","","points-all-8i-ou-over","fanduel","0.5","false","106","2026-09-25T16:28:08.825Z","0.5","0.5","110","-105","https://sportsbook.fanduel.com/addToBetslip?marketId=717.188362634&selectionId=7017905"
"SPORTSGAMEODDS","TqrEdthbWB14SbfcH54s","2026-09-25T23:40:00.000Z","Colorado Rockies @ Chicago White Sox","Colorado Rockies","Chicago White Sox","8","full","FULL_INNING_TOTAL","over","","points-all-8i-ou-over","fanduel","1.5","true","250","2026-09-25T16:28:08.825Z","0.5","0.5","","","https://sportsbook.fanduel.com/addToBetslip?marketId=717.188362634&selectionId=7017905"
"SPORTSGAMEODDS","TqrEdthbWB14SbfcH54s","2026-09-25T23:40:00.000Z","Colorado Rockies @ Chicago White Sox","Colorado Rockies","Chicago White Sox","8","full","FULL_INNING_TOTAL","over","","points-all-8i-ou-over","draftkings","0.5","false","-105","2026-09-25T16:27:56.462Z","0.5","0.5","110","-105",""
"SPORTSGAMEODDS","TqrEdthbWB14SbfcH54s","2026-09-25T23:40:00.000Z","Colorado Rockies @ Chicago White Sox","Colorado Rockies","Chicago White Sox","8","full","FULL_INNING_TOTAL","over","","points-all-8i-ou-over","draftkings","1.5","true","230","2026-09-25T16:27:56.462Z","0.5","0.5","","",""
"SPORTSGAMEODDS","TqrEdthbWB14SbfcH54s","2026-09-25T23:40:00.000Z","Colorado Rockies @ Chicago White Sox","Colorado Rockies","Chicago White Sox","8","full","FULL_INNING_TOTAL","under","","points-all-8i-ou-under","fanduel","0.5","false","-130","2026-09-25T16:28:08.825Z","0.5","0.5","-110","-130","https://sportsbook.fanduel.com/addToBetslip?marketId=717.188362634&selectionId=7017906"
"SPORTSGAMEODDS","TqrEdthbWB14SbfcH54s","2026-09-25T23:40:00.000Z","Colorado Rockies @ Chicago White Sox","Colorado Rockies","Chicago White Sox","8","full","FULL_INNING_TOTAL","under","","points-all-8i-ou-under","fanduel","1.5","true","-310","2026-09-25T16:28:08.825Z","0.5","0.5","","","https://sportsbook.fanduel.com/addToBetslip?marketId=717.188362634&selectionId=7017906"
"SPORTSGAMEODDS","TqrEdthbWB14SbfcH54s","2026-09-25T23:40:00.000Z","Colorado Rockies @ Chicago White Sox","Colorado Rockies","Chicago White Sox","8","full","FULL_INNING_TOTAL","under","","points-all-8i-ou-under","draftkings","0.5","false","-125","2026-09-25T16:27:56.462Z","0.5","0.5","-110","-130",""
"SPORTSGAMEODDS","TqrEdthbWB14SbfcH54s","2026-09-25T23:40:00.000Z","Colorado Rockies @ Chicago White Sox","Colorado Rockies","Chicago White Sox","8","full","FULL_INNING_TOTAL","under","","points-all-8i-ou-under","draftkings","1.5","true","-320","2026-09-25T16:27:56.462Z","0.5","0.5","","",""
"SPORTSGAMEODDS","TqrEdthbWB14SbfcH54s","2026-09-25T23:40:00.000Z","Colorado Rockies @ Chicago White Sox","Colorado Rockies","Chicago White Sox","9","full","FULL_INNING_3WAY","draw","","points-all-9i-ml3way-draw","fanduel","","false","-270","2026-09-25T16:28:08.825Z","","","","","https://sportsbook.fanduel.com/addToBetslip?marketId=717.188362630&selectionId=131604"
"SPORTSGAMEODDS","TqrEdthbWB14SbfcH54s","2026-09-25T23:40:00.000Z","Colorado Rockies @ Chicago White Sox","Colorado Rockies","Chicago White Sox","9","full","FULL_INNING_3WAY","draw","","points-all-9i-ml3way-draw","draftkings","","false","-275","2026-09-25T16:27:56.462Z","","","","",""
"SPORTSGAMEODDS","TqrEdthbWB14SbfcH54s","2026-09-25T23:40:00.000Z","Colorado Rockies @ Chicago White Sox","Colorado Rockies","Chicago White Sox","9","full","FULL_INNING_TOTAL","over","","points-all-9i-ou-over","fanduel","0.5","false","198","2026-09-25T16:28:08.825Z","","0.5","","189","https://sportsbook.fanduel.com/addToBetslip?marketId=717.188362638&selectionId=7017905"
"SPORTSGAMEODDS","TqrEdthbWB14SbfcH54s","2026-09-25T23:40:00.000Z","Colorado Rockies @ Chicago White Sox","Colorado Rockies","Chicago White Sox","9","full","FULL_INNING_TOTAL","over","","points-all-9i-ou-over","fanduel","1.5","true","470","2026-09-25T16:28:08.825Z","","0.5","","","https://sportsbook.fanduel.com/addToBetslip?marketId=717.188362638&selectionId=7017905"
"SPORTSGAMEODDS","TqrEdthbWB14SbfcH54s","2026-09-25T23:40:00.000Z","Colorado Rockies @ Chicago White Sox","Colorado Rockies","Chicago White Sox","9","full","FULL_INNING_TOTAL","over","","points-all-9i-ou-over","draftkings","0.5","false","180","2026-09-25T16:27:56.462Z","","0.5","","189",""
"SPORTSGAMEODDS","TqrEdthbWB14SbfcH54s","2026-09-25T23:40:00.000Z","Colorado Rockies @ Chicago White Sox","Colorado Rockies","Chicago White Sox","9","full","FULL_INNING_TOTAL","over","","points-all-9i-ou-over","draftkings","1.5","true","450","2026-09-25T16:27:56.462Z","","0.5","","",""
"SPORTSGAMEODDS","TqrEdthbWB14SbfcH54s","2026-09-25T23:40:00.000Z","Colorado Rockies @ Chicago White Sox","Colorado Rockies","Chicago White Sox","9","full","FULL_INNING_TOTAL","under","","points-all-9i-ou-under","fanduel","0.5","false","-245","2026-09-25T16:28:08.825Z","","0.5","","-245","https://sportsbook.fanduel.com/addToBetslip?marketId=717.188362638&selectionId=7017906"
"SPORTSGAMEODDS","TqrEdthbWB14SbfcH54s","2026-09-25T23:40:00.000Z","Colorado Rockies @ Chicago White Sox","Colorado Rockies","Chicago White Sox","9","full","FULL_INNING_TOTAL","under","","points-all-9i-ou-under","fanduel","1.5","true","-700","2026-09-25T16:28:08.825Z","","0.5","","","https://sportsbook.fanduel.com/addToBetslip?marketId=717.188362638&selectionId=7017906"
"SPORTSGAMEODDS","TqrEdthbWB14SbfcH54s","2026-09-25T23:40:00.000Z","Colorado Rockies @ Chicago White Sox","Colorado Rockies","Chicago White Sox","9","full","FULL_INNING_TOTAL","under","","points-all-9i-ou-under","draftkings","0.5","false","-245","2026-09-25T16:27:56.462Z","","0.5","","-245",""
"SPORTSGAMEODDS","TqrEdthbWB14SbfcH54s","2026-09-25T23:40:00.000Z","Colorado Rockies @ Chicago White Sox","Colorado Rockies","Chicago White Sox","9","full","FULL_INNING_TOTAL","under","","points-all-9i-ou-under","draftkings","1.5","true","-700","2026-09-25T16:27:56.462Z","","0.5","","",""
"SPORTSGAMEODDS","TqrEdthbWB14SbfcH54s","2026-09-25T23:40:00.000Z","Colorado Rockies @ Chicago White Sox","Colorado Rockies","Chicago White Sox","2","full","FULL_INNING_3WAY","away","","points-away-2i-ml3way-away","fanduel","","false","430","2026-09-25T16:28:08.825Z","","","","","https://sportsbook.fanduel.com/addToBetslip?marketId=717.188362781&selectionId=29168"
"SPORTSGAMEODDS","TqrEdthbWB14SbfcH54s","2026-09-25T23:40:00.000Z","Colorado Rockies @ Chicago White Sox","Colorado Rockies","Chicago White Sox","2","full","FULL_INNING_3WAY","away","","points-away-2i-ml3way-away","draftkings","","false","425","2026-09-25T16:27:56.462Z","","","","",""
"SPORTSGAMEODDS","TqrEdthbWB14SbfcH54s","2026-09-25T23:40:00.000Z","Colorado Rockies @ Chicago White Sox","Colorado Rockies","Chicago White Sox","3","full","FULL_INNING_3WAY","away","","points-away-3i-ml3way-away","fanduel","","false","430","2026-09-25T16:28:08.825Z","","","","","https://sportsbook.fanduel.com/addToBetslip?marketId=717.188362735&selectionId=29168"
"SPORTSGAMEODDS","TqrEdthbWB14SbfcH54s","2026-09-25T23:40:00.000Z","Colorado Rockies @ Chicago White Sox","Colorado Rockies","Chicago White Sox","3","full","FULL_INNING_3WAY","away","","points-away-3i-ml3way-away","draftkings","","false","425","2026-09-25T16:27:56.462Z","","","","",""
"SPORTSGAMEODDS","TqrEdthbWB14SbfcH54s","2026-09-25T23:40:00.000Z","Colorado Rockies @ Chicago White Sox","Colorado Rockies","Chicago White Sox","4","full","FULL_INNING_3WAY","away","","points-away-4i-ml3way-away","fanduel","","false","420","2026-09-25T16:28:08.825Z","","","","","https://sportsbook.fanduel.com/addToBetslip?marketId=717.188362635&selectionId=29168"
"SPORTSGAMEODDS","TqrEdthbWB14SbfcH54s","2026-09-25T23:40:00.000Z","Colorado Rockies @ Chicago White Sox","Colorado Rockies","Chicago White Sox","4","full","FULL_INNING_3WAY","away","","points-away-4i-ml3way-away","draftkings","","false","425","2026-09-25T16:27:56.462Z","","","","",""
"SPORTSGAMEODDS","TqrEdthbWB14SbfcH54s","2026-09-25T23:40:00.000Z","Colorado Rockies @ Chicago White Sox","Colorado Rockies","Chicago White Sox","5","full","FULL_INNING_3WAY","away","","points-away-5i-ml3way-away","fanduel","","false","460","2026-09-25T16:28:08.825Z","","","","","https://sportsbook.fanduel.com/addToBetslip?marketId=717.188362733&selectionId=29168"
"SPORTSGAMEODDS","TqrEdthbWB14SbfcH54s","2026-09-25T23:40:00.000Z","Colorado Rockies @ Chicago White Sox","Colorado Rockies","Chicago White Sox","5","full","FULL_INNING_3WAY","away","","points-away-5i-ml3way-away","draftkings","","false","450","2026-09-25T16:27:56.462Z","","","","",""
"SPORTSGAMEODDS","TqrEdthbWB14SbfcH54s","2026-09-25T23:40:00.000Z","Colorado Rockies @ Chicago White Sox","Colorado Rockies","Chicago White Sox","6","full","FULL_INNING_3WAY","away","","points-away-6i-ml3way-away","fanduel","","false","400","2026-09-25T16:28:08.825Z","","","","","https://sportsbook.fanduel.com/addToBetslip?marketId=717.188362731&selectionId=29168"
"SPORTSGAMEODDS","TqrEdthbWB14SbfcH54s","2026-09-25T23:40:00.000Z","Colorado Rockies @ Chicago White Sox","Colorado Rockies","Chicago White Sox","6","full","FULL_INNING_3WAY","away","","points-away-6i-ml3way-away","draftkings","","false","380","2026-09-25T16:27:56.462Z","","","","",""
"SPORTSGAMEODDS","TqrEdthbWB14SbfcH54s","2026-09-25T23:40:00.000Z","Colorado Rockies @ Chicago White Sox","Colorado Rockies","Chicago White Sox","7","full","FULL_INNING_3WAY","away","","points-away-7i-ml3way-away","fanduel","","false","410","2026-09-25T16:28:08.825Z","","","","","https://sportsbook.fanduel.com/addToBetslip?marketId=717.188362755&selectionId=29168"
"SPORTSGAMEODDS","TqrEdthbWB14SbfcH54s","2026-09-25T23:40:00.000Z","Colorado Rockies @ Chicago White Sox","Colorado Rockies","Chicago White Sox","7","full","FULL_INNING_3WAY","away","","points-away-7i-ml3way-away","draftkings","","false","380","2026-09-25T16:27:56.462Z","","","","",""
"SPORTSGAMEODDS","TqrEdthbWB14SbfcH54s","2026-09-25T23:40:00.000Z","Colorado Rockies @ Chicago White Sox","Colorado Rockies","Chicago White Sox","8","full","FULL_INNING_3WAY","away","","points-away-8i-ml3way-away","fanduel","","false","410","2026-09-25T16:28:08.825Z","","","","","https://sportsbook.fanduel.com/addToBetslip?marketId=717.188362693&selectionId=29168"
"SPORTSGAMEODDS","TqrEdthbWB14SbfcH54s","2026-09-25T23:40:00.000Z","Colorado Rockies @ Chicago White Sox","Colorado Rockies","Chicago White Sox","8","full","FULL_INNING_3WAY","away","","points-away-8i-ml3way-away","draftkings","","false","380","2026-09-25T16:27:56.462Z","","","","",""
"SPORTSGAMEODDS","TqrEdthbWB14SbfcH54s","2026-09-25T23:40:00.000Z","Colorado Rockies @ Chicago White Sox","Colorado Rockies","Chicago White Sox","9","full","FULL_INNING_3WAY","away","","points-away-9i-ml3way-away","fanduel","","false","340","2026-09-25T16:28:08.825Z","","","","","https://sportsbook.fanduel.com/addToBetslip?marketId=717.188362630&selectionId=29168"
"SPORTSGAMEODDS","TqrEdthbWB14SbfcH54s","2026-09-25T23:40:00.000Z","Colorado Rockies @ Chicago White Sox","Colorado Rockies","Chicago White Sox","9","full","FULL_INNING_3WAY","away","","points-away-9i-ml3way-away","draftkings","","false","310","2026-09-25T16:27:56.462Z","","","","",""
"SPORTSGAMEODDS","TqrEdthbWB14SbfcH54s","2026-09-25T23:40:00.000Z","Colorado Rockies @ Chicago White Sox","Colorado Rockies","Chicago White Sox","2","full","FULL_INNING_3WAY","home","","points-home-2i-ml3way-home","fanduel","","false","270","2026-09-25T16:28:08.825Z","","","","","https://sportsbook.fanduel.com/addToBetslip?marketId=717.188362781&selectionId=5408012"
"SPORTSGAMEODDS","TqrEdthbWB14SbfcH54s","2026-09-25T23:40:00.000Z","Colorado Rockies @ Chicago White Sox","Colorado Rockies","Chicago White Sox","2","full","FULL_INNING_3WAY","home","","points-home-2i-ml3way-home","draftkings","","false","255","2026-09-25T16:27:56.462Z","","","","",""
"SPORTSGAMEODDS","TqrEdthbWB14SbfcH54s","2026-09-25T23:40:00.000Z","Colorado Rockies @ Chicago White Sox","Colorado Rockies","Chicago White Sox","3","full","FULL_INNING_3WAY","home","","points-home-3i-ml3way-home","fanduel","","false","250","2026-09-25T16:28:08.825Z","","","","","https://sportsbook.fanduel.com/addToBetslip?marketId=717.188362735&selectionId=5408012"
"SPORTSGAMEODDS","TqrEdthbWB14SbfcH54s","2026-09-25T23:40:00.000Z","Colorado Rockies @ Chicago White Sox","Colorado Rockies","Chicago White Sox","3","full","FULL_INNING_3WAY","home","","points-home-3i-ml3way-home","draftkings","","false","230","2026-09-25T16:27:56.462Z","","","","",""
"SPORTSGAMEODDS","TqrEdthbWB14SbfcH54s","2026-09-25T23:40:00.000Z","Colorado Rockies @ Chicago White Sox","Colorado Rockies","Chicago White Sox","4","full","FULL_INNING_3WAY","home","","points-home-4i-ml3way-home","fanduel","","false","260","2026-09-25T16:28:08.825Z","","","","","https://sportsbook.fanduel.com/addToBetslip?marketId=717.188362635&selectionId=5408012"
"SPORTSGAMEODDS","TqrEdthbWB14SbfcH54s","2026-09-25T23:40:00.000Z","Colorado Rockies @ Chicago White Sox","Colorado Rockies","Chicago White Sox","4","full","FULL_INNING_3WAY","home","","points-home-4i-ml3way-home","draftkings","","false","230","2026-09-25T16:27:56.462Z","","","","",""
"SPORTSGAMEODDS","TqrEdthbWB14SbfcH54s","2026-09-25T23:40:00.000Z","Colorado Rockies @ Chicago White Sox","Colorado Rockies","Chicago White Sox","5","full","FULL_INNING_3WAY","home","","points-home-5i-ml3way-home","fanduel","","false","250","2026-09-25T16:28:08.825Z","","","","","https://sportsbook.fanduel.com/addToBetslip?marketId=717.188362733&selectionId=5408012"
"SPORTSGAMEODDS","TqrEdthbWB14SbfcH54s","2026-09-25T23:40:00.000Z","Colorado Rockies @ Chicago White Sox","Colorado Rockies","Chicago White Sox","5","full","FULL_INNING_3WAY","home","","points-home-5i-ml3way-home","draftkings","","false","220","2026-09-25T16:27:56.462Z","","","","",""
"SPORTSGAMEODDS","TqrEdthbWB14SbfcH54s","2026-09-25T23:40:00.000Z","Colorado Rockies @ Chicago White Sox","Colorado Rockies","Chicago White Sox","6","full","FULL_INNING_3WAY","home","","points-home-6i-ml3way-home","fanduel","","false","260","2026-09-25T16:28:08.825Z","","","","","https://sportsbook.fanduel.com/addToBetslip?marketId=717.188362731&selectionId=5408012"
"SPORTSGAMEODDS","TqrEdthbWB14SbfcH54s","2026-09-25T23:40:00.000Z","Colorado Rockies @ Chicago White Sox","Colorado Rockies","Chicago White Sox","6","full","FULL_INNING_3WAY","home","","points-home-6i-ml3way-home","draftkings","","false","260","2026-09-25T16:27:56.462Z","","","","",""
"SPORTSGAMEODDS","TqrEdthbWB14SbfcH54s","2026-09-25T23:40:00.000Z","Colorado Rockies @ Chicago White Sox","Colorado Rockies","Chicago White Sox","7","full","FULL_INNING_3WAY","home","","points-home-7i-ml3way-home","fanduel","","false","250","2026-09-25T16:28:08.825Z","","","","","https://sportsbook.fanduel.com/addToBetslip?marketId=717.188362755&selectionId=5408012"
"SPORTSGAMEODDS","TqrEdthbWB14SbfcH54s","2026-09-25T23:40:00.000Z","Colorado Rockies @ Chicago White Sox","Colorado Rockies","Chicago White Sox","7","full","FULL_INNING_3WAY","home","","points-home-7i-ml3way-home","draftkings","","false","260","2026-09-25T16:27:56.462Z","","","","",""
"SPORTSGAMEODDS","TqrEdthbWB14SbfcH54s","2026-09-25T23:40:00.000Z","Colorado Rockies @ Chicago White Sox","Colorado Rockies","Chicago White Sox","8","full","FULL_INNING_3WAY","home","","points-home-8i-ml3way-home","fanduel","","false","270","2026-09-25T16:28:08.825Z","","","","","https://sportsbook.fanduel.com/addToBetslip?marketId=717.188362693&selectionId=5408012"
"SPORTSGAMEODDS","TqrEdthbWB14SbfcH54s","2026-09-25T23:40:00.000Z","Colorado Rockies @ Chicago White Sox","Colorado Rockies","Chicago White Sox","8","full","FULL_INNING_3WAY","home","","points-home-8i-ml3way-home","draftkings","","false","250","2026-09-25T16:27:56.462Z","","","","",""
"SPORTSGAMEODDS","TqrEdthbWB14SbfcH54s","2026-09-25T23:40:00.000Z","Colorado Rockies @ Chicago White Sox","Colorado Rockies","Chicago White Sox","9","full","FULL_INNING_3WAY","home","","points-home-9i-ml3way-home","fanduel","","false","700","2026-09-25T16:28:08.825Z","","","","","https://sportsbook.fanduel.com/addToBetslip?marketId=717.188362630&selectionId=5408012"
"SPORTSGAMEODDS","TqrEdthbWB14SbfcH54s","2026-09-25T23:40:00.000Z","Colorado Rockies @ Chicago White Sox","Colorado Rockies","Chicago White Sox","9","full","FULL_INNING_3WAY","home","","points-home-9i-ml3way-home","draftkings","","false","700","2026-09-25T16:27:56.462Z","","","","",""
"SPORTSGAMEODDS","Va52dupZuCYS5wcOtlxA","2026-09-25T23:40:00.000Z","Cleveland Guardians @ Kansas City Royals","Cleveland Guardians","Kansas City Royals","1","full","FULL_INNING_3WAY","draw","","points-all-1i-ml3way-draw","fanduel","","false","-165","2026-09-25T16:28:08.825Z","","","","","https://sportsbook.fanduel.com/addToBetslip?marketId=717.188357988&selectionId=131604"
"SPORTSGAMEODDS","Va52dupZuCYS5wcOtlxA","2026-09-25T23:40:00.000Z","Cleveland Guardians @ Kansas City Royals","Cleveland Guardians","Kansas City Royals","1","full","FULL_INNING_3WAY","draw","","points-all-1i-ml3way-draw","draftkings","","false","-165","2026-09-25T16:27:56.462Z","","","","",""
"SPORTSGAMEODDS","Va52dupZuCYS5wcOtlxA","2026-09-25T23:40:00.000Z","Cleveland Guardians @ Kansas City Royals","Cleveland Guardians","Kansas City Royals","1","full","FULL_INNING_3WAY","draw","","points-all-1i-ml3way-draw","betmgm","","false","-170","2026-09-25T16:28:37.015Z","","","","","https://sports.nj.betmgm.com/en/sports?options=19945278-1561272806-2304272947"
"SPORTSGAMEODDS","Va52dupZuCYS5wcOtlxA","2026-09-25T23:40:00.000Z","Cleveland Guardians @ Kansas City Royals","Cleveland Guardians","Kansas City Royals","1","full","FULL_INNING_TOTAL","over","","points-all-1i-ou-over","fanduel","0.5","false","110","2026-09-25T16:28:08.825Z","0.5","0.5","128","117","https://sportsbook.fanduel.com/addToBetslip?marketId=717.188357957&selectionId=7017905"
"SPORTSGAMEODDS","Va52dupZuCYS5wcOtlxA","2026-09-25T23:40:00.000Z","Cleveland Guardians @ Kansas City Royals","Cleveland Guardians","Kansas City Royals","1","full","FULL_INNING_TOTAL","over","","points-all-1i-ou-over","fanduel","1.5","true","300","2026-09-25T16:28:08.825Z","0.5","0.5","","","https://sportsbook.fanduel.com/addToBetslip?marketId=717.188357957&selectionId=7017905"
"SPORTSGAMEODDS","Va52dupZuCYS5wcOtlxA","2026-09-25T23:40:00.000Z","Cleveland Guardians @ Kansas City Royals","Cleveland Guardians","Kansas City Royals","1","full","FULL_INNING_TOTAL","over","","points-all-1i-ou-over","caesars","0.5","false","114","2026-09-25T16:28:13.515Z","0.5","0.5","128","117","https://sportsbook.caesars.com/us/nj/bet/betslip?selectionIds=c196f5c9-9afb-3ca4-9b0b-f36729dab103"
"SPORTSGAMEODDS","Va52dupZuCYS5wcOtlxA","2026-09-25T23:40:00.000Z","Cleveland Guardians @ Kansas City Royals","Cleveland Guardians","Kansas City Royals","1","full","FULL_INNING_TOTAL","over","","points-all-1i-ou-over","draftkings","0.5","false","105","2026-09-25T16:27:56.462Z","0.5","0.5","128","117",""
"SPORTSGAMEODDS","Va52dupZuCYS5wcOtlxA","2026-09-25T23:40:00.000Z","Cleveland Guardians @ Kansas City Royals","Cleveland Guardians","Kansas City Royals","1","full","FULL_INNING_TOTAL","over","","points-all-1i-ou-over","draftkings","1.5","true","280","2026-09-25T16:27:56.462Z","0.5","0.5","","",""
"SPORTSGAMEODDS","Va52dupZuCYS5wcOtlxA","2026-09-25T23:40:00.000Z","Cleveland Guardians @ Kansas City Royals","Cleveland Guardians","Kansas City Royals","1","full","FULL_INNING_TOTAL","over","","points-all-1i-ou-over","betmgm","0.5","false","120","2026-09-25T16:28:37.015Z","0.5","0.5","128","117","https://sports.nj.betmgm.com/en/sports?options=19945278-1561272809-2304272951"
"SPORTSGAMEODDS","Va52dupZuCYS5wcOtlxA","2026-09-25T23:40:00.000Z","Cleveland Guardians @ Kansas City Royals","Cleveland Guardians","Kansas City Royals","1","full","FULL_INNING_TOTAL","under","","points-all-1i-ou-under","fanduel","0.5","false","-140","2026-09-25T16:28:08.825Z","0.5","0.5","-128","-145","https://sportsbook.fanduel.com/addToBetslip?marketId=717.188357957&selectionId=7017906"
"SPORTSGAMEODDS","Va52dupZuCYS5wcOtlxA","2026-09-25T23:40:00.000Z","Cleveland Guardians @ Kansas City Royals","Cleveland Guardians","Kansas City Royals","1","full","FULL_INNING_TOTAL","under","","points-all-1i-ou-under","fanduel","1.5","true","-400","2026-09-25T16:28:08.825Z","0.5","0.5","","","https://sportsbook.fanduel.com/addToBetslip?marketId=717.188357957&selectionId=7017906"
"SPORTSGAMEODDS","Va52dupZuCYS5wcOtlxA","2026-09-25T23:40:00.000Z","Cleveland Guardians @ Kansas City Royals","Cleveland Guardians","Kansas City Royals","1","full","FULL_INNING_TOTAL","under","","points-all-1i-ou-under","caesars","0.5","false","-145","2026-09-25T16:28:13.515Z","0.5","0.5","-128","-145","https://sportsbook.caesars.com/us/nj/bet/betslip?selectionIds=e62c2b71-1b5b-3624-bffc-979cf53f6316"
"SPORTSGAMEODDS","Va52dupZuCYS5wcOtlxA","2026-09-25T23:40:00.000Z","Cleveland Guardians @ Kansas City Royals","Cleveland Guardians","Kansas City Royals","1","full","FULL_INNING_TOTAL","under","","points-all-1i-ou-under","draftkings","0.5","false","-140","2026-09-25T16:27:56.462Z","0.5","0.5","-128","-145",""
"SPORTSGAMEODDS","Va52dupZuCYS5wcOtlxA","2026-09-25T23:40:00.000Z","Cleveland Guardians @ Kansas City Royals","Cleveland Guardians","Kansas City Royals","1","full","FULL_INNING_TOTAL","under","","points-all-1i-ou-under","draftkings","1.5","true","-380","2026-09-25T16:27:56.462Z","0.5","0.5","","",""
"SPORTSGAMEODDS","Va52dupZuCYS5wcOtlxA","2026-09-25T23:40:00.000Z","Cleveland Guardians @ Kansas City Royals","Cleveland Guardians","Kansas City Royals","1","full","FULL_INNING_TOTAL","under","","points-all-1i-ou-under","betmgm","0.5","false","-155","2026-09-25T16:28:37.015Z","0.5","0.5","-128","-145","https://sports.nj.betmgm.com/en/sports?options=19945278-1561272809-2304272952"
"SPORTSGAMEODDS","Va52dupZuCYS5wcOtlxA","2026-09-25T23:40:00.000Z","Cleveland Guardians @ Kansas City Royals","Cleveland Guardians","Kansas City Royals","1","full","FULL_INNING_3WAY","away","","points-away-1i-ml3way-away","fanduel","","false","320","2026-09-25T16:28:08.825Z","","","","","https://sportsbook.fanduel.com/addToBetslip?marketId=717.188357988&selectionId=41541473"
"SPORTSGAMEODDS","Va52dupZuCYS5wcOtlxA","2026-09-25T23:40:00.000Z","Cleveland Guardians @ Kansas City Royals","Cleveland Guardians","Kansas City Royals","1","full","FULL_INNING_3WAY","away","","points-away-1i-ml3way-away","draftkings","","false","310","2026-09-25T16:27:56.462Z","","","","",""
"SPORTSGAMEODDS","Va52dupZuCYS5wcOtlxA","2026-09-25T23:40:00.000Z","Cleveland Guardians @ Kansas City Royals","Cleveland Guardians","Kansas City Royals","1","full","FULL_INNING_3WAY","away","","points-away-1i-ml3way-away","betmgm","","false","320","2026-09-25T16:28:37.015Z","","","","","https://sports.nj.betmgm.com/en/sports?options=19945278-1561272806-2304272946"
"SPORTSGAMEODDS","Va52dupZuCYS5wcOtlxA","2026-09-25T23:40:00.000Z","Cleveland Guardians @ Kansas City Royals","Cleveland Guardians","Kansas City Royals","1","full","FULL_INNING_3WAY","home","","points-home-1i-ml3way-home","fanduel","","false","340","2026-09-25T16:28:08.825Z","","","","","https://sportsbook.fanduel.com/addToBetslip?marketId=717.188357988&selectionId=29179"
"SPORTSGAMEODDS","Va52dupZuCYS5wcOtlxA","2026-09-25T23:40:00.000Z","Cleveland Guardians @ Kansas City Royals","Cleveland Guardians","Kansas City Royals","1","full","FULL_INNING_3WAY","home","","points-home-1i-ml3way-home","draftkings","","false","340","2026-09-25T16:27:56.462Z","","","","",""
"SPORTSGAMEODDS","Va52dupZuCYS5wcOtlxA","2026-09-25T23:40:00.000Z","Cleveland Guardians @ Kansas City Royals","Cleveland Guardians","Kansas City Royals","1","full","FULL_INNING_3WAY","home","","points-home-1i-ml3way-home","betmgm","","false","375","2026-09-25T16:28:37.015Z","","","","","https://sports.nj.betmgm.com/en/sports?options=19945278-1561272806-2304272948"
"SPORTSGAMEODDS","Va52dupZuCYS5wcOtlxA","2026-09-25T23:40:00.000Z","Cleveland Guardians @ Kansas City Royals","Cleveland Guardians","Kansas City Royals","2","full","FULL_INNING_3WAY","draw","","points-all-2i-ml3way-draw","fanduel","","false","-210","2026-09-25T16:28:08.825Z","","","","","https://sportsbook.fanduel.com/addToBetslip?marketId=717.188357924&selectionId=131604"
"SPORTSGAMEODDS","Va52dupZuCYS5wcOtlxA","2026-09-25T23:40:00.000Z","Cleveland Guardians @ Kansas City Royals","Cleveland Guardians","Kansas City Royals","2","full","FULL_INNING_3WAY","draw","","points-all-2i-ml3way-draw","draftkings","","false","-205","2026-09-25T16:27:56.462Z","","","","",""
"SPORTSGAMEODDS","Va52dupZuCYS5wcOtlxA","2026-09-25T23:40:00.000Z","Cleveland Guardians @ Kansas City Royals","Cleveland Guardians","Kansas City Royals","2","full","FULL_INNING_TOTAL","over","","points-all-2i-ou-over","fanduel","0.5","false","152","2026-09-25T16:28:08.825Z","0.5","0.5","153","135","https://sportsbook.fanduel.com/addToBetslip?marketId=717.188357933&selectionId=7017905"
"SPORTSGAMEODDS","Va52dupZuCYS5wcOtlxA","2026-09-25T23:40:00.000Z","Cleveland Guardians @ Kansas City Royals","Cleveland Guardians","Kansas City Royals","2","full","FULL_INNING_TOTAL","over","","points-all-2i-ou-over","fanduel","1.5","true","410","2026-09-25T16:28:08.825Z","0.5","0.5","","","https://sportsbook.fanduel.com/addToBetslip?marketId=717.188357933&selectionId=7017905"
"SPORTSGAMEODDS","Va52dupZuCYS5wcOtlxA","2026-09-25T23:40:00.000Z","Cleveland Guardians @ Kansas City Royals","Cleveland Guardians","Kansas City Royals","2","full","FULL_INNING_TOTAL","over","","points-all-2i-ou-over","draftkings","0.5","false","135","2026-09-25T16:27:56.462Z","0.5","0.5","153","135",""
"SPORTSGAMEODDS","Va52dupZuCYS5wcOtlxA","2026-09-25T23:40:00.000Z","Cleveland Guardians @ Kansas City Royals","Cleveland Guardians","Kansas City Royals","2","full","FULL_INNING_TOTAL","over","","points-all-2i-ou-over","draftkings","1.5","true","360","2026-09-25T16:27:56.462Z","0.5","0.5","","",""
"SPORTSGAMEODDS","Va52dupZuCYS5wcOtlxA","2026-09-25T23:40:00.000Z","Cleveland Guardians @ Kansas City Royals","Cleveland Guardians","Kansas City Royals","2","full","FULL_INNING_TOTAL","under","","points-all-2i-ou-under","fanduel","0.5","false","-188","2026-09-25T16:28:08.825Z","0.5","0.5","-153","-188","https://sportsbook.fanduel.com/addToBetslip?marketId=717.188357933&selectionId=7017906"
"SPORTSGAMEODDS","Va52dupZuCYS5wcOtlxA","2026-09-25T23:40:00.000Z","Cleveland Guardians @ Kansas City Royals","Cleveland Guardians","Kansas City Royals","2","full","FULL_INNING_TOTAL","under","","points-all-2i-ou-under","fanduel","1.5","true","-590","2026-09-25T16:28:08.825Z","0.5","0.5","","","https://sportsbook.fanduel.com/addToBetslip?marketId=717.188357933&selectionId=7017906"
"SPORTSGAMEODDS","Va52dupZuCYS5wcOtlxA","2026-09-25T23:40:00.000Z","Cleveland Guardians @ Kansas City Royals","Cleveland Guardians","Kansas City Royals","2","full","FULL_INNING_TOTAL","under","","points-all-2i-ou-under","draftkings","0.5","false","-180","2026-09-25T16:27:56.462Z","0.5","0.5","-153","-188",""
"SPORTSGAMEODDS","Va52dupZuCYS5wcOtlxA","2026-09-25T23:40:00.000Z","Cleveland Guardians @ Kansas City Royals","Cleveland Guardians","Kansas City Royals","2","full","FULL_INNING_TOTAL","under","","points-all-2i-ou-under","draftkings","1.5","true","-525","2026-09-25T16:27:56.462Z","0.5","0.5","","",""
"SPORTSGAMEODDS","Va52dupZuCYS5wcOtlxA","2026-09-25T23:40:00.000Z","Cleveland Guardians @ Kansas City Royals","Cleveland Guardians","Kansas City Royals","3","full","FULL_INNING_3WAY","draw","","points-all-3i-ml3way-draw","fanduel","","false","-175","2026-09-25T16:28:08.825Z","","","","","https://sportsbook.fanduel.com/addToBetslip?marketId=717.188358069&selectionId=131604"
"SPORTSGAMEODDS","Va52dupZuCYS5wcOtlxA","2026-09-25T23:40:00.000Z","Cleveland Guardians @ Kansas City Royals","Cleveland Guardians","Kansas City Royals","3","full","FULL_INNING_3WAY","draw","","points-all-3i-ml3way-draw","draftkings","","false","-175","2026-09-25T16:27:56.462Z","","","","",""
"SPORTSGAMEODDS","Va52dupZuCYS5wcOtlxA","2026-09-25T23:40:00.000Z","Cleveland Guardians @ Kansas City Royals","Cleveland Guardians","Kansas City Royals","3","full","FULL_INNING_TOTAL","over","","points-all-3i-ou-over","fanduel","0.5","false","128","2026-09-25T16:28:08.825Z","0.5","0.5","132","115","https://sportsbook.fanduel.com/addToBetslip?marketId=717.188358001&selectionId=7017905"
"SPORTSGAMEODDS","Va52dupZuCYS5wcOtlxA","2026-09-25T23:40:00.000Z","Cleveland Guardians @ Kansas City Royals","Cleveland Guardians","Kansas City Royals","3","full","FULL_INNING_TOTAL","over","","points-all-3i-ou-over","fanduel","1.5","true","320","2026-09-25T16:28:08.825Z","0.5","0.5","","","https://sportsbook.fanduel.com/addToBetslip?marketId=717.188358001&selectionId=7017905"
"SPORTSGAMEODDS","Va52dupZuCYS5wcOtlxA","2026-09-25T23:40:00.000Z","Cleveland Guardians @ Kansas City Royals","Cleveland Guardians","Kansas City Royals","3","full","FULL_INNING_TOTAL","over","","points-all-3i-ou-over","draftkings","0.5","false","115","2026-09-25T16:27:56.462Z","0.5","0.5","132","115",""
"SPORTSGAMEODDS","Va52dupZuCYS5wcOtlxA","2026-09-25T23:40:00.000Z","Cleveland Guardians @ Kansas City Royals","Cleveland Guardians","Kansas City Royals","3","full","FULL_INNING_TOTAL","over","","points-all-3i-ou-over","draftkings","1.5","true","285","2026-09-25T16:27:56.462Z","0.5","0.5","","",""
"SPORTSGAMEODDS","Va52dupZuCYS5wcOtlxA","2026-09-25T23:40:00.000Z","Cleveland Guardians @ Kansas City Royals","Cleveland Guardians","Kansas City Royals","3","full","FULL_INNING_TOTAL","under","","points-all-3i-ou-under","fanduel","0.5","false","-158","2026-09-25T16:28:08.825Z","0.5","0.5","-132","-158","https://sportsbook.fanduel.com/addToBetslip?marketId=717.188358001&selectionId=7017906"
"SPORTSGAMEODDS","Va52dupZuCYS5wcOtlxA","2026-09-25T23:40:00.000Z","Cleveland Guardians @ Kansas City Royals","Cleveland Guardians","Kansas City Royals","3","full","FULL_INNING_TOTAL","under","","points-all-3i-ou-under","fanduel","1.5","true","-430","2026-09-25T16:28:08.825Z","0.5","0.5","","","https://sportsbook.fanduel.com/addToBetslip?marketId=717.188358001&selectionId=7017906"
"SPORTSGAMEODDS","Va52dupZuCYS5wcOtlxA","2026-09-25T23:40:00.000Z","Cleveland Guardians @ Kansas City Royals","Cleveland Guardians","Kansas City Royals","3","full","FULL_INNING_TOTAL","under","","points-all-3i-ou-under","draftkings","0.5","false","-155","2026-09-25T16:27:56.462Z","0.5","0.5","-132","-158",""
"SPORTSGAMEODDS","Va52dupZuCYS5wcOtlxA","2026-09-25T23:40:00.000Z","Cleveland Guardians @ Kansas City Royals","Cleveland Guardians","Kansas City Royals","3","full","FULL_INNING_TOTAL","under","","points-all-3i-ou-under","draftkings","1.5","true","-400","2026-09-25T16:27:56.462Z","0.5","0.5","","",""
"SPORTSGAMEODDS","Va52dupZuCYS5wcOtlxA","2026-09-25T23:40:00.000Z","Cleveland Guardians @ Kansas City Royals","Cleveland Guardians","Kansas City Royals","4","full","FULL_INNING_3WAY","draw","","points-all-4i-ml3way-draw","fanduel","","false","-190","2026-09-25T16:28:08.825Z","","","","","https://sportsbook.fanduel.com/addToBetslip?marketId=717.188358049&selectionId=131604"
"SPORTSGAMEODDS","Va52dupZuCYS5wcOtlxA","2026-09-25T23:40:00.000Z","Cleveland Guardians @ Kansas City Royals","Cleveland Guardians","Kansas City Royals","4","full","FULL_INNING_3WAY","draw","","points-all-4i-ml3way-draw","draftkings","","false","-190","2026-09-25T16:27:56.462Z","","","","",""
"SPORTSGAMEODDS","Va52dupZuCYS5wcOtlxA","2026-09-25T23:40:00.000Z","Cleveland Guardians @ Kansas City Royals","Cleveland Guardians","Kansas City Royals","4","full","FULL_INNING_TOTAL","over","","points-all-4i-ou-over","fanduel","0.5","false","130","2026-09-25T16:28:08.825Z","0.5","0.5","137","120","https://sportsbook.fanduel.com/addToBetslip?marketId=717.188358047&selectionId=7017905"
"SPORTSGAMEODDS","Va52dupZuCYS5wcOtlxA","2026-09-25T23:40:00.000Z","Cleveland Guardians @ Kansas City Royals","Cleveland Guardians","Kansas City Royals","4","full","FULL_INNING_TOTAL","over","","points-all-4i-ou-over","fanduel","1.5","true","350","2026-09-25T16:28:08.825Z","0.5","0.5","","","https://sportsbook.fanduel.com/addToBetslip?marketId=717.188358047&selectionId=7017905"
"SPORTSGAMEODDS","Va52dupZuCYS5wcOtlxA","2026-09-25T23:40:00.000Z","Cleveland Guardians @ Kansas City Royals","Cleveland Guardians","Kansas City Royals","4","full","FULL_INNING_TOTAL","over","","points-all-4i-ou-over","draftkings","0.5","false","120","2026-09-25T16:27:56.462Z","0.5","0.5","137","120",""
"SPORTSGAMEODDS","Va52dupZuCYS5wcOtlxA","2026-09-25T23:40:00.000Z","Cleveland Guardians @ Kansas City Royals","Cleveland Guardians","Kansas City Royals","4","full","FULL_INNING_TOTAL","over","","points-all-4i-ou-over","draftkings","1.5","true","310","2026-09-25T16:27:56.462Z","0.5","0.5","","",""
"SPORTSGAMEODDS","Va52dupZuCYS5wcOtlxA","2026-09-25T23:40:00.000Z","Cleveland Guardians @ Kansas City Royals","Cleveland Guardians","Kansas City Royals","4","full","FULL_INNING_TOTAL","under","","points-all-4i-ou-under","fanduel","0.5","false","-160","2026-09-25T16:28:08.825Z","0.5","0.5","-137","-165","https://sportsbook.fanduel.com/addToBetslip?marketId=717.188358047&selectionId=7017906"
"SPORTSGAMEODDS","Va52dupZuCYS5wcOtlxA","2026-09-25T23:40:00.000Z","Cleveland Guardians @ Kansas City Royals","Cleveland Guardians","Kansas City Royals","4","full","FULL_INNING_TOTAL","under","","points-all-4i-ou-under","fanduel","1.5","true","-480","2026-09-25T16:28:08.825Z","0.5","0.5","","","https://sportsbook.fanduel.com/addToBetslip?marketId=717.188358047&selectionId=7017906"
"SPORTSGAMEODDS","Va52dupZuCYS5wcOtlxA","2026-09-25T23:40:00.000Z","Cleveland Guardians @ Kansas City Royals","Cleveland Guardians","Kansas City Royals","4","full","FULL_INNING_TOTAL","under","","points-all-4i-ou-under","draftkings","0.5","false","-165","2026-09-25T16:27:56.462Z","0.5","0.5","-137","-165",""
"SPORTSGAMEODDS","Va52dupZuCYS5wcOtlxA","2026-09-25T23:40:00.000Z","Cleveland Guardians @ Kansas City Royals","Cleveland Guardians","Kansas City Royals","4","full","FULL_INNING_TOTAL","under","","points-all-4i-ou-under","draftkings","1.5","true","-450","2026-09-25T16:27:56.462Z","0.5","0.5","","",""
"SPORTSGAMEODDS","Va52dupZuCYS5wcOtlxA","2026-09-25T23:40:00.000Z","Cleveland Guardians @ Kansas City Royals","Cleveland Guardians","Kansas City Royals","5","full","FULL_INNING_3WAY","draw","","points-all-5i-ml3way-draw","fanduel","","false","-190","2026-09-25T16:28:08.825Z","","","","","https://sportsbook.fanduel.com/addToBetslip?marketId=717.188357970&selectionId=131604"
"SPORTSGAMEODDS","Va52dupZuCYS5wcOtlxA","2026-09-25T23:40:00.000Z","Cleveland Guardians @ Kansas City Royals","Cleveland Guardians","Kansas City Royals","5","full","FULL_INNING_3WAY","draw","","points-all-5i-ml3way-draw","draftkings","","false","-185","2026-09-25T16:27:56.462Z","","","","",""
"SPORTSGAMEODDS","Va52dupZuCYS5wcOtlxA","2026-09-25T23:40:00.000Z","Cleveland Guardians @ Kansas City Royals","Cleveland Guardians","Kansas City Royals","5","full","FULL_INNING_TOTAL","over","","points-all-5i-ou-over","fanduel","0.5","false","134","2026-09-25T16:28:08.825Z","0.5","0.5","137","120","https://sportsbook.fanduel.com/addToBetslip?marketId=717.188357955&selectionId=7017905"
"SPORTSGAMEODDS","Va52dupZuCYS5wcOtlxA","2026-09-25T23:40:00.000Z","Cleveland Guardians @ Kansas City Royals","Cleveland Guardians","Kansas City Royals","5","full","FULL_INNING_TOTAL","over","","points-all-5i-ou-over","fanduel","1.5","true","330","2026-09-25T16:28:08.825Z","0.5","0.5","","","https://sportsbook.fanduel.com/addToBetslip?marketId=717.188357955&selectionId=7017905"
"SPORTSGAMEODDS","Va52dupZuCYS5wcOtlxA","2026-09-25T23:40:00.000Z","Cleveland Guardians @ Kansas City Royals","Cleveland Guardians","Kansas City Royals","5","full","FULL_INNING_TOTAL","over","","points-all-5i-ou-over","draftkings","0.5","false","120","2026-09-25T16:27:56.462Z","0.5","0.5","137","120",""
"SPORTSGAMEODDS","Va52dupZuCYS5wcOtlxA","2026-09-25T23:40:00.000Z","Cleveland Guardians @ Kansas City Royals","Cleveland Guardians","Kansas City Royals","5","full","FULL_INNING_TOTAL","over","","points-all-5i-ou-over","draftkings","1.5","true","295","2026-09-25T16:27:56.462Z","0.5","0.5","","",""
"SPORTSGAMEODDS","Va52dupZuCYS5wcOtlxA","2026-09-25T23:40:00.000Z","Cleveland Guardians @ Kansas City Royals","Cleveland Guardians","Kansas City Royals","5","full","FULL_INNING_TOTAL","under","","points-all-5i-ou-under","fanduel","0.5","false","-164","2026-09-25T16:28:08.825Z","0.5","0.5","-137","-164","https://sportsbook.fanduel.com/addToBetslip?marketId=717.188357955&selectionId=7017906"
"SPORTSGAMEODDS","Va52dupZuCYS5wcOtlxA","2026-09-25T23:40:00.000Z","Cleveland Guardians @ Kansas City Royals","Cleveland Guardians","Kansas City Royals","5","full","FULL_INNING_TOTAL","under","","points-all-5i-ou-under","fanduel","1.5","true","-470","2026-09-25T16:28:08.825Z","0.5","0.5","","","https://sportsbook.fanduel.com/addToBetslip?marketId=717.188357955&selectionId=7017906"
"SPORTSGAMEODDS","Va52dupZuCYS5wcOtlxA","2026-09-25T23:40:00.000Z","Cleveland Guardians @ Kansas City Royals","Cleveland Guardians","Kansas City Royals","5","full","FULL_INNING_TOTAL","under","","points-all-5i-ou-under","draftkings","0.5","false","-160","2026-09-25T16:27:56.462Z","0.5","0.5","-137","-164",""
"SPORTSGAMEODDS","Va52dupZuCYS5wcOtlxA","2026-09-25T23:40:00.000Z","Cleveland Guardians @ Kansas City Royals","Cleveland Guardians","Kansas City Royals","5","full","FULL_INNING_TOTAL","under","","points-all-5i-ou-under","draftkings","1.5","true","-425","2026-09-25T16:27:56.462Z","0.5","0.5","","",""
"SPORTSGAMEODDS","Va52dupZuCYS5wcOtlxA","2026-09-25T23:40:00.000Z","Cleveland Guardians @ Kansas City Royals","Cleveland Guardians","Kansas City Royals","6","full","FULL_INNING_3WAY","draw","","points-all-6i-ml3way-draw","fanduel","","false","-180","2026-09-25T16:28:08.825Z","","","","","https://sportsbook.fanduel.com/addToBetslip?marketId=717.188358078&selectionId=131604"
"SPORTSGAMEODDS","Va52dupZuCYS5wcOtlxA","2026-09-25T23:40:00.000Z","Cleveland Guardians @ Kansas City Royals","Cleveland Guardians","Kansas City Royals","6","full","FULL_INNING_3WAY","draw","","points-all-6i-ml3way-draw","draftkings","","false","-200","2026-09-25T16:27:56.462Z","","","","",""
"SPORTSGAMEODDS","Va52dupZuCYS5wcOtlxA","2026-09-25T23:40:00.000Z","Cleveland Guardians @ Kansas City Royals","Cleveland Guardians","Kansas City Royals","6","full","FULL_INNING_TOTAL","over","","points-all-6i-ou-over","fanduel","0.5","false","128","2026-09-25T16:28:08.825Z","0.5","0.5","145","128","https://sportsbook.fanduel.com/addToBetslip?marketId=717.188358080&selectionId=7017905"
"SPORTSGAMEODDS","Va52dupZuCYS5wcOtlxA","2026-09-25T23:40:00.000Z","Cleveland Guardians @ Kansas City Royals","Cleveland Guardians","Kansas City Royals","6","full","FULL_INNING_TOTAL","over","","points-all-6i-ou-over","fanduel","1.5","true","320","2026-09-25T16:28:08.825Z","0.5","0.5","","","https://sportsbook.fanduel.com/addToBetslip?marketId=717.188358080&selectionId=7017905"
"SPORTSGAMEODDS","Va52dupZuCYS5wcOtlxA","2026-09-25T23:40:00.000Z","Cleveland Guardians @ Kansas City Royals","Cleveland Guardians","Kansas City Royals","6","full","FULL_INNING_TOTAL","over","","points-all-6i-ou-over","draftkings","0.5","false","130","2026-09-25T16:27:56.462Z","0.5","0.5","145","128",""
"SPORTSGAMEODDS","Va52dupZuCYS5wcOtlxA","2026-09-25T23:40:00.000Z","Cleveland Guardians @ Kansas City Royals","Cleveland Guardians","Kansas City Royals","6","full","FULL_INNING_TOTAL","over","","points-all-6i-ou-over","draftkings","1.5","true","330","2026-09-25T16:27:56.462Z","0.5","0.5","","",""
"SPORTSGAMEODDS","Va52dupZuCYS5wcOtlxA","2026-09-25T23:40:00.000Z","Cleveland Guardians @ Kansas City Royals","Cleveland Guardians","Kansas City Royals","6","full","FULL_INNING_TOTAL","under","","points-all-6i-ou-under","fanduel","0.5","false","-158","2026-09-25T16:28:08.825Z","0.5","0.5","-145","-175","https://sportsbook.fanduel.com/addToBetslip?marketId=717.188358080&selectionId=7017906"
"SPORTSGAMEODDS","Va52dupZuCYS5wcOtlxA","2026-09-25T23:40:00.000Z","Cleveland Guardians @ Kansas City Royals","Cleveland Guardians","Kansas City Royals","6","full","FULL_INNING_TOTAL","under","","points-all-6i-ou-under","fanduel","1.5","true","-430","2026-09-25T16:28:08.825Z","0.5","0.5","","","https://sportsbook.fanduel.com/addToBetslip?marketId=717.188358080&selectionId=7017906"
"SPORTSGAMEODDS","Va52dupZuCYS5wcOtlxA","2026-09-25T23:40:00.000Z","Cleveland Guardians @ Kansas City Royals","Cleveland Guardians","Kansas City Royals","6","full","FULL_INNING_TOTAL","under","","points-all-6i-ou-under","draftkings","0.5","false","-175","2026-09-25T16:27:56.462Z","0.5","0.5","-145","-175",""
"SPORTSGAMEODDS","Va52dupZuCYS5wcOtlxA","2026-09-25T23:40:00.000Z","Cleveland Guardians @ Kansas City Royals","Cleveland Guardians","Kansas City Royals","6","full","FULL_INNING_TOTAL","under","","points-all-6i-ou-under","draftkings","1.5","true","-475","2026-09-25T16:27:56.462Z","0.5","0.5","","",""
"SPORTSGAMEODDS","Va52dupZuCYS5wcOtlxA","2026-09-25T23:40:00.000Z","Cleveland Guardians @ Kansas City Royals","Cleveland Guardians","Kansas City Royals","7","full","FULL_INNING_3WAY","draw","","points-all-7i-ml3way-draw","fanduel","","false","-175","2026-09-25T16:28:08.825Z","","","","","https://sportsbook.fanduel.com/addToBetslip?marketId=717.188358048&selectionId=131604"
"SPORTSGAMEODDS","Va52dupZuCYS5wcOtlxA","2026-09-25T23:40:00.000Z","Cleveland Guardians @ Kansas City Royals","Cleveland Guardians","Kansas City Royals","7","full","FULL_INNING_3WAY","draw","","points-all-7i-ml3way-draw","draftkings","","false","-185","2026-09-25T16:27:56.462Z","","","","",""
"SPORTSGAMEODDS","Va52dupZuCYS5wcOtlxA","2026-09-25T23:40:00.000Z","Cleveland Guardians @ Kansas City Royals","Cleveland Guardians","Kansas City Royals","7","full","FULL_INNING_TOTAL","over","","points-all-7i-ou-over","fanduel","0.5","false","128","2026-09-25T16:28:08.825Z","0.5","0.5","135","120","https://sportsbook.fanduel.com/addToBetslip?marketId=717.188358019&selectionId=7017905"
"SPORTSGAMEODDS","Va52dupZuCYS5wcOtlxA","2026-09-25T23:40:00.000Z","Cleveland Guardians @ Kansas City Royals","Cleveland Guardians","Kansas City Royals","7","full","FULL_INNING_TOTAL","over","","points-all-7i-ou-over","fanduel","1.5","true","320","2026-09-25T16:28:08.825Z","0.5","0.5","","","https://sportsbook.fanduel.com/addToBetslip?marketId=717.188358019&selectionId=7017905"
"SPORTSGAMEODDS","Va52dupZuCYS5wcOtlxA","2026-09-25T23:40:00.000Z","Cleveland Guardians @ Kansas City Royals","Cleveland Guardians","Kansas City Royals","7","full","FULL_INNING_TOTAL","over","","points-all-7i-ou-over","draftkings","0.5","false","120","2026-09-25T16:27:56.462Z","0.5","0.5","135","120",""
"SPORTSGAMEODDS","Va52dupZuCYS5wcOtlxA","2026-09-25T23:40:00.000Z","Cleveland Guardians @ Kansas City Royals","Cleveland Guardians","Kansas City Royals","7","full","FULL_INNING_TOTAL","over","","points-all-7i-ou-over","draftkings","1.5","true","300","2026-09-25T16:27:56.462Z","0.5","0.5","","",""
"SPORTSGAMEODDS","Va52dupZuCYS5wcOtlxA","2026-09-25T23:40:00.000Z","Cleveland Guardians @ Kansas City Royals","Cleveland Guardians","Kansas City Royals","7","full","FULL_INNING_TOTAL","under","","points-all-7i-ou-under","fanduel","0.5","false","-158","2026-09-25T16:28:08.825Z","0.5","0.5","-135","-160","https://sportsbook.fanduel.com/addToBetslip?marketId=717.188358019&selectionId=7017906"
"SPORTSGAMEODDS","Va52dupZuCYS5wcOtlxA","2026-09-25T23:40:00.000Z","Cleveland Guardians @ Kansas City Royals","Cleveland Guardians","Kansas City Royals","7","full","FULL_INNING_TOTAL","under","","points-all-7i-ou-under","fanduel","1.5","true","-430","2026-09-25T16:28:08.825Z","0.5","0.5","","","https://sportsbook.fanduel.com/addToBetslip?marketId=717.188358019&selectionId=7017906"
"SPORTSGAMEODDS","Va52dupZuCYS5wcOtlxA","2026-09-25T23:40:00.000Z","Cleveland Guardians @ Kansas City Royals","Cleveland Guardians","Kansas City Royals","7","full","FULL_INNING_TOTAL","under","","points-all-7i-ou-under","draftkings","0.5","false","-160","2026-09-25T16:27:56.462Z","0.5","0.5","-135","-160",""
"SPORTSGAMEODDS","Va52dupZuCYS5wcOtlxA","2026-09-25T23:40:00.000Z","Cleveland Guardians @ Kansas City Royals","Cleveland Guardians","Kansas City Royals","7","full","FULL_INNING_TOTAL","under","","points-all-7i-ou-under","draftkings","1.5","true","-425","2026-09-25T16:27:56.462Z","0.5","0.5","","",""
"SPORTSGAMEODDS","Va52dupZuCYS5wcOtlxA","2026-09-25T23:40:00.000Z","Cleveland Guardians @ Kansas City Royals","Cleveland Guardians","Kansas City Royals","8","full","FULL_INNING_3WAY","draw","","points-all-8i-ml3way-draw","fanduel","","false","-175","2026-09-25T16:28:08.825Z","","","","","https://sportsbook.fanduel.com/addToBetslip?marketId=717.188358059&selectionId=131604"
"SPORTSGAMEODDS","Va52dupZuCYS5wcOtlxA","2026-09-25T23:40:00.000Z","Cleveland Guardians @ Kansas City Royals","Cleveland Guardians","Kansas City Royals","8","full","FULL_INNING_3WAY","draw","","points-all-8i-ml3way-draw","draftkings","","false","-165","2026-09-25T16:27:56.462Z","","","","",""
"SPORTSGAMEODDS","Va52dupZuCYS5wcOtlxA","2026-09-25T23:40:00.000Z","Cleveland Guardians @ Kansas City Royals","Cleveland Guardians","Kansas City Royals","8","full","FULL_INNING_TOTAL","over","","points-all-8i-ou-over","fanduel","0.5","false","126","2026-09-25T16:28:08.825Z","0.5","0.5","127","110","https://sportsbook.fanduel.com/addToBetslip?marketId=717.188357925&selectionId=7017905"
"SPORTSGAMEODDS","Va52dupZuCYS5wcOtlxA","2026-09-25T23:40:00.000Z","Cleveland Guardians @ Kansas City Royals","Cleveland Guardians","Kansas City Royals","8","full","FULL_INNING_TOTAL","over","","points-all-8i-ou-over","fanduel","1.5","true","310","2026-09-25T16:28:08.825Z","0.5","0.5","","","https://sportsbook.fanduel.com/addToBetslip?marketId=717.188357925&selectionId=7017905"
"SPORTSGAMEODDS","Va52dupZuCYS5wcOtlxA","2026-09-25T23:40:00.000Z","Cleveland Guardians @ Kansas City Royals","Cleveland Guardians","Kansas City Royals","8","full","FULL_INNING_TOTAL","over","","points-all-8i-ou-over","draftkings","0.5","false","110","2026-09-25T16:27:56.462Z","0.5","0.5","127","110",""
"SPORTSGAMEODDS","Va52dupZuCYS5wcOtlxA","2026-09-25T23:40:00.000Z","Cleveland Guardians @ Kansas City Royals","Cleveland Guardians","Kansas City Royals","8","full","FULL_INNING_TOTAL","over","","points-all-8i-ou-over","draftkings","1.5","true","275","2026-09-25T16:27:56.462Z","0.5","0.5","","",""
"SPORTSGAMEODDS","Va52dupZuCYS5wcOtlxA","2026-09-25T23:40:00.000Z","Cleveland Guardians @ Kansas City Royals","Cleveland Guardians","Kansas City Royals","8","full","FULL_INNING_TOTAL","under","","points-all-8i-ou-under","fanduel","0.5","false","-154","2026-09-25T16:28:08.825Z","0.5","0.5","-127","-154","https://sportsbook.fanduel.com/addToBetslip?marketId=717.188357925&selectionId=7017906"
"SPORTSGAMEODDS","Va52dupZuCYS5wcOtlxA","2026-09-25T23:40:00.000Z","Cleveland Guardians @ Kansas City Royals","Cleveland Guardians","Kansas City Royals","8","full","FULL_INNING_TOTAL","under","","points-all-8i-ou-under","fanduel","1.5","true","-390","2026-09-25T16:28:08.825Z","0.5","0.5","","","https://sportsbook.fanduel.com/addToBetslip?marketId=717.188357925&selectionId=7017906"
"SPORTSGAMEODDS","Va52dupZuCYS5wcOtlxA","2026-09-25T23:40:00.000Z","Cleveland Guardians @ Kansas City Royals","Cleveland Guardians","Kansas City Royals","8","full","FULL_INNING_TOTAL","under","","points-all-8i-ou-under","draftkings","0.5","false","-150","2026-09-25T16:27:56.462Z","0.5","0.5","-127","-154",""
"SPORTSGAMEODDS","Va52dupZuCYS5wcOtlxA","2026-09-25T23:40:00.000Z","Cleveland Guardians @ Kansas City Royals","Cleveland Guardians","Kansas City Royals","8","full","FULL_INNING_TOTAL","under","","points-all-8i-ou-under","draftkings","1.5","true","-390","2026-09-25T16:27:56.462Z","0.5","0.5","","",""
"SPORTSGAMEODDS","Va52dupZuCYS5wcOtlxA","2026-09-25T23:40:00.000Z","Cleveland Guardians @ Kansas City Royals","Cleveland Guardians","Kansas City Royals","9","full","FULL_INNING_3WAY","draw","","points-all-9i-ml3way-draw","fanduel","","false","-240","2026-09-25T16:28:08.825Z","","","","","https://sportsbook.fanduel.com/addToBetslip?marketId=717.188357939&selectionId=131604"
"SPORTSGAMEODDS","Va52dupZuCYS5wcOtlxA","2026-09-25T23:40:00.000Z","Cleveland Guardians @ Kansas City Royals","Cleveland Guardians","Kansas City Royals","9","full","FULL_INNING_3WAY","draw","","points-all-9i-ml3way-draw","draftkings","","false","-220","2026-09-25T16:27:56.462Z","","","","",""
"SPORTSGAMEODDS","Va52dupZuCYS5wcOtlxA","2026-09-25T23:40:00.000Z","Cleveland Guardians @ Kansas City Royals","Cleveland Guardians","Kansas City Royals","9","full","FULL_INNING_TOTAL","over","","points-all-9i-ou-over","fanduel","0.5","false","164","2026-09-25T16:28:08.825Z","","0.5","","154","https://sportsbook.fanduel.com/addToBetslip?marketId=717.188358037&selectionId=7017905"
"SPORTSGAMEODDS","Va52dupZuCYS5wcOtlxA","2026-09-25T23:40:00.000Z","Cleveland Guardians @ Kansas City Royals","Cleveland Guardians","Kansas City Royals","9","full","FULL_INNING_TOTAL","over","","points-all-9i-ou-over","fanduel","1.5","true","410","2026-09-25T16:28:08.825Z","","0.5","","","https://sportsbook.fanduel.com/addToBetslip?marketId=717.188358037&selectionId=7017905"
"SPORTSGAMEODDS","Va52dupZuCYS5wcOtlxA","2026-09-25T23:40:00.000Z","Cleveland Guardians @ Kansas City Royals","Cleveland Guardians","Kansas City Royals","9","full","FULL_INNING_TOTAL","over","","points-all-9i-ou-over","draftkings","0.5","false","145","2026-09-25T16:27:56.462Z","","0.5","","154",""
"SPORTSGAMEODDS","Va52dupZuCYS5wcOtlxA","2026-09-25T23:40:00.000Z","Cleveland Guardians @ Kansas City Royals","Cleveland Guardians","Kansas City Royals","9","full","FULL_INNING_TOTAL","over","","points-all-9i-ou-over","draftkings","1.5","true","350","2026-09-25T16:27:56.462Z","","0.5","","",""
"SPORTSGAMEODDS","Va52dupZuCYS5wcOtlxA","2026-09-25T23:40:00.000Z","Cleveland Guardians @ Kansas City Royals","Cleveland Guardians","Kansas City Royals","9","full","FULL_INNING_TOTAL","under","","points-all-9i-ou-under","fanduel","0.5","false","-205","2026-09-25T16:28:08.825Z","","0.5","","-202","https://sportsbook.fanduel.com/addToBetslip?marketId=717.188358037&selectionId=7017906"
"SPORTSGAMEODDS","Va52dupZuCYS5wcOtlxA","2026-09-25T23:40:00.000Z","Cleveland Guardians @ Kansas City Royals","Cleveland Guardians","Kansas City Royals","9","full","FULL_INNING_TOTAL","under","","points-all-9i-ou-under","fanduel","1.5","true","-590","2026-09-25T16:28:08.825Z","","0.5","","","https://sportsbook.fanduel.com/addToBetslip?marketId=717.188358037&selectionId=7017906"
"SPORTSGAMEODDS","Va52dupZuCYS5wcOtlxA","2026-09-25T23:40:00.000Z","Cleveland Guardians @ Kansas City Royals","Cleveland Guardians","Kansas City Royals","9","full","FULL_INNING_TOTAL","under","","points-all-9i-ou-under","draftkings","0.5","false","-200","2026-09-25T16:27:56.462Z","","0.5","","-202",""
"SPORTSGAMEODDS","Va52dupZuCYS5wcOtlxA","2026-09-25T23:40:00.000Z","Cleveland Guardians @ Kansas City Royals","Cleveland Guardians","Kansas City Royals","9","full","FULL_INNING_TOTAL","under","","points-all-9i-ou-under","draftkings","1.5","true","-525","2026-09-25T16:27:56.462Z","","0.5","","",""
"SPORTSGAMEODDS","Va52dupZuCYS5wcOtlxA","2026-09-25T23:40:00.000Z","Cleveland Guardians @ Kansas City Royals","Cleveland Guardians","Kansas City Royals","2","full","FULL_INNING_3WAY","away","","points-away-2i-ml3way-away","fanduel","","false","390","2026-09-25T16:28:08.825Z","","","","","https://sportsbook.fanduel.com/addToBetslip?marketId=717.188357924&selectionId=41541473"
"SPORTSGAMEODDS","Va52dupZuCYS5wcOtlxA","2026-09-25T23:40:00.000Z","Cleveland Guardians @ Kansas City Royals","Cleveland Guardians","Kansas City Royals","2","full","FULL_INNING_3WAY","away","","points-away-2i-ml3way-away","draftkings","","false","360","2026-09-25T16:27:56.462Z","","","","",""
"SPORTSGAMEODDS","Va52dupZuCYS5wcOtlxA","2026-09-25T23:40:00.000Z","Cleveland Guardians @ Kansas City Royals","Cleveland Guardians","Kansas City Royals","3","full","FULL_INNING_3WAY","away","","points-away-3i-ml3way-away","fanduel","","false","340","2026-09-25T16:28:08.825Z","","","","","https://sportsbook.fanduel.com/addToBetslip?marketId=717.188358069&selectionId=41541473"
"SPORTSGAMEODDS","Va52dupZuCYS5wcOtlxA","2026-09-25T23:40:00.000Z","Cleveland Guardians @ Kansas City Royals","Cleveland Guardians","Kansas City Royals","3","full","FULL_INNING_3WAY","away","","points-away-3i-ml3way-away","draftkings","","false","320","2026-09-25T16:27:56.462Z","","","","",""
"SPORTSGAMEODDS","Va52dupZuCYS5wcOtlxA","2026-09-25T23:40:00.000Z","Cleveland Guardians @ Kansas City Royals","Cleveland Guardians","Kansas City Royals","4","full","FULL_INNING_3WAY","away","","points-away-4i-ml3way-away","fanduel","","false","360","2026-09-25T16:28:08.825Z","","","","","https://sportsbook.fanduel.com/addToBetslip?marketId=717.188358049&selectionId=41541473"
"SPORTSGAMEODDS","Va52dupZuCYS5wcOtlxA","2026-09-25T23:40:00.000Z","Cleveland Guardians @ Kansas City Royals","Cleveland Guardians","Kansas City Royals","4","full","FULL_INNING_3WAY","away","","points-away-4i-ml3way-away","draftkings","","false","340","2026-09-25T16:27:56.462Z","","","","",""
"SPORTSGAMEODDS","Va52dupZuCYS5wcOtlxA","2026-09-25T23:40:00.000Z","Cleveland Guardians @ Kansas City Royals","Cleveland Guardians","Kansas City Royals","5","full","FULL_INNING_3WAY","away","","points-away-5i-ml3way-away","fanduel","","false","360","2026-09-25T16:28:08.825Z","","","","","https://sportsbook.fanduel.com/addToBetslip?marketId=717.188357970&selectionId=41541473"
"SPORTSGAMEODDS","Va52dupZuCYS5wcOtlxA","2026-09-25T23:40:00.000Z","Cleveland Guardians @ Kansas City Royals","Cleveland Guardians","Kansas City Royals","5","full","FULL_INNING_3WAY","away","","points-away-5i-ml3way-away","draftkings","","false","330","2026-09-25T16:27:56.462Z","","","","",""
"SPORTSGAMEODDS","Va52dupZuCYS5wcOtlxA","2026-09-25T23:40:00.000Z","Cleveland Guardians @ Kansas City Royals","Cleveland Guardians","Kansas City Royals","6","full","FULL_INNING_3WAY","away","","points-away-6i-ml3way-away","fanduel","","false","340","2026-09-25T16:28:08.825Z","","","","","https://sportsbook.fanduel.com/addToBetslip?marketId=717.188358078&selectionId=41541473"
"SPORTSGAMEODDS","Va52dupZuCYS5wcOtlxA","2026-09-25T23:40:00.000Z","Cleveland Guardians @ Kansas City Royals","Cleveland Guardians","Kansas City Royals","6","full","FULL_INNING_3WAY","away","","points-away-6i-ml3way-away","draftkings","","false","310","2026-09-25T16:27:56.462Z","","","","",""
"SPORTSGAMEODDS","Va52dupZuCYS5wcOtlxA","2026-09-25T23:40:00.000Z","Cleveland Guardians @ Kansas City Royals","Cleveland Guardians","Kansas City Royals","7","full","FULL_INNING_3WAY","away","","points-away-7i-ml3way-away","fanduel","","false","320","2026-09-25T16:28:08.825Z","","","","","https://sportsbook.fanduel.com/addToBetslip?marketId=717.188358048&selectionId=41541473"
"SPORTSGAMEODDS","Va52dupZuCYS5wcOtlxA","2026-09-25T23:40:00.000Z","Cleveland Guardians @ Kansas City Royals","Cleveland Guardians","Kansas City Royals","7","full","FULL_INNING_3WAY","away","","points-away-7i-ml3way-away","draftkings","","false","295","2026-09-25T16:27:56.462Z","","","","",""
"SPORTSGAMEODDS","Va52dupZuCYS5wcOtlxA","2026-09-25T23:40:00.000Z","Cleveland Guardians @ Kansas City Royals","Cleveland Guardians","Kansas City Royals","8","full","FULL_INNING_3WAY","away","","points-away-8i-ml3way-away","fanduel","","false","320","2026-09-25T16:28:08.825Z","","","","","https://sportsbook.fanduel.com/addToBetslip?marketId=717.188358059&selectionId=41541473"
"SPORTSGAMEODDS","Va52dupZuCYS5wcOtlxA","2026-09-25T23:40:00.000Z","Cleveland Guardians @ Kansas City Royals","Cleveland Guardians","Kansas City Royals","8","full","FULL_INNING_3WAY","away","","points-away-8i-ml3way-away","draftkings","","false","285","2026-09-25T16:27:56.462Z","","","","",""
"SPORTSGAMEODDS","Va52dupZuCYS5wcOtlxA","2026-09-25T23:40:00.000Z","Cleveland Guardians @ Kansas City Royals","Cleveland Guardians","Kansas City Royals","9","full","FULL_INNING_3WAY","away","","points-away-9i-ml3way-away","fanduel","","false","300","2026-09-25T16:28:08.825Z","","","","","https://sportsbook.fanduel.com/addToBetslip?marketId=717.188357939&selectionId=41541473"
"SPORTSGAMEODDS","Va52dupZuCYS5wcOtlxA","2026-09-25T23:40:00.000Z","Cleveland Guardians @ Kansas City Royals","Cleveland Guardians","Kansas City Royals","9","full","FULL_INNING_3WAY","away","","points-away-9i-ml3way-away","draftkings","","false","275","2026-09-25T16:27:56.462Z","","","","",""
"SPORTSGAMEODDS","Va52dupZuCYS5wcOtlxA","2026-09-25T23:40:00.000Z","Cleveland Guardians @ Kansas City Royals","Cleveland Guardians","Kansas City Royals","2","full","FULL_INNING_3WAY","home","","points-home-2i-ml3way-home","fanduel","","false","440","2026-09-25T16:28:08.825Z","","","","","https://sportsbook.fanduel.com/addToBetslip?marketId=717.188357924&selectionId=29179"
"SPORTSGAMEODDS","Va52dupZuCYS5wcOtlxA","2026-09-25T23:40:00.000Z","Cleveland Guardians @ Kansas City Royals","Cleveland Guardians","Kansas City Royals","2","full","FULL_INNING_3WAY","home","","points-home-2i-ml3way-home","draftkings","","false","400","2026-09-25T16:27:56.462Z","","","","",""
"SPORTSGAMEODDS","Va52dupZuCYS5wcOtlxA","2026-09-25T23:40:00.000Z","Cleveland Guardians @ Kansas City Royals","Cleveland Guardians","Kansas City Royals","3","full","FULL_INNING_3WAY","home","","points-home-3i-ml3way-home","fanduel","","false","380","2026-09-25T16:28:08.825Z","","","","","https://sportsbook.fanduel.com/addToBetslip?marketId=717.188358069&selectionId=29179"
"SPORTSGAMEODDS","Va52dupZuCYS5wcOtlxA","2026-09-25T23:40:00.000Z","Cleveland Guardians @ Kansas City Royals","Cleveland Guardians","Kansas City Royals","3","full","FULL_INNING_3WAY","home","","points-home-3i-ml3way-home","draftkings","","false","360","2026-09-25T16:27:56.462Z","","","","",""
"SPORTSGAMEODDS","Va52dupZuCYS5wcOtlxA","2026-09-25T23:40:00.000Z","Cleveland Guardians @ Kansas City Royals","Cleveland Guardians","Kansas City Royals","4","full","FULL_INNING_3WAY","home","","points-home-4i-ml3way-home","fanduel","","false","390","2026-09-25T16:28:08.825Z","","","","","https://sportsbook.fanduel.com/addToBetslip?marketId=717.188358049&selectionId=29179"
"SPORTSGAMEODDS","Va52dupZuCYS5wcOtlxA","2026-09-25T23:40:00.000Z","Cleveland Guardians @ Kansas City Royals","Cleveland Guardians","Kansas City Royals","4","full","FULL_INNING_3WAY","home","","points-home-4i-ml3way-home","draftkings","","false","370","2026-09-25T16:27:56.462Z","","","","",""
"SPORTSGAMEODDS","Va52dupZuCYS5wcOtlxA","2026-09-25T23:40:00.000Z","Cleveland Guardians @ Kansas City Royals","Cleveland Guardians","Kansas City Royals","5","full","FULL_INNING_3WAY","home","","points-home-5i-ml3way-home","fanduel","","false","410","2026-09-25T16:28:08.825Z","","","","","https://sportsbook.fanduel.com/addToBetslip?marketId=717.188357970&selectionId=29179"
"SPORTSGAMEODDS","Va52dupZuCYS5wcOtlxA","2026-09-25T23:40:00.000Z","Cleveland Guardians @ Kansas City Royals","Cleveland Guardians","Kansas City Royals","5","full","FULL_INNING_3WAY","home","","points-home-5i-ml3way-home","draftkings","","false","370","2026-09-25T16:27:56.462Z","","","","",""
"SPORTSGAMEODDS","Va52dupZuCYS5wcOtlxA","2026-09-25T23:40:00.000Z","Cleveland Guardians @ Kansas City Royals","Cleveland Guardians","Kansas City Royals","6","full","FULL_INNING_3WAY","home","","points-home-6i-ml3way-home","fanduel","","false","390","2026-09-25T16:28:08.825Z","","","","","https://sportsbook.fanduel.com/addToBetslip?marketId=717.188358078&selectionId=29179"
"SPORTSGAMEODDS","Va52dupZuCYS5wcOtlxA","2026-09-25T23:40:00.000Z","Cleveland Guardians @ Kansas City Royals","Cleveland Guardians","Kansas City Royals","6","full","FULL_INNING_3WAY","home","","points-home-6i-ml3way-home","draftkings","","false","450","2026-09-25T16:27:56.462Z","","","","",""
"SPORTSGAMEODDS","Va52dupZuCYS5wcOtlxA","2026-09-25T23:40:00.000Z","Cleveland Guardians @ Kansas City Royals","Cleveland Guardians","Kansas City Royals","7","full","FULL_INNING_3WAY","home","","points-home-7i-ml3way-home","fanduel","","false","420","2026-09-25T16:28:08.825Z","","","","","https://sportsbook.fanduel.com/addToBetslip?marketId=717.188358048&selectionId=29179"
"SPORTSGAMEODDS","Va52dupZuCYS5wcOtlxA","2026-09-25T23:40:00.000Z","Cleveland Guardians @ Kansas City Royals","Cleveland Guardians","Kansas City Royals","7","full","FULL_INNING_3WAY","home","","points-home-7i-ml3way-home","draftkings","","false","425","2026-09-25T16:27:56.462Z","","","","",""
"SPORTSGAMEODDS","Va52dupZuCYS5wcOtlxA","2026-09-25T23:40:00.000Z","Cleveland Guardians @ Kansas City Royals","Cleveland Guardians","Kansas City Royals","8","full","FULL_INNING_3WAY","home","","points-home-8i-ml3way-home","fanduel","","false","410","2026-09-25T16:28:08.825Z","","","","","https://sportsbook.fanduel.com/addToBetslip?marketId=717.188358059&selectionId=29179"
"SPORTSGAMEODDS","Va52dupZuCYS5wcOtlxA","2026-09-25T23:40:00.000Z","Cleveland Guardians @ Kansas City Royals","Cleveland Guardians","Kansas City Royals","8","full","FULL_INNING_3WAY","home","","points-home-8i-ml3way-home","draftkings","","false","380","2026-09-25T16:27:56.462Z","","","","",""
"SPORTSGAMEODDS","Va52dupZuCYS5wcOtlxA","2026-09-25T23:40:00.000Z","Cleveland Guardians @ Kansas City Royals","Cleveland Guardians","Kansas City Royals","9","full","FULL_INNING_3WAY","home","","points-home-9i-ml3way-home","fanduel","","false","700","2026-09-25T16:28:08.825Z","","","","","https://sportsbook.fanduel.com/addToBetslip?marketId=717.188357939&selectionId=29179"
"SPORTSGAMEODDS","Va52dupZuCYS5wcOtlxA","2026-09-25T23:40:00.000Z","Cleveland Guardians @ Kansas City Royals","Cleveland Guardians","Kansas City Royals","9","full","FULL_INNING_3WAY","home","","points-home-9i-ml3way-home","draftkings","","false","600","2026-09-25T16:27:56.462Z","","","","",""
"SPORTSGAMEODDS","BeovEYqqhSUUF1YrFQ45","2026-09-26T00:10:00.000Z","Texas Rangers @ Minnesota Twins","Texas Rangers","Minnesota Twins","1","full","FULL_INNING_3WAY","draw","","points-all-1i-ml3way-draw","fanduel","","false","-170","2026-09-25T16:28:08.825Z","","","","","https://sportsbook.fanduel.com/addToBetslip?marketId=717.188363328&selectionId=131604"
"SPORTSGAMEODDS","BeovEYqqhSUUF1YrFQ45","2026-09-26T00:10:00.000Z","Texas Rangers @ Minnesota Twins","Texas Rangers","Minnesota Twins","1","full","FULL_INNING_3WAY","draw","","points-all-1i-ml3way-draw","draftkings","","false","-165","2026-09-25T16:27:56.462Z","","","","",""
"SPORTSGAMEODDS","BeovEYqqhSUUF1YrFQ45","2026-09-26T00:10:00.000Z","Texas Rangers @ Minnesota Twins","Texas Rangers","Minnesota Twins","1","full","FULL_INNING_3WAY","draw","","points-all-1i-ml3way-draw","betmgm","","false","-165","2026-09-25T16:28:15.505Z","","","","","https://sports.nj.betmgm.com/en/sports?options=19945281-1561274146-2304276313"
"SPORTSGAMEODDS","BeovEYqqhSUUF1YrFQ45","2026-09-26T00:10:00.000Z","Texas Rangers @ Minnesota Twins","Texas Rangers","Minnesota Twins","1","full","FULL_INNING_TOTAL","over","","points-all-1i-ou-over","fanduel","0.5","false","114","2026-09-25T16:28:08.825Z","0.5","0.5","130","117","https://sportsbook.fanduel.com/addToBetslip?marketId=717.188363301&selectionId=7017905"
"SPORTSGAMEODDS","BeovEYqqhSUUF1YrFQ45","2026-09-26T00:10:00.000Z","Texas Rangers @ Minnesota Twins","Texas Rangers","Minnesota Twins","1","full","FULL_INNING_TOTAL","over","","points-all-1i-ou-over","fanduel","1.5","true","310","2026-09-25T16:28:08.825Z","0.5","0.5","","","https://sportsbook.fanduel.com/addToBetslip?marketId=717.188363301&selectionId=7017905"
"SPORTSGAMEODDS","BeovEYqqhSUUF1YrFQ45","2026-09-26T00:10:00.000Z","Texas Rangers @ Minnesota Twins","Texas Rangers","Minnesota Twins","1","full","FULL_INNING_TOTAL","over","","points-all-1i-ou-over","caesars","0.5","false","117","2026-09-25T16:28:39.505Z","0.5","0.5","130","117","https://sportsbook.caesars.com/us/nj/bet/betslip?selectionIds=74ea14a4-c407-392f-aae0-ee4c01e02921"
"SPORTSGAMEODDS","BeovEYqqhSUUF1YrFQ45","2026-09-26T00:10:00.000Z","Texas Rangers @ Minnesota Twins","Texas Rangers","Minnesota Twins","1","full","FULL_INNING_TOTAL","over","","points-all-1i-ou-over","draftkings","0.5","false","110","2026-09-25T16:27:56.462Z","0.5","0.5","130","117",""
"SPORTSGAMEODDS","BeovEYqqhSUUF1YrFQ45","2026-09-26T00:10:00.000Z","Texas Rangers @ Minnesota Twins","Texas Rangers","Minnesota Twins","1","full","FULL_INNING_TOTAL","over","","points-all-1i-ou-over","draftkings","1.5","true","295","2026-09-25T16:27:56.462Z","0.5","0.5","","",""
"SPORTSGAMEODDS","BeovEYqqhSUUF1YrFQ45","2026-09-26T00:10:00.000Z","Texas Rangers @ Minnesota Twins","Texas Rangers","Minnesota Twins","1","full","FULL_INNING_TOTAL","over","","points-all-1i-ou-over","betmgm","0.5","false","118","2026-09-25T16:28:15.505Z","0.5","0.5","130","117","https://sports.nj.betmgm.com/en/sports?options=19945281-1561274147-2304276308"
"SPORTSGAMEODDS","BeovEYqqhSUUF1YrFQ45","2026-09-26T00:10:00.000Z","Texas Rangers @ Minnesota Twins","Texas Rangers","Minnesota Twins","1","full","FULL_INNING_TOTAL","under","","points-all-1i-ou-under","fanduel","0.5","false","-146","2026-09-25T16:28:08.825Z","0.5","0.5","-130","-148","https://sportsbook.fanduel.com/addToBetslip?marketId=717.188363301&selectionId=7017906"
"SPORTSGAMEODDS","BeovEYqqhSUUF1YrFQ45","2026-09-26T00:10:00.000Z","Texas Rangers @ Minnesota Twins","Texas Rangers","Minnesota Twins","1","full","FULL_INNING_TOTAL","under","","points-all-1i-ou-under","fanduel","1.5","true","-420","2026-09-25T16:28:08.825Z","0.5","0.5","","","https://sportsbook.fanduel.com/addToBetslip?marketId=717.188363301&selectionId=7017906"
"SPORTSGAMEODDS","BeovEYqqhSUUF1YrFQ45","2026-09-26T00:10:00.000Z","Texas Rangers @ Minnesota Twins","Texas Rangers","Minnesota Twins","1","full","FULL_INNING_TOTAL","under","","points-all-1i-ou-under","caesars","0.5","false","-145","2026-09-25T16:28:39.505Z","0.5","0.5","-130","-148","https://sportsbook.caesars.com/us/nj/bet/betslip?selectionIds=90476044-46df-3b89-9886-daa09cc6016f"
"SPORTSGAMEODDS","BeovEYqqhSUUF1YrFQ45","2026-09-26T00:10:00.000Z","Texas Rangers @ Minnesota Twins","Texas Rangers","Minnesota Twins","1","full","FULL_INNING_TOTAL","under","","points-all-1i-ou-under","draftkings","0.5","false","-145","2026-09-25T16:27:56.462Z","0.5","0.5","-130","-148",""
"SPORTSGAMEODDS","BeovEYqqhSUUF1YrFQ45","2026-09-26T00:10:00.000Z","Texas Rangers @ Minnesota Twins","Texas Rangers","Minnesota Twins","1","full","FULL_INNING_TOTAL","under","","points-all-1i-ou-under","draftkings","1.5","true","-400","2026-09-25T16:27:56.462Z","0.5","0.5","","",""
"SPORTSGAMEODDS","BeovEYqqhSUUF1YrFQ45","2026-09-26T00:10:00.000Z","Texas Rangers @ Minnesota Twins","Texas Rangers","Minnesota Twins","1","full","FULL_INNING_TOTAL","under","","points-all-1i-ou-under","betmgm","0.5","false","-150","2026-09-25T16:28:15.505Z","0.5","0.5","-130","-148","https://sports.nj.betmgm.com/en/sports?options=19945281-1561274147-2304276309"
"SPORTSGAMEODDS","BeovEYqqhSUUF1YrFQ45","2026-09-26T00:10:00.000Z","Texas Rangers @ Minnesota Twins","Texas Rangers","Minnesota Twins","1","full","FULL_INNING_3WAY","away","","points-away-1i-ml3way-away","fanduel","","false","320","2026-09-25T16:28:08.825Z","","","","","https://sportsbook.fanduel.com/addToBetslip?marketId=717.188363328&selectionId=29163"
"SPORTSGAMEODDS","BeovEYqqhSUUF1YrFQ45","2026-09-26T00:10:00.000Z","Texas Rangers @ Minnesota Twins","Texas Rangers","Minnesota Twins","1","full","FULL_INNING_3WAY","away","","points-away-1i-ml3way-away","draftkings","","false","295","2026-09-25T16:27:56.462Z","","","","",""
"SPORTSGAMEODDS","BeovEYqqhSUUF1YrFQ45","2026-09-26T00:10:00.000Z","Texas Rangers @ Minnesota Twins","Texas Rangers","Minnesota Twins","1","full","FULL_INNING_3WAY","away","","points-away-1i-ml3way-away","betmgm","","false","310","2026-09-25T16:28:15.505Z","","","","","https://sports.nj.betmgm.com/en/sports?options=19945281-1561274146-2304276312"
"SPORTSGAMEODDS","BeovEYqqhSUUF1YrFQ45","2026-09-26T00:10:00.000Z","Texas Rangers @ Minnesota Twins","Texas Rangers","Minnesota Twins","1","full","FULL_INNING_3WAY","home","","points-home-1i-ml3way-home","fanduel","","false","380","2026-09-25T16:28:08.825Z","","","","","https://sportsbook.fanduel.com/addToBetslip?marketId=717.188363328&selectionId=29160"
"SPORTSGAMEODDS","BeovEYqqhSUUF1YrFQ45","2026-09-26T00:10:00.000Z","Texas Rangers @ Minnesota Twins","Texas Rangers","Minnesota Twins","1","full","FULL_INNING_3WAY","home","","points-home-1i-ml3way-home","draftkings","","false","360","2026-09-25T16:27:56.462Z","","","","",""
"SPORTSGAMEODDS","BeovEYqqhSUUF1YrFQ45","2026-09-26T00:10:00.000Z","Texas Rangers @ Minnesota Twins","Texas Rangers","Minnesota Twins","1","full","FULL_INNING_3WAY","home","","points-home-1i-ml3way-home","betmgm","","false","375","2026-09-25T16:28:15.505Z","","","","","https://sports.nj.betmgm.com/en/sports?options=19945281-1561274146-2304276314"
"SPORTSGAMEODDS","BeovEYqqhSUUF1YrFQ45","2026-09-26T00:10:00.000Z","Texas Rangers @ Minnesota Twins","Texas Rangers","Minnesota Twins","2","full","FULL_INNING_3WAY","draw","","points-all-2i-ml3way-draw","fanduel","","false","-190","2026-09-25T16:28:08.825Z","","","","","https://sportsbook.fanduel.com/addToBetslip?marketId=717.188363407&selectionId=131604"
"SPORTSGAMEODDS","BeovEYqqhSUUF1YrFQ45","2026-09-26T00:10:00.000Z","Texas Rangers @ Minnesota Twins","Texas Rangers","Minnesota Twins","2","full","FULL_INNING_3WAY","draw","","points-all-2i-ml3way-draw","draftkings","","false","-190","2026-09-25T16:27:56.462Z","","","","",""
"SPORTSGAMEODDS","BeovEYqqhSUUF1YrFQ45","2026-09-26T00:10:00.000Z","Texas Rangers @ Minnesota Twins","Texas Rangers","Minnesota Twins","2","full","FULL_INNING_TOTAL","over","","points-all-2i-ou-over","fanduel","0.5","false","134","2026-09-25T16:28:08.825Z","0.5","0.5","140","125","https://sportsbook.fanduel.com/addToBetslip?marketId=717.188363431&selectionId=7017905"
"SPORTSGAMEODDS","BeovEYqqhSUUF1YrFQ45","2026-09-26T00:10:00.000Z","Texas Rangers @ Minnesota Twins","Texas Rangers","Minnesota Twins","2","full","FULL_INNING_TOTAL","over","","points-all-2i-ou-over","fanduel","1.5","true","350","2026-09-25T16:28:08.825Z","0.5","0.5","","","https://sportsbook.fanduel.com/addToBetslip?marketId=717.188363431&selectionId=7017905"
"SPORTSGAMEODDS","BeovEYqqhSUUF1YrFQ45","2026-09-26T00:10:00.000Z","Texas Rangers @ Minnesota Twins","Texas Rangers","Minnesota Twins","2","full","FULL_INNING_TOTAL","over","","points-all-2i-ou-over","draftkings","0.5","false","125","2026-09-25T16:27:56.462Z","0.5","0.5","140","125",""
"SPORTSGAMEODDS","BeovEYqqhSUUF1YrFQ45","2026-09-26T00:10:00.000Z","Texas Rangers @ Minnesota Twins","Texas Rangers","Minnesota Twins","2","full","FULL_INNING_TOTAL","over","","points-all-2i-ou-over","draftkings","1.5","true","330","2026-09-25T16:27:56.462Z","0.5","0.5","","",""
"SPORTSGAMEODDS","BeovEYqqhSUUF1YrFQ45","2026-09-26T00:10:00.000Z","Texas Rangers @ Minnesota Twins","Texas Rangers","Minnesota Twins","2","full","FULL_INNING_TOTAL","under","","points-all-2i-ou-under","fanduel","0.5","false","-164","2026-09-25T16:28:08.825Z","0.5","0.5","-140","-165","https://sportsbook.fanduel.com/addToBetslip?marketId=717.188363431&selectionId=7017906"
"SPORTSGAMEODDS","BeovEYqqhSUUF1YrFQ45","2026-09-26T00:10:00.000Z","Texas Rangers @ Minnesota Twins","Texas Rangers","Minnesota Twins","2","full","FULL_INNING_TOTAL","under","","points-all-2i-ou-under","fanduel","1.5","true","-480","2026-09-25T16:28:08.825Z","0.5","0.5","","","https://sportsbook.fanduel.com/addToBetslip?marketId=717.188363431&selectionId=7017906"
"SPORTSGAMEODDS","BeovEYqqhSUUF1YrFQ45","2026-09-26T00:10:00.000Z","Texas Rangers @ Minnesota Twins","Texas Rangers","Minnesota Twins","2","full","FULL_INNING_TOTAL","under","","points-all-2i-ou-under","draftkings","0.5","false","-165","2026-09-25T16:27:56.462Z","0.5","0.5","-140","-165",""
"SPORTSGAMEODDS","BeovEYqqhSUUF1YrFQ45","2026-09-26T00:10:00.000Z","Texas Rangers @ Minnesota Twins","Texas Rangers","Minnesota Twins","2","full","FULL_INNING_TOTAL","under","","points-all-2i-ou-under","draftkings","1.5","true","-475","2026-09-25T16:27:56.462Z","0.5","0.5","","",""
"SPORTSGAMEODDS","BeovEYqqhSUUF1YrFQ45","2026-09-26T00:10:00.000Z","Texas Rangers @ Minnesota Twins","Texas Rangers","Minnesota Twins","3","full","FULL_INNING_3WAY","draw","","points-all-3i-ml3way-draw","fanduel","","false","-170","2026-09-25T16:28:08.825Z","","","","","https://sportsbook.fanduel.com/addToBetslip?marketId=717.188363425&selectionId=131604"
"SPORTSGAMEODDS","BeovEYqqhSUUF1YrFQ45","2026-09-26T00:10:00.000Z","Texas Rangers @ Minnesota Twins","Texas Rangers","Minnesota Twins","3","full","FULL_INNING_3WAY","draw","","points-all-3i-ml3way-draw","draftkings","","false","-175","2026-09-25T16:27:56.462Z","","","","",""
"SPORTSGAMEODDS","BeovEYqqhSUUF1YrFQ45","2026-09-26T00:10:00.000Z","Texas Rangers @ Minnesota Twins","Texas Rangers","Minnesota Twins","3","full","FULL_INNING_TOTAL","over","","points-all-3i-ou-over","fanduel","0.5","false","120","2026-09-25T16:28:08.825Z","0.5","0.5","131","115","https://sportsbook.fanduel.com/addToBetslip?marketId=717.188363437&selectionId=7017905"
"SPORTSGAMEODDS","BeovEYqqhSUUF1YrFQ45","2026-09-26T00:10:00.000Z","Texas Rangers @ Minnesota Twins","Texas Rangers","Minnesota Twins","3","full","FULL_INNING_TOTAL","over","","points-all-3i-ou-over","fanduel","1.5","true","310","2026-09-25T16:28:08.825Z","0.5","0.5","","","https://sportsbook.fanduel.com/addToBetslip?marketId=717.188363437&selectionId=7017905"
"SPORTSGAMEODDS","BeovEYqqhSUUF1YrFQ45","2026-09-26T00:10:00.000Z","Texas Rangers @ Minnesota Twins","Texas Rangers","Minnesota Twins","3","full","FULL_INNING_TOTAL","over","","points-all-3i-ou-over","draftkings","0.5","false","115","2026-09-25T16:27:56.462Z","0.5","0.5","131","115",""
"SPORTSGAMEODDS","BeovEYqqhSUUF1YrFQ45","2026-09-26T00:10:00.000Z","Texas Rangers @ Minnesota Twins","Texas Rangers","Minnesota Twins","3","full","FULL_INNING_TOTAL","over","","points-all-3i-ou-over","draftkings","1.5","true","300","2026-09-25T16:27:56.462Z","0.5","0.5","","",""
"SPORTSGAMEODDS","BeovEYqqhSUUF1YrFQ45","2026-09-26T00:10:00.000Z","Texas Rangers @ Minnesota Twins","Texas Rangers","Minnesota Twins","3","full","FULL_INNING_TOTAL","under","","points-all-3i-ou-under","fanduel","0.5","false","-148","2026-09-25T16:28:08.825Z","0.5","0.5","-131","-155","https://sportsbook.fanduel.com/addToBetslip?marketId=717.188363437&selectionId=7017906"
"SPORTSGAMEODDS","BeovEYqqhSUUF1YrFQ45","2026-09-26T00:10:00.000Z","Texas Rangers @ Minnesota Twins","Texas Rangers","Minnesota Twins","3","full","FULL_INNING_TOTAL","under","","points-all-3i-ou-under","fanduel","1.5","true","-420","2026-09-25T16:28:08.825Z","0.5","0.5","","","https://sportsbook.fanduel.com/addToBetslip?marketId=717.188363437&selectionId=7017906"
"SPORTSGAMEODDS","BeovEYqqhSUUF1YrFQ45","2026-09-26T00:10:00.000Z","Texas Rangers @ Minnesota Twins","Texas Rangers","Minnesota Twins","3","full","FULL_INNING_TOTAL","under","","points-all-3i-ou-under","draftkings","0.5","false","-155","2026-09-25T16:27:56.462Z","0.5","0.5","-131","-155",""
"SPORTSGAMEODDS","BeovEYqqhSUUF1YrFQ45","2026-09-26T00:10:00.000Z","Texas Rangers @ Minnesota Twins","Texas Rangers","Minnesota Twins","3","full","FULL_INNING_TOTAL","under","","points-all-3i-ou-under","draftkings","1.5","true","-425","2026-09-25T16:27:56.462Z","0.5","0.5","","",""
"SPORTSGAMEODDS","BeovEYqqhSUUF1YrFQ45","2026-09-26T00:10:00.000Z","Texas Rangers @ Minnesota Twins","Texas Rangers","Minnesota Twins","4","full","FULL_INNING_3WAY","draw","","points-all-4i-ml3way-draw","fanduel","","false","-170","2026-09-25T16:28:08.825Z","","","","","https://sportsbook.fanduel.com/addToBetslip?marketId=717.188363343&selectionId=131604"
"SPORTSGAMEODDS","BeovEYqqhSUUF1YrFQ45","2026-09-26T00:10:00.000Z","Texas Rangers @ Minnesota Twins","Texas Rangers","Minnesota Twins","4","full","FULL_INNING_3WAY","draw","","points-all-4i-ml3way-draw","draftkings","","false","-180","2026-09-25T16:27:56.462Z","","","","",""
"SPORTSGAMEODDS","BeovEYqqhSUUF1YrFQ45","2026-09-26T00:10:00.000Z","Texas Rangers @ Minnesota Twins","Texas Rangers","Minnesota Twins","4","full","FULL_INNING_TOTAL","over","","points-all-4i-ou-over","fanduel","0.5","false","120","2026-09-25T16:28:08.825Z","0.5","0.5","131","115","https://sportsbook.fanduel.com/addToBetslip?marketId=717.188363455&selectionId=7017905"
"SPORTSGAMEODDS","BeovEYqqhSUUF1YrFQ45","2026-09-26T00:10:00.000Z","Texas Rangers @ Minnesota Twins","Texas Rangers","Minnesota Twins","4","full","FULL_INNING_TOTAL","over","","points-all-4i-ou-over","fanduel","1.5","true","320","2026-09-25T16:28:08.825Z","0.5","0.5","","","https://sportsbook.fanduel.com/addToBetslip?marketId=717.188363455&selectionId=7017905"
"SPORTSGAMEODDS","BeovEYqqhSUUF1YrFQ45","2026-09-26T00:10:00.000Z","Texas Rangers @ Minnesota Twins","Texas Rangers","Minnesota Twins","4","full","FULL_INNING_TOTAL","over","","points-all-4i-ou-over","draftkings","0.5","false","115","2026-09-25T16:27:56.462Z","0.5","0.5","131","115",""
"SPORTSGAMEODDS","BeovEYqqhSUUF1YrFQ45","2026-09-26T00:10:00.000Z","Texas Rangers @ Minnesota Twins","Texas Rangers","Minnesota Twins","4","full","FULL_INNING_TOTAL","over","","points-all-4i-ou-over","draftkings","1.5","true","300","2026-09-25T16:27:56.462Z","0.5","0.5","","",""
"SPORTSGAMEODDS","BeovEYqqhSUUF1YrFQ45","2026-09-26T00:10:00.000Z","Texas Rangers @ Minnesota Twins","Texas Rangers","Minnesota Twins","4","full","FULL_INNING_TOTAL","under","","points-all-4i-ou-under","fanduel","0.5","false","-148","2026-09-25T16:28:08.825Z","0.5","0.5","-131","-155","https://sportsbook.fanduel.com/addToBetslip?marketId=717.188363455&selectionId=7017906"
"SPORTSGAMEODDS","BeovEYqqhSUUF1YrFQ45","2026-09-26T00:10:00.000Z","Texas Rangers @ Minnesota Twins","Texas Rangers","Minnesota Twins","4","full","FULL_INNING_TOTAL","under","","points-all-4i-ou-under","fanduel","1.5","true","-430","2026-09-25T16:28:08.825Z","0.5","0.5","","","https://sportsbook.fanduel.com/addToBetslip?marketId=717.188363455&selectionId=7017906"
"SPORTSGAMEODDS","BeovEYqqhSUUF1YrFQ45","2026-09-26T00:10:00.000Z","Texas Rangers @ Minnesota Twins","Texas Rangers","Minnesota Twins","4","full","FULL_INNING_TOTAL","under","","points-all-4i-ou-under","draftkings","0.5","false","-155","2026-09-25T16:27:56.462Z","0.5","0.5","-131","-155",""
"SPORTSGAMEODDS","BeovEYqqhSUUF1YrFQ45","2026-09-26T00:10:00.000Z","Texas Rangers @ Minnesota Twins","Texas Rangers","Minnesota Twins","4","full","FULL_INNING_TOTAL","under","","points-all-4i-ou-under","draftkings","1.5","true","-450","2026-09-25T16:27:56.462Z","0.5","0.5","","",""
"SPORTSGAMEODDS","BeovEYqqhSUUF1YrFQ45","2026-09-26T00:10:00.000Z","Texas Rangers @ Minnesota Twins","Texas Rangers","Minnesota Twins","5","full","FULL_INNING_3WAY","draw","","points-all-5i-ml3way-draw","fanduel","","false","-170","2026-09-25T16:28:08.825Z","","","","","https://sportsbook.fanduel.com/addToBetslip?marketId=717.188363427&selectionId=131604"
"SPORTSGAMEODDS","BeovEYqqhSUUF1YrFQ45","2026-09-26T00:10:00.000Z","Texas Rangers @ Minnesota Twins","Texas Rangers","Minnesota Twins","5","full","FULL_INNING_3WAY","draw","","points-all-5i-ml3way-draw","draftkings","","false","-175","2026-09-25T16:27:56.462Z","","","","",""
"SPORTSGAMEODDS","BeovEYqqhSUUF1YrFQ45","2026-09-26T00:10:00.000Z","Texas Rangers @ Minnesota Twins","Texas Rangers","Minnesota Twins","5","full","FULL_INNING_TOTAL","over","","points-all-5i-ou-over","fanduel","0.5","false","120","2026-09-25T16:28:08.825Z","0.5","0.5","126","110","https://sportsbook.fanduel.com/addToBetslip?marketId=717.188363314&selectionId=7017905"
"SPORTSGAMEODDS","BeovEYqqhSUUF1YrFQ45","2026-09-26T00:10:00.000Z","Texas Rangers @ Minnesota Twins","Texas Rangers","Minnesota Twins","5","full","FULL_INNING_TOTAL","over","","points-all-5i-ou-over","fanduel","1.5","true","320","2026-09-25T16:28:08.825Z","0.5","0.5","","","https://sportsbook.fanduel.com/addToBetslip?marketId=717.188363314&selectionId=7017905"
"SPORTSGAMEODDS","BeovEYqqhSUUF1YrFQ45","2026-09-26T00:10:00.000Z","Texas Rangers @ Minnesota Twins","Texas Rangers","Minnesota Twins","5","full","FULL_INNING_TOTAL","over","","points-all-5i-ou-over","draftkings","0.5","false","110","2026-09-25T16:27:56.462Z","0.5","0.5","126","110",""
"SPORTSGAMEODDS","BeovEYqqhSUUF1YrFQ45","2026-09-26T00:10:00.000Z","Texas Rangers @ Minnesota Twins","Texas Rangers","Minnesota Twins","5","full","FULL_INNING_TOTAL","over","","points-all-5i-ou-over","draftkings","1.5","true","295","2026-09-25T16:27:56.462Z","0.5","0.5","","",""
"SPORTSGAMEODDS","BeovEYqqhSUUF1YrFQ45","2026-09-26T00:10:00.000Z","Texas Rangers @ Minnesota Twins","Texas Rangers","Minnesota Twins","5","full","FULL_INNING_TOTAL","under","","points-all-5i-ou-under","fanduel","0.5","false","-148","2026-09-25T16:28:08.825Z","0.5","0.5","-126","-150","https://sportsbook.fanduel.com/addToBetslip?marketId=717.188363314&selectionId=7017906"
"SPORTSGAMEODDS","BeovEYqqhSUUF1YrFQ45","2026-09-26T00:10:00.000Z","Texas Rangers @ Minnesota Twins","Texas Rangers","Minnesota Twins","5","full","FULL_INNING_TOTAL","under","","points-all-5i-ou-under","fanduel","1.5","true","-430","2026-09-25T16:28:08.825Z","0.5","0.5","","","https://sportsbook.fanduel.com/addToBetslip?marketId=717.188363314&selectionId=7017906"
"SPORTSGAMEODDS","BeovEYqqhSUUF1YrFQ45","2026-09-26T00:10:00.000Z","Texas Rangers @ Minnesota Twins","Texas Rangers","Minnesota Twins","5","full","FULL_INNING_TOTAL","under","","points-all-5i-ou-under","draftkings","0.5","false","-150","2026-09-25T16:27:56.462Z","0.5","0.5","-126","-150",""
"SPORTSGAMEODDS","BeovEYqqhSUUF1YrFQ45","2026-09-26T00:10:00.000Z","Texas Rangers @ Minnesota Twins","Texas Rangers","Minnesota Twins","5","full","FULL_INNING_TOTAL","under","","points-all-5i-ou-under","draftkings","1.5","true","-425","2026-09-25T16:27:56.462Z","0.5","0.5","","",""
"SPORTSGAMEODDS","BeovEYqqhSUUF1YrFQ45","2026-09-26T00:10:00.000Z","Texas Rangers @ Minnesota Twins","Texas Rangers","Minnesota Twins","6","full","FULL_INNING_3WAY","draw","","points-all-6i-ml3way-draw","fanduel","","false","-165","2026-09-25T16:28:08.825Z","","","","","https://sportsbook.fanduel.com/addToBetslip?marketId=717.188363414&selectionId=131604"
"SPORTSGAMEODDS","BeovEYqqhSUUF1YrFQ45","2026-09-26T00:10:00.000Z","Texas Rangers @ Minnesota Twins","Texas Rangers","Minnesota Twins","6","full","FULL_INNING_3WAY","draw","","points-all-6i-ml3way-draw","draftkings","","false","-175","2026-09-25T16:27:56.462Z","","","","",""
"SPORTSGAMEODDS","BeovEYqqhSUUF1YrFQ45","2026-09-26T00:10:00.000Z","Texas Rangers @ Minnesota Twins","Texas Rangers","Minnesota Twins","6","full","FULL_INNING_TOTAL","over","","points-all-6i-ou-over","fanduel","0.5","false","114","2026-09-25T16:28:08.825Z","0.5","0.5","130","114","https://sportsbook.fanduel.com/addToBetslip?marketId=717.188363371&selectionId=7017905"
"SPORTSGAMEODDS","BeovEYqqhSUUF1YrFQ45","2026-09-26T00:10:00.000Z","Texas Rangers @ Minnesota Twins","Texas Rangers","Minnesota Twins","6","full","FULL_INNING_TOTAL","over","","points-all-6i-ou-over","fanduel","1.5","true","300","2026-09-25T16:28:08.825Z","0.5","0.5","","","https://sportsbook.fanduel.com/addToBetslip?marketId=717.188363371&selectionId=7017905"
"SPORTSGAMEODDS","BeovEYqqhSUUF1YrFQ45","2026-09-26T00:10:00.000Z","Texas Rangers @ Minnesota Twins","Texas Rangers","Minnesota Twins","6","full","FULL_INNING_TOTAL","over","","points-all-6i-ou-over","draftkings","0.5","false","115","2026-09-25T16:27:56.462Z","0.5","0.5","130","114",""
"SPORTSGAMEODDS","BeovEYqqhSUUF1YrFQ45","2026-09-26T00:10:00.000Z","Texas Rangers @ Minnesota Twins","Texas Rangers","Minnesota Twins","6","full","FULL_INNING_TOTAL","over","","points-all-6i-ou-over","draftkings","1.5","true","295","2026-09-25T16:27:56.462Z","0.5","0.5","","",""
"SPORTSGAMEODDS","BeovEYqqhSUUF1YrFQ45","2026-09-26T00:10:00.000Z","Texas Rangers @ Minnesota Twins","Texas Rangers","Minnesota Twins","6","full","FULL_INNING_TOTAL","under","","points-all-6i-ou-under","fanduel","0.5","false","-140","2026-09-25T16:28:08.825Z","0.5","0.5","-130","-155","https://sportsbook.fanduel.com/addToBetslip?marketId=717.188363371&selectionId=7017906"
"SPORTSGAMEODDS","BeovEYqqhSUUF1YrFQ45","2026-09-26T00:10:00.000Z","Texas Rangers @ Minnesota Twins","Texas Rangers","Minnesota Twins","6","full","FULL_INNING_TOTAL","under","","points-all-6i-ou-under","fanduel","1.5","true","-400","2026-09-25T16:28:08.825Z","0.5","0.5","","","https://sportsbook.fanduel.com/addToBetslip?marketId=717.188363371&selectionId=7017906"
"SPORTSGAMEODDS","BeovEYqqhSUUF1YrFQ45","2026-09-26T00:10:00.000Z","Texas Rangers @ Minnesota Twins","Texas Rangers","Minnesota Twins","6","full","FULL_INNING_TOTAL","under","","points-all-6i-ou-under","draftkings","0.5","false","-155","2026-09-25T16:27:56.462Z","0.5","0.5","-130","-155",""
"SPORTSGAMEODDS","BeovEYqqhSUUF1YrFQ45","2026-09-26T00:10:00.000Z","Texas Rangers @ Minnesota Twins","Texas Rangers","Minnesota Twins","6","full","FULL_INNING_TOTAL","under","","points-all-6i-ou-under","draftkings","1.5","true","-425","2026-09-25T16:27:56.462Z","0.5","0.5","","",""
"SPORTSGAMEODDS","BeovEYqqhSUUF1YrFQ45","2026-09-26T00:10:00.000Z","Texas Rangers @ Minnesota Twins","Texas Rangers","Minnesota Twins","7","full","FULL_INNING_3WAY","draw","","points-all-7i-ml3way-draw","fanduel","","false","-170","2026-09-25T16:28:08.825Z","","","","","https://sportsbook.fanduel.com/addToBetslip?marketId=717.188363423&selectionId=131604"
"SPORTSGAMEODDS","BeovEYqqhSUUF1YrFQ45","2026-09-26T00:10:00.000Z","Texas Rangers @ Minnesota Twins","Texas Rangers","Minnesota Twins","7","full","FULL_INNING_3WAY","draw","","points-all-7i-ml3way-draw","draftkings","","false","-175","2026-09-25T16:27:56.462Z","","","","",""
"SPORTSGAMEODDS","BeovEYqqhSUUF1YrFQ45","2026-09-26T00:10:00.000Z","Texas Rangers @ Minnesota Twins","Texas Rangers","Minnesota Twins","7","full","FULL_INNING_TOTAL","over","","points-all-7i-ou-over","fanduel","0.5","false","122","2026-09-25T16:28:08.825Z","0.5","0.5","131","115","https://sportsbook.fanduel.com/addToBetslip?marketId=717.188363379&selectionId=7017905"
"SPORTSGAMEODDS","BeovEYqqhSUUF1YrFQ45","2026-09-26T00:10:00.000Z","Texas Rangers @ Minnesota Twins","Texas Rangers","Minnesota Twins","7","full","FULL_INNING_TOTAL","over","","points-all-7i-ou-over","fanduel","1.5","true","310","2026-09-25T16:28:08.825Z","0.5","0.5","","","https://sportsbook.fanduel.com/addToBetslip?marketId=717.188363379&selectionId=7017905"
"SPORTSGAMEODDS","BeovEYqqhSUUF1YrFQ45","2026-09-26T00:10:00.000Z","Texas Rangers @ Minnesota Twins","Texas Rangers","Minnesota Twins","7","full","FULL_INNING_TOTAL","over","","points-all-7i-ou-over","draftkings","0.5","false","115","2026-09-25T16:27:56.462Z","0.5","0.5","131","115",""
"SPORTSGAMEODDS","BeovEYqqhSUUF1YrFQ45","2026-09-26T00:10:00.000Z","Texas Rangers @ Minnesota Twins","Texas Rangers","Minnesota Twins","7","full","FULL_INNING_TOTAL","over","","points-all-7i-ou-over","draftkings","1.5","true","290","2026-09-25T16:27:56.462Z","0.5","0.5","","",""
"SPORTSGAMEODDS","BeovEYqqhSUUF1YrFQ45","2026-09-26T00:10:00.000Z","Texas Rangers @ Minnesota Twins","Texas Rangers","Minnesota Twins","7","full","FULL_INNING_TOTAL","under","","points-all-7i-ou-under","fanduel","0.5","false","-150","2026-09-25T16:28:08.825Z","0.5","0.5","-131","-155","https://sportsbook.fanduel.com/addToBetslip?marketId=717.188363379&selectionId=7017906"
"SPORTSGAMEODDS","BeovEYqqhSUUF1YrFQ45","2026-09-26T00:10:00.000Z","Texas Rangers @ Minnesota Twins","Texas Rangers","Minnesota Twins","7","full","FULL_INNING_TOTAL","under","","points-all-7i-ou-under","fanduel","1.5","true","-420","2026-09-25T16:28:08.825Z","0.5","0.5","","","https://sportsbook.fanduel.com/addToBetslip?marketId=717.188363379&selectionId=7017906"
"SPORTSGAMEODDS","BeovEYqqhSUUF1YrFQ45","2026-09-26T00:10:00.000Z","Texas Rangers @ Minnesota Twins","Texas Rangers","Minnesota Twins","7","full","FULL_INNING_TOTAL","under","","points-all-7i-ou-under","draftkings","0.5","false","-155","2026-09-25T16:27:56.462Z","0.5","0.5","-131","-155",""
"SPORTSGAMEODDS","BeovEYqqhSUUF1YrFQ45","2026-09-26T00:10:00.000Z","Texas Rangers @ Minnesota Twins","Texas Rangers","Minnesota Twins","7","full","FULL_INNING_TOTAL","under","","points-all-7i-ou-under","draftkings","1.5","true","-425","2026-09-25T16:27:56.462Z","0.5","0.5","","",""
"SPORTSGAMEODDS","BeovEYqqhSUUF1YrFQ45","2026-09-26T00:10:00.000Z","Texas Rangers @ Minnesota Twins","Texas Rangers","Minnesota Twins","8","full","FULL_INNING_3WAY","draw","","points-all-8i-ml3way-draw","fanduel","","false","-170","2026-09-25T16:28:08.825Z","","","","","https://sportsbook.fanduel.com/addToBetslip?marketId=717.188363416&selectionId=131604"
"SPORTSGAMEODDS","BeovEYqqhSUUF1YrFQ45","2026-09-26T00:10:00.000Z","Texas Rangers @ Minnesota Twins","Texas Rangers","Minnesota Twins","8","full","FULL_INNING_3WAY","draw","","points-all-8i-ml3way-draw","draftkings","","false","-175","2026-09-25T16:27:56.462Z","","","","",""
"SPORTSGAMEODDS","BeovEYqqhSUUF1YrFQ45","2026-09-26T00:10:00.000Z","Texas Rangers @ Minnesota Twins","Texas Rangers","Minnesota Twins","8","full","FULL_INNING_TOTAL","over","","points-all-8i-ou-over","fanduel","0.5","false","118","2026-09-25T16:28:08.825Z","0.5","0.5","131","115","https://sportsbook.fanduel.com/addToBetslip?marketId=717.188363464&selectionId=7017905"
"SPORTSGAMEODDS","BeovEYqqhSUUF1YrFQ45","2026-09-26T00:10:00.000Z","Texas Rangers @ Minnesota Twins","Texas Rangers","Minnesota Twins","8","full","FULL_INNING_TOTAL","over","","points-all-8i-ou-over","fanduel","1.5","true","300","2026-09-25T16:28:08.825Z","0.5","0.5","","","https://sportsbook.fanduel.com/addToBetslip?marketId=717.188363464&selectionId=7017905"
"SPORTSGAMEODDS","BeovEYqqhSUUF1YrFQ45","2026-09-26T00:10:00.000Z","Texas Rangers @ Minnesota Twins","Texas Rangers","Minnesota Twins","8","full","FULL_INNING_TOTAL","over","","points-all-8i-ou-over","draftkings","0.5","false","115","2026-09-25T16:27:56.462Z","0.5","0.5","131","115",""
"SPORTSGAMEODDS","BeovEYqqhSUUF1YrFQ45","2026-09-26T00:10:00.000Z","Texas Rangers @ Minnesota Twins","Texas Rangers","Minnesota Twins","8","full","FULL_INNING_TOTAL","over","","points-all-8i-ou-over","draftkings","1.5","true","290","2026-09-25T16:27:56.462Z","0.5","0.5","","",""
"SPORTSGAMEODDS","BeovEYqqhSUUF1YrFQ45","2026-09-26T00:10:00.000Z","Texas Rangers @ Minnesota Twins","Texas Rangers","Minnesota Twins","8","full","FULL_INNING_TOTAL","under","","points-all-8i-ou-under","fanduel","0.5","false","-144","2026-09-25T16:28:08.825Z","0.5","0.5","-131","-155","https://sportsbook.fanduel.com/addToBetslip?marketId=717.188363464&selectionId=7017906"
"SPORTSGAMEODDS","BeovEYqqhSUUF1YrFQ45","2026-09-26T00:10:00.000Z","Texas Rangers @ Minnesota Twins","Texas Rangers","Minnesota Twins","8","full","FULL_INNING_TOTAL","under","","points-all-8i-ou-under","fanduel","1.5","true","-380","2026-09-25T16:28:08.825Z","0.5","0.5","","","https://sportsbook.fanduel.com/addToBetslip?marketId=717.188363464&selectionId=7017906"
"SPORTSGAMEODDS","BeovEYqqhSUUF1YrFQ45","2026-09-26T00:10:00.000Z","Texas Rangers @ Minnesota Twins","Texas Rangers","Minnesota Twins","8","full","FULL_INNING_TOTAL","under","","points-all-8i-ou-under","draftkings","0.5","false","-155","2026-09-25T16:27:56.462Z","0.5","0.5","-131","-155",""
"SPORTSGAMEODDS","BeovEYqqhSUUF1YrFQ45","2026-09-26T00:10:00.000Z","Texas Rangers @ Minnesota Twins","Texas Rangers","Minnesota Twins","8","full","FULL_INNING_TOTAL","under","","points-all-8i-ou-under","draftkings","1.5","true","-425","2026-09-25T16:27:56.462Z","0.5","0.5","","",""
"SPORTSGAMEODDS","BeovEYqqhSUUF1YrFQ45","2026-09-26T00:10:00.000Z","Texas Rangers @ Minnesota Twins","Texas Rangers","Minnesota Twins","9","full","FULL_INNING_3WAY","draw","","points-all-9i-ml3way-draw","fanduel","","false","-260","2026-09-25T16:28:08.825Z","","","","","https://sportsbook.fanduel.com/addToBetslip?marketId=717.188363394&selectionId=131604"
"SPORTSGAMEODDS","BeovEYqqhSUUF1YrFQ45","2026-09-26T00:10:00.000Z","Texas Rangers @ Minnesota Twins","Texas Rangers","Minnesota Twins","9","full","FULL_INNING_3WAY","draw","","points-all-9i-ml3way-draw","draftkings","","false","-250","2026-09-25T16:27:56.462Z","","","","",""
"SPORTSGAMEODDS","BeovEYqqhSUUF1YrFQ45","2026-09-26T00:10:00.000Z","Texas Rangers @ Minnesota Twins","Texas Rangers","Minnesota Twins","9","full","FULL_INNING_TOTAL","over","","points-all-9i-ou-over","fanduel","0.5","false","172","2026-09-25T16:28:08.825Z","","0.5","","163","https://sportsbook.fanduel.com/addToBetslip?marketId=717.188363351&selectionId=7017905"
"SPORTSGAMEODDS","BeovEYqqhSUUF1YrFQ45","2026-09-26T00:10:00.000Z","Texas Rangers @ Minnesota Twins","Texas Rangers","Minnesota Twins","9","full","FULL_INNING_TOTAL","over","","points-all-9i-ou-over","fanduel","1.5","true","420","2026-09-25T16:28:08.825Z","","0.5","","","https://sportsbook.fanduel.com/addToBetslip?marketId=717.188363351&selectionId=7017905"
"SPORTSGAMEODDS","BeovEYqqhSUUF1YrFQ45","2026-09-26T00:10:00.000Z","Texas Rangers @ Minnesota Twins","Texas Rangers","Minnesota Twins","9","full","FULL_INNING_TOTAL","over","","points-all-9i-ou-over","draftkings","0.5","false","155","2026-09-25T16:27:56.462Z","","0.5","","163",""
"SPORTSGAMEODDS","BeovEYqqhSUUF1YrFQ45","2026-09-26T00:10:00.000Z","Texas Rangers @ Minnesota Twins","Texas Rangers","Minnesota Twins","9","full","FULL_INNING_TOTAL","over","","points-all-9i-ou-over","draftkings","1.5","true","390","2026-09-25T16:27:56.462Z","","0.5","","",""
"SPORTSGAMEODDS","BeovEYqqhSUUF1YrFQ45","2026-09-26T00:10:00.000Z","Texas Rangers @ Minnesota Twins","Texas Rangers","Minnesota Twins","9","full","FULL_INNING_TOTAL","under","","points-all-9i-ou-under","fanduel","0.5","false","-215","2026-09-25T16:28:08.825Z","","0.5","","-215","https://sportsbook.fanduel.com/addToBetslip?marketId=717.188363351&selectionId=7017906"
"SPORTSGAMEODDS","BeovEYqqhSUUF1YrFQ45","2026-09-26T00:10:00.000Z","Texas Rangers @ Minnesota Twins","Texas Rangers","Minnesota Twins","9","full","FULL_INNING_TOTAL","under","","points-all-9i-ou-under","fanduel","1.5","true","-600","2026-09-25T16:28:08.825Z","","0.5","","","https://sportsbook.fanduel.com/addToBetslip?marketId=717.188363351&selectionId=7017906"
"SPORTSGAMEODDS","BeovEYqqhSUUF1YrFQ45","2026-09-26T00:10:00.000Z","Texas Rangers @ Minnesota Twins","Texas Rangers","Minnesota Twins","9","full","FULL_INNING_TOTAL","under","","points-all-9i-ou-under","draftkings","0.5","false","-215","2026-09-25T16:27:56.462Z","","0.5","","-215",""
"SPORTSGAMEODDS","BeovEYqqhSUUF1YrFQ45","2026-09-26T00:10:00.000Z","Texas Rangers @ Minnesota Twins","Texas Rangers","Minnesota Twins","9","full","FULL_INNING_TOTAL","under","","points-all-9i-ou-under","draftkings","1.5","true","-575","2026-09-25T16:27:56.462Z","","0.5","","",""
"SPORTSGAMEODDS","BeovEYqqhSUUF1YrFQ45","2026-09-26T00:10:00.000Z","Texas Rangers @ Minnesota Twins","Texas Rangers","Minnesota Twins","2","full","FULL_INNING_3WAY","away","","points-away-2i-ml3way-away","fanduel","","false","380","2026-09-25T16:28:08.825Z","","","","","https://sportsbook.fanduel.com/addToBetslip?marketId=717.188363407&selectionId=29163"
"SPORTSGAMEODDS","BeovEYqqhSUUF1YrFQ45","2026-09-26T00:10:00.000Z","Texas Rangers @ Minnesota Twins","Texas Rangers","Minnesota Twins","2","full","FULL_INNING_3WAY","away","","points-away-2i-ml3way-away","draftkings","","false","350","2026-09-25T16:27:56.462Z","","","","",""
"SPORTSGAMEODDS","BeovEYqqhSUUF1YrFQ45","2026-09-26T00:10:00.000Z","Texas Rangers @ Minnesota Twins","Texas Rangers","Minnesota Twins","3","full","FULL_INNING_3WAY","away","","points-away-3i-ml3way-away","fanduel","","false","340","2026-09-25T16:28:08.825Z","","","","","https://sportsbook.fanduel.com/addToBetslip?marketId=717.188363425&selectionId=29163"
"SPORTSGAMEODDS","BeovEYqqhSUUF1YrFQ45","2026-09-26T00:10:00.000Z","Texas Rangers @ Minnesota Twins","Texas Rangers","Minnesota Twins","3","full","FULL_INNING_3WAY","away","","points-away-3i-ml3way-away","draftkings","","false","310","2026-09-25T16:27:56.462Z","","","","",""
"SPORTSGAMEODDS","BeovEYqqhSUUF1YrFQ45","2026-09-26T00:10:00.000Z","Texas Rangers @ Minnesota Twins","Texas Rangers","Minnesota Twins","4","full","FULL_INNING_3WAY","away","","points-away-4i-ml3way-away","fanduel","","false","340","2026-09-25T16:28:08.825Z","","","","","https://sportsbook.fanduel.com/addToBetslip?marketId=717.188363343&selectionId=29163"
"SPORTSGAMEODDS","BeovEYqqhSUUF1YrFQ45","2026-09-26T00:10:00.000Z","Texas Rangers @ Minnesota Twins","Texas Rangers","Minnesota Twins","4","full","FULL_INNING_3WAY","away","","points-away-4i-ml3way-away","draftkings","","false","320","2026-09-25T16:27:56.462Z","","","","",""
"SPORTSGAMEODDS","BeovEYqqhSUUF1YrFQ45","2026-09-26T00:10:00.000Z","Texas Rangers @ Minnesota Twins","Texas Rangers","Minnesota Twins","5","full","FULL_INNING_3WAY","away","","points-away-5i-ml3way-away","fanduel","","false","330","2026-09-25T16:28:08.825Z","","","","","https://sportsbook.fanduel.com/addToBetslip?marketId=717.188363427&selectionId=29163"
"SPORTSGAMEODDS","BeovEYqqhSUUF1YrFQ45","2026-09-26T00:10:00.000Z","Texas Rangers @ Minnesota Twins","Texas Rangers","Minnesota Twins","5","full","FULL_INNING_3WAY","away","","points-away-5i-ml3way-away","draftkings","","false","310","2026-09-25T16:27:56.462Z","","","","",""
"SPORTSGAMEODDS","BeovEYqqhSUUF1YrFQ45","2026-09-26T00:10:00.000Z","Texas Rangers @ Minnesota Twins","Texas Rangers","Minnesota Twins","6","full","FULL_INNING_3WAY","away","","points-away-6i-ml3way-away","fanduel","","false","330","2026-09-25T16:28:08.825Z","","","","","https://sportsbook.fanduel.com/addToBetslip?marketId=717.188363414&selectionId=29163"
"SPORTSGAMEODDS","BeovEYqqhSUUF1YrFQ45","2026-09-26T00:10:00.000Z","Texas Rangers @ Minnesota Twins","Texas Rangers","Minnesota Twins","6","full","FULL_INNING_3WAY","away","","points-away-6i-ml3way-away","draftkings","","false","370","2026-09-25T16:27:56.462Z","","","","",""
"SPORTSGAMEODDS","BeovEYqqhSUUF1YrFQ45","2026-09-26T00:10:00.000Z","Texas Rangers @ Minnesota Twins","Texas Rangers","Minnesota Twins","7","full","FULL_INNING_3WAY","away","","points-away-7i-ml3way-away","fanduel","","false","390","2026-09-25T16:28:08.825Z","","","","","https://sportsbook.fanduel.com/addToBetslip?marketId=717.188363423&selectionId=29163"
"SPORTSGAMEODDS","BeovEYqqhSUUF1YrFQ45","2026-09-26T00:10:00.000Z","Texas Rangers @ Minnesota Twins","Texas Rangers","Minnesota Twins","7","full","FULL_INNING_3WAY","away","","points-away-7i-ml3way-away","draftkings","","false","360","2026-09-25T16:27:56.462Z","","","","",""
"SPORTSGAMEODDS","BeovEYqqhSUUF1YrFQ45","2026-09-26T00:10:00.000Z","Texas Rangers @ Minnesota Twins","Texas Rangers","Minnesota Twins","8","full","FULL_INNING_3WAY","away","","points-away-8i-ml3way-away","fanduel","","false","360","2026-09-25T16:28:08.825Z","","","","","https://sportsbook.fanduel.com/addToBetslip?marketId=717.188363416&selectionId=29163"
"SPORTSGAMEODDS","BeovEYqqhSUUF1YrFQ45","2026-09-26T00:10:00.000Z","Texas Rangers @ Minnesota Twins","Texas Rangers","Minnesota Twins","8","full","FULL_INNING_3WAY","away","","points-away-8i-ml3way-away","draftkings","","false","350","2026-09-25T16:27:56.462Z","","","","",""
"SPORTSGAMEODDS","BeovEYqqhSUUF1YrFQ45","2026-09-26T00:10:00.000Z","Texas Rangers @ Minnesota Twins","Texas Rangers","Minnesota Twins","9","full","FULL_INNING_3WAY","away","","points-away-9i-ml3way-away","fanduel","","false","350","2026-09-25T16:28:08.825Z","","","","","https://sportsbook.fanduel.com/addToBetslip?marketId=717.188363394&selectionId=29163"
"SPORTSGAMEODDS","BeovEYqqhSUUF1YrFQ45","2026-09-26T00:10:00.000Z","Texas Rangers @ Minnesota Twins","Texas Rangers","Minnesota Twins","9","full","FULL_INNING_3WAY","away","","points-away-9i-ml3way-away","draftkings","","false","330","2026-09-25T16:27:56.462Z","","","","",""
"SPORTSGAMEODDS","BeovEYqqhSUUF1YrFQ45","2026-09-26T00:10:00.000Z","Texas Rangers @ Minnesota Twins","Texas Rangers","Minnesota Twins","2","full","FULL_INNING_3WAY","home","","points-home-2i-ml3way-home","fanduel","","false","380","2026-09-25T16:28:08.825Z","","","","","https://sportsbook.fanduel.com/addToBetslip?marketId=717.188363407&selectionId=29160"
"SPORTSGAMEODDS","BeovEYqqhSUUF1YrFQ45","2026-09-26T00:10:00.000Z","Texas Rangers @ Minnesota Twins","Texas Rangers","Minnesota Twins","2","full","FULL_INNING_3WAY","home","","points-home-2i-ml3way-home","draftkings","","false","370","2026-09-25T16:27:56.462Z","","","","",""
"SPORTSGAMEODDS","BeovEYqqhSUUF1YrFQ45","2026-09-26T00:10:00.000Z","Texas Rangers @ Minnesota Twins","Texas Rangers","Minnesota Twins","3","full","FULL_INNING_3WAY","home","","points-home-3i-ml3way-home","fanduel","","false","370","2026-09-25T16:28:08.825Z","","","","","https://sportsbook.fanduel.com/addToBetslip?marketId=717.188363425&selectionId=29160"
"SPORTSGAMEODDS","BeovEYqqhSUUF1YrFQ45","2026-09-26T00:10:00.000Z","Texas Rangers @ Minnesota Twins","Texas Rangers","Minnesota Twins","3","full","FULL_INNING_3WAY","home","","points-home-3i-ml3way-home","draftkings","","false","370","2026-09-25T16:27:56.462Z","","","","",""
"SPORTSGAMEODDS","BeovEYqqhSUUF1YrFQ45","2026-09-26T00:10:00.000Z","Texas Rangers @ Minnesota Twins","Texas Rangers","Minnesota Twins","4","full","FULL_INNING_3WAY","home","","points-home-4i-ml3way-home","fanduel","","false","360","2026-09-25T16:28:08.825Z","","","","","https://sportsbook.fanduel.com/addToBetslip?marketId=717.188363343&selectionId=29160"
"SPORTSGAMEODDS","BeovEYqqhSUUF1YrFQ45","2026-09-26T00:10:00.000Z","Texas Rangers @ Minnesota Twins","Texas Rangers","Minnesota Twins","4","full","FULL_INNING_3WAY","home","","points-home-4i-ml3way-home","draftkings","","false","370","2026-09-25T16:27:56.462Z","","","","",""
"SPORTSGAMEODDS","BeovEYqqhSUUF1YrFQ45","2026-09-26T00:10:00.000Z","Texas Rangers @ Minnesota Twins","Texas Rangers","Minnesota Twins","5","full","FULL_INNING_3WAY","home","","points-home-5i-ml3way-home","fanduel","","false","370","2026-09-25T16:28:08.825Z","","","","","https://sportsbook.fanduel.com/addToBetslip?marketId=717.188363427&selectionId=29160"
"SPORTSGAMEODDS","BeovEYqqhSUUF1YrFQ45","2026-09-26T00:10:00.000Z","Texas Rangers @ Minnesota Twins","Texas Rangers","Minnesota Twins","5","full","FULL_INNING_3WAY","home","","points-home-5i-ml3way-home","draftkings","","false","380","2026-09-25T16:27:56.462Z","","","","",""
"SPORTSGAMEODDS","BeovEYqqhSUUF1YrFQ45","2026-09-26T00:10:00.000Z","Texas Rangers @ Minnesota Twins","Texas Rangers","Minnesota Twins","6","full","FULL_INNING_3WAY","home","","points-home-6i-ml3way-home","fanduel","","false","360","2026-09-25T16:28:08.825Z","","","","","https://sportsbook.fanduel.com/addToBetslip?marketId=717.188363414&selectionId=29160"
"SPORTSGAMEODDS","BeovEYqqhSUUF1YrFQ45","2026-09-26T00:10:00.000Z","Texas Rangers @ Minnesota Twins","Texas Rangers","Minnesota Twins","6","full","FULL_INNING_3WAY","home","","points-home-6i-ml3way-home","draftkings","","false","310","2026-09-25T16:27:56.462Z","","","","",""
"SPORTSGAMEODDS","BeovEYqqhSUUF1YrFQ45","2026-09-26T00:10:00.000Z","Texas Rangers @ Minnesota Twins","Texas Rangers","Minnesota Twins","7","full","FULL_INNING_3WAY","home","","points-home-7i-ml3way-home","fanduel","","false","330","2026-09-25T16:28:08.825Z","","","","","https://sportsbook.fanduel.com/addToBetslip?marketId=717.188363423&selectionId=29160"
"SPORTSGAMEODDS","BeovEYqqhSUUF1YrFQ45","2026-09-26T00:10:00.000Z","Texas Rangers @ Minnesota Twins","Texas Rangers","Minnesota Twins","7","full","FULL_INNING_3WAY","home","","points-home-7i-ml3way-home","draftkings","","false","330","2026-09-25T16:27:56.462Z","","","","",""
"SPORTSGAMEODDS","BeovEYqqhSUUF1YrFQ45","2026-09-26T00:10:00.000Z","Texas Rangers @ Minnesota Twins","Texas Rangers","Minnesota Twins","8","full","FULL_INNING_3WAY","home","","points-home-8i-ml3way-home","fanduel","","false","340","2026-09-25T16:28:08.825Z","","","","","https://sportsbook.fanduel.com/addToBetslip?marketId=717.188363416&selectionId=29160"
"SPORTSGAMEODDS","BeovEYqqhSUUF1YrFQ45","2026-09-26T00:10:00.000Z","Texas Rangers @ Minnesota Twins","Texas Rangers","Minnesota Twins","8","full","FULL_INNING_3WAY","home","","points-home-8i-ml3way-home","draftkings","","false","330","2026-09-25T16:27:56.462Z","","","","",""
"SPORTSGAMEODDS","BeovEYqqhSUUF1YrFQ45","2026-09-26T00:10:00.000Z","Texas Rangers @ Minnesota Twins","Texas Rangers","Minnesota Twins","9","full","FULL_INNING_3WAY","home","","points-home-9i-ml3way-home","fanduel","","false","650","2026-09-25T16:28:08.825Z","","","","","https://sportsbook.fanduel.com/addToBetslip?marketId=717.188363394&selectionId=29160"
"SPORTSGAMEODDS","BeovEYqqhSUUF1YrFQ45","2026-09-26T00:10:00.000Z","Texas Rangers @ Minnesota Twins","Texas Rangers","Minnesota Twins","9","full","FULL_INNING_3WAY","home","","points-home-9i-ml3way-home","draftkings","","false","550","2026-09-25T16:27:56.462Z","","","","",""
"SPORTSGAMEODDS","BlkX8Na7kxAsLTGya6if","2026-09-26T01:40:00.000Z","Houston Astros @ Athletics","Houston Astros","Athletics","1","full","FULL_INNING_TOTAL","over","","points-all-1i-ou-over","fanduel","0.5","false","-128","2026-09-25T16:28:08.825Z","0.5","0.5","101","-112","https://sportsbook.fanduel.com/addToBetslip?marketId=717.188422689&selectionId=7017905"
"SPORTSGAMEODDS","BlkX8Na7kxAsLTGya6if","2026-09-26T01:40:00.000Z","Houston Astros @ Athletics","Houston Astros","Athletics","1","full","FULL_INNING_TOTAL","over","","points-all-1i-ou-over","fanduel","1.5","true","210","2026-09-25T16:28:08.825Z","0.5","0.5","","","https://sportsbook.fanduel.com/addToBetslip?marketId=717.188422689&selectionId=7017905"
"SPORTSGAMEODDS","BlkX8Na7kxAsLTGya6if","2026-09-26T01:40:00.000Z","Houston Astros @ Athletics","Houston Astros","Athletics","1","full","FULL_INNING_TOTAL","over","","points-all-1i-ou-over","caesars","0.5","false","-110","2026-09-25T16:28:45.043Z","0.5","0.5","101","-112","https://sportsbook.caesars.com/us/nj/bet/betslip?selectionIds=2fc2ddf3-4dab-347a-bd84-9fdfe37a8f51"
"SPORTSGAMEODDS","BlkX8Na7kxAsLTGya6if","2026-09-26T01:40:00.000Z","Houston Astros @ Athletics","Houston Astros","Athletics","1","full","FULL_INNING_TOTAL","over","","points-all-1i-ou-over","betmgm","0.5","false","-110","2026-09-25T16:28:41.043Z","0.5","0.5","101","-112","https://sports.nj.betmgm.com/en/sports?options=19945283-1561274580-2304277498"
"SPORTSGAMEODDS","BlkX8Na7kxAsLTGya6if","2026-09-26T01:40:00.000Z","Houston Astros @ Athletics","Houston Astros","Athletics","1","full","FULL_INNING_TOTAL","under","","points-all-1i-ou-under","fanduel","0.5","false","100","2026-09-25T16:28:08.825Z","0.5","0.5","-101","-115","https://sportsbook.fanduel.com/addToBetslip?marketId=717.188422689&selectionId=7017906"
"SPORTSGAMEODDS","BlkX8Na7kxAsLTGya6if","2026-09-26T01:40:00.000Z","Houston Astros @ Athletics","Houston Astros","Athletics","1","full","FULL_INNING_TOTAL","under","","points-all-1i-ou-under","fanduel","1.5","true","-265","2026-09-25T16:28:08.825Z","0.5","0.5","","","https://sportsbook.fanduel.com/addToBetslip?marketId=717.188422689&selectionId=7017906"
"SPORTSGAMEODDS","BlkX8Na7kxAsLTGya6if","2026-09-26T01:40:00.000Z","Houston Astros @ Athletics","Houston Astros","Athletics","1","full","FULL_INNING_TOTAL","under","","points-all-1i-ou-under","caesars","0.5","false","-113","2026-09-25T16:28:45.043Z","0.5","0.5","-101","-115","https://sportsbook.caesars.com/us/nj/bet/betslip?selectionIds=7974c3b9-dc35-3654-9b69-d1c10c6f7f14"
"SPORTSGAMEODDS","BlkX8Na7kxAsLTGya6if","2026-09-26T01:40:00.000Z","Houston Astros @ Athletics","Houston Astros","Athletics","1","full","FULL_INNING_TOTAL","under","","points-all-1i-ou-under","betmgm","0.5","false","-115","2026-09-25T16:28:41.043Z","0.5","0.5","-101","-115","https://sports.nj.betmgm.com/en/sports?options=19945283-1561274580-2304277499"
"SPORTSGAMEODDS","BlkX8Na7kxAsLTGya6if","2026-09-26T01:40:00.000Z","Houston Astros @ Athletics","Houston Astros","Athletics","1","full","FULL_INNING_3WAY","draw","","points-all-1i-ml3way-draw","fanduel","","false","-125","2026-09-25T16:28:08.825Z","","","","","https://sportsbook.fanduel.com/addToBetslip?marketId=717.188422598&selectionId=131604"
"SPORTSGAMEODDS","BlkX8Na7kxAsLTGya6if","2026-09-26T01:40:00.000Z","Houston Astros @ Athletics","Houston Astros","Athletics","1","full","FULL_INNING_3WAY","draw","","points-all-1i-ml3way-draw","betmgm","","false","-130","2026-09-25T16:28:41.043Z","","","","","https://sports.nj.betmgm.com/en/sports?options=19945283-1561274569-2304277490"
"SPORTSGAMEODDS","BlkX8Na7kxAsLTGya6if","2026-09-26T01:40:00.000Z","Houston Astros @ Athletics","Houston Astros","Athletics","1","full","FULL_INNING_3WAY","away","","points-away-1i-ml3way-away","fanduel","","false","240","2026-09-25T16:28:08.825Z","","","","","https://sportsbook.fanduel.com/addToBetslip?marketId=717.188422598&selectionId=29170"
"SPORTSGAMEODDS","BlkX8Na7kxAsLTGya6if","2026-09-26T01:40:00.000Z","Houston Astros @ Athletics","Houston Astros","Athletics","1","full","FULL_INNING_3WAY","away","","points-away-1i-ml3way-away","betmgm","","false","240","2026-09-25T16:28:41.043Z","","","","","https://sports.nj.betmgm.com/en/sports?options=19945283-1561274569-2304277489"
"SPORTSGAMEODDS","BlkX8Na7kxAsLTGya6if","2026-09-26T01:40:00.000Z","Houston Astros @ Athletics","Houston Astros","Athletics","1","full","FULL_INNING_3WAY","home","","points-home-1i-ml3way-home","fanduel","","false","350","2026-09-25T16:28:08.825Z","","","","","https://sportsbook.fanduel.com/addToBetslip?marketId=717.188422598&selectionId=75117758"
"SPORTSGAMEODDS","BlkX8Na7kxAsLTGya6if","2026-09-26T01:40:00.000Z","Houston Astros @ Athletics","Houston Astros","Athletics","1","full","FULL_INNING_3WAY","home","","points-home-1i-ml3way-home","betmgm","","false","350","2026-09-25T16:28:41.043Z","","","","","https://sports.nj.betmgm.com/en/sports?options=19945283-1561274569-2304277491"
"SPORTSGAMEODDS","BlkX8Na7kxAsLTGya6if","2026-09-26T01:40:00.000Z","Houston Astros @ Athletics","Houston Astros","Athletics","2","full","FULL_INNING_3WAY","draw","","points-all-2i-ml3way-draw","fanduel","","false","-165","2026-09-25T16:28:08.825Z","","","","","https://sportsbook.fanduel.com/addToBetslip?marketId=717.188422613&selectionId=131604"
"SPORTSGAMEODDS","BlkX8Na7kxAsLTGya6if","2026-09-26T01:40:00.000Z","Houston Astros @ Athletics","Houston Astros","Athletics","2","full","FULL_INNING_3WAY","draw","","points-all-2i-ml3way-draw","draftkings","","false","-135","2026-09-25T16:27:56.462Z","","","","",""
"SPORTSGAMEODDS","BlkX8Na7kxAsLTGya6if","2026-09-26T01:40:00.000Z","Houston Astros @ Athletics","Houston Astros","Athletics","2","full","FULL_INNING_TOTAL","over","","points-all-2i-ou-over","fanduel","0.5","false","116","2026-09-25T16:28:08.825Z","0.5","0.5","115","-105","https://sportsbook.fanduel.com/addToBetslip?marketId=717.188422630&selectionId=7017905"
"SPORTSGAMEODDS","BlkX8Na7kxAsLTGya6if","2026-09-26T01:40:00.000Z","Houston Astros @ Athletics","Houston Astros","Athletics","2","full","FULL_INNING_TOTAL","over","","points-all-2i-ou-over","fanduel","1.5","true","300","2026-09-25T16:28:08.825Z","0.5","0.5","","","https://sportsbook.fanduel.com/addToBetslip?marketId=717.188422630&selectionId=7017905"
"SPORTSGAMEODDS","BlkX8Na7kxAsLTGya6if","2026-09-26T01:40:00.000Z","Houston Astros @ Athletics","Houston Astros","Athletics","2","full","FULL_INNING_TOTAL","over","","points-all-2i-ou-over","draftkings","0.5","false","-110","2026-09-25T16:27:56.462Z","0.5","0.5","115","-105",""
"SPORTSGAMEODDS","BlkX8Na7kxAsLTGya6if","2026-09-26T01:40:00.000Z","Houston Astros @ Athletics","Houston Astros","Athletics","2","full","FULL_INNING_TOTAL","over","","points-all-2i-ou-over","draftkings","1.5","true","225","2026-09-25T16:27:56.462Z","0.5","0.5","","",""
"SPORTSGAMEODDS","BlkX8Na7kxAsLTGya6if","2026-09-26T01:40:00.000Z","Houston Astros @ Athletics","Houston Astros","Athletics","2","full","FULL_INNING_TOTAL","under","","points-all-2i-ou-under","fanduel","0.5","false","-144","2026-09-25T16:28:08.825Z","0.5","0.5","-115","-144","https://sportsbook.fanduel.com/addToBetslip?marketId=717.188422630&selectionId=7017906"
"SPORTSGAMEODDS","BlkX8Na7kxAsLTGya6if","2026-09-26T01:40:00.000Z","Houston Astros @ Athletics","Houston Astros","Athletics","2","full","FULL_INNING_TOTAL","under","","points-all-2i-ou-under","fanduel","1.5","true","-400","2026-09-25T16:28:08.825Z","0.5","0.5","","","https://sportsbook.fanduel.com/addToBetslip?marketId=717.188422630&selectionId=7017906"
"SPORTSGAMEODDS","BlkX8Na7kxAsLTGya6if","2026-09-26T01:40:00.000Z","Houston Astros @ Athletics","Houston Astros","Athletics","2","full","FULL_INNING_TOTAL","under","","points-all-2i-ou-under","draftkings","0.5","false","-120","2026-09-25T16:27:56.462Z","0.5","0.5","-115","-144",""
"SPORTSGAMEODDS","BlkX8Na7kxAsLTGya6if","2026-09-26T01:40:00.000Z","Houston Astros @ Athletics","Houston Astros","Athletics","2","full","FULL_INNING_TOTAL","under","","points-all-2i-ou-under","draftkings","1.5","true","-320","2026-09-25T16:27:56.462Z","0.5","0.5","","",""
"SPORTSGAMEODDS","BlkX8Na7kxAsLTGya6if","2026-09-26T01:40:00.000Z","Houston Astros @ Athletics","Houston Astros","Athletics","3","full","FULL_INNING_3WAY","draw","","points-all-3i-ml3way-draw","fanduel","","false","-140","2026-09-25T16:28:08.825Z","","","","","https://sportsbook.fanduel.com/addToBetslip?marketId=717.188422578&selectionId=131604"
"SPORTSGAMEODDS","BlkX8Na7kxAsLTGya6if","2026-09-26T01:40:00.000Z","Houston Astros @ Athletics","Houston Astros","Athletics","3","full","FULL_INNING_3WAY","draw","","points-all-3i-ml3way-draw","draftkings","","false","-140","2026-09-25T16:27:56.462Z","","","","",""
"SPORTSGAMEODDS","BlkX8Na7kxAsLTGya6if","2026-09-26T01:40:00.000Z","Houston Astros @ Athletics","Houston Astros","Athletics","3","full","FULL_INNING_TOTAL","over","","points-all-3i-ou-over","fanduel","0.5","false","-108","2026-09-25T16:28:08.825Z","0.5","0.5","106","-110","https://sportsbook.fanduel.com/addToBetslip?marketId=717.188422631&selectionId=7017905"
"SPORTSGAMEODDS","BlkX8Na7kxAsLTGya6if","2026-09-26T01:40:00.000Z","Houston Astros @ Athletics","Houston Astros","Athletics","3","full","FULL_INNING_TOTAL","over","","points-all-3i-ou-over","fanduel","1.5","true","235","2026-09-25T16:28:08.825Z","0.5","0.5","","","https://sportsbook.fanduel.com/addToBetslip?marketId=717.188422631&selectionId=7017905"
"SPORTSGAMEODDS","BlkX8Na7kxAsLTGya6if","2026-09-26T01:40:00.000Z","Houston Astros @ Athletics","Houston Astros","Athletics","3","full","FULL_INNING_TOTAL","over","","points-all-3i-ou-over","draftkings","0.5","false","-110","2026-09-25T16:27:56.462Z","0.5","0.5","106","-110",""
"SPORTSGAMEODDS","BlkX8Na7kxAsLTGya6if","2026-09-26T01:40:00.000Z","Houston Astros @ Athletics","Houston Astros","Athletics","3","full","FULL_INNING_TOTAL","over","","points-all-3i-ou-over","draftkings","1.5","true","225","2026-09-25T16:27:56.462Z","0.5","0.5","","",""
"SPORTSGAMEODDS","BlkX8Na7kxAsLTGya6if","2026-09-26T01:40:00.000Z","Houston Astros @ Athletics","Houston Astros","Athletics","3","full","FULL_INNING_TOTAL","under","","points-all-3i-ou-under","fanduel","0.5","false","-112","2026-09-25T16:28:08.825Z","0.5","0.5","-106","-125","https://sportsbook.fanduel.com/addToBetslip?marketId=717.188422631&selectionId=7017906"
"SPORTSGAMEODDS","BlkX8Na7kxAsLTGya6if","2026-09-26T01:40:00.000Z","Houston Astros @ Athletics","Houston Astros","Athletics","3","full","FULL_INNING_TOTAL","under","","points-all-3i-ou-under","fanduel","1.5","true","-300","2026-09-25T16:28:08.825Z","0.5","0.5","","","https://sportsbook.fanduel.com/addToBetslip?marketId=717.188422631&selectionId=7017906"
"SPORTSGAMEODDS","BlkX8Na7kxAsLTGya6if","2026-09-26T01:40:00.000Z","Houston Astros @ Athletics","Houston Astros","Athletics","3","full","FULL_INNING_TOTAL","under","","points-all-3i-ou-under","draftkings","0.5","false","-125","2026-09-25T16:27:56.462Z","0.5","0.5","-106","-125",""
"SPORTSGAMEODDS","BlkX8Na7kxAsLTGya6if","2026-09-26T01:40:00.000Z","Houston Astros @ Athletics","Houston Astros","Athletics","3","full","FULL_INNING_TOTAL","under","","points-all-3i-ou-under","draftkings","1.5","true","-320","2026-09-25T16:27:56.462Z","0.5","0.5","","",""
"SPORTSGAMEODDS","BlkX8Na7kxAsLTGya6if","2026-09-26T01:40:00.000Z","Houston Astros @ Athletics","Houston Astros","Athletics","4","full","FULL_INNING_3WAY","draw","","points-all-4i-ml3way-draw","fanduel","","false","-145","2026-09-25T16:28:08.825Z","","","","","https://sportsbook.fanduel.com/addToBetslip?marketId=717.188422558&selectionId=131604"
"SPORTSGAMEODDS","BlkX8Na7kxAsLTGya6if","2026-09-26T01:40:00.000Z","Houston Astros @ Athletics","Houston Astros","Athletics","4","full","FULL_INNING_3WAY","draw","","points-all-4i-ml3way-draw","draftkings","","false","-140","2026-09-25T16:27:56.462Z","","","","",""
"SPORTSGAMEODDS","BlkX8Na7kxAsLTGya6if","2026-09-26T01:40:00.000Z","Houston Astros @ Athletics","Houston Astros","Athletics","4","full","FULL_INNING_TOTAL","over","","points-all-4i-ou-over","fanduel","0.5","false","100","2026-09-25T16:28:08.825Z","0.5","0.5","105","-110","https://sportsbook.fanduel.com/addToBetslip?marketId=717.188422655&selectionId=7017905"
"SPORTSGAMEODDS","BlkX8Na7kxAsLTGya6if","2026-09-26T01:40:00.000Z","Houston Astros @ Athletics","Houston Astros","Athletics","4","full","FULL_INNING_TOTAL","over","","points-all-4i-ou-over","fanduel","1.5","true","250","2026-09-25T16:28:08.825Z","0.5","0.5","","","https://sportsbook.fanduel.com/addToBetslip?marketId=717.188422655&selectionId=7017905"
"SPORTSGAMEODDS","BlkX8Na7kxAsLTGya6if","2026-09-26T01:40:00.000Z","Houston Astros @ Athletics","Houston Astros","Athletics","4","full","FULL_INNING_TOTAL","over","","points-all-4i-ou-over","draftkings","0.5","false","-110","2026-09-25T16:27:56.462Z","0.5","0.5","105","-110",""
"SPORTSGAMEODDS","BlkX8Na7kxAsLTGya6if","2026-09-26T01:40:00.000Z","Houston Astros @ Athletics","Houston Astros","Athletics","4","full","FULL_INNING_TOTAL","over","","points-all-4i-ou-over","draftkings","1.5","true","235","2026-09-25T16:27:56.462Z","0.5","0.5","","",""
"SPORTSGAMEODDS","BlkX8Na7kxAsLTGya6if","2026-09-26T01:40:00.000Z","Houston Astros @ Athletics","Houston Astros","Athletics","4","full","FULL_INNING_TOTAL","under","","points-all-4i-ou-under","fanduel","0.5","false","-122","2026-09-25T16:28:08.825Z","0.5","0.5","-105","-122","https://sportsbook.fanduel.com/addToBetslip?marketId=717.188422655&selectionId=7017906"
"SPORTSGAMEODDS","BlkX8Na7kxAsLTGya6if","2026-09-26T01:40:00.000Z","Houston Astros @ Athletics","Houston Astros","Athletics","4","full","FULL_INNING_TOTAL","under","","points-all-4i-ou-under","fanduel","1.5","true","-325","2026-09-25T16:28:08.825Z","0.5","0.5","","","https://sportsbook.fanduel.com/addToBetslip?marketId=717.188422655&selectionId=7017906"
"SPORTSGAMEODDS","BlkX8Na7kxAsLTGya6if","2026-09-26T01:40:00.000Z","Houston Astros @ Athletics","Houston Astros","Athletics","4","full","FULL_INNING_TOTAL","under","","points-all-4i-ou-under","draftkings","0.5","false","-120","2026-09-25T16:27:56.462Z","0.5","0.5","-105","-122",""
"SPORTSGAMEODDS","BlkX8Na7kxAsLTGya6if","2026-09-26T01:40:00.000Z","Houston Astros @ Athletics","Houston Astros","Athletics","4","full","FULL_INNING_TOTAL","under","","points-all-4i-ou-under","draftkings","1.5","true","-330","2026-09-25T16:27:56.462Z","0.5","0.5","","",""
"SPORTSGAMEODDS","BlkX8Na7kxAsLTGya6if","2026-09-26T01:40:00.000Z","Houston Astros @ Athletics","Houston Astros","Athletics","5","full","FULL_INNING_3WAY","draw","","points-all-5i-ml3way-draw","fanduel","","false","-145","2026-09-25T16:28:08.825Z","","","","","https://sportsbook.fanduel.com/addToBetslip?marketId=717.188422681&selectionId=131604"
"SPORTSGAMEODDS","BlkX8Na7kxAsLTGya6if","2026-09-26T01:40:00.000Z","Houston Astros @ Athletics","Houston Astros","Athletics","5","full","FULL_INNING_3WAY","draw","","points-all-5i-ml3way-draw","draftkings","","false","-145","2026-09-25T16:27:56.462Z","","","","",""
"SPORTSGAMEODDS","BlkX8Na7kxAsLTGya6if","2026-09-26T01:40:00.000Z","Houston Astros @ Athletics","Houston Astros","Athletics","5","full","FULL_INNING_TOTAL","over","","points-all-5i-ou-over","fanduel","0.5","false","-105","2026-09-25T16:28:08.825Z","0.5","0.5","108","-105","https://sportsbook.fanduel.com/addToBetslip?marketId=717.188422594&selectionId=7017905"
"SPORTSGAMEODDS","BlkX8Na7kxAsLTGya6if","2026-09-26T01:40:00.000Z","Houston Astros @ Athletics","Houston Astros","Athletics","5","full","FULL_INNING_TOTAL","over","","points-all-5i-ou-over","fanduel","1.5","true","240","2026-09-25T16:28:08.825Z","0.5","0.5","","","https://sportsbook.fanduel.com/addToBetslip?marketId=717.188422594&selectionId=7017905"
"SPORTSGAMEODDS","BlkX8Na7kxAsLTGya6if","2026-09-26T01:40:00.000Z","Houston Astros @ Athletics","Houston Astros","Athletics","5","full","FULL_INNING_TOTAL","over","","points-all-5i-ou-over","draftkings","0.5","false","-105","2026-09-25T16:27:56.462Z","0.5","0.5","108","-105",""
"SPORTSGAMEODDS","BlkX8Na7kxAsLTGya6if","2026-09-26T01:40:00.000Z","Houston Astros @ Athletics","Houston Astros","Athletics","5","full","FULL_INNING_TOTAL","over","","points-all-5i-ou-over","draftkings","1.5","true","240","2026-09-25T16:27:56.462Z","0.5","0.5","","",""
"SPORTSGAMEODDS","BlkX8Na7kxAsLTGya6if","2026-09-26T01:40:00.000Z","Houston Astros @ Athletics","Houston Astros","Athletics","5","full","FULL_INNING_TOTAL","under","","points-all-5i-ou-under","fanduel","0.5","false","-115","2026-09-25T16:28:08.825Z","0.5","0.5","-108","-125","https://sportsbook.fanduel.com/addToBetslip?marketId=717.188422594&selectionId=7017906"
"SPORTSGAMEODDS","BlkX8Na7kxAsLTGya6if","2026-09-26T01:40:00.000Z","Houston Astros @ Athletics","Houston Astros","Athletics","5","full","FULL_INNING_TOTAL","under","","points-all-5i-ou-under","fanduel","1.5","true","-310","2026-09-25T16:28:08.825Z","0.5","0.5","","","https://sportsbook.fanduel.com/addToBetslip?marketId=717.188422594&selectionId=7017906"
"SPORTSGAMEODDS","BlkX8Na7kxAsLTGya6if","2026-09-26T01:40:00.000Z","Houston Astros @ Athletics","Houston Astros","Athletics","5","full","FULL_INNING_TOTAL","under","","points-all-5i-ou-under","draftkings","0.5","false","-125","2026-09-25T16:27:56.462Z","0.5","0.5","-108","-125",""
"SPORTSGAMEODDS","BlkX8Na7kxAsLTGya6if","2026-09-26T01:40:00.000Z","Houston Astros @ Athletics","Houston Astros","Athletics","5","full","FULL_INNING_TOTAL","under","","points-all-5i-ou-under","draftkings","1.5","true","-340","2026-09-25T16:27:56.462Z","0.5","0.5","","",""
"SPORTSGAMEODDS","BlkX8Na7kxAsLTGya6if","2026-09-26T01:40:00.000Z","Houston Astros @ Athletics","Houston Astros","Athletics","6","full","FULL_INNING_3WAY","draw","","points-all-6i-ml3way-draw","fanduel","","false","-130","2026-09-25T16:28:08.825Z","","","","","https://sportsbook.fanduel.com/addToBetslip?marketId=717.188422589&selectionId=131604"
"SPORTSGAMEODDS","BlkX8Na7kxAsLTGya6if","2026-09-26T01:40:00.000Z","Houston Astros @ Athletics","Houston Astros","Athletics","6","full","FULL_INNING_3WAY","draw","","points-all-6i-ml3way-draw","draftkings","","false","-135","2026-09-25T16:27:56.462Z","","","","",""
"SPORTSGAMEODDS","BlkX8Na7kxAsLTGya6if","2026-09-26T01:40:00.000Z","Houston Astros @ Athletics","Houston Astros","Athletics","6","full","FULL_INNING_TOTAL","over","","points-all-6i-ou-over","fanduel","0.5","false","-110","2026-09-25T16:28:08.825Z","0.5","0.5","-102","-120","https://sportsbook.fanduel.com/addToBetslip?marketId=717.188422586&selectionId=7017905"
"SPORTSGAMEODDS","BlkX8Na7kxAsLTGya6if","2026-09-26T01:40:00.000Z","Houston Astros @ Athletics","Houston Astros","Athletics","6","full","FULL_INNING_TOTAL","over","","points-all-6i-ou-over","fanduel","1.5","true","235","2026-09-25T16:28:08.825Z","0.5","0.5","","","https://sportsbook.fanduel.com/addToBetslip?marketId=717.188422586&selectionId=7017905"
"SPORTSGAMEODDS","BlkX8Na7kxAsLTGya6if","2026-09-26T01:40:00.000Z","Houston Astros @ Athletics","Houston Astros","Athletics","6","full","FULL_INNING_TOTAL","over","","points-all-6i-ou-over","draftkings","0.5","false","-120","2026-09-25T16:27:56.462Z","0.5","0.5","-102","-120",""
"SPORTSGAMEODDS","BlkX8Na7kxAsLTGya6if","2026-09-26T01:40:00.000Z","Houston Astros @ Athletics","Houston Astros","Athletics","6","full","FULL_INNING_TOTAL","over","","points-all-6i-ou-over","draftkings","1.5","true","215","2026-09-25T16:27:56.462Z","0.5","0.5","","",""
"SPORTSGAMEODDS","BlkX8Na7kxAsLTGya6if","2026-09-26T01:40:00.000Z","Houston Astros @ Athletics","Houston Astros","Athletics","6","full","FULL_INNING_TOTAL","under","","points-all-6i-ou-under","fanduel","0.5","false","-110","2026-09-25T16:28:08.825Z","0.5","0.5","102","-115","https://sportsbook.fanduel.com/addToBetslip?marketId=717.188422586&selectionId=7017906"
"SPORTSGAMEODDS","BlkX8Na7kxAsLTGya6if","2026-09-26T01:40:00.000Z","Houston Astros @ Athletics","Houston Astros","Athletics","6","full","FULL_INNING_TOTAL","under","","points-all-6i-ou-under","fanduel","1.5","true","-300","2026-09-25T16:28:08.825Z","0.5","0.5","","","https://sportsbook.fanduel.com/addToBetslip?marketId=717.188422586&selectionId=7017906"
"SPORTSGAMEODDS","BlkX8Na7kxAsLTGya6if","2026-09-26T01:40:00.000Z","Houston Astros @ Athletics","Houston Astros","Athletics","6","full","FULL_INNING_TOTAL","under","","points-all-6i-ou-under","draftkings","0.5","false","-115","2026-09-25T16:27:56.462Z","0.5","0.5","102","-115",""
"SPORTSGAMEODDS","BlkX8Na7kxAsLTGya6if","2026-09-26T01:40:00.000Z","Houston Astros @ Athletics","Houston Astros","Athletics","6","full","FULL_INNING_TOTAL","under","","points-all-6i-ou-under","draftkings","1.5","true","-300","2026-09-25T16:27:56.462Z","0.5","0.5","","",""
"SPORTSGAMEODDS","BlkX8Na7kxAsLTGya6if","2026-09-26T01:40:00.000Z","Houston Astros @ Athletics","Houston Astros","Athletics","7","full","FULL_INNING_3WAY","draw","","points-all-7i-ml3way-draw","fanduel","","false","-130","2026-09-25T16:28:08.825Z","","","","","https://sportsbook.fanduel.com/addToBetslip?marketId=717.188422641&selectionId=131604"
"SPORTSGAMEODDS","BlkX8Na7kxAsLTGya6if","2026-09-26T01:40:00.000Z","Houston Astros @ Athletics","Houston Astros","Athletics","7","full","FULL_INNING_3WAY","draw","","points-all-7i-ml3way-draw","draftkings","","false","-140","2026-09-25T16:27:56.462Z","","","","",""
"SPORTSGAMEODDS","BlkX8Na7kxAsLTGya6if","2026-09-26T01:40:00.000Z","Houston Astros @ Athletics","Houston Astros","Athletics","7","full","FULL_INNING_TOTAL","over","","points-all-7i-ou-over","fanduel","0.5","false","-112","2026-09-25T16:28:08.825Z","0.5","0.5","105","-112","https://sportsbook.fanduel.com/addToBetslip?marketId=717.188422637&selectionId=7017905"
"SPORTSGAMEODDS","BlkX8Na7kxAsLTGya6if","2026-09-26T01:40:00.000Z","Houston Astros @ Athletics","Houston Astros","Athletics","7","full","FULL_INNING_TOTAL","over","","points-all-7i-ou-over","fanduel","1.5","true","220","2026-09-25T16:28:08.825Z","0.5","0.5","","","https://sportsbook.fanduel.com/addToBetslip?marketId=717.188422637&selectionId=7017905"
"SPORTSGAMEODDS","BlkX8Na7kxAsLTGya6if","2026-09-26T01:40:00.000Z","Houston Astros @ Athletics","Houston Astros","Athletics","7","full","FULL_INNING_TOTAL","over","","points-all-7i-ou-over","draftkings","0.5","false","-110","2026-09-25T16:27:56.462Z","0.5","0.5","105","-112",""
"SPORTSGAMEODDS","BlkX8Na7kxAsLTGya6if","2026-09-26T01:40:00.000Z","Houston Astros @ Athletics","Houston Astros","Athletics","7","full","FULL_INNING_TOTAL","over","","points-all-7i-ou-over","draftkings","1.5","true","225","2026-09-25T16:27:56.462Z","0.5","0.5","","",""
"SPORTSGAMEODDS","BlkX8Na7kxAsLTGya6if","2026-09-26T01:40:00.000Z","Houston Astros @ Athletics","Houston Astros","Athletics","7","full","FULL_INNING_TOTAL","under","","points-all-7i-ou-under","fanduel","0.5","false","-108","2026-09-25T16:28:08.825Z","0.5","0.5","-105","-125","https://sportsbook.fanduel.com/addToBetslip?marketId=717.188422637&selectionId=7017906"
"SPORTSGAMEODDS","BlkX8Na7kxAsLTGya6if","2026-09-26T01:40:00.000Z","Houston Astros @ Athletics","Houston Astros","Athletics","7","full","FULL_INNING_TOTAL","under","","points-all-7i-ou-under","fanduel","1.5","true","-280","2026-09-25T16:28:08.825Z","0.5","0.5","","","https://sportsbook.fanduel.com/addToBetslip?marketId=717.188422637&selectionId=7017906"
"SPORTSGAMEODDS","BlkX8Na7kxAsLTGya6if","2026-09-26T01:40:00.000Z","Houston Astros @ Athletics","Houston Astros","Athletics","7","full","FULL_INNING_TOTAL","under","","points-all-7i-ou-under","draftkings","0.5","false","-125","2026-09-25T16:27:56.462Z","0.5","0.5","-105","-125",""
"SPORTSGAMEODDS","BlkX8Na7kxAsLTGya6if","2026-09-26T01:40:00.000Z","Houston Astros @ Athletics","Houston Astros","Athletics","7","full","FULL_INNING_TOTAL","under","","points-all-7i-ou-under","draftkings","1.5","true","-310","2026-09-25T16:27:56.462Z","0.5","0.5","","",""
"SPORTSGAMEODDS","BlkX8Na7kxAsLTGya6if","2026-09-26T01:40:00.000Z","Houston Astros @ Athletics","Houston Astros","Athletics","8","full","FULL_INNING_3WAY","draw","","points-all-8i-ml3way-draw","fanduel","","false","-130","2026-09-25T16:28:08.825Z","","","","","https://sportsbook.fanduel.com/addToBetslip?marketId=717.188422570&selectionId=131604"
"SPORTSGAMEODDS","BlkX8Na7kxAsLTGya6if","2026-09-26T01:40:00.000Z","Houston Astros @ Athletics","Houston Astros","Athletics","8","full","FULL_INNING_3WAY","draw","","points-all-8i-ml3way-draw","draftkings","","false","-145","2026-09-25T16:27:56.462Z","","","","",""
"SPORTSGAMEODDS","BlkX8Na7kxAsLTGya6if","2026-09-26T01:40:00.000Z","Houston Astros @ Athletics","Houston Astros","Athletics","8","full","FULL_INNING_TOTAL","over","","points-all-8i-ou-over","fanduel","0.5","false","-110","2026-09-25T16:28:08.825Z","0.5","0.5","106","-110","https://sportsbook.fanduel.com/addToBetslip?marketId=717.188422686&selectionId=7017905"
"SPORTSGAMEODDS","BlkX8Na7kxAsLTGya6if","2026-09-26T01:40:00.000Z","Houston Astros @ Athletics","Houston Astros","Athletics","8","full","FULL_INNING_TOTAL","over","","points-all-8i-ou-over","fanduel","1.5","true","230","2026-09-25T16:28:08.825Z","0.5","0.5","","","https://sportsbook.fanduel.com/addToBetslip?marketId=717.188422686&selectionId=7017905"
"SPORTSGAMEODDS","BlkX8Na7kxAsLTGya6if","2026-09-26T01:40:00.000Z","Houston Astros @ Athletics","Houston Astros","Athletics","8","full","FULL_INNING_TOTAL","over","","points-all-8i-ou-over","draftkings","0.5","false","-105","2026-09-25T16:27:56.462Z","0.5","0.5","106","-110",""
"SPORTSGAMEODDS","BlkX8Na7kxAsLTGya6if","2026-09-26T01:40:00.000Z","Houston Astros @ Athletics","Houston Astros","Athletics","8","full","FULL_INNING_TOTAL","over","","points-all-8i-ou-over","draftkings","1.5","true","235","2026-09-25T16:27:56.462Z","0.5","0.5","","",""
"SPORTSGAMEODDS","BlkX8Na7kxAsLTGya6if","2026-09-26T01:40:00.000Z","Houston Astros @ Athletics","Houston Astros","Athletics","8","full","FULL_INNING_TOTAL","under","","points-all-8i-ou-under","fanduel","0.5","false","-110","2026-09-25T16:28:08.825Z","0.5","0.5","-106","-125","https://sportsbook.fanduel.com/addToBetslip?marketId=717.188422686&selectionId=7017906"
"SPORTSGAMEODDS","BlkX8Na7kxAsLTGya6if","2026-09-26T01:40:00.000Z","Houston Astros @ Athletics","Houston Astros","Athletics","8","full","FULL_INNING_TOTAL","under","","points-all-8i-ou-under","fanduel","1.5","true","-290","2026-09-25T16:28:08.825Z","0.5","0.5","","","https://sportsbook.fanduel.com/addToBetslip?marketId=717.188422686&selectionId=7017906"
"SPORTSGAMEODDS","BlkX8Na7kxAsLTGya6if","2026-09-26T01:40:00.000Z","Houston Astros @ Athletics","Houston Astros","Athletics","8","full","FULL_INNING_TOTAL","under","","points-all-8i-ou-under","draftkings","0.5","false","-125","2026-09-25T16:27:56.462Z","0.5","0.5","-106","-125",""
"SPORTSGAMEODDS","BlkX8Na7kxAsLTGya6if","2026-09-26T01:40:00.000Z","Houston Astros @ Athletics","Houston Astros","Athletics","8","full","FULL_INNING_TOTAL","under","","points-all-8i-ou-under","draftkings","1.5","true","-330","2026-09-25T16:27:56.462Z","0.5","0.5","","",""
"SPORTSGAMEODDS","BlkX8Na7kxAsLTGya6if","2026-09-26T01:40:00.000Z","Houston Astros @ Athletics","Houston Astros","Athletics","9","full","FULL_INNING_3WAY","draw","","points-all-9i-ml3way-draw","fanduel","","false","-170","2026-09-25T16:28:08.825Z","","","","","https://sportsbook.fanduel.com/addToBetslip?marketId=717.188422577&selectionId=131604"
"SPORTSGAMEODDS","BlkX8Na7kxAsLTGya6if","2026-09-26T01:40:00.000Z","Houston Astros @ Athletics","Houston Astros","Athletics","9","full","FULL_INNING_3WAY","draw","","points-all-9i-ml3way-draw","draftkings","","false","-190","2026-09-25T16:27:56.462Z","","","","",""
"SPORTSGAMEODDS","BlkX8Na7kxAsLTGya6if","2026-09-26T01:40:00.000Z","Houston Astros @ Athletics","Houston Astros","Athletics","9","full","FULL_INNING_TOTAL","over","","points-all-9i-ou-over","fanduel","0.5","false","122","2026-09-25T16:28:08.825Z","0.5","0.5","135","121","https://sportsbook.fanduel.com/addToBetslip?marketId=717.188422628&selectionId=7017905"
"SPORTSGAMEODDS","BlkX8Na7kxAsLTGya6if","2026-09-26T01:40:00.000Z","Houston Astros @ Athletics","Houston Astros","Athletics","9","full","FULL_INNING_TOTAL","over","","points-all-9i-ou-over","fanduel","1.5","true","290","2026-09-25T16:28:08.825Z","0.5","0.5","","","https://sportsbook.fanduel.com/addToBetslip?marketId=717.188422628&selectionId=7017905"
"SPORTSGAMEODDS","BlkX8Na7kxAsLTGya6if","2026-09-26T01:40:00.000Z","Houston Astros @ Athletics","Houston Astros","Athletics","9","full","FULL_INNING_TOTAL","over","","points-all-9i-ou-over","draftkings","0.5","false","120","2026-09-25T16:27:56.462Z","0.5","0.5","135","121",""
"SPORTSGAMEODDS","BlkX8Na7kxAsLTGya6if","2026-09-26T01:40:00.000Z","Houston Astros @ Athletics","Houston Astros","Athletics","9","full","FULL_INNING_TOTAL","over","","points-all-9i-ou-over","draftkings","1.5","true","290","2026-09-25T16:27:56.462Z","0.5","0.5","","",""
"SPORTSGAMEODDS","BlkX8Na7kxAsLTGya6if","2026-09-26T01:40:00.000Z","Houston Astros @ Athletics","Houston Astros","Athletics","9","full","FULL_INNING_TOTAL","under","","points-all-9i-ou-under","fanduel","0.5","false","-150","2026-09-25T16:28:08.825Z","0.5","0.5","-135","-157","https://sportsbook.fanduel.com/addToBetslip?marketId=717.188422628&selectionId=7017906"
"SPORTSGAMEODDS","BlkX8Na7kxAsLTGya6if","2026-09-26T01:40:00.000Z","Houston Astros @ Athletics","Houston Astros","Athletics","9","full","FULL_INNING_TOTAL","under","","points-all-9i-ou-under","fanduel","1.5","true","-385","2026-09-25T16:28:08.825Z","0.5","0.5","","","https://sportsbook.fanduel.com/addToBetslip?marketId=717.188422628&selectionId=7017906"
"SPORTSGAMEODDS","BlkX8Na7kxAsLTGya6if","2026-09-26T01:40:00.000Z","Houston Astros @ Athletics","Houston Astros","Athletics","9","full","FULL_INNING_TOTAL","under","","points-all-9i-ou-under","draftkings","0.5","false","-165","2026-09-25T16:27:56.462Z","0.5","0.5","-135","-157",""
"SPORTSGAMEODDS","BlkX8Na7kxAsLTGya6if","2026-09-26T01:40:00.000Z","Houston Astros @ Athletics","Houston Astros","Athletics","9","full","FULL_INNING_TOTAL","under","","points-all-9i-ou-under","draftkings","1.5","true","-425","2026-09-25T16:27:56.462Z","0.5","0.5","","",""
"SPORTSGAMEODDS","BlkX8Na7kxAsLTGya6if","2026-09-26T01:40:00.000Z","Houston Astros @ Athletics","Houston Astros","Athletics","2","full","FULL_INNING_3WAY","away","","points-away-2i-ml3way-away","fanduel","","false","290","2026-09-25T16:28:08.825Z","","","","","https://sportsbook.fanduel.com/addToBetslip?marketId=717.188422613&selectionId=29170"
"SPORTSGAMEODDS","BlkX8Na7kxAsLTGya6if","2026-09-26T01:40:00.000Z","Houston Astros @ Athletics","Houston Astros","Athletics","2","full","FULL_INNING_3WAY","away","","points-away-2i-ml3way-away","draftkings","","false","235","2026-09-25T16:27:56.462Z","","","","",""
"SPORTSGAMEODDS","BlkX8Na7kxAsLTGya6if","2026-09-26T01:40:00.000Z","Houston Astros @ Athletics","Houston Astros","Athletics","3","full","FULL_INNING_3WAY","away","","points-away-3i-ml3way-away","fanduel","","false","250","2026-09-25T16:28:08.825Z","","","","","https://sportsbook.fanduel.com/addToBetslip?marketId=717.188422578&selectionId=29170"
"SPORTSGAMEODDS","BlkX8Na7kxAsLTGya6if","2026-09-26T01:40:00.000Z","Houston Astros @ Athletics","Houston Astros","Athletics","3","full","FULL_INNING_3WAY","away","","points-away-3i-ml3way-away","draftkings","","false","250","2026-09-25T16:27:56.462Z","","","","",""
"SPORTSGAMEODDS","BlkX8Na7kxAsLTGya6if","2026-09-26T01:40:00.000Z","Houston Astros @ Athletics","Houston Astros","Athletics","4","full","FULL_INNING_3WAY","away","","points-away-4i-ml3way-away","fanduel","","false","270","2026-09-25T16:28:08.825Z","","","","","https://sportsbook.fanduel.com/addToBetslip?marketId=717.188422558&selectionId=29170"
"SPORTSGAMEODDS","BlkX8Na7kxAsLTGya6if","2026-09-26T01:40:00.000Z","Houston Astros @ Athletics","Houston Astros","Athletics","4","full","FULL_INNING_3WAY","away","","points-away-4i-ml3way-away","draftkings","","false","245","2026-09-25T16:27:56.462Z","","","","",""
"SPORTSGAMEODDS","BlkX8Na7kxAsLTGya6if","2026-09-26T01:40:00.000Z","Houston Astros @ Athletics","Houston Astros","Athletics","5","full","FULL_INNING_3WAY","away","","points-away-5i-ml3way-away","fanduel","","false","260","2026-09-25T16:28:08.825Z","","","","","https://sportsbook.fanduel.com/addToBetslip?marketId=717.188422681&selectionId=29170"
"SPORTSGAMEODDS","BlkX8Na7kxAsLTGya6if","2026-09-26T01:40:00.000Z","Houston Astros @ Athletics","Houston Astros","Athletics","5","full","FULL_INNING_3WAY","away","","points-away-5i-ml3way-away","draftkings","","false","265","2026-09-25T16:27:56.462Z","","","","",""
"SPORTSGAMEODDS","BlkX8Na7kxAsLTGya6if","2026-09-26T01:40:00.000Z","Houston Astros @ Athletics","Houston Astros","Athletics","6","full","FULL_INNING_3WAY","away","","points-away-6i-ml3way-away","fanduel","","false","250","2026-09-25T16:28:08.825Z","","","","","https://sportsbook.fanduel.com/addToBetslip?marketId=717.188422589&selectionId=29170"
"SPORTSGAMEODDS","BlkX8Na7kxAsLTGya6if","2026-09-26T01:40:00.000Z","Houston Astros @ Athletics","Houston Astros","Athletics","6","full","FULL_INNING_3WAY","away","","points-away-6i-ml3way-away","draftkings","","false","230","2026-09-25T16:27:56.462Z","","","","",""
"SPORTSGAMEODDS","BlkX8Na7kxAsLTGya6if","2026-09-26T01:40:00.000Z","Houston Astros @ Athletics","Houston Astros","Athletics","7","full","FULL_INNING_3WAY","away","","points-away-7i-ml3way-away","fanduel","","false","250","2026-09-25T16:28:08.825Z","","","","","https://sportsbook.fanduel.com/addToBetslip?marketId=717.188422641&selectionId=29170"
"SPORTSGAMEODDS","BlkX8Na7kxAsLTGya6if","2026-09-26T01:40:00.000Z","Houston Astros @ Athletics","Houston Astros","Athletics","7","full","FULL_INNING_3WAY","away","","points-away-7i-ml3way-away","draftkings","","false","245","2026-09-25T16:27:56.462Z","","","","",""
"SPORTSGAMEODDS","BlkX8Na7kxAsLTGya6if","2026-09-26T01:40:00.000Z","Houston Astros @ Athletics","Houston Astros","Athletics","8","full","FULL_INNING_3WAY","away","","points-away-8i-ml3way-away","fanduel","","false","250","2026-09-25T16:28:08.825Z","","","","","https://sportsbook.fanduel.com/addToBetslip?marketId=717.188422570&selectionId=29170"
"SPORTSGAMEODDS","BlkX8Na7kxAsLTGya6if","2026-09-26T01:40:00.000Z","Houston Astros @ Athletics","Houston Astros","Athletics","8","full","FULL_INNING_3WAY","away","","points-away-8i-ml3way-away","draftkings","","false","255","2026-09-25T16:27:56.462Z","","","","",""
"SPORTSGAMEODDS","BlkX8Na7kxAsLTGya6if","2026-09-26T01:40:00.000Z","Houston Astros @ Athletics","Houston Astros","Athletics","9","full","FULL_INNING_3WAY","away","","points-away-9i-ml3way-away","fanduel","","false","230","2026-09-25T16:28:08.825Z","","","","","https://sportsbook.fanduel.com/addToBetslip?marketId=717.188422577&selectionId=29170"
"SPORTSGAMEODDS","BlkX8Na7kxAsLTGya6if","2026-09-26T01:40:00.000Z","Houston Astros @ Athletics","Houston Astros","Athletics","9","full","FULL_INNING_3WAY","away","","points-away-9i-ml3way-away","draftkings","","false","250","2026-09-25T16:27:56.462Z","","","","",""
"SPORTSGAMEODDS","BlkX8Na7kxAsLTGya6if","2026-09-26T01:40:00.000Z","Houston Astros @ Athletics","Houston Astros","Athletics","2","full","FULL_INNING_3WAY","home","","points-home-2i-ml3way-home","fanduel","","false","410","2026-09-25T16:28:08.825Z","","","","","https://sportsbook.fanduel.com/addToBetslip?marketId=717.188422613&selectionId=75117758"
"SPORTSGAMEODDS","BlkX8Na7kxAsLTGya6if","2026-09-26T01:40:00.000Z","Houston Astros @ Athletics","Houston Astros","Athletics","2","full","FULL_INNING_3WAY","home","","points-home-2i-ml3way-home","draftkings","","false","370","2026-09-25T16:27:56.462Z","","","","",""
"SPORTSGAMEODDS","BlkX8Na7kxAsLTGya6if","2026-09-26T01:40:00.000Z","Houston Astros @ Athletics","Houston Astros","Athletics","3","full","FULL_INNING_3WAY","home","","points-home-3i-ml3way-home","fanduel","","false","360","2026-09-25T16:28:08.825Z","","","","","https://sportsbook.fanduel.com/addToBetslip?marketId=717.188422578&selectionId=75117758"
"SPORTSGAMEODDS","BlkX8Na7kxAsLTGya6if","2026-09-26T01:40:00.000Z","Houston Astros @ Athletics","Houston Astros","Athletics","3","full","FULL_INNING_3WAY","home","","points-home-3i-ml3way-home","draftkings","","false","360","2026-09-25T16:27:56.462Z","","","","",""
"SPORTSGAMEODDS","BlkX8Na7kxAsLTGya6if","2026-09-26T01:40:00.000Z","Houston Astros @ Athletics","Houston Astros","Athletics","4","full","FULL_INNING_3WAY","home","","points-home-4i-ml3way-home","fanduel","","false","380","2026-09-25T16:28:08.825Z","","","","","https://sportsbook.fanduel.com/addToBetslip?marketId=717.188422558&selectionId=75117758"
"SPORTSGAMEODDS","BlkX8Na7kxAsLTGya6if","2026-09-26T01:40:00.000Z","Houston Astros @ Athletics","Houston Astros","Athletics","4","full","FULL_INNING_3WAY","home","","points-home-4i-ml3way-home","draftkings","","false","350","2026-09-25T16:27:56.462Z","","","","",""
"SPORTSGAMEODDS","BlkX8Na7kxAsLTGya6if","2026-09-26T01:40:00.000Z","Houston Astros @ Athletics","Houston Astros","Athletics","5","full","FULL_INNING_3WAY","home","","points-home-5i-ml3way-home","fanduel","","false","360","2026-09-25T16:28:08.825Z","","","","","https://sportsbook.fanduel.com/addToBetslip?marketId=717.188422681&selectionId=75117758"
"SPORTSGAMEODDS","BlkX8Na7kxAsLTGya6if","2026-09-26T01:40:00.000Z","Houston Astros @ Athletics","Houston Astros","Athletics","5","full","FULL_INNING_3WAY","home","","points-home-5i-ml3way-home","draftkings","","false","350","2026-09-25T16:27:56.462Z","","","","",""
"SPORTSGAMEODDS","BlkX8Na7kxAsLTGya6if","2026-09-26T01:40:00.000Z","Houston Astros @ Athletics","Houston Astros","Athletics","6","full","FULL_INNING_3WAY","home","","points-home-6i-ml3way-home","fanduel","","false","350","2026-09-25T16:28:08.825Z","","","","","https://sportsbook.fanduel.com/addToBetslip?marketId=717.188422589&selectionId=75117758"
"SPORTSGAMEODDS","BlkX8Na7kxAsLTGya6if","2026-09-26T01:40:00.000Z","Houston Astros @ Athletics","Houston Astros","Athletics","6","full","FULL_INNING_3WAY","home","","points-home-6i-ml3way-home","draftkings","","false","360","2026-09-25T16:27:56.462Z","","","","",""
"SPORTSGAMEODDS","BlkX8Na7kxAsLTGya6if","2026-09-26T01:40:00.000Z","Houston Astros @ Athletics","Houston Astros","Athletics","7","full","FULL_INNING_3WAY","home","","points-home-7i-ml3way-home","fanduel","","false","340","2026-09-25T16:28:08.825Z","","","","","https://sportsbook.fanduel.com/addToBetslip?marketId=717.188422641&selectionId=75117758"
"SPORTSGAMEODDS","BlkX8Na7kxAsLTGya6if","2026-09-26T01:40:00.000Z","Houston Astros @ Athletics","Houston Astros","Athletics","7","full","FULL_INNING_3WAY","home","","points-home-7i-ml3way-home","draftkings","","false","360","2026-09-25T16:27:56.462Z","","","","",""
"SPORTSGAMEODDS","BlkX8Na7kxAsLTGya6if","2026-09-26T01:40:00.000Z","Houston Astros @ Athletics","Houston Astros","Athletics","8","full","FULL_INNING_3WAY","home","","points-home-8i-ml3way-home","fanduel","","false","350","2026-09-25T16:28:08.825Z","","","","","https://sportsbook.fanduel.com/addToBetslip?marketId=717.188422570&selectionId=75117758"
"SPORTSGAMEODDS","BlkX8Na7kxAsLTGya6if","2026-09-26T01:40:00.000Z","Houston Astros @ Athletics","Houston Astros","Athletics","8","full","FULL_INNING_3WAY","home","","points-home-8i-ml3way-home","draftkings","","false","350","2026-09-25T16:27:56.462Z","","","","",""
"SPORTSGAMEODDS","BlkX8Na7kxAsLTGya6if","2026-09-26T01:40:00.000Z","Houston Astros @ Athletics","Houston Astros","Athletics","9","full","FULL_INNING_3WAY","home","","points-home-9i-ml3way-home","fanduel","","false","600","2026-09-25T16:28:08.825Z","","","","","https://sportsbook.fanduel.com/addToBetslip?marketId=717.188422577&selectionId=75117758"
"SPORTSGAMEODDS","BlkX8Na7kxAsLTGya6if","2026-09-26T01:40:00.000Z","Houston Astros @ Athletics","Houston Astros","Athletics","9","full","FULL_INNING_3WAY","home","","points-home-9i-ml3way-home","draftkings","","false","550","2026-09-25T16:27:56.462Z","","","","",""
"SPORTSGAMEODDS","COwGPo33WsMlwwBj4lbz","2026-09-26T01:40:00.000Z","Arizona Diamondbacks @ San Diego Padres","Arizona Diamondbacks","San Diego Padres","1","full","FULL_INNING_TOTAL","over","","points-all-1i-ou-over","draftkings","0.5","false","-105","2026-09-25T16:27:56.462Z","0.5","0.5","110","-102",""
"SPORTSGAMEODDS","COwGPo33WsMlwwBj4lbz","2026-09-26T01:40:00.000Z","Arizona Diamondbacks @ San Diego Padres","Arizona Diamondbacks","San Diego Padres","1","full","FULL_INNING_TOTAL","over","","points-all-1i-ou-over","draftkings","1.5","true","255","2026-09-25T16:27:56.462Z","0.5","0.5","","",""
"SPORTSGAMEODDS","COwGPo33WsMlwwBj4lbz","2026-09-26T01:40:00.000Z","Arizona Diamondbacks @ San Diego Padres","Arizona Diamondbacks","San Diego Padres","1","full","FULL_INNING_TOTAL","over","","points-all-1i-ou-over","caesars","0.5","false","101","2026-09-25T16:28:23.915Z","0.5","0.5","110","-102","https://sportsbook.caesars.com/us/nj/bet/betslip?selectionIds=579344bb-4149-3ed8-9b64-8da636da60c3"
"SPORTSGAMEODDS","COwGPo33WsMlwwBj4lbz","2026-09-26T01:40:00.000Z","Arizona Diamondbacks @ San Diego Padres","Arizona Diamondbacks","San Diego Padres","1","full","FULL_INNING_TOTAL","over","","points-all-1i-ou-over","fanduel","0.5","false","-104","2026-09-25T16:28:08.825Z","0.5","0.5","110","-102","https://sportsbook.fanduel.com/addToBetslip?marketId=717.188428344&selectionId=7017905"
"SPORTSGAMEODDS","COwGPo33WsMlwwBj4lbz","2026-09-26T01:40:00.000Z","Arizona Diamondbacks @ San Diego Padres","Arizona Diamondbacks","San Diego Padres","1","full","FULL_INNING_TOTAL","over","","points-all-1i-ou-over","fanduel","1.5","true","270","2026-09-25T16:28:08.825Z","0.5","0.5","","","https://sportsbook.fanduel.com/addToBetslip?marketId=717.188428344&selectionId=7017905"
"SPORTSGAMEODDS","COwGPo33WsMlwwBj4lbz","2026-09-26T01:40:00.000Z","Arizona Diamondbacks @ San Diego Padres","Arizona Diamondbacks","San Diego Padres","1","full","FULL_INNING_TOTAL","over","","points-all-1i-ou-over","betmgm","0.5","false","-105","2026-09-25T16:26:54.415Z","0.5","0.5","110","-102","https://sports.nj.betmgm.com/en/sports?options=19945282-1561273019-2304273444"
"SPORTSGAMEODDS","COwGPo33WsMlwwBj4lbz","2026-09-26T01:40:00.000Z","Arizona Diamondbacks @ San Diego Padres","Arizona Diamondbacks","San Diego Padres","1","full","FULL_INNING_TOTAL","under","","points-all-1i-ou-under","draftkings","0.5","false","-125","2026-09-25T16:27:56.462Z","0.5","0.5","-110","-125",""
"SPORTSGAMEODDS","COwGPo33WsMlwwBj4lbz","2026-09-26T01:40:00.000Z","Arizona Diamondbacks @ San Diego Padres","Arizona Diamondbacks","San Diego Padres","1","full","FULL_INNING_TOTAL","under","","points-all-1i-ou-under","draftkings","1.5","true","-340","2026-09-25T16:27:56.462Z","0.5","0.5","","",""
"SPORTSGAMEODDS","COwGPo33WsMlwwBj4lbz","2026-09-26T01:40:00.000Z","Arizona Diamondbacks @ San Diego Padres","Arizona Diamondbacks","San Diego Padres","1","full","FULL_INNING_TOTAL","under","","points-all-1i-ou-under","caesars","0.5","false","-125","2026-09-25T16:28:23.915Z","0.5","0.5","-110","-125","https://sportsbook.caesars.com/us/nj/bet/betslip?selectionIds=919b6667-12ef-312d-826d-d8660abff4b5"
"SPORTSGAMEODDS","COwGPo33WsMlwwBj4lbz","2026-09-26T01:40:00.000Z","Arizona Diamondbacks @ San Diego Padres","Arizona Diamondbacks","San Diego Padres","1","full","FULL_INNING_TOTAL","under","","points-all-1i-ou-under","fanduel","0.5","false","-122","2026-09-25T16:28:08.825Z","0.5","0.5","-110","-125","https://sportsbook.fanduel.com/addToBetslip?marketId=717.188428344&selectionId=7017906"
"SPORTSGAMEODDS","COwGPo33WsMlwwBj4lbz","2026-09-26T01:40:00.000Z","Arizona Diamondbacks @ San Diego Padres","Arizona Diamondbacks","San Diego Padres","1","full","FULL_INNING_TOTAL","under","","points-all-1i-ou-under","fanduel","1.5","true","-355","2026-09-25T16:28:08.825Z","0.5","0.5","","","https://sportsbook.fanduel.com/addToBetslip?marketId=717.188428344&selectionId=7017906"
"SPORTSGAMEODDS","COwGPo33WsMlwwBj4lbz","2026-09-26T01:40:00.000Z","Arizona Diamondbacks @ San Diego Padres","Arizona Diamondbacks","San Diego Padres","1","full","FULL_INNING_TOTAL","under","","points-all-1i-ou-under","betmgm","0.5","false","-120","2026-09-25T16:26:54.415Z","0.5","0.5","-110","-125","https://sports.nj.betmgm.com/en/sports?options=19945282-1561273019-2304273454"
"SPORTSGAMEODDS","COwGPo33WsMlwwBj4lbz","2026-09-26T01:40:00.000Z","Arizona Diamondbacks @ San Diego Padres","Arizona Diamondbacks","San Diego Padres","1","full","FULL_INNING_3WAY","draw","","points-all-1i-ml3way-draw","draftkings","","false","-145","2026-09-25T16:27:56.462Z","","","","",""
"SPORTSGAMEODDS","COwGPo33WsMlwwBj4lbz","2026-09-26T01:40:00.000Z","Arizona Diamondbacks @ San Diego Padres","Arizona Diamondbacks","San Diego Padres","1","full","FULL_INNING_3WAY","draw","","points-all-1i-ml3way-draw","fanduel","","false","-145","2026-09-25T16:28:08.825Z","","","","","https://sportsbook.fanduel.com/addToBetslip?marketId=717.188428377&selectionId=131604"
"SPORTSGAMEODDS","COwGPo33WsMlwwBj4lbz","2026-09-26T01:40:00.000Z","Arizona Diamondbacks @ San Diego Padres","Arizona Diamondbacks","San Diego Padres","1","full","FULL_INNING_3WAY","draw","","points-all-1i-ml3way-draw","betmgm","","false","-140","2026-09-25T16:26:54.415Z","","","","","https://sports.nj.betmgm.com/en/sports?options=19945282-1561273009-2304273447"
"SPORTSGAMEODDS","COwGPo33WsMlwwBj4lbz","2026-09-26T01:40:00.000Z","Arizona Diamondbacks @ San Diego Padres","Arizona Diamondbacks","San Diego Padres","1","full","FULL_INNING_3WAY","away","","points-away-1i-ml3way-away","draftkings","","false","330","2026-09-25T16:27:56.462Z","","","","",""
"SPORTSGAMEODDS","COwGPo33WsMlwwBj4lbz","2026-09-26T01:40:00.000Z","Arizona Diamondbacks @ San Diego Padres","Arizona Diamondbacks","San Diego Padres","1","full","FULL_INNING_3WAY","away","","points-away-1i-ml3way-away","fanduel","","false","370","2026-09-25T16:28:08.825Z","","","","","https://sportsbook.fanduel.com/addToBetslip?marketId=717.188428377&selectionId=29165"
"SPORTSGAMEODDS","COwGPo33WsMlwwBj4lbz","2026-09-26T01:40:00.000Z","Arizona Diamondbacks @ San Diego Padres","Arizona Diamondbacks","San Diego Padres","1","full","FULL_INNING_3WAY","away","","points-away-1i-ml3way-away","betmgm","","false","320","2026-09-25T16:26:54.415Z","","","","","https://sports.nj.betmgm.com/en/sports?options=19945282-1561273009-2304273437"
"SPORTSGAMEODDS","COwGPo33WsMlwwBj4lbz","2026-09-26T01:40:00.000Z","Arizona Diamondbacks @ San Diego Padres","Arizona Diamondbacks","San Diego Padres","1","full","FULL_INNING_3WAY","home","","points-home-1i-ml3way-home","draftkings","","false","275","2026-09-25T16:27:56.462Z","","","","",""
"SPORTSGAMEODDS","COwGPo33WsMlwwBj4lbz","2026-09-26T01:40:00.000Z","Arizona Diamondbacks @ San Diego Padres","Arizona Diamondbacks","San Diego Padres","1","full","FULL_INNING_3WAY","home","","points-home-1i-ml3way-home","fanduel","","false","270","2026-09-25T16:28:08.825Z","","","","","https://sportsbook.fanduel.com/addToBetslip?marketId=717.188428377&selectionId=29177"
"SPORTSGAMEODDS","COwGPo33WsMlwwBj4lbz","2026-09-26T01:40:00.000Z","Arizona Diamondbacks @ San Diego Padres","Arizona Diamondbacks","San Diego Padres","1","full","FULL_INNING_3WAY","home","","points-home-1i-ml3way-home","betmgm","","false","280","2026-09-25T16:26:54.415Z","","","","","https://sports.nj.betmgm.com/en/sports?options=19945282-1561273009-2304273458"
"SPORTSGAMEODDS","COwGPo33WsMlwwBj4lbz","2026-09-26T01:40:00.000Z","Arizona Diamondbacks @ San Diego Padres","Arizona Diamondbacks","San Diego Padres","2","full","FULL_INNING_3WAY","draw","","points-all-2i-ml3way-draw","fanduel","","false","-160","2026-09-25T16:28:08.825Z","","","","","https://sportsbook.fanduel.com/addToBetslip?marketId=717.188428264&selectionId=131604"
"SPORTSGAMEODDS","COwGPo33WsMlwwBj4lbz","2026-09-26T01:40:00.000Z","Arizona Diamondbacks @ San Diego Padres","Arizona Diamondbacks","San Diego Padres","2","full","FULL_INNING_3WAY","draw","","points-all-2i-ml3way-draw","draftkings","","false","-160","2026-09-25T16:27:56.462Z","","","","",""
"SPORTSGAMEODDS","COwGPo33WsMlwwBj4lbz","2026-09-26T01:40:00.000Z","Arizona Diamondbacks @ San Diego Padres","Arizona Diamondbacks","San Diego Padres","2","full","FULL_INNING_TOTAL","over","","points-all-2i-ou-over","fanduel","0.5","false","114","2026-09-25T16:28:08.825Z","0.5","0.5","120","105","https://sportsbook.fanduel.com/addToBetslip?marketId=717.188428339&selectionId=7017905"
"SPORTSGAMEODDS","COwGPo33WsMlwwBj4lbz","2026-09-26T01:40:00.000Z","Arizona Diamondbacks @ San Diego Padres","Arizona Diamondbacks","San Diego Padres","2","full","FULL_INNING_TOTAL","over","","points-all-2i-ou-over","fanduel","1.5","true","290","2026-09-25T16:28:08.825Z","0.5","0.5","","","https://sportsbook.fanduel.com/addToBetslip?marketId=717.188428339&selectionId=7017905"
"SPORTSGAMEODDS","COwGPo33WsMlwwBj4lbz","2026-09-26T01:40:00.000Z","Arizona Diamondbacks @ San Diego Padres","Arizona Diamondbacks","San Diego Padres","2","full","FULL_INNING_TOTAL","over","","points-all-2i-ou-over","draftkings","0.5","false","105","2026-09-25T16:27:56.462Z","0.5","0.5","120","105",""
"SPORTSGAMEODDS","COwGPo33WsMlwwBj4lbz","2026-09-26T01:40:00.000Z","Arizona Diamondbacks @ San Diego Padres","Arizona Diamondbacks","San Diego Padres","2","full","FULL_INNING_TOTAL","over","","points-all-2i-ou-over","draftkings","1.5","true","275","2026-09-25T16:27:56.462Z","0.5","0.5","","",""
"SPORTSGAMEODDS","COwGPo33WsMlwwBj4lbz","2026-09-26T01:40:00.000Z","Arizona Diamondbacks @ San Diego Padres","Arizona Diamondbacks","San Diego Padres","2","full","FULL_INNING_TOTAL","under","","points-all-2i-ou-under","fanduel","0.5","false","-140","2026-09-25T16:28:08.825Z","0.5","0.5","-120","-140","https://sportsbook.fanduel.com/addToBetslip?marketId=717.188428339&selectionId=7017906"
"SPORTSGAMEODDS","COwGPo33WsMlwwBj4lbz","2026-09-26T01:40:00.000Z","Arizona Diamondbacks @ San Diego Padres","Arizona Diamondbacks","San Diego Padres","2","full","FULL_INNING_TOTAL","under","","points-all-2i-ou-under","fanduel","1.5","true","-385","2026-09-25T16:28:08.825Z","0.5","0.5","","","https://sportsbook.fanduel.com/addToBetslip?marketId=717.188428339&selectionId=7017906"
"SPORTSGAMEODDS","COwGPo33WsMlwwBj4lbz","2026-09-26T01:40:00.000Z","Arizona Diamondbacks @ San Diego Padres","Arizona Diamondbacks","San Diego Padres","2","full","FULL_INNING_TOTAL","under","","points-all-2i-ou-under","draftkings","0.5","false","-140","2026-09-25T16:27:56.462Z","0.5","0.5","-120","-140",""
"SPORTSGAMEODDS","COwGPo33WsMlwwBj4lbz","2026-09-26T01:40:00.000Z","Arizona Diamondbacks @ San Diego Padres","Arizona Diamondbacks","San Diego Padres","2","full","FULL_INNING_TOTAL","under","","points-all-2i-ou-under","draftkings","1.5","true","-390","2026-09-25T16:27:56.462Z","0.5","0.5","","",""
"SPORTSGAMEODDS","COwGPo33WsMlwwBj4lbz","2026-09-26T01:40:00.000Z","Arizona Diamondbacks @ San Diego Padres","Arizona Diamondbacks","San Diego Padres","3","full","FULL_INNING_3WAY","draw","","points-all-3i-ml3way-draw","fanduel","","false","-145","2026-09-25T16:28:08.825Z","","","","","https://sportsbook.fanduel.com/addToBetslip?marketId=717.188428324&selectionId=131604"
"SPORTSGAMEODDS","COwGPo33WsMlwwBj4lbz","2026-09-26T01:40:00.000Z","Arizona Diamondbacks @ San Diego Padres","Arizona Diamondbacks","San Diego Padres","3","full","FULL_INNING_3WAY","draw","","points-all-3i-ml3way-draw","draftkings","","false","-145","2026-09-25T16:27:56.462Z","","","","",""
"SPORTSGAMEODDS","COwGPo33WsMlwwBj4lbz","2026-09-26T01:40:00.000Z","Arizona Diamondbacks @ San Diego Padres","Arizona Diamondbacks","San Diego Padres","3","full","FULL_INNING_TOTAL","over","","points-all-3i-ou-over","fanduel","0.5","false","100","2026-09-25T16:28:08.825Z","0.5","0.5","110","-105","https://sportsbook.fanduel.com/addToBetslip?marketId=717.188428340&selectionId=7017905"
"SPORTSGAMEODDS","COwGPo33WsMlwwBj4lbz","2026-09-26T01:40:00.000Z","Arizona Diamondbacks @ San Diego Padres","Arizona Diamondbacks","San Diego Padres","3","full","FULL_INNING_TOTAL","over","","points-all-3i-ou-over","fanduel","1.5","true","260","2026-09-25T16:28:08.825Z","0.5","0.5","","","https://sportsbook.fanduel.com/addToBetslip?marketId=717.188428340&selectionId=7017905"
"SPORTSGAMEODDS","COwGPo33WsMlwwBj4lbz","2026-09-26T01:40:00.000Z","Arizona Diamondbacks @ San Diego Padres","Arizona Diamondbacks","San Diego Padres","3","full","FULL_INNING_TOTAL","over","","points-all-3i-ou-over","draftkings","0.5","false","-105","2026-09-25T16:27:56.462Z","0.5","0.5","110","-105",""
"SPORTSGAMEODDS","COwGPo33WsMlwwBj4lbz","2026-09-26T01:40:00.000Z","Arizona Diamondbacks @ San Diego Padres","Arizona Diamondbacks","San Diego Padres","3","full","FULL_INNING_TOTAL","over","","points-all-3i-ou-over","draftkings","1.5","true","245","2026-09-25T16:27:56.462Z","0.5","0.5","","",""
"SPORTSGAMEODDS","COwGPo33WsMlwwBj4lbz","2026-09-26T01:40:00.000Z","Arizona Diamondbacks @ San Diego Padres","Arizona Diamondbacks","San Diego Padres","3","full","FULL_INNING_TOTAL","under","","points-all-3i-ou-under","fanduel","0.5","false","-122","2026-09-25T16:28:08.825Z","0.5","0.5","-110","-130","https://sportsbook.fanduel.com/addToBetslip?marketId=717.188428340&selectionId=7017906"
"SPORTSGAMEODDS","COwGPo33WsMlwwBj4lbz","2026-09-26T01:40:00.000Z","Arizona Diamondbacks @ San Diego Padres","Arizona Diamondbacks","San Diego Padres","3","full","FULL_INNING_TOTAL","under","","points-all-3i-ou-under","fanduel","1.5","true","-340","2026-09-25T16:28:08.825Z","0.5","0.5","","","https://sportsbook.fanduel.com/addToBetslip?marketId=717.188428340&selectionId=7017906"
"SPORTSGAMEODDS","COwGPo33WsMlwwBj4lbz","2026-09-26T01:40:00.000Z","Arizona Diamondbacks @ San Diego Padres","Arizona Diamondbacks","San Diego Padres","3","full","FULL_INNING_TOTAL","under","","points-all-3i-ou-under","draftkings","0.5","false","-130","2026-09-25T16:27:56.462Z","0.5","0.5","-110","-130",""
"SPORTSGAMEODDS","COwGPo33WsMlwwBj4lbz","2026-09-26T01:40:00.000Z","Arizona Diamondbacks @ San Diego Padres","Arizona Diamondbacks","San Diego Padres","3","full","FULL_INNING_TOTAL","under","","points-all-3i-ou-under","draftkings","1.5","true","-350","2026-09-25T16:27:56.462Z","0.5","0.5","","",""
"SPORTSGAMEODDS","COwGPo33WsMlwwBj4lbz","2026-09-26T01:40:00.000Z","Arizona Diamondbacks @ San Diego Padres","Arizona Diamondbacks","San Diego Padres","4","full","FULL_INNING_3WAY","draw","","points-all-4i-ml3way-draw","fanduel","","false","-145","2026-09-25T16:28:08.825Z","","","","","https://sportsbook.fanduel.com/addToBetslip?marketId=717.188428417&selectionId=131604"
"SPORTSGAMEODDS","COwGPo33WsMlwwBj4lbz","2026-09-26T01:40:00.000Z","Arizona Diamondbacks @ San Diego Padres","Arizona Diamondbacks","San Diego Padres","4","full","FULL_INNING_3WAY","draw","","points-all-4i-ml3way-draw","draftkings","","false","-150","2026-09-25T16:27:56.462Z","","","","",""
"SPORTSGAMEODDS","COwGPo33WsMlwwBj4lbz","2026-09-26T01:40:00.000Z","Arizona Diamondbacks @ San Diego Padres","Arizona Diamondbacks","San Diego Padres","4","full","FULL_INNING_TOTAL","over","","points-all-4i-ou-over","fanduel","0.5","false","100","2026-09-25T16:28:08.825Z","0.5","0.5","113","100","https://sportsbook.fanduel.com/addToBetslip?marketId=717.188428366&selectionId=7017905"
"SPORTSGAMEODDS","COwGPo33WsMlwwBj4lbz","2026-09-26T01:40:00.000Z","Arizona Diamondbacks @ San Diego Padres","Arizona Diamondbacks","San Diego Padres","4","full","FULL_INNING_TOTAL","over","","points-all-4i-ou-over","fanduel","1.5","true","265","2026-09-25T16:28:08.825Z","0.5","0.5","","","https://sportsbook.fanduel.com/addToBetslip?marketId=717.188428366&selectionId=7017905"
"SPORTSGAMEODDS","COwGPo33WsMlwwBj4lbz","2026-09-26T01:40:00.000Z","Arizona Diamondbacks @ San Diego Padres","Arizona Diamondbacks","San Diego Padres","4","full","FULL_INNING_TOTAL","over","","points-all-4i-ou-over","draftkings","0.5","false","100","2026-09-25T16:27:56.462Z","0.5","0.5","113","100",""
"SPORTSGAMEODDS","COwGPo33WsMlwwBj4lbz","2026-09-26T01:40:00.000Z","Arizona Diamondbacks @ San Diego Padres","Arizona Diamondbacks","San Diego Padres","4","full","FULL_INNING_TOTAL","over","","points-all-4i-ou-over","draftkings","1.5","true","250","2026-09-25T16:27:56.462Z","0.5","0.5","","",""
"SPORTSGAMEODDS","COwGPo33WsMlwwBj4lbz","2026-09-26T01:40:00.000Z","Arizona Diamondbacks @ San Diego Padres","Arizona Diamondbacks","San Diego Padres","4","full","FULL_INNING_TOTAL","under","","points-all-4i-ou-under","fanduel","0.5","false","-122","2026-09-25T16:28:08.825Z","0.5","0.5","-113","-130","https://sportsbook.fanduel.com/addToBetslip?marketId=717.188428366&selectionId=7017906"
"SPORTSGAMEODDS","COwGPo33WsMlwwBj4lbz","2026-09-26T01:40:00.000Z","Arizona Diamondbacks @ San Diego Padres","Arizona Diamondbacks","San Diego Padres","4","full","FULL_INNING_TOTAL","under","","points-all-4i-ou-under","fanduel","1.5","true","-350","2026-09-25T16:28:08.825Z","0.5","0.5","","","https://sportsbook.fanduel.com/addToBetslip?marketId=717.188428366&selectionId=7017906"
"SPORTSGAMEODDS","COwGPo33WsMlwwBj4lbz","2026-09-26T01:40:00.000Z","Arizona Diamondbacks @ San Diego Padres","Arizona Diamondbacks","San Diego Padres","4","full","FULL_INNING_TOTAL","under","","points-all-4i-ou-under","draftkings","0.5","false","-130","2026-09-25T16:27:56.462Z","0.5","0.5","-113","-130",""
"SPORTSGAMEODDS","COwGPo33WsMlwwBj4lbz","2026-09-26T01:40:00.000Z","Arizona Diamondbacks @ San Diego Padres","Arizona Diamondbacks","San Diego Padres","4","full","FULL_INNING_TOTAL","under","","points-all-4i-ou-under","draftkings","1.5","true","-350","2026-09-25T16:27:56.462Z","0.5","0.5","","",""
"SPORTSGAMEODDS","COwGPo33WsMlwwBj4lbz","2026-09-26T01:40:00.000Z","Arizona Diamondbacks @ San Diego Padres","Arizona Diamondbacks","San Diego Padres","5","full","FULL_INNING_3WAY","draw","","points-all-5i-ml3way-draw","fanduel","","false","-145","2026-09-25T16:28:08.825Z","","","","","https://sportsbook.fanduel.com/addToBetslip?marketId=717.188428274&selectionId=131604"
"SPORTSGAMEODDS","COwGPo33WsMlwwBj4lbz","2026-09-26T01:40:00.000Z","Arizona Diamondbacks @ San Diego Padres","Arizona Diamondbacks","San Diego Padres","5","full","FULL_INNING_3WAY","draw","","points-all-5i-ml3way-draw","draftkings","","false","-140","2026-09-25T16:27:56.462Z","","","","",""
"SPORTSGAMEODDS","COwGPo33WsMlwwBj4lbz","2026-09-26T01:40:00.000Z","Arizona Diamondbacks @ San Diego Padres","Arizona Diamondbacks","San Diego Padres","5","full","FULL_INNING_TOTAL","over","","points-all-5i-ou-over","fanduel","0.5","false","100","2026-09-25T16:28:08.825Z","0.5","0.5","105","-110","https://sportsbook.fanduel.com/addToBetslip?marketId=717.188428330&selectionId=7017905"
"SPORTSGAMEODDS","COwGPo33WsMlwwBj4lbz","2026-09-26T01:40:00.000Z","Arizona Diamondbacks @ San Diego Padres","Arizona Diamondbacks","San Diego Padres","5","full","FULL_INNING_TOTAL","over","","points-all-5i-ou-over","fanduel","1.5","true","260","2026-09-25T16:28:08.825Z","0.5","0.5","","","https://sportsbook.fanduel.com/addToBetslip?marketId=717.188428330&selectionId=7017905"
"SPORTSGAMEODDS","COwGPo33WsMlwwBj4lbz","2026-09-26T01:40:00.000Z","Arizona Diamondbacks @ San Diego Padres","Arizona Diamondbacks","San Diego Padres","5","full","FULL_INNING_TOTAL","over","","points-all-5i-ou-over","draftkings","0.5","false","-110","2026-09-25T16:27:56.462Z","0.5","0.5","105","-110",""
"SPORTSGAMEODDS","COwGPo33WsMlwwBj4lbz","2026-09-26T01:40:00.000Z","Arizona Diamondbacks @ San Diego Padres","Arizona Diamondbacks","San Diego Padres","5","full","FULL_INNING_TOTAL","over","","points-all-5i-ou-over","draftkings","1.5","true","225","2026-09-25T16:27:56.462Z","0.5","0.5","","",""
"SPORTSGAMEODDS","COwGPo33WsMlwwBj4lbz","2026-09-26T01:40:00.000Z","Arizona Diamondbacks @ San Diego Padres","Arizona Diamondbacks","San Diego Padres","5","full","FULL_INNING_TOTAL","under","","points-all-5i-ou-under","fanduel","0.5","false","-122","2026-09-25T16:28:08.825Z","0.5","0.5","-105","-122","https://sportsbook.fanduel.com/addToBetslip?marketId=717.188428330&selectionId=7017906"
"SPORTSGAMEODDS","COwGPo33WsMlwwBj4lbz","2026-09-26T01:40:00.000Z","Arizona Diamondbacks @ San Diego Padres","Arizona Diamondbacks","San Diego Padres","5","full","FULL_INNING_TOTAL","under","","points-all-5i-ou-under","fanduel","1.5","true","-340","2026-09-25T16:28:08.825Z","0.5","0.5","","","https://sportsbook.fanduel.com/addToBetslip?marketId=717.188428330&selectionId=7017906"
"SPORTSGAMEODDS","COwGPo33WsMlwwBj4lbz","2026-09-26T01:40:00.000Z","Arizona Diamondbacks @ San Diego Padres","Arizona Diamondbacks","San Diego Padres","5","full","FULL_INNING_TOTAL","under","","points-all-5i-ou-under","draftkings","0.5","false","-120","2026-09-25T16:27:56.462Z","0.5","0.5","-105","-122",""
"SPORTSGAMEODDS","COwGPo33WsMlwwBj4lbz","2026-09-26T01:40:00.000Z","Arizona Diamondbacks @ San Diego Padres","Arizona Diamondbacks","San Diego Padres","5","full","FULL_INNING_TOTAL","under","","points-all-5i-ou-under","draftkings","1.5","true","-310","2026-09-25T16:27:56.462Z","0.5","0.5","","",""
"SPORTSGAMEODDS","COwGPo33WsMlwwBj4lbz","2026-09-26T01:40:00.000Z","Arizona Diamondbacks @ San Diego Padres","Arizona Diamondbacks","San Diego Padres","6","full","FULL_INNING_3WAY","draw","","points-all-6i-ml3way-draw","fanduel","","false","-160","2026-09-25T16:28:08.825Z","","","","","https://sportsbook.fanduel.com/addToBetslip?marketId=717.188428347&selectionId=131604"
"SPORTSGAMEODDS","COwGPo33WsMlwwBj4lbz","2026-09-26T01:40:00.000Z","Arizona Diamondbacks @ San Diego Padres","Arizona Diamondbacks","San Diego Padres","6","full","FULL_INNING_3WAY","draw","","points-all-6i-ml3way-draw","draftkings","","false","-210","2026-09-25T16:27:56.462Z","","","","",""
"SPORTSGAMEODDS","COwGPo33WsMlwwBj4lbz","2026-09-26T01:40:00.000Z","Arizona Diamondbacks @ San Diego Padres","Arizona Diamondbacks","San Diego Padres","6","full","FULL_INNING_TOTAL","over","","points-all-6i-ou-over","fanduel","0.5","false","114","2026-09-25T16:28:08.825Z","0.5","0.5","114","-105","https://sportsbook.fanduel.com/addToBetslip?marketId=717.188428328&selectionId=7017905"
"SPORTSGAMEODDS","COwGPo33WsMlwwBj4lbz","2026-09-26T01:40:00.000Z","Arizona Diamondbacks @ San Diego Padres","Arizona Diamondbacks","San Diego Padres","6","full","FULL_INNING_TOTAL","over","","points-all-6i-ou-over","fanduel","1.5","true","300","2026-09-25T16:28:08.825Z","0.5","0.5","","","https://sportsbook.fanduel.com/addToBetslip?marketId=717.188428328&selectionId=7017905"
"SPORTSGAMEODDS","COwGPo33WsMlwwBj4lbz","2026-09-26T01:40:00.000Z","Arizona Diamondbacks @ San Diego Padres","Arizona Diamondbacks","San Diego Padres","6","full","FULL_INNING_TOTAL","over","","points-all-6i-ou-over","draftkings","0.5","false","-110","2026-09-25T16:27:56.462Z","0.5","0.5","114","-105",""
"SPORTSGAMEODDS","COwGPo33WsMlwwBj4lbz","2026-09-26T01:40:00.000Z","Arizona Diamondbacks @ San Diego Padres","Arizona Diamondbacks","San Diego Padres","6","full","FULL_INNING_TOTAL","over","","points-all-6i-ou-over","draftkings","1.5","true","270","2026-09-25T16:27:56.462Z","0.5","0.5","","",""
"SPORTSGAMEODDS","COwGPo33WsMlwwBj4lbz","2026-09-26T01:40:00.000Z","Arizona Diamondbacks @ San Diego Padres","Arizona Diamondbacks","San Diego Padres","6","full","FULL_INNING_TOTAL","under","","points-all-6i-ou-under","fanduel","0.5","false","-140","2026-09-25T16:28:08.825Z","0.5","0.5","-114","-140","https://sportsbook.fanduel.com/addToBetslip?marketId=717.188428328&selectionId=7017906"
"SPORTSGAMEODDS","COwGPo33WsMlwwBj4lbz","2026-09-26T01:40:00.000Z","Arizona Diamondbacks @ San Diego Padres","Arizona Diamondbacks","San Diego Padres","6","full","FULL_INNING_TOTAL","under","","points-all-6i-ou-under","fanduel","1.5","true","-400","2026-09-25T16:28:08.825Z","0.5","0.5","","","https://sportsbook.fanduel.com/addToBetslip?marketId=717.188428328&selectionId=7017906"
"SPORTSGAMEODDS","COwGPo33WsMlwwBj4lbz","2026-09-26T01:40:00.000Z","Arizona Diamondbacks @ San Diego Padres","Arizona Diamondbacks","San Diego Padres","6","full","FULL_INNING_TOTAL","under","","points-all-6i-ou-under","draftkings","0.5","false","-135","2026-09-25T16:27:56.462Z","0.5","0.5","-114","-140",""
"SPORTSGAMEODDS","COwGPo33WsMlwwBj4lbz","2026-09-26T01:40:00.000Z","Arizona Diamondbacks @ San Diego Padres","Arizona Diamondbacks","San Diego Padres","6","full","FULL_INNING_TOTAL","under","","points-all-6i-ou-under","draftkings","1.5","true","-400","2026-09-25T16:27:56.462Z","0.5","0.5","","",""
"SPORTSGAMEODDS","COwGPo33WsMlwwBj4lbz","2026-09-26T01:40:00.000Z","Arizona Diamondbacks @ San Diego Padres","Arizona Diamondbacks","San Diego Padres","7","full","FULL_INNING_3WAY","draw","","points-all-7i-ml3way-draw","fanduel","","false","-185","2026-09-25T16:28:08.825Z","","","","","https://sportsbook.fanduel.com/addToBetslip?marketId=717.188428376&selectionId=131604"
"SPORTSGAMEODDS","COwGPo33WsMlwwBj4lbz","2026-09-26T01:40:00.000Z","Arizona Diamondbacks @ San Diego Padres","Arizona Diamondbacks","San Diego Padres","7","full","FULL_INNING_3WAY","draw","","points-all-7i-ml3way-draw","draftkings","","false","-185","2026-09-25T16:27:56.462Z","","","","",""
"SPORTSGAMEODDS","COwGPo33WsMlwwBj4lbz","2026-09-26T01:40:00.000Z","Arizona Diamondbacks @ San Diego Padres","Arizona Diamondbacks","San Diego Padres","7","full","FULL_INNING_TOTAL","over","","points-all-7i-ou-over","fanduel","0.5","false","130","2026-09-25T16:28:08.825Z","0.5","0.5","135","120","https://sportsbook.fanduel.com/addToBetslip?marketId=717.188428338&selectionId=7017905"
"SPORTSGAMEODDS","COwGPo33WsMlwwBj4lbz","2026-09-26T01:40:00.000Z","Arizona Diamondbacks @ San Diego Padres","Arizona Diamondbacks","San Diego Padres","7","full","FULL_INNING_TOTAL","over","","points-all-7i-ou-over","fanduel","1.5","true","350","2026-09-25T16:28:08.825Z","0.5","0.5","","","https://sportsbook.fanduel.com/addToBetslip?marketId=717.188428338&selectionId=7017905"
"SPORTSGAMEODDS","COwGPo33WsMlwwBj4lbz","2026-09-26T01:40:00.000Z","Arizona Diamondbacks @ San Diego Padres","Arizona Diamondbacks","San Diego Padres","7","full","FULL_INNING_TOTAL","over","","points-all-7i-ou-over","draftkings","0.5","false","120","2026-09-25T16:27:56.462Z","0.5","0.5","135","120",""
"SPORTSGAMEODDS","COwGPo33WsMlwwBj4lbz","2026-09-26T01:40:00.000Z","Arizona Diamondbacks @ San Diego Padres","Arizona Diamondbacks","San Diego Padres","7","full","FULL_INNING_TOTAL","over","","points-all-7i-ou-over","draftkings","1.5","true","300","2026-09-25T16:27:56.462Z","0.5","0.5","","",""
"SPORTSGAMEODDS","COwGPo33WsMlwwBj4lbz","2026-09-26T01:40:00.000Z","Arizona Diamondbacks @ San Diego Padres","Arizona Diamondbacks","San Diego Padres","7","full","FULL_INNING_TOTAL","under","","points-all-7i-ou-under","fanduel","0.5","false","-160","2026-09-25T16:28:08.825Z","0.5","0.5","-135","-160","https://sportsbook.fanduel.com/addToBetslip?marketId=717.188428338&selectionId=7017906"
"SPORTSGAMEODDS","COwGPo33WsMlwwBj4lbz","2026-09-26T01:40:00.000Z","Arizona Diamondbacks @ San Diego Padres","Arizona Diamondbacks","San Diego Padres","7","full","FULL_INNING_TOTAL","under","","points-all-7i-ou-under","fanduel","1.5","true","-480","2026-09-25T16:28:08.825Z","0.5","0.5","","","https://sportsbook.fanduel.com/addToBetslip?marketId=717.188428338&selectionId=7017906"
"SPORTSGAMEODDS","COwGPo33WsMlwwBj4lbz","2026-09-26T01:40:00.000Z","Arizona Diamondbacks @ San Diego Padres","Arizona Diamondbacks","San Diego Padres","7","full","FULL_INNING_TOTAL","under","","points-all-7i-ou-under","draftkings","0.5","false","-160","2026-09-25T16:27:56.462Z","0.5","0.5","-135","-160",""
"SPORTSGAMEODDS","COwGPo33WsMlwwBj4lbz","2026-09-26T01:40:00.000Z","Arizona Diamondbacks @ San Diego Padres","Arizona Diamondbacks","San Diego Padres","7","full","FULL_INNING_TOTAL","under","","points-all-7i-ou-under","draftkings","1.5","true","-425","2026-09-25T16:27:56.462Z","0.5","0.5","","",""
"SPORTSGAMEODDS","COwGPo33WsMlwwBj4lbz","2026-09-26T01:40:00.000Z","Arizona Diamondbacks @ San Diego Padres","Arizona Diamondbacks","San Diego Padres","8","full","FULL_INNING_3WAY","draw","","points-all-8i-ml3way-draw","fanduel","","false","-210","2026-09-25T16:28:08.825Z","","","","","https://sportsbook.fanduel.com/addToBetslip?marketId=717.188428349&selectionId=131604"
"SPORTSGAMEODDS","COwGPo33WsMlwwBj4lbz","2026-09-26T01:40:00.000Z","Arizona Diamondbacks @ San Diego Padres","Arizona Diamondbacks","San Diego Padres","8","full","FULL_INNING_3WAY","draw","","points-all-8i-ml3way-draw","draftkings","","false","-170","2026-09-25T16:27:56.462Z","","","","",""
"SPORTSGAMEODDS","COwGPo33WsMlwwBj4lbz","2026-09-26T01:40:00.000Z","Arizona Diamondbacks @ San Diego Padres","Arizona Diamondbacks","San Diego Padres","8","full","FULL_INNING_TOTAL","over","","points-all-8i-ou-over","fanduel","0.5","false","142","2026-09-25T16:28:08.825Z","0.5","0.5","137","115","https://sportsbook.fanduel.com/addToBetslip?marketId=717.188428318&selectionId=7017905"
"SPORTSGAMEODDS","COwGPo33WsMlwwBj4lbz","2026-09-26T01:40:00.000Z","Arizona Diamondbacks @ San Diego Padres","Arizona Diamondbacks","San Diego Padres","8","full","FULL_INNING_TOTAL","over","","points-all-8i-ou-over","fanduel","1.5","true","390","2026-09-25T16:28:08.825Z","0.5","0.5","","","https://sportsbook.fanduel.com/addToBetslip?marketId=717.188428318&selectionId=7017905"
"SPORTSGAMEODDS","COwGPo33WsMlwwBj4lbz","2026-09-26T01:40:00.000Z","Arizona Diamondbacks @ San Diego Padres","Arizona Diamondbacks","San Diego Padres","8","full","FULL_INNING_TOTAL","over","","points-all-8i-ou-over","draftkings","0.5","false","110","2026-09-25T16:27:56.462Z","0.5","0.5","137","115",""
"SPORTSGAMEODDS","COwGPo33WsMlwwBj4lbz","2026-09-26T01:40:00.000Z","Arizona Diamondbacks @ San Diego Padres","Arizona Diamondbacks","San Diego Padres","8","full","FULL_INNING_TOTAL","over","","points-all-8i-ou-over","draftkings","1.5","true","280","2026-09-25T16:27:56.462Z","0.5","0.5","","",""
"SPORTSGAMEODDS","COwGPo33WsMlwwBj4lbz","2026-09-26T01:40:00.000Z","Arizona Diamondbacks @ San Diego Padres","Arizona Diamondbacks","San Diego Padres","8","full","FULL_INNING_TOTAL","under","","points-all-8i-ou-under","fanduel","0.5","false","-176","2026-09-25T16:28:08.825Z","0.5","0.5","-137","-176","https://sportsbook.fanduel.com/addToBetslip?marketId=717.188428318&selectionId=7017906"
"SPORTSGAMEODDS","COwGPo33WsMlwwBj4lbz","2026-09-26T01:40:00.000Z","Arizona Diamondbacks @ San Diego Padres","Arizona Diamondbacks","San Diego Padres","8","full","FULL_INNING_TOTAL","under","","points-all-8i-ou-under","fanduel","1.5","true","-550","2026-09-25T16:28:08.825Z","0.5","0.5","","","https://sportsbook.fanduel.com/addToBetslip?marketId=717.188428318&selectionId=7017906"
"SPORTSGAMEODDS","COwGPo33WsMlwwBj4lbz","2026-09-26T01:40:00.000Z","Arizona Diamondbacks @ San Diego Padres","Arizona Diamondbacks","San Diego Padres","8","full","FULL_INNING_TOTAL","under","","points-all-8i-ou-under","draftkings","0.5","false","-150","2026-09-25T16:27:56.462Z","0.5","0.5","-137","-176",""
"SPORTSGAMEODDS","COwGPo33WsMlwwBj4lbz","2026-09-26T01:40:00.000Z","Arizona Diamondbacks @ San Diego Padres","Arizona Diamondbacks","San Diego Padres","8","full","FULL_INNING_TOTAL","under","","points-all-8i-ou-under","draftkings","1.5","true","-390","2026-09-25T16:27:56.462Z","0.5","0.5","","",""
"SPORTSGAMEODDS","COwGPo33WsMlwwBj4lbz","2026-09-26T01:40:00.000Z","Arizona Diamondbacks @ San Diego Padres","Arizona Diamondbacks","San Diego Padres","9","full","FULL_INNING_3WAY","draw","","points-all-9i-ml3way-draw","fanduel","","false","-300","2026-09-25T16:28:08.825Z","","","","","https://sportsbook.fanduel.com/addToBetslip?marketId=717.188428380&selectionId=131604"
"SPORTSGAMEODDS","COwGPo33WsMlwwBj4lbz","2026-09-26T01:40:00.000Z","Arizona Diamondbacks @ San Diego Padres","Arizona Diamondbacks","San Diego Padres","9","full","FULL_INNING_3WAY","draw","","points-all-9i-ml3way-draw","draftkings","","false","-270","2026-09-25T16:27:56.462Z","","","","",""
"SPORTSGAMEODDS","COwGPo33WsMlwwBj4lbz","2026-09-26T01:40:00.000Z","Arizona Diamondbacks @ San Diego Padres","Arizona Diamondbacks","San Diego Padres","9","full","FULL_INNING_TOTAL","over","","points-all-9i-ou-over","fanduel","1.5","false","520","2026-09-25T16:28:08.825Z","","1.5","","469","https://sportsbook.fanduel.com/addToBetslip?marketId=717.188428326&selectionId=7017905"
"SPORTSGAMEODDS","COwGPo33WsMlwwBj4lbz","2026-09-26T01:40:00.000Z","Arizona Diamondbacks @ San Diego Padres","Arizona Diamondbacks","San Diego Padres","9","full","FULL_INNING_TOTAL","over","","points-all-9i-ou-over","draftkings","1.5","false","425","2026-09-25T16:27:56.462Z","","1.5","","469",""
"SPORTSGAMEODDS","COwGPo33WsMlwwBj4lbz","2026-09-26T01:40:00.000Z","Arizona Diamondbacks @ San Diego Padres","Arizona Diamondbacks","San Diego Padres","9","full","FULL_INNING_TOTAL","over","","points-all-9i-ou-over","draftkings","0.5","true","170","2026-09-25T16:27:56.462Z","","1.5","","",""
"SPORTSGAMEODDS","COwGPo33WsMlwwBj4lbz","2026-09-26T01:40:00.000Z","Arizona Diamondbacks @ San Diego Padres","Arizona Diamondbacks","San Diego Padres","9","full","FULL_INNING_TOTAL","under","","points-all-9i-ou-under","fanduel","1.5","false","-800","2026-09-25T16:28:08.825Z","","1.5","","-718","https://sportsbook.fanduel.com/addToBetslip?marketId=717.188428326&selectionId=7017906"
"SPORTSGAMEODDS","COwGPo33WsMlwwBj4lbz","2026-09-26T01:40:00.000Z","Arizona Diamondbacks @ San Diego Padres","Arizona Diamondbacks","San Diego Padres","9","full","FULL_INNING_TOTAL","under","","points-all-9i-ou-under","draftkings","1.5","false","-650","2026-09-25T16:27:56.462Z","","1.5","","-718",""
"SPORTSGAMEODDS","COwGPo33WsMlwwBj4lbz","2026-09-26T01:40:00.000Z","Arizona Diamondbacks @ San Diego Padres","Arizona Diamondbacks","San Diego Padres","9","full","FULL_INNING_TOTAL","under","","points-all-9i-ou-under","draftkings","0.5","true","-235","2026-09-25T16:27:56.462Z","","1.5","","",""
"SPORTSGAMEODDS","COwGPo33WsMlwwBj4lbz","2026-09-26T01:40:00.000Z","Arizona Diamondbacks @ San Diego Padres","Arizona Diamondbacks","San Diego Padres","2","full","FULL_INNING_3WAY","away","","points-away-2i-ml3way-away","fanduel","","false","360","2026-09-25T16:28:08.825Z","","","","","https://sportsbook.fanduel.com/addToBetslip?marketId=717.188428264&selectionId=29165"
"SPORTSGAMEODDS","COwGPo33WsMlwwBj4lbz","2026-09-26T01:40:00.000Z","Arizona Diamondbacks @ San Diego Padres","Arizona Diamondbacks","San Diego Padres","2","full","FULL_INNING_3WAY","away","","points-away-2i-ml3way-away","draftkings","","false","330","2026-09-25T16:27:56.462Z","","","","",""
"SPORTSGAMEODDS","COwGPo33WsMlwwBj4lbz","2026-09-26T01:40:00.000Z","Arizona Diamondbacks @ San Diego Padres","Arizona Diamondbacks","San Diego Padres","3","full","FULL_INNING_3WAY","away","","points-away-3i-ml3way-away","fanduel","","false","350","2026-09-25T16:28:08.825Z","","","","","https://sportsbook.fanduel.com/addToBetslip?marketId=717.188428324&selectionId=29165"
"SPORTSGAMEODDS","COwGPo33WsMlwwBj4lbz","2026-09-26T01:40:00.000Z","Arizona Diamondbacks @ San Diego Padres","Arizona Diamondbacks","San Diego Padres","3","full","FULL_INNING_3WAY","away","","points-away-3i-ml3way-away","draftkings","","false","320","2026-09-25T16:27:56.462Z","","","","",""
"SPORTSGAMEODDS","COwGPo33WsMlwwBj4lbz","2026-09-26T01:40:00.000Z","Arizona Diamondbacks @ San Diego Padres","Arizona Diamondbacks","San Diego Padres","4","full","FULL_INNING_3WAY","away","","points-away-4i-ml3way-away","fanduel","","false","350","2026-09-25T16:28:08.825Z","","","","","https://sportsbook.fanduel.com/addToBetslip?marketId=717.188428417&selectionId=29165"
"SPORTSGAMEODDS","COwGPo33WsMlwwBj4lbz","2026-09-26T01:40:00.000Z","Arizona Diamondbacks @ San Diego Padres","Arizona Diamondbacks","San Diego Padres","4","full","FULL_INNING_3WAY","away","","points-away-4i-ml3way-away","draftkings","","false","340","2026-09-25T16:27:56.462Z","","","","",""
"SPORTSGAMEODDS","COwGPo33WsMlwwBj4lbz","2026-09-26T01:40:00.000Z","Arizona Diamondbacks @ San Diego Padres","Arizona Diamondbacks","San Diego Padres","5","full","FULL_INNING_3WAY","away","","points-away-5i-ml3way-away","fanduel","","false","320","2026-09-25T16:28:08.825Z","","","","","https://sportsbook.fanduel.com/addToBetslip?marketId=717.188428274&selectionId=29165"
"SPORTSGAMEODDS","COwGPo33WsMlwwBj4lbz","2026-09-26T01:40:00.000Z","Arizona Diamondbacks @ San Diego Padres","Arizona Diamondbacks","San Diego Padres","5","full","FULL_INNING_3WAY","away","","points-away-5i-ml3way-away","draftkings","","false","330","2026-09-25T16:27:56.462Z","","","","",""
"SPORTSGAMEODDS","COwGPo33WsMlwwBj4lbz","2026-09-26T01:40:00.000Z","Arizona Diamondbacks @ San Diego Padres","Arizona Diamondbacks","San Diego Padres","6","full","FULL_INNING_3WAY","away","","points-away-6i-ml3way-away","fanduel","","false","370","2026-09-25T16:28:08.825Z","","","","","https://sportsbook.fanduel.com/addToBetslip?marketId=717.188428347&selectionId=29165"
"SPORTSGAMEODDS","COwGPo33WsMlwwBj4lbz","2026-09-26T01:40:00.000Z","Arizona Diamondbacks @ San Diego Padres","Arizona Diamondbacks","San Diego Padres","6","full","FULL_INNING_3WAY","away","","points-away-6i-ml3way-away","draftkings","","false","390","2026-09-25T16:27:56.462Z","","","","",""
"SPORTSGAMEODDS","COwGPo33WsMlwwBj4lbz","2026-09-26T01:40:00.000Z","Arizona Diamondbacks @ San Diego Padres","Arizona Diamondbacks","San Diego Padres","7","full","FULL_INNING_3WAY","away","","points-away-7i-ml3way-away","fanduel","","false","380","2026-09-25T16:28:08.825Z","","","","","https://sportsbook.fanduel.com/addToBetslip?marketId=717.188428376&selectionId=29165"
"SPORTSGAMEODDS","COwGPo33WsMlwwBj4lbz","2026-09-26T01:40:00.000Z","Arizona Diamondbacks @ San Diego Padres","Arizona Diamondbacks","San Diego Padres","7","full","FULL_INNING_3WAY","away","","points-away-7i-ml3way-away","draftkings","","false","390","2026-09-25T16:27:56.462Z","","","","",""
"SPORTSGAMEODDS","COwGPo33WsMlwwBj4lbz","2026-09-26T01:40:00.000Z","Arizona Diamondbacks @ San Diego Padres","Arizona Diamondbacks","San Diego Padres","8","full","FULL_INNING_3WAY","away","","points-away-8i-ml3way-away","fanduel","","false","400","2026-09-25T16:28:08.825Z","","","","","https://sportsbook.fanduel.com/addToBetslip?marketId=717.188428349&selectionId=29165"
"SPORTSGAMEODDS","COwGPo33WsMlwwBj4lbz","2026-09-26T01:40:00.000Z","Arizona Diamondbacks @ San Diego Padres","Arizona Diamondbacks","San Diego Padres","8","full","FULL_INNING_3WAY","away","","points-away-8i-ml3way-away","draftkings","","false","390","2026-09-25T16:27:56.462Z","","","","",""
"SPORTSGAMEODDS","COwGPo33WsMlwwBj4lbz","2026-09-26T01:40:00.000Z","Arizona Diamondbacks @ San Diego Padres","Arizona Diamondbacks","San Diego Padres","9","full","FULL_INNING_3WAY","away","","points-away-9i-ml3way-away","fanduel","","false","360","2026-09-25T16:28:08.825Z","","","","","https://sportsbook.fanduel.com/addToBetslip?marketId=717.188428380&selectionId=29165"
"SPORTSGAMEODDS","COwGPo33WsMlwwBj4lbz","2026-09-26T01:40:00.000Z","Arizona Diamondbacks @ San Diego Padres","Arizona Diamondbacks","San Diego Padres","9","full","FULL_INNING_3WAY","away","","points-away-9i-ml3way-away","draftkings","","false","340","2026-09-25T16:27:56.462Z","","","","",""
"SPORTSGAMEODDS","COwGPo33WsMlwwBj4lbz","2026-09-26T01:40:00.000Z","Arizona Diamondbacks @ San Diego Padres","Arizona Diamondbacks","San Diego Padres","2","full","FULL_INNING_3WAY","home","","points-home-2i-ml3way-home","fanduel","","false","320","2026-09-25T16:28:08.825Z","","","","","https://sportsbook.fanduel.com/addToBetslip?marketId=717.188428264&selectionId=29177"
"SPORTSGAMEODDS","COwGPo33WsMlwwBj4lbz","2026-09-26T01:40:00.000Z","Arizona Diamondbacks @ San Diego Padres","Arizona Diamondbacks","San Diego Padres","2","full","FULL_INNING_3WAY","home","","points-home-2i-ml3way-home","draftkings","","false","310","2026-09-25T16:27:56.462Z","","","","",""
"SPORTSGAMEODDS","COwGPo33WsMlwwBj4lbz","2026-09-26T01:40:00.000Z","Arizona Diamondbacks @ San Diego Padres","Arizona Diamondbacks","San Diego Padres","3","full","FULL_INNING_3WAY","home","","points-home-3i-ml3way-home","fanduel","","false","290","2026-09-25T16:28:08.825Z","","","","","https://sportsbook.fanduel.com/addToBetslip?marketId=717.188428324&selectionId=29177"
"SPORTSGAMEODDS","COwGPo33WsMlwwBj4lbz","2026-09-26T01:40:00.000Z","Arizona Diamondbacks @ San Diego Padres","Arizona Diamondbacks","San Diego Padres","3","full","FULL_INNING_3WAY","home","","points-home-3i-ml3way-home","draftkings","","false","290","2026-09-25T16:27:56.462Z","","","","",""
"SPORTSGAMEODDS","COwGPo33WsMlwwBj4lbz","2026-09-26T01:40:00.000Z","Arizona Diamondbacks @ San Diego Padres","Arizona Diamondbacks","San Diego Padres","4","full","FULL_INNING_3WAY","home","","points-home-4i-ml3way-home","fanduel","","false","280","2026-09-25T16:28:08.825Z","","","","","https://sportsbook.fanduel.com/addToBetslip?marketId=717.188428417&selectionId=29177"
"SPORTSGAMEODDS","COwGPo33WsMlwwBj4lbz","2026-09-26T01:40:00.000Z","Arizona Diamondbacks @ San Diego Padres","Arizona Diamondbacks","San Diego Padres","4","full","FULL_INNING_3WAY","home","","points-home-4i-ml3way-home","draftkings","","false","280","2026-09-25T16:27:56.462Z","","","","",""
"SPORTSGAMEODDS","COwGPo33WsMlwwBj4lbz","2026-09-26T01:40:00.000Z","Arizona Diamondbacks @ San Diego Padres","Arizona Diamondbacks","San Diego Padres","5","full","FULL_INNING_3WAY","home","","points-home-5i-ml3way-home","fanduel","","false","310","2026-09-25T16:28:08.825Z","","","","","https://sportsbook.fanduel.com/addToBetslip?marketId=717.188428274&selectionId=29177"
"SPORTSGAMEODDS","COwGPo33WsMlwwBj4lbz","2026-09-26T01:40:00.000Z","Arizona Diamondbacks @ San Diego Padres","Arizona Diamondbacks","San Diego Padres","5","full","FULL_INNING_3WAY","home","","points-home-5i-ml3way-home","draftkings","","false","260","2026-09-25T16:27:56.462Z","","","","",""
"SPORTSGAMEODDS","COwGPo33WsMlwwBj4lbz","2026-09-26T01:40:00.000Z","Arizona Diamondbacks @ San Diego Padres","Arizona Diamondbacks","San Diego Padres","6","full","FULL_INNING_3WAY","home","","points-home-6i-ml3way-home","fanduel","","false","310","2026-09-25T16:28:08.825Z","","","","","https://sportsbook.fanduel.com/addToBetslip?marketId=717.188428347&selectionId=29177"
"SPORTSGAMEODDS","COwGPo33WsMlwwBj4lbz","2026-09-26T01:40:00.000Z","Arizona Diamondbacks @ San Diego Padres","Arizona Diamondbacks","San Diego Padres","6","full","FULL_INNING_3WAY","home","","points-home-6i-ml3way-home","draftkings","","false","380","2026-09-25T16:27:56.462Z","","","","",""
"SPORTSGAMEODDS","COwGPo33WsMlwwBj4lbz","2026-09-26T01:40:00.000Z","Arizona Diamondbacks @ San Diego Padres","Arizona Diamondbacks","San Diego Padres","7","full","FULL_INNING_3WAY","home","","points-home-7i-ml3way-home","fanduel","","false","360","2026-09-25T16:28:08.825Z","","","","","https://sportsbook.fanduel.com/addToBetslip?marketId=717.188428376&selectionId=29177"
"SPORTSGAMEODDS","COwGPo33WsMlwwBj4lbz","2026-09-26T01:40:00.000Z","Arizona Diamondbacks @ San Diego Padres","Arizona Diamondbacks","San Diego Padres","7","full","FULL_INNING_3WAY","home","","points-home-7i-ml3way-home","draftkings","","false","320","2026-09-25T16:27:56.462Z","","","","",""
"SPORTSGAMEODDS","COwGPo33WsMlwwBj4lbz","2026-09-26T01:40:00.000Z","Arizona Diamondbacks @ San Diego Padres","Arizona Diamondbacks","San Diego Padres","8","full","FULL_INNING_3WAY","home","","points-home-8i-ml3way-home","fanduel","","false","400","2026-09-25T16:28:08.825Z","","","","","https://sportsbook.fanduel.com/addToBetslip?marketId=717.188428349&selectionId=29177"
"SPORTSGAMEODDS","COwGPo33WsMlwwBj4lbz","2026-09-26T01:40:00.000Z","Arizona Diamondbacks @ San Diego Padres","Arizona Diamondbacks","San Diego Padres","8","full","FULL_INNING_3WAY","home","","points-home-8i-ml3way-home","draftkings","","false","295","2026-09-25T16:27:56.462Z","","","","",""
"SPORTSGAMEODDS","COwGPo33WsMlwwBj4lbz","2026-09-26T01:40:00.000Z","Arizona Diamondbacks @ San Diego Padres","Arizona Diamondbacks","San Diego Padres","9","full","FULL_INNING_3WAY","home","","points-home-9i-ml3way-home","fanduel","","false","800","2026-09-25T16:28:08.825Z","","","","","https://sportsbook.fanduel.com/addToBetslip?marketId=717.188428380&selectionId=29177"
"SPORTSGAMEODDS","COwGPo33WsMlwwBj4lbz","2026-09-26T01:40:00.000Z","Arizona Diamondbacks @ San Diego Padres","Arizona Diamondbacks","San Diego Padres","9","full","FULL_INNING_3WAY","home","","points-home-9i-ml3way-home","draftkings","","false","600","2026-09-25T16:27:56.462Z","","","","",""
"SPORTSGAMEODDS","LfzLmsrHG4Sd74J1RSqz","2026-09-26T02:10:00.000Z","Los Angeles Angels @ Seattle Mariners","Los Angeles Angels","Seattle Mariners","1","full","FULL_INNING_TOTAL","over","","points-all-1i-ou-over","fanduel","0.5","false","120","2026-09-25T16:28:08.825Z","0.5","0.5","133","123","https://sportsbook.fanduel.com/addToBetslip?marketId=717.188367029&selectionId=7017905"
"SPORTSGAMEODDS","LfzLmsrHG4Sd74J1RSqz","2026-09-26T02:10:00.000Z","Los Angeles Angels @ Seattle Mariners","Los Angeles Angels","Seattle Mariners","1","full","FULL_INNING_TOTAL","over","","points-all-1i-ou-over","fanduel","1.5","true","310","2026-09-25T16:28:08.825Z","0.5","0.5","","","https://sportsbook.fanduel.com/addToBetslip?marketId=717.188367029&selectionId=7017905"
"SPORTSGAMEODDS","LfzLmsrHG4Sd74J1RSqz","2026-09-26T02:10:00.000Z","Los Angeles Angels @ Seattle Mariners","Los Angeles Angels","Seattle Mariners","1","full","FULL_INNING_TOTAL","over","","points-all-1i-ou-over","caesars","0.5","false","125","2026-09-25T16:28:18.128Z","0.5","0.5","133","123","https://sportsbook.caesars.com/us/nj/bet/betslip?selectionIds=5eaf4534-c0ce-306d-9468-334465ea85d5"
"SPORTSGAMEODDS","LfzLmsrHG4Sd74J1RSqz","2026-09-26T02:10:00.000Z","Los Angeles Angels @ Seattle Mariners","Los Angeles Angels","Seattle Mariners","1","full","FULL_INNING_TOTAL","over","","points-all-1i-ou-over","draftkings","0.5","false","110","2026-09-25T16:27:56.462Z","0.5","0.5","133","123",""
"SPORTSGAMEODDS","LfzLmsrHG4Sd74J1RSqz","2026-09-26T02:10:00.000Z","Los Angeles Angels @ Seattle Mariners","Los Angeles Angels","Seattle Mariners","1","full","FULL_INNING_TOTAL","over","","points-all-1i-ou-over","draftkings","1.5","true","275","2026-09-25T16:27:56.462Z","0.5","0.5","","",""
"SPORTSGAMEODDS","LfzLmsrHG4Sd74J1RSqz","2026-09-26T02:10:00.000Z","Los Angeles Angels @ Seattle Mariners","Los Angeles Angels","Seattle Mariners","1","full","FULL_INNING_TOTAL","over","","points-all-1i-ou-over","betmgm","0.5","false","118","2026-09-25T16:28:33.628Z","0.5","0.5","133","123","https://sports.nj.betmgm.com/en/sports?options=19945284-1561273137-2304273727"
"SPORTSGAMEODDS","LfzLmsrHG4Sd74J1RSqz","2026-09-26T02:10:00.000Z","Los Angeles Angels @ Seattle Mariners","Los Angeles Angels","Seattle Mariners","1","full","FULL_INNING_TOTAL","under","","points-all-1i-ou-under","fanduel","0.5","false","-154","2026-09-25T16:28:08.825Z","0.5","0.5","-133","-154","https://sportsbook.fanduel.com/addToBetslip?marketId=717.188367029&selectionId=7017906"
"SPORTSGAMEODDS","LfzLmsrHG4Sd74J1RSqz","2026-09-26T02:10:00.000Z","Los Angeles Angels @ Seattle Mariners","Los Angeles Angels","Seattle Mariners","1","full","FULL_INNING_TOTAL","under","","points-all-1i-ou-under","fanduel","1.5","true","-420","2026-09-25T16:28:08.825Z","0.5","0.5","","","https://sportsbook.fanduel.com/addToBetslip?marketId=717.188367029&selectionId=7017906"
"SPORTSGAMEODDS","LfzLmsrHG4Sd74J1RSqz","2026-09-26T02:10:00.000Z","Los Angeles Angels @ Seattle Mariners","Los Angeles Angels","Seattle Mariners","1","full","FULL_INNING_TOTAL","under","","points-all-1i-ou-under","caesars","0.5","false","-154","2026-09-25T16:28:18.128Z","0.5","0.5","-133","-154","https://sportsbook.caesars.com/us/nj/bet/betslip?selectionIds=e6e11bb2-b71b-3c96-8811-7d69df60f914"
"SPORTSGAMEODDS","LfzLmsrHG4Sd74J1RSqz","2026-09-26T02:10:00.000Z","Los Angeles Angels @ Seattle Mariners","Los Angeles Angels","Seattle Mariners","1","full","FULL_INNING_TOTAL","under","","points-all-1i-ou-under","draftkings","0.5","false","-140","2026-09-25T16:27:56.462Z","0.5","0.5","-133","-154",""
"SPORTSGAMEODDS","LfzLmsrHG4Sd74J1RSqz","2026-09-26T02:10:00.000Z","Los Angeles Angels @ Seattle Mariners","Los Angeles Angels","Seattle Mariners","1","full","FULL_INNING_TOTAL","under","","points-all-1i-ou-under","draftkings","1.5","true","-370","2026-09-25T16:27:56.462Z","0.5","0.5","","",""
"SPORTSGAMEODDS","LfzLmsrHG4Sd74J1RSqz","2026-09-26T02:10:00.000Z","Los Angeles Angels @ Seattle Mariners","Los Angeles Angels","Seattle Mariners","1","full","FULL_INNING_TOTAL","under","","points-all-1i-ou-under","betmgm","0.5","false","-150","2026-09-25T16:28:33.628Z","0.5","0.5","-133","-154","https://sports.nj.betmgm.com/en/sports?options=19945284-1561273137-2304273728"
"SPORTSGAMEODDS","LfzLmsrHG4Sd74J1RSqz","2026-09-26T02:10:00.000Z","Los Angeles Angels @ Seattle Mariners","Los Angeles Angels","Seattle Mariners","1","full","FULL_INNING_3WAY","draw","","points-all-1i-ml3way-draw","fanduel","","false","-170","2026-09-25T16:28:08.825Z","","","","","https://sportsbook.fanduel.com/addToBetslip?marketId=717.188366951&selectionId=131604"
"SPORTSGAMEODDS","LfzLmsrHG4Sd74J1RSqz","2026-09-26T02:10:00.000Z","Los Angeles Angels @ Seattle Mariners","Los Angeles Angels","Seattle Mariners","1","full","FULL_INNING_3WAY","draw","","points-all-1i-ml3way-draw","draftkings","","false","-165","2026-09-25T16:27:56.462Z","","","","",""
"SPORTSGAMEODDS","LfzLmsrHG4Sd74J1RSqz","2026-09-26T02:10:00.000Z","Los Angeles Angels @ Seattle Mariners","Los Angeles Angels","Seattle Mariners","1","full","FULL_INNING_3WAY","draw","","points-all-1i-ml3way-draw","betmgm","","false","-165","2026-09-25T16:28:33.628Z","","","","","https://sports.nj.betmgm.com/en/sports?options=19945284-1561273146-2304273746"
"SPORTSGAMEODDS","LfzLmsrHG4Sd74J1RSqz","2026-09-26T02:10:00.000Z","Los Angeles Angels @ Seattle Mariners","Los Angeles Angels","Seattle Mariners","1","full","FULL_INNING_3WAY","away","","points-away-1i-ml3way-away","fanduel","","false","330","2026-09-25T16:28:08.825Z","","","","","https://sportsbook.fanduel.com/addToBetslip?marketId=717.188366951&selectionId=1093236"
"SPORTSGAMEODDS","LfzLmsrHG4Sd74J1RSqz","2026-09-26T02:10:00.000Z","Los Angeles Angels @ Seattle Mariners","Los Angeles Angels","Seattle Mariners","1","full","FULL_INNING_3WAY","away","","points-away-1i-ml3way-away","draftkings","","false","330","2026-09-25T16:27:56.462Z","","","","",""
"SPORTSGAMEODDS","LfzLmsrHG4Sd74J1RSqz","2026-09-26T02:10:00.000Z","Los Angeles Angels @ Seattle Mariners","Los Angeles Angels","Seattle Mariners","1","full","FULL_INNING_3WAY","away","","points-away-1i-ml3way-away","betmgm","","false","340","2026-09-25T16:28:33.628Z","","","","","https://sports.nj.betmgm.com/en/sports?options=19945284-1561273146-2304273741"
"SPORTSGAMEODDS","LfzLmsrHG4Sd74J1RSqz","2026-09-26T02:10:00.000Z","Los Angeles Angels @ Seattle Mariners","Los Angeles Angels","Seattle Mariners","1","full","FULL_INNING_3WAY","home","","points-home-1i-ml3way-home","fanduel","","false","370","2026-09-25T16:28:08.825Z","","","","","https://sportsbook.fanduel.com/addToBetslip?marketId=717.188366951&selectionId=7100968"
"SPORTSGAMEODDS","LfzLmsrHG4Sd74J1RSqz","2026-09-26T02:10:00.000Z","Los Angeles Angels @ Seattle Mariners","Los Angeles Angels","Seattle Mariners","1","full","FULL_INNING_3WAY","home","","points-home-1i-ml3way-home","draftkings","","false","310","2026-09-25T16:27:56.462Z","","","","",""
"SPORTSGAMEODDS","LfzLmsrHG4Sd74J1RSqz","2026-09-26T02:10:00.000Z","Los Angeles Angels @ Seattle Mariners","Los Angeles Angels","Seattle Mariners","1","full","FULL_INNING_3WAY","home","","points-home-1i-ml3way-home","betmgm","","false","333","2026-09-25T16:28:33.628Z","","","","","https://sports.nj.betmgm.com/en/sports?options=19945284-1561273146-2304273752"
"SPORTSGAMEODDS","LfzLmsrHG4Sd74J1RSqz","2026-09-26T02:10:00.000Z","Los Angeles Angels @ Seattle Mariners","Los Angeles Angels","Seattle Mariners","2","full","FULL_INNING_3WAY","draw","","points-all-2i-ml3way-draw","fanduel","","false","-210","2026-09-25T16:28:08.825Z","","","","","https://sportsbook.fanduel.com/addToBetslip?marketId=717.188366953&selectionId=131604"
"SPORTSGAMEODDS","LfzLmsrHG4Sd74J1RSqz","2026-09-26T02:10:00.000Z","Los Angeles Angels @ Seattle Mariners","Los Angeles Angels","Seattle Mariners","2","full","FULL_INNING_3WAY","draw","","points-all-2i-ml3way-draw","draftkings","","false","-195","2026-09-25T16:27:56.462Z","","","","",""
"SPORTSGAMEODDS","LfzLmsrHG4Sd74J1RSqz","2026-09-26T02:10:00.000Z","Los Angeles Angels @ Seattle Mariners","Los Angeles Angels","Seattle Mariners","2","full","FULL_INNING_TOTAL","under","","points-all-2i-ou-under","fanduel","0.5","false","-184","2026-09-25T16:28:08.825Z","0.5","0.5","-146","-184","https://sportsbook.fanduel.com/addToBetslip?marketId=717.188366908&selectionId=7017906"
"SPORTSGAMEODDS","LfzLmsrHG4Sd74J1RSqz","2026-09-26T02:10:00.000Z","Los Angeles Angels @ Seattle Mariners","Los Angeles Angels","Seattle Mariners","2","full","FULL_INNING_TOTAL","under","","points-all-2i-ou-under","fanduel","1.5","true","-590","2026-09-25T16:28:08.825Z","0.5","0.5","","","https://sportsbook.fanduel.com/addToBetslip?marketId=717.188366908&selectionId=7017906"
"SPORTSGAMEODDS","LfzLmsrHG4Sd74J1RSqz","2026-09-26T02:10:00.000Z","Los Angeles Angels @ Seattle Mariners","Los Angeles Angels","Seattle Mariners","2","full","FULL_INNING_TOTAL","under","","points-all-2i-ou-under","draftkings","0.5","false","-170","2026-09-25T16:27:56.462Z","0.5","0.5","-146","-184",""
"SPORTSGAMEODDS","LfzLmsrHG4Sd74J1RSqz","2026-09-26T02:10:00.000Z","Los Angeles Angels @ Seattle Mariners","Los Angeles Angels","Seattle Mariners","2","full","FULL_INNING_TOTAL","under","","points-all-2i-ou-under","draftkings","1.5","true","-525","2026-09-25T16:27:56.462Z","0.5","0.5","","",""
"SPORTSGAMEODDS","LfzLmsrHG4Sd74J1RSqz","2026-09-26T02:10:00.000Z","Los Angeles Angels @ Seattle Mariners","Los Angeles Angels","Seattle Mariners","3","full","FULL_INNING_3WAY","draw","","points-all-3i-ml3way-draw","fanduel","","false","-175","2026-09-25T16:28:08.825Z","","","","","https://sportsbook.fanduel.com/addToBetslip?marketId=717.188367041&selectionId=131604"
"SPORTSGAMEODDS","LfzLmsrHG4Sd74J1RSqz","2026-09-26T02:10:00.000Z","Los Angeles Angels @ Seattle Mariners","Los Angeles Angels","Seattle Mariners","3","full","FULL_INNING_3WAY","draw","","points-all-3i-ml3way-draw","draftkings","","false","-175","2026-09-25T16:27:56.462Z","","","","",""
"SPORTSGAMEODDS","LfzLmsrHG4Sd74J1RSqz","2026-09-26T02:10:00.000Z","Los Angeles Angels @ Seattle Mariners","Los Angeles Angels","Seattle Mariners","3","full","FULL_INNING_TOTAL","over","","points-all-3i-ou-over","fanduel","0.5","false","130","2026-09-25T16:28:08.825Z","0.5","0.5","132","115","https://sportsbook.fanduel.com/addToBetslip?marketId=717.188367024&selectionId=7017905"
"SPORTSGAMEODDS","LfzLmsrHG4Sd74J1RSqz","2026-09-26T02:10:00.000Z","Los Angeles Angels @ Seattle Mariners","Los Angeles Angels","Seattle Mariners","3","full","FULL_INNING_TOTAL","over","","points-all-3i-ou-over","fanduel","1.5","true","320","2026-09-25T16:28:08.825Z","0.5","0.5","","","https://sportsbook.fanduel.com/addToBetslip?marketId=717.188367024&selectionId=7017905"
"SPORTSGAMEODDS","LfzLmsrHG4Sd74J1RSqz","2026-09-26T02:10:00.000Z","Los Angeles Angels @ Seattle Mariners","Los Angeles Angels","Seattle Mariners","3","full","FULL_INNING_TOTAL","over","","points-all-3i-ou-over","draftkings","0.5","false","115","2026-09-25T16:27:56.462Z","0.5","0.5","132","115",""
"SPORTSGAMEODDS","LfzLmsrHG4Sd74J1RSqz","2026-09-26T02:10:00.000Z","Los Angeles Angels @ Seattle Mariners","Los Angeles Angels","Seattle Mariners","3","full","FULL_INNING_TOTAL","over","","points-all-3i-ou-over","draftkings","1.5","true","300","2026-09-25T16:27:56.462Z","0.5","0.5","","",""
"SPORTSGAMEODDS","LfzLmsrHG4Sd74J1RSqz","2026-09-26T02:10:00.000Z","Los Angeles Angels @ Seattle Mariners","Los Angeles Angels","Seattle Mariners","3","full","FULL_INNING_TOTAL","under","","points-all-3i-ou-under","fanduel","0.5","false","-158","2026-09-25T16:28:08.825Z","0.5","0.5","-132","-158","https://sportsbook.fanduel.com/addToBetslip?marketId=717.188367024&selectionId=7017906"
"SPORTSGAMEODDS","LfzLmsrHG4Sd74J1RSqz","2026-09-26T02:10:00.000Z","Los Angeles Angels @ Seattle Mariners","Los Angeles Angels","Seattle Mariners","3","full","FULL_INNING_TOTAL","under","","points-all-3i-ou-under","fanduel","1.5","true","-430","2026-09-25T16:28:08.825Z","0.5","0.5","","","https://sportsbook.fanduel.com/addToBetslip?marketId=717.188367024&selectionId=7017906"
"SPORTSGAMEODDS","LfzLmsrHG4Sd74J1RSqz","2026-09-26T02:10:00.000Z","Los Angeles Angels @ Seattle Mariners","Los Angeles Angels","Seattle Mariners","3","full","FULL_INNING_TOTAL","under","","points-all-3i-ou-under","draftkings","0.5","false","-155","2026-09-25T16:27:56.462Z","0.5","0.5","-132","-158",""
"SPORTSGAMEODDS","LfzLmsrHG4Sd74J1RSqz","2026-09-26T02:10:00.000Z","Los Angeles Angels @ Seattle Mariners","Los Angeles Angels","Seattle Mariners","3","full","FULL_INNING_TOTAL","under","","points-all-3i-ou-under","draftkings","1.5","true","-425","2026-09-25T16:27:56.462Z","0.5","0.5","","",""
"SPORTSGAMEODDS","LfzLmsrHG4Sd74J1RSqz","2026-09-26T02:10:00.000Z","Los Angeles Angels @ Seattle Mariners","Los Angeles Angels","Seattle Mariners","4","full","FULL_INNING_3WAY","draw","","points-all-4i-ml3way-draw","fanduel","","false","-175","2026-09-25T16:28:08.825Z","","","","","https://sportsbook.fanduel.com/addToBetslip?marketId=717.188366964&selectionId=131604"
"SPORTSGAMEODDS","LfzLmsrHG4Sd74J1RSqz","2026-09-26T02:10:00.000Z","Los Angeles Angels @ Seattle Mariners","Los Angeles Angels","Seattle Mariners","4","full","FULL_INNING_3WAY","draw","","points-all-4i-ml3way-draw","draftkings","","false","-175","2026-09-25T16:27:56.462Z","","","","",""
"SPORTSGAMEODDS","LfzLmsrHG4Sd74J1RSqz","2026-09-26T02:10:00.000Z","Los Angeles Angels @ Seattle Mariners","Los Angeles Angels","Seattle Mariners","4","full","FULL_INNING_TOTAL","over","","points-all-4i-ou-over","fanduel","0.5","false","122","2026-09-25T16:28:08.825Z","0.5","0.5","131","115","https://sportsbook.fanduel.com/addToBetslip?marketId=717.188366881&selectionId=7017905"
"SPORTSGAMEODDS","LfzLmsrHG4Sd74J1RSqz","2026-09-26T02:10:00.000Z","Los Angeles Angels @ Seattle Mariners","Los Angeles Angels","Seattle Mariners","4","full","FULL_INNING_TOTAL","over","","points-all-4i-ou-over","fanduel","1.5","true","340","2026-09-25T16:28:08.825Z","0.5","0.5","","","https://sportsbook.fanduel.com/addToBetslip?marketId=717.188366881&selectionId=7017905"
"SPORTSGAMEODDS","LfzLmsrHG4Sd74J1RSqz","2026-09-26T02:10:00.000Z","Los Angeles Angels @ Seattle Mariners","Los Angeles Angels","Seattle Mariners","4","full","FULL_INNING_TOTAL","over","","points-all-4i-ou-over","draftkings","0.5","false","115","2026-09-25T16:27:56.462Z","0.5","0.5","131","115",""
"SPORTSGAMEODDS","LfzLmsrHG4Sd74J1RSqz","2026-09-26T02:10:00.000Z","Los Angeles Angels @ Seattle Mariners","Los Angeles Angels","Seattle Mariners","4","full","FULL_INNING_TOTAL","over","","points-all-4i-ou-over","draftkings","1.5","true","310","2026-09-25T16:27:56.462Z","0.5","0.5","","",""
"SPORTSGAMEODDS","LfzLmsrHG4Sd74J1RSqz","2026-09-26T02:10:00.000Z","Los Angeles Angels @ Seattle Mariners","Los Angeles Angels","Seattle Mariners","4","full","FULL_INNING_TOTAL","under","","points-all-4i-ou-under","fanduel","0.5","false","-150","2026-09-25T16:28:08.825Z","0.5","0.5","-131","-155","https://sportsbook.fanduel.com/addToBetslip?marketId=717.188366881&selectionId=7017906"
"SPORTSGAMEODDS","LfzLmsrHG4Sd74J1RSqz","2026-09-26T02:10:00.000Z","Los Angeles Angels @ Seattle Mariners","Los Angeles Angels","Seattle Mariners","4","full","FULL_INNING_TOTAL","under","","points-all-4i-ou-under","fanduel","1.5","true","-470","2026-09-25T16:28:08.825Z","0.5","0.5","","","https://sportsbook.fanduel.com/addToBetslip?marketId=717.188366881&selectionId=7017906"
"SPORTSGAMEODDS","LfzLmsrHG4Sd74J1RSqz","2026-09-26T02:10:00.000Z","Los Angeles Angels @ Seattle Mariners","Los Angeles Angels","Seattle Mariners","4","full","FULL_INNING_TOTAL","under","","points-all-4i-ou-under","draftkings","0.5","false","-155","2026-09-25T16:27:56.462Z","0.5","0.5","-131","-155",""
"SPORTSGAMEODDS","LfzLmsrHG4Sd74J1RSqz","2026-09-26T02:10:00.000Z","Los Angeles Angels @ Seattle Mariners","Los Angeles Angels","Seattle Mariners","4","full","FULL_INNING_TOTAL","under","","points-all-4i-ou-under","draftkings","1.5","true","-450","2026-09-25T16:27:56.462Z","0.5","0.5","","",""
"SPORTSGAMEODDS","LfzLmsrHG4Sd74J1RSqz","2026-09-26T02:10:00.000Z","Los Angeles Angels @ Seattle Mariners","Los Angeles Angels","Seattle Mariners","5","full","FULL_INNING_TOTAL","over","","points-all-5i-ou-over","fanduel","0.5","false","132","2026-09-25T16:28:08.825Z","0.5","0.5","136","120","https://sportsbook.fanduel.com/addToBetslip?marketId=717.188366937&selectionId=7017905"
"SPORTSGAMEODDS","LfzLmsrHG4Sd74J1RSqz","2026-09-26T02:10:00.000Z","Los Angeles Angels @ Seattle Mariners","Los Angeles Angels","Seattle Mariners","5","full","FULL_INNING_TOTAL","over","","points-all-5i-ou-over","fanduel","1.5","true","340","2026-09-25T16:28:08.825Z","0.5","0.5","","","https://sportsbook.fanduel.com/addToBetslip?marketId=717.188366937&selectionId=7017905"
"SPORTSGAMEODDS","LfzLmsrHG4Sd74J1RSqz","2026-09-26T02:10:00.000Z","Los Angeles Angels @ Seattle Mariners","Los Angeles Angels","Seattle Mariners","5","full","FULL_INNING_TOTAL","over","","points-all-5i-ou-over","draftkings","0.5","false","120","2026-09-25T16:27:56.462Z","0.5","0.5","136","120",""
"SPORTSGAMEODDS","LfzLmsrHG4Sd74J1RSqz","2026-09-26T02:10:00.000Z","Los Angeles Angels @ Seattle Mariners","Los Angeles Angels","Seattle Mariners","5","full","FULL_INNING_TOTAL","over","","points-all-5i-ou-over","draftkings","1.5","true","310","2026-09-25T16:27:56.462Z","0.5","0.5","","",""
"SPORTSGAMEODDS","LfzLmsrHG4Sd74J1RSqz","2026-09-26T02:10:00.000Z","Los Angeles Angels @ Seattle Mariners","Los Angeles Angels","Seattle Mariners","5","full","FULL_INNING_TOTAL","under","","points-all-5i-ou-under","fanduel","0.5","false","-162","2026-09-25T16:28:08.825Z","0.5","0.5","-136","-162","https://sportsbook.fanduel.com/addToBetslip?marketId=717.188366937&selectionId=7017906"
"SPORTSGAMEODDS","LfzLmsrHG4Sd74J1RSqz","2026-09-26T02:10:00.000Z","Los Angeles Angels @ Seattle Mariners","Los Angeles Angels","Seattle Mariners","5","full","FULL_INNING_TOTAL","under","","points-all-5i-ou-under","fanduel","1.5","true","-470","2026-09-25T16:28:08.825Z","0.5","0.5","","","https://sportsbook.fanduel.com/addToBetslip?marketId=717.188366937&selectionId=7017906"
"SPORTSGAMEODDS","LfzLmsrHG4Sd74J1RSqz","2026-09-26T02:10:00.000Z","Los Angeles Angels @ Seattle Mariners","Los Angeles Angels","Seattle Mariners","5","full","FULL_INNING_TOTAL","under","","points-all-5i-ou-under","draftkings","0.5","false","-160","2026-09-25T16:27:56.462Z","0.5","0.5","-136","-162",""
"SPORTSGAMEODDS","LfzLmsrHG4Sd74J1RSqz","2026-09-26T02:10:00.000Z","Los Angeles Angels @ Seattle Mariners","Los Angeles Angels","Seattle Mariners","5","full","FULL_INNING_TOTAL","under","","points-all-5i-ou-under","draftkings","1.5","true","-450","2026-09-25T16:27:56.462Z","0.5","0.5","","",""
"SPORTSGAMEODDS","LfzLmsrHG4Sd74J1RSqz","2026-09-26T02:10:00.000Z","Los Angeles Angels @ Seattle Mariners","Los Angeles Angels","Seattle Mariners","6","full","FULL_INNING_3WAY","draw","","points-all-6i-ml3way-draw","fanduel","","false","-185","2026-09-25T16:28:08.825Z","","","","","https://sportsbook.fanduel.com/addToBetslip?marketId=717.188366957&selectionId=131604"
"SPORTSGAMEODDS","LfzLmsrHG4Sd74J1RSqz","2026-09-26T02:10:00.000Z","Los Angeles Angels @ Seattle Mariners","Los Angeles Angels","Seattle Mariners","6","full","FULL_INNING_3WAY","draw","","points-all-6i-ml3way-draw","draftkings","","false","-210","2026-09-25T16:27:56.462Z","","","","",""
"SPORTSGAMEODDS","LfzLmsrHG4Sd74J1RSqz","2026-09-26T02:10:00.000Z","Los Angeles Angels @ Seattle Mariners","Los Angeles Angels","Seattle Mariners","6","full","FULL_INNING_TOTAL","over","","points-all-6i-ou-over","fanduel","0.5","false","136","2026-09-25T16:28:08.825Z","0.5","0.5","153","135","https://sportsbook.fanduel.com/addToBetslip?marketId=717.188366935&selectionId=7017905"
"SPORTSGAMEODDS","LfzLmsrHG4Sd74J1RSqz","2026-09-26T02:10:00.000Z","Los Angeles Angels @ Seattle Mariners","Los Angeles Angels","Seattle Mariners","6","full","FULL_INNING_TOTAL","over","","points-all-6i-ou-over","fanduel","1.5","true","360","2026-09-25T16:28:08.825Z","0.5","0.5","","","https://sportsbook.fanduel.com/addToBetslip?marketId=717.188366935&selectionId=7017905"
"SPORTSGAMEODDS","LfzLmsrHG4Sd74J1RSqz","2026-09-26T02:10:00.000Z","Los Angeles Angels @ Seattle Mariners","Los Angeles Angels","Seattle Mariners","6","full","FULL_INNING_TOTAL","over","","points-all-6i-ou-over","draftkings","0.5","false","135","2026-09-25T16:27:56.462Z","0.5","0.5","153","135",""
"SPORTSGAMEODDS","LfzLmsrHG4Sd74J1RSqz","2026-09-26T02:10:00.000Z","Los Angeles Angels @ Seattle Mariners","Los Angeles Angels","Seattle Mariners","6","full","FULL_INNING_TOTAL","over","","points-all-6i-ou-over","draftkings","1.5","true","360","2026-09-25T16:27:56.462Z","0.5","0.5","","",""
"SPORTSGAMEODDS","LfzLmsrHG4Sd74J1RSqz","2026-09-26T02:10:00.000Z","Los Angeles Angels @ Seattle Mariners","Los Angeles Angels","Seattle Mariners","6","full","FULL_INNING_TOTAL","under","","points-all-6i-ou-under","fanduel","0.5","false","-168","2026-09-25T16:28:08.825Z","0.5","0.5","-153","-185","https://sportsbook.fanduel.com/addToBetslip?marketId=717.188366935&selectionId=7017906"
"SPORTSGAMEODDS","LfzLmsrHG4Sd74J1RSqz","2026-09-26T02:10:00.000Z","Los Angeles Angels @ Seattle Mariners","Los Angeles Angels","Seattle Mariners","6","full","FULL_INNING_TOTAL","under","","points-all-6i-ou-under","fanduel","1.5","true","-500","2026-09-25T16:28:08.825Z","0.5","0.5","","","https://sportsbook.fanduel.com/addToBetslip?marketId=717.188366935&selectionId=7017906"
"SPORTSGAMEODDS","LfzLmsrHG4Sd74J1RSqz","2026-09-26T02:10:00.000Z","Los Angeles Angels @ Seattle Mariners","Los Angeles Angels","Seattle Mariners","6","full","FULL_INNING_TOTAL","under","","points-all-6i-ou-under","draftkings","0.5","false","-185","2026-09-25T16:27:56.462Z","0.5","0.5","-153","-185",""
"SPORTSGAMEODDS","LfzLmsrHG4Sd74J1RSqz","2026-09-26T02:10:00.000Z","Los Angeles Angels @ Seattle Mariners","Los Angeles Angels","Seattle Mariners","6","full","FULL_INNING_TOTAL","under","","points-all-6i-ou-under","draftkings","1.5","true","-525","2026-09-25T16:27:56.462Z","0.5","0.5","","",""
"SPORTSGAMEODDS","LfzLmsrHG4Sd74J1RSqz","2026-09-26T02:10:00.000Z","Los Angeles Angels @ Seattle Mariners","Los Angeles Angels","Seattle Mariners","7","full","FULL_INNING_3WAY","draw","","points-all-7i-ml3way-draw","fanduel","","false","-210","2026-09-25T16:28:08.825Z","","","","","https://sportsbook.fanduel.com/addToBetslip?marketId=717.188367032&selectionId=131604"
"SPORTSGAMEODDS","LfzLmsrHG4Sd74J1RSqz","2026-09-26T02:10:00.000Z","Los Angeles Angels @ Seattle Mariners","Los Angeles Angels","Seattle Mariners","7","full","FULL_INNING_3WAY","draw","","points-all-7i-ml3way-draw","draftkings","","false","-215","2026-09-25T16:27:56.462Z","","","","",""
"SPORTSGAMEODDS","LfzLmsrHG4Sd74J1RSqz","2026-09-26T02:10:00.000Z","Los Angeles Angels @ Seattle Mariners","Los Angeles Angels","Seattle Mariners","7","full","FULL_INNING_TOTAL","over","","points-all-7i-ou-over","fanduel","0.5","false","152","2026-09-25T16:28:08.825Z","0.5","0.5","157","140","https://sportsbook.fanduel.com/addToBetslip?marketId=717.188366948&selectionId=7017905"
"SPORTSGAMEODDS","LfzLmsrHG4Sd74J1RSqz","2026-09-26T02:10:00.000Z","Los Angeles Angels @ Seattle Mariners","Los Angeles Angels","Seattle Mariners","7","full","FULL_INNING_TOTAL","over","","points-all-7i-ou-over","fanduel","1.5","true","410","2026-09-25T16:28:08.825Z","0.5","0.5","","","https://sportsbook.fanduel.com/addToBetslip?marketId=717.188366948&selectionId=7017905"
"SPORTSGAMEODDS","LfzLmsrHG4Sd74J1RSqz","2026-09-26T02:10:00.000Z","Los Angeles Angels @ Seattle Mariners","Los Angeles Angels","Seattle Mariners","7","full","FULL_INNING_TOTAL","over","","points-all-7i-ou-over","draftkings","0.5","false","140","2026-09-25T16:27:56.462Z","0.5","0.5","157","140",""
"SPORTSGAMEODDS","LfzLmsrHG4Sd74J1RSqz","2026-09-26T02:10:00.000Z","Los Angeles Angels @ Seattle Mariners","Los Angeles Angels","Seattle Mariners","7","full","FULL_INNING_TOTAL","over","","points-all-7i-ou-over","draftkings","1.5","true","360","2026-09-25T16:27:56.462Z","0.5","0.5","","",""
"SPORTSGAMEODDS","LfzLmsrHG4Sd74J1RSqz","2026-09-26T02:10:00.000Z","Los Angeles Angels @ Seattle Mariners","Los Angeles Angels","Seattle Mariners","7","full","FULL_INNING_TOTAL","under","","points-all-7i-ou-under","fanduel","0.5","false","-188","2026-09-25T16:28:08.825Z","0.5","0.5","-157","-190","https://sportsbook.fanduel.com/addToBetslip?marketId=717.188366948&selectionId=7017906"
"SPORTSGAMEODDS","LfzLmsrHG4Sd74J1RSqz","2026-09-26T02:10:00.000Z","Los Angeles Angels @ Seattle Mariners","Los Angeles Angels","Seattle Mariners","7","full","FULL_INNING_TOTAL","under","","points-all-7i-ou-under","fanduel","1.5","true","-590","2026-09-25T16:28:08.825Z","0.5","0.5","","","https://sportsbook.fanduel.com/addToBetslip?marketId=717.188366948&selectionId=7017906"
"SPORTSGAMEODDS","LfzLmsrHG4Sd74J1RSqz","2026-09-26T02:10:00.000Z","Los Angeles Angels @ Seattle Mariners","Los Angeles Angels","Seattle Mariners","7","full","FULL_INNING_TOTAL","under","","points-all-7i-ou-under","draftkings","0.5","false","-190","2026-09-25T16:27:56.462Z","0.5","0.5","-157","-190",""
"SPORTSGAMEODDS","LfzLmsrHG4Sd74J1RSqz","2026-09-26T02:10:00.000Z","Los Angeles Angels @ Seattle Mariners","Los Angeles Angels","Seattle Mariners","7","full","FULL_INNING_TOTAL","under","","points-all-7i-ou-under","draftkings","1.5","true","-525","2026-09-25T16:27:56.462Z","0.5","0.5","","",""
"SPORTSGAMEODDS","LfzLmsrHG4Sd74J1RSqz","2026-09-26T02:10:00.000Z","Los Angeles Angels @ Seattle Mariners","Los Angeles Angels","Seattle Mariners","8","full","FULL_INNING_3WAY","draw","","points-all-8i-ml3way-draw","fanduel","","false","-220","2026-09-25T16:28:08.825Z","","","","","https://sportsbook.fanduel.com/addToBetslip?marketId=717.188366927&selectionId=131604"
"SPORTSGAMEODDS","LfzLmsrHG4Sd74J1RSqz","2026-09-26T02:10:00.000Z","Los Angeles Angels @ Seattle Mariners","Los Angeles Angels","Seattle Mariners","8","full","FULL_INNING_3WAY","draw","","points-all-8i-ml3way-draw","draftkings","","false","-210","2026-09-25T16:27:56.462Z","","","","",""
"SPORTSGAMEODDS","LfzLmsrHG4Sd74J1RSqz","2026-09-26T02:10:00.000Z","Los Angeles Angels @ Seattle Mariners","Los Angeles Angels","Seattle Mariners","8","full","FULL_INNING_TOTAL","over","","points-all-8i-ou-over","fanduel","0.5","false","154","2026-09-25T16:28:08.825Z","0.5","0.5","155","135","https://sportsbook.fanduel.com/addToBetslip?marketId=717.188366975&selectionId=7017905"
"SPORTSGAMEODDS","LfzLmsrHG4Sd74J1RSqz","2026-09-26T02:10:00.000Z","Los Angeles Angels @ Seattle Mariners","Los Angeles Angels","Seattle Mariners","8","full","FULL_INNING_TOTAL","over","","points-all-8i-ou-over","fanduel","1.5","true","430","2026-09-25T16:28:08.825Z","0.5","0.5","","","https://sportsbook.fanduel.com/addToBetslip?marketId=717.188366975&selectionId=7017905"
"SPORTSGAMEODDS","LfzLmsrHG4Sd74J1RSqz","2026-09-26T02:10:00.000Z","Los Angeles Angels @ Seattle Mariners","Los Angeles Angels","Seattle Mariners","8","full","FULL_INNING_TOTAL","over","","points-all-8i-ou-over","draftkings","0.5","false","135","2026-09-25T16:27:56.462Z","0.5","0.5","155","135",""
"SPORTSGAMEODDS","LfzLmsrHG4Sd74J1RSqz","2026-09-26T02:10:00.000Z","Los Angeles Angels @ Seattle Mariners","Los Angeles Angels","Seattle Mariners","8","full","FULL_INNING_TOTAL","over","","points-all-8i-ou-over","draftkings","1.5","true","360","2026-09-25T16:27:56.462Z","0.5","0.5","","",""
"SPORTSGAMEODDS","LfzLmsrHG4Sd74J1RSqz","2026-09-26T02:10:00.000Z","Los Angeles Angels @ Seattle Mariners","Los Angeles Angels","Seattle Mariners","8","full","FULL_INNING_TOTAL","under","","points-all-8i-ou-under","fanduel","0.5","false","-192","2026-09-25T16:28:08.825Z","0.5","0.5","-155","-192","https://sportsbook.fanduel.com/addToBetslip?marketId=717.188366975&selectionId=7017906"
"SPORTSGAMEODDS","LfzLmsrHG4Sd74J1RSqz","2026-09-26T02:10:00.000Z","Los Angeles Angels @ Seattle Mariners","Los Angeles Angels","Seattle Mariners","8","full","FULL_INNING_TOTAL","under","","points-all-8i-ou-under","fanduel","1.5","true","-600","2026-09-25T16:28:08.825Z","0.5","0.5","","","https://sportsbook.fanduel.com/addToBetslip?marketId=717.188366975&selectionId=7017906"
"SPORTSGAMEODDS","LfzLmsrHG4Sd74J1RSqz","2026-09-26T02:10:00.000Z","Los Angeles Angels @ Seattle Mariners","Los Angeles Angels","Seattle Mariners","8","full","FULL_INNING_TOTAL","under","","points-all-8i-ou-under","draftkings","0.5","false","-185","2026-09-25T16:27:56.462Z","0.5","0.5","-155","-192",""
"SPORTSGAMEODDS","LfzLmsrHG4Sd74J1RSqz","2026-09-26T02:10:00.000Z","Los Angeles Angels @ Seattle Mariners","Los Angeles Angels","Seattle Mariners","8","full","FULL_INNING_TOTAL","under","","points-all-8i-ou-under","draftkings","1.5","true","-525","2026-09-25T16:27:56.462Z","0.5","0.5","","",""
"SPORTSGAMEODDS","LfzLmsrHG4Sd74J1RSqz","2026-09-26T02:10:00.000Z","Los Angeles Angels @ Seattle Mariners","Los Angeles Angels","Seattle Mariners","9","full","FULL_INNING_TOTAL","over","","points-all-9i-ou-over","fanduel","1.5","false","680","2026-09-25T16:28:08.825Z","","1.5","","578","https://sportsbook.fanduel.com/addToBetslip?marketId=717.188366883&selectionId=7017905"
"SPORTSGAMEODDS","LfzLmsrHG4Sd74J1RSqz","2026-09-26T02:10:00.000Z","Los Angeles Angels @ Seattle Mariners","Los Angeles Angels","Seattle Mariners","9","full","FULL_INNING_TOTAL","over","","points-all-9i-ou-over","draftkings","1.5","false","500","2026-09-25T16:27:56.462Z","","1.5","","578",""
"SPORTSGAMEODDS","LfzLmsrHG4Sd74J1RSqz","2026-09-26T02:10:00.000Z","Los Angeles Angels @ Seattle Mariners","Los Angeles Angels","Seattle Mariners","9","full","FULL_INNING_TOTAL","over","","points-all-9i-ou-over","draftkings","0.5","true","200","2026-09-25T16:27:56.462Z","","1.5","","",""
"SPORTSGAMEODDS","LfzLmsrHG4Sd74J1RSqz","2026-09-26T02:10:00.000Z","Los Angeles Angels @ Seattle Mariners","Los Angeles Angels","Seattle Mariners","9","full","FULL_INNING_TOTAL","under","","points-all-9i-ou-under","fanduel","1.5","false","-1200","2026-09-25T16:28:08.825Z","","1.5","","-964","https://sportsbook.fanduel.com/addToBetslip?marketId=717.188366883&selectionId=7017906"
"SPORTSGAMEODDS","LfzLmsrHG4Sd74J1RSqz","2026-09-26T02:10:00.000Z","Los Angeles Angels @ Seattle Mariners","Los Angeles Angels","Seattle Mariners","9","full","FULL_INNING_TOTAL","under","","points-all-9i-ou-under","draftkings","1.5","false","-800","2026-09-25T16:27:56.462Z","","1.5","","-964",""
"SPORTSGAMEODDS","LfzLmsrHG4Sd74J1RSqz","2026-09-26T02:10:00.000Z","Los Angeles Angels @ Seattle Mariners","Los Angeles Angels","Seattle Mariners","9","full","FULL_INNING_TOTAL","under","","points-all-9i-ou-under","draftkings","0.5","true","-280","2026-09-25T16:27:56.462Z","","1.5","","",""
"SPORTSGAMEODDS","LfzLmsrHG4Sd74J1RSqz","2026-09-26T02:10:00.000Z","Los Angeles Angels @ Seattle Mariners","Los Angeles Angels","Seattle Mariners","2","full","FULL_INNING_3WAY","away","","points-away-2i-ml3way-away","fanduel","","false","460","2026-09-25T16:28:08.825Z","","","","","https://sportsbook.fanduel.com/addToBetslip?marketId=717.188366953&selectionId=1093236"
"SPORTSGAMEODDS","LfzLmsrHG4Sd74J1RSqz","2026-09-26T02:10:00.000Z","Los Angeles Angels @ Seattle Mariners","Los Angeles Angels","Seattle Mariners","2","full","FULL_INNING_3WAY","away","","points-away-2i-ml3way-away","draftkings","","false","390","2026-09-25T16:27:56.462Z","","","","",""
"SPORTSGAMEODDS","LfzLmsrHG4Sd74J1RSqz","2026-09-26T02:10:00.000Z","Los Angeles Angels @ Seattle Mariners","Los Angeles Angels","Seattle Mariners","3","full","FULL_INNING_3WAY","away","","points-away-3i-ml3way-away","fanduel","","false","360","2026-09-25T16:28:08.825Z","","","","","https://sportsbook.fanduel.com/addToBetslip?marketId=717.188367041&selectionId=1093236"
"SPORTSGAMEODDS","LfzLmsrHG4Sd74J1RSqz","2026-09-26T02:10:00.000Z","Los Angeles Angels @ Seattle Mariners","Los Angeles Angels","Seattle Mariners","3","full","FULL_INNING_3WAY","away","","points-away-3i-ml3way-away","draftkings","","false","350","2026-09-25T16:27:56.462Z","","","","",""
"SPORTSGAMEODDS","LfzLmsrHG4Sd74J1RSqz","2026-09-26T02:10:00.000Z","Los Angeles Angels @ Seattle Mariners","Los Angeles Angels","Seattle Mariners","4","full","FULL_INNING_3WAY","away","","points-away-4i-ml3way-away","fanduel","","false","390","2026-09-25T16:28:08.825Z","","","","","https://sportsbook.fanduel.com/addToBetslip?marketId=717.188366964&selectionId=1093236"
"SPORTSGAMEODDS","LfzLmsrHG4Sd74J1RSqz","2026-09-26T02:10:00.000Z","Los Angeles Angels @ Seattle Mariners","Los Angeles Angels","Seattle Mariners","4","full","FULL_INNING_3WAY","away","","points-away-4i-ml3way-away","draftkings","","false","370","2026-09-25T16:27:56.462Z","","","","",""
"SPORTSGAMEODDS","LfzLmsrHG4Sd74J1RSqz","2026-09-26T02:10:00.000Z","Los Angeles Angels @ Seattle Mariners","Los Angeles Angels","Seattle Mariners","5","full","FULL_INNING_3WAY","away","","points-away-5i-ml3way-away","fanduel","","false","370","2026-09-25T16:28:08.825Z","","","","","https://sportsbook.fanduel.com/addToBetslip?marketId=717.188366979&selectionId=1093236"
"SPORTSGAMEODDS","LfzLmsrHG4Sd74J1RSqz","2026-09-26T02:10:00.000Z","Los Angeles Angels @ Seattle Mariners","Los Angeles Angels","Seattle Mariners","5","full","FULL_INNING_3WAY","away","","points-away-5i-ml3way-away","draftkings","","false","370","2026-09-25T16:27:56.462Z","","","","",""
"SPORTSGAMEODDS","LfzLmsrHG4Sd74J1RSqz","2026-09-26T02:10:00.000Z","Los Angeles Angels @ Seattle Mariners","Los Angeles Angels","Seattle Mariners","6","full","FULL_INNING_3WAY","away","","points-away-6i-ml3way-away","fanduel","","false","390","2026-09-25T16:28:08.825Z","","","","","https://sportsbook.fanduel.com/addToBetslip?marketId=717.188366957&selectionId=1093236"
"SPORTSGAMEODDS","LfzLmsrHG4Sd74J1RSqz","2026-09-26T02:10:00.000Z","Los Angeles Angels @ Seattle Mariners","Los Angeles Angels","Seattle Mariners","6","full","FULL_INNING_3WAY","away","","points-away-6i-ml3way-away","draftkings","","false","370","2026-09-25T16:27:56.462Z","","","","",""
"SPORTSGAMEODDS","LfzLmsrHG4Sd74J1RSqz","2026-09-26T02:10:00.000Z","Los Angeles Angels @ Seattle Mariners","Los Angeles Angels","Seattle Mariners","7","full","FULL_INNING_3WAY","away","","points-away-7i-ml3way-away","fanduel","","false","430","2026-09-25T16:28:08.825Z","","","","","https://sportsbook.fanduel.com/addToBetslip?marketId=717.188367032&selectionId=1093236"
"SPORTSGAMEODDS","LfzLmsrHG4Sd74J1RSqz","2026-09-26T02:10:00.000Z","Los Angeles Angels @ Seattle Mariners","Los Angeles Angels","Seattle Mariners","7","full","FULL_INNING_3WAY","away","","points-away-7i-ml3way-away","draftkings","","false","400","2026-09-25T16:27:56.462Z","","","","",""
"SPORTSGAMEODDS","LfzLmsrHG4Sd74J1RSqz","2026-09-26T02:10:00.000Z","Los Angeles Angels @ Seattle Mariners","Los Angeles Angels","Seattle Mariners","8","full","FULL_INNING_3WAY","away","","points-away-8i-ml3way-away","fanduel","","false","430","2026-09-25T16:28:08.825Z","","","","","https://sportsbook.fanduel.com/addToBetslip?marketId=717.188366927&selectionId=1093236"
"SPORTSGAMEODDS","LfzLmsrHG4Sd74J1RSqz","2026-09-26T02:10:00.000Z","Los Angeles Angels @ Seattle Mariners","Los Angeles Angels","Seattle Mariners","8","full","FULL_INNING_3WAY","away","","points-away-8i-ml3way-away","draftkings","","false","425","2026-09-25T16:27:56.462Z","","","","",""
"SPORTSGAMEODDS","LfzLmsrHG4Sd74J1RSqz","2026-09-26T02:10:00.000Z","Los Angeles Angels @ Seattle Mariners","Los Angeles Angels","Seattle Mariners","9","full","FULL_INNING_3WAY","away","","points-away-9i-ml3way-away","fanduel","","false","460","2026-09-25T16:28:08.825Z","","","","","https://sportsbook.fanduel.com/addToBetslip?marketId=717.188366972&selectionId=1093236"
"SPORTSGAMEODDS","LfzLmsrHG4Sd74J1RSqz","2026-09-26T02:10:00.000Z","Los Angeles Angels @ Seattle Mariners","Los Angeles Angels","Seattle Mariners","9","full","FULL_INNING_3WAY","away","","points-away-9i-ml3way-away","draftkings","","false","400","2026-09-25T16:27:56.462Z","","","","",""
"SPORTSGAMEODDS","LfzLmsrHG4Sd74J1RSqz","2026-09-26T02:10:00.000Z","Los Angeles Angels @ Seattle Mariners","Los Angeles Angels","Seattle Mariners","2","full","FULL_INNING_3WAY","home","","points-home-2i-ml3way-home","fanduel","","false","360","2026-09-25T16:28:08.825Z","","","","","https://sportsbook.fanduel.com/addToBetslip?marketId=717.188366953&selectionId=7100968"
"SPORTSGAMEODDS","LfzLmsrHG4Sd74J1RSqz","2026-09-26T02:10:00.000Z","Los Angeles Angels @ Seattle Mariners","Los Angeles Angels","Seattle Mariners","2","full","FULL_INNING_3WAY","home","","points-home-2i-ml3way-home","draftkings","","false","340","2026-09-25T16:27:56.462Z","","","","",""
"SPORTSGAMEODDS","LfzLmsrHG4Sd74J1RSqz","2026-09-26T02:10:00.000Z","Los Angeles Angels @ Seattle Mariners","Los Angeles Angels","Seattle Mariners","5","full","FULL_INNING_3WAY","home","","points-home-5i-ml3way-home","fanduel","","false","380","2026-09-25T16:28:08.825Z","","","","","https://sportsbook.fanduel.com/addToBetslip?marketId=717.188366979&selectionId=7100968"
"SPORTSGAMEODDS","LfzLmsrHG4Sd74J1RSqz","2026-09-26T02:10:00.000Z","Los Angeles Angels @ Seattle Mariners","Los Angeles Angels","Seattle Mariners","5","full","FULL_INNING_3WAY","home","","points-home-5i-ml3way-home","draftkings","","false","330","2026-09-25T16:27:56.462Z","","","","",""
"SPORTSGAMEODDS","LfzLmsrHG4Sd74J1RSqz","2026-09-26T02:10:00.000Z","Los Angeles Angels @ Seattle Mariners","Los Angeles Angels","Seattle Mariners","6","full","FULL_INNING_3WAY","home","","points-home-6i-ml3way-home","fanduel","","false","370","2026-09-25T16:28:08.825Z","","","","","https://sportsbook.fanduel.com/addToBetslip?marketId=717.188366957&selectionId=7100968"
"SPORTSGAMEODDS","LfzLmsrHG4Sd74J1RSqz","2026-09-26T02:10:00.000Z","Los Angeles Angels @ Seattle Mariners","Los Angeles Angels","Seattle Mariners","6","full","FULL_INNING_3WAY","home","","points-home-6i-ml3way-home","draftkings","","false","400","2026-09-25T16:27:56.462Z","","","","",""
"SPORTSGAMEODDS","LfzLmsrHG4Sd74J1RSqz","2026-09-26T02:10:00.000Z","Los Angeles Angels @ Seattle Mariners","Los Angeles Angels","Seattle Mariners","8","full","FULL_INNING_3WAY","home","","points-home-8i-ml3way-home","fanduel","","false","420","2026-09-25T16:28:08.825Z","","","","","https://sportsbook.fanduel.com/addToBetslip?marketId=717.188366927&selectionId=7100968"
"SPORTSGAMEODDS","LfzLmsrHG4Sd74J1RSqz","2026-09-26T02:10:00.000Z","Los Angeles Angels @ Seattle Mariners","Los Angeles Angels","Seattle Mariners","8","full","FULL_INNING_3WAY","home","","points-home-8i-ml3way-home","draftkings","","false","350","2026-09-25T16:27:56.462Z","","","","",""
"SPORTSGAMEODDS","LfzLmsrHG4Sd74J1RSqz","2026-09-26T02:10:00.000Z","Los Angeles Angels @ Seattle Mariners","Los Angeles Angels","Seattle Mariners","2","full","FULL_INNING_TOTAL","over","","points-all-2i-ou-over","fanduel","0.5","false","148","2026-09-25T16:28:08.825Z","0.5","0.5","146","125","https://sportsbook.fanduel.com/addToBetslip?marketId=717.188366908&selectionId=7017905"
"SPORTSGAMEODDS","LfzLmsrHG4Sd74J1RSqz","2026-09-26T02:10:00.000Z","Los Angeles Angels @ Seattle Mariners","Los Angeles Angels","Seattle Mariners","2","full","FULL_INNING_TOTAL","over","","points-all-2i-ou-over","fanduel","1.5","true","410","2026-09-25T16:28:08.825Z","0.5","0.5","","","https://sportsbook.fanduel.com/addToBetslip?marketId=717.188366908&selectionId=7017905"
"SPORTSGAMEODDS","LfzLmsrHG4Sd74J1RSqz","2026-09-26T02:10:00.000Z","Los Angeles Angels @ Seattle Mariners","Los Angeles Angels","Seattle Mariners","2","full","FULL_INNING_TOTAL","over","","points-all-2i-ou-over","draftkings","0.5","false","125","2026-09-25T16:27:56.462Z","0.5","0.5","146","125",""
"SPORTSGAMEODDS","LfzLmsrHG4Sd74J1RSqz","2026-09-26T02:10:00.000Z","Los Angeles Angels @ Seattle Mariners","Los Angeles Angels","Seattle Mariners","2","full","FULL_INNING_TOTAL","over","","points-all-2i-ou-over","draftkings","1.5","true","360","2026-09-25T16:27:56.462Z","0.5","0.5","","",""
"SPORTSGAMEODDS","LfzLmsrHG4Sd74J1RSqz","2026-09-26T02:10:00.000Z","Los Angeles Angels @ Seattle Mariners","Los Angeles Angels","Seattle Mariners","5","full","FULL_INNING_3WAY","draw","","points-all-5i-ml3way-draw","fanduel","","false","-190","2026-09-25T16:28:08.825Z","","","","","https://sportsbook.fanduel.com/addToBetslip?marketId=717.188366979&selectionId=131604"
"SPORTSGAMEODDS","LfzLmsrHG4Sd74J1RSqz","2026-09-26T02:10:00.000Z","Los Angeles Angels @ Seattle Mariners","Los Angeles Angels","Seattle Mariners","5","full","FULL_INNING_3WAY","draw","","points-all-5i-ml3way-draw","draftkings","","false","-180","2026-09-25T16:27:56.462Z","","","","",""
"SPORTSGAMEODDS","LfzLmsrHG4Sd74J1RSqz","2026-09-26T02:10:00.000Z","Los Angeles Angels @ Seattle Mariners","Los Angeles Angels","Seattle Mariners","9","full","FULL_INNING_3WAY","draw","","points-all-9i-ml3way-draw","fanduel","","false","-350","2026-09-25T16:28:08.825Z","","","","","https://sportsbook.fanduel.com/addToBetslip?marketId=717.188366972&selectionId=131604"
"SPORTSGAMEODDS","LfzLmsrHG4Sd74J1RSqz","2026-09-26T02:10:00.000Z","Los Angeles Angels @ Seattle Mariners","Los Angeles Angels","Seattle Mariners","9","full","FULL_INNING_3WAY","draw","","points-all-9i-ml3way-draw","draftkings","","false","-320","2026-09-25T16:27:56.462Z","","","","",""
"SPORTSGAMEODDS","LfzLmsrHG4Sd74J1RSqz","2026-09-26T02:10:00.000Z","Los Angeles Angels @ Seattle Mariners","Los Angeles Angels","Seattle Mariners","3","full","FULL_INNING_3WAY","home","","points-home-3i-ml3way-home","fanduel","","false","380","2026-09-25T16:28:08.825Z","","","","","https://sportsbook.fanduel.com/addToBetslip?marketId=717.188367041&selectionId=7100968"
"SPORTSGAMEODDS","LfzLmsrHG4Sd74J1RSqz","2026-09-26T02:10:00.000Z","Los Angeles Angels @ Seattle Mariners","Los Angeles Angels","Seattle Mariners","3","full","FULL_INNING_3WAY","home","","points-home-3i-ml3way-home","draftkings","","false","330","2026-09-25T16:27:56.462Z","","","","",""
"SPORTSGAMEODDS","LfzLmsrHG4Sd74J1RSqz","2026-09-26T02:10:00.000Z","Los Angeles Angels @ Seattle Mariners","Los Angeles Angels","Seattle Mariners","4","full","FULL_INNING_3WAY","home","","points-home-4i-ml3way-home","fanduel","","false","330","2026-09-25T16:28:08.825Z","","","","","https://sportsbook.fanduel.com/addToBetslip?marketId=717.188366964&selectionId=7100968"
"SPORTSGAMEODDS","LfzLmsrHG4Sd74J1RSqz","2026-09-26T02:10:00.000Z","Los Angeles Angels @ Seattle Mariners","Los Angeles Angels","Seattle Mariners","4","full","FULL_INNING_3WAY","home","","points-home-4i-ml3way-home","draftkings","","false","320","2026-09-25T16:27:56.462Z","","","","",""
"SPORTSGAMEODDS","LfzLmsrHG4Sd74J1RSqz","2026-09-26T02:10:00.000Z","Los Angeles Angels @ Seattle Mariners","Los Angeles Angels","Seattle Mariners","7","full","FULL_INNING_3WAY","home","","points-home-7i-ml3way-home","fanduel","","false","410","2026-09-25T16:28:08.825Z","","","","","https://sportsbook.fanduel.com/addToBetslip?marketId=717.188367032&selectionId=7100968"
"SPORTSGAMEODDS","LfzLmsrHG4Sd74J1RSqz","2026-09-26T02:10:00.000Z","Los Angeles Angels @ Seattle Mariners","Los Angeles Angels","Seattle Mariners","7","full","FULL_INNING_3WAY","home","","points-home-7i-ml3way-home","draftkings","","false","380","2026-09-25T16:27:56.462Z","","","","",""
"SPORTSGAMEODDS","LfzLmsrHG4Sd74J1RSqz","2026-09-26T02:10:00.000Z","Los Angeles Angels @ Seattle Mariners","Los Angeles Angels","Seattle Mariners","9","full","FULL_INNING_3WAY","home","","points-home-9i-ml3way-home","fanduel","","false","700","2026-09-25T16:28:08.825Z","","","","","https://sportsbook.fanduel.com/addToBetslip?marketId=717.188366972&selectionId=7100968"
"SPORTSGAMEODDS","LfzLmsrHG4Sd74J1RSqz","2026-09-26T02:10:00.000Z","Los Angeles Angels @ Seattle Mariners","Los Angeles Angels","Seattle Mariners","9","full","FULL_INNING_3WAY","home","","points-home-9i-ml3way-home","draftkings","","false","650","2026-09-25T16:27:56.462Z","","","","",""
"SPORTSGAMEODDS","cHiKPkiwGdb80iXDpx3h","2026-09-26T02:15:00.000Z","Los Angeles Dodgers @ San Francisco Giants","Los Angeles Dodgers","San Francisco Giants","1","full","FULL_INNING_3WAY","draw","","points-all-1i-ml3way-draw","fanduel","","false","-170","2026-09-25T16:28:08.825Z","","","","","https://sportsbook.fanduel.com/addToBetslip?marketId=717.188371966&selectionId=131604"
"SPORTSGAMEODDS","cHiKPkiwGdb80iXDpx3h","2026-09-26T02:15:00.000Z","Los Angeles Dodgers @ San Francisco Giants","Los Angeles Dodgers","San Francisco Giants","1","full","FULL_INNING_3WAY","draw","","points-all-1i-ml3way-draw","draftkings","","false","-150","2026-09-25T16:27:56.462Z","","","","",""
"SPORTSGAMEODDS","cHiKPkiwGdb80iXDpx3h","2026-09-26T02:15:00.000Z","Los Angeles Dodgers @ San Francisco Giants","Los Angeles Dodgers","San Francisco Giants","1","full","FULL_INNING_3WAY","draw","","points-all-1i-ml3way-draw","betmgm","","false","-160","2026-09-25T16:28:19.497Z","","","","","https://sports.nj.betmgm.com/en/sports?options=19945285-1561273300-2304274127"
"SPORTSGAMEODDS","cHiKPkiwGdb80iXDpx3h","2026-09-26T02:15:00.000Z","Los Angeles Dodgers @ San Francisco Giants","Los Angeles Dodgers","San Francisco Giants","1","full","FULL_INNING_TOTAL","over","","points-all-1i-ou-over","fanduel","0.5","false","114","2026-09-25T16:28:08.825Z","0.5","0.5","131","120","https://sportsbook.fanduel.com/addToBetslip?marketId=717.188372022&selectionId=7017905"
"SPORTSGAMEODDS","cHiKPkiwGdb80iXDpx3h","2026-09-26T02:15:00.000Z","Los Angeles Dodgers @ San Francisco Giants","Los Angeles Dodgers","San Francisco Giants","1","full","FULL_INNING_TOTAL","over","","points-all-1i-ou-over","fanduel","1.5","true","310","2026-09-25T16:28:08.825Z","0.5","0.5","","","https://sportsbook.fanduel.com/addToBetslip?marketId=717.188372022&selectionId=7017905"
"SPORTSGAMEODDS","cHiKPkiwGdb80iXDpx3h","2026-09-26T02:15:00.000Z","Los Angeles Dodgers @ San Francisco Giants","Los Angeles Dodgers","San Francisco Giants","1","full","FULL_INNING_TOTAL","over","","points-all-1i-ou-over","caesars","0.5","false","120","2026-09-25T16:28:27.497Z","0.5","0.5","131","120","https://sportsbook.caesars.com/us/nj/bet/betslip?selectionIds=18194ccf-db87-3c3b-ae03-1267bf51f4e3"
"SPORTSGAMEODDS","cHiKPkiwGdb80iXDpx3h","2026-09-26T02:15:00.000Z","Los Angeles Dodgers @ San Francisco Giants","Los Angeles Dodgers","San Francisco Giants","1","full","FULL_INNING_TOTAL","over","","points-all-1i-ou-over","draftkings","0.5","false","100","2026-09-25T16:27:56.462Z","0.5","0.5","131","120",""
"SPORTSGAMEODDS","cHiKPkiwGdb80iXDpx3h","2026-09-26T02:15:00.000Z","Los Angeles Dodgers @ San Francisco Giants","Los Angeles Dodgers","San Francisco Giants","1","full","FULL_INNING_TOTAL","over","","points-all-1i-ou-over","draftkings","1.5","true","265","2026-09-25T16:27:56.462Z","0.5","0.5","","",""
"SPORTSGAMEODDS","cHiKPkiwGdb80iXDpx3h","2026-09-26T02:15:00.000Z","Los Angeles Dodgers @ San Francisco Giants","Los Angeles Dodgers","San Francisco Giants","1","full","FULL_INNING_TOTAL","over","","points-all-1i-ou-over","betmgm","0.5","false","110","2026-09-25T16:28:19.497Z","0.5","0.5","131","120","https://sports.nj.betmgm.com/en/sports?options=19945285-1561273267-2304274055"
"SPORTSGAMEODDS","cHiKPkiwGdb80iXDpx3h","2026-09-26T02:15:00.000Z","Los Angeles Dodgers @ San Francisco Giants","Los Angeles Dodgers","San Francisco Giants","1","full","FULL_INNING_TOTAL","under","","points-all-1i-ou-under","fanduel","0.5","false","-146","2026-09-25T16:28:08.825Z","0.5","0.5","-131","-146","https://sportsbook.fanduel.com/addToBetslip?marketId=717.188372022&selectionId=7017906"
"SPORTSGAMEODDS","cHiKPkiwGdb80iXDpx3h","2026-09-26T02:15:00.000Z","Los Angeles Dodgers @ San Francisco Giants","Los Angeles Dodgers","San Francisco Giants","1","full","FULL_INNING_TOTAL","under","","points-all-1i-ou-under","fanduel","1.5","true","-420","2026-09-25T16:28:08.825Z","0.5","0.5","","","https://sportsbook.fanduel.com/addToBetslip?marketId=717.188372022&selectionId=7017906"
"SPORTSGAMEODDS","cHiKPkiwGdb80iXDpx3h","2026-09-26T02:15:00.000Z","Los Angeles Dodgers @ San Francisco Giants","Los Angeles Dodgers","San Francisco Giants","1","full","FULL_INNING_TOTAL","under","","points-all-1i-ou-under","caesars","0.5","false","-150","2026-09-25T16:28:27.497Z","0.5","0.5","-131","-146","https://sportsbook.caesars.com/us/nj/bet/betslip?selectionIds=e531fccb-39f8-396f-8c62-65383251265e"
"SPORTSGAMEODDS","cHiKPkiwGdb80iXDpx3h","2026-09-26T02:15:00.000Z","Los Angeles Dodgers @ San Francisco Giants","Los Angeles Dodgers","San Francisco Giants","1","full","FULL_INNING_TOTAL","under","","points-all-1i-ou-under","draftkings","0.5","false","-130","2026-09-25T16:27:56.462Z","0.5","0.5","-131","-146",""
"SPORTSGAMEODDS","cHiKPkiwGdb80iXDpx3h","2026-09-26T02:15:00.000Z","Los Angeles Dodgers @ San Francisco Giants","Los Angeles Dodgers","San Francisco Giants","1","full","FULL_INNING_TOTAL","under","","points-all-1i-ou-under","draftkings","1.5","true","-350","2026-09-25T16:27:56.462Z","0.5","0.5","","",""
"SPORTSGAMEODDS","cHiKPkiwGdb80iXDpx3h","2026-09-26T02:15:00.000Z","Los Angeles Dodgers @ San Francisco Giants","Los Angeles Dodgers","San Francisco Giants","1","full","FULL_INNING_TOTAL","under","","points-all-1i-ou-under","betmgm","0.5","false","-145","2026-09-25T16:28:19.497Z","0.5","0.5","-131","-146","https://sports.nj.betmgm.com/en/sports?options=19945285-1561273267-2304274056"
"SPORTSGAMEODDS","cHiKPkiwGdb80iXDpx3h","2026-09-26T02:15:00.000Z","Los Angeles Dodgers @ San Francisco Giants","Los Angeles Dodgers","San Francisco Giants","1","full","FULL_INNING_3WAY","away","","points-away-1i-ml3way-away","fanduel","","false","230","2026-09-25T16:28:08.825Z","","","","","https://sportsbook.fanduel.com/addToBetslip?marketId=717.188371966&selectionId=29171"
"SPORTSGAMEODDS","cHiKPkiwGdb80iXDpx3h","2026-09-26T02:15:00.000Z","Los Angeles Dodgers @ San Francisco Giants","Los Angeles Dodgers","San Francisco Giants","1","full","FULL_INNING_3WAY","away","","points-away-1i-ml3way-away","draftkings","","false","190","2026-09-25T16:27:56.462Z","","","","",""
"SPORTSGAMEODDS","cHiKPkiwGdb80iXDpx3h","2026-09-26T02:15:00.000Z","Los Angeles Dodgers @ San Francisco Giants","Los Angeles Dodgers","San Francisco Giants","1","full","FULL_INNING_3WAY","away","","points-away-1i-ml3way-away","betmgm","","false","220","2026-09-25T16:28:19.497Z","","","","","https://sports.nj.betmgm.com/en/sports?options=19945285-1561273300-2304274126"
"SPORTSGAMEODDS","cHiKPkiwGdb80iXDpx3h","2026-09-26T02:15:00.000Z","Los Angeles Dodgers @ San Francisco Giants","Los Angeles Dodgers","San Francisco Giants","1","full","FULL_INNING_3WAY","home","","points-home-1i-ml3way-home","fanduel","","false","600","2026-09-25T16:28:08.825Z","","","","","https://sportsbook.fanduel.com/addToBetslip?marketId=717.188371966&selectionId=29178"
"SPORTSGAMEODDS","cHiKPkiwGdb80iXDpx3h","2026-09-26T02:15:00.000Z","Los Angeles Dodgers @ San Francisco Giants","Los Angeles Dodgers","San Francisco Giants","1","full","FULL_INNING_3WAY","home","","points-home-1i-ml3way-home","draftkings","","false","550","2026-09-25T16:27:56.462Z","","","","",""
"SPORTSGAMEODDS","cHiKPkiwGdb80iXDpx3h","2026-09-26T02:15:00.000Z","Los Angeles Dodgers @ San Francisco Giants","Los Angeles Dodgers","San Francisco Giants","1","full","FULL_INNING_3WAY","home","","points-home-1i-ml3way-home","betmgm","","false","575","2026-09-25T16:28:19.497Z","","","","","https://sports.nj.betmgm.com/en/sports?options=19945285-1561273300-2304274128"
"SPORTSGAMEODDS","cHiKPkiwGdb80iXDpx3h","2026-09-26T02:15:00.000Z","Los Angeles Dodgers @ San Francisco Giants","Los Angeles Dodgers","San Francisco Giants","2","full","FULL_INNING_3WAY","draw","","points-all-2i-ml3way-draw","fanduel","","false","-195","2026-09-25T16:28:08.825Z","","","","","https://sportsbook.fanduel.com/addToBetslip?marketId=717.188372009&selectionId=131604"
"SPORTSGAMEODDS","cHiKPkiwGdb80iXDpx3h","2026-09-26T02:15:00.000Z","Los Angeles Dodgers @ San Francisco Giants","Los Angeles Dodgers","San Francisco Giants","2","full","FULL_INNING_3WAY","draw","","points-all-2i-ml3way-draw","draftkings","","false","-175","2026-09-25T16:27:56.462Z","","","","",""
"SPORTSGAMEODDS","cHiKPkiwGdb80iXDpx3h","2026-09-26T02:15:00.000Z","Los Angeles Dodgers @ San Francisco Giants","Los Angeles Dodgers","San Francisco Giants","2","full","FULL_INNING_TOTAL","over","","points-all-2i-ou-over","fanduel","0.5","false","142","2026-09-25T16:28:08.825Z","0.5","0.5","137","115","https://sportsbook.fanduel.com/addToBetslip?marketId=717.188372051&selectionId=7017905"
"SPORTSGAMEODDS","cHiKPkiwGdb80iXDpx3h","2026-09-26T02:15:00.000Z","Los Angeles Dodgers @ San Francisco Giants","Los Angeles Dodgers","San Francisco Giants","2","full","FULL_INNING_TOTAL","over","","points-all-2i-ou-over","fanduel","1.5","true","350","2026-09-25T16:28:08.825Z","0.5","0.5","","","https://sportsbook.fanduel.com/addToBetslip?marketId=717.188372051&selectionId=7017905"
"SPORTSGAMEODDS","cHiKPkiwGdb80iXDpx3h","2026-09-26T02:15:00.000Z","Los Angeles Dodgers @ San Francisco Giants","Los Angeles Dodgers","San Francisco Giants","2","full","FULL_INNING_TOTAL","over","","points-all-2i-ou-over","draftkings","0.5","false","115","2026-09-25T16:27:56.462Z","0.5","0.5","137","115",""
"SPORTSGAMEODDS","cHiKPkiwGdb80iXDpx3h","2026-09-26T02:15:00.000Z","Los Angeles Dodgers @ San Francisco Giants","Los Angeles Dodgers","San Francisco Giants","2","full","FULL_INNING_TOTAL","over","","points-all-2i-ou-over","draftkings","1.5","true","285","2026-09-25T16:27:56.462Z","0.5","0.5","","",""
"SPORTSGAMEODDS","cHiKPkiwGdb80iXDpx3h","2026-09-26T02:15:00.000Z","Los Angeles Dodgers @ San Francisco Giants","Los Angeles Dodgers","San Francisco Giants","2","full","FULL_INNING_TOTAL","under","","points-all-2i-ou-under","fanduel","0.5","false","-176","2026-09-25T16:28:08.825Z","0.5","0.5","-137","-176","https://sportsbook.fanduel.com/addToBetslip?marketId=717.188372051&selectionId=7017906"
"SPORTSGAMEODDS","cHiKPkiwGdb80iXDpx3h","2026-09-26T02:15:00.000Z","Los Angeles Dodgers @ San Francisco Giants","Los Angeles Dodgers","San Francisco Giants","2","full","FULL_INNING_TOTAL","under","","points-all-2i-ou-under","fanduel","1.5","true","-480","2026-09-25T16:28:08.825Z","0.5","0.5","","","https://sportsbook.fanduel.com/addToBetslip?marketId=717.188372051&selectionId=7017906"
"SPORTSGAMEODDS","cHiKPkiwGdb80iXDpx3h","2026-09-26T02:15:00.000Z","Los Angeles Dodgers @ San Francisco Giants","Los Angeles Dodgers","San Francisco Giants","2","full","FULL_INNING_TOTAL","under","","points-all-2i-ou-under","draftkings","0.5","false","-155","2026-09-25T16:27:56.462Z","0.5","0.5","-137","-176",""
"SPORTSGAMEODDS","cHiKPkiwGdb80iXDpx3h","2026-09-26T02:15:00.000Z","Los Angeles Dodgers @ San Francisco Giants","Los Angeles Dodgers","San Francisco Giants","2","full","FULL_INNING_TOTAL","under","","points-all-2i-ou-under","draftkings","1.5","true","-400","2026-09-25T16:27:56.462Z","0.5","0.5","","",""
"SPORTSGAMEODDS","cHiKPkiwGdb80iXDpx3h","2026-09-26T02:15:00.000Z","Los Angeles Dodgers @ San Francisco Giants","Los Angeles Dodgers","San Francisco Giants","3","full","FULL_INNING_3WAY","draw","","points-all-3i-ml3way-draw","fanduel","","false","-170","2026-09-25T16:28:08.825Z","","","","","https://sportsbook.fanduel.com/addToBetslip?marketId=717.188372048&selectionId=131604"
"SPORTSGAMEODDS","cHiKPkiwGdb80iXDpx3h","2026-09-26T02:15:00.000Z","Los Angeles Dodgers @ San Francisco Giants","Los Angeles Dodgers","San Francisco Giants","3","full","FULL_INNING_3WAY","draw","","points-all-3i-ml3way-draw","draftkings","","false","-175","2026-09-25T16:27:56.462Z","","","","",""
"SPORTSGAMEODDS","cHiKPkiwGdb80iXDpx3h","2026-09-26T02:15:00.000Z","Los Angeles Dodgers @ San Francisco Giants","Los Angeles Dodgers","San Francisco Giants","3","full","FULL_INNING_TOTAL","over","","points-all-3i-ou-over","fanduel","0.5","false","116","2026-09-25T16:28:08.825Z","0.5","0.5","131","115","https://sportsbook.fanduel.com/addToBetslip?marketId=717.188371987&selectionId=7017905"
"SPORTSGAMEODDS","cHiKPkiwGdb80iXDpx3h","2026-09-26T02:15:00.000Z","Los Angeles Dodgers @ San Francisco Giants","Los Angeles Dodgers","San Francisco Giants","3","full","FULL_INNING_TOTAL","over","","points-all-3i-ou-over","fanduel","1.5","true","310","2026-09-25T16:28:08.825Z","0.5","0.5","","","https://sportsbook.fanduel.com/addToBetslip?marketId=717.188371987&selectionId=7017905"
"SPORTSGAMEODDS","cHiKPkiwGdb80iXDpx3h","2026-09-26T02:15:00.000Z","Los Angeles Dodgers @ San Francisco Giants","Los Angeles Dodgers","San Francisco Giants","3","full","FULL_INNING_TOTAL","over","","points-all-3i-ou-over","draftkings","0.5","false","115","2026-09-25T16:27:56.462Z","0.5","0.5","131","115",""
"SPORTSGAMEODDS","cHiKPkiwGdb80iXDpx3h","2026-09-26T02:15:00.000Z","Los Angeles Dodgers @ San Francisco Giants","Los Angeles Dodgers","San Francisco Giants","3","full","FULL_INNING_TOTAL","over","","points-all-3i-ou-over","draftkings","1.5","true","300","2026-09-25T16:27:56.462Z","0.5","0.5","","",""
"SPORTSGAMEODDS","cHiKPkiwGdb80iXDpx3h","2026-09-26T02:15:00.000Z","Los Angeles Dodgers @ San Francisco Giants","Los Angeles Dodgers","San Francisco Giants","3","full","FULL_INNING_TOTAL","under","","points-all-3i-ou-under","fanduel","0.5","false","-142","2026-09-25T16:28:08.825Z","0.5","0.5","-131","-155","https://sportsbook.fanduel.com/addToBetslip?marketId=717.188371987&selectionId=7017906"
"SPORTSGAMEODDS","cHiKPkiwGdb80iXDpx3h","2026-09-26T02:15:00.000Z","Los Angeles Dodgers @ San Francisco Giants","Los Angeles Dodgers","San Francisco Giants","3","full","FULL_INNING_TOTAL","under","","points-all-3i-ou-under","fanduel","1.5","true","-420","2026-09-25T16:28:08.825Z","0.5","0.5","","","https://sportsbook.fanduel.com/addToBetslip?marketId=717.188371987&selectionId=7017906"
"SPORTSGAMEODDS","cHiKPkiwGdb80iXDpx3h","2026-09-26T02:15:00.000Z","Los Angeles Dodgers @ San Francisco Giants","Los Angeles Dodgers","San Francisco Giants","3","full","FULL_INNING_TOTAL","under","","points-all-3i-ou-under","draftkings","0.5","false","-155","2026-09-25T16:27:56.462Z","0.5","0.5","-131","-155",""
"SPORTSGAMEODDS","cHiKPkiwGdb80iXDpx3h","2026-09-26T02:15:00.000Z","Los Angeles Dodgers @ San Francisco Giants","Los Angeles Dodgers","San Francisco Giants","3","full","FULL_INNING_TOTAL","under","","points-all-3i-ou-under","draftkings","1.5","true","-425","2026-09-25T16:27:56.462Z","0.5","0.5","","",""
"SPORTSGAMEODDS","cHiKPkiwGdb80iXDpx3h","2026-09-26T02:15:00.000Z","Los Angeles Dodgers @ San Francisco Giants","Los Angeles Dodgers","San Francisco Giants","4","full","FULL_INNING_3WAY","draw","","points-all-4i-ml3way-draw","fanduel","","false","-175","2026-09-25T16:28:08.825Z","","","","","https://sportsbook.fanduel.com/addToBetslip?marketId=717.188371934&selectionId=131604"
"SPORTSGAMEODDS","cHiKPkiwGdb80iXDpx3h","2026-09-26T02:15:00.000Z","Los Angeles Dodgers @ San Francisco Giants","Los Angeles Dodgers","San Francisco Giants","4","full","FULL_INNING_3WAY","draw","","points-all-4i-ml3way-draw","draftkings","","false","-190","2026-09-25T16:27:56.462Z","","","","",""
"SPORTSGAMEODDS","cHiKPkiwGdb80iXDpx3h","2026-09-26T02:15:00.000Z","Los Angeles Dodgers @ San Francisco Giants","Los Angeles Dodgers","San Francisco Giants","4","full","FULL_INNING_TOTAL","over","","points-all-4i-ou-over","fanduel","0.5","false","124","2026-09-25T16:28:08.825Z","0.5","0.5","141","124","https://sportsbook.fanduel.com/addToBetslip?marketId=717.188372033&selectionId=7017905"
"SPORTSGAMEODDS","cHiKPkiwGdb80iXDpx3h","2026-09-26T02:15:00.000Z","Los Angeles Dodgers @ San Francisco Giants","Los Angeles Dodgers","San Francisco Giants","4","full","FULL_INNING_TOTAL","over","","points-all-4i-ou-over","fanduel","1.5","true","310","2026-09-25T16:28:08.825Z","0.5","0.5","","","https://sportsbook.fanduel.com/addToBetslip?marketId=717.188372033&selectionId=7017905"
"SPORTSGAMEODDS","cHiKPkiwGdb80iXDpx3h","2026-09-26T02:15:00.000Z","Los Angeles Dodgers @ San Francisco Giants","Los Angeles Dodgers","San Francisco Giants","4","full","FULL_INNING_TOTAL","over","","points-all-4i-ou-over","draftkings","0.5","false","125","2026-09-25T16:27:56.462Z","0.5","0.5","141","124",""
"SPORTSGAMEODDS","cHiKPkiwGdb80iXDpx3h","2026-09-26T02:15:00.000Z","Los Angeles Dodgers @ San Francisco Giants","Los Angeles Dodgers","San Francisco Giants","4","full","FULL_INNING_TOTAL","over","","points-all-4i-ou-over","draftkings","1.5","true","320","2026-09-25T16:27:56.462Z","0.5","0.5","","",""
"SPORTSGAMEODDS","cHiKPkiwGdb80iXDpx3h","2026-09-26T02:15:00.000Z","Los Angeles Dodgers @ San Francisco Giants","Los Angeles Dodgers","San Francisco Giants","4","full","FULL_INNING_TOTAL","under","","points-all-4i-ou-under","fanduel","0.5","false","-152","2026-09-25T16:28:08.825Z","0.5","0.5","-141","-170","https://sportsbook.fanduel.com/addToBetslip?marketId=717.188372033&selectionId=7017906"
"SPORTSGAMEODDS","cHiKPkiwGdb80iXDpx3h","2026-09-26T02:15:00.000Z","Los Angeles Dodgers @ San Francisco Giants","Los Angeles Dodgers","San Francisco Giants","4","full","FULL_INNING_TOTAL","under","","points-all-4i-ou-under","fanduel","1.5","true","-420","2026-09-25T16:28:08.825Z","0.5","0.5","","","https://sportsbook.fanduel.com/addToBetslip?marketId=717.188372033&selectionId=7017906"
"SPORTSGAMEODDS","cHiKPkiwGdb80iXDpx3h","2026-09-26T02:15:00.000Z","Los Angeles Dodgers @ San Francisco Giants","Los Angeles Dodgers","San Francisco Giants","4","full","FULL_INNING_TOTAL","under","","points-all-4i-ou-under","draftkings","0.5","false","-170","2026-09-25T16:27:56.462Z","0.5","0.5","-141","-170",""
"SPORTSGAMEODDS","cHiKPkiwGdb80iXDpx3h","2026-09-26T02:15:00.000Z","Los Angeles Dodgers @ San Francisco Giants","Los Angeles Dodgers","San Francisco Giants","4","full","FULL_INNING_TOTAL","under","","points-all-4i-ou-under","draftkings","1.5","true","-475","2026-09-25T16:27:56.462Z","0.5","0.5","","",""
"SPORTSGAMEODDS","cHiKPkiwGdb80iXDpx3h","2026-09-26T02:15:00.000Z","Los Angeles Dodgers @ San Francisco Giants","Los Angeles Dodgers","San Francisco Giants","5","full","FULL_INNING_3WAY","draw","","points-all-5i-ml3way-draw","fanduel","","false","-165","2026-09-25T16:28:08.825Z","","","","","https://sportsbook.fanduel.com/addToBetslip?marketId=717.188372027&selectionId=131604"
"SPORTSGAMEODDS","cHiKPkiwGdb80iXDpx3h","2026-09-26T02:15:00.000Z","Los Angeles Dodgers @ San Francisco Giants","Los Angeles Dodgers","San Francisco Giants","5","full","FULL_INNING_3WAY","draw","","points-all-5i-ml3way-draw","draftkings","","false","-225","2026-09-25T16:27:56.462Z","","","","",""
"SPORTSGAMEODDS","cHiKPkiwGdb80iXDpx3h","2026-09-26T02:15:00.000Z","Los Angeles Dodgers @ San Francisco Giants","Los Angeles Dodgers","San Francisco Giants","5","full","FULL_INNING_TOTAL","over","","points-all-5i-ou-over","fanduel","0.5","false","118","2026-09-25T16:28:08.825Z","0.5","0.5","139","118","https://sportsbook.fanduel.com/addToBetslip?marketId=717.188371954&selectionId=7017905"
"SPORTSGAMEODDS","cHiKPkiwGdb80iXDpx3h","2026-09-26T02:15:00.000Z","Los Angeles Dodgers @ San Francisco Giants","Los Angeles Dodgers","San Francisco Giants","5","full","FULL_INNING_TOTAL","over","","points-all-5i-ou-over","fanduel","1.5","true","300","2026-09-25T16:28:08.825Z","0.5","0.5","","","https://sportsbook.fanduel.com/addToBetslip?marketId=717.188371954&selectionId=7017905"
"SPORTSGAMEODDS","cHiKPkiwGdb80iXDpx3h","2026-09-26T02:15:00.000Z","Los Angeles Dodgers @ San Francisco Giants","Los Angeles Dodgers","San Francisco Giants","5","full","FULL_INNING_TOTAL","over","","points-all-5i-ou-over","draftkings","0.5","false","130","2026-09-25T16:27:56.462Z","0.5","0.5","139","118",""
"SPORTSGAMEODDS","cHiKPkiwGdb80iXDpx3h","2026-09-26T02:15:00.000Z","Los Angeles Dodgers @ San Francisco Giants","Los Angeles Dodgers","San Francisco Giants","5","full","FULL_INNING_TOTAL","over","","points-all-5i-ou-over","draftkings","1.5","true","380","2026-09-25T16:27:56.462Z","0.5","0.5","","",""
"SPORTSGAMEODDS","cHiKPkiwGdb80iXDpx3h","2026-09-26T02:15:00.000Z","Los Angeles Dodgers @ San Francisco Giants","Los Angeles Dodgers","San Francisco Giants","5","full","FULL_INNING_TOTAL","under","","points-all-5i-ou-under","fanduel","0.5","false","-144","2026-09-25T16:28:08.825Z","0.5","0.5","-139","-175","https://sportsbook.fanduel.com/addToBetslip?marketId=717.188371954&selectionId=7017906"
"SPORTSGAMEODDS","cHiKPkiwGdb80iXDpx3h","2026-09-26T02:15:00.000Z","Los Angeles Dodgers @ San Francisco Giants","Los Angeles Dodgers","San Francisco Giants","5","full","FULL_INNING_TOTAL","under","","points-all-5i-ou-under","fanduel","1.5","true","-400","2026-09-25T16:28:08.825Z","0.5","0.5","","","https://sportsbook.fanduel.com/addToBetslip?marketId=717.188371954&selectionId=7017906"
"SPORTSGAMEODDS","cHiKPkiwGdb80iXDpx3h","2026-09-26T02:15:00.000Z","Los Angeles Dodgers @ San Francisco Giants","Los Angeles Dodgers","San Francisco Giants","5","full","FULL_INNING_TOTAL","under","","points-all-5i-ou-under","draftkings","0.5","false","-175","2026-09-25T16:27:56.462Z","0.5","0.5","-139","-175",""
"SPORTSGAMEODDS","cHiKPkiwGdb80iXDpx3h","2026-09-26T02:15:00.000Z","Los Angeles Dodgers @ San Francisco Giants","Los Angeles Dodgers","San Francisco Giants","5","full","FULL_INNING_TOTAL","under","","points-all-5i-ou-under","draftkings","1.5","true","-575","2026-09-25T16:27:56.462Z","0.5","0.5","","",""
"SPORTSGAMEODDS","cHiKPkiwGdb80iXDpx3h","2026-09-26T02:15:00.000Z","Los Angeles Dodgers @ San Francisco Giants","Los Angeles Dodgers","San Francisco Giants","6","full","FULL_INNING_3WAY","draw","","points-all-6i-ml3way-draw","fanduel","","false","-175","2026-09-25T16:28:08.825Z","","","","","https://sportsbook.fanduel.com/addToBetslip?marketId=717.188372053&selectionId=131604"
"SPORTSGAMEODDS","cHiKPkiwGdb80iXDpx3h","2026-09-26T02:15:00.000Z","Los Angeles Dodgers @ San Francisco Giants","Los Angeles Dodgers","San Francisco Giants","6","full","FULL_INNING_3WAY","draw","","points-all-6i-ml3way-draw","draftkings","","false","-165","2026-09-25T16:27:56.462Z","","","","",""
"SPORTSGAMEODDS","cHiKPkiwGdb80iXDpx3h","2026-09-26T02:15:00.000Z","Los Angeles Dodgers @ San Francisco Giants","Los Angeles Dodgers","San Francisco Giants","6","full","FULL_INNING_TOTAL","over","","points-all-6i-ou-over","fanduel","0.5","false","128","2026-09-25T16:28:08.825Z","0.5","0.5","129","110","https://sportsbook.fanduel.com/addToBetslip?marketId=717.188372024&selectionId=7017905"
"SPORTSGAMEODDS","cHiKPkiwGdb80iXDpx3h","2026-09-26T02:15:00.000Z","Los Angeles Dodgers @ San Francisco Giants","Los Angeles Dodgers","San Francisco Giants","6","full","FULL_INNING_TOTAL","over","","points-all-6i-ou-over","fanduel","1.5","true","320","2026-09-25T16:28:08.825Z","0.5","0.5","","","https://sportsbook.fanduel.com/addToBetslip?marketId=717.188372024&selectionId=7017905"
"SPORTSGAMEODDS","cHiKPkiwGdb80iXDpx3h","2026-09-26T02:15:00.000Z","Los Angeles Dodgers @ San Francisco Giants","Los Angeles Dodgers","San Francisco Giants","6","full","FULL_INNING_TOTAL","over","","points-all-6i-ou-over","draftkings","0.5","false","110","2026-09-25T16:27:56.462Z","0.5","0.5","129","110",""
"SPORTSGAMEODDS","cHiKPkiwGdb80iXDpx3h","2026-09-26T02:15:00.000Z","Los Angeles Dodgers @ San Francisco Giants","Los Angeles Dodgers","San Francisco Giants","6","full","FULL_INNING_TOTAL","over","","points-all-6i-ou-over","draftkings","1.5","true","270","2026-09-25T16:27:56.462Z","0.5","0.5","","",""
"SPORTSGAMEODDS","cHiKPkiwGdb80iXDpx3h","2026-09-26T02:15:00.000Z","Los Angeles Dodgers @ San Francisco Giants","Los Angeles Dodgers","San Francisco Giants","6","full","FULL_INNING_TOTAL","under","","points-all-6i-ou-under","fanduel","0.5","false","-158","2026-09-25T16:28:08.825Z","0.5","0.5","-129","-158","https://sportsbook.fanduel.com/addToBetslip?marketId=717.188372024&selectionId=7017906"
"SPORTSGAMEODDS","cHiKPkiwGdb80iXDpx3h","2026-09-26T02:15:00.000Z","Los Angeles Dodgers @ San Francisco Giants","Los Angeles Dodgers","San Francisco Giants","6","full","FULL_INNING_TOTAL","under","","points-all-6i-ou-under","fanduel","1.5","true","-430","2026-09-25T16:28:08.825Z","0.5","0.5","","","https://sportsbook.fanduel.com/addToBetslip?marketId=717.188372024&selectionId=7017906"
"SPORTSGAMEODDS","cHiKPkiwGdb80iXDpx3h","2026-09-26T02:15:00.000Z","Los Angeles Dodgers @ San Francisco Giants","Los Angeles Dodgers","San Francisco Giants","6","full","FULL_INNING_TOTAL","under","","points-all-6i-ou-under","draftkings","0.5","false","-145","2026-09-25T16:27:56.462Z","0.5","0.5","-129","-158",""
"SPORTSGAMEODDS","cHiKPkiwGdb80iXDpx3h","2026-09-26T02:15:00.000Z","Los Angeles Dodgers @ San Francisco Giants","Los Angeles Dodgers","San Francisco Giants","6","full","FULL_INNING_TOTAL","under","","points-all-6i-ou-under","draftkings","1.5","true","-380","2026-09-25T16:27:56.462Z","0.5","0.5","","",""
"SPORTSGAMEODDS","cHiKPkiwGdb80iXDpx3h","2026-09-26T02:15:00.000Z","Los Angeles Dodgers @ San Francisco Giants","Los Angeles Dodgers","San Francisco Giants","7","full","FULL_INNING_3WAY","draw","","points-all-7i-ml3way-draw","fanduel","","false","-185","2026-09-25T16:28:08.825Z","","","","","https://sportsbook.fanduel.com/addToBetslip?marketId=717.188372035&selectionId=131604"
"SPORTSGAMEODDS","cHiKPkiwGdb80iXDpx3h","2026-09-26T02:15:00.000Z","Los Angeles Dodgers @ San Francisco Giants","Los Angeles Dodgers","San Francisco Giants","7","full","FULL_INNING_3WAY","draw","","points-all-7i-ml3way-draw","draftkings","","false","-185","2026-09-25T16:27:56.462Z","","","","",""
"SPORTSGAMEODDS","cHiKPkiwGdb80iXDpx3h","2026-09-26T02:15:00.000Z","Los Angeles Dodgers @ San Francisco Giants","Los Angeles Dodgers","San Francisco Giants","7","full","FULL_INNING_TOTAL","over","","points-all-7i-ou-over","fanduel","0.5","false","134","2026-09-25T16:28:08.825Z","0.5","0.5","137","120","https://sportsbook.fanduel.com/addToBetslip?marketId=717.188372082&selectionId=7017905"
"SPORTSGAMEODDS","cHiKPkiwGdb80iXDpx3h","2026-09-26T02:15:00.000Z","Los Angeles Dodgers @ San Francisco Giants","Los Angeles Dodgers","San Francisco Giants","7","full","FULL_INNING_TOTAL","over","","points-all-7i-ou-over","fanduel","1.5","true","340","2026-09-25T16:28:08.825Z","0.5","0.5","","","https://sportsbook.fanduel.com/addToBetslip?marketId=717.188372082&selectionId=7017905"
"SPORTSGAMEODDS","cHiKPkiwGdb80iXDpx3h","2026-09-26T02:15:00.000Z","Los Angeles Dodgers @ San Francisco Giants","Los Angeles Dodgers","San Francisco Giants","7","full","FULL_INNING_TOTAL","over","","points-all-7i-ou-over","draftkings","0.5","false","120","2026-09-25T16:27:56.462Z","0.5","0.5","137","120",""
"SPORTSGAMEODDS","cHiKPkiwGdb80iXDpx3h","2026-09-26T02:15:00.000Z","Los Angeles Dodgers @ San Francisco Giants","Los Angeles Dodgers","San Francisco Giants","7","full","FULL_INNING_TOTAL","over","","points-all-7i-ou-over","draftkings","1.5","true","300","2026-09-25T16:27:56.462Z","0.5","0.5","","",""
"SPORTSGAMEODDS","cHiKPkiwGdb80iXDpx3h","2026-09-26T02:15:00.000Z","Los Angeles Dodgers @ San Francisco Giants","Los Angeles Dodgers","San Francisco Giants","7","full","FULL_INNING_TOTAL","under","","points-all-7i-ou-under","fanduel","0.5","false","-164","2026-09-25T16:28:08.825Z","0.5","0.5","-137","-164","https://sportsbook.fanduel.com/addToBetslip?marketId=717.188372082&selectionId=7017906"
"SPORTSGAMEODDS","cHiKPkiwGdb80iXDpx3h","2026-09-26T02:15:00.000Z","Los Angeles Dodgers @ San Francisco Giants","Los Angeles Dodgers","San Francisco Giants","7","full","FULL_INNING_TOTAL","under","","points-all-7i-ou-under","fanduel","1.5","true","-470","2026-09-25T16:28:08.825Z","0.5","0.5","","","https://sportsbook.fanduel.com/addToBetslip?marketId=717.188372082&selectionId=7017906"
"SPORTSGAMEODDS","cHiKPkiwGdb80iXDpx3h","2026-09-26T02:15:00.000Z","Los Angeles Dodgers @ San Francisco Giants","Los Angeles Dodgers","San Francisco Giants","7","full","FULL_INNING_TOTAL","under","","points-all-7i-ou-under","draftkings","0.5","false","-160","2026-09-25T16:27:56.462Z","0.5","0.5","-137","-164",""
"SPORTSGAMEODDS","cHiKPkiwGdb80iXDpx3h","2026-09-26T02:15:00.000Z","Los Angeles Dodgers @ San Francisco Giants","Los Angeles Dodgers","San Francisco Giants","7","full","FULL_INNING_TOTAL","under","","points-all-7i-ou-under","draftkings","1.5","true","-425","2026-09-25T16:27:56.462Z","0.5","0.5","","",""
"SPORTSGAMEODDS","cHiKPkiwGdb80iXDpx3h","2026-09-26T02:15:00.000Z","Los Angeles Dodgers @ San Francisco Giants","Los Angeles Dodgers","San Francisco Giants","8","full","FULL_INNING_3WAY","draw","","points-all-8i-ml3way-draw","fanduel","","false","-185","2026-09-25T16:28:08.825Z","","","","","https://sportsbook.fanduel.com/addToBetslip?marketId=717.188371971&selectionId=131604"
"SPORTSGAMEODDS","cHiKPkiwGdb80iXDpx3h","2026-09-26T02:15:00.000Z","Los Angeles Dodgers @ San Francisco Giants","Los Angeles Dodgers","San Francisco Giants","8","full","FULL_INNING_3WAY","draw","","points-all-8i-ml3way-draw","draftkings","","false","-185","2026-09-25T16:27:56.462Z","","","","",""
"SPORTSGAMEODDS","cHiKPkiwGdb80iXDpx3h","2026-09-26T02:15:00.000Z","Los Angeles Dodgers @ San Francisco Giants","Los Angeles Dodgers","San Francisco Giants","8","full","FULL_INNING_TOTAL","over","","points-all-8i-ou-over","fanduel","0.5","false","132","2026-09-25T16:28:08.825Z","0.5","0.5","140","125","https://sportsbook.fanduel.com/addToBetslip?marketId=717.188372019&selectionId=7017905"
"SPORTSGAMEODDS","cHiKPkiwGdb80iXDpx3h","2026-09-26T02:15:00.000Z","Los Angeles Dodgers @ San Francisco Giants","Los Angeles Dodgers","San Francisco Giants","8","full","FULL_INNING_TOTAL","over","","points-all-8i-ou-over","fanduel","1.5","true","340","2026-09-25T16:28:08.825Z","0.5","0.5","","","https://sportsbook.fanduel.com/addToBetslip?marketId=717.188372019&selectionId=7017905"
"SPORTSGAMEODDS","cHiKPkiwGdb80iXDpx3h","2026-09-26T02:15:00.000Z","Los Angeles Dodgers @ San Francisco Giants","Los Angeles Dodgers","San Francisco Giants","8","full","FULL_INNING_TOTAL","over","","points-all-8i-ou-over","draftkings","0.5","false","125","2026-09-25T16:27:56.462Z","0.5","0.5","140","125",""
"SPORTSGAMEODDS","cHiKPkiwGdb80iXDpx3h","2026-09-26T02:15:00.000Z","Los Angeles Dodgers @ San Francisco Giants","Los Angeles Dodgers","San Francisco Giants","8","full","FULL_INNING_TOTAL","over","","points-all-8i-ou-over","draftkings","1.5","true","310","2026-09-25T16:27:56.462Z","0.5","0.5","","",""
"SPORTSGAMEODDS","cHiKPkiwGdb80iXDpx3h","2026-09-26T02:15:00.000Z","Los Angeles Dodgers @ San Francisco Giants","Los Angeles Dodgers","San Francisco Giants","8","full","FULL_INNING_TOTAL","under","","points-all-8i-ou-under","fanduel","0.5","false","-162","2026-09-25T16:28:08.825Z","0.5","0.5","-140","-165","https://sportsbook.fanduel.com/addToBetslip?marketId=717.188372019&selectionId=7017906"
"SPORTSGAMEODDS","cHiKPkiwGdb80iXDpx3h","2026-09-26T02:15:00.000Z","Los Angeles Dodgers @ San Francisco Giants","Los Angeles Dodgers","San Francisco Giants","8","full","FULL_INNING_TOTAL","under","","points-all-8i-ou-under","fanduel","1.5","true","-440","2026-09-25T16:28:08.825Z","0.5","0.5","","","https://sportsbook.fanduel.com/addToBetslip?marketId=717.188372019&selectionId=7017906"
"SPORTSGAMEODDS","cHiKPkiwGdb80iXDpx3h","2026-09-26T02:15:00.000Z","Los Angeles Dodgers @ San Francisco Giants","Los Angeles Dodgers","San Francisco Giants","8","full","FULL_INNING_TOTAL","under","","points-all-8i-ou-under","draftkings","0.5","false","-165","2026-09-25T16:27:56.462Z","0.5","0.5","-140","-165",""
"SPORTSGAMEODDS","cHiKPkiwGdb80iXDpx3h","2026-09-26T02:15:00.000Z","Los Angeles Dodgers @ San Francisco Giants","Los Angeles Dodgers","San Francisco Giants","8","full","FULL_INNING_TOTAL","under","","points-all-8i-ou-under","draftkings","1.5","true","-450","2026-09-25T16:27:56.462Z","0.5","0.5","","",""
"SPORTSGAMEODDS","cHiKPkiwGdb80iXDpx3h","2026-09-26T02:15:00.000Z","Los Angeles Dodgers @ San Francisco Giants","Los Angeles Dodgers","San Francisco Giants","9","full","FULL_INNING_3WAY","draw","","points-all-9i-ml3way-draw","fanduel","","false","-200","2026-09-25T16:28:08.825Z","","","","","https://sportsbook.fanduel.com/addToBetslip?marketId=717.188372072&selectionId=131604"
"SPORTSGAMEODDS","cHiKPkiwGdb80iXDpx3h","2026-09-26T02:15:00.000Z","Los Angeles Dodgers @ San Francisco Giants","Los Angeles Dodgers","San Francisco Giants","9","full","FULL_INNING_3WAY","draw","","points-all-9i-ml3way-draw","draftkings","","false","-205","2026-09-25T16:27:56.462Z","","","","",""
"SPORTSGAMEODDS","cHiKPkiwGdb80iXDpx3h","2026-09-26T02:15:00.000Z","Los Angeles Dodgers @ San Francisco Giants","Los Angeles Dodgers","San Francisco Giants","9","full","FULL_INNING_TOTAL","over","","points-all-9i-ou-over","fanduel","0.5","false","146","2026-09-25T16:28:08.825Z","","0.5","","140","https://sportsbook.fanduel.com/addToBetslip?marketId=717.188372057&selectionId=7017905"
"SPORTSGAMEODDS","cHiKPkiwGdb80iXDpx3h","2026-09-26T02:15:00.000Z","Los Angeles Dodgers @ San Francisco Giants","Los Angeles Dodgers","San Francisco Giants","9","full","FULL_INNING_TOTAL","over","","points-all-9i-ou-over","fanduel","1.5","true","360","2026-09-25T16:28:08.825Z","","0.5","","","https://sportsbook.fanduel.com/addToBetslip?marketId=717.188372057&selectionId=7017905"
"SPORTSGAMEODDS","cHiKPkiwGdb80iXDpx3h","2026-09-26T02:15:00.000Z","Los Angeles Dodgers @ San Francisco Giants","Los Angeles Dodgers","San Francisco Giants","9","full","FULL_INNING_TOTAL","over","","points-all-9i-ou-over","draftkings","0.5","false","135","2026-09-25T16:27:56.462Z","","0.5","","140",""
"SPORTSGAMEODDS","cHiKPkiwGdb80iXDpx3h","2026-09-26T02:15:00.000Z","Los Angeles Dodgers @ San Francisco Giants","Los Angeles Dodgers","San Francisco Giants","9","full","FULL_INNING_TOTAL","over","","points-all-9i-ou-over","draftkings","1.5","true","330","2026-09-25T16:27:56.462Z","","0.5","","",""
"SPORTSGAMEODDS","cHiKPkiwGdb80iXDpx3h","2026-09-26T02:15:00.000Z","Los Angeles Dodgers @ San Francisco Giants","Los Angeles Dodgers","San Francisco Giants","9","full","FULL_INNING_TOTAL","under","","points-all-9i-ou-under","fanduel","0.5","false","-180","2026-09-25T16:28:08.825Z","","0.5","","-182","https://sportsbook.fanduel.com/addToBetslip?marketId=717.188372057&selectionId=7017906"
"SPORTSGAMEODDS","cHiKPkiwGdb80iXDpx3h","2026-09-26T02:15:00.000Z","Los Angeles Dodgers @ San Francisco Giants","Los Angeles Dodgers","San Francisco Giants","9","full","FULL_INNING_TOTAL","under","","points-all-9i-ou-under","fanduel","1.5","true","-500","2026-09-25T16:28:08.825Z","","0.5","","","https://sportsbook.fanduel.com/addToBetslip?marketId=717.188372057&selectionId=7017906"
"SPORTSGAMEODDS","cHiKPkiwGdb80iXDpx3h","2026-09-26T02:15:00.000Z","Los Angeles Dodgers @ San Francisco Giants","Los Angeles Dodgers","San Francisco Giants","9","full","FULL_INNING_TOTAL","under","","points-all-9i-ou-under","draftkings","0.5","false","-185","2026-09-25T16:27:56.462Z","","0.5","","-182",""
"SPORTSGAMEODDS","cHiKPkiwGdb80iXDpx3h","2026-09-26T02:15:00.000Z","Los Angeles Dodgers @ San Francisco Giants","Los Angeles Dodgers","San Francisco Giants","9","full","FULL_INNING_TOTAL","under","","points-all-9i-ou-under","draftkings","1.5","true","-475","2026-09-25T16:27:56.462Z","","0.5","","",""
"SPORTSGAMEODDS","cHiKPkiwGdb80iXDpx3h","2026-09-26T02:15:00.000Z","Los Angeles Dodgers @ San Francisco Giants","Los Angeles Dodgers","San Francisco Giants","2","full","FULL_INNING_3WAY","away","","points-away-2i-ml3way-away","fanduel","","false","260","2026-09-25T16:28:08.825Z","","","","","https://sportsbook.fanduel.com/addToBetslip?marketId=717.188372009&selectionId=29171"
"SPORTSGAMEODDS","cHiKPkiwGdb80iXDpx3h","2026-09-26T02:15:00.000Z","Los Angeles Dodgers @ San Francisco Giants","Los Angeles Dodgers","San Francisco Giants","2","full","FULL_INNING_3WAY","away","","points-away-2i-ml3way-away","draftkings","","false","230","2026-09-25T16:27:56.462Z","","","","",""
"SPORTSGAMEODDS","cHiKPkiwGdb80iXDpx3h","2026-09-26T02:15:00.000Z","Los Angeles Dodgers @ San Francisco Giants","Los Angeles Dodgers","San Francisco Giants","3","full","FULL_INNING_3WAY","away","","points-away-3i-ml3way-away","fanduel","","false","220","2026-09-25T16:28:08.825Z","","","","","https://sportsbook.fanduel.com/addToBetslip?marketId=717.188372048&selectionId=29171"
"SPORTSGAMEODDS","cHiKPkiwGdb80iXDpx3h","2026-09-26T02:15:00.000Z","Los Angeles Dodgers @ San Francisco Giants","Los Angeles Dodgers","San Francisco Giants","3","full","FULL_INNING_3WAY","away","","points-away-3i-ml3way-away","draftkings","","false","230","2026-09-25T16:27:56.462Z","","","","",""
"SPORTSGAMEODDS","cHiKPkiwGdb80iXDpx3h","2026-09-26T02:15:00.000Z","Los Angeles Dodgers @ San Francisco Giants","Los Angeles Dodgers","San Francisco Giants","4","full","FULL_INNING_3WAY","away","","points-away-4i-ml3way-away","fanduel","","false","240","2026-09-25T16:28:08.825Z","","","","","https://sportsbook.fanduel.com/addToBetslip?marketId=717.188371934&selectionId=29171"
"SPORTSGAMEODDS","cHiKPkiwGdb80iXDpx3h","2026-09-26T02:15:00.000Z","Los Angeles Dodgers @ San Francisco Giants","Los Angeles Dodgers","San Francisco Giants","4","full","FULL_INNING_3WAY","away","","points-away-4i-ml3way-away","draftkings","","false","270","2026-09-25T16:27:56.462Z","","","","",""
"SPORTSGAMEODDS","cHiKPkiwGdb80iXDpx3h","2026-09-26T02:15:00.000Z","Los Angeles Dodgers @ San Francisco Giants","Los Angeles Dodgers","San Francisco Giants","5","full","FULL_INNING_3WAY","away","","points-away-5i-ml3way-away","fanduel","","false","230","2026-09-25T16:28:08.825Z","","","","","https://sportsbook.fanduel.com/addToBetslip?marketId=717.188372027&selectionId=29171"
"SPORTSGAMEODDS","cHiKPkiwGdb80iXDpx3h","2026-09-26T02:15:00.000Z","Los Angeles Dodgers @ San Francisco Giants","Los Angeles Dodgers","San Francisco Giants","5","full","FULL_INNING_3WAY","away","","points-away-5i-ml3way-away","draftkings","","false","320","2026-09-25T16:27:56.462Z","","","","",""
"SPORTSGAMEODDS","cHiKPkiwGdb80iXDpx3h","2026-09-26T02:15:00.000Z","Los Angeles Dodgers @ San Francisco Giants","Los Angeles Dodgers","San Francisco Giants","6","full","FULL_INNING_3WAY","away","","points-away-6i-ml3way-away","fanduel","","false","260","2026-09-25T16:28:08.825Z","","","","","https://sportsbook.fanduel.com/addToBetslip?marketId=717.188372053&selectionId=29171"
"SPORTSGAMEODDS","cHiKPkiwGdb80iXDpx3h","2026-09-26T02:15:00.000Z","Los Angeles Dodgers @ San Francisco Giants","Los Angeles Dodgers","San Francisco Giants","6","full","FULL_INNING_3WAY","away","","points-away-6i-ml3way-away","draftkings","","false","205","2026-09-25T16:27:56.462Z","","","","",""
"SPORTSGAMEODDS","cHiKPkiwGdb80iXDpx3h","2026-09-26T02:15:00.000Z","Los Angeles Dodgers @ San Francisco Giants","Los Angeles Dodgers","San Francisco Giants","7","full","FULL_INNING_3WAY","away","","points-away-7i-ml3way-away","fanduel","","false","280","2026-09-25T16:28:08.825Z","","","","","https://sportsbook.fanduel.com/addToBetslip?marketId=717.188372035&selectionId=29171"
"SPORTSGAMEODDS","cHiKPkiwGdb80iXDpx3h","2026-09-26T02:15:00.000Z","Los Angeles Dodgers @ San Francisco Giants","Los Angeles Dodgers","San Francisco Giants","7","full","FULL_INNING_3WAY","away","","points-away-7i-ml3way-away","draftkings","","false","255","2026-09-25T16:27:56.462Z","","","","",""
"SPORTSGAMEODDS","cHiKPkiwGdb80iXDpx3h","2026-09-26T02:15:00.000Z","Los Angeles Dodgers @ San Francisco Giants","Los Angeles Dodgers","San Francisco Giants","8","full","FULL_INNING_3WAY","away","","points-away-8i-ml3way-away","fanduel","","false","290","2026-09-25T16:28:08.825Z","","","","","https://sportsbook.fanduel.com/addToBetslip?marketId=717.188371971&selectionId=29171"
"SPORTSGAMEODDS","cHiKPkiwGdb80iXDpx3h","2026-09-26T02:15:00.000Z","Los Angeles Dodgers @ San Francisco Giants","Los Angeles Dodgers","San Francisco Giants","8","full","FULL_INNING_3WAY","away","","points-away-8i-ml3way-away","draftkings","","false","270","2026-09-25T16:27:56.462Z","","","","",""
"SPORTSGAMEODDS","cHiKPkiwGdb80iXDpx3h","2026-09-26T02:15:00.000Z","Los Angeles Dodgers @ San Francisco Giants","Los Angeles Dodgers","San Francisco Giants","9","full","FULL_INNING_3WAY","away","","points-away-9i-ml3way-away","fanduel","","false","270","2026-09-25T16:28:08.825Z","","","","","https://sportsbook.fanduel.com/addToBetslip?marketId=717.188372072&selectionId=29171"
"SPORTSGAMEODDS","cHiKPkiwGdb80iXDpx3h","2026-09-26T02:15:00.000Z","Los Angeles Dodgers @ San Francisco Giants","Los Angeles Dodgers","San Francisco Giants","9","full","FULL_INNING_3WAY","away","","points-away-9i-ml3way-away","draftkings","","false","255","2026-09-25T16:27:56.462Z","","","","",""
"SPORTSGAMEODDS","cHiKPkiwGdb80iXDpx3h","2026-09-26T02:15:00.000Z","Los Angeles Dodgers @ San Francisco Giants","Los Angeles Dodgers","San Francisco Giants","2","full","FULL_INNING_3WAY","home","","points-home-2i-ml3way-home","fanduel","","false","650","2026-09-25T16:28:08.825Z","","","","","https://sportsbook.fanduel.com/addToBetslip?marketId=717.188372009&selectionId=29178"
"SPORTSGAMEODDS","cHiKPkiwGdb80iXDpx3h","2026-09-26T02:15:00.000Z","Los Angeles Dodgers @ San Francisco Giants","Los Angeles Dodgers","San Francisco Giants","2","full","FULL_INNING_3WAY","home","","points-home-2i-ml3way-home","draftkings","","false","550","2026-09-25T16:27:56.462Z","","","","",""
"SPORTSGAMEODDS","cHiKPkiwGdb80iXDpx3h","2026-09-26T02:15:00.000Z","Los Angeles Dodgers @ San Francisco Giants","Los Angeles Dodgers","San Francisco Giants","3","full","FULL_INNING_3WAY","home","","points-home-3i-ml3way-home","fanduel","","false","600","2026-09-25T16:28:08.825Z","","","","","https://sportsbook.fanduel.com/addToBetslip?marketId=717.188372048&selectionId=29178"
"SPORTSGAMEODDS","cHiKPkiwGdb80iXDpx3h","2026-09-26T02:15:00.000Z","Los Angeles Dodgers @ San Francisco Giants","Los Angeles Dodgers","San Francisco Giants","3","full","FULL_INNING_3WAY","home","","points-home-3i-ml3way-home","draftkings","","false","500","2026-09-25T16:27:56.462Z","","","","",""
"SPORTSGAMEODDS","cHiKPkiwGdb80iXDpx3h","2026-09-26T02:15:00.000Z","Los Angeles Dodgers @ San Francisco Giants","Los Angeles Dodgers","San Francisco Giants","4","full","FULL_INNING_3WAY","home","","points-home-4i-ml3way-home","fanduel","","false","600","2026-09-25T16:28:08.825Z","","","","","https://sportsbook.fanduel.com/addToBetslip?marketId=717.188371934&selectionId=29178"
"SPORTSGAMEODDS","cHiKPkiwGdb80iXDpx3h","2026-09-26T02:15:00.000Z","Los Angeles Dodgers @ San Francisco Giants","Los Angeles Dodgers","San Francisco Giants","4","full","FULL_INNING_3WAY","home","","points-home-4i-ml3way-home","draftkings","","false","475","2026-09-25T16:27:56.462Z","","","","",""
"SPORTSGAMEODDS","cHiKPkiwGdb80iXDpx3h","2026-09-26T02:15:00.000Z","Los Angeles Dodgers @ San Francisco Giants","Los Angeles Dodgers","San Francisco Giants","5","full","FULL_INNING_3WAY","home","","points-home-5i-ml3way-home","fanduel","","false","550","2026-09-25T16:28:08.825Z","","","","","https://sportsbook.fanduel.com/addToBetslip?marketId=717.188372027&selectionId=29178"
"SPORTSGAMEODDS","cHiKPkiwGdb80iXDpx3h","2026-09-26T02:15:00.000Z","Los Angeles Dodgers @ San Francisco Giants","Los Angeles Dodgers","San Francisco Giants","5","full","FULL_INNING_3WAY","home","","points-home-5i-ml3way-home","draftkings","","false","500","2026-09-25T16:27:56.462Z","","","","",""
"SPORTSGAMEODDS","cHiKPkiwGdb80iXDpx3h","2026-09-26T02:15:00.000Z","Los Angeles Dodgers @ San Francisco Giants","Los Angeles Dodgers","San Francisco Giants","6","full","FULL_INNING_3WAY","home","","points-home-6i-ml3way-home","fanduel","","false","550","2026-09-25T16:28:08.825Z","","","","","https://sportsbook.fanduel.com/addToBetslip?marketId=717.188372053&selectionId=29178"
"SPORTSGAMEODDS","cHiKPkiwGdb80iXDpx3h","2026-09-26T02:15:00.000Z","Los Angeles Dodgers @ San Francisco Giants","Los Angeles Dodgers","San Francisco Giants","6","full","FULL_INNING_3WAY","home","","points-home-6i-ml3way-home","draftkings","","false","550","2026-09-25T16:27:56.462Z","","","","",""
"SPORTSGAMEODDS","cHiKPkiwGdb80iXDpx3h","2026-09-26T02:15:00.000Z","Los Angeles Dodgers @ San Francisco Giants","Los Angeles Dodgers","San Francisco Giants","7","full","FULL_INNING_3WAY","home","","points-home-7i-ml3way-home","fanduel","","false","550","2026-09-25T16:28:08.825Z","","","","","https://sportsbook.fanduel.com/addToBetslip?marketId=717.188372035&selectionId=29178"
"SPORTSGAMEODDS","cHiKPkiwGdb80iXDpx3h","2026-09-26T02:15:00.000Z","Los Angeles Dodgers @ San Francisco Giants","Los Angeles Dodgers","San Francisco Giants","7","full","FULL_INNING_3WAY","home","","points-home-7i-ml3way-home","draftkings","","false","500","2026-09-25T16:27:56.462Z","","","","",""
"SPORTSGAMEODDS","cHiKPkiwGdb80iXDpx3h","2026-09-26T02:15:00.000Z","Los Angeles Dodgers @ San Francisco Giants","Los Angeles Dodgers","San Francisco Giants","8","full","FULL_INNING_3WAY","home","","points-home-8i-ml3way-home","fanduel","","false","500","2026-09-25T16:28:08.825Z","","","","","https://sportsbook.fanduel.com/addToBetslip?marketId=717.188371971&selectionId=29178"
"SPORTSGAMEODDS","cHiKPkiwGdb80iXDpx3h","2026-09-26T02:15:00.000Z","Los Angeles Dodgers @ San Francisco Giants","Los Angeles Dodgers","San Francisco Giants","8","full","FULL_INNING_3WAY","home","","points-home-8i-ml3way-home","draftkings","","false","475","2026-09-25T16:27:56.462Z","","","","",""
"SPORTSGAMEODDS","cHiKPkiwGdb80iXDpx3h","2026-09-26T02:15:00.000Z","Los Angeles Dodgers @ San Francisco Giants","Los Angeles Dodgers","San Francisco Giants","9","full","FULL_INNING_3WAY","home","","points-home-9i-ml3way-home","fanduel","","false","650","2026-09-25T16:28:08.825Z","","","","","https://sportsbook.fanduel.com/addToBetslip?marketId=717.188372072&selectionId=29178"
"SPORTSGAMEODDS","cHiKPkiwGdb80iXDpx3h","2026-09-26T02:15:00.000Z","Los Angeles Dodgers @ San Francisco Giants","Los Angeles Dodgers","San Francisco Giants","9","full","FULL_INNING_3WAY","home","","points-home-9i-ml3way-home","draftkings","","false","600","2026-09-25T16:27:56.462Z","","","","",""
