provider,eventID,startTime,matchup,awayTeam,homeTeam,inning,segment,marketType,side,teamSide,oddID,bookmakerID,line,isAlternateLine,americanOdds,lastUpdatedAt,providerFairLine,providerConsensusLine,providerFairOdds,providerConsensusOdds,deeplink
"SPORTSGAMEODDS","lXJaq2XUxiN4DmrnjZmi","2026-09-26T17:10:00.000Z","Pittsburgh Pirates @ Detroit Tigers","Pittsburgh Pirates","Detroit Tigers","1","full","FULL_INNING_TOTAL","over","","points-all-1i-ou-over","novig","0.5","false","104","2026-09-26T13:25:01.238Z","0.5","0.5","102","-110","https://novig.com/events/01a0d99a-f836-7240-8bdd-61107f757458/sportsgameodds"
"SPORTSGAMEODDS","lXJaq2XUxiN4DmrnjZmi","2026-09-26T17:10:00.000Z","Pittsburgh Pirates @ Detroit Tigers","Pittsburgh Pirates","Detroit Tigers","1","full","FULL_INNING_TOTAL","over","","points-all-1i-ou-over","fanduel","0.5","false","100","2026-09-26T13:25:34.000Z","0.5","0.5","102","-110","https://sportsbook.fanduel.com/addToBetslip?marketId=717.188546024&selectionId=7017905"
"SPORTSGAMEODDS","lXJaq2XUxiN4DmrnjZmi","2026-09-26T17:10:00.000Z","Pittsburgh Pirates @ Detroit Tigers","Pittsburgh Pirates","Detroit Tigers","1","full","FULL_INNING_TOTAL","over","","points-all-1i-ou-over","fanduel","1.5","true","240","2026-09-26T13:25:34.000Z","0.5","0.5","","","https://sportsbook.fanduel.com/addToBetslip?marketId=717.188546024&selectionId=7017905"
"SPORTSGAMEODDS","lXJaq2XUxiN4DmrnjZmi","2026-09-26T17:10:00.000Z","Pittsburgh Pirates @ Detroit Tigers","Pittsburgh Pirates","Detroit Tigers","1","full","FULL_INNING_TOTAL","over","","points-all-1i-ou-over","caesars","0.5","false","-109","2026-09-26T13:25:46.706Z","0.5","0.5","102","-110","https://sportsbook.caesars.com/us/nj/bet/betslip?selectionIds=b660ecfb-ce15-343d-9125-a4e1d2144062"
"SPORTSGAMEODDS","lXJaq2XUxiN4DmrnjZmi","2026-09-26T17:10:00.000Z","Pittsburgh Pirates @ Detroit Tigers","Pittsburgh Pirates","Detroit Tigers","1","full","FULL_INNING_TOTAL","over","","points-all-1i-ou-over","fliff","0.5","false","-120","2026-09-26T13:23:52.193Z","0.5","0.5","102","-110",""
"SPORTSGAMEODDS","lXJaq2XUxiN4DmrnjZmi","2026-09-26T17:10:00.000Z","Pittsburgh Pirates @ Detroit Tigers","Pittsburgh Pirates","Detroit Tigers","1","full","FULL_INNING_TOTAL","over","","points-all-1i-ou-over","prophetexchange","0.5","false","-103","2026-09-26T13:26:20.693Z","0.5","0.5","102","-110",""
"SPORTSGAMEODDS","lXJaq2XUxiN4DmrnjZmi","2026-09-26T17:10:00.000Z","Pittsburgh Pirates @ Detroit Tigers","Pittsburgh Pirates","Detroit Tigers","1","full","FULL_INNING_TOTAL","over","","points-all-1i-ou-over","draftkings","0.5","false","-115","2026-09-26T13:25:36.276Z","0.5","0.5","102","-110",""
"SPORTSGAMEODDS","lXJaq2XUxiN4DmrnjZmi","2026-09-26T17:10:00.000Z","Pittsburgh Pirates @ Detroit Tigers","Pittsburgh Pirates","Detroit Tigers","1","full","FULL_INNING_TOTAL","over","","points-all-1i-ou-over","draftkings","1.5","true","200","2026-09-26T13:25:36.276Z","0.5","0.5","","",""
"SPORTSGAMEODDS","lXJaq2XUxiN4DmrnjZmi","2026-09-26T17:10:00.000Z","Pittsburgh Pirates @ Detroit Tigers","Pittsburgh Pirates","Detroit Tigers","1","full","FULL_INNING_TOTAL","over","","points-all-1i-ou-over","unknown","0.5","false","-121","2026-09-26T13:25:42.761Z","0.5","0.5","102","-110",""
"SPORTSGAMEODDS","lXJaq2XUxiN4DmrnjZmi","2026-09-26T17:10:00.000Z","Pittsburgh Pirates @ Detroit Tigers","Pittsburgh Pirates","Detroit Tigers","1","full","FULL_INNING_TOTAL","over","","points-all-1i-ou-over","unknown","1.5","true","205","2026-09-26T13:25:36.261Z","0.5","0.5","","",""
"SPORTSGAMEODDS","lXJaq2XUxiN4DmrnjZmi","2026-09-26T17:10:00.000Z","Pittsburgh Pirates @ Detroit Tigers","Pittsburgh Pirates","Detroit Tigers","1","full","FULL_INNING_TOTAL","over","","points-all-1i-ou-over","ballybet","1.5","false","185","2026-09-26T13:25:49.761Z","0.5","0.5","","",""
"SPORTSGAMEODDS","lXJaq2XUxiN4DmrnjZmi","2026-09-26T17:10:00.000Z","Pittsburgh Pirates @ Detroit Tigers","Pittsburgh Pirates","Detroit Tigers","1","full","FULL_INNING_TOTAL","over","","points-all-1i-ou-over","betparx","1.5","false","185","2026-09-26T13:25:34.261Z","0.5","0.5","","",""
"SPORTSGAMEODDS","lXJaq2XUxiN4DmrnjZmi","2026-09-26T17:10:00.000Z","Pittsburgh Pirates @ Detroit Tigers","Pittsburgh Pirates","Detroit Tigers","1","full","FULL_INNING_TOTAL","over","","points-all-1i-ou-over","betrivers","1.5","false","185","2026-09-26T13:25:28.706Z","0.5","0.5","","","https://nj.betrivers.com/?page=sportsbook#event/1024788206?coupon=single|4351442291|0"
"SPORTSGAMEODDS","lXJaq2XUxiN4DmrnjZmi","2026-09-26T17:10:00.000Z","Pittsburgh Pirates @ Detroit Tigers","Pittsburgh Pirates","Detroit Tigers","1","full","FULL_INNING_TOTAL","over","","points-all-1i-ou-over","betonline","0.5","false","-110","2026-09-26T13:25:19.206Z","0.5","0.5","102","-110",""
"SPORTSGAMEODDS","lXJaq2XUxiN4DmrnjZmi","2026-09-26T17:10:00.000Z","Pittsburgh Pirates @ Detroit Tigers","Pittsburgh Pirates","Detroit Tigers","1","full","FULL_INNING_TOTAL","over","","points-all-1i-ou-over","hardrockbet","0.5","false","-115","2026-09-26T13:25:32.761Z","0.5","0.5","102","-110",""
"SPORTSGAMEODDS","lXJaq2XUxiN4DmrnjZmi","2026-09-26T17:10:00.000Z","Pittsburgh Pirates @ Detroit Tigers","Pittsburgh Pirates","Detroit Tigers","1","full","FULL_INNING_TOTAL","over","","points-all-1i-ou-over","hardrockbet","1.5","true","200","2026-09-26T13:25:32.761Z","0.5","0.5","","",""
"SPORTSGAMEODDS","lXJaq2XUxiN4DmrnjZmi","2026-09-26T17:10:00.000Z","Pittsburgh Pirates @ Detroit Tigers","Pittsburgh Pirates","Detroit Tigers","1","full","FULL_INNING_TOTAL","over","","points-all-1i-ou-over","hardrockbet","2.5","true","450","2026-09-26T13:25:32.761Z","0.5","0.5","","",""
"SPORTSGAMEODDS","lXJaq2XUxiN4DmrnjZmi","2026-09-26T17:10:00.000Z","Pittsburgh Pirates @ Detroit Tigers","Pittsburgh Pirates","Detroit Tigers","1","full","FULL_INNING_TOTAL","over","","points-all-1i-ou-over","betmgm","0.5","false","-110","2026-09-26T13:25:46.706Z","0.5","0.5","102","-110","https://sports.nj.betmgm.com/en/sports?options=19945286-1561567847-2305073696"
"SPORTSGAMEODDS","lXJaq2XUxiN4DmrnjZmi","2026-09-26T17:10:00.000Z","Pittsburgh Pirates @ Detroit Tigers","Pittsburgh Pirates","Detroit Tigers","1","full","FULL_INNING_TOTAL","under","","points-all-1i-ou-under","novig","0.5","false","-108","2026-09-26T13:25:01.238Z","0.5","0.5","-102","-115","https://novig.com/events/01a0d99a-f836-7240-8bdd-612b3aad7d1a/sportsgameodds"
"SPORTSGAMEODDS","lXJaq2XUxiN4DmrnjZmi","2026-09-26T17:10:00.000Z","Pittsburgh Pirates @ Detroit Tigers","Pittsburgh Pirates","Detroit Tigers","1","full","FULL_INNING_TOTAL","under","","points-all-1i-ou-under","fanduel","0.5","false","-128","2026-09-26T13:25:34.000Z","0.5","0.5","-102","-115","https://sportsbook.fanduel.com/addToBetslip?marketId=717.188546024&selectionId=7017906"
"SPORTSGAMEODDS","lXJaq2XUxiN4DmrnjZmi","2026-09-26T17:10:00.000Z","Pittsburgh Pirates @ Detroit Tigers","Pittsburgh Pirates","Detroit Tigers","1","full","FULL_INNING_TOTAL","under","","points-all-1i-ou-under","fanduel","1.5","true","-310","2026-09-26T13:25:34.000Z","0.5","0.5","","","https://sportsbook.fanduel.com/addToBetslip?marketId=717.188546024&selectionId=7017906"
"SPORTSGAMEODDS","lXJaq2XUxiN4DmrnjZmi","2026-09-26T17:10:00.000Z","Pittsburgh Pirates @ Detroit Tigers","Pittsburgh Pirates","Detroit Tigers","1","full","FULL_INNING_TOTAL","under","","points-all-1i-ou-under","caesars","0.5","false","-114","2026-09-26T13:25:46.706Z","0.5","0.5","-102","-115","https://sportsbook.caesars.com/us/nj/bet/betslip?selectionIds=77a2efe0-8179-3383-955c-25f21fc40b91"
"SPORTSGAMEODDS","lXJaq2XUxiN4DmrnjZmi","2026-09-26T17:10:00.000Z","Pittsburgh Pirates @ Detroit Tigers","Pittsburgh Pirates","Detroit Tigers","1","full","FULL_INNING_TOTAL","under","","points-all-1i-ou-under","fliff","0.5","false","-135","2026-09-26T13:23:52.193Z","0.5","0.5","-102","-115",""
"SPORTSGAMEODDS","lXJaq2XUxiN4DmrnjZmi","2026-09-26T17:10:00.000Z","Pittsburgh Pirates @ Detroit Tigers","Pittsburgh Pirates","Detroit Tigers","1","full","FULL_INNING_TOTAL","under","","points-all-1i-ou-under","prophetexchange","0.5","false","-112","2026-09-26T13:26:20.693Z","0.5","0.5","-102","-115",""
"SPORTSGAMEODDS","lXJaq2XUxiN4DmrnjZmi","2026-09-26T17:10:00.000Z","Pittsburgh Pirates @ Detroit Tigers","Pittsburgh Pirates","Detroit Tigers","1","full","FULL_INNING_TOTAL","under","","points-all-1i-ou-under","draftkings","0.5","false","-115","2026-09-26T13:25:36.276Z","0.5","0.5","-102","-115",""
"SPORTSGAMEODDS","lXJaq2XUxiN4DmrnjZmi","2026-09-26T17:10:00.000Z","Pittsburgh Pirates @ Detroit Tigers","Pittsburgh Pirates","Detroit Tigers","1","full","FULL_INNING_TOTAL","under","","points-all-1i-ou-under","draftkings","1.5","true","-265","2026-09-26T13:25:36.276Z","0.5","0.5","","",""
"SPORTSGAMEODDS","lXJaq2XUxiN4DmrnjZmi","2026-09-26T17:10:00.000Z","Pittsburgh Pirates @ Detroit Tigers","Pittsburgh Pirates","Detroit Tigers","1","full","FULL_INNING_TOTAL","under","","points-all-1i-ou-under","unknown","0.5","false","-114","2026-09-26T13:25:42.761Z","0.5","0.5","-102","-115",""
"SPORTSGAMEODDS","lXJaq2XUxiN4DmrnjZmi","2026-09-26T17:10:00.000Z","Pittsburgh Pirates @ Detroit Tigers","Pittsburgh Pirates","Detroit Tigers","1","full","FULL_INNING_TOTAL","under","","points-all-1i-ou-under","unknown","1.5","true","-258","2026-09-26T13:25:36.261Z","0.5","0.5","","",""
"SPORTSGAMEODDS","lXJaq2XUxiN4DmrnjZmi","2026-09-26T17:10:00.000Z","Pittsburgh Pirates @ Detroit Tigers","Pittsburgh Pirates","Detroit Tigers","1","full","FULL_INNING_TOTAL","under","","points-all-1i-ou-under","ballybet","1.5","false","-265","2026-09-26T13:25:49.761Z","0.5","0.5","","",""
"SPORTSGAMEODDS","lXJaq2XUxiN4DmrnjZmi","2026-09-26T17:10:00.000Z","Pittsburgh Pirates @ Detroit Tigers","Pittsburgh Pirates","Detroit Tigers","1","full","FULL_INNING_TOTAL","under","","points-all-1i-ou-under","betparx","1.5","false","-265","2026-09-26T13:25:34.261Z","0.5","0.5","","",""
"SPORTSGAMEODDS","lXJaq2XUxiN4DmrnjZmi","2026-09-26T17:10:00.000Z","Pittsburgh Pirates @ Detroit Tigers","Pittsburgh Pirates","Detroit Tigers","1","full","FULL_INNING_TOTAL","under","","points-all-1i-ou-under","betrivers","1.5","false","-265","2026-09-26T13:25:28.706Z","0.5","0.5","","","https://nj.betrivers.com/?page=sportsbook#event/1024788206?coupon=single|4351442292|0"
"SPORTSGAMEODDS","lXJaq2XUxiN4DmrnjZmi","2026-09-26T17:10:00.000Z","Pittsburgh Pirates @ Detroit Tigers","Pittsburgh Pirates","Detroit Tigers","1","full","FULL_INNING_TOTAL","under","","points-all-1i-ou-under","betonline","0.5","false","-120","2026-09-26T13:25:19.206Z","0.5","0.5","-102","-115",""
"SPORTSGAMEODDS","lXJaq2XUxiN4DmrnjZmi","2026-09-26T17:10:00.000Z","Pittsburgh Pirates @ Detroit Tigers","Pittsburgh Pirates","Detroit Tigers","1","full","FULL_INNING_TOTAL","under","","points-all-1i-ou-under","hardrockbet","0.5","false","-115","2026-09-26T13:25:32.761Z","0.5","0.5","-102","-115",""
"SPORTSGAMEODDS","lXJaq2XUxiN4DmrnjZmi","2026-09-26T17:10:00.000Z","Pittsburgh Pirates @ Detroit Tigers","Pittsburgh Pirates","Detroit Tigers","1","full","FULL_INNING_TOTAL","under","","points-all-1i-ou-under","hardrockbet","1.5","true","-325","2026-09-26T13:25:32.761Z","0.5","0.5","","",""
"SPORTSGAMEODDS","lXJaq2XUxiN4DmrnjZmi","2026-09-26T17:10:00.000Z","Pittsburgh Pirates @ Detroit Tigers","Pittsburgh Pirates","Detroit Tigers","1","full","FULL_INNING_TOTAL","under","","points-all-1i-ou-under","hardrockbet","2.5","true","-800","2026-09-26T13:25:32.761Z","0.5","0.5","","",""
"SPORTSGAMEODDS","lXJaq2XUxiN4DmrnjZmi","2026-09-26T17:10:00.000Z","Pittsburgh Pirates @ Detroit Tigers","Pittsburgh Pirates","Detroit Tigers","1","full","FULL_INNING_TOTAL","under","","points-all-1i-ou-under","betmgm","0.5","false","-115","2026-09-26T13:25:46.706Z","0.5","0.5","-102","-115","https://sports.nj.betmgm.com/en/sports?options=19945286-1561567847-2305073697"
"SPORTSGAMEODDS","lXJaq2XUxiN4DmrnjZmi","2026-09-26T17:10:00.000Z","Pittsburgh Pirates @ Detroit Tigers","Pittsburgh Pirates","Detroit Tigers","1","full","FULL_INNING_3WAY","draw","","points-all-1i-ml3way-draw","fanduel","","false","-150","2026-09-26T13:25:34.000Z","","","","","https://sportsbook.fanduel.com/addToBetslip?marketId=717.188546115&selectionId=131604"
"SPORTSGAMEODDS","lXJaq2XUxiN4DmrnjZmi","2026-09-26T17:10:00.000Z","Pittsburgh Pirates @ Detroit Tigers","Pittsburgh Pirates","Detroit Tigers","1","full","FULL_INNING_3WAY","draw","","points-all-1i-ml3way-draw","draftkings","","false","-130","2026-09-26T13:25:36.276Z","","","","",""
"SPORTSGAMEODDS","lXJaq2XUxiN4DmrnjZmi","2026-09-26T17:10:00.000Z","Pittsburgh Pirates @ Detroit Tigers","Pittsburgh Pirates","Detroit Tigers","1","full","FULL_INNING_3WAY","draw","","points-all-1i-ml3way-draw","unknown","","false","-130","2026-09-26T13:25:36.261Z","","","","",""
"SPORTSGAMEODDS","lXJaq2XUxiN4DmrnjZmi","2026-09-26T17:10:00.000Z","Pittsburgh Pirates @ Detroit Tigers","Pittsburgh Pirates","Detroit Tigers","1","full","FULL_INNING_3WAY","draw","","points-all-1i-ml3way-draw","ballybet","","false","-150","2026-09-26T13:25:49.761Z","","","","",""
"SPORTSGAMEODDS","lXJaq2XUxiN4DmrnjZmi","2026-09-26T17:10:00.000Z","Pittsburgh Pirates @ Detroit Tigers","Pittsburgh Pirates","Detroit Tigers","1","full","FULL_INNING_3WAY","draw","","points-all-1i-ml3way-draw","betparx","","false","-150","2026-09-26T13:25:34.261Z","","","","",""
"SPORTSGAMEODDS","lXJaq2XUxiN4DmrnjZmi","2026-09-26T17:10:00.000Z","Pittsburgh Pirates @ Detroit Tigers","Pittsburgh Pirates","Detroit Tigers","1","full","FULL_INNING_3WAY","draw","","points-all-1i-ml3way-draw","betrivers","","false","-150","2026-09-26T13:25:28.706Z","","","","","https://nj.betrivers.com/?page=sportsbook#event/1024788206?coupon=single|4351421913|0"
"SPORTSGAMEODDS","lXJaq2XUxiN4DmrnjZmi","2026-09-26T17:10:00.000Z","Pittsburgh Pirates @ Detroit Tigers","Pittsburgh Pirates","Detroit Tigers","1","full","FULL_INNING_3WAY","draw","","points-all-1i-ml3way-draw","betmgm","","false","-130","2026-09-26T13:25:46.706Z","","","","","https://sports.nj.betmgm.com/en/sports?options=19945286-1561567839-2305073671"
"SPORTSGAMEODDS","lXJaq2XUxiN4DmrnjZmi","2026-09-26T17:10:00.000Z","Pittsburgh Pirates @ Detroit Tigers","Pittsburgh Pirates","Detroit Tigers","1","full","FULL_INNING_3WAY","draw","","points-all-1i-ml3way-draw","bovada","","false","-124","2026-09-26T13:24:55.706Z","","","","",""
"SPORTSGAMEODDS","lXJaq2XUxiN4DmrnjZmi","2026-09-26T17:10:00.000Z","Pittsburgh Pirates @ Detroit Tigers","Pittsburgh Pirates","Detroit Tigers","2","full","FULL_INNING_3WAY","draw","","points-all-2i-ml3way-draw","fanduel","","false","-145","2026-09-26T13:25:34.000Z","","","","","https://sportsbook.fanduel.com/addToBetslip?marketId=717.188546132&selectionId=131604"
"SPORTSGAMEODDS","lXJaq2XUxiN4DmrnjZmi","2026-09-26T17:10:00.000Z","Pittsburgh Pirates @ Detroit Tigers","Pittsburgh Pirates","Detroit Tigers","2","full","FULL_INNING_3WAY","draw","","points-all-2i-ml3way-draw","draftkings","","false","-145","2026-09-26T13:25:36.276Z","","","","",""
"SPORTSGAMEODDS","lXJaq2XUxiN4DmrnjZmi","2026-09-26T17:10:00.000Z","Pittsburgh Pirates @ Detroit Tigers","Pittsburgh Pirates","Detroit Tigers","2","full","FULL_INNING_TOTAL","over","","points-all-2i-ou-over","fanduel","0.5","false","100","2026-09-26T13:25:34.000Z","0.5","0.5","106","-110","https://sportsbook.fanduel.com/addToBetslip?marketId=717.188546126&selectionId=7017905"
"SPORTSGAMEODDS","lXJaq2XUxiN4DmrnjZmi","2026-09-26T17:10:00.000Z","Pittsburgh Pirates @ Detroit Tigers","Pittsburgh Pirates","Detroit Tigers","2","full","FULL_INNING_TOTAL","over","","points-all-2i-ou-over","fanduel","1.5","true","245","2026-09-26T13:25:34.000Z","0.5","0.5","","","https://sportsbook.fanduel.com/addToBetslip?marketId=717.188546126&selectionId=7017905"
"SPORTSGAMEODDS","lXJaq2XUxiN4DmrnjZmi","2026-09-26T17:10:00.000Z","Pittsburgh Pirates @ Detroit Tigers","Pittsburgh Pirates","Detroit Tigers","2","full","FULL_INNING_TOTAL","over","","points-all-2i-ou-over","draftkings","0.5","false","-110","2026-09-26T13:25:36.276Z","0.5","0.5","106","-110",""
"SPORTSGAMEODDS","lXJaq2XUxiN4DmrnjZmi","2026-09-26T17:10:00.000Z","Pittsburgh Pirates @ Detroit Tigers","Pittsburgh Pirates","Detroit Tigers","2","full","FULL_INNING_TOTAL","over","","points-all-2i-ou-over","draftkings","1.5","true","235","2026-09-26T13:25:36.276Z","0.5","0.5","","",""
"SPORTSGAMEODDS","lXJaq2XUxiN4DmrnjZmi","2026-09-26T17:10:00.000Z","Pittsburgh Pirates @ Detroit Tigers","Pittsburgh Pirates","Detroit Tigers","2","full","FULL_INNING_TOTAL","over","","points-all-2i-ou-over","fliff","0.5","false","-115","2026-09-26T13:23:52.193Z","0.5","0.5","106","-110",""
"SPORTSGAMEODDS","lXJaq2XUxiN4DmrnjZmi","2026-09-26T17:10:00.000Z","Pittsburgh Pirates @ Detroit Tigers","Pittsburgh Pirates","Detroit Tigers","2","full","FULL_INNING_TOTAL","under","","points-all-2i-ou-under","fanduel","0.5","false","-120","2026-09-26T13:25:34.000Z","0.5","0.5","-106","-125","https://sportsbook.fanduel.com/addToBetslip?marketId=717.188546126&selectionId=7017906"
"SPORTSGAMEODDS","lXJaq2XUxiN4DmrnjZmi","2026-09-26T17:10:00.000Z","Pittsburgh Pirates @ Detroit Tigers","Pittsburgh Pirates","Detroit Tigers","2","full","FULL_INNING_TOTAL","under","","points-all-2i-ou-under","fanduel","1.5","true","-320","2026-09-26T13:25:34.000Z","0.5","0.5","","","https://sportsbook.fanduel.com/addToBetslip?marketId=717.188546126&selectionId=7017906"
"SPORTSGAMEODDS","lXJaq2XUxiN4DmrnjZmi","2026-09-26T17:10:00.000Z","Pittsburgh Pirates @ Detroit Tigers","Pittsburgh Pirates","Detroit Tigers","2","full","FULL_INNING_TOTAL","under","","points-all-2i-ou-under","draftkings","0.5","false","-125","2026-09-26T13:25:36.276Z","0.5","0.5","-106","-125",""
"SPORTSGAMEODDS","lXJaq2XUxiN4DmrnjZmi","2026-09-26T17:10:00.000Z","Pittsburgh Pirates @ Detroit Tigers","Pittsburgh Pirates","Detroit Tigers","2","full","FULL_INNING_TOTAL","under","","points-all-2i-ou-under","draftkings","1.5","true","-330","2026-09-26T13:25:36.276Z","0.5","0.5","","",""
"SPORTSGAMEODDS","lXJaq2XUxiN4DmrnjZmi","2026-09-26T17:10:00.000Z","Pittsburgh Pirates @ Detroit Tigers","Pittsburgh Pirates","Detroit Tigers","2","full","FULL_INNING_TOTAL","under","","points-all-2i-ou-under","fliff","0.5","false","-140","2026-09-26T13:23:52.193Z","0.5","0.5","-106","-125",""
"SPORTSGAMEODDS","lXJaq2XUxiN4DmrnjZmi","2026-09-26T17:10:00.000Z","Pittsburgh Pirates @ Detroit Tigers","Pittsburgh Pirates","Detroit Tigers","3","full","FULL_INNING_3WAY","draw","","points-all-3i-ml3way-draw","fanduel","","false","-145","2026-09-26T13:25:34.000Z","","","","","https://sportsbook.fanduel.com/addToBetslip?marketId=717.188546038&selectionId=131604"
"SPORTSGAMEODDS","lXJaq2XUxiN4DmrnjZmi","2026-09-26T17:10:00.000Z","Pittsburgh Pirates @ Detroit Tigers","Pittsburgh Pirates","Detroit Tigers","3","full","FULL_INNING_3WAY","draw","","points-all-3i-ml3way-draw","draftkings","","false","-145","2026-09-26T13:25:36.276Z","","","","",""
"SPORTSGAMEODDS","lXJaq2XUxiN4DmrnjZmi","2026-09-26T17:10:00.000Z","Pittsburgh Pirates @ Detroit Tigers","Pittsburgh Pirates","Detroit Tigers","3","full","FULL_INNING_TOTAL","over","","points-all-3i-ou-over","fanduel","0.5","false","100","2026-09-26T13:25:34.000Z","0.5","0.5","108","-105","https://sportsbook.fanduel.com/addToBetslip?marketId=717.188546068&selectionId=7017905"
"SPORTSGAMEODDS","lXJaq2XUxiN4DmrnjZmi","2026-09-26T17:10:00.000Z","Pittsburgh Pirates @ Detroit Tigers","Pittsburgh Pirates","Detroit Tigers","3","full","FULL_INNING_TOTAL","over","","points-all-3i-ou-over","fanduel","1.5","true","235","2026-09-26T13:25:34.000Z","0.5","0.5","","","https://sportsbook.fanduel.com/addToBetslip?marketId=717.188546068&selectionId=7017905"
"SPORTSGAMEODDS","lXJaq2XUxiN4DmrnjZmi","2026-09-26T17:10:00.000Z","Pittsburgh Pirates @ Detroit Tigers","Pittsburgh Pirates","Detroit Tigers","3","full","FULL_INNING_TOTAL","over","","points-all-3i-ou-over","draftkings","0.5","false","-105","2026-09-26T13:25:36.276Z","0.5","0.5","108","-105",""
"SPORTSGAMEODDS","lXJaq2XUxiN4DmrnjZmi","2026-09-26T17:10:00.000Z","Pittsburgh Pirates @ Detroit Tigers","Pittsburgh Pirates","Detroit Tigers","3","full","FULL_INNING_TOTAL","over","","points-all-3i-ou-over","draftkings","1.5","true","230","2026-09-26T13:25:36.276Z","0.5","0.5","","",""
"SPORTSGAMEODDS","lXJaq2XUxiN4DmrnjZmi","2026-09-26T17:10:00.000Z","Pittsburgh Pirates @ Detroit Tigers","Pittsburgh Pirates","Detroit Tigers","3","full","FULL_INNING_TOTAL","over","","points-all-3i-ou-over","fliff","0.5","false","-115","2026-09-26T13:23:52.193Z","0.5","0.5","108","-105",""
"SPORTSGAMEODDS","lXJaq2XUxiN4DmrnjZmi","2026-09-26T17:10:00.000Z","Pittsburgh Pirates @ Detroit Tigers","Pittsburgh Pirates","Detroit Tigers","3","full","FULL_INNING_TOTAL","under","","points-all-3i-ou-under","fanduel","0.5","false","-122","2026-09-26T13:25:34.000Z","0.5","0.5","-108","-125","https://sportsbook.fanduel.com/addToBetslip?marketId=717.188546068&selectionId=7017906"
"SPORTSGAMEODDS","lXJaq2XUxiN4DmrnjZmi","2026-09-26T17:10:00.000Z","Pittsburgh Pirates @ Detroit Tigers","Pittsburgh Pirates","Detroit Tigers","3","full","FULL_INNING_TOTAL","under","","points-all-3i-ou-under","fanduel","1.5","true","-300","2026-09-26T13:25:34.000Z","0.5","0.5","","","https://sportsbook.fanduel.com/addToBetslip?marketId=717.188546068&selectionId=7017906"
"SPORTSGAMEODDS","lXJaq2XUxiN4DmrnjZmi","2026-09-26T17:10:00.000Z","Pittsburgh Pirates @ Detroit Tigers","Pittsburgh Pirates","Detroit Tigers","3","full","FULL_INNING_TOTAL","under","","points-all-3i-ou-under","draftkings","0.5","false","-125","2026-09-26T13:25:36.276Z","0.5","0.5","-108","-125",""
"SPORTSGAMEODDS","lXJaq2XUxiN4DmrnjZmi","2026-09-26T17:10:00.000Z","Pittsburgh Pirates @ Detroit Tigers","Pittsburgh Pirates","Detroit Tigers","3","full","FULL_INNING_TOTAL","under","","points-all-3i-ou-under","draftkings","1.5","true","-320","2026-09-26T13:25:36.276Z","0.5","0.5","","",""
"SPORTSGAMEODDS","lXJaq2XUxiN4DmrnjZmi","2026-09-26T17:10:00.000Z","Pittsburgh Pirates @ Detroit Tigers","Pittsburgh Pirates","Detroit Tigers","3","full","FULL_INNING_TOTAL","under","","points-all-3i-ou-under","fliff","0.5","false","-140","2026-09-26T13:25:14.457Z","0.5","0.5","-108","-125",""
"SPORTSGAMEODDS","lXJaq2XUxiN4DmrnjZmi","2026-09-26T17:10:00.000Z","Pittsburgh Pirates @ Detroit Tigers","Pittsburgh Pirates","Detroit Tigers","4","full","FULL_INNING_3WAY","draw","","points-all-4i-ml3way-draw","fanduel","","false","-130","2026-09-26T13:25:34.000Z","","","","","https://sportsbook.fanduel.com/addToBetslip?marketId=717.188546158&selectionId=131604"
"SPORTSGAMEODDS","lXJaq2XUxiN4DmrnjZmi","2026-09-26T17:10:00.000Z","Pittsburgh Pirates @ Detroit Tigers","Pittsburgh Pirates","Detroit Tigers","4","full","FULL_INNING_3WAY","draw","","points-all-4i-ml3way-draw","draftkings","","false","-140","2026-09-26T13:25:36.276Z","","","","",""
"SPORTSGAMEODDS","lXJaq2XUxiN4DmrnjZmi","2026-09-26T17:10:00.000Z","Pittsburgh Pirates @ Detroit Tigers","Pittsburgh Pirates","Detroit Tigers","4","full","FULL_INNING_TOTAL","over","","points-all-4i-ou-over","fanduel","0.5","false","-110","2026-09-26T13:25:34.000Z","0.5","0.5","104","-110","https://sportsbook.fanduel.com/addToBetslip?marketId=717.188546016&selectionId=7017905"
"SPORTSGAMEODDS","lXJaq2XUxiN4DmrnjZmi","2026-09-26T17:10:00.000Z","Pittsburgh Pirates @ Detroit Tigers","Pittsburgh Pirates","Detroit Tigers","4","full","FULL_INNING_TOTAL","over","","points-all-4i-ou-over","fanduel","1.5","true","240","2026-09-26T13:25:34.000Z","0.5","0.5","","","https://sportsbook.fanduel.com/addToBetslip?marketId=717.188546016&selectionId=7017905"
"SPORTSGAMEODDS","lXJaq2XUxiN4DmrnjZmi","2026-09-26T17:10:00.000Z","Pittsburgh Pirates @ Detroit Tigers","Pittsburgh Pirates","Detroit Tigers","4","full","FULL_INNING_TOTAL","over","","points-all-4i-ou-over","draftkings","0.5","false","-110","2026-09-26T13:25:36.276Z","0.5","0.5","104","-110",""
"SPORTSGAMEODDS","lXJaq2XUxiN4DmrnjZmi","2026-09-26T17:10:00.000Z","Pittsburgh Pirates @ Detroit Tigers","Pittsburgh Pirates","Detroit Tigers","4","full","FULL_INNING_TOTAL","over","","points-all-4i-ou-over","draftkings","1.5","true","225","2026-09-26T13:25:36.276Z","0.5","0.5","","",""
"SPORTSGAMEODDS","lXJaq2XUxiN4DmrnjZmi","2026-09-26T17:10:00.000Z","Pittsburgh Pirates @ Detroit Tigers","Pittsburgh Pirates","Detroit Tigers","4","full","FULL_INNING_TOTAL","over","","points-all-4i-ou-over","fliff","0.5","false","-125","2026-09-26T13:23:52.193Z","0.5","0.5","104","-110",""
"SPORTSGAMEODDS","lXJaq2XUxiN4DmrnjZmi","2026-09-26T17:10:00.000Z","Pittsburgh Pirates @ Detroit Tigers","Pittsburgh Pirates","Detroit Tigers","4","full","FULL_INNING_TOTAL","under","","points-all-4i-ou-under","fanduel","0.5","false","-110","2026-09-26T13:25:34.000Z","0.5","0.5","-104","-120","https://sportsbook.fanduel.com/addToBetslip?marketId=717.188546016&selectionId=7017906"
"SPORTSGAMEODDS","lXJaq2XUxiN4DmrnjZmi","2026-09-26T17:10:00.000Z","Pittsburgh Pirates @ Detroit Tigers","Pittsburgh Pirates","Detroit Tigers","4","full","FULL_INNING_TOTAL","under","","points-all-4i-ou-under","fanduel","1.5","true","-310","2026-09-26T13:25:34.000Z","0.5","0.5","","","https://sportsbook.fanduel.com/addToBetslip?marketId=717.188546016&selectionId=7017906"
"SPORTSGAMEODDS","lXJaq2XUxiN4DmrnjZmi","2026-09-26T17:10:00.000Z","Pittsburgh Pirates @ Detroit Tigers","Pittsburgh Pirates","Detroit Tigers","4","full","FULL_INNING_TOTAL","under","","points-all-4i-ou-under","draftkings","0.5","false","-120","2026-09-26T13:25:36.276Z","0.5","0.5","-104","-120",""
"SPORTSGAMEODDS","lXJaq2XUxiN4DmrnjZmi","2026-09-26T17:10:00.000Z","Pittsburgh Pirates @ Detroit Tigers","Pittsburgh Pirates","Detroit Tigers","4","full","FULL_INNING_TOTAL","under","","points-all-4i-ou-under","draftkings","1.5","true","-310","2026-09-26T13:25:36.276Z","0.5","0.5","","",""
"SPORTSGAMEODDS","lXJaq2XUxiN4DmrnjZmi","2026-09-26T17:10:00.000Z","Pittsburgh Pirates @ Detroit Tigers","Pittsburgh Pirates","Detroit Tigers","4","full","FULL_INNING_TOTAL","under","","points-all-4i-ou-under","fliff","0.5","false","-130","2026-09-26T13:23:52.193Z","0.5","0.5","-104","-120",""
"SPORTSGAMEODDS","lXJaq2XUxiN4DmrnjZmi","2026-09-26T17:10:00.000Z","Pittsburgh Pirates @ Detroit Tigers","Pittsburgh Pirates","Detroit Tigers","5","full","FULL_INNING_3WAY","draw","","points-all-5i-ml3way-draw","fanduel","","false","-140","2026-09-26T13:25:34.000Z","","","","","https://sportsbook.fanduel.com/addToBetslip?marketId=717.188546054&selectionId=131604"
"SPORTSGAMEODDS","lXJaq2XUxiN4DmrnjZmi","2026-09-26T17:10:00.000Z","Pittsburgh Pirates @ Detroit Tigers","Pittsburgh Pirates","Detroit Tigers","5","full","FULL_INNING_3WAY","draw","","points-all-5i-ml3way-draw","draftkings","","false","-140","2026-09-26T13:25:36.276Z","","","","",""
"SPORTSGAMEODDS","lXJaq2XUxiN4DmrnjZmi","2026-09-26T17:10:00.000Z","Pittsburgh Pirates @ Detroit Tigers","Pittsburgh Pirates","Detroit Tigers","5","full","FULL_INNING_TOTAL","over","","points-all-5i-ou-over","fanduel","0.5","false","-102","2026-09-26T13:25:34.000Z","0.5","0.5","106","-110","https://sportsbook.fanduel.com/addToBetslip?marketId=717.188546040&selectionId=7017905"
"SPORTSGAMEODDS","lXJaq2XUxiN4DmrnjZmi","2026-09-26T17:10:00.000Z","Pittsburgh Pirates @ Detroit Tigers","Pittsburgh Pirates","Detroit Tigers","5","full","FULL_INNING_TOTAL","over","","points-all-5i-ou-over","fanduel","1.5","true","245","2026-09-26T13:25:34.000Z","0.5","0.5","","","https://sportsbook.fanduel.com/addToBetslip?marketId=717.188546040&selectionId=7017905"
"SPORTSGAMEODDS","lXJaq2XUxiN4DmrnjZmi","2026-09-26T17:10:00.000Z","Pittsburgh Pirates @ Detroit Tigers","Pittsburgh Pirates","Detroit Tigers","5","full","FULL_INNING_TOTAL","over","","points-all-5i-ou-over","draftkings","0.5","false","-110","2026-09-26T13:25:36.276Z","0.5","0.5","106","-110",""
"SPORTSGAMEODDS","lXJaq2XUxiN4DmrnjZmi","2026-09-26T17:10:00.000Z","Pittsburgh Pirates @ Detroit Tigers","Pittsburgh Pirates","Detroit Tigers","5","full","FULL_INNING_TOTAL","over","","points-all-5i-ou-over","draftkings","1.5","true","225","2026-09-26T13:25:36.276Z","0.5","0.5","","",""
"SPORTSGAMEODDS","lXJaq2XUxiN4DmrnjZmi","2026-09-26T17:10:00.000Z","Pittsburgh Pirates @ Detroit Tigers","Pittsburgh Pirates","Detroit Tigers","5","full","FULL_INNING_TOTAL","over","","points-all-5i-ou-over","fliff","0.5","false","-115","2026-09-26T13:23:52.193Z","0.5","0.5","106","-110",""
"SPORTSGAMEODDS","lXJaq2XUxiN4DmrnjZmi","2026-09-26T17:10:00.000Z","Pittsburgh Pirates @ Detroit Tigers","Pittsburgh Pirates","Detroit Tigers","5","full","FULL_INNING_TOTAL","under","","points-all-5i-ou-under","fanduel","0.5","false","-120","2026-09-26T13:25:34.000Z","0.5","0.5","-106","-125","https://sportsbook.fanduel.com/addToBetslip?marketId=717.188546040&selectionId=7017906"
"SPORTSGAMEODDS","lXJaq2XUxiN4DmrnjZmi","2026-09-26T17:10:00.000Z","Pittsburgh Pirates @ Detroit Tigers","Pittsburgh Pirates","Detroit Tigers","5","full","FULL_INNING_TOTAL","under","","points-all-5i-ou-under","fanduel","1.5","true","-320","2026-09-26T13:25:34.000Z","0.5","0.5","","","https://sportsbook.fanduel.com/addToBetslip?marketId=717.188546040&selectionId=7017906"
"SPORTSGAMEODDS","lXJaq2XUxiN4DmrnjZmi","2026-09-26T17:10:00.000Z","Pittsburgh Pirates @ Detroit Tigers","Pittsburgh Pirates","Detroit Tigers","5","full","FULL_INNING_TOTAL","under","","points-all-5i-ou-under","draftkings","0.5","false","-125","2026-09-26T13:25:36.276Z","0.5","0.5","-106","-125",""
"SPORTSGAMEODDS","lXJaq2XUxiN4DmrnjZmi","2026-09-26T17:10:00.000Z","Pittsburgh Pirates @ Detroit Tigers","Pittsburgh Pirates","Detroit Tigers","5","full","FULL_INNING_TOTAL","under","","points-all-5i-ou-under","draftkings","1.5","true","-310","2026-09-26T13:25:36.276Z","0.5","0.5","","",""
"SPORTSGAMEODDS","lXJaq2XUxiN4DmrnjZmi","2026-09-26T17:10:00.000Z","Pittsburgh Pirates @ Detroit Tigers","Pittsburgh Pirates","Detroit Tigers","5","full","FULL_INNING_TOTAL","under","","points-all-5i-ou-under","fliff","0.5","false","-140","2026-09-26T13:23:52.193Z","0.5","0.5","-106","-125",""
"SPORTSGAMEODDS","lXJaq2XUxiN4DmrnjZmi","2026-09-26T17:10:00.000Z","Pittsburgh Pirates @ Detroit Tigers","Pittsburgh Pirates","Detroit Tigers","6","full","FULL_INNING_3WAY","draw","","points-all-6i-ml3way-draw","fanduel","","false","-145","2026-09-26T13:25:34.000Z","","","","","https://sportsbook.fanduel.com/addToBetslip?marketId=717.188546078&selectionId=131604"
"SPORTSGAMEODDS","lXJaq2XUxiN4DmrnjZmi","2026-09-26T17:10:00.000Z","Pittsburgh Pirates @ Detroit Tigers","Pittsburgh Pirates","Detroit Tigers","6","full","FULL_INNING_3WAY","draw","","points-all-6i-ml3way-draw","draftkings","","false","-150","2026-09-26T13:25:36.276Z","","","","",""
"SPORTSGAMEODDS","lXJaq2XUxiN4DmrnjZmi","2026-09-26T17:10:00.000Z","Pittsburgh Pirates @ Detroit Tigers","Pittsburgh Pirates","Detroit Tigers","6","full","FULL_INNING_TOTAL","over","","points-all-6i-ou-over","fanduel","0.5","false","100","2026-09-26T13:25:34.000Z","0.5","0.5","110","-105","https://sportsbook.fanduel.com/addToBetslip?marketId=717.188546146&selectionId=7017905"
"SPORTSGAMEODDS","lXJaq2XUxiN4DmrnjZmi","2026-09-26T17:10:00.000Z","Pittsburgh Pirates @ Detroit Tigers","Pittsburgh Pirates","Detroit Tigers","6","full","FULL_INNING_TOTAL","over","","points-all-6i-ou-over","fanduel","1.5","true","250","2026-09-26T13:25:34.000Z","0.5","0.5","","","https://sportsbook.fanduel.com/addToBetslip?marketId=717.188546146&selectionId=7017905"
"SPORTSGAMEODDS","lXJaq2XUxiN4DmrnjZmi","2026-09-26T17:10:00.000Z","Pittsburgh Pirates @ Detroit Tigers","Pittsburgh Pirates","Detroit Tigers","6","full","FULL_INNING_TOTAL","over","","points-all-6i-ou-over","draftkings","0.5","false","-105","2026-09-26T13:25:36.276Z","0.5","0.5","110","-105",""
"SPORTSGAMEODDS","lXJaq2XUxiN4DmrnjZmi","2026-09-26T17:10:00.000Z","Pittsburgh Pirates @ Detroit Tigers","Pittsburgh Pirates","Detroit Tigers","6","full","FULL_INNING_TOTAL","over","","points-all-6i-ou-over","draftkings","1.5","true","235","2026-09-26T13:25:36.276Z","0.5","0.5","","",""
"SPORTSGAMEODDS","lXJaq2XUxiN4DmrnjZmi","2026-09-26T17:10:00.000Z","Pittsburgh Pirates @ Detroit Tigers","Pittsburgh Pirates","Detroit Tigers","6","full","FULL_INNING_TOTAL","over","","points-all-6i-ou-over","fliff","0.5","false","-115","2026-09-26T13:23:52.193Z","0.5","0.5","110","-105",""
"SPORTSGAMEODDS","lXJaq2XUxiN4DmrnjZmi","2026-09-26T17:10:00.000Z","Pittsburgh Pirates @ Detroit Tigers","Pittsburgh Pirates","Detroit Tigers","6","full","FULL_INNING_TOTAL","under","","points-all-6i-ou-under","fanduel","0.5","false","-122","2026-09-26T13:25:34.000Z","0.5","0.5","-110","-130","https://sportsbook.fanduel.com/addToBetslip?marketId=717.188546146&selectionId=7017906"
"SPORTSGAMEODDS","lXJaq2XUxiN4DmrnjZmi","2026-09-26T17:10:00.000Z","Pittsburgh Pirates @ Detroit Tigers","Pittsburgh Pirates","Detroit Tigers","6","full","FULL_INNING_TOTAL","under","","points-all-6i-ou-under","fanduel","1.5","true","-325","2026-09-26T13:25:34.000Z","0.5","0.5","","","https://sportsbook.fanduel.com/addToBetslip?marketId=717.188546146&selectionId=7017906"
"SPORTSGAMEODDS","lXJaq2XUxiN4DmrnjZmi","2026-09-26T17:10:00.000Z","Pittsburgh Pirates @ Detroit Tigers","Pittsburgh Pirates","Detroit Tigers","6","full","FULL_INNING_TOTAL","under","","points-all-6i-ou-under","draftkings","0.5","false","-130","2026-09-26T13:25:36.276Z","0.5","0.5","-110","-130",""
"SPORTSGAMEODDS","lXJaq2XUxiN4DmrnjZmi","2026-09-26T17:10:00.000Z","Pittsburgh Pirates @ Detroit Tigers","Pittsburgh Pirates","Detroit Tigers","6","full","FULL_INNING_TOTAL","under","","points-all-6i-ou-under","draftkings","1.5","true","-330","2026-09-26T13:25:36.276Z","0.5","0.5","","",""
"SPORTSGAMEODDS","lXJaq2XUxiN4DmrnjZmi","2026-09-26T17:10:00.000Z","Pittsburgh Pirates @ Detroit Tigers","Pittsburgh Pirates","Detroit Tigers","6","full","FULL_INNING_TOTAL","under","","points-all-6i-ou-under","fliff","0.5","false","-140","2026-09-26T13:23:52.193Z","0.5","0.5","-110","-130",""
"SPORTSGAMEODDS","lXJaq2XUxiN4DmrnjZmi","2026-09-26T17:10:00.000Z","Pittsburgh Pirates @ Detroit Tigers","Pittsburgh Pirates","Detroit Tigers","7","full","FULL_INNING_3WAY","draw","","points-all-7i-ml3way-draw","fanduel","","false","-145","2026-09-26T13:25:34.000Z","","","","","https://sportsbook.fanduel.com/addToBetslip?marketId=717.188546012&selectionId=131604"
"SPORTSGAMEODDS","lXJaq2XUxiN4DmrnjZmi","2026-09-26T17:10:00.000Z","Pittsburgh Pirates @ Detroit Tigers","Pittsburgh Pirates","Detroit Tigers","7","full","FULL_INNING_3WAY","draw","","points-all-7i-ml3way-draw","draftkings","","false","-155","2026-09-26T13:25:36.276Z","","","","",""
"SPORTSGAMEODDS","lXJaq2XUxiN4DmrnjZmi","2026-09-26T17:10:00.000Z","Pittsburgh Pirates @ Detroit Tigers","Pittsburgh Pirates","Detroit Tigers","7","full","FULL_INNING_TOTAL","over","","points-all-7i-ou-over","fanduel","0.5","false","106","2026-09-26T13:25:34.000Z","0.5","0.5","115","100","https://sportsbook.fanduel.com/addToBetslip?marketId=717.188546019&selectionId=7017905"
"SPORTSGAMEODDS","lXJaq2XUxiN4DmrnjZmi","2026-09-26T17:10:00.000Z","Pittsburgh Pirates @ Detroit Tigers","Pittsburgh Pirates","Detroit Tigers","7","full","FULL_INNING_TOTAL","over","","points-all-7i-ou-over","fanduel","1.5","true","265","2026-09-26T13:25:34.000Z","0.5","0.5","","","https://sportsbook.fanduel.com/addToBetslip?marketId=717.188546019&selectionId=7017905"
"SPORTSGAMEODDS","lXJaq2XUxiN4DmrnjZmi","2026-09-26T17:10:00.000Z","Pittsburgh Pirates @ Detroit Tigers","Pittsburgh Pirates","Detroit Tigers","7","full","FULL_INNING_TOTAL","over","","points-all-7i-ou-over","draftkings","0.5","false","100","2026-09-26T13:25:36.276Z","0.5","0.5","115","100",""
"SPORTSGAMEODDS","lXJaq2XUxiN4DmrnjZmi","2026-09-26T17:10:00.000Z","Pittsburgh Pirates @ Detroit Tigers","Pittsburgh Pirates","Detroit Tigers","7","full","FULL_INNING_TOTAL","over","","points-all-7i-ou-over","draftkings","1.5","true","240","2026-09-26T13:25:36.276Z","0.5","0.5","","",""
"SPORTSGAMEODDS","lXJaq2XUxiN4DmrnjZmi","2026-09-26T17:10:00.000Z","Pittsburgh Pirates @ Detroit Tigers","Pittsburgh Pirates","Detroit Tigers","7","full","FULL_INNING_TOTAL","over","","points-all-7i-ou-over","fliff","0.5","false","-110","2026-09-26T13:23:52.193Z","0.5","0.5","115","100",""
"SPORTSGAMEODDS","lXJaq2XUxiN4DmrnjZmi","2026-09-26T17:10:00.000Z","Pittsburgh Pirates @ Detroit Tigers","Pittsburgh Pirates","Detroit Tigers","7","full","FULL_INNING_TOTAL","under","","points-all-7i-ou-under","fanduel","0.5","false","-130","2026-09-26T13:25:34.000Z","0.5","0.5","-115","-135","https://sportsbook.fanduel.com/addToBetslip?marketId=717.188546019&selectionId=7017906"
"SPORTSGAMEODDS","lXJaq2XUxiN4DmrnjZmi","2026-09-26T17:10:00.000Z","Pittsburgh Pirates @ Detroit Tigers","Pittsburgh Pirates","Detroit Tigers","7","full","FULL_INNING_TOTAL","under","","points-all-7i-ou-under","fanduel","1.5","true","-355","2026-09-26T13:25:34.000Z","0.5","0.5","","","https://sportsbook.fanduel.com/addToBetslip?marketId=717.188546019&selectionId=7017906"
"SPORTSGAMEODDS","lXJaq2XUxiN4DmrnjZmi","2026-09-26T17:10:00.000Z","Pittsburgh Pirates @ Detroit Tigers","Pittsburgh Pirates","Detroit Tigers","7","full","FULL_INNING_TOTAL","under","","points-all-7i-ou-under","draftkings","0.5","false","-135","2026-09-26T13:25:36.276Z","0.5","0.5","-115","-135",""
"SPORTSGAMEODDS","lXJaq2XUxiN4DmrnjZmi","2026-09-26T17:10:00.000Z","Pittsburgh Pirates @ Detroit Tigers","Pittsburgh Pirates","Detroit Tigers","7","full","FULL_INNING_TOTAL","under","","points-all-7i-ou-under","draftkings","1.5","true","-340","2026-09-26T13:25:36.276Z","0.5","0.5","","",""
"SPORTSGAMEODDS","lXJaq2XUxiN4DmrnjZmi","2026-09-26T17:10:00.000Z","Pittsburgh Pirates @ Detroit Tigers","Pittsburgh Pirates","Detroit Tigers","7","full","FULL_INNING_TOTAL","under","","points-all-7i-ou-under","fliff","0.5","false","-150","2026-09-26T13:23:52.193Z","0.5","0.5","-115","-135",""
"SPORTSGAMEODDS","lXJaq2XUxiN4DmrnjZmi","2026-09-26T17:10:00.000Z","Pittsburgh Pirates @ Detroit Tigers","Pittsburgh Pirates","Detroit Tigers","8","full","FULL_INNING_3WAY","draw","","points-all-8i-ml3way-draw","fanduel","","false","-150","2026-09-26T13:25:34.000Z","","","","","https://sportsbook.fanduel.com/addToBetslip?marketId=717.188546086&selectionId=131604"
"SPORTSGAMEODDS","lXJaq2XUxiN4DmrnjZmi","2026-09-26T17:10:00.000Z","Pittsburgh Pirates @ Detroit Tigers","Pittsburgh Pirates","Detroit Tigers","8","full","FULL_INNING_3WAY","draw","","points-all-8i-ml3way-draw","draftkings","","false","-150","2026-09-26T13:25:36.276Z","","","","",""
"SPORTSGAMEODDS","lXJaq2XUxiN4DmrnjZmi","2026-09-26T17:10:00.000Z","Pittsburgh Pirates @ Detroit Tigers","Pittsburgh Pirates","Detroit Tigers","8","full","FULL_INNING_TOTAL","over","","points-all-8i-ou-over","fanduel","0.5","false","106","2026-09-26T13:25:34.000Z","0.5","0.5","110","-105","https://sportsbook.fanduel.com/addToBetslip?marketId=717.188546064&selectionId=7017905"
"SPORTSGAMEODDS","lXJaq2XUxiN4DmrnjZmi","2026-09-26T17:10:00.000Z","Pittsburgh Pirates @ Detroit Tigers","Pittsburgh Pirates","Detroit Tigers","8","full","FULL_INNING_TOTAL","over","","points-all-8i-ou-over","fanduel","1.5","true","270","2026-09-26T13:25:34.000Z","0.5","0.5","","","https://sportsbook.fanduel.com/addToBetslip?marketId=717.188546064&selectionId=7017905"
"SPORTSGAMEODDS","lXJaq2XUxiN4DmrnjZmi","2026-09-26T17:10:00.000Z","Pittsburgh Pirates @ Detroit Tigers","Pittsburgh Pirates","Detroit Tigers","8","full","FULL_INNING_TOTAL","over","","points-all-8i-ou-over","draftkings","0.5","false","-105","2026-09-26T13:25:36.276Z","0.5","0.5","110","-105",""
"SPORTSGAMEODDS","lXJaq2XUxiN4DmrnjZmi","2026-09-26T17:10:00.000Z","Pittsburgh Pirates @ Detroit Tigers","Pittsburgh Pirates","Detroit Tigers","8","full","FULL_INNING_TOTAL","over","","points-all-8i-ou-over","draftkings","1.5","true","240","2026-09-26T13:25:36.276Z","0.5","0.5","","",""
"SPORTSGAMEODDS","lXJaq2XUxiN4DmrnjZmi","2026-09-26T17:10:00.000Z","Pittsburgh Pirates @ Detroit Tigers","Pittsburgh Pirates","Detroit Tigers","8","full","FULL_INNING_TOTAL","over","","points-all-8i-ou-over","fliff","0.5","false","-105","2026-09-26T13:23:52.193Z","0.5","0.5","110","-105",""
"SPORTSGAMEODDS","lXJaq2XUxiN4DmrnjZmi","2026-09-26T17:10:00.000Z","Pittsburgh Pirates @ Detroit Tigers","Pittsburgh Pirates","Detroit Tigers","8","full","FULL_INNING_TOTAL","under","","points-all-8i-ou-under","fanduel","0.5","false","-130","2026-09-26T13:25:34.000Z","0.5","0.5","-110","-130","https://sportsbook.fanduel.com/addToBetslip?marketId=717.188546064&selectionId=7017906"
"SPORTSGAMEODDS","lXJaq2XUxiN4DmrnjZmi","2026-09-26T17:10:00.000Z","Pittsburgh Pirates @ Detroit Tigers","Pittsburgh Pirates","Detroit Tigers","8","full","FULL_INNING_TOTAL","under","","points-all-8i-ou-under","fanduel","1.5","true","-340","2026-09-26T13:25:34.000Z","0.5","0.5","","","https://sportsbook.fanduel.com/addToBetslip?marketId=717.188546064&selectionId=7017906"
"SPORTSGAMEODDS","lXJaq2XUxiN4DmrnjZmi","2026-09-26T17:10:00.000Z","Pittsburgh Pirates @ Detroit Tigers","Pittsburgh Pirates","Detroit Tigers","8","full","FULL_INNING_TOTAL","under","","points-all-8i-ou-under","draftkings","0.5","false","-130","2026-09-26T13:25:36.276Z","0.5","0.5","-110","-130",""
"SPORTSGAMEODDS","lXJaq2XUxiN4DmrnjZmi","2026-09-26T17:10:00.000Z","Pittsburgh Pirates @ Detroit Tigers","Pittsburgh Pirates","Detroit Tigers","8","full","FULL_INNING_TOTAL","under","","points-all-8i-ou-under","draftkings","1.5","true","-340","2026-09-26T13:25:36.276Z","0.5","0.5","","",""
"SPORTSGAMEODDS","lXJaq2XUxiN4DmrnjZmi","2026-09-26T17:10:00.000Z","Pittsburgh Pirates @ Detroit Tigers","Pittsburgh Pirates","Detroit Tigers","8","full","FULL_INNING_TOTAL","under","","points-all-8i-ou-under","fliff","0.5","false","-155","2026-09-26T13:23:52.193Z","0.5","0.5","-110","-130",""
"SPORTSGAMEODDS","lXJaq2XUxiN4DmrnjZmi","2026-09-26T17:10:00.000Z","Pittsburgh Pirates @ Detroit Tigers","Pittsburgh Pirates","Detroit Tigers","9","full","FULL_INNING_3WAY","draw","","points-all-9i-ml3way-draw","fanduel","","false","-220","2026-09-26T13:25:34.000Z","","","","","https://sportsbook.fanduel.com/addToBetslip?marketId=717.188546022&selectionId=131604"
"SPORTSGAMEODDS","lXJaq2XUxiN4DmrnjZmi","2026-09-26T17:10:00.000Z","Pittsburgh Pirates @ Detroit Tigers","Pittsburgh Pirates","Detroit Tigers","9","full","FULL_INNING_3WAY","draw","","points-all-9i-ml3way-draw","draftkings","","false","-245","2026-09-26T13:25:36.276Z","","","","",""
"SPORTSGAMEODDS","lXJaq2XUxiN4DmrnjZmi","2026-09-26T17:10:00.000Z","Pittsburgh Pirates @ Detroit Tigers","Pittsburgh Pirates","Detroit Tigers","9","full","FULL_INNING_TOTAL","over","","points-all-9i-ou-over","fanduel","0.5","false","154","2026-09-26T13:25:34.000Z","","0.5","","154","https://sportsbook.fanduel.com/addToBetslip?marketId=717.188546048&selectionId=7017905"
"SPORTSGAMEODDS","lXJaq2XUxiN4DmrnjZmi","2026-09-26T17:10:00.000Z","Pittsburgh Pirates @ Detroit Tigers","Pittsburgh Pirates","Detroit Tigers","9","full","FULL_INNING_TOTAL","over","","points-all-9i-ou-over","fanduel","1.5","true","360","2026-09-26T13:25:34.000Z","","0.5","","","https://sportsbook.fanduel.com/addToBetslip?marketId=717.188546048&selectionId=7017905"
"SPORTSGAMEODDS","lXJaq2XUxiN4DmrnjZmi","2026-09-26T17:10:00.000Z","Pittsburgh Pirates @ Detroit Tigers","Pittsburgh Pirates","Detroit Tigers","9","full","FULL_INNING_TOTAL","over","","points-all-9i-ou-over","draftkings","0.5","false","155","2026-09-26T13:25:36.276Z","","0.5","","154",""
"SPORTSGAMEODDS","lXJaq2XUxiN4DmrnjZmi","2026-09-26T17:10:00.000Z","Pittsburgh Pirates @ Detroit Tigers","Pittsburgh Pirates","Detroit Tigers","9","full","FULL_INNING_TOTAL","over","","points-all-9i-ou-over","draftkings","1.5","true","360","2026-09-26T13:25:36.276Z","","0.5","","",""
"SPORTSGAMEODDS","lXJaq2XUxiN4DmrnjZmi","2026-09-26T17:10:00.000Z","Pittsburgh Pirates @ Detroit Tigers","Pittsburgh Pirates","Detroit Tigers","9","full","FULL_INNING_TOTAL","under","","points-all-9i-ou-under","fanduel","0.5","false","-192","2026-09-26T13:25:34.000Z","","0.5","","-201","https://sportsbook.fanduel.com/addToBetslip?marketId=717.188546048&selectionId=7017906"
"SPORTSGAMEODDS","lXJaq2XUxiN4DmrnjZmi","2026-09-26T17:10:00.000Z","Pittsburgh Pirates @ Detroit Tigers","Pittsburgh Pirates","Detroit Tigers","9","full","FULL_INNING_TOTAL","under","","points-all-9i-ou-under","fanduel","1.5","true","-500","2026-09-26T13:25:34.000Z","","0.5","","","https://sportsbook.fanduel.com/addToBetslip?marketId=717.188546048&selectionId=7017906"
"SPORTSGAMEODDS","lXJaq2XUxiN4DmrnjZmi","2026-09-26T17:10:00.000Z","Pittsburgh Pirates @ Detroit Tigers","Pittsburgh Pirates","Detroit Tigers","9","full","FULL_INNING_TOTAL","under","","points-all-9i-ou-under","draftkings","0.5","false","-210","2026-09-26T13:25:36.276Z","","0.5","","-201",""
"SPORTSGAMEODDS","lXJaq2XUxiN4DmrnjZmi","2026-09-26T17:10:00.000Z","Pittsburgh Pirates @ Detroit Tigers","Pittsburgh Pirates","Detroit Tigers","9","full","FULL_INNING_TOTAL","under","","points-all-9i-ou-under","draftkings","1.5","true","-525","2026-09-26T13:25:36.276Z","","0.5","","",""
"SPORTSGAMEODDS","lXJaq2XUxiN4DmrnjZmi","2026-09-26T17:10:00.000Z","Pittsburgh Pirates @ Detroit Tigers","Pittsburgh Pirates","Detroit Tigers","1","full","FULL_INNING_3WAY","away","","points-away-1i-ml3way-away","fanduel","","false","340","2026-09-26T13:25:34.000Z","","","","","https://sportsbook.fanduel.com/addToBetslip?marketId=717.188546115&selectionId=29176"
"SPORTSGAMEODDS","lXJaq2XUxiN4DmrnjZmi","2026-09-26T17:10:00.000Z","Pittsburgh Pirates @ Detroit Tigers","Pittsburgh Pirates","Detroit Tigers","1","full","FULL_INNING_3WAY","away","","points-away-1i-ml3way-away","draftkings","","false","280","2026-09-26T13:25:36.276Z","","","","",""
"SPORTSGAMEODDS","lXJaq2XUxiN4DmrnjZmi","2026-09-26T17:10:00.000Z","Pittsburgh Pirates @ Detroit Tigers","Pittsburgh Pirates","Detroit Tigers","1","full","FULL_INNING_3WAY","away","","points-away-1i-ml3way-away","unknown","","false","280","2026-09-26T13:25:36.261Z","","","","",""
"SPORTSGAMEODDS","lXJaq2XUxiN4DmrnjZmi","2026-09-26T17:10:00.000Z","Pittsburgh Pirates @ Detroit Tigers","Pittsburgh Pirates","Detroit Tigers","1","full","FULL_INNING_3WAY","away","","points-away-1i-ml3way-away","ballybet","","false","300","2026-09-26T13:25:49.761Z","","","","",""
"SPORTSGAMEODDS","lXJaq2XUxiN4DmrnjZmi","2026-09-26T17:10:00.000Z","Pittsburgh Pirates @ Detroit Tigers","Pittsburgh Pirates","Detroit Tigers","1","full","FULL_INNING_3WAY","away","","points-away-1i-ml3way-away","betparx","","false","300","2026-09-26T13:25:34.261Z","","","","",""
"SPORTSGAMEODDS","lXJaq2XUxiN4DmrnjZmi","2026-09-26T17:10:00.000Z","Pittsburgh Pirates @ Detroit Tigers","Pittsburgh Pirates","Detroit Tigers","1","full","FULL_INNING_3WAY","away","","points-away-1i-ml3way-away","betrivers","","false","300","2026-09-26T13:25:28.706Z","","","","","https://nj.betrivers.com/?page=sportsbook#event/1024788206?coupon=single|4351421914|0"
"SPORTSGAMEODDS","lXJaq2XUxiN4DmrnjZmi","2026-09-26T17:10:00.000Z","Pittsburgh Pirates @ Detroit Tigers","Pittsburgh Pirates","Detroit Tigers","1","full","FULL_INNING_3WAY","away","","points-away-1i-ml3way-away","betmgm","","false","290","2026-09-26T13:25:46.706Z","","","","","https://sports.nj.betmgm.com/en/sports?options=19945286-1561567839-2305073670"
"SPORTSGAMEODDS","lXJaq2XUxiN4DmrnjZmi","2026-09-26T17:10:00.000Z","Pittsburgh Pirates @ Detroit Tigers","Pittsburgh Pirates","Detroit Tigers","1","full","FULL_INNING_3WAY","away","","points-away-1i-ml3way-away","bovada","","false","300","2026-09-26T13:24:55.706Z","","","","",""
"SPORTSGAMEODDS","lXJaq2XUxiN4DmrnjZmi","2026-09-26T17:10:00.000Z","Pittsburgh Pirates @ Detroit Tigers","Pittsburgh Pirates","Detroit Tigers","2","full","FULL_INNING_3WAY","away","","points-away-2i-ml3way-away","fanduel","","false","310","2026-09-26T13:25:34.000Z","","","","","https://sportsbook.fanduel.com/addToBetslip?marketId=717.188546132&selectionId=29176"
"SPORTSGAMEODDS","lXJaq2XUxiN4DmrnjZmi","2026-09-26T17:10:00.000Z","Pittsburgh Pirates @ Detroit Tigers","Pittsburgh Pirates","Detroit Tigers","2","full","FULL_INNING_3WAY","away","","points-away-2i-ml3way-away","draftkings","","false","290","2026-09-26T13:25:36.276Z","","","","",""
"SPORTSGAMEODDS","lXJaq2XUxiN4DmrnjZmi","2026-09-26T17:10:00.000Z","Pittsburgh Pirates @ Detroit Tigers","Pittsburgh Pirates","Detroit Tigers","3","full","FULL_INNING_3WAY","away","","points-away-3i-ml3way-away","fanduel","","false","340","2026-09-26T13:25:34.000Z","","","","","https://sportsbook.fanduel.com/addToBetslip?marketId=717.188546038&selectionId=29176"
"SPORTSGAMEODDS","lXJaq2XUxiN4DmrnjZmi","2026-09-26T17:10:00.000Z","Pittsburgh Pirates @ Detroit Tigers","Pittsburgh Pirates","Detroit Tigers","3","full","FULL_INNING_3WAY","away","","points-away-3i-ml3way-away","draftkings","","false","300","2026-09-26T13:25:36.276Z","","","","",""
"SPORTSGAMEODDS","lXJaq2XUxiN4DmrnjZmi","2026-09-26T17:10:00.000Z","Pittsburgh Pirates @ Detroit Tigers","Pittsburgh Pirates","Detroit Tigers","4","full","FULL_INNING_3WAY","away","","points-away-4i-ml3way-away","fanduel","","false","290","2026-09-26T13:25:34.000Z","","","","","https://sportsbook.fanduel.com/addToBetslip?marketId=717.188546158&selectionId=29176"
"SPORTSGAMEODDS","lXJaq2XUxiN4DmrnjZmi","2026-09-26T17:10:00.000Z","Pittsburgh Pirates @ Detroit Tigers","Pittsburgh Pirates","Detroit Tigers","4","full","FULL_INNING_3WAY","away","","points-away-4i-ml3way-away","draftkings","","false","290","2026-09-26T13:25:36.276Z","","","","",""
"SPORTSGAMEODDS","lXJaq2XUxiN4DmrnjZmi","2026-09-26T17:10:00.000Z","Pittsburgh Pirates @ Detroit Tigers","Pittsburgh Pirates","Detroit Tigers","5","full","FULL_INNING_3WAY","away","","points-away-5i-ml3way-away","fanduel","","false","310","2026-09-26T13:25:34.000Z","","","","","https://sportsbook.fanduel.com/addToBetslip?marketId=717.188546054&selectionId=29176"
"SPORTSGAMEODDS","lXJaq2XUxiN4DmrnjZmi","2026-09-26T17:10:00.000Z","Pittsburgh Pirates @ Detroit Tigers","Pittsburgh Pirates","Detroit Tigers","5","full","FULL_INNING_3WAY","away","","points-away-5i-ml3way-away","draftkings","","false","290","2026-09-26T13:25:36.276Z","","","","",""
"SPORTSGAMEODDS","lXJaq2XUxiN4DmrnjZmi","2026-09-26T17:10:00.000Z","Pittsburgh Pirates @ Detroit Tigers","Pittsburgh Pirates","Detroit Tigers","6","full","FULL_INNING_3WAY","away","","points-away-6i-ml3way-away","fanduel","","false","310","2026-09-26T13:25:34.000Z","","","","","https://sportsbook.fanduel.com/addToBetslip?marketId=717.188546078&selectionId=29176"
"SPORTSGAMEODDS","lXJaq2XUxiN4DmrnjZmi","2026-09-26T17:10:00.000Z","Pittsburgh Pirates @ Detroit Tigers","Pittsburgh Pirates","Detroit Tigers","6","full","FULL_INNING_3WAY","away","","points-away-6i-ml3way-away","draftkings","","false","310","2026-09-26T13:25:36.276Z","","","","",""
"SPORTSGAMEODDS","lXJaq2XUxiN4DmrnjZmi","2026-09-26T17:10:00.000Z","Pittsburgh Pirates @ Detroit Tigers","Pittsburgh Pirates","Detroit Tigers","7","full","FULL_INNING_3WAY","away","","points-away-7i-ml3way-away","fanduel","","false","320","2026-09-26T13:25:34.000Z","","","","","https://sportsbook.fanduel.com/addToBetslip?marketId=717.188546012&selectionId=29176"
"SPORTSGAMEODDS","lXJaq2XUxiN4DmrnjZmi","2026-09-26T17:10:00.000Z","Pittsburgh Pirates @ Detroit Tigers","Pittsburgh Pirates","Detroit Tigers","7","full","FULL_INNING_3WAY","away","","points-away-7i-ml3way-away","draftkings","","false","320","2026-09-26T13:25:36.276Z","","","","",""
"SPORTSGAMEODDS","lXJaq2XUxiN4DmrnjZmi","2026-09-26T17:10:00.000Z","Pittsburgh Pirates @ Detroit Tigers","Pittsburgh Pirates","Detroit Tigers","8","full","FULL_INNING_3WAY","away","","points-away-8i-ml3way-away","fanduel","","false","320","2026-09-26T13:25:34.000Z","","","","","https://sportsbook.fanduel.com/addToBetslip?marketId=717.188546086&selectionId=29176"
"SPORTSGAMEODDS","lXJaq2XUxiN4DmrnjZmi","2026-09-26T17:10:00.000Z","Pittsburgh Pirates @ Detroit Tigers","Pittsburgh Pirates","Detroit Tigers","8","full","FULL_INNING_3WAY","away","","points-away-8i-ml3way-away","draftkings","","false","320","2026-09-26T13:25:36.276Z","","","","",""
"SPORTSGAMEODDS","lXJaq2XUxiN4DmrnjZmi","2026-09-26T17:10:00.000Z","Pittsburgh Pirates @ Detroit Tigers","Pittsburgh Pirates","Detroit Tigers","9","full","FULL_INNING_3WAY","away","","points-away-9i-ml3way-away","fanduel","","false","280","2026-09-26T13:25:34.000Z","","","","","https://sportsbook.fanduel.com/addToBetslip?marketId=717.188546022&selectionId=29176"
"SPORTSGAMEODDS","lXJaq2XUxiN4DmrnjZmi","2026-09-26T17:10:00.000Z","Pittsburgh Pirates @ Detroit Tigers","Pittsburgh Pirates","Detroit Tigers","9","full","FULL_INNING_3WAY","away","","points-away-9i-ml3way-away","draftkings","","false","310","2026-09-26T13:25:36.276Z","","","","",""
"SPORTSGAMEODDS","lXJaq2XUxiN4DmrnjZmi","2026-09-26T17:10:00.000Z","Pittsburgh Pirates @ Detroit Tigers","Pittsburgh Pirates","Detroit Tigers","1","full","FULL_INNING_3WAY","home","","points-home-1i-ml3way-home","fanduel","","false","300","2026-09-26T13:25:34.000Z","","","","","https://sportsbook.fanduel.com/addToBetslip?marketId=717.188546115&selectionId=29159"
"SPORTSGAMEODDS","lXJaq2XUxiN4DmrnjZmi","2026-09-26T17:10:00.000Z","Pittsburgh Pirates @ Detroit Tigers","Pittsburgh Pirates","Detroit Tigers","1","full","FULL_INNING_3WAY","home","","points-home-1i-ml3way-home","draftkings","","false","280","2026-09-26T13:25:36.276Z","","","","",""
"SPORTSGAMEODDS","lXJaq2XUxiN4DmrnjZmi","2026-09-26T17:10:00.000Z","Pittsburgh Pirates @ Detroit Tigers","Pittsburgh Pirates","Detroit Tigers","1","full","FULL_INNING_3WAY","home","","points-home-1i-ml3way-home","unknown","","false","280","2026-09-26T13:25:36.261Z","","","","",""
"SPORTSGAMEODDS","lXJaq2XUxiN4DmrnjZmi","2026-09-26T17:10:00.000Z","Pittsburgh Pirates @ Detroit Tigers","Pittsburgh Pirates","Detroit Tigers","1","full","FULL_INNING_3WAY","home","","points-home-1i-ml3way-home","ballybet","","false","300","2026-09-26T13:25:49.761Z","","","","",""
"SPORTSGAMEODDS","lXJaq2XUxiN4DmrnjZmi","2026-09-26T17:10:00.000Z","Pittsburgh Pirates @ Detroit Tigers","Pittsburgh Pirates","Detroit Tigers","1","full","FULL_INNING_3WAY","home","","points-home-1i-ml3way-home","betparx","","false","300","2026-09-26T13:25:34.261Z","","","","",""
"SPORTSGAMEODDS","lXJaq2XUxiN4DmrnjZmi","2026-09-26T17:10:00.000Z","Pittsburgh Pirates @ Detroit Tigers","Pittsburgh Pirates","Detroit Tigers","1","full","FULL_INNING_3WAY","home","","points-home-1i-ml3way-home","betrivers","","false","300","2026-09-26T13:25:28.706Z","","","","","https://nj.betrivers.com/?page=sportsbook#event/1024788206?coupon=single|4351421912|0"
"SPORTSGAMEODDS","lXJaq2XUxiN4DmrnjZmi","2026-09-26T17:10:00.000Z","Pittsburgh Pirates @ Detroit Tigers","Pittsburgh Pirates","Detroit Tigers","1","full","FULL_INNING_3WAY","home","","points-home-1i-ml3way-home","betmgm","","false","280","2026-09-26T13:25:46.706Z","","","","","https://sports.nj.betmgm.com/en/sports?options=19945286-1561567839-2305073672"
"SPORTSGAMEODDS","lXJaq2XUxiN4DmrnjZmi","2026-09-26T17:10:00.000Z","Pittsburgh Pirates @ Detroit Tigers","Pittsburgh Pirates","Detroit Tigers","1","full","FULL_INNING_3WAY","home","","points-home-1i-ml3way-home","bovada","","false","255","2026-09-26T13:24:55.706Z","","","","",""
"SPORTSGAMEODDS","lXJaq2XUxiN4DmrnjZmi","2026-09-26T17:10:00.000Z","Pittsburgh Pirates @ Detroit Tigers","Pittsburgh Pirates","Detroit Tigers","2","full","FULL_INNING_3WAY","home","","points-home-2i-ml3way-home","fanduel","","false","320","2026-09-26T13:25:34.000Z","","","","","https://sportsbook.fanduel.com/addToBetslip?marketId=717.188546132&selectionId=29159"
"SPORTSGAMEODDS","lXJaq2XUxiN4DmrnjZmi","2026-09-26T17:10:00.000Z","Pittsburgh Pirates @ Detroit Tigers","Pittsburgh Pirates","Detroit Tigers","2","full","FULL_INNING_3WAY","home","","points-home-2i-ml3way-home","draftkings","","false","310","2026-09-26T13:25:36.276Z","","","","",""
"SPORTSGAMEODDS","lXJaq2XUxiN4DmrnjZmi","2026-09-26T17:10:00.000Z","Pittsburgh Pirates @ Detroit Tigers","Pittsburgh Pirates","Detroit Tigers","3","full","FULL_INNING_3WAY","home","","points-home-3i-ml3way-home","fanduel","","false","290","2026-09-26T13:25:34.000Z","","","","","https://sportsbook.fanduel.com/addToBetslip?marketId=717.188546038&selectionId=29159"
"SPORTSGAMEODDS","lXJaq2XUxiN4DmrnjZmi","2026-09-26T17:10:00.000Z","Pittsburgh Pirates @ Detroit Tigers","Pittsburgh Pirates","Detroit Tigers","3","full","FULL_INNING_3WAY","home","","points-home-3i-ml3way-home","draftkings","","false","300","2026-09-26T13:25:36.276Z","","","","",""
"SPORTSGAMEODDS","lXJaq2XUxiN4DmrnjZmi","2026-09-26T17:10:00.000Z","Pittsburgh Pirates @ Detroit Tigers","Pittsburgh Pirates","Detroit Tigers","4","full","FULL_INNING_3WAY","home","","points-home-4i-ml3way-home","fanduel","","false","300","2026-09-26T13:25:34.000Z","","","","","https://sportsbook.fanduel.com/addToBetslip?marketId=717.188546158&selectionId=29159"
"SPORTSGAMEODDS","lXJaq2XUxiN4DmrnjZmi","2026-09-26T17:10:00.000Z","Pittsburgh Pirates @ Detroit Tigers","Pittsburgh Pirates","Detroit Tigers","4","full","FULL_INNING_3WAY","home","","points-home-4i-ml3way-home","draftkings","","false","290","2026-09-26T13:25:36.276Z","","","","",""
"SPORTSGAMEODDS","lXJaq2XUxiN4DmrnjZmi","2026-09-26T17:10:00.000Z","Pittsburgh Pirates @ Detroit Tigers","Pittsburgh Pirates","Detroit Tigers","5","full","FULL_INNING_3WAY","home","","points-home-5i-ml3way-home","fanduel","","false","310","2026-09-26T13:25:34.000Z","","","","","https://sportsbook.fanduel.com/addToBetslip?marketId=717.188546054&selectionId=29159"
"SPORTSGAMEODDS","lXJaq2XUxiN4DmrnjZmi","2026-09-26T17:10:00.000Z","Pittsburgh Pirates @ Detroit Tigers","Pittsburgh Pirates","Detroit Tigers","5","full","FULL_INNING_3WAY","home","","points-home-5i-ml3way-home","draftkings","","false","300","2026-09-26T13:25:36.276Z","","","","",""
"SPORTSGAMEODDS","lXJaq2XUxiN4DmrnjZmi","2026-09-26T17:10:00.000Z","Pittsburgh Pirates @ Detroit Tigers","Pittsburgh Pirates","Detroit Tigers","6","full","FULL_INNING_3WAY","home","","points-home-6i-ml3way-home","fanduel","","false","320","2026-09-26T13:25:34.000Z","","","","","https://sportsbook.fanduel.com/addToBetslip?marketId=717.188546078&selectionId=29159"
"SPORTSGAMEODDS","lXJaq2XUxiN4DmrnjZmi","2026-09-26T17:10:00.000Z","Pittsburgh Pirates @ Detroit Tigers","Pittsburgh Pirates","Detroit Tigers","6","full","FULL_INNING_3WAY","home","","points-home-6i-ml3way-home","draftkings","","false","295","2026-09-26T13:25:36.276Z","","","","",""
"SPORTSGAMEODDS","lXJaq2XUxiN4DmrnjZmi","2026-09-26T17:10:00.000Z","Pittsburgh Pirates @ Detroit Tigers","Pittsburgh Pirates","Detroit Tigers","7","full","FULL_INNING_3WAY","home","","points-home-7i-ml3way-home","fanduel","","false","320","2026-09-26T13:25:34.000Z","","","","","https://sportsbook.fanduel.com/addToBetslip?marketId=717.188546012&selectionId=29159"
"SPORTSGAMEODDS","lXJaq2XUxiN4DmrnjZmi","2026-09-26T17:10:00.000Z","Pittsburgh Pirates @ Detroit Tigers","Pittsburgh Pirates","Detroit Tigers","7","full","FULL_INNING_3WAY","home","","points-home-7i-ml3way-home","draftkings","","false","310","2026-09-26T13:25:36.276Z","","","","",""
"SPORTSGAMEODDS","lXJaq2XUxiN4DmrnjZmi","2026-09-26T17:10:00.000Z","Pittsburgh Pirates @ Detroit Tigers","Pittsburgh Pirates","Detroit Tigers","8","full","FULL_INNING_3WAY","home","","points-home-8i-ml3way-home","fanduel","","false","340","2026-09-26T13:25:34.000Z","","","","","https://sportsbook.fanduel.com/addToBetslip?marketId=717.188546086&selectionId=29159"
"SPORTSGAMEODDS","lXJaq2XUxiN4DmrnjZmi","2026-09-26T17:10:00.000Z","Pittsburgh Pirates @ Detroit Tigers","Pittsburgh Pirates","Detroit Tigers","8","full","FULL_INNING_3WAY","home","","points-home-8i-ml3way-home","draftkings","","false","295","2026-09-26T13:25:36.276Z","","","","",""
"SPORTSGAMEODDS","lXJaq2XUxiN4DmrnjZmi","2026-09-26T17:10:00.000Z","Pittsburgh Pirates @ Detroit Tigers","Pittsburgh Pirates","Detroit Tigers","9","full","FULL_INNING_3WAY","home","","points-home-9i-ml3way-home","fanduel","","false","700","2026-09-26T13:25:34.000Z","","","","","https://sportsbook.fanduel.com/addToBetslip?marketId=717.188546022&selectionId=29159"
"SPORTSGAMEODDS","lXJaq2XUxiN4DmrnjZmi","2026-09-26T17:10:00.000Z","Pittsburgh Pirates @ Detroit Tigers","Pittsburgh Pirates","Detroit Tigers","9","full","FULL_INNING_3WAY","home","","points-home-9i-ml3way-home","draftkings","","false","600","2026-09-26T13:25:36.276Z","","","","",""
"SPORTSGAMEODDS","xMrav2sswNYkMYD4e6Rs","2026-09-26T19:07:00.000Z","Cincinnati Reds @ Toronto Blue Jays","Cincinnati Reds","Toronto Blue Jays","1","full","FULL_INNING_TOTAL","over","","points-all-1i-ou-over","novig","0.5","false","106","2026-09-26T13:25:01.238Z","0.5","0.5","112","100","https://novig.com/events/01a0da08-d4fe-79b3-a7a8-c4c95109289d/sportsgameodds"
"SPORTSGAMEODDS","xMrav2sswNYkMYD4e6Rs","2026-09-26T19:07:00.000Z","Cincinnati Reds @ Toronto Blue Jays","Cincinnati Reds","Toronto Blue Jays","1","full","FULL_INNING_TOTAL","over","","points-all-1i-ou-over","fanduel","0.5","false","102","2026-09-26T13:25:34.000Z","0.5","0.5","112","100","https://sportsbook.fanduel.com/addToBetslip?marketId=717.188528592&selectionId=7017905"
"SPORTSGAMEODDS","xMrav2sswNYkMYD4e6Rs","2026-09-26T19:07:00.000Z","Cincinnati Reds @ Toronto Blue Jays","Cincinnati Reds","Toronto Blue Jays","1","full","FULL_INNING_TOTAL","over","","points-all-1i-ou-over","fanduel","1.5","true","265","2026-09-26T13:25:34.000Z","0.5","0.5","","","https://sportsbook.fanduel.com/addToBetslip?marketId=717.188528592&selectionId=7017905"
"SPORTSGAMEODDS","xMrav2sswNYkMYD4e6Rs","2026-09-26T19:07:00.000Z","Cincinnati Reds @ Toronto Blue Jays","Cincinnati Reds","Toronto Blue Jays","1","full","FULL_INNING_TOTAL","over","","points-all-1i-ou-over","unknown","0.5","false","102","2026-09-26T13:25:46.273Z","0.5","0.5","112","100",""
"SPORTSGAMEODDS","xMrav2sswNYkMYD4e6Rs","2026-09-26T19:07:00.000Z","Cincinnati Reds @ Toronto Blue Jays","Cincinnati Reds","Toronto Blue Jays","1","full","FULL_INNING_TOTAL","over","","points-all-1i-ou-over","unknown","1.5","true","251","2026-09-26T13:25:46.273Z","0.5","0.5","","",""
"SPORTSGAMEODDS","xMrav2sswNYkMYD4e6Rs","2026-09-26T19:07:00.000Z","Cincinnati Reds @ Toronto Blue Jays","Cincinnati Reds","Toronto Blue Jays","1","full","FULL_INNING_TOTAL","over","","points-all-1i-ou-over","caesars","0.5","false","101","2026-09-26T13:25:28.698Z","0.5","0.5","112","100","https://sportsbook.caesars.com/us/nj/bet/betslip?selectionIds=d1cfbf0b-5fd4-3f4f-bfaa-126289ed1691"
"SPORTSGAMEODDS","xMrav2sswNYkMYD4e6Rs","2026-09-26T19:07:00.000Z","Cincinnati Reds @ Toronto Blue Jays","Cincinnati Reds","Toronto Blue Jays","1","full","FULL_INNING_TOTAL","over","","points-all-1i-ou-over","fliff","0.5","false","-115","2026-09-26T13:23:52.193Z","0.5","0.5","112","100",""
"SPORTSGAMEODDS","xMrav2sswNYkMYD4e6Rs","2026-09-26T19:07:00.000Z","Cincinnati Reds @ Toronto Blue Jays","Cincinnati Reds","Toronto Blue Jays","1","full","FULL_INNING_TOTAL","over","","points-all-1i-ou-over","prophetexchange","0.5","false","-103","2026-09-26T13:26:20.693Z","0.5","0.5","112","100",""
"SPORTSGAMEODDS","xMrav2sswNYkMYD4e6Rs","2026-09-26T19:07:00.000Z","Cincinnati Reds @ Toronto Blue Jays","Cincinnati Reds","Toronto Blue Jays","1","full","FULL_INNING_TOTAL","over","","points-all-1i-ou-over","draftkings","0.5","false","100","2026-09-26T13:25:36.276Z","0.5","0.5","112","100",""
"SPORTSGAMEODDS","xMrav2sswNYkMYD4e6Rs","2026-09-26T19:07:00.000Z","Cincinnati Reds @ Toronto Blue Jays","Cincinnati Reds","Toronto Blue Jays","1","full","FULL_INNING_TOTAL","over","","points-all-1i-ou-over","draftkings","1.5","true","245","2026-09-26T13:25:36.276Z","0.5","0.5","","",""
"SPORTSGAMEODDS","xMrav2sswNYkMYD4e6Rs","2026-09-26T19:07:00.000Z","Cincinnati Reds @ Toronto Blue Jays","Cincinnati Reds","Toronto Blue Jays","1","full","FULL_INNING_TOTAL","over","","points-all-1i-ou-over","betonline","0.5","false","-102","2026-09-26T13:25:48.198Z","0.5","0.5","112","100",""
"SPORTSGAMEODDS","xMrav2sswNYkMYD4e6Rs","2026-09-26T19:07:00.000Z","Cincinnati Reds @ Toronto Blue Jays","Cincinnati Reds","Toronto Blue Jays","1","full","FULL_INNING_TOTAL","over","","points-all-1i-ou-over","ballybet","1.5","false","210","2026-09-26T13:25:05.773Z","0.5","0.5","","",""
"SPORTSGAMEODDS","xMrav2sswNYkMYD4e6Rs","2026-09-26T19:07:00.000Z","Cincinnati Reds @ Toronto Blue Jays","Cincinnati Reds","Toronto Blue Jays","1","full","FULL_INNING_TOTAL","over","","points-all-1i-ou-over","betparx","1.5","false","210","2026-09-26T13:25:24.273Z","0.5","0.5","","",""
"SPORTSGAMEODDS","xMrav2sswNYkMYD4e6Rs","2026-09-26T19:07:00.000Z","Cincinnati Reds @ Toronto Blue Jays","Cincinnati Reds","Toronto Blue Jays","1","full","FULL_INNING_TOTAL","over","","points-all-1i-ou-over","betrivers","0.5","false","116","2026-09-26T13:25:47.198Z","0.5","0.5","112","100","https://nj.betrivers.com/?page=sportsbook#event/1024788211?coupon=single|4351500117|0"
"SPORTSGAMEODDS","xMrav2sswNYkMYD4e6Rs","2026-09-26T19:07:00.000Z","Cincinnati Reds @ Toronto Blue Jays","Cincinnati Reds","Toronto Blue Jays","1","full","FULL_INNING_TOTAL","over","","points-all-1i-ou-over","hardrockbet","0.5","false","-105","2026-09-26T13:25:21.273Z","0.5","0.5","112","100",""
"SPORTSGAMEODDS","xMrav2sswNYkMYD4e6Rs","2026-09-26T19:07:00.000Z","Cincinnati Reds @ Toronto Blue Jays","Cincinnati Reds","Toronto Blue Jays","1","full","FULL_INNING_TOTAL","over","","points-all-1i-ou-over","hardrockbet","1.5","true","225","2026-09-26T13:25:21.273Z","0.5","0.5","","",""
"SPORTSGAMEODDS","xMrav2sswNYkMYD4e6Rs","2026-09-26T19:07:00.000Z","Cincinnati Reds @ Toronto Blue Jays","Cincinnati Reds","Toronto Blue Jays","1","full","FULL_INNING_TOTAL","over","","points-all-1i-ou-over","betmgm","0.5","false","-102","2026-09-26T13:25:38.698Z","0.5","0.5","112","100","https://sports.nj.betmgm.com/en/sports?options=19944851-1561567758-2305073507"
"SPORTSGAMEODDS","xMrav2sswNYkMYD4e6Rs","2026-09-26T19:07:00.000Z","Cincinnati Reds @ Toronto Blue Jays","Cincinnati Reds","Toronto Blue Jays","1","full","FULL_INNING_TOTAL","under","","points-all-1i-ou-under","novig","0.5","false","-111","2026-09-26T13:25:01.238Z","0.5","0.5","-112","-127","https://novig.com/events/01a0da08-d4fe-79b3-a7a8-c4db0b37288a/sportsgameodds"
"SPORTSGAMEODDS","xMrav2sswNYkMYD4e6Rs","2026-09-26T19:07:00.000Z","Cincinnati Reds @ Toronto Blue Jays","Cincinnati Reds","Toronto Blue Jays","1","full","FULL_INNING_TOTAL","under","","points-all-1i-ou-under","fanduel","0.5","false","-130","2026-09-26T13:25:34.000Z","0.5","0.5","-112","-127","https://sportsbook.fanduel.com/addToBetslip?marketId=717.188528592&selectionId=7017906"
"SPORTSGAMEODDS","xMrav2sswNYkMYD4e6Rs","2026-09-26T19:07:00.000Z","Cincinnati Reds @ Toronto Blue Jays","Cincinnati Reds","Toronto Blue Jays","1","full","FULL_INNING_TOTAL","under","","points-all-1i-ou-under","fanduel","1.5","true","-350","2026-09-26T13:25:34.000Z","0.5","0.5","","","https://sportsbook.fanduel.com/addToBetslip?marketId=717.188528592&selectionId=7017906"
"SPORTSGAMEODDS","xMrav2sswNYkMYD4e6Rs","2026-09-26T19:07:00.000Z","Cincinnati Reds @ Toronto Blue Jays","Cincinnati Reds","Toronto Blue Jays","1","full","FULL_INNING_TOTAL","under","","points-all-1i-ou-under","unknown","0.5","false","-127","2026-09-26T13:25:46.273Z","0.5","0.5","-112","-127",""
"SPORTSGAMEODDS","xMrav2sswNYkMYD4e6Rs","2026-09-26T19:07:00.000Z","Cincinnati Reds @ Toronto Blue Jays","Cincinnati Reds","Toronto Blue Jays","1","full","FULL_INNING_TOTAL","under","","points-all-1i-ou-under","unknown","1.5","true","-311","2026-09-26T13:25:46.273Z","0.5","0.5","","",""
"SPORTSGAMEODDS","xMrav2sswNYkMYD4e6Rs","2026-09-26T19:07:00.000Z","Cincinnati Reds @ Toronto Blue Jays","Cincinnati Reds","Toronto Blue Jays","1","full","FULL_INNING_TOTAL","under","","points-all-1i-ou-under","caesars","0.5","false","-125","2026-09-26T13:25:28.698Z","0.5","0.5","-112","-127","https://sportsbook.caesars.com/us/nj/bet/betslip?selectionIds=6a72f9fa-8dd0-3955-9b34-e280da5b3883"
"SPORTSGAMEODDS","xMrav2sswNYkMYD4e6Rs","2026-09-26T19:07:00.000Z","Cincinnati Reds @ Toronto Blue Jays","Cincinnati Reds","Toronto Blue Jays","1","full","FULL_INNING_TOTAL","under","","points-all-1i-ou-under","fliff","0.5","false","-140","2026-09-26T13:23:52.193Z","0.5","0.5","-112","-127",""
"SPORTSGAMEODDS","xMrav2sswNYkMYD4e6Rs","2026-09-26T19:07:00.000Z","Cincinnati Reds @ Toronto Blue Jays","Cincinnati Reds","Toronto Blue Jays","1","full","FULL_INNING_TOTAL","under","","points-all-1i-ou-under","prophetexchange","0.5","false","-115","2026-09-26T13:26:20.693Z","0.5","0.5","-112","-127",""
"SPORTSGAMEODDS","xMrav2sswNYkMYD4e6Rs","2026-09-26T19:07:00.000Z","Cincinnati Reds @ Toronto Blue Jays","Cincinnati Reds","Toronto Blue Jays","1","full","FULL_INNING_TOTAL","under","","points-all-1i-ou-under","draftkings","0.5","false","-130","2026-09-26T13:25:36.276Z","0.5","0.5","-112","-127",""
"SPORTSGAMEODDS","xMrav2sswNYkMYD4e6Rs","2026-09-26T19:07:00.000Z","Cincinnati Reds @ Toronto Blue Jays","Cincinnati Reds","Toronto Blue Jays","1","full","FULL_INNING_TOTAL","under","","points-all-1i-ou-under","draftkings","1.5","true","-320","2026-09-26T13:25:36.276Z","0.5","0.5","","",""
"SPORTSGAMEODDS","xMrav2sswNYkMYD4e6Rs","2026-09-26T19:07:00.000Z","Cincinnati Reds @ Toronto Blue Jays","Cincinnati Reds","Toronto Blue Jays","1","full","FULL_INNING_TOTAL","under","","points-all-1i-ou-under","betonline","0.5","false","-130","2026-09-26T13:25:48.198Z","0.5","0.5","-112","-127",""
"SPORTSGAMEODDS","xMrav2sswNYkMYD4e6Rs","2026-09-26T19:07:00.000Z","Cincinnati Reds @ Toronto Blue Jays","Cincinnati Reds","Toronto Blue Jays","1","full","FULL_INNING_TOTAL","under","","points-all-1i-ou-under","ballybet","1.5","false","-305","2026-09-26T13:25:05.773Z","0.5","0.5","","",""
"SPORTSGAMEODDS","xMrav2sswNYkMYD4e6Rs","2026-09-26T19:07:00.000Z","Cincinnati Reds @ Toronto Blue Jays","Cincinnati Reds","Toronto Blue Jays","1","full","FULL_INNING_TOTAL","under","","points-all-1i-ou-under","betparx","1.5","false","-305","2026-09-26T13:25:24.273Z","0.5","0.5","","",""
"SPORTSGAMEODDS","xMrav2sswNYkMYD4e6Rs","2026-09-26T19:07:00.000Z","Cincinnati Reds @ Toronto Blue Jays","Cincinnati Reds","Toronto Blue Jays","1","full","FULL_INNING_TOTAL","under","","points-all-1i-ou-under","betrivers","0.5","false","-155","2026-09-26T13:25:47.198Z","0.5","0.5","-112","-127","https://nj.betrivers.com/?page=sportsbook#event/1024788211?coupon=single|4351500118|0"
"SPORTSGAMEODDS","xMrav2sswNYkMYD4e6Rs","2026-09-26T19:07:00.000Z","Cincinnati Reds @ Toronto Blue Jays","Cincinnati Reds","Toronto Blue Jays","1","full","FULL_INNING_TOTAL","under","","points-all-1i-ou-under","hardrockbet","0.5","false","-125","2026-09-26T13:25:21.273Z","0.5","0.5","-112","-127",""
"SPORTSGAMEODDS","xMrav2sswNYkMYD4e6Rs","2026-09-26T19:07:00.000Z","Cincinnati Reds @ Toronto Blue Jays","Cincinnati Reds","Toronto Blue Jays","1","full","FULL_INNING_TOTAL","under","","points-all-1i-ou-under","hardrockbet","1.5","true","-325","2026-09-26T13:25:21.273Z","0.5","0.5","","",""
"SPORTSGAMEODDS","xMrav2sswNYkMYD4e6Rs","2026-09-26T19:07:00.000Z","Cincinnati Reds @ Toronto Blue Jays","Cincinnati Reds","Toronto Blue Jays","1","full","FULL_INNING_TOTAL","under","","points-all-1i-ou-under","betmgm","0.5","false","-125","2026-09-26T13:25:38.698Z","0.5","0.5","-112","-127","https://sports.nj.betmgm.com/en/sports?options=19944851-1561567758-2305073508"
"SPORTSGAMEODDS","xMrav2sswNYkMYD4e6Rs","2026-09-26T19:07:00.000Z","Cincinnati Reds @ Toronto Blue Jays","Cincinnati Reds","Toronto Blue Jays","1","full","FULL_INNING_3WAY","draw","","points-all-1i-ml3way-draw","fanduel","","false","-145","2026-09-26T13:25:34.000Z","","","","","https://sportsbook.fanduel.com/addToBetslip?marketId=717.188528613&selectionId=131604"
"SPORTSGAMEODDS","xMrav2sswNYkMYD4e6Rs","2026-09-26T19:07:00.000Z","Cincinnati Reds @ Toronto Blue Jays","Cincinnati Reds","Toronto Blue Jays","1","full","FULL_INNING_3WAY","draw","","points-all-1i-ml3way-draw","bovada","","false","-130","2026-09-26T13:24:55.198Z","","","","",""
"SPORTSGAMEODDS","xMrav2sswNYkMYD4e6Rs","2026-09-26T19:07:00.000Z","Cincinnati Reds @ Toronto Blue Jays","Cincinnati Reds","Toronto Blue Jays","1","full","FULL_INNING_3WAY","draw","","points-all-1i-ml3way-draw","draftkings","","false","-150","2026-09-26T13:25:36.276Z","","","","",""
"SPORTSGAMEODDS","xMrav2sswNYkMYD4e6Rs","2026-09-26T19:07:00.000Z","Cincinnati Reds @ Toronto Blue Jays","Cincinnati Reds","Toronto Blue Jays","1","full","FULL_INNING_3WAY","draw","","points-all-1i-ml3way-draw","unknown","","false","-150","2026-09-26T13:25:46.273Z","","","","",""
"SPORTSGAMEODDS","xMrav2sswNYkMYD4e6Rs","2026-09-26T19:07:00.000Z","Cincinnati Reds @ Toronto Blue Jays","Cincinnati Reds","Toronto Blue Jays","1","full","FULL_INNING_3WAY","draw","","points-all-1i-ml3way-draw","ballybet","","false","-167","2026-09-26T13:25:05.773Z","","","","",""
"SPORTSGAMEODDS","xMrav2sswNYkMYD4e6Rs","2026-09-26T19:07:00.000Z","Cincinnati Reds @ Toronto Blue Jays","Cincinnati Reds","Toronto Blue Jays","1","full","FULL_INNING_3WAY","draw","","points-all-1i-ml3way-draw","betparx","","false","-167","2026-09-26T13:25:24.273Z","","","","",""
"SPORTSGAMEODDS","xMrav2sswNYkMYD4e6Rs","2026-09-26T19:07:00.000Z","Cincinnati Reds @ Toronto Blue Jays","Cincinnati Reds","Toronto Blue Jays","1","full","FULL_INNING_3WAY","draw","","points-all-1i-ml3way-draw","betrivers","","false","-167","2026-09-26T13:25:47.198Z","","","","","https://nj.betrivers.com/?page=sportsbook#event/1024788211?coupon=single|4351464660|0"
"SPORTSGAMEODDS","xMrav2sswNYkMYD4e6Rs","2026-09-26T19:07:00.000Z","Cincinnati Reds @ Toronto Blue Jays","Cincinnati Reds","Toronto Blue Jays","1","full","FULL_INNING_3WAY","draw","","points-all-1i-ml3way-draw","betmgm","","false","-140","2026-09-26T13:25:38.698Z","","","","","https://sports.nj.betmgm.com/en/sports?options=19944851-1561567764-2305073514"
"SPORTSGAMEODDS","xMrav2sswNYkMYD4e6Rs","2026-09-26T19:07:00.000Z","Cincinnati Reds @ Toronto Blue Jays","Cincinnati Reds","Toronto Blue Jays","1","full","FULL_INNING_3WAY","away","","points-away-1i-ml3way-away","fanduel","","false","390","2026-09-26T13:25:34.000Z","","","","","https://sportsbook.fanduel.com/addToBetslip?marketId=717.188528613&selectionId=29167"
"SPORTSGAMEODDS","xMrav2sswNYkMYD4e6Rs","2026-09-26T19:07:00.000Z","Cincinnati Reds @ Toronto Blue Jays","Cincinnati Reds","Toronto Blue Jays","1","full","FULL_INNING_3WAY","away","","points-away-1i-ml3way-away","bovada","","false","350","2026-09-26T13:24:55.198Z","","","","",""
"SPORTSGAMEODDS","xMrav2sswNYkMYD4e6Rs","2026-09-26T19:07:00.000Z","Cincinnati Reds @ Toronto Blue Jays","Cincinnati Reds","Toronto Blue Jays","1","full","FULL_INNING_3WAY","away","","points-away-1i-ml3way-away","draftkings","","false","360","2026-09-26T13:25:36.276Z","","","","",""
"SPORTSGAMEODDS","xMrav2sswNYkMYD4e6Rs","2026-09-26T19:07:00.000Z","Cincinnati Reds @ Toronto Blue Jays","Cincinnati Reds","Toronto Blue Jays","1","full","FULL_INNING_3WAY","away","","points-away-1i-ml3way-away","unknown","","false","360","2026-09-26T13:25:46.273Z","","","","",""
"SPORTSGAMEODDS","xMrav2sswNYkMYD4e6Rs","2026-09-26T19:07:00.000Z","Cincinnati Reds @ Toronto Blue Jays","Cincinnati Reds","Toronto Blue Jays","1","full","FULL_INNING_3WAY","away","","points-away-1i-ml3way-away","ballybet","","false","360","2026-09-26T13:25:05.773Z","","","","",""
"SPORTSGAMEODDS","xMrav2sswNYkMYD4e6Rs","2026-09-26T19:07:00.000Z","Cincinnati Reds @ Toronto Blue Jays","Cincinnati Reds","Toronto Blue Jays","1","full","FULL_INNING_3WAY","away","","points-away-1i-ml3way-away","betparx","","false","360","2026-09-26T13:25:24.273Z","","","","",""
"SPORTSGAMEODDS","xMrav2sswNYkMYD4e6Rs","2026-09-26T19:07:00.000Z","Cincinnati Reds @ Toronto Blue Jays","Cincinnati Reds","Toronto Blue Jays","1","full","FULL_INNING_3WAY","away","","points-away-1i-ml3way-away","betrivers","","false","360","2026-09-26T13:25:47.198Z","","","","","https://nj.betrivers.com/?page=sportsbook#event/1024788211?coupon=single|4351464661|0"
"SPORTSGAMEODDS","xMrav2sswNYkMYD4e6Rs","2026-09-26T19:07:00.000Z","Cincinnati Reds @ Toronto Blue Jays","Cincinnati Reds","Toronto Blue Jays","1","full","FULL_INNING_3WAY","away","","points-away-1i-ml3way-away","betmgm","","false","350","2026-09-26T13:25:38.698Z","","","","","https://sports.nj.betmgm.com/en/sports?options=19944851-1561567764-2305073513"
"SPORTSGAMEODDS","xMrav2sswNYkMYD4e6Rs","2026-09-26T19:07:00.000Z","Cincinnati Reds @ Toronto Blue Jays","Cincinnati Reds","Toronto Blue Jays","1","full","FULL_INNING_3WAY","home","","points-home-1i-ml3way-home","fanduel","","false","270","2026-09-26T13:25:34.000Z","","","","","https://sportsbook.fanduel.com/addToBetslip?marketId=717.188528613&selectionId=29164"
"SPORTSGAMEODDS","xMrav2sswNYkMYD4e6Rs","2026-09-26T19:07:00.000Z","Cincinnati Reds @ Toronto Blue Jays","Cincinnati Reds","Toronto Blue Jays","1","full","FULL_INNING_3WAY","home","","points-home-1i-ml3way-home","bovada","","false","245","2026-09-26T13:24:55.198Z","","","","",""
"SPORTSGAMEODDS","xMrav2sswNYkMYD4e6Rs","2026-09-26T19:07:00.000Z","Cincinnati Reds @ Toronto Blue Jays","Cincinnati Reds","Toronto Blue Jays","1","full","FULL_INNING_3WAY","home","","points-home-1i-ml3way-home","draftkings","","false","260","2026-09-26T13:25:36.276Z","","","","",""
"SPORTSGAMEODDS","xMrav2sswNYkMYD4e6Rs","2026-09-26T19:07:00.000Z","Cincinnati Reds @ Toronto Blue Jays","Cincinnati Reds","Toronto Blue Jays","1","full","FULL_INNING_3WAY","home","","points-home-1i-ml3way-home","unknown","","false","260","2026-09-26T13:25:46.273Z","","","","",""
"SPORTSGAMEODDS","xMrav2sswNYkMYD4e6Rs","2026-09-26T19:07:00.000Z","Cincinnati Reds @ Toronto Blue Jays","Cincinnati Reds","Toronto Blue Jays","1","full","FULL_INNING_3WAY","home","","points-home-1i-ml3way-home","ballybet","","false","290","2026-09-26T13:25:05.773Z","","","","",""
"SPORTSGAMEODDS","xMrav2sswNYkMYD4e6Rs","2026-09-26T19:07:00.000Z","Cincinnati Reds @ Toronto Blue Jays","Cincinnati Reds","Toronto Blue Jays","1","full","FULL_INNING_3WAY","home","","points-home-1i-ml3way-home","betparx","","false","290","2026-09-26T13:25:24.273Z","","","","",""
"SPORTSGAMEODDS","xMrav2sswNYkMYD4e6Rs","2026-09-26T19:07:00.000Z","Cincinnati Reds @ Toronto Blue Jays","Cincinnati Reds","Toronto Blue Jays","1","full","FULL_INNING_3WAY","home","","points-home-1i-ml3way-home","betrivers","","false","290","2026-09-26T13:25:47.198Z","","","","","https://nj.betrivers.com/?page=sportsbook#event/1024788211?coupon=single|4351464659|0"
"SPORTSGAMEODDS","xMrav2sswNYkMYD4e6Rs","2026-09-26T19:07:00.000Z","Cincinnati Reds @ Toronto Blue Jays","Cincinnati Reds","Toronto Blue Jays","1","full","FULL_INNING_3WAY","home","","points-home-1i-ml3way-home","betmgm","","false","260","2026-09-26T13:25:38.698Z","","","","","https://sports.nj.betmgm.com/en/sports?options=19944851-1561567764-2305073515"
"SPORTSGAMEODDS","xMrav2sswNYkMYD4e6Rs","2026-09-26T19:07:00.000Z","Cincinnati Reds @ Toronto Blue Jays","Cincinnati Reds","Toronto Blue Jays","2","full","FULL_INNING_3WAY","draw","","points-all-2i-ml3way-draw","fanduel","","false","-170","2026-09-26T13:25:34.000Z","","","","","https://sportsbook.fanduel.com/addToBetslip?marketId=717.188528603&selectionId=131604"
"SPORTSGAMEODDS","xMrav2sswNYkMYD4e6Rs","2026-09-26T19:07:00.000Z","Cincinnati Reds @ Toronto Blue Jays","Cincinnati Reds","Toronto Blue Jays","2","full","FULL_INNING_3WAY","draw","","points-all-2i-ml3way-draw","draftkings","","false","-160","2026-09-26T13:25:36.276Z","","","","",""
"SPORTSGAMEODDS","xMrav2sswNYkMYD4e6Rs","2026-09-26T19:07:00.000Z","Cincinnati Reds @ Toronto Blue Jays","Cincinnati Reds","Toronto Blue Jays","2","full","FULL_INNING_TOTAL","over","","points-all-2i-ou-over","fanduel","0.5","false","116","2026-09-26T13:25:34.000Z","0.5","0.5","120","105","https://sportsbook.fanduel.com/addToBetslip?marketId=717.188528602&selectionId=7017905"
"SPORTSGAMEODDS","xMrav2sswNYkMYD4e6Rs","2026-09-26T19:07:00.000Z","Cincinnati Reds @ Toronto Blue Jays","Cincinnati Reds","Toronto Blue Jays","2","full","FULL_INNING_TOTAL","over","","points-all-2i-ou-over","fanduel","1.5","true","290","2026-09-26T13:25:34.000Z","0.5","0.5","","","https://sportsbook.fanduel.com/addToBetslip?marketId=717.188528602&selectionId=7017905"
"SPORTSGAMEODDS","xMrav2sswNYkMYD4e6Rs","2026-09-26T19:07:00.000Z","Cincinnati Reds @ Toronto Blue Jays","Cincinnati Reds","Toronto Blue Jays","2","full","FULL_INNING_TOTAL","over","","points-all-2i-ou-over","draftkings","0.5","false","105","2026-09-26T13:25:36.276Z","0.5","0.5","120","105",""
"SPORTSGAMEODDS","xMrav2sswNYkMYD4e6Rs","2026-09-26T19:07:00.000Z","Cincinnati Reds @ Toronto Blue Jays","Cincinnati Reds","Toronto Blue Jays","2","full","FULL_INNING_TOTAL","over","","points-all-2i-ou-over","draftkings","1.5","true","260","2026-09-26T13:25:36.276Z","0.5","0.5","","",""
"SPORTSGAMEODDS","xMrav2sswNYkMYD4e6Rs","2026-09-26T19:07:00.000Z","Cincinnati Reds @ Toronto Blue Jays","Cincinnati Reds","Toronto Blue Jays","2","full","FULL_INNING_TOTAL","over","","points-all-2i-ou-over","fliff","0.5","false","-105","2026-09-26T13:23:52.193Z","0.5","0.5","120","105",""
"SPORTSGAMEODDS","xMrav2sswNYkMYD4e6Rs","2026-09-26T19:07:00.000Z","Cincinnati Reds @ Toronto Blue Jays","Cincinnati Reds","Toronto Blue Jays","2","full","FULL_INNING_TOTAL","under","","points-all-2i-ou-under","fanduel","0.5","false","-142","2026-09-26T13:25:34.000Z","0.5","0.5","-120","-142","https://sportsbook.fanduel.com/addToBetslip?marketId=717.188528602&selectionId=7017906"
"SPORTSGAMEODDS","xMrav2sswNYkMYD4e6Rs","2026-09-26T19:07:00.000Z","Cincinnati Reds @ Toronto Blue Jays","Cincinnati Reds","Toronto Blue Jays","2","full","FULL_INNING_TOTAL","under","","points-all-2i-ou-under","fanduel","1.5","true","-385","2026-09-26T13:25:34.000Z","0.5","0.5","","","https://sportsbook.fanduel.com/addToBetslip?marketId=717.188528602&selectionId=7017906"
"SPORTSGAMEODDS","xMrav2sswNYkMYD4e6Rs","2026-09-26T19:07:00.000Z","Cincinnati Reds @ Toronto Blue Jays","Cincinnati Reds","Toronto Blue Jays","2","full","FULL_INNING_TOTAL","under","","points-all-2i-ou-under","draftkings","0.5","false","-140","2026-09-26T13:25:36.276Z","0.5","0.5","-120","-142",""
"SPORTSGAMEODDS","xMrav2sswNYkMYD4e6Rs","2026-09-26T19:07:00.000Z","Cincinnati Reds @ Toronto Blue Jays","Cincinnati Reds","Toronto Blue Jays","2","full","FULL_INNING_TOTAL","under","","points-all-2i-ou-under","draftkings","1.5","true","-370","2026-09-26T13:25:36.276Z","0.5","0.5","","",""
"SPORTSGAMEODDS","xMrav2sswNYkMYD4e6Rs","2026-09-26T19:07:00.000Z","Cincinnati Reds @ Toronto Blue Jays","Cincinnati Reds","Toronto Blue Jays","2","full","FULL_INNING_TOTAL","under","","points-all-2i-ou-under","fliff","0.5","false","-155","2026-09-26T13:23:52.193Z","0.5","0.5","-120","-142",""
"SPORTSGAMEODDS","xMrav2sswNYkMYD4e6Rs","2026-09-26T19:07:00.000Z","Cincinnati Reds @ Toronto Blue Jays","Cincinnati Reds","Toronto Blue Jays","3","full","FULL_INNING_3WAY","draw","","points-all-3i-ml3way-draw","fanduel","","false","-155","2026-09-26T13:25:34.000Z","","","","","https://sportsbook.fanduel.com/addToBetslip?marketId=717.188528743&selectionId=131604"
"SPORTSGAMEODDS","xMrav2sswNYkMYD4e6Rs","2026-09-26T19:07:00.000Z","Cincinnati Reds @ Toronto Blue Jays","Cincinnati Reds","Toronto Blue Jays","3","full","FULL_INNING_3WAY","draw","","points-all-3i-ml3way-draw","draftkings","","false","-160","2026-09-26T13:25:36.276Z","","","","",""
"SPORTSGAMEODDS","xMrav2sswNYkMYD4e6Rs","2026-09-26T19:07:00.000Z","Cincinnati Reds @ Toronto Blue Jays","Cincinnati Reds","Toronto Blue Jays","3","full","FULL_INNING_TOTAL","over","","points-all-3i-ou-over","fanduel","0.5","false","110","2026-09-26T13:25:34.000Z","0.5","0.5","120","105","https://sportsbook.fanduel.com/addToBetslip?marketId=717.188528745&selectionId=7017905"
"SPORTSGAMEODDS","xMrav2sswNYkMYD4e6Rs","2026-09-26T19:07:00.000Z","Cincinnati Reds @ Toronto Blue Jays","Cincinnati Reds","Toronto Blue Jays","3","full","FULL_INNING_TOTAL","over","","points-all-3i-ou-over","fanduel","1.5","true","270","2026-09-26T13:25:34.000Z","0.5","0.5","","","https://sportsbook.fanduel.com/addToBetslip?marketId=717.188528745&selectionId=7017905"
"SPORTSGAMEODDS","xMrav2sswNYkMYD4e6Rs","2026-09-26T19:07:00.000Z","Cincinnati Reds @ Toronto Blue Jays","Cincinnati Reds","Toronto Blue Jays","3","full","FULL_INNING_TOTAL","over","","points-all-3i-ou-over","draftkings","0.5","false","105","2026-09-26T13:25:36.276Z","0.5","0.5","120","105",""
"SPORTSGAMEODDS","xMrav2sswNYkMYD4e6Rs","2026-09-26T19:07:00.000Z","Cincinnati Reds @ Toronto Blue Jays","Cincinnati Reds","Toronto Blue Jays","3","full","FULL_INNING_TOTAL","over","","points-all-3i-ou-over","draftkings","1.5","true","255","2026-09-26T13:25:36.276Z","0.5","0.5","","",""
"SPORTSGAMEODDS","xMrav2sswNYkMYD4e6Rs","2026-09-26T19:07:00.000Z","Cincinnati Reds @ Toronto Blue Jays","Cincinnati Reds","Toronto Blue Jays","3","full","FULL_INNING_TOTAL","over","","points-all-3i-ou-over","fliff","0.5","false","-110","2026-09-26T13:23:52.193Z","0.5","0.5","120","105",""
"SPORTSGAMEODDS","xMrav2sswNYkMYD4e6Rs","2026-09-26T19:07:00.000Z","Cincinnati Reds @ Toronto Blue Jays","Cincinnati Reds","Toronto Blue Jays","3","full","FULL_INNING_TOTAL","under","","points-all-3i-ou-under","fanduel","0.5","false","-134","2026-09-26T13:25:34.000Z","0.5","0.5","-120","-140","https://sportsbook.fanduel.com/addToBetslip?marketId=717.188528745&selectionId=7017906"
"SPORTSGAMEODDS","xMrav2sswNYkMYD4e6Rs","2026-09-26T19:07:00.000Z","Cincinnati Reds @ Toronto Blue Jays","Cincinnati Reds","Toronto Blue Jays","3","full","FULL_INNING_TOTAL","under","","points-all-3i-ou-under","fanduel","1.5","true","-355","2026-09-26T13:25:34.000Z","0.5","0.5","","","https://sportsbook.fanduel.com/addToBetslip?marketId=717.188528745&selectionId=7017906"
"SPORTSGAMEODDS","xMrav2sswNYkMYD4e6Rs","2026-09-26T19:07:00.000Z","Cincinnati Reds @ Toronto Blue Jays","Cincinnati Reds","Toronto Blue Jays","3","full","FULL_INNING_TOTAL","under","","points-all-3i-ou-under","draftkings","0.5","false","-140","2026-09-26T13:25:36.276Z","0.5","0.5","-120","-140",""
"SPORTSGAMEODDS","xMrav2sswNYkMYD4e6Rs","2026-09-26T19:07:00.000Z","Cincinnati Reds @ Toronto Blue Jays","Cincinnati Reds","Toronto Blue Jays","3","full","FULL_INNING_TOTAL","under","","points-all-3i-ou-under","draftkings","1.5","true","-360","2026-09-26T13:25:36.276Z","0.5","0.5","","",""
"SPORTSGAMEODDS","xMrav2sswNYkMYD4e6Rs","2026-09-26T19:07:00.000Z","Cincinnati Reds @ Toronto Blue Jays","Cincinnati Reds","Toronto Blue Jays","3","full","FULL_INNING_TOTAL","under","","points-all-3i-ou-under","fliff","0.5","false","-150","2026-09-26T13:23:52.193Z","0.5","0.5","-120","-140",""
"SPORTSGAMEODDS","xMrav2sswNYkMYD4e6Rs","2026-09-26T19:07:00.000Z","Cincinnati Reds @ Toronto Blue Jays","Cincinnati Reds","Toronto Blue Jays","4","full","FULL_INNING_3WAY","draw","","points-all-4i-ml3way-draw","fanduel","","false","-145","2026-09-26T13:25:34.000Z","","","","","https://sportsbook.fanduel.com/addToBetslip?marketId=717.188528597&selectionId=131604"
"SPORTSGAMEODDS","xMrav2sswNYkMYD4e6Rs","2026-09-26T19:07:00.000Z","Cincinnati Reds @ Toronto Blue Jays","Cincinnati Reds","Toronto Blue Jays","4","full","FULL_INNING_3WAY","draw","","points-all-4i-ml3way-draw","draftkings","","false","-150","2026-09-26T13:25:36.276Z","","","","",""
"SPORTSGAMEODDS","xMrav2sswNYkMYD4e6Rs","2026-09-26T19:07:00.000Z","Cincinnati Reds @ Toronto Blue Jays","Cincinnati Reds","Toronto Blue Jays","4","full","FULL_INNING_TOTAL","over","","points-all-4i-ou-over","fanduel","0.5","false","104","2026-09-26T13:25:34.000Z","0.5","0.5","113","100","https://sportsbook.fanduel.com/addToBetslip?marketId=717.188528595&selectionId=7017905"
"SPORTSGAMEODDS","xMrav2sswNYkMYD4e6Rs","2026-09-26T19:07:00.000Z","Cincinnati Reds @ Toronto Blue Jays","Cincinnati Reds","Toronto Blue Jays","4","full","FULL_INNING_TOTAL","over","","points-all-4i-ou-over","fanduel","1.5","true","265","2026-09-26T13:25:34.000Z","0.5","0.5","","","https://sportsbook.fanduel.com/addToBetslip?marketId=717.188528595&selectionId=7017905"
"SPORTSGAMEODDS","xMrav2sswNYkMYD4e6Rs","2026-09-26T19:07:00.000Z","Cincinnati Reds @ Toronto Blue Jays","Cincinnati Reds","Toronto Blue Jays","4","full","FULL_INNING_TOTAL","over","","points-all-4i-ou-over","draftkings","0.5","false","100","2026-09-26T13:25:36.276Z","0.5","0.5","113","100",""
"SPORTSGAMEODDS","xMrav2sswNYkMYD4e6Rs","2026-09-26T19:07:00.000Z","Cincinnati Reds @ Toronto Blue Jays","Cincinnati Reds","Toronto Blue Jays","4","full","FULL_INNING_TOTAL","over","","points-all-4i-ou-over","draftkings","1.5","true","245","2026-09-26T13:25:36.276Z","0.5","0.5","","",""
"SPORTSGAMEODDS","xMrav2sswNYkMYD4e6Rs","2026-09-26T19:07:00.000Z","Cincinnati Reds @ Toronto Blue Jays","Cincinnati Reds","Toronto Blue Jays","4","full","FULL_INNING_TOTAL","over","","points-all-4i-ou-over","fliff","0.5","false","-115","2026-09-26T13:23:52.193Z","0.5","0.5","113","100",""
"SPORTSGAMEODDS","xMrav2sswNYkMYD4e6Rs","2026-09-26T19:07:00.000Z","Cincinnati Reds @ Toronto Blue Jays","Cincinnati Reds","Toronto Blue Jays","4","full","FULL_INNING_TOTAL","under","","points-all-4i-ou-under","fanduel","0.5","false","-128","2026-09-26T13:25:34.000Z","0.5","0.5","-113","-130","https://sportsbook.fanduel.com/addToBetslip?marketId=717.188528595&selectionId=7017906"
"SPORTSGAMEODDS","xMrav2sswNYkMYD4e6Rs","2026-09-26T19:07:00.000Z","Cincinnati Reds @ Toronto Blue Jays","Cincinnati Reds","Toronto Blue Jays","4","full","FULL_INNING_TOTAL","under","","points-all-4i-ou-under","fanduel","1.5","true","-350","2026-09-26T13:25:34.000Z","0.5","0.5","","","https://sportsbook.fanduel.com/addToBetslip?marketId=717.188528595&selectionId=7017906"
"SPORTSGAMEODDS","xMrav2sswNYkMYD4e6Rs","2026-09-26T19:07:00.000Z","Cincinnati Reds @ Toronto Blue Jays","Cincinnati Reds","Toronto Blue Jays","4","full","FULL_INNING_TOTAL","under","","points-all-4i-ou-under","draftkings","0.5","false","-130","2026-09-26T13:25:36.276Z","0.5","0.5","-113","-130",""
"SPORTSGAMEODDS","xMrav2sswNYkMYD4e6Rs","2026-09-26T19:07:00.000Z","Cincinnati Reds @ Toronto Blue Jays","Cincinnati Reds","Toronto Blue Jays","4","full","FULL_INNING_TOTAL","under","","points-all-4i-ou-under","draftkings","1.5","true","-340","2026-09-26T13:25:36.276Z","0.5","0.5","","",""
"SPORTSGAMEODDS","xMrav2sswNYkMYD4e6Rs","2026-09-26T19:07:00.000Z","Cincinnati Reds @ Toronto Blue Jays","Cincinnati Reds","Toronto Blue Jays","4","full","FULL_INNING_TOTAL","under","","points-all-4i-ou-under","fliff","0.5","false","-145","2026-09-26T13:23:52.193Z","0.5","0.5","-113","-130",""
"SPORTSGAMEODDS","xMrav2sswNYkMYD4e6Rs","2026-09-26T19:07:00.000Z","Cincinnati Reds @ Toronto Blue Jays","Cincinnati Reds","Toronto Blue Jays","5","full","FULL_INNING_3WAY","draw","","points-all-5i-ml3way-draw","fanduel","","false","-165","2026-09-26T13:25:34.000Z","","","","","https://sportsbook.fanduel.com/addToBetslip?marketId=717.188528725&selectionId=131604"
"SPORTSGAMEODDS","xMrav2sswNYkMYD4e6Rs","2026-09-26T19:07:00.000Z","Cincinnati Reds @ Toronto Blue Jays","Cincinnati Reds","Toronto Blue Jays","5","full","FULL_INNING_3WAY","draw","","points-all-5i-ml3way-draw","draftkings","","false","-155","2026-09-26T13:25:36.276Z","","","","",""
"SPORTSGAMEODDS","xMrav2sswNYkMYD4e6Rs","2026-09-26T19:07:00.000Z","Cincinnati Reds @ Toronto Blue Jays","Cincinnati Reds","Toronto Blue Jays","5","full","FULL_INNING_TOTAL","over","","points-all-5i-ou-over","fanduel","0.5","false","110","2026-09-26T13:25:34.000Z","0.5","0.5","115","100","https://sportsbook.fanduel.com/addToBetslip?marketId=717.188528614&selectionId=7017905"
"SPORTSGAMEODDS","xMrav2sswNYkMYD4e6Rs","2026-09-26T19:07:00.000Z","Cincinnati Reds @ Toronto Blue Jays","Cincinnati Reds","Toronto Blue Jays","5","full","FULL_INNING_TOTAL","over","","points-all-5i-ou-over","fanduel","1.5","true","280","2026-09-26T13:25:34.000Z","0.5","0.5","","","https://sportsbook.fanduel.com/addToBetslip?marketId=717.188528614&selectionId=7017905"
"SPORTSGAMEODDS","xMrav2sswNYkMYD4e6Rs","2026-09-26T19:07:00.000Z","Cincinnati Reds @ Toronto Blue Jays","Cincinnati Reds","Toronto Blue Jays","5","full","FULL_INNING_TOTAL","over","","points-all-5i-ou-over","draftkings","0.5","false","100","2026-09-26T13:25:36.276Z","0.5","0.5","115","100",""
"SPORTSGAMEODDS","xMrav2sswNYkMYD4e6Rs","2026-09-26T19:07:00.000Z","Cincinnati Reds @ Toronto Blue Jays","Cincinnati Reds","Toronto Blue Jays","5","full","FULL_INNING_TOTAL","over","","points-all-5i-ou-over","draftkings","1.5","true","240","2026-09-26T13:25:36.276Z","0.5","0.5","","",""
"SPORTSGAMEODDS","xMrav2sswNYkMYD4e6Rs","2026-09-26T19:07:00.000Z","Cincinnati Reds @ Toronto Blue Jays","Cincinnati Reds","Toronto Blue Jays","5","full","FULL_INNING_TOTAL","over","","points-all-5i-ou-over","fliff","0.5","false","-110","2026-09-26T13:23:52.193Z","0.5","0.5","115","100",""
"SPORTSGAMEODDS","xMrav2sswNYkMYD4e6Rs","2026-09-26T19:07:00.000Z","Cincinnati Reds @ Toronto Blue Jays","Cincinnati Reds","Toronto Blue Jays","5","full","FULL_INNING_TOTAL","under","","points-all-5i-ou-under","fanduel","0.5","false","-134","2026-09-26T13:25:34.000Z","0.5","0.5","-115","-135","https://sportsbook.fanduel.com/addToBetslip?marketId=717.188528614&selectionId=7017906"
"SPORTSGAMEODDS","xMrav2sswNYkMYD4e6Rs","2026-09-26T19:07:00.000Z","Cincinnati Reds @ Toronto Blue Jays","Cincinnati Reds","Toronto Blue Jays","5","full","FULL_INNING_TOTAL","under","","points-all-5i-ou-under","fanduel","1.5","true","-370","2026-09-26T13:25:34.000Z","0.5","0.5","","","https://sportsbook.fanduel.com/addToBetslip?marketId=717.188528614&selectionId=7017906"
"SPORTSGAMEODDS","xMrav2sswNYkMYD4e6Rs","2026-09-26T19:07:00.000Z","Cincinnati Reds @ Toronto Blue Jays","Cincinnati Reds","Toronto Blue Jays","5","full","FULL_INNING_TOTAL","under","","points-all-5i-ou-under","draftkings","0.5","false","-135","2026-09-26T13:25:36.276Z","0.5","0.5","-115","-135",""
"SPORTSGAMEODDS","xMrav2sswNYkMYD4e6Rs","2026-09-26T19:07:00.000Z","Cincinnati Reds @ Toronto Blue Jays","Cincinnati Reds","Toronto Blue Jays","5","full","FULL_INNING_TOTAL","under","","points-all-5i-ou-under","draftkings","1.5","true","-340","2026-09-26T13:25:36.276Z","0.5","0.5","","",""
"SPORTSGAMEODDS","xMrav2sswNYkMYD4e6Rs","2026-09-26T19:07:00.000Z","Cincinnati Reds @ Toronto Blue Jays","Cincinnati Reds","Toronto Blue Jays","5","full","FULL_INNING_TOTAL","under","","points-all-5i-ou-under","fliff","0.5","false","-150","2026-09-26T13:23:52.193Z","0.5","0.5","-115","-135",""
"SPORTSGAMEODDS","xMrav2sswNYkMYD4e6Rs","2026-09-26T19:07:00.000Z","Cincinnati Reds @ Toronto Blue Jays","Cincinnati Reds","Toronto Blue Jays","6","full","FULL_INNING_3WAY","draw","","points-all-6i-ml3way-draw","fanduel","","false","-160","2026-09-26T13:25:34.000Z","","","","","https://sportsbook.fanduel.com/addToBetslip?marketId=717.188528621&selectionId=131604"
"SPORTSGAMEODDS","xMrav2sswNYkMYD4e6Rs","2026-09-26T19:07:00.000Z","Cincinnati Reds @ Toronto Blue Jays","Cincinnati Reds","Toronto Blue Jays","6","full","FULL_INNING_3WAY","draw","","points-all-6i-ml3way-draw","draftkings","","false","-170","2026-09-26T13:25:36.276Z","","","","",""
"SPORTSGAMEODDS","xMrav2sswNYkMYD4e6Rs","2026-09-26T19:07:00.000Z","Cincinnati Reds @ Toronto Blue Jays","Cincinnati Reds","Toronto Blue Jays","6","full","FULL_INNING_TOTAL","over","","points-all-6i-ou-over","fanduel","0.5","false","112","2026-09-26T13:25:34.000Z","0.5","0.5","126","110","https://sportsbook.fanduel.com/addToBetslip?marketId=717.188528643&selectionId=7017905"
"SPORTSGAMEODDS","xMrav2sswNYkMYD4e6Rs","2026-09-26T19:07:00.000Z","Cincinnati Reds @ Toronto Blue Jays","Cincinnati Reds","Toronto Blue Jays","6","full","FULL_INNING_TOTAL","over","","points-all-6i-ou-over","fanduel","1.5","true","290","2026-09-26T13:25:34.000Z","0.5","0.5","","","https://sportsbook.fanduel.com/addToBetslip?marketId=717.188528643&selectionId=7017905"
"SPORTSGAMEODDS","xMrav2sswNYkMYD4e6Rs","2026-09-26T19:07:00.000Z","Cincinnati Reds @ Toronto Blue Jays","Cincinnati Reds","Toronto Blue Jays","6","full","FULL_INNING_TOTAL","over","","points-all-6i-ou-over","draftkings","0.5","false","110","2026-09-26T13:25:36.276Z","0.5","0.5","126","110",""
"SPORTSGAMEODDS","xMrav2sswNYkMYD4e6Rs","2026-09-26T19:07:00.000Z","Cincinnati Reds @ Toronto Blue Jays","Cincinnati Reds","Toronto Blue Jays","6","full","FULL_INNING_TOTAL","over","","points-all-6i-ou-over","draftkings","1.5","true","275","2026-09-26T13:25:36.276Z","0.5","0.5","","",""
"SPORTSGAMEODDS","xMrav2sswNYkMYD4e6Rs","2026-09-26T19:07:00.000Z","Cincinnati Reds @ Toronto Blue Jays","Cincinnati Reds","Toronto Blue Jays","6","full","FULL_INNING_TOTAL","over","","points-all-6i-ou-over","fliff","0.5","false","100","2026-09-26T13:23:52.193Z","0.5","0.5","126","110",""
"SPORTSGAMEODDS","xMrav2sswNYkMYD4e6Rs","2026-09-26T19:07:00.000Z","Cincinnati Reds @ Toronto Blue Jays","Cincinnati Reds","Toronto Blue Jays","6","full","FULL_INNING_TOTAL","under","","points-all-6i-ou-under","fanduel","0.5","false","-138","2026-09-26T13:25:34.000Z","0.5","0.5","-126","-150","https://sportsbook.fanduel.com/addToBetslip?marketId=717.188528643&selectionId=7017906"
"SPORTSGAMEODDS","xMrav2sswNYkMYD4e6Rs","2026-09-26T19:07:00.000Z","Cincinnati Reds @ Toronto Blue Jays","Cincinnati Reds","Toronto Blue Jays","6","full","FULL_INNING_TOTAL","under","","points-all-6i-ou-under","fanduel","1.5","true","-385","2026-09-26T13:25:34.000Z","0.5","0.5","","","https://sportsbook.fanduel.com/addToBetslip?marketId=717.188528643&selectionId=7017906"
"SPORTSGAMEODDS","xMrav2sswNYkMYD4e6Rs","2026-09-26T19:07:00.000Z","Cincinnati Reds @ Toronto Blue Jays","Cincinnati Reds","Toronto Blue Jays","6","full","FULL_INNING_TOTAL","under","","points-all-6i-ou-under","draftkings","0.5","false","-150","2026-09-26T13:25:36.276Z","0.5","0.5","-126","-150",""
"SPORTSGAMEODDS","xMrav2sswNYkMYD4e6Rs","2026-09-26T19:07:00.000Z","Cincinnati Reds @ Toronto Blue Jays","Cincinnati Reds","Toronto Blue Jays","6","full","FULL_INNING_TOTAL","under","","points-all-6i-ou-under","draftkings","1.5","true","-390","2026-09-26T13:25:36.276Z","0.5","0.5","","",""
"SPORTSGAMEODDS","xMrav2sswNYkMYD4e6Rs","2026-09-26T19:07:00.000Z","Cincinnati Reds @ Toronto Blue Jays","Cincinnati Reds","Toronto Blue Jays","6","full","FULL_INNING_TOTAL","under","","points-all-6i-ou-under","fliff","0.5","false","-160","2026-09-26T13:23:52.193Z","0.5","0.5","-126","-150",""
"SPORTSGAMEODDS","xMrav2sswNYkMYD4e6Rs","2026-09-26T19:07:00.000Z","Cincinnati Reds @ Toronto Blue Jays","Cincinnati Reds","Toronto Blue Jays","7","full","FULL_INNING_3WAY","draw","","points-all-7i-ml3way-draw","fanduel","","false","-175","2026-09-26T13:25:34.000Z","","","","","https://sportsbook.fanduel.com/addToBetslip?marketId=717.188528742&selectionId=131604"
"SPORTSGAMEODDS","xMrav2sswNYkMYD4e6Rs","2026-09-26T19:07:00.000Z","Cincinnati Reds @ Toronto Blue Jays","Cincinnati Reds","Toronto Blue Jays","7","full","FULL_INNING_3WAY","draw","","points-all-7i-ml3way-draw","draftkings","","false","-180","2026-09-26T13:25:36.276Z","","","","",""
"SPORTSGAMEODDS","xMrav2sswNYkMYD4e6Rs","2026-09-26T19:07:00.000Z","Cincinnati Reds @ Toronto Blue Jays","Cincinnati Reds","Toronto Blue Jays","7","full","FULL_INNING_TOTAL","over","","points-all-7i-ou-over","fanduel","0.5","false","122","2026-09-26T13:25:34.000Z","0.5","0.5","135","120","https://sportsbook.fanduel.com/addToBetslip?marketId=717.188528594&selectionId=7017905"
"SPORTSGAMEODDS","xMrav2sswNYkMYD4e6Rs","2026-09-26T19:07:00.000Z","Cincinnati Reds @ Toronto Blue Jays","Cincinnati Reds","Toronto Blue Jays","7","full","FULL_INNING_TOTAL","over","","points-all-7i-ou-over","fanduel","1.5","true","310","2026-09-26T13:25:34.000Z","0.5","0.5","","","https://sportsbook.fanduel.com/addToBetslip?marketId=717.188528594&selectionId=7017905"
"SPORTSGAMEODDS","xMrav2sswNYkMYD4e6Rs","2026-09-26T19:07:00.000Z","Cincinnati Reds @ Toronto Blue Jays","Cincinnati Reds","Toronto Blue Jays","7","full","FULL_INNING_TOTAL","over","","points-all-7i-ou-over","draftkings","0.5","false","120","2026-09-26T13:25:36.276Z","0.5","0.5","135","120",""
"SPORTSGAMEODDS","xMrav2sswNYkMYD4e6Rs","2026-09-26T19:07:00.000Z","Cincinnati Reds @ Toronto Blue Jays","Cincinnati Reds","Toronto Blue Jays","7","full","FULL_INNING_TOTAL","over","","points-all-7i-ou-over","draftkings","1.5","true","295","2026-09-26T13:25:36.276Z","0.5","0.5","","",""
"SPORTSGAMEODDS","xMrav2sswNYkMYD4e6Rs","2026-09-26T19:07:00.000Z","Cincinnati Reds @ Toronto Blue Jays","Cincinnati Reds","Toronto Blue Jays","7","full","FULL_INNING_TOTAL","over","","points-all-7i-ou-over","fliff","0.5","false","105","2026-09-26T13:23:52.193Z","0.5","0.5","135","120",""
"SPORTSGAMEODDS","xMrav2sswNYkMYD4e6Rs","2026-09-26T19:07:00.000Z","Cincinnati Reds @ Toronto Blue Jays","Cincinnati Reds","Toronto Blue Jays","7","full","FULL_INNING_TOTAL","under","","points-all-7i-ou-under","fanduel","0.5","false","-150","2026-09-26T13:25:34.000Z","0.5","0.5","-135","-160","https://sportsbook.fanduel.com/addToBetslip?marketId=717.188528594&selectionId=7017906"
"SPORTSGAMEODDS","xMrav2sswNYkMYD4e6Rs","2026-09-26T19:07:00.000Z","Cincinnati Reds @ Toronto Blue Jays","Cincinnati Reds","Toronto Blue Jays","7","full","FULL_INNING_TOTAL","under","","points-all-7i-ou-under","fanduel","1.5","true","-420","2026-09-26T13:25:34.000Z","0.5","0.5","","","https://sportsbook.fanduel.com/addToBetslip?marketId=717.188528594&selectionId=7017906"
"SPORTSGAMEODDS","xMrav2sswNYkMYD4e6Rs","2026-09-26T19:07:00.000Z","Cincinnati Reds @ Toronto Blue Jays","Cincinnati Reds","Toronto Blue Jays","7","full","FULL_INNING_TOTAL","under","","points-all-7i-ou-under","draftkings","0.5","false","-160","2026-09-26T13:25:36.276Z","0.5","0.5","-135","-160",""
"SPORTSGAMEODDS","xMrav2sswNYkMYD4e6Rs","2026-09-26T19:07:00.000Z","Cincinnati Reds @ Toronto Blue Jays","Cincinnati Reds","Toronto Blue Jays","7","full","FULL_INNING_TOTAL","under","","points-all-7i-ou-under","draftkings","1.5","true","-425","2026-09-26T13:25:36.276Z","0.5","0.5","","",""
"SPORTSGAMEODDS","xMrav2sswNYkMYD4e6Rs","2026-09-26T19:07:00.000Z","Cincinnati Reds @ Toronto Blue Jays","Cincinnati Reds","Toronto Blue Jays","7","full","FULL_INNING_TOTAL","under","","points-all-7i-ou-under","fliff","0.5","false","-175","2026-09-26T13:23:52.193Z","0.5","0.5","-135","-160",""
"SPORTSGAMEODDS","xMrav2sswNYkMYD4e6Rs","2026-09-26T19:07:00.000Z","Cincinnati Reds @ Toronto Blue Jays","Cincinnati Reds","Toronto Blue Jays","8","full","FULL_INNING_3WAY","draw","","points-all-8i-ml3way-draw","fanduel","","false","-170","2026-09-26T13:25:34.000Z","","","","","https://sportsbook.fanduel.com/addToBetslip?marketId=717.188528642&selectionId=131604"
"SPORTSGAMEODDS","xMrav2sswNYkMYD4e6Rs","2026-09-26T19:07:00.000Z","Cincinnati Reds @ Toronto Blue Jays","Cincinnati Reds","Toronto Blue Jays","8","full","FULL_INNING_3WAY","draw","","points-all-8i-ml3way-draw","draftkings","","false","-180","2026-09-26T13:25:36.276Z","","","","",""
"SPORTSGAMEODDS","xMrav2sswNYkMYD4e6Rs","2026-09-26T19:07:00.000Z","Cincinnati Reds @ Toronto Blue Jays","Cincinnati Reds","Toronto Blue Jays","8","full","FULL_INNING_TOTAL","over","","points-all-8i-ou-over","fanduel","0.5","false","120","2026-09-26T13:25:34.000Z","0.5","0.5","135","120","https://sportsbook.fanduel.com/addToBetslip?marketId=717.188528600&selectionId=7017905"
"SPORTSGAMEODDS","xMrav2sswNYkMYD4e6Rs","2026-09-26T19:07:00.000Z","Cincinnati Reds @ Toronto Blue Jays","Cincinnati Reds","Toronto Blue Jays","8","full","FULL_INNING_TOTAL","over","","points-all-8i-ou-over","fanduel","1.5","true","310","2026-09-26T13:25:34.000Z","0.5","0.5","","","https://sportsbook.fanduel.com/addToBetslip?marketId=717.188528600&selectionId=7017905"
"SPORTSGAMEODDS","xMrav2sswNYkMYD4e6Rs","2026-09-26T19:07:00.000Z","Cincinnati Reds @ Toronto Blue Jays","Cincinnati Reds","Toronto Blue Jays","8","full","FULL_INNING_TOTAL","over","","points-all-8i-ou-over","draftkings","0.5","false","120","2026-09-26T13:25:36.276Z","0.5","0.5","135","120",""
"SPORTSGAMEODDS","xMrav2sswNYkMYD4e6Rs","2026-09-26T19:07:00.000Z","Cincinnati Reds @ Toronto Blue Jays","Cincinnati Reds","Toronto Blue Jays","8","full","FULL_INNING_TOTAL","over","","points-all-8i-ou-over","draftkings","1.5","true","300","2026-09-26T13:25:36.276Z","0.5","0.5","","",""
"SPORTSGAMEODDS","xMrav2sswNYkMYD4e6Rs","2026-09-26T19:07:00.000Z","Cincinnati Reds @ Toronto Blue Jays","Cincinnati Reds","Toronto Blue Jays","8","full","FULL_INNING_TOTAL","over","","points-all-8i-ou-over","fliff","0.5","false","105","2026-09-26T13:23:52.193Z","0.5","0.5","135","120",""
"SPORTSGAMEODDS","xMrav2sswNYkMYD4e6Rs","2026-09-26T19:07:00.000Z","Cincinnati Reds @ Toronto Blue Jays","Cincinnati Reds","Toronto Blue Jays","8","full","FULL_INNING_TOTAL","under","","points-all-8i-ou-under","fanduel","0.5","false","-148","2026-09-26T13:25:34.000Z","0.5","0.5","-135","-160","https://sportsbook.fanduel.com/addToBetslip?marketId=717.188528600&selectionId=7017906"
"SPORTSGAMEODDS","xMrav2sswNYkMYD4e6Rs","2026-09-26T19:07:00.000Z","Cincinnati Reds @ Toronto Blue Jays","Cincinnati Reds","Toronto Blue Jays","8","full","FULL_INNING_TOTAL","under","","points-all-8i-ou-under","fanduel","1.5","true","-390","2026-09-26T13:25:34.000Z","0.5","0.5","","","https://sportsbook.fanduel.com/addToBetslip?marketId=717.188528600&selectionId=7017906"
"SPORTSGAMEODDS","xMrav2sswNYkMYD4e6Rs","2026-09-26T19:07:00.000Z","Cincinnati Reds @ Toronto Blue Jays","Cincinnati Reds","Toronto Blue Jays","8","full","FULL_INNING_TOTAL","under","","points-all-8i-ou-under","draftkings","0.5","false","-160","2026-09-26T13:25:36.276Z","0.5","0.5","-135","-160",""
"SPORTSGAMEODDS","xMrav2sswNYkMYD4e6Rs","2026-09-26T19:07:00.000Z","Cincinnati Reds @ Toronto Blue Jays","Cincinnati Reds","Toronto Blue Jays","8","full","FULL_INNING_TOTAL","under","","points-all-8i-ou-under","draftkings","1.5","true","-425","2026-09-26T13:25:36.276Z","0.5","0.5","","",""
"SPORTSGAMEODDS","xMrav2sswNYkMYD4e6Rs","2026-09-26T19:07:00.000Z","Cincinnati Reds @ Toronto Blue Jays","Cincinnati Reds","Toronto Blue Jays","8","full","FULL_INNING_TOTAL","under","","points-all-8i-ou-under","fliff","0.5","false","-175","2026-09-26T13:23:52.193Z","0.5","0.5","-135","-160",""
"SPORTSGAMEODDS","xMrav2sswNYkMYD4e6Rs","2026-09-26T19:07:00.000Z","Cincinnati Reds @ Toronto Blue Jays","Cincinnati Reds","Toronto Blue Jays","9","full","FULL_INNING_3WAY","draw","","points-all-9i-ml3way-draw","fanduel","","false","-290","2026-09-26T13:25:34.000Z","","","","","https://sportsbook.fanduel.com/addToBetslip?marketId=717.188528631&selectionId=131604"
"SPORTSGAMEODDS","xMrav2sswNYkMYD4e6Rs","2026-09-26T19:07:00.000Z","Cincinnati Reds @ Toronto Blue Jays","Cincinnati Reds","Toronto Blue Jays","9","full","FULL_INNING_3WAY","draw","","points-all-9i-ml3way-draw","draftkings","","false","-310","2026-09-26T13:25:36.276Z","","","","",""
"SPORTSGAMEODDS","xMrav2sswNYkMYD4e6Rs","2026-09-26T19:07:00.000Z","Cincinnati Reds @ Toronto Blue Jays","Cincinnati Reds","Toronto Blue Jays","9","full","FULL_INNING_TOTAL","over","","points-all-9i-ou-over","fanduel","0.5","false","194","2026-09-26T13:25:34.000Z","","0.5","","197","https://sportsbook.fanduel.com/addToBetslip?marketId=717.188528728&selectionId=7017905"
"SPORTSGAMEODDS","xMrav2sswNYkMYD4e6Rs","2026-09-26T19:07:00.000Z","Cincinnati Reds @ Toronto Blue Jays","Cincinnati Reds","Toronto Blue Jays","9","full","FULL_INNING_TOTAL","over","","points-all-9i-ou-over","fanduel","1.5","true","490","2026-09-26T13:25:34.000Z","","0.5","","","https://sportsbook.fanduel.com/addToBetslip?marketId=717.188528728&selectionId=7017905"
"SPORTSGAMEODDS","xMrav2sswNYkMYD4e6Rs","2026-09-26T19:07:00.000Z","Cincinnati Reds @ Toronto Blue Jays","Cincinnati Reds","Toronto Blue Jays","9","full","FULL_INNING_TOTAL","over","","points-all-9i-ou-over","draftkings","0.5","false","200","2026-09-26T13:25:36.276Z","","0.5","","197",""
"SPORTSGAMEODDS","xMrav2sswNYkMYD4e6Rs","2026-09-26T19:07:00.000Z","Cincinnati Reds @ Toronto Blue Jays","Cincinnati Reds","Toronto Blue Jays","9","full","FULL_INNING_TOTAL","over","","points-all-9i-ou-over","draftkings","1.5","true","475","2026-09-26T13:25:36.276Z","","0.5","","",""
"SPORTSGAMEODDS","xMrav2sswNYkMYD4e6Rs","2026-09-26T19:07:00.000Z","Cincinnati Reds @ Toronto Blue Jays","Cincinnati Reds","Toronto Blue Jays","9","full","FULL_INNING_TOTAL","under","","points-all-9i-ou-under","fanduel","0.5","false","-245","2026-09-26T13:25:34.000Z","","0.5","","-259","https://sportsbook.fanduel.com/addToBetslip?marketId=717.188528728&selectionId=7017906"
"SPORTSGAMEODDS","xMrav2sswNYkMYD4e6Rs","2026-09-26T19:07:00.000Z","Cincinnati Reds @ Toronto Blue Jays","Cincinnati Reds","Toronto Blue Jays","9","full","FULL_INNING_TOTAL","under","","points-all-9i-ou-under","fanduel","1.5","true","-750","2026-09-26T13:25:34.000Z","","0.5","","","https://sportsbook.fanduel.com/addToBetslip?marketId=717.188528728&selectionId=7017906"
"SPORTSGAMEODDS","xMrav2sswNYkMYD4e6Rs","2026-09-26T19:07:00.000Z","Cincinnati Reds @ Toronto Blue Jays","Cincinnati Reds","Toronto Blue Jays","9","full","FULL_INNING_TOTAL","under","","points-all-9i-ou-under","draftkings","0.5","false","-275","2026-09-26T13:25:36.276Z","","0.5","","-259",""
"SPORTSGAMEODDS","xMrav2sswNYkMYD4e6Rs","2026-09-26T19:07:00.000Z","Cincinnati Reds @ Toronto Blue Jays","Cincinnati Reds","Toronto Blue Jays","9","full","FULL_INNING_TOTAL","under","","points-all-9i-ou-under","draftkings","1.5","true","-750","2026-09-26T13:25:36.276Z","","0.5","","",""
"SPORTSGAMEODDS","xMrav2sswNYkMYD4e6Rs","2026-09-26T19:07:00.000Z","Cincinnati Reds @ Toronto Blue Jays","Cincinnati Reds","Toronto Blue Jays","2","full","FULL_INNING_3WAY","away","","points-away-2i-ml3way-away","fanduel","","false","420","2026-09-26T13:25:34.000Z","","","","","https://sportsbook.fanduel.com/addToBetslip?marketId=717.188528603&selectionId=29167"
"SPORTSGAMEODDS","xMrav2sswNYkMYD4e6Rs","2026-09-26T19:07:00.000Z","Cincinnati Reds @ Toronto Blue Jays","Cincinnati Reds","Toronto Blue Jays","2","full","FULL_INNING_3WAY","away","","points-away-2i-ml3way-away","draftkings","","false","380","2026-09-26T13:25:36.276Z","","","","",""
"SPORTSGAMEODDS","xMrav2sswNYkMYD4e6Rs","2026-09-26T19:07:00.000Z","Cincinnati Reds @ Toronto Blue Jays","Cincinnati Reds","Toronto Blue Jays","3","full","FULL_INNING_3WAY","away","","points-away-3i-ml3way-away","fanduel","","false","400","2026-09-26T13:25:34.000Z","","","","","https://sportsbook.fanduel.com/addToBetslip?marketId=717.188528743&selectionId=29167"
"SPORTSGAMEODDS","xMrav2sswNYkMYD4e6Rs","2026-09-26T19:07:00.000Z","Cincinnati Reds @ Toronto Blue Jays","Cincinnati Reds","Toronto Blue Jays","3","full","FULL_INNING_3WAY","away","","points-away-3i-ml3way-away","draftkings","","false","370","2026-09-26T13:25:36.276Z","","","","",""
"SPORTSGAMEODDS","xMrav2sswNYkMYD4e6Rs","2026-09-26T19:07:00.000Z","Cincinnati Reds @ Toronto Blue Jays","Cincinnati Reds","Toronto Blue Jays","4","full","FULL_INNING_3WAY","away","","points-away-4i-ml3way-away","fanduel","","false","380","2026-09-26T13:25:34.000Z","","","","","https://sportsbook.fanduel.com/addToBetslip?marketId=717.188528597&selectionId=29167"
"SPORTSGAMEODDS","xMrav2sswNYkMYD4e6Rs","2026-09-26T19:07:00.000Z","Cincinnati Reds @ Toronto Blue Jays","Cincinnati Reds","Toronto Blue Jays","4","full","FULL_INNING_3WAY","away","","points-away-4i-ml3way-away","draftkings","","false","370","2026-09-26T13:25:36.276Z","","","","",""
"SPORTSGAMEODDS","xMrav2sswNYkMYD4e6Rs","2026-09-26T19:07:00.000Z","Cincinnati Reds @ Toronto Blue Jays","Cincinnati Reds","Toronto Blue Jays","5","full","FULL_INNING_3WAY","away","","points-away-5i-ml3way-away","fanduel","","false","390","2026-09-26T13:25:34.000Z","","","","","https://sportsbook.fanduel.com/addToBetslip?marketId=717.188528725&selectionId=29167"
"SPORTSGAMEODDS","xMrav2sswNYkMYD4e6Rs","2026-09-26T19:07:00.000Z","Cincinnati Reds @ Toronto Blue Jays","Cincinnati Reds","Toronto Blue Jays","5","full","FULL_INNING_3WAY","away","","points-away-5i-ml3way-away","draftkings","","false","370","2026-09-26T13:25:36.276Z","","","","",""
"SPORTSGAMEODDS","xMrav2sswNYkMYD4e6Rs","2026-09-26T19:07:00.000Z","Cincinnati Reds @ Toronto Blue Jays","Cincinnati Reds","Toronto Blue Jays","6","full","FULL_INNING_3WAY","away","","points-away-6i-ml3way-away","fanduel","","false","390","2026-09-26T13:25:34.000Z","","","","","https://sportsbook.fanduel.com/addToBetslip?marketId=717.188528621&selectionId=29167"
"SPORTSGAMEODDS","xMrav2sswNYkMYD4e6Rs","2026-09-26T19:07:00.000Z","Cincinnati Reds @ Toronto Blue Jays","Cincinnati Reds","Toronto Blue Jays","6","full","FULL_INNING_3WAY","away","","points-away-6i-ml3way-away","draftkings","","false","360","2026-09-26T13:25:36.276Z","","","","",""
"SPORTSGAMEODDS","xMrav2sswNYkMYD4e6Rs","2026-09-26T19:07:00.000Z","Cincinnati Reds @ Toronto Blue Jays","Cincinnati Reds","Toronto Blue Jays","7","full","FULL_INNING_3WAY","away","","points-away-7i-ml3way-away","fanduel","","false","410","2026-09-26T13:25:34.000Z","","","","","https://sportsbook.fanduel.com/addToBetslip?marketId=717.188528742&selectionId=29167"
"SPORTSGAMEODDS","xMrav2sswNYkMYD4e6Rs","2026-09-26T19:07:00.000Z","Cincinnati Reds @ Toronto Blue Jays","Cincinnati Reds","Toronto Blue Jays","7","full","FULL_INNING_3WAY","away","","points-away-7i-ml3way-away","draftkings","","false","400","2026-09-26T13:25:36.276Z","","","","",""
"SPORTSGAMEODDS","xMrav2sswNYkMYD4e6Rs","2026-09-26T19:07:00.000Z","Cincinnati Reds @ Toronto Blue Jays","Cincinnati Reds","Toronto Blue Jays","8","full","FULL_INNING_3WAY","away","","points-away-8i-ml3way-away","fanduel","","false","390","2026-09-26T13:25:34.000Z","","","","","https://sportsbook.fanduel.com/addToBetslip?marketId=717.188528642&selectionId=29167"
"SPORTSGAMEODDS","xMrav2sswNYkMYD4e6Rs","2026-09-26T19:07:00.000Z","Cincinnati Reds @ Toronto Blue Jays","Cincinnati Reds","Toronto Blue Jays","8","full","FULL_INNING_3WAY","away","","points-away-8i-ml3way-away","draftkings","","false","400","2026-09-26T13:25:36.276Z","","","","",""
"SPORTSGAMEODDS","xMrav2sswNYkMYD4e6Rs","2026-09-26T19:07:00.000Z","Cincinnati Reds @ Toronto Blue Jays","Cincinnati Reds","Toronto Blue Jays","9","full","FULL_INNING_3WAY","away","","points-away-9i-ml3way-away","fanduel","","false","340","2026-09-26T13:25:34.000Z","","","","","https://sportsbook.fanduel.com/addToBetslip?marketId=717.188528631&selectionId=29167"
"SPORTSGAMEODDS","xMrav2sswNYkMYD4e6Rs","2026-09-26T19:07:00.000Z","Cincinnati Reds @ Toronto Blue Jays","Cincinnati Reds","Toronto Blue Jays","9","full","FULL_INNING_3WAY","away","","points-away-9i-ml3way-away","draftkings","","false","380","2026-09-26T13:25:36.276Z","","","","",""
"SPORTSGAMEODDS","xMrav2sswNYkMYD4e6Rs","2026-09-26T19:07:00.000Z","Cincinnati Reds @ Toronto Blue Jays","Cincinnati Reds","Toronto Blue Jays","2","full","FULL_INNING_3WAY","home","","points-home-2i-ml3way-home","fanduel","","false","290","2026-09-26T13:25:34.000Z","","","","","https://sportsbook.fanduel.com/addToBetslip?marketId=717.188528603&selectionId=29164"
"SPORTSGAMEODDS","xMrav2sswNYkMYD4e6Rs","2026-09-26T19:07:00.000Z","Cincinnati Reds @ Toronto Blue Jays","Cincinnati Reds","Toronto Blue Jays","2","full","FULL_INNING_3WAY","home","","points-home-2i-ml3way-home","draftkings","","false","275","2026-09-26T13:25:36.276Z","","","","",""
"SPORTSGAMEODDS","xMrav2sswNYkMYD4e6Rs","2026-09-26T19:07:00.000Z","Cincinnati Reds @ Toronto Blue Jays","Cincinnati Reds","Toronto Blue Jays","3","full","FULL_INNING_3WAY","home","","points-home-3i-ml3way-home","fanduel","","false","280","2026-09-26T13:25:34.000Z","","","","","https://sportsbook.fanduel.com/addToBetslip?marketId=717.188528743&selectionId=29164"
"SPORTSGAMEODDS","xMrav2sswNYkMYD4e6Rs","2026-09-26T19:07:00.000Z","Cincinnati Reds @ Toronto Blue Jays","Cincinnati Reds","Toronto Blue Jays","3","full","FULL_INNING_3WAY","home","","points-home-3i-ml3way-home","draftkings","","false","280","2026-09-26T13:25:36.276Z","","","","",""
"SPORTSGAMEODDS","xMrav2sswNYkMYD4e6Rs","2026-09-26T19:07:00.000Z","Cincinnati Reds @ Toronto Blue Jays","Cincinnati Reds","Toronto Blue Jays","4","full","FULL_INNING_3WAY","home","","points-home-4i-ml3way-home","fanduel","","false","270","2026-09-26T13:25:34.000Z","","","","","https://sportsbook.fanduel.com/addToBetslip?marketId=717.188528597&selectionId=29164"
"SPORTSGAMEODDS","xMrav2sswNYkMYD4e6Rs","2026-09-26T19:07:00.000Z","Cincinnati Reds @ Toronto Blue Jays","Cincinnati Reds","Toronto Blue Jays","4","full","FULL_INNING_3WAY","home","","points-home-4i-ml3way-home","draftkings","","false","265","2026-09-26T13:25:36.276Z","","","","",""
"SPORTSGAMEODDS","xMrav2sswNYkMYD4e6Rs","2026-09-26T19:07:00.000Z","Cincinnati Reds @ Toronto Blue Jays","Cincinnati Reds","Toronto Blue Jays","5","full","FULL_INNING_3WAY","home","","points-home-5i-ml3way-home","fanduel","","false","290","2026-09-26T13:25:34.000Z","","","","","https://sportsbook.fanduel.com/addToBetslip?marketId=717.188528725&selectionId=29164"
"SPORTSGAMEODDS","xMrav2sswNYkMYD4e6Rs","2026-09-26T19:07:00.000Z","Cincinnati Reds @ Toronto Blue Jays","Cincinnati Reds","Toronto Blue Jays","5","full","FULL_INNING_3WAY","home","","points-home-5i-ml3way-home","draftkings","","false","265","2026-09-26T13:25:36.276Z","","","","",""
"SPORTSGAMEODDS","xMrav2sswNYkMYD4e6Rs","2026-09-26T19:07:00.000Z","Cincinnati Reds @ Toronto Blue Jays","Cincinnati Reds","Toronto Blue Jays","6","full","FULL_INNING_3WAY","home","","points-home-6i-ml3way-home","fanduel","","false","290","2026-09-26T13:25:34.000Z","","","","","https://sportsbook.fanduel.com/addToBetslip?marketId=717.188528621&selectionId=29164"
"SPORTSGAMEODDS","xMrav2sswNYkMYD4e6Rs","2026-09-26T19:07:00.000Z","Cincinnati Reds @ Toronto Blue Jays","Cincinnati Reds","Toronto Blue Jays","6","full","FULL_INNING_3WAY","home","","points-home-6i-ml3way-home","draftkings","","false","310","2026-09-26T13:25:36.276Z","","","","",""
"SPORTSGAMEODDS","xMrav2sswNYkMYD4e6Rs","2026-09-26T19:07:00.000Z","Cincinnati Reds @ Toronto Blue Jays","Cincinnati Reds","Toronto Blue Jays","7","full","FULL_INNING_3WAY","home","","points-home-7i-ml3way-home","fanduel","","false","310","2026-09-26T13:25:34.000Z","","","","","https://sportsbook.fanduel.com/addToBetslip?marketId=717.188528742&selectionId=29164"
"SPORTSGAMEODDS","xMrav2sswNYkMYD4e6Rs","2026-09-26T19:07:00.000Z","Cincinnati Reds @ Toronto Blue Jays","Cincinnati Reds","Toronto Blue Jays","7","full","FULL_INNING_3WAY","home","","points-home-7i-ml3way-home","draftkings","","false","300","2026-09-26T13:25:36.276Z","","","","",""
"SPORTSGAMEODDS","xMrav2sswNYkMYD4e6Rs","2026-09-26T19:07:00.000Z","Cincinnati Reds @ Toronto Blue Jays","Cincinnati Reds","Toronto Blue Jays","8","full","FULL_INNING_3WAY","home","","points-home-8i-ml3way-home","fanduel","","false","320","2026-09-26T13:25:34.000Z","","","","","https://sportsbook.fanduel.com/addToBetslip?marketId=717.188528642&selectionId=29164"
"SPORTSGAMEODDS","xMrav2sswNYkMYD4e6Rs","2026-09-26T19:07:00.000Z","Cincinnati Reds @ Toronto Blue Jays","Cincinnati Reds","Toronto Blue Jays","8","full","FULL_INNING_3WAY","home","","points-home-8i-ml3way-home","draftkings","","false","300","2026-09-26T13:25:36.276Z","","","","",""
"SPORTSGAMEODDS","xMrav2sswNYkMYD4e6Rs","2026-09-26T19:07:00.000Z","Cincinnati Reds @ Toronto Blue Jays","Cincinnati Reds","Toronto Blue Jays","9","full","FULL_INNING_3WAY","home","","points-home-9i-ml3way-home","fanduel","","false","700","2026-09-26T13:25:34.000Z","","","","","https://sportsbook.fanduel.com/addToBetslip?marketId=717.188528631&selectionId=29164"
"SPORTSGAMEODDS","xMrav2sswNYkMYD4e6Rs","2026-09-26T19:07:00.000Z","Cincinnati Reds @ Toronto Blue Jays","Cincinnati Reds","Toronto Blue Jays","9","full","FULL_INNING_3WAY","home","","points-home-9i-ml3way-home","draftkings","","false","700","2026-09-26T13:25:36.276Z","","","","",""
"SPORTSGAMEODDS","7UgUSgFrgVkm63AS6yWf","2026-09-26T20:05:00.000Z","Los Angeles Dodgers @ San Francisco Giants","Los Angeles Dodgers","San Francisco Giants","1","full","FULL_INNING_3WAY","draw","","points-all-1i-ml3way-draw","fanduel","","false","-170","2026-09-26T13:25:34.000Z","","","","","https://sportsbook.fanduel.com/addToBetslip?marketId=717.188528748&selectionId=131604"
"SPORTSGAMEODDS","7UgUSgFrgVkm63AS6yWf","2026-09-26T20:05:00.000Z","Los Angeles Dodgers @ San Francisco Giants","Los Angeles Dodgers","San Francisco Giants","1","full","FULL_INNING_3WAY","draw","","points-all-1i-ml3way-draw","bovada","","false","-143","2026-09-26T13:25:50.991Z","","","","",""
"SPORTSGAMEODDS","7UgUSgFrgVkm63AS6yWf","2026-09-26T20:05:00.000Z","Los Angeles Dodgers @ San Francisco Giants","Los Angeles Dodgers","San Francisco Giants","1","full","FULL_INNING_3WAY","draw","","points-all-1i-ml3way-draw","draftkings","","false","-165","2026-09-26T13:25:36.276Z","","","","",""
"SPORTSGAMEODDS","7UgUSgFrgVkm63AS6yWf","2026-09-26T20:05:00.000Z","Los Angeles Dodgers @ San Francisco Giants","Los Angeles Dodgers","San Francisco Giants","1","full","FULL_INNING_3WAY","draw","","points-all-1i-ml3way-draw","unknown","","false","-165","2026-09-26T13:25:55.034Z","","","","",""
"SPORTSGAMEODDS","7UgUSgFrgVkm63AS6yWf","2026-09-26T20:05:00.000Z","Los Angeles Dodgers @ San Francisco Giants","Los Angeles Dodgers","San Francisco Giants","1","full","FULL_INNING_3WAY","draw","","points-all-1i-ml3way-draw","ballybet","","false","-175","2026-09-26T13:25:51.034Z","","","","",""
"SPORTSGAMEODDS","7UgUSgFrgVkm63AS6yWf","2026-09-26T20:05:00.000Z","Los Angeles Dodgers @ San Francisco Giants","Los Angeles Dodgers","San Francisco Giants","1","full","FULL_INNING_3WAY","draw","","points-all-1i-ml3way-draw","betparx","","false","-175","2026-09-26T13:25:35.534Z","","","","",""
"SPORTSGAMEODDS","7UgUSgFrgVkm63AS6yWf","2026-09-26T20:05:00.000Z","Los Angeles Dodgers @ San Francisco Giants","Los Angeles Dodgers","San Francisco Giants","1","full","FULL_INNING_3WAY","draw","","points-all-1i-ml3way-draw","betrivers","","false","-175","2026-09-26T13:25:29.991Z","","","","","https://nj.betrivers.com/?page=sportsbook#event/1024788203?coupon=single|4351670820|0"
"SPORTSGAMEODDS","7UgUSgFrgVkm63AS6yWf","2026-09-26T20:05:00.000Z","Los Angeles Dodgers @ San Francisco Giants","Los Angeles Dodgers","San Francisco Giants","1","full","FULL_INNING_3WAY","draw","","points-all-1i-ml3way-draw","betmgm","","false","-155","2026-09-26T13:25:29.991Z","","","","","https://sports.nj.betmgm.com/en/sports?options=19944853-1561567655-2305073280"
"SPORTSGAMEODDS","7UgUSgFrgVkm63AS6yWf","2026-09-26T20:05:00.000Z","Los Angeles Dodgers @ San Francisco Giants","Los Angeles Dodgers","San Francisco Giants","1","full","FULL_INNING_TOTAL","over","","points-all-1i-ou-over","novig","0.5","false","122","2026-09-26T13:25:01.238Z","0.5","0.5","124","111","https://novig.com/events/01a0d9d1-f1a1-7bf1-a55e-559fbc677759/sportsgameodds"
"SPORTSGAMEODDS","7UgUSgFrgVkm63AS6yWf","2026-09-26T20:05:00.000Z","Los Angeles Dodgers @ San Francisco Giants","Los Angeles Dodgers","San Francisco Giants","1","full","FULL_INNING_TOTAL","over","","points-all-1i-ou-over","caesars","0.5","false","114","2026-09-26T13:25:55.491Z","0.5","0.5","124","111","https://sportsbook.caesars.com/us/nj/bet/betslip?selectionIds=3aabfee2-e91f-34f1-a64c-35b2ab26d200"
"SPORTSGAMEODDS","7UgUSgFrgVkm63AS6yWf","2026-09-26T20:05:00.000Z","Los Angeles Dodgers @ San Francisco Giants","Los Angeles Dodgers","San Francisco Giants","1","full","FULL_INNING_TOTAL","over","","points-all-1i-ou-over","fanduel","0.5","false","116","2026-09-26T13:25:34.000Z","0.5","0.5","124","111","https://sportsbook.fanduel.com/addToBetslip?marketId=717.188528749&selectionId=7017905"
"SPORTSGAMEODDS","7UgUSgFrgVkm63AS6yWf","2026-09-26T20:05:00.000Z","Los Angeles Dodgers @ San Francisco Giants","Los Angeles Dodgers","San Francisco Giants","1","full","FULL_INNING_TOTAL","over","","points-all-1i-ou-over","fanduel","1.5","true","300","2026-09-26T13:25:34.000Z","0.5","0.5","","","https://sportsbook.fanduel.com/addToBetslip?marketId=717.188528749&selectionId=7017905"
"SPORTSGAMEODDS","7UgUSgFrgVkm63AS6yWf","2026-09-26T20:05:00.000Z","Los Angeles Dodgers @ San Francisco Giants","Los Angeles Dodgers","San Francisco Giants","1","full","FULL_INNING_TOTAL","over","","points-all-1i-ou-over","unknown","0.5","false","112","2026-09-26T13:25:55.034Z","0.5","0.5","124","111",""
"SPORTSGAMEODDS","7UgUSgFrgVkm63AS6yWf","2026-09-26T20:05:00.000Z","Los Angeles Dodgers @ San Francisco Giants","Los Angeles Dodgers","San Francisco Giants","1","full","FULL_INNING_TOTAL","over","","points-all-1i-ou-over","unknown","1.5","true","298","2026-09-26T13:25:55.034Z","0.5","0.5","","",""
"SPORTSGAMEODDS","7UgUSgFrgVkm63AS6yWf","2026-09-26T20:05:00.000Z","Los Angeles Dodgers @ San Francisco Giants","Los Angeles Dodgers","San Francisco Giants","1","full","FULL_INNING_TOTAL","over","","points-all-1i-ou-over","fliff","0.5","false","-105","2026-09-26T13:23:52.193Z","0.5","0.5","124","111",""
"SPORTSGAMEODDS","7UgUSgFrgVkm63AS6yWf","2026-09-26T20:05:00.000Z","Los Angeles Dodgers @ San Francisco Giants","Los Angeles Dodgers","San Francisco Giants","1","full","FULL_INNING_TOTAL","over","","points-all-1i-ou-over","hardrockbet","0.5","false","105","2026-09-26T13:25:22.534Z","0.5","0.5","124","111",""
"SPORTSGAMEODDS","7UgUSgFrgVkm63AS6yWf","2026-09-26T20:05:00.000Z","Los Angeles Dodgers @ San Francisco Giants","Los Angeles Dodgers","San Francisco Giants","1","full","FULL_INNING_TOTAL","over","","points-all-1i-ou-over","hardrockbet","1.5","true","250","2026-09-26T13:25:22.534Z","0.5","0.5","","",""
"SPORTSGAMEODDS","7UgUSgFrgVkm63AS6yWf","2026-09-26T20:05:00.000Z","Los Angeles Dodgers @ San Francisco Giants","Los Angeles Dodgers","San Francisco Giants","1","full","FULL_INNING_TOTAL","over","","points-all-1i-ou-over","draftkings","0.5","false","110","2026-09-26T13:25:36.276Z","0.5","0.5","124","111",""
"SPORTSGAMEODDS","7UgUSgFrgVkm63AS6yWf","2026-09-26T20:05:00.000Z","Los Angeles Dodgers @ San Francisco Giants","Los Angeles Dodgers","San Francisco Giants","1","full","FULL_INNING_TOTAL","over","","points-all-1i-ou-over","draftkings","1.5","true","290","2026-09-26T13:25:36.276Z","0.5","0.5","","",""
"SPORTSGAMEODDS","7UgUSgFrgVkm63AS6yWf","2026-09-26T20:05:00.000Z","Los Angeles Dodgers @ San Francisco Giants","Los Angeles Dodgers","San Francisco Giants","1","full","FULL_INNING_TOTAL","over","","points-all-1i-ou-over","betonline","0.5","false","110","2026-09-26T13:25:34.991Z","0.5","0.5","124","111",""
"SPORTSGAMEODDS","7UgUSgFrgVkm63AS6yWf","2026-09-26T20:05:00.000Z","Los Angeles Dodgers @ San Francisco Giants","Los Angeles Dodgers","San Francisco Giants","1","full","FULL_INNING_TOTAL","over","","points-all-1i-ou-over","ballybet","0.5","false","120","2026-09-26T13:25:51.034Z","0.5","0.5","124","111",""
"SPORTSGAMEODDS","7UgUSgFrgVkm63AS6yWf","2026-09-26T20:05:00.000Z","Los Angeles Dodgers @ San Francisco Giants","Los Angeles Dodgers","San Francisco Giants","1","full","FULL_INNING_TOTAL","over","","points-all-1i-ou-over","betparx","0.5","false","120","2026-09-26T13:25:35.534Z","0.5","0.5","124","111",""
"SPORTSGAMEODDS","7UgUSgFrgVkm63AS6yWf","2026-09-26T20:05:00.000Z","Los Angeles Dodgers @ San Francisco Giants","Los Angeles Dodgers","San Francisco Giants","1","full","FULL_INNING_TOTAL","over","","points-all-1i-ou-over","betrivers","0.5","false","120","2026-09-26T13:25:29.991Z","0.5","0.5","124","111","https://nj.betrivers.com/?page=sportsbook#event/1024788203?coupon=single|4351644302|0"
"SPORTSGAMEODDS","7UgUSgFrgVkm63AS6yWf","2026-09-26T20:05:00.000Z","Los Angeles Dodgers @ San Francisco Giants","Los Angeles Dodgers","San Francisco Giants","1","full","FULL_INNING_TOTAL","over","","points-all-1i-ou-over","betmgm","0.5","false","110","2026-09-26T13:25:29.991Z","0.5","0.5","124","111","https://sports.nj.betmgm.com/en/sports?options=19944853-1561567661-2305073303"
"SPORTSGAMEODDS","7UgUSgFrgVkm63AS6yWf","2026-09-26T20:05:00.000Z","Los Angeles Dodgers @ San Francisco Giants","Los Angeles Dodgers","San Francisco Giants","1","full","FULL_INNING_TOTAL","under","","points-all-1i-ou-under","novig","0.5","false","-127","2026-09-26T13:25:01.238Z","0.5","0.5","-124","-143","https://novig.com/events/01a0d9d1-f1a1-7bf1-a55e-55aa03e233de/sportsgameodds"
"SPORTSGAMEODDS","7UgUSgFrgVkm63AS6yWf","2026-09-26T20:05:00.000Z","Los Angeles Dodgers @ San Francisco Giants","Los Angeles Dodgers","San Francisco Giants","1","full","FULL_INNING_TOTAL","under","","points-all-1i-ou-under","caesars","0.5","false","-141","2026-09-26T13:25:55.491Z","0.5","0.5","-124","-143","https://sportsbook.caesars.com/us/nj/bet/betslip?selectionIds=72d92007-8287-3ae4-aeec-9b91ec467086"
"SPORTSGAMEODDS","7UgUSgFrgVkm63AS6yWf","2026-09-26T20:05:00.000Z","Los Angeles Dodgers @ San Francisco Giants","Los Angeles Dodgers","San Francisco Giants","1","full","FULL_INNING_TOTAL","under","","points-all-1i-ou-under","fanduel","0.5","false","-148","2026-09-26T13:25:34.000Z","0.5","0.5","-124","-143","https://sportsbook.fanduel.com/addToBetslip?marketId=717.188528749&selectionId=7017906"
"SPORTSGAMEODDS","7UgUSgFrgVkm63AS6yWf","2026-09-26T20:05:00.000Z","Los Angeles Dodgers @ San Francisco Giants","Los Angeles Dodgers","San Francisco Giants","1","full","FULL_INNING_TOTAL","under","","points-all-1i-ou-under","fanduel","1.5","true","-400","2026-09-26T13:25:34.000Z","0.5","0.5","","","https://sportsbook.fanduel.com/addToBetslip?marketId=717.188528749&selectionId=7017906"
"SPORTSGAMEODDS","7UgUSgFrgVkm63AS6yWf","2026-09-26T20:05:00.000Z","Los Angeles Dodgers @ San Francisco Giants","Los Angeles Dodgers","San Francisco Giants","1","full","FULL_INNING_TOTAL","under","","points-all-1i-ou-under","unknown","0.5","false","-142","2026-09-26T13:25:55.034Z","0.5","0.5","-124","-143",""
"SPORTSGAMEODDS","7UgUSgFrgVkm63AS6yWf","2026-09-26T20:05:00.000Z","Los Angeles Dodgers @ San Francisco Giants","Los Angeles Dodgers","San Francisco Giants","1","full","FULL_INNING_TOTAL","under","","points-all-1i-ou-under","unknown","1.5","true","-378","2026-09-26T13:25:55.034Z","0.5","0.5","","",""
"SPORTSGAMEODDS","7UgUSgFrgVkm63AS6yWf","2026-09-26T20:05:00.000Z","Los Angeles Dodgers @ San Francisco Giants","Los Angeles Dodgers","San Francisco Giants","1","full","FULL_INNING_TOTAL","under","","points-all-1i-ou-under","fliff","0.5","false","-155","2026-09-26T13:23:52.193Z","0.5","0.5","-124","-143",""
"SPORTSGAMEODDS","7UgUSgFrgVkm63AS6yWf","2026-09-26T20:05:00.000Z","Los Angeles Dodgers @ San Francisco Giants","Los Angeles Dodgers","San Francisco Giants","1","full","FULL_INNING_TOTAL","under","","points-all-1i-ou-under","hardrockbet","0.5","false","-135","2026-09-26T13:25:22.534Z","0.5","0.5","-124","-143",""
"SPORTSGAMEODDS","7UgUSgFrgVkm63AS6yWf","2026-09-26T20:05:00.000Z","Los Angeles Dodgers @ San Francisco Giants","Los Angeles Dodgers","San Francisco Giants","1","full","FULL_INNING_TOTAL","under","","points-all-1i-ou-under","hardrockbet","1.5","true","-375","2026-09-26T13:25:22.534Z","0.5","0.5","","",""
"SPORTSGAMEODDS","7UgUSgFrgVkm63AS6yWf","2026-09-26T20:05:00.000Z","Los Angeles Dodgers @ San Francisco Giants","Los Angeles Dodgers","San Francisco Giants","1","full","FULL_INNING_TOTAL","under","","points-all-1i-ou-under","draftkings","0.5","false","-145","2026-09-26T13:25:36.276Z","0.5","0.5","-124","-143",""
"SPORTSGAMEODDS","7UgUSgFrgVkm63AS6yWf","2026-09-26T20:05:00.000Z","Los Angeles Dodgers @ San Francisco Giants","Los Angeles Dodgers","San Francisco Giants","1","full","FULL_INNING_TOTAL","under","","points-all-1i-ou-under","draftkings","1.5","true","-390","2026-09-26T13:25:36.276Z","0.5","0.5","","",""
"SPORTSGAMEODDS","7UgUSgFrgVkm63AS6yWf","2026-09-26T20:05:00.000Z","Los Angeles Dodgers @ San Francisco Giants","Los Angeles Dodgers","San Francisco Giants","1","full","FULL_INNING_TOTAL","under","","points-all-1i-ou-under","betonline","0.5","false","-147","2026-09-26T13:25:34.991Z","0.5","0.5","-124","-143",""
"SPORTSGAMEODDS","7UgUSgFrgVkm63AS6yWf","2026-09-26T20:05:00.000Z","Los Angeles Dodgers @ San Francisco Giants","Los Angeles Dodgers","San Francisco Giants","1","full","FULL_INNING_TOTAL","under","","points-all-1i-ou-under","ballybet","0.5","false","-162","2026-09-26T13:25:51.034Z","0.5","0.5","-124","-143",""
"SPORTSGAMEODDS","7UgUSgFrgVkm63AS6yWf","2026-09-26T20:05:00.000Z","Los Angeles Dodgers @ San Francisco Giants","Los Angeles Dodgers","San Francisco Giants","1","full","FULL_INNING_TOTAL","under","","points-all-1i-ou-under","betparx","0.5","false","-162","2026-09-26T13:25:35.534Z","0.5","0.5","-124","-143",""
"SPORTSGAMEODDS","7UgUSgFrgVkm63AS6yWf","2026-09-26T20:05:00.000Z","Los Angeles Dodgers @ San Francisco Giants","Los Angeles Dodgers","San Francisco Giants","1","full","FULL_INNING_TOTAL","under","","points-all-1i-ou-under","betrivers","0.5","false","-162","2026-09-26T13:25:29.991Z","0.5","0.5","-124","-143","https://nj.betrivers.com/?page=sportsbook#event/1024788203?coupon=single|4351644303|0"
"SPORTSGAMEODDS","7UgUSgFrgVkm63AS6yWf","2026-09-26T20:05:00.000Z","Los Angeles Dodgers @ San Francisco Giants","Los Angeles Dodgers","San Francisco Giants","1","full","FULL_INNING_TOTAL","under","","points-all-1i-ou-under","betmgm","0.5","false","-140","2026-09-26T13:25:29.991Z","0.5","0.5","-124","-143","https://sports.nj.betmgm.com/en/sports?options=19944853-1561567661-2305073304"
"SPORTSGAMEODDS","7UgUSgFrgVkm63AS6yWf","2026-09-26T20:05:00.000Z","Los Angeles Dodgers @ San Francisco Giants","Los Angeles Dodgers","San Francisco Giants","1","full","FULL_INNING_3WAY","away","","points-away-1i-ml3way-away","fanduel","","false","220","2026-09-26T13:25:34.000Z","","","","","https://sportsbook.fanduel.com/addToBetslip?marketId=717.188528748&selectionId=29171"
"SPORTSGAMEODDS","7UgUSgFrgVkm63AS6yWf","2026-09-26T20:05:00.000Z","Los Angeles Dodgers @ San Francisco Giants","Los Angeles Dodgers","San Francisco Giants","1","full","FULL_INNING_3WAY","away","","points-away-1i-ml3way-away","bovada","","false","220","2026-09-26T13:25:50.991Z","","","","",""
"SPORTSGAMEODDS","7UgUSgFrgVkm63AS6yWf","2026-09-26T20:05:00.000Z","Los Angeles Dodgers @ San Francisco Giants","Los Angeles Dodgers","San Francisco Giants","1","full","FULL_INNING_3WAY","away","","points-away-1i-ml3way-away","draftkings","","false","205","2026-09-26T13:25:36.276Z","","","","",""
"SPORTSGAMEODDS","7UgUSgFrgVkm63AS6yWf","2026-09-26T20:05:00.000Z","Los Angeles Dodgers @ San Francisco Giants","Los Angeles Dodgers","San Francisco Giants","1","full","FULL_INNING_3WAY","away","","points-away-1i-ml3way-away","unknown","","false","205","2026-09-26T13:25:55.034Z","","","","",""
"SPORTSGAMEODDS","7UgUSgFrgVkm63AS6yWf","2026-09-26T20:05:00.000Z","Los Angeles Dodgers @ San Francisco Giants","Los Angeles Dodgers","San Francisco Giants","1","full","FULL_INNING_3WAY","away","","points-away-1i-ml3way-away","ballybet","","false","220","2026-09-26T13:25:51.034Z","","","","",""
"SPORTSGAMEODDS","7UgUSgFrgVkm63AS6yWf","2026-09-26T20:05:00.000Z","Los Angeles Dodgers @ San Francisco Giants","Los Angeles Dodgers","San Francisco Giants","1","full","FULL_INNING_3WAY","away","","points-away-1i-ml3way-away","betparx","","false","220","2026-09-26T13:25:35.534Z","","","","",""
"SPORTSGAMEODDS","7UgUSgFrgVkm63AS6yWf","2026-09-26T20:05:00.000Z","Los Angeles Dodgers @ San Francisco Giants","Los Angeles Dodgers","San Francisco Giants","1","full","FULL_INNING_3WAY","away","","points-away-1i-ml3way-away","betrivers","","false","220","2026-09-26T13:25:29.991Z","","","","","https://nj.betrivers.com/?page=sportsbook#event/1024788203?coupon=single|4351670821|0"
"SPORTSGAMEODDS","7UgUSgFrgVkm63AS6yWf","2026-09-26T20:05:00.000Z","Los Angeles Dodgers @ San Francisco Giants","Los Angeles Dodgers","San Francisco Giants","1","full","FULL_INNING_3WAY","away","","points-away-1i-ml3way-away","betmgm","","false","210","2026-09-26T13:25:29.991Z","","","","","https://sports.nj.betmgm.com/en/sports?options=19944853-1561567655-2305073278"
"SPORTSGAMEODDS","7UgUSgFrgVkm63AS6yWf","2026-09-26T20:05:00.000Z","Los Angeles Dodgers @ San Francisco Giants","Los Angeles Dodgers","San Francisco Giants","1","full","FULL_INNING_3WAY","home","","points-home-1i-ml3way-home","fanduel","","false","600","2026-09-26T13:25:34.000Z","","","","","https://sportsbook.fanduel.com/addToBetslip?marketId=717.188528748&selectionId=29178"
"SPORTSGAMEODDS","7UgUSgFrgVkm63AS6yWf","2026-09-26T20:05:00.000Z","Los Angeles Dodgers @ San Francisco Giants","Los Angeles Dodgers","San Francisco Giants","1","full","FULL_INNING_3WAY","home","","points-home-1i-ml3way-home","bovada","","false","460","2026-09-26T13:25:50.991Z","","","","",""
"SPORTSGAMEODDS","7UgUSgFrgVkm63AS6yWf","2026-09-26T20:05:00.000Z","Los Angeles Dodgers @ San Francisco Giants","Los Angeles Dodgers","San Francisco Giants","1","full","FULL_INNING_3WAY","home","","points-home-1i-ml3way-home","draftkings","","false","600","2026-09-26T13:25:36.276Z","","","","",""
"SPORTSGAMEODDS","7UgUSgFrgVkm63AS6yWf","2026-09-26T20:05:00.000Z","Los Angeles Dodgers @ San Francisco Giants","Los Angeles Dodgers","San Francisco Giants","1","full","FULL_INNING_3WAY","home","","points-home-1i-ml3way-home","unknown","","false","600","2026-09-26T13:25:55.034Z","","","","",""
"SPORTSGAMEODDS","7UgUSgFrgVkm63AS6yWf","2026-09-26T20:05:00.000Z","Los Angeles Dodgers @ San Francisco Giants","Los Angeles Dodgers","San Francisco Giants","1","full","FULL_INNING_3WAY","home","","points-home-1i-ml3way-home","ballybet","","false","575","2026-09-26T13:25:51.034Z","","","","",""
"SPORTSGAMEODDS","7UgUSgFrgVkm63AS6yWf","2026-09-26T20:05:00.000Z","Los Angeles Dodgers @ San Francisco Giants","Los Angeles Dodgers","San Francisco Giants","1","full","FULL_INNING_3WAY","home","","points-home-1i-ml3way-home","betparx","","false","575","2026-09-26T13:25:35.534Z","","","","",""
"SPORTSGAMEODDS","7UgUSgFrgVkm63AS6yWf","2026-09-26T20:05:00.000Z","Los Angeles Dodgers @ San Francisco Giants","Los Angeles Dodgers","San Francisco Giants","1","full","FULL_INNING_3WAY","home","","points-home-1i-ml3way-home","betrivers","","false","575","2026-09-26T13:25:29.991Z","","","","","https://nj.betrivers.com/?page=sportsbook#event/1024788203?coupon=single|4351670819|0"
"SPORTSGAMEODDS","7UgUSgFrgVkm63AS6yWf","2026-09-26T20:05:00.000Z","Los Angeles Dodgers @ San Francisco Giants","Los Angeles Dodgers","San Francisco Giants","1","full","FULL_INNING_3WAY","home","","points-home-1i-ml3way-home","betmgm","","false","550","2026-09-26T13:25:29.991Z","","","","","https://sports.nj.betmgm.com/en/sports?options=19944853-1561567655-2305073281"
"SPORTSGAMEODDS","7UgUSgFrgVkm63AS6yWf","2026-09-26T20:05:00.000Z","Los Angeles Dodgers @ San Francisco Giants","Los Angeles Dodgers","San Francisco Giants","2","full","FULL_INNING_3WAY","draw","","points-all-2i-ml3way-draw","fanduel","","false","-190","2026-09-26T13:25:34.000Z","","","","","https://sportsbook.fanduel.com/addToBetslip?marketId=717.188528893&selectionId=131604"
"SPORTSGAMEODDS","7UgUSgFrgVkm63AS6yWf","2026-09-26T20:05:00.000Z","Los Angeles Dodgers @ San Francisco Giants","Los Angeles Dodgers","San Francisco Giants","2","full","FULL_INNING_3WAY","draw","","points-all-2i-ml3way-draw","draftkings","","false","-170","2026-09-26T13:25:36.276Z","","","","",""
"SPORTSGAMEODDS","7UgUSgFrgVkm63AS6yWf","2026-09-26T20:05:00.000Z","Los Angeles Dodgers @ San Francisco Giants","Los Angeles Dodgers","San Francisco Giants","2","full","FULL_INNING_TOTAL","over","","points-all-2i-ou-over","fanduel","0.5","false","138","2026-09-26T13:25:34.000Z","0.5","0.5","135","115","https://sportsbook.fanduel.com/addToBetslip?marketId=717.188528802&selectionId=7017905"
"SPORTSGAMEODDS","7UgUSgFrgVkm63AS6yWf","2026-09-26T20:05:00.000Z","Los Angeles Dodgers @ San Francisco Giants","Los Angeles Dodgers","San Francisco Giants","2","full","FULL_INNING_TOTAL","over","","points-all-2i-ou-over","fanduel","1.5","true","350","2026-09-26T13:25:34.000Z","0.5","0.5","","","https://sportsbook.fanduel.com/addToBetslip?marketId=717.188528802&selectionId=7017905"
"SPORTSGAMEODDS","7UgUSgFrgVkm63AS6yWf","2026-09-26T20:05:00.000Z","Los Angeles Dodgers @ San Francisco Giants","Los Angeles Dodgers","San Francisco Giants","2","full","FULL_INNING_TOTAL","over","","points-all-2i-ou-over","draftkings","0.5","false","115","2026-09-26T13:25:36.276Z","0.5","0.5","135","115",""
"SPORTSGAMEODDS","7UgUSgFrgVkm63AS6yWf","2026-09-26T20:05:00.000Z","Los Angeles Dodgers @ San Francisco Giants","Los Angeles Dodgers","San Francisco Giants","2","full","FULL_INNING_TOTAL","over","","points-all-2i-ou-over","draftkings","1.5","true","290","2026-09-26T13:25:36.276Z","0.5","0.5","","",""
"SPORTSGAMEODDS","7UgUSgFrgVkm63AS6yWf","2026-09-26T20:05:00.000Z","Los Angeles Dodgers @ San Francisco Giants","Los Angeles Dodgers","San Francisco Giants","2","full","FULL_INNING_TOTAL","over","","points-all-2i-ou-over","fliff","0.5","false","115","2026-09-26T13:23:52.193Z","0.5","0.5","135","115",""
"SPORTSGAMEODDS","7UgUSgFrgVkm63AS6yWf","2026-09-26T20:05:00.000Z","Los Angeles Dodgers @ San Francisco Giants","Los Angeles Dodgers","San Francisco Giants","2","full","FULL_INNING_TOTAL","under","","points-all-2i-ou-under","fanduel","0.5","false","-170","2026-09-26T13:25:34.000Z","0.5","0.5","-135","-170","https://sportsbook.fanduel.com/addToBetslip?marketId=717.188528802&selectionId=7017906"
"SPORTSGAMEODDS","7UgUSgFrgVkm63AS6yWf","2026-09-26T20:05:00.000Z","Los Angeles Dodgers @ San Francisco Giants","Los Angeles Dodgers","San Francisco Giants","2","full","FULL_INNING_TOTAL","under","","points-all-2i-ou-under","fanduel","1.5","true","-480","2026-09-26T13:25:34.000Z","0.5","0.5","","","https://sportsbook.fanduel.com/addToBetslip?marketId=717.188528802&selectionId=7017906"
"SPORTSGAMEODDS","7UgUSgFrgVkm63AS6yWf","2026-09-26T20:05:00.000Z","Los Angeles Dodgers @ San Francisco Giants","Los Angeles Dodgers","San Francisco Giants","2","full","FULL_INNING_TOTAL","under","","points-all-2i-ou-under","draftkings","0.5","false","-155","2026-09-26T13:25:36.276Z","0.5","0.5","-135","-170",""
"SPORTSGAMEODDS","7UgUSgFrgVkm63AS6yWf","2026-09-26T20:05:00.000Z","Los Angeles Dodgers @ San Francisco Giants","Los Angeles Dodgers","San Francisco Giants","2","full","FULL_INNING_TOTAL","under","","points-all-2i-ou-under","draftkings","1.5","true","-425","2026-09-26T13:25:36.276Z","0.5","0.5","","",""
"SPORTSGAMEODDS","7UgUSgFrgVkm63AS6yWf","2026-09-26T20:05:00.000Z","Los Angeles Dodgers @ San Francisco Giants","Los Angeles Dodgers","San Francisco Giants","2","full","FULL_INNING_TOTAL","under","","points-all-2i-ou-under","fliff","0.5","false","-185","2026-09-26T13:23:52.193Z","0.5","0.5","-135","-170",""
"SPORTSGAMEODDS","7UgUSgFrgVkm63AS6yWf","2026-09-26T20:05:00.000Z","Los Angeles Dodgers @ San Francisco Giants","Los Angeles Dodgers","San Francisco Giants","3","full","FULL_INNING_3WAY","draw","","points-all-3i-ml3way-draw","fanduel","","false","-170","2026-09-26T13:25:34.000Z","","","","","https://sportsbook.fanduel.com/addToBetslip?marketId=717.188528887&selectionId=131604"
"SPORTSGAMEODDS","7UgUSgFrgVkm63AS6yWf","2026-09-26T20:05:00.000Z","Los Angeles Dodgers @ San Francisco Giants","Los Angeles Dodgers","San Francisco Giants","3","full","FULL_INNING_3WAY","draw","","points-all-3i-ml3way-draw","draftkings","","false","-175","2026-09-26T13:25:36.276Z","","","","",""
"SPORTSGAMEODDS","7UgUSgFrgVkm63AS6yWf","2026-09-26T20:05:00.000Z","Los Angeles Dodgers @ San Francisco Giants","Los Angeles Dodgers","San Francisco Giants","3","full","FULL_INNING_TOTAL","over","","points-all-3i-ou-over","fanduel","0.5","false","118","2026-09-26T13:25:34.000Z","0.5","0.5","126","110","https://sportsbook.fanduel.com/addToBetslip?marketId=717.188528825&selectionId=7017905"
"SPORTSGAMEODDS","7UgUSgFrgVkm63AS6yWf","2026-09-26T20:05:00.000Z","Los Angeles Dodgers @ San Francisco Giants","Los Angeles Dodgers","San Francisco Giants","3","full","FULL_INNING_TOTAL","over","","points-all-3i-ou-over","fanduel","1.5","true","290","2026-09-26T13:25:34.000Z","0.5","0.5","","","https://sportsbook.fanduel.com/addToBetslip?marketId=717.188528825&selectionId=7017905"
"SPORTSGAMEODDS","7UgUSgFrgVkm63AS6yWf","2026-09-26T20:05:00.000Z","Los Angeles Dodgers @ San Francisco Giants","Los Angeles Dodgers","San Francisco Giants","3","full","FULL_INNING_TOTAL","over","","points-all-3i-ou-over","draftkings","0.5","false","110","2026-09-26T13:25:36.276Z","0.5","0.5","126","110",""
"SPORTSGAMEODDS","7UgUSgFrgVkm63AS6yWf","2026-09-26T20:05:00.000Z","Los Angeles Dodgers @ San Francisco Giants","Los Angeles Dodgers","San Francisco Giants","3","full","FULL_INNING_TOTAL","over","","points-all-3i-ou-over","draftkings","1.5","true","285","2026-09-26T13:25:36.276Z","0.5","0.5","","",""
"SPORTSGAMEODDS","7UgUSgFrgVkm63AS6yWf","2026-09-26T20:05:00.000Z","Los Angeles Dodgers @ San Francisco Giants","Los Angeles Dodgers","San Francisco Giants","3","full","FULL_INNING_TOTAL","over","","points-all-3i-ou-over","fliff","0.5","false","105","2026-09-26T13:23:52.193Z","0.5","0.5","126","110",""
"SPORTSGAMEODDS","7UgUSgFrgVkm63AS6yWf","2026-09-26T20:05:00.000Z","Los Angeles Dodgers @ San Francisco Giants","Los Angeles Dodgers","San Francisco Giants","3","full","FULL_INNING_TOTAL","under","","points-all-3i-ou-under","fanduel","0.5","false","-144","2026-09-26T13:25:34.000Z","0.5","0.5","-126","-150","https://sportsbook.fanduel.com/addToBetslip?marketId=717.188528825&selectionId=7017906"
"SPORTSGAMEODDS","7UgUSgFrgVkm63AS6yWf","2026-09-26T20:05:00.000Z","Los Angeles Dodgers @ San Francisco Giants","Los Angeles Dodgers","San Francisco Giants","3","full","FULL_INNING_TOTAL","under","","points-all-3i-ou-under","fanduel","1.5","true","-385","2026-09-26T13:25:34.000Z","0.5","0.5","","","https://sportsbook.fanduel.com/addToBetslip?marketId=717.188528825&selectionId=7017906"
"SPORTSGAMEODDS","7UgUSgFrgVkm63AS6yWf","2026-09-26T20:05:00.000Z","Los Angeles Dodgers @ San Francisco Giants","Los Angeles Dodgers","San Francisco Giants","3","full","FULL_INNING_TOTAL","under","","points-all-3i-ou-under","draftkings","0.5","false","-150","2026-09-26T13:25:36.276Z","0.5","0.5","-126","-150",""
"SPORTSGAMEODDS","7UgUSgFrgVkm63AS6yWf","2026-09-26T20:05:00.000Z","Los Angeles Dodgers @ San Francisco Giants","Los Angeles Dodgers","San Francisco Giants","3","full","FULL_INNING_TOTAL","under","","points-all-3i-ou-under","draftkings","1.5","true","-400","2026-09-26T13:25:36.276Z","0.5","0.5","","",""
"SPORTSGAMEODDS","7UgUSgFrgVkm63AS6yWf","2026-09-26T20:05:00.000Z","Los Angeles Dodgers @ San Francisco Giants","Los Angeles Dodgers","San Francisco Giants","3","full","FULL_INNING_TOTAL","under","","points-all-3i-ou-under","fliff","0.5","false","-170","2026-09-26T13:23:52.193Z","0.5","0.5","-126","-150",""
"SPORTSGAMEODDS","7UgUSgFrgVkm63AS6yWf","2026-09-26T20:05:00.000Z","Los Angeles Dodgers @ San Francisco Giants","Los Angeles Dodgers","San Francisco Giants","4","full","FULL_INNING_3WAY","draw","","points-all-4i-ml3way-draw","fanduel","","false","-170","2026-09-26T13:25:34.000Z","","","","","https://sportsbook.fanduel.com/addToBetslip?marketId=717.188528905&selectionId=131604"
"SPORTSGAMEODDS","7UgUSgFrgVkm63AS6yWf","2026-09-26T20:05:00.000Z","Los Angeles Dodgers @ San Francisco Giants","Los Angeles Dodgers","San Francisco Giants","4","full","FULL_INNING_3WAY","draw","","points-all-4i-ml3way-draw","draftkings","","false","-170","2026-09-26T13:25:36.276Z","","","","",""
"SPORTSGAMEODDS","7UgUSgFrgVkm63AS6yWf","2026-09-26T20:05:00.000Z","Los Angeles Dodgers @ San Francisco Giants","Los Angeles Dodgers","San Francisco Giants","4","full","FULL_INNING_TOTAL","over","","points-all-4i-ou-over","fanduel","0.5","false","122","2026-09-26T13:25:34.000Z","0.5","0.5","131","115","https://sportsbook.fanduel.com/addToBetslip?marketId=717.188528768&selectionId=7017905"
"SPORTSGAMEODDS","7UgUSgFrgVkm63AS6yWf","2026-09-26T20:05:00.000Z","Los Angeles Dodgers @ San Francisco Giants","Los Angeles Dodgers","San Francisco Giants","4","full","FULL_INNING_TOTAL","over","","points-all-4i-ou-over","fanduel","1.5","true","310","2026-09-26T13:25:34.000Z","0.5","0.5","","","https://sportsbook.fanduel.com/addToBetslip?marketId=717.188528768&selectionId=7017905"
"SPORTSGAMEODDS","7UgUSgFrgVkm63AS6yWf","2026-09-26T20:05:00.000Z","Los Angeles Dodgers @ San Francisco Giants","Los Angeles Dodgers","San Francisco Giants","4","full","FULL_INNING_TOTAL","over","","points-all-4i-ou-over","draftkings","0.5","false","115","2026-09-26T13:25:36.276Z","0.5","0.5","131","115",""
"SPORTSGAMEODDS","7UgUSgFrgVkm63AS6yWf","2026-09-26T20:05:00.000Z","Los Angeles Dodgers @ San Francisco Giants","Los Angeles Dodgers","San Francisco Giants","4","full","FULL_INNING_TOTAL","over","","points-all-4i-ou-over","draftkings","1.5","true","290","2026-09-26T13:25:36.276Z","0.5","0.5","","",""
"SPORTSGAMEODDS","7UgUSgFrgVkm63AS6yWf","2026-09-26T20:05:00.000Z","Los Angeles Dodgers @ San Francisco Giants","Los Angeles Dodgers","San Francisco Giants","4","full","FULL_INNING_TOTAL","over","","points-all-4i-ou-over","fliff","0.5","false","105","2026-09-26T13:23:52.193Z","0.5","0.5","131","115",""
"SPORTSGAMEODDS","7UgUSgFrgVkm63AS6yWf","2026-09-26T20:05:00.000Z","Los Angeles Dodgers @ San Francisco Giants","Los Angeles Dodgers","San Francisco Giants","4","full","FULL_INNING_TOTAL","under","","points-all-4i-ou-under","fanduel","0.5","false","-150","2026-09-26T13:25:34.000Z","0.5","0.5","-131","-155","https://sportsbook.fanduel.com/addToBetslip?marketId=717.188528768&selectionId=7017906"
"SPORTSGAMEODDS","7UgUSgFrgVkm63AS6yWf","2026-09-26T20:05:00.000Z","Los Angeles Dodgers @ San Francisco Giants","Los Angeles Dodgers","San Francisco Giants","4","full","FULL_INNING_TOTAL","under","","points-all-4i-ou-under","fanduel","1.5","true","-420","2026-09-26T13:25:34.000Z","0.5","0.5","","","https://sportsbook.fanduel.com/addToBetslip?marketId=717.188528768&selectionId=7017906"
"SPORTSGAMEODDS","7UgUSgFrgVkm63AS6yWf","2026-09-26T20:05:00.000Z","Los Angeles Dodgers @ San Francisco Giants","Los Angeles Dodgers","San Francisco Giants","4","full","FULL_INNING_TOTAL","under","","points-all-4i-ou-under","draftkings","0.5","false","-155","2026-09-26T13:25:36.276Z","0.5","0.5","-131","-155",""
"SPORTSGAMEODDS","7UgUSgFrgVkm63AS6yWf","2026-09-26T20:05:00.000Z","Los Angeles Dodgers @ San Francisco Giants","Los Angeles Dodgers","San Francisco Giants","4","full","FULL_INNING_TOTAL","under","","points-all-4i-ou-under","draftkings","1.5","true","-425","2026-09-26T13:25:36.276Z","0.5","0.5","","",""
"SPORTSGAMEODDS","7UgUSgFrgVkm63AS6yWf","2026-09-26T20:05:00.000Z","Los Angeles Dodgers @ San Francisco Giants","Los Angeles Dodgers","San Francisco Giants","4","full","FULL_INNING_TOTAL","under","","points-all-4i-ou-under","fliff","0.5","false","-170","2026-09-26T13:24:43.426Z","0.5","0.5","-131","-155",""
"SPORTSGAMEODDS","7UgUSgFrgVkm63AS6yWf","2026-09-26T20:05:00.000Z","Los Angeles Dodgers @ San Francisco Giants","Los Angeles Dodgers","San Francisco Giants","5","full","FULL_INNING_3WAY","draw","","points-all-5i-ml3way-draw","fanduel","","false","-170","2026-09-26T13:25:34.000Z","","","","","https://sportsbook.fanduel.com/addToBetslip?marketId=717.188528771&selectionId=131604"
"SPORTSGAMEODDS","7UgUSgFrgVkm63AS6yWf","2026-09-26T20:05:00.000Z","Los Angeles Dodgers @ San Francisco Giants","Los Angeles Dodgers","San Francisco Giants","5","full","FULL_INNING_3WAY","draw","","points-all-5i-ml3way-draw","draftkings","","false","-155","2026-09-26T13:25:36.276Z","","","","",""
"SPORTSGAMEODDS","7UgUSgFrgVkm63AS6yWf","2026-09-26T20:05:00.000Z","Los Angeles Dodgers @ San Francisco Giants","Los Angeles Dodgers","San Francisco Giants","5","full","FULL_INNING_TOTAL","over","","points-all-5i-ou-over","fanduel","0.5","false","124","2026-09-26T13:25:34.000Z","0.5","0.5","124","105","https://sportsbook.fanduel.com/addToBetslip?marketId=717.188528812&selectionId=7017905"
"SPORTSGAMEODDS","7UgUSgFrgVkm63AS6yWf","2026-09-26T20:05:00.000Z","Los Angeles Dodgers @ San Francisco Giants","Los Angeles Dodgers","San Francisco Giants","5","full","FULL_INNING_TOTAL","over","","points-all-5i-ou-over","fanduel","1.5","true","300","2026-09-26T13:25:34.000Z","0.5","0.5","","","https://sportsbook.fanduel.com/addToBetslip?marketId=717.188528812&selectionId=7017905"
"SPORTSGAMEODDS","7UgUSgFrgVkm63AS6yWf","2026-09-26T20:05:00.000Z","Los Angeles Dodgers @ San Francisco Giants","Los Angeles Dodgers","San Francisco Giants","5","full","FULL_INNING_TOTAL","over","","points-all-5i-ou-over","draftkings","0.5","false","105","2026-09-26T13:25:36.276Z","0.5","0.5","124","105",""
"SPORTSGAMEODDS","7UgUSgFrgVkm63AS6yWf","2026-09-26T20:05:00.000Z","Los Angeles Dodgers @ San Francisco Giants","Los Angeles Dodgers","San Francisco Giants","5","full","FULL_INNING_TOTAL","over","","points-all-5i-ou-over","draftkings","1.5","true","260","2026-09-26T13:25:36.276Z","0.5","0.5","","",""
"SPORTSGAMEODDS","7UgUSgFrgVkm63AS6yWf","2026-09-26T20:05:00.000Z","Los Angeles Dodgers @ San Francisco Giants","Los Angeles Dodgers","San Francisco Giants","5","full","FULL_INNING_TOTAL","over","","points-all-5i-ou-over","fliff","0.5","false","105","2026-09-26T13:23:52.193Z","0.5","0.5","124","105",""
"SPORTSGAMEODDS","7UgUSgFrgVkm63AS6yWf","2026-09-26T20:05:00.000Z","Los Angeles Dodgers @ San Francisco Giants","Los Angeles Dodgers","San Francisco Giants","5","full","FULL_INNING_TOTAL","under","","points-all-5i-ou-under","fanduel","0.5","false","-152","2026-09-26T13:25:34.000Z","0.5","0.5","-124","-152","https://sportsbook.fanduel.com/addToBetslip?marketId=717.188528812&selectionId=7017906"
"SPORTSGAMEODDS","7UgUSgFrgVkm63AS6yWf","2026-09-26T20:05:00.000Z","Los Angeles Dodgers @ San Francisco Giants","Los Angeles Dodgers","San Francisco Giants","5","full","FULL_INNING_TOTAL","under","","points-all-5i-ou-under","fanduel","1.5","true","-400","2026-09-26T13:25:34.000Z","0.5","0.5","","","https://sportsbook.fanduel.com/addToBetslip?marketId=717.188528812&selectionId=7017906"
"SPORTSGAMEODDS","7UgUSgFrgVkm63AS6yWf","2026-09-26T20:05:00.000Z","Los Angeles Dodgers @ San Francisco Giants","Los Angeles Dodgers","San Francisco Giants","5","full","FULL_INNING_TOTAL","under","","points-all-5i-ou-under","draftkings","0.5","false","-140","2026-09-26T13:25:36.276Z","0.5","0.5","-124","-152",""
"SPORTSGAMEODDS","7UgUSgFrgVkm63AS6yWf","2026-09-26T20:05:00.000Z","Los Angeles Dodgers @ San Francisco Giants","Los Angeles Dodgers","San Francisco Giants","5","full","FULL_INNING_TOTAL","under","","points-all-5i-ou-under","draftkings","1.5","true","-360","2026-09-26T13:25:36.276Z","0.5","0.5","","",""
"SPORTSGAMEODDS","7UgUSgFrgVkm63AS6yWf","2026-09-26T20:05:00.000Z","Los Angeles Dodgers @ San Francisco Giants","Los Angeles Dodgers","San Francisco Giants","5","full","FULL_INNING_TOTAL","under","","points-all-5i-ou-under","fliff","0.5","false","-170","2026-09-26T13:23:52.193Z","0.5","0.5","-124","-152",""
"SPORTSGAMEODDS","7UgUSgFrgVkm63AS6yWf","2026-09-26T20:05:00.000Z","Los Angeles Dodgers @ San Francisco Giants","Los Angeles Dodgers","San Francisco Giants","6","full","FULL_INNING_3WAY","draw","","points-all-6i-ml3way-draw","fanduel","","false","-180","2026-09-26T13:25:34.000Z","","","","","https://sportsbook.fanduel.com/addToBetslip?marketId=717.188528819&selectionId=131604"
"SPORTSGAMEODDS","7UgUSgFrgVkm63AS6yWf","2026-09-26T20:05:00.000Z","Los Angeles Dodgers @ San Francisco Giants","Los Angeles Dodgers","San Francisco Giants","6","full","FULL_INNING_3WAY","draw","","points-all-6i-ml3way-draw","draftkings","","false","-185","2026-09-26T13:25:36.276Z","","","","",""
"SPORTSGAMEODDS","7UgUSgFrgVkm63AS6yWf","2026-09-26T20:05:00.000Z","Los Angeles Dodgers @ San Francisco Giants","Los Angeles Dodgers","San Francisco Giants","6","full","FULL_INNING_TOTAL","over","","points-all-6i-ou-over","fanduel","0.5","false","130","2026-09-26T13:25:34.000Z","0.5","0.5","142","125","https://sportsbook.fanduel.com/addToBetslip?marketId=717.188528813&selectionId=7017905"
"SPORTSGAMEODDS","7UgUSgFrgVkm63AS6yWf","2026-09-26T20:05:00.000Z","Los Angeles Dodgers @ San Francisco Giants","Los Angeles Dodgers","San Francisco Giants","6","full","FULL_INNING_TOTAL","over","","points-all-6i-ou-over","fanduel","1.5","true","320","2026-09-26T13:25:34.000Z","0.5","0.5","","","https://sportsbook.fanduel.com/addToBetslip?marketId=717.188528813&selectionId=7017905"
"SPORTSGAMEODDS","7UgUSgFrgVkm63AS6yWf","2026-09-26T20:05:00.000Z","Los Angeles Dodgers @ San Francisco Giants","Los Angeles Dodgers","San Francisco Giants","6","full","FULL_INNING_TOTAL","over","","points-all-6i-ou-over","draftkings","0.5","false","125","2026-09-26T13:25:36.276Z","0.5","0.5","142","125",""
"SPORTSGAMEODDS","7UgUSgFrgVkm63AS6yWf","2026-09-26T20:05:00.000Z","Los Angeles Dodgers @ San Francisco Giants","Los Angeles Dodgers","San Francisco Giants","6","full","FULL_INNING_TOTAL","over","","points-all-6i-ou-over","draftkings","1.5","true","310","2026-09-26T13:25:36.276Z","0.5","0.5","","",""
"SPORTSGAMEODDS","7UgUSgFrgVkm63AS6yWf","2026-09-26T20:05:00.000Z","Los Angeles Dodgers @ San Francisco Giants","Los Angeles Dodgers","San Francisco Giants","6","full","FULL_INNING_TOTAL","over","","points-all-6i-ou-over","fliff","0.5","false","110","2026-09-26T13:23:52.193Z","0.5","0.5","142","125",""
"SPORTSGAMEODDS","7UgUSgFrgVkm63AS6yWf","2026-09-26T20:05:00.000Z","Los Angeles Dodgers @ San Francisco Giants","Los Angeles Dodgers","San Francisco Giants","6","full","FULL_INNING_TOTAL","under","","points-all-6i-ou-under","fanduel","0.5","false","-160","2026-09-26T13:25:34.000Z","0.5","0.5","-142","-170","https://sportsbook.fanduel.com/addToBetslip?marketId=717.188528813&selectionId=7017906"
"SPORTSGAMEODDS","7UgUSgFrgVkm63AS6yWf","2026-09-26T20:05:00.000Z","Los Angeles Dodgers @ San Francisco Giants","Los Angeles Dodgers","San Francisco Giants","6","full","FULL_INNING_TOTAL","under","","points-all-6i-ou-under","fanduel","1.5","true","-430","2026-09-26T13:25:34.000Z","0.5","0.5","","","https://sportsbook.fanduel.com/addToBetslip?marketId=717.188528813&selectionId=7017906"
"SPORTSGAMEODDS","7UgUSgFrgVkm63AS6yWf","2026-09-26T20:05:00.000Z","Los Angeles Dodgers @ San Francisco Giants","Los Angeles Dodgers","San Francisco Giants","6","full","FULL_INNING_TOTAL","under","","points-all-6i-ou-under","draftkings","0.5","false","-170","2026-09-26T13:25:36.276Z","0.5","0.5","-142","-170",""
"SPORTSGAMEODDS","7UgUSgFrgVkm63AS6yWf","2026-09-26T20:05:00.000Z","Los Angeles Dodgers @ San Francisco Giants","Los Angeles Dodgers","San Francisco Giants","6","full","FULL_INNING_TOTAL","under","","points-all-6i-ou-under","draftkings","1.5","true","-450","2026-09-26T13:25:36.276Z","0.5","0.5","","",""
"SPORTSGAMEODDS","7UgUSgFrgVkm63AS6yWf","2026-09-26T20:05:00.000Z","Los Angeles Dodgers @ San Francisco Giants","Los Angeles Dodgers","San Francisco Giants","6","full","FULL_INNING_TOTAL","under","","points-all-6i-ou-under","fliff","0.5","false","-180","2026-09-26T13:23:52.193Z","0.5","0.5","-142","-170",""
"SPORTSGAMEODDS","7UgUSgFrgVkm63AS6yWf","2026-09-26T20:05:00.000Z","Los Angeles Dodgers @ San Francisco Giants","Los Angeles Dodgers","San Francisco Giants","7","full","FULL_INNING_3WAY","draw","","points-all-7i-ml3way-draw","fanduel","","false","-190","2026-09-26T13:25:34.000Z","","","","","https://sportsbook.fanduel.com/addToBetslip?marketId=717.188528781&selectionId=131604"
"SPORTSGAMEODDS","7UgUSgFrgVkm63AS6yWf","2026-09-26T20:05:00.000Z","Los Angeles Dodgers @ San Francisco Giants","Los Angeles Dodgers","San Francisco Giants","7","full","FULL_INNING_3WAY","draw","","points-all-7i-ml3way-draw","draftkings","","false","-185","2026-09-26T13:25:36.276Z","","","","",""
"SPORTSGAMEODDS","7UgUSgFrgVkm63AS6yWf","2026-09-26T20:05:00.000Z","Los Angeles Dodgers @ San Francisco Giants","Los Angeles Dodgers","San Francisco Giants","7","full","FULL_INNING_TOTAL","over","","points-all-7i-ou-over","fanduel","0.5","false","136","2026-09-26T13:25:34.000Z","0.5","0.5","138","120","https://sportsbook.fanduel.com/addToBetslip?marketId=717.188528842&selectionId=7017905"
"SPORTSGAMEODDS","7UgUSgFrgVkm63AS6yWf","2026-09-26T20:05:00.000Z","Los Angeles Dodgers @ San Francisco Giants","Los Angeles Dodgers","San Francisco Giants","7","full","FULL_INNING_TOTAL","over","","points-all-7i-ou-over","fanduel","1.5","true","340","2026-09-26T13:25:34.000Z","0.5","0.5","","","https://sportsbook.fanduel.com/addToBetslip?marketId=717.188528842&selectionId=7017905"
"SPORTSGAMEODDS","7UgUSgFrgVkm63AS6yWf","2026-09-26T20:05:00.000Z","Los Angeles Dodgers @ San Francisco Giants","Los Angeles Dodgers","San Francisco Giants","7","full","FULL_INNING_TOTAL","over","","points-all-7i-ou-over","draftkings","0.5","false","120","2026-09-26T13:25:36.276Z","0.5","0.5","138","120",""
"SPORTSGAMEODDS","7UgUSgFrgVkm63AS6yWf","2026-09-26T20:05:00.000Z","Los Angeles Dodgers @ San Francisco Giants","Los Angeles Dodgers","San Francisco Giants","7","full","FULL_INNING_TOTAL","over","","points-all-7i-ou-over","draftkings","1.5","true","300","2026-09-26T13:25:36.276Z","0.5","0.5","","",""
"SPORTSGAMEODDS","7UgUSgFrgVkm63AS6yWf","2026-09-26T20:05:00.000Z","Los Angeles Dodgers @ San Francisco Giants","Los Angeles Dodgers","San Francisco Giants","7","full","FULL_INNING_TOTAL","over","","points-all-7i-ou-over","fliff","0.5","false","115","2026-09-26T13:24:43.436Z","0.5","0.5","138","120",""
"SPORTSGAMEODDS","7UgUSgFrgVkm63AS6yWf","2026-09-26T20:05:00.000Z","Los Angeles Dodgers @ San Francisco Giants","Los Angeles Dodgers","San Francisco Giants","7","full","FULL_INNING_TOTAL","under","","points-all-7i-ou-under","fanduel","0.5","false","-168","2026-09-26T13:25:34.000Z","0.5","0.5","-138","-168","https://sportsbook.fanduel.com/addToBetslip?marketId=717.188528842&selectionId=7017906"
"SPORTSGAMEODDS","7UgUSgFrgVkm63AS6yWf","2026-09-26T20:05:00.000Z","Los Angeles Dodgers @ San Francisco Giants","Los Angeles Dodgers","San Francisco Giants","7","full","FULL_INNING_TOTAL","under","","points-all-7i-ou-under","fanduel","1.5","true","-470","2026-09-26T13:25:34.000Z","0.5","0.5","","","https://sportsbook.fanduel.com/addToBetslip?marketId=717.188528842&selectionId=7017906"
"SPORTSGAMEODDS","7UgUSgFrgVkm63AS6yWf","2026-09-26T20:05:00.000Z","Los Angeles Dodgers @ San Francisco Giants","Los Angeles Dodgers","San Francisco Giants","7","full","FULL_INNING_TOTAL","under","","points-all-7i-ou-under","draftkings","0.5","false","-165","2026-09-26T13:25:36.276Z","0.5","0.5","-138","-168",""
"SPORTSGAMEODDS","7UgUSgFrgVkm63AS6yWf","2026-09-26T20:05:00.000Z","Los Angeles Dodgers @ San Francisco Giants","Los Angeles Dodgers","San Francisco Giants","7","full","FULL_INNING_TOTAL","under","","points-all-7i-ou-under","draftkings","1.5","true","-425","2026-09-26T13:25:36.276Z","0.5","0.5","","",""
"SPORTSGAMEODDS","7UgUSgFrgVkm63AS6yWf","2026-09-26T20:05:00.000Z","Los Angeles Dodgers @ San Francisco Giants","Los Angeles Dodgers","San Francisco Giants","7","full","FULL_INNING_TOTAL","under","","points-all-7i-ou-under","fliff","0.5","false","-185","2026-09-26T13:23:52.193Z","0.5","0.5","-138","-168",""
"SPORTSGAMEODDS","7UgUSgFrgVkm63AS6yWf","2026-09-26T20:05:00.000Z","Los Angeles Dodgers @ San Francisco Giants","Los Angeles Dodgers","San Francisco Giants","8","full","FULL_INNING_3WAY","draw","","points-all-8i-ml3way-draw","fanduel","","false","-195","2026-09-26T13:25:34.000Z","","","","","https://sportsbook.fanduel.com/addToBetslip?marketId=717.188528870&selectionId=131604"
"SPORTSGAMEODDS","7UgUSgFrgVkm63AS6yWf","2026-09-26T20:05:00.000Z","Los Angeles Dodgers @ San Francisco Giants","Los Angeles Dodgers","San Francisco Giants","8","full","FULL_INNING_3WAY","draw","","points-all-8i-ml3way-draw","draftkings","","false","-190","2026-09-26T13:25:36.276Z","","","","",""
"SPORTSGAMEODDS","7UgUSgFrgVkm63AS6yWf","2026-09-26T20:05:00.000Z","Los Angeles Dodgers @ San Francisco Giants","Los Angeles Dodgers","San Francisco Giants","8","full","FULL_INNING_TOTAL","over","","points-all-8i-ou-over","fanduel","0.5","false","138","2026-09-26T13:25:34.000Z","0.5","0.5","139","120","https://sportsbook.fanduel.com/addToBetslip?marketId=717.188528794&selectionId=7017905"
"SPORTSGAMEODDS","7UgUSgFrgVkm63AS6yWf","2026-09-26T20:05:00.000Z","Los Angeles Dodgers @ San Francisco Giants","Los Angeles Dodgers","San Francisco Giants","8","full","FULL_INNING_TOTAL","over","","points-all-8i-ou-over","fanduel","1.5","true","360","2026-09-26T13:25:34.000Z","0.5","0.5","","","https://sportsbook.fanduel.com/addToBetslip?marketId=717.188528794&selectionId=7017905"
"SPORTSGAMEODDS","7UgUSgFrgVkm63AS6yWf","2026-09-26T20:05:00.000Z","Los Angeles Dodgers @ San Francisco Giants","Los Angeles Dodgers","San Francisco Giants","8","full","FULL_INNING_TOTAL","over","","points-all-8i-ou-over","draftkings","0.5","false","120","2026-09-26T13:25:36.276Z","0.5","0.5","139","120",""
"SPORTSGAMEODDS","7UgUSgFrgVkm63AS6yWf","2026-09-26T20:05:00.000Z","Los Angeles Dodgers @ San Francisco Giants","Los Angeles Dodgers","San Francisco Giants","8","full","FULL_INNING_TOTAL","over","","points-all-8i-ou-over","draftkings","1.5","true","310","2026-09-26T13:25:36.276Z","0.5","0.5","","",""
"SPORTSGAMEODDS","7UgUSgFrgVkm63AS6yWf","2026-09-26T20:05:00.000Z","Los Angeles Dodgers @ San Francisco Giants","Los Angeles Dodgers","San Francisco Giants","8","full","FULL_INNING_TOTAL","over","","points-all-8i-ou-over","fliff","0.5","false","115","2026-09-26T13:24:43.431Z","0.5","0.5","139","120",""
"SPORTSGAMEODDS","7UgUSgFrgVkm63AS6yWf","2026-09-26T20:05:00.000Z","Los Angeles Dodgers @ San Francisco Giants","Los Angeles Dodgers","San Francisco Giants","8","full","FULL_INNING_TOTAL","under","","points-all-8i-ou-under","fanduel","0.5","false","-170","2026-09-26T13:25:34.000Z","0.5","0.5","-139","-170","https://sportsbook.fanduel.com/addToBetslip?marketId=717.188528794&selectionId=7017906"
"SPORTSGAMEODDS","7UgUSgFrgVkm63AS6yWf","2026-09-26T20:05:00.000Z","Los Angeles Dodgers @ San Francisco Giants","Los Angeles Dodgers","San Francisco Giants","8","full","FULL_INNING_TOTAL","under","","points-all-8i-ou-under","fanduel","1.5","true","-460","2026-09-26T13:25:34.000Z","0.5","0.5","","","https://sportsbook.fanduel.com/addToBetslip?marketId=717.188528794&selectionId=7017906"
"SPORTSGAMEODDS","7UgUSgFrgVkm63AS6yWf","2026-09-26T20:05:00.000Z","Los Angeles Dodgers @ San Francisco Giants","Los Angeles Dodgers","San Francisco Giants","8","full","FULL_INNING_TOTAL","under","","points-all-8i-ou-under","draftkings","0.5","false","-165","2026-09-26T13:25:36.276Z","0.5","0.5","-139","-170",""
"SPORTSGAMEODDS","7UgUSgFrgVkm63AS6yWf","2026-09-26T20:05:00.000Z","Los Angeles Dodgers @ San Francisco Giants","Los Angeles Dodgers","San Francisco Giants","8","full","FULL_INNING_TOTAL","under","","points-all-8i-ou-under","draftkings","1.5","true","-450","2026-09-26T13:25:36.276Z","0.5","0.5","","",""
"SPORTSGAMEODDS","7UgUSgFrgVkm63AS6yWf","2026-09-26T20:05:00.000Z","Los Angeles Dodgers @ San Francisco Giants","Los Angeles Dodgers","San Francisco Giants","8","full","FULL_INNING_TOTAL","under","","points-all-8i-ou-under","fliff","0.5","false","-185","2026-09-26T13:23:52.193Z","0.5","0.5","-139","-170",""
"SPORTSGAMEODDS","7UgUSgFrgVkm63AS6yWf","2026-09-26T20:05:00.000Z","Los Angeles Dodgers @ San Francisco Giants","Los Angeles Dodgers","San Francisco Giants","9","full","FULL_INNING_3WAY","draw","","points-all-9i-ml3way-draw","fanduel","","false","-210","2026-09-26T13:25:34.000Z","","","","","https://sportsbook.fanduel.com/addToBetslip?marketId=717.188528765&selectionId=131604"
"SPORTSGAMEODDS","7UgUSgFrgVkm63AS6yWf","2026-09-26T20:05:00.000Z","Los Angeles Dodgers @ San Francisco Giants","Los Angeles Dodgers","San Francisco Giants","9","full","FULL_INNING_3WAY","draw","","points-all-9i-ml3way-draw","draftkings","","false","-215","2026-09-26T13:25:36.276Z","","","","",""
"SPORTSGAMEODDS","7UgUSgFrgVkm63AS6yWf","2026-09-26T20:05:00.000Z","Los Angeles Dodgers @ San Francisco Giants","Los Angeles Dodgers","San Francisco Giants","9","full","FULL_INNING_TOTAL","over","","points-all-9i-ou-over","fanduel","0.5","false","154","2026-09-26T13:25:34.000Z","","0.5","","149","https://sportsbook.fanduel.com/addToBetslip?marketId=717.188528881&selectionId=7017905"
"SPORTSGAMEODDS","7UgUSgFrgVkm63AS6yWf","2026-09-26T20:05:00.000Z","Los Angeles Dodgers @ San Francisco Giants","Los Angeles Dodgers","San Francisco Giants","9","full","FULL_INNING_TOTAL","over","","points-all-9i-ou-over","fanduel","1.5","true","390","2026-09-26T13:25:34.000Z","","0.5","","","https://sportsbook.fanduel.com/addToBetslip?marketId=717.188528881&selectionId=7017905"
"SPORTSGAMEODDS","7UgUSgFrgVkm63AS6yWf","2026-09-26T20:05:00.000Z","Los Angeles Dodgers @ San Francisco Giants","Los Angeles Dodgers","San Francisco Giants","9","full","FULL_INNING_TOTAL","over","","points-all-9i-ou-over","draftkings","0.5","false","145","2026-09-26T13:25:36.276Z","","0.5","","149",""
"SPORTSGAMEODDS","7UgUSgFrgVkm63AS6yWf","2026-09-26T20:05:00.000Z","Los Angeles Dodgers @ San Francisco Giants","Los Angeles Dodgers","San Francisco Giants","9","full","FULL_INNING_TOTAL","over","","points-all-9i-ou-over","draftkings","1.5","true","350","2026-09-26T13:25:36.276Z","","0.5","","",""
"SPORTSGAMEODDS","7UgUSgFrgVkm63AS6yWf","2026-09-26T20:05:00.000Z","Los Angeles Dodgers @ San Francisco Giants","Los Angeles Dodgers","San Francisco Giants","9","full","FULL_INNING_TOTAL","under","","points-all-9i-ou-under","fanduel","0.5","false","-192","2026-09-26T13:25:34.000Z","","0.5","","-193","https://sportsbook.fanduel.com/addToBetslip?marketId=717.188528881&selectionId=7017906"
"SPORTSGAMEODDS","7UgUSgFrgVkm63AS6yWf","2026-09-26T20:05:00.000Z","Los Angeles Dodgers @ San Francisco Giants","Los Angeles Dodgers","San Francisco Giants","9","full","FULL_INNING_TOTAL","under","","points-all-9i-ou-under","fanduel","1.5","true","-520","2026-09-26T13:25:34.000Z","","0.5","","","https://sportsbook.fanduel.com/addToBetslip?marketId=717.188528881&selectionId=7017906"
"SPORTSGAMEODDS","7UgUSgFrgVkm63AS6yWf","2026-09-26T20:05:00.000Z","Los Angeles Dodgers @ San Francisco Giants","Los Angeles Dodgers","San Francisco Giants","9","full","FULL_INNING_TOTAL","under","","points-all-9i-ou-under","draftkings","0.5","false","-195","2026-09-26T13:25:36.276Z","","0.5","","-193",""
"SPORTSGAMEODDS","7UgUSgFrgVkm63AS6yWf","2026-09-26T20:05:00.000Z","Los Angeles Dodgers @ San Francisco Giants","Los Angeles Dodgers","San Francisco Giants","9","full","FULL_INNING_TOTAL","under","","points-all-9i-ou-under","draftkings","1.5","true","-525","2026-09-26T13:25:36.276Z","","0.5","","",""
"SPORTSGAMEODDS","7UgUSgFrgVkm63AS6yWf","2026-09-26T20:05:00.000Z","Los Angeles Dodgers @ San Francisco Giants","Los Angeles Dodgers","San Francisco Giants","2","full","FULL_INNING_3WAY","away","","points-away-2i-ml3way-away","fanduel","","false","260","2026-09-26T13:25:34.000Z","","","","","https://sportsbook.fanduel.com/addToBetslip?marketId=717.188528893&selectionId=29171"
"SPORTSGAMEODDS","7UgUSgFrgVkm63AS6yWf","2026-09-26T20:05:00.000Z","Los Angeles Dodgers @ San Francisco Giants","Los Angeles Dodgers","San Francisco Giants","2","full","FULL_INNING_3WAY","away","","points-away-2i-ml3way-away","draftkings","","false","215","2026-09-26T13:25:36.276Z","","","","",""
"SPORTSGAMEODDS","7UgUSgFrgVkm63AS6yWf","2026-09-26T20:05:00.000Z","Los Angeles Dodgers @ San Francisco Giants","Los Angeles Dodgers","San Francisco Giants","3","full","FULL_INNING_3WAY","away","","points-away-3i-ml3way-away","fanduel","","false","230","2026-09-26T13:25:34.000Z","","","","","https://sportsbook.fanduel.com/addToBetslip?marketId=717.188528887&selectionId=29171"
"SPORTSGAMEODDS","7UgUSgFrgVkm63AS6yWf","2026-09-26T20:05:00.000Z","Los Angeles Dodgers @ San Francisco Giants","Los Angeles Dodgers","San Francisco Giants","3","full","FULL_INNING_3WAY","away","","points-away-3i-ml3way-away","draftkings","","false","220","2026-09-26T13:25:36.276Z","","","","",""
"SPORTSGAMEODDS","7UgUSgFrgVkm63AS6yWf","2026-09-26T20:05:00.000Z","Los Angeles Dodgers @ San Francisco Giants","Los Angeles Dodgers","San Francisco Giants","4","full","FULL_INNING_3WAY","away","","points-away-4i-ml3way-away","fanduel","","false","250","2026-09-26T13:25:34.000Z","","","","","https://sportsbook.fanduel.com/addToBetslip?marketId=717.188528905&selectionId=29171"
"SPORTSGAMEODDS","7UgUSgFrgVkm63AS6yWf","2026-09-26T20:05:00.000Z","Los Angeles Dodgers @ San Francisco Giants","Los Angeles Dodgers","San Francisco Giants","4","full","FULL_INNING_3WAY","away","","points-away-4i-ml3way-away","draftkings","","false","225","2026-09-26T13:25:36.276Z","","","","",""
"SPORTSGAMEODDS","7UgUSgFrgVkm63AS6yWf","2026-09-26T20:05:00.000Z","Los Angeles Dodgers @ San Francisco Giants","Los Angeles Dodgers","San Francisco Giants","5","full","FULL_INNING_3WAY","away","","points-away-5i-ml3way-away","fanduel","","false","250","2026-09-26T13:25:34.000Z","","","","","https://sportsbook.fanduel.com/addToBetslip?marketId=717.188528771&selectionId=29171"
"SPORTSGAMEODDS","7UgUSgFrgVkm63AS6yWf","2026-09-26T20:05:00.000Z","Los Angeles Dodgers @ San Francisco Giants","Los Angeles Dodgers","San Francisco Giants","5","full","FULL_INNING_3WAY","away","","points-away-5i-ml3way-away","draftkings","","false","230","2026-09-26T13:25:36.276Z","","","","",""
"SPORTSGAMEODDS","7UgUSgFrgVkm63AS6yWf","2026-09-26T20:05:00.000Z","Los Angeles Dodgers @ San Francisco Giants","Los Angeles Dodgers","San Francisco Giants","6","full","FULL_INNING_3WAY","away","","points-away-6i-ml3way-away","fanduel","","false","280","2026-09-26T13:25:34.000Z","","","","","https://sportsbook.fanduel.com/addToBetslip?marketId=717.188528819&selectionId=29171"
"SPORTSGAMEODDS","7UgUSgFrgVkm63AS6yWf","2026-09-26T20:05:00.000Z","Los Angeles Dodgers @ San Francisco Giants","Los Angeles Dodgers","San Francisco Giants","6","full","FULL_INNING_3WAY","away","","points-away-6i-ml3way-away","draftkings","","false","250","2026-09-26T13:25:36.276Z","","","","",""
"SPORTSGAMEODDS","7UgUSgFrgVkm63AS6yWf","2026-09-26T20:05:00.000Z","Los Angeles Dodgers @ San Francisco Giants","Los Angeles Dodgers","San Francisco Giants","7","full","FULL_INNING_3WAY","away","","points-away-7i-ml3way-away","fanduel","","false","290","2026-09-26T13:25:34.000Z","","","","","https://sportsbook.fanduel.com/addToBetslip?marketId=717.188528781&selectionId=29171"
"SPORTSGAMEODDS","7UgUSgFrgVkm63AS6yWf","2026-09-26T20:05:00.000Z","Los Angeles Dodgers @ San Francisco Giants","Los Angeles Dodgers","San Francisco Giants","7","full","FULL_INNING_3WAY","away","","points-away-7i-ml3way-away","draftkings","","false","265","2026-09-26T13:25:36.276Z","","","","",""
"SPORTSGAMEODDS","7UgUSgFrgVkm63AS6yWf","2026-09-26T20:05:00.000Z","Los Angeles Dodgers @ San Francisco Giants","Los Angeles Dodgers","San Francisco Giants","8","full","FULL_INNING_3WAY","away","","points-away-8i-ml3way-away","fanduel","","false","290","2026-09-26T13:25:34.000Z","","","","","https://sportsbook.fanduel.com/addToBetslip?marketId=717.188528870&selectionId=29171"
"SPORTSGAMEODDS","7UgUSgFrgVkm63AS6yWf","2026-09-26T20:05:00.000Z","Los Angeles Dodgers @ San Francisco Giants","Los Angeles Dodgers","San Francisco Giants","8","full","FULL_INNING_3WAY","away","","points-away-8i-ml3way-away","draftkings","","false","275","2026-09-26T13:25:36.276Z","","","","",""
"SPORTSGAMEODDS","7UgUSgFrgVkm63AS6yWf","2026-09-26T20:05:00.000Z","Los Angeles Dodgers @ San Francisco Giants","Los Angeles Dodgers","San Francisco Giants","9","full","FULL_INNING_3WAY","away","","points-away-9i-ml3way-away","fanduel","","false","280","2026-09-26T13:25:34.000Z","","","","","https://sportsbook.fanduel.com/addToBetslip?marketId=717.188528765&selectionId=29171"
"SPORTSGAMEODDS","7UgUSgFrgVkm63AS6yWf","2026-09-26T20:05:00.000Z","Los Angeles Dodgers @ San Francisco Giants","Los Angeles Dodgers","San Francisco Giants","9","full","FULL_INNING_3WAY","away","","points-away-9i-ml3way-away","draftkings","","false","265","2026-09-26T13:25:36.276Z","","","","",""
"SPORTSGAMEODDS","7UgUSgFrgVkm63AS6yWf","2026-09-26T20:05:00.000Z","Los Angeles Dodgers @ San Francisco Giants","Los Angeles Dodgers","San Francisco Giants","2","full","FULL_INNING_3WAY","home","","points-home-2i-ml3way-home","fanduel","","false","600","2026-09-26T13:25:34.000Z","","","","","https://sportsbook.fanduel.com/addToBetslip?marketId=717.188528893&selectionId=29178"
"SPORTSGAMEODDS","7UgUSgFrgVkm63AS6yWf","2026-09-26T20:05:00.000Z","Los Angeles Dodgers @ San Francisco Giants","Los Angeles Dodgers","San Francisco Giants","2","full","FULL_INNING_3WAY","home","","points-home-2i-ml3way-home","draftkings","","false","550","2026-09-26T13:25:36.276Z","","","","",""
"SPORTSGAMEODDS","7UgUSgFrgVkm63AS6yWf","2026-09-26T20:05:00.000Z","Los Angeles Dodgers @ San Francisco Giants","Los Angeles Dodgers","San Francisco Giants","3","full","FULL_INNING_3WAY","home","","points-home-3i-ml3way-home","fanduel","","false","550","2026-09-26T13:25:34.000Z","","","","","https://sportsbook.fanduel.com/addToBetslip?marketId=717.188528887&selectionId=29178"
"SPORTSGAMEODDS","7UgUSgFrgVkm63AS6yWf","2026-09-26T20:05:00.000Z","Los Angeles Dodgers @ San Francisco Giants","Los Angeles Dodgers","San Francisco Giants","3","full","FULL_INNING_3WAY","home","","points-home-3i-ml3way-home","draftkings","","false","550","2026-09-26T13:25:36.276Z","","","","",""
"SPORTSGAMEODDS","7UgUSgFrgVkm63AS6yWf","2026-09-26T20:05:00.000Z","Los Angeles Dodgers @ San Francisco Giants","Los Angeles Dodgers","San Francisco Giants","4","full","FULL_INNING_3WAY","home","","points-home-4i-ml3way-home","fanduel","","false","550","2026-09-26T13:25:34.000Z","","","","","https://sportsbook.fanduel.com/addToBetslip?marketId=717.188528905&selectionId=29178"
"SPORTSGAMEODDS","7UgUSgFrgVkm63AS6yWf","2026-09-26T20:05:00.000Z","Los Angeles Dodgers @ San Francisco Giants","Los Angeles Dodgers","San Francisco Giants","4","full","FULL_INNING_3WAY","home","","points-home-4i-ml3way-home","draftkings","","false","550","2026-09-26T13:25:36.276Z","","","","",""
"SPORTSGAMEODDS","7UgUSgFrgVkm63AS6yWf","2026-09-26T20:05:00.000Z","Los Angeles Dodgers @ San Francisco Giants","Los Angeles Dodgers","San Francisco Giants","5","full","FULL_INNING_3WAY","home","","points-home-5i-ml3way-home","fanduel","","false","550","2026-09-26T13:25:34.000Z","","","","","https://sportsbook.fanduel.com/addToBetslip?marketId=717.188528771&selectionId=29178"
"SPORTSGAMEODDS","7UgUSgFrgVkm63AS6yWf","2026-09-26T20:05:00.000Z","Los Angeles Dodgers @ San Francisco Giants","Los Angeles Dodgers","San Francisco Giants","5","full","FULL_INNING_3WAY","home","","points-home-5i-ml3way-home","draftkings","","false","450","2026-09-26T13:25:36.276Z","","","","",""
"SPORTSGAMEODDS","7UgUSgFrgVkm63AS6yWf","2026-09-26T20:05:00.000Z","Los Angeles Dodgers @ San Francisco Giants","Los Angeles Dodgers","San Francisco Giants","6","full","FULL_INNING_3WAY","home","","points-home-6i-ml3way-home","fanduel","","false","500","2026-09-26T13:25:34.000Z","","","","","https://sportsbook.fanduel.com/addToBetslip?marketId=717.188528819&selectionId=29178"
"SPORTSGAMEODDS","7UgUSgFrgVkm63AS6yWf","2026-09-26T20:05:00.000Z","Los Angeles Dodgers @ San Francisco Giants","Los Angeles Dodgers","San Francisco Giants","6","full","FULL_INNING_3WAY","home","","points-home-6i-ml3way-home","draftkings","","false","500","2026-09-26T13:25:36.276Z","","","","",""
"SPORTSGAMEODDS","7UgUSgFrgVkm63AS6yWf","2026-09-26T20:05:00.000Z","Los Angeles Dodgers @ San Francisco Giants","Los Angeles Dodgers","San Francisco Giants","7","full","FULL_INNING_3WAY","home","","points-home-7i-ml3way-home","fanduel","","false","500","2026-09-26T13:25:34.000Z","","","","","https://sportsbook.fanduel.com/addToBetslip?marketId=717.188528781&selectionId=29178"
"SPORTSGAMEODDS","7UgUSgFrgVkm63AS6yWf","2026-09-26T20:05:00.000Z","Los Angeles Dodgers @ San Francisco Giants","Los Angeles Dodgers","San Francisco Giants","7","full","FULL_INNING_3WAY","home","","points-home-7i-ml3way-home","draftkings","","false","475","2026-09-26T13:25:36.276Z","","","","",""
"SPORTSGAMEODDS","7UgUSgFrgVkm63AS6yWf","2026-09-26T20:05:00.000Z","Los Angeles Dodgers @ San Francisco Giants","Los Angeles Dodgers","San Francisco Giants","8","full","FULL_INNING_3WAY","home","","points-home-8i-ml3way-home","fanduel","","false","500","2026-09-26T13:25:34.000Z","","","","","https://sportsbook.fanduel.com/addToBetslip?marketId=717.188528870&selectionId=29178"
"SPORTSGAMEODDS","7UgUSgFrgVkm63AS6yWf","2026-09-26T20:05:00.000Z","Los Angeles Dodgers @ San Francisco Giants","Los Angeles Dodgers","San Francisco Giants","8","full","FULL_INNING_3WAY","home","","points-home-8i-ml3way-home","draftkings","","false","475","2026-09-26T13:25:36.276Z","","","","",""
"SPORTSGAMEODDS","7UgUSgFrgVkm63AS6yWf","2026-09-26T20:05:00.000Z","Los Angeles Dodgers @ San Francisco Giants","Los Angeles Dodgers","San Francisco Giants","9","full","FULL_INNING_3WAY","home","","points-home-9i-ml3way-home","fanduel","","false","700","2026-09-26T13:25:34.000Z","","","","","https://sportsbook.fanduel.com/addToBetslip?marketId=717.188528765&selectionId=29178"
"SPORTSGAMEODDS","7UgUSgFrgVkm63AS6yWf","2026-09-26T20:05:00.000Z","Los Angeles Dodgers @ San Francisco Giants","Los Angeles Dodgers","San Francisco Giants","9","full","FULL_INNING_3WAY","home","","points-home-9i-ml3way-home","draftkings","","false","600","2026-09-26T13:25:36.276Z","","","","",""
"SPORTSGAMEODDS","AyuL3JZjbWtDkVFhezu9","2026-09-26T20:05:00.000Z","New York Mets @ Washington Nationals","New York Mets","Washington Nationals","1","full","FULL_INNING_3WAY","draw","","points-all-1i-ml3way-draw","fanduel","","false","-130","2026-09-26T13:25:34.000Z","","","","","https://sportsbook.fanduel.com/addToBetslip?marketId=717.188528108&selectionId=131604"
"SPORTSGAMEODDS","AyuL3JZjbWtDkVFhezu9","2026-09-26T20:05:00.000Z","New York Mets @ Washington Nationals","New York Mets","Washington Nationals","1","full","FULL_INNING_3WAY","draw","","points-all-1i-ml3way-draw","draftkings","","false","-145","2026-09-26T13:25:36.276Z","","","","",""
"SPORTSGAMEODDS","AyuL3JZjbWtDkVFhezu9","2026-09-26T20:05:00.000Z","New York Mets @ Washington Nationals","New York Mets","Washington Nationals","1","full","FULL_INNING_TOTAL","over","","points-all-1i-ou-over","novig","0.5","false","100","2026-09-26T13:25:01.238Z","0.5","0.5","100","-111","https://novig.com/events/01a0d9d1-f075-7683-a38c-872991cdf36e/sportsgameodds"
"SPORTSGAMEODDS","AyuL3JZjbWtDkVFhezu9","2026-09-26T20:05:00.000Z","New York Mets @ Washington Nationals","New York Mets","Washington Nationals","1","full","FULL_INNING_TOTAL","over","","points-all-1i-ou-over","novig","1.5","true","245","2026-09-26T13:25:01.238Z","0.5","0.5","","","https://novig.com/events/01a0d9d1-f075-7683-a38c-872991cdf36e/sportsgameodds"
"SPORTSGAMEODDS","AyuL3JZjbWtDkVFhezu9","2026-09-26T20:05:00.000Z","New York Mets @ Washington Nationals","New York Mets","Washington Nationals","1","full","FULL_INNING_TOTAL","over","","points-all-1i-ou-over","fanduel","0.5","false","-120","2026-09-26T13:25:34.000Z","0.5","0.5","100","-111","https://sportsbook.fanduel.com/addToBetslip?marketId=717.188528054&selectionId=7017905"
"SPORTSGAMEODDS","AyuL3JZjbWtDkVFhezu9","2026-09-26T20:05:00.000Z","New York Mets @ Washington Nationals","New York Mets","Washington Nationals","1","full","FULL_INNING_TOTAL","over","","points-all-1i-ou-over","fanduel","1.5","true","235","2026-09-26T13:25:34.000Z","0.5","0.5","","","https://sportsbook.fanduel.com/addToBetslip?marketId=717.188528054&selectionId=7017905"
"SPORTSGAMEODDS","AyuL3JZjbWtDkVFhezu9","2026-09-26T20:05:00.000Z","New York Mets @ Washington Nationals","New York Mets","Washington Nationals","1","full","FULL_INNING_TOTAL","over","","points-all-1i-ou-over","fliff","0.5","false","-125","2026-09-26T13:23:52.193Z","0.5","0.5","100","-111",""
"SPORTSGAMEODDS","AyuL3JZjbWtDkVFhezu9","2026-09-26T20:05:00.000Z","New York Mets @ Washington Nationals","New York Mets","Washington Nationals","1","full","FULL_INNING_TOTAL","over","","points-all-1i-ou-over","hardrockbet","0.5","false","-115","2026-09-26T13:26:20.693Z","0.5","0.5","100","-111",""
"SPORTSGAMEODDS","AyuL3JZjbWtDkVFhezu9","2026-09-26T20:05:00.000Z","New York Mets @ Washington Nationals","New York Mets","Washington Nationals","1","full","FULL_INNING_TOTAL","over","","points-all-1i-ou-over","prophetexchange","0.5","false","-107","2026-09-26T13:26:20.693Z","0.5","0.5","100","-111",""
"SPORTSGAMEODDS","AyuL3JZjbWtDkVFhezu9","2026-09-26T20:05:00.000Z","New York Mets @ Washington Nationals","New York Mets","Washington Nationals","1","full","FULL_INNING_TOTAL","over","","points-all-1i-ou-over","draftkings","0.5","false","-105","2026-09-26T13:25:36.276Z","0.5","0.5","100","-111",""
"SPORTSGAMEODDS","AyuL3JZjbWtDkVFhezu9","2026-09-26T20:05:00.000Z","New York Mets @ Washington Nationals","New York Mets","Washington Nationals","1","full","FULL_INNING_TOTAL","over","","points-all-1i-ou-over","draftkings","1.5","true","250","2026-09-26T13:25:36.276Z","0.5","0.5","","",""
"SPORTSGAMEODDS","AyuL3JZjbWtDkVFhezu9","2026-09-26T20:05:00.000Z","New York Mets @ Washington Nationals","New York Mets","Washington Nationals","1","full","FULL_INNING_TOTAL","under","","points-all-1i-ou-under","novig","0.5","false","-102","2026-09-26T13:25:01.238Z","0.5","0.5","100","-112","https://novig.com/events/01a0d9d1-f075-7683-a38c-8732d42b8144/sportsgameodds"
"SPORTSGAMEODDS","AyuL3JZjbWtDkVFhezu9","2026-09-26T20:05:00.000Z","New York Mets @ Washington Nationals","New York Mets","Washington Nationals","1","full","FULL_INNING_TOTAL","under","","points-all-1i-ou-under","novig","1.5","true","-317","2026-09-26T13:25:01.238Z","0.5","0.5","","","https://novig.com/events/01a0d9d1-f075-7683-a38c-8732d42b8144/sportsgameodds"
"SPORTSGAMEODDS","AyuL3JZjbWtDkVFhezu9","2026-09-26T20:05:00.000Z","New York Mets @ Washington Nationals","New York Mets","Washington Nationals","1","full","FULL_INNING_TOTAL","under","","points-all-1i-ou-under","fanduel","0.5","false","-106","2026-09-26T13:25:34.000Z","0.5","0.5","100","-112","https://sportsbook.fanduel.com/addToBetslip?marketId=717.188528054&selectionId=7017906"
"SPORTSGAMEODDS","AyuL3JZjbWtDkVFhezu9","2026-09-26T20:05:00.000Z","New York Mets @ Washington Nationals","New York Mets","Washington Nationals","1","full","FULL_INNING_TOTAL","under","","points-all-1i-ou-under","fanduel","1.5","true","-300","2026-09-26T13:25:34.000Z","0.5","0.5","","","https://sportsbook.fanduel.com/addToBetslip?marketId=717.188528054&selectionId=7017906"
"SPORTSGAMEODDS","AyuL3JZjbWtDkVFhezu9","2026-09-26T20:05:00.000Z","New York Mets @ Washington Nationals","New York Mets","Washington Nationals","1","full","FULL_INNING_TOTAL","under","","points-all-1i-ou-under","fliff","0.5","false","-125","2026-09-26T13:23:52.193Z","0.5","0.5","100","-112",""
"SPORTSGAMEODDS","AyuL3JZjbWtDkVFhezu9","2026-09-26T20:05:00.000Z","New York Mets @ Washington Nationals","New York Mets","Washington Nationals","1","full","FULL_INNING_TOTAL","under","","points-all-1i-ou-under","hardrockbet","0.5","false","-115","2026-09-26T13:26:20.693Z","0.5","0.5","100","-112",""
"SPORTSGAMEODDS","AyuL3JZjbWtDkVFhezu9","2026-09-26T20:05:00.000Z","New York Mets @ Washington Nationals","New York Mets","Washington Nationals","1","full","FULL_INNING_TOTAL","under","","points-all-1i-ou-under","prophetexchange","0.5","false","-110","2026-09-26T13:26:20.693Z","0.5","0.5","100","-112",""
"SPORTSGAMEODDS","AyuL3JZjbWtDkVFhezu9","2026-09-26T20:05:00.000Z","New York Mets @ Washington Nationals","New York Mets","Washington Nationals","1","full","FULL_INNING_TOTAL","under","","points-all-1i-ou-under","draftkings","0.5","false","-125","2026-09-26T13:25:36.276Z","0.5","0.5","100","-112",""
"SPORTSGAMEODDS","AyuL3JZjbWtDkVFhezu9","2026-09-26T20:05:00.000Z","New York Mets @ Washington Nationals","New York Mets","Washington Nationals","1","full","FULL_INNING_TOTAL","under","","points-all-1i-ou-under","draftkings","1.5","true","-330","2026-09-26T13:25:36.276Z","0.5","0.5","","",""
"SPORTSGAMEODDS","AyuL3JZjbWtDkVFhezu9","2026-09-26T20:05:00.000Z","New York Mets @ Washington Nationals","New York Mets","Washington Nationals","1","full","FULL_INNING_3WAY","away","","points-away-1i-ml3way-away","fanduel","","false","280","2026-09-26T13:25:34.000Z","","","","","https://sportsbook.fanduel.com/addToBetslip?marketId=717.188528108&selectionId=29174"
"SPORTSGAMEODDS","AyuL3JZjbWtDkVFhezu9","2026-09-26T20:05:00.000Z","New York Mets @ Washington Nationals","New York Mets","Washington Nationals","1","full","FULL_INNING_3WAY","away","","points-away-1i-ml3way-away","draftkings","","false","330","2026-09-26T13:25:36.276Z","","","","",""
"SPORTSGAMEODDS","AyuL3JZjbWtDkVFhezu9","2026-09-26T20:05:00.000Z","New York Mets @ Washington Nationals","New York Mets","Washington Nationals","1","full","FULL_INNING_3WAY","home","","points-home-1i-ml3way-home","fanduel","","false","300","2026-09-26T13:25:34.000Z","","","","","https://sportsbook.fanduel.com/addToBetslip?marketId=717.188528108&selectionId=1033687"
"SPORTSGAMEODDS","AyuL3JZjbWtDkVFhezu9","2026-09-26T20:05:00.000Z","New York Mets @ Washington Nationals","New York Mets","Washington Nationals","1","full","FULL_INNING_3WAY","home","","points-home-1i-ml3way-home","draftkings","","false","275","2026-09-26T13:25:36.276Z","","","","",""
"SPORTSGAMEODDS","AyuL3JZjbWtDkVFhezu9","2026-09-26T20:05:00.000Z","New York Mets @ Washington Nationals","New York Mets","Washington Nationals","2","full","FULL_INNING_3WAY","draw","","points-all-2i-ml3way-draw","fanduel","","false","-150","2026-09-26T13:25:34.000Z","","","","","https://sportsbook.fanduel.com/addToBetslip?marketId=717.188528109&selectionId=131604"
"SPORTSGAMEODDS","AyuL3JZjbWtDkVFhezu9","2026-09-26T20:05:00.000Z","New York Mets @ Washington Nationals","New York Mets","Washington Nationals","2","full","FULL_INNING_3WAY","draw","","points-all-2i-ml3way-draw","draftkings","","false","-160","2026-09-26T13:25:36.276Z","","","","",""
"SPORTSGAMEODDS","AyuL3JZjbWtDkVFhezu9","2026-09-26T20:05:00.000Z","New York Mets @ Washington Nationals","New York Mets","Washington Nationals","2","full","FULL_INNING_TOTAL","over","","points-all-2i-ou-over","fanduel","0.5","false","102","2026-09-26T13:25:34.000Z","0.5","0.5","120","102","https://sportsbook.fanduel.com/addToBetslip?marketId=717.188528057&selectionId=7017905"
"SPORTSGAMEODDS","AyuL3JZjbWtDkVFhezu9","2026-09-26T20:05:00.000Z","New York Mets @ Washington Nationals","New York Mets","Washington Nationals","2","full","FULL_INNING_TOTAL","over","","points-all-2i-ou-over","fanduel","1.5","true","250","2026-09-26T13:25:34.000Z","0.5","0.5","","","https://sportsbook.fanduel.com/addToBetslip?marketId=717.188528057&selectionId=7017905"
"SPORTSGAMEODDS","AyuL3JZjbWtDkVFhezu9","2026-09-26T20:05:00.000Z","New York Mets @ Washington Nationals","New York Mets","Washington Nationals","2","full","FULL_INNING_TOTAL","over","","points-all-2i-ou-over","draftkings","0.5","false","105","2026-09-26T13:25:36.276Z","0.5","0.5","120","102",""
"SPORTSGAMEODDS","AyuL3JZjbWtDkVFhezu9","2026-09-26T20:05:00.000Z","New York Mets @ Washington Nationals","New York Mets","Washington Nationals","2","full","FULL_INNING_TOTAL","over","","points-all-2i-ou-over","draftkings","1.5","true","275","2026-09-26T13:25:36.276Z","0.5","0.5","","",""
"SPORTSGAMEODDS","AyuL3JZjbWtDkVFhezu9","2026-09-26T20:05:00.000Z","New York Mets @ Washington Nationals","New York Mets","Washington Nationals","2","full","FULL_INNING_TOTAL","over","","points-all-2i-ou-over","fliff","0.5","false","-105","2026-09-26T13:23:52.193Z","0.5","0.5","120","102",""
"SPORTSGAMEODDS","AyuL3JZjbWtDkVFhezu9","2026-09-26T20:05:00.000Z","New York Mets @ Washington Nationals","New York Mets","Washington Nationals","2","full","FULL_INNING_TOTAL","under","","points-all-2i-ou-under","fanduel","0.5","false","-124","2026-09-26T13:25:34.000Z","0.5","0.5","-120","-145","https://sportsbook.fanduel.com/addToBetslip?marketId=717.188528057&selectionId=7017906"
"SPORTSGAMEODDS","AyuL3JZjbWtDkVFhezu9","2026-09-26T20:05:00.000Z","New York Mets @ Washington Nationals","New York Mets","Washington Nationals","2","full","FULL_INNING_TOTAL","under","","points-all-2i-ou-under","fanduel","1.5","true","-325","2026-09-26T13:25:34.000Z","0.5","0.5","","","https://sportsbook.fanduel.com/addToBetslip?marketId=717.188528057&selectionId=7017906"
"SPORTSGAMEODDS","AyuL3JZjbWtDkVFhezu9","2026-09-26T20:05:00.000Z","New York Mets @ Washington Nationals","New York Mets","Washington Nationals","2","full","FULL_INNING_TOTAL","under","","points-all-2i-ou-under","draftkings","0.5","false","-145","2026-09-26T13:25:36.276Z","0.5","0.5","-120","-145",""
"SPORTSGAMEODDS","AyuL3JZjbWtDkVFhezu9","2026-09-26T20:05:00.000Z","New York Mets @ Washington Nationals","New York Mets","Washington Nationals","2","full","FULL_INNING_TOTAL","under","","points-all-2i-ou-under","draftkings","1.5","true","-390","2026-09-26T13:25:36.276Z","0.5","0.5","","",""
"SPORTSGAMEODDS","AyuL3JZjbWtDkVFhezu9","2026-09-26T20:05:00.000Z","New York Mets @ Washington Nationals","New York Mets","Washington Nationals","2","full","FULL_INNING_TOTAL","under","","points-all-2i-ou-under","fliff","0.5","false","-150","2026-09-26T13:23:52.193Z","0.5","0.5","-120","-145",""
"SPORTSGAMEODDS","AyuL3JZjbWtDkVFhezu9","2026-09-26T20:05:00.000Z","New York Mets @ Washington Nationals","New York Mets","Washington Nationals","3","full","FULL_INNING_3WAY","draw","","points-all-3i-ml3way-draw","fanduel","","false","-145","2026-09-26T13:25:34.000Z","","","","","https://sportsbook.fanduel.com/addToBetslip?marketId=717.188528006&selectionId=131604"
"SPORTSGAMEODDS","AyuL3JZjbWtDkVFhezu9","2026-09-26T20:05:00.000Z","New York Mets @ Washington Nationals","New York Mets","Washington Nationals","3","full","FULL_INNING_3WAY","draw","","points-all-3i-ml3way-draw","draftkings","","false","-145","2026-09-26T13:25:36.276Z","","","","",""
"SPORTSGAMEODDS","AyuL3JZjbWtDkVFhezu9","2026-09-26T20:05:00.000Z","New York Mets @ Washington Nationals","New York Mets","Washington Nationals","3","full","FULL_INNING_TOTAL","over","","points-all-3i-ou-over","fanduel","0.5","false","-105","2026-09-26T13:25:34.000Z","0.5","0.5","106","-110","https://sportsbook.fanduel.com/addToBetslip?marketId=717.188528064&selectionId=7017905"
"SPORTSGAMEODDS","AyuL3JZjbWtDkVFhezu9","2026-09-26T20:05:00.000Z","New York Mets @ Washington Nationals","New York Mets","Washington Nationals","3","full","FULL_INNING_TOTAL","over","","points-all-3i-ou-over","fanduel","1.5","true","235","2026-09-26T13:25:34.000Z","0.5","0.5","","","https://sportsbook.fanduel.com/addToBetslip?marketId=717.188528064&selectionId=7017905"
"SPORTSGAMEODDS","AyuL3JZjbWtDkVFhezu9","2026-09-26T20:05:00.000Z","New York Mets @ Washington Nationals","New York Mets","Washington Nationals","3","full","FULL_INNING_TOTAL","over","","points-all-3i-ou-over","draftkings","0.5","false","-110","2026-09-26T13:25:36.276Z","0.5","0.5","106","-110",""
"SPORTSGAMEODDS","AyuL3JZjbWtDkVFhezu9","2026-09-26T20:05:00.000Z","New York Mets @ Washington Nationals","New York Mets","Washington Nationals","3","full","FULL_INNING_TOTAL","over","","points-all-3i-ou-over","draftkings","1.5","true","225","2026-09-26T13:25:36.276Z","0.5","0.5","","",""
"SPORTSGAMEODDS","AyuL3JZjbWtDkVFhezu9","2026-09-26T20:05:00.000Z","New York Mets @ Washington Nationals","New York Mets","Washington Nationals","3","full","FULL_INNING_TOTAL","over","","points-all-3i-ou-over","fliff","0.5","false","-120","2026-09-26T13:23:52.193Z","0.5","0.5","106","-110",""
"SPORTSGAMEODDS","AyuL3JZjbWtDkVFhezu9","2026-09-26T20:05:00.000Z","New York Mets @ Washington Nationals","New York Mets","Washington Nationals","3","full","FULL_INNING_TOTAL","under","","points-all-3i-ou-under","fanduel","0.5","false","-115","2026-09-26T13:25:34.000Z","0.5","0.5","-106","-125","https://sportsbook.fanduel.com/addToBetslip?marketId=717.188528064&selectionId=7017906"
"SPORTSGAMEODDS","AyuL3JZjbWtDkVFhezu9","2026-09-26T20:05:00.000Z","New York Mets @ Washington Nationals","New York Mets","Washington Nationals","3","full","FULL_INNING_TOTAL","under","","points-all-3i-ou-under","fanduel","1.5","true","-300","2026-09-26T13:25:34.000Z","0.5","0.5","","","https://sportsbook.fanduel.com/addToBetslip?marketId=717.188528064&selectionId=7017906"
"SPORTSGAMEODDS","AyuL3JZjbWtDkVFhezu9","2026-09-26T20:05:00.000Z","New York Mets @ Washington Nationals","New York Mets","Washington Nationals","3","full","FULL_INNING_TOTAL","under","","points-all-3i-ou-under","draftkings","0.5","false","-125","2026-09-26T13:25:36.276Z","0.5","0.5","-106","-125",""
"SPORTSGAMEODDS","AyuL3JZjbWtDkVFhezu9","2026-09-26T20:05:00.000Z","New York Mets @ Washington Nationals","New York Mets","Washington Nationals","3","full","FULL_INNING_TOTAL","under","","points-all-3i-ou-under","draftkings","1.5","true","-320","2026-09-26T13:25:36.276Z","0.5","0.5","","",""
"SPORTSGAMEODDS","AyuL3JZjbWtDkVFhezu9","2026-09-26T20:05:00.000Z","New York Mets @ Washington Nationals","New York Mets","Washington Nationals","3","full","FULL_INNING_TOTAL","under","","points-all-3i-ou-under","fliff","0.5","false","-135","2026-09-26T13:23:52.193Z","0.5","0.5","-106","-125",""
"SPORTSGAMEODDS","AyuL3JZjbWtDkVFhezu9","2026-09-26T20:05:00.000Z","New York Mets @ Washington Nationals","New York Mets","Washington Nationals","4","full","FULL_INNING_3WAY","draw","","points-all-4i-ml3way-draw","fanduel","","false","-140","2026-09-26T13:25:34.000Z","","","","","https://sportsbook.fanduel.com/addToBetslip?marketId=717.188528005&selectionId=131604"
"SPORTSGAMEODDS","AyuL3JZjbWtDkVFhezu9","2026-09-26T20:05:00.000Z","New York Mets @ Washington Nationals","New York Mets","Washington Nationals","4","full","FULL_INNING_3WAY","draw","","points-all-4i-ml3way-draw","draftkings","","false","-140","2026-09-26T13:25:36.276Z","","","","",""
"SPORTSGAMEODDS","AyuL3JZjbWtDkVFhezu9","2026-09-26T20:05:00.000Z","New York Mets @ Washington Nationals","New York Mets","Washington Nationals","4","full","FULL_INNING_TOTAL","over","","points-all-4i-ou-over","fanduel","0.5","false","-102","2026-09-26T13:25:34.000Z","0.5","0.5","106","-110","https://sportsbook.fanduel.com/addToBetslip?marketId=717.188528065&selectionId=7017905"
"SPORTSGAMEODDS","AyuL3JZjbWtDkVFhezu9","2026-09-26T20:05:00.000Z","New York Mets @ Washington Nationals","New York Mets","Washington Nationals","4","full","FULL_INNING_TOTAL","over","","points-all-4i-ou-over","fanduel","1.5","true","250","2026-09-26T13:25:34.000Z","0.5","0.5","","","https://sportsbook.fanduel.com/addToBetslip?marketId=717.188528065&selectionId=7017905"
"SPORTSGAMEODDS","AyuL3JZjbWtDkVFhezu9","2026-09-26T20:05:00.000Z","New York Mets @ Washington Nationals","New York Mets","Washington Nationals","4","full","FULL_INNING_TOTAL","over","","points-all-4i-ou-over","draftkings","0.5","false","-110","2026-09-26T13:25:36.276Z","0.5","0.5","106","-110",""
"SPORTSGAMEODDS","AyuL3JZjbWtDkVFhezu9","2026-09-26T20:05:00.000Z","New York Mets @ Washington Nationals","New York Mets","Washington Nationals","4","full","FULL_INNING_TOTAL","over","","points-all-4i-ou-over","draftkings","1.5","true","230","2026-09-26T13:25:36.276Z","0.5","0.5","","",""
"SPORTSGAMEODDS","AyuL3JZjbWtDkVFhezu9","2026-09-26T20:05:00.000Z","New York Mets @ Washington Nationals","New York Mets","Washington Nationals","4","full","FULL_INNING_TOTAL","over","","points-all-4i-ou-over","fliff","0.5","false","-115","2026-09-26T13:23:52.193Z","0.5","0.5","106","-110",""
"SPORTSGAMEODDS","AyuL3JZjbWtDkVFhezu9","2026-09-26T20:05:00.000Z","New York Mets @ Washington Nationals","New York Mets","Washington Nationals","4","full","FULL_INNING_TOTAL","under","","points-all-4i-ou-under","fanduel","0.5","false","-120","2026-09-26T13:25:34.000Z","0.5","0.5","-106","-125","https://sportsbook.fanduel.com/addToBetslip?marketId=717.188528065&selectionId=7017906"
"SPORTSGAMEODDS","AyuL3JZjbWtDkVFhezu9","2026-09-26T20:05:00.000Z","New York Mets @ Washington Nationals","New York Mets","Washington Nationals","4","full","FULL_INNING_TOTAL","under","","points-all-4i-ou-under","fanduel","1.5","true","-325","2026-09-26T13:25:34.000Z","0.5","0.5","","","https://sportsbook.fanduel.com/addToBetslip?marketId=717.188528065&selectionId=7017906"
"SPORTSGAMEODDS","AyuL3JZjbWtDkVFhezu9","2026-09-26T20:05:00.000Z","New York Mets @ Washington Nationals","New York Mets","Washington Nationals","4","full","FULL_INNING_TOTAL","under","","points-all-4i-ou-under","draftkings","0.5","false","-125","2026-09-26T13:25:36.276Z","0.5","0.5","-106","-125",""
"SPORTSGAMEODDS","AyuL3JZjbWtDkVFhezu9","2026-09-26T20:05:00.000Z","New York Mets @ Washington Nationals","New York Mets","Washington Nationals","4","full","FULL_INNING_TOTAL","under","","points-all-4i-ou-under","draftkings","1.5","true","-320","2026-09-26T13:25:36.276Z","0.5","0.5","","",""
"SPORTSGAMEODDS","AyuL3JZjbWtDkVFhezu9","2026-09-26T20:05:00.000Z","New York Mets @ Washington Nationals","New York Mets","Washington Nationals","4","full","FULL_INNING_TOTAL","under","","points-all-4i-ou-under","fliff","0.5","false","-140","2026-09-26T13:23:52.193Z","0.5","0.5","-106","-125",""
"SPORTSGAMEODDS","AyuL3JZjbWtDkVFhezu9","2026-09-26T20:05:00.000Z","New York Mets @ Washington Nationals","New York Mets","Washington Nationals","5","full","FULL_INNING_TOTAL","over","","points-all-5i-ou-over","fanduel","0.5","false","108","2026-09-26T13:25:34.000Z","0.5","0.5","106","-115","https://sportsbook.fanduel.com/addToBetslip?marketId=717.188528048&selectionId=7017905"
"SPORTSGAMEODDS","AyuL3JZjbWtDkVFhezu9","2026-09-26T20:05:00.000Z","New York Mets @ Washington Nationals","New York Mets","Washington Nationals","5","full","FULL_INNING_TOTAL","over","","points-all-5i-ou-over","fanduel","1.5","true","265","2026-09-26T13:25:34.000Z","0.5","0.5","","","https://sportsbook.fanduel.com/addToBetslip?marketId=717.188528048&selectionId=7017905"
"SPORTSGAMEODDS","AyuL3JZjbWtDkVFhezu9","2026-09-26T20:05:00.000Z","New York Mets @ Washington Nationals","New York Mets","Washington Nationals","5","full","FULL_INNING_TOTAL","over","","points-all-5i-ou-over","draftkings","0.5","false","-115","2026-09-26T13:25:36.276Z","0.5","0.5","106","-115",""
"SPORTSGAMEODDS","AyuL3JZjbWtDkVFhezu9","2026-09-26T20:05:00.000Z","New York Mets @ Washington Nationals","New York Mets","Washington Nationals","5","full","FULL_INNING_TOTAL","over","","points-all-5i-ou-over","draftkings","1.5","true","205","2026-09-26T13:25:36.276Z","0.5","0.5","","",""
"SPORTSGAMEODDS","AyuL3JZjbWtDkVFhezu9","2026-09-26T20:05:00.000Z","New York Mets @ Washington Nationals","New York Mets","Washington Nationals","5","full","FULL_INNING_TOTAL","over","","points-all-5i-ou-over","fliff","0.5","false","-115","2026-09-26T13:23:52.193Z","0.5","0.5","106","-115",""
"SPORTSGAMEODDS","AyuL3JZjbWtDkVFhezu9","2026-09-26T20:05:00.000Z","New York Mets @ Washington Nationals","New York Mets","Washington Nationals","5","full","FULL_INNING_TOTAL","under","","points-all-5i-ou-under","fanduel","0.5","false","-132","2026-09-26T13:25:34.000Z","0.5","0.5","-106","-132","https://sportsbook.fanduel.com/addToBetslip?marketId=717.188528048&selectionId=7017906"
"SPORTSGAMEODDS","AyuL3JZjbWtDkVFhezu9","2026-09-26T20:05:00.000Z","New York Mets @ Washington Nationals","New York Mets","Washington Nationals","5","full","FULL_INNING_TOTAL","under","","points-all-5i-ou-under","fanduel","1.5","true","-350","2026-09-26T13:25:34.000Z","0.5","0.5","","","https://sportsbook.fanduel.com/addToBetslip?marketId=717.188528048&selectionId=7017906"
"SPORTSGAMEODDS","AyuL3JZjbWtDkVFhezu9","2026-09-26T20:05:00.000Z","New York Mets @ Washington Nationals","New York Mets","Washington Nationals","5","full","FULL_INNING_TOTAL","under","","points-all-5i-ou-under","draftkings","0.5","false","-120","2026-09-26T13:25:36.276Z","0.5","0.5","-106","-132",""
"SPORTSGAMEODDS","AyuL3JZjbWtDkVFhezu9","2026-09-26T20:05:00.000Z","New York Mets @ Washington Nationals","New York Mets","Washington Nationals","5","full","FULL_INNING_TOTAL","under","","points-all-5i-ou-under","draftkings","1.5","true","-285","2026-09-26T13:25:36.276Z","0.5","0.5","","",""
"SPORTSGAMEODDS","AyuL3JZjbWtDkVFhezu9","2026-09-26T20:05:00.000Z","New York Mets @ Washington Nationals","New York Mets","Washington Nationals","5","full","FULL_INNING_TOTAL","under","","points-all-5i-ou-under","fliff","0.5","false","-140","2026-09-26T13:23:52.193Z","0.5","0.5","-106","-132",""
"SPORTSGAMEODDS","AyuL3JZjbWtDkVFhezu9","2026-09-26T20:05:00.000Z","New York Mets @ Washington Nationals","New York Mets","Washington Nationals","6","full","FULL_INNING_3WAY","draw","","points-all-6i-ml3way-draw","fanduel","","false","-170","2026-09-26T13:25:34.000Z","","","","","https://sportsbook.fanduel.com/addToBetslip?marketId=717.188528088&selectionId=131604"
"SPORTSGAMEODDS","AyuL3JZjbWtDkVFhezu9","2026-09-26T20:05:00.000Z","New York Mets @ Washington Nationals","New York Mets","Washington Nationals","6","full","FULL_INNING_3WAY","draw","","points-all-6i-ml3way-draw","draftkings","","false","-170","2026-09-26T13:25:36.276Z","","","","",""
"SPORTSGAMEODDS","AyuL3JZjbWtDkVFhezu9","2026-09-26T20:05:00.000Z","New York Mets @ Washington Nationals","New York Mets","Washington Nationals","6","full","FULL_INNING_TOTAL","over","","points-all-6i-ou-over","fanduel","0.5","false","118","2026-09-26T13:25:34.000Z","0.5","0.5","124","110","https://sportsbook.fanduel.com/addToBetslip?marketId=717.188528154&selectionId=7017905"
"SPORTSGAMEODDS","AyuL3JZjbWtDkVFhezu9","2026-09-26T20:05:00.000Z","New York Mets @ Washington Nationals","New York Mets","Washington Nationals","6","full","FULL_INNING_TOTAL","over","","points-all-6i-ou-over","fanduel","1.5","true","320","2026-09-26T13:25:34.000Z","0.5","0.5","","","https://sportsbook.fanduel.com/addToBetslip?marketId=717.188528154&selectionId=7017905"
"SPORTSGAMEODDS","AyuL3JZjbWtDkVFhezu9","2026-09-26T20:05:00.000Z","New York Mets @ Washington Nationals","New York Mets","Washington Nationals","6","full","FULL_INNING_TOTAL","over","","points-all-6i-ou-over","draftkings","0.5","false","110","2026-09-26T13:25:36.276Z","0.5","0.5","124","110",""
"SPORTSGAMEODDS","AyuL3JZjbWtDkVFhezu9","2026-09-26T20:05:00.000Z","New York Mets @ Washington Nationals","New York Mets","Washington Nationals","6","full","FULL_INNING_TOTAL","over","","points-all-6i-ou-over","draftkings","1.5","true","270","2026-09-26T13:25:36.276Z","0.5","0.5","","",""
"SPORTSGAMEODDS","AyuL3JZjbWtDkVFhezu9","2026-09-26T20:05:00.000Z","New York Mets @ Washington Nationals","New York Mets","Washington Nationals","6","full","FULL_INNING_TOTAL","over","","points-all-6i-ou-over","fliff","0.5","false","-105","2026-09-26T13:23:52.193Z","0.5","0.5","124","110",""
"SPORTSGAMEODDS","AyuL3JZjbWtDkVFhezu9","2026-09-26T20:05:00.000Z","New York Mets @ Washington Nationals","New York Mets","Washington Nationals","6","full","FULL_INNING_TOTAL","under","","points-all-6i-ou-under","fanduel","0.5","false","-144","2026-09-26T13:25:34.000Z","0.5","0.5","-124","-145","https://sportsbook.fanduel.com/addToBetslip?marketId=717.188528154&selectionId=7017906"
"SPORTSGAMEODDS","AyuL3JZjbWtDkVFhezu9","2026-09-26T20:05:00.000Z","New York Mets @ Washington Nationals","New York Mets","Washington Nationals","6","full","FULL_INNING_TOTAL","under","","points-all-6i-ou-under","fanduel","1.5","true","-420","2026-09-26T13:25:34.000Z","0.5","0.5","","","https://sportsbook.fanduel.com/addToBetslip?marketId=717.188528154&selectionId=7017906"
"SPORTSGAMEODDS","AyuL3JZjbWtDkVFhezu9","2026-09-26T20:05:00.000Z","New York Mets @ Washington Nationals","New York Mets","Washington Nationals","6","full","FULL_INNING_TOTAL","under","","points-all-6i-ou-under","draftkings","0.5","false","-145","2026-09-26T13:25:36.276Z","0.5","0.5","-124","-145",""
"SPORTSGAMEODDS","AyuL3JZjbWtDkVFhezu9","2026-09-26T20:05:00.000Z","New York Mets @ Washington Nationals","New York Mets","Washington Nationals","6","full","FULL_INNING_TOTAL","under","","points-all-6i-ou-under","draftkings","1.5","true","-380","2026-09-26T13:25:36.276Z","0.5","0.5","","",""
"SPORTSGAMEODDS","AyuL3JZjbWtDkVFhezu9","2026-09-26T20:05:00.000Z","New York Mets @ Washington Nationals","New York Mets","Washington Nationals","6","full","FULL_INNING_TOTAL","under","","points-all-6i-ou-under","fliff","0.5","false","-160","2026-09-26T13:23:52.193Z","0.5","0.5","-124","-145",""
"SPORTSGAMEODDS","AyuL3JZjbWtDkVFhezu9","2026-09-26T20:05:00.000Z","New York Mets @ Washington Nationals","New York Mets","Washington Nationals","7","full","FULL_INNING_3WAY","draw","","points-all-7i-ml3way-draw","fanduel","","false","-185","2026-09-26T13:25:34.000Z","","","","","https://sportsbook.fanduel.com/addToBetslip?marketId=717.188528018&selectionId=131604"
"SPORTSGAMEODDS","AyuL3JZjbWtDkVFhezu9","2026-09-26T20:05:00.000Z","New York Mets @ Washington Nationals","New York Mets","Washington Nationals","7","full","FULL_INNING_3WAY","draw","","points-all-7i-ml3way-draw","draftkings","","false","-175","2026-09-26T13:25:36.276Z","","","","",""
"SPORTSGAMEODDS","AyuL3JZjbWtDkVFhezu9","2026-09-26T20:05:00.000Z","New York Mets @ Washington Nationals","New York Mets","Washington Nationals","7","full","FULL_INNING_TOTAL","over","","points-all-7i-ou-over","fanduel","0.5","false","132","2026-09-26T13:25:34.000Z","0.5","0.5","133","115","https://sportsbook.fanduel.com/addToBetslip?marketId=717.188528060&selectionId=7017905"
"SPORTSGAMEODDS","AyuL3JZjbWtDkVFhezu9","2026-09-26T20:05:00.000Z","New York Mets @ Washington Nationals","New York Mets","Washington Nationals","7","full","FULL_INNING_TOTAL","over","","points-all-7i-ou-over","fanduel","1.5","true","340","2026-09-26T13:25:34.000Z","0.5","0.5","","","https://sportsbook.fanduel.com/addToBetslip?marketId=717.188528060&selectionId=7017905"
"SPORTSGAMEODDS","AyuL3JZjbWtDkVFhezu9","2026-09-26T20:05:00.000Z","New York Mets @ Washington Nationals","New York Mets","Washington Nationals","7","full","FULL_INNING_TOTAL","over","","points-all-7i-ou-over","draftkings","0.5","false","115","2026-09-26T13:25:36.276Z","0.5","0.5","133","115",""
"SPORTSGAMEODDS","AyuL3JZjbWtDkVFhezu9","2026-09-26T20:05:00.000Z","New York Mets @ Washington Nationals","New York Mets","Washington Nationals","7","full","FULL_INNING_TOTAL","over","","points-all-7i-ou-over","draftkings","1.5","true","280","2026-09-26T13:25:36.276Z","0.5","0.5","","",""
"SPORTSGAMEODDS","AyuL3JZjbWtDkVFhezu9","2026-09-26T20:05:00.000Z","New York Mets @ Washington Nationals","New York Mets","Washington Nationals","7","full","FULL_INNING_TOTAL","over","","points-all-7i-ou-over","fliff","0.5","false","105","2026-09-26T13:23:52.193Z","0.5","0.5","133","115",""
"SPORTSGAMEODDS","AyuL3JZjbWtDkVFhezu9","2026-09-26T20:05:00.000Z","New York Mets @ Washington Nationals","New York Mets","Washington Nationals","7","full","FULL_INNING_TOTAL","under","","points-all-7i-ou-under","fanduel","0.5","false","-162","2026-09-26T13:25:34.000Z","0.5","0.5","-133","-162","https://sportsbook.fanduel.com/addToBetslip?marketId=717.188528060&selectionId=7017906"
"SPORTSGAMEODDS","AyuL3JZjbWtDkVFhezu9","2026-09-26T20:05:00.000Z","New York Mets @ Washington Nationals","New York Mets","Washington Nationals","7","full","FULL_INNING_TOTAL","under","","points-all-7i-ou-under","fanduel","1.5","true","-470","2026-09-26T13:25:34.000Z","0.5","0.5","","","https://sportsbook.fanduel.com/addToBetslip?marketId=717.188528060&selectionId=7017906"
"SPORTSGAMEODDS","AyuL3JZjbWtDkVFhezu9","2026-09-26T20:05:00.000Z","New York Mets @ Washington Nationals","New York Mets","Washington Nationals","7","full","FULL_INNING_TOTAL","under","","points-all-7i-ou-under","draftkings","0.5","false","-155","2026-09-26T13:25:36.276Z","0.5","0.5","-133","-162",""
"SPORTSGAMEODDS","AyuL3JZjbWtDkVFhezu9","2026-09-26T20:05:00.000Z","New York Mets @ Washington Nationals","New York Mets","Washington Nationals","7","full","FULL_INNING_TOTAL","under","","points-all-7i-ou-under","draftkings","1.5","true","-400","2026-09-26T13:25:36.276Z","0.5","0.5","","",""
"SPORTSGAMEODDS","AyuL3JZjbWtDkVFhezu9","2026-09-26T20:05:00.000Z","New York Mets @ Washington Nationals","New York Mets","Washington Nationals","7","full","FULL_INNING_TOTAL","under","","points-all-7i-ou-under","fliff","0.5","false","-170","2026-09-26T13:23:52.193Z","0.5","0.5","-133","-162",""
"SPORTSGAMEODDS","AyuL3JZjbWtDkVFhezu9","2026-09-26T20:05:00.000Z","New York Mets @ Washington Nationals","New York Mets","Washington Nationals","8","full","FULL_INNING_3WAY","draw","","points-all-8i-ml3way-draw","fanduel","","false","-190","2026-09-26T13:25:34.000Z","","","","","https://sportsbook.fanduel.com/addToBetslip?marketId=717.188528053&selectionId=131604"
"SPORTSGAMEODDS","AyuL3JZjbWtDkVFhezu9","2026-09-26T20:05:00.000Z","New York Mets @ Washington Nationals","New York Mets","Washington Nationals","8","full","FULL_INNING_3WAY","draw","","points-all-8i-ml3way-draw","draftkings","","false","-170","2026-09-26T13:25:36.276Z","","","","",""
"SPORTSGAMEODDS","AyuL3JZjbWtDkVFhezu9","2026-09-26T20:05:00.000Z","New York Mets @ Washington Nationals","New York Mets","Washington Nationals","8","full","FULL_INNING_TOTAL","over","","points-all-8i-ou-over","fanduel","0.5","false","130","2026-09-26T13:25:34.000Z","0.5","0.5","132","115","https://sportsbook.fanduel.com/addToBetslip?marketId=717.188528159&selectionId=7017905"
"SPORTSGAMEODDS","AyuL3JZjbWtDkVFhezu9","2026-09-26T20:05:00.000Z","New York Mets @ Washington Nationals","New York Mets","Washington Nationals","8","full","FULL_INNING_TOTAL","over","","points-all-8i-ou-over","fanduel","1.5","true","360","2026-09-26T13:25:34.000Z","0.5","0.5","","","https://sportsbook.fanduel.com/addToBetslip?marketId=717.188528159&selectionId=7017905"
"SPORTSGAMEODDS","AyuL3JZjbWtDkVFhezu9","2026-09-26T20:05:00.000Z","New York Mets @ Washington Nationals","New York Mets","Washington Nationals","8","full","FULL_INNING_TOTAL","over","","points-all-8i-ou-over","draftkings","0.5","false","115","2026-09-26T13:25:36.276Z","0.5","0.5","132","115",""
"SPORTSGAMEODDS","AyuL3JZjbWtDkVFhezu9","2026-09-26T20:05:00.000Z","New York Mets @ Washington Nationals","New York Mets","Washington Nationals","8","full","FULL_INNING_TOTAL","over","","points-all-8i-ou-over","draftkings","1.5","true","285","2026-09-26T13:25:36.276Z","0.5","0.5","","",""
"SPORTSGAMEODDS","AyuL3JZjbWtDkVFhezu9","2026-09-26T20:05:00.000Z","New York Mets @ Washington Nationals","New York Mets","Washington Nationals","8","full","FULL_INNING_TOTAL","over","","points-all-8i-ou-over","fliff","0.5","false","105","2026-09-26T13:23:52.193Z","0.5","0.5","132","115",""
"SPORTSGAMEODDS","AyuL3JZjbWtDkVFhezu9","2026-09-26T20:05:00.000Z","New York Mets @ Washington Nationals","New York Mets","Washington Nationals","8","full","FULL_INNING_TOTAL","under","","points-all-8i-ou-under","fanduel","0.5","false","-160","2026-09-26T13:25:34.000Z","0.5","0.5","-132","-160","https://sportsbook.fanduel.com/addToBetslip?marketId=717.188528159&selectionId=7017906"
"SPORTSGAMEODDS","AyuL3JZjbWtDkVFhezu9","2026-09-26T20:05:00.000Z","New York Mets @ Washington Nationals","New York Mets","Washington Nationals","8","full","FULL_INNING_TOTAL","under","","points-all-8i-ou-under","fanduel","1.5","true","-460","2026-09-26T13:25:34.000Z","0.5","0.5","","","https://sportsbook.fanduel.com/addToBetslip?marketId=717.188528159&selectionId=7017906"
"SPORTSGAMEODDS","AyuL3JZjbWtDkVFhezu9","2026-09-26T20:05:00.000Z","New York Mets @ Washington Nationals","New York Mets","Washington Nationals","8","full","FULL_INNING_TOTAL","under","","points-all-8i-ou-under","draftkings","0.5","false","-155","2026-09-26T13:25:36.276Z","0.5","0.5","-132","-160",""
"SPORTSGAMEODDS","AyuL3JZjbWtDkVFhezu9","2026-09-26T20:05:00.000Z","New York Mets @ Washington Nationals","New York Mets","Washington Nationals","8","full","FULL_INNING_TOTAL","under","","points-all-8i-ou-under","draftkings","1.5","true","-400","2026-09-26T13:25:36.276Z","0.5","0.5","","",""
"SPORTSGAMEODDS","AyuL3JZjbWtDkVFhezu9","2026-09-26T20:05:00.000Z","New York Mets @ Washington Nationals","New York Mets","Washington Nationals","8","full","FULL_INNING_TOTAL","under","","points-all-8i-ou-under","fliff","0.5","false","-175","2026-09-26T13:23:52.193Z","0.5","0.5","-132","-160",""
"SPORTSGAMEODDS","AyuL3JZjbWtDkVFhezu9","2026-09-26T20:05:00.000Z","New York Mets @ Washington Nationals","New York Mets","Washington Nationals","9","full","FULL_INNING_3WAY","draw","","points-all-9i-ml3way-draw","fanduel","","false","-250","2026-09-26T13:25:34.000Z","","","","","https://sportsbook.fanduel.com/addToBetslip?marketId=717.188528062&selectionId=131604"
"SPORTSGAMEODDS","AyuL3JZjbWtDkVFhezu9","2026-09-26T20:05:00.000Z","New York Mets @ Washington Nationals","New York Mets","Washington Nationals","9","full","FULL_INNING_3WAY","draw","","points-all-9i-ml3way-draw","draftkings","","false","-235","2026-09-26T13:25:36.276Z","","","","",""
"SPORTSGAMEODDS","AyuL3JZjbWtDkVFhezu9","2026-09-26T20:05:00.000Z","New York Mets @ Washington Nationals","New York Mets","Washington Nationals","9","full","FULL_INNING_TOTAL","over","","points-all-9i-ou-over","fanduel","0.5","false","168","2026-09-26T13:25:34.000Z","","0.5","","159","https://sportsbook.fanduel.com/addToBetslip?marketId=717.188528104&selectionId=7017905"
"SPORTSGAMEODDS","AyuL3JZjbWtDkVFhezu9","2026-09-26T20:05:00.000Z","New York Mets @ Washington Nationals","New York Mets","Washington Nationals","9","full","FULL_INNING_TOTAL","over","","points-all-9i-ou-over","fanduel","1.5","true","420","2026-09-26T13:25:34.000Z","","0.5","","","https://sportsbook.fanduel.com/addToBetslip?marketId=717.188528104&selectionId=7017905"
"SPORTSGAMEODDS","AyuL3JZjbWtDkVFhezu9","2026-09-26T20:05:00.000Z","New York Mets @ Washington Nationals","New York Mets","Washington Nationals","9","full","FULL_INNING_TOTAL","over","","points-all-9i-ou-over","draftkings","0.5","false","150","2026-09-26T13:25:36.276Z","","0.5","","159",""
"SPORTSGAMEODDS","AyuL3JZjbWtDkVFhezu9","2026-09-26T20:05:00.000Z","New York Mets @ Washington Nationals","New York Mets","Washington Nationals","9","full","FULL_INNING_TOTAL","over","","points-all-9i-ou-over","draftkings","1.5","true","360","2026-09-26T13:25:36.276Z","","0.5","","",""
"SPORTSGAMEODDS","AyuL3JZjbWtDkVFhezu9","2026-09-26T20:05:00.000Z","New York Mets @ Washington Nationals","New York Mets","Washington Nationals","9","full","FULL_INNING_TOTAL","under","","points-all-9i-ou-under","fanduel","0.5","false","-210","2026-09-26T13:25:34.000Z","","0.5","","-207","https://sportsbook.fanduel.com/addToBetslip?marketId=717.188528104&selectionId=7017906"
"SPORTSGAMEODDS","AyuL3JZjbWtDkVFhezu9","2026-09-26T20:05:00.000Z","New York Mets @ Washington Nationals","New York Mets","Washington Nationals","9","full","FULL_INNING_TOTAL","under","","points-all-9i-ou-under","fanduel","1.5","true","-600","2026-09-26T13:25:34.000Z","","0.5","","","https://sportsbook.fanduel.com/addToBetslip?marketId=717.188528104&selectionId=7017906"
"SPORTSGAMEODDS","AyuL3JZjbWtDkVFhezu9","2026-09-26T20:05:00.000Z","New York Mets @ Washington Nationals","New York Mets","Washington Nationals","9","full","FULL_INNING_TOTAL","under","","points-all-9i-ou-under","draftkings","0.5","false","-205","2026-09-26T13:25:36.276Z","","0.5","","-207",""
"SPORTSGAMEODDS","AyuL3JZjbWtDkVFhezu9","2026-09-26T20:05:00.000Z","New York Mets @ Washington Nationals","New York Mets","Washington Nationals","9","full","FULL_INNING_TOTAL","under","","points-all-9i-ou-under","draftkings","1.5","true","-550","2026-09-26T13:25:36.276Z","","0.5","","",""
"SPORTSGAMEODDS","AyuL3JZjbWtDkVFhezu9","2026-09-26T20:05:00.000Z","New York Mets @ Washington Nationals","New York Mets","Washington Nationals","2","full","FULL_INNING_3WAY","away","","points-away-2i-ml3way-away","fanduel","","false","280","2026-09-26T13:25:34.000Z","","","","","https://sportsbook.fanduel.com/addToBetslip?marketId=717.188528109&selectionId=29174"
"SPORTSGAMEODDS","AyuL3JZjbWtDkVFhezu9","2026-09-26T20:05:00.000Z","New York Mets @ Washington Nationals","New York Mets","Washington Nationals","2","full","FULL_INNING_3WAY","away","","points-away-2i-ml3way-away","draftkings","","false","320","2026-09-26T13:25:36.276Z","","","","",""
"SPORTSGAMEODDS","AyuL3JZjbWtDkVFhezu9","2026-09-26T20:05:00.000Z","New York Mets @ Washington Nationals","New York Mets","Washington Nationals","4","full","FULL_INNING_3WAY","away","","points-away-4i-ml3way-away","fanduel","","false","300","2026-09-26T13:25:34.000Z","","","","","https://sportsbook.fanduel.com/addToBetslip?marketId=717.188528005&selectionId=29174"
"SPORTSGAMEODDS","AyuL3JZjbWtDkVFhezu9","2026-09-26T20:05:00.000Z","New York Mets @ Washington Nationals","New York Mets","Washington Nationals","4","full","FULL_INNING_3WAY","away","","points-away-4i-ml3way-away","draftkings","","false","260","2026-09-26T13:25:36.276Z","","","","",""
"SPORTSGAMEODDS","AyuL3JZjbWtDkVFhezu9","2026-09-26T20:05:00.000Z","New York Mets @ Washington Nationals","New York Mets","Washington Nationals","5","full","FULL_INNING_3WAY","away","","points-away-5i-ml3way-away","fanduel","","false","320","2026-09-26T13:25:34.000Z","","","","","https://sportsbook.fanduel.com/addToBetslip?marketId=717.188528118&selectionId=29174"
"SPORTSGAMEODDS","AyuL3JZjbWtDkVFhezu9","2026-09-26T20:05:00.000Z","New York Mets @ Washington Nationals","New York Mets","Washington Nationals","5","full","FULL_INNING_3WAY","away","","points-away-5i-ml3way-away","draftkings","","false","230","2026-09-26T13:25:36.276Z","","","","",""
"SPORTSGAMEODDS","AyuL3JZjbWtDkVFhezu9","2026-09-26T20:05:00.000Z","New York Mets @ Washington Nationals","New York Mets","Washington Nationals","6","full","FULL_INNING_3WAY","away","","points-away-6i-ml3way-away","fanduel","","false","340","2026-09-26T13:25:34.000Z","","","","","https://sportsbook.fanduel.com/addToBetslip?marketId=717.188528088&selectionId=29174"
"SPORTSGAMEODDS","AyuL3JZjbWtDkVFhezu9","2026-09-26T20:05:00.000Z","New York Mets @ Washington Nationals","New York Mets","Washington Nationals","6","full","FULL_INNING_3WAY","away","","points-away-6i-ml3way-away","draftkings","","false","330","2026-09-26T13:25:36.276Z","","","","",""
"SPORTSGAMEODDS","AyuL3JZjbWtDkVFhezu9","2026-09-26T20:05:00.000Z","New York Mets @ Washington Nationals","New York Mets","Washington Nationals","7","full","FULL_INNING_3WAY","away","","points-away-7i-ml3way-away","fanduel","","false","350","2026-09-26T13:25:34.000Z","","","","","https://sportsbook.fanduel.com/addToBetslip?marketId=717.188528018&selectionId=29174"
"SPORTSGAMEODDS","AyuL3JZjbWtDkVFhezu9","2026-09-26T20:05:00.000Z","New York Mets @ Washington Nationals","New York Mets","Washington Nationals","7","full","FULL_INNING_3WAY","away","","points-away-7i-ml3way-away","draftkings","","false","320","2026-09-26T13:25:36.276Z","","","","",""
"SPORTSGAMEODDS","AyuL3JZjbWtDkVFhezu9","2026-09-26T20:05:00.000Z","New York Mets @ Washington Nationals","New York Mets","Washington Nationals","8","full","FULL_INNING_3WAY","away","","points-away-8i-ml3way-away","fanduel","","false","340","2026-09-26T13:25:34.000Z","","","","","https://sportsbook.fanduel.com/addToBetslip?marketId=717.188528053&selectionId=29174"
"SPORTSGAMEODDS","AyuL3JZjbWtDkVFhezu9","2026-09-26T20:05:00.000Z","New York Mets @ Washington Nationals","New York Mets","Washington Nationals","8","full","FULL_INNING_3WAY","away","","points-away-8i-ml3way-away","draftkings","","false","310","2026-09-26T13:25:36.276Z","","","","",""
"SPORTSGAMEODDS","AyuL3JZjbWtDkVFhezu9","2026-09-26T20:05:00.000Z","New York Mets @ Washington Nationals","New York Mets","Washington Nationals","9","full","FULL_INNING_3WAY","away","","points-away-9i-ml3way-away","fanduel","","false","320","2026-09-26T13:25:34.000Z","","","","","https://sportsbook.fanduel.com/addToBetslip?marketId=717.188528062&selectionId=29174"
"SPORTSGAMEODDS","AyuL3JZjbWtDkVFhezu9","2026-09-26T20:05:00.000Z","New York Mets @ Washington Nationals","New York Mets","Washington Nationals","9","full","FULL_INNING_3WAY","away","","points-away-9i-ml3way-away","draftkings","","false","290","2026-09-26T13:25:36.276Z","","","","",""
"SPORTSGAMEODDS","AyuL3JZjbWtDkVFhezu9","2026-09-26T20:05:00.000Z","New York Mets @ Washington Nationals","New York Mets","Washington Nationals","2","full","FULL_INNING_3WAY","home","","points-home-2i-ml3way-home","fanduel","","false","360","2026-09-26T13:25:34.000Z","","","","","https://sportsbook.fanduel.com/addToBetslip?marketId=717.188528109&selectionId=1033687"
"SPORTSGAMEODDS","AyuL3JZjbWtDkVFhezu9","2026-09-26T20:05:00.000Z","New York Mets @ Washington Nationals","New York Mets","Washington Nationals","2","full","FULL_INNING_3WAY","home","","points-home-2i-ml3way-home","draftkings","","false","320","2026-09-26T13:25:36.276Z","","","","",""
"SPORTSGAMEODDS","AyuL3JZjbWtDkVFhezu9","2026-09-26T20:05:00.000Z","New York Mets @ Washington Nationals","New York Mets","Washington Nationals","3","full","FULL_INNING_3WAY","home","","points-home-3i-ml3way-home","fanduel","","false","330","2026-09-26T13:25:34.000Z","","","","","https://sportsbook.fanduel.com/addToBetslip?marketId=717.188528006&selectionId=1033687"
"SPORTSGAMEODDS","AyuL3JZjbWtDkVFhezu9","2026-09-26T20:05:00.000Z","New York Mets @ Washington Nationals","New York Mets","Washington Nationals","3","full","FULL_INNING_3WAY","home","","points-home-3i-ml3way-home","draftkings","","false","320","2026-09-26T13:25:36.276Z","","","","",""
"SPORTSGAMEODDS","AyuL3JZjbWtDkVFhezu9","2026-09-26T20:05:00.000Z","New York Mets @ Washington Nationals","New York Mets","Washington Nationals","4","full","FULL_INNING_3WAY","home","","points-home-4i-ml3way-home","fanduel","","false","330","2026-09-26T13:25:34.000Z","","","","","https://sportsbook.fanduel.com/addToBetslip?marketId=717.188528005&selectionId=1033687"
"SPORTSGAMEODDS","AyuL3JZjbWtDkVFhezu9","2026-09-26T20:05:00.000Z","New York Mets @ Washington Nationals","New York Mets","Washington Nationals","4","full","FULL_INNING_3WAY","home","","points-home-4i-ml3way-home","draftkings","","false","340","2026-09-26T13:25:36.276Z","","","","",""
"SPORTSGAMEODDS","AyuL3JZjbWtDkVFhezu9","2026-09-26T20:05:00.000Z","New York Mets @ Washington Nationals","New York Mets","Washington Nationals","6","full","FULL_INNING_3WAY","home","","points-home-6i-ml3way-home","fanduel","","false","350","2026-09-26T13:25:34.000Z","","","","","https://sportsbook.fanduel.com/addToBetslip?marketId=717.188528088&selectionId=1033687"
"SPORTSGAMEODDS","AyuL3JZjbWtDkVFhezu9","2026-09-26T20:05:00.000Z","New York Mets @ Washington Nationals","New York Mets","Washington Nationals","6","full","FULL_INNING_3WAY","home","","points-home-6i-ml3way-home","draftkings","","false","330","2026-09-26T13:25:36.276Z","","","","",""
"SPORTSGAMEODDS","AyuL3JZjbWtDkVFhezu9","2026-09-26T20:05:00.000Z","New York Mets @ Washington Nationals","New York Mets","Washington Nationals","7","full","FULL_INNING_3WAY","home","","points-home-7i-ml3way-home","fanduel","","false","410","2026-09-26T13:25:34.000Z","","","","","https://sportsbook.fanduel.com/addToBetslip?marketId=717.188528018&selectionId=1033687"
"SPORTSGAMEODDS","AyuL3JZjbWtDkVFhezu9","2026-09-26T20:05:00.000Z","New York Mets @ Washington Nationals","New York Mets","Washington Nationals","7","full","FULL_INNING_3WAY","home","","points-home-7i-ml3way-home","draftkings","","false","360","2026-09-26T13:25:36.276Z","","","","",""
"SPORTSGAMEODDS","AyuL3JZjbWtDkVFhezu9","2026-09-26T20:05:00.000Z","New York Mets @ Washington Nationals","New York Mets","Washington Nationals","8","full","FULL_INNING_3WAY","home","","points-home-8i-ml3way-home","fanduel","","false","410","2026-09-26T13:25:34.000Z","","","","","https://sportsbook.fanduel.com/addToBetslip?marketId=717.188528053&selectionId=1033687"
"SPORTSGAMEODDS","AyuL3JZjbWtDkVFhezu9","2026-09-26T20:05:00.000Z","New York Mets @ Washington Nationals","New York Mets","Washington Nationals","8","full","FULL_INNING_3WAY","home","","points-home-8i-ml3way-home","draftkings","","false","370","2026-09-26T13:25:36.276Z","","","","",""
"SPORTSGAMEODDS","AyuL3JZjbWtDkVFhezu9","2026-09-26T20:05:00.000Z","New York Mets @ Washington Nationals","New York Mets","Washington Nationals","9","full","FULL_INNING_3WAY","home","","points-home-9i-ml3way-home","fanduel","","false","650","2026-09-26T13:25:34.000Z","","","","","https://sportsbook.fanduel.com/addToBetslip?marketId=717.188528062&selectionId=1033687"
"SPORTSGAMEODDS","AyuL3JZjbWtDkVFhezu9","2026-09-26T20:05:00.000Z","New York Mets @ Washington Nationals","New York Mets","Washington Nationals","9","full","FULL_INNING_3WAY","home","","points-home-9i-ml3way-home","draftkings","","false","650","2026-09-26T13:25:36.276Z","","","","",""
"SPORTSGAMEODDS","AyuL3JZjbWtDkVFhezu9","2026-09-26T20:05:00.000Z","New York Mets @ Washington Nationals","New York Mets","Washington Nationals","5","full","FULL_INNING_3WAY","draw","","points-all-5i-ml3way-draw","fanduel","","false","-150","2026-09-26T13:25:34.000Z","","","","","https://sportsbook.fanduel.com/addToBetslip?marketId=717.188528118&selectionId=131604"
"SPORTSGAMEODDS","AyuL3JZjbWtDkVFhezu9","2026-09-26T20:05:00.000Z","New York Mets @ Washington Nationals","New York Mets","Washington Nationals","5","full","FULL_INNING_3WAY","draw","","points-all-5i-ml3way-draw","draftkings","","false","-135","2026-09-26T13:25:36.276Z","","","","",""
"SPORTSGAMEODDS","AyuL3JZjbWtDkVFhezu9","2026-09-26T20:05:00.000Z","New York Mets @ Washington Nationals","New York Mets","Washington Nationals","3","full","FULL_INNING_3WAY","away","","points-away-3i-ml3way-away","fanduel","","false","290","2026-09-26T13:25:34.000Z","","","","","https://sportsbook.fanduel.com/addToBetslip?marketId=717.188528006&selectionId=29174"
"SPORTSGAMEODDS","AyuL3JZjbWtDkVFhezu9","2026-09-26T20:05:00.000Z","New York Mets @ Washington Nationals","New York Mets","Washington Nationals","3","full","FULL_INNING_3WAY","away","","points-away-3i-ml3way-away","draftkings","","false","275","2026-09-26T13:25:36.276Z","","","","",""
"SPORTSGAMEODDS","AyuL3JZjbWtDkVFhezu9","2026-09-26T20:05:00.000Z","New York Mets @ Washington Nationals","New York Mets","Washington Nationals","5","full","FULL_INNING_3WAY","home","","points-home-5i-ml3way-home","fanduel","","false","340","2026-09-26T13:25:34.000Z","","","","","https://sportsbook.fanduel.com/addToBetslip?marketId=717.188528118&selectionId=1033687"
"SPORTSGAMEODDS","AyuL3JZjbWtDkVFhezu9","2026-09-26T20:05:00.000Z","New York Mets @ Washington Nationals","New York Mets","Washington Nationals","5","full","FULL_INNING_3WAY","home","","points-home-5i-ml3way-home","draftkings","","false","360","2026-09-26T13:25:36.276Z","","","","",""
"SPORTSGAMEODDS","YYXhg0DBACxxueq7w9t5","2026-09-26T20:10:00.000Z","Texas Rangers @ Minnesota Twins","Texas Rangers","Minnesota Twins","1","full","FULL_INNING_TOTAL","over","","points-all-1i-ou-over","novig","0.5","false","104","2026-09-26T13:25:01.238Z","0.5","0.5","108","-104","https://novig.com/events/01a0da3f-cc84-7eb2-9b6a-e54e884d4bbd/sportsgameodds"
"SPORTSGAMEODDS","YYXhg0DBACxxueq7w9t5","2026-09-26T20:10:00.000Z","Texas Rangers @ Minnesota Twins","Texas Rangers","Minnesota Twins","1","full","FULL_INNING_TOTAL","over","","points-all-1i-ou-over","draftkings","0.5","false","-110","2026-09-26T13:25:36.276Z","0.5","0.5","108","-104",""
"SPORTSGAMEODDS","YYXhg0DBACxxueq7w9t5","2026-09-26T20:10:00.000Z","Texas Rangers @ Minnesota Twins","Texas Rangers","Minnesota Twins","1","full","FULL_INNING_TOTAL","over","","points-all-1i-ou-over","draftkings","1.5","true","225","2026-09-26T13:25:36.276Z","0.5","0.5","","",""
"SPORTSGAMEODDS","YYXhg0DBACxxueq7w9t5","2026-09-26T20:10:00.000Z","Texas Rangers @ Minnesota Twins","Texas Rangers","Minnesota Twins","1","full","FULL_INNING_TOTAL","over","","points-all-1i-ou-over","unknown","0.5","false","-108","2026-09-26T13:25:30.131Z","0.5","0.5","108","-104",""
"SPORTSGAMEODDS","YYXhg0DBACxxueq7w9t5","2026-09-26T20:10:00.000Z","Texas Rangers @ Minnesota Twins","Texas Rangers","Minnesota Twins","1","full","FULL_INNING_TOTAL","over","","points-all-1i-ou-over","unknown","1.5","true","230","2026-09-26T13:25:30.131Z","0.5","0.5","","",""
"SPORTSGAMEODDS","YYXhg0DBACxxueq7w9t5","2026-09-26T20:10:00.000Z","Texas Rangers @ Minnesota Twins","Texas Rangers","Minnesota Twins","1","full","FULL_INNING_TOTAL","over","","points-all-1i-ou-over","fliff","0.5","false","-115","2026-09-26T13:23:52.193Z","0.5","0.5","108","-104",""
"SPORTSGAMEODDS","YYXhg0DBACxxueq7w9t5","2026-09-26T20:10:00.000Z","Texas Rangers @ Minnesota Twins","Texas Rangers","Minnesota Twins","1","full","FULL_INNING_TOTAL","over","","points-all-1i-ou-over","caesars","0.5","false","-104","2026-09-26T13:25:48.913Z","0.5","0.5","108","-104","https://sportsbook.caesars.com/us/nj/bet/betslip?selectionIds=4a5678b5-b22b-30d3-b365-792127134950"
"SPORTSGAMEODDS","YYXhg0DBACxxueq7w9t5","2026-09-26T20:10:00.000Z","Texas Rangers @ Minnesota Twins","Texas Rangers","Minnesota Twins","1","full","FULL_INNING_TOTAL","over","","points-all-1i-ou-over","hardrockbet","0.5","false","-110","2026-09-26T13:25:23.131Z","0.5","0.5","108","-104",""
"SPORTSGAMEODDS","YYXhg0DBACxxueq7w9t5","2026-09-26T20:10:00.000Z","Texas Rangers @ Minnesota Twins","Texas Rangers","Minnesota Twins","1","full","FULL_INNING_TOTAL","over","","points-all-1i-ou-over","hardrockbet","1.5","true","230","2026-09-26T13:25:23.131Z","0.5","0.5","","",""
"SPORTSGAMEODDS","YYXhg0DBACxxueq7w9t5","2026-09-26T20:10:00.000Z","Texas Rangers @ Minnesota Twins","Texas Rangers","Minnesota Twins","1","full","FULL_INNING_TOTAL","over","","points-all-1i-ou-over","fanduel","0.5","false","-102","2026-09-26T13:25:34.000Z","0.5","0.5","108","-104","https://sportsbook.fanduel.com/addToBetslip?marketId=717.188583277&selectionId=7017905"
"SPORTSGAMEODDS","YYXhg0DBACxxueq7w9t5","2026-09-26T20:10:00.000Z","Texas Rangers @ Minnesota Twins","Texas Rangers","Minnesota Twins","1","full","FULL_INNING_TOTAL","over","","points-all-1i-ou-over","fanduel","1.5","true","265","2026-09-26T13:25:34.000Z","0.5","0.5","","","https://sportsbook.fanduel.com/addToBetslip?marketId=717.188583277&selectionId=7017905"
"SPORTSGAMEODDS","YYXhg0DBACxxueq7w9t5","2026-09-26T20:10:00.000Z","Texas Rangers @ Minnesota Twins","Texas Rangers","Minnesota Twins","1","full","FULL_INNING_TOTAL","over","","points-all-1i-ou-over","betmgm","0.5","false","-102","2026-09-26T13:25:30.913Z","0.5","0.5","108","-104","https://sports.nj.betmgm.com/en/sports?options=19944855-1561567497-2305072911"
"SPORTSGAMEODDS","YYXhg0DBACxxueq7w9t5","2026-09-26T20:10:00.000Z","Texas Rangers @ Minnesota Twins","Texas Rangers","Minnesota Twins","1","full","FULL_INNING_TOTAL","over","","points-all-1i-ou-over","ballybet","1.5","false","220","2026-09-26T13:25:43.631Z","0.5","0.5","","",""
"SPORTSGAMEODDS","YYXhg0DBACxxueq7w9t5","2026-09-26T20:10:00.000Z","Texas Rangers @ Minnesota Twins","Texas Rangers","Minnesota Twins","1","full","FULL_INNING_TOTAL","over","","points-all-1i-ou-over","betparx","1.5","false","220","2026-09-26T13:25:45.131Z","0.5","0.5","","",""
"SPORTSGAMEODDS","YYXhg0DBACxxueq7w9t5","2026-09-26T20:10:00.000Z","Texas Rangers @ Minnesota Twins","Texas Rangers","Minnesota Twins","1","full","FULL_INNING_TOTAL","over","","points-all-1i-ou-over","betrivers","0.5","false","100","2026-09-26T13:25:30.913Z","0.5","0.5","108","-104","https://nj.betrivers.com/?page=sportsbook#event/1024788218?coupon=single|4351829216|0"
"SPORTSGAMEODDS","YYXhg0DBACxxueq7w9t5","2026-09-26T20:10:00.000Z","Texas Rangers @ Minnesota Twins","Texas Rangers","Minnesota Twins","1","full","FULL_INNING_TOTAL","over","","points-all-1i-ou-over","betonline","0.5","false","-106","2026-09-26T13:25:33.413Z","0.5","0.5","108","-104",""
"SPORTSGAMEODDS","YYXhg0DBACxxueq7w9t5","2026-09-26T20:10:00.000Z","Texas Rangers @ Minnesota Twins","Texas Rangers","Minnesota Twins","1","full","FULL_INNING_TOTAL","under","","points-all-1i-ou-under","novig","0.5","false","-116","2026-09-26T13:25:01.238Z","0.5","0.5","-108","-122","https://novig.com/events/01a0da3f-cc84-7eb2-9b6a-e55e1879ee51/sportsgameodds"
"SPORTSGAMEODDS","YYXhg0DBACxxueq7w9t5","2026-09-26T20:10:00.000Z","Texas Rangers @ Minnesota Twins","Texas Rangers","Minnesota Twins","1","full","FULL_INNING_TOTAL","under","","points-all-1i-ou-under","draftkings","0.5","false","-115","2026-09-26T13:25:36.276Z","0.5","0.5","-108","-122",""
"SPORTSGAMEODDS","YYXhg0DBACxxueq7w9t5","2026-09-26T20:10:00.000Z","Texas Rangers @ Minnesota Twins","Texas Rangers","Minnesota Twins","1","full","FULL_INNING_TOTAL","under","","points-all-1i-ou-under","draftkings","1.5","true","-300","2026-09-26T13:25:36.276Z","0.5","0.5","","",""
"SPORTSGAMEODDS","YYXhg0DBACxxueq7w9t5","2026-09-26T20:10:00.000Z","Texas Rangers @ Minnesota Twins","Texas Rangers","Minnesota Twins","1","full","FULL_INNING_TOTAL","under","","points-all-1i-ou-under","unknown","0.5","false","-113","2026-09-26T13:25:30.131Z","0.5","0.5","-108","-122",""
"SPORTSGAMEODDS","YYXhg0DBACxxueq7w9t5","2026-09-26T20:10:00.000Z","Texas Rangers @ Minnesota Twins","Texas Rangers","Minnesota Twins","1","full","FULL_INNING_TOTAL","under","","points-all-1i-ou-under","unknown","1.5","true","-292","2026-09-26T13:25:30.131Z","0.5","0.5","","",""
"SPORTSGAMEODDS","YYXhg0DBACxxueq7w9t5","2026-09-26T20:10:00.000Z","Texas Rangers @ Minnesota Twins","Texas Rangers","Minnesota Twins","1","full","FULL_INNING_TOTAL","under","","points-all-1i-ou-under","fliff","0.5","false","-140","2026-09-26T13:23:52.193Z","0.5","0.5","-108","-122",""
"SPORTSGAMEODDS","YYXhg0DBACxxueq7w9t5","2026-09-26T20:10:00.000Z","Texas Rangers @ Minnesota Twins","Texas Rangers","Minnesota Twins","1","full","FULL_INNING_TOTAL","under","","points-all-1i-ou-under","caesars","0.5","false","-120","2026-09-26T13:25:48.913Z","0.5","0.5","-108","-122","https://sportsbook.caesars.com/us/nj/bet/betslip?selectionIds=9fa1eb5d-ade9-3add-92d0-0a7217bc4fbd"
"SPORTSGAMEODDS","YYXhg0DBACxxueq7w9t5","2026-09-26T20:10:00.000Z","Texas Rangers @ Minnesota Twins","Texas Rangers","Minnesota Twins","1","full","FULL_INNING_TOTAL","under","","points-all-1i-ou-under","hardrockbet","0.5","false","-120","2026-09-26T13:25:23.131Z","0.5","0.5","-108","-122",""
"SPORTSGAMEODDS","YYXhg0DBACxxueq7w9t5","2026-09-26T20:10:00.000Z","Texas Rangers @ Minnesota Twins","Texas Rangers","Minnesota Twins","1","full","FULL_INNING_TOTAL","under","","points-all-1i-ou-under","hardrockbet","1.5","true","-325","2026-09-26T13:25:23.131Z","0.5","0.5","","",""
"SPORTSGAMEODDS","YYXhg0DBACxxueq7w9t5","2026-09-26T20:10:00.000Z","Texas Rangers @ Minnesota Twins","Texas Rangers","Minnesota Twins","1","full","FULL_INNING_TOTAL","under","","points-all-1i-ou-under","fanduel","0.5","false","-125","2026-09-26T13:25:34.000Z","0.5","0.5","-108","-122","https://sportsbook.fanduel.com/addToBetslip?marketId=717.188583277&selectionId=7017906"
"SPORTSGAMEODDS","YYXhg0DBACxxueq7w9t5","2026-09-26T20:10:00.000Z","Texas Rangers @ Minnesota Twins","Texas Rangers","Minnesota Twins","1","full","FULL_INNING_TOTAL","under","","points-all-1i-ou-under","fanduel","1.5","true","-350","2026-09-26T13:25:34.000Z","0.5","0.5","","","https://sportsbook.fanduel.com/addToBetslip?marketId=717.188583277&selectionId=7017906"
"SPORTSGAMEODDS","YYXhg0DBACxxueq7w9t5","2026-09-26T20:10:00.000Z","Texas Rangers @ Minnesota Twins","Texas Rangers","Minnesota Twins","1","full","FULL_INNING_TOTAL","under","","points-all-1i-ou-under","betmgm","0.5","false","-125","2026-09-26T13:25:30.913Z","0.5","0.5","-108","-122","https://sports.nj.betmgm.com/en/sports?options=19944855-1561567497-2305072912"
"SPORTSGAMEODDS","YYXhg0DBACxxueq7w9t5","2026-09-26T20:10:00.000Z","Texas Rangers @ Minnesota Twins","Texas Rangers","Minnesota Twins","1","full","FULL_INNING_TOTAL","under","","points-all-1i-ou-under","ballybet","1.5","false","-315","2026-09-26T13:25:43.631Z","0.5","0.5","","",""
"SPORTSGAMEODDS","YYXhg0DBACxxueq7w9t5","2026-09-26T20:10:00.000Z","Texas Rangers @ Minnesota Twins","Texas Rangers","Minnesota Twins","1","full","FULL_INNING_TOTAL","under","","points-all-1i-ou-under","betparx","1.5","false","-315","2026-09-26T13:25:45.131Z","0.5","0.5","","",""
"SPORTSGAMEODDS","YYXhg0DBACxxueq7w9t5","2026-09-26T20:10:00.000Z","Texas Rangers @ Minnesota Twins","Texas Rangers","Minnesota Twins","1","full","FULL_INNING_TOTAL","under","","points-all-1i-ou-under","betrivers","0.5","false","-134","2026-09-26T13:25:30.913Z","0.5","0.5","-108","-122","https://nj.betrivers.com/?page=sportsbook#event/1024788218?coupon=single|4351829217|0"
"SPORTSGAMEODDS","YYXhg0DBACxxueq7w9t5","2026-09-26T20:10:00.000Z","Texas Rangers @ Minnesota Twins","Texas Rangers","Minnesota Twins","1","full","FULL_INNING_TOTAL","under","","points-all-1i-ou-under","betonline","0.5","false","-125","2026-09-26T13:25:33.413Z","0.5","0.5","-108","-122",""
"SPORTSGAMEODDS","YYXhg0DBACxxueq7w9t5","2026-09-26T20:10:00.000Z","Texas Rangers @ Minnesota Twins","Texas Rangers","Minnesota Twins","1","full","FULL_INNING_3WAY","draw","","points-all-1i-ml3way-draw","draftkings","","false","-135","2026-09-26T13:25:36.276Z","","","","",""
"SPORTSGAMEODDS","YYXhg0DBACxxueq7w9t5","2026-09-26T20:10:00.000Z","Texas Rangers @ Minnesota Twins","Texas Rangers","Minnesota Twins","1","full","FULL_INNING_3WAY","draw","","points-all-1i-ml3way-draw","unknown","","false","-135","2026-09-26T13:25:30.131Z","","","","",""
"SPORTSGAMEODDS","YYXhg0DBACxxueq7w9t5","2026-09-26T20:10:00.000Z","Texas Rangers @ Minnesota Twins","Texas Rangers","Minnesota Twins","1","full","FULL_INNING_3WAY","draw","","points-all-1i-ml3way-draw","bovada","","false","-136","2026-09-26T13:25:05.413Z","","","","",""
"SPORTSGAMEODDS","YYXhg0DBACxxueq7w9t5","2026-09-26T20:10:00.000Z","Texas Rangers @ Minnesota Twins","Texas Rangers","Minnesota Twins","1","full","FULL_INNING_3WAY","draw","","points-all-1i-ml3way-draw","fanduel","","false","-145","2026-09-26T13:25:34.000Z","","","","","https://sportsbook.fanduel.com/addToBetslip?marketId=717.188583328&selectionId=131604"
"SPORTSGAMEODDS","YYXhg0DBACxxueq7w9t5","2026-09-26T20:10:00.000Z","Texas Rangers @ Minnesota Twins","Texas Rangers","Minnesota Twins","1","full","FULL_INNING_3WAY","draw","","points-all-1i-ml3way-draw","betmgm","","false","-140","2026-09-26T13:25:30.913Z","","","","","https://sports.nj.betmgm.com/en/sports?options=19944855-1561567496-2305072909"
"SPORTSGAMEODDS","YYXhg0DBACxxueq7w9t5","2026-09-26T20:10:00.000Z","Texas Rangers @ Minnesota Twins","Texas Rangers","Minnesota Twins","1","full","FULL_INNING_3WAY","draw","","points-all-1i-ml3way-draw","ballybet","","false","-148","2026-09-26T13:25:43.631Z","","","","",""
"SPORTSGAMEODDS","YYXhg0DBACxxueq7w9t5","2026-09-26T20:10:00.000Z","Texas Rangers @ Minnesota Twins","Texas Rangers","Minnesota Twins","1","full","FULL_INNING_3WAY","draw","","points-all-1i-ml3way-draw","betparx","","false","-148","2026-09-26T13:25:45.131Z","","","","",""
"SPORTSGAMEODDS","YYXhg0DBACxxueq7w9t5","2026-09-26T20:10:00.000Z","Texas Rangers @ Minnesota Twins","Texas Rangers","Minnesota Twins","1","full","FULL_INNING_3WAY","draw","","points-all-1i-ml3way-draw","betrivers","","false","-148","2026-09-26T13:25:30.913Z","","","","","https://nj.betrivers.com/?page=sportsbook#event/1024788218?coupon=single|4351829186|0"
"SPORTSGAMEODDS","YYXhg0DBACxxueq7w9t5","2026-09-26T20:10:00.000Z","Texas Rangers @ Minnesota Twins","Texas Rangers","Minnesota Twins","1","full","FULL_INNING_3WAY","away","","points-away-1i-ml3way-away","draftkings","","false","270","2026-09-26T13:25:36.276Z","","","","",""
"SPORTSGAMEODDS","YYXhg0DBACxxueq7w9t5","2026-09-26T20:10:00.000Z","Texas Rangers @ Minnesota Twins","Texas Rangers","Minnesota Twins","1","full","FULL_INNING_3WAY","away","","points-away-1i-ml3way-away","unknown","","false","270","2026-09-26T13:25:30.131Z","","","","",""
"SPORTSGAMEODDS","YYXhg0DBACxxueq7w9t5","2026-09-26T20:10:00.000Z","Texas Rangers @ Minnesota Twins","Texas Rangers","Minnesota Twins","1","full","FULL_INNING_3WAY","away","","points-away-1i-ml3way-away","bovada","","false","285","2026-09-26T13:25:05.413Z","","","","",""
"SPORTSGAMEODDS","YYXhg0DBACxxueq7w9t5","2026-09-26T20:10:00.000Z","Texas Rangers @ Minnesota Twins","Texas Rangers","Minnesota Twins","1","full","FULL_INNING_3WAY","away","","points-away-1i-ml3way-away","fanduel","","false","310","2026-09-26T13:25:34.000Z","","","","","https://sportsbook.fanduel.com/addToBetslip?marketId=717.188583328&selectionId=29163"
"SPORTSGAMEODDS","YYXhg0DBACxxueq7w9t5","2026-09-26T20:10:00.000Z","Texas Rangers @ Minnesota Twins","Texas Rangers","Minnesota Twins","1","full","FULL_INNING_3WAY","away","","points-away-1i-ml3way-away","betmgm","","false","270","2026-09-26T13:25:30.913Z","","","","","https://sports.nj.betmgm.com/en/sports?options=19944855-1561567496-2305072908"
"SPORTSGAMEODDS","YYXhg0DBACxxueq7w9t5","2026-09-26T20:10:00.000Z","Texas Rangers @ Minnesota Twins","Texas Rangers","Minnesota Twins","1","full","FULL_INNING_3WAY","away","","points-away-1i-ml3way-away","ballybet","","false","255","2026-09-26T13:25:43.631Z","","","","",""
"SPORTSGAMEODDS","YYXhg0DBACxxueq7w9t5","2026-09-26T20:10:00.000Z","Texas Rangers @ Minnesota Twins","Texas Rangers","Minnesota Twins","1","full","FULL_INNING_3WAY","away","","points-away-1i-ml3way-away","betparx","","false","255","2026-09-26T13:25:45.131Z","","","","",""
"SPORTSGAMEODDS","YYXhg0DBACxxueq7w9t5","2026-09-26T20:10:00.000Z","Texas Rangers @ Minnesota Twins","Texas Rangers","Minnesota Twins","1","full","FULL_INNING_3WAY","away","","points-away-1i-ml3way-away","betrivers","","false","255","2026-09-26T13:25:30.913Z","","","","","https://nj.betrivers.com/?page=sportsbook#event/1024788218?coupon=single|4351829187|0"
"SPORTSGAMEODDS","YYXhg0DBACxxueq7w9t5","2026-09-26T20:10:00.000Z","Texas Rangers @ Minnesota Twins","Texas Rangers","Minnesota Twins","1","full","FULL_INNING_3WAY","home","","points-home-1i-ml3way-home","draftkings","","false","310","2026-09-26T13:25:36.276Z","","","","",""
"SPORTSGAMEODDS","YYXhg0DBACxxueq7w9t5","2026-09-26T20:10:00.000Z","Texas Rangers @ Minnesota Twins","Texas Rangers","Minnesota Twins","1","full","FULL_INNING_3WAY","home","","points-home-1i-ml3way-home","unknown","","false","310","2026-09-26T13:25:30.131Z","","","","",""
"SPORTSGAMEODDS","YYXhg0DBACxxueq7w9t5","2026-09-26T20:10:00.000Z","Texas Rangers @ Minnesota Twins","Texas Rangers","Minnesota Twins","1","full","FULL_INNING_3WAY","home","","points-home-1i-ml3way-home","bovada","","false","295","2026-09-26T13:25:05.413Z","","","","",""
"SPORTSGAMEODDS","YYXhg0DBACxxueq7w9t5","2026-09-26T20:10:00.000Z","Texas Rangers @ Minnesota Twins","Texas Rangers","Minnesota Twins","1","full","FULL_INNING_3WAY","home","","points-home-1i-ml3way-home","fanduel","","false","320","2026-09-26T13:25:34.000Z","","","","","https://sportsbook.fanduel.com/addToBetslip?marketId=717.188583328&selectionId=29160"
"SPORTSGAMEODDS","YYXhg0DBACxxueq7w9t5","2026-09-26T20:10:00.000Z","Texas Rangers @ Minnesota Twins","Texas Rangers","Minnesota Twins","1","full","FULL_INNING_3WAY","home","","points-home-1i-ml3way-home","betmgm","","false","340","2026-09-26T13:25:30.913Z","","","","","https://sports.nj.betmgm.com/en/sports?options=19944855-1561567496-2305072910"
"SPORTSGAMEODDS","YYXhg0DBACxxueq7w9t5","2026-09-26T20:10:00.000Z","Texas Rangers @ Minnesota Twins","Texas Rangers","Minnesota Twins","1","full","FULL_INNING_3WAY","home","","points-home-1i-ml3way-home","ballybet","","false","340","2026-09-26T13:25:43.631Z","","","","",""
"SPORTSGAMEODDS","YYXhg0DBACxxueq7w9t5","2026-09-26T20:10:00.000Z","Texas Rangers @ Minnesota Twins","Texas Rangers","Minnesota Twins","1","full","FULL_INNING_3WAY","home","","points-home-1i-ml3way-home","betparx","","false","340","2026-09-26T13:25:45.131Z","","","","",""
"SPORTSGAMEODDS","YYXhg0DBACxxueq7w9t5","2026-09-26T20:10:00.000Z","Texas Rangers @ Minnesota Twins","Texas Rangers","Minnesota Twins","1","full","FULL_INNING_3WAY","home","","points-home-1i-ml3way-home","betrivers","","false","340","2026-09-26T13:25:30.913Z","","","","","https://nj.betrivers.com/?page=sportsbook#event/1024788218?coupon=single|4351829185|0"
"SPORTSGAMEODDS","YYXhg0DBACxxueq7w9t5","2026-09-26T20:10:00.000Z","Texas Rangers @ Minnesota Twins","Texas Rangers","Minnesota Twins","2","full","FULL_INNING_3WAY","draw","","points-all-2i-ml3way-draw","fanduel","","false","-165","2026-09-26T13:25:34.000Z","","","","","https://sportsbook.fanduel.com/addToBetslip?marketId=717.188583336&selectionId=131604"
"SPORTSGAMEODDS","YYXhg0DBACxxueq7w9t5","2026-09-26T20:10:00.000Z","Texas Rangers @ Minnesota Twins","Texas Rangers","Minnesota Twins","2","full","FULL_INNING_3WAY","draw","","points-all-2i-ml3way-draw","draftkings","","false","-160","2026-09-26T13:25:36.276Z","","","","",""
"SPORTSGAMEODDS","YYXhg0DBACxxueq7w9t5","2026-09-26T20:10:00.000Z","Texas Rangers @ Minnesota Twins","Texas Rangers","Minnesota Twins","2","full","FULL_INNING_TOTAL","over","","points-all-2i-ou-over","fanduel","0.5","false","114","2026-09-26T13:25:34.000Z","0.5","0.5","121","105","https://sportsbook.fanduel.com/addToBetslip?marketId=717.188583360&selectionId=7017905"
"SPORTSGAMEODDS","YYXhg0DBACxxueq7w9t5","2026-09-26T20:10:00.000Z","Texas Rangers @ Minnesota Twins","Texas Rangers","Minnesota Twins","2","full","FULL_INNING_TOTAL","over","","points-all-2i-ou-over","fanduel","1.5","true","300","2026-09-26T13:25:34.000Z","0.5","0.5","","","https://sportsbook.fanduel.com/addToBetslip?marketId=717.188583360&selectionId=7017905"
"SPORTSGAMEODDS","YYXhg0DBACxxueq7w9t5","2026-09-26T20:10:00.000Z","Texas Rangers @ Minnesota Twins","Texas Rangers","Minnesota Twins","2","full","FULL_INNING_TOTAL","over","","points-all-2i-ou-over","draftkings","0.5","false","105","2026-09-26T13:25:36.276Z","0.5","0.5","121","105",""
"SPORTSGAMEODDS","YYXhg0DBACxxueq7w9t5","2026-09-26T20:10:00.000Z","Texas Rangers @ Minnesota Twins","Texas Rangers","Minnesota Twins","2","full","FULL_INNING_TOTAL","over","","points-all-2i-ou-over","draftkings","1.5","true","280","2026-09-26T13:25:36.276Z","0.5","0.5","","",""
"SPORTSGAMEODDS","YYXhg0DBACxxueq7w9t5","2026-09-26T20:10:00.000Z","Texas Rangers @ Minnesota Twins","Texas Rangers","Minnesota Twins","2","full","FULL_INNING_TOTAL","over","","points-all-2i-ou-over","fliff","0.5","false","100","2026-09-26T13:23:52.193Z","0.5","0.5","121","105",""
"SPORTSGAMEODDS","YYXhg0DBACxxueq7w9t5","2026-09-26T20:10:00.000Z","Texas Rangers @ Minnesota Twins","Texas Rangers","Minnesota Twins","2","full","FULL_INNING_TOTAL","under","","points-all-2i-ou-under","fanduel","0.5","false","-140","2026-09-26T13:25:34.000Z","0.5","0.5","-121","-145","https://sportsbook.fanduel.com/addToBetslip?marketId=717.188583360&selectionId=7017906"
"SPORTSGAMEODDS","YYXhg0DBACxxueq7w9t5","2026-09-26T20:10:00.000Z","Texas Rangers @ Minnesota Twins","Texas Rangers","Minnesota Twins","2","full","FULL_INNING_TOTAL","under","","points-all-2i-ou-under","fanduel","1.5","true","-400","2026-09-26T13:25:34.000Z","0.5","0.5","","","https://sportsbook.fanduel.com/addToBetslip?marketId=717.188583360&selectionId=7017906"
"SPORTSGAMEODDS","YYXhg0DBACxxueq7w9t5","2026-09-26T20:10:00.000Z","Texas Rangers @ Minnesota Twins","Texas Rangers","Minnesota Twins","2","full","FULL_INNING_TOTAL","under","","points-all-2i-ou-under","draftkings","0.5","false","-145","2026-09-26T13:25:36.276Z","0.5","0.5","-121","-145",""
"SPORTSGAMEODDS","YYXhg0DBACxxueq7w9t5","2026-09-26T20:10:00.000Z","Texas Rangers @ Minnesota Twins","Texas Rangers","Minnesota Twins","2","full","FULL_INNING_TOTAL","under","","points-all-2i-ou-under","draftkings","1.5","true","-400","2026-09-26T13:25:36.276Z","0.5","0.5","","",""
"SPORTSGAMEODDS","YYXhg0DBACxxueq7w9t5","2026-09-26T20:10:00.000Z","Texas Rangers @ Minnesota Twins","Texas Rangers","Minnesota Twins","2","full","FULL_INNING_TOTAL","under","","points-all-2i-ou-under","fliff","0.5","false","-160","2026-09-26T13:23:52.193Z","0.5","0.5","-121","-145",""
"SPORTSGAMEODDS","YYXhg0DBACxxueq7w9t5","2026-09-26T20:10:00.000Z","Texas Rangers @ Minnesota Twins","Texas Rangers","Minnesota Twins","3","full","FULL_INNING_3WAY","draw","","points-all-3i-ml3way-draw","fanduel","","false","-140","2026-09-26T13:25:34.000Z","","","","","https://sportsbook.fanduel.com/addToBetslip?marketId=717.188583297&selectionId=131604"
"SPORTSGAMEODDS","YYXhg0DBACxxueq7w9t5","2026-09-26T20:10:00.000Z","Texas Rangers @ Minnesota Twins","Texas Rangers","Minnesota Twins","3","full","FULL_INNING_3WAY","draw","","points-all-3i-ml3way-draw","draftkings","","false","-150","2026-09-26T13:25:36.276Z","","","","",""
"SPORTSGAMEODDS","YYXhg0DBACxxueq7w9t5","2026-09-26T20:10:00.000Z","Texas Rangers @ Minnesota Twins","Texas Rangers","Minnesota Twins","3","full","FULL_INNING_TOTAL","over","","points-all-3i-ou-over","fanduel","0.5","false","-102","2026-09-26T13:25:34.000Z","0.5","0.5","110","-105","https://sportsbook.fanduel.com/addToBetslip?marketId=717.188583337&selectionId=7017905"
"SPORTSGAMEODDS","YYXhg0DBACxxueq7w9t5","2026-09-26T20:10:00.000Z","Texas Rangers @ Minnesota Twins","Texas Rangers","Minnesota Twins","3","full","FULL_INNING_TOTAL","over","","points-all-3i-ou-over","fanduel","1.5","true","245","2026-09-26T13:25:34.000Z","0.5","0.5","","","https://sportsbook.fanduel.com/addToBetslip?marketId=717.188583337&selectionId=7017905"
"SPORTSGAMEODDS","YYXhg0DBACxxueq7w9t5","2026-09-26T20:10:00.000Z","Texas Rangers @ Minnesota Twins","Texas Rangers","Minnesota Twins","3","full","FULL_INNING_TOTAL","over","","points-all-3i-ou-over","draftkings","0.5","false","-105","2026-09-26T13:25:36.276Z","0.5","0.5","110","-105",""
"SPORTSGAMEODDS","YYXhg0DBACxxueq7w9t5","2026-09-26T20:10:00.000Z","Texas Rangers @ Minnesota Twins","Texas Rangers","Minnesota Twins","3","full","FULL_INNING_TOTAL","over","","points-all-3i-ou-over","draftkings","1.5","true","240","2026-09-26T13:25:36.276Z","0.5","0.5","","",""
"SPORTSGAMEODDS","YYXhg0DBACxxueq7w9t5","2026-09-26T20:10:00.000Z","Texas Rangers @ Minnesota Twins","Texas Rangers","Minnesota Twins","3","full","FULL_INNING_TOTAL","over","","points-all-3i-ou-over","fliff","0.5","false","-115","2026-09-26T13:23:52.193Z","0.5","0.5","110","-105",""
"SPORTSGAMEODDS","YYXhg0DBACxxueq7w9t5","2026-09-26T20:10:00.000Z","Texas Rangers @ Minnesota Twins","Texas Rangers","Minnesota Twins","3","full","FULL_INNING_TOTAL","under","","points-all-3i-ou-under","fanduel","0.5","false","-120","2026-09-26T13:25:34.000Z","0.5","0.5","-110","-130","https://sportsbook.fanduel.com/addToBetslip?marketId=717.188583337&selectionId=7017906"
"SPORTSGAMEODDS","YYXhg0DBACxxueq7w9t5","2026-09-26T20:10:00.000Z","Texas Rangers @ Minnesota Twins","Texas Rangers","Minnesota Twins","3","full","FULL_INNING_TOTAL","under","","points-all-3i-ou-under","fanduel","1.5","true","-320","2026-09-26T13:25:34.000Z","0.5","0.5","","","https://sportsbook.fanduel.com/addToBetslip?marketId=717.188583337&selectionId=7017906"
"SPORTSGAMEODDS","YYXhg0DBACxxueq7w9t5","2026-09-26T20:10:00.000Z","Texas Rangers @ Minnesota Twins","Texas Rangers","Minnesota Twins","3","full","FULL_INNING_TOTAL","under","","points-all-3i-ou-under","draftkings","0.5","false","-130","2026-09-26T13:25:36.276Z","0.5","0.5","-110","-130",""
"SPORTSGAMEODDS","YYXhg0DBACxxueq7w9t5","2026-09-26T20:10:00.000Z","Texas Rangers @ Minnesota Twins","Texas Rangers","Minnesota Twins","3","full","FULL_INNING_TOTAL","under","","points-all-3i-ou-under","draftkings","1.5","true","-340","2026-09-26T13:25:36.276Z","0.5","0.5","","",""
"SPORTSGAMEODDS","YYXhg0DBACxxueq7w9t5","2026-09-26T20:10:00.000Z","Texas Rangers @ Minnesota Twins","Texas Rangers","Minnesota Twins","3","full","FULL_INNING_TOTAL","under","","points-all-3i-ou-under","fliff","0.5","false","-140","2026-09-26T13:23:52.193Z","0.5","0.5","-110","-130",""
"SPORTSGAMEODDS","YYXhg0DBACxxueq7w9t5","2026-09-26T20:10:00.000Z","Texas Rangers @ Minnesota Twins","Texas Rangers","Minnesota Twins","4","full","FULL_INNING_3WAY","draw","","points-all-4i-ml3way-draw","fanduel","","false","-155","2026-09-26T13:25:34.000Z","","","","","https://sportsbook.fanduel.com/addToBetslip?marketId=717.188583345&selectionId=131604"
"SPORTSGAMEODDS","YYXhg0DBACxxueq7w9t5","2026-09-26T20:10:00.000Z","Texas Rangers @ Minnesota Twins","Texas Rangers","Minnesota Twins","4","full","FULL_INNING_3WAY","draw","","points-all-4i-ml3way-draw","draftkings","","false","-155","2026-09-26T13:25:36.276Z","","","","",""
"SPORTSGAMEODDS","YYXhg0DBACxxueq7w9t5","2026-09-26T20:10:00.000Z","Texas Rangers @ Minnesota Twins","Texas Rangers","Minnesota Twins","4","full","FULL_INNING_TOTAL","over","","points-all-4i-ou-over","fanduel","0.5","false","102","2026-09-26T13:25:34.000Z","0.5","0.5","115","100","https://sportsbook.fanduel.com/addToBetslip?marketId=717.188583229&selectionId=7017905"
"SPORTSGAMEODDS","YYXhg0DBACxxueq7w9t5","2026-09-26T20:10:00.000Z","Texas Rangers @ Minnesota Twins","Texas Rangers","Minnesota Twins","4","full","FULL_INNING_TOTAL","over","","points-all-4i-ou-over","fanduel","1.5","true","270","2026-09-26T13:25:34.000Z","0.5","0.5","","","https://sportsbook.fanduel.com/addToBetslip?marketId=717.188583229&selectionId=7017905"
"SPORTSGAMEODDS","YYXhg0DBACxxueq7w9t5","2026-09-26T20:10:00.000Z","Texas Rangers @ Minnesota Twins","Texas Rangers","Minnesota Twins","4","full","FULL_INNING_TOTAL","over","","points-all-4i-ou-over","draftkings","0.5","false","100","2026-09-26T13:25:36.276Z","0.5","0.5","115","100",""
"SPORTSGAMEODDS","YYXhg0DBACxxueq7w9t5","2026-09-26T20:10:00.000Z","Texas Rangers @ Minnesota Twins","Texas Rangers","Minnesota Twins","4","full","FULL_INNING_TOTAL","over","","points-all-4i-ou-over","draftkings","1.5","true","260","2026-09-26T13:25:36.276Z","0.5","0.5","","",""
"SPORTSGAMEODDS","YYXhg0DBACxxueq7w9t5","2026-09-26T20:10:00.000Z","Texas Rangers @ Minnesota Twins","Texas Rangers","Minnesota Twins","4","full","FULL_INNING_TOTAL","over","","points-all-4i-ou-over","fliff","0.5","false","-115","2026-09-26T13:23:52.193Z","0.5","0.5","115","100",""
"SPORTSGAMEODDS","YYXhg0DBACxxueq7w9t5","2026-09-26T20:10:00.000Z","Texas Rangers @ Minnesota Twins","Texas Rangers","Minnesota Twins","4","full","FULL_INNING_TOTAL","under","","points-all-4i-ou-under","fanduel","0.5","false","-124","2026-09-26T13:25:34.000Z","0.5","0.5","-115","-135","https://sportsbook.fanduel.com/addToBetslip?marketId=717.188583229&selectionId=7017906"
"SPORTSGAMEODDS","YYXhg0DBACxxueq7w9t5","2026-09-26T20:10:00.000Z","Texas Rangers @ Minnesota Twins","Texas Rangers","Minnesota Twins","4","full","FULL_INNING_TOTAL","under","","points-all-4i-ou-under","fanduel","1.5","true","-355","2026-09-26T13:25:34.000Z","0.5","0.5","","","https://sportsbook.fanduel.com/addToBetslip?marketId=717.188583229&selectionId=7017906"
"SPORTSGAMEODDS","YYXhg0DBACxxueq7w9t5","2026-09-26T20:10:00.000Z","Texas Rangers @ Minnesota Twins","Texas Rangers","Minnesota Twins","4","full","FULL_INNING_TOTAL","under","","points-all-4i-ou-under","draftkings","0.5","false","-135","2026-09-26T13:25:36.276Z","0.5","0.5","-115","-135",""
"SPORTSGAMEODDS","YYXhg0DBACxxueq7w9t5","2026-09-26T20:10:00.000Z","Texas Rangers @ Minnesota Twins","Texas Rangers","Minnesota Twins","4","full","FULL_INNING_TOTAL","under","","points-all-4i-ou-under","draftkings","1.5","true","-370","2026-09-26T13:25:36.276Z","0.5","0.5","","",""
"SPORTSGAMEODDS","YYXhg0DBACxxueq7w9t5","2026-09-26T20:10:00.000Z","Texas Rangers @ Minnesota Twins","Texas Rangers","Minnesota Twins","4","full","FULL_INNING_TOTAL","under","","points-all-4i-ou-under","fliff","0.5","false","-145","2026-09-26T13:23:52.193Z","0.5","0.5","-115","-135",""
"SPORTSGAMEODDS","YYXhg0DBACxxueq7w9t5","2026-09-26T20:10:00.000Z","Texas Rangers @ Minnesota Twins","Texas Rangers","Minnesota Twins","5","full","FULL_INNING_3WAY","draw","","points-all-5i-ml3way-draw","fanduel","","false","-145","2026-09-26T13:25:34.000Z","","","","","https://sportsbook.fanduel.com/addToBetslip?marketId=717.188583273&selectionId=131604"
"SPORTSGAMEODDS","YYXhg0DBACxxueq7w9t5","2026-09-26T20:10:00.000Z","Texas Rangers @ Minnesota Twins","Texas Rangers","Minnesota Twins","5","full","FULL_INNING_3WAY","draw","","points-all-5i-ml3way-draw","draftkings","","false","-160","2026-09-26T13:25:36.276Z","","","","",""
"SPORTSGAMEODDS","YYXhg0DBACxxueq7w9t5","2026-09-26T20:10:00.000Z","Texas Rangers @ Minnesota Twins","Texas Rangers","Minnesota Twins","5","full","FULL_INNING_TOTAL","over","","points-all-5i-ou-over","fanduel","0.5","false","100","2026-09-26T13:25:34.000Z","0.5","0.5","117","100","https://sportsbook.fanduel.com/addToBetslip?marketId=717.188583314&selectionId=7017905"
"SPORTSGAMEODDS","YYXhg0DBACxxueq7w9t5","2026-09-26T20:10:00.000Z","Texas Rangers @ Minnesota Twins","Texas Rangers","Minnesota Twins","5","full","FULL_INNING_TOTAL","over","","points-all-5i-ou-over","fanduel","1.5","true","265","2026-09-26T13:25:34.000Z","0.5","0.5","","","https://sportsbook.fanduel.com/addToBetslip?marketId=717.188583314&selectionId=7017905"
"SPORTSGAMEODDS","YYXhg0DBACxxueq7w9t5","2026-09-26T20:10:00.000Z","Texas Rangers @ Minnesota Twins","Texas Rangers","Minnesota Twins","5","full","FULL_INNING_TOTAL","over","","points-all-5i-ou-over","draftkings","0.5","false","105","2026-09-26T13:25:36.276Z","0.5","0.5","117","100",""
"SPORTSGAMEODDS","YYXhg0DBACxxueq7w9t5","2026-09-26T20:10:00.000Z","Texas Rangers @ Minnesota Twins","Texas Rangers","Minnesota Twins","5","full","FULL_INNING_TOTAL","over","","points-all-5i-ou-over","draftkings","1.5","true","265","2026-09-26T13:25:36.276Z","0.5","0.5","","",""
"SPORTSGAMEODDS","YYXhg0DBACxxueq7w9t5","2026-09-26T20:10:00.000Z","Texas Rangers @ Minnesota Twins","Texas Rangers","Minnesota Twins","5","full","FULL_INNING_TOTAL","over","","points-all-5i-ou-over","fliff","0.5","false","-110","2026-09-26T13:23:52.193Z","0.5","0.5","117","100",""
"SPORTSGAMEODDS","YYXhg0DBACxxueq7w9t5","2026-09-26T20:10:00.000Z","Texas Rangers @ Minnesota Twins","Texas Rangers","Minnesota Twins","5","full","FULL_INNING_TOTAL","under","","points-all-5i-ou-under","fanduel","0.5","false","-122","2026-09-26T13:25:34.000Z","0.5","0.5","-117","-140","https://sportsbook.fanduel.com/addToBetslip?marketId=717.188583314&selectionId=7017906"
"SPORTSGAMEODDS","YYXhg0DBACxxueq7w9t5","2026-09-26T20:10:00.000Z","Texas Rangers @ Minnesota Twins","Texas Rangers","Minnesota Twins","5","full","FULL_INNING_TOTAL","under","","points-all-5i-ou-under","fanduel","1.5","true","-350","2026-09-26T13:25:34.000Z","0.5","0.5","","","https://sportsbook.fanduel.com/addToBetslip?marketId=717.188583314&selectionId=7017906"
"SPORTSGAMEODDS","YYXhg0DBACxxueq7w9t5","2026-09-26T20:10:00.000Z","Texas Rangers @ Minnesota Twins","Texas Rangers","Minnesota Twins","5","full","FULL_INNING_TOTAL","under","","points-all-5i-ou-under","draftkings","0.5","false","-140","2026-09-26T13:25:36.276Z","0.5","0.5","-117","-140",""
"SPORTSGAMEODDS","YYXhg0DBACxxueq7w9t5","2026-09-26T20:10:00.000Z","Texas Rangers @ Minnesota Twins","Texas Rangers","Minnesota Twins","5","full","FULL_INNING_TOTAL","under","","points-all-5i-ou-under","draftkings","1.5","true","-370","2026-09-26T13:25:36.276Z","0.5","0.5","","",""
"SPORTSGAMEODDS","YYXhg0DBACxxueq7w9t5","2026-09-26T20:10:00.000Z","Texas Rangers @ Minnesota Twins","Texas Rangers","Minnesota Twins","5","full","FULL_INNING_TOTAL","under","","points-all-5i-ou-under","fliff","0.5","false","-145","2026-09-26T13:23:52.193Z","0.5","0.5","-117","-140",""
"SPORTSGAMEODDS","YYXhg0DBACxxueq7w9t5","2026-09-26T20:10:00.000Z","Texas Rangers @ Minnesota Twins","Texas Rangers","Minnesota Twins","6","full","FULL_INNING_3WAY","draw","","points-all-6i-ml3way-draw","fanduel","","false","-150","2026-09-26T13:25:34.000Z","","","","","https://sportsbook.fanduel.com/addToBetslip?marketId=717.188583374&selectionId=131604"
"SPORTSGAMEODDS","YYXhg0DBACxxueq7w9t5","2026-09-26T20:10:00.000Z","Texas Rangers @ Minnesota Twins","Texas Rangers","Minnesota Twins","6","full","FULL_INNING_3WAY","draw","","points-all-6i-ml3way-draw","draftkings","","false","-170","2026-09-26T13:25:36.276Z","","","","",""
"SPORTSGAMEODDS","YYXhg0DBACxxueq7w9t5","2026-09-26T20:10:00.000Z","Texas Rangers @ Minnesota Twins","Texas Rangers","Minnesota Twins","6","full","FULL_INNING_TOTAL","over","","points-all-6i-ou-over","fanduel","0.5","false","108","2026-09-26T13:25:34.000Z","0.5","0.5","125","108","https://sportsbook.fanduel.com/addToBetslip?marketId=717.188583327&selectionId=7017905"
"SPORTSGAMEODDS","YYXhg0DBACxxueq7w9t5","2026-09-26T20:10:00.000Z","Texas Rangers @ Minnesota Twins","Texas Rangers","Minnesota Twins","6","full","FULL_INNING_TOTAL","over","","points-all-6i-ou-over","fanduel","1.5","true","285","2026-09-26T13:25:34.000Z","0.5","0.5","","","https://sportsbook.fanduel.com/addToBetslip?marketId=717.188583327&selectionId=7017905"
"SPORTSGAMEODDS","YYXhg0DBACxxueq7w9t5","2026-09-26T20:10:00.000Z","Texas Rangers @ Minnesota Twins","Texas Rangers","Minnesota Twins","6","full","FULL_INNING_TOTAL","over","","points-all-6i-ou-over","draftkings","0.5","false","110","2026-09-26T13:25:36.276Z","0.5","0.5","125","108",""
"SPORTSGAMEODDS","YYXhg0DBACxxueq7w9t5","2026-09-26T20:10:00.000Z","Texas Rangers @ Minnesota Twins","Texas Rangers","Minnesota Twins","6","full","FULL_INNING_TOTAL","over","","points-all-6i-ou-over","draftkings","1.5","true","285","2026-09-26T13:25:36.276Z","0.5","0.5","","",""
"SPORTSGAMEODDS","YYXhg0DBACxxueq7w9t5","2026-09-26T20:10:00.000Z","Texas Rangers @ Minnesota Twins","Texas Rangers","Minnesota Twins","6","full","FULL_INNING_TOTAL","over","","points-all-6i-ou-over","fliff","0.5","false","-105","2026-09-26T13:23:52.193Z","0.5","0.5","125","108",""
"SPORTSGAMEODDS","YYXhg0DBACxxueq7w9t5","2026-09-26T20:10:00.000Z","Texas Rangers @ Minnesota Twins","Texas Rangers","Minnesota Twins","6","full","FULL_INNING_TOTAL","under","","points-all-6i-ou-under","fanduel","0.5","false","-132","2026-09-26T13:25:34.000Z","0.5","0.5","-125","-150","https://sportsbook.fanduel.com/addToBetslip?marketId=717.188583327&selectionId=7017906"
"SPORTSGAMEODDS","YYXhg0DBACxxueq7w9t5","2026-09-26T20:10:00.000Z","Texas Rangers @ Minnesota Twins","Texas Rangers","Minnesota Twins","6","full","FULL_INNING_TOTAL","under","","points-all-6i-ou-under","fanduel","1.5","true","-375","2026-09-26T13:25:34.000Z","0.5","0.5","","","https://sportsbook.fanduel.com/addToBetslip?marketId=717.188583327&selectionId=7017906"
"SPORTSGAMEODDS","YYXhg0DBACxxueq7w9t5","2026-09-26T20:10:00.000Z","Texas Rangers @ Minnesota Twins","Texas Rangers","Minnesota Twins","6","full","FULL_INNING_TOTAL","under","","points-all-6i-ou-under","draftkings","0.5","false","-150","2026-09-26T13:25:36.276Z","0.5","0.5","-125","-150",""
"SPORTSGAMEODDS","YYXhg0DBACxxueq7w9t5","2026-09-26T20:10:00.000Z","Texas Rangers @ Minnesota Twins","Texas Rangers","Minnesota Twins","6","full","FULL_INNING_TOTAL","under","","points-all-6i-ou-under","draftkings","1.5","true","-400","2026-09-26T13:25:36.276Z","0.5","0.5","","",""
"SPORTSGAMEODDS","YYXhg0DBACxxueq7w9t5","2026-09-26T20:10:00.000Z","Texas Rangers @ Minnesota Twins","Texas Rangers","Minnesota Twins","6","full","FULL_INNING_TOTAL","under","","points-all-6i-ou-under","fliff","0.5","false","-150","2026-09-26T13:23:52.193Z","0.5","0.5","-125","-150",""
"SPORTSGAMEODDS","YYXhg0DBACxxueq7w9t5","2026-09-26T20:10:00.000Z","Texas Rangers @ Minnesota Twins","Texas Rangers","Minnesota Twins","7","full","FULL_INNING_3WAY","draw","","points-all-7i-ml3way-draw","fanduel","","false","-170","2026-09-26T13:25:34.000Z","","","","","https://sportsbook.fanduel.com/addToBetslip?marketId=717.188583244&selectionId=131604"
"SPORTSGAMEODDS","YYXhg0DBACxxueq7w9t5","2026-09-26T20:10:00.000Z","Texas Rangers @ Minnesota Twins","Texas Rangers","Minnesota Twins","7","full","FULL_INNING_3WAY","draw","","points-all-7i-ml3way-draw","draftkings","","false","-175","2026-09-26T13:25:36.276Z","","","","",""
"SPORTSGAMEODDS","YYXhg0DBACxxueq7w9t5","2026-09-26T20:10:00.000Z","Texas Rangers @ Minnesota Twins","Texas Rangers","Minnesota Twins","7","full","FULL_INNING_TOTAL","over","","points-all-7i-ou-over","fanduel","0.5","false","124","2026-09-26T13:25:34.000Z","0.5","0.5","131","115","https://sportsbook.fanduel.com/addToBetslip?marketId=717.188583306&selectionId=7017905"
"SPORTSGAMEODDS","YYXhg0DBACxxueq7w9t5","2026-09-26T20:10:00.000Z","Texas Rangers @ Minnesota Twins","Texas Rangers","Minnesota Twins","7","full","FULL_INNING_TOTAL","over","","points-all-7i-ou-over","fanduel","1.5","true","320","2026-09-26T13:25:34.000Z","0.5","0.5","","","https://sportsbook.fanduel.com/addToBetslip?marketId=717.188583306&selectionId=7017905"
"SPORTSGAMEODDS","YYXhg0DBACxxueq7w9t5","2026-09-26T20:10:00.000Z","Texas Rangers @ Minnesota Twins","Texas Rangers","Minnesota Twins","7","full","FULL_INNING_TOTAL","over","","points-all-7i-ou-over","draftkings","0.5","false","115","2026-09-26T13:25:36.276Z","0.5","0.5","131","115",""
"SPORTSGAMEODDS","YYXhg0DBACxxueq7w9t5","2026-09-26T20:10:00.000Z","Texas Rangers @ Minnesota Twins","Texas Rangers","Minnesota Twins","7","full","FULL_INNING_TOTAL","over","","points-all-7i-ou-over","draftkings","1.5","true","285","2026-09-26T13:25:36.276Z","0.5","0.5","","",""
"SPORTSGAMEODDS","YYXhg0DBACxxueq7w9t5","2026-09-26T20:10:00.000Z","Texas Rangers @ Minnesota Twins","Texas Rangers","Minnesota Twins","7","full","FULL_INNING_TOTAL","over","","points-all-7i-ou-over","fliff","0.5","false","105","2026-09-26T13:23:52.193Z","0.5","0.5","131","115",""
"SPORTSGAMEODDS","YYXhg0DBACxxueq7w9t5","2026-09-26T20:10:00.000Z","Texas Rangers @ Minnesota Twins","Texas Rangers","Minnesota Twins","7","full","FULL_INNING_TOTAL","under","","points-all-7i-ou-under","fanduel","0.5","false","-152","2026-09-26T13:25:34.000Z","0.5","0.5","-131","-155","https://sportsbook.fanduel.com/addToBetslip?marketId=717.188583306&selectionId=7017906"
"SPORTSGAMEODDS","YYXhg0DBACxxueq7w9t5","2026-09-26T20:10:00.000Z","Texas Rangers @ Minnesota Twins","Texas Rangers","Minnesota Twins","7","full","FULL_INNING_TOTAL","under","","points-all-7i-ou-under","fanduel","1.5","true","-430","2026-09-26T13:25:34.000Z","0.5","0.5","","","https://sportsbook.fanduel.com/addToBetslip?marketId=717.188583306&selectionId=7017906"
"SPORTSGAMEODDS","YYXhg0DBACxxueq7w9t5","2026-09-26T20:10:00.000Z","Texas Rangers @ Minnesota Twins","Texas Rangers","Minnesota Twins","7","full","FULL_INNING_TOTAL","under","","points-all-7i-ou-under","draftkings","0.5","false","-155","2026-09-26T13:25:36.276Z","0.5","0.5","-131","-155",""
"SPORTSGAMEODDS","YYXhg0DBACxxueq7w9t5","2026-09-26T20:10:00.000Z","Texas Rangers @ Minnesota Twins","Texas Rangers","Minnesota Twins","7","full","FULL_INNING_TOTAL","under","","points-all-7i-ou-under","draftkings","1.5","true","-400","2026-09-26T13:25:36.276Z","0.5","0.5","","",""
"SPORTSGAMEODDS","YYXhg0DBACxxueq7w9t5","2026-09-26T20:10:00.000Z","Texas Rangers @ Minnesota Twins","Texas Rangers","Minnesota Twins","7","full","FULL_INNING_TOTAL","under","","points-all-7i-ou-under","fliff","0.5","false","-170","2026-09-26T13:23:52.193Z","0.5","0.5","-131","-155",""
"SPORTSGAMEODDS","YYXhg0DBACxxueq7w9t5","2026-09-26T20:10:00.000Z","Texas Rangers @ Minnesota Twins","Texas Rangers","Minnesota Twins","8","full","FULL_INNING_3WAY","draw","","points-all-8i-ml3way-draw","fanduel","","false","-190","2026-09-26T13:25:34.000Z","","","","","https://sportsbook.fanduel.com/addToBetslip?marketId=717.188583271&selectionId=131604"
"SPORTSGAMEODDS","YYXhg0DBACxxueq7w9t5","2026-09-26T20:10:00.000Z","Texas Rangers @ Minnesota Twins","Texas Rangers","Minnesota Twins","8","full","FULL_INNING_3WAY","draw","","points-all-8i-ml3way-draw","draftkings","","false","-175","2026-09-26T13:25:36.276Z","","","","",""
"SPORTSGAMEODDS","YYXhg0DBACxxueq7w9t5","2026-09-26T20:10:00.000Z","Texas Rangers @ Minnesota Twins","Texas Rangers","Minnesota Twins","8","full","FULL_INNING_TOTAL","over","","points-all-8i-ou-over","fanduel","0.5","false","138","2026-09-26T13:25:34.000Z","0.5","0.5","135","115","https://sportsbook.fanduel.com/addToBetslip?marketId=717.188583358&selectionId=7017905"
"SPORTSGAMEODDS","YYXhg0DBACxxueq7w9t5","2026-09-26T20:10:00.000Z","Texas Rangers @ Minnesota Twins","Texas Rangers","Minnesota Twins","8","full","FULL_INNING_TOTAL","over","","points-all-8i-ou-over","fanduel","1.5","true","380","2026-09-26T13:25:34.000Z","0.5","0.5","","","https://sportsbook.fanduel.com/addToBetslip?marketId=717.188583358&selectionId=7017905"
"SPORTSGAMEODDS","YYXhg0DBACxxueq7w9t5","2026-09-26T20:10:00.000Z","Texas Rangers @ Minnesota Twins","Texas Rangers","Minnesota Twins","8","full","FULL_INNING_TOTAL","over","","points-all-8i-ou-over","draftkings","0.5","false","115","2026-09-26T13:25:36.276Z","0.5","0.5","135","115",""
"SPORTSGAMEODDS","YYXhg0DBACxxueq7w9t5","2026-09-26T20:10:00.000Z","Texas Rangers @ Minnesota Twins","Texas Rangers","Minnesota Twins","8","full","FULL_INNING_TOTAL","over","","points-all-8i-ou-over","draftkings","1.5","true","285","2026-09-26T13:25:36.276Z","0.5","0.5","","",""
"SPORTSGAMEODDS","YYXhg0DBACxxueq7w9t5","2026-09-26T20:10:00.000Z","Texas Rangers @ Minnesota Twins","Texas Rangers","Minnesota Twins","8","full","FULL_INNING_TOTAL","over","","points-all-8i-ou-over","fliff","0.5","false","110","2026-09-26T13:23:52.193Z","0.5","0.5","135","115",""
"SPORTSGAMEODDS","YYXhg0DBACxxueq7w9t5","2026-09-26T20:10:00.000Z","Texas Rangers @ Minnesota Twins","Texas Rangers","Minnesota Twins","8","full","FULL_INNING_TOTAL","under","","points-all-8i-ou-under","fanduel","0.5","false","-170","2026-09-26T13:25:34.000Z","0.5","0.5","-135","-170","https://sportsbook.fanduel.com/addToBetslip?marketId=717.188583358&selectionId=7017906"
"SPORTSGAMEODDS","YYXhg0DBACxxueq7w9t5","2026-09-26T20:10:00.000Z","Texas Rangers @ Minnesota Twins","Texas Rangers","Minnesota Twins","8","full","FULL_INNING_TOTAL","under","","points-all-8i-ou-under","fanduel","1.5","true","-500","2026-09-26T13:25:34.000Z","0.5","0.5","","","https://sportsbook.fanduel.com/addToBetslip?marketId=717.188583358&selectionId=7017906"
"SPORTSGAMEODDS","YYXhg0DBACxxueq7w9t5","2026-09-26T20:10:00.000Z","Texas Rangers @ Minnesota Twins","Texas Rangers","Minnesota Twins","8","full","FULL_INNING_TOTAL","under","","points-all-8i-ou-under","draftkings","0.5","false","-155","2026-09-26T13:25:36.276Z","0.5","0.5","-135","-170",""
"SPORTSGAMEODDS","YYXhg0DBACxxueq7w9t5","2026-09-26T20:10:00.000Z","Texas Rangers @ Minnesota Twins","Texas Rangers","Minnesota Twins","8","full","FULL_INNING_TOTAL","under","","points-all-8i-ou-under","draftkings","1.5","true","-400","2026-09-26T13:25:36.276Z","0.5","0.5","","",""
"SPORTSGAMEODDS","YYXhg0DBACxxueq7w9t5","2026-09-26T20:10:00.000Z","Texas Rangers @ Minnesota Twins","Texas Rangers","Minnesota Twins","8","full","FULL_INNING_TOTAL","under","","points-all-8i-ou-under","fliff","0.5","false","-180","2026-09-26T13:23:52.193Z","0.5","0.5","-135","-170",""
"SPORTSGAMEODDS","YYXhg0DBACxxueq7w9t5","2026-09-26T20:10:00.000Z","Texas Rangers @ Minnesota Twins","Texas Rangers","Minnesota Twins","9","full","FULL_INNING_3WAY","draw","","points-all-9i-ml3way-draw","fanduel","","false","-270","2026-09-26T13:25:34.000Z","","","","","https://sportsbook.fanduel.com/addToBetslip?marketId=717.188583325&selectionId=131604"
"SPORTSGAMEODDS","YYXhg0DBACxxueq7w9t5","2026-09-26T20:10:00.000Z","Texas Rangers @ Minnesota Twins","Texas Rangers","Minnesota Twins","9","full","FULL_INNING_3WAY","draw","","points-all-9i-ml3way-draw","draftkings","","false","-240","2026-09-26T13:25:36.276Z","","","","",""
"SPORTSGAMEODDS","YYXhg0DBACxxueq7w9t5","2026-09-26T20:10:00.000Z","Texas Rangers @ Minnesota Twins","Texas Rangers","Minnesota Twins","9","full","FULL_INNING_TOTAL","over","","points-all-9i-ou-over","fanduel","0.5","false","186","2026-09-26T13:25:34.000Z","","0.5","","170","https://sportsbook.fanduel.com/addToBetslip?marketId=717.188583289&selectionId=7017905"
"SPORTSGAMEODDS","YYXhg0DBACxxueq7w9t5","2026-09-26T20:10:00.000Z","Texas Rangers @ Minnesota Twins","Texas Rangers","Minnesota Twins","9","full","FULL_INNING_TOTAL","over","","points-all-9i-ou-over","fanduel","1.5","true","470","2026-09-26T13:25:34.000Z","","0.5","","","https://sportsbook.fanduel.com/addToBetslip?marketId=717.188583289&selectionId=7017905"
"SPORTSGAMEODDS","YYXhg0DBACxxueq7w9t5","2026-09-26T20:10:00.000Z","Texas Rangers @ Minnesota Twins","Texas Rangers","Minnesota Twins","9","full","FULL_INNING_TOTAL","over","","points-all-9i-ou-over","draftkings","0.5","false","155","2026-09-26T13:25:36.276Z","","0.5","","170",""
"SPORTSGAMEODDS","YYXhg0DBACxxueq7w9t5","2026-09-26T20:10:00.000Z","Texas Rangers @ Minnesota Twins","Texas Rangers","Minnesota Twins","9","full","FULL_INNING_TOTAL","over","","points-all-9i-ou-over","draftkings","1.5","true","370","2026-09-26T13:25:36.276Z","","0.5","","",""
"SPORTSGAMEODDS","YYXhg0DBACxxueq7w9t5","2026-09-26T20:10:00.000Z","Texas Rangers @ Minnesota Twins","Texas Rangers","Minnesota Twins","9","full","FULL_INNING_TOTAL","under","","points-all-9i-ou-under","fanduel","0.5","false","-235","2026-09-26T13:25:34.000Z","","0.5","","-222","https://sportsbook.fanduel.com/addToBetslip?marketId=717.188583289&selectionId=7017906"
"SPORTSGAMEODDS","YYXhg0DBACxxueq7w9t5","2026-09-26T20:10:00.000Z","Texas Rangers @ Minnesota Twins","Texas Rangers","Minnesota Twins","9","full","FULL_INNING_TOTAL","under","","points-all-9i-ou-under","fanduel","1.5","true","-700","2026-09-26T13:25:34.000Z","","0.5","","","https://sportsbook.fanduel.com/addToBetslip?marketId=717.188583289&selectionId=7017906"
"SPORTSGAMEODDS","YYXhg0DBACxxueq7w9t5","2026-09-26T20:10:00.000Z","Texas Rangers @ Minnesota Twins","Texas Rangers","Minnesota Twins","9","full","FULL_INNING_TOTAL","under","","points-all-9i-ou-under","draftkings","0.5","false","-210","2026-09-26T13:25:36.276Z","","0.5","","-222",""
"SPORTSGAMEODDS","YYXhg0DBACxxueq7w9t5","2026-09-26T20:10:00.000Z","Texas Rangers @ Minnesota Twins","Texas Rangers","Minnesota Twins","9","full","FULL_INNING_TOTAL","under","","points-all-9i-ou-under","draftkings","1.5","true","-550","2026-09-26T13:25:36.276Z","","0.5","","",""
"SPORTSGAMEODDS","YYXhg0DBACxxueq7w9t5","2026-09-26T20:10:00.000Z","Texas Rangers @ Minnesota Twins","Texas Rangers","Minnesota Twins","2","full","FULL_INNING_3WAY","away","","points-away-2i-ml3way-away","fanduel","","false","300","2026-09-26T13:25:34.000Z","","","","","https://sportsbook.fanduel.com/addToBetslip?marketId=717.188583336&selectionId=29163"
"SPORTSGAMEODDS","YYXhg0DBACxxueq7w9t5","2026-09-26T20:10:00.000Z","Texas Rangers @ Minnesota Twins","Texas Rangers","Minnesota Twins","2","full","FULL_INNING_3WAY","away","","points-away-2i-ml3way-away","draftkings","","false","310","2026-09-26T13:25:36.276Z","","","","",""
"SPORTSGAMEODDS","YYXhg0DBACxxueq7w9t5","2026-09-26T20:10:00.000Z","Texas Rangers @ Minnesota Twins","Texas Rangers","Minnesota Twins","3","full","FULL_INNING_3WAY","away","","points-away-3i-ml3way-away","fanduel","","false","280","2026-09-26T13:25:34.000Z","","","","","https://sportsbook.fanduel.com/addToBetslip?marketId=717.188583297&selectionId=29163"
"SPORTSGAMEODDS","YYXhg0DBACxxueq7w9t5","2026-09-26T20:10:00.000Z","Texas Rangers @ Minnesota Twins","Texas Rangers","Minnesota Twins","3","full","FULL_INNING_3WAY","away","","points-away-3i-ml3way-away","draftkings","","false","290","2026-09-26T13:25:36.276Z","","","","",""
"SPORTSGAMEODDS","YYXhg0DBACxxueq7w9t5","2026-09-26T20:10:00.000Z","Texas Rangers @ Minnesota Twins","Texas Rangers","Minnesota Twins","4","full","FULL_INNING_3WAY","away","","points-away-4i-ml3way-away","fanduel","","false","300","2026-09-26T13:25:34.000Z","","","","","https://sportsbook.fanduel.com/addToBetslip?marketId=717.188583345&selectionId=29163"
"SPORTSGAMEODDS","YYXhg0DBACxxueq7w9t5","2026-09-26T20:10:00.000Z","Texas Rangers @ Minnesota Twins","Texas Rangers","Minnesota Twins","4","full","FULL_INNING_3WAY","away","","points-away-4i-ml3way-away","draftkings","","false","285","2026-09-26T13:25:36.276Z","","","","",""
"SPORTSGAMEODDS","YYXhg0DBACxxueq7w9t5","2026-09-26T20:10:00.000Z","Texas Rangers @ Minnesota Twins","Texas Rangers","Minnesota Twins","5","full","FULL_INNING_3WAY","away","","points-away-5i-ml3way-away","fanduel","","false","290","2026-09-26T13:25:34.000Z","","","","","https://sportsbook.fanduel.com/addToBetslip?marketId=717.188583273&selectionId=29163"
"SPORTSGAMEODDS","YYXhg0DBACxxueq7w9t5","2026-09-26T20:10:00.000Z","Texas Rangers @ Minnesota Twins","Texas Rangers","Minnesota Twins","5","full","FULL_INNING_3WAY","away","","points-away-5i-ml3way-away","draftkings","","false","275","2026-09-26T13:25:36.276Z","","","","",""
"SPORTSGAMEODDS","YYXhg0DBACxxueq7w9t5","2026-09-26T20:10:00.000Z","Texas Rangers @ Minnesota Twins","Texas Rangers","Minnesota Twins","6","full","FULL_INNING_3WAY","away","","points-away-6i-ml3way-away","fanduel","","false","310","2026-09-26T13:25:34.000Z","","","","","https://sportsbook.fanduel.com/addToBetslip?marketId=717.188583374&selectionId=29163"
"SPORTSGAMEODDS","YYXhg0DBACxxueq7w9t5","2026-09-26T20:10:00.000Z","Texas Rangers @ Minnesota Twins","Texas Rangers","Minnesota Twins","6","full","FULL_INNING_3WAY","away","","points-away-6i-ml3way-away","draftkings","","false","340","2026-09-26T13:25:36.276Z","","","","",""
"SPORTSGAMEODDS","YYXhg0DBACxxueq7w9t5","2026-09-26T20:10:00.000Z","Texas Rangers @ Minnesota Twins","Texas Rangers","Minnesota Twins","7","full","FULL_INNING_3WAY","away","","points-away-7i-ml3way-away","fanduel","","false","350","2026-09-26T13:25:34.000Z","","","","","https://sportsbook.fanduel.com/addToBetslip?marketId=717.188583244&selectionId=29163"
"SPORTSGAMEODDS","YYXhg0DBACxxueq7w9t5","2026-09-26T20:10:00.000Z","Texas Rangers @ Minnesota Twins","Texas Rangers","Minnesota Twins","7","full","FULL_INNING_3WAY","away","","points-away-7i-ml3way-away","draftkings","","false","340","2026-09-26T13:25:36.276Z","","","","",""
"SPORTSGAMEODDS","YYXhg0DBACxxueq7w9t5","2026-09-26T20:10:00.000Z","Texas Rangers @ Minnesota Twins","Texas Rangers","Minnesota Twins","8","full","FULL_INNING_3WAY","away","","points-away-8i-ml3way-away","fanduel","","false","390","2026-09-26T13:25:34.000Z","","","","","https://sportsbook.fanduel.com/addToBetslip?marketId=717.188583271&selectionId=29163"
"SPORTSGAMEODDS","YYXhg0DBACxxueq7w9t5","2026-09-26T20:10:00.000Z","Texas Rangers @ Minnesota Twins","Texas Rangers","Minnesota Twins","8","full","FULL_INNING_3WAY","away","","points-away-8i-ml3way-away","draftkings","","false","340","2026-09-26T13:25:36.276Z","","","","",""
"SPORTSGAMEODDS","YYXhg0DBACxxueq7w9t5","2026-09-26T20:10:00.000Z","Texas Rangers @ Minnesota Twins","Texas Rangers","Minnesota Twins","9","full","FULL_INNING_3WAY","away","","points-away-9i-ml3way-away","fanduel","","false","360","2026-09-26T13:25:34.000Z","","","","","https://sportsbook.fanduel.com/addToBetslip?marketId=717.188583325&selectionId=29163"
"SPORTSGAMEODDS","YYXhg0DBACxxueq7w9t5","2026-09-26T20:10:00.000Z","Texas Rangers @ Minnesota Twins","Texas Rangers","Minnesota Twins","9","full","FULL_INNING_3WAY","away","","points-away-9i-ml3way-away","draftkings","","false","310","2026-09-26T13:25:36.276Z","","","","",""
"SPORTSGAMEODDS","YYXhg0DBACxxueq7w9t5","2026-09-26T20:10:00.000Z","Texas Rangers @ Minnesota Twins","Texas Rangers","Minnesota Twins","2","full","FULL_INNING_3WAY","home","","points-home-2i-ml3way-home","fanduel","","false","380","2026-09-26T13:25:34.000Z","","","","","https://sportsbook.fanduel.com/addToBetslip?marketId=717.188583336&selectionId=29160"
"SPORTSGAMEODDS","YYXhg0DBACxxueq7w9t5","2026-09-26T20:10:00.000Z","Texas Rangers @ Minnesota Twins","Texas Rangers","Minnesota Twins","2","full","FULL_INNING_3WAY","home","","points-home-2i-ml3way-home","draftkings","","false","330","2026-09-26T13:25:36.276Z","","","","",""
"SPORTSGAMEODDS","YYXhg0DBACxxueq7w9t5","2026-09-26T20:10:00.000Z","Texas Rangers @ Minnesota Twins","Texas Rangers","Minnesota Twins","3","full","FULL_INNING_3WAY","home","","points-home-3i-ml3way-home","fanduel","","false","350","2026-09-26T13:25:34.000Z","","","","","https://sportsbook.fanduel.com/addToBetslip?marketId=717.188583297&selectionId=29160"
"SPORTSGAMEODDS","YYXhg0DBACxxueq7w9t5","2026-09-26T20:10:00.000Z","Texas Rangers @ Minnesota Twins","Texas Rangers","Minnesota Twins","3","full","FULL_INNING_3WAY","home","","points-home-3i-ml3way-home","draftkings","","false","330","2026-09-26T13:25:36.276Z","","","","",""
"SPORTSGAMEODDS","YYXhg0DBACxxueq7w9t5","2026-09-26T20:10:00.000Z","Texas Rangers @ Minnesota Twins","Texas Rangers","Minnesota Twins","4","full","FULL_INNING_3WAY","home","","points-home-4i-ml3way-home","fanduel","","false","350","2026-09-26T13:25:34.000Z","","","","","https://sportsbook.fanduel.com/addToBetslip?marketId=717.188583345&selectionId=29160"
"SPORTSGAMEODDS","YYXhg0DBACxxueq7w9t5","2026-09-26T20:10:00.000Z","Texas Rangers @ Minnesota Twins","Texas Rangers","Minnesota Twins","4","full","FULL_INNING_3WAY","home","","points-home-4i-ml3way-home","draftkings","","false","340","2026-09-26T13:25:36.276Z","","","","",""
"SPORTSGAMEODDS","YYXhg0DBACxxueq7w9t5","2026-09-26T20:10:00.000Z","Texas Rangers @ Minnesota Twins","Texas Rangers","Minnesota Twins","5","full","FULL_INNING_3WAY","home","","points-home-5i-ml3way-home","fanduel","","false","340","2026-09-26T13:25:34.000Z","","","","","https://sportsbook.fanduel.com/addToBetslip?marketId=717.188583273&selectionId=29160"
"SPORTSGAMEODDS","YYXhg0DBACxxueq7w9t5","2026-09-26T20:10:00.000Z","Texas Rangers @ Minnesota Twins","Texas Rangers","Minnesota Twins","5","full","FULL_INNING_3WAY","home","","points-home-5i-ml3way-home","draftkings","","false","390","2026-09-26T13:25:36.276Z","","","","",""
"SPORTSGAMEODDS","YYXhg0DBACxxueq7w9t5","2026-09-26T20:10:00.000Z","Texas Rangers @ Minnesota Twins","Texas Rangers","Minnesota Twins","6","full","FULL_INNING_3WAY","home","","points-home-6i-ml3way-home","fanduel","","false","350","2026-09-26T13:25:34.000Z","","","","","https://sportsbook.fanduel.com/addToBetslip?marketId=717.188583374&selectionId=29160"
"SPORTSGAMEODDS","YYXhg0DBACxxueq7w9t5","2026-09-26T20:10:00.000Z","Texas Rangers @ Minnesota Twins","Texas Rangers","Minnesota Twins","6","full","FULL_INNING_3WAY","home","","points-home-6i-ml3way-home","draftkings","","false","320","2026-09-26T13:25:36.276Z","","","","",""
"SPORTSGAMEODDS","YYXhg0DBACxxueq7w9t5","2026-09-26T20:10:00.000Z","Texas Rangers @ Minnesota Twins","Texas Rangers","Minnesota Twins","7","full","FULL_INNING_3WAY","home","","points-home-7i-ml3way-home","fanduel","","false","370","2026-09-26T13:25:34.000Z","","","","","https://sportsbook.fanduel.com/addToBetslip?marketId=717.188583244&selectionId=29160"
"SPORTSGAMEODDS","YYXhg0DBACxxueq7w9t5","2026-09-26T20:10:00.000Z","Texas Rangers @ Minnesota Twins","Texas Rangers","Minnesota Twins","7","full","FULL_INNING_3WAY","home","","points-home-7i-ml3way-home","draftkings","","false","340","2026-09-26T13:25:36.276Z","","","","",""
"SPORTSGAMEODDS","YYXhg0DBACxxueq7w9t5","2026-09-26T20:10:00.000Z","Texas Rangers @ Minnesota Twins","Texas Rangers","Minnesota Twins","8","full","FULL_INNING_3WAY","home","","points-home-8i-ml3way-home","fanduel","","false","370","2026-09-26T13:25:34.000Z","","","","","https://sportsbook.fanduel.com/addToBetslip?marketId=717.188583271&selectionId=29160"
"SPORTSGAMEODDS","YYXhg0DBACxxueq7w9t5","2026-09-26T20:10:00.000Z","Texas Rangers @ Minnesota Twins","Texas Rangers","Minnesota Twins","8","full","FULL_INNING_3WAY","home","","points-home-8i-ml3way-home","draftkings","","false","340","2026-09-26T13:25:36.276Z","","","","",""
"SPORTSGAMEODDS","YYXhg0DBACxxueq7w9t5","2026-09-26T20:10:00.000Z","Texas Rangers @ Minnesota Twins","Texas Rangers","Minnesota Twins","9","full","FULL_INNING_3WAY","home","","points-home-9i-ml3way-home","fanduel","","false","650","2026-09-26T13:25:34.000Z","","","","","https://sportsbook.fanduel.com/addToBetslip?marketId=717.188583325&selectionId=29160"
"SPORTSGAMEODDS","YYXhg0DBACxxueq7w9t5","2026-09-26T20:10:00.000Z","Texas Rangers @ Minnesota Twins","Texas Rangers","Minnesota Twins","9","full","FULL_INNING_3WAY","home","","points-home-9i-ml3way-home","draftkings","","false","600","2026-09-26T13:25:36.276Z","","","","",""
"SPORTSGAMEODDS","g1znbFR9pVaxdJd2ktkZ","2026-09-26T20:10:00.000Z","Atlanta Braves @ Miami Marlins","Atlanta Braves","Miami Marlins","1","full","FULL_INNING_TOTAL","over","","points-all-1i-ou-over","novig","0.5","false","113","2026-09-26T13:25:01.238Z","0.5","0.5","111","100","https://novig.com/events/01a0da3f-cb6d-7751-b27b-6ae9a1ee59e8/sportsgameodds"
"SPORTSGAMEODDS","g1znbFR9pVaxdJd2ktkZ","2026-09-26T20:10:00.000Z","Atlanta Braves @ Miami Marlins","Atlanta Braves","Miami Marlins","1","full","FULL_INNING_TOTAL","over","","points-all-1i-ou-over","caesars","0.5","false","101","2026-09-26T13:25:56.296Z","0.5","0.5","111","100","https://sportsbook.caesars.com/us/nj/bet/betslip?selectionIds=c3c0c4f9-1ddb-342a-bc31-9f7d92cfde33"
"SPORTSGAMEODDS","g1znbFR9pVaxdJd2ktkZ","2026-09-26T20:10:00.000Z","Atlanta Braves @ Miami Marlins","Atlanta Braves","Miami Marlins","1","full","FULL_INNING_TOTAL","over","","points-all-1i-ou-over","draftkings","0.5","false","120","2026-09-26T13:25:36.276Z","0.5","0.5","111","100",""
"SPORTSGAMEODDS","g1znbFR9pVaxdJd2ktkZ","2026-09-26T20:10:00.000Z","Atlanta Braves @ Miami Marlins","Atlanta Braves","Miami Marlins","1","full","FULL_INNING_TOTAL","over","","points-all-1i-ou-over","draftkings","1.5","true","320","2026-09-26T13:25:36.276Z","0.5","0.5","","",""
"SPORTSGAMEODDS","g1znbFR9pVaxdJd2ktkZ","2026-09-26T20:10:00.000Z","Atlanta Braves @ Miami Marlins","Atlanta Braves","Miami Marlins","1","full","FULL_INNING_TOTAL","over","","points-all-1i-ou-over","unknown","0.5","false","-125","2026-09-26T13:25:43.825Z","0.5","0.5","111","100",""
"SPORTSGAMEODDS","g1znbFR9pVaxdJd2ktkZ","2026-09-26T20:10:00.000Z","Atlanta Braves @ Miami Marlins","Atlanta Braves","Miami Marlins","1","full","FULL_INNING_TOTAL","over","","points-all-1i-ou-over","unknown","1.5","true","329","2026-09-26T13:25:28.825Z","0.5","0.5","","",""
"SPORTSGAMEODDS","g1znbFR9pVaxdJd2ktkZ","2026-09-26T20:10:00.000Z","Atlanta Braves @ Miami Marlins","Atlanta Braves","Miami Marlins","1","full","FULL_INNING_TOTAL","over","","points-all-1i-ou-over","fliff","0.5","false","-110","2026-09-26T13:25:41.325Z","0.5","0.5","111","100",""
"SPORTSGAMEODDS","g1znbFR9pVaxdJd2ktkZ","2026-09-26T20:10:00.000Z","Atlanta Braves @ Miami Marlins","Atlanta Braves","Miami Marlins","1","full","FULL_INNING_TOTAL","over","","points-all-1i-ou-over","fliff","1.5","true","230","2026-09-26T13:25:41.325Z","0.5","0.5","","",""
"SPORTSGAMEODDS","g1znbFR9pVaxdJd2ktkZ","2026-09-26T20:10:00.000Z","Atlanta Braves @ Miami Marlins","Atlanta Braves","Miami Marlins","1","full","FULL_INNING_TOTAL","over","","points-all-1i-ou-over","ballybet","1.5","false","210","2026-09-26T13:24:47.825Z","0.5","0.5","","",""
"SPORTSGAMEODDS","g1znbFR9pVaxdJd2ktkZ","2026-09-26T20:10:00.000Z","Atlanta Braves @ Miami Marlins","Atlanta Braves","Miami Marlins","1","full","FULL_INNING_TOTAL","over","","points-all-1i-ou-over","betparx","1.5","false","210","2026-09-26T13:25:44.325Z","0.5","0.5","","",""
"SPORTSGAMEODDS","g1znbFR9pVaxdJd2ktkZ","2026-09-26T20:10:00.000Z","Atlanta Braves @ Miami Marlins","Atlanta Braves","Miami Marlins","1","full","FULL_INNING_TOTAL","over","","points-all-1i-ou-over","betrivers","1.5","false","210","2026-09-26T13:25:30.296Z","0.5","0.5","","","https://nj.betrivers.com/?page=sportsbook#event/1024788201?coupon=single|4351555479|0"
"SPORTSGAMEODDS","g1znbFR9pVaxdJd2ktkZ","2026-09-26T20:10:00.000Z","Atlanta Braves @ Miami Marlins","Atlanta Braves","Miami Marlins","1","full","FULL_INNING_TOTAL","over","","points-all-1i-ou-over","fanduel","0.5","false","-106","2026-09-26T13:25:34.000Z","0.5","0.5","111","100","https://sportsbook.fanduel.com/addToBetslip?marketId=717.188569203&selectionId=7017905"
"SPORTSGAMEODDS","g1znbFR9pVaxdJd2ktkZ","2026-09-26T20:10:00.000Z","Atlanta Braves @ Miami Marlins","Atlanta Braves","Miami Marlins","1","full","FULL_INNING_TOTAL","over","","points-all-1i-ou-over","fanduel","1.5","true","250","2026-09-26T13:25:34.000Z","0.5","0.5","","","https://sportsbook.fanduel.com/addToBetslip?marketId=717.188569203&selectionId=7017905"
"SPORTSGAMEODDS","g1znbFR9pVaxdJd2ktkZ","2026-09-26T20:10:00.000Z","Atlanta Braves @ Miami Marlins","Atlanta Braves","Miami Marlins","1","full","FULL_INNING_TOTAL","over","","points-all-1i-ou-over","hardrockbet","0.5","false","100","2026-09-26T13:25:33.325Z","0.5","0.5","111","100",""
"SPORTSGAMEODDS","g1znbFR9pVaxdJd2ktkZ","2026-09-26T20:10:00.000Z","Atlanta Braves @ Miami Marlins","Atlanta Braves","Miami Marlins","1","full","FULL_INNING_TOTAL","over","","points-all-1i-ou-over","hardrockbet","1.5","true","250","2026-09-26T13:25:33.325Z","0.5","0.5","","",""
"SPORTSGAMEODDS","g1znbFR9pVaxdJd2ktkZ","2026-09-26T20:10:00.000Z","Atlanta Braves @ Miami Marlins","Atlanta Braves","Miami Marlins","1","full","FULL_INNING_TOTAL","over","","points-all-1i-ou-over","betmgm","0.5","false","110","2026-09-26T13:25:19.796Z","0.5","0.5","111","100","https://sports.nj.betmgm.com/en/sports?options=19944854-1561567598-2305073142"
"SPORTSGAMEODDS","g1znbFR9pVaxdJd2ktkZ","2026-09-26T20:10:00.000Z","Atlanta Braves @ Miami Marlins","Atlanta Braves","Miami Marlins","1","full","FULL_INNING_TOTAL","over","","points-all-1i-ou-over","betonline","0.5","false","-102","2026-09-26T13:25:50.296Z","0.5","0.5","111","100",""
"SPORTSGAMEODDS","g1znbFR9pVaxdJd2ktkZ","2026-09-26T20:10:00.000Z","Atlanta Braves @ Miami Marlins","Atlanta Braves","Miami Marlins","1","full","FULL_INNING_TOTAL","under","","points-all-1i-ou-under","novig","0.5","false","-120","2026-09-26T13:25:01.238Z","0.5","0.5","-111","-124","https://novig.com/events/01a0da3f-cb6d-7751-b27b-6aff2af39029/sportsgameodds"
"SPORTSGAMEODDS","g1znbFR9pVaxdJd2ktkZ","2026-09-26T20:10:00.000Z","Atlanta Braves @ Miami Marlins","Atlanta Braves","Miami Marlins","1","full","FULL_INNING_TOTAL","under","","points-all-1i-ou-under","prophetexchange","0.5","false","-124","2026-09-26T13:26:20.693Z","0.5","0.5","-111","-124",""
"SPORTSGAMEODDS","g1znbFR9pVaxdJd2ktkZ","2026-09-26T20:10:00.000Z","Atlanta Braves @ Miami Marlins","Atlanta Braves","Miami Marlins","1","full","FULL_INNING_TOTAL","under","","points-all-1i-ou-under","caesars","0.5","false","-125","2026-09-26T13:25:56.296Z","0.5","0.5","-111","-124","https://sportsbook.caesars.com/us/nj/bet/betslip?selectionIds=4fc1b9c2-0433-373d-95ff-55230a76f086"
"SPORTSGAMEODDS","g1znbFR9pVaxdJd2ktkZ","2026-09-26T20:10:00.000Z","Atlanta Braves @ Miami Marlins","Atlanta Braves","Miami Marlins","1","full","FULL_INNING_TOTAL","under","","points-all-1i-ou-under","draftkings","0.5","false","-155","2026-09-26T13:25:36.276Z","0.5","0.5","-111","-124",""
"SPORTSGAMEODDS","g1znbFR9pVaxdJd2ktkZ","2026-09-26T20:10:00.000Z","Atlanta Braves @ Miami Marlins","Atlanta Braves","Miami Marlins","1","full","FULL_INNING_TOTAL","under","","points-all-1i-ou-under","draftkings","1.5","true","-450","2026-09-26T13:25:36.276Z","0.5","0.5","","",""
"SPORTSGAMEODDS","g1znbFR9pVaxdJd2ktkZ","2026-09-26T20:10:00.000Z","Atlanta Braves @ Miami Marlins","Atlanta Braves","Miami Marlins","1","full","FULL_INNING_TOTAL","under","","points-all-1i-ou-under","unknown","0.5","false","-120","2026-09-26T13:25:43.825Z","0.5","0.5","-111","-124",""
"SPORTSGAMEODDS","g1znbFR9pVaxdJd2ktkZ","2026-09-26T20:10:00.000Z","Atlanta Braves @ Miami Marlins","Atlanta Braves","Miami Marlins","1","full","FULL_INNING_TOTAL","under","","points-all-1i-ou-under","unknown","1.5","true","-435","2026-09-26T13:25:28.825Z","0.5","0.5","","",""
"SPORTSGAMEODDS","g1znbFR9pVaxdJd2ktkZ","2026-09-26T20:10:00.000Z","Atlanta Braves @ Miami Marlins","Atlanta Braves","Miami Marlins","1","full","FULL_INNING_TOTAL","under","","points-all-1i-ou-under","fliff","0.5","false","-145","2026-09-26T13:25:41.325Z","0.5","0.5","-111","-124",""
"SPORTSGAMEODDS","g1znbFR9pVaxdJd2ktkZ","2026-09-26T20:10:00.000Z","Atlanta Braves @ Miami Marlins","Atlanta Braves","Miami Marlins","1","full","FULL_INNING_TOTAL","under","","points-all-1i-ou-under","fliff","1.5","true","-415","2026-09-26T13:25:41.325Z","0.5","0.5","","",""
"SPORTSGAMEODDS","g1znbFR9pVaxdJd2ktkZ","2026-09-26T20:10:00.000Z","Atlanta Braves @ Miami Marlins","Atlanta Braves","Miami Marlins","1","full","FULL_INNING_TOTAL","under","","points-all-1i-ou-under","ballybet","1.5","false","-305","2026-09-26T13:24:47.825Z","0.5","0.5","","",""
"SPORTSGAMEODDS","g1znbFR9pVaxdJd2ktkZ","2026-09-26T20:10:00.000Z","Atlanta Braves @ Miami Marlins","Atlanta Braves","Miami Marlins","1","full","FULL_INNING_TOTAL","under","","points-all-1i-ou-under","betparx","1.5","false","-305","2026-09-26T13:25:44.325Z","0.5","0.5","","",""
"SPORTSGAMEODDS","g1znbFR9pVaxdJd2ktkZ","2026-09-26T20:10:00.000Z","Atlanta Braves @ Miami Marlins","Atlanta Braves","Miami Marlins","1","full","FULL_INNING_TOTAL","under","","points-all-1i-ou-under","betrivers","1.5","false","-305","2026-09-26T13:25:30.296Z","0.5","0.5","","","https://nj.betrivers.com/?page=sportsbook#event/1024788201?coupon=single|4351555480|0"
"SPORTSGAMEODDS","g1znbFR9pVaxdJd2ktkZ","2026-09-26T20:10:00.000Z","Atlanta Braves @ Miami Marlins","Atlanta Braves","Miami Marlins","1","full","FULL_INNING_TOTAL","under","","points-all-1i-ou-under","fanduel","0.5","false","-120","2026-09-26T13:25:34.000Z","0.5","0.5","-111","-124","https://sportsbook.fanduel.com/addToBetslip?marketId=717.188569203&selectionId=7017906"
"SPORTSGAMEODDS","g1znbFR9pVaxdJd2ktkZ","2026-09-26T20:10:00.000Z","Atlanta Braves @ Miami Marlins","Atlanta Braves","Miami Marlins","1","full","FULL_INNING_TOTAL","under","","points-all-1i-ou-under","fanduel","1.5","true","-325","2026-09-26T13:25:34.000Z","0.5","0.5","","","https://sportsbook.fanduel.com/addToBetslip?marketId=717.188569203&selectionId=7017906"
"SPORTSGAMEODDS","g1znbFR9pVaxdJd2ktkZ","2026-09-26T20:10:00.000Z","Atlanta Braves @ Miami Marlins","Atlanta Braves","Miami Marlins","1","full","FULL_INNING_TOTAL","under","","points-all-1i-ou-under","hardrockbet","0.5","false","-130","2026-09-26T13:25:33.325Z","0.5","0.5","-111","-124",""
"SPORTSGAMEODDS","g1znbFR9pVaxdJd2ktkZ","2026-09-26T20:10:00.000Z","Atlanta Braves @ Miami Marlins","Atlanta Braves","Miami Marlins","1","full","FULL_INNING_TOTAL","under","","points-all-1i-ou-under","hardrockbet","1.5","true","-375","2026-09-26T13:25:33.325Z","0.5","0.5","","",""
"SPORTSGAMEODDS","g1znbFR9pVaxdJd2ktkZ","2026-09-26T20:10:00.000Z","Atlanta Braves @ Miami Marlins","Atlanta Braves","Miami Marlins","1","full","FULL_INNING_TOTAL","under","","points-all-1i-ou-under","betmgm","0.5","false","-130","2026-09-26T13:25:19.796Z","0.5","0.5","-111","-124","https://sports.nj.betmgm.com/en/sports?options=19944854-1561567598-2305073143"
"SPORTSGAMEODDS","g1znbFR9pVaxdJd2ktkZ","2026-09-26T20:10:00.000Z","Atlanta Braves @ Miami Marlins","Atlanta Braves","Miami Marlins","1","full","FULL_INNING_TOTAL","under","","points-all-1i-ou-under","betonline","0.5","false","-130","2026-09-26T13:25:50.296Z","0.5","0.5","-111","-124",""
"SPORTSGAMEODDS","g1znbFR9pVaxdJd2ktkZ","2026-09-26T20:10:00.000Z","Atlanta Braves @ Miami Marlins","Atlanta Braves","Miami Marlins","1","full","FULL_INNING_3WAY","draw","","points-all-1i-ml3way-draw","draftkings","","false","-160","2026-09-26T13:25:36.276Z","","","","",""
"SPORTSGAMEODDS","g1znbFR9pVaxdJd2ktkZ","2026-09-26T20:10:00.000Z","Atlanta Braves @ Miami Marlins","Atlanta Braves","Miami Marlins","1","full","FULL_INNING_3WAY","draw","","points-all-1i-ml3way-draw","unknown","","false","-160","2026-09-26T13:25:28.825Z","","","","",""
"SPORTSGAMEODDS","g1znbFR9pVaxdJd2ktkZ","2026-09-26T20:10:00.000Z","Atlanta Braves @ Miami Marlins","Atlanta Braves","Miami Marlins","1","full","FULL_INNING_3WAY","draw","","points-all-1i-ml3way-draw","ballybet","","false","-148","2026-09-26T13:24:47.825Z","","","","",""
"SPORTSGAMEODDS","g1znbFR9pVaxdJd2ktkZ","2026-09-26T20:10:00.000Z","Atlanta Braves @ Miami Marlins","Atlanta Braves","Miami Marlins","1","full","FULL_INNING_3WAY","draw","","points-all-1i-ml3way-draw","betparx","","false","-148","2026-09-26T13:25:44.325Z","","","","",""
"SPORTSGAMEODDS","g1znbFR9pVaxdJd2ktkZ","2026-09-26T20:10:00.000Z","Atlanta Braves @ Miami Marlins","Atlanta Braves","Miami Marlins","1","full","FULL_INNING_3WAY","draw","","points-all-1i-ml3way-draw","betrivers","","false","-148","2026-09-26T13:25:30.296Z","","","","","https://nj.betrivers.com/?page=sportsbook#event/1024788201?coupon=single|4351535298|0"
"SPORTSGAMEODDS","g1znbFR9pVaxdJd2ktkZ","2026-09-26T20:10:00.000Z","Atlanta Braves @ Miami Marlins","Atlanta Braves","Miami Marlins","1","full","FULL_INNING_3WAY","draw","","points-all-1i-ml3way-draw","fanduel","","false","-145","2026-09-26T13:25:34.000Z","","","","","https://sportsbook.fanduel.com/addToBetslip?marketId=717.188569042&selectionId=131604"
"SPORTSGAMEODDS","g1znbFR9pVaxdJd2ktkZ","2026-09-26T20:10:00.000Z","Atlanta Braves @ Miami Marlins","Atlanta Braves","Miami Marlins","1","full","FULL_INNING_3WAY","draw","","points-all-1i-ml3way-draw","betmgm","","false","-130","2026-09-26T13:25:19.796Z","","","","","https://sports.nj.betmgm.com/en/sports?options=19944854-1561567576-2305073092"
"SPORTSGAMEODDS","g1znbFR9pVaxdJd2ktkZ","2026-09-26T20:10:00.000Z","Atlanta Braves @ Miami Marlins","Atlanta Braves","Miami Marlins","1","full","FULL_INNING_3WAY","draw","","points-all-1i-ml3way-draw","bovada","","false","-140","2026-09-26T13:25:52.296Z","","","","",""
"SPORTSGAMEODDS","g1znbFR9pVaxdJd2ktkZ","2026-09-26T20:10:00.000Z","Atlanta Braves @ Miami Marlins","Atlanta Braves","Miami Marlins","1","full","FULL_INNING_3WAY","away","","points-away-1i-ml3way-away","draftkings","","false","450","2026-09-26T13:25:36.276Z","","","","",""
"SPORTSGAMEODDS","g1znbFR9pVaxdJd2ktkZ","2026-09-26T20:10:00.000Z","Atlanta Braves @ Miami Marlins","Atlanta Braves","Miami Marlins","1","full","FULL_INNING_3WAY","away","","points-away-1i-ml3way-away","unknown","","false","450","2026-09-26T13:25:28.825Z","","","","",""
"SPORTSGAMEODDS","g1znbFR9pVaxdJd2ktkZ","2026-09-26T20:10:00.000Z","Atlanta Braves @ Miami Marlins","Atlanta Braves","Miami Marlins","1","full","FULL_INNING_3WAY","away","","points-away-1i-ml3way-away","ballybet","","false","270","2026-09-26T13:24:47.825Z","","","","",""
"SPORTSGAMEODDS","g1znbFR9pVaxdJd2ktkZ","2026-09-26T20:10:00.000Z","Atlanta Braves @ Miami Marlins","Atlanta Braves","Miami Marlins","1","full","FULL_INNING_3WAY","away","","points-away-1i-ml3way-away","betparx","","false","270","2026-09-26T13:25:44.325Z","","","","",""
"SPORTSGAMEODDS","g1znbFR9pVaxdJd2ktkZ","2026-09-26T20:10:00.000Z","Atlanta Braves @ Miami Marlins","Atlanta Braves","Miami Marlins","1","full","FULL_INNING_3WAY","away","","points-away-1i-ml3way-away","betrivers","","false","270","2026-09-26T13:25:30.296Z","","","","","https://nj.betrivers.com/?page=sportsbook#event/1024788201?coupon=single|4351535299|0"
"SPORTSGAMEODDS","g1znbFR9pVaxdJd2ktkZ","2026-09-26T20:10:00.000Z","Atlanta Braves @ Miami Marlins","Atlanta Braves","Miami Marlins","1","full","FULL_INNING_3WAY","away","","points-away-1i-ml3way-away","fanduel","","false","300","2026-09-26T13:25:34.000Z","","","","","https://sportsbook.fanduel.com/addToBetslip?marketId=717.188569042&selectionId=7100960"
"SPORTSGAMEODDS","g1znbFR9pVaxdJd2ktkZ","2026-09-26T20:10:00.000Z","Atlanta Braves @ Miami Marlins","Atlanta Braves","Miami Marlins","1","full","FULL_INNING_3WAY","away","","points-away-1i-ml3way-away","betmgm","","false","270","2026-09-26T13:25:19.796Z","","","","","https://sports.nj.betmgm.com/en/sports?options=19944854-1561567576-2305073091"
"SPORTSGAMEODDS","g1znbFR9pVaxdJd2ktkZ","2026-09-26T20:10:00.000Z","Atlanta Braves @ Miami Marlins","Atlanta Braves","Miami Marlins","1","full","FULL_INNING_3WAY","away","","points-away-1i-ml3way-away","bovada","","false","300","2026-09-26T13:25:52.296Z","","","","",""
"SPORTSGAMEODDS","g1znbFR9pVaxdJd2ktkZ","2026-09-26T20:10:00.000Z","Atlanta Braves @ Miami Marlins","Atlanta Braves","Miami Marlins","1","full","FULL_INNING_3WAY","home","","points-home-1i-ml3way-home","draftkings","","false","250","2026-09-26T13:25:36.276Z","","","","",""
"SPORTSGAMEODDS","g1znbFR9pVaxdJd2ktkZ","2026-09-26T20:10:00.000Z","Atlanta Braves @ Miami Marlins","Atlanta Braves","Miami Marlins","1","full","FULL_INNING_3WAY","home","","points-home-1i-ml3way-home","unknown","","false","250","2026-09-26T13:25:28.825Z","","","","",""
"SPORTSGAMEODDS","g1znbFR9pVaxdJd2ktkZ","2026-09-26T20:10:00.000Z","Atlanta Braves @ Miami Marlins","Atlanta Braves","Miami Marlins","1","full","FULL_INNING_3WAY","home","","points-home-1i-ml3way-home","ballybet","","false","330","2026-09-26T13:24:47.825Z","","","","",""
"SPORTSGAMEODDS","g1znbFR9pVaxdJd2ktkZ","2026-09-26T20:10:00.000Z","Atlanta Braves @ Miami Marlins","Atlanta Braves","Miami Marlins","1","full","FULL_INNING_3WAY","home","","points-home-1i-ml3way-home","betparx","","false","330","2026-09-26T13:25:44.325Z","","","","",""
"SPORTSGAMEODDS","g1znbFR9pVaxdJd2ktkZ","2026-09-26T20:10:00.000Z","Atlanta Braves @ Miami Marlins","Atlanta Braves","Miami Marlins","1","full","FULL_INNING_3WAY","home","","points-home-1i-ml3way-home","betrivers","","false","330","2026-09-26T13:25:30.296Z","","","","","https://nj.betrivers.com/?page=sportsbook#event/1024788201?coupon=single|4351535297|0"
"SPORTSGAMEODDS","g1znbFR9pVaxdJd2ktkZ","2026-09-26T20:10:00.000Z","Atlanta Braves @ Miami Marlins","Atlanta Braves","Miami Marlins","1","full","FULL_INNING_3WAY","home","","points-home-1i-ml3way-home","fanduel","","false","330","2026-09-26T13:25:34.000Z","","","","","https://sportsbook.fanduel.com/addToBetslip?marketId=717.188569042&selectionId=6266193"
"SPORTSGAMEODDS","g1znbFR9pVaxdJd2ktkZ","2026-09-26T20:10:00.000Z","Atlanta Braves @ Miami Marlins","Atlanta Braves","Miami Marlins","1","full","FULL_INNING_3WAY","home","","points-home-1i-ml3way-home","betmgm","","false","300","2026-09-26T13:25:19.796Z","","","","","https://sports.nj.betmgm.com/en/sports?options=19944854-1561567576-2305073093"
"SPORTSGAMEODDS","g1znbFR9pVaxdJd2ktkZ","2026-09-26T20:10:00.000Z","Atlanta Braves @ Miami Marlins","Atlanta Braves","Miami Marlins","1","full","FULL_INNING_3WAY","home","","points-home-1i-ml3way-home","bovada","","false","290","2026-09-26T13:25:52.296Z","","","","",""
"SPORTSGAMEODDS","g1znbFR9pVaxdJd2ktkZ","2026-09-26T20:10:00.000Z","Atlanta Braves @ Miami Marlins","Atlanta Braves","Miami Marlins","2","full","FULL_INNING_3WAY","draw","","points-all-2i-ml3way-draw","fanduel","","false","-160","2026-09-26T13:25:34.000Z","","","","","https://sportsbook.fanduel.com/addToBetslip?marketId=717.188569098&selectionId=131604"
"SPORTSGAMEODDS","g1znbFR9pVaxdJd2ktkZ","2026-09-26T20:10:00.000Z","Atlanta Braves @ Miami Marlins","Atlanta Braves","Miami Marlins","2","full","FULL_INNING_3WAY","draw","","points-all-2i-ml3way-draw","draftkings","","false","-170","2026-09-26T13:25:36.276Z","","","","",""
"SPORTSGAMEODDS","g1znbFR9pVaxdJd2ktkZ","2026-09-26T20:10:00.000Z","Atlanta Braves @ Miami Marlins","Atlanta Braves","Miami Marlins","2","full","FULL_INNING_TOTAL","over","","points-all-2i-ou-over","fanduel","0.5","false","114","2026-09-26T13:25:34.000Z","0.5","0.5","130","114","https://sportsbook.fanduel.com/addToBetslip?marketId=717.188569151&selectionId=7017905"
"SPORTSGAMEODDS","g1znbFR9pVaxdJd2ktkZ","2026-09-26T20:10:00.000Z","Atlanta Braves @ Miami Marlins","Atlanta Braves","Miami Marlins","2","full","FULL_INNING_TOTAL","over","","points-all-2i-ou-over","fanduel","1.5","true","290","2026-09-26T13:25:34.000Z","0.5","0.5","","","https://sportsbook.fanduel.com/addToBetslip?marketId=717.188569151&selectionId=7017905"
"SPORTSGAMEODDS","g1znbFR9pVaxdJd2ktkZ","2026-09-26T20:10:00.000Z","Atlanta Braves @ Miami Marlins","Atlanta Braves","Miami Marlins","2","full","FULL_INNING_TOTAL","over","","points-all-2i-ou-over","draftkings","0.5","false","115","2026-09-26T13:25:36.276Z","0.5","0.5","130","114",""
"SPORTSGAMEODDS","g1znbFR9pVaxdJd2ktkZ","2026-09-26T20:10:00.000Z","Atlanta Braves @ Miami Marlins","Atlanta Braves","Miami Marlins","2","full","FULL_INNING_TOTAL","over","","points-all-2i-ou-over","draftkings","1.5","true","275","2026-09-26T13:25:36.276Z","0.5","0.5","","",""
"SPORTSGAMEODDS","g1znbFR9pVaxdJd2ktkZ","2026-09-26T20:10:00.000Z","Atlanta Braves @ Miami Marlins","Atlanta Braves","Miami Marlins","2","full","FULL_INNING_TOTAL","over","","points-all-2i-ou-over","fliff","0.5","false","-105","2026-09-26T13:23:52.193Z","0.5","0.5","130","114",""
"SPORTSGAMEODDS","g1znbFR9pVaxdJd2ktkZ","2026-09-26T20:10:00.000Z","Atlanta Braves @ Miami Marlins","Atlanta Braves","Miami Marlins","2","full","FULL_INNING_TOTAL","under","","points-all-2i-ou-under","fanduel","0.5","false","-140","2026-09-26T13:25:34.000Z","0.5","0.5","-130","-155","https://sportsbook.fanduel.com/addToBetslip?marketId=717.188569151&selectionId=7017906"
"SPORTSGAMEODDS","g1znbFR9pVaxdJd2ktkZ","2026-09-26T20:10:00.000Z","Atlanta Braves @ Miami Marlins","Atlanta Braves","Miami Marlins","2","full","FULL_INNING_TOTAL","under","","points-all-2i-ou-under","fanduel","1.5","true","-385","2026-09-26T13:25:34.000Z","0.5","0.5","","","https://sportsbook.fanduel.com/addToBetslip?marketId=717.188569151&selectionId=7017906"
"SPORTSGAMEODDS","g1znbFR9pVaxdJd2ktkZ","2026-09-26T20:10:00.000Z","Atlanta Braves @ Miami Marlins","Atlanta Braves","Miami Marlins","2","full","FULL_INNING_TOTAL","under","","points-all-2i-ou-under","draftkings","0.5","false","-155","2026-09-26T13:25:36.276Z","0.5","0.5","-130","-155",""
"SPORTSGAMEODDS","g1znbFR9pVaxdJd2ktkZ","2026-09-26T20:10:00.000Z","Atlanta Braves @ Miami Marlins","Atlanta Braves","Miami Marlins","2","full","FULL_INNING_TOTAL","under","","points-all-2i-ou-under","draftkings","1.5","true","-390","2026-09-26T13:25:36.276Z","0.5","0.5","","",""
"SPORTSGAMEODDS","g1znbFR9pVaxdJd2ktkZ","2026-09-26T20:10:00.000Z","Atlanta Braves @ Miami Marlins","Atlanta Braves","Miami Marlins","2","full","FULL_INNING_TOTAL","under","","points-all-2i-ou-under","fliff","0.5","false","-155","2026-09-26T13:23:52.193Z","0.5","0.5","-130","-155",""
"SPORTSGAMEODDS","g1znbFR9pVaxdJd2ktkZ","2026-09-26T20:10:00.000Z","Atlanta Braves @ Miami Marlins","Atlanta Braves","Miami Marlins","3","full","FULL_INNING_3WAY","draw","","points-all-3i-ml3way-draw","fanduel","","false","-135","2026-09-26T13:25:34.000Z","","","","","https://sportsbook.fanduel.com/addToBetslip?marketId=717.188569068&selectionId=131604"
"SPORTSGAMEODDS","g1znbFR9pVaxdJd2ktkZ","2026-09-26T20:10:00.000Z","Atlanta Braves @ Miami Marlins","Atlanta Braves","Miami Marlins","3","full","FULL_INNING_3WAY","draw","","points-all-3i-ml3way-draw","draftkings","","false","-125","2026-09-26T13:25:36.276Z","","","","",""
"SPORTSGAMEODDS","g1znbFR9pVaxdJd2ktkZ","2026-09-26T20:10:00.000Z","Atlanta Braves @ Miami Marlins","Atlanta Braves","Miami Marlins","3","full","FULL_INNING_TOTAL","over","","points-all-3i-ou-over","fanduel","0.5","false","-110","2026-09-26T13:25:34.000Z","0.5","0.5","-102","-120","https://sportsbook.fanduel.com/addToBetslip?marketId=717.188569089&selectionId=7017905"
"SPORTSGAMEODDS","g1znbFR9pVaxdJd2ktkZ","2026-09-26T20:10:00.000Z","Atlanta Braves @ Miami Marlins","Atlanta Braves","Miami Marlins","3","full","FULL_INNING_TOTAL","over","","points-all-3i-ou-over","fanduel","1.5","true","225","2026-09-26T13:25:34.000Z","0.5","0.5","","","https://sportsbook.fanduel.com/addToBetslip?marketId=717.188569089&selectionId=7017905"
"SPORTSGAMEODDS","g1znbFR9pVaxdJd2ktkZ","2026-09-26T20:10:00.000Z","Atlanta Braves @ Miami Marlins","Atlanta Braves","Miami Marlins","3","full","FULL_INNING_TOTAL","over","","points-all-3i-ou-over","draftkings","0.5","false","-120","2026-09-26T13:25:36.276Z","0.5","0.5","-102","-120",""
"SPORTSGAMEODDS","g1znbFR9pVaxdJd2ktkZ","2026-09-26T20:10:00.000Z","Atlanta Braves @ Miami Marlins","Atlanta Braves","Miami Marlins","3","full","FULL_INNING_TOTAL","over","","points-all-3i-ou-over","draftkings","1.5","true","190","2026-09-26T13:25:36.276Z","0.5","0.5","","",""
"SPORTSGAMEODDS","g1znbFR9pVaxdJd2ktkZ","2026-09-26T20:10:00.000Z","Atlanta Braves @ Miami Marlins","Atlanta Braves","Miami Marlins","3","full","FULL_INNING_TOTAL","over","","points-all-3i-ou-over","fliff","0.5","false","-125","2026-09-26T13:23:52.193Z","0.5","0.5","-102","-120",""
"SPORTSGAMEODDS","g1znbFR9pVaxdJd2ktkZ","2026-09-26T20:10:00.000Z","Atlanta Braves @ Miami Marlins","Atlanta Braves","Miami Marlins","3","full","FULL_INNING_TOTAL","under","","points-all-3i-ou-under","fanduel","0.5","false","-110","2026-09-26T13:25:34.000Z","0.5","0.5","102","-115","https://sportsbook.fanduel.com/addToBetslip?marketId=717.188569089&selectionId=7017906"
"SPORTSGAMEODDS","g1znbFR9pVaxdJd2ktkZ","2026-09-26T20:10:00.000Z","Atlanta Braves @ Miami Marlins","Atlanta Braves","Miami Marlins","3","full","FULL_INNING_TOTAL","under","","points-all-3i-ou-under","fanduel","1.5","true","-290","2026-09-26T13:25:34.000Z","0.5","0.5","","","https://sportsbook.fanduel.com/addToBetslip?marketId=717.188569089&selectionId=7017906"
"SPORTSGAMEODDS","g1znbFR9pVaxdJd2ktkZ","2026-09-26T20:10:00.000Z","Atlanta Braves @ Miami Marlins","Atlanta Braves","Miami Marlins","3","full","FULL_INNING_TOTAL","under","","points-all-3i-ou-under","draftkings","0.5","false","-115","2026-09-26T13:25:36.276Z","0.5","0.5","102","-115",""
"SPORTSGAMEODDS","g1znbFR9pVaxdJd2ktkZ","2026-09-26T20:10:00.000Z","Atlanta Braves @ Miami Marlins","Atlanta Braves","Miami Marlins","3","full","FULL_INNING_TOTAL","under","","points-all-3i-ou-under","draftkings","1.5","true","-265","2026-09-26T13:25:36.276Z","0.5","0.5","","",""
"SPORTSGAMEODDS","g1znbFR9pVaxdJd2ktkZ","2026-09-26T20:10:00.000Z","Atlanta Braves @ Miami Marlins","Atlanta Braves","Miami Marlins","3","full","FULL_INNING_TOTAL","under","","points-all-3i-ou-under","fliff","0.5","false","-125","2026-09-26T13:23:52.193Z","0.5","0.5","102","-115",""
"SPORTSGAMEODDS","g1znbFR9pVaxdJd2ktkZ","2026-09-26T20:10:00.000Z","Atlanta Braves @ Miami Marlins","Atlanta Braves","Miami Marlins","4","full","FULL_INNING_3WAY","draw","","points-all-4i-ml3way-draw","fanduel","","false","-145","2026-09-26T13:25:34.000Z","","","","","https://sportsbook.fanduel.com/addToBetslip?marketId=717.188569184&selectionId=131604"
"SPORTSGAMEODDS","g1znbFR9pVaxdJd2ktkZ","2026-09-26T20:10:00.000Z","Atlanta Braves @ Miami Marlins","Atlanta Braves","Miami Marlins","4","full","FULL_INNING_3WAY","draw","","points-all-4i-ml3way-draw","draftkings","","false","-120","2026-09-26T13:25:36.276Z","","","","",""
"SPORTSGAMEODDS","g1znbFR9pVaxdJd2ktkZ","2026-09-26T20:10:00.000Z","Atlanta Braves @ Miami Marlins","Atlanta Braves","Miami Marlins","4","full","FULL_INNING_TOTAL","over","","points-all-4i-ou-over","fanduel","0.5","false","-104","2026-09-26T13:25:34.000Z","0.5","0.5","-101","-120","https://sportsbook.fanduel.com/addToBetslip?marketId=717.188569066&selectionId=7017905"
"SPORTSGAMEODDS","g1znbFR9pVaxdJd2ktkZ","2026-09-26T20:10:00.000Z","Atlanta Braves @ Miami Marlins","Atlanta Braves","Miami Marlins","4","full","FULL_INNING_TOTAL","over","","points-all-4i-ou-over","fanduel","1.5","true","245","2026-09-26T13:25:34.000Z","0.5","0.5","","","https://sportsbook.fanduel.com/addToBetslip?marketId=717.188569066&selectionId=7017905"
"SPORTSGAMEODDS","g1znbFR9pVaxdJd2ktkZ","2026-09-26T20:10:00.000Z","Atlanta Braves @ Miami Marlins","Atlanta Braves","Miami Marlins","4","full","FULL_INNING_TOTAL","over","","points-all-4i-ou-over","draftkings","0.5","false","-125","2026-09-26T13:25:36.276Z","0.5","0.5","-101","-120",""
"SPORTSGAMEODDS","g1znbFR9pVaxdJd2ktkZ","2026-09-26T20:10:00.000Z","Atlanta Braves @ Miami Marlins","Atlanta Braves","Miami Marlins","4","full","FULL_INNING_TOTAL","over","","points-all-4i-ou-over","draftkings","1.5","true","185","2026-09-26T13:25:36.276Z","0.5","0.5","","",""
"SPORTSGAMEODDS","g1znbFR9pVaxdJd2ktkZ","2026-09-26T20:10:00.000Z","Atlanta Braves @ Miami Marlins","Atlanta Braves","Miami Marlins","4","full","FULL_INNING_TOTAL","over","","points-all-4i-ou-over","fliff","0.5","false","-120","2026-09-26T13:23:52.193Z","0.5","0.5","-101","-120",""
"SPORTSGAMEODDS","g1znbFR9pVaxdJd2ktkZ","2026-09-26T20:10:00.000Z","Atlanta Braves @ Miami Marlins","Atlanta Braves","Miami Marlins","4","full","FULL_INNING_TOTAL","under","","points-all-4i-ou-under","fanduel","0.5","false","-118","2026-09-26T13:25:34.000Z","0.5","0.5","101","-118","https://sportsbook.fanduel.com/addToBetslip?marketId=717.188569066&selectionId=7017906"
"SPORTSGAMEODDS","g1znbFR9pVaxdJd2ktkZ","2026-09-26T20:10:00.000Z","Atlanta Braves @ Miami Marlins","Atlanta Braves","Miami Marlins","4","full","FULL_INNING_TOTAL","under","","points-all-4i-ou-under","fanduel","1.5","true","-310","2026-09-26T13:25:34.000Z","0.5","0.5","","","https://sportsbook.fanduel.com/addToBetslip?marketId=717.188569066&selectionId=7017906"
"SPORTSGAMEODDS","g1znbFR9pVaxdJd2ktkZ","2026-09-26T20:10:00.000Z","Atlanta Braves @ Miami Marlins","Atlanta Braves","Miami Marlins","4","full","FULL_INNING_TOTAL","under","","points-all-4i-ou-under","draftkings","0.5","false","-110","2026-09-26T13:25:36.276Z","0.5","0.5","101","-118",""
"SPORTSGAMEODDS","g1znbFR9pVaxdJd2ktkZ","2026-09-26T20:10:00.000Z","Atlanta Braves @ Miami Marlins","Atlanta Braves","Miami Marlins","4","full","FULL_INNING_TOTAL","under","","points-all-4i-ou-under","draftkings","1.5","true","-250","2026-09-26T13:25:36.276Z","0.5","0.5","","",""
"SPORTSGAMEODDS","g1znbFR9pVaxdJd2ktkZ","2026-09-26T20:10:00.000Z","Atlanta Braves @ Miami Marlins","Atlanta Braves","Miami Marlins","4","full","FULL_INNING_TOTAL","under","","points-all-4i-ou-under","fliff","0.5","false","-135","2026-09-26T13:23:52.193Z","0.5","0.5","101","-118",""
"SPORTSGAMEODDS","g1znbFR9pVaxdJd2ktkZ","2026-09-26T20:10:00.000Z","Atlanta Braves @ Miami Marlins","Atlanta Braves","Miami Marlins","5","full","FULL_INNING_3WAY","draw","","points-all-5i-ml3way-draw","fanduel","","false","-145","2026-09-26T13:25:34.000Z","","","","","https://sportsbook.fanduel.com/addToBetslip?marketId=717.188569172&selectionId=131604"
"SPORTSGAMEODDS","g1znbFR9pVaxdJd2ktkZ","2026-09-26T20:10:00.000Z","Atlanta Braves @ Miami Marlins","Atlanta Braves","Miami Marlins","5","full","FULL_INNING_3WAY","draw","","points-all-5i-ml3way-draw","draftkings","","false","-110","2026-09-26T13:25:36.276Z","","","","",""
"SPORTSGAMEODDS","g1znbFR9pVaxdJd2ktkZ","2026-09-26T20:10:00.000Z","Atlanta Braves @ Miami Marlins","Atlanta Braves","Miami Marlins","5","full","FULL_INNING_TOTAL","over","","points-all-5i-ou-over","fanduel","0.5","false","-102","2026-09-26T13:25:34.000Z","0.5","0.5","-102","-125","https://sportsbook.fanduel.com/addToBetslip?marketId=717.188569061&selectionId=7017905"
"SPORTSGAMEODDS","g1znbFR9pVaxdJd2ktkZ","2026-09-26T20:10:00.000Z","Atlanta Braves @ Miami Marlins","Atlanta Braves","Miami Marlins","5","full","FULL_INNING_TOTAL","over","","points-all-5i-ou-over","fanduel","1.5","true","260","2026-09-26T13:25:34.000Z","0.5","0.5","","","https://sportsbook.fanduel.com/addToBetslip?marketId=717.188569061&selectionId=7017905"
"SPORTSGAMEODDS","g1znbFR9pVaxdJd2ktkZ","2026-09-26T20:10:00.000Z","Atlanta Braves @ Miami Marlins","Atlanta Braves","Miami Marlins","5","full","FULL_INNING_TOTAL","over","","points-all-5i-ou-over","draftkings","0.5","false","-140","2026-09-26T13:25:36.276Z","0.5","0.5","-102","-125",""
"SPORTSGAMEODDS","g1znbFR9pVaxdJd2ktkZ","2026-09-26T20:10:00.000Z","Atlanta Braves @ Miami Marlins","Atlanta Braves","Miami Marlins","5","full","FULL_INNING_TOTAL","over","","points-all-5i-ou-over","draftkings","1.5","true","185","2026-09-26T13:25:36.276Z","0.5","0.5","","",""
"SPORTSGAMEODDS","g1znbFR9pVaxdJd2ktkZ","2026-09-26T20:10:00.000Z","Atlanta Braves @ Miami Marlins","Atlanta Braves","Miami Marlins","5","full","FULL_INNING_TOTAL","over","","points-all-5i-ou-over","fliff","0.5","false","-125","2026-09-26T13:23:52.193Z","0.5","0.5","-102","-125",""
"SPORTSGAMEODDS","g1znbFR9pVaxdJd2ktkZ","2026-09-26T20:10:00.000Z","Atlanta Braves @ Miami Marlins","Atlanta Braves","Miami Marlins","5","full","FULL_INNING_TOTAL","under","","points-all-5i-ou-under","fanduel","0.5","false","-120","2026-09-26T13:25:34.000Z","0.5","0.5","102","-120","https://sportsbook.fanduel.com/addToBetslip?marketId=717.188569061&selectionId=7017906"
"SPORTSGAMEODDS","g1znbFR9pVaxdJd2ktkZ","2026-09-26T20:10:00.000Z","Atlanta Braves @ Miami Marlins","Atlanta Braves","Miami Marlins","5","full","FULL_INNING_TOTAL","under","","points-all-5i-ou-under","fanduel","1.5","true","-340","2026-09-26T13:25:34.000Z","0.5","0.5","","","https://sportsbook.fanduel.com/addToBetslip?marketId=717.188569061&selectionId=7017906"
"SPORTSGAMEODDS","g1znbFR9pVaxdJd2ktkZ","2026-09-26T20:10:00.000Z","Atlanta Braves @ Miami Marlins","Atlanta Braves","Miami Marlins","5","full","FULL_INNING_TOTAL","under","","points-all-5i-ou-under","draftkings","0.5","false","105","2026-09-26T13:25:36.276Z","0.5","0.5","102","-120",""
"SPORTSGAMEODDS","g1znbFR9pVaxdJd2ktkZ","2026-09-26T20:10:00.000Z","Atlanta Braves @ Miami Marlins","Atlanta Braves","Miami Marlins","5","full","FULL_INNING_TOTAL","under","","points-all-5i-ou-under","draftkings","1.5","true","-255","2026-09-26T13:25:36.276Z","0.5","0.5","","",""
"SPORTSGAMEODDS","g1znbFR9pVaxdJd2ktkZ","2026-09-26T20:10:00.000Z","Atlanta Braves @ Miami Marlins","Atlanta Braves","Miami Marlins","5","full","FULL_INNING_TOTAL","under","","points-all-5i-ou-under","fliff","0.5","false","-130","2026-09-26T13:23:52.193Z","0.5","0.5","102","-120",""
"SPORTSGAMEODDS","g1znbFR9pVaxdJd2ktkZ","2026-09-26T20:10:00.000Z","Atlanta Braves @ Miami Marlins","Atlanta Braves","Miami Marlins","6","full","FULL_INNING_3WAY","draw","","points-all-6i-ml3way-draw","fanduel","","false","-145","2026-09-26T13:25:34.000Z","","","","","https://sportsbook.fanduel.com/addToBetslip?marketId=717.188569135&selectionId=131604"
"SPORTSGAMEODDS","g1znbFR9pVaxdJd2ktkZ","2026-09-26T20:10:00.000Z","Atlanta Braves @ Miami Marlins","Atlanta Braves","Miami Marlins","6","full","FULL_INNING_3WAY","draw","","points-all-6i-ml3way-draw","draftkings","","false","-175","2026-09-26T13:25:36.276Z","","","","",""
"SPORTSGAMEODDS","g1znbFR9pVaxdJd2ktkZ","2026-09-26T20:10:00.000Z","Atlanta Braves @ Miami Marlins","Atlanta Braves","Miami Marlins","6","full","FULL_INNING_TOTAL","over","","points-all-6i-ou-over","fanduel","0.5","false","104","2026-09-26T13:25:34.000Z","0.5","0.5","122","104","https://sportsbook.fanduel.com/addToBetslip?marketId=717.188569070&selectionId=7017905"
"SPORTSGAMEODDS","g1znbFR9pVaxdJd2ktkZ","2026-09-26T20:10:00.000Z","Atlanta Braves @ Miami Marlins","Atlanta Braves","Miami Marlins","6","full","FULL_INNING_TOTAL","over","","points-all-6i-ou-over","fanduel","1.5","true","280","2026-09-26T13:25:34.000Z","0.5","0.5","","","https://sportsbook.fanduel.com/addToBetslip?marketId=717.188569070&selectionId=7017905"
"SPORTSGAMEODDS","g1znbFR9pVaxdJd2ktkZ","2026-09-26T20:10:00.000Z","Atlanta Braves @ Miami Marlins","Atlanta Braves","Miami Marlins","6","full","FULL_INNING_TOTAL","over","","points-all-6i-ou-over","draftkings","0.5","false","115","2026-09-26T13:25:36.276Z","0.5","0.5","122","104",""
"SPORTSGAMEODDS","g1znbFR9pVaxdJd2ktkZ","2026-09-26T20:10:00.000Z","Atlanta Braves @ Miami Marlins","Atlanta Braves","Miami Marlins","6","full","FULL_INNING_TOTAL","over","","points-all-6i-ou-over","draftkings","1.5","true","285","2026-09-26T13:25:36.276Z","0.5","0.5","","",""
"SPORTSGAMEODDS","g1znbFR9pVaxdJd2ktkZ","2026-09-26T20:10:00.000Z","Atlanta Braves @ Miami Marlins","Atlanta Braves","Miami Marlins","6","full","FULL_INNING_TOTAL","over","","points-all-6i-ou-over","fliff","0.5","false","-110","2026-09-26T13:23:52.193Z","0.5","0.5","122","104",""
"SPORTSGAMEODDS","g1znbFR9pVaxdJd2ktkZ","2026-09-26T20:10:00.000Z","Atlanta Braves @ Miami Marlins","Atlanta Braves","Miami Marlins","6","full","FULL_INNING_TOTAL","under","","points-all-6i-ou-under","fanduel","0.5","false","-128","2026-09-26T13:25:34.000Z","0.5","0.5","-122","-150","https://sportsbook.fanduel.com/addToBetslip?marketId=717.188569070&selectionId=7017906"
"SPORTSGAMEODDS","g1znbFR9pVaxdJd2ktkZ","2026-09-26T20:10:00.000Z","Atlanta Braves @ Miami Marlins","Atlanta Braves","Miami Marlins","6","full","FULL_INNING_TOTAL","under","","points-all-6i-ou-under","fanduel","1.5","true","-370","2026-09-26T13:25:34.000Z","0.5","0.5","","","https://sportsbook.fanduel.com/addToBetslip?marketId=717.188569070&selectionId=7017906"
"SPORTSGAMEODDS","g1znbFR9pVaxdJd2ktkZ","2026-09-26T20:10:00.000Z","Atlanta Braves @ Miami Marlins","Atlanta Braves","Miami Marlins","6","full","FULL_INNING_TOTAL","under","","points-all-6i-ou-under","draftkings","0.5","false","-155","2026-09-26T13:25:36.276Z","0.5","0.5","-122","-150",""
"SPORTSGAMEODDS","g1znbFR9pVaxdJd2ktkZ","2026-09-26T20:10:00.000Z","Atlanta Braves @ Miami Marlins","Atlanta Braves","Miami Marlins","6","full","FULL_INNING_TOTAL","under","","points-all-6i-ou-under","draftkings","1.5","true","-400","2026-09-26T13:25:36.276Z","0.5","0.5","","",""
"SPORTSGAMEODDS","g1znbFR9pVaxdJd2ktkZ","2026-09-26T20:10:00.000Z","Atlanta Braves @ Miami Marlins","Atlanta Braves","Miami Marlins","6","full","FULL_INNING_TOTAL","under","","points-all-6i-ou-under","fliff","0.5","false","-150","2026-09-26T13:23:52.193Z","0.5","0.5","-122","-150",""
"SPORTSGAMEODDS","g1znbFR9pVaxdJd2ktkZ","2026-09-26T20:10:00.000Z","Atlanta Braves @ Miami Marlins","Atlanta Braves","Miami Marlins","7","full","FULL_INNING_3WAY","draw","","points-all-7i-ml3way-draw","fanduel","","false","-165","2026-09-26T13:25:34.000Z","","","","","https://sportsbook.fanduel.com/addToBetslip?marketId=717.188569199&selectionId=131604"
"SPORTSGAMEODDS","g1znbFR9pVaxdJd2ktkZ","2026-09-26T20:10:00.000Z","Atlanta Braves @ Miami Marlins","Atlanta Braves","Miami Marlins","7","full","FULL_INNING_3WAY","draw","","points-all-7i-ml3way-draw","draftkings","","false","-175","2026-09-26T13:25:36.276Z","","","","",""
"SPORTSGAMEODDS","g1znbFR9pVaxdJd2ktkZ","2026-09-26T20:10:00.000Z","Atlanta Braves @ Miami Marlins","Atlanta Braves","Miami Marlins","7","full","FULL_INNING_TOTAL","over","","points-all-7i-ou-over","fanduel","0.5","false","114","2026-09-26T13:25:34.000Z","0.5","0.5","126","110","https://sportsbook.fanduel.com/addToBetslip?marketId=717.188569102&selectionId=7017905"
"SPORTSGAMEODDS","g1znbFR9pVaxdJd2ktkZ","2026-09-26T20:10:00.000Z","Atlanta Braves @ Miami Marlins","Atlanta Braves","Miami Marlins","7","full","FULL_INNING_TOTAL","over","","points-all-7i-ou-over","fanduel","1.5","true","280","2026-09-26T13:25:34.000Z","0.5","0.5","","","https://sportsbook.fanduel.com/addToBetslip?marketId=717.188569102&selectionId=7017905"
"SPORTSGAMEODDS","g1znbFR9pVaxdJd2ktkZ","2026-09-26T20:10:00.000Z","Atlanta Braves @ Miami Marlins","Atlanta Braves","Miami Marlins","7","full","FULL_INNING_TOTAL","over","","points-all-7i-ou-over","draftkings","0.5","false","110","2026-09-26T13:25:36.276Z","0.5","0.5","126","110",""
"SPORTSGAMEODDS","g1znbFR9pVaxdJd2ktkZ","2026-09-26T20:10:00.000Z","Atlanta Braves @ Miami Marlins","Atlanta Braves","Miami Marlins","7","full","FULL_INNING_TOTAL","over","","points-all-7i-ou-over","draftkings","1.5","true","280","2026-09-26T13:25:36.276Z","0.5","0.5","","",""
"SPORTSGAMEODDS","g1znbFR9pVaxdJd2ktkZ","2026-09-26T20:10:00.000Z","Atlanta Braves @ Miami Marlins","Atlanta Braves","Miami Marlins","7","full","FULL_INNING_TOTAL","over","","points-all-7i-ou-over","fliff","0.5","false","-105","2026-09-26T13:23:52.193Z","0.5","0.5","126","110",""
"SPORTSGAMEODDS","g1znbFR9pVaxdJd2ktkZ","2026-09-26T20:10:00.000Z","Atlanta Braves @ Miami Marlins","Atlanta Braves","Miami Marlins","7","full","FULL_INNING_TOTAL","under","","points-all-7i-ou-under","fanduel","0.5","false","-140","2026-09-26T13:25:34.000Z","0.5","0.5","-126","-150","https://sportsbook.fanduel.com/addToBetslip?marketId=717.188569102&selectionId=7017906"
"SPORTSGAMEODDS","g1znbFR9pVaxdJd2ktkZ","2026-09-26T20:10:00.000Z","Atlanta Braves @ Miami Marlins","Atlanta Braves","Miami Marlins","7","full","FULL_INNING_TOTAL","under","","points-all-7i-ou-under","fanduel","1.5","true","-370","2026-09-26T13:25:34.000Z","0.5","0.5","","","https://sportsbook.fanduel.com/addToBetslip?marketId=717.188569102&selectionId=7017906"
"SPORTSGAMEODDS","g1znbFR9pVaxdJd2ktkZ","2026-09-26T20:10:00.000Z","Atlanta Braves @ Miami Marlins","Atlanta Braves","Miami Marlins","7","full","FULL_INNING_TOTAL","under","","points-all-7i-ou-under","draftkings","0.5","false","-150","2026-09-26T13:25:36.276Z","0.5","0.5","-126","-150",""
"SPORTSGAMEODDS","g1znbFR9pVaxdJd2ktkZ","2026-09-26T20:10:00.000Z","Atlanta Braves @ Miami Marlins","Atlanta Braves","Miami Marlins","7","full","FULL_INNING_TOTAL","under","","points-all-7i-ou-under","draftkings","1.5","true","-400","2026-09-26T13:25:36.276Z","0.5","0.5","","",""
"SPORTSGAMEODDS","g1znbFR9pVaxdJd2ktkZ","2026-09-26T20:10:00.000Z","Atlanta Braves @ Miami Marlins","Atlanta Braves","Miami Marlins","7","full","FULL_INNING_TOTAL","under","","points-all-7i-ou-under","fliff","0.5","false","-155","2026-09-26T13:23:52.193Z","0.5","0.5","-126","-150",""
"SPORTSGAMEODDS","g1znbFR9pVaxdJd2ktkZ","2026-09-26T20:10:00.000Z","Atlanta Braves @ Miami Marlins","Atlanta Braves","Miami Marlins","8","full","FULL_INNING_3WAY","draw","","points-all-8i-ml3way-draw","fanduel","","false","-160","2026-09-26T13:25:34.000Z","","","","","https://sportsbook.fanduel.com/addToBetslip?marketId=717.188569196&selectionId=131604"
"SPORTSGAMEODDS","g1znbFR9pVaxdJd2ktkZ","2026-09-26T20:10:00.000Z","Atlanta Braves @ Miami Marlins","Atlanta Braves","Miami Marlins","8","full","FULL_INNING_3WAY","draw","","points-all-8i-ml3way-draw","draftkings","","false","-170","2026-09-26T13:25:36.276Z","","","","",""
"SPORTSGAMEODDS","g1znbFR9pVaxdJd2ktkZ","2026-09-26T20:10:00.000Z","Atlanta Braves @ Miami Marlins","Atlanta Braves","Miami Marlins","8","full","FULL_INNING_TOTAL","over","","points-all-8i-ou-over","fanduel","0.5","false","110","2026-09-26T13:25:34.000Z","0.5","0.5","126","110","https://sportsbook.fanduel.com/addToBetslip?marketId=717.188569114&selectionId=7017905"
"SPORTSGAMEODDS","g1znbFR9pVaxdJd2ktkZ","2026-09-26T20:10:00.000Z","Atlanta Braves @ Miami Marlins","Atlanta Braves","Miami Marlins","8","full","FULL_INNING_TOTAL","over","","points-all-8i-ou-over","fanduel","1.5","true","290","2026-09-26T13:25:34.000Z","0.5","0.5","","","https://sportsbook.fanduel.com/addToBetslip?marketId=717.188569114&selectionId=7017905"
"SPORTSGAMEODDS","g1znbFR9pVaxdJd2ktkZ","2026-09-26T20:10:00.000Z","Atlanta Braves @ Miami Marlins","Atlanta Braves","Miami Marlins","8","full","FULL_INNING_TOTAL","over","","points-all-8i-ou-over","draftkings","0.5","false","110","2026-09-26T13:25:36.276Z","0.5","0.5","126","110",""
"SPORTSGAMEODDS","g1znbFR9pVaxdJd2ktkZ","2026-09-26T20:10:00.000Z","Atlanta Braves @ Miami Marlins","Atlanta Braves","Miami Marlins","8","full","FULL_INNING_TOTAL","over","","points-all-8i-ou-over","draftkings","1.5","true","275","2026-09-26T13:25:36.276Z","0.5","0.5","","",""
"SPORTSGAMEODDS","g1znbFR9pVaxdJd2ktkZ","2026-09-26T20:10:00.000Z","Atlanta Braves @ Miami Marlins","Atlanta Braves","Miami Marlins","8","full","FULL_INNING_TOTAL","over","","points-all-8i-ou-over","fliff","0.5","false","-105","2026-09-26T13:23:52.193Z","0.5","0.5","126","110",""
"SPORTSGAMEODDS","g1znbFR9pVaxdJd2ktkZ","2026-09-26T20:10:00.000Z","Atlanta Braves @ Miami Marlins","Atlanta Braves","Miami Marlins","8","full","FULL_INNING_TOTAL","under","","points-all-8i-ou-under","fanduel","0.5","false","-134","2026-09-26T13:25:34.000Z","0.5","0.5","-126","-150","https://sportsbook.fanduel.com/addToBetslip?marketId=717.188569114&selectionId=7017906"
"SPORTSGAMEODDS","g1znbFR9pVaxdJd2ktkZ","2026-09-26T20:10:00.000Z","Atlanta Braves @ Miami Marlins","Atlanta Braves","Miami Marlins","8","full","FULL_INNING_TOTAL","under","","points-all-8i-ou-under","fanduel","1.5","true","-360","2026-09-26T13:25:34.000Z","0.5","0.5","","","https://sportsbook.fanduel.com/addToBetslip?marketId=717.188569114&selectionId=7017906"
"SPORTSGAMEODDS","g1znbFR9pVaxdJd2ktkZ","2026-09-26T20:10:00.000Z","Atlanta Braves @ Miami Marlins","Atlanta Braves","Miami Marlins","8","full","FULL_INNING_TOTAL","under","","points-all-8i-ou-under","draftkings","0.5","false","-150","2026-09-26T13:25:36.276Z","0.5","0.5","-126","-150",""
"SPORTSGAMEODDS","g1znbFR9pVaxdJd2ktkZ","2026-09-26T20:10:00.000Z","Atlanta Braves @ Miami Marlins","Atlanta Braves","Miami Marlins","8","full","FULL_INNING_TOTAL","under","","points-all-8i-ou-under","draftkings","1.5","true","-390","2026-09-26T13:25:36.276Z","0.5","0.5","","",""
"SPORTSGAMEODDS","g1znbFR9pVaxdJd2ktkZ","2026-09-26T20:10:00.000Z","Atlanta Braves @ Miami Marlins","Atlanta Braves","Miami Marlins","8","full","FULL_INNING_TOTAL","under","","points-all-8i-ou-under","fliff","0.5","false","-155","2026-09-26T13:23:52.193Z","0.5","0.5","-126","-150",""
"SPORTSGAMEODDS","g1znbFR9pVaxdJd2ktkZ","2026-09-26T20:10:00.000Z","Atlanta Braves @ Miami Marlins","Atlanta Braves","Miami Marlins","9","full","FULL_INNING_3WAY","draw","","points-all-9i-ml3way-draw","fanduel","","false","-240","2026-09-26T13:25:34.000Z","","","","","https://sportsbook.fanduel.com/addToBetslip?marketId=717.188569204&selectionId=131604"
"SPORTSGAMEODDS","g1znbFR9pVaxdJd2ktkZ","2026-09-26T20:10:00.000Z","Atlanta Braves @ Miami Marlins","Atlanta Braves","Miami Marlins","9","full","FULL_INNING_3WAY","draw","","points-all-9i-ml3way-draw","draftkings","","false","-245","2026-09-26T13:25:36.276Z","","","","",""
"SPORTSGAMEODDS","g1znbFR9pVaxdJd2ktkZ","2026-09-26T20:10:00.000Z","Atlanta Braves @ Miami Marlins","Atlanta Braves","Miami Marlins","9","full","FULL_INNING_TOTAL","over","","points-all-9i-ou-over","fanduel","0.5","false","172","2026-09-26T13:25:34.000Z","","0.5","","163","https://sportsbook.fanduel.com/addToBetslip?marketId=717.188569192&selectionId=7017905"
"SPORTSGAMEODDS","g1znbFR9pVaxdJd2ktkZ","2026-09-26T20:10:00.000Z","Atlanta Braves @ Miami Marlins","Atlanta Braves","Miami Marlins","9","full","FULL_INNING_TOTAL","over","","points-all-9i-ou-over","fanduel","1.5","true","440","2026-09-26T13:25:34.000Z","","0.5","","","https://sportsbook.fanduel.com/addToBetslip?marketId=717.188569192&selectionId=7017905"
"SPORTSGAMEODDS","g1znbFR9pVaxdJd2ktkZ","2026-09-26T20:10:00.000Z","Atlanta Braves @ Miami Marlins","Atlanta Braves","Miami Marlins","9","full","FULL_INNING_TOTAL","over","","points-all-9i-ou-over","draftkings","0.5","false","155","2026-09-26T13:25:36.276Z","","0.5","","163",""
"SPORTSGAMEODDS","g1znbFR9pVaxdJd2ktkZ","2026-09-26T20:10:00.000Z","Atlanta Braves @ Miami Marlins","Atlanta Braves","Miami Marlins","9","full","FULL_INNING_TOTAL","over","","points-all-9i-ou-over","draftkings","1.5","true","380","2026-09-26T13:25:36.276Z","","0.5","","",""
"SPORTSGAMEODDS","g1znbFR9pVaxdJd2ktkZ","2026-09-26T20:10:00.000Z","Atlanta Braves @ Miami Marlins","Atlanta Braves","Miami Marlins","9","full","FULL_INNING_TOTAL","under","","points-all-9i-ou-under","fanduel","0.5","false","-215","2026-09-26T13:25:34.000Z","","0.5","","-215","https://sportsbook.fanduel.com/addToBetslip?marketId=717.188569192&selectionId=7017906"
"SPORTSGAMEODDS","g1znbFR9pVaxdJd2ktkZ","2026-09-26T20:10:00.000Z","Atlanta Braves @ Miami Marlins","Atlanta Braves","Miami Marlins","9","full","FULL_INNING_TOTAL","under","","points-all-9i-ou-under","fanduel","1.5","true","-650","2026-09-26T13:25:34.000Z","","0.5","","","https://sportsbook.fanduel.com/addToBetslip?marketId=717.188569192&selectionId=7017906"
"SPORTSGAMEODDS","g1znbFR9pVaxdJd2ktkZ","2026-09-26T20:10:00.000Z","Atlanta Braves @ Miami Marlins","Atlanta Braves","Miami Marlins","9","full","FULL_INNING_TOTAL","under","","points-all-9i-ou-under","draftkings","0.5","false","-215","2026-09-26T13:25:36.276Z","","0.5","","-215",""
"SPORTSGAMEODDS","g1znbFR9pVaxdJd2ktkZ","2026-09-26T20:10:00.000Z","Atlanta Braves @ Miami Marlins","Atlanta Braves","Miami Marlins","9","full","FULL_INNING_TOTAL","under","","points-all-9i-ou-under","draftkings","1.5","true","-550","2026-09-26T13:25:36.276Z","","0.5","","",""
"SPORTSGAMEODDS","g1znbFR9pVaxdJd2ktkZ","2026-09-26T20:10:00.000Z","Atlanta Braves @ Miami Marlins","Atlanta Braves","Miami Marlins","2","full","FULL_INNING_3WAY","away","","points-away-2i-ml3way-away","fanduel","","false","330","2026-09-26T13:25:34.000Z","","","","","https://sportsbook.fanduel.com/addToBetslip?marketId=717.188569098&selectionId=7100960"
"SPORTSGAMEODDS","g1znbFR9pVaxdJd2ktkZ","2026-09-26T20:10:00.000Z","Atlanta Braves @ Miami Marlins","Atlanta Braves","Miami Marlins","2","full","FULL_INNING_3WAY","away","","points-away-2i-ml3way-away","draftkings","","false","330","2026-09-26T13:25:36.276Z","","","","",""
"SPORTSGAMEODDS","g1znbFR9pVaxdJd2ktkZ","2026-09-26T20:10:00.000Z","Atlanta Braves @ Miami Marlins","Atlanta Braves","Miami Marlins","3","full","FULL_INNING_3WAY","away","","points-away-3i-ml3way-away","fanduel","","false","280","2026-09-26T13:25:34.000Z","","","","","https://sportsbook.fanduel.com/addToBetslip?marketId=717.188569068&selectionId=7100960"
"SPORTSGAMEODDS","g1znbFR9pVaxdJd2ktkZ","2026-09-26T20:10:00.000Z","Atlanta Braves @ Miami Marlins","Atlanta Braves","Miami Marlins","3","full","FULL_INNING_3WAY","away","","points-away-3i-ml3way-away","draftkings","","false","250","2026-09-26T13:25:36.276Z","","","","",""
"SPORTSGAMEODDS","g1znbFR9pVaxdJd2ktkZ","2026-09-26T20:10:00.000Z","Atlanta Braves @ Miami Marlins","Atlanta Braves","Miami Marlins","4","full","FULL_INNING_3WAY","away","","points-away-4i-ml3way-away","fanduel","","false","310","2026-09-26T13:25:34.000Z","","","","","https://sportsbook.fanduel.com/addToBetslip?marketId=717.188569184&selectionId=7100960"
"SPORTSGAMEODDS","g1znbFR9pVaxdJd2ktkZ","2026-09-26T20:10:00.000Z","Atlanta Braves @ Miami Marlins","Atlanta Braves","Miami Marlins","4","full","FULL_INNING_3WAY","away","","points-away-4i-ml3way-away","draftkings","","false","245","2026-09-26T13:25:36.276Z","","","","",""
"SPORTSGAMEODDS","g1znbFR9pVaxdJd2ktkZ","2026-09-26T20:10:00.000Z","Atlanta Braves @ Miami Marlins","Atlanta Braves","Miami Marlins","5","full","FULL_INNING_3WAY","away","","points-away-5i-ml3way-away","fanduel","","false","310","2026-09-26T13:25:34.000Z","","","","","https://sportsbook.fanduel.com/addToBetslip?marketId=717.188569172&selectionId=7100960"
"SPORTSGAMEODDS","g1znbFR9pVaxdJd2ktkZ","2026-09-26T20:10:00.000Z","Atlanta Braves @ Miami Marlins","Atlanta Braves","Miami Marlins","5","full","FULL_INNING_3WAY","away","","points-away-5i-ml3way-away","draftkings","","false","215","2026-09-26T13:25:36.276Z","","","","",""
"SPORTSGAMEODDS","g1znbFR9pVaxdJd2ktkZ","2026-09-26T20:10:00.000Z","Atlanta Braves @ Miami Marlins","Atlanta Braves","Miami Marlins","6","full","FULL_INNING_3WAY","away","","points-away-6i-ml3way-away","fanduel","","false","320","2026-09-26T13:25:34.000Z","","","","","https://sportsbook.fanduel.com/addToBetslip?marketId=717.188569135&selectionId=7100960"
"SPORTSGAMEODDS","g1znbFR9pVaxdJd2ktkZ","2026-09-26T20:10:00.000Z","Atlanta Braves @ Miami Marlins","Atlanta Braves","Miami Marlins","6","full","FULL_INNING_3WAY","away","","points-away-6i-ml3way-away","draftkings","","false","350","2026-09-26T13:25:36.276Z","","","","",""
"SPORTSGAMEODDS","g1znbFR9pVaxdJd2ktkZ","2026-09-26T20:10:00.000Z","Atlanta Braves @ Miami Marlins","Atlanta Braves","Miami Marlins","7","full","FULL_INNING_3WAY","away","","points-away-7i-ml3way-away","fanduel","","false","330","2026-09-26T13:25:34.000Z","","","","","https://sportsbook.fanduel.com/addToBetslip?marketId=717.188569199&selectionId=7100960"
"SPORTSGAMEODDS","g1znbFR9pVaxdJd2ktkZ","2026-09-26T20:10:00.000Z","Atlanta Braves @ Miami Marlins","Atlanta Braves","Miami Marlins","7","full","FULL_INNING_3WAY","away","","points-away-7i-ml3way-away","draftkings","","false","330","2026-09-26T13:25:36.276Z","","","","",""
"SPORTSGAMEODDS","g1znbFR9pVaxdJd2ktkZ","2026-09-26T20:10:00.000Z","Atlanta Braves @ Miami Marlins","Atlanta Braves","Miami Marlins","8","full","FULL_INNING_3WAY","away","","points-away-8i-ml3way-away","fanduel","","false","340","2026-09-26T13:25:34.000Z","","","","","https://sportsbook.fanduel.com/addToBetslip?marketId=717.188569196&selectionId=7100960"
"SPORTSGAMEODDS","g1znbFR9pVaxdJd2ktkZ","2026-09-26T20:10:00.000Z","Atlanta Braves @ Miami Marlins","Atlanta Braves","Miami Marlins","8","full","FULL_INNING_3WAY","away","","points-away-8i-ml3way-away","draftkings","","false","330","2026-09-26T13:25:36.276Z","","","","",""
"SPORTSGAMEODDS","g1znbFR9pVaxdJd2ktkZ","2026-09-26T20:10:00.000Z","Atlanta Braves @ Miami Marlins","Atlanta Braves","Miami Marlins","9","full","FULL_INNING_3WAY","away","","points-away-9i-ml3way-away","fanduel","","false","310","2026-09-26T13:25:34.000Z","","","","","https://sportsbook.fanduel.com/addToBetslip?marketId=717.188569204&selectionId=7100960"
"SPORTSGAMEODDS","g1znbFR9pVaxdJd2ktkZ","2026-09-26T20:10:00.000Z","Atlanta Braves @ Miami Marlins","Atlanta Braves","Miami Marlins","9","full","FULL_INNING_3WAY","away","","points-away-9i-ml3way-away","draftkings","","false","290","2026-09-26T13:25:36.276Z","","","","",""
"SPORTSGAMEODDS","g1znbFR9pVaxdJd2ktkZ","2026-09-26T20:10:00.000Z","Atlanta Braves @ Miami Marlins","Atlanta Braves","Miami Marlins","2","full","FULL_INNING_3WAY","home","","points-home-2i-ml3way-home","fanduel","","false","350","2026-09-26T13:25:34.000Z","","","","","https://sportsbook.fanduel.com/addToBetslip?marketId=717.188569098&selectionId=6266193"
"SPORTSGAMEODDS","g1znbFR9pVaxdJd2ktkZ","2026-09-26T20:10:00.000Z","Atlanta Braves @ Miami Marlins","Atlanta Braves","Miami Marlins","2","full","FULL_INNING_3WAY","home","","points-home-2i-ml3way-home","draftkings","","false","330","2026-09-26T13:25:36.276Z","","","","",""
"SPORTSGAMEODDS","g1znbFR9pVaxdJd2ktkZ","2026-09-26T20:10:00.000Z","Atlanta Braves @ Miami Marlins","Atlanta Braves","Miami Marlins","3","full","FULL_INNING_3WAY","home","","points-home-3i-ml3way-home","fanduel","","false","300","2026-09-26T13:25:34.000Z","","","","","https://sportsbook.fanduel.com/addToBetslip?marketId=717.188569068&selectionId=6266193"
"SPORTSGAMEODDS","g1znbFR9pVaxdJd2ktkZ","2026-09-26T20:10:00.000Z","Atlanta Braves @ Miami Marlins","Atlanta Braves","Miami Marlins","3","full","FULL_INNING_3WAY","home","","points-home-3i-ml3way-home","draftkings","","false","310","2026-09-26T13:25:36.276Z","","","","",""
"SPORTSGAMEODDS","g1znbFR9pVaxdJd2ktkZ","2026-09-26T20:10:00.000Z","Atlanta Braves @ Miami Marlins","Atlanta Braves","Miami Marlins","4","full","FULL_INNING_3WAY","home","","points-home-4i-ml3way-home","fanduel","","false","310","2026-09-26T13:25:34.000Z","","","","","https://sportsbook.fanduel.com/addToBetslip?marketId=717.188569184&selectionId=6266193"
"SPORTSGAMEODDS","g1znbFR9pVaxdJd2ktkZ","2026-09-26T20:10:00.000Z","Atlanta Braves @ Miami Marlins","Atlanta Braves","Miami Marlins","4","full","FULL_INNING_3WAY","home","","points-home-4i-ml3way-home","draftkings","","false","300","2026-09-26T13:25:36.276Z","","","","",""
"SPORTSGAMEODDS","g1znbFR9pVaxdJd2ktkZ","2026-09-26T20:10:00.000Z","Atlanta Braves @ Miami Marlins","Atlanta Braves","Miami Marlins","5","full","FULL_INNING_3WAY","home","","points-home-5i-ml3way-home","fanduel","","false","310","2026-09-26T13:25:34.000Z","","","","","https://sportsbook.fanduel.com/addToBetslip?marketId=717.188569172&selectionId=6266193"
"SPORTSGAMEODDS","g1znbFR9pVaxdJd2ktkZ","2026-09-26T20:10:00.000Z","Atlanta Braves @ Miami Marlins","Atlanta Braves","Miami Marlins","5","full","FULL_INNING_3WAY","home","","points-home-5i-ml3way-home","draftkings","","false","295","2026-09-26T13:25:36.276Z","","","","",""
"SPORTSGAMEODDS","g1znbFR9pVaxdJd2ktkZ","2026-09-26T20:10:00.000Z","Atlanta Braves @ Miami Marlins","Atlanta Braves","Miami Marlins","6","full","FULL_INNING_3WAY","home","","points-home-6i-ml3way-home","fanduel","","false","330","2026-09-26T13:25:34.000Z","","","","","https://sportsbook.fanduel.com/addToBetslip?marketId=717.188569135&selectionId=6266193"
"SPORTSGAMEODDS","g1znbFR9pVaxdJd2ktkZ","2026-09-26T20:10:00.000Z","Atlanta Braves @ Miami Marlins","Atlanta Braves","Miami Marlins","6","full","FULL_INNING_3WAY","home","","points-home-6i-ml3way-home","draftkings","","false","330","2026-09-26T13:25:36.276Z","","","","",""
"SPORTSGAMEODDS","g1znbFR9pVaxdJd2ktkZ","2026-09-26T20:10:00.000Z","Atlanta Braves @ Miami Marlins","Atlanta Braves","Miami Marlins","7","full","FULL_INNING_3WAY","home","","points-home-7i-ml3way-home","fanduel","","false","350","2026-09-26T13:25:34.000Z","","","","","https://sportsbook.fanduel.com/addToBetslip?marketId=717.188569199&selectionId=6266193"
"SPORTSGAMEODDS","g1znbFR9pVaxdJd2ktkZ","2026-09-26T20:10:00.000Z","Atlanta Braves @ Miami Marlins","Atlanta Braves","Miami Marlins","7","full","FULL_INNING_3WAY","home","","points-home-7i-ml3way-home","draftkings","","false","340","2026-09-26T13:25:36.276Z","","","","",""
"SPORTSGAMEODDS","g1znbFR9pVaxdJd2ktkZ","2026-09-26T20:10:00.000Z","Atlanta Braves @ Miami Marlins","Atlanta Braves","Miami Marlins","8","full","FULL_INNING_3WAY","home","","points-home-8i-ml3way-home","fanduel","","false","330","2026-09-26T13:25:34.000Z","","","","","https://sportsbook.fanduel.com/addToBetslip?marketId=717.188569196&selectionId=6266193"
"SPORTSGAMEODDS","g1znbFR9pVaxdJd2ktkZ","2026-09-26T20:10:00.000Z","Atlanta Braves @ Miami Marlins","Atlanta Braves","Miami Marlins","8","full","FULL_INNING_3WAY","home","","points-home-8i-ml3way-home","draftkings","","false","340","2026-09-26T13:25:36.276Z","","","","",""
"SPORTSGAMEODDS","g1znbFR9pVaxdJd2ktkZ","2026-09-26T20:10:00.000Z","Atlanta Braves @ Miami Marlins","Atlanta Braves","Miami Marlins","9","full","FULL_INNING_3WAY","home","","points-home-9i-ml3way-home","fanduel","","false","700","2026-09-26T13:25:34.000Z","","","","","https://sportsbook.fanduel.com/addToBetslip?marketId=717.188569204&selectionId=6266193"
"SPORTSGAMEODDS","g1znbFR9pVaxdJd2ktkZ","2026-09-26T20:10:00.000Z","Atlanta Braves @ Miami Marlins","Atlanta Braves","Miami Marlins","9","full","FULL_INNING_3WAY","home","","points-home-9i-ml3way-home","draftkings","","false","650","2026-09-26T13:25:36.276Z","","","","",""
"SPORTSGAMEODDS","Mv9FhCufA2rIINAyFRF8","2026-09-26T23:10:00.000Z","St. Louis Cardinals @ Milwaukee Brewers","St. Louis Cardinals","Milwaukee Brewers","1","full","FULL_INNING_3WAY","draw","","points-all-1i-ml3way-draw","fanduel","","false","-150","2026-09-26T13:25:34.000Z","","","","","https://sportsbook.fanduel.com/addToBetslip?marketId=717.188531304&selectionId=131604"
"SPORTSGAMEODDS","Mv9FhCufA2rIINAyFRF8","2026-09-26T23:10:00.000Z","St. Louis Cardinals @ Milwaukee Brewers","St. Louis Cardinals","Milwaukee Brewers","1","full","FULL_INNING_3WAY","draw","","points-all-1i-ml3way-draw","bovada","","false","-143","2026-09-26T13:25:25.243Z","","","","",""
"SPORTSGAMEODDS","Mv9FhCufA2rIINAyFRF8","2026-09-26T23:10:00.000Z","St. Louis Cardinals @ Milwaukee Brewers","St. Louis Cardinals","Milwaukee Brewers","1","full","FULL_INNING_3WAY","draw","","points-all-1i-ml3way-draw","draftkings","","false","-150","2026-09-26T13:25:36.276Z","","","","",""
"SPORTSGAMEODDS","Mv9FhCufA2rIINAyFRF8","2026-09-26T23:10:00.000Z","St. Louis Cardinals @ Milwaukee Brewers","St. Louis Cardinals","Milwaukee Brewers","1","full","FULL_INNING_3WAY","draw","","points-all-1i-ml3way-draw","unknown","","false","-150","2026-09-26T13:25:41.621Z","","","","",""
"SPORTSGAMEODDS","Mv9FhCufA2rIINAyFRF8","2026-09-26T23:10:00.000Z","St. Louis Cardinals @ Milwaukee Brewers","St. Louis Cardinals","Milwaukee Brewers","1","full","FULL_INNING_3WAY","draw","","points-all-1i-ml3way-draw","ballybet","","false","-180","2026-09-26T13:25:01.121Z","","","","",""
"SPORTSGAMEODDS","Mv9FhCufA2rIINAyFRF8","2026-09-26T23:10:00.000Z","St. Louis Cardinals @ Milwaukee Brewers","St. Louis Cardinals","Milwaukee Brewers","1","full","FULL_INNING_3WAY","draw","","points-all-1i-ml3way-draw","betparx","","false","-180","2026-09-26T13:25:47.621Z","","","","",""
"SPORTSGAMEODDS","Mv9FhCufA2rIINAyFRF8","2026-09-26T23:10:00.000Z","St. Louis Cardinals @ Milwaukee Brewers","St. Louis Cardinals","Milwaukee Brewers","1","full","FULL_INNING_3WAY","draw","","points-all-1i-ml3way-draw","betrivers","","false","-180","2026-09-26T13:25:50.743Z","","","","","https://nj.betrivers.com/?page=sportsbook#event/1024788207?coupon=single|4351609331|0"
"SPORTSGAMEODDS","Mv9FhCufA2rIINAyFRF8","2026-09-26T23:10:00.000Z","St. Louis Cardinals @ Milwaukee Brewers","St. Louis Cardinals","Milwaukee Brewers","1","full","FULL_INNING_3WAY","draw","","points-all-1i-ml3way-draw","betmgm","","false","-145","2026-09-26T13:25:50.743Z","","","","","https://sports.nj.betmgm.com/en/sports?options=19944858-1561566059-2305069021"
"SPORTSGAMEODDS","Mv9FhCufA2rIINAyFRF8","2026-09-26T23:10:00.000Z","St. Louis Cardinals @ Milwaukee Brewers","St. Louis Cardinals","Milwaukee Brewers","1","full","FULL_INNING_TOTAL","over","","points-all-1i-ou-over","novig","0.5","false","111","2026-09-26T13:25:01.238Z","0.5","0.5","114","102","https://novig.com/events/01a0d9d1-f448-79f1-ad6e-2d74f86b115f/sportsgameodds"
"SPORTSGAMEODDS","Mv9FhCufA2rIINAyFRF8","2026-09-26T23:10:00.000Z","St. Louis Cardinals @ Milwaukee Brewers","St. Louis Cardinals","Milwaukee Brewers","1","full","FULL_INNING_TOTAL","over","","points-all-1i-ou-over","fanduel","0.5","false","108","2026-09-26T13:25:34.000Z","0.5","0.5","114","102","https://sportsbook.fanduel.com/addToBetslip?marketId=717.188531365&selectionId=7017905"
"SPORTSGAMEODDS","Mv9FhCufA2rIINAyFRF8","2026-09-26T23:10:00.000Z","St. Louis Cardinals @ Milwaukee Brewers","St. Louis Cardinals","Milwaukee Brewers","1","full","FULL_INNING_TOTAL","over","","points-all-1i-ou-over","fanduel","1.5","true","270","2026-09-26T13:25:34.000Z","0.5","0.5","","","https://sportsbook.fanduel.com/addToBetslip?marketId=717.188531365&selectionId=7017905"
"SPORTSGAMEODDS","Mv9FhCufA2rIINAyFRF8","2026-09-26T23:10:00.000Z","St. Louis Cardinals @ Milwaukee Brewers","St. Louis Cardinals","Milwaukee Brewers","1","full","FULL_INNING_TOTAL","over","","points-all-1i-ou-over","caesars","0.5","false","103","2026-09-26T13:25:58.743Z","0.5","0.5","114","102","https://sportsbook.caesars.com/us/nj/bet/betslip?selectionIds=7b666da4-613d-3aa5-bcfb-2c1085d1cc79"
"SPORTSGAMEODDS","Mv9FhCufA2rIINAyFRF8","2026-09-26T23:10:00.000Z","St. Louis Cardinals @ Milwaukee Brewers","St. Louis Cardinals","Milwaukee Brewers","1","full","FULL_INNING_TOTAL","over","","points-all-1i-ou-over","unknown","0.5","false","102","2026-09-26T13:25:41.621Z","0.5","0.5","114","102",""
"SPORTSGAMEODDS","Mv9FhCufA2rIINAyFRF8","2026-09-26T23:10:00.000Z","St. Louis Cardinals @ Milwaukee Brewers","St. Louis Cardinals","Milwaukee Brewers","1","full","FULL_INNING_TOTAL","over","","points-all-1i-ou-over","unknown","1.5","true","251","2026-09-26T13:25:41.621Z","0.5","0.5","","",""
"SPORTSGAMEODDS","Mv9FhCufA2rIINAyFRF8","2026-09-26T23:10:00.000Z","St. Louis Cardinals @ Milwaukee Brewers","St. Louis Cardinals","Milwaukee Brewers","1","full","FULL_INNING_TOTAL","over","","points-all-1i-ou-over","fliff","0.5","false","-110","2026-09-26T13:23:52.193Z","0.5","0.5","114","102",""
"SPORTSGAMEODDS","Mv9FhCufA2rIINAyFRF8","2026-09-26T23:10:00.000Z","St. Louis Cardinals @ Milwaukee Brewers","St. Louis Cardinals","Milwaukee Brewers","1","full","FULL_INNING_TOTAL","over","","points-all-1i-ou-over","hardrockbet","0.5","false","100","2026-09-26T13:25:36.621Z","0.5","0.5","114","102",""
"SPORTSGAMEODDS","Mv9FhCufA2rIINAyFRF8","2026-09-26T23:10:00.000Z","St. Louis Cardinals @ Milwaukee Brewers","St. Louis Cardinals","Milwaukee Brewers","1","full","FULL_INNING_TOTAL","over","","points-all-1i-ou-over","hardrockbet","1.5","true","240","2026-09-26T13:25:36.621Z","0.5","0.5","","",""
"SPORTSGAMEODDS","Mv9FhCufA2rIINAyFRF8","2026-09-26T23:10:00.000Z","St. Louis Cardinals @ Milwaukee Brewers","St. Louis Cardinals","Milwaukee Brewers","1","full","FULL_INNING_TOTAL","over","","points-all-1i-ou-over","prophetexchange","1.5","false","127","2026-09-26T13:26:20.693Z","0.5","0.5","","",""
"SPORTSGAMEODDS","Mv9FhCufA2rIINAyFRF8","2026-09-26T23:10:00.000Z","St. Louis Cardinals @ Milwaukee Brewers","St. Louis Cardinals","Milwaukee Brewers","1","full","FULL_INNING_TOTAL","over","","points-all-1i-ou-over","draftkings","0.5","false","100","2026-09-26T13:25:36.276Z","0.5","0.5","114","102",""
"SPORTSGAMEODDS","Mv9FhCufA2rIINAyFRF8","2026-09-26T23:10:00.000Z","St. Louis Cardinals @ Milwaukee Brewers","St. Louis Cardinals","Milwaukee Brewers","1","full","FULL_INNING_TOTAL","over","","points-all-1i-ou-over","draftkings","1.5","true","245","2026-09-26T13:25:36.276Z","0.5","0.5","","",""
"SPORTSGAMEODDS","Mv9FhCufA2rIINAyFRF8","2026-09-26T23:10:00.000Z","St. Louis Cardinals @ Milwaukee Brewers","St. Louis Cardinals","Milwaukee Brewers","1","full","FULL_INNING_TOTAL","over","","points-all-1i-ou-over","betonline","0.5","false","108","2026-09-26T13:26:00.743Z","0.5","0.5","114","102",""
"SPORTSGAMEODDS","Mv9FhCufA2rIINAyFRF8","2026-09-26T23:10:00.000Z","St. Louis Cardinals @ Milwaukee Brewers","St. Louis Cardinals","Milwaukee Brewers","1","full","FULL_INNING_TOTAL","over","","points-all-1i-ou-over","ballybet","1.5","false","245","2026-09-26T13:25:01.121Z","0.5","0.5","","",""
"SPORTSGAMEODDS","Mv9FhCufA2rIINAyFRF8","2026-09-26T23:10:00.000Z","St. Louis Cardinals @ Milwaukee Brewers","St. Louis Cardinals","Milwaukee Brewers","1","full","FULL_INNING_TOTAL","over","","points-all-1i-ou-over","betparx","1.5","false","245","2026-09-26T13:25:47.621Z","0.5","0.5","","",""
"SPORTSGAMEODDS","Mv9FhCufA2rIINAyFRF8","2026-09-26T23:10:00.000Z","St. Louis Cardinals @ Milwaukee Brewers","St. Louis Cardinals","Milwaukee Brewers","1","full","FULL_INNING_TOTAL","over","","points-all-1i-ou-over","betrivers","1.5","false","245","2026-09-26T13:25:50.743Z","0.5","0.5","","","https://nj.betrivers.com/?page=sportsbook#event/1024788207?coupon=single|4351621088|0"
"SPORTSGAMEODDS","Mv9FhCufA2rIINAyFRF8","2026-09-26T23:10:00.000Z","St. Louis Cardinals @ Milwaukee Brewers","St. Louis Cardinals","Milwaukee Brewers","1","full","FULL_INNING_TOTAL","over","","points-all-1i-ou-over","betmgm","0.5","false","100","2026-09-26T13:25:50.743Z","0.5","0.5","114","102","https://sports.nj.betmgm.com/en/sports?options=19944858-1561566072-2305069059"
"SPORTSGAMEODDS","Mv9FhCufA2rIINAyFRF8","2026-09-26T23:10:00.000Z","St. Louis Cardinals @ Milwaukee Brewers","St. Louis Cardinals","Milwaukee Brewers","1","full","FULL_INNING_TOTAL","under","","points-all-1i-ou-under","novig","0.5","false","-115","2026-09-26T13:25:01.238Z","0.5","0.5","-114","-130","https://novig.com/events/01a0d9d1-f448-79f1-ad6e-2d8a24be3691/sportsgameodds"
"SPORTSGAMEODDS","Mv9FhCufA2rIINAyFRF8","2026-09-26T23:10:00.000Z","St. Louis Cardinals @ Milwaukee Brewers","St. Louis Cardinals","Milwaukee Brewers","1","full","FULL_INNING_TOTAL","under","","points-all-1i-ou-under","fanduel","0.5","false","-138","2026-09-26T13:25:34.000Z","0.5","0.5","-114","-130","https://sportsbook.fanduel.com/addToBetslip?marketId=717.188531365&selectionId=7017906"
"SPORTSGAMEODDS","Mv9FhCufA2rIINAyFRF8","2026-09-26T23:10:00.000Z","St. Louis Cardinals @ Milwaukee Brewers","St. Louis Cardinals","Milwaukee Brewers","1","full","FULL_INNING_TOTAL","under","","points-all-1i-ou-under","fanduel","1.5","true","-355","2026-09-26T13:25:34.000Z","0.5","0.5","","","https://sportsbook.fanduel.com/addToBetslip?marketId=717.188531365&selectionId=7017906"
"SPORTSGAMEODDS","Mv9FhCufA2rIINAyFRF8","2026-09-26T23:10:00.000Z","St. Louis Cardinals @ Milwaukee Brewers","St. Louis Cardinals","Milwaukee Brewers","1","full","FULL_INNING_TOTAL","under","","points-all-1i-ou-under","caesars","0.5","false","-127","2026-09-26T13:25:58.743Z","0.5","0.5","-114","-130","https://sportsbook.caesars.com/us/nj/bet/betslip?selectionIds=941e26bf-3518-3331-bfa3-b0bbb7b293eb"
"SPORTSGAMEODDS","Mv9FhCufA2rIINAyFRF8","2026-09-26T23:10:00.000Z","St. Louis Cardinals @ Milwaukee Brewers","St. Louis Cardinals","Milwaukee Brewers","1","full","FULL_INNING_TOTAL","under","","points-all-1i-ou-under","unknown","0.5","false","-127","2026-09-26T13:25:41.621Z","0.5","0.5","-114","-130",""
"SPORTSGAMEODDS","Mv9FhCufA2rIINAyFRF8","2026-09-26T23:10:00.000Z","St. Louis Cardinals @ Milwaukee Brewers","St. Louis Cardinals","Milwaukee Brewers","1","full","FULL_INNING_TOTAL","under","","points-all-1i-ou-under","unknown","1.5","true","-321","2026-09-26T13:25:41.621Z","0.5","0.5","","",""
"SPORTSGAMEODDS","Mv9FhCufA2rIINAyFRF8","2026-09-26T23:10:00.000Z","St. Louis Cardinals @ Milwaukee Brewers","St. Louis Cardinals","Milwaukee Brewers","1","full","FULL_INNING_TOTAL","under","","points-all-1i-ou-under","fliff","0.5","false","-145","2026-09-26T13:23:52.193Z","0.5","0.5","-114","-130",""
"SPORTSGAMEODDS","Mv9FhCufA2rIINAyFRF8","2026-09-26T23:10:00.000Z","St. Louis Cardinals @ Milwaukee Brewers","St. Louis Cardinals","Milwaukee Brewers","1","full","FULL_INNING_TOTAL","under","","points-all-1i-ou-under","hardrockbet","0.5","false","-130","2026-09-26T13:25:36.621Z","0.5","0.5","-114","-130",""
"SPORTSGAMEODDS","Mv9FhCufA2rIINAyFRF8","2026-09-26T23:10:00.000Z","St. Louis Cardinals @ Milwaukee Brewers","St. Louis Cardinals","Milwaukee Brewers","1","full","FULL_INNING_TOTAL","under","","points-all-1i-ou-under","hardrockbet","1.5","true","-350","2026-09-26T13:25:36.621Z","0.5","0.5","","",""
"SPORTSGAMEODDS","Mv9FhCufA2rIINAyFRF8","2026-09-26T23:10:00.000Z","St. Louis Cardinals @ Milwaukee Brewers","St. Louis Cardinals","Milwaukee Brewers","1","full","FULL_INNING_TOTAL","under","","points-all-1i-ou-under","prophetexchange","1.5","false","-1000","2026-09-26T13:26:20.693Z","0.5","0.5","","",""
"SPORTSGAMEODDS","Mv9FhCufA2rIINAyFRF8","2026-09-26T23:10:00.000Z","St. Louis Cardinals @ Milwaukee Brewers","St. Louis Cardinals","Milwaukee Brewers","1","full","FULL_INNING_TOTAL","under","","points-all-1i-ou-under","draftkings","0.5","false","-130","2026-09-26T13:25:36.276Z","0.5","0.5","-114","-130",""
"SPORTSGAMEODDS","Mv9FhCufA2rIINAyFRF8","2026-09-26T23:10:00.000Z","St. Louis Cardinals @ Milwaukee Brewers","St. Louis Cardinals","Milwaukee Brewers","1","full","FULL_INNING_TOTAL","under","","points-all-1i-ou-under","draftkings","1.5","true","-330","2026-09-26T13:25:36.276Z","0.5","0.5","","",""
"SPORTSGAMEODDS","Mv9FhCufA2rIINAyFRF8","2026-09-26T23:10:00.000Z","St. Louis Cardinals @ Milwaukee Brewers","St. Louis Cardinals","Milwaukee Brewers","1","full","FULL_INNING_TOTAL","under","","points-all-1i-ou-under","betonline","0.5","false","-143","2026-09-26T13:26:00.743Z","0.5","0.5","-114","-130",""
"SPORTSGAMEODDS","Mv9FhCufA2rIINAyFRF8","2026-09-26T23:10:00.000Z","St. Louis Cardinals @ Milwaukee Brewers","St. Louis Cardinals","Milwaukee Brewers","1","full","FULL_INNING_TOTAL","under","","points-all-1i-ou-under","ballybet","1.5","false","-360","2026-09-26T13:25:01.121Z","0.5","0.5","","",""
"SPORTSGAMEODDS","Mv9FhCufA2rIINAyFRF8","2026-09-26T23:10:00.000Z","St. Louis Cardinals @ Milwaukee Brewers","St. Louis Cardinals","Milwaukee Brewers","1","full","FULL_INNING_TOTAL","under","","points-all-1i-ou-under","betparx","1.5","false","-360","2026-09-26T13:25:47.621Z","0.5","0.5","","",""
"SPORTSGAMEODDS","Mv9FhCufA2rIINAyFRF8","2026-09-26T23:10:00.000Z","St. Louis Cardinals @ Milwaukee Brewers","St. Louis Cardinals","Milwaukee Brewers","1","full","FULL_INNING_TOTAL","under","","points-all-1i-ou-under","betrivers","1.5","false","-360","2026-09-26T13:25:50.743Z","0.5","0.5","","","https://nj.betrivers.com/?page=sportsbook#event/1024788207?coupon=single|4351621089|0"
"SPORTSGAMEODDS","Mv9FhCufA2rIINAyFRF8","2026-09-26T23:10:00.000Z","St. Louis Cardinals @ Milwaukee Brewers","St. Louis Cardinals","Milwaukee Brewers","1","full","FULL_INNING_TOTAL","under","","points-all-1i-ou-under","betmgm","0.5","false","-130","2026-09-26T13:25:50.743Z","0.5","0.5","-114","-130","https://sports.nj.betmgm.com/en/sports?options=19944858-1561566072-2305069060"
"SPORTSGAMEODDS","Mv9FhCufA2rIINAyFRF8","2026-09-26T23:10:00.000Z","St. Louis Cardinals @ Milwaukee Brewers","St. Louis Cardinals","Milwaukee Brewers","1","full","FULL_INNING_3WAY","away","","points-away-1i-ml3way-away","fanduel","","false","400","2026-09-26T13:25:34.000Z","","","","","https://sportsbook.fanduel.com/addToBetslip?marketId=717.188531304&selectionId=50291"
"SPORTSGAMEODDS","Mv9FhCufA2rIINAyFRF8","2026-09-26T23:10:00.000Z","St. Louis Cardinals @ Milwaukee Brewers","St. Louis Cardinals","Milwaukee Brewers","1","full","FULL_INNING_3WAY","away","","points-away-1i-ml3way-away","bovada","","false","385","2026-09-26T13:25:25.243Z","","","","",""
"SPORTSGAMEODDS","Mv9FhCufA2rIINAyFRF8","2026-09-26T23:10:00.000Z","St. Louis Cardinals @ Milwaukee Brewers","St. Louis Cardinals","Milwaukee Brewers","1","full","FULL_INNING_3WAY","away","","points-away-1i-ml3way-away","draftkings","","false","400","2026-09-26T13:25:36.276Z","","","","",""
"SPORTSGAMEODDS","Mv9FhCufA2rIINAyFRF8","2026-09-26T23:10:00.000Z","St. Louis Cardinals @ Milwaukee Brewers","St. Louis Cardinals","Milwaukee Brewers","1","full","FULL_INNING_3WAY","away","","points-away-1i-ml3way-away","unknown","","false","400","2026-09-26T13:25:41.621Z","","","","",""
"SPORTSGAMEODDS","Mv9FhCufA2rIINAyFRF8","2026-09-26T23:10:00.000Z","St. Louis Cardinals @ Milwaukee Brewers","St. Louis Cardinals","Milwaukee Brewers","1","full","FULL_INNING_3WAY","away","","points-away-1i-ml3way-away","ballybet","","false","380","2026-09-26T13:25:01.121Z","","","","",""
"SPORTSGAMEODDS","Mv9FhCufA2rIINAyFRF8","2026-09-26T23:10:00.000Z","St. Louis Cardinals @ Milwaukee Brewers","St. Louis Cardinals","Milwaukee Brewers","1","full","FULL_INNING_3WAY","away","","points-away-1i-ml3way-away","betparx","","false","380","2026-09-26T13:25:47.621Z","","","","",""
"SPORTSGAMEODDS","Mv9FhCufA2rIINAyFRF8","2026-09-26T23:10:00.000Z","St. Louis Cardinals @ Milwaukee Brewers","St. Louis Cardinals","Milwaukee Brewers","1","full","FULL_INNING_3WAY","away","","points-away-1i-ml3way-away","betrivers","","false","380","2026-09-26T13:25:50.743Z","","","","","https://nj.betrivers.com/?page=sportsbook#event/1024788207?coupon=single|4351609332|0"
"SPORTSGAMEODDS","Mv9FhCufA2rIINAyFRF8","2026-09-26T23:10:00.000Z","St. Louis Cardinals @ Milwaukee Brewers","St. Louis Cardinals","Milwaukee Brewers","1","full","FULL_INNING_3WAY","away","","points-away-1i-ml3way-away","betmgm","","false","375","2026-09-26T13:25:50.743Z","","","","","https://sports.nj.betmgm.com/en/sports?options=19944858-1561566059-2305069020"
"SPORTSGAMEODDS","Mv9FhCufA2rIINAyFRF8","2026-09-26T23:10:00.000Z","St. Louis Cardinals @ Milwaukee Brewers","St. Louis Cardinals","Milwaukee Brewers","1","full","FULL_INNING_3WAY","home","","points-home-1i-ml3way-home","fanduel","","false","280","2026-09-26T13:25:34.000Z","","","","","https://sportsbook.fanduel.com/addToBetslip?marketId=717.188531304&selectionId=29172"
"SPORTSGAMEODDS","Mv9FhCufA2rIINAyFRF8","2026-09-26T23:10:00.000Z","St. Louis Cardinals @ Milwaukee Brewers","St. Louis Cardinals","Milwaukee Brewers","1","full","FULL_INNING_3WAY","home","","points-home-1i-ml3way-home","bovada","","false","255","2026-09-26T13:25:25.243Z","","","","",""
"SPORTSGAMEODDS","Mv9FhCufA2rIINAyFRF8","2026-09-26T23:10:00.000Z","St. Louis Cardinals @ Milwaukee Brewers","St. Louis Cardinals","Milwaukee Brewers","1","full","FULL_INNING_3WAY","home","","points-home-1i-ml3way-home","draftkings","","false","240","2026-09-26T13:25:36.276Z","","","","",""
"SPORTSGAMEODDS","Mv9FhCufA2rIINAyFRF8","2026-09-26T23:10:00.000Z","St. Louis Cardinals @ Milwaukee Brewers","St. Louis Cardinals","Milwaukee Brewers","1","full","FULL_INNING_3WAY","home","","points-home-1i-ml3way-home","unknown","","false","240","2026-09-26T13:25:41.621Z","","","","",""
"SPORTSGAMEODDS","Mv9FhCufA2rIINAyFRF8","2026-09-26T23:10:00.000Z","St. Louis Cardinals @ Milwaukee Brewers","St. Louis Cardinals","Milwaukee Brewers","1","full","FULL_INNING_3WAY","home","","points-home-1i-ml3way-home","ballybet","","false","300","2026-09-26T13:25:01.121Z","","","","",""
"SPORTSGAMEODDS","Mv9FhCufA2rIINAyFRF8","2026-09-26T23:10:00.000Z","St. Louis Cardinals @ Milwaukee Brewers","St. Louis Cardinals","Milwaukee Brewers","1","full","FULL_INNING_3WAY","home","","points-home-1i-ml3way-home","betparx","","false","300","2026-09-26T13:25:47.621Z","","","","",""
"SPORTSGAMEODDS","Mv9FhCufA2rIINAyFRF8","2026-09-26T23:10:00.000Z","St. Louis Cardinals @ Milwaukee Brewers","St. Louis Cardinals","Milwaukee Brewers","1","full","FULL_INNING_3WAY","home","","points-home-1i-ml3way-home","betrivers","","false","300","2026-09-26T13:25:50.743Z","","","","","https://nj.betrivers.com/?page=sportsbook#event/1024788207?coupon=single|4351609330|0"
"SPORTSGAMEODDS","Mv9FhCufA2rIINAyFRF8","2026-09-26T23:10:00.000Z","St. Louis Cardinals @ Milwaukee Brewers","St. Louis Cardinals","Milwaukee Brewers","1","full","FULL_INNING_3WAY","home","","points-home-1i-ml3way-home","betmgm","","false","260","2026-09-26T13:25:50.743Z","","","","","https://sports.nj.betmgm.com/en/sports?options=19944858-1561566059-2305069022"
"SPORTSGAMEODDS","Mv9FhCufA2rIINAyFRF8","2026-09-26T23:10:00.000Z","St. Louis Cardinals @ Milwaukee Brewers","St. Louis Cardinals","Milwaukee Brewers","2","full","FULL_INNING_3WAY","draw","","points-all-2i-ml3way-draw","fanduel","","false","-175","2026-09-26T13:25:34.000Z","","","","","https://sportsbook.fanduel.com/addToBetslip?marketId=717.188531348&selectionId=131604"
"SPORTSGAMEODDS","Mv9FhCufA2rIINAyFRF8","2026-09-26T23:10:00.000Z","St. Louis Cardinals @ Milwaukee Brewers","St. Louis Cardinals","Milwaukee Brewers","2","full","FULL_INNING_3WAY","draw","","points-all-2i-ml3way-draw","draftkings","","false","-170","2026-09-26T13:25:36.276Z","","","","",""
"SPORTSGAMEODDS","Mv9FhCufA2rIINAyFRF8","2026-09-26T23:10:00.000Z","St. Louis Cardinals @ Milwaukee Brewers","St. Louis Cardinals","Milwaukee Brewers","2","full","FULL_INNING_TOTAL","over","","points-all-2i-ou-over","fanduel","0.5","false","122","2026-09-26T13:25:34.000Z","0.5","0.5","126","110","https://sportsbook.fanduel.com/addToBetslip?marketId=717.188531300&selectionId=7017905"
"SPORTSGAMEODDS","Mv9FhCufA2rIINAyFRF8","2026-09-26T23:10:00.000Z","St. Louis Cardinals @ Milwaukee Brewers","St. Louis Cardinals","Milwaukee Brewers","2","full","FULL_INNING_TOTAL","over","","points-all-2i-ou-over","fanduel","1.5","true","310","2026-09-26T13:25:34.000Z","0.5","0.5","","","https://sportsbook.fanduel.com/addToBetslip?marketId=717.188531300&selectionId=7017905"
"SPORTSGAMEODDS","Mv9FhCufA2rIINAyFRF8","2026-09-26T23:10:00.000Z","St. Louis Cardinals @ Milwaukee Brewers","St. Louis Cardinals","Milwaukee Brewers","2","full","FULL_INNING_TOTAL","over","","points-all-2i-ou-over","draftkings","0.5","false","110","2026-09-26T13:25:36.276Z","0.5","0.5","126","110",""
"SPORTSGAMEODDS","Mv9FhCufA2rIINAyFRF8","2026-09-26T23:10:00.000Z","St. Louis Cardinals @ Milwaukee Brewers","St. Louis Cardinals","Milwaukee Brewers","2","full","FULL_INNING_TOTAL","over","","points-all-2i-ou-over","draftkings","1.5","true","275","2026-09-26T13:25:36.276Z","0.5","0.5","","",""
"SPORTSGAMEODDS","Mv9FhCufA2rIINAyFRF8","2026-09-26T23:10:00.000Z","St. Louis Cardinals @ Milwaukee Brewers","St. Louis Cardinals","Milwaukee Brewers","2","full","FULL_INNING_TOTAL","over","","points-all-2i-ou-over","fliff","0.5","false","105","2026-09-26T13:23:52.193Z","0.5","0.5","126","110",""
"SPORTSGAMEODDS","Mv9FhCufA2rIINAyFRF8","2026-09-26T23:10:00.000Z","St. Louis Cardinals @ Milwaukee Brewers","St. Louis Cardinals","Milwaukee Brewers","2","full","FULL_INNING_TOTAL","under","","points-all-2i-ou-under","fanduel","0.5","false","-150","2026-09-26T13:25:34.000Z","0.5","0.5","-126","-150","https://sportsbook.fanduel.com/addToBetslip?marketId=717.188531300&selectionId=7017906"
"SPORTSGAMEODDS","Mv9FhCufA2rIINAyFRF8","2026-09-26T23:10:00.000Z","St. Louis Cardinals @ Milwaukee Brewers","St. Louis Cardinals","Milwaukee Brewers","2","full","FULL_INNING_TOTAL","under","","points-all-2i-ou-under","fanduel","1.5","true","-420","2026-09-26T13:25:34.000Z","0.5","0.5","","","https://sportsbook.fanduel.com/addToBetslip?marketId=717.188531300&selectionId=7017906"
"SPORTSGAMEODDS","Mv9FhCufA2rIINAyFRF8","2026-09-26T23:10:00.000Z","St. Louis Cardinals @ Milwaukee Brewers","St. Louis Cardinals","Milwaukee Brewers","2","full","FULL_INNING_TOTAL","under","","points-all-2i-ou-under","draftkings","0.5","false","-150","2026-09-26T13:25:36.276Z","0.5","0.5","-126","-150",""
"SPORTSGAMEODDS","Mv9FhCufA2rIINAyFRF8","2026-09-26T23:10:00.000Z","St. Louis Cardinals @ Milwaukee Brewers","St. Louis Cardinals","Milwaukee Brewers","2","full","FULL_INNING_TOTAL","under","","points-all-2i-ou-under","draftkings","1.5","true","-390","2026-09-26T13:25:36.276Z","0.5","0.5","","",""
"SPORTSGAMEODDS","Mv9FhCufA2rIINAyFRF8","2026-09-26T23:10:00.000Z","St. Louis Cardinals @ Milwaukee Brewers","St. Louis Cardinals","Milwaukee Brewers","2","full","FULL_INNING_TOTAL","under","","points-all-2i-ou-under","fliff","0.5","false","-170","2026-09-26T13:23:52.193Z","0.5","0.5","-126","-150",""
"SPORTSGAMEODDS","Mv9FhCufA2rIINAyFRF8","2026-09-26T23:10:00.000Z","St. Louis Cardinals @ Milwaukee Brewers","St. Louis Cardinals","Milwaukee Brewers","3","full","FULL_INNING_3WAY","draw","","points-all-3i-ml3way-draw","fanduel","","false","-150","2026-09-26T13:25:34.000Z","","","","","https://sportsbook.fanduel.com/addToBetslip?marketId=717.188531338&selectionId=131604"
"SPORTSGAMEODDS","Mv9FhCufA2rIINAyFRF8","2026-09-26T23:10:00.000Z","St. Louis Cardinals @ Milwaukee Brewers","St. Louis Cardinals","Milwaukee Brewers","3","full","FULL_INNING_3WAY","draw","","points-all-3i-ml3way-draw","draftkings","","false","-160","2026-09-26T13:25:36.276Z","","","","",""
"SPORTSGAMEODDS","Mv9FhCufA2rIINAyFRF8","2026-09-26T23:10:00.000Z","St. Louis Cardinals @ Milwaukee Brewers","St. Louis Cardinals","Milwaukee Brewers","3","full","FULL_INNING_TOTAL","over","","points-all-3i-ou-over","fanduel","0.5","false","106","2026-09-26T13:25:34.000Z","0.5","0.5","121","105","https://sportsbook.fanduel.com/addToBetslip?marketId=717.188531253&selectionId=7017905"
"SPORTSGAMEODDS","Mv9FhCufA2rIINAyFRF8","2026-09-26T23:10:00.000Z","St. Louis Cardinals @ Milwaukee Brewers","St. Louis Cardinals","Milwaukee Brewers","3","full","FULL_INNING_TOTAL","over","","points-all-3i-ou-over","fanduel","1.5","true","270","2026-09-26T13:25:34.000Z","0.5","0.5","","","https://sportsbook.fanduel.com/addToBetslip?marketId=717.188531253&selectionId=7017905"
"SPORTSGAMEODDS","Mv9FhCufA2rIINAyFRF8","2026-09-26T23:10:00.000Z","St. Louis Cardinals @ Milwaukee Brewers","St. Louis Cardinals","Milwaukee Brewers","3","full","FULL_INNING_TOTAL","over","","points-all-3i-ou-over","draftkings","0.5","false","105","2026-09-26T13:25:36.276Z","0.5","0.5","121","105",""
"SPORTSGAMEODDS","Mv9FhCufA2rIINAyFRF8","2026-09-26T23:10:00.000Z","St. Louis Cardinals @ Milwaukee Brewers","St. Louis Cardinals","Milwaukee Brewers","3","full","FULL_INNING_TOTAL","over","","points-all-3i-ou-over","draftkings","1.5","true","260","2026-09-26T13:25:36.276Z","0.5","0.5","","",""
"SPORTSGAMEODDS","Mv9FhCufA2rIINAyFRF8","2026-09-26T23:10:00.000Z","St. Louis Cardinals @ Milwaukee Brewers","St. Louis Cardinals","Milwaukee Brewers","3","full","FULL_INNING_TOTAL","over","","points-all-3i-ou-over","fliff","0.5","false","-105","2026-09-26T13:23:52.193Z","0.5","0.5","121","105",""
"SPORTSGAMEODDS","Mv9FhCufA2rIINAyFRF8","2026-09-26T23:10:00.000Z","St. Louis Cardinals @ Milwaukee Brewers","St. Louis Cardinals","Milwaukee Brewers","3","full","FULL_INNING_TOTAL","under","","points-all-3i-ou-under","fanduel","0.5","false","-130","2026-09-26T13:25:34.000Z","0.5","0.5","-121","-145","https://sportsbook.fanduel.com/addToBetslip?marketId=717.188531253&selectionId=7017906"
"SPORTSGAMEODDS","Mv9FhCufA2rIINAyFRF8","2026-09-26T23:10:00.000Z","St. Louis Cardinals @ Milwaukee Brewers","St. Louis Cardinals","Milwaukee Brewers","3","full","FULL_INNING_TOTAL","under","","points-all-3i-ou-under","fanduel","1.5","true","-355","2026-09-26T13:25:34.000Z","0.5","0.5","","","https://sportsbook.fanduel.com/addToBetslip?marketId=717.188531253&selectionId=7017906"
"SPORTSGAMEODDS","Mv9FhCufA2rIINAyFRF8","2026-09-26T23:10:00.000Z","St. Louis Cardinals @ Milwaukee Brewers","St. Louis Cardinals","Milwaukee Brewers","3","full","FULL_INNING_TOTAL","under","","points-all-3i-ou-under","draftkings","0.5","false","-145","2026-09-26T13:25:36.276Z","0.5","0.5","-121","-145",""
"SPORTSGAMEODDS","Mv9FhCufA2rIINAyFRF8","2026-09-26T23:10:00.000Z","St. Louis Cardinals @ Milwaukee Brewers","St. Louis Cardinals","Milwaukee Brewers","3","full","FULL_INNING_TOTAL","under","","points-all-3i-ou-under","draftkings","1.5","true","-370","2026-09-26T13:25:36.276Z","0.5","0.5","","",""
"SPORTSGAMEODDS","Mv9FhCufA2rIINAyFRF8","2026-09-26T23:10:00.000Z","St. Louis Cardinals @ Milwaukee Brewers","St. Louis Cardinals","Milwaukee Brewers","3","full","FULL_INNING_TOTAL","under","","points-all-3i-ou-under","fliff","0.5","false","-155","2026-09-26T13:23:52.193Z","0.5","0.5","-121","-145",""
"SPORTSGAMEODDS","Mv9FhCufA2rIINAyFRF8","2026-09-26T23:10:00.000Z","St. Louis Cardinals @ Milwaukee Brewers","St. Louis Cardinals","Milwaukee Brewers","4","full","FULL_INNING_3WAY","draw","","points-all-4i-ml3way-draw","fanduel","","false","-160","2026-09-26T13:25:34.000Z","","","","","https://sportsbook.fanduel.com/addToBetslip?marketId=717.188531403&selectionId=131604"
"SPORTSGAMEODDS","Mv9FhCufA2rIINAyFRF8","2026-09-26T23:10:00.000Z","St. Louis Cardinals @ Milwaukee Brewers","St. Louis Cardinals","Milwaukee Brewers","4","full","FULL_INNING_3WAY","draw","","points-all-4i-ml3way-draw","draftkings","","false","-160","2026-09-26T13:25:36.276Z","","","","",""
"SPORTSGAMEODDS","Mv9FhCufA2rIINAyFRF8","2026-09-26T23:10:00.000Z","St. Louis Cardinals @ Milwaukee Brewers","St. Louis Cardinals","Milwaukee Brewers","4","full","FULL_INNING_TOTAL","over","","points-all-4i-ou-over","fanduel","0.5","false","114","2026-09-26T13:25:34.000Z","0.5","0.5","121","105","https://sportsbook.fanduel.com/addToBetslip?marketId=717.188531370&selectionId=7017905"
"SPORTSGAMEODDS","Mv9FhCufA2rIINAyFRF8","2026-09-26T23:10:00.000Z","St. Louis Cardinals @ Milwaukee Brewers","St. Louis Cardinals","Milwaukee Brewers","4","full","FULL_INNING_TOTAL","over","","points-all-4i-ou-over","fanduel","1.5","true","285","2026-09-26T13:25:34.000Z","0.5","0.5","","","https://sportsbook.fanduel.com/addToBetslip?marketId=717.188531370&selectionId=7017905"
"SPORTSGAMEODDS","Mv9FhCufA2rIINAyFRF8","2026-09-26T23:10:00.000Z","St. Louis Cardinals @ Milwaukee Brewers","St. Louis Cardinals","Milwaukee Brewers","4","full","FULL_INNING_TOTAL","over","","points-all-4i-ou-over","draftkings","0.5","false","105","2026-09-26T13:25:36.276Z","0.5","0.5","121","105",""
"SPORTSGAMEODDS","Mv9FhCufA2rIINAyFRF8","2026-09-26T23:10:00.000Z","St. Louis Cardinals @ Milwaukee Brewers","St. Louis Cardinals","Milwaukee Brewers","4","full","FULL_INNING_TOTAL","over","","points-all-4i-ou-over","draftkings","1.5","true","265","2026-09-26T13:25:36.276Z","0.5","0.5","","",""
"SPORTSGAMEODDS","Mv9FhCufA2rIINAyFRF8","2026-09-26T23:10:00.000Z","St. Louis Cardinals @ Milwaukee Brewers","St. Louis Cardinals","Milwaukee Brewers","4","full","FULL_INNING_TOTAL","over","","points-all-4i-ou-over","fliff","0.5","false","-105","2026-09-26T13:23:52.193Z","0.5","0.5","121","105",""
"SPORTSGAMEODDS","Mv9FhCufA2rIINAyFRF8","2026-09-26T23:10:00.000Z","St. Louis Cardinals @ Milwaukee Brewers","St. Louis Cardinals","Milwaukee Brewers","4","full","FULL_INNING_TOTAL","under","","points-all-4i-ou-under","fanduel","0.5","false","-140","2026-09-26T13:25:34.000Z","0.5","0.5","-121","-145","https://sportsbook.fanduel.com/addToBetslip?marketId=717.188531370&selectionId=7017906"
"SPORTSGAMEODDS","Mv9FhCufA2rIINAyFRF8","2026-09-26T23:10:00.000Z","St. Louis Cardinals @ Milwaukee Brewers","St. Louis Cardinals","Milwaukee Brewers","4","full","FULL_INNING_TOTAL","under","","points-all-4i-ou-under","fanduel","1.5","true","-375","2026-09-26T13:25:34.000Z","0.5","0.5","","","https://sportsbook.fanduel.com/addToBetslip?marketId=717.188531370&selectionId=7017906"
"SPORTSGAMEODDS","Mv9FhCufA2rIINAyFRF8","2026-09-26T23:10:00.000Z","St. Louis Cardinals @ Milwaukee Brewers","St. Louis Cardinals","Milwaukee Brewers","4","full","FULL_INNING_TOTAL","under","","points-all-4i-ou-under","draftkings","0.5","false","-145","2026-09-26T13:25:36.276Z","0.5","0.5","-121","-145",""
"SPORTSGAMEODDS","Mv9FhCufA2rIINAyFRF8","2026-09-26T23:10:00.000Z","St. Louis Cardinals @ Milwaukee Brewers","St. Louis Cardinals","Milwaukee Brewers","4","full","FULL_INNING_TOTAL","under","","points-all-4i-ou-under","draftkings","1.5","true","-370","2026-09-26T13:25:36.276Z","0.5","0.5","","",""
"SPORTSGAMEODDS","Mv9FhCufA2rIINAyFRF8","2026-09-26T23:10:00.000Z","St. Louis Cardinals @ Milwaukee Brewers","St. Louis Cardinals","Milwaukee Brewers","4","full","FULL_INNING_TOTAL","under","","points-all-4i-ou-under","fliff","0.5","false","-155","2026-09-26T13:23:52.193Z","0.5","0.5","-121","-145",""
"SPORTSGAMEODDS","Mv9FhCufA2rIINAyFRF8","2026-09-26T23:10:00.000Z","St. Louis Cardinals @ Milwaukee Brewers","St. Louis Cardinals","Milwaukee Brewers","5","full","FULL_INNING_3WAY","draw","","points-all-5i-ml3way-draw","fanduel","","false","-165","2026-09-26T13:25:34.000Z","","","","","https://sportsbook.fanduel.com/addToBetslip?marketId=717.188531335&selectionId=131604"
"SPORTSGAMEODDS","Mv9FhCufA2rIINAyFRF8","2026-09-26T23:10:00.000Z","St. Louis Cardinals @ Milwaukee Brewers","St. Louis Cardinals","Milwaukee Brewers","5","full","FULL_INNING_3WAY","draw","","points-all-5i-ml3way-draw","draftkings","","false","-160","2026-09-26T13:25:36.276Z","","","","",""
"SPORTSGAMEODDS","Mv9FhCufA2rIINAyFRF8","2026-09-26T23:10:00.000Z","St. Louis Cardinals @ Milwaukee Brewers","St. Louis Cardinals","Milwaukee Brewers","5","full","FULL_INNING_TOTAL","over","","points-all-5i-ou-over","fanduel","0.5","false","110","2026-09-26T13:25:34.000Z","0.5","0.5","120","105","https://sportsbook.fanduel.com/addToBetslip?marketId=717.188531327&selectionId=7017905"
"SPORTSGAMEODDS","Mv9FhCufA2rIINAyFRF8","2026-09-26T23:10:00.000Z","St. Louis Cardinals @ Milwaukee Brewers","St. Louis Cardinals","Milwaukee Brewers","5","full","FULL_INNING_TOTAL","over","","points-all-5i-ou-over","fanduel","1.5","true","290","2026-09-26T13:25:34.000Z","0.5","0.5","","","https://sportsbook.fanduel.com/addToBetslip?marketId=717.188531327&selectionId=7017905"
"SPORTSGAMEODDS","Mv9FhCufA2rIINAyFRF8","2026-09-26T23:10:00.000Z","St. Louis Cardinals @ Milwaukee Brewers","St. Louis Cardinals","Milwaukee Brewers","5","full","FULL_INNING_TOTAL","over","","points-all-5i-ou-over","draftkings","0.5","false","105","2026-09-26T13:25:36.276Z","0.5","0.5","120","105",""
"SPORTSGAMEODDS","Mv9FhCufA2rIINAyFRF8","2026-09-26T23:10:00.000Z","St. Louis Cardinals @ Milwaukee Brewers","St. Louis Cardinals","Milwaukee Brewers","5","full","FULL_INNING_TOTAL","over","","points-all-5i-ou-over","draftkings","1.5","true","255","2026-09-26T13:25:36.276Z","0.5","0.5","","",""
"SPORTSGAMEODDS","Mv9FhCufA2rIINAyFRF8","2026-09-26T23:10:00.000Z","St. Louis Cardinals @ Milwaukee Brewers","St. Louis Cardinals","Milwaukee Brewers","5","full","FULL_INNING_TOTAL","over","","points-all-5i-ou-over","fliff","0.5","false","-105","2026-09-26T13:23:52.193Z","0.5","0.5","120","105",""
"SPORTSGAMEODDS","Mv9FhCufA2rIINAyFRF8","2026-09-26T23:10:00.000Z","St. Louis Cardinals @ Milwaukee Brewers","St. Louis Cardinals","Milwaukee Brewers","5","full","FULL_INNING_TOTAL","under","","points-all-5i-ou-under","fanduel","0.5","false","-134","2026-09-26T13:25:34.000Z","0.5","0.5","-120","-140","https://sportsbook.fanduel.com/addToBetslip?marketId=717.188531327&selectionId=7017906"
"SPORTSGAMEODDS","Mv9FhCufA2rIINAyFRF8","2026-09-26T23:10:00.000Z","St. Louis Cardinals @ Milwaukee Brewers","St. Louis Cardinals","Milwaukee Brewers","5","full","FULL_INNING_TOTAL","under","","points-all-5i-ou-under","fanduel","1.5","true","-385","2026-09-26T13:25:34.000Z","0.5","0.5","","","https://sportsbook.fanduel.com/addToBetslip?marketId=717.188531327&selectionId=7017906"
"SPORTSGAMEODDS","Mv9FhCufA2rIINAyFRF8","2026-09-26T23:10:00.000Z","St. Louis Cardinals @ Milwaukee Brewers","St. Louis Cardinals","Milwaukee Brewers","5","full","FULL_INNING_TOTAL","under","","points-all-5i-ou-under","draftkings","0.5","false","-140","2026-09-26T13:25:36.276Z","0.5","0.5","-120","-140",""
"SPORTSGAMEODDS","Mv9FhCufA2rIINAyFRF8","2026-09-26T23:10:00.000Z","St. Louis Cardinals @ Milwaukee Brewers","St. Louis Cardinals","Milwaukee Brewers","5","full","FULL_INNING_TOTAL","under","","points-all-5i-ou-under","draftkings","1.5","true","-360","2026-09-26T13:25:36.276Z","0.5","0.5","","",""
"SPORTSGAMEODDS","Mv9FhCufA2rIINAyFRF8","2026-09-26T23:10:00.000Z","St. Louis Cardinals @ Milwaukee Brewers","St. Louis Cardinals","Milwaukee Brewers","5","full","FULL_INNING_TOTAL","under","","points-all-5i-ou-under","fliff","0.5","false","-155","2026-09-26T13:23:52.193Z","0.5","0.5","-120","-140",""
"SPORTSGAMEODDS","Mv9FhCufA2rIINAyFRF8","2026-09-26T23:10:00.000Z","St. Louis Cardinals @ Milwaukee Brewers","St. Louis Cardinals","Milwaukee Brewers","6","full","FULL_INNING_3WAY","draw","","points-all-6i-ml3way-draw","fanduel","","false","-165","2026-09-26T13:25:34.000Z","","","","","https://sportsbook.fanduel.com/addToBetslip?marketId=717.188531383&selectionId=131604"
"SPORTSGAMEODDS","Mv9FhCufA2rIINAyFRF8","2026-09-26T23:10:00.000Z","St. Louis Cardinals @ Milwaukee Brewers","St. Louis Cardinals","Milwaukee Brewers","6","full","FULL_INNING_3WAY","draw","","points-all-6i-ml3way-draw","draftkings","","false","-170","2026-09-26T13:25:36.276Z","","","","",""
"SPORTSGAMEODDS","Mv9FhCufA2rIINAyFRF8","2026-09-26T23:10:00.000Z","St. Louis Cardinals @ Milwaukee Brewers","St. Louis Cardinals","Milwaukee Brewers","6","full","FULL_INNING_TOTAL","over","","points-all-6i-ou-over","fanduel","0.5","false","116","2026-09-26T13:25:34.000Z","0.5","0.5","126","110","https://sportsbook.fanduel.com/addToBetslip?marketId=717.188531353&selectionId=7017905"
"SPORTSGAMEODDS","Mv9FhCufA2rIINAyFRF8","2026-09-26T23:10:00.000Z","St. Louis Cardinals @ Milwaukee Brewers","St. Louis Cardinals","Milwaukee Brewers","6","full","FULL_INNING_TOTAL","over","","points-all-6i-ou-over","fanduel","1.5","true","290","2026-09-26T13:25:34.000Z","0.5","0.5","","","https://sportsbook.fanduel.com/addToBetslip?marketId=717.188531353&selectionId=7017905"
"SPORTSGAMEODDS","Mv9FhCufA2rIINAyFRF8","2026-09-26T23:10:00.000Z","St. Louis Cardinals @ Milwaukee Brewers","St. Louis Cardinals","Milwaukee Brewers","6","full","FULL_INNING_TOTAL","over","","points-all-6i-ou-over","draftkings","0.5","false","110","2026-09-26T13:25:36.276Z","0.5","0.5","126","110",""
"SPORTSGAMEODDS","Mv9FhCufA2rIINAyFRF8","2026-09-26T23:10:00.000Z","St. Louis Cardinals @ Milwaukee Brewers","St. Louis Cardinals","Milwaukee Brewers","6","full","FULL_INNING_TOTAL","over","","points-all-6i-ou-over","draftkings","1.5","true","275","2026-09-26T13:25:36.276Z","0.5","0.5","","",""
"SPORTSGAMEODDS","Mv9FhCufA2rIINAyFRF8","2026-09-26T23:10:00.000Z","St. Louis Cardinals @ Milwaukee Brewers","St. Louis Cardinals","Milwaukee Brewers","6","full","FULL_INNING_TOTAL","over","","points-all-6i-ou-over","fliff","0.5","false","100","2026-09-26T13:23:52.193Z","0.5","0.5","126","110",""
"SPORTSGAMEODDS","Mv9FhCufA2rIINAyFRF8","2026-09-26T23:10:00.000Z","St. Louis Cardinals @ Milwaukee Brewers","St. Louis Cardinals","Milwaukee Brewers","6","full","FULL_INNING_TOTAL","under","","points-all-6i-ou-under","fanduel","0.5","false","-142","2026-09-26T13:25:34.000Z","0.5","0.5","-126","-150","https://sportsbook.fanduel.com/addToBetslip?marketId=717.188531353&selectionId=7017906"
"SPORTSGAMEODDS","Mv9FhCufA2rIINAyFRF8","2026-09-26T23:10:00.000Z","St. Louis Cardinals @ Milwaukee Brewers","St. Louis Cardinals","Milwaukee Brewers","6","full","FULL_INNING_TOTAL","under","","points-all-6i-ou-under","fanduel","1.5","true","-385","2026-09-26T13:25:34.000Z","0.5","0.5","","","https://sportsbook.fanduel.com/addToBetslip?marketId=717.188531353&selectionId=7017906"
"SPORTSGAMEODDS","Mv9FhCufA2rIINAyFRF8","2026-09-26T23:10:00.000Z","St. Louis Cardinals @ Milwaukee Brewers","St. Louis Cardinals","Milwaukee Brewers","6","full","FULL_INNING_TOTAL","under","","points-all-6i-ou-under","draftkings","0.5","false","-150","2026-09-26T13:25:36.276Z","0.5","0.5","-126","-150",""
"SPORTSGAMEODDS","Mv9FhCufA2rIINAyFRF8","2026-09-26T23:10:00.000Z","St. Louis Cardinals @ Milwaukee Brewers","St. Louis Cardinals","Milwaukee Brewers","6","full","FULL_INNING_TOTAL","under","","points-all-6i-ou-under","draftkings","1.5","true","-390","2026-09-26T13:25:36.276Z","0.5","0.5","","",""
"SPORTSGAMEODDS","Mv9FhCufA2rIINAyFRF8","2026-09-26T23:10:00.000Z","St. Louis Cardinals @ Milwaukee Brewers","St. Louis Cardinals","Milwaukee Brewers","6","full","FULL_INNING_TOTAL","under","","points-all-6i-ou-under","fliff","0.5","false","-160","2026-09-26T13:23:52.193Z","0.5","0.5","-126","-150",""
"SPORTSGAMEODDS","Mv9FhCufA2rIINAyFRF8","2026-09-26T23:10:00.000Z","St. Louis Cardinals @ Milwaukee Brewers","St. Louis Cardinals","Milwaukee Brewers","7","full","FULL_INNING_3WAY","draw","","points-all-7i-ml3way-draw","fanduel","","false","-175","2026-09-26T13:25:34.000Z","","","","","https://sportsbook.fanduel.com/addToBetslip?marketId=717.188531278&selectionId=131604"
"SPORTSGAMEODDS","Mv9FhCufA2rIINAyFRF8","2026-09-26T23:10:00.000Z","St. Louis Cardinals @ Milwaukee Brewers","St. Louis Cardinals","Milwaukee Brewers","7","full","FULL_INNING_3WAY","draw","","points-all-7i-ml3way-draw","draftkings","","false","-175","2026-09-26T13:25:36.276Z","","","","",""
"SPORTSGAMEODDS","Mv9FhCufA2rIINAyFRF8","2026-09-26T23:10:00.000Z","St. Louis Cardinals @ Milwaukee Brewers","St. Louis Cardinals","Milwaukee Brewers","7","full","FULL_INNING_TOTAL","over","","points-all-7i-ou-over","fanduel","0.5","false","120","2026-09-26T13:25:34.000Z","0.5","0.5","131","115","https://sportsbook.fanduel.com/addToBetslip?marketId=717.188531291&selectionId=7017905"
"SPORTSGAMEODDS","Mv9FhCufA2rIINAyFRF8","2026-09-26T23:10:00.000Z","St. Louis Cardinals @ Milwaukee Brewers","St. Louis Cardinals","Milwaukee Brewers","7","full","FULL_INNING_TOTAL","over","","points-all-7i-ou-over","fanduel","1.5","true","300","2026-09-26T13:25:34.000Z","0.5","0.5","","","https://sportsbook.fanduel.com/addToBetslip?marketId=717.188531291&selectionId=7017905"
"SPORTSGAMEODDS","Mv9FhCufA2rIINAyFRF8","2026-09-26T23:10:00.000Z","St. Louis Cardinals @ Milwaukee Brewers","St. Louis Cardinals","Milwaukee Brewers","7","full","FULL_INNING_TOTAL","over","","points-all-7i-ou-over","draftkings","0.5","false","115","2026-09-26T13:25:36.276Z","0.5","0.5","131","115",""
"SPORTSGAMEODDS","Mv9FhCufA2rIINAyFRF8","2026-09-26T23:10:00.000Z","St. Louis Cardinals @ Milwaukee Brewers","St. Louis Cardinals","Milwaukee Brewers","7","full","FULL_INNING_TOTAL","over","","points-all-7i-ou-over","draftkings","1.5","true","290","2026-09-26T13:25:36.276Z","0.5","0.5","","",""
"SPORTSGAMEODDS","Mv9FhCufA2rIINAyFRF8","2026-09-26T23:10:00.000Z","St. Louis Cardinals @ Milwaukee Brewers","St. Louis Cardinals","Milwaukee Brewers","7","full","FULL_INNING_TOTAL","over","","points-all-7i-ou-over","fliff","0.5","false","100","2026-09-26T13:23:52.193Z","0.5","0.5","131","115",""
"SPORTSGAMEODDS","Mv9FhCufA2rIINAyFRF8","2026-09-26T23:10:00.000Z","St. Louis Cardinals @ Milwaukee Brewers","St. Louis Cardinals","Milwaukee Brewers","7","full","FULL_INNING_TOTAL","under","","points-all-7i-ou-under","fanduel","0.5","false","-148","2026-09-26T13:25:34.000Z","0.5","0.5","-131","-155","https://sportsbook.fanduel.com/addToBetslip?marketId=717.188531291&selectionId=7017906"
"SPORTSGAMEODDS","Mv9FhCufA2rIINAyFRF8","2026-09-26T23:10:00.000Z","St. Louis Cardinals @ Milwaukee Brewers","St. Louis Cardinals","Milwaukee Brewers","7","full","FULL_INNING_TOTAL","under","","points-all-7i-ou-under","fanduel","1.5","true","-400","2026-09-26T13:25:34.000Z","0.5","0.5","","","https://sportsbook.fanduel.com/addToBetslip?marketId=717.188531291&selectionId=7017906"
"SPORTSGAMEODDS","Mv9FhCufA2rIINAyFRF8","2026-09-26T23:10:00.000Z","St. Louis Cardinals @ Milwaukee Brewers","St. Louis Cardinals","Milwaukee Brewers","7","full","FULL_INNING_TOTAL","under","","points-all-7i-ou-under","draftkings","0.5","false","-155","2026-09-26T13:25:36.276Z","0.5","0.5","-131","-155",""
"SPORTSGAMEODDS","Mv9FhCufA2rIINAyFRF8","2026-09-26T23:10:00.000Z","St. Louis Cardinals @ Milwaukee Brewers","St. Louis Cardinals","Milwaukee Brewers","7","full","FULL_INNING_TOTAL","under","","points-all-7i-ou-under","draftkings","1.5","true","-425","2026-09-26T13:25:36.276Z","0.5","0.5","","",""
"SPORTSGAMEODDS","Mv9FhCufA2rIINAyFRF8","2026-09-26T23:10:00.000Z","St. Louis Cardinals @ Milwaukee Brewers","St. Louis Cardinals","Milwaukee Brewers","7","full","FULL_INNING_TOTAL","under","","points-all-7i-ou-under","fliff","0.5","false","-165","2026-09-26T13:23:52.193Z","0.5","0.5","-131","-155",""
"SPORTSGAMEODDS","Mv9FhCufA2rIINAyFRF8","2026-09-26T23:10:00.000Z","St. Louis Cardinals @ Milwaukee Brewers","St. Louis Cardinals","Milwaukee Brewers","8","full","FULL_INNING_3WAY","draw","","points-all-8i-ml3way-draw","fanduel","","false","-170","2026-09-26T13:25:34.000Z","","","","","https://sportsbook.fanduel.com/addToBetslip?marketId=717.188531324&selectionId=131604"
"SPORTSGAMEODDS","Mv9FhCufA2rIINAyFRF8","2026-09-26T23:10:00.000Z","St. Louis Cardinals @ Milwaukee Brewers","St. Louis Cardinals","Milwaukee Brewers","8","full","FULL_INNING_3WAY","draw","","points-all-8i-ml3way-draw","draftkings","","false","-185","2026-09-26T13:25:36.276Z","","","","",""
"SPORTSGAMEODDS","Mv9FhCufA2rIINAyFRF8","2026-09-26T23:10:00.000Z","St. Louis Cardinals @ Milwaukee Brewers","St. Louis Cardinals","Milwaukee Brewers","8","full","FULL_INNING_TOTAL","over","","points-all-8i-ou-over","fanduel","0.5","false","118","2026-09-26T13:25:34.000Z","0.5","0.5","134","118","https://sportsbook.fanduel.com/addToBetslip?marketId=717.188531357&selectionId=7017905"
"SPORTSGAMEODDS","Mv9FhCufA2rIINAyFRF8","2026-09-26T23:10:00.000Z","St. Louis Cardinals @ Milwaukee Brewers","St. Louis Cardinals","Milwaukee Brewers","8","full","FULL_INNING_TOTAL","over","","points-all-8i-ou-over","fanduel","1.5","true","310","2026-09-26T13:25:34.000Z","0.5","0.5","","","https://sportsbook.fanduel.com/addToBetslip?marketId=717.188531357&selectionId=7017905"
"SPORTSGAMEODDS","Mv9FhCufA2rIINAyFRF8","2026-09-26T23:10:00.000Z","St. Louis Cardinals @ Milwaukee Brewers","St. Louis Cardinals","Milwaukee Brewers","8","full","FULL_INNING_TOTAL","over","","points-all-8i-ou-over","draftkings","0.5","false","120","2026-09-26T13:25:36.276Z","0.5","0.5","134","118",""
"SPORTSGAMEODDS","Mv9FhCufA2rIINAyFRF8","2026-09-26T23:10:00.000Z","St. Louis Cardinals @ Milwaukee Brewers","St. Louis Cardinals","Milwaukee Brewers","8","full","FULL_INNING_TOTAL","over","","points-all-8i-ou-over","draftkings","1.5","true","290","2026-09-26T13:25:36.276Z","0.5","0.5","","",""
"SPORTSGAMEODDS","Mv9FhCufA2rIINAyFRF8","2026-09-26T23:10:00.000Z","St. Louis Cardinals @ Milwaukee Brewers","St. Louis Cardinals","Milwaukee Brewers","8","full","FULL_INNING_TOTAL","over","","points-all-8i-ou-over","fliff","0.5","false","105","2026-09-26T13:23:52.193Z","0.5","0.5","134","118",""
"SPORTSGAMEODDS","Mv9FhCufA2rIINAyFRF8","2026-09-26T23:10:00.000Z","St. Louis Cardinals @ Milwaukee Brewers","St. Louis Cardinals","Milwaukee Brewers","8","full","FULL_INNING_TOTAL","under","","points-all-8i-ou-under","fanduel","0.5","false","-144","2026-09-26T13:25:34.000Z","0.5","0.5","-134","-160","https://sportsbook.fanduel.com/addToBetslip?marketId=717.188531357&selectionId=7017906"
"SPORTSGAMEODDS","Mv9FhCufA2rIINAyFRF8","2026-09-26T23:10:00.000Z","St. Louis Cardinals @ Milwaukee Brewers","St. Louis Cardinals","Milwaukee Brewers","8","full","FULL_INNING_TOTAL","under","","points-all-8i-ou-under","fanduel","1.5","true","-390","2026-09-26T13:25:34.000Z","0.5","0.5","","","https://sportsbook.fanduel.com/addToBetslip?marketId=717.188531357&selectionId=7017906"
"SPORTSGAMEODDS","Mv9FhCufA2rIINAyFRF8","2026-09-26T23:10:00.000Z","St. Louis Cardinals @ Milwaukee Brewers","St. Louis Cardinals","Milwaukee Brewers","8","full","FULL_INNING_TOTAL","under","","points-all-8i-ou-under","draftkings","0.5","false","-160","2026-09-26T13:25:36.276Z","0.5","0.5","-134","-160",""
"SPORTSGAMEODDS","Mv9FhCufA2rIINAyFRF8","2026-09-26T23:10:00.000Z","St. Louis Cardinals @ Milwaukee Brewers","St. Louis Cardinals","Milwaukee Brewers","8","full","FULL_INNING_TOTAL","under","","points-all-8i-ou-under","draftkings","1.5","true","-425","2026-09-26T13:25:36.276Z","0.5","0.5","","",""
"SPORTSGAMEODDS","Mv9FhCufA2rIINAyFRF8","2026-09-26T23:10:00.000Z","St. Louis Cardinals @ Milwaukee Brewers","St. Louis Cardinals","Milwaukee Brewers","8","full","FULL_INNING_TOTAL","under","","points-all-8i-ou-under","fliff","0.5","false","-170","2026-09-26T13:23:52.193Z","0.5","0.5","-134","-160",""
"SPORTSGAMEODDS","Mv9FhCufA2rIINAyFRF8","2026-09-26T23:10:00.000Z","St. Louis Cardinals @ Milwaukee Brewers","St. Louis Cardinals","Milwaukee Brewers","9","full","FULL_INNING_3WAY","draw","","points-all-9i-ml3way-draw","fanduel","","false","-310","2026-09-26T13:25:34.000Z","","","","","https://sportsbook.fanduel.com/addToBetslip?marketId=717.188531364&selectionId=131604"
"SPORTSGAMEODDS","Mv9FhCufA2rIINAyFRF8","2026-09-26T23:10:00.000Z","St. Louis Cardinals @ Milwaukee Brewers","St. Louis Cardinals","Milwaukee Brewers","9","full","FULL_INNING_3WAY","draw","","points-all-9i-ml3way-draw","draftkings","","false","-300","2026-09-26T13:25:36.276Z","","","","",""
"SPORTSGAMEODDS","Mv9FhCufA2rIINAyFRF8","2026-09-26T23:10:00.000Z","St. Louis Cardinals @ Milwaukee Brewers","St. Louis Cardinals","Milwaukee Brewers","9","full","FULL_INNING_TOTAL","over","","points-all-9i-ou-over","fanduel","1.5","false","520","2026-09-26T13:25:34.000Z","","1.5","","510","https://sportsbook.fanduel.com/addToBetslip?marketId=717.188531285&selectionId=7017905"
"SPORTSGAMEODDS","Mv9FhCufA2rIINAyFRF8","2026-09-26T23:10:00.000Z","St. Louis Cardinals @ Milwaukee Brewers","St. Louis Cardinals","Milwaukee Brewers","9","full","FULL_INNING_TOTAL","over","","points-all-9i-ou-over","draftkings","1.5","false","500","2026-09-26T13:25:36.276Z","","1.5","","510",""
"SPORTSGAMEODDS","Mv9FhCufA2rIINAyFRF8","2026-09-26T23:10:00.000Z","St. Louis Cardinals @ Milwaukee Brewers","St. Louis Cardinals","Milwaukee Brewers","9","full","FULL_INNING_TOTAL","over","","points-all-9i-ou-over","draftkings","0.5","true","195","2026-09-26T13:25:36.276Z","","1.5","","",""
"SPORTSGAMEODDS","Mv9FhCufA2rIINAyFRF8","2026-09-26T23:10:00.000Z","St. Louis Cardinals @ Milwaukee Brewers","St. Louis Cardinals","Milwaukee Brewers","9","full","FULL_INNING_TOTAL","under","","points-all-9i-ou-under","fanduel","1.5","false","-800","2026-09-26T13:25:34.000Z","","1.5","","-800","https://sportsbook.fanduel.com/addToBetslip?marketId=717.188531285&selectionId=7017906"
"SPORTSGAMEODDS","Mv9FhCufA2rIINAyFRF8","2026-09-26T23:10:00.000Z","St. Louis Cardinals @ Milwaukee Brewers","St. Louis Cardinals","Milwaukee Brewers","9","full","FULL_INNING_TOTAL","under","","points-all-9i-ou-under","draftkings","1.5","false","-800","2026-09-26T13:25:36.276Z","","1.5","","-800",""
"SPORTSGAMEODDS","Mv9FhCufA2rIINAyFRF8","2026-09-26T23:10:00.000Z","St. Louis Cardinals @ Milwaukee Brewers","St. Louis Cardinals","Milwaukee Brewers","9","full","FULL_INNING_TOTAL","under","","points-all-9i-ou-under","draftkings","0.5","true","-270","2026-09-26T13:25:36.276Z","","1.5","","",""
"SPORTSGAMEODDS","Mv9FhCufA2rIINAyFRF8","2026-09-26T23:10:00.000Z","St. Louis Cardinals @ Milwaukee Brewers","St. Louis Cardinals","Milwaukee Brewers","2","full","FULL_INNING_3WAY","away","","points-away-2i-ml3way-away","fanduel","","false","460","2026-09-26T13:25:34.000Z","","","","","https://sportsbook.fanduel.com/addToBetslip?marketId=717.188531348&selectionId=50291"
"SPORTSGAMEODDS","Mv9FhCufA2rIINAyFRF8","2026-09-26T23:10:00.000Z","St. Louis Cardinals @ Milwaukee Brewers","St. Louis Cardinals","Milwaukee Brewers","2","full","FULL_INNING_3WAY","away","","points-away-2i-ml3way-away","draftkings","","false","390","2026-09-26T13:25:36.276Z","","","","",""
"SPORTSGAMEODDS","Mv9FhCufA2rIINAyFRF8","2026-09-26T23:10:00.000Z","St. Louis Cardinals @ Milwaukee Brewers","St. Louis Cardinals","Milwaukee Brewers","3","full","FULL_INNING_3WAY","away","","points-away-3i-ml3way-away","fanduel","","false","420","2026-09-26T13:25:34.000Z","","","","","https://sportsbook.fanduel.com/addToBetslip?marketId=717.188531338&selectionId=50291"
"SPORTSGAMEODDS","Mv9FhCufA2rIINAyFRF8","2026-09-26T23:10:00.000Z","St. Louis Cardinals @ Milwaukee Brewers","St. Louis Cardinals","Milwaukee Brewers","3","full","FULL_INNING_3WAY","away","","points-away-3i-ml3way-away","draftkings","","false","400","2026-09-26T13:25:36.276Z","","","","",""
"SPORTSGAMEODDS","Mv9FhCufA2rIINAyFRF8","2026-09-26T23:10:00.000Z","St. Louis Cardinals @ Milwaukee Brewers","St. Louis Cardinals","Milwaukee Brewers","4","full","FULL_INNING_3WAY","away","","points-away-4i-ml3way-away","fanduel","","false","400","2026-09-26T13:25:34.000Z","","","","","https://sportsbook.fanduel.com/addToBetslip?marketId=717.188531403&selectionId=50291"
"SPORTSGAMEODDS","Mv9FhCufA2rIINAyFRF8","2026-09-26T23:10:00.000Z","St. Louis Cardinals @ Milwaukee Brewers","St. Louis Cardinals","Milwaukee Brewers","4","full","FULL_INNING_3WAY","away","","points-away-4i-ml3way-away","draftkings","","false","400","2026-09-26T13:25:36.276Z","","","","",""
"SPORTSGAMEODDS","Mv9FhCufA2rIINAyFRF8","2026-09-26T23:10:00.000Z","St. Louis Cardinals @ Milwaukee Brewers","St. Louis Cardinals","Milwaukee Brewers","5","full","FULL_INNING_3WAY","away","","points-away-5i-ml3way-away","fanduel","","false","420","2026-09-26T13:25:34.000Z","","","","","https://sportsbook.fanduel.com/addToBetslip?marketId=717.188531335&selectionId=50291"
"SPORTSGAMEODDS","Mv9FhCufA2rIINAyFRF8","2026-09-26T23:10:00.000Z","St. Louis Cardinals @ Milwaukee Brewers","St. Louis Cardinals","Milwaukee Brewers","5","full","FULL_INNING_3WAY","away","","points-away-5i-ml3way-away","draftkings","","false","400","2026-09-26T13:25:36.276Z","","","","",""
"SPORTSGAMEODDS","Mv9FhCufA2rIINAyFRF8","2026-09-26T23:10:00.000Z","St. Louis Cardinals @ Milwaukee Brewers","St. Louis Cardinals","Milwaukee Brewers","6","full","FULL_INNING_3WAY","away","","points-away-6i-ml3way-away","fanduel","","false","410","2026-09-26T13:25:34.000Z","","","","","https://sportsbook.fanduel.com/addToBetslip?marketId=717.188531383&selectionId=50291"
"SPORTSGAMEODDS","Mv9FhCufA2rIINAyFRF8","2026-09-26T23:10:00.000Z","St. Louis Cardinals @ Milwaukee Brewers","St. Louis Cardinals","Milwaukee Brewers","6","full","FULL_INNING_3WAY","away","","points-away-6i-ml3way-away","draftkings","","false","380","2026-09-26T13:25:36.276Z","","","","",""
"SPORTSGAMEODDS","Mv9FhCufA2rIINAyFRF8","2026-09-26T23:10:00.000Z","St. Louis Cardinals @ Milwaukee Brewers","St. Louis Cardinals","Milwaukee Brewers","7","full","FULL_INNING_3WAY","away","","points-away-7i-ml3way-away","fanduel","","false","420","2026-09-26T13:25:34.000Z","","","","","https://sportsbook.fanduel.com/addToBetslip?marketId=717.188531278&selectionId=50291"
"SPORTSGAMEODDS","Mv9FhCufA2rIINAyFRF8","2026-09-26T23:10:00.000Z","St. Louis Cardinals @ Milwaukee Brewers","St. Louis Cardinals","Milwaukee Brewers","7","full","FULL_INNING_3WAY","away","","points-away-7i-ml3way-away","draftkings","","false","425","2026-09-26T13:25:36.276Z","","","","",""
"SPORTSGAMEODDS","Mv9FhCufA2rIINAyFRF8","2026-09-26T23:10:00.000Z","St. Louis Cardinals @ Milwaukee Brewers","St. Louis Cardinals","Milwaukee Brewers","8","full","FULL_INNING_3WAY","away","","points-away-8i-ml3way-away","fanduel","","false","390","2026-09-26T13:25:34.000Z","","","","","https://sportsbook.fanduel.com/addToBetslip?marketId=717.188531324&selectionId=50291"
"SPORTSGAMEODDS","Mv9FhCufA2rIINAyFRF8","2026-09-26T23:10:00.000Z","St. Louis Cardinals @ Milwaukee Brewers","St. Louis Cardinals","Milwaukee Brewers","8","full","FULL_INNING_3WAY","away","","points-away-8i-ml3way-away","draftkings","","false","400","2026-09-26T13:25:36.276Z","","","","",""
"SPORTSGAMEODDS","Mv9FhCufA2rIINAyFRF8","2026-09-26T23:10:00.000Z","St. Louis Cardinals @ Milwaukee Brewers","St. Louis Cardinals","Milwaukee Brewers","9","full","FULL_INNING_3WAY","away","","points-away-9i-ml3way-away","fanduel","","false","380","2026-09-26T13:25:34.000Z","","","","","https://sportsbook.fanduel.com/addToBetslip?marketId=717.188531364&selectionId=50291"
"SPORTSGAMEODDS","Mv9FhCufA2rIINAyFRF8","2026-09-26T23:10:00.000Z","St. Louis Cardinals @ Milwaukee Brewers","St. Louis Cardinals","Milwaukee Brewers","9","full","FULL_INNING_3WAY","away","","points-away-9i-ml3way-away","draftkings","","false","360","2026-09-26T13:25:36.276Z","","","","",""
"SPORTSGAMEODDS","Mv9FhCufA2rIINAyFRF8","2026-09-26T23:10:00.000Z","St. Louis Cardinals @ Milwaukee Brewers","St. Louis Cardinals","Milwaukee Brewers","2","full","FULL_INNING_3WAY","home","","points-home-2i-ml3way-home","fanduel","","false","280","2026-09-26T13:25:34.000Z","","","","","https://sportsbook.fanduel.com/addToBetslip?marketId=717.188531348&selectionId=29172"
"SPORTSGAMEODDS","Mv9FhCufA2rIINAyFRF8","2026-09-26T23:10:00.000Z","St. Louis Cardinals @ Milwaukee Brewers","St. Louis Cardinals","Milwaukee Brewers","2","full","FULL_INNING_3WAY","home","","points-home-2i-ml3way-home","draftkings","","false","280","2026-09-26T13:25:36.276Z","","","","",""
"SPORTSGAMEODDS","Mv9FhCufA2rIINAyFRF8","2026-09-26T23:10:00.000Z","St. Louis Cardinals @ Milwaukee Brewers","St. Louis Cardinals","Milwaukee Brewers","3","full","FULL_INNING_3WAY","home","","points-home-3i-ml3way-home","fanduel","","false","270","2026-09-26T13:25:34.000Z","","","","","https://sportsbook.fanduel.com/addToBetslip?marketId=717.188531338&selectionId=29172"
"SPORTSGAMEODDS","Mv9FhCufA2rIINAyFRF8","2026-09-26T23:10:00.000Z","St. Louis Cardinals @ Milwaukee Brewers","St. Louis Cardinals","Milwaukee Brewers","3","full","FULL_INNING_3WAY","home","","points-home-3i-ml3way-home","draftkings","","false","255","2026-09-26T13:25:36.276Z","","","","",""
"SPORTSGAMEODDS","Mv9FhCufA2rIINAyFRF8","2026-09-26T23:10:00.000Z","St. Louis Cardinals @ Milwaukee Brewers","St. Louis Cardinals","Milwaukee Brewers","4","full","FULL_INNING_3WAY","home","","points-home-4i-ml3way-home","fanduel","","false","290","2026-09-26T13:25:34.000Z","","","","","https://sportsbook.fanduel.com/addToBetslip?marketId=717.188531403&selectionId=29172"
"SPORTSGAMEODDS","Mv9FhCufA2rIINAyFRF8","2026-09-26T23:10:00.000Z","St. Louis Cardinals @ Milwaukee Brewers","St. Louis Cardinals","Milwaukee Brewers","4","full","FULL_INNING_3WAY","home","","points-home-4i-ml3way-home","draftkings","","false","260","2026-09-26T13:25:36.276Z","","","","",""
"SPORTSGAMEODDS","Mv9FhCufA2rIINAyFRF8","2026-09-26T23:10:00.000Z","St. Louis Cardinals @ Milwaukee Brewers","St. Louis Cardinals","Milwaukee Brewers","5","full","FULL_INNING_3WAY","home","","points-home-5i-ml3way-home","fanduel","","false","270","2026-09-26T13:25:34.000Z","","","","","https://sportsbook.fanduel.com/addToBetslip?marketId=717.188531335&selectionId=29172"
"SPORTSGAMEODDS","Mv9FhCufA2rIINAyFRF8","2026-09-26T23:10:00.000Z","St. Louis Cardinals @ Milwaukee Brewers","St. Louis Cardinals","Milwaukee Brewers","5","full","FULL_INNING_3WAY","home","","points-home-5i-ml3way-home","draftkings","","false","265","2026-09-26T13:25:36.276Z","","","","",""
"SPORTSGAMEODDS","Mv9FhCufA2rIINAyFRF8","2026-09-26T23:10:00.000Z","St. Louis Cardinals @ Milwaukee Brewers","St. Louis Cardinals","Milwaukee Brewers","6","full","FULL_INNING_3WAY","home","","points-home-6i-ml3way-home","fanduel","","false","290","2026-09-26T13:25:34.000Z","","","","","https://sportsbook.fanduel.com/addToBetslip?marketId=717.188531383&selectionId=29172"
"SPORTSGAMEODDS","Mv9FhCufA2rIINAyFRF8","2026-09-26T23:10:00.000Z","St. Louis Cardinals @ Milwaukee Brewers","St. Louis Cardinals","Milwaukee Brewers","6","full","FULL_INNING_3WAY","home","","points-home-6i-ml3way-home","draftkings","","false","295","2026-09-26T13:25:36.276Z","","","","",""
"SPORTSGAMEODDS","Mv9FhCufA2rIINAyFRF8","2026-09-26T23:10:00.000Z","St. Louis Cardinals @ Milwaukee Brewers","St. Louis Cardinals","Milwaukee Brewers","7","full","FULL_INNING_3WAY","home","","points-home-7i-ml3way-home","fanduel","","false","300","2026-09-26T13:25:34.000Z","","","","","https://sportsbook.fanduel.com/addToBetslip?marketId=717.188531278&selectionId=29172"
"SPORTSGAMEODDS","Mv9FhCufA2rIINAyFRF8","2026-09-26T23:10:00.000Z","St. Louis Cardinals @ Milwaukee Brewers","St. Louis Cardinals","Milwaukee Brewers","7","full","FULL_INNING_3WAY","home","","points-home-7i-ml3way-home","draftkings","","false","285","2026-09-26T13:25:36.276Z","","","","",""
"SPORTSGAMEODDS","Mv9FhCufA2rIINAyFRF8","2026-09-26T23:10:00.000Z","St. Louis Cardinals @ Milwaukee Brewers","St. Louis Cardinals","Milwaukee Brewers","8","full","FULL_INNING_3WAY","home","","points-home-8i-ml3way-home","fanduel","","false","320","2026-09-26T13:25:34.000Z","","","","","https://sportsbook.fanduel.com/addToBetslip?marketId=717.188531324&selectionId=29172"
"SPORTSGAMEODDS","Mv9FhCufA2rIINAyFRF8","2026-09-26T23:10:00.000Z","St. Louis Cardinals @ Milwaukee Brewers","St. Louis Cardinals","Milwaukee Brewers","8","full","FULL_INNING_3WAY","home","","points-home-8i-ml3way-home","draftkings","","false","300","2026-09-26T13:25:36.276Z","","","","",""
"SPORTSGAMEODDS","Mv9FhCufA2rIINAyFRF8","2026-09-26T23:10:00.000Z","St. Louis Cardinals @ Milwaukee Brewers","St. Louis Cardinals","Milwaukee Brewers","9","full","FULL_INNING_3WAY","home","","points-home-9i-ml3way-home","fanduel","","false","700","2026-09-26T13:25:34.000Z","","","","","https://sportsbook.fanduel.com/addToBetslip?marketId=717.188531364&selectionId=29172"
"SPORTSGAMEODDS","Mv9FhCufA2rIINAyFRF8","2026-09-26T23:10:00.000Z","St. Louis Cardinals @ Milwaukee Brewers","St. Louis Cardinals","Milwaukee Brewers","9","full","FULL_INNING_3WAY","home","","points-home-9i-ml3way-home","draftkings","","false","700","2026-09-26T13:25:36.276Z","","","","",""
"SPORTSGAMEODDS","h2vpaWXNcbFXzX8vMSQL","2026-09-26T23:10:00.000Z","Colorado Rockies @ Chicago White Sox","Colorado Rockies","Chicago White Sox","1","full","FULL_INNING_TOTAL","over","","points-all-1i-ou-over","novig","0.5","false","100","2026-09-26T13:25:01.238Z","0.5","0.5","107","-104","https://novig.com/events/01a0d9d1-f2e9-7a21-bfc0-69200841df43/sportsgameodds"
"SPORTSGAMEODDS","h2vpaWXNcbFXzX8vMSQL","2026-09-26T23:10:00.000Z","Colorado Rockies @ Chicago White Sox","Colorado Rockies","Chicago White Sox","1","full","FULL_INNING_TOTAL","over","","points-all-1i-ou-over","caesars","0.5","false","-104","2026-09-26T13:25:57.811Z","0.5","0.5","107","-104","https://sportsbook.caesars.com/us/nj/bet/betslip?selectionIds=71214ef8-4752-38c7-b958-b2c5db685174"
"SPORTSGAMEODDS","h2vpaWXNcbFXzX8vMSQL","2026-09-26T23:10:00.000Z","Colorado Rockies @ Chicago White Sox","Colorado Rockies","Chicago White Sox","1","full","FULL_INNING_TOTAL","over","","points-all-1i-ou-over","fanduel","0.5","false","100","2026-09-26T13:25:34.000Z","0.5","0.5","107","-104","https://sportsbook.fanduel.com/addToBetslip?marketId=717.188535701&selectionId=7017905"
"SPORTSGAMEODDS","h2vpaWXNcbFXzX8vMSQL","2026-09-26T23:10:00.000Z","Colorado Rockies @ Chicago White Sox","Colorado Rockies","Chicago White Sox","1","full","FULL_INNING_TOTAL","over","","points-all-1i-ou-over","fanduel","1.5","true","260","2026-09-26T13:25:34.000Z","0.5","0.5","","","https://sportsbook.fanduel.com/addToBetslip?marketId=717.188535701&selectionId=7017905"
"SPORTSGAMEODDS","h2vpaWXNcbFXzX8vMSQL","2026-09-26T23:10:00.000Z","Colorado Rockies @ Chicago White Sox","Colorado Rockies","Chicago White Sox","1","full","FULL_INNING_TOTAL","over","","points-all-1i-ou-over","unknown","0.5","false","-113","2026-09-26T13:25:49.677Z","0.5","0.5","107","-104",""
"SPORTSGAMEODDS","h2vpaWXNcbFXzX8vMSQL","2026-09-26T23:10:00.000Z","Colorado Rockies @ Chicago White Sox","Colorado Rockies","Chicago White Sox","1","full","FULL_INNING_TOTAL","over","","points-all-1i-ou-over","unknown","1.5","true","220","2026-09-26T13:25:49.677Z","0.5","0.5","","",""
"SPORTSGAMEODDS","h2vpaWXNcbFXzX8vMSQL","2026-09-26T23:10:00.000Z","Colorado Rockies @ Chicago White Sox","Colorado Rockies","Chicago White Sox","1","full","FULL_INNING_TOTAL","over","","points-all-1i-ou-over","fliff","0.5","false","-120","2026-09-26T13:23:52.193Z","0.5","0.5","107","-104",""
"SPORTSGAMEODDS","h2vpaWXNcbFXzX8vMSQL","2026-09-26T23:10:00.000Z","Colorado Rockies @ Chicago White Sox","Colorado Rockies","Chicago White Sox","1","full","FULL_INNING_TOTAL","over","","points-all-1i-ou-over","hardrockbet","0.5","false","-110","2026-09-26T13:25:52.677Z","0.5","0.5","107","-104",""
"SPORTSGAMEODDS","h2vpaWXNcbFXzX8vMSQL","2026-09-26T23:10:00.000Z","Colorado Rockies @ Chicago White Sox","Colorado Rockies","Chicago White Sox","1","full","FULL_INNING_TOTAL","over","","points-all-1i-ou-over","hardrockbet","1.5","true","220","2026-09-26T13:25:52.677Z","0.5","0.5","","",""
"SPORTSGAMEODDS","h2vpaWXNcbFXzX8vMSQL","2026-09-26T23:10:00.000Z","Colorado Rockies @ Chicago White Sox","Colorado Rockies","Chicago White Sox","1","full","FULL_INNING_TOTAL","over","","points-all-1i-ou-over","prophetexchange","0.5","false","-106","2026-09-26T13:26:20.693Z","0.5","0.5","107","-104",""
"SPORTSGAMEODDS","h2vpaWXNcbFXzX8vMSQL","2026-09-26T23:10:00.000Z","Colorado Rockies @ Chicago White Sox","Colorado Rockies","Chicago White Sox","1","full","FULL_INNING_TOTAL","over","","points-all-1i-ou-over","draftkings","0.5","false","-115","2026-09-26T13:25:36.276Z","0.5","0.5","107","-104",""
"SPORTSGAMEODDS","h2vpaWXNcbFXzX8vMSQL","2026-09-26T23:10:00.000Z","Colorado Rockies @ Chicago White Sox","Colorado Rockies","Chicago White Sox","1","full","FULL_INNING_TOTAL","over","","points-all-1i-ou-over","draftkings","1.5","true","215","2026-09-26T13:25:36.276Z","0.5","0.5","","",""
"SPORTSGAMEODDS","h2vpaWXNcbFXzX8vMSQL","2026-09-26T23:10:00.000Z","Colorado Rockies @ Chicago White Sox","Colorado Rockies","Chicago White Sox","1","full","FULL_INNING_TOTAL","over","","points-all-1i-ou-over","ballybet","1.5","false","215","2026-09-26T13:25:36.177Z","0.5","0.5","","",""
"SPORTSGAMEODDS","h2vpaWXNcbFXzX8vMSQL","2026-09-26T23:10:00.000Z","Colorado Rockies @ Chicago White Sox","Colorado Rockies","Chicago White Sox","1","full","FULL_INNING_TOTAL","over","","points-all-1i-ou-over","betparx","1.5","false","215","2026-09-26T13:25:38.677Z","0.5","0.5","","",""
"SPORTSGAMEODDS","h2vpaWXNcbFXzX8vMSQL","2026-09-26T23:10:00.000Z","Colorado Rockies @ Chicago White Sox","Colorado Rockies","Chicago White Sox","1","full","FULL_INNING_TOTAL","over","","points-all-1i-ou-over","betrivers","1.5","false","215","2026-09-26T13:25:32.311Z","0.5","0.5","","","https://nj.betrivers.com/?page=sportsbook#event/1024788216?coupon=single|4351521831|0"
"SPORTSGAMEODDS","h2vpaWXNcbFXzX8vMSQL","2026-09-26T23:10:00.000Z","Colorado Rockies @ Chicago White Sox","Colorado Rockies","Chicago White Sox","1","full","FULL_INNING_TOTAL","over","","points-all-1i-ou-over","betonline","0.5","false","-104","2026-09-26T13:25:45.311Z","0.5","0.5","107","-104",""
"SPORTSGAMEODDS","h2vpaWXNcbFXzX8vMSQL","2026-09-26T23:10:00.000Z","Colorado Rockies @ Chicago White Sox","Colorado Rockies","Chicago White Sox","1","full","FULL_INNING_TOTAL","over","","points-all-1i-ou-over","betmgm","0.5","false","-105","2026-09-26T13:25:13.311Z","0.5","0.5","107","-104","https://sports.nj.betmgm.com/en/sports?options=19944857-1561566150-2305069229"
"SPORTSGAMEODDS","h2vpaWXNcbFXzX8vMSQL","2026-09-26T23:10:00.000Z","Colorado Rockies @ Chicago White Sox","Colorado Rockies","Chicago White Sox","1","full","FULL_INNING_TOTAL","under","","points-all-1i-ou-under","novig","0.5","false","-106","2026-09-26T13:25:01.238Z","0.5","0.5","-107","-120","https://novig.com/events/01a0d9d1-f2e9-7a21-bfc0-6935a929242e/sportsgameodds"
"SPORTSGAMEODDS","h2vpaWXNcbFXzX8vMSQL","2026-09-26T23:10:00.000Z","Colorado Rockies @ Chicago White Sox","Colorado Rockies","Chicago White Sox","1","full","FULL_INNING_TOTAL","under","","points-all-1i-ou-under","caesars","0.5","false","-120","2026-09-26T13:25:57.811Z","0.5","0.5","-107","-120","https://sportsbook.caesars.com/us/nj/bet/betslip?selectionIds=d0950813-2cb5-3707-be1d-e64b8c99a1f2"
"SPORTSGAMEODDS","h2vpaWXNcbFXzX8vMSQL","2026-09-26T23:10:00.000Z","Colorado Rockies @ Chicago White Sox","Colorado Rockies","Chicago White Sox","1","full","FULL_INNING_TOTAL","under","","points-all-1i-ou-under","fanduel","0.5","false","-128","2026-09-26T13:25:34.000Z","0.5","0.5","-107","-120","https://sportsbook.fanduel.com/addToBetslip?marketId=717.188535701&selectionId=7017906"
"SPORTSGAMEODDS","h2vpaWXNcbFXzX8vMSQL","2026-09-26T23:10:00.000Z","Colorado Rockies @ Chicago White Sox","Colorado Rockies","Chicago White Sox","1","full","FULL_INNING_TOTAL","under","","points-all-1i-ou-under","fanduel","1.5","true","-340","2026-09-26T13:25:34.000Z","0.5","0.5","","","https://sportsbook.fanduel.com/addToBetslip?marketId=717.188535701&selectionId=7017906"
"SPORTSGAMEODDS","h2vpaWXNcbFXzX8vMSQL","2026-09-26T23:10:00.000Z","Colorado Rockies @ Chicago White Sox","Colorado Rockies","Chicago White Sox","1","full","FULL_INNING_TOTAL","under","","points-all-1i-ou-under","unknown","0.5","false","-108","2026-09-26T13:25:49.677Z","0.5","0.5","-107","-120",""
"SPORTSGAMEODDS","h2vpaWXNcbFXzX8vMSQL","2026-09-26T23:10:00.000Z","Colorado Rockies @ Chicago White Sox","Colorado Rockies","Chicago White Sox","1","full","FULL_INNING_TOTAL","under","","points-all-1i-ou-under","unknown","1.5","true","-278","2026-09-26T13:25:49.677Z","0.5","0.5","","",""
"SPORTSGAMEODDS","h2vpaWXNcbFXzX8vMSQL","2026-09-26T23:10:00.000Z","Colorado Rockies @ Chicago White Sox","Colorado Rockies","Chicago White Sox","1","full","FULL_INNING_TOTAL","under","","points-all-1i-ou-under","fliff","0.5","false","-135","2026-09-26T13:23:52.193Z","0.5","0.5","-107","-120",""
"SPORTSGAMEODDS","h2vpaWXNcbFXzX8vMSQL","2026-09-26T23:10:00.000Z","Colorado Rockies @ Chicago White Sox","Colorado Rockies","Chicago White Sox","1","full","FULL_INNING_TOTAL","under","","points-all-1i-ou-under","hardrockbet","0.5","false","-120","2026-09-26T13:25:52.677Z","0.5","0.5","-107","-120",""
"SPORTSGAMEODDS","h2vpaWXNcbFXzX8vMSQL","2026-09-26T23:10:00.000Z","Colorado Rockies @ Chicago White Sox","Colorado Rockies","Chicago White Sox","1","full","FULL_INNING_TOTAL","under","","points-all-1i-ou-under","hardrockbet","1.5","true","-325","2026-09-26T13:25:52.677Z","0.5","0.5","","",""
"SPORTSGAMEODDS","h2vpaWXNcbFXzX8vMSQL","2026-09-26T23:10:00.000Z","Colorado Rockies @ Chicago White Sox","Colorado Rockies","Chicago White Sox","1","full","FULL_INNING_TOTAL","under","","points-all-1i-ou-under","prophetexchange","0.5","false","-112","2026-09-26T13:26:20.693Z","0.5","0.5","-107","-120",""
"SPORTSGAMEODDS","h2vpaWXNcbFXzX8vMSQL","2026-09-26T23:10:00.000Z","Colorado Rockies @ Chicago White Sox","Colorado Rockies","Chicago White Sox","1","full","FULL_INNING_TOTAL","under","","points-all-1i-ou-under","draftkings","0.5","false","-110","2026-09-26T13:25:36.276Z","0.5","0.5","-107","-120",""
"SPORTSGAMEODDS","h2vpaWXNcbFXzX8vMSQL","2026-09-26T23:10:00.000Z","Colorado Rockies @ Chicago White Sox","Colorado Rockies","Chicago White Sox","1","full","FULL_INNING_TOTAL","under","","points-all-1i-ou-under","draftkings","1.5","true","-285","2026-09-26T13:25:36.276Z","0.5","0.5","","",""
"SPORTSGAMEODDS","h2vpaWXNcbFXzX8vMSQL","2026-09-26T23:10:00.000Z","Colorado Rockies @ Chicago White Sox","Colorado Rockies","Chicago White Sox","1","full","FULL_INNING_TOTAL","under","","points-all-1i-ou-under","ballybet","1.5","false","-305","2026-09-26T13:25:36.177Z","0.5","0.5","","",""
"SPORTSGAMEODDS","h2vpaWXNcbFXzX8vMSQL","2026-09-26T23:10:00.000Z","Colorado Rockies @ Chicago White Sox","Colorado Rockies","Chicago White Sox","1","full","FULL_INNING_TOTAL","under","","points-all-1i-ou-under","betparx","1.5","false","-305","2026-09-26T13:25:38.677Z","0.5","0.5","","",""
"SPORTSGAMEODDS","h2vpaWXNcbFXzX8vMSQL","2026-09-26T23:10:00.000Z","Colorado Rockies @ Chicago White Sox","Colorado Rockies","Chicago White Sox","1","full","FULL_INNING_TOTAL","under","","points-all-1i-ou-under","betrivers","1.5","false","-305","2026-09-26T13:25:32.311Z","0.5","0.5","","","https://nj.betrivers.com/?page=sportsbook#event/1024788216?coupon=single|4351521832|0"
"SPORTSGAMEODDS","h2vpaWXNcbFXzX8vMSQL","2026-09-26T23:10:00.000Z","Colorado Rockies @ Chicago White Sox","Colorado Rockies","Chicago White Sox","1","full","FULL_INNING_TOTAL","under","","points-all-1i-ou-under","betonline","0.5","false","-127","2026-09-26T13:25:45.311Z","0.5","0.5","-107","-120",""
"SPORTSGAMEODDS","h2vpaWXNcbFXzX8vMSQL","2026-09-26T23:10:00.000Z","Colorado Rockies @ Chicago White Sox","Colorado Rockies","Chicago White Sox","1","full","FULL_INNING_TOTAL","under","","points-all-1i-ou-under","betmgm","0.5","false","-120","2026-09-26T13:25:13.311Z","0.5","0.5","-107","-120","https://sports.nj.betmgm.com/en/sports?options=19944857-1561566150-2305069230"
"SPORTSGAMEODDS","h2vpaWXNcbFXzX8vMSQL","2026-09-26T23:10:00.000Z","Colorado Rockies @ Chicago White Sox","Colorado Rockies","Chicago White Sox","1","full","FULL_INNING_3WAY","draw","","points-all-1i-ml3way-draw","fanduel","","false","-145","2026-09-26T13:25:34.000Z","","","","","https://sportsbook.fanduel.com/addToBetslip?marketId=717.188535640&selectionId=131604"
"SPORTSGAMEODDS","h2vpaWXNcbFXzX8vMSQL","2026-09-26T23:10:00.000Z","Colorado Rockies @ Chicago White Sox","Colorado Rockies","Chicago White Sox","1","full","FULL_INNING_3WAY","draw","","points-all-1i-ml3way-draw","bovada","","false","-128","2026-09-26T13:25:34.311Z","","","","",""
"SPORTSGAMEODDS","h2vpaWXNcbFXzX8vMSQL","2026-09-26T23:10:00.000Z","Colorado Rockies @ Chicago White Sox","Colorado Rockies","Chicago White Sox","1","full","FULL_INNING_3WAY","draw","","points-all-1i-ml3way-draw","draftkings","","false","-130","2026-09-26T13:25:36.276Z","","","","",""
"SPORTSGAMEODDS","h2vpaWXNcbFXzX8vMSQL","2026-09-26T23:10:00.000Z","Colorado Rockies @ Chicago White Sox","Colorado Rockies","Chicago White Sox","1","full","FULL_INNING_3WAY","draw","","points-all-1i-ml3way-draw","unknown","","false","-130","2026-09-26T13:25:49.677Z","","","","",""
"SPORTSGAMEODDS","h2vpaWXNcbFXzX8vMSQL","2026-09-26T23:10:00.000Z","Colorado Rockies @ Chicago White Sox","Colorado Rockies","Chicago White Sox","1","full","FULL_INNING_3WAY","draw","","points-all-1i-ml3way-draw","ballybet","","false","-162","2026-09-26T13:25:36.177Z","","","","",""
"SPORTSGAMEODDS","h2vpaWXNcbFXzX8vMSQL","2026-09-26T23:10:00.000Z","Colorado Rockies @ Chicago White Sox","Colorado Rockies","Chicago White Sox","1","full","FULL_INNING_3WAY","draw","","points-all-1i-ml3way-draw","betparx","","false","-162","2026-09-26T13:25:38.677Z","","","","",""
"SPORTSGAMEODDS","h2vpaWXNcbFXzX8vMSQL","2026-09-26T23:10:00.000Z","Colorado Rockies @ Chicago White Sox","Colorado Rockies","Chicago White Sox","1","full","FULL_INNING_3WAY","draw","","points-all-1i-ml3way-draw","betrivers","","false","-162","2026-09-26T13:25:32.311Z","","","","","https://nj.betrivers.com/?page=sportsbook#event/1024788216?coupon=single|4351521861|0"
"SPORTSGAMEODDS","h2vpaWXNcbFXzX8vMSQL","2026-09-26T23:10:00.000Z","Colorado Rockies @ Chicago White Sox","Colorado Rockies","Chicago White Sox","1","full","FULL_INNING_3WAY","draw","","points-all-1i-ml3way-draw","betmgm","","false","-135","2026-09-26T13:25:13.311Z","","","","","https://sports.nj.betmgm.com/en/sports?options=19944857-1561566156-2305069242"
"SPORTSGAMEODDS","h2vpaWXNcbFXzX8vMSQL","2026-09-26T23:10:00.000Z","Colorado Rockies @ Chicago White Sox","Colorado Rockies","Chicago White Sox","1","full","FULL_INNING_3WAY","away","","points-away-1i-ml3way-away","fanduel","","false","430","2026-09-26T13:25:34.000Z","","","","","https://sportsbook.fanduel.com/addToBetslip?marketId=717.188535640&selectionId=29168"
"SPORTSGAMEODDS","h2vpaWXNcbFXzX8vMSQL","2026-09-26T23:10:00.000Z","Colorado Rockies @ Chicago White Sox","Colorado Rockies","Chicago White Sox","1","full","FULL_INNING_3WAY","away","","points-away-1i-ml3way-away","bovada","","false","380","2026-09-26T13:25:34.311Z","","","","",""
"SPORTSGAMEODDS","h2vpaWXNcbFXzX8vMSQL","2026-09-26T23:10:00.000Z","Colorado Rockies @ Chicago White Sox","Colorado Rockies","Chicago White Sox","1","full","FULL_INNING_3WAY","away","","points-away-1i-ml3way-away","draftkings","","false","380","2026-09-26T13:25:36.276Z","","","","",""
"SPORTSGAMEODDS","h2vpaWXNcbFXzX8vMSQL","2026-09-26T23:10:00.000Z","Colorado Rockies @ Chicago White Sox","Colorado Rockies","Chicago White Sox","1","full","FULL_INNING_3WAY","away","","points-away-1i-ml3way-away","unknown","","false","380","2026-09-26T13:25:49.677Z","","","","",""
"SPORTSGAMEODDS","h2vpaWXNcbFXzX8vMSQL","2026-09-26T23:10:00.000Z","Colorado Rockies @ Chicago White Sox","Colorado Rockies","Chicago White Sox","1","full","FULL_INNING_3WAY","away","","points-away-1i-ml3way-away","ballybet","","false","420","2026-09-26T13:25:36.177Z","","","","",""
"SPORTSGAMEODDS","h2vpaWXNcbFXzX8vMSQL","2026-09-26T23:10:00.000Z","Colorado Rockies @ Chicago White Sox","Colorado Rockies","Chicago White Sox","1","full","FULL_INNING_3WAY","away","","points-away-1i-ml3way-away","betparx","","false","420","2026-09-26T13:25:38.677Z","","","","",""
"SPORTSGAMEODDS","h2vpaWXNcbFXzX8vMSQL","2026-09-26T23:10:00.000Z","Colorado Rockies @ Chicago White Sox","Colorado Rockies","Chicago White Sox","1","full","FULL_INNING_3WAY","away","","points-away-1i-ml3way-away","betrivers","","false","420","2026-09-26T13:25:32.311Z","","","","","https://nj.betrivers.com/?page=sportsbook#event/1024788216?coupon=single|4351521862|0"
"SPORTSGAMEODDS","h2vpaWXNcbFXzX8vMSQL","2026-09-26T23:10:00.000Z","Colorado Rockies @ Chicago White Sox","Colorado Rockies","Chicago White Sox","1","full","FULL_INNING_3WAY","away","","points-away-1i-ml3way-away","betmgm","","false","375","2026-09-26T13:25:13.311Z","","","","","https://sports.nj.betmgm.com/en/sports?options=19944857-1561566156-2305069241"
"SPORTSGAMEODDS","h2vpaWXNcbFXzX8vMSQL","2026-09-26T23:10:00.000Z","Colorado Rockies @ Chicago White Sox","Colorado Rockies","Chicago White Sox","1","full","FULL_INNING_3WAY","home","","points-home-1i-ml3way-home","fanduel","","false","240","2026-09-26T13:25:34.000Z","","","","","https://sportsbook.fanduel.com/addToBetslip?marketId=717.188535640&selectionId=5408012"
"SPORTSGAMEODDS","h2vpaWXNcbFXzX8vMSQL","2026-09-26T23:10:00.000Z","Colorado Rockies @ Chicago White Sox","Colorado Rockies","Chicago White Sox","1","full","FULL_INNING_3WAY","home","","points-home-1i-ml3way-home","bovada","","false","225","2026-09-26T13:25:34.311Z","","","","",""
"SPORTSGAMEODDS","h2vpaWXNcbFXzX8vMSQL","2026-09-26T23:10:00.000Z","Colorado Rockies @ Chicago White Sox","Colorado Rockies","Chicago White Sox","1","full","FULL_INNING_3WAY","home","","points-home-1i-ml3way-home","draftkings","","false","210","2026-09-26T13:25:36.276Z","","","","",""
"SPORTSGAMEODDS","h2vpaWXNcbFXzX8vMSQL","2026-09-26T23:10:00.000Z","Colorado Rockies @ Chicago White Sox","Colorado Rockies","Chicago White Sox","1","full","FULL_INNING_3WAY","home","","points-home-1i-ml3way-home","unknown","","false","210","2026-09-26T13:25:49.677Z","","","","",""
"SPORTSGAMEODDS","h2vpaWXNcbFXzX8vMSQL","2026-09-26T23:10:00.000Z","Colorado Rockies @ Chicago White Sox","Colorado Rockies","Chicago White Sox","1","full","FULL_INNING_3WAY","home","","points-home-1i-ml3way-home","ballybet","","false","245","2026-09-26T13:25:36.177Z","","","","",""
"SPORTSGAMEODDS","h2vpaWXNcbFXzX8vMSQL","2026-09-26T23:10:00.000Z","Colorado Rockies @ Chicago White Sox","Colorado Rockies","Chicago White Sox","1","full","FULL_INNING_3WAY","home","","points-home-1i-ml3way-home","betparx","","false","245","2026-09-26T13:25:38.677Z","","","","",""
"SPORTSGAMEODDS","h2vpaWXNcbFXzX8vMSQL","2026-09-26T23:10:00.000Z","Colorado Rockies @ Chicago White Sox","Colorado Rockies","Chicago White Sox","1","full","FULL_INNING_3WAY","home","","points-home-1i-ml3way-home","betrivers","","false","245","2026-09-26T13:25:32.311Z","","","","","https://nj.betrivers.com/?page=sportsbook#event/1024788216?coupon=single|4351521860|0"
"SPORTSGAMEODDS","h2vpaWXNcbFXzX8vMSQL","2026-09-26T23:10:00.000Z","Colorado Rockies @ Chicago White Sox","Colorado Rockies","Chicago White Sox","1","full","FULL_INNING_3WAY","home","","points-home-1i-ml3way-home","betmgm","","false","230","2026-09-26T13:25:13.311Z","","","","","https://sports.nj.betmgm.com/en/sports?options=19944857-1561566156-2305069243"
"SPORTSGAMEODDS","h2vpaWXNcbFXzX8vMSQL","2026-09-26T23:10:00.000Z","Colorado Rockies @ Chicago White Sox","Colorado Rockies","Chicago White Sox","2","full","FULL_INNING_3WAY","draw","","points-all-2i-ml3way-draw","fanduel","","false","-160","2026-09-26T13:25:34.000Z","","","","","https://sportsbook.fanduel.com/addToBetslip?marketId=717.188535538&selectionId=131604"
"SPORTSGAMEODDS","h2vpaWXNcbFXzX8vMSQL","2026-09-26T23:10:00.000Z","Colorado Rockies @ Chicago White Sox","Colorado Rockies","Chicago White Sox","2","full","FULL_INNING_3WAY","draw","","points-all-2i-ml3way-draw","draftkings","","false","-155","2026-09-26T13:25:36.276Z","","","","",""
"SPORTSGAMEODDS","h2vpaWXNcbFXzX8vMSQL","2026-09-26T23:10:00.000Z","Colorado Rockies @ Chicago White Sox","Colorado Rockies","Chicago White Sox","2","full","FULL_INNING_TOTAL","over","","points-all-2i-ou-over","fanduel","0.5","false","114","2026-09-26T13:25:34.000Z","0.5","0.5","120","105","https://sportsbook.fanduel.com/addToBetslip?marketId=717.188535622&selectionId=7017905"
"SPORTSGAMEODDS","h2vpaWXNcbFXzX8vMSQL","2026-09-26T23:10:00.000Z","Colorado Rockies @ Chicago White Sox","Colorado Rockies","Chicago White Sox","2","full","FULL_INNING_TOTAL","over","","points-all-2i-ou-over","fanduel","1.5","true","300","2026-09-26T13:25:34.000Z","0.5","0.5","","","https://sportsbook.fanduel.com/addToBetslip?marketId=717.188535622&selectionId=7017905"
"SPORTSGAMEODDS","h2vpaWXNcbFXzX8vMSQL","2026-09-26T23:10:00.000Z","Colorado Rockies @ Chicago White Sox","Colorado Rockies","Chicago White Sox","2","full","FULL_INNING_TOTAL","over","","points-all-2i-ou-over","draftkings","0.5","false","105","2026-09-26T13:25:36.276Z","0.5","0.5","120","105",""
"SPORTSGAMEODDS","h2vpaWXNcbFXzX8vMSQL","2026-09-26T23:10:00.000Z","Colorado Rockies @ Chicago White Sox","Colorado Rockies","Chicago White Sox","2","full","FULL_INNING_TOTAL","over","","points-all-2i-ou-over","draftkings","1.5","true","250","2026-09-26T13:25:36.276Z","0.5","0.5","","",""
"SPORTSGAMEODDS","h2vpaWXNcbFXzX8vMSQL","2026-09-26T23:10:00.000Z","Colorado Rockies @ Chicago White Sox","Colorado Rockies","Chicago White Sox","2","full","FULL_INNING_TOTAL","over","","points-all-2i-ou-over","fliff","0.5","false","100","2026-09-26T13:23:52.193Z","0.5","0.5","120","105",""
"SPORTSGAMEODDS","h2vpaWXNcbFXzX8vMSQL","2026-09-26T23:10:00.000Z","Colorado Rockies @ Chicago White Sox","Colorado Rockies","Chicago White Sox","2","full","FULL_INNING_TOTAL","under","","points-all-2i-ou-under","fanduel","0.5","false","-140","2026-09-26T13:25:34.000Z","0.5","0.5","-120","-140","https://sportsbook.fanduel.com/addToBetslip?marketId=717.188535622&selectionId=7017906"
"SPORTSGAMEODDS","h2vpaWXNcbFXzX8vMSQL","2026-09-26T23:10:00.000Z","Colorado Rockies @ Chicago White Sox","Colorado Rockies","Chicago White Sox","2","full","FULL_INNING_TOTAL","under","","points-all-2i-ou-under","fanduel","1.5","true","-400","2026-09-26T13:25:34.000Z","0.5","0.5","","","https://sportsbook.fanduel.com/addToBetslip?marketId=717.188535622&selectionId=7017906"
"SPORTSGAMEODDS","h2vpaWXNcbFXzX8vMSQL","2026-09-26T23:10:00.000Z","Colorado Rockies @ Chicago White Sox","Colorado Rockies","Chicago White Sox","2","full","FULL_INNING_TOTAL","under","","points-all-2i-ou-under","draftkings","0.5","false","-140","2026-09-26T13:25:36.276Z","0.5","0.5","-120","-140",""
"SPORTSGAMEODDS","h2vpaWXNcbFXzX8vMSQL","2026-09-26T23:10:00.000Z","Colorado Rockies @ Chicago White Sox","Colorado Rockies","Chicago White Sox","2","full","FULL_INNING_TOTAL","under","","points-all-2i-ou-under","draftkings","1.5","true","-350","2026-09-26T13:25:36.276Z","0.5","0.5","","",""
"SPORTSGAMEODDS","h2vpaWXNcbFXzX8vMSQL","2026-09-26T23:10:00.000Z","Colorado Rockies @ Chicago White Sox","Colorado Rockies","Chicago White Sox","2","full","FULL_INNING_TOTAL","under","","points-all-2i-ou-under","fliff","0.5","false","-160","2026-09-26T13:23:52.193Z","0.5","0.5","-120","-140",""
"SPORTSGAMEODDS","h2vpaWXNcbFXzX8vMSQL","2026-09-26T23:10:00.000Z","Colorado Rockies @ Chicago White Sox","Colorado Rockies","Chicago White Sox","3","full","FULL_INNING_3WAY","draw","","points-all-3i-ml3way-draw","fanduel","","false","-150","2026-09-26T13:25:34.000Z","","","","","https://sportsbook.fanduel.com/addToBetslip?marketId=717.188535543&selectionId=131604"
"SPORTSGAMEODDS","h2vpaWXNcbFXzX8vMSQL","2026-09-26T23:10:00.000Z","Colorado Rockies @ Chicago White Sox","Colorado Rockies","Chicago White Sox","3","full","FULL_INNING_3WAY","draw","","points-all-3i-ml3way-draw","draftkings","","false","-145","2026-09-26T13:25:36.276Z","","","","",""
"SPORTSGAMEODDS","h2vpaWXNcbFXzX8vMSQL","2026-09-26T23:10:00.000Z","Colorado Rockies @ Chicago White Sox","Colorado Rockies","Chicago White Sox","3","full","FULL_INNING_TOTAL","over","","points-all-3i-ou-over","fanduel","0.5","false","108","2026-09-26T13:25:34.000Z","0.5","0.5","109","-110","https://sportsbook.fanduel.com/addToBetslip?marketId=717.188535644&selectionId=7017905"
"SPORTSGAMEODDS","h2vpaWXNcbFXzX8vMSQL","2026-09-26T23:10:00.000Z","Colorado Rockies @ Chicago White Sox","Colorado Rockies","Chicago White Sox","3","full","FULL_INNING_TOTAL","over","","points-all-3i-ou-over","fanduel","1.5","true","270","2026-09-26T13:25:34.000Z","0.5","0.5","","","https://sportsbook.fanduel.com/addToBetslip?marketId=717.188535644&selectionId=7017905"
"SPORTSGAMEODDS","h2vpaWXNcbFXzX8vMSQL","2026-09-26T23:10:00.000Z","Colorado Rockies @ Chicago White Sox","Colorado Rockies","Chicago White Sox","3","full","FULL_INNING_TOTAL","over","","points-all-3i-ou-over","draftkings","0.5","false","-110","2026-09-26T13:25:36.276Z","0.5","0.5","109","-110",""
"SPORTSGAMEODDS","h2vpaWXNcbFXzX8vMSQL","2026-09-26T23:10:00.000Z","Colorado Rockies @ Chicago White Sox","Colorado Rockies","Chicago White Sox","3","full","FULL_INNING_TOTAL","over","","points-all-3i-ou-over","draftkings","1.5","true","240","2026-09-26T13:25:36.276Z","0.5","0.5","","",""
"SPORTSGAMEODDS","h2vpaWXNcbFXzX8vMSQL","2026-09-26T23:10:00.000Z","Colorado Rockies @ Chicago White Sox","Colorado Rockies","Chicago White Sox","3","full","FULL_INNING_TOTAL","over","","points-all-3i-ou-over","fliff","0.5","false","-115","2026-09-26T13:23:52.193Z","0.5","0.5","109","-110",""
"SPORTSGAMEODDS","h2vpaWXNcbFXzX8vMSQL","2026-09-26T23:10:00.000Z","Colorado Rockies @ Chicago White Sox","Colorado Rockies","Chicago White Sox","3","full","FULL_INNING_TOTAL","under","","points-all-3i-ou-under","fanduel","0.5","false","-132","2026-09-26T13:25:34.000Z","0.5","0.5","-109","-132","https://sportsbook.fanduel.com/addToBetslip?marketId=717.188535644&selectionId=7017906"
"SPORTSGAMEODDS","h2vpaWXNcbFXzX8vMSQL","2026-09-26T23:10:00.000Z","Colorado Rockies @ Chicago White Sox","Colorado Rockies","Chicago White Sox","3","full","FULL_INNING_TOTAL","under","","points-all-3i-ou-under","fanduel","1.5","true","-355","2026-09-26T13:25:34.000Z","0.5","0.5","","","https://sportsbook.fanduel.com/addToBetslip?marketId=717.188535644&selectionId=7017906"
"SPORTSGAMEODDS","h2vpaWXNcbFXzX8vMSQL","2026-09-26T23:10:00.000Z","Colorado Rockies @ Chicago White Sox","Colorado Rockies","Chicago White Sox","3","full","FULL_INNING_TOTAL","under","","points-all-3i-ou-under","draftkings","0.5","false","-125","2026-09-26T13:25:36.276Z","0.5","0.5","-109","-132",""
"SPORTSGAMEODDS","h2vpaWXNcbFXzX8vMSQL","2026-09-26T23:10:00.000Z","Colorado Rockies @ Chicago White Sox","Colorado Rockies","Chicago White Sox","3","full","FULL_INNING_TOTAL","under","","points-all-3i-ou-under","draftkings","1.5","true","-330","2026-09-26T13:25:36.276Z","0.5","0.5","","",""
"SPORTSGAMEODDS","h2vpaWXNcbFXzX8vMSQL","2026-09-26T23:10:00.000Z","Colorado Rockies @ Chicago White Sox","Colorado Rockies","Chicago White Sox","3","full","FULL_INNING_TOTAL","under","","points-all-3i-ou-under","fliff","0.5","false","-140","2026-09-26T13:23:52.193Z","0.5","0.5","-109","-132",""
"SPORTSGAMEODDS","h2vpaWXNcbFXzX8vMSQL","2026-09-26T23:10:00.000Z","Colorado Rockies @ Chicago White Sox","Colorado Rockies","Chicago White Sox","4","full","FULL_INNING_3WAY","draw","","points-all-4i-ml3way-draw","fanduel","","false","-145","2026-09-26T13:25:34.000Z","","","","","https://sportsbook.fanduel.com/addToBetslip?marketId=717.188535649&selectionId=131604"
"SPORTSGAMEODDS","h2vpaWXNcbFXzX8vMSQL","2026-09-26T23:10:00.000Z","Colorado Rockies @ Chicago White Sox","Colorado Rockies","Chicago White Sox","4","full","FULL_INNING_3WAY","draw","","points-all-4i-ml3way-draw","draftkings","","false","-160","2026-09-26T13:25:36.276Z","","","","",""
"SPORTSGAMEODDS","h2vpaWXNcbFXzX8vMSQL","2026-09-26T23:10:00.000Z","Colorado Rockies @ Chicago White Sox","Colorado Rockies","Chicago White Sox","4","full","FULL_INNING_TOTAL","over","","points-all-4i-ou-over","fanduel","0.5","false","104","2026-09-26T13:25:34.000Z","0.5","0.5","121","104","https://sportsbook.fanduel.com/addToBetslip?marketId=717.188535654&selectionId=7017905"
"SPORTSGAMEODDS","h2vpaWXNcbFXzX8vMSQL","2026-09-26T23:10:00.000Z","Colorado Rockies @ Chicago White Sox","Colorado Rockies","Chicago White Sox","4","full","FULL_INNING_TOTAL","over","","points-all-4i-ou-over","fanduel","1.5","true","270","2026-09-26T13:25:34.000Z","0.5","0.5","","","https://sportsbook.fanduel.com/addToBetslip?marketId=717.188535654&selectionId=7017905"
"SPORTSGAMEODDS","h2vpaWXNcbFXzX8vMSQL","2026-09-26T23:10:00.000Z","Colorado Rockies @ Chicago White Sox","Colorado Rockies","Chicago White Sox","4","full","FULL_INNING_TOTAL","over","","points-all-4i-ou-over","draftkings","0.5","false","105","2026-09-26T13:25:36.276Z","0.5","0.5","121","104",""
"SPORTSGAMEODDS","h2vpaWXNcbFXzX8vMSQL","2026-09-26T23:10:00.000Z","Colorado Rockies @ Chicago White Sox","Colorado Rockies","Chicago White Sox","4","full","FULL_INNING_TOTAL","over","","points-all-4i-ou-over","draftkings","1.5","true","265","2026-09-26T13:25:36.276Z","0.5","0.5","","",""
"SPORTSGAMEODDS","h2vpaWXNcbFXzX8vMSQL","2026-09-26T23:10:00.000Z","Colorado Rockies @ Chicago White Sox","Colorado Rockies","Chicago White Sox","4","full","FULL_INNING_TOTAL","over","","points-all-4i-ou-over","fliff","0.5","false","-110","2026-09-26T13:23:52.193Z","0.5","0.5","121","104",""
"SPORTSGAMEODDS","h2vpaWXNcbFXzX8vMSQL","2026-09-26T23:10:00.000Z","Colorado Rockies @ Chicago White Sox","Colorado Rockies","Chicago White Sox","4","full","FULL_INNING_TOTAL","under","","points-all-4i-ou-under","fanduel","0.5","false","-128","2026-09-26T13:25:34.000Z","0.5","0.5","-121","-145","https://sportsbook.fanduel.com/addToBetslip?marketId=717.188535654&selectionId=7017906"
"SPORTSGAMEODDS","h2vpaWXNcbFXzX8vMSQL","2026-09-26T23:10:00.000Z","Colorado Rockies @ Chicago White Sox","Colorado Rockies","Chicago White Sox","4","full","FULL_INNING_TOTAL","under","","points-all-4i-ou-under","fanduel","1.5","true","-355","2026-09-26T13:25:34.000Z","0.5","0.5","","","https://sportsbook.fanduel.com/addToBetslip?marketId=717.188535654&selectionId=7017906"
"SPORTSGAMEODDS","h2vpaWXNcbFXzX8vMSQL","2026-09-26T23:10:00.000Z","Colorado Rockies @ Chicago White Sox","Colorado Rockies","Chicago White Sox","4","full","FULL_INNING_TOTAL","under","","points-all-4i-ou-under","draftkings","0.5","false","-145","2026-09-26T13:25:36.276Z","0.5","0.5","-121","-145",""
"SPORTSGAMEODDS","h2vpaWXNcbFXzX8vMSQL","2026-09-26T23:10:00.000Z","Colorado Rockies @ Chicago White Sox","Colorado Rockies","Chicago White Sox","4","full","FULL_INNING_TOTAL","under","","points-all-4i-ou-under","draftkings","1.5","true","-380","2026-09-26T13:25:36.276Z","0.5","0.5","","",""
"SPORTSGAMEODDS","h2vpaWXNcbFXzX8vMSQL","2026-09-26T23:10:00.000Z","Colorado Rockies @ Chicago White Sox","Colorado Rockies","Chicago White Sox","4","full","FULL_INNING_TOTAL","under","","points-all-4i-ou-under","fliff","0.5","false","-145","2026-09-26T13:23:52.193Z","0.5","0.5","-121","-145",""
"SPORTSGAMEODDS","h2vpaWXNcbFXzX8vMSQL","2026-09-26T23:10:00.000Z","Colorado Rockies @ Chicago White Sox","Colorado Rockies","Chicago White Sox","5","full","FULL_INNING_3WAY","draw","","points-all-5i-ml3way-draw","fanduel","","false","-145","2026-09-26T13:25:34.000Z","","","","","https://sportsbook.fanduel.com/addToBetslip?marketId=717.188535693&selectionId=131604"
"SPORTSGAMEODDS","h2vpaWXNcbFXzX8vMSQL","2026-09-26T23:10:00.000Z","Colorado Rockies @ Chicago White Sox","Colorado Rockies","Chicago White Sox","5","full","FULL_INNING_3WAY","draw","","points-all-5i-ml3way-draw","draftkings","","false","-170","2026-09-26T13:25:36.276Z","","","","",""
"SPORTSGAMEODDS","h2vpaWXNcbFXzX8vMSQL","2026-09-26T23:10:00.000Z","Colorado Rockies @ Chicago White Sox","Colorado Rockies","Chicago White Sox","5","full","FULL_INNING_TOTAL","over","","points-all-5i-ou-over","fanduel","0.5","false","102","2026-09-26T13:25:34.000Z","0.5","0.5","121","102","https://sportsbook.fanduel.com/addToBetslip?marketId=717.188535695&selectionId=7017905"
"SPORTSGAMEODDS","h2vpaWXNcbFXzX8vMSQL","2026-09-26T23:10:00.000Z","Colorado Rockies @ Chicago White Sox","Colorado Rockies","Chicago White Sox","5","full","FULL_INNING_TOTAL","over","","points-all-5i-ou-over","fanduel","1.5","true","265","2026-09-26T13:25:34.000Z","0.5","0.5","","","https://sportsbook.fanduel.com/addToBetslip?marketId=717.188535695&selectionId=7017905"
"SPORTSGAMEODDS","h2vpaWXNcbFXzX8vMSQL","2026-09-26T23:10:00.000Z","Colorado Rockies @ Chicago White Sox","Colorado Rockies","Chicago White Sox","5","full","FULL_INNING_TOTAL","over","","points-all-5i-ou-over","draftkings","0.5","false","110","2026-09-26T13:25:36.276Z","0.5","0.5","121","102",""
"SPORTSGAMEODDS","h2vpaWXNcbFXzX8vMSQL","2026-09-26T23:10:00.000Z","Colorado Rockies @ Chicago White Sox","Colorado Rockies","Chicago White Sox","5","full","FULL_INNING_TOTAL","over","","points-all-5i-ou-over","draftkings","1.5","true","290","2026-09-26T13:25:36.276Z","0.5","0.5","","",""
"SPORTSGAMEODDS","h2vpaWXNcbFXzX8vMSQL","2026-09-26T23:10:00.000Z","Colorado Rockies @ Chicago White Sox","Colorado Rockies","Chicago White Sox","5","full","FULL_INNING_TOTAL","over","","points-all-5i-ou-over","fliff","0.5","false","-110","2026-09-26T13:23:52.193Z","0.5","0.5","121","102",""
"SPORTSGAMEODDS","h2vpaWXNcbFXzX8vMSQL","2026-09-26T23:10:00.000Z","Colorado Rockies @ Chicago White Sox","Colorado Rockies","Chicago White Sox","5","full","FULL_INNING_TOTAL","under","","points-all-5i-ou-under","fanduel","0.5","false","-124","2026-09-26T13:25:34.000Z","0.5","0.5","-121","-150","https://sportsbook.fanduel.com/addToBetslip?marketId=717.188535695&selectionId=7017906"
"SPORTSGAMEODDS","h2vpaWXNcbFXzX8vMSQL","2026-09-26T23:10:00.000Z","Colorado Rockies @ Chicago White Sox","Colorado Rockies","Chicago White Sox","5","full","FULL_INNING_TOTAL","under","","points-all-5i-ou-under","fanduel","1.5","true","-350","2026-09-26T13:25:34.000Z","0.5","0.5","","","https://sportsbook.fanduel.com/addToBetslip?marketId=717.188535695&selectionId=7017906"
"SPORTSGAMEODDS","h2vpaWXNcbFXzX8vMSQL","2026-09-26T23:10:00.000Z","Colorado Rockies @ Chicago White Sox","Colorado Rockies","Chicago White Sox","5","full","FULL_INNING_TOTAL","under","","points-all-5i-ou-under","draftkings","0.5","false","-150","2026-09-26T13:25:36.276Z","0.5","0.5","-121","-150",""
"SPORTSGAMEODDS","h2vpaWXNcbFXzX8vMSQL","2026-09-26T23:10:00.000Z","Colorado Rockies @ Chicago White Sox","Colorado Rockies","Chicago White Sox","5","full","FULL_INNING_TOTAL","under","","points-all-5i-ou-under","draftkings","1.5","true","-425","2026-09-26T13:25:36.276Z","0.5","0.5","","",""
"SPORTSGAMEODDS","h2vpaWXNcbFXzX8vMSQL","2026-09-26T23:10:00.000Z","Colorado Rockies @ Chicago White Sox","Colorado Rockies","Chicago White Sox","5","full","FULL_INNING_TOTAL","under","","points-all-5i-ou-under","fliff","0.5","false","-150","2026-09-26T13:23:52.193Z","0.5","0.5","-121","-150",""
"SPORTSGAMEODDS","h2vpaWXNcbFXzX8vMSQL","2026-09-26T23:10:00.000Z","Colorado Rockies @ Chicago White Sox","Colorado Rockies","Chicago White Sox","6","full","FULL_INNING_3WAY","draw","","points-all-6i-ml3way-draw","fanduel","","false","-145","2026-09-26T13:25:34.000Z","","","","","https://sportsbook.fanduel.com/addToBetslip?marketId=717.188535578&selectionId=131604"
"SPORTSGAMEODDS","h2vpaWXNcbFXzX8vMSQL","2026-09-26T23:10:00.000Z","Colorado Rockies @ Chicago White Sox","Colorado Rockies","Chicago White Sox","6","full","FULL_INNING_3WAY","draw","","points-all-6i-ml3way-draw","draftkings","","false","-140","2026-09-26T13:25:36.276Z","","","","",""
"SPORTSGAMEODDS","h2vpaWXNcbFXzX8vMSQL","2026-09-26T23:10:00.000Z","Colorado Rockies @ Chicago White Sox","Colorado Rockies","Chicago White Sox","6","full","FULL_INNING_TOTAL","over","","points-all-6i-ou-over","fanduel","0.5","false","104","2026-09-26T13:25:34.000Z","0.5","0.5","107","-110","https://sportsbook.fanduel.com/addToBetslip?marketId=717.188535596&selectionId=7017905"
"SPORTSGAMEODDS","h2vpaWXNcbFXzX8vMSQL","2026-09-26T23:10:00.000Z","Colorado Rockies @ Chicago White Sox","Colorado Rockies","Chicago White Sox","6","full","FULL_INNING_TOTAL","over","","points-all-6i-ou-over","fanduel","1.5","true","270","2026-09-26T13:25:34.000Z","0.5","0.5","","","https://sportsbook.fanduel.com/addToBetslip?marketId=717.188535596&selectionId=7017905"
"SPORTSGAMEODDS","h2vpaWXNcbFXzX8vMSQL","2026-09-26T23:10:00.000Z","Colorado Rockies @ Chicago White Sox","Colorado Rockies","Chicago White Sox","6","full","FULL_INNING_TOTAL","over","","points-all-6i-ou-over","draftkings","0.5","false","-110","2026-09-26T13:25:36.276Z","0.5","0.5","107","-110",""
"SPORTSGAMEODDS","h2vpaWXNcbFXzX8vMSQL","2026-09-26T23:10:00.000Z","Colorado Rockies @ Chicago White Sox","Colorado Rockies","Chicago White Sox","6","full","FULL_INNING_TOTAL","over","","points-all-6i-ou-over","draftkings","1.5","true","230","2026-09-26T13:25:36.276Z","0.5","0.5","","",""
"SPORTSGAMEODDS","h2vpaWXNcbFXzX8vMSQL","2026-09-26T23:10:00.000Z","Colorado Rockies @ Chicago White Sox","Colorado Rockies","Chicago White Sox","6","full","FULL_INNING_TOTAL","over","","points-all-6i-ou-over","fliff","0.5","false","-110","2026-09-26T13:23:52.193Z","0.5","0.5","107","-110",""
"SPORTSGAMEODDS","h2vpaWXNcbFXzX8vMSQL","2026-09-26T23:10:00.000Z","Colorado Rockies @ Chicago White Sox","Colorado Rockies","Chicago White Sox","6","full","FULL_INNING_TOTAL","under","","points-all-6i-ou-under","fanduel","0.5","false","-128","2026-09-26T13:25:34.000Z","0.5","0.5","-107","-128","https://sportsbook.fanduel.com/addToBetslip?marketId=717.188535596&selectionId=7017906"
"SPORTSGAMEODDS","h2vpaWXNcbFXzX8vMSQL","2026-09-26T23:10:00.000Z","Colorado Rockies @ Chicago White Sox","Colorado Rockies","Chicago White Sox","6","full","FULL_INNING_TOTAL","under","","points-all-6i-ou-under","fanduel","1.5","true","-355","2026-09-26T13:25:34.000Z","0.5","0.5","","","https://sportsbook.fanduel.com/addToBetslip?marketId=717.188535596&selectionId=7017906"
"SPORTSGAMEODDS","h2vpaWXNcbFXzX8vMSQL","2026-09-26T23:10:00.000Z","Colorado Rockies @ Chicago White Sox","Colorado Rockies","Chicago White Sox","6","full","FULL_INNING_TOTAL","under","","points-all-6i-ou-under","draftkings","0.5","false","-125","2026-09-26T13:25:36.276Z","0.5","0.5","-107","-128",""
"SPORTSGAMEODDS","h2vpaWXNcbFXzX8vMSQL","2026-09-26T23:10:00.000Z","Colorado Rockies @ Chicago White Sox","Colorado Rockies","Chicago White Sox","6","full","FULL_INNING_TOTAL","under","","points-all-6i-ou-under","draftkings","1.5","true","-320","2026-09-26T13:25:36.276Z","0.5","0.5","","",""
"SPORTSGAMEODDS","h2vpaWXNcbFXzX8vMSQL","2026-09-26T23:10:00.000Z","Colorado Rockies @ Chicago White Sox","Colorado Rockies","Chicago White Sox","6","full","FULL_INNING_TOTAL","under","","points-all-6i-ou-under","fliff","0.5","false","-150","2026-09-26T13:23:52.193Z","0.5","0.5","-107","-128",""
"SPORTSGAMEODDS","h2vpaWXNcbFXzX8vMSQL","2026-09-26T23:10:00.000Z","Colorado Rockies @ Chicago White Sox","Colorado Rockies","Chicago White Sox","7","full","FULL_INNING_3WAY","draw","","points-all-7i-ml3way-draw","fanduel","","false","-160","2026-09-26T13:25:34.000Z","","","","","https://sportsbook.fanduel.com/addToBetslip?marketId=717.188535660&selectionId=131604"
"SPORTSGAMEODDS","h2vpaWXNcbFXzX8vMSQL","2026-09-26T23:10:00.000Z","Colorado Rockies @ Chicago White Sox","Colorado Rockies","Chicago White Sox","7","full","FULL_INNING_3WAY","draw","","points-all-7i-ml3way-draw","draftkings","","false","-160","2026-09-26T13:25:36.276Z","","","","",""
"SPORTSGAMEODDS","h2vpaWXNcbFXzX8vMSQL","2026-09-26T23:10:00.000Z","Colorado Rockies @ Chicago White Sox","Colorado Rockies","Chicago White Sox","7","full","FULL_INNING_TOTAL","over","","points-all-7i-ou-over","fanduel","0.5","false","112","2026-09-26T13:25:34.000Z","0.5","0.5","120","105","https://sportsbook.fanduel.com/addToBetslip?marketId=717.188535576&selectionId=7017905"
"SPORTSGAMEODDS","h2vpaWXNcbFXzX8vMSQL","2026-09-26T23:10:00.000Z","Colorado Rockies @ Chicago White Sox","Colorado Rockies","Chicago White Sox","7","full","FULL_INNING_TOTAL","over","","points-all-7i-ou-over","fanduel","1.5","true","280","2026-09-26T13:25:34.000Z","0.5","0.5","","","https://sportsbook.fanduel.com/addToBetslip?marketId=717.188535576&selectionId=7017905"
"SPORTSGAMEODDS","h2vpaWXNcbFXzX8vMSQL","2026-09-26T23:10:00.000Z","Colorado Rockies @ Chicago White Sox","Colorado Rockies","Chicago White Sox","7","full","FULL_INNING_TOTAL","over","","points-all-7i-ou-over","draftkings","0.5","false","105","2026-09-26T13:25:36.276Z","0.5","0.5","120","105",""
"SPORTSGAMEODDS","h2vpaWXNcbFXzX8vMSQL","2026-09-26T23:10:00.000Z","Colorado Rockies @ Chicago White Sox","Colorado Rockies","Chicago White Sox","7","full","FULL_INNING_TOTAL","over","","points-all-7i-ou-over","draftkings","1.5","true","260","2026-09-26T13:25:36.276Z","0.5","0.5","","",""
"SPORTSGAMEODDS","h2vpaWXNcbFXzX8vMSQL","2026-09-26T23:10:00.000Z","Colorado Rockies @ Chicago White Sox","Colorado Rockies","Chicago White Sox","7","full","FULL_INNING_TOTAL","over","","points-all-7i-ou-over","fliff","0.5","false","100","2026-09-26T13:23:52.193Z","0.5","0.5","120","105",""
"SPORTSGAMEODDS","h2vpaWXNcbFXzX8vMSQL","2026-09-26T23:10:00.000Z","Colorado Rockies @ Chicago White Sox","Colorado Rockies","Chicago White Sox","7","full","FULL_INNING_TOTAL","under","","points-all-7i-ou-under","fanduel","0.5","false","-138","2026-09-26T13:25:34.000Z","0.5","0.5","-120","-140","https://sportsbook.fanduel.com/addToBetslip?marketId=717.188535576&selectionId=7017906"
"SPORTSGAMEODDS","h2vpaWXNcbFXzX8vMSQL","2026-09-26T23:10:00.000Z","Colorado Rockies @ Chicago White Sox","Colorado Rockies","Chicago White Sox","7","full","FULL_INNING_TOTAL","under","","points-all-7i-ou-under","fanduel","1.5","true","-375","2026-09-26T13:25:34.000Z","0.5","0.5","","","https://sportsbook.fanduel.com/addToBetslip?marketId=717.188535576&selectionId=7017906"
"SPORTSGAMEODDS","h2vpaWXNcbFXzX8vMSQL","2026-09-26T23:10:00.000Z","Colorado Rockies @ Chicago White Sox","Colorado Rockies","Chicago White Sox","7","full","FULL_INNING_TOTAL","under","","points-all-7i-ou-under","draftkings","0.5","false","-140","2026-09-26T13:25:36.276Z","0.5","0.5","-120","-140",""
"SPORTSGAMEODDS","h2vpaWXNcbFXzX8vMSQL","2026-09-26T23:10:00.000Z","Colorado Rockies @ Chicago White Sox","Colorado Rockies","Chicago White Sox","7","full","FULL_INNING_TOTAL","under","","points-all-7i-ou-under","draftkings","1.5","true","-360","2026-09-26T13:25:36.276Z","0.5","0.5","","",""
"SPORTSGAMEODDS","h2vpaWXNcbFXzX8vMSQL","2026-09-26T23:10:00.000Z","Colorado Rockies @ Chicago White Sox","Colorado Rockies","Chicago White Sox","7","full","FULL_INNING_TOTAL","under","","points-all-7i-ou-under","fliff","0.5","false","-165","2026-09-26T13:23:52.193Z","0.5","0.5","-120","-140",""
"SPORTSGAMEODDS","h2vpaWXNcbFXzX8vMSQL","2026-09-26T23:10:00.000Z","Colorado Rockies @ Chicago White Sox","Colorado Rockies","Chicago White Sox","8","full","FULL_INNING_3WAY","draw","","points-all-8i-ml3way-draw","fanduel","","false","-160","2026-09-26T13:25:34.000Z","","","","","https://sportsbook.fanduel.com/addToBetslip?marketId=717.188535659&selectionId=131604"
"SPORTSGAMEODDS","h2vpaWXNcbFXzX8vMSQL","2026-09-26T23:10:00.000Z","Colorado Rockies @ Chicago White Sox","Colorado Rockies","Chicago White Sox","8","full","FULL_INNING_3WAY","draw","","points-all-8i-ml3way-draw","draftkings","","false","-160","2026-09-26T13:25:36.276Z","","","","",""
"SPORTSGAMEODDS","h2vpaWXNcbFXzX8vMSQL","2026-09-26T23:10:00.000Z","Colorado Rockies @ Chicago White Sox","Colorado Rockies","Chicago White Sox","8","full","FULL_INNING_TOTAL","over","","points-all-8i-ou-over","fanduel","0.5","false","116","2026-09-26T13:25:34.000Z","0.5","0.5","120","105","https://sportsbook.fanduel.com/addToBetslip?marketId=717.188535603&selectionId=7017905"
"SPORTSGAMEODDS","h2vpaWXNcbFXzX8vMSQL","2026-09-26T23:10:00.000Z","Colorado Rockies @ Chicago White Sox","Colorado Rockies","Chicago White Sox","8","full","FULL_INNING_TOTAL","over","","points-all-8i-ou-over","fanduel","1.5","true","290","2026-09-26T13:25:34.000Z","0.5","0.5","","","https://sportsbook.fanduel.com/addToBetslip?marketId=717.188535603&selectionId=7017905"
"SPORTSGAMEODDS","h2vpaWXNcbFXzX8vMSQL","2026-09-26T23:10:00.000Z","Colorado Rockies @ Chicago White Sox","Colorado Rockies","Chicago White Sox","8","full","FULL_INNING_TOTAL","over","","points-all-8i-ou-over","draftkings","0.5","false","105","2026-09-26T13:25:36.276Z","0.5","0.5","120","105",""
"SPORTSGAMEODDS","h2vpaWXNcbFXzX8vMSQL","2026-09-26T23:10:00.000Z","Colorado Rockies @ Chicago White Sox","Colorado Rockies","Chicago White Sox","8","full","FULL_INNING_TOTAL","over","","points-all-8i-ou-over","draftkings","1.5","true","260","2026-09-26T13:25:36.276Z","0.5","0.5","","",""
"SPORTSGAMEODDS","h2vpaWXNcbFXzX8vMSQL","2026-09-26T23:10:00.000Z","Colorado Rockies @ Chicago White Sox","Colorado Rockies","Chicago White Sox","8","full","FULL_INNING_TOTAL","over","","points-all-8i-ou-over","fliff","0.5","false","100","2026-09-26T13:23:52.193Z","0.5","0.5","120","105",""
"SPORTSGAMEODDS","h2vpaWXNcbFXzX8vMSQL","2026-09-26T23:10:00.000Z","Colorado Rockies @ Chicago White Sox","Colorado Rockies","Chicago White Sox","8","full","FULL_INNING_TOTAL","under","","points-all-8i-ou-under","fanduel","0.5","false","-142","2026-09-26T13:25:34.000Z","0.5","0.5","-120","-142","https://sportsbook.fanduel.com/addToBetslip?marketId=717.188535603&selectionId=7017906"
"SPORTSGAMEODDS","h2vpaWXNcbFXzX8vMSQL","2026-09-26T23:10:00.000Z","Colorado Rockies @ Chicago White Sox","Colorado Rockies","Chicago White Sox","8","full","FULL_INNING_TOTAL","under","","points-all-8i-ou-under","fanduel","1.5","true","-360","2026-09-26T13:25:34.000Z","0.5","0.5","","","https://sportsbook.fanduel.com/addToBetslip?marketId=717.188535603&selectionId=7017906"
"SPORTSGAMEODDS","h2vpaWXNcbFXzX8vMSQL","2026-09-26T23:10:00.000Z","Colorado Rockies @ Chicago White Sox","Colorado Rockies","Chicago White Sox","8","full","FULL_INNING_TOTAL","under","","points-all-8i-ou-under","draftkings","0.5","false","-140","2026-09-26T13:25:36.276Z","0.5","0.5","-120","-142",""
"SPORTSGAMEODDS","h2vpaWXNcbFXzX8vMSQL","2026-09-26T23:10:00.000Z","Colorado Rockies @ Chicago White Sox","Colorado Rockies","Chicago White Sox","8","full","FULL_INNING_TOTAL","under","","points-all-8i-ou-under","draftkings","1.5","true","-370","2026-09-26T13:25:36.276Z","0.5","0.5","","",""
"SPORTSGAMEODDS","h2vpaWXNcbFXzX8vMSQL","2026-09-26T23:10:00.000Z","Colorado Rockies @ Chicago White Sox","Colorado Rockies","Chicago White Sox","8","full","FULL_INNING_TOTAL","under","","points-all-8i-ou-under","fliff","0.5","false","-165","2026-09-26T13:23:52.193Z","0.5","0.5","-120","-142",""
"SPORTSGAMEODDS","h2vpaWXNcbFXzX8vMSQL","2026-09-26T23:10:00.000Z","Colorado Rockies @ Chicago White Sox","Colorado Rockies","Chicago White Sox","9","full","FULL_INNING_3WAY","draw","","points-all-9i-ml3way-draw","fanduel","","false","-310","2026-09-26T13:25:34.000Z","","","","","https://sportsbook.fanduel.com/addToBetslip?marketId=717.188535624&selectionId=131604"
"SPORTSGAMEODDS","h2vpaWXNcbFXzX8vMSQL","2026-09-26T23:10:00.000Z","Colorado Rockies @ Chicago White Sox","Colorado Rockies","Chicago White Sox","9","full","FULL_INNING_3WAY","draw","","points-all-9i-ml3way-draw","draftkings","","false","-300","2026-09-26T13:25:36.276Z","","","","",""
"SPORTSGAMEODDS","h2vpaWXNcbFXzX8vMSQL","2026-09-26T23:10:00.000Z","Colorado Rockies @ Chicago White Sox","Colorado Rockies","Chicago White Sox","9","full","FULL_INNING_TOTAL","over","","points-all-9i-ou-over","fanduel","1.5","false","520","2026-09-26T13:25:34.000Z","","1.5","","497","https://sportsbook.fanduel.com/addToBetslip?marketId=717.188535553&selectionId=7017905"
"SPORTSGAMEODDS","h2vpaWXNcbFXzX8vMSQL","2026-09-26T23:10:00.000Z","Colorado Rockies @ Chicago White Sox","Colorado Rockies","Chicago White Sox","9","full","FULL_INNING_TOTAL","over","","points-all-9i-ou-over","draftkings","1.5","false","475","2026-09-26T13:25:36.276Z","","1.5","","497",""
"SPORTSGAMEODDS","h2vpaWXNcbFXzX8vMSQL","2026-09-26T23:10:00.000Z","Colorado Rockies @ Chicago White Sox","Colorado Rockies","Chicago White Sox","9","full","FULL_INNING_TOTAL","over","","points-all-9i-ou-over","draftkings","0.5","true","195","2026-09-26T13:25:36.276Z","","1.5","","",""
"SPORTSGAMEODDS","h2vpaWXNcbFXzX8vMSQL","2026-09-26T23:10:00.000Z","Colorado Rockies @ Chicago White Sox","Colorado Rockies","Chicago White Sox","9","full","FULL_INNING_TOTAL","under","","points-all-9i-ou-under","fanduel","1.5","false","-800","2026-09-26T13:25:34.000Z","","1.5","","-747","https://sportsbook.fanduel.com/addToBetslip?marketId=717.188535553&selectionId=7017906"
"SPORTSGAMEODDS","h2vpaWXNcbFXzX8vMSQL","2026-09-26T23:10:00.000Z","Colorado Rockies @ Chicago White Sox","Colorado Rockies","Chicago White Sox","9","full","FULL_INNING_TOTAL","under","","points-all-9i-ou-under","draftkings","1.5","false","-700","2026-09-26T13:25:36.276Z","","1.5","","-747",""
"SPORTSGAMEODDS","h2vpaWXNcbFXzX8vMSQL","2026-09-26T23:10:00.000Z","Colorado Rockies @ Chicago White Sox","Colorado Rockies","Chicago White Sox","9","full","FULL_INNING_TOTAL","under","","points-all-9i-ou-under","draftkings","0.5","true","-270","2026-09-26T13:25:36.276Z","","1.5","","",""
"SPORTSGAMEODDS","h2vpaWXNcbFXzX8vMSQL","2026-09-26T23:10:00.000Z","Colorado Rockies @ Chicago White Sox","Colorado Rockies","Chicago White Sox","2","full","FULL_INNING_3WAY","away","","points-away-2i-ml3way-away","fanduel","","false","420","2026-09-26T13:25:34.000Z","","","","","https://sportsbook.fanduel.com/addToBetslip?marketId=717.188535538&selectionId=29168"
"SPORTSGAMEODDS","h2vpaWXNcbFXzX8vMSQL","2026-09-26T23:10:00.000Z","Colorado Rockies @ Chicago White Sox","Colorado Rockies","Chicago White Sox","2","full","FULL_INNING_3WAY","away","","points-away-2i-ml3way-away","draftkings","","false","400","2026-09-26T13:25:36.276Z","","","","",""
"SPORTSGAMEODDS","h2vpaWXNcbFXzX8vMSQL","2026-09-26T23:10:00.000Z","Colorado Rockies @ Chicago White Sox","Colorado Rockies","Chicago White Sox","3","full","FULL_INNING_3WAY","away","","points-away-3i-ml3way-away","fanduel","","false","430","2026-09-26T13:25:34.000Z","","","","","https://sportsbook.fanduel.com/addToBetslip?marketId=717.188535543&selectionId=29168"
"SPORTSGAMEODDS","h2vpaWXNcbFXzX8vMSQL","2026-09-26T23:10:00.000Z","Colorado Rockies @ Chicago White Sox","Colorado Rockies","Chicago White Sox","3","full","FULL_INNING_3WAY","away","","points-away-3i-ml3way-away","draftkings","","false","400","2026-09-26T13:25:36.276Z","","","","",""
"SPORTSGAMEODDS","h2vpaWXNcbFXzX8vMSQL","2026-09-26T23:10:00.000Z","Colorado Rockies @ Chicago White Sox","Colorado Rockies","Chicago White Sox","4","full","FULL_INNING_3WAY","away","","points-away-4i-ml3way-away","fanduel","","false","410","2026-09-26T13:25:34.000Z","","","","","https://sportsbook.fanduel.com/addToBetslip?marketId=717.188535649&selectionId=29168"
"SPORTSGAMEODDS","h2vpaWXNcbFXzX8vMSQL","2026-09-26T23:10:00.000Z","Colorado Rockies @ Chicago White Sox","Colorado Rockies","Chicago White Sox","4","full","FULL_INNING_3WAY","away","","points-away-4i-ml3way-away","draftkings","","false","400","2026-09-26T13:25:36.276Z","","","","",""
"SPORTSGAMEODDS","h2vpaWXNcbFXzX8vMSQL","2026-09-26T23:10:00.000Z","Colorado Rockies @ Chicago White Sox","Colorado Rockies","Chicago White Sox","5","full","FULL_INNING_3WAY","away","","points-away-5i-ml3way-away","fanduel","","false","410","2026-09-26T13:25:34.000Z","","","","","https://sportsbook.fanduel.com/addToBetslip?marketId=717.188535693&selectionId=29168"
"SPORTSGAMEODDS","h2vpaWXNcbFXzX8vMSQL","2026-09-26T23:10:00.000Z","Colorado Rockies @ Chicago White Sox","Colorado Rockies","Chicago White Sox","5","full","FULL_INNING_3WAY","away","","points-away-5i-ml3way-away","draftkings","","false","390","2026-09-26T13:25:36.276Z","","","","",""
"SPORTSGAMEODDS","h2vpaWXNcbFXzX8vMSQL","2026-09-26T23:10:00.000Z","Colorado Rockies @ Chicago White Sox","Colorado Rockies","Chicago White Sox","6","full","FULL_INNING_3WAY","away","","points-away-6i-ml3way-away","fanduel","","false","410","2026-09-26T13:25:34.000Z","","","","","https://sportsbook.fanduel.com/addToBetslip?marketId=717.188535578&selectionId=29168"
"SPORTSGAMEODDS","h2vpaWXNcbFXzX8vMSQL","2026-09-26T23:10:00.000Z","Colorado Rockies @ Chicago White Sox","Colorado Rockies","Chicago White Sox","6","full","FULL_INNING_3WAY","away","","points-away-6i-ml3way-away","draftkings","","false","400","2026-09-26T13:25:36.276Z","","","","",""
"SPORTSGAMEODDS","h2vpaWXNcbFXzX8vMSQL","2026-09-26T23:10:00.000Z","Colorado Rockies @ Chicago White Sox","Colorado Rockies","Chicago White Sox","7","full","FULL_INNING_3WAY","away","","points-away-7i-ml3way-away","fanduel","","false","430","2026-09-26T13:25:34.000Z","","","","","https://sportsbook.fanduel.com/addToBetslip?marketId=717.188535660&selectionId=29168"
"SPORTSGAMEODDS","h2vpaWXNcbFXzX8vMSQL","2026-09-26T23:10:00.000Z","Colorado Rockies @ Chicago White Sox","Colorado Rockies","Chicago White Sox","7","full","FULL_INNING_3WAY","away","","points-away-7i-ml3way-away","draftkings","","false","425","2026-09-26T13:25:36.276Z","","","","",""
"SPORTSGAMEODDS","h2vpaWXNcbFXzX8vMSQL","2026-09-26T23:10:00.000Z","Colorado Rockies @ Chicago White Sox","Colorado Rockies","Chicago White Sox","8","full","FULL_INNING_3WAY","away","","points-away-8i-ml3way-away","fanduel","","false","440","2026-09-26T13:25:34.000Z","","","","","https://sportsbook.fanduel.com/addToBetslip?marketId=717.188535659&selectionId=29168"
"SPORTSGAMEODDS","h2vpaWXNcbFXzX8vMSQL","2026-09-26T23:10:00.000Z","Colorado Rockies @ Chicago White Sox","Colorado Rockies","Chicago White Sox","8","full","FULL_INNING_3WAY","away","","points-away-8i-ml3way-away","draftkings","","false","425","2026-09-26T13:25:36.276Z","","","","",""
"SPORTSGAMEODDS","h2vpaWXNcbFXzX8vMSQL","2026-09-26T23:10:00.000Z","Colorado Rockies @ Chicago White Sox","Colorado Rockies","Chicago White Sox","9","full","FULL_INNING_3WAY","away","","points-away-9i-ml3way-away","fanduel","","false","380","2026-09-26T13:25:34.000Z","","","","","https://sportsbook.fanduel.com/addToBetslip?marketId=717.188535624&selectionId=29168"
"SPORTSGAMEODDS","h2vpaWXNcbFXzX8vMSQL","2026-09-26T23:10:00.000Z","Colorado Rockies @ Chicago White Sox","Colorado Rockies","Chicago White Sox","9","full","FULL_INNING_3WAY","away","","points-away-9i-ml3way-away","draftkings","","false","360","2026-09-26T13:25:36.276Z","","","","",""
"SPORTSGAMEODDS","h2vpaWXNcbFXzX8vMSQL","2026-09-26T23:10:00.000Z","Colorado Rockies @ Chicago White Sox","Colorado Rockies","Chicago White Sox","2","full","FULL_INNING_3WAY","home","","points-home-2i-ml3way-home","fanduel","","false","280","2026-09-26T13:25:34.000Z","","","","","https://sportsbook.fanduel.com/addToBetslip?marketId=717.188535538&selectionId=5408012"
"SPORTSGAMEODDS","h2vpaWXNcbFXzX8vMSQL","2026-09-26T23:10:00.000Z","Colorado Rockies @ Chicago White Sox","Colorado Rockies","Chicago White Sox","2","full","FULL_INNING_3WAY","home","","points-home-2i-ml3way-home","draftkings","","false","250","2026-09-26T13:25:36.276Z","","","","",""
"SPORTSGAMEODDS","h2vpaWXNcbFXzX8vMSQL","2026-09-26T23:10:00.000Z","Colorado Rockies @ Chicago White Sox","Colorado Rockies","Chicago White Sox","3","full","FULL_INNING_3WAY","home","","points-home-3i-ml3way-home","fanduel","","false","260","2026-09-26T13:25:34.000Z","","","","","https://sportsbook.fanduel.com/addToBetslip?marketId=717.188535543&selectionId=5408012"
"SPORTSGAMEODDS","h2vpaWXNcbFXzX8vMSQL","2026-09-26T23:10:00.000Z","Colorado Rockies @ Chicago White Sox","Colorado Rockies","Chicago White Sox","3","full","FULL_INNING_3WAY","home","","points-home-3i-ml3way-home","draftkings","","false","235","2026-09-26T13:25:36.276Z","","","","",""
"SPORTSGAMEODDS","h2vpaWXNcbFXzX8vMSQL","2026-09-26T23:10:00.000Z","Colorado Rockies @ Chicago White Sox","Colorado Rockies","Chicago White Sox","4","full","FULL_INNING_3WAY","home","","points-home-4i-ml3way-home","fanduel","","false","260","2026-09-26T13:25:34.000Z","","","","","https://sportsbook.fanduel.com/addToBetslip?marketId=717.188535649&selectionId=5408012"
"SPORTSGAMEODDS","h2vpaWXNcbFXzX8vMSQL","2026-09-26T23:10:00.000Z","Colorado Rockies @ Chicago White Sox","Colorado Rockies","Chicago White Sox","4","full","FULL_INNING_3WAY","home","","points-home-4i-ml3way-home","draftkings","","false","265","2026-09-26T13:25:36.276Z","","","","",""
"SPORTSGAMEODDS","h2vpaWXNcbFXzX8vMSQL","2026-09-26T23:10:00.000Z","Colorado Rockies @ Chicago White Sox","Colorado Rockies","Chicago White Sox","5","full","FULL_INNING_3WAY","home","","points-home-5i-ml3way-home","fanduel","","false","250","2026-09-26T13:25:34.000Z","","","","","https://sportsbook.fanduel.com/addToBetslip?marketId=717.188535693&selectionId=5408012"
"SPORTSGAMEODDS","h2vpaWXNcbFXzX8vMSQL","2026-09-26T23:10:00.000Z","Colorado Rockies @ Chicago White Sox","Colorado Rockies","Chicago White Sox","5","full","FULL_INNING_3WAY","home","","points-home-5i-ml3way-home","draftkings","","false","290","2026-09-26T13:25:36.276Z","","","","",""
"SPORTSGAMEODDS","h2vpaWXNcbFXzX8vMSQL","2026-09-26T23:10:00.000Z","Colorado Rockies @ Chicago White Sox","Colorado Rockies","Chicago White Sox","6","full","FULL_INNING_3WAY","home","","points-home-6i-ml3way-home","fanduel","","false","260","2026-09-26T13:25:34.000Z","","","","","https://sportsbook.fanduel.com/addToBetslip?marketId=717.188535578&selectionId=5408012"
"SPORTSGAMEODDS","h2vpaWXNcbFXzX8vMSQL","2026-09-26T23:10:00.000Z","Colorado Rockies @ Chicago White Sox","Colorado Rockies","Chicago White Sox","6","full","FULL_INNING_3WAY","home","","points-home-6i-ml3way-home","draftkings","","false","220","2026-09-26T13:25:36.276Z","","","","",""
"SPORTSGAMEODDS","h2vpaWXNcbFXzX8vMSQL","2026-09-26T23:10:00.000Z","Colorado Rockies @ Chicago White Sox","Colorado Rockies","Chicago White Sox","7","full","FULL_INNING_3WAY","home","","points-home-7i-ml3way-home","fanduel","","false","270","2026-09-26T13:25:34.000Z","","","","","https://sportsbook.fanduel.com/addToBetslip?marketId=717.188535660&selectionId=5408012"
"SPORTSGAMEODDS","h2vpaWXNcbFXzX8vMSQL","2026-09-26T23:10:00.000Z","Colorado Rockies @ Chicago White Sox","Colorado Rockies","Chicago White Sox","7","full","FULL_INNING_3WAY","home","","points-home-7i-ml3way-home","draftkings","","false","240","2026-09-26T13:25:36.276Z","","","","",""
"SPORTSGAMEODDS","h2vpaWXNcbFXzX8vMSQL","2026-09-26T23:10:00.000Z","Colorado Rockies @ Chicago White Sox","Colorado Rockies","Chicago White Sox","8","full","FULL_INNING_3WAY","home","","points-home-8i-ml3way-home","fanduel","","false","270","2026-09-26T13:25:34.000Z","","","","","https://sportsbook.fanduel.com/addToBetslip?marketId=717.188535659&selectionId=5408012"
"SPORTSGAMEODDS","h2vpaWXNcbFXzX8vMSQL","2026-09-26T23:10:00.000Z","Colorado Rockies @ Chicago White Sox","Colorado Rockies","Chicago White Sox","8","full","FULL_INNING_3WAY","home","","points-home-8i-ml3way-home","draftkings","","false","250","2026-09-26T13:25:36.276Z","","","","",""
"SPORTSGAMEODDS","h2vpaWXNcbFXzX8vMSQL","2026-09-26T23:10:00.000Z","Colorado Rockies @ Chicago White Sox","Colorado Rockies","Chicago White Sox","9","full","FULL_INNING_3WAY","home","","points-home-9i-ml3way-home","fanduel","","false","700","2026-09-26T13:25:34.000Z","","","","","https://sportsbook.fanduel.com/addToBetslip?marketId=717.188535624&selectionId=5408012"
"SPORTSGAMEODDS","h2vpaWXNcbFXzX8vMSQL","2026-09-26T23:10:00.000Z","Colorado Rockies @ Chicago White Sox","Colorado Rockies","Chicago White Sox","9","full","FULL_INNING_3WAY","home","","points-home-9i-ml3way-home","draftkings","","false","750","2026-09-26T13:25:36.276Z","","","","",""
"SPORTSGAMEODDS","rlJls8wBc4CE4da4gCqX","2026-09-26T23:10:00.000Z","Cleveland Guardians @ Kansas City Royals","Cleveland Guardians","Kansas City Royals","1","full","FULL_INNING_TOTAL","over","","points-all-1i-ou-over","novig","0.5","false","102","2026-09-26T13:25:01.238Z","0.5","0.5","-101","-114","https://novig.com/events/01a0d9d1-f1df-7eb3-9252-baf3709b0e89/sportsgameodds"
"SPORTSGAMEODDS","rlJls8wBc4CE4da4gCqX","2026-09-26T23:10:00.000Z","Cleveland Guardians @ Kansas City Royals","Cleveland Guardians","Kansas City Royals","1","full","FULL_INNING_TOTAL","over","","points-all-1i-ou-over","fanduel","0.5","false","-122","2026-09-26T13:25:34.000Z","0.5","0.5","-101","-114","https://sportsbook.fanduel.com/addToBetslip?marketId=717.188537146&selectionId=7017905"
"SPORTSGAMEODDS","rlJls8wBc4CE4da4gCqX","2026-09-26T23:10:00.000Z","Cleveland Guardians @ Kansas City Royals","Cleveland Guardians","Kansas City Royals","1","full","FULL_INNING_TOTAL","over","","points-all-1i-ou-over","fanduel","1.5","true","240","2026-09-26T13:25:34.000Z","0.5","0.5","","","https://sportsbook.fanduel.com/addToBetslip?marketId=717.188537146&selectionId=7017905"
"SPORTSGAMEODDS","rlJls8wBc4CE4da4gCqX","2026-09-26T23:10:00.000Z","Cleveland Guardians @ Kansas City Royals","Cleveland Guardians","Kansas City Royals","1","full","FULL_INNING_TOTAL","over","","points-all-1i-ou-over","caesars","0.5","false","-113","2026-09-26T13:25:49.334Z","0.5","0.5","-101","-114","https://sportsbook.caesars.com/us/nj/bet/betslip?selectionIds=c7e60387-ba71-38c3-8068-8d1f02eba321"
"SPORTSGAMEODDS","rlJls8wBc4CE4da4gCqX","2026-09-26T23:10:00.000Z","Cleveland Guardians @ Kansas City Royals","Cleveland Guardians","Kansas City Royals","1","full","FULL_INNING_TOTAL","over","","points-all-1i-ou-over","hardrockbet","0.5","false","-115","2026-09-26T13:25:33.896Z","0.5","0.5","-101","-114",""
"SPORTSGAMEODDS","rlJls8wBc4CE4da4gCqX","2026-09-26T23:10:00.000Z","Cleveland Guardians @ Kansas City Royals","Cleveland Guardians","Kansas City Royals","1","full","FULL_INNING_TOTAL","over","","points-all-1i-ou-over","hardrockbet","1.5","true","220","2026-09-26T13:25:33.896Z","0.5","0.5","","",""
"SPORTSGAMEODDS","rlJls8wBc4CE4da4gCqX","2026-09-26T23:10:00.000Z","Cleveland Guardians @ Kansas City Royals","Cleveland Guardians","Kansas City Royals","1","full","FULL_INNING_TOTAL","over","","points-all-1i-ou-over","fliff","0.5","false","-125","2026-09-26T13:23:52.193Z","0.5","0.5","-101","-114",""
"SPORTSGAMEODDS","rlJls8wBc4CE4da4gCqX","2026-09-26T23:10:00.000Z","Cleveland Guardians @ Kansas City Royals","Cleveland Guardians","Kansas City Royals","1","full","FULL_INNING_TOTAL","over","","points-all-1i-ou-over","prophetexchange","0.5","false","-106","2026-09-26T13:26:20.693Z","0.5","0.5","-101","-114",""
"SPORTSGAMEODDS","rlJls8wBc4CE4da4gCqX","2026-09-26T23:10:00.000Z","Cleveland Guardians @ Kansas City Royals","Cleveland Guardians","Kansas City Royals","1","full","FULL_INNING_TOTAL","over","","points-all-1i-ou-over","draftkings","0.5","false","-125","2026-09-26T13:25:36.276Z","0.5","0.5","-101","-114",""
"SPORTSGAMEODDS","rlJls8wBc4CE4da4gCqX","2026-09-26T23:10:00.000Z","Cleveland Guardians @ Kansas City Royals","Cleveland Guardians","Kansas City Royals","1","full","FULL_INNING_TOTAL","over","","points-all-1i-ou-over","draftkings","1.5","true","210","2026-09-26T13:25:36.276Z","0.5","0.5","","",""
"SPORTSGAMEODDS","rlJls8wBc4CE4da4gCqX","2026-09-26T23:10:00.000Z","Cleveland Guardians @ Kansas City Royals","Cleveland Guardians","Kansas City Royals","1","full","FULL_INNING_TOTAL","over","","points-all-1i-ou-over","unknown","0.5","false","-122","2026-09-26T13:25:56.396Z","0.5","0.5","-101","-114",""
"SPORTSGAMEODDS","rlJls8wBc4CE4da4gCqX","2026-09-26T23:10:00.000Z","Cleveland Guardians @ Kansas City Royals","Cleveland Guardians","Kansas City Royals","1","full","FULL_INNING_TOTAL","over","","points-all-1i-ou-over","unknown","1.5","true","215","2026-09-26T13:25:56.396Z","0.5","0.5","","",""
"SPORTSGAMEODDS","rlJls8wBc4CE4da4gCqX","2026-09-26T23:10:00.000Z","Cleveland Guardians @ Kansas City Royals","Cleveland Guardians","Kansas City Royals","1","full","FULL_INNING_TOTAL","over","","points-all-1i-ou-over","betonline","0.5","false","-125","2026-09-26T13:25:49.834Z","0.5","0.5","-101","-114",""
"SPORTSGAMEODDS","rlJls8wBc4CE4da4gCqX","2026-09-26T23:10:00.000Z","Cleveland Guardians @ Kansas City Royals","Cleveland Guardians","Kansas City Royals","1","full","FULL_INNING_TOTAL","over","","points-all-1i-ou-over","ballybet","1.5","false","215","2026-09-26T13:25:43.896Z","0.5","0.5","","",""
"SPORTSGAMEODDS","rlJls8wBc4CE4da4gCqX","2026-09-26T23:10:00.000Z","Cleveland Guardians @ Kansas City Royals","Cleveland Guardians","Kansas City Royals","1","full","FULL_INNING_TOTAL","over","","points-all-1i-ou-over","betparx","1.5","false","215","2026-09-26T13:25:36.896Z","0.5","0.5","","",""
"SPORTSGAMEODDS","rlJls8wBc4CE4da4gCqX","2026-09-26T23:10:00.000Z","Cleveland Guardians @ Kansas City Royals","Cleveland Guardians","Kansas City Royals","1","full","FULL_INNING_TOTAL","over","","points-all-1i-ou-over","betrivers","1.5","false","215","2026-09-26T13:25:31.334Z","0.5","0.5","","","https://nj.betrivers.com/?page=sportsbook#event/1024788205?coupon=single|4351503308|0"
"SPORTSGAMEODDS","rlJls8wBc4CE4da4gCqX","2026-09-26T23:10:00.000Z","Cleveland Guardians @ Kansas City Royals","Cleveland Guardians","Kansas City Royals","1","full","FULL_INNING_TOTAL","over","","points-all-1i-ou-over","betmgm","0.5","false","-105","2026-09-26T13:24:11.334Z","0.5","0.5","-101","-114","https://sports.nj.betmgm.com/en/sports?options=19944856-1561566423-2305070021"
"SPORTSGAMEODDS","rlJls8wBc4CE4da4gCqX","2026-09-26T23:10:00.000Z","Cleveland Guardians @ Kansas City Royals","Cleveland Guardians","Kansas City Royals","1","full","FULL_INNING_TOTAL","under","","points-all-1i-ou-under","novig","0.5","false","-104","2026-09-26T13:25:01.238Z","0.5","0.5","101","-111","https://novig.com/events/01a0d9d1-f1df-7eb3-9252-bb0406a7825f/sportsgameodds"
"SPORTSGAMEODDS","rlJls8wBc4CE4da4gCqX","2026-09-26T23:10:00.000Z","Cleveland Guardians @ Kansas City Royals","Cleveland Guardians","Kansas City Royals","1","full","FULL_INNING_TOTAL","under","","points-all-1i-ou-under","fanduel","0.5","false","-104","2026-09-26T13:25:34.000Z","0.5","0.5","101","-111","https://sportsbook.fanduel.com/addToBetslip?marketId=717.188537146&selectionId=7017906"
"SPORTSGAMEODDS","rlJls8wBc4CE4da4gCqX","2026-09-26T23:10:00.000Z","Cleveland Guardians @ Kansas City Royals","Cleveland Guardians","Kansas City Royals","1","full","FULL_INNING_TOTAL","under","","points-all-1i-ou-under","fanduel","1.5","true","-310","2026-09-26T13:25:34.000Z","0.5","0.5","","","https://sportsbook.fanduel.com/addToBetslip?marketId=717.188537146&selectionId=7017906"
"SPORTSGAMEODDS","rlJls8wBc4CE4da4gCqX","2026-09-26T23:10:00.000Z","Cleveland Guardians @ Kansas City Royals","Cleveland Guardians","Kansas City Royals","1","full","FULL_INNING_TOTAL","under","","points-all-1i-ou-under","caesars","0.5","false","-110","2026-09-26T13:25:49.334Z","0.5","0.5","101","-111","https://sportsbook.caesars.com/us/nj/bet/betslip?selectionIds=eabbe143-22f7-3c5c-a10e-f2c6b0ca924b"
"SPORTSGAMEODDS","rlJls8wBc4CE4da4gCqX","2026-09-26T23:10:00.000Z","Cleveland Guardians @ Kansas City Royals","Cleveland Guardians","Kansas City Royals","1","full","FULL_INNING_TOTAL","under","","points-all-1i-ou-under","hardrockbet","0.5","false","-115","2026-09-26T13:25:33.896Z","0.5","0.5","101","-111",""
"SPORTSGAMEODDS","rlJls8wBc4CE4da4gCqX","2026-09-26T23:10:00.000Z","Cleveland Guardians @ Kansas City Royals","Cleveland Guardians","Kansas City Royals","1","full","FULL_INNING_TOTAL","under","","points-all-1i-ou-under","hardrockbet","1.5","true","-325","2026-09-26T13:25:33.896Z","0.5","0.5","","",""
"SPORTSGAMEODDS","rlJls8wBc4CE4da4gCqX","2026-09-26T23:10:00.000Z","Cleveland Guardians @ Kansas City Royals","Cleveland Guardians","Kansas City Royals","1","full","FULL_INNING_TOTAL","under","","points-all-1i-ou-under","fliff","0.5","false","-125","2026-09-26T13:23:52.193Z","0.5","0.5","101","-111",""
"SPORTSGAMEODDS","rlJls8wBc4CE4da4gCqX","2026-09-26T23:10:00.000Z","Cleveland Guardians @ Kansas City Royals","Cleveland Guardians","Kansas City Royals","1","full","FULL_INNING_TOTAL","under","","points-all-1i-ou-under","prophetexchange","0.5","false","-115","2026-09-26T13:26:20.693Z","0.5","0.5","101","-111",""
"SPORTSGAMEODDS","rlJls8wBc4CE4da4gCqX","2026-09-26T23:10:00.000Z","Cleveland Guardians @ Kansas City Royals","Cleveland Guardians","Kansas City Royals","1","full","FULL_INNING_TOTAL","under","","points-all-1i-ou-under","draftkings","0.5","false","-105","2026-09-26T13:25:36.276Z","0.5","0.5","101","-111",""
"SPORTSGAMEODDS","rlJls8wBc4CE4da4gCqX","2026-09-26T23:10:00.000Z","Cleveland Guardians @ Kansas City Royals","Cleveland Guardians","Kansas City Royals","1","full","FULL_INNING_TOTAL","under","","points-all-1i-ou-under","draftkings","1.5","true","-280","2026-09-26T13:25:36.276Z","0.5","0.5","","",""
"SPORTSGAMEODDS","rlJls8wBc4CE4da4gCqX","2026-09-26T23:10:00.000Z","Cleveland Guardians @ Kansas City Royals","Cleveland Guardians","Kansas City Royals","1","full","FULL_INNING_TOTAL","under","","points-all-1i-ou-under","unknown","0.5","false","-103","2026-09-26T13:25:56.396Z","0.5","0.5","101","-111",""
"SPORTSGAMEODDS","rlJls8wBc4CE4da4gCqX","2026-09-26T23:10:00.000Z","Cleveland Guardians @ Kansas City Royals","Cleveland Guardians","Kansas City Royals","1","full","FULL_INNING_TOTAL","under","","points-all-1i-ou-under","unknown","1.5","true","-273","2026-09-26T13:25:56.396Z","0.5","0.5","","",""
"SPORTSGAMEODDS","rlJls8wBc4CE4da4gCqX","2026-09-26T23:10:00.000Z","Cleveland Guardians @ Kansas City Royals","Cleveland Guardians","Kansas City Royals","1","full","FULL_INNING_TOTAL","under","","points-all-1i-ou-under","betonline","0.5","false","-106","2026-09-26T13:25:49.834Z","0.5","0.5","101","-111",""
"SPORTSGAMEODDS","rlJls8wBc4CE4da4gCqX","2026-09-26T23:10:00.000Z","Cleveland Guardians @ Kansas City Royals","Cleveland Guardians","Kansas City Royals","1","full","FULL_INNING_TOTAL","under","","points-all-1i-ou-under","ballybet","1.5","false","-305","2026-09-26T13:25:43.896Z","0.5","0.5","","",""
"SPORTSGAMEODDS","rlJls8wBc4CE4da4gCqX","2026-09-26T23:10:00.000Z","Cleveland Guardians @ Kansas City Royals","Cleveland Guardians","Kansas City Royals","1","full","FULL_INNING_TOTAL","under","","points-all-1i-ou-under","betparx","1.5","false","-305","2026-09-26T13:25:36.896Z","0.5","0.5","","",""
"SPORTSGAMEODDS","rlJls8wBc4CE4da4gCqX","2026-09-26T23:10:00.000Z","Cleveland Guardians @ Kansas City Royals","Cleveland Guardians","Kansas City Royals","1","full","FULL_INNING_TOTAL","under","","points-all-1i-ou-under","betrivers","1.5","false","-305","2026-09-26T13:25:31.334Z","0.5","0.5","","","https://nj.betrivers.com/?page=sportsbook#event/1024788205?coupon=single|4351503309|0"
"SPORTSGAMEODDS","rlJls8wBc4CE4da4gCqX","2026-09-26T23:10:00.000Z","Cleveland Guardians @ Kansas City Royals","Cleveland Guardians","Kansas City Royals","1","full","FULL_INNING_TOTAL","under","","points-all-1i-ou-under","betmgm","0.5","false","-120","2026-09-26T13:24:11.334Z","0.5","0.5","101","-111","https://sports.nj.betmgm.com/en/sports?options=19944856-1561566423-2305070022"
"SPORTSGAMEODDS","rlJls8wBc4CE4da4gCqX","2026-09-26T23:10:00.000Z","Cleveland Guardians @ Kansas City Royals","Cleveland Guardians","Kansas City Royals","1","full","FULL_INNING_3WAY","draw","","points-all-1i-ml3way-draw","fanduel","","false","-125","2026-09-26T13:25:34.000Z","","","","","https://sportsbook.fanduel.com/addToBetslip?marketId=717.188537197&selectionId=131604"
"SPORTSGAMEODDS","rlJls8wBc4CE4da4gCqX","2026-09-26T23:10:00.000Z","Cleveland Guardians @ Kansas City Royals","Cleveland Guardians","Kansas City Royals","1","full","FULL_INNING_3WAY","draw","","points-all-1i-ml3way-draw","bovada","","false","-128","2026-09-26T13:25:42.334Z","","","","",""
"SPORTSGAMEODDS","rlJls8wBc4CE4da4gCqX","2026-09-26T23:10:00.000Z","Cleveland Guardians @ Kansas City Royals","Cleveland Guardians","Kansas City Royals","1","full","FULL_INNING_3WAY","draw","","points-all-1i-ml3way-draw","draftkings","","false","-125","2026-09-26T13:25:36.276Z","","","","",""
"SPORTSGAMEODDS","rlJls8wBc4CE4da4gCqX","2026-09-26T23:10:00.000Z","Cleveland Guardians @ Kansas City Royals","Cleveland Guardians","Kansas City Royals","1","full","FULL_INNING_3WAY","draw","","points-all-1i-ml3way-draw","unknown","","false","-125","2026-09-26T13:25:56.396Z","","","","",""
"SPORTSGAMEODDS","rlJls8wBc4CE4da4gCqX","2026-09-26T23:10:00.000Z","Cleveland Guardians @ Kansas City Royals","Cleveland Guardians","Kansas City Royals","1","full","FULL_INNING_3WAY","draw","","points-all-1i-ml3way-draw","ballybet","","false","-139","2026-09-26T13:25:43.896Z","","","","",""
"SPORTSGAMEODDS","rlJls8wBc4CE4da4gCqX","2026-09-26T23:10:00.000Z","Cleveland Guardians @ Kansas City Royals","Cleveland Guardians","Kansas City Royals","1","full","FULL_INNING_3WAY","draw","","points-all-1i-ml3way-draw","betparx","","false","-139","2026-09-26T13:25:36.896Z","","","","",""
"SPORTSGAMEODDS","rlJls8wBc4CE4da4gCqX","2026-09-26T23:10:00.000Z","Cleveland Guardians @ Kansas City Royals","Cleveland Guardians","Kansas City Royals","1","full","FULL_INNING_3WAY","draw","","points-all-1i-ml3way-draw","betrivers","","false","-139","2026-09-26T13:25:31.334Z","","","","","https://nj.betrivers.com/?page=sportsbook#event/1024788205?coupon=single|4351475279|0"
"SPORTSGAMEODDS","rlJls8wBc4CE4da4gCqX","2026-09-26T23:10:00.000Z","Cleveland Guardians @ Kansas City Royals","Cleveland Guardians","Kansas City Royals","1","full","FULL_INNING_3WAY","draw","","points-all-1i-ml3way-draw","betmgm","","false","-135","2026-09-26T13:24:11.334Z","","","","","https://sports.nj.betmgm.com/en/sports?options=19944856-1561566413-2305069993"
"SPORTSGAMEODDS","rlJls8wBc4CE4da4gCqX","2026-09-26T23:10:00.000Z","Cleveland Guardians @ Kansas City Royals","Cleveland Guardians","Kansas City Royals","1","full","FULL_INNING_3WAY","away","","points-away-1i-ml3way-away","fanduel","","false","320","2026-09-26T13:25:34.000Z","","","","","https://sportsbook.fanduel.com/addToBetslip?marketId=717.188537197&selectionId=41541473"
"SPORTSGAMEODDS","rlJls8wBc4CE4da4gCqX","2026-09-26T23:10:00.000Z","Cleveland Guardians @ Kansas City Royals","Cleveland Guardians","Kansas City Royals","1","full","FULL_INNING_3WAY","away","","points-away-1i-ml3way-away","bovada","","false","295","2026-09-26T13:25:42.334Z","","","","",""
"SPORTSGAMEODDS","rlJls8wBc4CE4da4gCqX","2026-09-26T23:10:00.000Z","Cleveland Guardians @ Kansas City Royals","Cleveland Guardians","Kansas City Royals","1","full","FULL_INNING_3WAY","away","","points-away-1i-ml3way-away","draftkings","","false","295","2026-09-26T13:25:36.276Z","","","","",""
"SPORTSGAMEODDS","rlJls8wBc4CE4da4gCqX","2026-09-26T23:10:00.000Z","Cleveland Guardians @ Kansas City Royals","Cleveland Guardians","Kansas City Royals","1","full","FULL_INNING_3WAY","away","","points-away-1i-ml3way-away","unknown","","false","295","2026-09-26T13:25:56.396Z","","","","",""
"SPORTSGAMEODDS","rlJls8wBc4CE4da4gCqX","2026-09-26T23:10:00.000Z","Cleveland Guardians @ Kansas City Royals","Cleveland Guardians","Kansas City Royals","1","full","FULL_INNING_3WAY","away","","points-away-1i-ml3way-away","ballybet","","false","340","2026-09-26T13:25:43.896Z","","","","",""
"SPORTSGAMEODDS","rlJls8wBc4CE4da4gCqX","2026-09-26T23:10:00.000Z","Cleveland Guardians @ Kansas City Royals","Cleveland Guardians","Kansas City Royals","1","full","FULL_INNING_3WAY","away","","points-away-1i-ml3way-away","betparx","","false","340","2026-09-26T13:25:36.896Z","","","","",""
"SPORTSGAMEODDS","rlJls8wBc4CE4da4gCqX","2026-09-26T23:10:00.000Z","Cleveland Guardians @ Kansas City Royals","Cleveland Guardians","Kansas City Royals","1","full","FULL_INNING_3WAY","away","","points-away-1i-ml3way-away","betrivers","","false","340","2026-09-26T13:25:31.334Z","","","","","https://nj.betrivers.com/?page=sportsbook#event/1024788205?coupon=single|4351475280|0"
"SPORTSGAMEODDS","rlJls8wBc4CE4da4gCqX","2026-09-26T23:10:00.000Z","Cleveland Guardians @ Kansas City Royals","Cleveland Guardians","Kansas City Royals","1","full","FULL_INNING_3WAY","away","","points-away-1i-ml3way-away","betmgm","","false","290","2026-09-26T13:24:11.334Z","","","","","https://sports.nj.betmgm.com/en/sports?options=19944856-1561566413-2305069992"
"SPORTSGAMEODDS","rlJls8wBc4CE4da4gCqX","2026-09-26T23:10:00.000Z","Cleveland Guardians @ Kansas City Royals","Cleveland Guardians","Kansas City Royals","1","full","FULL_INNING_3WAY","home","","points-home-1i-ml3way-home","fanduel","","false","270","2026-09-26T13:25:34.000Z","","","","","https://sportsbook.fanduel.com/addToBetslip?marketId=717.188537197&selectionId=29179"
"SPORTSGAMEODDS","rlJls8wBc4CE4da4gCqX","2026-09-26T23:10:00.000Z","Cleveland Guardians @ Kansas City Royals","Cleveland Guardians","Kansas City Royals","1","full","FULL_INNING_3WAY","home","","points-home-1i-ml3way-home","bovada","","false","280","2026-09-26T13:25:42.334Z","","","","",""
"SPORTSGAMEODDS","rlJls8wBc4CE4da4gCqX","2026-09-26T23:10:00.000Z","Cleveland Guardians @ Kansas City Royals","Cleveland Guardians","Kansas City Royals","1","full","FULL_INNING_3WAY","home","","points-home-1i-ml3way-home","draftkings","","false","255","2026-09-26T13:25:36.276Z","","","","",""
"SPORTSGAMEODDS","rlJls8wBc4CE4da4gCqX","2026-09-26T23:10:00.000Z","Cleveland Guardians @ Kansas City Royals","Cleveland Guardians","Kansas City Royals","1","full","FULL_INNING_3WAY","home","","points-home-1i-ml3way-home","unknown","","false","255","2026-09-26T13:25:56.396Z","","","","",""
"SPORTSGAMEODDS","rlJls8wBc4CE4da4gCqX","2026-09-26T23:10:00.000Z","Cleveland Guardians @ Kansas City Royals","Cleveland Guardians","Kansas City Royals","1","full","FULL_INNING_3WAY","home","","points-home-1i-ml3way-home","ballybet","","false","245","2026-09-26T13:25:43.896Z","","","","",""
"SPORTSGAMEODDS","rlJls8wBc4CE4da4gCqX","2026-09-26T23:10:00.000Z","Cleveland Guardians @ Kansas City Royals","Cleveland Guardians","Kansas City Royals","1","full","FULL_INNING_3WAY","home","","points-home-1i-ml3way-home","betparx","","false","245","2026-09-26T13:25:36.896Z","","","","",""
"SPORTSGAMEODDS","rlJls8wBc4CE4da4gCqX","2026-09-26T23:10:00.000Z","Cleveland Guardians @ Kansas City Royals","Cleveland Guardians","Kansas City Royals","1","full","FULL_INNING_3WAY","home","","points-home-1i-ml3way-home","betrivers","","false","245","2026-09-26T13:25:31.334Z","","","","","https://nj.betrivers.com/?page=sportsbook#event/1024788205?coupon=single|4351475278|0"
"SPORTSGAMEODDS","rlJls8wBc4CE4da4gCqX","2026-09-26T23:10:00.000Z","Cleveland Guardians @ Kansas City Royals","Cleveland Guardians","Kansas City Royals","1","full","FULL_INNING_3WAY","home","","points-home-1i-ml3way-home","betmgm","","false","300","2026-09-26T13:24:11.334Z","","","","","https://sports.nj.betmgm.com/en/sports?options=19944856-1561566413-2305069994"
"SPORTSGAMEODDS","rlJls8wBc4CE4da4gCqX","2026-09-26T23:10:00.000Z","Cleveland Guardians @ Kansas City Royals","Cleveland Guardians","Kansas City Royals","2","full","FULL_INNING_3WAY","draw","","points-all-2i-ml3way-draw","fanduel","","false","-165","2026-09-26T13:25:34.000Z","","","","","https://sportsbook.fanduel.com/addToBetslip?marketId=717.188537206&selectionId=131604"
"SPORTSGAMEODDS","rlJls8wBc4CE4da4gCqX","2026-09-26T23:10:00.000Z","Cleveland Guardians @ Kansas City Royals","Cleveland Guardians","Kansas City Royals","2","full","FULL_INNING_3WAY","draw","","points-all-2i-ml3way-draw","draftkings","","false","-160","2026-09-26T13:25:36.276Z","","","","",""
"SPORTSGAMEODDS","rlJls8wBc4CE4da4gCqX","2026-09-26T23:10:00.000Z","Cleveland Guardians @ Kansas City Royals","Cleveland Guardians","Kansas City Royals","2","full","FULL_INNING_TOTAL","over","","points-all-2i-ou-over","fanduel","0.5","false","112","2026-09-26T13:25:34.000Z","0.5","0.5","120","105","https://sportsbook.fanduel.com/addToBetslip?marketId=717.188537128&selectionId=7017905"
"SPORTSGAMEODDS","rlJls8wBc4CE4da4gCqX","2026-09-26T23:10:00.000Z","Cleveland Guardians @ Kansas City Royals","Cleveland Guardians","Kansas City Royals","2","full","FULL_INNING_TOTAL","over","","points-all-2i-ou-over","fanduel","1.5","true","310","2026-09-26T13:25:34.000Z","0.5","0.5","","","https://sportsbook.fanduel.com/addToBetslip?marketId=717.188537128&selectionId=7017905"
"SPORTSGAMEODDS","rlJls8wBc4CE4da4gCqX","2026-09-26T23:10:00.000Z","Cleveland Guardians @ Kansas City Royals","Cleveland Guardians","Kansas City Royals","2","full","FULL_INNING_TOTAL","over","","points-all-2i-ou-over","draftkings","0.5","false","105","2026-09-26T13:25:36.276Z","0.5","0.5","120","105",""
"SPORTSGAMEODDS","rlJls8wBc4CE4da4gCqX","2026-09-26T23:10:00.000Z","Cleveland Guardians @ Kansas City Royals","Cleveland Guardians","Kansas City Royals","2","full","FULL_INNING_TOTAL","over","","points-all-2i-ou-over","draftkings","1.5","true","265","2026-09-26T13:25:36.276Z","0.5","0.5","","",""
"SPORTSGAMEODDS","rlJls8wBc4CE4da4gCqX","2026-09-26T23:10:00.000Z","Cleveland Guardians @ Kansas City Royals","Cleveland Guardians","Kansas City Royals","2","full","FULL_INNING_TOTAL","over","","points-all-2i-ou-over","fliff","0.5","false","-105","2026-09-26T13:23:52.193Z","0.5","0.5","120","105",""
"SPORTSGAMEODDS","rlJls8wBc4CE4da4gCqX","2026-09-26T23:10:00.000Z","Cleveland Guardians @ Kansas City Royals","Cleveland Guardians","Kansas City Royals","2","full","FULL_INNING_TOTAL","under","","points-all-2i-ou-under","fanduel","0.5","false","-138","2026-09-26T13:25:34.000Z","0.5","0.5","-120","-140","https://sportsbook.fanduel.com/addToBetslip?marketId=717.188537128&selectionId=7017906"
"SPORTSGAMEODDS","rlJls8wBc4CE4da4gCqX","2026-09-26T23:10:00.000Z","Cleveland Guardians @ Kansas City Royals","Cleveland Guardians","Kansas City Royals","2","full","FULL_INNING_TOTAL","under","","points-all-2i-ou-under","fanduel","1.5","true","-420","2026-09-26T13:25:34.000Z","0.5","0.5","","","https://sportsbook.fanduel.com/addToBetslip?marketId=717.188537128&selectionId=7017906"
"SPORTSGAMEODDS","rlJls8wBc4CE4da4gCqX","2026-09-26T23:10:00.000Z","Cleveland Guardians @ Kansas City Royals","Cleveland Guardians","Kansas City Royals","2","full","FULL_INNING_TOTAL","under","","points-all-2i-ou-under","draftkings","0.5","false","-140","2026-09-26T13:25:36.276Z","0.5","0.5","-120","-140",""
"SPORTSGAMEODDS","rlJls8wBc4CE4da4gCqX","2026-09-26T23:10:00.000Z","Cleveland Guardians @ Kansas City Royals","Cleveland Guardians","Kansas City Royals","2","full","FULL_INNING_TOTAL","under","","points-all-2i-ou-under","draftkings","1.5","true","-370","2026-09-26T13:25:36.276Z","0.5","0.5","","",""
"SPORTSGAMEODDS","rlJls8wBc4CE4da4gCqX","2026-09-26T23:10:00.000Z","Cleveland Guardians @ Kansas City Royals","Cleveland Guardians","Kansas City Royals","2","full","FULL_INNING_TOTAL","under","","points-all-2i-ou-under","fliff","0.5","false","-155","2026-09-26T13:25:14.857Z","0.5","0.5","-120","-140",""
"SPORTSGAMEODDS","rlJls8wBc4CE4da4gCqX","2026-09-26T23:10:00.000Z","Cleveland Guardians @ Kansas City Royals","Cleveland Guardians","Kansas City Royals","3","full","FULL_INNING_3WAY","draw","","points-all-3i-ml3way-draw","fanduel","","false","-140","2026-09-26T13:25:34.000Z","","","","","https://sportsbook.fanduel.com/addToBetslip?marketId=717.188537241&selectionId=131604"
"SPORTSGAMEODDS","rlJls8wBc4CE4da4gCqX","2026-09-26T23:10:00.000Z","Cleveland Guardians @ Kansas City Royals","Cleveland Guardians","Kansas City Royals","3","full","FULL_INNING_3WAY","draw","","points-all-3i-ml3way-draw","draftkings","","false","-150","2026-09-26T13:25:36.276Z","","","","",""
"SPORTSGAMEODDS","rlJls8wBc4CE4da4gCqX","2026-09-26T23:10:00.000Z","Cleveland Guardians @ Kansas City Royals","Cleveland Guardians","Kansas City Royals","3","full","FULL_INNING_TOTAL","over","","points-all-3i-ou-over","fanduel","0.5","false","-105","2026-09-26T13:25:34.000Z","0.5","0.5","110","-105","https://sportsbook.fanduel.com/addToBetslip?marketId=717.188537144&selectionId=7017905"
"SPORTSGAMEODDS","rlJls8wBc4CE4da4gCqX","2026-09-26T23:10:00.000Z","Cleveland Guardians @ Kansas City Royals","Cleveland Guardians","Kansas City Royals","3","full","FULL_INNING_TOTAL","over","","points-all-3i-ou-over","fanduel","1.5","true","250","2026-09-26T13:25:34.000Z","0.5","0.5","","","https://sportsbook.fanduel.com/addToBetslip?marketId=717.188537144&selectionId=7017905"
"SPORTSGAMEODDS","rlJls8wBc4CE4da4gCqX","2026-09-26T23:10:00.000Z","Cleveland Guardians @ Kansas City Royals","Cleveland Guardians","Kansas City Royals","3","full","FULL_INNING_TOTAL","over","","points-all-3i-ou-over","draftkings","0.5","false","-105","2026-09-26T13:25:36.276Z","0.5","0.5","110","-105",""
"SPORTSGAMEODDS","rlJls8wBc4CE4da4gCqX","2026-09-26T23:10:00.000Z","Cleveland Guardians @ Kansas City Royals","Cleveland Guardians","Kansas City Royals","3","full","FULL_INNING_TOTAL","over","","points-all-3i-ou-over","draftkings","1.5","true","240","2026-09-26T13:25:36.276Z","0.5","0.5","","",""
"SPORTSGAMEODDS","rlJls8wBc4CE4da4gCqX","2026-09-26T23:10:00.000Z","Cleveland Guardians @ Kansas City Royals","Cleveland Guardians","Kansas City Royals","3","full","FULL_INNING_TOTAL","over","","points-all-3i-ou-over","fliff","0.5","false","-120","2026-09-26T13:23:52.193Z","0.5","0.5","110","-105",""
"SPORTSGAMEODDS","rlJls8wBc4CE4da4gCqX","2026-09-26T23:10:00.000Z","Cleveland Guardians @ Kansas City Royals","Cleveland Guardians","Kansas City Royals","3","full","FULL_INNING_TOTAL","under","","points-all-3i-ou-under","fanduel","0.5","false","-115","2026-09-26T13:25:34.000Z","0.5","0.5","-110","-130","https://sportsbook.fanduel.com/addToBetslip?marketId=717.188537144&selectionId=7017906"
"SPORTSGAMEODDS","rlJls8wBc4CE4da4gCqX","2026-09-26T23:10:00.000Z","Cleveland Guardians @ Kansas City Royals","Cleveland Guardians","Kansas City Royals","3","full","FULL_INNING_TOTAL","under","","points-all-3i-ou-under","fanduel","1.5","true","-325","2026-09-26T13:25:34.000Z","0.5","0.5","","","https://sportsbook.fanduel.com/addToBetslip?marketId=717.188537144&selectionId=7017906"
"SPORTSGAMEODDS","rlJls8wBc4CE4da4gCqX","2026-09-26T23:10:00.000Z","Cleveland Guardians @ Kansas City Royals","Cleveland Guardians","Kansas City Royals","3","full","FULL_INNING_TOTAL","under","","points-all-3i-ou-under","draftkings","0.5","false","-130","2026-09-26T13:25:36.276Z","0.5","0.5","-110","-130",""
"SPORTSGAMEODDS","rlJls8wBc4CE4da4gCqX","2026-09-26T23:10:00.000Z","Cleveland Guardians @ Kansas City Royals","Cleveland Guardians","Kansas City Royals","3","full","FULL_INNING_TOTAL","under","","points-all-3i-ou-under","draftkings","1.5","true","-340","2026-09-26T13:25:36.276Z","0.5","0.5","","",""
"SPORTSGAMEODDS","rlJls8wBc4CE4da4gCqX","2026-09-26T23:10:00.000Z","Cleveland Guardians @ Kansas City Royals","Cleveland Guardians","Kansas City Royals","3","full","FULL_INNING_TOTAL","under","","points-all-3i-ou-under","fliff","0.5","false","-135","2026-09-26T13:23:52.193Z","0.5","0.5","-110","-130",""
"SPORTSGAMEODDS","rlJls8wBc4CE4da4gCqX","2026-09-26T23:10:00.000Z","Cleveland Guardians @ Kansas City Royals","Cleveland Guardians","Kansas City Royals","4","full","FULL_INNING_3WAY","draw","","points-all-4i-ml3way-draw","fanduel","","false","-140","2026-09-26T13:25:34.000Z","","","","","https://sportsbook.fanduel.com/addToBetslip?marketId=717.188537264&selectionId=131604"
"SPORTSGAMEODDS","rlJls8wBc4CE4da4gCqX","2026-09-26T23:10:00.000Z","Cleveland Guardians @ Kansas City Royals","Cleveland Guardians","Kansas City Royals","4","full","FULL_INNING_3WAY","draw","","points-all-4i-ml3way-draw","draftkings","","false","-155","2026-09-26T13:25:36.276Z","","","","",""
"SPORTSGAMEODDS","rlJls8wBc4CE4da4gCqX","2026-09-26T23:10:00.000Z","Cleveland Guardians @ Kansas City Royals","Cleveland Guardians","Kansas City Royals","4","full","FULL_INNING_TOTAL","over","","points-all-4i-ou-over","fanduel","0.5","false","-104","2026-09-26T13:25:34.000Z","0.5","0.5","113","-104","https://sportsbook.fanduel.com/addToBetslip?marketId=717.188537199&selectionId=7017905"
"SPORTSGAMEODDS","rlJls8wBc4CE4da4gCqX","2026-09-26T23:10:00.000Z","Cleveland Guardians @ Kansas City Royals","Cleveland Guardians","Kansas City Royals","4","full","FULL_INNING_TOTAL","over","","points-all-4i-ou-over","fanduel","1.5","true","270","2026-09-26T13:25:34.000Z","0.5","0.5","","","https://sportsbook.fanduel.com/addToBetslip?marketId=717.188537199&selectionId=7017905"
"SPORTSGAMEODDS","rlJls8wBc4CE4da4gCqX","2026-09-26T23:10:00.000Z","Cleveland Guardians @ Kansas City Royals","Cleveland Guardians","Kansas City Royals","4","full","FULL_INNING_TOTAL","over","","points-all-4i-ou-over","draftkings","0.5","false","100","2026-09-26T13:25:36.276Z","0.5","0.5","113","-104",""
"SPORTSGAMEODDS","rlJls8wBc4CE4da4gCqX","2026-09-26T23:10:00.000Z","Cleveland Guardians @ Kansas City Royals","Cleveland Guardians","Kansas City Royals","4","full","FULL_INNING_TOTAL","over","","points-all-4i-ou-over","draftkings","1.5","true","260","2026-09-26T13:25:36.276Z","0.5","0.5","","",""
"SPORTSGAMEODDS","rlJls8wBc4CE4da4gCqX","2026-09-26T23:10:00.000Z","Cleveland Guardians @ Kansas City Royals","Cleveland Guardians","Kansas City Royals","4","full","FULL_INNING_TOTAL","over","","points-all-4i-ou-over","fliff","0.5","false","-120","2026-09-26T13:23:52.193Z","0.5","0.5","113","-104",""
"SPORTSGAMEODDS","rlJls8wBc4CE4da4gCqX","2026-09-26T23:10:00.000Z","Cleveland Guardians @ Kansas City Royals","Cleveland Guardians","Kansas City Royals","4","full","FULL_INNING_TOTAL","under","","points-all-4i-ou-under","fanduel","0.5","false","-118","2026-09-26T13:25:34.000Z","0.5","0.5","-113","-135","https://sportsbook.fanduel.com/addToBetslip?marketId=717.188537199&selectionId=7017906"
"SPORTSGAMEODDS","rlJls8wBc4CE4da4gCqX","2026-09-26T23:10:00.000Z","Cleveland Guardians @ Kansas City Royals","Cleveland Guardians","Kansas City Royals","4","full","FULL_INNING_TOTAL","under","","points-all-4i-ou-under","fanduel","1.5","true","-355","2026-09-26T13:25:34.000Z","0.5","0.5","","","https://sportsbook.fanduel.com/addToBetslip?marketId=717.188537199&selectionId=7017906"
"SPORTSGAMEODDS","rlJls8wBc4CE4da4gCqX","2026-09-26T23:10:00.000Z","Cleveland Guardians @ Kansas City Royals","Cleveland Guardians","Kansas City Royals","4","full","FULL_INNING_TOTAL","under","","points-all-4i-ou-under","draftkings","0.5","false","-135","2026-09-26T13:25:36.276Z","0.5","0.5","-113","-135",""
"SPORTSGAMEODDS","rlJls8wBc4CE4da4gCqX","2026-09-26T23:10:00.000Z","Cleveland Guardians @ Kansas City Royals","Cleveland Guardians","Kansas City Royals","4","full","FULL_INNING_TOTAL","under","","points-all-4i-ou-under","draftkings","1.5","true","-360","2026-09-26T13:25:36.276Z","0.5","0.5","","",""
"SPORTSGAMEODDS","rlJls8wBc4CE4da4gCqX","2026-09-26T23:10:00.000Z","Cleveland Guardians @ Kansas City Royals","Cleveland Guardians","Kansas City Royals","4","full","FULL_INNING_TOTAL","under","","points-all-4i-ou-under","fliff","0.5","false","-140","2026-09-26T13:23:52.193Z","0.5","0.5","-113","-135",""
"SPORTSGAMEODDS","rlJls8wBc4CE4da4gCqX","2026-09-26T23:10:00.000Z","Cleveland Guardians @ Kansas City Royals","Cleveland Guardians","Kansas City Royals","5","full","FULL_INNING_3WAY","draw","","points-all-5i-ml3way-draw","fanduel","","false","-150","2026-09-26T13:25:34.000Z","","","","","https://sportsbook.fanduel.com/addToBetslip?marketId=717.188537215&selectionId=131604"
"SPORTSGAMEODDS","rlJls8wBc4CE4da4gCqX","2026-09-26T23:10:00.000Z","Cleveland Guardians @ Kansas City Royals","Cleveland Guardians","Kansas City Royals","5","full","FULL_INNING_3WAY","draw","","points-all-5i-ml3way-draw","draftkings","","false","-155","2026-09-26T13:25:36.276Z","","","","",""
"SPORTSGAMEODDS","rlJls8wBc4CE4da4gCqX","2026-09-26T23:10:00.000Z","Cleveland Guardians @ Kansas City Royals","Cleveland Guardians","Kansas City Royals","5","full","FULL_INNING_TOTAL","over","","points-all-5i-ou-over","fanduel","0.5","false","102","2026-09-26T13:25:34.000Z","0.5","0.5","115","100","https://sportsbook.fanduel.com/addToBetslip?marketId=717.188537125&selectionId=7017905"
"SPORTSGAMEODDS","rlJls8wBc4CE4da4gCqX","2026-09-26T23:10:00.000Z","Cleveland Guardians @ Kansas City Royals","Cleveland Guardians","Kansas City Royals","5","full","FULL_INNING_TOTAL","over","","points-all-5i-ou-over","fanduel","1.5","true","260","2026-09-26T13:25:34.000Z","0.5","0.5","","","https://sportsbook.fanduel.com/addToBetslip?marketId=717.188537125&selectionId=7017905"
"SPORTSGAMEODDS","rlJls8wBc4CE4da4gCqX","2026-09-26T23:10:00.000Z","Cleveland Guardians @ Kansas City Royals","Cleveland Guardians","Kansas City Royals","5","full","FULL_INNING_TOTAL","over","","points-all-5i-ou-over","draftkings","0.5","false","100","2026-09-26T13:25:36.276Z","0.5","0.5","115","100",""
"SPORTSGAMEODDS","rlJls8wBc4CE4da4gCqX","2026-09-26T23:10:00.000Z","Cleveland Guardians @ Kansas City Royals","Cleveland Guardians","Kansas City Royals","5","full","FULL_INNING_TOTAL","over","","points-all-5i-ou-over","draftkings","1.5","true","250","2026-09-26T13:25:36.276Z","0.5","0.5","","",""
"SPORTSGAMEODDS","rlJls8wBc4CE4da4gCqX","2026-09-26T23:10:00.000Z","Cleveland Guardians @ Kansas City Royals","Cleveland Guardians","Kansas City Royals","5","full","FULL_INNING_TOTAL","over","","points-all-5i-ou-over","fliff","0.5","false","-115","2026-09-26T13:23:52.193Z","0.5","0.5","115","100",""
"SPORTSGAMEODDS","rlJls8wBc4CE4da4gCqX","2026-09-26T23:10:00.000Z","Cleveland Guardians @ Kansas City Royals","Cleveland Guardians","Kansas City Royals","5","full","FULL_INNING_TOTAL","under","","points-all-5i-ou-under","fanduel","0.5","false","-124","2026-09-26T13:25:34.000Z","0.5","0.5","-115","-135","https://sportsbook.fanduel.com/addToBetslip?marketId=717.188537125&selectionId=7017906"
"SPORTSGAMEODDS","rlJls8wBc4CE4da4gCqX","2026-09-26T23:10:00.000Z","Cleveland Guardians @ Kansas City Royals","Cleveland Guardians","Kansas City Royals","5","full","FULL_INNING_TOTAL","under","","points-all-5i-ou-under","fanduel","1.5","true","-340","2026-09-26T13:25:34.000Z","0.5","0.5","","","https://sportsbook.fanduel.com/addToBetslip?marketId=717.188537125&selectionId=7017906"
"SPORTSGAMEODDS","rlJls8wBc4CE4da4gCqX","2026-09-26T23:10:00.000Z","Cleveland Guardians @ Kansas City Royals","Cleveland Guardians","Kansas City Royals","5","full","FULL_INNING_TOTAL","under","","points-all-5i-ou-under","draftkings","0.5","false","-135","2026-09-26T13:25:36.276Z","0.5","0.5","-115","-135",""
"SPORTSGAMEODDS","rlJls8wBc4CE4da4gCqX","2026-09-26T23:10:00.000Z","Cleveland Guardians @ Kansas City Royals","Cleveland Guardians","Kansas City Royals","5","full","FULL_INNING_TOTAL","under","","points-all-5i-ou-under","draftkings","1.5","true","-350","2026-09-26T13:25:36.276Z","0.5","0.5","","",""
"SPORTSGAMEODDS","rlJls8wBc4CE4da4gCqX","2026-09-26T23:10:00.000Z","Cleveland Guardians @ Kansas City Royals","Cleveland Guardians","Kansas City Royals","5","full","FULL_INNING_TOTAL","under","","points-all-5i-ou-under","fliff","0.5","false","-140","2026-09-26T13:23:52.193Z","0.5","0.5","-115","-135",""
"SPORTSGAMEODDS","rlJls8wBc4CE4da4gCqX","2026-09-26T23:10:00.000Z","Cleveland Guardians @ Kansas City Royals","Cleveland Guardians","Kansas City Royals","6","full","FULL_INNING_3WAY","draw","","points-all-6i-ml3way-draw","fanduel","","false","-145","2026-09-26T13:25:34.000Z","","","","","https://sportsbook.fanduel.com/addToBetslip?marketId=717.188537193&selectionId=131604"
"SPORTSGAMEODDS","rlJls8wBc4CE4da4gCqX","2026-09-26T23:10:00.000Z","Cleveland Guardians @ Kansas City Royals","Cleveland Guardians","Kansas City Royals","6","full","FULL_INNING_3WAY","draw","","points-all-6i-ml3way-draw","draftkings","","false","-155","2026-09-26T13:25:36.276Z","","","","",""
"SPORTSGAMEODDS","rlJls8wBc4CE4da4gCqX","2026-09-26T23:10:00.000Z","Cleveland Guardians @ Kansas City Royals","Cleveland Guardians","Kansas City Royals","6","full","FULL_INNING_TOTAL","over","","points-all-6i-ou-over","fanduel","0.5","false","-104","2026-09-26T13:25:34.000Z","0.5","0.5","113","-104","https://sportsbook.fanduel.com/addToBetslip?marketId=717.188537244&selectionId=7017905"
"SPORTSGAMEODDS","rlJls8wBc4CE4da4gCqX","2026-09-26T23:10:00.000Z","Cleveland Guardians @ Kansas City Royals","Cleveland Guardians","Kansas City Royals","6","full","FULL_INNING_TOTAL","over","","points-all-6i-ou-over","fanduel","1.5","true","250","2026-09-26T13:25:34.000Z","0.5","0.5","","","https://sportsbook.fanduel.com/addToBetslip?marketId=717.188537244&selectionId=7017905"
"SPORTSGAMEODDS","rlJls8wBc4CE4da4gCqX","2026-09-26T23:10:00.000Z","Cleveland Guardians @ Kansas City Royals","Cleveland Guardians","Kansas City Royals","6","full","FULL_INNING_TOTAL","over","","points-all-6i-ou-over","draftkings","0.5","false","100","2026-09-26T13:25:36.276Z","0.5","0.5","113","-104",""
"SPORTSGAMEODDS","rlJls8wBc4CE4da4gCqX","2026-09-26T23:10:00.000Z","Cleveland Guardians @ Kansas City Royals","Cleveland Guardians","Kansas City Royals","6","full","FULL_INNING_TOTAL","over","","points-all-6i-ou-over","draftkings","1.5","true","255","2026-09-26T13:25:36.276Z","0.5","0.5","","",""
"SPORTSGAMEODDS","rlJls8wBc4CE4da4gCqX","2026-09-26T23:10:00.000Z","Cleveland Guardians @ Kansas City Royals","Cleveland Guardians","Kansas City Royals","6","full","FULL_INNING_TOTAL","over","","points-all-6i-ou-over","fliff","0.5","false","-120","2026-09-26T13:23:52.193Z","0.5","0.5","113","-104",""
"SPORTSGAMEODDS","rlJls8wBc4CE4da4gCqX","2026-09-26T23:10:00.000Z","Cleveland Guardians @ Kansas City Royals","Cleveland Guardians","Kansas City Royals","6","full","FULL_INNING_TOTAL","under","","points-all-6i-ou-under","fanduel","0.5","false","-118","2026-09-26T13:25:34.000Z","0.5","0.5","-113","-135","https://sportsbook.fanduel.com/addToBetslip?marketId=717.188537244&selectionId=7017906"
"SPORTSGAMEODDS","rlJls8wBc4CE4da4gCqX","2026-09-26T23:10:00.000Z","Cleveland Guardians @ Kansas City Royals","Cleveland Guardians","Kansas City Royals","6","full","FULL_INNING_TOTAL","under","","points-all-6i-ou-under","fanduel","1.5","true","-340","2026-09-26T13:25:34.000Z","0.5","0.5","","","https://sportsbook.fanduel.com/addToBetslip?marketId=717.188537244&selectionId=7017906"
"SPORTSGAMEODDS","rlJls8wBc4CE4da4gCqX","2026-09-26T23:10:00.000Z","Cleveland Guardians @ Kansas City Royals","Cleveland Guardians","Kansas City Royals","6","full","FULL_INNING_TOTAL","under","","points-all-6i-ou-under","draftkings","0.5","false","-135","2026-09-26T13:25:36.276Z","0.5","0.5","-113","-135",""
"SPORTSGAMEODDS","rlJls8wBc4CE4da4gCqX","2026-09-26T23:10:00.000Z","Cleveland Guardians @ Kansas City Royals","Cleveland Guardians","Kansas City Royals","6","full","FULL_INNING_TOTAL","under","","points-all-6i-ou-under","draftkings","1.5","true","-360","2026-09-26T13:25:36.276Z","0.5","0.5","","",""
"SPORTSGAMEODDS","rlJls8wBc4CE4da4gCqX","2026-09-26T23:10:00.000Z","Cleveland Guardians @ Kansas City Royals","Cleveland Guardians","Kansas City Royals","6","full","FULL_INNING_TOTAL","under","","points-all-6i-ou-under","fliff","0.5","false","-140","2026-09-26T13:23:52.193Z","0.5","0.5","-113","-135",""
"SPORTSGAMEODDS","rlJls8wBc4CE4da4gCqX","2026-09-26T23:10:00.000Z","Cleveland Guardians @ Kansas City Royals","Cleveland Guardians","Kansas City Royals","7","full","FULL_INNING_3WAY","draw","","points-all-7i-ml3way-draw","fanduel","","false","-155","2026-09-26T13:25:34.000Z","","","","","https://sportsbook.fanduel.com/addToBetslip?marketId=717.188537148&selectionId=131604"
"SPORTSGAMEODDS","rlJls8wBc4CE4da4gCqX","2026-09-26T23:10:00.000Z","Cleveland Guardians @ Kansas City Royals","Cleveland Guardians","Kansas City Royals","7","full","FULL_INNING_3WAY","draw","","points-all-7i-ml3way-draw","draftkings","","false","-160","2026-09-26T13:25:36.276Z","","","","",""
"SPORTSGAMEODDS","rlJls8wBc4CE4da4gCqX","2026-09-26T23:10:00.000Z","Cleveland Guardians @ Kansas City Royals","Cleveland Guardians","Kansas City Royals","7","full","FULL_INNING_TOTAL","over","","points-all-7i-ou-over","fanduel","0.5","false","110","2026-09-26T13:25:34.000Z","0.5","0.5","120","105","https://sportsbook.fanduel.com/addToBetslip?marketId=717.188537140&selectionId=7017905"
"SPORTSGAMEODDS","rlJls8wBc4CE4da4gCqX","2026-09-26T23:10:00.000Z","Cleveland Guardians @ Kansas City Royals","Cleveland Guardians","Kansas City Royals","7","full","FULL_INNING_TOTAL","over","","points-all-7i-ou-over","fanduel","1.5","true","290","2026-09-26T13:25:34.000Z","0.5","0.5","","","https://sportsbook.fanduel.com/addToBetslip?marketId=717.188537140&selectionId=7017905"
"SPORTSGAMEODDS","rlJls8wBc4CE4da4gCqX","2026-09-26T23:10:00.000Z","Cleveland Guardians @ Kansas City Royals","Cleveland Guardians","Kansas City Royals","7","full","FULL_INNING_TOTAL","over","","points-all-7i-ou-over","draftkings","0.5","false","105","2026-09-26T13:25:36.276Z","0.5","0.5","120","105",""
"SPORTSGAMEODDS","rlJls8wBc4CE4da4gCqX","2026-09-26T23:10:00.000Z","Cleveland Guardians @ Kansas City Royals","Cleveland Guardians","Kansas City Royals","7","full","FULL_INNING_TOTAL","over","","points-all-7i-ou-over","draftkings","1.5","true","255","2026-09-26T13:25:36.276Z","0.5","0.5","","",""
"SPORTSGAMEODDS","rlJls8wBc4CE4da4gCqX","2026-09-26T23:10:00.000Z","Cleveland Guardians @ Kansas City Royals","Cleveland Guardians","Kansas City Royals","7","full","FULL_INNING_TOTAL","over","","points-all-7i-ou-over","fliff","0.5","false","-105","2026-09-26T13:23:52.193Z","0.5","0.5","120","105",""
"SPORTSGAMEODDS","rlJls8wBc4CE4da4gCqX","2026-09-26T23:10:00.000Z","Cleveland Guardians @ Kansas City Royals","Cleveland Guardians","Kansas City Royals","7","full","FULL_INNING_TOTAL","under","","points-all-7i-ou-under","fanduel","0.5","false","-134","2026-09-26T13:25:34.000Z","0.5","0.5","-120","-140","https://sportsbook.fanduel.com/addToBetslip?marketId=717.188537140&selectionId=7017906"
"SPORTSGAMEODDS","rlJls8wBc4CE4da4gCqX","2026-09-26T23:10:00.000Z","Cleveland Guardians @ Kansas City Royals","Cleveland Guardians","Kansas City Royals","7","full","FULL_INNING_TOTAL","under","","points-all-7i-ou-under","fanduel","1.5","true","-385","2026-09-26T13:25:34.000Z","0.5","0.5","","","https://sportsbook.fanduel.com/addToBetslip?marketId=717.188537140&selectionId=7017906"
"SPORTSGAMEODDS","rlJls8wBc4CE4da4gCqX","2026-09-26T23:10:00.000Z","Cleveland Guardians @ Kansas City Royals","Cleveland Guardians","Kansas City Royals","7","full","FULL_INNING_TOTAL","under","","points-all-7i-ou-under","draftkings","0.5","false","-140","2026-09-26T13:25:36.276Z","0.5","0.5","-120","-140",""
"SPORTSGAMEODDS","rlJls8wBc4CE4da4gCqX","2026-09-26T23:10:00.000Z","Cleveland Guardians @ Kansas City Royals","Cleveland Guardians","Kansas City Royals","7","full","FULL_INNING_TOTAL","under","","points-all-7i-ou-under","draftkings","1.5","true","-360","2026-09-26T13:25:36.276Z","0.5","0.5","","",""
"SPORTSGAMEODDS","rlJls8wBc4CE4da4gCqX","2026-09-26T23:10:00.000Z","Cleveland Guardians @ Kansas City Royals","Cleveland Guardians","Kansas City Royals","7","full","FULL_INNING_TOTAL","under","","points-all-7i-ou-under","fliff","0.5","false","-160","2026-09-26T13:23:52.193Z","0.5","0.5","-120","-140",""
"SPORTSGAMEODDS","rlJls8wBc4CE4da4gCqX","2026-09-26T23:10:00.000Z","Cleveland Guardians @ Kansas City Royals","Cleveland Guardians","Kansas City Royals","8","full","FULL_INNING_3WAY","draw","","points-all-8i-ml3way-draw","fanduel","","false","-155","2026-09-26T13:25:34.000Z","","","","","https://sportsbook.fanduel.com/addToBetslip?marketId=717.188537159&selectionId=131604"
"SPORTSGAMEODDS","rlJls8wBc4CE4da4gCqX","2026-09-26T23:10:00.000Z","Cleveland Guardians @ Kansas City Royals","Cleveland Guardians","Kansas City Royals","8","full","FULL_INNING_3WAY","draw","","points-all-8i-ml3way-draw","draftkings","","false","-160","2026-09-26T13:25:36.276Z","","","","",""
"SPORTSGAMEODDS","rlJls8wBc4CE4da4gCqX","2026-09-26T23:10:00.000Z","Cleveland Guardians @ Kansas City Royals","Cleveland Guardians","Kansas City Royals","8","full","FULL_INNING_TOTAL","over","","points-all-8i-ou-over","fanduel","0.5","false","110","2026-09-26T13:25:34.000Z","0.5","0.5","117","100","https://sportsbook.fanduel.com/addToBetslip?marketId=717.188537120&selectionId=7017905"
"SPORTSGAMEODDS","rlJls8wBc4CE4da4gCqX","2026-09-26T23:10:00.000Z","Cleveland Guardians @ Kansas City Royals","Cleveland Guardians","Kansas City Royals","8","full","FULL_INNING_TOTAL","over","","points-all-8i-ou-over","fanduel","1.5","true","290","2026-09-26T13:25:34.000Z","0.5","0.5","","","https://sportsbook.fanduel.com/addToBetslip?marketId=717.188537120&selectionId=7017905"
"SPORTSGAMEODDS","rlJls8wBc4CE4da4gCqX","2026-09-26T23:10:00.000Z","Cleveland Guardians @ Kansas City Royals","Cleveland Guardians","Kansas City Royals","8","full","FULL_INNING_TOTAL","over","","points-all-8i-ou-over","draftkings","0.5","false","100","2026-09-26T13:25:36.276Z","0.5","0.5","117","100",""
"SPORTSGAMEODDS","rlJls8wBc4CE4da4gCqX","2026-09-26T23:10:00.000Z","Cleveland Guardians @ Kansas City Royals","Cleveland Guardians","Kansas City Royals","8","full","FULL_INNING_TOTAL","over","","points-all-8i-ou-over","draftkings","1.5","true","255","2026-09-26T13:25:36.276Z","0.5","0.5","","",""
"SPORTSGAMEODDS","rlJls8wBc4CE4da4gCqX","2026-09-26T23:10:00.000Z","Cleveland Guardians @ Kansas City Royals","Cleveland Guardians","Kansas City Royals","8","full","FULL_INNING_TOTAL","over","","points-all-8i-ou-over","fliff","0.5","false","100","2026-09-26T13:23:52.193Z","0.5","0.5","117","100",""
"SPORTSGAMEODDS","rlJls8wBc4CE4da4gCqX","2026-09-26T23:10:00.000Z","Cleveland Guardians @ Kansas City Royals","Cleveland Guardians","Kansas City Royals","8","full","FULL_INNING_TOTAL","under","","points-all-8i-ou-under","fanduel","0.5","false","-134","2026-09-26T13:25:34.000Z","0.5","0.5","-117","-140","https://sportsbook.fanduel.com/addToBetslip?marketId=717.188537120&selectionId=7017906"
"SPORTSGAMEODDS","rlJls8wBc4CE4da4gCqX","2026-09-26T23:10:00.000Z","Cleveland Guardians @ Kansas City Royals","Cleveland Guardians","Kansas City Royals","8","full","FULL_INNING_TOTAL","under","","points-all-8i-ou-under","fanduel","1.5","true","-360","2026-09-26T13:25:34.000Z","0.5","0.5","","","https://sportsbook.fanduel.com/addToBetslip?marketId=717.188537120&selectionId=7017906"
"SPORTSGAMEODDS","rlJls8wBc4CE4da4gCqX","2026-09-26T23:10:00.000Z","Cleveland Guardians @ Kansas City Royals","Cleveland Guardians","Kansas City Royals","8","full","FULL_INNING_TOTAL","under","","points-all-8i-ou-under","draftkings","0.5","false","-140","2026-09-26T13:25:36.276Z","0.5","0.5","-117","-140",""
"SPORTSGAMEODDS","rlJls8wBc4CE4da4gCqX","2026-09-26T23:10:00.000Z","Cleveland Guardians @ Kansas City Royals","Cleveland Guardians","Kansas City Royals","8","full","FULL_INNING_TOTAL","under","","points-all-8i-ou-under","draftkings","1.5","true","-360","2026-09-26T13:25:36.276Z","0.5","0.5","","",""
"SPORTSGAMEODDS","rlJls8wBc4CE4da4gCqX","2026-09-26T23:10:00.000Z","Cleveland Guardians @ Kansas City Royals","Cleveland Guardians","Kansas City Royals","8","full","FULL_INNING_TOTAL","under","","points-all-8i-ou-under","fliff","0.5","false","-160","2026-09-26T13:23:52.193Z","0.5","0.5","-117","-140",""
"SPORTSGAMEODDS","rlJls8wBc4CE4da4gCqX","2026-09-26T23:10:00.000Z","Cleveland Guardians @ Kansas City Royals","Cleveland Guardians","Kansas City Royals","9","full","FULL_INNING_3WAY","draw","","points-all-9i-ml3way-draw","fanduel","","false","-240","2026-09-26T13:25:34.000Z","","","","","https://sportsbook.fanduel.com/addToBetslip?marketId=717.188537185&selectionId=131604"
"SPORTSGAMEODDS","rlJls8wBc4CE4da4gCqX","2026-09-26T23:10:00.000Z","Cleveland Guardians @ Kansas City Royals","Cleveland Guardians","Kansas City Royals","9","full","FULL_INNING_3WAY","draw","","points-all-9i-ml3way-draw","draftkings","","false","-225","2026-09-26T13:25:36.276Z","","","","",""
"SPORTSGAMEODDS","rlJls8wBc4CE4da4gCqX","2026-09-26T23:10:00.000Z","Cleveland Guardians @ Kansas City Royals","Cleveland Guardians","Kansas City Royals","9","full","FULL_INNING_TOTAL","over","","points-all-9i-ou-over","fanduel","0.5","false","164","2026-09-26T13:25:34.000Z","","0.5","","154","https://sportsbook.fanduel.com/addToBetslip?marketId=717.188537245&selectionId=7017905"
"SPORTSGAMEODDS","rlJls8wBc4CE4da4gCqX","2026-09-26T23:10:00.000Z","Cleveland Guardians @ Kansas City Royals","Cleveland Guardians","Kansas City Royals","9","full","FULL_INNING_TOTAL","over","","points-all-9i-ou-over","fanduel","1.5","true","410","2026-09-26T13:25:34.000Z","","0.5","","","https://sportsbook.fanduel.com/addToBetslip?marketId=717.188537245&selectionId=7017905"
"SPORTSGAMEODDS","rlJls8wBc4CE4da4gCqX","2026-09-26T23:10:00.000Z","Cleveland Guardians @ Kansas City Royals","Cleveland Guardians","Kansas City Royals","9","full","FULL_INNING_TOTAL","over","","points-all-9i-ou-over","draftkings","0.5","false","145","2026-09-26T13:25:36.276Z","","0.5","","154",""
"SPORTSGAMEODDS","rlJls8wBc4CE4da4gCqX","2026-09-26T23:10:00.000Z","Cleveland Guardians @ Kansas City Royals","Cleveland Guardians","Kansas City Royals","9","full","FULL_INNING_TOTAL","over","","points-all-9i-ou-over","draftkings","1.5","true","350","2026-09-26T13:25:36.276Z","","0.5","","",""
"SPORTSGAMEODDS","rlJls8wBc4CE4da4gCqX","2026-09-26T23:10:00.000Z","Cleveland Guardians @ Kansas City Royals","Cleveland Guardians","Kansas City Royals","9","full","FULL_INNING_TOTAL","under","","points-all-9i-ou-under","fanduel","0.5","false","-205","2026-09-26T13:25:34.000Z","","0.5","","-200","https://sportsbook.fanduel.com/addToBetslip?marketId=717.188537245&selectionId=7017906"
"SPORTSGAMEODDS","rlJls8wBc4CE4da4gCqX","2026-09-26T23:10:00.000Z","Cleveland Guardians @ Kansas City Royals","Cleveland Guardians","Kansas City Royals","9","full","FULL_INNING_TOTAL","under","","points-all-9i-ou-under","fanduel","1.5","true","-600","2026-09-26T13:25:34.000Z","","0.5","","","https://sportsbook.fanduel.com/addToBetslip?marketId=717.188537245&selectionId=7017906"
"SPORTSGAMEODDS","rlJls8wBc4CE4da4gCqX","2026-09-26T23:10:00.000Z","Cleveland Guardians @ Kansas City Royals","Cleveland Guardians","Kansas City Royals","9","full","FULL_INNING_TOTAL","under","","points-all-9i-ou-under","draftkings","0.5","false","-195","2026-09-26T13:25:36.276Z","","0.5","","-200",""
"SPORTSGAMEODDS","rlJls8wBc4CE4da4gCqX","2026-09-26T23:10:00.000Z","Cleveland Guardians @ Kansas City Royals","Cleveland Guardians","Kansas City Royals","9","full","FULL_INNING_TOTAL","under","","points-all-9i-ou-under","draftkings","1.5","true","-525","2026-09-26T13:25:36.276Z","","0.5","","",""
"SPORTSGAMEODDS","rlJls8wBc4CE4da4gCqX","2026-09-26T23:10:00.000Z","Cleveland Guardians @ Kansas City Royals","Cleveland Guardians","Kansas City Royals","2","full","FULL_INNING_3WAY","away","","points-away-2i-ml3way-away","fanduel","","false","330","2026-09-26T13:25:34.000Z","","","","","https://sportsbook.fanduel.com/addToBetslip?marketId=717.188537206&selectionId=41541473"
"SPORTSGAMEODDS","rlJls8wBc4CE4da4gCqX","2026-09-26T23:10:00.000Z","Cleveland Guardians @ Kansas City Royals","Cleveland Guardians","Kansas City Royals","2","full","FULL_INNING_3WAY","away","","points-away-2i-ml3way-away","draftkings","","false","320","2026-09-26T13:25:36.276Z","","","","",""
"SPORTSGAMEODDS","rlJls8wBc4CE4da4gCqX","2026-09-26T23:10:00.000Z","Cleveland Guardians @ Kansas City Royals","Cleveland Guardians","Kansas City Royals","3","full","FULL_INNING_3WAY","away","","points-away-3i-ml3way-away","fanduel","","false","330","2026-09-26T13:25:34.000Z","","","","","https://sportsbook.fanduel.com/addToBetslip?marketId=717.188537241&selectionId=41541473"
"SPORTSGAMEODDS","rlJls8wBc4CE4da4gCqX","2026-09-26T23:10:00.000Z","Cleveland Guardians @ Kansas City Royals","Cleveland Guardians","Kansas City Royals","3","full","FULL_INNING_3WAY","away","","points-away-3i-ml3way-away","draftkings","","false","330","2026-09-26T13:25:36.276Z","","","","",""
"SPORTSGAMEODDS","rlJls8wBc4CE4da4gCqX","2026-09-26T23:10:00.000Z","Cleveland Guardians @ Kansas City Royals","Cleveland Guardians","Kansas City Royals","4","full","FULL_INNING_3WAY","away","","points-away-4i-ml3way-away","fanduel","","false","320","2026-09-26T13:25:34.000Z","","","","","https://sportsbook.fanduel.com/addToBetslip?marketId=717.188537264&selectionId=41541473"
"SPORTSGAMEODDS","rlJls8wBc4CE4da4gCqX","2026-09-26T23:10:00.000Z","Cleveland Guardians @ Kansas City Royals","Cleveland Guardians","Kansas City Royals","4","full","FULL_INNING_3WAY","away","","points-away-4i-ml3way-away","draftkings","","false","320","2026-09-26T13:25:36.276Z","","","","",""
"SPORTSGAMEODDS","rlJls8wBc4CE4da4gCqX","2026-09-26T23:10:00.000Z","Cleveland Guardians @ Kansas City Royals","Cleveland Guardians","Kansas City Royals","5","full","FULL_INNING_3WAY","away","","points-away-5i-ml3way-away","fanduel","","false","340","2026-09-26T13:25:34.000Z","","","","","https://sportsbook.fanduel.com/addToBetslip?marketId=717.188537215&selectionId=41541473"
"SPORTSGAMEODDS","rlJls8wBc4CE4da4gCqX","2026-09-26T23:10:00.000Z","Cleveland Guardians @ Kansas City Royals","Cleveland Guardians","Kansas City Royals","5","full","FULL_INNING_3WAY","away","","points-away-5i-ml3way-away","draftkings","","false","310","2026-09-26T13:25:36.276Z","","","","",""
"SPORTSGAMEODDS","rlJls8wBc4CE4da4gCqX","2026-09-26T23:10:00.000Z","Cleveland Guardians @ Kansas City Royals","Cleveland Guardians","Kansas City Royals","6","full","FULL_INNING_3WAY","away","","points-away-6i-ml3way-away","fanduel","","false","320","2026-09-26T13:25:34.000Z","","","","","https://sportsbook.fanduel.com/addToBetslip?marketId=717.188537193&selectionId=41541473"
"SPORTSGAMEODDS","rlJls8wBc4CE4da4gCqX","2026-09-26T23:10:00.000Z","Cleveland Guardians @ Kansas City Royals","Cleveland Guardians","Kansas City Royals","6","full","FULL_INNING_3WAY","away","","points-away-6i-ml3way-away","draftkings","","false","310","2026-09-26T13:25:36.276Z","","","","",""
"SPORTSGAMEODDS","rlJls8wBc4CE4da4gCqX","2026-09-26T23:10:00.000Z","Cleveland Guardians @ Kansas City Royals","Cleveland Guardians","Kansas City Royals","7","full","FULL_INNING_3WAY","away","","points-away-7i-ml3way-away","fanduel","","false","340","2026-09-26T13:25:34.000Z","","","","","https://sportsbook.fanduel.com/addToBetslip?marketId=717.188537148&selectionId=41541473"
"SPORTSGAMEODDS","rlJls8wBc4CE4da4gCqX","2026-09-26T23:10:00.000Z","Cleveland Guardians @ Kansas City Royals","Cleveland Guardians","Kansas City Royals","7","full","FULL_INNING_3WAY","away","","points-away-7i-ml3way-away","draftkings","","false","300","2026-09-26T13:25:36.276Z","","","","",""
"SPORTSGAMEODDS","rlJls8wBc4CE4da4gCqX","2026-09-26T23:10:00.000Z","Cleveland Guardians @ Kansas City Royals","Cleveland Guardians","Kansas City Royals","8","full","FULL_INNING_3WAY","away","","points-away-8i-ml3way-away","fanduel","","false","340","2026-09-26T13:25:34.000Z","","","","","https://sportsbook.fanduel.com/addToBetslip?marketId=717.188537159&selectionId=41541473"
"SPORTSGAMEODDS","rlJls8wBc4CE4da4gCqX","2026-09-26T23:10:00.000Z","Cleveland Guardians @ Kansas City Royals","Cleveland Guardians","Kansas City Royals","8","full","FULL_INNING_3WAY","away","","points-away-8i-ml3way-away","draftkings","","false","295","2026-09-26T13:25:36.276Z","","","","",""
"SPORTSGAMEODDS","rlJls8wBc4CE4da4gCqX","2026-09-26T23:10:00.000Z","Cleveland Guardians @ Kansas City Royals","Cleveland Guardians","Kansas City Royals","9","full","FULL_INNING_3WAY","away","","points-away-9i-ml3way-away","fanduel","","false","300","2026-09-26T13:25:34.000Z","","","","","https://sportsbook.fanduel.com/addToBetslip?marketId=717.188537185&selectionId=41541473"
"SPORTSGAMEODDS","rlJls8wBc4CE4da4gCqX","2026-09-26T23:10:00.000Z","Cleveland Guardians @ Kansas City Royals","Cleveland Guardians","Kansas City Royals","9","full","FULL_INNING_3WAY","away","","points-away-9i-ml3way-away","draftkings","","false","270","2026-09-26T13:25:36.276Z","","","","",""
"SPORTSGAMEODDS","rlJls8wBc4CE4da4gCqX","2026-09-26T23:10:00.000Z","Cleveland Guardians @ Kansas City Royals","Cleveland Guardians","Kansas City Royals","2","full","FULL_INNING_3WAY","home","","points-home-2i-ml3way-home","fanduel","","false","340","2026-09-26T13:25:34.000Z","","","","","https://sportsbook.fanduel.com/addToBetslip?marketId=717.188537206&selectionId=29179"
"SPORTSGAMEODDS","rlJls8wBc4CE4da4gCqX","2026-09-26T23:10:00.000Z","Cleveland Guardians @ Kansas City Royals","Cleveland Guardians","Kansas City Royals","2","full","FULL_INNING_3WAY","home","","points-home-2i-ml3way-home","draftkings","","false","320","2026-09-26T13:25:36.276Z","","","","",""
"SPORTSGAMEODDS","rlJls8wBc4CE4da4gCqX","2026-09-26T23:10:00.000Z","Cleveland Guardians @ Kansas City Royals","Cleveland Guardians","Kansas City Royals","3","full","FULL_INNING_3WAY","home","","points-home-3i-ml3way-home","fanduel","","false","290","2026-09-26T13:25:34.000Z","","","","","https://sportsbook.fanduel.com/addToBetslip?marketId=717.188537241&selectionId=29179"
"SPORTSGAMEODDS","rlJls8wBc4CE4da4gCqX","2026-09-26T23:10:00.000Z","Cleveland Guardians @ Kansas City Royals","Cleveland Guardians","Kansas City Royals","3","full","FULL_INNING_3WAY","home","","points-home-3i-ml3way-home","draftkings","","false","285","2026-09-26T13:25:36.276Z","","","","",""
"SPORTSGAMEODDS","rlJls8wBc4CE4da4gCqX","2026-09-26T23:10:00.000Z","Cleveland Guardians @ Kansas City Royals","Cleveland Guardians","Kansas City Royals","4","full","FULL_INNING_3WAY","home","","points-home-4i-ml3way-home","fanduel","","false","300","2026-09-26T13:25:34.000Z","","","","","https://sportsbook.fanduel.com/addToBetslip?marketId=717.188537264&selectionId=29179"
"SPORTSGAMEODDS","rlJls8wBc4CE4da4gCqX","2026-09-26T23:10:00.000Z","Cleveland Guardians @ Kansas City Royals","Cleveland Guardians","Kansas City Royals","4","full","FULL_INNING_3WAY","home","","points-home-4i-ml3way-home","draftkings","","false","300","2026-09-26T13:25:36.276Z","","","","",""
"SPORTSGAMEODDS","rlJls8wBc4CE4da4gCqX","2026-09-26T23:10:00.000Z","Cleveland Guardians @ Kansas City Royals","Cleveland Guardians","Kansas City Royals","5","full","FULL_INNING_3WAY","home","","points-home-5i-ml3way-home","fanduel","","false","310","2026-09-26T13:25:34.000Z","","","","","https://sportsbook.fanduel.com/addToBetslip?marketId=717.188537215&selectionId=29179"
"SPORTSGAMEODDS","rlJls8wBc4CE4da4gCqX","2026-09-26T23:10:00.000Z","Cleveland Guardians @ Kansas City Royals","Cleveland Guardians","Kansas City Royals","5","full","FULL_INNING_3WAY","home","","points-home-5i-ml3way-home","draftkings","","false","320","2026-09-26T13:25:36.276Z","","","","",""
"SPORTSGAMEODDS","rlJls8wBc4CE4da4gCqX","2026-09-26T23:10:00.000Z","Cleveland Guardians @ Kansas City Royals","Cleveland Guardians","Kansas City Royals","6","full","FULL_INNING_3WAY","home","","points-home-6i-ml3way-home","fanduel","","false","300","2026-09-26T13:25:34.000Z","","","","","https://sportsbook.fanduel.com/addToBetslip?marketId=717.188537193&selectionId=29179"
"SPORTSGAMEODDS","rlJls8wBc4CE4da4gCqX","2026-09-26T23:10:00.000Z","Cleveland Guardians @ Kansas City Royals","Cleveland Guardians","Kansas City Royals","6","full","FULL_INNING_3WAY","home","","points-home-6i-ml3way-home","draftkings","","false","310","2026-09-26T13:25:36.276Z","","","","",""
"SPORTSGAMEODDS","rlJls8wBc4CE4da4gCqX","2026-09-26T23:10:00.000Z","Cleveland Guardians @ Kansas City Royals","Cleveland Guardians","Kansas City Royals","7","full","FULL_INNING_3WAY","home","","points-home-7i-ml3way-home","fanduel","","false","320","2026-09-26T13:25:34.000Z","","","","","https://sportsbook.fanduel.com/addToBetslip?marketId=717.188537148&selectionId=29179"
"SPORTSGAMEODDS","rlJls8wBc4CE4da4gCqX","2026-09-26T23:10:00.000Z","Cleveland Guardians @ Kansas City Royals","Cleveland Guardians","Kansas City Royals","7","full","FULL_INNING_3WAY","home","","points-home-7i-ml3way-home","draftkings","","false","350","2026-09-26T13:25:36.276Z","","","","",""
"SPORTSGAMEODDS","rlJls8wBc4CE4da4gCqX","2026-09-26T23:10:00.000Z","Cleveland Guardians @ Kansas City Royals","Cleveland Guardians","Kansas City Royals","8","full","FULL_INNING_3WAY","home","","points-home-8i-ml3way-home","fanduel","","false","330","2026-09-26T13:25:34.000Z","","","","","https://sportsbook.fanduel.com/addToBetslip?marketId=717.188537159&selectionId=29179"
"SPORTSGAMEODDS","rlJls8wBc4CE4da4gCqX","2026-09-26T23:10:00.000Z","Cleveland Guardians @ Kansas City Royals","Cleveland Guardians","Kansas City Royals","8","full","FULL_INNING_3WAY","home","","points-home-8i-ml3way-home","draftkings","","false","340","2026-09-26T13:25:36.276Z","","","","",""
"SPORTSGAMEODDS","rlJls8wBc4CE4da4gCqX","2026-09-26T23:10:00.000Z","Cleveland Guardians @ Kansas City Royals","Cleveland Guardians","Kansas City Royals","9","full","FULL_INNING_3WAY","home","","points-home-9i-ml3way-home","fanduel","","false","700","2026-09-26T13:25:34.000Z","","","","","https://sportsbook.fanduel.com/addToBetslip?marketId=717.188537185&selectionId=29179"
"SPORTSGAMEODDS","rlJls8wBc4CE4da4gCqX","2026-09-26T23:10:00.000Z","Cleveland Guardians @ Kansas City Royals","Cleveland Guardians","Kansas City Royals","9","full","FULL_INNING_3WAY","home","","points-home-9i-ml3way-home","draftkings","","false","650","2026-09-26T13:25:36.276Z","","","","",""
"SPORTSGAMEODDS","hV7p9tgUHAmItUoFYf5f","2026-09-26T23:15:00.000Z","Tampa Bay Rays @ Philadelphia Phillies","Tampa Bay Rays","Philadelphia Phillies","1","full","FULL_INNING_TOTAL","over","","points-all-1i-ou-over","novig","0.5","false","127","2026-09-26T13:25:01.238Z","0.5","0.5","124","110","https://novig.com/events/01a0dae4-97c4-7bf3-a4ba-a2c15f75d2e8/sportsgameodds"
"SPORTSGAMEODDS","hV7p9tgUHAmItUoFYf5f","2026-09-26T23:15:00.000Z","Tampa Bay Rays @ Philadelphia Phillies","Tampa Bay Rays","Philadelphia Phillies","1","full","FULL_INNING_TOTAL","over","","points-all-1i-ou-over","caesars","0.5","false","114","2026-09-26T13:25:51.808Z","0.5","0.5","124","110","https://sportsbook.caesars.com/us/nj/bet/betslip?selectionIds=b48d5fbb-02f8-346c-ab0d-165b7b3e6934"
"SPORTSGAMEODDS","hV7p9tgUHAmItUoFYf5f","2026-09-26T23:15:00.000Z","Tampa Bay Rays @ Philadelphia Phillies","Tampa Bay Rays","Philadelphia Phillies","1","full","FULL_INNING_TOTAL","over","","points-all-1i-ou-over","draftkings","0.5","false","110","2026-09-26T13:25:36.276Z","0.5","0.5","124","110",""
"SPORTSGAMEODDS","hV7p9tgUHAmItUoFYf5f","2026-09-26T23:15:00.000Z","Tampa Bay Rays @ Philadelphia Phillies","Tampa Bay Rays","Philadelphia Phillies","1","full","FULL_INNING_TOTAL","over","","points-all-1i-ou-over","draftkings","1.5","true","300","2026-09-26T13:25:36.276Z","0.5","0.5","","",""
"SPORTSGAMEODDS","hV7p9tgUHAmItUoFYf5f","2026-09-26T23:15:00.000Z","Tampa Bay Rays @ Philadelphia Phillies","Tampa Bay Rays","Philadelphia Phillies","1","full","FULL_INNING_TOTAL","over","","points-all-1i-ou-over","fliff","0.5","false","100","2026-09-26T13:25:44.844Z","0.5","0.5","124","110",""
"SPORTSGAMEODDS","hV7p9tgUHAmItUoFYf5f","2026-09-26T23:15:00.000Z","Tampa Bay Rays @ Philadelphia Phillies","Tampa Bay Rays","Philadelphia Phillies","1","full","FULL_INNING_TOTAL","over","","points-all-1i-ou-over","fliff","1.5","true","270","2026-09-26T13:25:44.844Z","0.5","0.5","","",""
"SPORTSGAMEODDS","hV7p9tgUHAmItUoFYf5f","2026-09-26T23:15:00.000Z","Tampa Bay Rays @ Philadelphia Phillies","Tampa Bay Rays","Philadelphia Phillies","1","full","FULL_INNING_TOTAL","over","","points-all-1i-ou-over","unknown","0.5","false","106","2026-09-26T13:25:47.344Z","0.5","0.5","124","110",""
"SPORTSGAMEODDS","hV7p9tgUHAmItUoFYf5f","2026-09-26T23:15:00.000Z","Tampa Bay Rays @ Philadelphia Phillies","Tampa Bay Rays","Philadelphia Phillies","1","full","FULL_INNING_TOTAL","over","","points-all-1i-ou-over","unknown","1.5","true","308","2026-09-26T13:25:41.344Z","0.5","0.5","","",""
"SPORTSGAMEODDS","hV7p9tgUHAmItUoFYf5f","2026-09-26T23:15:00.000Z","Tampa Bay Rays @ Philadelphia Phillies","Tampa Bay Rays","Philadelphia Phillies","1","full","FULL_INNING_TOTAL","over","","points-all-1i-ou-over","fanduel","0.5","false","106","2026-09-26T13:25:34.000Z","0.5","0.5","124","110","https://sportsbook.fanduel.com/addToBetslip?marketId=717.188572120&selectionId=7017905"
"SPORTSGAMEODDS","hV7p9tgUHAmItUoFYf5f","2026-09-26T23:15:00.000Z","Tampa Bay Rays @ Philadelphia Phillies","Tampa Bay Rays","Philadelphia Phillies","1","full","FULL_INNING_TOTAL","over","","points-all-1i-ou-over","fanduel","1.5","true","310","2026-09-26T13:25:34.000Z","0.5","0.5","","","https://sportsbook.fanduel.com/addToBetslip?marketId=717.188572120&selectionId=7017905"
"SPORTSGAMEODDS","hV7p9tgUHAmItUoFYf5f","2026-09-26T23:15:00.000Z","Tampa Bay Rays @ Philadelphia Phillies","Tampa Bay Rays","Philadelphia Phillies","1","full","FULL_INNING_TOTAL","over","","points-all-1i-ou-over","hardrockbet","0.5","false","110","2026-09-26T13:25:54.344Z","0.5","0.5","124","110",""
"SPORTSGAMEODDS","hV7p9tgUHAmItUoFYf5f","2026-09-26T23:15:00.000Z","Tampa Bay Rays @ Philadelphia Phillies","Tampa Bay Rays","Philadelphia Phillies","1","full","FULL_INNING_TOTAL","over","","points-all-1i-ou-over","hardrockbet","1.5","true","300","2026-09-26T13:25:54.344Z","0.5","0.5","","",""
"SPORTSGAMEODDS","hV7p9tgUHAmItUoFYf5f","2026-09-26T23:15:00.000Z","Tampa Bay Rays @ Philadelphia Phillies","Tampa Bay Rays","Philadelphia Phillies","1","full","FULL_INNING_TOTAL","over","","points-all-1i-ou-over","betmgm","0.5","false","115","2026-09-26T13:25:06.308Z","0.5","0.5","124","110","https://sports.nj.betmgm.com/en/sports?options=19944862-1561564175-2305063865"
"SPORTSGAMEODDS","hV7p9tgUHAmItUoFYf5f","2026-09-26T23:15:00.000Z","Tampa Bay Rays @ Philadelphia Phillies","Tampa Bay Rays","Philadelphia Phillies","1","full","FULL_INNING_TOTAL","over","","points-all-1i-ou-over","betparx","1.5","false","270","2026-09-26T13:25:39.344Z","0.5","0.5","","",""
"SPORTSGAMEODDS","hV7p9tgUHAmItUoFYf5f","2026-09-26T23:15:00.000Z","Tampa Bay Rays @ Philadelphia Phillies","Tampa Bay Rays","Philadelphia Phillies","1","full","FULL_INNING_TOTAL","over","","points-all-1i-ou-over","betrivers","1.5","false","270","2026-09-26T13:25:33.808Z","0.5","0.5","","","https://nj.betrivers.com/?page=sportsbook#event/1024788227?coupon=single|4351902613|0"
"SPORTSGAMEODDS","hV7p9tgUHAmItUoFYf5f","2026-09-26T23:15:00.000Z","Tampa Bay Rays @ Philadelphia Phillies","Tampa Bay Rays","Philadelphia Phillies","1","full","FULL_INNING_TOTAL","over","","points-all-1i-ou-over","ballybet","1.5","false","270","2026-09-26T13:25:37.344Z","0.5","0.5","","",""
"SPORTSGAMEODDS","hV7p9tgUHAmItUoFYf5f","2026-09-26T23:15:00.000Z","Tampa Bay Rays @ Philadelphia Phillies","Tampa Bay Rays","Philadelphia Phillies","1","full","FULL_INNING_TOTAL","under","","points-all-1i-ou-under","novig","0.5","false","-133","2026-09-26T13:25:01.238Z","0.5","0.5","-124","-143","https://novig.com/events/01a0dae4-97c4-7bf3-a4ba-a2d78dba6f27/sportsgameodds"
"SPORTSGAMEODDS","hV7p9tgUHAmItUoFYf5f","2026-09-26T23:15:00.000Z","Tampa Bay Rays @ Philadelphia Phillies","Tampa Bay Rays","Philadelphia Phillies","1","full","FULL_INNING_TOTAL","under","","points-all-1i-ou-under","prophetexchange","0.5","false","-139","2026-09-26T13:26:20.693Z","0.5","0.5","-124","-143",""
"SPORTSGAMEODDS","hV7p9tgUHAmItUoFYf5f","2026-09-26T23:15:00.000Z","Tampa Bay Rays @ Philadelphia Phillies","Tampa Bay Rays","Philadelphia Phillies","1","full","FULL_INNING_TOTAL","under","","points-all-1i-ou-under","caesars","0.5","false","-141","2026-09-26T13:25:51.808Z","0.5","0.5","-124","-143","https://sportsbook.caesars.com/us/nj/bet/betslip?selectionIds=67e29811-1c89-35fa-87a3-b70e4e8bb20e"
"SPORTSGAMEODDS","hV7p9tgUHAmItUoFYf5f","2026-09-26T23:15:00.000Z","Tampa Bay Rays @ Philadelphia Phillies","Tampa Bay Rays","Philadelphia Phillies","1","full","FULL_INNING_TOTAL","under","","points-all-1i-ou-under","draftkings","0.5","false","-145","2026-09-26T13:25:36.276Z","0.5","0.5","-124","-143",""
"SPORTSGAMEODDS","hV7p9tgUHAmItUoFYf5f","2026-09-26T23:15:00.000Z","Tampa Bay Rays @ Philadelphia Phillies","Tampa Bay Rays","Philadelphia Phillies","1","full","FULL_INNING_TOTAL","under","","points-all-1i-ou-under","draftkings","1.5","true","-425","2026-09-26T13:25:36.276Z","0.5","0.5","","",""
"SPORTSGAMEODDS","hV7p9tgUHAmItUoFYf5f","2026-09-26T23:15:00.000Z","Tampa Bay Rays @ Philadelphia Phillies","Tampa Bay Rays","Philadelphia Phillies","1","full","FULL_INNING_TOTAL","under","","points-all-1i-ou-under","fliff","0.5","false","-165","2026-09-26T13:25:44.844Z","0.5","0.5","-124","-143",""
"SPORTSGAMEODDS","hV7p9tgUHAmItUoFYf5f","2026-09-26T23:15:00.000Z","Tampa Bay Rays @ Philadelphia Phillies","Tampa Bay Rays","Philadelphia Phillies","1","full","FULL_INNING_TOTAL","under","","points-all-1i-ou-under","fliff","1.5","true","-530","2026-09-26T13:25:44.844Z","0.5","0.5","","",""
"SPORTSGAMEODDS","hV7p9tgUHAmItUoFYf5f","2026-09-26T23:15:00.000Z","Tampa Bay Rays @ Philadelphia Phillies","Tampa Bay Rays","Philadelphia Phillies","1","full","FULL_INNING_TOTAL","under","","points-all-1i-ou-under","unknown","0.5","false","-160","2026-09-26T13:25:47.344Z","0.5","0.5","-124","-143",""
"SPORTSGAMEODDS","hV7p9tgUHAmItUoFYf5f","2026-09-26T23:15:00.000Z","Tampa Bay Rays @ Philadelphia Phillies","Tampa Bay Rays","Philadelphia Phillies","1","full","FULL_INNING_TOTAL","under","","points-all-1i-ou-under","unknown","1.5","true","-412","2026-09-26T13:25:41.344Z","0.5","0.5","","",""
"SPORTSGAMEODDS","hV7p9tgUHAmItUoFYf5f","2026-09-26T23:15:00.000Z","Tampa Bay Rays @ Philadelphia Phillies","Tampa Bay Rays","Philadelphia Phillies","1","full","FULL_INNING_TOTAL","under","","points-all-1i-ou-under","fanduel","0.5","false","-136","2026-09-26T13:25:34.000Z","0.5","0.5","-124","-143","https://sportsbook.fanduel.com/addToBetslip?marketId=717.188572120&selectionId=7017906"
"SPORTSGAMEODDS","hV7p9tgUHAmItUoFYf5f","2026-09-26T23:15:00.000Z","Tampa Bay Rays @ Philadelphia Phillies","Tampa Bay Rays","Philadelphia Phillies","1","full","FULL_INNING_TOTAL","under","","points-all-1i-ou-under","fanduel","1.5","true","-420","2026-09-26T13:25:34.000Z","0.5","0.5","","","https://sportsbook.fanduel.com/addToBetslip?marketId=717.188572120&selectionId=7017906"
"SPORTSGAMEODDS","hV7p9tgUHAmItUoFYf5f","2026-09-26T23:15:00.000Z","Tampa Bay Rays @ Philadelphia Phillies","Tampa Bay Rays","Philadelphia Phillies","1","full","FULL_INNING_TOTAL","under","","points-all-1i-ou-under","hardrockbet","0.5","false","-150","2026-09-26T13:25:54.344Z","0.5","0.5","-124","-143",""
"SPORTSGAMEODDS","hV7p9tgUHAmItUoFYf5f","2026-09-26T23:15:00.000Z","Tampa Bay Rays @ Philadelphia Phillies","Tampa Bay Rays","Philadelphia Phillies","1","full","FULL_INNING_TOTAL","under","","points-all-1i-ou-under","hardrockbet","1.5","true","-475","2026-09-26T13:25:54.344Z","0.5","0.5","","",""
"SPORTSGAMEODDS","hV7p9tgUHAmItUoFYf5f","2026-09-26T23:15:00.000Z","Tampa Bay Rays @ Philadelphia Phillies","Tampa Bay Rays","Philadelphia Phillies","1","full","FULL_INNING_TOTAL","under","","points-all-1i-ou-under","betmgm","0.5","false","-150","2026-09-26T13:25:06.308Z","0.5","0.5","-124","-143","https://sports.nj.betmgm.com/en/sports?options=19944862-1561564175-2305063866"
"SPORTSGAMEODDS","hV7p9tgUHAmItUoFYf5f","2026-09-26T23:15:00.000Z","Tampa Bay Rays @ Philadelphia Phillies","Tampa Bay Rays","Philadelphia Phillies","1","full","FULL_INNING_TOTAL","under","","points-all-1i-ou-under","betparx","1.5","false","-400","2026-09-26T13:25:39.344Z","0.5","0.5","","",""
"SPORTSGAMEODDS","hV7p9tgUHAmItUoFYf5f","2026-09-26T23:15:00.000Z","Tampa Bay Rays @ Philadelphia Phillies","Tampa Bay Rays","Philadelphia Phillies","1","full","FULL_INNING_TOTAL","under","","points-all-1i-ou-under","betrivers","1.5","false","-400","2026-09-26T13:25:33.808Z","0.5","0.5","","","https://nj.betrivers.com/?page=sportsbook#event/1024788227?coupon=single|4351902614|0"
"SPORTSGAMEODDS","hV7p9tgUHAmItUoFYf5f","2026-09-26T23:15:00.000Z","Tampa Bay Rays @ Philadelphia Phillies","Tampa Bay Rays","Philadelphia Phillies","1","full","FULL_INNING_TOTAL","under","","points-all-1i-ou-under","ballybet","1.5","false","-400","2026-09-26T13:25:37.344Z","0.5","0.5","","",""
"SPORTSGAMEODDS","hV7p9tgUHAmItUoFYf5f","2026-09-26T23:15:00.000Z","Tampa Bay Rays @ Philadelphia Phillies","Tampa Bay Rays","Philadelphia Phillies","1","full","FULL_INNING_3WAY","draw","","points-all-1i-ml3way-draw","draftkings","","false","-170","2026-09-26T13:25:36.276Z","","","","",""
"SPORTSGAMEODDS","hV7p9tgUHAmItUoFYf5f","2026-09-26T23:15:00.000Z","Tampa Bay Rays @ Philadelphia Phillies","Tampa Bay Rays","Philadelphia Phillies","1","full","FULL_INNING_3WAY","draw","","points-all-1i-ml3way-draw","unknown","","false","-170","2026-09-26T13:25:41.344Z","","","","",""
"SPORTSGAMEODDS","hV7p9tgUHAmItUoFYf5f","2026-09-26T23:15:00.000Z","Tampa Bay Rays @ Philadelphia Phillies","Tampa Bay Rays","Philadelphia Phillies","1","full","FULL_INNING_3WAY","draw","","points-all-1i-ml3way-draw","bovada","","false","-164","2026-09-26T13:25:19.308Z","","","","",""
"SPORTSGAMEODDS","hV7p9tgUHAmItUoFYf5f","2026-09-26T23:15:00.000Z","Tampa Bay Rays @ Philadelphia Phillies","Tampa Bay Rays","Philadelphia Phillies","1","full","FULL_INNING_3WAY","draw","","points-all-1i-ml3way-draw","fanduel","","false","-165","2026-09-26T13:25:34.000Z","","","","","https://sportsbook.fanduel.com/addToBetslip?marketId=717.188572075&selectionId=131604"
"SPORTSGAMEODDS","hV7p9tgUHAmItUoFYf5f","2026-09-26T23:15:00.000Z","Tampa Bay Rays @ Philadelphia Phillies","Tampa Bay Rays","Philadelphia Phillies","1","full","FULL_INNING_3WAY","draw","","points-all-1i-ml3way-draw","betmgm","","false","-160","2026-09-26T13:25:06.308Z","","","","","https://sports.nj.betmgm.com/en/sports?options=19944862-1561564199-2305063927"
"SPORTSGAMEODDS","hV7p9tgUHAmItUoFYf5f","2026-09-26T23:15:00.000Z","Tampa Bay Rays @ Philadelphia Phillies","Tampa Bay Rays","Philadelphia Phillies","1","full","FULL_INNING_3WAY","draw","","points-all-1i-ml3way-draw","betparx","","false","-180","2026-09-26T13:25:39.344Z","","","","",""
"SPORTSGAMEODDS","hV7p9tgUHAmItUoFYf5f","2026-09-26T23:15:00.000Z","Tampa Bay Rays @ Philadelphia Phillies","Tampa Bay Rays","Philadelphia Phillies","1","full","FULL_INNING_3WAY","draw","","points-all-1i-ml3way-draw","betrivers","","false","-180","2026-09-26T13:25:33.808Z","","","","","https://nj.betrivers.com/?page=sportsbook#event/1024788227?coupon=single|4351876566|0"
"SPORTSGAMEODDS","hV7p9tgUHAmItUoFYf5f","2026-09-26T23:15:00.000Z","Tampa Bay Rays @ Philadelphia Phillies","Tampa Bay Rays","Philadelphia Phillies","1","full","FULL_INNING_3WAY","draw","","points-all-1i-ml3way-draw","ballybet","","false","-180","2026-09-26T13:25:37.344Z","","","","",""
"SPORTSGAMEODDS","hV7p9tgUHAmItUoFYf5f","2026-09-26T23:15:00.000Z","Tampa Bay Rays @ Philadelphia Phillies","Tampa Bay Rays","Philadelphia Phillies","1","full","FULL_INNING_3WAY","away","","points-away-1i-ml3way-away","draftkings","","false","320","2026-09-26T13:25:36.276Z","","","","",""
"SPORTSGAMEODDS","hV7p9tgUHAmItUoFYf5f","2026-09-26T23:15:00.000Z","Tampa Bay Rays @ Philadelphia Phillies","Tampa Bay Rays","Philadelphia Phillies","1","full","FULL_INNING_3WAY","away","","points-away-1i-ml3way-away","unknown","","false","320","2026-09-26T13:25:41.344Z","","","","",""
"SPORTSGAMEODDS","hV7p9tgUHAmItUoFYf5f","2026-09-26T23:15:00.000Z","Tampa Bay Rays @ Philadelphia Phillies","Tampa Bay Rays","Philadelphia Phillies","1","full","FULL_INNING_3WAY","away","","points-away-1i-ml3way-away","bovada","","false","310","2026-09-26T13:25:19.308Z","","","","",""
"SPORTSGAMEODDS","hV7p9tgUHAmItUoFYf5f","2026-09-26T23:15:00.000Z","Tampa Bay Rays @ Philadelphia Phillies","Tampa Bay Rays","Philadelphia Phillies","1","full","FULL_INNING_3WAY","away","","points-away-1i-ml3way-away","fanduel","","false","310","2026-09-26T13:25:34.000Z","","","","","https://sportsbook.fanduel.com/addToBetslip?marketId=717.188572075&selectionId=29162"
"SPORTSGAMEODDS","hV7p9tgUHAmItUoFYf5f","2026-09-26T23:15:00.000Z","Tampa Bay Rays @ Philadelphia Phillies","Tampa Bay Rays","Philadelphia Phillies","1","full","FULL_INNING_3WAY","away","","points-away-1i-ml3way-away","betmgm","","false","320","2026-09-26T13:25:06.308Z","","","","","https://sports.nj.betmgm.com/en/sports?options=19944862-1561564199-2305063926"
"SPORTSGAMEODDS","hV7p9tgUHAmItUoFYf5f","2026-09-26T23:15:00.000Z","Tampa Bay Rays @ Philadelphia Phillies","Tampa Bay Rays","Philadelphia Phillies","1","full","FULL_INNING_3WAY","away","","points-away-1i-ml3way-away","betparx","","false","340","2026-09-26T13:25:39.344Z","","","","",""
"SPORTSGAMEODDS","hV7p9tgUHAmItUoFYf5f","2026-09-26T23:15:00.000Z","Tampa Bay Rays @ Philadelphia Phillies","Tampa Bay Rays","Philadelphia Phillies","1","full","FULL_INNING_3WAY","away","","points-away-1i-ml3way-away","betrivers","","false","340","2026-09-26T13:25:33.808Z","","","","","https://nj.betrivers.com/?page=sportsbook#event/1024788227?coupon=single|4351876567|0"
"SPORTSGAMEODDS","hV7p9tgUHAmItUoFYf5f","2026-09-26T23:15:00.000Z","Tampa Bay Rays @ Philadelphia Phillies","Tampa Bay Rays","Philadelphia Phillies","1","full","FULL_INNING_3WAY","away","","points-away-1i-ml3way-away","ballybet","","false","340","2026-09-26T13:25:37.344Z","","","","",""
"SPORTSGAMEODDS","hV7p9tgUHAmItUoFYf5f","2026-09-26T23:15:00.000Z","Tampa Bay Rays @ Philadelphia Phillies","Tampa Bay Rays","Philadelphia Phillies","1","full","FULL_INNING_3WAY","home","","points-home-1i-ml3way-home","draftkings","","false","350","2026-09-26T13:25:36.276Z","","","","",""
"SPORTSGAMEODDS","hV7p9tgUHAmItUoFYf5f","2026-09-26T23:15:00.000Z","Tampa Bay Rays @ Philadelphia Phillies","Tampa Bay Rays","Philadelphia Phillies","1","full","FULL_INNING_3WAY","home","","points-home-1i-ml3way-home","unknown","","false","350","2026-09-26T13:25:41.344Z","","","","",""
"SPORTSGAMEODDS","hV7p9tgUHAmItUoFYf5f","2026-09-26T23:15:00.000Z","Tampa Bay Rays @ Philadelphia Phillies","Tampa Bay Rays","Philadelphia Phillies","1","full","FULL_INNING_3WAY","home","","points-home-1i-ml3way-home","bovada","","false","360","2026-09-26T13:25:19.308Z","","","","",""
"SPORTSGAMEODDS","hV7p9tgUHAmItUoFYf5f","2026-09-26T23:15:00.000Z","Tampa Bay Rays @ Philadelphia Phillies","Tampa Bay Rays","Philadelphia Phillies","1","full","FULL_INNING_3WAY","home","","points-home-1i-ml3way-home","fanduel","","false","360","2026-09-26T13:25:34.000Z","","","","","https://sportsbook.fanduel.com/addToBetslip?marketId=717.188572075&selectionId=29175"
"SPORTSGAMEODDS","hV7p9tgUHAmItUoFYf5f","2026-09-26T23:15:00.000Z","Tampa Bay Rays @ Philadelphia Phillies","Tampa Bay Rays","Philadelphia Phillies","1","full","FULL_INNING_3WAY","home","","points-home-1i-ml3way-home","betmgm","","false","350","2026-09-26T13:25:06.308Z","","","","","https://sports.nj.betmgm.com/en/sports?options=19944862-1561564199-2305063928"
"SPORTSGAMEODDS","hV7p9tgUHAmItUoFYf5f","2026-09-26T23:15:00.000Z","Tampa Bay Rays @ Philadelphia Phillies","Tampa Bay Rays","Philadelphia Phillies","1","full","FULL_INNING_3WAY","home","","points-home-1i-ml3way-home","betparx","","false","330","2026-09-26T13:25:39.344Z","","","","",""
"SPORTSGAMEODDS","hV7p9tgUHAmItUoFYf5f","2026-09-26T23:15:00.000Z","Tampa Bay Rays @ Philadelphia Phillies","Tampa Bay Rays","Philadelphia Phillies","1","full","FULL_INNING_3WAY","home","","points-home-1i-ml3way-home","betrivers","","false","330","2026-09-26T13:25:33.808Z","","","","","https://nj.betrivers.com/?page=sportsbook#event/1024788227?coupon=single|4351876565|0"
"SPORTSGAMEODDS","hV7p9tgUHAmItUoFYf5f","2026-09-26T23:15:00.000Z","Tampa Bay Rays @ Philadelphia Phillies","Tampa Bay Rays","Philadelphia Phillies","1","full","FULL_INNING_3WAY","home","","points-home-1i-ml3way-home","ballybet","","false","330","2026-09-26T13:25:37.344Z","","","","",""
"SPORTSGAMEODDS","hV7p9tgUHAmItUoFYf5f","2026-09-26T23:15:00.000Z","Tampa Bay Rays @ Philadelphia Phillies","Tampa Bay Rays","Philadelphia Phillies","2","full","FULL_INNING_3WAY","draw","","points-all-2i-ml3way-draw","fanduel","","false","-185","2026-09-26T13:25:34.000Z","","","","","https://sportsbook.fanduel.com/addToBetslip?marketId=717.188572177&selectionId=131604"
"SPORTSGAMEODDS","hV7p9tgUHAmItUoFYf5f","2026-09-26T23:15:00.000Z","Tampa Bay Rays @ Philadelphia Phillies","Tampa Bay Rays","Philadelphia Phillies","2","full","FULL_INNING_3WAY","draw","","points-all-2i-ml3way-draw","draftkings","","false","-205","2026-09-26T13:25:36.276Z","","","","",""
"SPORTSGAMEODDS","hV7p9tgUHAmItUoFYf5f","2026-09-26T23:15:00.000Z","Tampa Bay Rays @ Philadelphia Phillies","Tampa Bay Rays","Philadelphia Phillies","2","full","FULL_INNING_TOTAL","over","","points-all-2i-ou-over","fanduel","0.5","false","136","2026-09-26T13:25:34.000Z","0.5","0.5","151","135","https://sportsbook.fanduel.com/addToBetslip?marketId=717.188572213&selectionId=7017905"
"SPORTSGAMEODDS","hV7p9tgUHAmItUoFYf5f","2026-09-26T23:15:00.000Z","Tampa Bay Rays @ Philadelphia Phillies","Tampa Bay Rays","Philadelphia Phillies","2","full","FULL_INNING_TOTAL","over","","points-all-2i-ou-over","fanduel","1.5","true","370","2026-09-26T13:25:34.000Z","0.5","0.5","","","https://sportsbook.fanduel.com/addToBetslip?marketId=717.188572213&selectionId=7017905"
"SPORTSGAMEODDS","hV7p9tgUHAmItUoFYf5f","2026-09-26T23:15:00.000Z","Tampa Bay Rays @ Philadelphia Phillies","Tampa Bay Rays","Philadelphia Phillies","2","full","FULL_INNING_TOTAL","over","","points-all-2i-ou-over","draftkings","0.5","false","135","2026-09-26T13:25:36.276Z","0.5","0.5","151","135",""
"SPORTSGAMEODDS","hV7p9tgUHAmItUoFYf5f","2026-09-26T23:15:00.000Z","Tampa Bay Rays @ Philadelphia Phillies","Tampa Bay Rays","Philadelphia Phillies","2","full","FULL_INNING_TOTAL","over","","points-all-2i-ou-over","draftkings","1.5","true","350","2026-09-26T13:25:36.276Z","0.5","0.5","","",""
"SPORTSGAMEODDS","hV7p9tgUHAmItUoFYf5f","2026-09-26T23:15:00.000Z","Tampa Bay Rays @ Philadelphia Phillies","Tampa Bay Rays","Philadelphia Phillies","2","full","FULL_INNING_TOTAL","over","","points-all-2i-ou-over","fliff","0.5","false","120","2026-09-26T13:23:52.193Z","0.5","0.5","151","135",""
"SPORTSGAMEODDS","hV7p9tgUHAmItUoFYf5f","2026-09-26T23:15:00.000Z","Tampa Bay Rays @ Philadelphia Phillies","Tampa Bay Rays","Philadelphia Phillies","2","full","FULL_INNING_TOTAL","under","","points-all-2i-ou-under","fanduel","0.5","false","-164","2026-09-26T13:25:34.000Z","0.5","0.5","-151","-180","https://sportsbook.fanduel.com/addToBetslip?marketId=717.188572213&selectionId=7017906"
"SPORTSGAMEODDS","hV7p9tgUHAmItUoFYf5f","2026-09-26T23:15:00.000Z","Tampa Bay Rays @ Philadelphia Phillies","Tampa Bay Rays","Philadelphia Phillies","2","full","FULL_INNING_TOTAL","under","","points-all-2i-ou-under","fanduel","1.5","true","-520","2026-09-26T13:25:34.000Z","0.5","0.5","","","https://sportsbook.fanduel.com/addToBetslip?marketId=717.188572213&selectionId=7017906"
"SPORTSGAMEODDS","hV7p9tgUHAmItUoFYf5f","2026-09-26T23:15:00.000Z","Tampa Bay Rays @ Philadelphia Phillies","Tampa Bay Rays","Philadelphia Phillies","2","full","FULL_INNING_TOTAL","under","","points-all-2i-ou-under","draftkings","0.5","false","-180","2026-09-26T13:25:36.276Z","0.5","0.5","-151","-180",""
"SPORTSGAMEODDS","hV7p9tgUHAmItUoFYf5f","2026-09-26T23:15:00.000Z","Tampa Bay Rays @ Philadelphia Phillies","Tampa Bay Rays","Philadelphia Phillies","2","full","FULL_INNING_TOTAL","under","","points-all-2i-ou-under","draftkings","1.5","true","-525","2026-09-26T13:25:36.276Z","0.5","0.5","","",""
"SPORTSGAMEODDS","hV7p9tgUHAmItUoFYf5f","2026-09-26T23:15:00.000Z","Tampa Bay Rays @ Philadelphia Phillies","Tampa Bay Rays","Philadelphia Phillies","2","full","FULL_INNING_TOTAL","under","","points-all-2i-ou-under","fliff","0.5","false","-195","2026-09-26T13:23:52.193Z","0.5","0.5","-151","-180",""
"SPORTSGAMEODDS","hV7p9tgUHAmItUoFYf5f","2026-09-26T23:15:00.000Z","Tampa Bay Rays @ Philadelphia Phillies","Tampa Bay Rays","Philadelphia Phillies","3","full","FULL_INNING_3WAY","draw","","points-all-3i-ml3way-draw","fanduel","","false","-170","2026-09-26T13:25:34.000Z","","","","","https://sportsbook.fanduel.com/addToBetslip?marketId=717.188572113&selectionId=131604"
"SPORTSGAMEODDS","hV7p9tgUHAmItUoFYf5f","2026-09-26T23:15:00.000Z","Tampa Bay Rays @ Philadelphia Phillies","Tampa Bay Rays","Philadelphia Phillies","3","full","FULL_INNING_3WAY","draw","","points-all-3i-ml3way-draw","draftkings","","false","-185","2026-09-26T13:25:36.276Z","","","","",""
"SPORTSGAMEODDS","hV7p9tgUHAmItUoFYf5f","2026-09-26T23:15:00.000Z","Tampa Bay Rays @ Philadelphia Phillies","Tampa Bay Rays","Philadelphia Phillies","3","full","FULL_INNING_TOTAL","over","","points-all-3i-ou-over","fanduel","0.5","false","120","2026-09-26T13:25:34.000Z","0.5","0.5","137","120","https://sportsbook.fanduel.com/addToBetslip?marketId=717.188572245&selectionId=7017905"
"SPORTSGAMEODDS","hV7p9tgUHAmItUoFYf5f","2026-09-26T23:15:00.000Z","Tampa Bay Rays @ Philadelphia Phillies","Tampa Bay Rays","Philadelphia Phillies","3","full","FULL_INNING_TOTAL","over","","points-all-3i-ou-over","fanduel","1.5","true","310","2026-09-26T13:25:34.000Z","0.5","0.5","","","https://sportsbook.fanduel.com/addToBetslip?marketId=717.188572245&selectionId=7017905"
"SPORTSGAMEODDS","hV7p9tgUHAmItUoFYf5f","2026-09-26T23:15:00.000Z","Tampa Bay Rays @ Philadelphia Phillies","Tampa Bay Rays","Philadelphia Phillies","3","full","FULL_INNING_TOTAL","over","","points-all-3i-ou-over","draftkings","0.5","false","120","2026-09-26T13:25:36.276Z","0.5","0.5","137","120",""
"SPORTSGAMEODDS","hV7p9tgUHAmItUoFYf5f","2026-09-26T23:15:00.000Z","Tampa Bay Rays @ Philadelphia Phillies","Tampa Bay Rays","Philadelphia Phillies","3","full","FULL_INNING_TOTAL","over","","points-all-3i-ou-over","draftkings","1.5","true","320","2026-09-26T13:25:36.276Z","0.5","0.5","","",""
"SPORTSGAMEODDS","hV7p9tgUHAmItUoFYf5f","2026-09-26T23:15:00.000Z","Tampa Bay Rays @ Philadelphia Phillies","Tampa Bay Rays","Philadelphia Phillies","3","full","FULL_INNING_TOTAL","over","","points-all-3i-ou-over","fliff","0.5","false","105","2026-09-26T13:23:52.193Z","0.5","0.5","137","120",""
"SPORTSGAMEODDS","hV7p9tgUHAmItUoFYf5f","2026-09-26T23:15:00.000Z","Tampa Bay Rays @ Philadelphia Phillies","Tampa Bay Rays","Philadelphia Phillies","3","full","FULL_INNING_TOTAL","under","","points-all-3i-ou-under","fanduel","0.5","false","-148","2026-09-26T13:25:34.000Z","0.5","0.5","-137","-165","https://sportsbook.fanduel.com/addToBetslip?marketId=717.188572245&selectionId=7017906"
"SPORTSGAMEODDS","hV7p9tgUHAmItUoFYf5f","2026-09-26T23:15:00.000Z","Tampa Bay Rays @ Philadelphia Phillies","Tampa Bay Rays","Philadelphia Phillies","3","full","FULL_INNING_TOTAL","under","","points-all-3i-ou-under","fanduel","1.5","true","-420","2026-09-26T13:25:34.000Z","0.5","0.5","","","https://sportsbook.fanduel.com/addToBetslip?marketId=717.188572245&selectionId=7017906"
"SPORTSGAMEODDS","hV7p9tgUHAmItUoFYf5f","2026-09-26T23:15:00.000Z","Tampa Bay Rays @ Philadelphia Phillies","Tampa Bay Rays","Philadelphia Phillies","3","full","FULL_INNING_TOTAL","under","","points-all-3i-ou-under","draftkings","0.5","false","-165","2026-09-26T13:25:36.276Z","0.5","0.5","-137","-165",""
"SPORTSGAMEODDS","hV7p9tgUHAmItUoFYf5f","2026-09-26T23:15:00.000Z","Tampa Bay Rays @ Philadelphia Phillies","Tampa Bay Rays","Philadelphia Phillies","3","full","FULL_INNING_TOTAL","under","","points-all-3i-ou-under","draftkings","1.5","true","-475","2026-09-26T13:25:36.276Z","0.5","0.5","","",""
"SPORTSGAMEODDS","hV7p9tgUHAmItUoFYf5f","2026-09-26T23:15:00.000Z","Tampa Bay Rays @ Philadelphia Phillies","Tampa Bay Rays","Philadelphia Phillies","3","full","FULL_INNING_TOTAL","under","","points-all-3i-ou-under","fliff","0.5","false","-170","2026-09-26T13:23:52.193Z","0.5","0.5","-137","-165",""
"SPORTSGAMEODDS","hV7p9tgUHAmItUoFYf5f","2026-09-26T23:15:00.000Z","Tampa Bay Rays @ Philadelphia Phillies","Tampa Bay Rays","Philadelphia Phillies","4","full","FULL_INNING_3WAY","draw","","points-all-4i-ml3way-draw","fanduel","","false","-175","2026-09-26T13:25:34.000Z","","","","","https://sportsbook.fanduel.com/addToBetslip?marketId=717.188572168&selectionId=131604"
"SPORTSGAMEODDS","hV7p9tgUHAmItUoFYf5f","2026-09-26T23:15:00.000Z","Tampa Bay Rays @ Philadelphia Phillies","Tampa Bay Rays","Philadelphia Phillies","4","full","FULL_INNING_3WAY","draw","","points-all-4i-ml3way-draw","draftkings","","false","-185","2026-09-26T13:25:36.276Z","","","","",""
"SPORTSGAMEODDS","hV7p9tgUHAmItUoFYf5f","2026-09-26T23:15:00.000Z","Tampa Bay Rays @ Philadelphia Phillies","Tampa Bay Rays","Philadelphia Phillies","4","full","FULL_INNING_TOTAL","over","","points-all-4i-ou-over","fanduel","0.5","false","118","2026-09-26T13:25:34.000Z","0.5","0.5","134","118","https://sportsbook.fanduel.com/addToBetslip?marketId=717.188572107&selectionId=7017905"
"SPORTSGAMEODDS","hV7p9tgUHAmItUoFYf5f","2026-09-26T23:15:00.000Z","Tampa Bay Rays @ Philadelphia Phillies","Tampa Bay Rays","Philadelphia Phillies","4","full","FULL_INNING_TOTAL","over","","points-all-4i-ou-over","fanduel","1.5","true","310","2026-09-26T13:25:34.000Z","0.5","0.5","","","https://sportsbook.fanduel.com/addToBetslip?marketId=717.188572107&selectionId=7017905"
"SPORTSGAMEODDS","hV7p9tgUHAmItUoFYf5f","2026-09-26T23:15:00.000Z","Tampa Bay Rays @ Philadelphia Phillies","Tampa Bay Rays","Philadelphia Phillies","4","full","FULL_INNING_TOTAL","over","","points-all-4i-ou-over","draftkings","0.5","false","120","2026-09-26T13:25:36.276Z","0.5","0.5","134","118",""
"SPORTSGAMEODDS","hV7p9tgUHAmItUoFYf5f","2026-09-26T23:15:00.000Z","Tampa Bay Rays @ Philadelphia Phillies","Tampa Bay Rays","Philadelphia Phillies","4","full","FULL_INNING_TOTAL","over","","points-all-4i-ou-over","draftkings","1.5","true","310","2026-09-26T13:25:36.276Z","0.5","0.5","","",""
"SPORTSGAMEODDS","hV7p9tgUHAmItUoFYf5f","2026-09-26T23:15:00.000Z","Tampa Bay Rays @ Philadelphia Phillies","Tampa Bay Rays","Philadelphia Phillies","4","full","FULL_INNING_TOTAL","over","","points-all-4i-ou-over","fliff","0.5","false","105","2026-09-26T13:23:52.193Z","0.5","0.5","134","118",""
"SPORTSGAMEODDS","hV7p9tgUHAmItUoFYf5f","2026-09-26T23:15:00.000Z","Tampa Bay Rays @ Philadelphia Phillies","Tampa Bay Rays","Philadelphia Phillies","4","full","FULL_INNING_TOTAL","under","","points-all-4i-ou-under","fanduel","0.5","false","-144","2026-09-26T13:25:34.000Z","0.5","0.5","-134","-160","https://sportsbook.fanduel.com/addToBetslip?marketId=717.188572107&selectionId=7017906"
"SPORTSGAMEODDS","hV7p9tgUHAmItUoFYf5f","2026-09-26T23:15:00.000Z","Tampa Bay Rays @ Philadelphia Phillies","Tampa Bay Rays","Philadelphia Phillies","4","full","FULL_INNING_TOTAL","under","","points-all-4i-ou-under","fanduel","1.5","true","-420","2026-09-26T13:25:34.000Z","0.5","0.5","","","https://sportsbook.fanduel.com/addToBetslip?marketId=717.188572107&selectionId=7017906"
"SPORTSGAMEODDS","hV7p9tgUHAmItUoFYf5f","2026-09-26T23:15:00.000Z","Tampa Bay Rays @ Philadelphia Phillies","Tampa Bay Rays","Philadelphia Phillies","4","full","FULL_INNING_TOTAL","under","","points-all-4i-ou-under","draftkings","0.5","false","-160","2026-09-26T13:25:36.276Z","0.5","0.5","-134","-160",""
"SPORTSGAMEODDS","hV7p9tgUHAmItUoFYf5f","2026-09-26T23:15:00.000Z","Tampa Bay Rays @ Philadelphia Phillies","Tampa Bay Rays","Philadelphia Phillies","4","full","FULL_INNING_TOTAL","under","","points-all-4i-ou-under","draftkings","1.5","true","-450","2026-09-26T13:25:36.276Z","0.5","0.5","","",""
"SPORTSGAMEODDS","hV7p9tgUHAmItUoFYf5f","2026-09-26T23:15:00.000Z","Tampa Bay Rays @ Philadelphia Phillies","Tampa Bay Rays","Philadelphia Phillies","4","full","FULL_INNING_TOTAL","under","","points-all-4i-ou-under","fliff","0.5","false","-170","2026-09-26T13:23:52.193Z","0.5","0.5","-134","-160",""
"SPORTSGAMEODDS","hV7p9tgUHAmItUoFYf5f","2026-09-26T23:15:00.000Z","Tampa Bay Rays @ Philadelphia Phillies","Tampa Bay Rays","Philadelphia Phillies","5","full","FULL_INNING_3WAY","draw","","points-all-5i-ml3way-draw","fanduel","","false","-170","2026-09-26T13:25:34.000Z","","","","","https://sportsbook.fanduel.com/addToBetslip?marketId=717.188572149&selectionId=131604"
"SPORTSGAMEODDS","hV7p9tgUHAmItUoFYf5f","2026-09-26T23:15:00.000Z","Tampa Bay Rays @ Philadelphia Phillies","Tampa Bay Rays","Philadelphia Phillies","5","full","FULL_INNING_3WAY","draw","","points-all-5i-ml3way-draw","draftkings","","false","-170","2026-09-26T13:25:36.276Z","","","","",""
"SPORTSGAMEODDS","hV7p9tgUHAmItUoFYf5f","2026-09-26T23:15:00.000Z","Tampa Bay Rays @ Philadelphia Phillies","Tampa Bay Rays","Philadelphia Phillies","5","full","FULL_INNING_TOTAL","over","","points-all-5i-ou-over","fanduel","0.5","false","122","2026-09-26T13:25:34.000Z","0.5","0.5","126","110","https://sportsbook.fanduel.com/addToBetslip?marketId=717.188572170&selectionId=7017905"
"SPORTSGAMEODDS","hV7p9tgUHAmItUoFYf5f","2026-09-26T23:15:00.000Z","Tampa Bay Rays @ Philadelphia Phillies","Tampa Bay Rays","Philadelphia Phillies","5","full","FULL_INNING_TOTAL","over","","points-all-5i-ou-over","fanduel","1.5","true","320","2026-09-26T13:25:34.000Z","0.5","0.5","","","https://sportsbook.fanduel.com/addToBetslip?marketId=717.188572170&selectionId=7017905"
"SPORTSGAMEODDS","hV7p9tgUHAmItUoFYf5f","2026-09-26T23:15:00.000Z","Tampa Bay Rays @ Philadelphia Phillies","Tampa Bay Rays","Philadelphia Phillies","5","full","FULL_INNING_TOTAL","over","","points-all-5i-ou-over","draftkings","0.5","false","110","2026-09-26T13:25:36.276Z","0.5","0.5","126","110",""
"SPORTSGAMEODDS","hV7p9tgUHAmItUoFYf5f","2026-09-26T23:15:00.000Z","Tampa Bay Rays @ Philadelphia Phillies","Tampa Bay Rays","Philadelphia Phillies","5","full","FULL_INNING_TOTAL","over","","points-all-5i-ou-over","draftkings","1.5","true","275","2026-09-26T13:25:36.276Z","0.5","0.5","","",""
"SPORTSGAMEODDS","hV7p9tgUHAmItUoFYf5f","2026-09-26T23:15:00.000Z","Tampa Bay Rays @ Philadelphia Phillies","Tampa Bay Rays","Philadelphia Phillies","5","full","FULL_INNING_TOTAL","over","","points-all-5i-ou-over","fliff","0.5","false","105","2026-09-26T13:23:52.193Z","0.5","0.5","126","110",""
"SPORTSGAMEODDS","hV7p9tgUHAmItUoFYf5f","2026-09-26T23:15:00.000Z","Tampa Bay Rays @ Philadelphia Phillies","Tampa Bay Rays","Philadelphia Phillies","5","full","FULL_INNING_TOTAL","under","","points-all-5i-ou-under","fanduel","0.5","false","-150","2026-09-26T13:25:34.000Z","0.5","0.5","-126","-150","https://sportsbook.fanduel.com/addToBetslip?marketId=717.188572170&selectionId=7017906"
"SPORTSGAMEODDS","hV7p9tgUHAmItUoFYf5f","2026-09-26T23:15:00.000Z","Tampa Bay Rays @ Philadelphia Phillies","Tampa Bay Rays","Philadelphia Phillies","5","full","FULL_INNING_TOTAL","under","","points-all-5i-ou-under","fanduel","1.5","true","-430","2026-09-26T13:25:34.000Z","0.5","0.5","","","https://sportsbook.fanduel.com/addToBetslip?marketId=717.188572170&selectionId=7017906"
"SPORTSGAMEODDS","hV7p9tgUHAmItUoFYf5f","2026-09-26T23:15:00.000Z","Tampa Bay Rays @ Philadelphia Phillies","Tampa Bay Rays","Philadelphia Phillies","5","full","FULL_INNING_TOTAL","under","","points-all-5i-ou-under","draftkings","0.5","false","-150","2026-09-26T13:25:36.276Z","0.5","0.5","-126","-150",""
"SPORTSGAMEODDS","hV7p9tgUHAmItUoFYf5f","2026-09-26T23:15:00.000Z","Tampa Bay Rays @ Philadelphia Phillies","Tampa Bay Rays","Philadelphia Phillies","5","full","FULL_INNING_TOTAL","under","","points-all-5i-ou-under","draftkings","1.5","true","-390","2026-09-26T13:25:36.276Z","0.5","0.5","","",""
"SPORTSGAMEODDS","hV7p9tgUHAmItUoFYf5f","2026-09-26T23:15:00.000Z","Tampa Bay Rays @ Philadelphia Phillies","Tampa Bay Rays","Philadelphia Phillies","5","full","FULL_INNING_TOTAL","under","","points-all-5i-ou-under","fliff","0.5","false","-170","2026-09-26T13:23:52.193Z","0.5","0.5","-126","-150",""
"SPORTSGAMEODDS","hV7p9tgUHAmItUoFYf5f","2026-09-26T23:15:00.000Z","Tampa Bay Rays @ Philadelphia Phillies","Tampa Bay Rays","Philadelphia Phillies","6","full","FULL_INNING_3WAY","draw","","points-all-6i-ml3way-draw","fanduel","","false","-190","2026-09-26T13:25:34.000Z","","","","","https://sportsbook.fanduel.com/addToBetslip?marketId=717.188572212&selectionId=131604"
"SPORTSGAMEODDS","hV7p9tgUHAmItUoFYf5f","2026-09-26T23:15:00.000Z","Tampa Bay Rays @ Philadelphia Phillies","Tampa Bay Rays","Philadelphia Phillies","6","full","FULL_INNING_3WAY","draw","","points-all-6i-ml3way-draw","draftkings","","false","-200","2026-09-26T13:25:36.276Z","","","","",""
"SPORTSGAMEODDS","hV7p9tgUHAmItUoFYf5f","2026-09-26T23:15:00.000Z","Tampa Bay Rays @ Philadelphia Phillies","Tampa Bay Rays","Philadelphia Phillies","6","full","FULL_INNING_TOTAL","over","","points-all-6i-ou-over","fanduel","0.5","false","128","2026-09-26T13:25:34.000Z","0.5","0.5","145","128","https://sportsbook.fanduel.com/addToBetslip?marketId=717.188572152&selectionId=7017905"
"SPORTSGAMEODDS","hV7p9tgUHAmItUoFYf5f","2026-09-26T23:15:00.000Z","Tampa Bay Rays @ Philadelphia Phillies","Tampa Bay Rays","Philadelphia Phillies","6","full","FULL_INNING_TOTAL","over","","points-all-6i-ou-over","fanduel","1.5","true","360","2026-09-26T13:25:34.000Z","0.5","0.5","","","https://sportsbook.fanduel.com/addToBetslip?marketId=717.188572152&selectionId=7017905"
"SPORTSGAMEODDS","hV7p9tgUHAmItUoFYf5f","2026-09-26T23:15:00.000Z","Tampa Bay Rays @ Philadelphia Phillies","Tampa Bay Rays","Philadelphia Phillies","6","full","FULL_INNING_TOTAL","over","","points-all-6i-ou-over","draftkings","0.5","false","130","2026-09-26T13:25:36.276Z","0.5","0.5","145","128",""
"SPORTSGAMEODDS","hV7p9tgUHAmItUoFYf5f","2026-09-26T23:15:00.000Z","Tampa Bay Rays @ Philadelphia Phillies","Tampa Bay Rays","Philadelphia Phillies","6","full","FULL_INNING_TOTAL","over","","points-all-6i-ou-over","draftkings","1.5","true","330","2026-09-26T13:25:36.276Z","0.5","0.5","","",""
"SPORTSGAMEODDS","hV7p9tgUHAmItUoFYf5f","2026-09-26T23:15:00.000Z","Tampa Bay Rays @ Philadelphia Phillies","Tampa Bay Rays","Philadelphia Phillies","6","full","FULL_INNING_TOTAL","over","","points-all-6i-ou-over","fliff","0.5","false","110","2026-09-26T13:23:52.193Z","0.5","0.5","145","128",""
"SPORTSGAMEODDS","hV7p9tgUHAmItUoFYf5f","2026-09-26T23:15:00.000Z","Tampa Bay Rays @ Philadelphia Phillies","Tampa Bay Rays","Philadelphia Phillies","6","full","FULL_INNING_TOTAL","under","","points-all-6i-ou-under","fanduel","0.5","false","-158","2026-09-26T13:25:34.000Z","0.5","0.5","-145","-175","https://sportsbook.fanduel.com/addToBetslip?marketId=717.188572152&selectionId=7017906"
"SPORTSGAMEODDS","hV7p9tgUHAmItUoFYf5f","2026-09-26T23:15:00.000Z","Tampa Bay Rays @ Philadelphia Phillies","Tampa Bay Rays","Philadelphia Phillies","6","full","FULL_INNING_TOTAL","under","","points-all-6i-ou-under","fanduel","1.5","true","-500","2026-09-26T13:25:34.000Z","0.5","0.5","","","https://sportsbook.fanduel.com/addToBetslip?marketId=717.188572152&selectionId=7017906"
"SPORTSGAMEODDS","hV7p9tgUHAmItUoFYf5f","2026-09-26T23:15:00.000Z","Tampa Bay Rays @ Philadelphia Phillies","Tampa Bay Rays","Philadelphia Phillies","6","full","FULL_INNING_TOTAL","under","","points-all-6i-ou-under","draftkings","0.5","false","-175","2026-09-26T13:25:36.276Z","0.5","0.5","-145","-175",""
"SPORTSGAMEODDS","hV7p9tgUHAmItUoFYf5f","2026-09-26T23:15:00.000Z","Tampa Bay Rays @ Philadelphia Phillies","Tampa Bay Rays","Philadelphia Phillies","6","full","FULL_INNING_TOTAL","under","","points-all-6i-ou-under","draftkings","1.5","true","-475","2026-09-26T13:25:36.276Z","0.5","0.5","","",""
"SPORTSGAMEODDS","hV7p9tgUHAmItUoFYf5f","2026-09-26T23:15:00.000Z","Tampa Bay Rays @ Philadelphia Phillies","Tampa Bay Rays","Philadelphia Phillies","6","full","FULL_INNING_TOTAL","under","","points-all-6i-ou-under","fliff","0.5","false","-180","2026-09-26T13:23:52.193Z","0.5","0.5","-145","-175",""
"SPORTSGAMEODDS","hV7p9tgUHAmItUoFYf5f","2026-09-26T23:15:00.000Z","Tampa Bay Rays @ Philadelphia Phillies","Tampa Bay Rays","Philadelphia Phillies","7","full","FULL_INNING_3WAY","draw","","points-all-7i-ml3way-draw","fanduel","","false","-200","2026-09-26T13:25:34.000Z","","","","","https://sportsbook.fanduel.com/addToBetslip?marketId=717.188572141&selectionId=131604"
"SPORTSGAMEODDS","hV7p9tgUHAmItUoFYf5f","2026-09-26T23:15:00.000Z","Tampa Bay Rays @ Philadelphia Phillies","Tampa Bay Rays","Philadelphia Phillies","7","full","FULL_INNING_3WAY","draw","","points-all-7i-ml3way-draw","draftkings","","false","-185","2026-09-26T13:25:36.276Z","","","","",""
"SPORTSGAMEODDS","hV7p9tgUHAmItUoFYf5f","2026-09-26T23:15:00.000Z","Tampa Bay Rays @ Philadelphia Phillies","Tampa Bay Rays","Philadelphia Phillies","7","full","FULL_INNING_TOTAL","over","","points-all-7i-ou-over","fanduel","0.5","false","142","2026-09-26T13:25:34.000Z","0.5","0.5","140","120","https://sportsbook.fanduel.com/addToBetslip?marketId=717.188572151&selectionId=7017905"
"SPORTSGAMEODDS","hV7p9tgUHAmItUoFYf5f","2026-09-26T23:15:00.000Z","Tampa Bay Rays @ Philadelphia Phillies","Tampa Bay Rays","Philadelphia Phillies","7","full","FULL_INNING_TOTAL","over","","points-all-7i-ou-over","fanduel","1.5","true","410","2026-09-26T13:25:34.000Z","0.5","0.5","","","https://sportsbook.fanduel.com/addToBetslip?marketId=717.188572151&selectionId=7017905"
"SPORTSGAMEODDS","hV7p9tgUHAmItUoFYf5f","2026-09-26T23:15:00.000Z","Tampa Bay Rays @ Philadelphia Phillies","Tampa Bay Rays","Philadelphia Phillies","7","full","FULL_INNING_TOTAL","over","","points-all-7i-ou-over","draftkings","0.5","false","120","2026-09-26T13:25:36.276Z","0.5","0.5","140","120",""
"SPORTSGAMEODDS","hV7p9tgUHAmItUoFYf5f","2026-09-26T23:15:00.000Z","Tampa Bay Rays @ Philadelphia Phillies","Tampa Bay Rays","Philadelphia Phillies","7","full","FULL_INNING_TOTAL","over","","points-all-7i-ou-over","draftkings","1.5","true","300","2026-09-26T13:25:36.276Z","0.5","0.5","","",""
"SPORTSGAMEODDS","hV7p9tgUHAmItUoFYf5f","2026-09-26T23:15:00.000Z","Tampa Bay Rays @ Philadelphia Phillies","Tampa Bay Rays","Philadelphia Phillies","7","full","FULL_INNING_TOTAL","over","","points-all-7i-ou-over","fliff","0.5","false","120","2026-09-26T13:23:52.193Z","0.5","0.5","140","120",""
"SPORTSGAMEODDS","hV7p9tgUHAmItUoFYf5f","2026-09-26T23:15:00.000Z","Tampa Bay Rays @ Philadelphia Phillies","Tampa Bay Rays","Philadelphia Phillies","7","full","FULL_INNING_TOTAL","under","","points-all-7i-ou-under","fanduel","0.5","false","-176","2026-09-26T13:25:34.000Z","0.5","0.5","-140","-176","https://sportsbook.fanduel.com/addToBetslip?marketId=717.188572151&selectionId=7017906"
"SPORTSGAMEODDS","hV7p9tgUHAmItUoFYf5f","2026-09-26T23:15:00.000Z","Tampa Bay Rays @ Philadelphia Phillies","Tampa Bay Rays","Philadelphia Phillies","7","full","FULL_INNING_TOTAL","under","","points-all-7i-ou-under","fanduel","1.5","true","-590","2026-09-26T13:25:34.000Z","0.5","0.5","","","https://sportsbook.fanduel.com/addToBetslip?marketId=717.188572151&selectionId=7017906"
"SPORTSGAMEODDS","hV7p9tgUHAmItUoFYf5f","2026-09-26T23:15:00.000Z","Tampa Bay Rays @ Philadelphia Phillies","Tampa Bay Rays","Philadelphia Phillies","7","full","FULL_INNING_TOTAL","under","","points-all-7i-ou-under","draftkings","0.5","false","-160","2026-09-26T13:25:36.276Z","0.5","0.5","-140","-176",""
"SPORTSGAMEODDS","hV7p9tgUHAmItUoFYf5f","2026-09-26T23:15:00.000Z","Tampa Bay Rays @ Philadelphia Phillies","Tampa Bay Rays","Philadelphia Phillies","7","full","FULL_INNING_TOTAL","under","","points-all-7i-ou-under","draftkings","1.5","true","-425","2026-09-26T13:25:36.276Z","0.5","0.5","","",""
"SPORTSGAMEODDS","hV7p9tgUHAmItUoFYf5f","2026-09-26T23:15:00.000Z","Tampa Bay Rays @ Philadelphia Phillies","Tampa Bay Rays","Philadelphia Phillies","7","full","FULL_INNING_TOTAL","under","","points-all-7i-ou-under","fliff","0.5","false","-195","2026-09-26T13:23:52.193Z","0.5","0.5","-140","-176",""
"SPORTSGAMEODDS","hV7p9tgUHAmItUoFYf5f","2026-09-26T23:15:00.000Z","Tampa Bay Rays @ Philadelphia Phillies","Tampa Bay Rays","Philadelphia Phillies","8","full","FULL_INNING_3WAY","draw","","points-all-8i-ml3way-draw","fanduel","","false","-200","2026-09-26T13:25:34.000Z","","","","","https://sportsbook.fanduel.com/addToBetslip?marketId=717.188572235&selectionId=131604"
"SPORTSGAMEODDS","hV7p9tgUHAmItUoFYf5f","2026-09-26T23:15:00.000Z","Tampa Bay Rays @ Philadelphia Phillies","Tampa Bay Rays","Philadelphia Phillies","8","full","FULL_INNING_3WAY","draw","","points-all-8i-ml3way-draw","draftkings","","false","-175","2026-09-26T13:25:36.276Z","","","","",""
"SPORTSGAMEODDS","hV7p9tgUHAmItUoFYf5f","2026-09-26T23:15:00.000Z","Tampa Bay Rays @ Philadelphia Phillies","Tampa Bay Rays","Philadelphia Phillies","8","full","FULL_INNING_TOTAL","over","","points-all-8i-ou-over","fanduel","0.5","false","142","2026-09-26T13:25:34.000Z","0.5","0.5","140","120","https://sportsbook.fanduel.com/addToBetslip?marketId=717.188572183&selectionId=7017905"
"SPORTSGAMEODDS","hV7p9tgUHAmItUoFYf5f","2026-09-26T23:15:00.000Z","Tampa Bay Rays @ Philadelphia Phillies","Tampa Bay Rays","Philadelphia Phillies","8","full","FULL_INNING_TOTAL","over","","points-all-8i-ou-over","fanduel","1.5","true","410","2026-09-26T13:25:34.000Z","0.5","0.5","","","https://sportsbook.fanduel.com/addToBetslip?marketId=717.188572183&selectionId=7017905"
"SPORTSGAMEODDS","hV7p9tgUHAmItUoFYf5f","2026-09-26T23:15:00.000Z","Tampa Bay Rays @ Philadelphia Phillies","Tampa Bay Rays","Philadelphia Phillies","8","full","FULL_INNING_TOTAL","over","","points-all-8i-ou-over","draftkings","0.5","false","115","2026-09-26T13:25:36.276Z","0.5","0.5","140","120",""
"SPORTSGAMEODDS","hV7p9tgUHAmItUoFYf5f","2026-09-26T23:15:00.000Z","Tampa Bay Rays @ Philadelphia Phillies","Tampa Bay Rays","Philadelphia Phillies","8","full","FULL_INNING_TOTAL","over","","points-all-8i-ou-over","draftkings","1.5","true","295","2026-09-26T13:25:36.276Z","0.5","0.5","","",""
"SPORTSGAMEODDS","hV7p9tgUHAmItUoFYf5f","2026-09-26T23:15:00.000Z","Tampa Bay Rays @ Philadelphia Phillies","Tampa Bay Rays","Philadelphia Phillies","8","full","FULL_INNING_TOTAL","over","","points-all-8i-ou-over","fliff","0.5","false","120","2026-09-26T13:23:52.193Z","0.5","0.5","140","120",""
"SPORTSGAMEODDS","hV7p9tgUHAmItUoFYf5f","2026-09-26T23:15:00.000Z","Tampa Bay Rays @ Philadelphia Phillies","Tampa Bay Rays","Philadelphia Phillies","8","full","FULL_INNING_TOTAL","under","","points-all-8i-ou-under","fanduel","0.5","false","-176","2026-09-26T13:25:34.000Z","0.5","0.5","-140","-176","https://sportsbook.fanduel.com/addToBetslip?marketId=717.188572183&selectionId=7017906"
"SPORTSGAMEODDS","hV7p9tgUHAmItUoFYf5f","2026-09-26T23:15:00.000Z","Tampa Bay Rays @ Philadelphia Phillies","Tampa Bay Rays","Philadelphia Phillies","8","full","FULL_INNING_TOTAL","under","","points-all-8i-ou-under","fanduel","1.5","true","-550","2026-09-26T13:25:34.000Z","0.5","0.5","","","https://sportsbook.fanduel.com/addToBetslip?marketId=717.188572183&selectionId=7017906"
"SPORTSGAMEODDS","hV7p9tgUHAmItUoFYf5f","2026-09-26T23:15:00.000Z","Tampa Bay Rays @ Philadelphia Phillies","Tampa Bay Rays","Philadelphia Phillies","8","full","FULL_INNING_TOTAL","under","","points-all-8i-ou-under","draftkings","0.5","false","-155","2026-09-26T13:25:36.276Z","0.5","0.5","-140","-176",""
"SPORTSGAMEODDS","hV7p9tgUHAmItUoFYf5f","2026-09-26T23:15:00.000Z","Tampa Bay Rays @ Philadelphia Phillies","Tampa Bay Rays","Philadelphia Phillies","8","full","FULL_INNING_TOTAL","under","","points-all-8i-ou-under","draftkings","1.5","true","-425","2026-09-26T13:25:36.276Z","0.5","0.5","","",""
"SPORTSGAMEODDS","hV7p9tgUHAmItUoFYf5f","2026-09-26T23:15:00.000Z","Tampa Bay Rays @ Philadelphia Phillies","Tampa Bay Rays","Philadelphia Phillies","8","full","FULL_INNING_TOTAL","under","","points-all-8i-ou-under","fliff","0.5","false","-195","2026-09-26T13:23:52.193Z","0.5","0.5","-140","-176",""
"SPORTSGAMEODDS","hV7p9tgUHAmItUoFYf5f","2026-09-26T23:15:00.000Z","Tampa Bay Rays @ Philadelphia Phillies","Tampa Bay Rays","Philadelphia Phillies","9","full","FULL_INNING_3WAY","draw","","points-all-9i-ml3way-draw","fanduel","","false","-300","2026-09-26T13:25:34.000Z","","","","","https://sportsbook.fanduel.com/addToBetslip?marketId=717.188572224&selectionId=131604"
"SPORTSGAMEODDS","hV7p9tgUHAmItUoFYf5f","2026-09-26T23:15:00.000Z","Tampa Bay Rays @ Philadelphia Phillies","Tampa Bay Rays","Philadelphia Phillies","9","full","FULL_INNING_3WAY","draw","","points-all-9i-ml3way-draw","draftkings","","false","-260","2026-09-26T13:25:36.276Z","","","","",""
"SPORTSGAMEODDS","hV7p9tgUHAmItUoFYf5f","2026-09-26T23:15:00.000Z","Tampa Bay Rays @ Philadelphia Phillies","Tampa Bay Rays","Philadelphia Phillies","9","full","FULL_INNING_TOTAL","over","","points-all-9i-ou-over","fanduel","1.5","false","570","2026-09-26T13:25:34.000Z","","1.5","","489","https://sportsbook.fanduel.com/addToBetslip?marketId=717.188572198&selectionId=7017905"
"SPORTSGAMEODDS","hV7p9tgUHAmItUoFYf5f","2026-09-26T23:15:00.000Z","Tampa Bay Rays @ Philadelphia Phillies","Tampa Bay Rays","Philadelphia Phillies","9","full","FULL_INNING_TOTAL","over","","points-all-9i-ou-over","draftkings","1.5","false","425","2026-09-26T13:25:36.276Z","","1.5","","489",""
"SPORTSGAMEODDS","hV7p9tgUHAmItUoFYf5f","2026-09-26T23:15:00.000Z","Tampa Bay Rays @ Philadelphia Phillies","Tampa Bay Rays","Philadelphia Phillies","9","full","FULL_INNING_TOTAL","over","","points-all-9i-ou-over","draftkings","0.5","true","165","2026-09-26T13:25:36.276Z","","1.5","","",""
"SPORTSGAMEODDS","hV7p9tgUHAmItUoFYf5f","2026-09-26T23:15:00.000Z","Tampa Bay Rays @ Philadelphia Phillies","Tampa Bay Rays","Philadelphia Phillies","9","full","FULL_INNING_TOTAL","under","","points-all-9i-ou-under","fanduel","1.5","false","-900","2026-09-26T13:25:34.000Z","","1.5","","-757","https://sportsbook.fanduel.com/addToBetslip?marketId=717.188572198&selectionId=7017906"
"SPORTSGAMEODDS","hV7p9tgUHAmItUoFYf5f","2026-09-26T23:15:00.000Z","Tampa Bay Rays @ Philadelphia Phillies","Tampa Bay Rays","Philadelphia Phillies","9","full","FULL_INNING_TOTAL","under","","points-all-9i-ou-under","draftkings","1.5","false","-650","2026-09-26T13:25:36.276Z","","1.5","","-757",""
"SPORTSGAMEODDS","hV7p9tgUHAmItUoFYf5f","2026-09-26T23:15:00.000Z","Tampa Bay Rays @ Philadelphia Phillies","Tampa Bay Rays","Philadelphia Phillies","9","full","FULL_INNING_TOTAL","under","","points-all-9i-ou-under","draftkings","0.5","true","-230","2026-09-26T13:25:36.276Z","","1.5","","",""
"SPORTSGAMEODDS","hV7p9tgUHAmItUoFYf5f","2026-09-26T23:15:00.000Z","Tampa Bay Rays @ Philadelphia Phillies","Tampa Bay Rays","Philadelphia Phillies","2","full","FULL_INNING_3WAY","away","","points-away-2i-ml3way-away","fanduel","","false","370","2026-09-26T13:25:34.000Z","","","","","https://sportsbook.fanduel.com/addToBetslip?marketId=717.188572177&selectionId=29162"
"SPORTSGAMEODDS","hV7p9tgUHAmItUoFYf5f","2026-09-26T23:15:00.000Z","Tampa Bay Rays @ Philadelphia Phillies","Tampa Bay Rays","Philadelphia Phillies","2","full","FULL_INNING_3WAY","away","","points-away-2i-ml3way-away","draftkings","","false","370","2026-09-26T13:25:36.276Z","","","","",""
"SPORTSGAMEODDS","hV7p9tgUHAmItUoFYf5f","2026-09-26T23:15:00.000Z","Tampa Bay Rays @ Philadelphia Phillies","Tampa Bay Rays","Philadelphia Phillies","3","full","FULL_INNING_3WAY","away","","points-away-3i-ml3way-away","fanduel","","false","330","2026-09-26T13:25:34.000Z","","","","","https://sportsbook.fanduel.com/addToBetslip?marketId=717.188572113&selectionId=29162"
"SPORTSGAMEODDS","hV7p9tgUHAmItUoFYf5f","2026-09-26T23:15:00.000Z","Tampa Bay Rays @ Philadelphia Phillies","Tampa Bay Rays","Philadelphia Phillies","3","full","FULL_INNING_3WAY","away","","points-away-3i-ml3way-away","draftkings","","false","340","2026-09-26T13:25:36.276Z","","","","",""
"SPORTSGAMEODDS","hV7p9tgUHAmItUoFYf5f","2026-09-26T23:15:00.000Z","Tampa Bay Rays @ Philadelphia Phillies","Tampa Bay Rays","Philadelphia Phillies","4","full","FULL_INNING_3WAY","away","","points-away-4i-ml3way-away","fanduel","","false","330","2026-09-26T13:25:34.000Z","","","","","https://sportsbook.fanduel.com/addToBetslip?marketId=717.188572168&selectionId=29162"
"SPORTSGAMEODDS","hV7p9tgUHAmItUoFYf5f","2026-09-26T23:15:00.000Z","Tampa Bay Rays @ Philadelphia Phillies","Tampa Bay Rays","Philadelphia Phillies","4","full","FULL_INNING_3WAY","away","","points-away-4i-ml3way-away","draftkings","","false","350","2026-09-26T13:25:36.276Z","","","","",""
"SPORTSGAMEODDS","hV7p9tgUHAmItUoFYf5f","2026-09-26T23:15:00.000Z","Tampa Bay Rays @ Philadelphia Phillies","Tampa Bay Rays","Philadelphia Phillies","5","full","FULL_INNING_3WAY","away","","points-away-5i-ml3way-away","fanduel","","false","350","2026-09-26T13:25:34.000Z","","","","","https://sportsbook.fanduel.com/addToBetslip?marketId=717.188572149&selectionId=29162"
"SPORTSGAMEODDS","hV7p9tgUHAmItUoFYf5f","2026-09-26T23:15:00.000Z","Tampa Bay Rays @ Philadelphia Phillies","Tampa Bay Rays","Philadelphia Phillies","5","full","FULL_INNING_3WAY","away","","points-away-5i-ml3way-away","draftkings","","false","340","2026-09-26T13:25:36.276Z","","","","",""
"SPORTSGAMEODDS","hV7p9tgUHAmItUoFYf5f","2026-09-26T23:15:00.000Z","Tampa Bay Rays @ Philadelphia Phillies","Tampa Bay Rays","Philadelphia Phillies","6","full","FULL_INNING_3WAY","away","","points-away-6i-ml3way-away","fanduel","","false","370","2026-09-26T13:25:34.000Z","","","","","https://sportsbook.fanduel.com/addToBetslip?marketId=717.188572212&selectionId=29162"
"SPORTSGAMEODDS","hV7p9tgUHAmItUoFYf5f","2026-09-26T23:15:00.000Z","Tampa Bay Rays @ Philadelphia Phillies","Tampa Bay Rays","Philadelphia Phillies","6","full","FULL_INNING_3WAY","away","","points-away-6i-ml3way-away","draftkings","","false","380","2026-09-26T13:25:36.276Z","","","","",""
"SPORTSGAMEODDS","hV7p9tgUHAmItUoFYf5f","2026-09-26T23:15:00.000Z","Tampa Bay Rays @ Philadelphia Phillies","Tampa Bay Rays","Philadelphia Phillies","7","full","FULL_INNING_3WAY","away","","points-away-7i-ml3way-away","fanduel","","false","420","2026-09-26T13:25:34.000Z","","","","","https://sportsbook.fanduel.com/addToBetslip?marketId=717.188572141&selectionId=29162"
"SPORTSGAMEODDS","hV7p9tgUHAmItUoFYf5f","2026-09-26T23:15:00.000Z","Tampa Bay Rays @ Philadelphia Phillies","Tampa Bay Rays","Philadelphia Phillies","7","full","FULL_INNING_3WAY","away","","points-away-7i-ml3way-away","draftkings","","false","350","2026-09-26T13:25:36.276Z","","","","",""
"SPORTSGAMEODDS","hV7p9tgUHAmItUoFYf5f","2026-09-26T23:15:00.000Z","Tampa Bay Rays @ Philadelphia Phillies","Tampa Bay Rays","Philadelphia Phillies","8","full","FULL_INNING_3WAY","away","","points-away-8i-ml3way-away","fanduel","","false","430","2026-09-26T13:25:34.000Z","","","","","https://sportsbook.fanduel.com/addToBetslip?marketId=717.188572235&selectionId=29162"
"SPORTSGAMEODDS","hV7p9tgUHAmItUoFYf5f","2026-09-26T23:15:00.000Z","Tampa Bay Rays @ Philadelphia Phillies","Tampa Bay Rays","Philadelphia Phillies","8","full","FULL_INNING_3WAY","away","","points-away-8i-ml3way-away","draftkings","","false","340","2026-09-26T13:25:36.276Z","","","","",""
"SPORTSGAMEODDS","hV7p9tgUHAmItUoFYf5f","2026-09-26T23:15:00.000Z","Tampa Bay Rays @ Philadelphia Phillies","Tampa Bay Rays","Philadelphia Phillies","9","full","FULL_INNING_3WAY","away","","points-away-9i-ml3way-away","fanduel","","false","400","2026-09-26T13:25:34.000Z","","","","","https://sportsbook.fanduel.com/addToBetslip?marketId=717.188572224&selectionId=29162"
"SPORTSGAMEODDS","hV7p9tgUHAmItUoFYf5f","2026-09-26T23:15:00.000Z","Tampa Bay Rays @ Philadelphia Phillies","Tampa Bay Rays","Philadelphia Phillies","9","full","FULL_INNING_3WAY","away","","points-away-9i-ml3way-away","draftkings","","false","320","2026-09-26T13:25:36.276Z","","","","",""
"SPORTSGAMEODDS","hV7p9tgUHAmItUoFYf5f","2026-09-26T23:15:00.000Z","Tampa Bay Rays @ Philadelphia Phillies","Tampa Bay Rays","Philadelphia Phillies","2","full","FULL_INNING_3WAY","home","","points-home-2i-ml3way-home","fanduel","","false","400","2026-09-26T13:25:34.000Z","","","","","https://sportsbook.fanduel.com/addToBetslip?marketId=717.188572177&selectionId=29175"
"SPORTSGAMEODDS","hV7p9tgUHAmItUoFYf5f","2026-09-26T23:15:00.000Z","Tampa Bay Rays @ Philadelphia Phillies","Tampa Bay Rays","Philadelphia Phillies","2","full","FULL_INNING_3WAY","home","","points-home-2i-ml3way-home","draftkings","","false","390","2026-09-26T13:25:36.276Z","","","","",""
"SPORTSGAMEODDS","hV7p9tgUHAmItUoFYf5f","2026-09-26T23:15:00.000Z","Tampa Bay Rays @ Philadelphia Phillies","Tampa Bay Rays","Philadelphia Phillies","3","full","FULL_INNING_3WAY","home","","points-home-3i-ml3way-home","fanduel","","false","380","2026-09-26T13:25:34.000Z","","","","","https://sportsbook.fanduel.com/addToBetslip?marketId=717.188572113&selectionId=29175"
"SPORTSGAMEODDS","hV7p9tgUHAmItUoFYf5f","2026-09-26T23:15:00.000Z","Tampa Bay Rays @ Philadelphia Phillies","Tampa Bay Rays","Philadelphia Phillies","3","full","FULL_INNING_3WAY","home","","points-home-3i-ml3way-home","draftkings","","false","370","2026-09-26T13:25:36.276Z","","","","",""
"SPORTSGAMEODDS","hV7p9tgUHAmItUoFYf5f","2026-09-26T23:15:00.000Z","Tampa Bay Rays @ Philadelphia Phillies","Tampa Bay Rays","Philadelphia Phillies","4","full","FULL_INNING_3WAY","home","","points-home-4i-ml3way-home","fanduel","","false","380","2026-09-26T13:25:34.000Z","","","","","https://sportsbook.fanduel.com/addToBetslip?marketId=717.188572168&selectionId=29175"
"SPORTSGAMEODDS","hV7p9tgUHAmItUoFYf5f","2026-09-26T23:15:00.000Z","Tampa Bay Rays @ Philadelphia Phillies","Tampa Bay Rays","Philadelphia Phillies","4","full","FULL_INNING_3WAY","home","","points-home-4i-ml3way-home","draftkings","","false","360","2026-09-26T13:25:36.276Z","","","","",""
"SPORTSGAMEODDS","hV7p9tgUHAmItUoFYf5f","2026-09-26T23:15:00.000Z","Tampa Bay Rays @ Philadelphia Phillies","Tampa Bay Rays","Philadelphia Phillies","5","full","FULL_INNING_3WAY","home","","points-home-5i-ml3way-home","fanduel","","false","370","2026-09-26T13:25:34.000Z","","","","","https://sportsbook.fanduel.com/addToBetslip?marketId=717.188572149&selectionId=29175"
"SPORTSGAMEODDS","hV7p9tgUHAmItUoFYf5f","2026-09-26T23:15:00.000Z","Tampa Bay Rays @ Philadelphia Phillies","Tampa Bay Rays","Philadelphia Phillies","5","full","FULL_INNING_3WAY","home","","points-home-5i-ml3way-home","draftkings","","false","330","2026-09-26T13:25:36.276Z","","","","",""
"SPORTSGAMEODDS","hV7p9tgUHAmItUoFYf5f","2026-09-26T23:15:00.000Z","Tampa Bay Rays @ Philadelphia Phillies","Tampa Bay Rays","Philadelphia Phillies","6","full","FULL_INNING_3WAY","home","","points-home-6i-ml3way-home","fanduel","","false","370","2026-09-26T13:25:34.000Z","","","","","https://sportsbook.fanduel.com/addToBetslip?marketId=717.188572212&selectionId=29175"
"SPORTSGAMEODDS","hV7p9tgUHAmItUoFYf5f","2026-09-26T23:15:00.000Z","Tampa Bay Rays @ Philadelphia Phillies","Tampa Bay Rays","Philadelphia Phillies","6","full","FULL_INNING_3WAY","home","","points-home-6i-ml3way-home","draftkings","","false","360","2026-09-26T13:25:36.276Z","","","","",""
"SPORTSGAMEODDS","hV7p9tgUHAmItUoFYf5f","2026-09-26T23:15:00.000Z","Tampa Bay Rays @ Philadelphia Phillies","Tampa Bay Rays","Philadelphia Phillies","7","full","FULL_INNING_3WAY","home","","points-home-7i-ml3way-home","fanduel","","false","380","2026-09-26T13:25:34.000Z","","","","","https://sportsbook.fanduel.com/addToBetslip?marketId=717.188572141&selectionId=29175"
"SPORTSGAMEODDS","hV7p9tgUHAmItUoFYf5f","2026-09-26T23:15:00.000Z","Tampa Bay Rays @ Philadelphia Phillies","Tampa Bay Rays","Philadelphia Phillies","7","full","FULL_INNING_3WAY","home","","points-home-7i-ml3way-home","draftkings","","false","350","2026-09-26T13:25:36.276Z","","","","",""
"SPORTSGAMEODDS","hV7p9tgUHAmItUoFYf5f","2026-09-26T23:15:00.000Z","Tampa Bay Rays @ Philadelphia Phillies","Tampa Bay Rays","Philadelphia Phillies","8","full","FULL_INNING_3WAY","home","","points-home-8i-ml3way-home","fanduel","","false","370","2026-09-26T13:25:34.000Z","","","","","https://sportsbook.fanduel.com/addToBetslip?marketId=717.188572235&selectionId=29175"
"SPORTSGAMEODDS","hV7p9tgUHAmItUoFYf5f","2026-09-26T23:15:00.000Z","Tampa Bay Rays @ Philadelphia Phillies","Tampa Bay Rays","Philadelphia Phillies","8","full","FULL_INNING_3WAY","home","","points-home-8i-ml3way-home","draftkings","","false","340","2026-09-26T13:25:36.276Z","","","","",""
"SPORTSGAMEODDS","hV7p9tgUHAmItUoFYf5f","2026-09-26T23:15:00.000Z","Tampa Bay Rays @ Philadelphia Phillies","Tampa Bay Rays","Philadelphia Phillies","9","full","FULL_INNING_3WAY","home","","points-home-9i-ml3way-home","fanduel","","false","700","2026-09-26T13:25:34.000Z","","","","","https://sportsbook.fanduel.com/addToBetslip?marketId=717.188572224&selectionId=29175"
"SPORTSGAMEODDS","hV7p9tgUHAmItUoFYf5f","2026-09-26T23:15:00.000Z","Tampa Bay Rays @ Philadelphia Phillies","Tampa Bay Rays","Philadelphia Phillies","9","full","FULL_INNING_3WAY","home","","points-home-9i-ml3way-home","draftkings","","false","600","2026-09-26T13:25:36.276Z","","","","",""
"SPORTSGAMEODDS","BEqPVrffLoMThfpT57LB","2026-09-27T00:40:00.000Z","Arizona Diamondbacks @ San Diego Padres","Arizona Diamondbacks","San Diego Padres","1","full","FULL_INNING_TOTAL","over","","points-all-1i-ou-over","novig","0.5","false","111","2026-09-26T13:25:01.238Z","0.5","0.5","109","-104","https://novig.com/events/01a0d9d1-f48c-7e71-92de-ef6a92cf9a8d/sportsgameodds"
"SPORTSGAMEODDS","BEqPVrffLoMThfpT57LB","2026-09-27T00:40:00.000Z","Arizona Diamondbacks @ San Diego Padres","Arizona Diamondbacks","San Diego Padres","1","full","FULL_INNING_TOTAL","over","","points-all-1i-ou-over","unknown","0.5","false","-108","2026-09-26T13:25:48.469Z","0.5","0.5","109","-104",""
"SPORTSGAMEODDS","BEqPVrffLoMThfpT57LB","2026-09-27T00:40:00.000Z","Arizona Diamondbacks @ San Diego Padres","Arizona Diamondbacks","San Diego Padres","1","full","FULL_INNING_TOTAL","over","","points-all-1i-ou-over","unknown","1.5","true","256","2026-09-26T13:25:41.969Z","0.5","0.5","","",""
"SPORTSGAMEODDS","BEqPVrffLoMThfpT57LB","2026-09-27T00:40:00.000Z","Arizona Diamondbacks @ San Diego Padres","Arizona Diamondbacks","San Diego Padres","1","full","FULL_INNING_TOTAL","over","","points-all-1i-ou-over","fanduel","0.5","false","-104","2026-09-26T13:25:34.000Z","0.5","0.5","109","-104","https://sportsbook.fanduel.com/addToBetslip?marketId=42.611432322&selectionId=7017905"
"SPORTSGAMEODDS","BEqPVrffLoMThfpT57LB","2026-09-27T00:40:00.000Z","Arizona Diamondbacks @ San Diego Padres","Arizona Diamondbacks","San Diego Padres","1","full","FULL_INNING_TOTAL","over","","points-all-1i-ou-over","fanduel","1.5","true","250","2026-09-26T13:25:34.000Z","0.5","0.5","","","https://sportsbook.fanduel.com/addToBetslip?marketId=42.611432322&selectionId=7017905"
"SPORTSGAMEODDS","BEqPVrffLoMThfpT57LB","2026-09-27T00:40:00.000Z","Arizona Diamondbacks @ San Diego Padres","Arizona Diamondbacks","San Diego Padres","1","full","FULL_INNING_TOTAL","over","","points-all-1i-ou-over","caesars","0.5","false","103","2026-09-26T13:25:59.960Z","0.5","0.5","109","-104","https://sportsbook.caesars.com/us/nj/bet/betslip?selectionIds=3d0ffd97-7096-3440-a900-940c8f09a616"
"SPORTSGAMEODDS","BEqPVrffLoMThfpT57LB","2026-09-27T00:40:00.000Z","Arizona Diamondbacks @ San Diego Padres","Arizona Diamondbacks","San Diego Padres","1","full","FULL_INNING_TOTAL","over","","points-all-1i-ou-over","draftkings","0.5","false","100","2026-09-26T13:25:36.276Z","0.5","0.5","109","-104",""
"SPORTSGAMEODDS","BEqPVrffLoMThfpT57LB","2026-09-27T00:40:00.000Z","Arizona Diamondbacks @ San Diego Padres","Arizona Diamondbacks","San Diego Padres","1","full","FULL_INNING_TOTAL","over","","points-all-1i-ou-over","draftkings","1.5","true","250","2026-09-26T13:25:36.276Z","0.5","0.5","","",""
"SPORTSGAMEODDS","BEqPVrffLoMThfpT57LB","2026-09-27T00:40:00.000Z","Arizona Diamondbacks @ San Diego Padres","Arizona Diamondbacks","San Diego Padres","1","full","FULL_INNING_TOTAL","over","","points-all-1i-ou-over","fliff","0.5","false","-115","2026-09-26T13:26:01.969Z","0.5","0.5","109","-104",""
"SPORTSGAMEODDS","BEqPVrffLoMThfpT57LB","2026-09-27T00:40:00.000Z","Arizona Diamondbacks @ San Diego Padres","Arizona Diamondbacks","San Diego Padres","1","full","FULL_INNING_TOTAL","over","","points-all-1i-ou-over","fliff","1.5","true","230","2026-09-26T13:26:01.969Z","0.5","0.5","","",""
"SPORTSGAMEODDS","BEqPVrffLoMThfpT57LB","2026-09-27T00:40:00.000Z","Arizona Diamondbacks @ San Diego Padres","Arizona Diamondbacks","San Diego Padres","1","full","FULL_INNING_TOTAL","over","","points-all-1i-ou-over","hardrockbet","0.5","false","-105","2026-09-26T13:25:46.469Z","0.5","0.5","109","-104",""
"SPORTSGAMEODDS","BEqPVrffLoMThfpT57LB","2026-09-27T00:40:00.000Z","Arizona Diamondbacks @ San Diego Padres","Arizona Diamondbacks","San Diego Padres","1","full","FULL_INNING_TOTAL","over","","points-all-1i-ou-over","hardrockbet","1.5","true","260","2026-09-26T13:25:46.469Z","0.5","0.5","","",""
"SPORTSGAMEODDS","BEqPVrffLoMThfpT57LB","2026-09-27T00:40:00.000Z","Arizona Diamondbacks @ San Diego Padres","Arizona Diamondbacks","San Diego Padres","1","full","FULL_INNING_TOTAL","over","","points-all-1i-ou-over","betmgm","0.5","false","-102","2026-09-26T13:25:42.960Z","0.5","0.5","109","-104","https://sports.nj.betmgm.com/en/sports?options=19944863-1561564077-2305063598"
"SPORTSGAMEODDS","BEqPVrffLoMThfpT57LB","2026-09-27T00:40:00.000Z","Arizona Diamondbacks @ San Diego Padres","Arizona Diamondbacks","San Diego Padres","1","full","FULL_INNING_TOTAL","under","","points-all-1i-ou-under","novig","0.5","false","-117","2026-09-26T13:25:01.238Z","0.5","0.5","-109","-125","https://novig.com/events/01a0d9d1-f48c-7e71-92de-ef754ea6a55d/sportsgameodds"
"SPORTSGAMEODDS","BEqPVrffLoMThfpT57LB","2026-09-27T00:40:00.000Z","Arizona Diamondbacks @ San Diego Padres","Arizona Diamondbacks","San Diego Padres","1","full","FULL_INNING_TOTAL","under","","points-all-1i-ou-under","prophetexchange","0.5","false","-115","2026-09-26T13:26:20.693Z","0.5","0.5","-109","-125",""
"SPORTSGAMEODDS","BEqPVrffLoMThfpT57LB","2026-09-27T00:40:00.000Z","Arizona Diamondbacks @ San Diego Padres","Arizona Diamondbacks","San Diego Padres","1","full","FULL_INNING_TOTAL","under","","points-all-1i-ou-under","unknown","0.5","false","-139","2026-09-26T13:25:48.469Z","0.5","0.5","-109","-125",""
"SPORTSGAMEODDS","BEqPVrffLoMThfpT57LB","2026-09-27T00:40:00.000Z","Arizona Diamondbacks @ San Diego Padres","Arizona Diamondbacks","San Diego Padres","1","full","FULL_INNING_TOTAL","under","","points-all-1i-ou-under","unknown","1.5","true","-331","2026-09-26T13:25:41.969Z","0.5","0.5","","",""
"SPORTSGAMEODDS","BEqPVrffLoMThfpT57LB","2026-09-27T00:40:00.000Z","Arizona Diamondbacks @ San Diego Padres","Arizona Diamondbacks","San Diego Padres","1","full","FULL_INNING_TOTAL","under","","points-all-1i-ou-under","fanduel","0.5","false","-122","2026-09-26T13:25:34.000Z","0.5","0.5","-109","-125","https://sportsbook.fanduel.com/addToBetslip?marketId=42.611432322&selectionId=7017906"
"SPORTSGAMEODDS","BEqPVrffLoMThfpT57LB","2026-09-27T00:40:00.000Z","Arizona Diamondbacks @ San Diego Padres","Arizona Diamondbacks","San Diego Padres","1","full","FULL_INNING_TOTAL","under","","points-all-1i-ou-under","fanduel","1.5","true","-325","2026-09-26T13:25:34.000Z","0.5","0.5","","","https://sportsbook.fanduel.com/addToBetslip?marketId=42.611432322&selectionId=7017906"
"SPORTSGAMEODDS","BEqPVrffLoMThfpT57LB","2026-09-27T00:40:00.000Z","Arizona Diamondbacks @ San Diego Padres","Arizona Diamondbacks","San Diego Padres","1","full","FULL_INNING_TOTAL","under","","points-all-1i-ou-under","caesars","0.5","false","-127","2026-09-26T13:25:59.960Z","0.5","0.5","-109","-125","https://sportsbook.caesars.com/us/nj/bet/betslip?selectionIds=22df66c3-3f5e-3868-a981-610b3df3204e"
"SPORTSGAMEODDS","BEqPVrffLoMThfpT57LB","2026-09-27T00:40:00.000Z","Arizona Diamondbacks @ San Diego Padres","Arizona Diamondbacks","San Diego Padres","1","full","FULL_INNING_TOTAL","under","","points-all-1i-ou-under","draftkings","0.5","false","-130","2026-09-26T13:25:36.276Z","0.5","0.5","-109","-125",""
"SPORTSGAMEODDS","BEqPVrffLoMThfpT57LB","2026-09-27T00:40:00.000Z","Arizona Diamondbacks @ San Diego Padres","Arizona Diamondbacks","San Diego Padres","1","full","FULL_INNING_TOTAL","under","","points-all-1i-ou-under","draftkings","1.5","true","-340","2026-09-26T13:25:36.276Z","0.5","0.5","","",""
"SPORTSGAMEODDS","BEqPVrffLoMThfpT57LB","2026-09-27T00:40:00.000Z","Arizona Diamondbacks @ San Diego Padres","Arizona Diamondbacks","San Diego Padres","1","full","FULL_INNING_TOTAL","under","","points-all-1i-ou-under","fliff","0.5","false","-140","2026-09-26T13:26:01.969Z","0.5","0.5","-109","-125",""
"SPORTSGAMEODDS","BEqPVrffLoMThfpT57LB","2026-09-27T00:40:00.000Z","Arizona Diamondbacks @ San Diego Padres","Arizona Diamondbacks","San Diego Padres","1","full","FULL_INNING_TOTAL","under","","points-all-1i-ou-under","fliff","1.5","true","-425","2026-09-26T13:26:01.969Z","0.5","0.5","","",""
"SPORTSGAMEODDS","BEqPVrffLoMThfpT57LB","2026-09-27T00:40:00.000Z","Arizona Diamondbacks @ San Diego Padres","Arizona Diamondbacks","San Diego Padres","1","full","FULL_INNING_TOTAL","under","","points-all-1i-ou-under","hardrockbet","0.5","false","-125","2026-09-26T13:25:46.469Z","0.5","0.5","-109","-125",""
"SPORTSGAMEODDS","BEqPVrffLoMThfpT57LB","2026-09-27T00:40:00.000Z","Arizona Diamondbacks @ San Diego Padres","Arizona Diamondbacks","San Diego Padres","1","full","FULL_INNING_TOTAL","under","","points-all-1i-ou-under","hardrockbet","1.5","true","-400","2026-09-26T13:25:46.469Z","0.5","0.5","","",""
"SPORTSGAMEODDS","BEqPVrffLoMThfpT57LB","2026-09-27T00:40:00.000Z","Arizona Diamondbacks @ San Diego Padres","Arizona Diamondbacks","San Diego Padres","1","full","FULL_INNING_TOTAL","under","","points-all-1i-ou-under","betmgm","0.5","false","-125","2026-09-26T13:25:42.960Z","0.5","0.5","-109","-125","https://sports.nj.betmgm.com/en/sports?options=19944863-1561564077-2305063599"
"SPORTSGAMEODDS","BEqPVrffLoMThfpT57LB","2026-09-27T00:40:00.000Z","Arizona Diamondbacks @ San Diego Padres","Arizona Diamondbacks","San Diego Padres","1","full","FULL_INNING_3WAY","draw","","points-all-1i-ml3way-draw","fanduel","","false","-145","2026-09-26T13:25:34.000Z","","","","","https://sportsbook.fanduel.com/addToBetslip?marketId=717.188571338&selectionId=131604"
"SPORTSGAMEODDS","BEqPVrffLoMThfpT57LB","2026-09-27T00:40:00.000Z","Arizona Diamondbacks @ San Diego Padres","Arizona Diamondbacks","San Diego Padres","1","full","FULL_INNING_3WAY","draw","","points-all-1i-ml3way-draw","draftkings","","false","-150","2026-09-26T13:25:36.276Z","","","","",""
"SPORTSGAMEODDS","BEqPVrffLoMThfpT57LB","2026-09-27T00:40:00.000Z","Arizona Diamondbacks @ San Diego Padres","Arizona Diamondbacks","San Diego Padres","1","full","FULL_INNING_3WAY","draw","","points-all-1i-ml3way-draw","unknown","","false","-150","2026-09-26T13:25:41.969Z","","","","",""
"SPORTSGAMEODDS","BEqPVrffLoMThfpT57LB","2026-09-27T00:40:00.000Z","Arizona Diamondbacks @ San Diego Padres","Arizona Diamondbacks","San Diego Padres","1","full","FULL_INNING_3WAY","draw","","points-all-1i-ml3way-draw","bovada","","false","-145","2026-09-26T13:25:16.960Z","","","","",""
"SPORTSGAMEODDS","BEqPVrffLoMThfpT57LB","2026-09-27T00:40:00.000Z","Arizona Diamondbacks @ San Diego Padres","Arizona Diamondbacks","San Diego Padres","1","full","FULL_INNING_3WAY","draw","","points-all-1i-ml3way-draw","betmgm","","false","-140","2026-09-26T13:25:42.960Z","","","","","https://sports.nj.betmgm.com/en/sports?options=19944863-1561564088-2305063635"
"SPORTSGAMEODDS","BEqPVrffLoMThfpT57LB","2026-09-27T00:40:00.000Z","Arizona Diamondbacks @ San Diego Padres","Arizona Diamondbacks","San Diego Padres","1","full","FULL_INNING_3WAY","away","","points-away-1i-ml3way-away","fanduel","","false","340","2026-09-26T13:25:34.000Z","","","","","https://sportsbook.fanduel.com/addToBetslip?marketId=717.188571338&selectionId=29165"
"SPORTSGAMEODDS","BEqPVrffLoMThfpT57LB","2026-09-27T00:40:00.000Z","Arizona Diamondbacks @ San Diego Padres","Arizona Diamondbacks","San Diego Padres","1","full","FULL_INNING_3WAY","away","","points-away-1i-ml3way-away","draftkings","","false","300","2026-09-26T13:25:36.276Z","","","","",""
"SPORTSGAMEODDS","BEqPVrffLoMThfpT57LB","2026-09-27T00:40:00.000Z","Arizona Diamondbacks @ San Diego Padres","Arizona Diamondbacks","San Diego Padres","1","full","FULL_INNING_3WAY","away","","points-away-1i-ml3way-away","unknown","","false","300","2026-09-26T13:25:41.969Z","","","","",""
"SPORTSGAMEODDS","BEqPVrffLoMThfpT57LB","2026-09-27T00:40:00.000Z","Arizona Diamondbacks @ San Diego Padres","Arizona Diamondbacks","San Diego Padres","1","full","FULL_INNING_3WAY","away","","points-away-1i-ml3way-away","bovada","","false","340","2026-09-26T13:25:16.960Z","","","","",""
"SPORTSGAMEODDS","BEqPVrffLoMThfpT57LB","2026-09-27T00:40:00.000Z","Arizona Diamondbacks @ San Diego Padres","Arizona Diamondbacks","San Diego Padres","1","full","FULL_INNING_3WAY","away","","points-away-1i-ml3way-away","betmgm","","false","300","2026-09-26T13:25:42.960Z","","","","","https://sports.nj.betmgm.com/en/sports?options=19944863-1561564088-2305063634"
"SPORTSGAMEODDS","BEqPVrffLoMThfpT57LB","2026-09-27T00:40:00.000Z","Arizona Diamondbacks @ San Diego Padres","Arizona Diamondbacks","San Diego Padres","1","full","FULL_INNING_3WAY","home","","points-home-1i-ml3way-home","fanduel","","false","290","2026-09-26T13:25:34.000Z","","","","","https://sportsbook.fanduel.com/addToBetslip?marketId=717.188571338&selectionId=29177"
"SPORTSGAMEODDS","BEqPVrffLoMThfpT57LB","2026-09-27T00:40:00.000Z","Arizona Diamondbacks @ San Diego Padres","Arizona Diamondbacks","San Diego Padres","1","full","FULL_INNING_3WAY","home","","points-home-1i-ml3way-home","draftkings","","false","310","2026-09-26T13:25:36.276Z","","","","",""
"SPORTSGAMEODDS","BEqPVrffLoMThfpT57LB","2026-09-27T00:40:00.000Z","Arizona Diamondbacks @ San Diego Padres","Arizona Diamondbacks","San Diego Padres","1","full","FULL_INNING_3WAY","home","","points-home-1i-ml3way-home","unknown","","false","310","2026-09-26T13:25:41.969Z","","","","",""
"SPORTSGAMEODDS","BEqPVrffLoMThfpT57LB","2026-09-27T00:40:00.000Z","Arizona Diamondbacks @ San Diego Padres","Arizona Diamondbacks","San Diego Padres","1","full","FULL_INNING_3WAY","home","","points-home-1i-ml3way-home","bovada","","false","290","2026-09-26T13:25:16.960Z","","","","",""
"SPORTSGAMEODDS","BEqPVrffLoMThfpT57LB","2026-09-27T00:40:00.000Z","Arizona Diamondbacks @ San Diego Padres","Arizona Diamondbacks","San Diego Padres","1","full","FULL_INNING_3WAY","home","","points-home-1i-ml3way-home","betmgm","","false","300","2026-09-26T13:25:42.960Z","","","","","https://sports.nj.betmgm.com/en/sports?options=19944863-1561564088-2305063636"
"SPORTSGAMEODDS","BEqPVrffLoMThfpT57LB","2026-09-27T00:40:00.000Z","Arizona Diamondbacks @ San Diego Padres","Arizona Diamondbacks","San Diego Padres","2","full","FULL_INNING_3WAY","draw","","points-all-2i-ml3way-draw","fanduel","","false","-160","2026-09-26T13:25:34.000Z","","","","","https://sportsbook.fanduel.com/addToBetslip?marketId=717.188571383&selectionId=131604"
"SPORTSGAMEODDS","BEqPVrffLoMThfpT57LB","2026-09-27T00:40:00.000Z","Arizona Diamondbacks @ San Diego Padres","Arizona Diamondbacks","San Diego Padres","2","full","FULL_INNING_3WAY","draw","","points-all-2i-ml3way-draw","draftkings","","false","-170","2026-09-26T13:25:36.276Z","","","","",""
"SPORTSGAMEODDS","BEqPVrffLoMThfpT57LB","2026-09-27T00:40:00.000Z","Arizona Diamondbacks @ San Diego Padres","Arizona Diamondbacks","San Diego Padres","2","full","FULL_INNING_TOTAL","over","","points-all-2i-ou-over","fanduel","0.5","false","112","2026-09-26T13:25:34.000Z","0.5","0.5","124","110","https://sportsbook.fanduel.com/addToBetslip?marketId=717.188571271&selectionId=7017905"
"SPORTSGAMEODDS","BEqPVrffLoMThfpT57LB","2026-09-27T00:40:00.000Z","Arizona Diamondbacks @ San Diego Padres","Arizona Diamondbacks","San Diego Padres","2","full","FULL_INNING_TOTAL","over","","points-all-2i-ou-over","fanduel","1.5","true","300","2026-09-26T13:25:34.000Z","0.5","0.5","","","https://sportsbook.fanduel.com/addToBetslip?marketId=717.188571271&selectionId=7017905"
"SPORTSGAMEODDS","BEqPVrffLoMThfpT57LB","2026-09-27T00:40:00.000Z","Arizona Diamondbacks @ San Diego Padres","Arizona Diamondbacks","San Diego Padres","2","full","FULL_INNING_TOTAL","over","","points-all-2i-ou-over","draftkings","0.5","false","110","2026-09-26T13:25:36.276Z","0.5","0.5","124","110",""
"SPORTSGAMEODDS","BEqPVrffLoMThfpT57LB","2026-09-27T00:40:00.000Z","Arizona Diamondbacks @ San Diego Padres","Arizona Diamondbacks","San Diego Padres","2","full","FULL_INNING_TOTAL","over","","points-all-2i-ou-over","draftkings","1.5","true","290","2026-09-26T13:25:36.276Z","0.5","0.5","","",""
"SPORTSGAMEODDS","BEqPVrffLoMThfpT57LB","2026-09-27T00:40:00.000Z","Arizona Diamondbacks @ San Diego Padres","Arizona Diamondbacks","San Diego Padres","2","full","FULL_INNING_TOTAL","over","","points-all-2i-ou-over","fliff","0.5","false","100","2026-09-26T13:23:52.193Z","0.5","0.5","124","110",""
"SPORTSGAMEODDS","BEqPVrffLoMThfpT57LB","2026-09-27T00:40:00.000Z","Arizona Diamondbacks @ San Diego Padres","Arizona Diamondbacks","San Diego Padres","2","full","FULL_INNING_TOTAL","under","","points-all-2i-ou-under","fanduel","0.5","false","-138","2026-09-26T13:25:34.000Z","0.5","0.5","-124","-145","https://sportsbook.fanduel.com/addToBetslip?marketId=717.188571271&selectionId=7017906"
"SPORTSGAMEODDS","BEqPVrffLoMThfpT57LB","2026-09-27T00:40:00.000Z","Arizona Diamondbacks @ San Diego Padres","Arizona Diamondbacks","San Diego Padres","2","full","FULL_INNING_TOTAL","under","","points-all-2i-ou-under","fanduel","1.5","true","-400","2026-09-26T13:25:34.000Z","0.5","0.5","","","https://sportsbook.fanduel.com/addToBetslip?marketId=717.188571271&selectionId=7017906"
"SPORTSGAMEODDS","BEqPVrffLoMThfpT57LB","2026-09-27T00:40:00.000Z","Arizona Diamondbacks @ San Diego Padres","Arizona Diamondbacks","San Diego Padres","2","full","FULL_INNING_TOTAL","under","","points-all-2i-ou-under","draftkings","0.5","false","-145","2026-09-26T13:25:36.276Z","0.5","0.5","-124","-145",""
"SPORTSGAMEODDS","BEqPVrffLoMThfpT57LB","2026-09-27T00:40:00.000Z","Arizona Diamondbacks @ San Diego Padres","Arizona Diamondbacks","San Diego Padres","2","full","FULL_INNING_TOTAL","under","","points-all-2i-ou-under","draftkings","1.5","true","-425","2026-09-26T13:25:36.276Z","0.5","0.5","","",""
"SPORTSGAMEODDS","BEqPVrffLoMThfpT57LB","2026-09-27T00:40:00.000Z","Arizona Diamondbacks @ San Diego Padres","Arizona Diamondbacks","San Diego Padres","2","full","FULL_INNING_TOTAL","under","","points-all-2i-ou-under","fliff","0.5","false","-160","2026-09-26T13:23:52.193Z","0.5","0.5","-124","-145",""
"SPORTSGAMEODDS","BEqPVrffLoMThfpT57LB","2026-09-27T00:40:00.000Z","Arizona Diamondbacks @ San Diego Padres","Arizona Diamondbacks","San Diego Padres","3","full","FULL_INNING_3WAY","draw","","points-all-3i-ml3way-draw","fanduel","","false","-145","2026-09-26T13:25:34.000Z","","","","","https://sportsbook.fanduel.com/addToBetslip?marketId=717.188571270&selectionId=131604"
"SPORTSGAMEODDS","BEqPVrffLoMThfpT57LB","2026-09-27T00:40:00.000Z","Arizona Diamondbacks @ San Diego Padres","Arizona Diamondbacks","San Diego Padres","3","full","FULL_INNING_3WAY","draw","","points-all-3i-ml3way-draw","draftkings","","false","-160","2026-09-26T13:25:36.276Z","","","","",""
"SPORTSGAMEODDS","BEqPVrffLoMThfpT57LB","2026-09-27T00:40:00.000Z","Arizona Diamondbacks @ San Diego Padres","Arizona Diamondbacks","San Diego Padres","3","full","FULL_INNING_TOTAL","over","","points-all-3i-ou-over","fanduel","0.5","false","102","2026-09-26T13:25:34.000Z","0.5","0.5","118","102","https://sportsbook.fanduel.com/addToBetslip?marketId=717.188571240&selectionId=7017905"
"SPORTSGAMEODDS","BEqPVrffLoMThfpT57LB","2026-09-27T00:40:00.000Z","Arizona Diamondbacks @ San Diego Padres","Arizona Diamondbacks","San Diego Padres","3","full","FULL_INNING_TOTAL","over","","points-all-3i-ou-over","fanduel","1.5","true","250","2026-09-26T13:25:34.000Z","0.5","0.5","","","https://sportsbook.fanduel.com/addToBetslip?marketId=717.188571240&selectionId=7017905"
"SPORTSGAMEODDS","BEqPVrffLoMThfpT57LB","2026-09-27T00:40:00.000Z","Arizona Diamondbacks @ San Diego Padres","Arizona Diamondbacks","San Diego Padres","3","full","FULL_INNING_TOTAL","over","","points-all-3i-ou-over","draftkings","0.5","false","105","2026-09-26T13:25:36.276Z","0.5","0.5","118","102",""
"SPORTSGAMEODDS","BEqPVrffLoMThfpT57LB","2026-09-27T00:40:00.000Z","Arizona Diamondbacks @ San Diego Padres","Arizona Diamondbacks","San Diego Padres","3","full","FULL_INNING_TOTAL","over","","points-all-3i-ou-over","draftkings","1.5","true","265","2026-09-26T13:25:36.276Z","0.5","0.5","","",""
"SPORTSGAMEODDS","BEqPVrffLoMThfpT57LB","2026-09-27T00:40:00.000Z","Arizona Diamondbacks @ San Diego Padres","Arizona Diamondbacks","San Diego Padres","3","full","FULL_INNING_TOTAL","over","","points-all-3i-ou-over","fliff","0.5","false","-110","2026-09-26T13:23:52.193Z","0.5","0.5","118","102",""
"SPORTSGAMEODDS","BEqPVrffLoMThfpT57LB","2026-09-27T00:40:00.000Z","Arizona Diamondbacks @ San Diego Padres","Arizona Diamondbacks","San Diego Padres","3","full","FULL_INNING_TOTAL","under","","points-all-3i-ou-under","fanduel","0.5","false","-124","2026-09-26T13:25:34.000Z","0.5","0.5","-118","-140","https://sportsbook.fanduel.com/addToBetslip?marketId=717.188571240&selectionId=7017906"
"SPORTSGAMEODDS","BEqPVrffLoMThfpT57LB","2026-09-27T00:40:00.000Z","Arizona Diamondbacks @ San Diego Padres","Arizona Diamondbacks","San Diego Padres","3","full","FULL_INNING_TOTAL","under","","points-all-3i-ou-under","fanduel","1.5","true","-340","2026-09-26T13:25:34.000Z","0.5","0.5","","","https://sportsbook.fanduel.com/addToBetslip?marketId=717.188571240&selectionId=7017906"
"SPORTSGAMEODDS","BEqPVrffLoMThfpT57LB","2026-09-27T00:40:00.000Z","Arizona Diamondbacks @ San Diego Padres","Arizona Diamondbacks","San Diego Padres","3","full","FULL_INNING_TOTAL","under","","points-all-3i-ou-under","draftkings","0.5","false","-140","2026-09-26T13:25:36.276Z","0.5","0.5","-118","-140",""
"SPORTSGAMEODDS","BEqPVrffLoMThfpT57LB","2026-09-27T00:40:00.000Z","Arizona Diamondbacks @ San Diego Padres","Arizona Diamondbacks","San Diego Padres","3","full","FULL_INNING_TOTAL","under","","points-all-3i-ou-under","draftkings","1.5","true","-370","2026-09-26T13:25:36.276Z","0.5","0.5","","",""
"SPORTSGAMEODDS","BEqPVrffLoMThfpT57LB","2026-09-27T00:40:00.000Z","Arizona Diamondbacks @ San Diego Padres","Arizona Diamondbacks","San Diego Padres","3","full","FULL_INNING_TOTAL","under","","points-all-3i-ou-under","fliff","0.5","false","-150","2026-09-26T13:23:52.193Z","0.5","0.5","-118","-140",""
"SPORTSGAMEODDS","BEqPVrffLoMThfpT57LB","2026-09-27T00:40:00.000Z","Arizona Diamondbacks @ San Diego Padres","Arizona Diamondbacks","San Diego Padres","4","full","FULL_INNING_3WAY","draw","","points-all-4i-ml3way-draw","fanduel","","false","-140","2026-09-26T13:25:34.000Z","","","","","https://sportsbook.fanduel.com/addToBetslip?marketId=717.188571275&selectionId=131604"
"SPORTSGAMEODDS","BEqPVrffLoMThfpT57LB","2026-09-27T00:40:00.000Z","Arizona Diamondbacks @ San Diego Padres","Arizona Diamondbacks","San Diego Padres","4","full","FULL_INNING_3WAY","draw","","points-all-4i-ml3way-draw","draftkings","","false","-155","2026-09-26T13:25:36.276Z","","","","",""
"SPORTSGAMEODDS","BEqPVrffLoMThfpT57LB","2026-09-27T00:40:00.000Z","Arizona Diamondbacks @ San Diego Padres","Arizona Diamondbacks","San Diego Padres","4","full","FULL_INNING_TOTAL","over","","points-all-4i-ou-over","fanduel","0.5","false","100","2026-09-26T13:25:34.000Z","0.5","0.5","117","100","https://sportsbook.fanduel.com/addToBetslip?marketId=717.188571308&selectionId=7017905"
"SPORTSGAMEODDS","BEqPVrffLoMThfpT57LB","2026-09-27T00:40:00.000Z","Arizona Diamondbacks @ San Diego Padres","Arizona Diamondbacks","San Diego Padres","4","full","FULL_INNING_TOTAL","over","","points-all-4i-ou-over","fanduel","1.5","true","270","2026-09-26T13:25:34.000Z","0.5","0.5","","","https://sportsbook.fanduel.com/addToBetslip?marketId=717.188571308&selectionId=7017905"
"SPORTSGAMEODDS","BEqPVrffLoMThfpT57LB","2026-09-27T00:40:00.000Z","Arizona Diamondbacks @ San Diego Padres","Arizona Diamondbacks","San Diego Padres","4","full","FULL_INNING_TOTAL","over","","points-all-4i-ou-over","draftkings","0.5","false","100","2026-09-26T13:25:36.276Z","0.5","0.5","117","100",""
"SPORTSGAMEODDS","BEqPVrffLoMThfpT57LB","2026-09-27T00:40:00.000Z","Arizona Diamondbacks @ San Diego Padres","Arizona Diamondbacks","San Diego Padres","4","full","FULL_INNING_TOTAL","over","","points-all-4i-ou-over","draftkings","1.5","true","260","2026-09-26T13:25:36.276Z","0.5","0.5","","",""
"SPORTSGAMEODDS","BEqPVrffLoMThfpT57LB","2026-09-27T00:40:00.000Z","Arizona Diamondbacks @ San Diego Padres","Arizona Diamondbacks","San Diego Padres","4","full","FULL_INNING_TOTAL","over","","points-all-4i-ou-over","fliff","0.5","false","-110","2026-09-26T13:23:52.193Z","0.5","0.5","117","100",""
"SPORTSGAMEODDS","BEqPVrffLoMThfpT57LB","2026-09-27T00:40:00.000Z","Arizona Diamondbacks @ San Diego Padres","Arizona Diamondbacks","San Diego Padres","4","full","FULL_INNING_TOTAL","under","","points-all-4i-ou-under","fanduel","0.5","false","-122","2026-09-26T13:25:34.000Z","0.5","0.5","-117","-140","https://sportsbook.fanduel.com/addToBetslip?marketId=717.188571308&selectionId=7017906"
"SPORTSGAMEODDS","BEqPVrffLoMThfpT57LB","2026-09-27T00:40:00.000Z","Arizona Diamondbacks @ San Diego Padres","Arizona Diamondbacks","San Diego Padres","4","full","FULL_INNING_TOTAL","under","","points-all-4i-ou-under","fanduel","1.5","true","-355","2026-09-26T13:25:34.000Z","0.5","0.5","","","https://sportsbook.fanduel.com/addToBetslip?marketId=717.188571308&selectionId=7017906"
"SPORTSGAMEODDS","BEqPVrffLoMThfpT57LB","2026-09-27T00:40:00.000Z","Arizona Diamondbacks @ San Diego Padres","Arizona Diamondbacks","San Diego Padres","4","full","FULL_INNING_TOTAL","under","","points-all-4i-ou-under","draftkings","0.5","false","-140","2026-09-26T13:25:36.276Z","0.5","0.5","-117","-140",""
"SPORTSGAMEODDS","BEqPVrffLoMThfpT57LB","2026-09-27T00:40:00.000Z","Arizona Diamondbacks @ San Diego Padres","Arizona Diamondbacks","San Diego Padres","4","full","FULL_INNING_TOTAL","under","","points-all-4i-ou-under","draftkings","1.5","true","-360","2026-09-26T13:25:36.276Z","0.5","0.5","","",""
"SPORTSGAMEODDS","BEqPVrffLoMThfpT57LB","2026-09-27T00:40:00.000Z","Arizona Diamondbacks @ San Diego Padres","Arizona Diamondbacks","San Diego Padres","4","full","FULL_INNING_TOTAL","under","","points-all-4i-ou-under","fliff","0.5","false","-145","2026-09-26T13:23:52.193Z","0.5","0.5","-117","-140",""
"SPORTSGAMEODDS","BEqPVrffLoMThfpT57LB","2026-09-27T00:40:00.000Z","Arizona Diamondbacks @ San Diego Padres","Arizona Diamondbacks","San Diego Padres","5","full","FULL_INNING_3WAY","draw","","points-all-5i-ml3way-draw","fanduel","","false","-150","2026-09-26T13:25:34.000Z","","","","","https://sportsbook.fanduel.com/addToBetslip?marketId=717.188571315&selectionId=131604"
"SPORTSGAMEODDS","BEqPVrffLoMThfpT57LB","2026-09-27T00:40:00.000Z","Arizona Diamondbacks @ San Diego Padres","Arizona Diamondbacks","San Diego Padres","5","full","FULL_INNING_3WAY","draw","","points-all-5i-ml3way-draw","draftkings","","false","-160","2026-09-26T13:25:36.276Z","","","","",""
"SPORTSGAMEODDS","BEqPVrffLoMThfpT57LB","2026-09-27T00:40:00.000Z","Arizona Diamondbacks @ San Diego Padres","Arizona Diamondbacks","San Diego Padres","5","full","FULL_INNING_TOTAL","over","","points-all-5i-ou-over","fanduel","0.5","false","108","2026-09-26T13:25:34.000Z","0.5","0.5","120","105","https://sportsbook.fanduel.com/addToBetslip?marketId=717.188571421&selectionId=7017905"
"SPORTSGAMEODDS","BEqPVrffLoMThfpT57LB","2026-09-27T00:40:00.000Z","Arizona Diamondbacks @ San Diego Padres","Arizona Diamondbacks","San Diego Padres","5","full","FULL_INNING_TOTAL","over","","points-all-5i-ou-over","fanduel","1.5","true","290","2026-09-26T13:25:34.000Z","0.5","0.5","","","https://sportsbook.fanduel.com/addToBetslip?marketId=717.188571421&selectionId=7017905"
"SPORTSGAMEODDS","BEqPVrffLoMThfpT57LB","2026-09-27T00:40:00.000Z","Arizona Diamondbacks @ San Diego Padres","Arizona Diamondbacks","San Diego Padres","5","full","FULL_INNING_TOTAL","over","","points-all-5i-ou-over","draftkings","0.5","false","105","2026-09-26T13:25:36.276Z","0.5","0.5","120","105",""
"SPORTSGAMEODDS","BEqPVrffLoMThfpT57LB","2026-09-27T00:40:00.000Z","Arizona Diamondbacks @ San Diego Padres","Arizona Diamondbacks","San Diego Padres","5","full","FULL_INNING_TOTAL","over","","points-all-5i-ou-over","draftkings","1.5","true","260","2026-09-26T13:25:36.276Z","0.5","0.5","","",""
"SPORTSGAMEODDS","BEqPVrffLoMThfpT57LB","2026-09-27T00:40:00.000Z","Arizona Diamondbacks @ San Diego Padres","Arizona Diamondbacks","San Diego Padres","5","full","FULL_INNING_TOTAL","over","","points-all-5i-ou-over","fliff","0.5","false","-105","2026-09-26T13:23:52.193Z","0.5","0.5","120","105",""
"SPORTSGAMEODDS","BEqPVrffLoMThfpT57LB","2026-09-27T00:40:00.000Z","Arizona Diamondbacks @ San Diego Padres","Arizona Diamondbacks","San Diego Padres","5","full","FULL_INNING_TOTAL","under","","points-all-5i-ou-under","fanduel","0.5","false","-132","2026-09-26T13:25:34.000Z","0.5","0.5","-120","-140","https://sportsbook.fanduel.com/addToBetslip?marketId=717.188571421&selectionId=7017906"
"SPORTSGAMEODDS","BEqPVrffLoMThfpT57LB","2026-09-27T00:40:00.000Z","Arizona Diamondbacks @ San Diego Padres","Arizona Diamondbacks","San Diego Padres","5","full","FULL_INNING_TOTAL","under","","points-all-5i-ou-under","fanduel","1.5","true","-385","2026-09-26T13:25:34.000Z","0.5","0.5","","","https://sportsbook.fanduel.com/addToBetslip?marketId=717.188571421&selectionId=7017906"
"SPORTSGAMEODDS","BEqPVrffLoMThfpT57LB","2026-09-27T00:40:00.000Z","Arizona Diamondbacks @ San Diego Padres","Arizona Diamondbacks","San Diego Padres","5","full","FULL_INNING_TOTAL","under","","points-all-5i-ou-under","draftkings","0.5","false","-140","2026-09-26T13:25:36.276Z","0.5","0.5","-120","-140",""
"SPORTSGAMEODDS","BEqPVrffLoMThfpT57LB","2026-09-27T00:40:00.000Z","Arizona Diamondbacks @ San Diego Padres","Arizona Diamondbacks","San Diego Padres","5","full","FULL_INNING_TOTAL","under","","points-all-5i-ou-under","draftkings","1.5","true","-370","2026-09-26T13:25:36.276Z","0.5","0.5","","",""
"SPORTSGAMEODDS","BEqPVrffLoMThfpT57LB","2026-09-27T00:40:00.000Z","Arizona Diamondbacks @ San Diego Padres","Arizona Diamondbacks","San Diego Padres","5","full","FULL_INNING_TOTAL","under","","points-all-5i-ou-under","fliff","0.5","false","-150","2026-09-26T13:23:52.193Z","0.5","0.5","-120","-140",""
"SPORTSGAMEODDS","BEqPVrffLoMThfpT57LB","2026-09-27T00:40:00.000Z","Arizona Diamondbacks @ San Diego Padres","Arizona Diamondbacks","San Diego Padres","6","full","FULL_INNING_3WAY","draw","","points-all-6i-ml3way-draw","fanduel","","false","-165","2026-09-26T13:25:34.000Z","","","","","https://sportsbook.fanduel.com/addToBetslip?marketId=717.188571260&selectionId=131604"
"SPORTSGAMEODDS","BEqPVrffLoMThfpT57LB","2026-09-27T00:40:00.000Z","Arizona Diamondbacks @ San Diego Padres","Arizona Diamondbacks","San Diego Padres","6","full","FULL_INNING_3WAY","draw","","points-all-6i-ml3way-draw","draftkings","","false","-170","2026-09-26T13:25:36.276Z","","","","",""
"SPORTSGAMEODDS","BEqPVrffLoMThfpT57LB","2026-09-27T00:40:00.000Z","Arizona Diamondbacks @ San Diego Padres","Arizona Diamondbacks","San Diego Padres","6","full","FULL_INNING_TOTAL","over","","points-all-6i-ou-over","fanduel","0.5","false","116","2026-09-26T13:25:34.000Z","0.5","0.5","126","110","https://sportsbook.fanduel.com/addToBetslip?marketId=717.188571246&selectionId=7017905"
"SPORTSGAMEODDS","BEqPVrffLoMThfpT57LB","2026-09-27T00:40:00.000Z","Arizona Diamondbacks @ San Diego Padres","Arizona Diamondbacks","San Diego Padres","6","full","FULL_INNING_TOTAL","over","","points-all-6i-ou-over","fanduel","1.5","true","310","2026-09-26T13:25:34.000Z","0.5","0.5","","","https://sportsbook.fanduel.com/addToBetslip?marketId=717.188571246&selectionId=7017905"
"SPORTSGAMEODDS","BEqPVrffLoMThfpT57LB","2026-09-27T00:40:00.000Z","Arizona Diamondbacks @ San Diego Padres","Arizona Diamondbacks","San Diego Padres","6","full","FULL_INNING_TOTAL","over","","points-all-6i-ou-over","draftkings","0.5","false","110","2026-09-26T13:25:36.276Z","0.5","0.5","126","110",""
"SPORTSGAMEODDS","BEqPVrffLoMThfpT57LB","2026-09-27T00:40:00.000Z","Arizona Diamondbacks @ San Diego Padres","Arizona Diamondbacks","San Diego Padres","6","full","FULL_INNING_TOTAL","over","","points-all-6i-ou-over","draftkings","1.5","true","290","2026-09-26T13:25:36.276Z","0.5","0.5","","",""
"SPORTSGAMEODDS","BEqPVrffLoMThfpT57LB","2026-09-27T00:40:00.000Z","Arizona Diamondbacks @ San Diego Padres","Arizona Diamondbacks","San Diego Padres","6","full","FULL_INNING_TOTAL","over","","points-all-6i-ou-over","fliff","0.5","false","100","2026-09-26T13:23:52.193Z","0.5","0.5","126","110",""
"SPORTSGAMEODDS","BEqPVrffLoMThfpT57LB","2026-09-27T00:40:00.000Z","Arizona Diamondbacks @ San Diego Padres","Arizona Diamondbacks","San Diego Padres","6","full","FULL_INNING_TOTAL","under","","points-all-6i-ou-under","fanduel","0.5","false","-142","2026-09-26T13:25:34.000Z","0.5","0.5","-126","-150","https://sportsbook.fanduel.com/addToBetslip?marketId=717.188571246&selectionId=7017906"
"SPORTSGAMEODDS","BEqPVrffLoMThfpT57LB","2026-09-27T00:40:00.000Z","Arizona Diamondbacks @ San Diego Padres","Arizona Diamondbacks","San Diego Padres","6","full","FULL_INNING_TOTAL","under","","points-all-6i-ou-under","fanduel","1.5","true","-420","2026-09-26T13:25:34.000Z","0.5","0.5","","","https://sportsbook.fanduel.com/addToBetslip?marketId=717.188571246&selectionId=7017906"
"SPORTSGAMEODDS","BEqPVrffLoMThfpT57LB","2026-09-27T00:40:00.000Z","Arizona Diamondbacks @ San Diego Padres","Arizona Diamondbacks","San Diego Padres","6","full","FULL_INNING_TOTAL","under","","points-all-6i-ou-under","draftkings","0.5","false","-150","2026-09-26T13:25:36.276Z","0.5","0.5","-126","-150",""
"SPORTSGAMEODDS","BEqPVrffLoMThfpT57LB","2026-09-27T00:40:00.000Z","Arizona Diamondbacks @ San Diego Padres","Arizona Diamondbacks","San Diego Padres","6","full","FULL_INNING_TOTAL","under","","points-all-6i-ou-under","draftkings","1.5","true","-425","2026-09-26T13:25:36.276Z","0.5","0.5","","",""
"SPORTSGAMEODDS","BEqPVrffLoMThfpT57LB","2026-09-27T00:40:00.000Z","Arizona Diamondbacks @ San Diego Padres","Arizona Diamondbacks","San Diego Padres","6","full","FULL_INNING_TOTAL","under","","points-all-6i-ou-under","fliff","0.5","false","-160","2026-09-26T13:23:52.193Z","0.5","0.5","-126","-150",""
"SPORTSGAMEODDS","BEqPVrffLoMThfpT57LB","2026-09-27T00:40:00.000Z","Arizona Diamondbacks @ San Diego Padres","Arizona Diamondbacks","San Diego Padres","7","full","FULL_INNING_3WAY","draw","","points-all-7i-ml3way-draw","fanduel","","false","-185","2026-09-26T13:25:34.000Z","","","","","https://sportsbook.fanduel.com/addToBetslip?marketId=717.188571364&selectionId=131604"
"SPORTSGAMEODDS","BEqPVrffLoMThfpT57LB","2026-09-27T00:40:00.000Z","Arizona Diamondbacks @ San Diego Padres","Arizona Diamondbacks","San Diego Padres","7","full","FULL_INNING_3WAY","draw","","points-all-7i-ml3way-draw","draftkings","","false","-175","2026-09-26T13:25:36.276Z","","","","",""
"SPORTSGAMEODDS","BEqPVrffLoMThfpT57LB","2026-09-27T00:40:00.000Z","Arizona Diamondbacks @ San Diego Padres","Arizona Diamondbacks","San Diego Padres","7","full","FULL_INNING_TOTAL","over","","points-all-7i-ou-over","fanduel","0.5","false","136","2026-09-26T13:25:34.000Z","0.5","0.5","135","115","https://sportsbook.fanduel.com/addToBetslip?marketId=717.188571316&selectionId=7017905"
"SPORTSGAMEODDS","BEqPVrffLoMThfpT57LB","2026-09-27T00:40:00.000Z","Arizona Diamondbacks @ San Diego Padres","Arizona Diamondbacks","San Diego Padres","7","full","FULL_INNING_TOTAL","over","","points-all-7i-ou-over","fanduel","1.5","true","360","2026-09-26T13:25:34.000Z","0.5","0.5","","","https://sportsbook.fanduel.com/addToBetslip?marketId=717.188571316&selectionId=7017905"
"SPORTSGAMEODDS","BEqPVrffLoMThfpT57LB","2026-09-27T00:40:00.000Z","Arizona Diamondbacks @ San Diego Padres","Arizona Diamondbacks","San Diego Padres","7","full","FULL_INNING_TOTAL","over","","points-all-7i-ou-over","draftkings","0.5","false","115","2026-09-26T13:25:36.276Z","0.5","0.5","135","115",""
"SPORTSGAMEODDS","BEqPVrffLoMThfpT57LB","2026-09-27T00:40:00.000Z","Arizona Diamondbacks @ San Diego Padres","Arizona Diamondbacks","San Diego Padres","7","full","FULL_INNING_TOTAL","over","","points-all-7i-ou-over","draftkings","1.5","true","290","2026-09-26T13:25:36.276Z","0.5","0.5","","",""
"SPORTSGAMEODDS","BEqPVrffLoMThfpT57LB","2026-09-27T00:40:00.000Z","Arizona Diamondbacks @ San Diego Padres","Arizona Diamondbacks","San Diego Padres","7","full","FULL_INNING_TOTAL","over","","points-all-7i-ou-over","fliff","0.5","false","115","2026-09-26T13:23:52.193Z","0.5","0.5","135","115",""
"SPORTSGAMEODDS","BEqPVrffLoMThfpT57LB","2026-09-27T00:40:00.000Z","Arizona Diamondbacks @ San Diego Padres","Arizona Diamondbacks","San Diego Padres","7","full","FULL_INNING_TOTAL","under","","points-all-7i-ou-under","fanduel","0.5","false","-168","2026-09-26T13:25:34.000Z","0.5","0.5","-135","-168","https://sportsbook.fanduel.com/addToBetslip?marketId=717.188571316&selectionId=7017906"
"SPORTSGAMEODDS","BEqPVrffLoMThfpT57LB","2026-09-27T00:40:00.000Z","Arizona Diamondbacks @ San Diego Padres","Arizona Diamondbacks","San Diego Padres","7","full","FULL_INNING_TOTAL","under","","points-all-7i-ou-under","fanduel","1.5","true","-500","2026-09-26T13:25:34.000Z","0.5","0.5","","","https://sportsbook.fanduel.com/addToBetslip?marketId=717.188571316&selectionId=7017906"
"SPORTSGAMEODDS","BEqPVrffLoMThfpT57LB","2026-09-27T00:40:00.000Z","Arizona Diamondbacks @ San Diego Padres","Arizona Diamondbacks","San Diego Padres","7","full","FULL_INNING_TOTAL","under","","points-all-7i-ou-under","draftkings","0.5","false","-155","2026-09-26T13:25:36.276Z","0.5","0.5","-135","-168",""
"SPORTSGAMEODDS","BEqPVrffLoMThfpT57LB","2026-09-27T00:40:00.000Z","Arizona Diamondbacks @ San Diego Padres","Arizona Diamondbacks","San Diego Padres","7","full","FULL_INNING_TOTAL","under","","points-all-7i-ou-under","draftkings","1.5","true","-425","2026-09-26T13:25:36.276Z","0.5","0.5","","",""
"SPORTSGAMEODDS","BEqPVrffLoMThfpT57LB","2026-09-27T00:40:00.000Z","Arizona Diamondbacks @ San Diego Padres","Arizona Diamondbacks","San Diego Padres","7","full","FULL_INNING_TOTAL","under","","points-all-7i-ou-under","fliff","0.5","false","-185","2026-09-26T13:23:52.193Z","0.5","0.5","-135","-168",""
"SPORTSGAMEODDS","BEqPVrffLoMThfpT57LB","2026-09-27T00:40:00.000Z","Arizona Diamondbacks @ San Diego Padres","Arizona Diamondbacks","San Diego Padres","8","full","FULL_INNING_3WAY","draw","","points-all-8i-ml3way-draw","fanduel","","false","-185","2026-09-26T13:25:34.000Z","","","","","https://sportsbook.fanduel.com/addToBetslip?marketId=717.188571293&selectionId=131604"
"SPORTSGAMEODDS","BEqPVrffLoMThfpT57LB","2026-09-27T00:40:00.000Z","Arizona Diamondbacks @ San Diego Padres","Arizona Diamondbacks","San Diego Padres","8","full","FULL_INNING_3WAY","draw","","points-all-8i-ml3way-draw","draftkings","","false","-170","2026-09-26T13:25:36.276Z","","","","",""
"SPORTSGAMEODDS","BEqPVrffLoMThfpT57LB","2026-09-27T00:40:00.000Z","Arizona Diamondbacks @ San Diego Padres","Arizona Diamondbacks","San Diego Padres","8","full","FULL_INNING_TOTAL","over","","points-all-8i-ou-over","fanduel","0.5","false","132","2026-09-26T13:25:34.000Z","0.5","0.5","133","115","https://sportsbook.fanduel.com/addToBetslip?marketId=717.188571288&selectionId=7017905"
"SPORTSGAMEODDS","BEqPVrffLoMThfpT57LB","2026-09-27T00:40:00.000Z","Arizona Diamondbacks @ San Diego Padres","Arizona Diamondbacks","San Diego Padres","8","full","FULL_INNING_TOTAL","over","","points-all-8i-ou-over","fanduel","1.5","true","350","2026-09-26T13:25:34.000Z","0.5","0.5","","","https://sportsbook.fanduel.com/addToBetslip?marketId=717.188571288&selectionId=7017905"
"SPORTSGAMEODDS","BEqPVrffLoMThfpT57LB","2026-09-27T00:40:00.000Z","Arizona Diamondbacks @ San Diego Padres","Arizona Diamondbacks","San Diego Padres","8","full","FULL_INNING_TOTAL","over","","points-all-8i-ou-over","draftkings","0.5","false","110","2026-09-26T13:25:36.276Z","0.5","0.5","133","115",""
"SPORTSGAMEODDS","BEqPVrffLoMThfpT57LB","2026-09-27T00:40:00.000Z","Arizona Diamondbacks @ San Diego Padres","Arizona Diamondbacks","San Diego Padres","8","full","FULL_INNING_TOTAL","over","","points-all-8i-ou-over","draftkings","1.5","true","280","2026-09-26T13:25:36.276Z","0.5","0.5","","",""
"SPORTSGAMEODDS","BEqPVrffLoMThfpT57LB","2026-09-27T00:40:00.000Z","Arizona Diamondbacks @ San Diego Padres","Arizona Diamondbacks","San Diego Padres","8","full","FULL_INNING_TOTAL","over","","points-all-8i-ou-over","fliff","0.5","false","115","2026-09-26T13:23:52.193Z","0.5","0.5","133","115",""
"SPORTSGAMEODDS","BEqPVrffLoMThfpT57LB","2026-09-27T00:40:00.000Z","Arizona Diamondbacks @ San Diego Padres","Arizona Diamondbacks","San Diego Padres","8","full","FULL_INNING_TOTAL","under","","points-all-8i-ou-under","fanduel","0.5","false","-162","2026-09-26T13:25:34.000Z","0.5","0.5","-133","-162","https://sportsbook.fanduel.com/addToBetslip?marketId=717.188571288&selectionId=7017906"
"SPORTSGAMEODDS","BEqPVrffLoMThfpT57LB","2026-09-27T00:40:00.000Z","Arizona Diamondbacks @ San Diego Padres","Arizona Diamondbacks","San Diego Padres","8","full","FULL_INNING_TOTAL","under","","points-all-8i-ou-under","fanduel","1.5","true","-460","2026-09-26T13:25:34.000Z","0.5","0.5","","","https://sportsbook.fanduel.com/addToBetslip?marketId=717.188571288&selectionId=7017906"
"SPORTSGAMEODDS","BEqPVrffLoMThfpT57LB","2026-09-27T00:40:00.000Z","Arizona Diamondbacks @ San Diego Padres","Arizona Diamondbacks","San Diego Padres","8","full","FULL_INNING_TOTAL","under","","points-all-8i-ou-under","draftkings","0.5","false","-150","2026-09-26T13:25:36.276Z","0.5","0.5","-133","-162",""
"SPORTSGAMEODDS","BEqPVrffLoMThfpT57LB","2026-09-27T00:40:00.000Z","Arizona Diamondbacks @ San Diego Padres","Arizona Diamondbacks","San Diego Padres","8","full","FULL_INNING_TOTAL","under","","points-all-8i-ou-under","draftkings","1.5","true","-400","2026-09-26T13:25:36.276Z","0.5","0.5","","",""
"SPORTSGAMEODDS","BEqPVrffLoMThfpT57LB","2026-09-27T00:40:00.000Z","Arizona Diamondbacks @ San Diego Padres","Arizona Diamondbacks","San Diego Padres","8","full","FULL_INNING_TOTAL","under","","points-all-8i-ou-under","fliff","0.5","false","-185","2026-09-26T13:23:52.193Z","0.5","0.5","-133","-162",""
"SPORTSGAMEODDS","BEqPVrffLoMThfpT57LB","2026-09-27T00:40:00.000Z","Arizona Diamondbacks @ San Diego Padres","Arizona Diamondbacks","San Diego Padres","9","full","FULL_INNING_3WAY","draw","","points-all-9i-ml3way-draw","fanduel","","false","-300","2026-09-26T13:25:34.000Z","","","","","https://sportsbook.fanduel.com/addToBetslip?marketId=717.188571302&selectionId=131604"
"SPORTSGAMEODDS","BEqPVrffLoMThfpT57LB","2026-09-27T00:40:00.000Z","Arizona Diamondbacks @ San Diego Padres","Arizona Diamondbacks","San Diego Padres","9","full","FULL_INNING_3WAY","draw","","points-all-9i-ml3way-draw","draftkings","","false","-260","2026-09-26T13:25:36.276Z","","","","",""
"SPORTSGAMEODDS","BEqPVrffLoMThfpT57LB","2026-09-27T00:40:00.000Z","Arizona Diamondbacks @ San Diego Padres","Arizona Diamondbacks","San Diego Padres","9","full","FULL_INNING_TOTAL","over","","points-all-9i-ou-over","fanduel","1.5","false","490","2026-09-26T13:25:34.000Z","","1.5","","456","https://sportsbook.fanduel.com/addToBetslip?marketId=717.188571297&selectionId=7017905"
"SPORTSGAMEODDS","BEqPVrffLoMThfpT57LB","2026-09-27T00:40:00.000Z","Arizona Diamondbacks @ San Diego Padres","Arizona Diamondbacks","San Diego Padres","9","full","FULL_INNING_TOTAL","over","","points-all-9i-ou-over","draftkings","1.5","false","425","2026-09-26T13:25:36.276Z","","1.5","","456",""
"SPORTSGAMEODDS","BEqPVrffLoMThfpT57LB","2026-09-27T00:40:00.000Z","Arizona Diamondbacks @ San Diego Padres","Arizona Diamondbacks","San Diego Padres","9","full","FULL_INNING_TOTAL","over","","points-all-9i-ou-over","draftkings","0.5","true","165","2026-09-26T13:25:36.276Z","","1.5","","",""
"SPORTSGAMEODDS","BEqPVrffLoMThfpT57LB","2026-09-27T00:40:00.000Z","Arizona Diamondbacks @ San Diego Padres","Arizona Diamondbacks","San Diego Padres","9","full","FULL_INNING_TOTAL","under","","points-all-9i-ou-under","fanduel","1.5","false","-800","2026-09-26T13:25:34.000Z","","1.5","","-718","https://sportsbook.fanduel.com/addToBetslip?marketId=717.188571297&selectionId=7017906"
"SPORTSGAMEODDS","BEqPVrffLoMThfpT57LB","2026-09-27T00:40:00.000Z","Arizona Diamondbacks @ San Diego Padres","Arizona Diamondbacks","San Diego Padres","9","full","FULL_INNING_TOTAL","under","","points-all-9i-ou-under","draftkings","1.5","false","-650","2026-09-26T13:25:36.276Z","","1.5","","-718",""
"SPORTSGAMEODDS","BEqPVrffLoMThfpT57LB","2026-09-27T00:40:00.000Z","Arizona Diamondbacks @ San Diego Padres","Arizona Diamondbacks","San Diego Padres","9","full","FULL_INNING_TOTAL","under","","points-all-9i-ou-under","draftkings","0.5","true","-225","2026-09-26T13:25:36.276Z","","1.5","","",""
"SPORTSGAMEODDS","BEqPVrffLoMThfpT57LB","2026-09-27T00:40:00.000Z","Arizona Diamondbacks @ San Diego Padres","Arizona Diamondbacks","San Diego Padres","2","full","FULL_INNING_3WAY","away","","points-away-2i-ml3way-away","fanduel","","false","340","2026-09-26T13:25:34.000Z","","","","","https://sportsbook.fanduel.com/addToBetslip?marketId=717.188571383&selectionId=29165"
"SPORTSGAMEODDS","BEqPVrffLoMThfpT57LB","2026-09-27T00:40:00.000Z","Arizona Diamondbacks @ San Diego Padres","Arizona Diamondbacks","San Diego Padres","2","full","FULL_INNING_3WAY","away","","points-away-2i-ml3way-away","draftkings","","false","330","2026-09-26T13:25:36.276Z","","","","",""
"SPORTSGAMEODDS","BEqPVrffLoMThfpT57LB","2026-09-27T00:40:00.000Z","Arizona Diamondbacks @ San Diego Padres","Arizona Diamondbacks","San Diego Padres","3","full","FULL_INNING_3WAY","away","","points-away-3i-ml3way-away","fanduel","","false","330","2026-09-26T13:25:34.000Z","","","","","https://sportsbook.fanduel.com/addToBetslip?marketId=717.188571270&selectionId=29165"
"SPORTSGAMEODDS","BEqPVrffLoMThfpT57LB","2026-09-27T00:40:00.000Z","Arizona Diamondbacks @ San Diego Padres","Arizona Diamondbacks","San Diego Padres","3","full","FULL_INNING_3WAY","away","","points-away-3i-ml3way-away","draftkings","","false","330","2026-09-26T13:25:36.276Z","","","","",""
"SPORTSGAMEODDS","BEqPVrffLoMThfpT57LB","2026-09-27T00:40:00.000Z","Arizona Diamondbacks @ San Diego Padres","Arizona Diamondbacks","San Diego Padres","4","full","FULL_INNING_3WAY","away","","points-away-4i-ml3way-away","fanduel","","false","320","2026-09-26T13:25:34.000Z","","","","","https://sportsbook.fanduel.com/addToBetslip?marketId=717.188571275&selectionId=29165"
"SPORTSGAMEODDS","BEqPVrffLoMThfpT57LB","2026-09-27T00:40:00.000Z","Arizona Diamondbacks @ San Diego Padres","Arizona Diamondbacks","San Diego Padres","4","full","FULL_INNING_3WAY","away","","points-away-4i-ml3way-away","draftkings","","false","320","2026-09-26T13:25:36.276Z","","","","",""
"SPORTSGAMEODDS","BEqPVrffLoMThfpT57LB","2026-09-27T00:40:00.000Z","Arizona Diamondbacks @ San Diego Padres","Arizona Diamondbacks","San Diego Padres","5","full","FULL_INNING_3WAY","away","","points-away-5i-ml3way-away","fanduel","","false","330","2026-09-26T13:25:34.000Z","","","","","https://sportsbook.fanduel.com/addToBetslip?marketId=717.188571315&selectionId=29165"
"SPORTSGAMEODDS","BEqPVrffLoMThfpT57LB","2026-09-27T00:40:00.000Z","Arizona Diamondbacks @ San Diego Padres","Arizona Diamondbacks","San Diego Padres","5","full","FULL_INNING_3WAY","away","","points-away-5i-ml3way-away","draftkings","","false","340","2026-09-26T13:25:36.276Z","","","","",""
"SPORTSGAMEODDS","BEqPVrffLoMThfpT57LB","2026-09-27T00:40:00.000Z","Arizona Diamondbacks @ San Diego Padres","Arizona Diamondbacks","San Diego Padres","6","full","FULL_INNING_3WAY","away","","points-away-6i-ml3way-away","fanduel","","false","350","2026-09-26T13:25:34.000Z","","","","","https://sportsbook.fanduel.com/addToBetslip?marketId=717.188571260&selectionId=29165"
"SPORTSGAMEODDS","BEqPVrffLoMThfpT57LB","2026-09-27T00:40:00.000Z","Arizona Diamondbacks @ San Diego Padres","Arizona Diamondbacks","San Diego Padres","6","full","FULL_INNING_3WAY","away","","points-away-6i-ml3way-away","draftkings","","false","310","2026-09-26T13:25:36.276Z","","","","",""
"SPORTSGAMEODDS","BEqPVrffLoMThfpT57LB","2026-09-27T00:40:00.000Z","Arizona Diamondbacks @ San Diego Padres","Arizona Diamondbacks","San Diego Padres","7","full","FULL_INNING_3WAY","away","","points-away-7i-ml3way-away","fanduel","","false","380","2026-09-26T13:25:34.000Z","","","","","https://sportsbook.fanduel.com/addToBetslip?marketId=717.188571364&selectionId=29165"
"SPORTSGAMEODDS","BEqPVrffLoMThfpT57LB","2026-09-27T00:40:00.000Z","Arizona Diamondbacks @ San Diego Padres","Arizona Diamondbacks","San Diego Padres","7","full","FULL_INNING_3WAY","away","","points-away-7i-ml3way-away","draftkings","","false","360","2026-09-26T13:25:36.276Z","","","","",""
"SPORTSGAMEODDS","BEqPVrffLoMThfpT57LB","2026-09-27T00:40:00.000Z","Arizona Diamondbacks @ San Diego Padres","Arizona Diamondbacks","San Diego Padres","8","full","FULL_INNING_3WAY","away","","points-away-8i-ml3way-away","fanduel","","false","390","2026-09-26T13:25:34.000Z","","","","","https://sportsbook.fanduel.com/addToBetslip?marketId=717.188571293&selectionId=29165"
"SPORTSGAMEODDS","BEqPVrffLoMThfpT57LB","2026-09-27T00:40:00.000Z","Arizona Diamondbacks @ San Diego Padres","Arizona Diamondbacks","San Diego Padres","8","full","FULL_INNING_3WAY","away","","points-away-8i-ml3way-away","draftkings","","false","390","2026-09-26T13:25:36.276Z","","","","",""
"SPORTSGAMEODDS","BEqPVrffLoMThfpT57LB","2026-09-27T00:40:00.000Z","Arizona Diamondbacks @ San Diego Padres","Arizona Diamondbacks","San Diego Padres","9","full","FULL_INNING_3WAY","away","","points-away-9i-ml3way-away","fanduel","","false","370","2026-09-26T13:25:34.000Z","","","","","https://sportsbook.fanduel.com/addToBetslip?marketId=717.188571302&selectionId=29165"
"SPORTSGAMEODDS","BEqPVrffLoMThfpT57LB","2026-09-27T00:40:00.000Z","Arizona Diamondbacks @ San Diego Padres","Arizona Diamondbacks","San Diego Padres","9","full","FULL_INNING_3WAY","away","","points-away-9i-ml3way-away","draftkings","","false","340","2026-09-26T13:25:36.276Z","","","","",""
"SPORTSGAMEODDS","BEqPVrffLoMThfpT57LB","2026-09-27T00:40:00.000Z","Arizona Diamondbacks @ San Diego Padres","Arizona Diamondbacks","San Diego Padres","2","full","FULL_INNING_3WAY","home","","points-home-2i-ml3way-home","fanduel","","false","340","2026-09-26T13:25:34.000Z","","","","","https://sportsbook.fanduel.com/addToBetslip?marketId=717.188571383&selectionId=29177"
"SPORTSGAMEODDS","BEqPVrffLoMThfpT57LB","2026-09-27T00:40:00.000Z","Arizona Diamondbacks @ San Diego Padres","Arizona Diamondbacks","San Diego Padres","2","full","FULL_INNING_3WAY","home","","points-home-2i-ml3way-home","draftkings","","false","340","2026-09-26T13:25:36.276Z","","","","",""
"SPORTSGAMEODDS","BEqPVrffLoMThfpT57LB","2026-09-27T00:40:00.000Z","Arizona Diamondbacks @ San Diego Padres","Arizona Diamondbacks","San Diego Padres","3","full","FULL_INNING_3WAY","home","","points-home-3i-ml3way-home","fanduel","","false","310","2026-09-26T13:25:34.000Z","","","","","https://sportsbook.fanduel.com/addToBetslip?marketId=717.188571270&selectionId=29177"
"SPORTSGAMEODDS","BEqPVrffLoMThfpT57LB","2026-09-27T00:40:00.000Z","Arizona Diamondbacks @ San Diego Padres","Arizona Diamondbacks","San Diego Padres","3","full","FULL_INNING_3WAY","home","","points-home-3i-ml3way-home","draftkings","","false","320","2026-09-26T13:25:36.276Z","","","","",""
"SPORTSGAMEODDS","BEqPVrffLoMThfpT57LB","2026-09-27T00:40:00.000Z","Arizona Diamondbacks @ San Diego Padres","Arizona Diamondbacks","San Diego Padres","4","full","FULL_INNING_3WAY","home","","points-home-4i-ml3way-home","fanduel","","false","310","2026-09-26T13:25:34.000Z","","","","","https://sportsbook.fanduel.com/addToBetslip?marketId=717.188571275&selectionId=29177"
"SPORTSGAMEODDS","BEqPVrffLoMThfpT57LB","2026-09-27T00:40:00.000Z","Arizona Diamondbacks @ San Diego Padres","Arizona Diamondbacks","San Diego Padres","4","full","FULL_INNING_3WAY","home","","points-home-4i-ml3way-home","draftkings","","false","310","2026-09-26T13:25:36.276Z","","","","",""
"SPORTSGAMEODDS","BEqPVrffLoMThfpT57LB","2026-09-27T00:40:00.000Z","Arizona Diamondbacks @ San Diego Padres","Arizona Diamondbacks","San Diego Padres","5","full","FULL_INNING_3WAY","home","","points-home-5i-ml3way-home","fanduel","","false","320","2026-09-26T13:25:34.000Z","","","","","https://sportsbook.fanduel.com/addToBetslip?marketId=717.188571315&selectionId=29177"
"SPORTSGAMEODDS","BEqPVrffLoMThfpT57LB","2026-09-27T00:40:00.000Z","Arizona Diamondbacks @ San Diego Padres","Arizona Diamondbacks","San Diego Padres","5","full","FULL_INNING_3WAY","home","","points-home-5i-ml3way-home","draftkings","","false","295","2026-09-26T13:25:36.276Z","","","","",""
"SPORTSGAMEODDS","BEqPVrffLoMThfpT57LB","2026-09-27T00:40:00.000Z","Arizona Diamondbacks @ San Diego Padres","Arizona Diamondbacks","San Diego Padres","6","full","FULL_INNING_3WAY","home","","points-home-6i-ml3way-home","fanduel","","false","340","2026-09-26T13:25:34.000Z","","","","","https://sportsbook.fanduel.com/addToBetslip?marketId=717.188571260&selectionId=29177"
"SPORTSGAMEODDS","BEqPVrffLoMThfpT57LB","2026-09-27T00:40:00.000Z","Arizona Diamondbacks @ San Diego Padres","Arizona Diamondbacks","San Diego Padres","6","full","FULL_INNING_3WAY","home","","points-home-6i-ml3way-home","draftkings","","false","350","2026-09-26T13:25:36.276Z","","","","",""
"SPORTSGAMEODDS","BEqPVrffLoMThfpT57LB","2026-09-27T00:40:00.000Z","Arizona Diamondbacks @ San Diego Padres","Arizona Diamondbacks","San Diego Padres","7","full","FULL_INNING_3WAY","home","","points-home-7i-ml3way-home","fanduel","","false","380","2026-09-26T13:25:34.000Z","","","","","https://sportsbook.fanduel.com/addToBetslip?marketId=717.188571364&selectionId=29177"
"SPORTSGAMEODDS","BEqPVrffLoMThfpT57LB","2026-09-27T00:40:00.000Z","Arizona Diamondbacks @ San Diego Padres","Arizona Diamondbacks","San Diego Padres","7","full","FULL_INNING_3WAY","home","","points-home-7i-ml3way-home","draftkings","","false","320","2026-09-26T13:25:36.276Z","","","","",""
"SPORTSGAMEODDS","BEqPVrffLoMThfpT57LB","2026-09-27T00:40:00.000Z","Arizona Diamondbacks @ San Diego Padres","Arizona Diamondbacks","San Diego Padres","8","full","FULL_INNING_3WAY","home","","points-home-8i-ml3way-home","fanduel","","false","360","2026-09-26T13:25:34.000Z","","","","","https://sportsbook.fanduel.com/addToBetslip?marketId=717.188571293&selectionId=29177"
"SPORTSGAMEODDS","BEqPVrffLoMThfpT57LB","2026-09-27T00:40:00.000Z","Arizona Diamondbacks @ San Diego Padres","Arizona Diamondbacks","San Diego Padres","8","full","FULL_INNING_3WAY","home","","points-home-8i-ml3way-home","draftkings","","false","295","2026-09-26T13:25:36.276Z","","","","",""
"SPORTSGAMEODDS","BEqPVrffLoMThfpT57LB","2026-09-27T00:40:00.000Z","Arizona Diamondbacks @ San Diego Padres","Arizona Diamondbacks","San Diego Padres","9","full","FULL_INNING_3WAY","home","","points-home-9i-ml3way-home","fanduel","","false","700","2026-09-26T13:25:34.000Z","","","","","https://sportsbook.fanduel.com/addToBetslip?marketId=717.188571302&selectionId=29177"
"SPORTSGAMEODDS","BEqPVrffLoMThfpT57LB","2026-09-27T00:40:00.000Z","Arizona Diamondbacks @ San Diego Padres","Arizona Diamondbacks","San Diego Padres","9","full","FULL_INNING_3WAY","home","","points-home-9i-ml3way-home","draftkings","","false","550","2026-09-26T13:25:36.276Z","","","","",""
"SPORTSGAMEODDS","t9CdTwkN5JfPA2wNtr19","2026-09-27T01:40:00.000Z","Houston Astros @ Athletics","Houston Astros","Athletics","1","full","FULL_INNING_TOTAL","over","","points-all-1i-ou-over","novig","0.5","false","-108","2026-09-26T13:25:01.238Z","0.5","0.5","-107","-121","https://novig.com/events/01a0db6d-bda2-7440-98f8-a9a9686cf759/sportsgameodds"
"SPORTSGAMEODDS","t9CdTwkN5JfPA2wNtr19","2026-09-27T01:40:00.000Z","Houston Astros @ Athletics","Houston Astros","Athletics","1","full","FULL_INNING_TOTAL","over","","points-all-1i-ou-over","caesars","0.5","false","-121","2026-09-26T13:26:00.909Z","0.5","0.5","-107","-121","https://sportsbook.caesars.com/us/nj/bet/betslip?selectionIds=55c60215-2b41-3025-b07a-172991300540"
"SPORTSGAMEODDS","t9CdTwkN5JfPA2wNtr19","2026-09-27T01:40:00.000Z","Houston Astros @ Athletics","Houston Astros","Athletics","1","full","FULL_INNING_TOTAL","over","","points-all-1i-ou-over","draftkings","0.5","false","-140","2026-09-26T13:25:36.276Z","0.5","0.5","-107","-121",""
"SPORTSGAMEODDS","t9CdTwkN5JfPA2wNtr19","2026-09-27T01:40:00.000Z","Houston Astros @ Athletics","Houston Astros","Athletics","1","full","FULL_INNING_TOTAL","over","","points-all-1i-ou-over","draftkings","1.5","true","185","2026-09-26T13:25:36.276Z","0.5","0.5","","",""
"SPORTSGAMEODDS","t9CdTwkN5JfPA2wNtr19","2026-09-27T01:40:00.000Z","Houston Astros @ Athletics","Houston Astros","Athletics","1","full","FULL_INNING_TOTAL","over","","points-all-1i-ou-over","unknown","0.5","false","-136","2026-09-26T13:25:48.450Z","0.5","0.5","-107","-121",""
"SPORTSGAMEODDS","t9CdTwkN5JfPA2wNtr19","2026-09-27T01:40:00.000Z","Houston Astros @ Athletics","Houston Astros","Athletics","1","full","FULL_INNING_TOTAL","over","","points-all-1i-ou-over","unknown","1.5","true","189","2026-09-26T13:25:33.450Z","0.5","0.5","","",""
"SPORTSGAMEODDS","t9CdTwkN5JfPA2wNtr19","2026-09-27T01:40:00.000Z","Houston Astros @ Athletics","Houston Astros","Athletics","1","full","FULL_INNING_TOTAL","over","","points-all-1i-ou-over","fliff","0.5","false","-140","2026-09-26T13:24:15.923Z","0.5","0.5","-107","-121",""
"SPORTSGAMEODDS","t9CdTwkN5JfPA2wNtr19","2026-09-27T01:40:00.000Z","Houston Astros @ Athletics","Houston Astros","Athletics","1","full","FULL_INNING_TOTAL","over","","points-all-1i-ou-over","hardrockbet","0.5","false","-125","2026-09-26T13:25:47.950Z","0.5","0.5","-107","-121",""
"SPORTSGAMEODDS","t9CdTwkN5JfPA2wNtr19","2026-09-27T01:40:00.000Z","Houston Astros @ Athletics","Houston Astros","Athletics","1","full","FULL_INNING_TOTAL","over","","points-all-1i-ou-over","hardrockbet","1.5","true","195","2026-09-26T13:25:47.950Z","0.5","0.5","","",""
"SPORTSGAMEODDS","t9CdTwkN5JfPA2wNtr19","2026-09-27T01:40:00.000Z","Houston Astros @ Athletics","Houston Astros","Athletics","1","full","FULL_INNING_TOTAL","over","","points-all-1i-ou-over","hardrockbet","2.5","true","400","2026-09-26T13:25:47.950Z","0.5","0.5","","",""
"SPORTSGAMEODDS","t9CdTwkN5JfPA2wNtr19","2026-09-27T01:40:00.000Z","Houston Astros @ Athletics","Houston Astros","Athletics","1","full","FULL_INNING_TOTAL","over","","points-all-1i-ou-over","fanduel","0.5","false","-130","2026-09-26T13:25:34.000Z","0.5","0.5","-107","-121","https://sportsbook.fanduel.com/addToBetslip?marketId=717.188587330&selectionId=7017905"
"SPORTSGAMEODDS","t9CdTwkN5JfPA2wNtr19","2026-09-27T01:40:00.000Z","Houston Astros @ Athletics","Houston Astros","Athletics","1","full","FULL_INNING_TOTAL","over","","points-all-1i-ou-over","fanduel","1.5","true","220","2026-09-26T13:25:34.000Z","0.5","0.5","","","https://sportsbook.fanduel.com/addToBetslip?marketId=717.188587330&selectionId=7017905"
"SPORTSGAMEODDS","t9CdTwkN5JfPA2wNtr19","2026-09-27T01:40:00.000Z","Houston Astros @ Athletics","Houston Astros","Athletics","1","full","FULL_INNING_TOTAL","over","","points-all-1i-ou-over","betmgm","0.5","false","-120","2026-09-26T13:24:49.909Z","0.5","0.5","-107","-121","https://sports.nj.betmgm.com/en/sports?options=19944877-1561563932-2305063290"
"SPORTSGAMEODDS","t9CdTwkN5JfPA2wNtr19","2026-09-27T01:40:00.000Z","Houston Astros @ Athletics","Houston Astros","Athletics","1","full","FULL_INNING_TOTAL","over","","points-all-1i-ou-over","betonline","0.5","false","-115","2026-09-26T13:26:02.409Z","0.5","0.5","-107","-121",""
"SPORTSGAMEODDS","t9CdTwkN5JfPA2wNtr19","2026-09-27T01:40:00.000Z","Houston Astros @ Athletics","Houston Astros","Athletics","1","full","FULL_INNING_TOTAL","under","","points-all-1i-ou-under","novig","0.5","false","104","2026-09-26T13:25:01.238Z","0.5","0.5","107","-105","https://novig.com/events/01a0db6d-bda2-7440-98f8-a9b8fa6f517e/sportsgameodds"
"SPORTSGAMEODDS","t9CdTwkN5JfPA2wNtr19","2026-09-27T01:40:00.000Z","Houston Astros @ Athletics","Houston Astros","Athletics","1","full","FULL_INNING_TOTAL","under","","points-all-1i-ou-under","caesars","0.5","false","-102","2026-09-26T13:26:00.909Z","0.5","0.5","107","-105","https://sportsbook.caesars.com/us/nj/bet/betslip?selectionIds=9d762d68-1f90-3d3e-acab-4a1983f57bd6"
"SPORTSGAMEODDS","t9CdTwkN5JfPA2wNtr19","2026-09-27T01:40:00.000Z","Houston Astros @ Athletics","Houston Astros","Athletics","1","full","FULL_INNING_TOTAL","under","","points-all-1i-ou-under","draftkings","0.5","false","105","2026-09-26T13:25:36.276Z","0.5","0.5","107","-105",""
"SPORTSGAMEODDS","t9CdTwkN5JfPA2wNtr19","2026-09-27T01:40:00.000Z","Houston Astros @ Athletics","Houston Astros","Athletics","1","full","FULL_INNING_TOTAL","under","","points-all-1i-ou-under","draftkings","1.5","true","-240","2026-09-26T13:25:36.276Z","0.5","0.5","","",""
"SPORTSGAMEODDS","t9CdTwkN5JfPA2wNtr19","2026-09-27T01:40:00.000Z","Houston Astros @ Athletics","Houston Astros","Athletics","1","full","FULL_INNING_TOTAL","under","","points-all-1i-ou-under","unknown","0.5","false","-110","2026-09-26T13:25:48.450Z","0.5","0.5","107","-105",""
"SPORTSGAMEODDS","t9CdTwkN5JfPA2wNtr19","2026-09-27T01:40:00.000Z","Houston Astros @ Athletics","Houston Astros","Athletics","1","full","FULL_INNING_TOTAL","under","","points-all-1i-ou-under","unknown","1.5","true","-234","2026-09-26T13:25:33.450Z","0.5","0.5","","",""
"SPORTSGAMEODDS","t9CdTwkN5JfPA2wNtr19","2026-09-27T01:40:00.000Z","Houston Astros @ Athletics","Houston Astros","Athletics","1","full","FULL_INNING_TOTAL","under","","points-all-1i-ou-under","fliff","0.5","false","-115","2026-09-26T13:24:15.934Z","0.5","0.5","107","-105",""
"SPORTSGAMEODDS","t9CdTwkN5JfPA2wNtr19","2026-09-27T01:40:00.000Z","Houston Astros @ Athletics","Houston Astros","Athletics","1","full","FULL_INNING_TOTAL","under","","points-all-1i-ou-under","hardrockbet","0.5","false","-105","2026-09-26T13:25:47.950Z","0.5","0.5","107","-105",""
"SPORTSGAMEODDS","t9CdTwkN5JfPA2wNtr19","2026-09-27T01:40:00.000Z","Houston Astros @ Athletics","Houston Astros","Athletics","1","full","FULL_INNING_TOTAL","under","","points-all-1i-ou-under","hardrockbet","1.5","true","-275","2026-09-26T13:25:47.950Z","0.5","0.5","","",""
"SPORTSGAMEODDS","t9CdTwkN5JfPA2wNtr19","2026-09-27T01:40:00.000Z","Houston Astros @ Athletics","Houston Astros","Athletics","1","full","FULL_INNING_TOTAL","under","","points-all-1i-ou-under","hardrockbet","2.5","true","-700","2026-09-26T13:25:47.950Z","0.5","0.5","","",""
"SPORTSGAMEODDS","t9CdTwkN5JfPA2wNtr19","2026-09-27T01:40:00.000Z","Houston Astros @ Athletics","Houston Astros","Athletics","1","full","FULL_INNING_TOTAL","under","","points-all-1i-ou-under","fanduel","0.5","false","102","2026-09-26T13:25:34.000Z","0.5","0.5","107","-105","https://sportsbook.fanduel.com/addToBetslip?marketId=717.188587330&selectionId=7017906"
"SPORTSGAMEODDS","t9CdTwkN5JfPA2wNtr19","2026-09-27T01:40:00.000Z","Houston Astros @ Athletics","Houston Astros","Athletics","1","full","FULL_INNING_TOTAL","under","","points-all-1i-ou-under","fanduel","1.5","true","-280","2026-09-26T13:25:34.000Z","0.5","0.5","","","https://sportsbook.fanduel.com/addToBetslip?marketId=717.188587330&selectionId=7017906"
"SPORTSGAMEODDS","t9CdTwkN5JfPA2wNtr19","2026-09-27T01:40:00.000Z","Houston Astros @ Athletics","Houston Astros","Athletics","1","full","FULL_INNING_TOTAL","under","","points-all-1i-ou-under","betmgm","0.5","false","-105","2026-09-26T13:24:49.909Z","0.5","0.5","107","-105","https://sports.nj.betmgm.com/en/sports?options=19944877-1561563932-2305063291"
"SPORTSGAMEODDS","t9CdTwkN5JfPA2wNtr19","2026-09-27T01:40:00.000Z","Houston Astros @ Athletics","Houston Astros","Athletics","1","full","FULL_INNING_TOTAL","under","","points-all-1i-ou-under","betonline","0.5","false","-115","2026-09-26T13:26:02.409Z","0.5","0.5","107","-105",""
"SPORTSGAMEODDS","t9CdTwkN5JfPA2wNtr19","2026-09-27T01:40:00.000Z","Houston Astros @ Athletics","Houston Astros","Athletics","1","full","FULL_INNING_3WAY","draw","","points-all-1i-ml3way-draw","draftkings","","false","-110","2026-09-26T13:25:36.276Z","","","","",""
"SPORTSGAMEODDS","t9CdTwkN5JfPA2wNtr19","2026-09-27T01:40:00.000Z","Houston Astros @ Athletics","Houston Astros","Athletics","1","full","FULL_INNING_3WAY","draw","","points-all-1i-ml3way-draw","unknown","","false","-110","2026-09-26T13:25:33.450Z","","","","",""
"SPORTSGAMEODDS","t9CdTwkN5JfPA2wNtr19","2026-09-27T01:40:00.000Z","Houston Astros @ Athletics","Houston Astros","Athletics","1","full","FULL_INNING_3WAY","draw","","points-all-1i-ml3way-draw","fanduel","","false","-115","2026-09-26T13:25:34.000Z","","","","","https://sportsbook.fanduel.com/addToBetslip?marketId=717.188587276&selectionId=131604"
"SPORTSGAMEODDS","t9CdTwkN5JfPA2wNtr19","2026-09-27T01:40:00.000Z","Houston Astros @ Athletics","Houston Astros","Athletics","1","full","FULL_INNING_3WAY","draw","","points-all-1i-ml3way-draw","bovada","","false","-115","2026-09-26T13:25:09.909Z","","","","",""
"SPORTSGAMEODDS","t9CdTwkN5JfPA2wNtr19","2026-09-27T01:40:00.000Z","Houston Astros @ Athletics","Houston Astros","Athletics","1","full","FULL_INNING_3WAY","draw","","points-all-1i-ml3way-draw","betmgm","","false","-118","2026-09-26T13:24:49.909Z","","","","","https://sports.nj.betmgm.com/en/sports?options=19944877-1561563910-2305063233"
"SPORTSGAMEODDS","t9CdTwkN5JfPA2wNtr19","2026-09-27T01:40:00.000Z","Houston Astros @ Athletics","Houston Astros","Athletics","1","full","FULL_INNING_3WAY","away","","points-away-1i-ml3way-away","draftkings","","false","225","2026-09-26T13:25:36.276Z","","","","",""
"SPORTSGAMEODDS","t9CdTwkN5JfPA2wNtr19","2026-09-27T01:40:00.000Z","Houston Astros @ Athletics","Houston Astros","Athletics","1","full","FULL_INNING_3WAY","away","","points-away-1i-ml3way-away","unknown","","false","225","2026-09-26T13:25:33.450Z","","","","",""
"SPORTSGAMEODDS","t9CdTwkN5JfPA2wNtr19","2026-09-27T01:40:00.000Z","Houston Astros @ Athletics","Houston Astros","Athletics","1","full","FULL_INNING_3WAY","away","","points-away-1i-ml3way-away","fanduel","","false","250","2026-09-26T13:25:34.000Z","","","","","https://sportsbook.fanduel.com/addToBetslip?marketId=717.188587276&selectionId=29170"
"SPORTSGAMEODDS","t9CdTwkN5JfPA2wNtr19","2026-09-27T01:40:00.000Z","Houston Astros @ Athletics","Houston Astros","Athletics","1","full","FULL_INNING_3WAY","away","","points-away-1i-ml3way-away","bovada","","false","245","2026-09-26T13:25:09.909Z","","","","",""
"SPORTSGAMEODDS","t9CdTwkN5JfPA2wNtr19","2026-09-27T01:40:00.000Z","Houston Astros @ Athletics","Houston Astros","Athletics","1","full","FULL_INNING_3WAY","away","","points-away-1i-ml3way-away","betmgm","","false","240","2026-09-26T13:24:49.909Z","","","","","https://sports.nj.betmgm.com/en/sports?options=19944877-1561563910-2305063232"
"SPORTSGAMEODDS","t9CdTwkN5JfPA2wNtr19","2026-09-27T01:40:00.000Z","Houston Astros @ Athletics","Houston Astros","Athletics","1","full","FULL_INNING_3WAY","home","","points-home-1i-ml3way-home","draftkings","","false","285","2026-09-26T13:25:36.276Z","","","","",""
"SPORTSGAMEODDS","t9CdTwkN5JfPA2wNtr19","2026-09-27T01:40:00.000Z","Houston Astros @ Athletics","Houston Astros","Athletics","1","full","FULL_INNING_3WAY","home","","points-home-1i-ml3way-home","unknown","","false","285","2026-09-26T13:25:33.450Z","","","","",""
"SPORTSGAMEODDS","t9CdTwkN5JfPA2wNtr19","2026-09-27T01:40:00.000Z","Houston Astros @ Athletics","Houston Astros","Athletics","1","full","FULL_INNING_3WAY","home","","points-home-1i-ml3way-home","fanduel","","false","310","2026-09-26T13:25:34.000Z","","","","","https://sportsbook.fanduel.com/addToBetslip?marketId=717.188587276&selectionId=75117758"
"SPORTSGAMEODDS","t9CdTwkN5JfPA2wNtr19","2026-09-27T01:40:00.000Z","Houston Astros @ Athletics","Houston Astros","Athletics","1","full","FULL_INNING_3WAY","home","","points-home-1i-ml3way-home","bovada","","false","280","2026-09-26T13:25:09.909Z","","","","",""
"SPORTSGAMEODDS","t9CdTwkN5JfPA2wNtr19","2026-09-27T01:40:00.000Z","Houston Astros @ Athletics","Houston Astros","Athletics","1","full","FULL_INNING_3WAY","home","","points-home-1i-ml3way-home","betmgm","","false","310","2026-09-26T13:24:49.909Z","","","","","https://sports.nj.betmgm.com/en/sports?options=19944877-1561563910-2305063234"
"SPORTSGAMEODDS","t9CdTwkN5JfPA2wNtr19","2026-09-27T01:40:00.000Z","Houston Astros @ Athletics","Houston Astros","Athletics","2","full","FULL_INNING_3WAY","draw","","points-all-2i-ml3way-draw","fanduel","","false","-145","2026-09-26T13:25:34.000Z","","","","","https://sportsbook.fanduel.com/addToBetslip?marketId=717.188587263&selectionId=131604"
"SPORTSGAMEODDS","t9CdTwkN5JfPA2wNtr19","2026-09-27T01:40:00.000Z","Houston Astros @ Athletics","Houston Astros","Athletics","2","full","FULL_INNING_3WAY","draw","","points-all-2i-ml3way-draw","draftkings","","false","-140","2026-09-26T13:25:36.276Z","","","","",""
"SPORTSGAMEODDS","t9CdTwkN5JfPA2wNtr19","2026-09-27T01:40:00.000Z","Houston Astros @ Athletics","Houston Astros","Athletics","2","full","FULL_INNING_TOTAL","over","","points-all-2i-ou-over","fanduel","0.5","false","102","2026-09-26T13:25:34.000Z","0.5","0.5","106","-110","https://sportsbook.fanduel.com/addToBetslip?marketId=717.188587313&selectionId=7017905"
"SPORTSGAMEODDS","t9CdTwkN5JfPA2wNtr19","2026-09-27T01:40:00.000Z","Houston Astros @ Athletics","Houston Astros","Athletics","2","full","FULL_INNING_TOTAL","over","","points-all-2i-ou-over","fanduel","1.5","true","265","2026-09-26T13:25:34.000Z","0.5","0.5","","","https://sportsbook.fanduel.com/addToBetslip?marketId=717.188587313&selectionId=7017905"
"SPORTSGAMEODDS","t9CdTwkN5JfPA2wNtr19","2026-09-27T01:40:00.000Z","Houston Astros @ Athletics","Houston Astros","Athletics","2","full","FULL_INNING_TOTAL","over","","points-all-2i-ou-over","draftkings","0.5","false","-110","2026-09-26T13:25:36.276Z","0.5","0.5","106","-110",""
"SPORTSGAMEODDS","t9CdTwkN5JfPA2wNtr19","2026-09-27T01:40:00.000Z","Houston Astros @ Athletics","Houston Astros","Athletics","2","full","FULL_INNING_TOTAL","over","","points-all-2i-ou-over","draftkings","1.5","true","225","2026-09-26T13:25:36.276Z","0.5","0.5","","",""
"SPORTSGAMEODDS","t9CdTwkN5JfPA2wNtr19","2026-09-27T01:40:00.000Z","Houston Astros @ Athletics","Houston Astros","Athletics","2","full","FULL_INNING_TOTAL","over","","points-all-2i-ou-over","fliff","0.5","false","-115","2026-09-26T13:24:15.930Z","0.5","0.5","106","-110",""
"SPORTSGAMEODDS","t9CdTwkN5JfPA2wNtr19","2026-09-27T01:40:00.000Z","Houston Astros @ Athletics","Houston Astros","Athletics","2","full","FULL_INNING_TOTAL","under","","points-all-2i-ou-under","fanduel","0.5","false","-124","2026-09-26T13:25:34.000Z","0.5","0.5","-106","-124","https://sportsbook.fanduel.com/addToBetslip?marketId=717.188587313&selectionId=7017906"
"SPORTSGAMEODDS","t9CdTwkN5JfPA2wNtr19","2026-09-27T01:40:00.000Z","Houston Astros @ Athletics","Houston Astros","Athletics","2","full","FULL_INNING_TOTAL","under","","points-all-2i-ou-under","fanduel","1.5","true","-350","2026-09-26T13:25:34.000Z","0.5","0.5","","","https://sportsbook.fanduel.com/addToBetslip?marketId=717.188587313&selectionId=7017906"
"SPORTSGAMEODDS","t9CdTwkN5JfPA2wNtr19","2026-09-27T01:40:00.000Z","Houston Astros @ Athletics","Houston Astros","Athletics","2","full","FULL_INNING_TOTAL","under","","points-all-2i-ou-under","draftkings","0.5","false","-120","2026-09-26T13:25:36.276Z","0.5","0.5","-106","-124",""
"SPORTSGAMEODDS","t9CdTwkN5JfPA2wNtr19","2026-09-27T01:40:00.000Z","Houston Astros @ Athletics","Houston Astros","Athletics","2","full","FULL_INNING_TOTAL","under","","points-all-2i-ou-under","draftkings","1.5","true","-310","2026-09-26T13:25:36.276Z","0.5","0.5","","",""
"SPORTSGAMEODDS","t9CdTwkN5JfPA2wNtr19","2026-09-27T01:40:00.000Z","Houston Astros @ Athletics","Houston Astros","Athletics","2","full","FULL_INNING_TOTAL","under","","points-all-2i-ou-under","fliff","0.5","false","-140","2026-09-26T13:24:15.918Z","0.5","0.5","-106","-124",""
"SPORTSGAMEODDS","t9CdTwkN5JfPA2wNtr19","2026-09-27T01:40:00.000Z","Houston Astros @ Athletics","Houston Astros","Athletics","3","full","FULL_INNING_3WAY","draw","","points-all-3i-ml3way-draw","fanduel","","false","-130","2026-09-26T13:25:34.000Z","","","","","https://sportsbook.fanduel.com/addToBetslip?marketId=717.188587257&selectionId=131604"
"SPORTSGAMEODDS","t9CdTwkN5JfPA2wNtr19","2026-09-27T01:40:00.000Z","Houston Astros @ Athletics","Houston Astros","Athletics","3","full","FULL_INNING_3WAY","draw","","points-all-3i-ml3way-draw","draftkings","","false","-125","2026-09-26T13:25:36.276Z","","","","",""
"SPORTSGAMEODDS","t9CdTwkN5JfPA2wNtr19","2026-09-27T01:40:00.000Z","Houston Astros @ Athletics","Houston Astros","Athletics","3","full","FULL_INNING_TOTAL","over","","points-all-3i-ou-over","fanduel","0.5","false","-114","2026-09-26T13:25:34.000Z","0.5","0.5","-106","-125","https://sportsbook.fanduel.com/addToBetslip?marketId=717.188587310&selectionId=7017905"
"SPORTSGAMEODDS","t9CdTwkN5JfPA2wNtr19","2026-09-27T01:40:00.000Z","Houston Astros @ Athletics","Houston Astros","Athletics","3","full","FULL_INNING_TOTAL","over","","points-all-3i-ou-over","fanduel","1.5","true","225","2026-09-26T13:25:34.000Z","0.5","0.5","","","https://sportsbook.fanduel.com/addToBetslip?marketId=717.188587310&selectionId=7017905"
"SPORTSGAMEODDS","t9CdTwkN5JfPA2wNtr19","2026-09-27T01:40:00.000Z","Houston Astros @ Athletics","Houston Astros","Athletics","3","full","FULL_INNING_TOTAL","over","","points-all-3i-ou-over","draftkings","0.5","false","-125","2026-09-26T13:25:36.276Z","0.5","0.5","-106","-125",""
"SPORTSGAMEODDS","t9CdTwkN5JfPA2wNtr19","2026-09-27T01:40:00.000Z","Houston Astros @ Athletics","Houston Astros","Athletics","3","full","FULL_INNING_TOTAL","over","","points-all-3i-ou-over","draftkings","1.5","true","200","2026-09-26T13:25:36.276Z","0.5","0.5","","",""
"SPORTSGAMEODDS","t9CdTwkN5JfPA2wNtr19","2026-09-27T01:40:00.000Z","Houston Astros @ Athletics","Houston Astros","Athletics","3","full","FULL_INNING_TOTAL","over","","points-all-3i-ou-over","fliff","0.5","false","-125","2026-09-26T13:23:52.193Z","0.5","0.5","-106","-125",""
"SPORTSGAMEODDS","t9CdTwkN5JfPA2wNtr19","2026-09-27T01:40:00.000Z","Houston Astros @ Athletics","Houston Astros","Athletics","3","full","FULL_INNING_TOTAL","under","","points-all-3i-ou-under","fanduel","0.5","false","-106","2026-09-26T13:25:34.000Z","0.5","0.5","106","-110","https://sportsbook.fanduel.com/addToBetslip?marketId=717.188587310&selectionId=7017906"
"SPORTSGAMEODDS","t9CdTwkN5JfPA2wNtr19","2026-09-27T01:40:00.000Z","Houston Astros @ Athletics","Houston Astros","Athletics","3","full","FULL_INNING_TOTAL","under","","points-all-3i-ou-under","fanduel","1.5","true","-290","2026-09-26T13:25:34.000Z","0.5","0.5","","","https://sportsbook.fanduel.com/addToBetslip?marketId=717.188587310&selectionId=7017906"
"SPORTSGAMEODDS","t9CdTwkN5JfPA2wNtr19","2026-09-27T01:40:00.000Z","Houston Astros @ Athletics","Houston Astros","Athletics","3","full","FULL_INNING_TOTAL","under","","points-all-3i-ou-under","draftkings","0.5","false","-110","2026-09-26T13:25:36.276Z","0.5","0.5","106","-110",""
"SPORTSGAMEODDS","t9CdTwkN5JfPA2wNtr19","2026-09-27T01:40:00.000Z","Houston Astros @ Athletics","Houston Astros","Athletics","3","full","FULL_INNING_TOTAL","under","","points-all-3i-ou-under","draftkings","1.5","true","-275","2026-09-26T13:25:36.276Z","0.5","0.5","","",""
"SPORTSGAMEODDS","t9CdTwkN5JfPA2wNtr19","2026-09-27T01:40:00.000Z","Houston Astros @ Athletics","Houston Astros","Athletics","3","full","FULL_INNING_TOTAL","under","","points-all-3i-ou-under","fliff","0.5","false","-125","2026-09-26T13:23:52.193Z","0.5","0.5","106","-110",""
"SPORTSGAMEODDS","t9CdTwkN5JfPA2wNtr19","2026-09-27T01:40:00.000Z","Houston Astros @ Athletics","Houston Astros","Athletics","4","full","FULL_INNING_3WAY","draw","","points-all-4i-ml3way-draw","fanduel","","false","-130","2026-09-26T13:25:34.000Z","","","","","https://sportsbook.fanduel.com/addToBetslip?marketId=717.188587342&selectionId=131604"
"SPORTSGAMEODDS","t9CdTwkN5JfPA2wNtr19","2026-09-27T01:40:00.000Z","Houston Astros @ Athletics","Houston Astros","Athletics","4","full","FULL_INNING_3WAY","draw","","points-all-4i-ml3way-draw","draftkings","","false","-135","2026-09-26T13:25:36.276Z","","","","",""
"SPORTSGAMEODDS","t9CdTwkN5JfPA2wNtr19","2026-09-27T01:40:00.000Z","Houston Astros @ Athletics","Houston Astros","Athletics","4","full","FULL_INNING_TOTAL","over","","points-all-4i-ou-over","fanduel","0.5","false","-108","2026-09-26T13:25:34.000Z","0.5","0.5","100","-115","https://sportsbook.fanduel.com/addToBetslip?marketId=717.188587301&selectionId=7017905"
"SPORTSGAMEODDS","t9CdTwkN5JfPA2wNtr19","2026-09-27T01:40:00.000Z","Houston Astros @ Athletics","Houston Astros","Athletics","4","full","FULL_INNING_TOTAL","over","","points-all-4i-ou-over","fanduel","1.5","true","240","2026-09-26T13:25:34.000Z","0.5","0.5","","","https://sportsbook.fanduel.com/addToBetslip?marketId=717.188587301&selectionId=7017905"
"SPORTSGAMEODDS","t9CdTwkN5JfPA2wNtr19","2026-09-27T01:40:00.000Z","Houston Astros @ Athletics","Houston Astros","Athletics","4","full","FULL_INNING_TOTAL","over","","points-all-4i-ou-over","draftkings","0.5","false","-115","2026-09-26T13:25:36.276Z","0.5","0.5","100","-115",""
"SPORTSGAMEODDS","t9CdTwkN5JfPA2wNtr19","2026-09-27T01:40:00.000Z","Houston Astros @ Athletics","Houston Astros","Athletics","4","full","FULL_INNING_TOTAL","over","","points-all-4i-ou-over","draftkings","1.5","true","220","2026-09-26T13:25:36.276Z","0.5","0.5","","",""
"SPORTSGAMEODDS","t9CdTwkN5JfPA2wNtr19","2026-09-27T01:40:00.000Z","Houston Astros @ Athletics","Houston Astros","Athletics","4","full","FULL_INNING_TOTAL","over","","points-all-4i-ou-over","fliff","0.5","false","-125","2026-09-26T13:23:52.193Z","0.5","0.5","100","-115",""
"SPORTSGAMEODDS","t9CdTwkN5JfPA2wNtr19","2026-09-27T01:40:00.000Z","Houston Astros @ Athletics","Houston Astros","Athletics","4","full","FULL_INNING_TOTAL","under","","points-all-4i-ou-under","fanduel","0.5","false","-112","2026-09-26T13:25:34.000Z","0.5","0.5","100","-115","https://sportsbook.fanduel.com/addToBetslip?marketId=717.188587301&selectionId=7017906"
"SPORTSGAMEODDS","t9CdTwkN5JfPA2wNtr19","2026-09-27T01:40:00.000Z","Houston Astros @ Athletics","Houston Astros","Athletics","4","full","FULL_INNING_TOTAL","under","","points-all-4i-ou-under","fanduel","1.5","true","-310","2026-09-26T13:25:34.000Z","0.5","0.5","","","https://sportsbook.fanduel.com/addToBetslip?marketId=717.188587301&selectionId=7017906"
"SPORTSGAMEODDS","t9CdTwkN5JfPA2wNtr19","2026-09-27T01:40:00.000Z","Houston Astros @ Athletics","Houston Astros","Athletics","4","full","FULL_INNING_TOTAL","under","","points-all-4i-ou-under","draftkings","0.5","false","-115","2026-09-26T13:25:36.276Z","0.5","0.5","100","-115",""
"SPORTSGAMEODDS","t9CdTwkN5JfPA2wNtr19","2026-09-27T01:40:00.000Z","Houston Astros @ Athletics","Houston Astros","Athletics","4","full","FULL_INNING_TOTAL","under","","points-all-4i-ou-under","draftkings","1.5","true","-300","2026-09-26T13:25:36.276Z","0.5","0.5","","",""
"SPORTSGAMEODDS","t9CdTwkN5JfPA2wNtr19","2026-09-27T01:40:00.000Z","Houston Astros @ Athletics","Houston Astros","Athletics","4","full","FULL_INNING_TOTAL","under","","points-all-4i-ou-under","fliff","0.5","false","-130","2026-09-26T13:23:52.193Z","0.5","0.5","100","-115",""
"SPORTSGAMEODDS","t9CdTwkN5JfPA2wNtr19","2026-09-27T01:40:00.000Z","Houston Astros @ Athletics","Houston Astros","Athletics","5","full","FULL_INNING_3WAY","draw","","points-all-5i-ml3way-draw","fanduel","","false","-130","2026-09-26T13:25:34.000Z","","","","","https://sportsbook.fanduel.com/addToBetslip?marketId=717.188587401&selectionId=131604"
"SPORTSGAMEODDS","t9CdTwkN5JfPA2wNtr19","2026-09-27T01:40:00.000Z","Houston Astros @ Athletics","Houston Astros","Athletics","5","full","FULL_INNING_3WAY","draw","","points-all-5i-ml3way-draw","draftkings","","false","-135","2026-09-26T13:25:36.276Z","","","","",""
"SPORTSGAMEODDS","t9CdTwkN5JfPA2wNtr19","2026-09-27T01:40:00.000Z","Houston Astros @ Athletics","Houston Astros","Athletics","5","full","FULL_INNING_TOTAL","over","","points-all-5i-ou-over","fanduel","0.5","false","-115","2026-09-26T13:25:34.000Z","0.5","0.5","102","-115","https://sportsbook.fanduel.com/addToBetslip?marketId=717.188587404&selectionId=7017905"
"SPORTSGAMEODDS","t9CdTwkN5JfPA2wNtr19","2026-09-27T01:40:00.000Z","Houston Astros @ Athletics","Houston Astros","Athletics","5","full","FULL_INNING_TOTAL","over","","points-all-5i-ou-over","fanduel","1.5","true","225","2026-09-26T13:25:34.000Z","0.5","0.5","","","https://sportsbook.fanduel.com/addToBetslip?marketId=717.188587404&selectionId=7017905"
"SPORTSGAMEODDS","t9CdTwkN5JfPA2wNtr19","2026-09-27T01:40:00.000Z","Houston Astros @ Athletics","Houston Astros","Athletics","5","full","FULL_INNING_TOTAL","over","","points-all-5i-ou-over","draftkings","0.5","false","-110","2026-09-26T13:25:36.276Z","0.5","0.5","102","-115",""
"SPORTSGAMEODDS","t9CdTwkN5JfPA2wNtr19","2026-09-27T01:40:00.000Z","Houston Astros @ Athletics","Houston Astros","Athletics","5","full","FULL_INNING_TOTAL","over","","points-all-5i-ou-over","draftkings","1.5","true","220","2026-09-26T13:25:36.276Z","0.5","0.5","","",""
"SPORTSGAMEODDS","t9CdTwkN5JfPA2wNtr19","2026-09-27T01:40:00.000Z","Houston Astros @ Athletics","Houston Astros","Athletics","5","full","FULL_INNING_TOTAL","over","","points-all-5i-ou-over","fliff","0.5","false","-125","2026-09-26T13:23:52.193Z","0.5","0.5","102","-115",""
"SPORTSGAMEODDS","t9CdTwkN5JfPA2wNtr19","2026-09-27T01:40:00.000Z","Houston Astros @ Athletics","Houston Astros","Athletics","5","full","FULL_INNING_TOTAL","under","","points-all-5i-ou-under","fanduel","0.5","false","-105","2026-09-26T13:25:34.000Z","0.5","0.5","-102","-120","https://sportsbook.fanduel.com/addToBetslip?marketId=717.188587404&selectionId=7017906"
"SPORTSGAMEODDS","t9CdTwkN5JfPA2wNtr19","2026-09-27T01:40:00.000Z","Houston Astros @ Athletics","Houston Astros","Athletics","5","full","FULL_INNING_TOTAL","under","","points-all-5i-ou-under","fanduel","1.5","true","-290","2026-09-26T13:25:34.000Z","0.5","0.5","","","https://sportsbook.fanduel.com/addToBetslip?marketId=717.188587404&selectionId=7017906"
"SPORTSGAMEODDS","t9CdTwkN5JfPA2wNtr19","2026-09-27T01:40:00.000Z","Houston Astros @ Athletics","Houston Astros","Athletics","5","full","FULL_INNING_TOTAL","under","","points-all-5i-ou-under","draftkings","0.5","false","-120","2026-09-26T13:25:36.276Z","0.5","0.5","-102","-120",""
"SPORTSGAMEODDS","t9CdTwkN5JfPA2wNtr19","2026-09-27T01:40:00.000Z","Houston Astros @ Athletics","Houston Astros","Athletics","5","full","FULL_INNING_TOTAL","under","","points-all-5i-ou-under","draftkings","1.5","true","-310","2026-09-26T13:25:36.276Z","0.5","0.5","","",""
"SPORTSGAMEODDS","t9CdTwkN5JfPA2wNtr19","2026-09-27T01:40:00.000Z","Houston Astros @ Athletics","Houston Astros","Athletics","5","full","FULL_INNING_TOTAL","under","","points-all-5i-ou-under","fliff","0.5","false","-125","2026-09-26T13:23:52.193Z","0.5","0.5","-102","-120",""
"SPORTSGAMEODDS","t9CdTwkN5JfPA2wNtr19","2026-09-27T01:40:00.000Z","Houston Astros @ Athletics","Houston Astros","Athletics","6","full","FULL_INNING_3WAY","draw","","points-all-6i-ml3way-draw","fanduel","","false","-125","2026-09-26T13:25:34.000Z","","","","","https://sportsbook.fanduel.com/addToBetslip?marketId=717.188587291&selectionId=131604"
"SPORTSGAMEODDS","t9CdTwkN5JfPA2wNtr19","2026-09-27T01:40:00.000Z","Houston Astros @ Athletics","Houston Astros","Athletics","6","full","FULL_INNING_3WAY","draw","","points-all-6i-ml3way-draw","draftkings","","false","-125","2026-09-26T13:25:36.276Z","","","","",""
"SPORTSGAMEODDS","t9CdTwkN5JfPA2wNtr19","2026-09-27T01:40:00.000Z","Houston Astros @ Athletics","Houston Astros","Athletics","6","full","FULL_INNING_TOTAL","over","","points-all-6i-ou-over","fanduel","0.5","false","-112","2026-09-26T13:25:34.000Z","0.5","0.5","-106","-125","https://sportsbook.fanduel.com/addToBetslip?marketId=717.188587385&selectionId=7017905"
"SPORTSGAMEODDS","t9CdTwkN5JfPA2wNtr19","2026-09-27T01:40:00.000Z","Houston Astros @ Athletics","Houston Astros","Athletics","6","full","FULL_INNING_TOTAL","over","","points-all-6i-ou-over","fanduel","1.5","true","225","2026-09-26T13:25:34.000Z","0.5","0.5","","","https://sportsbook.fanduel.com/addToBetslip?marketId=717.188587385&selectionId=7017905"
"SPORTSGAMEODDS","t9CdTwkN5JfPA2wNtr19","2026-09-27T01:40:00.000Z","Houston Astros @ Athletics","Houston Astros","Athletics","6","full","FULL_INNING_TOTAL","over","","points-all-6i-ou-over","draftkings","0.5","false","-125","2026-09-26T13:25:36.276Z","0.5","0.5","-106","-125",""
"SPORTSGAMEODDS","t9CdTwkN5JfPA2wNtr19","2026-09-27T01:40:00.000Z","Houston Astros @ Athletics","Houston Astros","Athletics","6","full","FULL_INNING_TOTAL","over","","points-all-6i-ou-over","draftkings","1.5","true","200","2026-09-26T13:25:36.276Z","0.5","0.5","","",""
"SPORTSGAMEODDS","t9CdTwkN5JfPA2wNtr19","2026-09-27T01:40:00.000Z","Houston Astros @ Athletics","Houston Astros","Athletics","6","full","FULL_INNING_TOTAL","over","","points-all-6i-ou-over","fliff","0.5","false","-130","2026-09-26T13:23:52.193Z","0.5","0.5","-106","-125",""
"SPORTSGAMEODDS","t9CdTwkN5JfPA2wNtr19","2026-09-27T01:40:00.000Z","Houston Astros @ Athletics","Houston Astros","Athletics","6","full","FULL_INNING_TOTAL","under","","points-all-6i-ou-under","fanduel","0.5","false","-108","2026-09-26T13:25:34.000Z","0.5","0.5","106","-110","https://sportsbook.fanduel.com/addToBetslip?marketId=717.188587385&selectionId=7017906"
"SPORTSGAMEODDS","t9CdTwkN5JfPA2wNtr19","2026-09-27T01:40:00.000Z","Houston Astros @ Athletics","Houston Astros","Athletics","6","full","FULL_INNING_TOTAL","under","","points-all-6i-ou-under","fanduel","1.5","true","-290","2026-09-26T13:25:34.000Z","0.5","0.5","","","https://sportsbook.fanduel.com/addToBetslip?marketId=717.188587385&selectionId=7017906"
"SPORTSGAMEODDS","t9CdTwkN5JfPA2wNtr19","2026-09-27T01:40:00.000Z","Houston Astros @ Athletics","Houston Astros","Athletics","6","full","FULL_INNING_TOTAL","under","","points-all-6i-ou-under","draftkings","0.5","false","-110","2026-09-26T13:25:36.276Z","0.5","0.5","106","-110",""
"SPORTSGAMEODDS","t9CdTwkN5JfPA2wNtr19","2026-09-27T01:40:00.000Z","Houston Astros @ Athletics","Houston Astros","Athletics","6","full","FULL_INNING_TOTAL","under","","points-all-6i-ou-under","draftkings","1.5","true","-275","2026-09-26T13:25:36.276Z","0.5","0.5","","",""
"SPORTSGAMEODDS","t9CdTwkN5JfPA2wNtr19","2026-09-27T01:40:00.000Z","Houston Astros @ Athletics","Houston Astros","Athletics","6","full","FULL_INNING_TOTAL","under","","points-all-6i-ou-under","fliff","0.5","false","-125","2026-09-26T13:23:52.193Z","0.5","0.5","106","-110",""
"SPORTSGAMEODDS","t9CdTwkN5JfPA2wNtr19","2026-09-27T01:40:00.000Z","Houston Astros @ Athletics","Houston Astros","Athletics","7","full","FULL_INNING_3WAY","draw","","points-all-7i-ml3way-draw","fanduel","","false","-130","2026-09-26T13:25:34.000Z","","","","","https://sportsbook.fanduel.com/addToBetslip?marketId=717.188587356&selectionId=131604"
"SPORTSGAMEODDS","t9CdTwkN5JfPA2wNtr19","2026-09-27T01:40:00.000Z","Houston Astros @ Athletics","Houston Astros","Athletics","7","full","FULL_INNING_3WAY","draw","","points-all-7i-ml3way-draw","draftkings","","false","-135","2026-09-26T13:25:36.276Z","","","","",""
"SPORTSGAMEODDS","t9CdTwkN5JfPA2wNtr19","2026-09-27T01:40:00.000Z","Houston Astros @ Athletics","Houston Astros","Athletics","7","full","FULL_INNING_TOTAL","over","","points-all-7i-ou-over","fanduel","0.5","false","-110","2026-09-26T13:25:34.000Z","0.5","0.5","102","-115","https://sportsbook.fanduel.com/addToBetslip?marketId=717.188587298&selectionId=7017905"
"SPORTSGAMEODDS","t9CdTwkN5JfPA2wNtr19","2026-09-27T01:40:00.000Z","Houston Astros @ Athletics","Houston Astros","Athletics","7","full","FULL_INNING_TOTAL","over","","points-all-7i-ou-over","fanduel","1.5","true","225","2026-09-26T13:25:34.000Z","0.5","0.5","","","https://sportsbook.fanduel.com/addToBetslip?marketId=717.188587298&selectionId=7017905"
"SPORTSGAMEODDS","t9CdTwkN5JfPA2wNtr19","2026-09-27T01:40:00.000Z","Houston Astros @ Athletics","Houston Astros","Athletics","7","full","FULL_INNING_TOTAL","over","","points-all-7i-ou-over","draftkings","0.5","false","-115","2026-09-26T13:25:36.276Z","0.5","0.5","102","-115",""
"SPORTSGAMEODDS","t9CdTwkN5JfPA2wNtr19","2026-09-27T01:40:00.000Z","Houston Astros @ Athletics","Houston Astros","Athletics","7","full","FULL_INNING_TOTAL","over","","points-all-7i-ou-over","draftkings","1.5","true","210","2026-09-26T13:25:36.276Z","0.5","0.5","","",""
"SPORTSGAMEODDS","t9CdTwkN5JfPA2wNtr19","2026-09-27T01:40:00.000Z","Houston Astros @ Athletics","Houston Astros","Athletics","7","full","FULL_INNING_TOTAL","over","","points-all-7i-ou-over","fliff","0.5","false","-125","2026-09-26T13:23:52.193Z","0.5","0.5","102","-115",""
"SPORTSGAMEODDS","t9CdTwkN5JfPA2wNtr19","2026-09-27T01:40:00.000Z","Houston Astros @ Athletics","Houston Astros","Athletics","7","full","FULL_INNING_TOTAL","under","","points-all-7i-ou-under","fanduel","0.5","false","-110","2026-09-26T13:25:34.000Z","0.5","0.5","-102","-120","https://sportsbook.fanduel.com/addToBetslip?marketId=717.188587298&selectionId=7017906"
"SPORTSGAMEODDS","t9CdTwkN5JfPA2wNtr19","2026-09-27T01:40:00.000Z","Houston Astros @ Athletics","Houston Astros","Athletics","7","full","FULL_INNING_TOTAL","under","","points-all-7i-ou-under","fanduel","1.5","true","-290","2026-09-26T13:25:34.000Z","0.5","0.5","","","https://sportsbook.fanduel.com/addToBetslip?marketId=717.188587298&selectionId=7017906"
"SPORTSGAMEODDS","t9CdTwkN5JfPA2wNtr19","2026-09-27T01:40:00.000Z","Houston Astros @ Athletics","Houston Astros","Athletics","7","full","FULL_INNING_TOTAL","under","","points-all-7i-ou-under","draftkings","0.5","false","-120","2026-09-26T13:25:36.276Z","0.5","0.5","-102","-120",""
"SPORTSGAMEODDS","t9CdTwkN5JfPA2wNtr19","2026-09-27T01:40:00.000Z","Houston Astros @ Athletics","Houston Astros","Athletics","7","full","FULL_INNING_TOTAL","under","","points-all-7i-ou-under","draftkings","1.5","true","-295","2026-09-26T13:25:36.276Z","0.5","0.5","","",""
"SPORTSGAMEODDS","t9CdTwkN5JfPA2wNtr19","2026-09-27T01:40:00.000Z","Houston Astros @ Athletics","Houston Astros","Athletics","7","full","FULL_INNING_TOTAL","under","","points-all-7i-ou-under","fliff","0.5","false","-130","2026-09-26T13:23:52.193Z","0.5","0.5","-102","-120",""
"SPORTSGAMEODDS","t9CdTwkN5JfPA2wNtr19","2026-09-27T01:40:00.000Z","Houston Astros @ Athletics","Houston Astros","Athletics","8","full","FULL_INNING_3WAY","draw","","points-all-8i-ml3way-draw","fanduel","","false","-130","2026-09-26T13:25:34.000Z","","","","","https://sportsbook.fanduel.com/addToBetslip?marketId=717.188587280&selectionId=131604"
"SPORTSGAMEODDS","t9CdTwkN5JfPA2wNtr19","2026-09-27T01:40:00.000Z","Houston Astros @ Athletics","Houston Astros","Athletics","8","full","FULL_INNING_3WAY","draw","","points-all-8i-ml3way-draw","draftkings","","false","-140","2026-09-26T13:25:36.276Z","","","","",""
"SPORTSGAMEODDS","t9CdTwkN5JfPA2wNtr19","2026-09-27T01:40:00.000Z","Houston Astros @ Athletics","Houston Astros","Athletics","8","full","FULL_INNING_TOTAL","over","","points-all-8i-ou-over","fanduel","0.5","false","-110","2026-09-26T13:25:34.000Z","0.5","0.5","106","-110","https://sportsbook.fanduel.com/addToBetslip?marketId=717.188587271&selectionId=7017905"
"SPORTSGAMEODDS","t9CdTwkN5JfPA2wNtr19","2026-09-27T01:40:00.000Z","Houston Astros @ Athletics","Houston Astros","Athletics","8","full","FULL_INNING_TOTAL","over","","points-all-8i-ou-over","fanduel","1.5","true","225","2026-09-26T13:25:34.000Z","0.5","0.5","","","https://sportsbook.fanduel.com/addToBetslip?marketId=717.188587271&selectionId=7017905"
"SPORTSGAMEODDS","t9CdTwkN5JfPA2wNtr19","2026-09-27T01:40:00.000Z","Houston Astros @ Athletics","Houston Astros","Athletics","8","full","FULL_INNING_TOTAL","over","","points-all-8i-ou-over","draftkings","0.5","false","-105","2026-09-26T13:25:36.276Z","0.5","0.5","106","-110",""
"SPORTSGAMEODDS","t9CdTwkN5JfPA2wNtr19","2026-09-27T01:40:00.000Z","Houston Astros @ Athletics","Houston Astros","Athletics","8","full","FULL_INNING_TOTAL","over","","points-all-8i-ou-over","draftkings","1.5","true","225","2026-09-26T13:25:36.276Z","0.5","0.5","","",""
"SPORTSGAMEODDS","t9CdTwkN5JfPA2wNtr19","2026-09-27T01:40:00.000Z","Houston Astros @ Athletics","Houston Astros","Athletics","8","full","FULL_INNING_TOTAL","over","","points-all-8i-ou-over","fliff","0.5","false","-125","2026-09-26T13:23:52.193Z","0.5","0.5","106","-110",""
"SPORTSGAMEODDS","t9CdTwkN5JfPA2wNtr19","2026-09-27T01:40:00.000Z","Houston Astros @ Athletics","Houston Astros","Athletics","8","full","FULL_INNING_TOTAL","under","","points-all-8i-ou-under","fanduel","0.5","false","-110","2026-09-26T13:25:34.000Z","0.5","0.5","-106","-125","https://sportsbook.fanduel.com/addToBetslip?marketId=717.188587271&selectionId=7017906"
"SPORTSGAMEODDS","t9CdTwkN5JfPA2wNtr19","2026-09-27T01:40:00.000Z","Houston Astros @ Athletics","Houston Astros","Athletics","8","full","FULL_INNING_TOTAL","under","","points-all-8i-ou-under","fanduel","1.5","true","-280","2026-09-26T13:25:34.000Z","0.5","0.5","","","https://sportsbook.fanduel.com/addToBetslip?marketId=717.188587271&selectionId=7017906"
"SPORTSGAMEODDS","t9CdTwkN5JfPA2wNtr19","2026-09-27T01:40:00.000Z","Houston Astros @ Athletics","Houston Astros","Athletics","8","full","FULL_INNING_TOTAL","under","","points-all-8i-ou-under","draftkings","0.5","false","-125","2026-09-26T13:25:36.276Z","0.5","0.5","-106","-125",""
"SPORTSGAMEODDS","t9CdTwkN5JfPA2wNtr19","2026-09-27T01:40:00.000Z","Houston Astros @ Athletics","Houston Astros","Athletics","8","full","FULL_INNING_TOTAL","under","","points-all-8i-ou-under","draftkings","1.5","true","-320","2026-09-26T13:25:36.276Z","0.5","0.5","","",""
"SPORTSGAMEODDS","t9CdTwkN5JfPA2wNtr19","2026-09-27T01:40:00.000Z","Houston Astros @ Athletics","Houston Astros","Athletics","8","full","FULL_INNING_TOTAL","under","","points-all-8i-ou-under","fliff","0.5","false","-130","2026-09-26T13:24:15.926Z","0.5","0.5","-106","-125",""
"SPORTSGAMEODDS","t9CdTwkN5JfPA2wNtr19","2026-09-27T01:40:00.000Z","Houston Astros @ Athletics","Houston Astros","Athletics","9","full","FULL_INNING_3WAY","draw","","points-all-9i-ml3way-draw","fanduel","","false","-175","2026-09-26T13:25:34.000Z","","","","","https://sportsbook.fanduel.com/addToBetslip?marketId=717.188587351&selectionId=131604"
"SPORTSGAMEODDS","t9CdTwkN5JfPA2wNtr19","2026-09-27T01:40:00.000Z","Houston Astros @ Athletics","Houston Astros","Athletics","9","full","FULL_INNING_3WAY","draw","","points-all-9i-ml3way-draw","draftkings","","false","-190","2026-09-26T13:25:36.276Z","","","","",""
"SPORTSGAMEODDS","t9CdTwkN5JfPA2wNtr19","2026-09-27T01:40:00.000Z","Houston Astros @ Athletics","Houston Astros","Athletics","9","full","FULL_INNING_TOTAL","over","","points-all-9i-ou-over","fanduel","0.5","false","124","2026-09-26T13:25:34.000Z","0.5","0.5","137","124","https://sportsbook.fanduel.com/addToBetslip?marketId=717.188587371&selectionId=7017905"
"SPORTSGAMEODDS","t9CdTwkN5JfPA2wNtr19","2026-09-27T01:40:00.000Z","Houston Astros @ Athletics","Houston Astros","Athletics","9","full","FULL_INNING_TOTAL","over","","points-all-9i-ou-over","fanduel","1.5","true","290","2026-09-26T13:25:34.000Z","0.5","0.5","","","https://sportsbook.fanduel.com/addToBetslip?marketId=717.188587371&selectionId=7017905"
"SPORTSGAMEODDS","t9CdTwkN5JfPA2wNtr19","2026-09-27T01:40:00.000Z","Houston Astros @ Athletics","Houston Astros","Athletics","9","full","FULL_INNING_TOTAL","over","","points-all-9i-ou-over","draftkings","0.5","false","125","2026-09-26T13:25:36.276Z","0.5","0.5","137","124",""
"SPORTSGAMEODDS","t9CdTwkN5JfPA2wNtr19","2026-09-27T01:40:00.000Z","Houston Astros @ Athletics","Houston Astros","Athletics","9","full","FULL_INNING_TOTAL","over","","points-all-9i-ou-over","draftkings","1.5","true","290","2026-09-26T13:25:36.276Z","0.5","0.5","","",""
"SPORTSGAMEODDS","t9CdTwkN5JfPA2wNtr19","2026-09-27T01:40:00.000Z","Houston Astros @ Athletics","Houston Astros","Athletics","9","full","FULL_INNING_TOTAL","under","","points-all-9i-ou-under","fanduel","0.5","false","-152","2026-09-26T13:25:34.000Z","0.5","0.5","-137","-158","https://sportsbook.fanduel.com/addToBetslip?marketId=717.188587371&selectionId=7017906"
"SPORTSGAMEODDS","t9CdTwkN5JfPA2wNtr19","2026-09-27T01:40:00.000Z","Houston Astros @ Athletics","Houston Astros","Athletics","9","full","FULL_INNING_TOTAL","under","","points-all-9i-ou-under","fanduel","1.5","true","-385","2026-09-26T13:25:34.000Z","0.5","0.5","","","https://sportsbook.fanduel.com/addToBetslip?marketId=717.188587371&selectionId=7017906"
"SPORTSGAMEODDS","t9CdTwkN5JfPA2wNtr19","2026-09-27T01:40:00.000Z","Houston Astros @ Athletics","Houston Astros","Athletics","9","full","FULL_INNING_TOTAL","under","","points-all-9i-ou-under","draftkings","0.5","false","-165","2026-09-26T13:25:36.276Z","0.5","0.5","-137","-158",""
"SPORTSGAMEODDS","t9CdTwkN5JfPA2wNtr19","2026-09-27T01:40:00.000Z","Houston Astros @ Athletics","Houston Astros","Athletics","9","full","FULL_INNING_TOTAL","under","","points-all-9i-ou-under","draftkings","1.5","true","-425","2026-09-26T13:25:36.276Z","0.5","0.5","","",""
"SPORTSGAMEODDS","t9CdTwkN5JfPA2wNtr19","2026-09-27T01:40:00.000Z","Houston Astros @ Athletics","Houston Astros","Athletics","2","full","FULL_INNING_3WAY","away","","points-away-2i-ml3way-away","fanduel","","false","280","2026-09-26T13:25:34.000Z","","","","","https://sportsbook.fanduel.com/addToBetslip?marketId=717.188587263&selectionId=29170"
"SPORTSGAMEODDS","t9CdTwkN5JfPA2wNtr19","2026-09-27T01:40:00.000Z","Houston Astros @ Athletics","Houston Astros","Athletics","2","full","FULL_INNING_3WAY","away","","points-away-2i-ml3way-away","draftkings","","false","275","2026-09-26T13:25:36.276Z","","","","",""
"SPORTSGAMEODDS","t9CdTwkN5JfPA2wNtr19","2026-09-27T01:40:00.000Z","Houston Astros @ Athletics","Houston Astros","Athletics","3","full","FULL_INNING_3WAY","away","","points-away-3i-ml3way-away","fanduel","","false","260","2026-09-26T13:25:34.000Z","","","","","https://sportsbook.fanduel.com/addToBetslip?marketId=717.188587257&selectionId=29170"
"SPORTSGAMEODDS","t9CdTwkN5JfPA2wNtr19","2026-09-27T01:40:00.000Z","Houston Astros @ Athletics","Houston Astros","Athletics","3","full","FULL_INNING_3WAY","away","","points-away-3i-ml3way-away","draftkings","","false","245","2026-09-26T13:25:36.276Z","","","","",""
"SPORTSGAMEODDS","t9CdTwkN5JfPA2wNtr19","2026-09-27T01:40:00.000Z","Houston Astros @ Athletics","Houston Astros","Athletics","5","full","FULL_INNING_3WAY","away","","points-away-5i-ml3way-away","fanduel","","false","250","2026-09-26T13:25:34.000Z","","","","","https://sportsbook.fanduel.com/addToBetslip?marketId=717.188587401&selectionId=29170"
"SPORTSGAMEODDS","t9CdTwkN5JfPA2wNtr19","2026-09-27T01:40:00.000Z","Houston Astros @ Athletics","Houston Astros","Athletics","5","full","FULL_INNING_3WAY","away","","points-away-5i-ml3way-away","draftkings","","false","255","2026-09-26T13:25:36.276Z","","","","",""
"SPORTSGAMEODDS","t9CdTwkN5JfPA2wNtr19","2026-09-27T01:40:00.000Z","Houston Astros @ Athletics","Houston Astros","Athletics","6","full","FULL_INNING_3WAY","away","","points-away-6i-ml3way-away","fanduel","","false","260","2026-09-26T13:25:34.000Z","","","","","https://sportsbook.fanduel.com/addToBetslip?marketId=717.188587291&selectionId=29170"
"SPORTSGAMEODDS","t9CdTwkN5JfPA2wNtr19","2026-09-27T01:40:00.000Z","Houston Astros @ Athletics","Houston Astros","Athletics","6","full","FULL_INNING_3WAY","away","","points-away-6i-ml3way-away","draftkings","","false","245","2026-09-26T13:25:36.276Z","","","","",""
"SPORTSGAMEODDS","t9CdTwkN5JfPA2wNtr19","2026-09-27T01:40:00.000Z","Houston Astros @ Athletics","Houston Astros","Athletics","7","full","FULL_INNING_3WAY","away","","points-away-7i-ml3way-away","fanduel","","false","260","2026-09-26T13:25:34.000Z","","","","","https://sportsbook.fanduel.com/addToBetslip?marketId=717.188587356&selectionId=29170"
"SPORTSGAMEODDS","t9CdTwkN5JfPA2wNtr19","2026-09-27T01:40:00.000Z","Houston Astros @ Athletics","Houston Astros","Athletics","7","full","FULL_INNING_3WAY","away","","points-away-7i-ml3way-away","draftkings","","false","255","2026-09-26T13:25:36.276Z","","","","",""
"SPORTSGAMEODDS","t9CdTwkN5JfPA2wNtr19","2026-09-27T01:40:00.000Z","Houston Astros @ Athletics","Houston Astros","Athletics","8","full","FULL_INNING_3WAY","away","","points-away-8i-ml3way-away","fanduel","","false","260","2026-09-26T13:25:34.000Z","","","","","https://sportsbook.fanduel.com/addToBetslip?marketId=717.188587280&selectionId=29170"
"SPORTSGAMEODDS","t9CdTwkN5JfPA2wNtr19","2026-09-27T01:40:00.000Z","Houston Astros @ Athletics","Houston Astros","Athletics","8","full","FULL_INNING_3WAY","away","","points-away-8i-ml3way-away","draftkings","","false","255","2026-09-26T13:25:36.276Z","","","","",""
"SPORTSGAMEODDS","t9CdTwkN5JfPA2wNtr19","2026-09-27T01:40:00.000Z","Houston Astros @ Athletics","Houston Astros","Athletics","9","full","FULL_INNING_3WAY","away","","points-away-9i-ml3way-away","fanduel","","false","230","2026-09-26T13:25:34.000Z","","","","","https://sportsbook.fanduel.com/addToBetslip?marketId=717.188587351&selectionId=29170"
"SPORTSGAMEODDS","t9CdTwkN5JfPA2wNtr19","2026-09-27T01:40:00.000Z","Houston Astros @ Athletics","Houston Astros","Athletics","9","full","FULL_INNING_3WAY","away","","points-away-9i-ml3way-away","draftkings","","false","245","2026-09-26T13:25:36.276Z","","","","",""
"SPORTSGAMEODDS","t9CdTwkN5JfPA2wNtr19","2026-09-27T01:40:00.000Z","Houston Astros @ Athletics","Houston Astros","Athletics","3","full","FULL_INNING_3WAY","home","","points-home-3i-ml3way-home","fanduel","","false","320","2026-09-26T13:25:34.000Z","","","","","https://sportsbook.fanduel.com/addToBetslip?marketId=717.188587257&selectionId=75117758"
"SPORTSGAMEODDS","t9CdTwkN5JfPA2wNtr19","2026-09-27T01:40:00.000Z","Houston Astros @ Athletics","Houston Astros","Athletics","3","full","FULL_INNING_3WAY","home","","points-home-3i-ml3way-home","draftkings","","false","310","2026-09-26T13:25:36.276Z","","","","",""
"SPORTSGAMEODDS","t9CdTwkN5JfPA2wNtr19","2026-09-27T01:40:00.000Z","Houston Astros @ Athletics","Houston Astros","Athletics","4","full","FULL_INNING_3WAY","home","","points-home-4i-ml3way-home","fanduel","","false","330","2026-09-26T13:25:34.000Z","","","","","https://sportsbook.fanduel.com/addToBetslip?marketId=717.188587342&selectionId=75117758"
"SPORTSGAMEODDS","t9CdTwkN5JfPA2wNtr19","2026-09-27T01:40:00.000Z","Houston Astros @ Athletics","Houston Astros","Athletics","4","full","FULL_INNING_3WAY","home","","points-home-4i-ml3way-home","draftkings","","false","310","2026-09-26T13:25:36.276Z","","","","",""
"SPORTSGAMEODDS","t9CdTwkN5JfPA2wNtr19","2026-09-27T01:40:00.000Z","Houston Astros @ Athletics","Houston Astros","Athletics","5","full","FULL_INNING_3WAY","home","","points-home-5i-ml3way-home","fanduel","","false","330","2026-09-26T13:25:34.000Z","","","","","https://sportsbook.fanduel.com/addToBetslip?marketId=717.188587401&selectionId=75117758"
"SPORTSGAMEODDS","t9CdTwkN5JfPA2wNtr19","2026-09-27T01:40:00.000Z","Houston Astros @ Athletics","Houston Astros","Athletics","5","full","FULL_INNING_3WAY","home","","points-home-5i-ml3way-home","draftkings","","false","330","2026-09-26T13:25:36.276Z","","","","",""
"SPORTSGAMEODDS","t9CdTwkN5JfPA2wNtr19","2026-09-27T01:40:00.000Z","Houston Astros @ Athletics","Houston Astros","Athletics","6","full","FULL_INNING_3WAY","home","","points-home-6i-ml3way-home","fanduel","","false","330","2026-09-26T13:25:34.000Z","","","","","https://sportsbook.fanduel.com/addToBetslip?marketId=717.188587291&selectionId=75117758"
"SPORTSGAMEODDS","t9CdTwkN5JfPA2wNtr19","2026-09-27T01:40:00.000Z","Houston Astros @ Athletics","Houston Astros","Athletics","6","full","FULL_INNING_3WAY","home","","points-home-6i-ml3way-home","draftkings","","false","310","2026-09-26T13:25:36.276Z","","","","",""
"SPORTSGAMEODDS","t9CdTwkN5JfPA2wNtr19","2026-09-27T01:40:00.000Z","Houston Astros @ Athletics","Houston Astros","Athletics","7","full","FULL_INNING_3WAY","home","","points-home-7i-ml3way-home","fanduel","","false","340","2026-09-26T13:25:34.000Z","","","","","https://sportsbook.fanduel.com/addToBetslip?marketId=717.188587356&selectionId=75117758"
"SPORTSGAMEODDS","t9CdTwkN5JfPA2wNtr19","2026-09-27T01:40:00.000Z","Houston Astros @ Athletics","Houston Astros","Athletics","7","full","FULL_INNING_3WAY","home","","points-home-7i-ml3way-home","draftkings","","false","330","2026-09-26T13:25:36.276Z","","","","",""
"SPORTSGAMEODDS","t9CdTwkN5JfPA2wNtr19","2026-09-27T01:40:00.000Z","Houston Astros @ Athletics","Houston Astros","Athletics","8","full","FULL_INNING_3WAY","home","","points-home-8i-ml3way-home","fanduel","","false","330","2026-09-26T13:25:34.000Z","","","","","https://sportsbook.fanduel.com/addToBetslip?marketId=717.188587280&selectionId=75117758"
"SPORTSGAMEODDS","t9CdTwkN5JfPA2wNtr19","2026-09-27T01:40:00.000Z","Houston Astros @ Athletics","Houston Astros","Athletics","8","full","FULL_INNING_3WAY","home","","points-home-8i-ml3way-home","draftkings","","false","350","2026-09-26T13:25:36.276Z","","","","",""
"SPORTSGAMEODDS","t9CdTwkN5JfPA2wNtr19","2026-09-27T01:40:00.000Z","Houston Astros @ Athletics","Houston Astros","Athletics","9","full","FULL_INNING_3WAY","home","","points-home-9i-ml3way-home","fanduel","","false","600","2026-09-26T13:25:34.000Z","","","","","https://sportsbook.fanduel.com/addToBetslip?marketId=717.188587351&selectionId=75117758"
"SPORTSGAMEODDS","t9CdTwkN5JfPA2wNtr19","2026-09-27T01:40:00.000Z","Houston Astros @ Athletics","Houston Astros","Athletics","9","full","FULL_INNING_3WAY","home","","points-home-9i-ml3way-home","draftkings","","false","550","2026-09-26T13:25:36.276Z","","","","",""
"SPORTSGAMEODDS","t9CdTwkN5JfPA2wNtr19","2026-09-27T01:40:00.000Z","Houston Astros @ Athletics","Houston Astros","Athletics","4","full","FULL_INNING_3WAY","away","","points-away-4i-ml3way-away","fanduel","","false","270","2026-09-26T13:25:34.000Z","","","","","https://sportsbook.fanduel.com/addToBetslip?marketId=717.188587342&selectionId=29170"
"SPORTSGAMEODDS","t9CdTwkN5JfPA2wNtr19","2026-09-27T01:40:00.000Z","Houston Astros @ Athletics","Houston Astros","Athletics","4","full","FULL_INNING_3WAY","away","","points-away-4i-ml3way-away","draftkings","","false","265","2026-09-26T13:25:36.276Z","","","","",""
"SPORTSGAMEODDS","t9CdTwkN5JfPA2wNtr19","2026-09-27T01:40:00.000Z","Houston Astros @ Athletics","Houston Astros","Athletics","2","full","FULL_INNING_3WAY","home","","points-home-2i-ml3way-home","fanduel","","false","360","2026-09-26T13:25:34.000Z","","","","","https://sportsbook.fanduel.com/addToBetslip?marketId=717.188587263&selectionId=75117758"
"SPORTSGAMEODDS","t9CdTwkN5JfPA2wNtr19","2026-09-27T01:40:00.000Z","Houston Astros @ Athletics","Houston Astros","Athletics","2","full","FULL_INNING_3WAY","home","","points-home-2i-ml3way-home","draftkings","","false","310","2026-09-26T13:25:36.276Z","","","","",""
"SPORTSGAMEODDS","tOPCUUDvCMmYcTCGJqYN","2026-09-27T01:40:00.000Z","Los Angeles Angels @ Seattle Mariners","Los Angeles Angels","Seattle Mariners","1","full","FULL_INNING_TOTAL","over","","points-all-1i-ou-over","novig","0.5","false","111","2026-09-26T13:25:01.238Z","0.5","0.5","115","103","https://novig.com/events/01a0d9d1-f4cf-7063-a5e7-c39b80668e82/sportsgameodds"
"SPORTSGAMEODDS","tOPCUUDvCMmYcTCGJqYN","2026-09-27T01:40:00.000Z","Los Angeles Angels @ Seattle Mariners","Los Angeles Angels","Seattle Mariners","1","full","FULL_INNING_TOTAL","over","","points-all-1i-ou-over","fanduel","0.5","false","100","2026-09-26T13:25:34.000Z","0.5","0.5","115","103","https://sportsbook.fanduel.com/addToBetslip?marketId=717.188535003&selectionId=7017905"
"SPORTSGAMEODDS","tOPCUUDvCMmYcTCGJqYN","2026-09-27T01:40:00.000Z","Los Angeles Angels @ Seattle Mariners","Los Angeles Angels","Seattle Mariners","1","full","FULL_INNING_TOTAL","over","","points-all-1i-ou-over","fanduel","1.5","true","260","2026-09-26T13:25:34.000Z","0.5","0.5","","","https://sportsbook.fanduel.com/addToBetslip?marketId=717.188535003&selectionId=7017905"
"SPORTSGAMEODDS","tOPCUUDvCMmYcTCGJqYN","2026-09-27T01:40:00.000Z","Los Angeles Angels @ Seattle Mariners","Los Angeles Angels","Seattle Mariners","1","full","FULL_INNING_TOTAL","over","","points-all-1i-ou-over","unknown","0.5","false","100","2026-09-26T13:25:57.162Z","0.5","0.5","115","103",""
"SPORTSGAMEODDS","tOPCUUDvCMmYcTCGJqYN","2026-09-27T01:40:00.000Z","Los Angeles Angels @ Seattle Mariners","Los Angeles Angels","Seattle Mariners","1","full","FULL_INNING_TOTAL","over","","points-all-1i-ou-over","unknown","1.5","true","267","2026-09-26T13:25:51.662Z","0.5","0.5","","",""
"SPORTSGAMEODDS","tOPCUUDvCMmYcTCGJqYN","2026-09-27T01:40:00.000Z","Los Angeles Angels @ Seattle Mariners","Los Angeles Angels","Seattle Mariners","1","full","FULL_INNING_TOTAL","over","","points-all-1i-ou-over","hardrockbet","0.5","false","100","2026-09-26T13:26:03.162Z","0.5","0.5","115","103",""
"SPORTSGAMEODDS","tOPCUUDvCMmYcTCGJqYN","2026-09-27T01:40:00.000Z","Los Angeles Angels @ Seattle Mariners","Los Angeles Angels","Seattle Mariners","1","full","FULL_INNING_TOTAL","over","","points-all-1i-ou-over","hardrockbet","1.5","true","230","2026-09-26T13:26:03.162Z","0.5","0.5","","",""
"SPORTSGAMEODDS","tOPCUUDvCMmYcTCGJqYN","2026-09-27T01:40:00.000Z","Los Angeles Angels @ Seattle Mariners","Los Angeles Angels","Seattle Mariners","1","full","FULL_INNING_TOTAL","over","","points-all-1i-ou-over","fliff","0.5","false","-110","2026-09-26T13:25:36.662Z","0.5","0.5","115","103",""
"SPORTSGAMEODDS","tOPCUUDvCMmYcTCGJqYN","2026-09-27T01:40:00.000Z","Los Angeles Angels @ Seattle Mariners","Los Angeles Angels","Seattle Mariners","1","full","FULL_INNING_TOTAL","over","","points-all-1i-ou-over","fliff","1.5","true","215","2026-09-26T13:25:36.662Z","0.5","0.5","","",""
"SPORTSGAMEODDS","tOPCUUDvCMmYcTCGJqYN","2026-09-27T01:40:00.000Z","Los Angeles Angels @ Seattle Mariners","Los Angeles Angels","Seattle Mariners","1","full","FULL_INNING_TOTAL","over","","points-all-1i-ou-over","caesars","0.5","false","105","2026-09-26T13:25:35.077Z","0.5","0.5","115","103","https://sportsbook.caesars.com/us/nj/bet/betslip?selectionIds=ff195fba-245f-3f42-99db-6a8e79dabf9a"
"SPORTSGAMEODDS","tOPCUUDvCMmYcTCGJqYN","2026-09-27T01:40:00.000Z","Los Angeles Angels @ Seattle Mariners","Los Angeles Angels","Seattle Mariners","1","full","FULL_INNING_TOTAL","over","","points-all-1i-ou-over","draftkings","0.5","false","110","2026-09-26T13:25:36.276Z","0.5","0.5","115","103",""
"SPORTSGAMEODDS","tOPCUUDvCMmYcTCGJqYN","2026-09-27T01:40:00.000Z","Los Angeles Angels @ Seattle Mariners","Los Angeles Angels","Seattle Mariners","1","full","FULL_INNING_TOTAL","over","","points-all-1i-ou-over","draftkings","1.5","true","260","2026-09-26T13:25:36.276Z","0.5","0.5","","",""
"SPORTSGAMEODDS","tOPCUUDvCMmYcTCGJqYN","2026-09-27T01:40:00.000Z","Los Angeles Angels @ Seattle Mariners","Los Angeles Angels","Seattle Mariners","1","full","FULL_INNING_TOTAL","over","","points-all-1i-ou-over","betonline","0.5","false","104","2026-09-26T13:25:56.077Z","0.5","0.5","115","103",""
"SPORTSGAMEODDS","tOPCUUDvCMmYcTCGJqYN","2026-09-27T01:40:00.000Z","Los Angeles Angels @ Seattle Mariners","Los Angeles Angels","Seattle Mariners","1","full","FULL_INNING_TOTAL","over","","points-all-1i-ou-over","ballybet","1.5","false","230","2026-09-26T13:26:04.162Z","0.5","0.5","","",""
"SPORTSGAMEODDS","tOPCUUDvCMmYcTCGJqYN","2026-09-27T01:40:00.000Z","Los Angeles Angels @ Seattle Mariners","Los Angeles Angels","Seattle Mariners","1","full","FULL_INNING_TOTAL","over","","points-all-1i-ou-over","betparx","1.5","false","230","2026-09-26T13:26:05.662Z","0.5","0.5","","",""
"SPORTSGAMEODDS","tOPCUUDvCMmYcTCGJqYN","2026-09-27T01:40:00.000Z","Los Angeles Angels @ Seattle Mariners","Los Angeles Angels","Seattle Mariners","1","full","FULL_INNING_TOTAL","over","","points-all-1i-ou-over","betrivers","0.5","false","118","2026-09-26T13:25:35.077Z","0.5","0.5","115","103","https://nj.betrivers.com/?page=sportsbook#event/1024788197?coupon=single|4351588030|0"
"SPORTSGAMEODDS","tOPCUUDvCMmYcTCGJqYN","2026-09-27T01:40:00.000Z","Los Angeles Angels @ Seattle Mariners","Los Angeles Angels","Seattle Mariners","1","full","FULL_INNING_TOTAL","over","","points-all-1i-ou-over","betmgm","0.5","false","110","2026-09-26T13:25:35.077Z","0.5","0.5","115","103","https://sports.nj.betmgm.com/en/sports?options=19944864-1561563995-2305063435"
"SPORTSGAMEODDS","tOPCUUDvCMmYcTCGJqYN","2026-09-27T01:40:00.000Z","Los Angeles Angels @ Seattle Mariners","Los Angeles Angels","Seattle Mariners","1","full","FULL_INNING_TOTAL","under","","points-all-1i-ou-under","novig","0.5","false","-115","2026-09-26T13:25:01.238Z","0.5","0.5","-115","-132","https://novig.com/events/01a0d9d1-f4cf-7063-a5e7-c3acbb4718ab/sportsgameodds"
"SPORTSGAMEODDS","tOPCUUDvCMmYcTCGJqYN","2026-09-27T01:40:00.000Z","Los Angeles Angels @ Seattle Mariners","Los Angeles Angels","Seattle Mariners","1","full","FULL_INNING_TOTAL","under","","points-all-1i-ou-under","fanduel","0.5","false","-128","2026-09-26T13:25:34.000Z","0.5","0.5","-115","-132","https://sportsbook.fanduel.com/addToBetslip?marketId=717.188535003&selectionId=7017906"
"SPORTSGAMEODDS","tOPCUUDvCMmYcTCGJqYN","2026-09-27T01:40:00.000Z","Los Angeles Angels @ Seattle Mariners","Los Angeles Angels","Seattle Mariners","1","full","FULL_INNING_TOTAL","under","","points-all-1i-ou-under","fanduel","1.5","true","-340","2026-09-26T13:25:34.000Z","0.5","0.5","","","https://sportsbook.fanduel.com/addToBetslip?marketId=717.188535003&selectionId=7017906"
"SPORTSGAMEODDS","tOPCUUDvCMmYcTCGJqYN","2026-09-27T01:40:00.000Z","Los Angeles Angels @ Seattle Mariners","Los Angeles Angels","Seattle Mariners","1","full","FULL_INNING_TOTAL","under","","points-all-1i-ou-under","unknown","0.5","false","-150","2026-09-26T13:25:57.162Z","0.5","0.5","-115","-132",""
"SPORTSGAMEODDS","tOPCUUDvCMmYcTCGJqYN","2026-09-27T01:40:00.000Z","Los Angeles Angels @ Seattle Mariners","Los Angeles Angels","Seattle Mariners","1","full","FULL_INNING_TOTAL","under","","points-all-1i-ou-under","unknown","1.5","true","-340","2026-09-26T13:25:51.662Z","0.5","0.5","","",""
"SPORTSGAMEODDS","tOPCUUDvCMmYcTCGJqYN","2026-09-27T01:40:00.000Z","Los Angeles Angels @ Seattle Mariners","Los Angeles Angels","Seattle Mariners","1","full","FULL_INNING_TOTAL","under","","points-all-1i-ou-under","hardrockbet","0.5","false","-130","2026-09-26T13:26:03.162Z","0.5","0.5","-115","-132",""
"SPORTSGAMEODDS","tOPCUUDvCMmYcTCGJqYN","2026-09-27T01:40:00.000Z","Los Angeles Angels @ Seattle Mariners","Los Angeles Angels","Seattle Mariners","1","full","FULL_INNING_TOTAL","under","","points-all-1i-ou-under","hardrockbet","1.5","true","-350","2026-09-26T13:26:03.162Z","0.5","0.5","","",""
"SPORTSGAMEODDS","tOPCUUDvCMmYcTCGJqYN","2026-09-27T01:40:00.000Z","Los Angeles Angels @ Seattle Mariners","Los Angeles Angels","Seattle Mariners","1","full","FULL_INNING_TOTAL","under","","points-all-1i-ou-under","fliff","0.5","false","-145","2026-09-26T13:25:36.662Z","0.5","0.5","-115","-132",""
"SPORTSGAMEODDS","tOPCUUDvCMmYcTCGJqYN","2026-09-27T01:40:00.000Z","Los Angeles Angels @ Seattle Mariners","Los Angeles Angels","Seattle Mariners","1","full","FULL_INNING_TOTAL","under","","points-all-1i-ou-under","fliff","1.5","true","-385","2026-09-26T13:25:36.662Z","0.5","0.5","","",""
"SPORTSGAMEODDS","tOPCUUDvCMmYcTCGJqYN","2026-09-27T01:40:00.000Z","Los Angeles Angels @ Seattle Mariners","Los Angeles Angels","Seattle Mariners","1","full","FULL_INNING_TOTAL","under","","points-all-1i-ou-under","caesars","0.5","false","-132","2026-09-26T13:25:35.077Z","0.5","0.5","-115","-132","https://sportsbook.caesars.com/us/nj/bet/betslip?selectionIds=e4ba4414-a9be-3074-ac8b-f1235d4a9956"
"SPORTSGAMEODDS","tOPCUUDvCMmYcTCGJqYN","2026-09-27T01:40:00.000Z","Los Angeles Angels @ Seattle Mariners","Los Angeles Angels","Seattle Mariners","1","full","FULL_INNING_TOTAL","under","","points-all-1i-ou-under","prophetexchange","0.5","false","-123","2026-09-26T13:26:20.693Z","0.5","0.5","-115","-132",""
"SPORTSGAMEODDS","tOPCUUDvCMmYcTCGJqYN","2026-09-27T01:40:00.000Z","Los Angeles Angels @ Seattle Mariners","Los Angeles Angels","Seattle Mariners","1","full","FULL_INNING_TOTAL","under","","points-all-1i-ou-under","draftkings","0.5","false","-140","2026-09-26T13:25:36.276Z","0.5","0.5","-115","-132",""
"SPORTSGAMEODDS","tOPCUUDvCMmYcTCGJqYN","2026-09-27T01:40:00.000Z","Los Angeles Angels @ Seattle Mariners","Los Angeles Angels","Seattle Mariners","1","full","FULL_INNING_TOTAL","under","","points-all-1i-ou-under","draftkings","1.5","true","-350","2026-09-26T13:25:36.276Z","0.5","0.5","","",""
"SPORTSGAMEODDS","tOPCUUDvCMmYcTCGJqYN","2026-09-27T01:40:00.000Z","Los Angeles Angels @ Seattle Mariners","Los Angeles Angels","Seattle Mariners","1","full","FULL_INNING_TOTAL","under","","points-all-1i-ou-under","betonline","0.5","false","-139","2026-09-26T13:25:56.077Z","0.5","0.5","-115","-132",""
"SPORTSGAMEODDS","tOPCUUDvCMmYcTCGJqYN","2026-09-27T01:40:00.000Z","Los Angeles Angels @ Seattle Mariners","Los Angeles Angels","Seattle Mariners","1","full","FULL_INNING_TOTAL","under","","points-all-1i-ou-under","ballybet","1.5","false","-335","2026-09-26T13:26:04.162Z","0.5","0.5","","",""
"SPORTSGAMEODDS","tOPCUUDvCMmYcTCGJqYN","2026-09-27T01:40:00.000Z","Los Angeles Angels @ Seattle Mariners","Los Angeles Angels","Seattle Mariners","1","full","FULL_INNING_TOTAL","under","","points-all-1i-ou-under","betparx","1.5","false","-335","2026-09-26T13:26:05.662Z","0.5","0.5","","",""
"SPORTSGAMEODDS","tOPCUUDvCMmYcTCGJqYN","2026-09-27T01:40:00.000Z","Los Angeles Angels @ Seattle Mariners","Los Angeles Angels","Seattle Mariners","1","full","FULL_INNING_TOTAL","under","","points-all-1i-ou-under","betrivers","0.5","false","-159","2026-09-26T13:25:35.077Z","0.5","0.5","-115","-132","https://nj.betrivers.com/?page=sportsbook#event/1024788197?coupon=single|4351588031|0"
"SPORTSGAMEODDS","tOPCUUDvCMmYcTCGJqYN","2026-09-27T01:40:00.000Z","Los Angeles Angels @ Seattle Mariners","Los Angeles Angels","Seattle Mariners","1","full","FULL_INNING_TOTAL","under","","points-all-1i-ou-under","betmgm","0.5","false","-140","2026-09-26T13:25:35.077Z","0.5","0.5","-115","-132","https://sports.nj.betmgm.com/en/sports?options=19944864-1561563995-2305063436"
"SPORTSGAMEODDS","tOPCUUDvCMmYcTCGJqYN","2026-09-27T01:40:00.000Z","Los Angeles Angels @ Seattle Mariners","Los Angeles Angels","Seattle Mariners","1","full","FULL_INNING_3WAY","draw","","points-all-1i-ml3way-draw","fanduel","","false","-160","2026-09-26T13:25:34.000Z","","","","","https://sportsbook.fanduel.com/addToBetslip?marketId=717.188535011&selectionId=131604"
"SPORTSGAMEODDS","tOPCUUDvCMmYcTCGJqYN","2026-09-27T01:40:00.000Z","Los Angeles Angels @ Seattle Mariners","Los Angeles Angels","Seattle Mariners","1","full","FULL_INNING_3WAY","draw","","points-all-1i-ml3way-draw","bovada","","false","-136","2026-09-26T13:25:37.577Z","","","","",""
"SPORTSGAMEODDS","tOPCUUDvCMmYcTCGJqYN","2026-09-27T01:40:00.000Z","Los Angeles Angels @ Seattle Mariners","Los Angeles Angels","Seattle Mariners","1","full","FULL_INNING_3WAY","draw","","points-all-1i-ml3way-draw","draftkings","","false","-160","2026-09-26T13:25:36.276Z","","","","",""
"SPORTSGAMEODDS","tOPCUUDvCMmYcTCGJqYN","2026-09-27T01:40:00.000Z","Los Angeles Angels @ Seattle Mariners","Los Angeles Angels","Seattle Mariners","1","full","FULL_INNING_3WAY","draw","","points-all-1i-ml3way-draw","unknown","","false","-160","2026-09-26T13:25:51.662Z","","","","",""
"SPORTSGAMEODDS","tOPCUUDvCMmYcTCGJqYN","2026-09-27T01:40:00.000Z","Los Angeles Angels @ Seattle Mariners","Los Angeles Angels","Seattle Mariners","1","full","FULL_INNING_3WAY","draw","","points-all-1i-ml3way-draw","ballybet","","false","-175","2026-09-26T13:26:04.162Z","","","","",""
"SPORTSGAMEODDS","tOPCUUDvCMmYcTCGJqYN","2026-09-27T01:40:00.000Z","Los Angeles Angels @ Seattle Mariners","Los Angeles Angels","Seattle Mariners","1","full","FULL_INNING_3WAY","draw","","points-all-1i-ml3way-draw","betparx","","false","-175","2026-09-26T13:26:05.662Z","","","","",""
"SPORTSGAMEODDS","tOPCUUDvCMmYcTCGJqYN","2026-09-27T01:40:00.000Z","Los Angeles Angels @ Seattle Mariners","Los Angeles Angels","Seattle Mariners","1","full","FULL_INNING_3WAY","draw","","points-all-1i-ml3way-draw","betrivers","","false","-175","2026-09-26T13:25:35.077Z","","","","","https://nj.betrivers.com/?page=sportsbook#event/1024788197?coupon=single|4351563570|0"
"SPORTSGAMEODDS","tOPCUUDvCMmYcTCGJqYN","2026-09-27T01:40:00.000Z","Los Angeles Angels @ Seattle Mariners","Los Angeles Angels","Seattle Mariners","1","full","FULL_INNING_3WAY","draw","","points-all-1i-ml3way-draw","betmgm","","false","-155","2026-09-26T13:25:35.077Z","","","","","https://sports.nj.betmgm.com/en/sports?options=19944864-1561564004-2305063462"
"SPORTSGAMEODDS","tOPCUUDvCMmYcTCGJqYN","2026-09-27T01:40:00.000Z","Los Angeles Angels @ Seattle Mariners","Los Angeles Angels","Seattle Mariners","1","full","FULL_INNING_3WAY","away","","points-away-1i-ml3way-away","fanduel","","false","390","2026-09-26T13:25:34.000Z","","","","","https://sportsbook.fanduel.com/addToBetslip?marketId=717.188535011&selectionId=1093236"
"SPORTSGAMEODDS","tOPCUUDvCMmYcTCGJqYN","2026-09-27T01:40:00.000Z","Los Angeles Angels @ Seattle Mariners","Los Angeles Angels","Seattle Mariners","1","full","FULL_INNING_3WAY","away","","points-away-1i-ml3way-away","bovada","","false","380","2026-09-26T13:25:37.577Z","","","","",""
"SPORTSGAMEODDS","tOPCUUDvCMmYcTCGJqYN","2026-09-27T01:40:00.000Z","Los Angeles Angels @ Seattle Mariners","Los Angeles Angels","Seattle Mariners","1","full","FULL_INNING_3WAY","away","","points-away-1i-ml3way-away","draftkings","","false","425","2026-09-26T13:25:36.276Z","","","","",""
"SPORTSGAMEODDS","tOPCUUDvCMmYcTCGJqYN","2026-09-27T01:40:00.000Z","Los Angeles Angels @ Seattle Mariners","Los Angeles Angels","Seattle Mariners","1","full","FULL_INNING_3WAY","away","","points-away-1i-ml3way-away","unknown","","false","425","2026-09-26T13:25:51.662Z","","","","",""
"SPORTSGAMEODDS","tOPCUUDvCMmYcTCGJqYN","2026-09-27T01:40:00.000Z","Los Angeles Angels @ Seattle Mariners","Los Angeles Angels","Seattle Mariners","1","full","FULL_INNING_3WAY","away","","points-away-1i-ml3way-away","ballybet","","false","370","2026-09-26T13:26:04.162Z","","","","",""
"SPORTSGAMEODDS","tOPCUUDvCMmYcTCGJqYN","2026-09-27T01:40:00.000Z","Los Angeles Angels @ Seattle Mariners","Los Angeles Angels","Seattle Mariners","1","full","FULL_INNING_3WAY","away","","points-away-1i-ml3way-away","betparx","","false","370","2026-09-26T13:26:05.662Z","","","","",""
"SPORTSGAMEODDS","tOPCUUDvCMmYcTCGJqYN","2026-09-27T01:40:00.000Z","Los Angeles Angels @ Seattle Mariners","Los Angeles Angels","Seattle Mariners","1","full","FULL_INNING_3WAY","away","","points-away-1i-ml3way-away","betrivers","","false","370","2026-09-26T13:25:35.077Z","","","","","https://nj.betrivers.com/?page=sportsbook#event/1024788197?coupon=single|4351563571|0"
"SPORTSGAMEODDS","tOPCUUDvCMmYcTCGJqYN","2026-09-27T01:40:00.000Z","Los Angeles Angels @ Seattle Mariners","Los Angeles Angels","Seattle Mariners","1","full","FULL_INNING_3WAY","away","","points-away-1i-ml3way-away","betmgm","","false","400","2026-09-26T13:25:35.077Z","","","","","https://sports.nj.betmgm.com/en/sports?options=19944864-1561564004-2305063461"
"SPORTSGAMEODDS","tOPCUUDvCMmYcTCGJqYN","2026-09-27T01:40:00.000Z","Los Angeles Angels @ Seattle Mariners","Los Angeles Angels","Seattle Mariners","1","full","FULL_INNING_3WAY","home","","points-home-1i-ml3way-home","fanduel","","false","310","2026-09-26T13:25:34.000Z","","","","","https://sportsbook.fanduel.com/addToBetslip?marketId=717.188535011&selectionId=7100968"
"SPORTSGAMEODDS","tOPCUUDvCMmYcTCGJqYN","2026-09-27T01:40:00.000Z","Los Angeles Angels @ Seattle Mariners","Los Angeles Angels","Seattle Mariners","1","full","FULL_INNING_3WAY","home","","points-home-1i-ml3way-home","bovada","","false","240","2026-09-26T13:25:37.577Z","","","","",""
"SPORTSGAMEODDS","tOPCUUDvCMmYcTCGJqYN","2026-09-27T01:40:00.000Z","Los Angeles Angels @ Seattle Mariners","Los Angeles Angels","Seattle Mariners","1","full","FULL_INNING_3WAY","home","","points-home-1i-ml3way-home","draftkings","","false","255","2026-09-26T13:25:36.276Z","","","","",""
"SPORTSGAMEODDS","tOPCUUDvCMmYcTCGJqYN","2026-09-27T01:40:00.000Z","Los Angeles Angels @ Seattle Mariners","Los Angeles Angels","Seattle Mariners","1","full","FULL_INNING_3WAY","home","","points-home-1i-ml3way-home","unknown","","false","255","2026-09-26T13:25:51.662Z","","","","",""
"SPORTSGAMEODDS","tOPCUUDvCMmYcTCGJqYN","2026-09-27T01:40:00.000Z","Los Angeles Angels @ Seattle Mariners","Los Angeles Angels","Seattle Mariners","1","full","FULL_INNING_3WAY","home","","points-home-1i-ml3way-home","ballybet","","false","295","2026-09-26T13:26:04.162Z","","","","",""
"SPORTSGAMEODDS","tOPCUUDvCMmYcTCGJqYN","2026-09-27T01:40:00.000Z","Los Angeles Angels @ Seattle Mariners","Los Angeles Angels","Seattle Mariners","1","full","FULL_INNING_3WAY","home","","points-home-1i-ml3way-home","betparx","","false","295","2026-09-26T13:26:05.662Z","","","","",""
"SPORTSGAMEODDS","tOPCUUDvCMmYcTCGJqYN","2026-09-27T01:40:00.000Z","Los Angeles Angels @ Seattle Mariners","Los Angeles Angels","Seattle Mariners","1","full","FULL_INNING_3WAY","home","","points-home-1i-ml3way-home","betrivers","","false","295","2026-09-26T13:25:35.077Z","","","","","https://nj.betrivers.com/?page=sportsbook#event/1024788197?coupon=single|4351563569|0"
"SPORTSGAMEODDS","tOPCUUDvCMmYcTCGJqYN","2026-09-27T01:40:00.000Z","Los Angeles Angels @ Seattle Mariners","Los Angeles Angels","Seattle Mariners","1","full","FULL_INNING_3WAY","home","","points-home-1i-ml3way-home","betmgm","","false","260","2026-09-26T13:25:35.077Z","","","","","https://sports.nj.betmgm.com/en/sports?options=19944864-1561564004-2305063463"
"SPORTSGAMEODDS","tOPCUUDvCMmYcTCGJqYN","2026-09-27T01:40:00.000Z","Los Angeles Angels @ Seattle Mariners","Los Angeles Angels","Seattle Mariners","2","full","FULL_INNING_3WAY","draw","","points-all-2i-ml3way-draw","fanduel","","false","-190","2026-09-26T13:25:34.000Z","","","","","https://sportsbook.fanduel.com/addToBetslip?marketId=717.188535045&selectionId=131604"
"SPORTSGAMEODDS","tOPCUUDvCMmYcTCGJqYN","2026-09-27T01:40:00.000Z","Los Angeles Angels @ Seattle Mariners","Los Angeles Angels","Seattle Mariners","2","full","FULL_INNING_3WAY","draw","","points-all-2i-ml3way-draw","draftkings","","false","-175","2026-09-26T13:25:36.276Z","","","","",""
"SPORTSGAMEODDS","tOPCUUDvCMmYcTCGJqYN","2026-09-27T01:40:00.000Z","Los Angeles Angels @ Seattle Mariners","Los Angeles Angels","Seattle Mariners","2","full","FULL_INNING_TOTAL","over","","points-all-2i-ou-over","fanduel","0.5","false","130","2026-09-26T13:25:34.000Z","0.5","0.5","132","115","https://sportsbook.fanduel.com/addToBetslip?marketId=717.188535166&selectionId=7017905"
"SPORTSGAMEODDS","tOPCUUDvCMmYcTCGJqYN","2026-09-27T01:40:00.000Z","Los Angeles Angels @ Seattle Mariners","Los Angeles Angels","Seattle Mariners","2","full","FULL_INNING_TOTAL","over","","points-all-2i-ou-over","fanduel","1.5","true","360","2026-09-26T13:25:34.000Z","0.5","0.5","","","https://sportsbook.fanduel.com/addToBetslip?marketId=717.188535166&selectionId=7017905"
"SPORTSGAMEODDS","tOPCUUDvCMmYcTCGJqYN","2026-09-27T01:40:00.000Z","Los Angeles Angels @ Seattle Mariners","Los Angeles Angels","Seattle Mariners","2","full","FULL_INNING_TOTAL","over","","points-all-2i-ou-over","draftkings","0.5","false","115","2026-09-26T13:25:36.276Z","0.5","0.5","132","115",""
"SPORTSGAMEODDS","tOPCUUDvCMmYcTCGJqYN","2026-09-27T01:40:00.000Z","Los Angeles Angels @ Seattle Mariners","Los Angeles Angels","Seattle Mariners","2","full","FULL_INNING_TOTAL","over","","points-all-2i-ou-over","draftkings","1.5","true","310","2026-09-26T13:25:36.276Z","0.5","0.5","","",""
"SPORTSGAMEODDS","tOPCUUDvCMmYcTCGJqYN","2026-09-27T01:40:00.000Z","Los Angeles Angels @ Seattle Mariners","Los Angeles Angels","Seattle Mariners","2","full","FULL_INNING_TOTAL","over","","points-all-2i-ou-over","fliff","0.5","false","105","2026-09-26T13:23:52.193Z","0.5","0.5","132","115",""
"SPORTSGAMEODDS","tOPCUUDvCMmYcTCGJqYN","2026-09-27T01:40:00.000Z","Los Angeles Angels @ Seattle Mariners","Los Angeles Angels","Seattle Mariners","2","full","FULL_INNING_TOTAL","under","","points-all-2i-ou-under","fanduel","0.5","false","-160","2026-09-26T13:25:34.000Z","0.5","0.5","-132","-160","https://sportsbook.fanduel.com/addToBetslip?marketId=717.188535166&selectionId=7017906"
"SPORTSGAMEODDS","tOPCUUDvCMmYcTCGJqYN","2026-09-27T01:40:00.000Z","Los Angeles Angels @ Seattle Mariners","Los Angeles Angels","Seattle Mariners","2","full","FULL_INNING_TOTAL","under","","points-all-2i-ou-under","fanduel","1.5","true","-500","2026-09-26T13:25:34.000Z","0.5","0.5","","","https://sportsbook.fanduel.com/addToBetslip?marketId=717.188535166&selectionId=7017906"
"SPORTSGAMEODDS","tOPCUUDvCMmYcTCGJqYN","2026-09-27T01:40:00.000Z","Los Angeles Angels @ Seattle Mariners","Los Angeles Angels","Seattle Mariners","2","full","FULL_INNING_TOTAL","under","","points-all-2i-ou-under","draftkings","0.5","false","-155","2026-09-26T13:25:36.276Z","0.5","0.5","-132","-160",""
"SPORTSGAMEODDS","tOPCUUDvCMmYcTCGJqYN","2026-09-27T01:40:00.000Z","Los Angeles Angels @ Seattle Mariners","Los Angeles Angels","Seattle Mariners","2","full","FULL_INNING_TOTAL","under","","points-all-2i-ou-under","draftkings","1.5","true","-450","2026-09-26T13:25:36.276Z","0.5","0.5","","",""
"SPORTSGAMEODDS","tOPCUUDvCMmYcTCGJqYN","2026-09-27T01:40:00.000Z","Los Angeles Angels @ Seattle Mariners","Los Angeles Angels","Seattle Mariners","2","full","FULL_INNING_TOTAL","under","","points-all-2i-ou-under","fliff","0.5","false","-175","2026-09-26T13:23:52.193Z","0.5","0.5","-132","-160",""
"SPORTSGAMEODDS","tOPCUUDvCMmYcTCGJqYN","2026-09-27T01:40:00.000Z","Los Angeles Angels @ Seattle Mariners","Los Angeles Angels","Seattle Mariners","3","full","FULL_INNING_3WAY","draw","","points-all-3i-ml3way-draw","fanduel","","false","-170","2026-09-26T13:25:34.000Z","","","","","https://sportsbook.fanduel.com/addToBetslip?marketId=717.188535028&selectionId=131604"
"SPORTSGAMEODDS","tOPCUUDvCMmYcTCGJqYN","2026-09-27T01:40:00.000Z","Los Angeles Angels @ Seattle Mariners","Los Angeles Angels","Seattle Mariners","3","full","FULL_INNING_3WAY","draw","","points-all-3i-ml3way-draw","draftkings","","false","-170","2026-09-26T13:25:36.276Z","","","","",""
"SPORTSGAMEODDS","tOPCUUDvCMmYcTCGJqYN","2026-09-27T01:40:00.000Z","Los Angeles Angels @ Seattle Mariners","Los Angeles Angels","Seattle Mariners","3","full","FULL_INNING_TOTAL","over","","points-all-3i-ou-over","fanduel","0.5","false","120","2026-09-26T13:25:34.000Z","0.5","0.5","126","110","https://sportsbook.fanduel.com/addToBetslip?marketId=717.188535131&selectionId=7017905"
"SPORTSGAMEODDS","tOPCUUDvCMmYcTCGJqYN","2026-09-27T01:40:00.000Z","Los Angeles Angels @ Seattle Mariners","Los Angeles Angels","Seattle Mariners","3","full","FULL_INNING_TOTAL","over","","points-all-3i-ou-over","fanduel","1.5","true","310","2026-09-26T13:25:34.000Z","0.5","0.5","","","https://sportsbook.fanduel.com/addToBetslip?marketId=717.188535131&selectionId=7017905"
"SPORTSGAMEODDS","tOPCUUDvCMmYcTCGJqYN","2026-09-27T01:40:00.000Z","Los Angeles Angels @ Seattle Mariners","Los Angeles Angels","Seattle Mariners","3","full","FULL_INNING_TOTAL","over","","points-all-3i-ou-over","draftkings","0.5","false","110","2026-09-26T13:25:36.276Z","0.5","0.5","126","110",""
"SPORTSGAMEODDS","tOPCUUDvCMmYcTCGJqYN","2026-09-27T01:40:00.000Z","Los Angeles Angels @ Seattle Mariners","Los Angeles Angels","Seattle Mariners","3","full","FULL_INNING_TOTAL","over","","points-all-3i-ou-over","draftkings","1.5","true","270","2026-09-26T13:25:36.276Z","0.5","0.5","","",""
"SPORTSGAMEODDS","tOPCUUDvCMmYcTCGJqYN","2026-09-27T01:40:00.000Z","Los Angeles Angels @ Seattle Mariners","Los Angeles Angels","Seattle Mariners","3","full","FULL_INNING_TOTAL","over","","points-all-3i-ou-over","fliff","0.5","false","100","2026-09-26T13:23:52.193Z","0.5","0.5","126","110",""
"SPORTSGAMEODDS","tOPCUUDvCMmYcTCGJqYN","2026-09-27T01:40:00.000Z","Los Angeles Angels @ Seattle Mariners","Los Angeles Angels","Seattle Mariners","3","full","FULL_INNING_TOTAL","under","","points-all-3i-ou-under","fanduel","0.5","false","-148","2026-09-26T13:25:34.000Z","0.5","0.5","-126","-150","https://sportsbook.fanduel.com/addToBetslip?marketId=717.188535131&selectionId=7017906"
"SPORTSGAMEODDS","tOPCUUDvCMmYcTCGJqYN","2026-09-27T01:40:00.000Z","Los Angeles Angels @ Seattle Mariners","Los Angeles Angels","Seattle Mariners","3","full","FULL_INNING_TOTAL","under","","points-all-3i-ou-under","fanduel","1.5","true","-420","2026-09-26T13:25:34.000Z","0.5","0.5","","","https://sportsbook.fanduel.com/addToBetslip?marketId=717.188535131&selectionId=7017906"
"SPORTSGAMEODDS","tOPCUUDvCMmYcTCGJqYN","2026-09-27T01:40:00.000Z","Los Angeles Angels @ Seattle Mariners","Los Angeles Angels","Seattle Mariners","3","full","FULL_INNING_TOTAL","under","","points-all-3i-ou-under","draftkings","0.5","false","-150","2026-09-26T13:25:36.276Z","0.5","0.5","-126","-150",""
"SPORTSGAMEODDS","tOPCUUDvCMmYcTCGJqYN","2026-09-27T01:40:00.000Z","Los Angeles Angels @ Seattle Mariners","Los Angeles Angels","Seattle Mariners","3","full","FULL_INNING_TOTAL","under","","points-all-3i-ou-under","draftkings","1.5","true","-380","2026-09-26T13:25:36.276Z","0.5","0.5","","",""
"SPORTSGAMEODDS","tOPCUUDvCMmYcTCGJqYN","2026-09-27T01:40:00.000Z","Los Angeles Angels @ Seattle Mariners","Los Angeles Angels","Seattle Mariners","3","full","FULL_INNING_TOTAL","under","","points-all-3i-ou-under","fliff","0.5","false","-160","2026-09-26T13:23:52.193Z","0.5","0.5","-126","-150",""
"SPORTSGAMEODDS","tOPCUUDvCMmYcTCGJqYN","2026-09-27T01:40:00.000Z","Los Angeles Angels @ Seattle Mariners","Los Angeles Angels","Seattle Mariners","4","full","FULL_INNING_3WAY","draw","","points-all-4i-ml3way-draw","fanduel","","false","-165","2026-09-26T13:25:34.000Z","","","","","https://sportsbook.fanduel.com/addToBetslip?marketId=717.188535096&selectionId=131604"
"SPORTSGAMEODDS","tOPCUUDvCMmYcTCGJqYN","2026-09-27T01:40:00.000Z","Los Angeles Angels @ Seattle Mariners","Los Angeles Angels","Seattle Mariners","4","full","FULL_INNING_3WAY","draw","","points-all-4i-ml3way-draw","draftkings","","false","-170","2026-09-26T13:25:36.276Z","","","","",""
"SPORTSGAMEODDS","tOPCUUDvCMmYcTCGJqYN","2026-09-27T01:40:00.000Z","Los Angeles Angels @ Seattle Mariners","Los Angeles Angels","Seattle Mariners","4","full","FULL_INNING_TOTAL","over","","points-all-4i-ou-over","fanduel","0.5","false","114","2026-09-26T13:25:34.000Z","0.5","0.5","126","110","https://sportsbook.fanduel.com/addToBetslip?marketId=717.188535095&selectionId=7017905"
"SPORTSGAMEODDS","tOPCUUDvCMmYcTCGJqYN","2026-09-27T01:40:00.000Z","Los Angeles Angels @ Seattle Mariners","Los Angeles Angels","Seattle Mariners","4","full","FULL_INNING_TOTAL","over","","points-all-4i-ou-over","fanduel","1.5","true","310","2026-09-26T13:25:34.000Z","0.5","0.5","","","https://sportsbook.fanduel.com/addToBetslip?marketId=717.188535095&selectionId=7017905"
"SPORTSGAMEODDS","tOPCUUDvCMmYcTCGJqYN","2026-09-27T01:40:00.000Z","Los Angeles Angels @ Seattle Mariners","Los Angeles Angels","Seattle Mariners","4","full","FULL_INNING_TOTAL","over","","points-all-4i-ou-over","draftkings","0.5","false","110","2026-09-26T13:25:36.276Z","0.5","0.5","126","110",""
"SPORTSGAMEODDS","tOPCUUDvCMmYcTCGJqYN","2026-09-27T01:40:00.000Z","Los Angeles Angels @ Seattle Mariners","Los Angeles Angels","Seattle Mariners","4","full","FULL_INNING_TOTAL","over","","points-all-4i-ou-over","draftkings","1.5","true","280","2026-09-26T13:25:36.276Z","0.5","0.5","","",""
"SPORTSGAMEODDS","tOPCUUDvCMmYcTCGJqYN","2026-09-27T01:40:00.000Z","Los Angeles Angels @ Seattle Mariners","Los Angeles Angels","Seattle Mariners","4","full","FULL_INNING_TOTAL","over","","points-all-4i-ou-over","fliff","0.5","false","-105","2026-09-26T13:23:52.193Z","0.5","0.5","126","110",""
"SPORTSGAMEODDS","tOPCUUDvCMmYcTCGJqYN","2026-09-27T01:40:00.000Z","Los Angeles Angels @ Seattle Mariners","Los Angeles Angels","Seattle Mariners","4","full","FULL_INNING_TOTAL","under","","points-all-4i-ou-under","fanduel","0.5","false","-140","2026-09-26T13:25:34.000Z","0.5","0.5","-126","-150","https://sportsbook.fanduel.com/addToBetslip?marketId=717.188535095&selectionId=7017906"
"SPORTSGAMEODDS","tOPCUUDvCMmYcTCGJqYN","2026-09-27T01:40:00.000Z","Los Angeles Angels @ Seattle Mariners","Los Angeles Angels","Seattle Mariners","4","full","FULL_INNING_TOTAL","under","","points-all-4i-ou-under","fanduel","1.5","true","-420","2026-09-26T13:25:34.000Z","0.5","0.5","","","https://sportsbook.fanduel.com/addToBetslip?marketId=717.188535095&selectionId=7017906"
"SPORTSGAMEODDS","tOPCUUDvCMmYcTCGJqYN","2026-09-27T01:40:00.000Z","Los Angeles Angels @ Seattle Mariners","Los Angeles Angels","Seattle Mariners","4","full","FULL_INNING_TOTAL","under","","points-all-4i-ou-under","draftkings","0.5","false","-150","2026-09-26T13:25:36.276Z","0.5","0.5","-126","-150",""
"SPORTSGAMEODDS","tOPCUUDvCMmYcTCGJqYN","2026-09-27T01:40:00.000Z","Los Angeles Angels @ Seattle Mariners","Los Angeles Angels","Seattle Mariners","4","full","FULL_INNING_TOTAL","under","","points-all-4i-ou-under","draftkings","1.5","true","-400","2026-09-26T13:25:36.276Z","0.5","0.5","","",""
"SPORTSGAMEODDS","tOPCUUDvCMmYcTCGJqYN","2026-09-27T01:40:00.000Z","Los Angeles Angels @ Seattle Mariners","Los Angeles Angels","Seattle Mariners","4","full","FULL_INNING_TOTAL","under","","points-all-4i-ou-under","fliff","0.5","false","-155","2026-09-26T13:23:52.193Z","0.5","0.5","-126","-150",""
"SPORTSGAMEODDS","tOPCUUDvCMmYcTCGJqYN","2026-09-27T01:40:00.000Z","Los Angeles Angels @ Seattle Mariners","Los Angeles Angels","Seattle Mariners","5","full","FULL_INNING_3WAY","draw","","points-all-5i-ml3way-draw","fanduel","","false","-170","2026-09-26T13:25:34.000Z","","","","","https://sportsbook.fanduel.com/addToBetslip?marketId=717.188535092&selectionId=131604"
"SPORTSGAMEODDS","tOPCUUDvCMmYcTCGJqYN","2026-09-27T01:40:00.000Z","Los Angeles Angels @ Seattle Mariners","Los Angeles Angels","Seattle Mariners","5","full","FULL_INNING_3WAY","draw","","points-all-5i-ml3way-draw","draftkings","","false","-165","2026-09-26T13:25:36.276Z","","","","",""
"SPORTSGAMEODDS","tOPCUUDvCMmYcTCGJqYN","2026-09-27T01:40:00.000Z","Los Angeles Angels @ Seattle Mariners","Los Angeles Angels","Seattle Mariners","5","full","FULL_INNING_TOTAL","over","","points-all-5i-ou-over","fanduel","0.5","false","118","2026-09-26T13:25:34.000Z","0.5","0.5","121","105","https://sportsbook.fanduel.com/addToBetslip?marketId=717.188535059&selectionId=7017905"
"SPORTSGAMEODDS","tOPCUUDvCMmYcTCGJqYN","2026-09-27T01:40:00.000Z","Los Angeles Angels @ Seattle Mariners","Los Angeles Angels","Seattle Mariners","5","full","FULL_INNING_TOTAL","over","","points-all-5i-ou-over","fanduel","1.5","true","310","2026-09-26T13:25:34.000Z","0.5","0.5","","","https://sportsbook.fanduel.com/addToBetslip?marketId=717.188535059&selectionId=7017905"
"SPORTSGAMEODDS","tOPCUUDvCMmYcTCGJqYN","2026-09-27T01:40:00.000Z","Los Angeles Angels @ Seattle Mariners","Los Angeles Angels","Seattle Mariners","5","full","FULL_INNING_TOTAL","over","","points-all-5i-ou-over","draftkings","0.5","false","105","2026-09-26T13:25:36.276Z","0.5","0.5","121","105",""
"SPORTSGAMEODDS","tOPCUUDvCMmYcTCGJqYN","2026-09-27T01:40:00.000Z","Los Angeles Angels @ Seattle Mariners","Los Angeles Angels","Seattle Mariners","5","full","FULL_INNING_TOTAL","over","","points-all-5i-ou-over","draftkings","1.5","true","260","2026-09-26T13:25:36.276Z","0.5","0.5","","",""
"SPORTSGAMEODDS","tOPCUUDvCMmYcTCGJqYN","2026-09-27T01:40:00.000Z","Los Angeles Angels @ Seattle Mariners","Los Angeles Angels","Seattle Mariners","5","full","FULL_INNING_TOTAL","over","","points-all-5i-ou-over","fliff","0.5","false","100","2026-09-26T13:23:52.193Z","0.5","0.5","121","105",""
"SPORTSGAMEODDS","tOPCUUDvCMmYcTCGJqYN","2026-09-27T01:40:00.000Z","Los Angeles Angels @ Seattle Mariners","Los Angeles Angels","Seattle Mariners","5","full","FULL_INNING_TOTAL","under","","points-all-5i-ou-under","fanduel","0.5","false","-144","2026-09-26T13:25:34.000Z","0.5","0.5","-121","-145","https://sportsbook.fanduel.com/addToBetslip?marketId=717.188535059&selectionId=7017906"
"SPORTSGAMEODDS","tOPCUUDvCMmYcTCGJqYN","2026-09-27T01:40:00.000Z","Los Angeles Angels @ Seattle Mariners","Los Angeles Angels","Seattle Mariners","5","full","FULL_INNING_TOTAL","under","","points-all-5i-ou-under","fanduel","1.5","true","-420","2026-09-26T13:25:34.000Z","0.5","0.5","","","https://sportsbook.fanduel.com/addToBetslip?marketId=717.188535059&selectionId=7017906"
"SPORTSGAMEODDS","tOPCUUDvCMmYcTCGJqYN","2026-09-27T01:40:00.000Z","Los Angeles Angels @ Seattle Mariners","Los Angeles Angels","Seattle Mariners","5","full","FULL_INNING_TOTAL","under","","points-all-5i-ou-under","draftkings","0.5","false","-145","2026-09-26T13:25:36.276Z","0.5","0.5","-121","-145",""
"SPORTSGAMEODDS","tOPCUUDvCMmYcTCGJqYN","2026-09-27T01:40:00.000Z","Los Angeles Angels @ Seattle Mariners","Los Angeles Angels","Seattle Mariners","5","full","FULL_INNING_TOTAL","under","","points-all-5i-ou-under","draftkings","1.5","true","-370","2026-09-26T13:25:36.276Z","0.5","0.5","","",""
"SPORTSGAMEODDS","tOPCUUDvCMmYcTCGJqYN","2026-09-27T01:40:00.000Z","Los Angeles Angels @ Seattle Mariners","Los Angeles Angels","Seattle Mariners","5","full","FULL_INNING_TOTAL","under","","points-all-5i-ou-under","fliff","0.5","false","-160","2026-09-26T13:23:52.193Z","0.5","0.5","-121","-145",""
"SPORTSGAMEODDS","tOPCUUDvCMmYcTCGJqYN","2026-09-27T01:40:00.000Z","Los Angeles Angels @ Seattle Mariners","Los Angeles Angels","Seattle Mariners","6","full","FULL_INNING_3WAY","draw","","points-all-6i-ml3way-draw","fanduel","","false","-165","2026-09-26T13:25:34.000Z","","","","","https://sportsbook.fanduel.com/addToBetslip?marketId=717.188535081&selectionId=131604"
"SPORTSGAMEODDS","tOPCUUDvCMmYcTCGJqYN","2026-09-27T01:40:00.000Z","Los Angeles Angels @ Seattle Mariners","Los Angeles Angels","Seattle Mariners","6","full","FULL_INNING_3WAY","draw","","points-all-6i-ml3way-draw","draftkings","","false","-195","2026-09-26T13:25:36.276Z","","","","",""
"SPORTSGAMEODDS","tOPCUUDvCMmYcTCGJqYN","2026-09-27T01:40:00.000Z","Los Angeles Angels @ Seattle Mariners","Los Angeles Angels","Seattle Mariners","6","full","FULL_INNING_TOTAL","over","","points-all-6i-ou-over","fanduel","0.5","false","114","2026-09-26T13:25:34.000Z","0.5","0.5","133","114","https://sportsbook.fanduel.com/addToBetslip?marketId=717.188535155&selectionId=7017905"
"SPORTSGAMEODDS","tOPCUUDvCMmYcTCGJqYN","2026-09-27T01:40:00.000Z","Los Angeles Angels @ Seattle Mariners","Los Angeles Angels","Seattle Mariners","6","full","FULL_INNING_TOTAL","over","","points-all-6i-ou-over","fanduel","1.5","true","300","2026-09-26T13:25:34.000Z","0.5","0.5","","","https://sportsbook.fanduel.com/addToBetslip?marketId=717.188535155&selectionId=7017905"
"SPORTSGAMEODDS","tOPCUUDvCMmYcTCGJqYN","2026-09-27T01:40:00.000Z","Los Angeles Angels @ Seattle Mariners","Los Angeles Angels","Seattle Mariners","6","full","FULL_INNING_TOTAL","over","","points-all-6i-ou-over","draftkings","0.5","false","125","2026-09-26T13:25:36.276Z","0.5","0.5","133","114",""
"SPORTSGAMEODDS","tOPCUUDvCMmYcTCGJqYN","2026-09-27T01:40:00.000Z","Los Angeles Angels @ Seattle Mariners","Los Angeles Angels","Seattle Mariners","6","full","FULL_INNING_TOTAL","over","","points-all-6i-ou-over","draftkings","1.5","true","310","2026-09-26T13:25:36.276Z","0.5","0.5","","",""
"SPORTSGAMEODDS","tOPCUUDvCMmYcTCGJqYN","2026-09-27T01:40:00.000Z","Los Angeles Angels @ Seattle Mariners","Los Angeles Angels","Seattle Mariners","6","full","FULL_INNING_TOTAL","over","","points-all-6i-ou-over","fliff","0.5","false","100","2026-09-26T13:23:52.193Z","0.5","0.5","133","114",""
"SPORTSGAMEODDS","tOPCUUDvCMmYcTCGJqYN","2026-09-27T01:40:00.000Z","Los Angeles Angels @ Seattle Mariners","Los Angeles Angels","Seattle Mariners","6","full","FULL_INNING_TOTAL","under","","points-all-6i-ou-under","fanduel","0.5","false","-140","2026-09-26T13:25:34.000Z","0.5","0.5","-133","-165","https://sportsbook.fanduel.com/addToBetslip?marketId=717.188535155&selectionId=7017906"
"SPORTSGAMEODDS","tOPCUUDvCMmYcTCGJqYN","2026-09-27T01:40:00.000Z","Los Angeles Angels @ Seattle Mariners","Los Angeles Angels","Seattle Mariners","6","full","FULL_INNING_TOTAL","under","","points-all-6i-ou-under","fanduel","1.5","true","-400","2026-09-26T13:25:34.000Z","0.5","0.5","","","https://sportsbook.fanduel.com/addToBetslip?marketId=717.188535155&selectionId=7017906"
"SPORTSGAMEODDS","tOPCUUDvCMmYcTCGJqYN","2026-09-27T01:40:00.000Z","Los Angeles Angels @ Seattle Mariners","Los Angeles Angels","Seattle Mariners","6","full","FULL_INNING_TOTAL","under","","points-all-6i-ou-under","draftkings","0.5","false","-170","2026-09-26T13:25:36.276Z","0.5","0.5","-133","-165",""
"SPORTSGAMEODDS","tOPCUUDvCMmYcTCGJqYN","2026-09-27T01:40:00.000Z","Los Angeles Angels @ Seattle Mariners","Los Angeles Angels","Seattle Mariners","6","full","FULL_INNING_TOTAL","under","","points-all-6i-ou-under","draftkings","1.5","true","-450","2026-09-26T13:25:36.276Z","0.5","0.5","","",""
"SPORTSGAMEODDS","tOPCUUDvCMmYcTCGJqYN","2026-09-27T01:40:00.000Z","Los Angeles Angels @ Seattle Mariners","Los Angeles Angels","Seattle Mariners","6","full","FULL_INNING_TOTAL","under","","points-all-6i-ou-under","fliff","0.5","false","-165","2026-09-26T13:23:52.193Z","0.5","0.5","-133","-165",""
"SPORTSGAMEODDS","tOPCUUDvCMmYcTCGJqYN","2026-09-27T01:40:00.000Z","Los Angeles Angels @ Seattle Mariners","Los Angeles Angels","Seattle Mariners","7","full","FULL_INNING_3WAY","draw","","points-all-7i-ml3way-draw","fanduel","","false","-170","2026-09-26T13:25:34.000Z","","","","","https://sportsbook.fanduel.com/addToBetslip?marketId=717.188535115&selectionId=131604"
"SPORTSGAMEODDS","tOPCUUDvCMmYcTCGJqYN","2026-09-27T01:40:00.000Z","Los Angeles Angels @ Seattle Mariners","Los Angeles Angels","Seattle Mariners","7","full","FULL_INNING_3WAY","draw","","points-all-7i-ml3way-draw","draftkings","","false","-185","2026-09-26T13:25:36.276Z","","","","",""
"SPORTSGAMEODDS","tOPCUUDvCMmYcTCGJqYN","2026-09-27T01:40:00.000Z","Los Angeles Angels @ Seattle Mariners","Los Angeles Angels","Seattle Mariners","7","full","FULL_INNING_TOTAL","over","","points-all-7i-ou-over","fanduel","0.5","false","126","2026-09-26T13:25:34.000Z","0.5","0.5","132","115","https://sportsbook.fanduel.com/addToBetslip?marketId=717.188535150&selectionId=7017905"
"SPORTSGAMEODDS","tOPCUUDvCMmYcTCGJqYN","2026-09-27T01:40:00.000Z","Los Angeles Angels @ Seattle Mariners","Los Angeles Angels","Seattle Mariners","7","full","FULL_INNING_TOTAL","over","","points-all-7i-ou-over","fanduel","1.5","true","320","2026-09-26T13:25:34.000Z","0.5","0.5","","","https://sportsbook.fanduel.com/addToBetslip?marketId=717.188535150&selectionId=7017905"
"SPORTSGAMEODDS","tOPCUUDvCMmYcTCGJqYN","2026-09-27T01:40:00.000Z","Los Angeles Angels @ Seattle Mariners","Los Angeles Angels","Seattle Mariners","7","full","FULL_INNING_TOTAL","over","","points-all-7i-ou-over","draftkings","0.5","false","115","2026-09-26T13:25:36.276Z","0.5","0.5","132","115",""
"SPORTSGAMEODDS","tOPCUUDvCMmYcTCGJqYN","2026-09-27T01:40:00.000Z","Los Angeles Angels @ Seattle Mariners","Los Angeles Angels","Seattle Mariners","7","full","FULL_INNING_TOTAL","over","","points-all-7i-ou-over","draftkings","1.5","true","300","2026-09-26T13:25:36.276Z","0.5","0.5","","",""
"SPORTSGAMEODDS","tOPCUUDvCMmYcTCGJqYN","2026-09-27T01:40:00.000Z","Los Angeles Angels @ Seattle Mariners","Los Angeles Angels","Seattle Mariners","7","full","FULL_INNING_TOTAL","over","","points-all-7i-ou-over","fliff","0.5","false","110","2026-09-26T13:23:52.193Z","0.5","0.5","132","115",""
"SPORTSGAMEODDS","tOPCUUDvCMmYcTCGJqYN","2026-09-27T01:40:00.000Z","Los Angeles Angels @ Seattle Mariners","Los Angeles Angels","Seattle Mariners","7","full","FULL_INNING_TOTAL","under","","points-all-7i-ou-under","fanduel","0.5","false","-154","2026-09-26T13:25:34.000Z","0.5","0.5","-132","-160","https://sportsbook.fanduel.com/addToBetslip?marketId=717.188535150&selectionId=7017906"
"SPORTSGAMEODDS","tOPCUUDvCMmYcTCGJqYN","2026-09-27T01:40:00.000Z","Los Angeles Angels @ Seattle Mariners","Los Angeles Angels","Seattle Mariners","7","full","FULL_INNING_TOTAL","under","","points-all-7i-ou-under","fanduel","1.5","true","-430","2026-09-26T13:25:34.000Z","0.5","0.5","","","https://sportsbook.fanduel.com/addToBetslip?marketId=717.188535150&selectionId=7017906"
"SPORTSGAMEODDS","tOPCUUDvCMmYcTCGJqYN","2026-09-27T01:40:00.000Z","Los Angeles Angels @ Seattle Mariners","Los Angeles Angels","Seattle Mariners","7","full","FULL_INNING_TOTAL","under","","points-all-7i-ou-under","draftkings","0.5","false","-160","2026-09-26T13:25:36.276Z","0.5","0.5","-132","-160",""
"SPORTSGAMEODDS","tOPCUUDvCMmYcTCGJqYN","2026-09-27T01:40:00.000Z","Los Angeles Angels @ Seattle Mariners","Los Angeles Angels","Seattle Mariners","7","full","FULL_INNING_TOTAL","under","","points-all-7i-ou-under","draftkings","1.5","true","-425","2026-09-26T13:25:36.276Z","0.5","0.5","","",""
"SPORTSGAMEODDS","tOPCUUDvCMmYcTCGJqYN","2026-09-27T01:40:00.000Z","Los Angeles Angels @ Seattle Mariners","Los Angeles Angels","Seattle Mariners","7","full","FULL_INNING_TOTAL","under","","points-all-7i-ou-under","fliff","0.5","false","-180","2026-09-26T13:23:52.193Z","0.5","0.5","-132","-160",""
"SPORTSGAMEODDS","tOPCUUDvCMmYcTCGJqYN","2026-09-27T01:40:00.000Z","Los Angeles Angels @ Seattle Mariners","Los Angeles Angels","Seattle Mariners","8","full","FULL_INNING_3WAY","draw","","points-all-8i-ml3way-draw","fanduel","","false","-170","2026-09-26T13:25:34.000Z","","","","","https://sportsbook.fanduel.com/addToBetslip?marketId=717.188535169&selectionId=131604"
"SPORTSGAMEODDS","tOPCUUDvCMmYcTCGJqYN","2026-09-27T01:40:00.000Z","Los Angeles Angels @ Seattle Mariners","Los Angeles Angels","Seattle Mariners","8","full","FULL_INNING_3WAY","draw","","points-all-8i-ml3way-draw","draftkings","","false","-175","2026-09-26T13:25:36.276Z","","","","",""
"SPORTSGAMEODDS","tOPCUUDvCMmYcTCGJqYN","2026-09-27T01:40:00.000Z","Los Angeles Angels @ Seattle Mariners","Los Angeles Angels","Seattle Mariners","8","full","FULL_INNING_TOTAL","over","","points-all-8i-ou-over","fanduel","0.5","false","120","2026-09-26T13:25:34.000Z","0.5","0.5","131","115","https://sportsbook.fanduel.com/addToBetslip?marketId=717.188535008&selectionId=7017905"
"SPORTSGAMEODDS","tOPCUUDvCMmYcTCGJqYN","2026-09-27T01:40:00.000Z","Los Angeles Angels @ Seattle Mariners","Los Angeles Angels","Seattle Mariners","8","full","FULL_INNING_TOTAL","over","","points-all-8i-ou-over","fanduel","1.5","true","300","2026-09-26T13:25:34.000Z","0.5","0.5","","","https://sportsbook.fanduel.com/addToBetslip?marketId=717.188535008&selectionId=7017905"
"SPORTSGAMEODDS","tOPCUUDvCMmYcTCGJqYN","2026-09-27T01:40:00.000Z","Los Angeles Angels @ Seattle Mariners","Los Angeles Angels","Seattle Mariners","8","full","FULL_INNING_TOTAL","over","","points-all-8i-ou-over","draftkings","0.5","false","115","2026-09-26T13:25:36.276Z","0.5","0.5","131","115",""
"SPORTSGAMEODDS","tOPCUUDvCMmYcTCGJqYN","2026-09-27T01:40:00.000Z","Los Angeles Angels @ Seattle Mariners","Los Angeles Angels","Seattle Mariners","8","full","FULL_INNING_TOTAL","over","","points-all-8i-ou-over","draftkings","1.5","true","300","2026-09-26T13:25:36.276Z","0.5","0.5","","",""
"SPORTSGAMEODDS","tOPCUUDvCMmYcTCGJqYN","2026-09-27T01:40:00.000Z","Los Angeles Angels @ Seattle Mariners","Los Angeles Angels","Seattle Mariners","8","full","FULL_INNING_TOTAL","over","","points-all-8i-ou-over","fliff","0.5","false","110","2026-09-26T13:23:52.193Z","0.5","0.5","131","115",""
"SPORTSGAMEODDS","tOPCUUDvCMmYcTCGJqYN","2026-09-27T01:40:00.000Z","Los Angeles Angels @ Seattle Mariners","Los Angeles Angels","Seattle Mariners","8","full","FULL_INNING_TOTAL","under","","points-all-8i-ou-under","fanduel","0.5","false","-148","2026-09-26T13:25:34.000Z","0.5","0.5","-131","-155","https://sportsbook.fanduel.com/addToBetslip?marketId=717.188535008&selectionId=7017906"
"SPORTSGAMEODDS","tOPCUUDvCMmYcTCGJqYN","2026-09-27T01:40:00.000Z","Los Angeles Angels @ Seattle Mariners","Los Angeles Angels","Seattle Mariners","8","full","FULL_INNING_TOTAL","under","","points-all-8i-ou-under","fanduel","1.5","true","-390","2026-09-26T13:25:34.000Z","0.5","0.5","","","https://sportsbook.fanduel.com/addToBetslip?marketId=717.188535008&selectionId=7017906"
"SPORTSGAMEODDS","tOPCUUDvCMmYcTCGJqYN","2026-09-27T01:40:00.000Z","Los Angeles Angels @ Seattle Mariners","Los Angeles Angels","Seattle Mariners","8","full","FULL_INNING_TOTAL","under","","points-all-8i-ou-under","draftkings","0.5","false","-155","2026-09-26T13:25:36.276Z","0.5","0.5","-131","-155",""
"SPORTSGAMEODDS","tOPCUUDvCMmYcTCGJqYN","2026-09-27T01:40:00.000Z","Los Angeles Angels @ Seattle Mariners","Los Angeles Angels","Seattle Mariners","8","full","FULL_INNING_TOTAL","under","","points-all-8i-ou-under","draftkings","1.5","true","-425","2026-09-26T13:25:36.276Z","0.5","0.5","","",""
"SPORTSGAMEODDS","tOPCUUDvCMmYcTCGJqYN","2026-09-27T01:40:00.000Z","Los Angeles Angels @ Seattle Mariners","Los Angeles Angels","Seattle Mariners","8","full","FULL_INNING_TOTAL","under","","points-all-8i-ou-under","fliff","0.5","false","-180","2026-09-26T13:23:52.193Z","0.5","0.5","-131","-155",""
"SPORTSGAMEODDS","tOPCUUDvCMmYcTCGJqYN","2026-09-27T01:40:00.000Z","Los Angeles Angels @ Seattle Mariners","Los Angeles Angels","Seattle Mariners","9","full","FULL_INNING_3WAY","draw","","points-all-9i-ml3way-draw","fanduel","","false","-310","2026-09-26T13:25:34.000Z","","","","","https://sportsbook.fanduel.com/addToBetslip?marketId=717.188535122&selectionId=131604"
"SPORTSGAMEODDS","tOPCUUDvCMmYcTCGJqYN","2026-09-27T01:40:00.000Z","Los Angeles Angels @ Seattle Mariners","Los Angeles Angels","Seattle Mariners","9","full","FULL_INNING_3WAY","draw","","points-all-9i-ml3way-draw","draftkings","","false","-295","2026-09-26T13:25:36.276Z","","","","",""
"SPORTSGAMEODDS","tOPCUUDvCMmYcTCGJqYN","2026-09-27T01:40:00.000Z","Los Angeles Angels @ Seattle Mariners","Los Angeles Angels","Seattle Mariners","9","full","FULL_INNING_TOTAL","over","","points-all-9i-ou-over","fanduel","1.5","false","540","2026-09-26T13:25:34.000Z","","1.5","","506","https://sportsbook.fanduel.com/addToBetslip?marketId=717.188535038&selectionId=7017905"
"SPORTSGAMEODDS","tOPCUUDvCMmYcTCGJqYN","2026-09-27T01:40:00.000Z","Los Angeles Angels @ Seattle Mariners","Los Angeles Angels","Seattle Mariners","9","full","FULL_INNING_TOTAL","over","","points-all-9i-ou-over","draftkings","1.5","false","475","2026-09-26T13:25:36.276Z","","1.5","","506",""
"SPORTSGAMEODDS","tOPCUUDvCMmYcTCGJqYN","2026-09-27T01:40:00.000Z","Los Angeles Angels @ Seattle Mariners","Los Angeles Angels","Seattle Mariners","9","full","FULL_INNING_TOTAL","over","","points-all-9i-ou-over","draftkings","0.5","true","195","2026-09-26T13:25:36.276Z","","1.5","","",""
"SPORTSGAMEODDS","tOPCUUDvCMmYcTCGJqYN","2026-09-27T01:40:00.000Z","Los Angeles Angels @ Seattle Mariners","Los Angeles Angels","Seattle Mariners","9","full","FULL_INNING_TOTAL","under","","points-all-9i-ou-under","fanduel","1.5","false","-850","2026-09-26T13:25:34.000Z","","1.5","","-797","https://sportsbook.fanduel.com/addToBetslip?marketId=717.188535038&selectionId=7017906"
"SPORTSGAMEODDS","tOPCUUDvCMmYcTCGJqYN","2026-09-27T01:40:00.000Z","Los Angeles Angels @ Seattle Mariners","Los Angeles Angels","Seattle Mariners","9","full","FULL_INNING_TOTAL","under","","points-all-9i-ou-under","draftkings","1.5","false","-750","2026-09-26T13:25:36.276Z","","1.5","","-797",""
"SPORTSGAMEODDS","tOPCUUDvCMmYcTCGJqYN","2026-09-27T01:40:00.000Z","Los Angeles Angels @ Seattle Mariners","Los Angeles Angels","Seattle Mariners","9","full","FULL_INNING_TOTAL","under","","points-all-9i-ou-under","draftkings","0.5","true","-270","2026-09-26T13:25:36.276Z","","1.5","","",""
"SPORTSGAMEODDS","tOPCUUDvCMmYcTCGJqYN","2026-09-27T01:40:00.000Z","Los Angeles Angels @ Seattle Mariners","Los Angeles Angels","Seattle Mariners","2","full","FULL_INNING_3WAY","away","","points-away-2i-ml3way-away","fanduel","","false","500","2026-09-26T13:25:34.000Z","","","","","https://sportsbook.fanduel.com/addToBetslip?marketId=717.188535045&selectionId=1093236"
"SPORTSGAMEODDS","tOPCUUDvCMmYcTCGJqYN","2026-09-27T01:40:00.000Z","Los Angeles Angels @ Seattle Mariners","Los Angeles Angels","Seattle Mariners","2","full","FULL_INNING_3WAY","away","","points-away-2i-ml3way-away","draftkings","","false","475","2026-09-26T13:25:36.276Z","","","","",""
"SPORTSGAMEODDS","tOPCUUDvCMmYcTCGJqYN","2026-09-27T01:40:00.000Z","Los Angeles Angels @ Seattle Mariners","Los Angeles Angels","Seattle Mariners","3","full","FULL_INNING_3WAY","away","","points-away-3i-ml3way-away","fanduel","","false","440","2026-09-26T13:25:34.000Z","","","","","https://sportsbook.fanduel.com/addToBetslip?marketId=717.188535028&selectionId=1093236"
"SPORTSGAMEODDS","tOPCUUDvCMmYcTCGJqYN","2026-09-27T01:40:00.000Z","Los Angeles Angels @ Seattle Mariners","Los Angeles Angels","Seattle Mariners","3","full","FULL_INNING_3WAY","away","","points-away-3i-ml3way-away","draftkings","","false","425","2026-09-26T13:25:36.276Z","","","","",""
"SPORTSGAMEODDS","tOPCUUDvCMmYcTCGJqYN","2026-09-27T01:40:00.000Z","Los Angeles Angels @ Seattle Mariners","Los Angeles Angels","Seattle Mariners","4","full","FULL_INNING_3WAY","away","","points-away-4i-ml3way-away","fanduel","","false","440","2026-09-26T13:25:34.000Z","","","","","https://sportsbook.fanduel.com/addToBetslip?marketId=717.188535096&selectionId=1093236"
"SPORTSGAMEODDS","tOPCUUDvCMmYcTCGJqYN","2026-09-27T01:40:00.000Z","Los Angeles Angels @ Seattle Mariners","Los Angeles Angels","Seattle Mariners","4","full","FULL_INNING_3WAY","away","","points-away-4i-ml3way-away","draftkings","","false","450","2026-09-26T13:25:36.276Z","","","","",""
"SPORTSGAMEODDS","tOPCUUDvCMmYcTCGJqYN","2026-09-27T01:40:00.000Z","Los Angeles Angels @ Seattle Mariners","Los Angeles Angels","Seattle Mariners","5","full","FULL_INNING_3WAY","away","","points-away-5i-ml3way-away","fanduel","","false","460","2026-09-26T13:25:34.000Z","","","","","https://sportsbook.fanduel.com/addToBetslip?marketId=717.188535092&selectionId=1093236"
"SPORTSGAMEODDS","tOPCUUDvCMmYcTCGJqYN","2026-09-27T01:40:00.000Z","Los Angeles Angels @ Seattle Mariners","Los Angeles Angels","Seattle Mariners","5","full","FULL_INNING_3WAY","away","","points-away-5i-ml3way-away","draftkings","","false","450","2026-09-26T13:25:36.276Z","","","","",""
"SPORTSGAMEODDS","tOPCUUDvCMmYcTCGJqYN","2026-09-27T01:40:00.000Z","Los Angeles Angels @ Seattle Mariners","Los Angeles Angels","Seattle Mariners","6","full","FULL_INNING_3WAY","away","","points-away-6i-ml3way-away","fanduel","","false","410","2026-09-26T13:25:34.000Z","","","","","https://sportsbook.fanduel.com/addToBetslip?marketId=717.188535081&selectionId=1093236"
"SPORTSGAMEODDS","tOPCUUDvCMmYcTCGJqYN","2026-09-27T01:40:00.000Z","Los Angeles Angels @ Seattle Mariners","Los Angeles Angels","Seattle Mariners","6","full","FULL_INNING_3WAY","away","","points-away-6i-ml3way-away","draftkings","","false","400","2026-09-26T13:25:36.276Z","","","","",""
"SPORTSGAMEODDS","tOPCUUDvCMmYcTCGJqYN","2026-09-27T01:40:00.000Z","Los Angeles Angels @ Seattle Mariners","Los Angeles Angels","Seattle Mariners","7","full","FULL_INNING_3WAY","away","","points-away-7i-ml3way-away","fanduel","","false","410","2026-09-26T13:25:34.000Z","","","","","https://sportsbook.fanduel.com/addToBetslip?marketId=717.188535115&selectionId=1093236"
"SPORTSGAMEODDS","tOPCUUDvCMmYcTCGJqYN","2026-09-27T01:40:00.000Z","Los Angeles Angels @ Seattle Mariners","Los Angeles Angels","Seattle Mariners","7","full","FULL_INNING_3WAY","away","","points-away-7i-ml3way-away","draftkings","","false","390","2026-09-26T13:25:36.276Z","","","","",""
"SPORTSGAMEODDS","tOPCUUDvCMmYcTCGJqYN","2026-09-27T01:40:00.000Z","Los Angeles Angels @ Seattle Mariners","Los Angeles Angels","Seattle Mariners","8","full","FULL_INNING_3WAY","away","","points-away-8i-ml3way-away","fanduel","","false","400","2026-09-26T13:25:34.000Z","","","","","https://sportsbook.fanduel.com/addToBetslip?marketId=717.188535169&selectionId=1093236"
"SPORTSGAMEODDS","tOPCUUDvCMmYcTCGJqYN","2026-09-27T01:40:00.000Z","Los Angeles Angels @ Seattle Mariners","Los Angeles Angels","Seattle Mariners","8","full","FULL_INNING_3WAY","away","","points-away-8i-ml3way-away","draftkings","","false","370","2026-09-26T13:25:36.276Z","","","","",""
"SPORTSGAMEODDS","tOPCUUDvCMmYcTCGJqYN","2026-09-27T01:40:00.000Z","Los Angeles Angels @ Seattle Mariners","Los Angeles Angels","Seattle Mariners","9","full","FULL_INNING_3WAY","away","","points-away-9i-ml3way-away","fanduel","","false","370","2026-09-26T13:25:34.000Z","","","","","https://sportsbook.fanduel.com/addToBetslip?marketId=717.188535122&selectionId=1093236"
"SPORTSGAMEODDS","tOPCUUDvCMmYcTCGJqYN","2026-09-27T01:40:00.000Z","Los Angeles Angels @ Seattle Mariners","Los Angeles Angels","Seattle Mariners","9","full","FULL_INNING_3WAY","away","","points-away-9i-ml3way-away","draftkings","","false","340","2026-09-26T13:25:36.276Z","","","","",""
"SPORTSGAMEODDS","tOPCUUDvCMmYcTCGJqYN","2026-09-27T01:40:00.000Z","Los Angeles Angels @ Seattle Mariners","Los Angeles Angels","Seattle Mariners","2","full","FULL_INNING_3WAY","home","","points-home-2i-ml3way-home","fanduel","","false","280","2026-09-26T13:25:34.000Z","","","","","https://sportsbook.fanduel.com/addToBetslip?marketId=717.188535045&selectionId=7100968"
"SPORTSGAMEODDS","tOPCUUDvCMmYcTCGJqYN","2026-09-27T01:40:00.000Z","Los Angeles Angels @ Seattle Mariners","Los Angeles Angels","Seattle Mariners","2","full","FULL_INNING_3WAY","home","","points-home-2i-ml3way-home","draftkings","","false","255","2026-09-26T13:25:36.276Z","","","","",""
"SPORTSGAMEODDS","tOPCUUDvCMmYcTCGJqYN","2026-09-27T01:40:00.000Z","Los Angeles Angels @ Seattle Mariners","Los Angeles Angels","Seattle Mariners","3","full","FULL_INNING_3WAY","home","","points-home-3i-ml3way-home","fanduel","","false","290","2026-09-26T13:25:34.000Z","","","","","https://sportsbook.fanduel.com/addToBetslip?marketId=717.188535028&selectionId=7100968"
"SPORTSGAMEODDS","tOPCUUDvCMmYcTCGJqYN","2026-09-27T01:40:00.000Z","Los Angeles Angels @ Seattle Mariners","Los Angeles Angels","Seattle Mariners","3","full","FULL_INNING_3WAY","home","","points-home-3i-ml3way-home","draftkings","","false","265","2026-09-26T13:25:36.276Z","","","","",""
"SPORTSGAMEODDS","tOPCUUDvCMmYcTCGJqYN","2026-09-27T01:40:00.000Z","Los Angeles Angels @ Seattle Mariners","Los Angeles Angels","Seattle Mariners","4","full","FULL_INNING_3WAY","home","","points-home-4i-ml3way-home","fanduel","","false","270","2026-09-26T13:25:34.000Z","","","","","https://sportsbook.fanduel.com/addToBetslip?marketId=717.188535096&selectionId=7100968"
"SPORTSGAMEODDS","tOPCUUDvCMmYcTCGJqYN","2026-09-27T01:40:00.000Z","Los Angeles Angels @ Seattle Mariners","Los Angeles Angels","Seattle Mariners","4","full","FULL_INNING_3WAY","home","","points-home-4i-ml3way-home","draftkings","","false","255","2026-09-26T13:25:36.276Z","","","","",""
"SPORTSGAMEODDS","tOPCUUDvCMmYcTCGJqYN","2026-09-27T01:40:00.000Z","Los Angeles Angels @ Seattle Mariners","Los Angeles Angels","Seattle Mariners","5","full","FULL_INNING_3WAY","home","","points-home-5i-ml3way-home","fanduel","","false","270","2026-09-26T13:25:34.000Z","","","","","https://sportsbook.fanduel.com/addToBetslip?marketId=717.188535092&selectionId=7100968"
"SPORTSGAMEODDS","tOPCUUDvCMmYcTCGJqYN","2026-09-27T01:40:00.000Z","Los Angeles Angels @ Seattle Mariners","Los Angeles Angels","Seattle Mariners","5","full","FULL_INNING_3WAY","home","","points-home-5i-ml3way-home","draftkings","","false","255","2026-09-26T13:25:36.276Z","","","","",""
"SPORTSGAMEODDS","tOPCUUDvCMmYcTCGJqYN","2026-09-27T01:40:00.000Z","Los Angeles Angels @ Seattle Mariners","Los Angeles Angels","Seattle Mariners","6","full","FULL_INNING_3WAY","home","","points-home-6i-ml3way-home","fanduel","","false","290","2026-09-26T13:25:34.000Z","","","","","https://sportsbook.fanduel.com/addToBetslip?marketId=717.188535081&selectionId=7100968"
"SPORTSGAMEODDS","tOPCUUDvCMmYcTCGJqYN","2026-09-27T01:40:00.000Z","Los Angeles Angels @ Seattle Mariners","Los Angeles Angels","Seattle Mariners","6","full","FULL_INNING_3WAY","home","","points-home-6i-ml3way-home","draftkings","","false","330","2026-09-26T13:25:36.276Z","","","","",""
"SPORTSGAMEODDS","tOPCUUDvCMmYcTCGJqYN","2026-09-27T01:40:00.000Z","Los Angeles Angels @ Seattle Mariners","Los Angeles Angels","Seattle Mariners","7","full","FULL_INNING_3WAY","home","","points-home-7i-ml3way-home","fanduel","","false","320","2026-09-26T13:25:34.000Z","","","","","https://sportsbook.fanduel.com/addToBetslip?marketId=717.188535115&selectionId=7100968"
"SPORTSGAMEODDS","tOPCUUDvCMmYcTCGJqYN","2026-09-27T01:40:00.000Z","Los Angeles Angels @ Seattle Mariners","Los Angeles Angels","Seattle Mariners","7","full","FULL_INNING_3WAY","home","","points-home-7i-ml3way-home","draftkings","","false","320","2026-09-26T13:25:36.276Z","","","","",""
"SPORTSGAMEODDS","tOPCUUDvCMmYcTCGJqYN","2026-09-27T01:40:00.000Z","Los Angeles Angels @ Seattle Mariners","Los Angeles Angels","Seattle Mariners","8","full","FULL_INNING_3WAY","home","","points-home-8i-ml3way-home","fanduel","","false","310","2026-09-26T13:25:34.000Z","","","","","https://sportsbook.fanduel.com/addToBetslip?marketId=717.188535169&selectionId=7100968"
"SPORTSGAMEODDS","tOPCUUDvCMmYcTCGJqYN","2026-09-27T01:40:00.000Z","Los Angeles Angels @ Seattle Mariners","Los Angeles Angels","Seattle Mariners","8","full","FULL_INNING_3WAY","home","","points-home-8i-ml3way-home","draftkings","","false","310","2026-09-26T13:25:36.276Z","","","","",""
"SPORTSGAMEODDS","tOPCUUDvCMmYcTCGJqYN","2026-09-27T01:40:00.000Z","Los Angeles Angels @ Seattle Mariners","Los Angeles Angels","Seattle Mariners","9","full","FULL_INNING_3WAY","home","","points-home-9i-ml3way-home","fanduel","","false","800","2026-09-26T13:25:34.000Z","","","","","https://sportsbook.fanduel.com/addToBetslip?marketId=717.188535122&selectionId=7100968"
"SPORTSGAMEODDS","tOPCUUDvCMmYcTCGJqYN","2026-09-27T01:40:00.000Z","Los Angeles Angels @ Seattle Mariners","Los Angeles Angels","Seattle Mariners","9","full","FULL_INNING_3WAY","home","","points-home-9i-ml3way-home","draftkings","","false","750","2026-09-26T13:25:36.276Z","","","","",""
