n,mean_runs,variance,p0_pct,p1_pct,p2plus_pct,mean_runs_given_score,multi_run_given_score_pct,poisson_p0_pct,poisson_residual_pp,nb_p0_pct,nb_residual_pp,pregame_total,inning,half,season
113,0.40707964601769914,0.9578065739570165,79.64601769911505,9.734513274336283,10.619469026548673,2.0,52.17391304347826,66.55911765037561,13.086900048739436,77.30115136418966,2.3448663349253884,7.0,1,top,2021
278,0.381294964028777,0.6844142014907929,76.2589928057554,14.748201438848922,8.992805755395683,1.606060606060606,37.878787878787875,68.2976406433813,7.961352162374102,75.53453214649522,0.7244606592601732,7.0,1,top,2022
96,0.3125,0.5328947368421053,81.25,9.375,9.375,1.6666666666666667,50.0,73.16156289466417,8.08843710533582,78.93941769906601,2.310582300933983,7.0,1,top,2023
86,0.3953488372093023,0.6183310533515732,75.5813953488372,12.790697674418606,11.627906976744185,1.619047619047619,47.61904761904761,67.34450755684334,8.236887791993874,73.08797145788907,2.493423890948143,7.0,1,top,2024
82,0.17073170731707318,0.24209575429087618,87.8048780487805,7.317073170731707,4.878048780487805,1.4,40.0,84.30477266690627,3.500105381874219,86.70571849494978,1.0991595538307086,7.0,1,top,2025
269,0.4163568773234201,0.773761304999168,74.72118959107806,14.869888475836431,10.408921933085502,1.6470588235294117,41.17647058823529,65.9444887559058,8.776700835172269,74.0384850886989,0.6827045023791611,7.5,1,top,2021
478,0.36401673640167365,0.6638597229897459,77.19665271966527,14.435146443514643,8.368200836820083,1.5963302752293578,36.69724770642202,69.48795648620774,7.708696233457535,76.6791715959131,0.5174811237521726,7.5,1,top,2022
275,0.36363636363636365,0.6337093563370936,76.72727272727272,15.272727272727273,8.0,1.5625,34.375,69.51439283988788,7.212879887384849,76.1893090041485,0.537963723124224,7.5,1,top,2023
366,0.4262295081967213,0.8863238266337301,76.22950819672131,12.568306010928962,11.202185792349727,1.793103448275862,47.12643678160919,65.29664637665596,10.932861820065353,74.89547093143581,1.3340372652854926,7.5,1,top,2024
224,0.48660714285714285,0.9235866431774504,70.98214285714286,16.964285714285715,12.053571428571429,1.676923076923077,41.53846153846154,61.47084781312011,9.511295044022749,70.663925311568,0.3182175455748615,7.5,1,top,2025
363,0.44352617079889806,0.7171057638159597,72.45179063360881,16.2534435261708,11.294765840220386,1.61,41.0,64.17694378955993,8.274846844048888,70.7883287767936,1.663461856815207,8.0,1,top,2021
443,0.39954853273137697,0.8603617866663943,77.42663656884876,13.092550790067719,9.480812641083523,1.77,42.0,67.06227419194268,10.364362376906078,76.66559725466644,0.7610393141823213,8.0,1,top,2022
372,0.3736559139784946,0.79531490015361,77.41935483870968,13.709677419354838,8.870967741935484,1.6547619047619047,39.285714285714285,68.82136757987084,8.597987258838835,77.87017181402054,-0.45081697531086373,8.0,1,top,2023
589,0.44991511035653653,0.76151784992435,71.98641765704585,16.97792869269949,11.03565365025467,1.606060606060606,39.39393939393939,63.76822819457462,8.218189462471226,71.04434196707093,0.9420756899749083,8.0,1,top,2024
379,0.44327176781002636,0.9934665158939565,74.14248021108179,15.303430079155673,10.554089709762533,1.7142857142857142,40.816326530612244,64.19327267284693,9.94920753823486,74.960539997117,-0.8180597860351968,8.0,1,top,2025
526,0.5038022813688213,1.1723664674995475,74.33460076045627,12.547528517110266,13.11787072243346,1.962962962962963,51.11111111111111,60.42288383450239,13.911716925953876,72.56799901391638,1.7666017465398864,8.5,1,top,2021
506,0.45454545454545453,0.9177317731773177,74.70355731225297,13.043478260869565,12.25296442687747,1.796875,48.4375,63.47364189402819,11.229915418224778,73.09508532856695,1.6084719836860106,8.5,1,top,2022
628,0.4984076433121019,1.0255158016639745,72.61146496815286,14.808917197452228,12.579617834394904,1.819767441860465,45.93023255813954,60.74972422328735,11.861740744865513,71.17442766359207,1.4370373045607843,8.5,1,top,2023
733,0.47066848567530695,1.0227040607131408,74.48840381991815,13.915416098226466,11.596180081855389,1.8449197860962567,45.45454545454545,62.458460283655704,12.029943536262444,73.24024266673695,1.2481611531812042,8.5,1,top,2024
478,0.4456066945606695,0.7465110567265775,72.17573221757321,16.527196652719663,11.297071129707113,1.6015037593984962,40.6015037593985,64.043560934261,8.132171283312228,71.14226739484812,1.0334648227250942,8.5,1,top,2025
383,0.5796344647519582,1.2495318032069773,69.9738903394256,14.621409921671018,15.404699738903393,1.9304347826086956,51.30434782608696,56.01030665639558,13.963583683030013,68.0286418141115,1.9452485253140916,9.0,1,top,2021
268,0.5,0.9325842696629213,72.38805970149254,12.686567164179104,14.925373134328357,1.8108108108108107,54.054054054054056,60.653065971263345,11.734993730229192,69.75029421724747,2.6377654842450693,9.0,1,top,2022
493,0.5030425963488844,1.0635069839542208,73.02231237322515,14.198782961460447,12.778904665314403,1.8646616541353382,47.368421052631575,60.46880363429642,12.55350873892873,71.31814150479453,1.7041708684306212,9.0,1,top,2023
378,0.4523809523809524,0.7841985600606289,72.75132275132276,16.137566137566136,11.11111111111111,1.6601941747572815,40.77669902912621,63.61117952584976,9.140143225472997,71.22705877896914,1.5242639723536233,9.0,1,top,2024
317,0.48264984227129337,1.041628399153456,72.2397476340694,15.141955835962145,12.618296529968454,1.7386363636363635,45.45454545454545,61.71458839447032,10.52515923959908,72.57281177331089,-0.33306413924149014,9.0,1,top,2025
212,0.45754716981132076,0.7991370830725208,73.11320754716981,14.150943396226415,12.735849056603774,1.7017543859649122,47.368421052631575,63.283397766372154,9.82980978079766,71.05135959964193,2.061847947527884,9.5,1,top,2021
146,0.5821917808219178,0.975956542276807,67.8082191780822,15.753424657534246,16.43835616438356,1.8085106382978724,51.06382978723404,55.86725359301104,11.940965585071151,64.10179840954972,3.7064207685324813,9.5,1,top,2022
278,0.564748201438849,1.0409188894371868,67.98561151079137,18.345323741007196,13.66906474820144,1.7640449438202248,42.69662921348314,56.85032770439534,11.135283806396023,66.39353111121886,1.5920803995725041,9.5,1,top,2023
110,0.45454545454545453,0.9841534612176812,76.36363636363637,10.909090909090908,12.727272727272727,1.9230769230769231,53.84615384615385,63.47364189402819,12.88999446960818,73.98093708387685,2.382699279759515,9.5,1,top,2024
129,0.6356589147286822,1.6084060077519378,70.54263565891473,13.178294573643413,16.27906976744186,2.1578947368421053,55.26315789473685,52.95864210344811,17.583993555466616,68.00322970570132,2.539405953213414,9.5,1,top,2025
113,0.48672566371681414,1.1091972187104928,76.99115044247787,8.849557522123893,14.15929203539823,2.1153846153846154,61.53846153846154,61.463562667121984,15.527587775355888,73.08971244258206,3.901437999895818,7.0,1,bottom,2021
278,0.44964028776978415,0.9126171986598447,74.10071942446042,15.467625899280577,10.431654676258994,1.7361111111111112,40.27777777777778,63.785755552346245,10.31496387211418,73.40944231154296,0.6912771129174655,7.0,1,bottom,2022
96,0.6458333333333334,1.13640350877193,65.625,14.583333333333334,19.791666666666664,1.878787878787879,57.57575757575758,52.422550544540435,13.202449455459565,61.85027774228325,3.774722257716756,7.0,1,bottom,2023
86,0.5930232558139535,1.091244870041039,68.6046511627907,12.790697674418606,18.6046511627907,1.8888888888888888,59.25925925925925,55.265394229377115,13.33925693341358,65.02069946189532,3.5839517008953825,7.0,1,bottom,2024
82,0.2926829268292683,0.35772357723577236,76.82926829268293,18.29268292682927,4.878048780487805,1.263157894736842,21.052631578947366,74.62587218075876,2.2033961119241607,76.77447259717226,0.05479569551066765,7.0,1,bottom,2025
269,0.5055762081784386,0.9598568495810909,72.4907063197026,13.754646840148698,13.754646840148698,1.837837837837838,50.0,60.315793074621894,12.17491324508071,69.71772649143767,2.772979828264932,7.5,1,bottom,2021
478,0.5564853556485355,0.9768865731603553,67.99163179916317,17.573221757322173,14.435146443514643,1.738562091503268,45.09803921568628,57.32201926896436,10.669612530198814,66.06586713428999,1.9257646648731863,7.5,1,bottom,2022
275,0.4581818181818182,0.6433178500331784,70.18181818181817,17.09090909090909,12.727272727272727,1.5365853658536586,42.68292682926829,63.24324780300222,6.938570378815956,68.05705980971004,2.1247583721081376,7.5,1,bottom,2023
366,0.4207650273224044,0.7649374953215061,75.40983606557377,13.661202185792352,10.92896174863388,1.711111111111111,44.44444444444444,65.65443532706233,9.755400738511433,73.53060313413518,1.8792329314385903,7.5,1,bottom,2024
224,0.41964285714285715,0.8545003203074952,75.0,15.625,9.375,1.6785714285714286,37.5,65.72815213020473,9.27184786979527,74.97820800167919,0.021791998320808137,7.5,1,bottom,2025
363,0.6749311294765841,1.6564692631995497,65.28925619834712,19.28374655647383,15.426997245179063,1.9444444444444444,44.44444444444444,50.9191487684267,14.37010742992041,65.92288958620497,-0.6336333878578571,8.0,1,bottom,2021
443,0.510158013544018,1.0332676220340542,72.686230248307,13.99548532731377,13.31828442437923,1.8677685950413223,48.760330578512395,60.04006998739667,12.646160260910321,70.38885723828471,2.2973730100222745,8.0,1,bottom,2022
372,0.5403225806451613,1.1600947743674463,71.7741935483871,14.516129032258066,13.709677419354838,1.9142857142857144,48.57142857142857,58.256029938340056,13.51816361004704,69.77245946955071,2.0017340788363924,8.0,1,bottom,2023
589,0.5093378607809848,1.0870725200097016,72.83531409168081,13.412563667232597,13.752122241086587,1.875,50.625,60.089332215204315,12.745981876476497,71.14640381832254,1.6889102733582795,8.0,1,bottom,2024
379,0.5435356200527705,1.0424118049447866,68.60158311345647,18.997361477572557,12.401055408970976,1.73109243697479,39.49579831932773,58.069151403238095,10.53243171021837,68.00191290714316,0.5996702063133075,8.0,1,bottom,2025
526,0.5665399239543726,1.0117544812601846,67.87072243346007,17.300380228136884,14.82889733840304,1.7633136094674555,46.15384615384615,56.748558890195824,11.122163543264252,65.83218227708497,2.0385401563751127,8.5,1,bottom,2021
506,0.6482213438735178,1.3809572261573988,66.00790513833992,17.984189723320156,16.007905138339922,1.9069767441860466,47.093023255813954,52.297514294657276,13.71039084368264,64.81041662303721,1.1974885153027026,8.5,1,bottom,2022
628,0.6130573248407644,1.2838483731041557,67.35668789808918,17.8343949044586,14.808917197452228,1.8780487804878048,45.36585365853659,54.1692205793446,13.187467318744572,66.0904908021323,1.266197095956878,8.5,1,bottom,2023
733,0.5538881309686221,1.0671057634245074,70.25920873124147,14.188267394270124,15.552523874488402,1.8623853211009174,52.293577981651374,57.47109093461891,12.788117796622567,67.5710273028772,2.688181428364278,8.5,1,bottom,2024
478,0.48326359832635984,0.9672245467224544,73.01255230125523,14.644351464435147,12.343096234309623,1.7906976744186047,45.73643410852713,61.67672231361414,11.335829987641088,71.54538531704723,1.4671669842079904,8.5,1,bottom,2025
383,0.5953002610966057,1.1473076975653769,68.66840731070496,15.143603133159269,16.187989556135772,1.9,51.66666666666667,55.13969779480049,13.528709515904469,65.6250048096939,3.04340250101105,9.0,1,bottom,2021
268,0.5746268656716418,1.0243725194253452,68.28358208955224,15.671641791044777,16.044776119402986,1.811764705882353,50.588235294117645,56.29148724875965,11.99209484079259,65.41343810820783,2.8701439813444085,9.0,1,bottom,2022
493,0.6328600405679513,1.2450155840300796,65.11156186612575,19.26977687626775,15.618661257606492,1.813953488372093,44.76744186046512,53.107074303045174,12.004487563080579,64.22928521814784,0.8822766479779198,9.0,1,bottom,2023
378,0.5793650793650794,1.3796261210054315,71.6931216931217,12.962962962962962,15.343915343915343,2.046728971962617,54.20560747663551,56.02539704699752,15.667724646124181,69.49444037119994,2.1986813219217582,9.0,1,bottom,2024
317,0.7728706624605678,1.4545781256239265,61.82965299684543,16.08832807570978,22.082018927444793,2.024793388429752,57.85123966942148,46.168582002963845,15.661070993881587,57.459540840718205,4.370112156127226,9.0,1,bottom,2025
212,0.7075471698113207,1.9425020119824736,67.9245283018868,14.622641509433961,17.452830188679243,2.2058823529411766,54.41176470588235,49.285159735869826,18.639368566016962,66.40471725113416,1.5198110507526286,9.5,1,bottom,2021
146,0.547945205479452,1.1321681624940954,69.86301369863014,15.753424657534246,14.383561643835616,1.8181818181818181,47.72727272727273,57.813654251728394,12.049359446901741,68.86932568687801,0.9936880117521252,9.5,1,bottom,2022
278,0.6906474820143885,1.3407786406254054,63.30935251798561,19.424460431654676,17.26618705035971,1.8823529411764706,47.05882352941176,50.125141269840924,13.184211248144685,61.46441919410521,1.8449333238803933,9.5,1,bottom,2023
110,0.7090909090909091,1.7861551292743956,65.45454545454545,16.363636363636363,18.181818181818183,2.0526315789473686,52.63157894736842,49.20913499517207,16.24541045937338,64.96781299421338,0.4867324603320844,9.5,1,bottom,2024
129,0.6046511627906976,1.2565406976744184,66.66666666666666,20.155038759689923,13.178294573643413,1.813953488372093,39.53488372093023,54.62649509478217,12.040171571884494,66.34960429280329,0.3170623738633638,9.5,1,bottom,2025
113,0.21238938053097345,0.27591656131479136,83.1858407079646,13.274336283185843,3.5398230088495577,1.263157894736842,21.052631578947366,80.8649763781544,2.3208643298102016,83.04303528937315,0.1428054185914407,7.0,2,top,2021
278,0.302158273381295,0.6159520037399685,82.73381294964028,9.712230215827338,7.553956834532374,1.75,43.75,73.92210566139737,8.811707288242921,81.28384614839884,1.4499668012414424,7.0,2,top,2022
96,0.28125,0.562171052631579,81.25,14.583333333333334,4.166666666666666,1.5,22.22222222222222,75.48396019890073,5.766039801099265,82.28254374063016,-1.0325437406301652,7.0,2,top,2023
86,0.2558139534883721,0.31025991792065666,79.06976744186046,17.441860465116278,3.488372093023256,1.2222222222222223,16.666666666666664,77.42860086036836,1.6411665814920928,79.30045852302543,-0.23069108116496873,7.0,2,top,2024
82,0.23170731707317074,0.3530563083408612,84.14634146341463,9.75609756097561,6.097560975609756,1.4615384615384615,38.46153846153847,79.31782390653738,4.828517556877243,82.99996590911412,1.146375554300505,7.0,2,top,2025
269,0.37174721189591076,0.6821838761582424,77.69516728624535,12.267657992565056,10.037174721189592,1.6666666666666667,45.0,68.95285251035894,8.742314775886417,76.31856631419946,1.3766009720458938,7.5,2,top,2021
478,0.34518828451882844,0.6457944089190635,78.8702928870293,12.343096234309623,8.786610878661087,1.6336633663366336,41.584158415841586,70.8087019092116,8.06159097781769,78.01333700163642,0.8569558853928738,7.5,2,top,2022
275,0.49454545454545457,1.3238752488387524,73.0909090909091,15.272727272727273,11.636363636363637,1.837837837837838,43.24324324324324,60.98480479631875,12.106104294590347,74.7972614272682,-1.706352336359107,7.5,2,top,2023
366,0.3879781420765027,1.060019462534621,79.23497267759562,12.568306010928962,8.19672131147541,1.868421052631579,39.473684210526315,67.8427172111266,11.392255466469026,79.84158726988318,-0.6066145922875466,7.5,2,top,2024
224,0.25892857142857145,0.3810858424087123,82.58928571428571,9.821428571428571,7.5892857142857135,1.4871794871794872,43.58974358974359,77.18781552286184,5.401470191423874,80.88765098335287,1.7016347309328328,7.5,2,top,2025
363,0.3746556473829201,0.826096220872715,79.06336088154269,12.396694214876034,8.539944903581267,1.7894736842105263,40.78947368421053,68.75259894064357,10.310761940899127,78.2036130701585,0.8597478113842039,8.0,2,top,2021
443,0.3792325056433409,0.7517849299817165,78.3295711060948,11.963882618510159,9.706546275395034,1.75,44.79166666666667,68.43864704496578,9.890924061129036,76.78489422546616,1.5446768806286482,8.0,2,top,2022
372,0.521505376344086,1.177433846332203,73.38709677419355,13.709677419354838,12.903225806451612,1.9595959595959596,48.484848484848484,59.36262441020369,14.02447236398986,71.34351083533168,2.0435859388618693,8.0,2,top,2023
589,0.44482173174872663,0.876627051499717,74.19354838709677,14.261460101867574,11.544991511035652,1.7236842105263157,44.73684210526316,64.09385248385455,10.099695903242234,73.28111371824592,0.9124346688508589,8.0,2,top,2024
379,0.37730870712401055,0.6853038488922394,75.98944591029023,15.303430079155673,8.70712401055409,1.5714285714285714,36.26373626373626,68.57043593981034,7.419009970479895,75.89245418372758,0.09699172656264521,8.0,2,top,2025
526,0.3821292775665399,0.7736990765888105,77.9467680608365,12.737642585551331,9.315589353612168,1.7327586206896552,42.241379310344826,68.24068276086543,9.706085299971079,76.86925732854152,1.077510732294984,8.5,2,top,2021
506,0.4268774703557312,0.9144444879270535,75.69169960474308,14.624505928853754,9.683794466403162,1.7560975609756098,39.83739837398374,65.25435032529387,10.437349279449215,75.22216916714792,0.4695304375951559,8.5,2,top,2022
628,0.4426751592356688,0.9137740123325108,75.15923566878982,13.535031847133757,11.305732484076433,1.7820512820512822,45.51282051282051,64.23158235654618,10.927653312243635,73.97296991498482,1.1862657538050048,8.5,2,top,2023
733,0.4120054570259209,0.9365769835767376,77.08049113233287,12.824010914051842,10.095497953615281,1.7976190476190477,44.047619047619044,66.23206617412414,10.848424958208724,76.66428107007602,0.41621006225686097,8.5,2,top,2024
478,0.3807531380753138,0.798119347736463,77.61506276150628,13.807531380753138,8.577405857740587,1.7009345794392523,38.31775700934579,68.33465610470543,9.280406656800855,77.33082391559311,0.28423884591316506,8.5,2,top,2025
383,0.45691906005221933,1.0027203258923079,77.02349869451697,10.182767624020887,12.793733681462141,1.9886363636363635,55.68181818181818,63.323159172054545,13.700339522462423,74.03438321261557,2.9891154819014054,9.0,2,top,2021
268,0.44029850746268656,1.2136508468891496,78.35820895522389,10.44776119402985,11.194029850746269,2.0344827586206895,51.724137931034484,64.38442000963329,13.973788945590593,77.55585745139197,0.8023515038319107,9.0,2,top,2022
493,0.5050709939148073,1.1325961839740102,73.42799188640974,14.807302231237324,11.76470588235294,1.900763358778626,44.274809160305345,60.346273172447205,13.08171871396253,72.01565614663879,1.4123357397709424,9.0,2,top,2023
378,0.3783068783068783,0.6655228551780276,76.71957671957672,12.962962962962962,10.317460317460316,1.625,44.31818181818182,68.5020250552254,8.21755166435132,75.46764040794788,1.251936311628843,9.0,2,top,2024
317,0.4416403785488959,0.8802859082378309,74.13249211356468,15.141955835962145,10.725552050473187,1.7073170731707317,41.46341463414634,64.29808235797432,9.834409755590357,73.5870138953422,0.5454782182224727,9.0,2,top,2025
212,0.5330188679245284,1.0557766252347311,72.16981132075472,13.20754716981132,14.622641509433961,1.9152542372881356,52.54237288135594,58.6830728462595,13.486738474495219,68.9729358018951,3.19687551885961,9.5,2,top,2021
146,0.4931506849315068,1.493056211620217,78.08219178082192,11.643835616438356,10.273972602739725,2.25,46.875,61.06992389592894,17.012267884892985,76.38136719973134,1.7008245810905764,9.5,2,top,2022
278,0.579136690647482,1.4431732592265538,71.94244604316546,12.23021582733813,15.827338129496402,2.0641025641025643,56.41025641025641,56.03819407687496,15.904251966290506,70.15735707999183,1.7850889631736422,9.5,2,top,2023
110,0.42727272727272725,0.9442035029190994,77.27272727272727,10.909090909090908,11.818181818181818,1.88,52.0,65.22856318857151,12.044164084155762,75.57599317817765,1.6967340945496123,9.5,2,top,2024
129,0.4883720930232558,1.3299418604651163,74.4186046511628,14.728682170542637,10.852713178294573,1.9090909090909092,42.42424242424242,61.36245051611348,13.056154135049303,75.28257913857462,-0.8639744874118227,9.5,2,top,2025
113,0.504424778761062,1.698640960809102,75.22123893805309,15.04424778761062,9.734513274336283,2.0357142857142856,39.285714285714285,60.38528245147942,14.835956486573675,77.20586653293469,-1.984627594881605,7.0,2,bottom,2021
278,0.4676258992805755,1.0151936212762642,76.2589928057554,10.431654676258994,13.309352517985612,1.9696969696969697,56.060606060606055,62.6487849379276,13.610207867827794,73.3764952591614,2.8824975465939984,7.0,2,bottom,2022
96,0.2916666666666667,0.5666666666666667,83.33333333333334,8.333333333333332,8.333333333333332,1.75,50.0,74.70175003104326,8.63158330229008,81.42780185765653,1.9055314756768027,7.0,2,bottom,2023
86,0.43023255813953487,0.9538987688098499,76.74418604651163,12.790697674418606,10.465116279069768,1.85,45.0,65.0357831127969,11.708402933714723,75.46934511632848,1.274840930183141,7.0,2,bottom,2024
82,0.34146341463414637,0.7214694369165915,80.48780487804879,12.195121951219512,7.317073170731707,1.75,37.5,71.07294694418746,9.41485793386132,79.4911849715299,0.9966199065188808,7.0,2,bottom,2025
269,0.483271375464684,1.1013982133939968,74.72118959107806,13.754646840148698,11.524163568773234,1.911764705882353,45.588235294117645,61.67624264707855,13.044946943999513,73.25335994380586,1.4678296472722008,7.5,2,bottom,2021
478,0.3891213389121339,0.6658772137575327,76.35983263598327,13.598326359832635,10.0418410041841,1.6460176991150441,42.47787610619469,67.76520394639154,8.59462868959172,74.53404106477699,1.82579157120627,7.5,2,bottom,2022
275,0.3927272727272727,0.8014067684140677,78.9090909090909,10.181818181818182,10.909090909090908,1.8620689655172413,51.724137931034484,67.52128714421322,11.387803764877692,76.40056104289363,2.5085298661972844,7.5,2,bottom,2023
366,0.5491803278688525,1.212643161913317,70.76502732240438,15.573770491803279,13.661202185792352,1.8785046728971964,46.728971962616825,57.74229139295352,13.022735929450857,69.7613999397247,1.0036273826796727,7.5,2,bottom,2024
224,0.48214285714285715,0.9862267777065984,73.21428571428571,15.178571428571427,11.607142857142858,1.8,43.333333333333336,61.7458847057057,11.46840100858001,71.89057821697098,1.32370749731473,7.5,2,bottom,2025
363,0.45454545454545453,0.883977900552486,73.27823691460054,16.2534435261708,10.46831955922865,1.7010309278350515,39.175257731958766,63.47364189402819,9.80459502057236,72.61388453401614,0.6643523805844098,8.0,2,bottom,2021
443,0.44243792325056436,1.0210003779250894,77.20090293453724,11.512415349887133,11.286681715575622,1.9405940594059405,49.504950495049506,64.24682220691032,12.954080727626916,75.35699082230981,1.8439121122274305,8.0,2,bottom,2022
372,0.4543010752688172,1.041032663826334,75.0,15.053763440860216,9.946236559139784,1.8172043010752688,39.784946236559136,63.4891554322362,11.510844567763801,74.70050058864133,0.2994994113586613,8.0,2,bottom,2023
589,0.4702886247877759,0.9808334199554186,74.36332767402376,13.412563667232597,12.224108658743633,1.8344370860927153,47.682119205298015,62.48219031658322,11.881137357440553,72.72891505425349,1.6344126197702868,8.0,2,bottom,2024
379,0.43007915567282323,0.8700981418659519,75.98944591029023,12.928759894459102,11.081794195250659,1.7912087912087913,46.15384615384615,65.04576052761138,10.943685382678847,74.36358448523698,1.6258614250532544,8.0,2,bottom,2025
526,0.5171102661596958,1.2825638240086912,75.2851711026616,11.216730038022813,13.498098859315588,2.0923076923076924,54.61538461538461,59.62410387994503,15.661067222716563,72.80934017375421,2.4758309289073854,8.5,2,bottom,2021
506,0.5573122529644269,1.1382929597307558,69.96047430830039,15.217391304347828,14.82213438735178,1.855263157894737,49.34210526315789,57.27463943691706,12.685834871383328,68.26347671483958,1.696997593460814,8.5,2,bottom,2022
628,0.49522292993630573,1.0350648625036827,73.24840764331209,14.171974522292993,12.579617834394904,1.8511904761904763,47.023809523809526,60.94350308387997,12.304904559432128,71.54031474009929,1.70809290321281,8.5,2,bottom,2023
733,0.43656207366984995,0.9539619350077159,75.85266030013642,13.77899045020464,10.368349249658936,1.807909604519774,42.93785310734463,64.62543812600366,11.227222174132766,74.98065635763129,0.8720039425051285,8.5,2,bottom,2024
478,0.4393305439330544,0.7793303684990748,74.05857740585773,14.435146443514643,11.506276150627615,1.6935483870967742,44.354838709677416,64.44677195241404,9.6118054534437,72.2249312763294,1.8336461295283435,8.5,2,bottom,2025
383,0.39425587467362927,0.7682391699588536,76.50130548302873,14.621409921671018,8.87728459530026,1.6777777777777778,37.77777777777778,67.41815281901137,9.083152664017359,75.7853315699923,0.7159739130364273,9.0,2,bottom,2021
268,0.43656716417910446,0.965998658393426,77.98507462686567,9.328358208955224,12.686567164179104,1.9830508474576272,57.6271186440678,64.62510915045013,13.359965476415548,75.13282775672529,2.8522468701403736,9.0,2,bottom,2022
493,0.460446247464503,0.8952819142795888,73.22515212981745,15.415821501014198,11.359026369168356,1.7196969696969697,42.42424242424242,63.100199962729,10.124952167088441,72.31035445988442,0.9147976699330207,9.0,2,bottom,2023
378,0.5370370370370371,1.129924354062285,70.37037037037037,16.137566137566136,13.492063492063492,1.8125,45.535714285714285,58.447747440783424,11.922622929586947,69.63945767453961,0.7309126958307655,9.0,2,bottom,2024
317,0.4416403785488959,1.0448428702631474,76.02523659305994,14.195583596214512,9.779179810725552,1.8421052631578947,40.78947368421053,64.29808235797432,11.727154235085624,75.69591088932125,0.329325703738681,9.0,2,bottom,2025
212,0.589622641509434,1.124631136546544,67.9245283018868,16.50943396226415,15.566037735849056,1.838235294117647,48.529411764705884,55.45365043148638,12.47087787040041,65.73087234886444,2.1936559530223443,9.5,2,bottom,2021
146,0.589041095890411,1.5678790741615496,73.28767123287672,10.95890410958904,15.753424657534246,2.2051282051282053,58.97435897435898,55.48590863785381,17.801762595022907,70.67905828085313,2.6086129520235923,9.5,2,bottom,2022
278,0.5287769784172662,1.2031400150637612,74.10071942446042,11.510791366906476,14.388489208633093,2.0416666666666665,55.55555555555556,58.93252866517922,15.168190759281208,71.11516196640267,2.9855574580577637,9.5,2,bottom,2023
110,0.6909090909090909,2.0320266889074223,68.18181818181817,12.727272727272727,19.090909090909093,2.1714285714285713,60.0,50.112029802149586,18.069788379668594,68.1145343543406,0.06728382747757111,9.5,2,bottom,2024
129,0.5116279069767442,1.033066860465116,72.09302325581395,14.728682170542637,13.178294573643413,1.8333333333333333,47.22222222222222,59.95188231194237,12.141140943871576,70.27520222849981,1.817821027314137,9.5,2,bottom,2025
113,0.504424778761062,1.0557838179519596,73.45132743362832,13.274336283185843,13.274336283185843,1.9,50.0,60.38528245147942,13.066044982148906,71.11565950928133,2.3356679243469958,7.0,3,top,2021
278,0.4028776978417266,0.739630678128977,76.97841726618705,10.79136690647482,12.23021582733813,1.75,53.125,66.8393840334157,10.139033232771355,74.61597684967205,2.3624404165149993,7.0,3,top,2022
96,0.3958333333333333,0.7890350877192983,79.16666666666666,9.375,11.458333333333332,1.9,55.00000000000001,67.31188730678772,11.854779359878941,75.966309778964,3.20035688770266,7.0,3,top,2023
86,0.313953488372093,0.594391244870041,83.72093023255815,4.651162790697675,11.627906976744185,1.9285714285714286,71.42857142857143,73.05530065788312,10.665629574675018,79.9040338305663,3.8168964019918317,7.0,3,top,2024
82,0.4024390243902439,0.6385124962360736,75.60975609756098,12.195121951219512,12.195121951219512,1.65,50.0,66.86871112874337,8.7410449688176,72.85660130685463,2.753154790706347,7.0,3,top,2025
269,0.34572490706319703,0.7942074016534428,78.81040892193309,14.49814126394052,6.691449814126393,1.631578947368421,31.57894736842105,70.7707145567761,8.03969436515699,80.11894131002579,-1.308532388092709,7.5,3,top,2021
478,0.42887029288702927,0.8953492451953019,75.73221757322176,14.225941422594143,10.0418410041841,1.7672413793103448,41.37931034482759,65.12443947333018,10.607778099891574,74.809628668014,0.9225889052077663,7.5,3,top,2022
275,0.5127272727272727,1.0609688122096883,73.0909090909091,12.727272727272727,14.181818181818182,1.9054054054054055,52.702702702702695,59.886009481650184,13.204899609258913,70.56053222236038,2.5303768685487116,7.5,3,top,2023
366,0.45081967213114754,0.8071637098585224,73.77049180327869,14.207650273224044,12.021857923497267,1.71875,45.83333333333333,63.71057197365324,10.059919829625452,71.73427310240794,2.036218700870751,7.5,3,top,2024
224,0.3392857142857143,0.6018577834721333,78.57142857142857,13.392857142857142,8.035714285714286,1.5833333333333333,37.5,71.22789117533131,7.343537396097255,77.77979524884738,0.7916333225811978,7.5,3,top,2025
363,0.49586776859504134,0.957855805670974,72.45179063360881,14.87603305785124,12.672176308539946,1.8,46.0,60.90421702503876,11.54757360857005,70.4395580483909,2.0122325852179213,8.0,3,top,2021
443,0.41309255079006774,0.785982043451171,75.84650112866818,13.092550790067719,11.060948081264108,1.7102803738317758,45.794392523364486,66.16010482945106,9.686396299217115,74.49961836330444,1.3468827653637439,8.0,3,top,2022
372,0.49193548387096775,0.9783714459612207,72.84946236559139,13.978494623655912,13.172043010752688,1.811881188118812,48.51485148514851,61.14418124187901,11.705281123712385,71.03126037749865,1.8182019880927491,8.0,3,top,2023
589,0.46519524617996605,0.8852661607936891,73.00509337860781,15.619694397283531,11.37521222410866,1.7232704402515724,42.138364779874216,62.80124761816622,10.203845760441588,71.78645282393819,1.2186405546696255,8.0,3,top,2024
379,0.45118733509234826,0.8673200150772711,73.61477572559367,15.03957783641161,11.345646437994723,1.71,43.0,63.687152261645764,9.92762346394791,72.63659506902528,0.9781806565683948,8.0,3,top,2025
526,0.4790874524714829,1.030990403766069,74.1444866920152,12.927756653992395,12.927756653992395,1.8529411764705883,50.0,61.93483187831761,12.2096548136976,72.70745484682207,1.4370318451931374,8.5,3,top,2021
506,0.525691699604743,1.1726059562477986,73.12252964426878,13.24110671936759,13.636363636363635,1.9558823529411764,50.73529411764706,59.114632723681815,14.00789692058696,70.98391507237423,2.138614571894537,8.5,3,top,2022
628,0.535031847133758,1.2507644327959448,72.29299363057325,14.171974522292993,13.535031847133757,1.9310344827586208,48.85057471264368,58.5650638553574,13.727929775215841,71.20313920052571,1.0898544300475321,8.5,3,top,2023
733,0.44201909959072305,0.8480680488150353,74.48840381991815,13.915416098226466,11.596180081855389,1.732620320855615,45.45454545454545,64.27373593177916,10.214667888138983,73.08567318173664,1.4027306381815041,8.5,3,top,2024
478,0.45397489539748953,0.9108751524082699,75.10460251046025,12.97071129707113,11.92468619246862,1.8235294117647058,47.89915966386555,63.50986769456368,11.594734815896569,73.0440373863366,2.060565124123659,8.5,3,top,2025
383,0.4908616187989556,1.0044974232088908,72.58485639686684,15.66579634464752,11.74934725848564,1.7904761904761906,42.857142857142854,61.209877110407454,11.374979286459386,71.46864882832372,1.116207568543115,9.0,3,top,2021
268,0.585820895522388,1.1274386494493822,69.02985074626866,15.298507462686567,15.671641791044777,1.891566265060241,50.602409638554214,55.66487237616765,13.36497837010101,66.04512363027465,2.9847271159940236,9.0,3,top,2022
493,0.5233265720081136,1.128011675654282,72.41379310344827,14.60446247464503,12.981744421906694,1.8970588235294117,47.05882352941176,59.25461184188732,13.15918126156096,70.62110428900297,1.792688814445309,9.0,3,top,2023
378,0.5925925925925926,1.3296001571863643,69.84126984126983,15.343915343915343,14.814814814814813,1.9649122807017543,49.122807017543856,55.28920012788026,14.552069713389582,68.0415008490013,1.7997689922685467,9.0,3,top,2024
317,0.48580441640378547,1.2885636704867627,75.39432176656152,14.826498422712934,9.779179810725552,1.9743589743589745,39.743589743589745,61.520211899048086,13.874109867513429,75.06739252607989,0.32692924048163263,9.0,3,top,2025
212,0.5471698113207547,1.2726459805061254,72.16981132075472,15.09433962264151,12.735849056603774,1.9661016949152543,45.76271186440678,57.85850000584912,14.311311314905595,70.58539132568244,1.5844199950722837,9.5,3,top,2021
146,0.636986301369863,1.4190363722248462,68.4931506849315,13.013698630136986,18.493150684931507,2.0217391304347827,58.69565217391305,52.888392144128474,15.604758540803033,65.99602638225312,2.4971243026783885,9.5,3,top,2022
278,0.539568345323741,1.0002337480196348,69.42446043165468,17.26618705035971,13.309352517985612,1.7647058823529411,43.529411764705884,58.299985268052644,11.124475163602032,67.70067786886986,1.7237825627848147,9.5,3,top,2023
110,0.5181818181818182,1.24278565471226,74.54545454545455,11.818181818181818,13.636363636363635,2.0357142857142856,53.57142857142857,59.560247769547445,14.9852067759071,72.31316468580343,2.2322898596511265,9.5,3,top,2024
129,0.43410852713178294,1.3413275193798446,80.62015503875969,8.527131782945736,10.852713178294573,2.24,56.00000000000001,64.78419432420777,15.835960714551911,79.10955413731536,1.5106009014443367,9.5,3,top,2025
113,0.45132743362831856,0.6962705436156763,72.56637168141593,14.15929203539823,13.274336283185843,1.6451612903225807,48.38709677419355,63.67823040983757,8.888141271578364,69.73001634035064,2.8363553410652886,7.0,3,bottom,2021
278,0.3597122302158273,0.8159883645430227,79.49640287769785,13.66906474820144,6.83453237410072,1.7543859649122806,33.33333333333333,69.78771251273717,9.70869036496067,79.27217946052549,0.2242234171723534,7.0,3,bottom,2022
96,0.4479166666666667,0.8604166666666667,77.08333333333334,8.333333333333332,14.583333333333334,1.9545454545454546,63.63636363636363,63.89579283073995,13.187540502593386,72.79596176442799,4.2873715689053515,7.0,3,bottom,2023
86,0.46511627906976744,0.8870041039671679,74.4186046511628,13.953488372093023,11.627906976744185,1.8181818181818181,45.45454545454545,62.8062070470208,11.61239760414199,71.81853705619382,2.600067594968969,7.0,3,bottom,2024
82,0.4268292682926829,0.7168021680216802,73.17073170731707,17.073170731707318,9.75609756097561,1.5909090909090908,36.36363636363637,65.25749579541088,7.913235911906192,72.20155683484766,0.9691748724694027,7.0,3,bottom,2025
269,0.44981412639405205,0.7931809354713422,73.97769516728626,13.754646840148698,12.267657992565056,1.7285714285714286,47.14285714285714,63.77466808809583,10.203027079190418,71.58827102624625,2.3894241410399975,7.5,3,bottom,2021
478,0.4790794979079498,0.9838381446102294,73.43096234309623,14.435146443514643,12.133891213389122,1.8031496062992125,45.66929133858268,61.93532454483217,11.495637798264058,72.09361983808586,1.3373425050103749,7.5,3,bottom,2022
275,0.56,1.2545985401459852,72.0,13.818181818181818,14.181818181818182,2.0,50.649350649350644,57.120906384881486,14.87909361511851,69.47645589138577,2.5235441086142285,7.5,3,bottom,2023
366,0.42349726775956287,0.6776929410884049,73.49726775956285,14.754098360655737,11.748633879781421,1.597938144329897,44.329896907216494,65.4752964606516,8.021971298911234,71.76908240250026,1.7281853570625838,7.5,3,bottom,2024
224,0.5,0.9237668161434978,72.76785714285714,12.5,14.732142857142858,1.8360655737704918,54.09836065573771,60.653065971263345,12.114791171593797,69.61849285258324,3.1493642902738928,7.5,3,bottom,2025
363,0.4986225895316804,0.99654505882532,72.72727272727273,14.325068870523417,12.947658402203857,1.8282828282828283,47.474747474747474,60.73666770300022,11.990605024272504,70.76864607844291,1.9586266488298198,8.0,3,bottom,2021
443,0.4762979683972912,0.9423102458555918,73.36343115124153,14.221218961625281,12.415349887133182,1.7881355932203389,46.61016949152542,62.10783929401125,11.255591857230286,71.73822106756184,1.6252100836796957,8.0,3,bottom,2022
372,0.5833333333333334,1.338050314465409,69.89247311827957,15.591397849462366,14.516129032258066,1.9375,48.214285714285715,55.80351457700471,14.088958541274865,68.77600969543842,1.116463422841163,8.0,3,bottom,2023
589,0.4634974533106961,1.0518115565411226,75.04244482173175,13.582342954159593,11.37521222410866,1.8571428571428572,45.57823129251701,62.907961692116885,12.134483129614859,74.13824844403109,0.9041963777006612,8.0,3,bottom,2024
379,0.44854881266490765,0.9199648197009676,75.72559366754618,11.609498680738787,12.66490765171504,1.8478260869565217,52.17391304347826,63.85541412496084,11.870179542585335,73.59658846896804,2.1290051985781377,8.0,3,bottom,2025
526,0.5817490494296578,1.398066268332428,71.29277566539925,13.307984790874524,15.399239543726237,2.0264900662251657,53.64238410596026,55.89199325608466,15.400782409314584,69.52319873405037,1.7695769313488707,8.5,3,bottom,2021
506,0.6126482213438735,1.3268892106601968,68.37944664031622,16.007905138339922,15.612648221343871,1.9375,49.375,54.19138593055967,14.188060709756545,66.62356733840853,1.7558793019076813,8.5,3,bottom,2022
628,0.5414012738853503,1.0588892613699854,69.7452229299363,16.401273885350317,13.853503184713375,1.7894736842105263,45.78947368421053,58.19322343321161,11.551999496724697,68.38868576701645,1.3565371629198464,8.5,3,bottom,2023
733,0.6221009549795361,1.533226727499087,68.4856753069577,15.279672578444748,16.234652114597544,1.974025974025974,51.515151515151516,53.68154269653369,14.804132610424015,68.17140664181079,0.31426866514691065,8.5,3,bottom,2024
478,0.6108786610878661,1.5254159978246185,70.92050209205021,12.761506276150628,16.317991631799163,2.1007194244604315,56.11510791366906,54.28736574931118,16.63313634273903,68.83814511099455,2.0823569810556664,8.5,3,bottom,2025
383,0.5953002610966057,1.3724385876177325,69.71279373368147,14.621409921671018,15.66579634464752,1.9655172413793103,51.724137931034484,55.13969779480049,14.573095938880975,68.32497146062644,1.3878222730550172,9.0,3,bottom,2021
268,0.5895522388059702,1.284085192017441,70.1492537313433,13.432835820895523,16.417910447761194,1.975,55.00000000000001,55.45755465582606,14.691699075517228,67.73538248346036,2.413871247882926,9.0,3,bottom,2022
493,0.5070993914807302,0.9333844555484093,70.58823529411765,16.024340770791078,13.387423935091277,1.7241379310344827,45.51724137931035,60.223990999189425,10.364244294928227,69.2089910742897,1.3792442198279575,9.0,3,bottom,2023
378,0.5767195767195767,1.067042791180722,67.46031746031747,17.724867724867725,14.814814814814813,1.7723577235772359,45.52845528455284,56.17380860813236,11.286508852185106,65.87735143786713,1.5829660224503272,9.0,3,bottom,2024
317,0.5457413249211357,1.0588188316096314,70.34700315457413,15.141955835962145,14.511041009463725,1.8404255319148937,48.93617021276596,57.94120914658666,12.40579400798747,68.06382014362009,2.2831830109540374,9.0,3,bottom,2025
212,0.5047169811320755,1.0378923365823125,73.58490566037736,12.735849056603774,13.679245283018867,1.9107142857142858,51.78571428571429,60.3676403064366,13.217265353940755,70.86074972320911,2.724155937168238,9.5,3,bottom,2021
146,0.5753424657534246,1.1149740198393954,69.86301369863014,15.068493150684931,15.068493150684931,1.9090909090909092,50.0,56.25121946541366,13.611794233216479,66.64106151524572,3.2219521833844134,9.5,3,bottom,2022
278,0.5755395683453237,1.2415655922915099,67.98561151079137,17.62589928057554,14.388489208633093,1.797752808988764,44.9438202247191,56.24013329685171,11.745478213939652,68.22424003349873,-0.23862852270736257,9.5,3,bottom,2023
110,0.5545454545454546,1.258465387823186,71.81818181818181,15.454545454545453,12.727272727272727,1.967741935483871,45.16129032258064,57.433326244731575,14.384855573450238,69.90634394449641,1.911837873685407,9.5,3,bottom,2024
129,0.46511627906976744,0.7507267441860466,71.31782945736434,17.05426356589147,11.627906976744185,1.6216216216216217,40.54054054054054,62.8062070470208,8.511622410343545,69.58450596226275,1.7333234951015908,9.5,3,bottom,2025
113,0.39823008849557523,0.6524968394437421,76.10619469026548,11.504424778761061,12.389380530973451,1.6666666666666667,51.85185185185185,67.15075037343009,8.955444316835404,73.49371391293167,2.6124807773338143,7.0,4,top,2021
278,0.4568345323741007,0.9421733371425605,75.17985611510791,12.23021582733813,12.589928057553957,1.8405797101449275,50.72463768115942,63.328511957896595,11.851344157211319,73.25187181413966,1.927984300968244,7.0,4,top,2022
96,0.4270833333333333,0.899890350877193,78.125,8.333333333333332,13.541666666666666,1.9523809523809523,61.904761904761905,65.24091825306503,12.884081746934973,75.0121184641627,3.1128815358373085,7.0,4,top,2023
86,0.3023255813953488,0.4251709986320109,79.06976744186046,12.790697674418606,8.13953488372093,1.4444444444444444,38.88888888888889,73.90973893525951,5.160028506600945,77.59208808025623,1.4776793616042228,7.0,4,top,2024
82,0.3170731707317073,0.8364950316169829,82.92682926829268,9.75609756097561,7.317073170731707,1.8571428571428572,42.857142857142854,72.82774645811021,10.09908281018247,82.88111519174927,0.04571407654340165,7.0,4,top,2025
269,0.4646840148698885,0.94371081395994,72.4907063197026,17.472118959107807,10.037174721189592,1.6891891891891893,36.486486486486484,62.833361790446304,9.657344529256296,72.66183115333942,-0.1711248336368154,7.5,4,top,2021
478,0.4246861924686193,0.8863494820311746,75.52301255230127,14.225941422594143,10.251046025104603,1.735042735042735,41.88034188034188,65.39749752056218,10.125515031739074,75.01813875110145,0.5048738011998122,7.5,4,top,2022
275,0.45454545454545453,1.1247511612475114,76.72727272727272,11.272727272727273,12.0,1.953125,51.5625,63.47364189402819,13.253630833244534,75.63066649777937,1.0966062294933465,7.5,4,top,2023
366,0.4672131147540984,0.97289467774534,74.59016393442623,13.661202185792352,11.748633879781421,1.8387096774193548,46.236559139784944,62.674650725083644,11.915513209342588,72.86028043294532,1.7298835014809222,7.5,4,top,2024
224,0.42857142857142855,0.8558616271620757,76.78571428571429,11.607142857142858,11.607142857142858,1.8461538461538463,50.0,65.14390575310556,11.641808532608733,74.28131066995678,2.504403615757511,7.5,4,top,2025
363,0.4820936639118457,1.0293746099873673,74.10468319559229,12.947658402203857,12.947658402203857,1.8617021276595744,50.0,61.74892225998898,12.35576093560331,72.45953655595554,1.645146639636752,8.0,4,top,2021
443,0.44469525959367945,0.9850566376924099,75.39503386004515,13.769751693002258,10.835214446952596,1.8073394495412844,44.03669724770643,64.10195908412226,11.293074775922896,74.74735515879777,0.6476787012473784,8.0,4,top,2022
372,0.4731182795698925,0.9345853983711562,72.58064516129032,16.129032258064516,11.29032258064516,1.7254901960784315,41.17647058823529,62.30563719794926,10.275007963341064,71.87722487494722,0.7034202863431038,8.0,4,top,2023
589,0.5076400679117148,1.1517272443782265,74.02376910016977,13.412563667232597,12.563667232597622,1.9542483660130718,48.36601307189542,60.19143810775994,13.832330992409837,72.05222331098129,1.971545789188489,8.0,4,top,2024
379,0.46701846965699206,0.8474543144727841,72.29551451187335,16.62269129287599,11.081794195250659,1.6857142857142857,40.0,62.68685122590546,9.60866328596789,71.06217942264895,1.2333350892243966,8.0,4,top,2025
526,0.5019011406844106,1.0847582835415537,72.24334600760456,16.159695817490494,11.596958174904943,1.8082191780821917,41.78082191780822,60.537865500759565,11.705480506844989,71.6703905275248,0.572955480079751,8.5,4,top,2021
506,0.4624505928853755,0.9381912104253902,73.71541501976284,15.612648221343871,10.67193675889328,1.7593984962406015,40.6015037593985,62.97385203062632,10.741562989136522,72.75990528049836,0.9555097392644818,8.5,4,top,2022
628,0.43471337579617836,0.9191758347809301,75.79617834394905,12.579617834394904,11.624203821656051,1.7960526315789473,48.026315789473685,64.74502153879457,11.051156805154472,74.6706587153243,1.1255196286247493,8.5,4,top,2023
733,0.5061391541609823,1.015331111757207,71.89631650750341,14.733969986357435,13.369713506139155,1.8009708737864079,47.57281553398058,60.28184809671752,11.614468410785895,70.45186050144983,1.444456006053585,8.5,4,top,2024
478,0.4686192468619247,1.0923045884757419,72.59414225941423,17.573221757322173,9.832635983263598,1.7099236641221374,35.87786259541985,62.586583817715905,10.007558441698327,74.23220155038138,-1.638059290967142,8.5,4,top,2025
383,0.4255874673629243,0.8053121539786473,75.45691906005221,13.315926892950392,11.22715404699739,1.7340425531914894,45.744680851063826,65.33858295099577,10.118336109056447,73.77099285272133,1.68592620733089,9.0,4,top,2021
268,0.5522388059701493,1.0496953435071832,70.52238805970148,13.059701492537313,16.417910447761194,1.8734177215189873,55.69620253164557,57.56595765310676,12.956430406594732,67.4523317434741,3.0700563162273875,9.0,4,top,2022
493,0.6186612576064908,1.5575372285163016,70.38539553752535,14.401622718052739,15.212981744421908,2.089041095890411,51.369863013698634,53.86650888942266,16.518886648102693,68.63322822121238,1.7521673163129803,9.0,4,top,2023
378,0.4973544973544973,1.0729372798338315,72.22222222222221,17.46031746031746,10.317460317460316,1.7904761904761906,37.142857142857146,60.813736250866334,11.408485971355887,71.86213772541768,0.3600844968045358,9.0,4,top,2024
317,0.5078864353312302,0.8962983668090883,70.03154574132492,17.034700315457414,12.933753943217665,1.694736842105263,43.15789473684211,60.17661072504341,9.854935016281507,68.57615371672617,1.455392024598745,9.0,4,top,2025
212,0.5424528301886793,1.348900116247876,73.11320754716981,11.79245283018868,15.09433962264151,2.017543859649123,56.14035087719298,58.13206214520421,14.981145401965602,71.72121952623505,1.3919880209347646,9.5,4,top,2021
146,0.5753424657534246,0.8942843646669817,66.43835616438356,15.753424657534246,17.80821917808219,1.7142857142857142,53.06122448979592,56.25121946541366,10.187136698969901,63.26996441301911,3.168391751364452,9.5,4,top,2022
278,0.6330935251798561,1.0345687349037735,61.87050359712231,21.223021582733814,16.906474820143885,1.6603773584905661,44.339622641509436,53.094676065867255,8.775827531255054,61.2439654549143,0.6265381422079996,9.5,4,top,2023
110,0.4727272727272727,0.9487906588824022,73.63636363636363,14.545454545454545,11.818181818181818,1.793103448275862,44.827586206896555,62.33000389188903,11.306359744474603,72.10644071383531,1.529922922528315,9.5,4,top,2024
129,0.5193798449612403,0.8765746124031009,71.31782945736434,11.627906976744185,17.05426356589147,1.8108108108108107,59.45945945945946,59.48893572313049,11.828893734233858,67.35020810189123,3.9676213554731166,9.5,4,top,2025
113,0.45132743362831856,1.3926991150442478,80.53097345132744,8.849557522123893,10.619469026548673,2.3181818181818183,54.54545454545454,63.67823040983757,16.85274304148987,78.3627748459523,2.168198605375138,7.0,4,bottom,2021
278,0.4316546762589928,0.8454925590213751,75.17985611510791,13.66906474820144,11.151079136690647,1.7391304347826086,44.927536231884055,64.9433602808875,10.236495834220417,73.88263109440759,1.297225020700321,7.0,4,bottom,2022
96,0.3229166666666667,0.4946271929824561,77.08333333333334,16.666666666666664,6.25,1.4090909090909092,27.27272727272727,72.4034188036314,4.679914529701945,77.18636815795718,-0.10303482462383773,7.0,4,bottom,2023
86,0.36046511627906974,0.7979480164158687,79.06976744186046,11.627906976744185,9.30232558139535,1.7222222222222223,44.44444444444444,69.73519009078149,9.334577351078977,78.97685109478078,0.09291634707967455,7.0,4,bottom,2024
82,0.2682926829268293,0.37157482685937976,80.48780487804879,13.414634146341465,6.097560975609756,1.375,31.25,76.4683938413801,4.019411036668686,79.69429915275596,0.7935057252928313,7.0,4,bottom,2025
269,0.49070631970260226,1.0717416634300614,73.23420074349443,14.12639405204461,12.639405204460965,1.8333333333333333,47.22222222222222,61.21938368717288,12.014817056321547,72.34363872246857,0.8905620210258647,7.5,4,bottom,2021
478,0.41841004184100417,0.9734129803601658,76.98744769874477,14.435146443514643,8.577405857740587,1.8181818181818181,37.27272727272727,65.80923277037122,11.178214928373553,76.61817599675499,0.36927170198979287,7.5,4,bottom,2022
275,0.5818181818181818,1.3901791639017917,70.54545454545455,14.545454545454545,14.909090909090908,1.9753086419753085,50.617283950617285,55.88812944265037,14.657325102804176,69.43661361583887,1.1088409296156843,7.5,4,bottom,2023
366,0.4371584699453552,1.106999026873269,78.14207650273224,10.382513661202186,11.475409836065573,2.0,52.5,64.58690724638105,13.555169256351196,76.71456999845242,1.4275065042798185,7.5,4,bottom,2024
224,0.48214285714285715,0.9593209481101859,73.21428571428571,13.839285714285715,12.946428571428573,1.8,48.333333333333336,61.7458847057057,11.46840100858001,71.5224792513111,1.69180646297461,7.5,4,bottom,2025
363,0.46831955922865015,0.8518941296440039,72.45179063360881,15.426997245179063,12.121212121212121,1.7,44.0,62.60534305371009,9.846447579898731,71.02721537135083,1.4245752622579766,8.0,4,bottom,2021
443,0.5124153498871332,1.1961124786778752,73.58916478555305,13.31828442437923,13.092550790067719,1.9401709401709402,49.572649572649574,59.9046922094456,13.684472576107453,72.2128356736054,1.3763291119476606,8.0,4,bottom,2022
372,0.44623655913978494,0.840767469495406,73.38709677419355,15.591397849462366,11.021505376344086,1.6767676767676767,41.41414141414141,64.0032348650226,9.383861909170943,72.63509383312544,0.7520029410681084,8.0,4,bottom,2023
589,0.47538200339558573,1.0219269371585646,73.68421052631578,15.449915110356535,10.865874363327674,1.8064516129032258,41.29032258064516,62.164753963079335,11.519456563236453,72.87307586704624,0.8111346592695412,8.0,4,bottom,2024
379,0.5171503957783641,0.9911072021889964,70.71240105540898,16.358839050131927,12.928759894459102,1.7657657657657657,44.14414414414414,59.62171123540118,11.090689820007793,69.27693449867398,1.4354665567349878,8.0,4,bottom,2025
526,0.5437262357414449,1.3114177077675178,71.67300380228137,15.5893536121673,12.737642585551331,1.919463087248322,44.966442953020135,58.05808356683777,13.614920235443595,71.24473199296125,0.4282718093201132,8.5,4,bottom,2021
506,0.4624505928853755,0.8629436856729151,73.71541501976284,14.031620553359684,12.25296442687747,1.7593984962406015,46.616541353383454,62.97385203062632,10.741562989136522,71.66912928875024,2.046285731012598,8.5,4,bottom,2022
628,0.49522292993630573,0.8628160586759313,71.01910828025477,15.92356687898089,13.05732484076433,1.7087912087912087,45.05494505494506,60.94350308387997,10.075605196374804,69.04536742146765,1.9737408587871208,8.5,4,bottom,2023
733,0.5538881309686221,1.250165872714125,70.66848567530695,15.552523874488402,13.77899045020464,1.8883720930232557,46.97674418604651,57.47109093461891,13.19739474068805,69.85888973490003,0.8095959404069264,8.5,4,bottom,2024
478,0.5355648535564853,1.104602510460251,72.17573221757321,12.761506276150628,15.062761506276152,1.9248120300751879,54.13533834586466,58.53385661774293,13.64187559983029,69.42665725024642,2.7490749673267922,8.5,4,bottom,2025
383,0.5587467362924282,0.9435293152707341,66.31853785900783,19.5822454308094,14.099216710182768,1.6589147286821706,41.86046511627907,57.19253882158796,9.125999037419874,65.37058855221353,0.9479493067942935,9.0,4,bottom,2021
268,0.6082089552238806,1.3777600760243724,71.64179104477611,10.074626865671641,18.28358208955224,2.1447368421052633,64.47368421052632,54.43249068223858,17.20930036253754,67.4987589005809,4.143032144195214,9.0,4,bottom,2022
493,0.565922920892495,1.0103811078678737,68.35699797160242,16.227180527383368,15.415821501014198,1.7884615384615385,48.717948717948715,56.783583728893426,11.573414242709001,65.85811236636114,2.4988856052412856,9.0,4,bottom,2023
378,0.48677248677248675,1.1205142239625,73.80952380952381,14.814814814814813,11.375661375661375,1.8585858585858586,43.43434343434344,61.46068482268065,12.34883898684317,73.21818300167699,0.5913408078468296,9.0,4,bottom,2024
317,0.5457413249211357,0.9575530088248212,68.76971608832808,16.7192429022082,14.511041009463725,1.7474747474747474,46.464646464646464,57.94120914658666,10.828506941741423,66.58941173153214,2.180304356795937,9.0,4,bottom,2025
212,0.660377358490566,1.4860055441294822,66.98113207547169,17.92452830188679,15.09433962264151,2.0,45.714285714285715,51.665633304730775,15.31549877074092,65.15570045102082,1.8254316244508795,9.5,4,bottom,2021
146,0.5,0.7206896551724138,68.4931506849315,17.123287671232877,14.383561643835616,1.5869565217391304,45.65217391304348,60.653065971263345,7.84008471366816,66.08972964537372,2.403421039557785,9.5,4,bottom,2022
278,0.5359712230215827,0.9716255876165495,70.14388489208633,14.028776978417264,15.827338129496402,1.7951807228915662,53.01204819277109,58.51007507811212,11.633809813974205,67.55262786783143,2.5912570242549005,9.5,4,bottom,2023
110,0.6545454545454545,1.4758965804837358,68.18181818181817,15.454545454545453,16.363636363636363,2.057142857142857,51.42857142857142,51.96782262849984,16.213995553318338,65.43483976431523,2.7469784175029544,9.5,4,bottom,2024
129,0.49612403100775193,1.001937984496124,73.64341085271317,13.178294573643413,13.178294573643413,1.8823529411764706,50.0,60.88861156307175,12.754799289641428,71.03281786619412,2.610592986519056,9.5,4,bottom,2025
113,0.4336283185840708,0.6763590391908976,70.79646017699115,19.469026548672566,9.734513274336283,1.4848484848484849,33.33333333333333,64.81531171890039,5.9811484580907575,70.8670916858131,-0.07063150882193892,7.0,5,top,2021
278,0.48201438848920863,0.9581591044853648,73.7410071942446,12.949640287769784,13.309352517985612,1.8356164383561644,50.68493150684932,61.75381762593707,11.987189568307532,71.51624786763732,2.224759326607284,7.0,5,top,2022
96,0.46875,0.9042763157894737,69.79166666666666,21.875,8.333333333333332,1.5517241379310345,27.586206896551722,62.57840096045911,7.21326570620755,71.78498696839021,-1.9933203017235557,7.0,5,top,2023
86,0.4186046511627907,0.8580027359781124,75.5813953488372,15.11627906976744,9.30232558139535,1.7142857142857142,38.095238095238095,65.7964269263232,9.784968422514007,75.11067475790031,0.47072059093689056,7.0,5,top,2024
82,0.34146341463414637,0.622704004817826,79.26829268292683,12.195121951219512,8.536585365853659,1.6470588235294117,41.17647058823529,71.07294694418746,8.195345738739368,77.95070347825535,1.3175892046714877,7.0,5,top,2025
269,0.2825278810408922,0.5019697053764633,82.15613382899627,10.408921933085502,7.434944237918216,1.5833333333333333,41.66666666666667,75.3875622829237,6.768571546072588,81.13384601781043,1.0222878111858513,7.5,5,top,2021
478,0.4895397489539749,1.1518819680183856,74.05857740585773,14.01673640167364,11.92468619246862,1.8870967741935485,45.96774193548387,61.29084210197565,12.767735303882088,73.37365644686608,0.6849209589916638,7.5,5,top,2022
275,0.49454545454545457,1.2727803583278037,76.36363636363637,11.636363636363637,12.0,2.0923076923076924,50.76923076923077,60.98480479631875,15.378831567317619,74.29809398018608,2.0655423834502917,7.5,5,top,2023
366,0.4672131147540984,0.9235796092521896,73.77049180327869,13.387978142076504,12.841530054644808,1.78125,48.95833333333333,62.674650725083644,11.095841078195045,72.1834230713485,1.5870687319301968,7.5,5,top,2024
224,0.45535714285714285,0.8858904548366433,74.55357142857143,12.5,12.946428571428573,1.7894736842105263,50.877192982456144,63.422141984567304,11.131429444004127,72.57727042865702,1.9763009999144154,7.5,5,top,2025
363,0.4793388429752066,0.8137984566914752,71.34986225895317,16.2534435261708,12.396694214876034,1.6730769230769231,43.269230769230774,61.91926400662321,9.430598252329958,69.51554241981343,1.834319839139742,8.0,5,top,2021
443,0.42663656884875845,0.7881576662615037,73.36343115124153,17.381489841986454,9.255079006772009,1.6016949152542372,34.74576271186441,65.27007209024616,8.093359060995375,73.41668774977451,-0.05325659853298026,8.0,5,top,2022
372,0.4327956989247312,0.8714821899544967,75.53763440860214,13.440860215053762,11.021505376344086,1.7692307692307692,45.05494505494506,64.86930069468607,10.668333713916079,74.16641518171015,1.3712192268920065,8.0,5,top,2023
589,0.5500848896434635,1.1832865574073432,70.96774193548387,15.619694397283531,13.412563667232597,1.894736842105263,46.198830409356724,57.69008353955512,13.27765839592876,69.3471912917542,1.620550643729668,8.0,5,top,2024
379,0.5171503957783641,1.329731540813335,73.87862796833772,13.456464379947231,12.66490765171504,1.97979797979798,48.484848484848484,59.62171123540118,14.256916732936553,73.2838764235951,0.5947515447426222,8.0,5,top,2025
526,0.5855513307984791,1.3136194097410827,70.91254752851711,13.11787072243346,15.96958174904943,2.0130718954248366,54.90196078431373,55.67987968475078,15.232667843766334,68.35147587100214,2.5610716575149683,8.5,5,top,2021
506,0.541501976284585,1.329957343560443,72.13438735177866,14.031620553359684,13.83399209486166,1.9432624113475176,49.645390070921984,58.18736353105074,13.947023820727921,71.593184671746,0.5412026800326597,8.5,5,top,2022
628,0.49203821656050956,0.9935569235770376,73.08917197452229,13.694267515923567,13.21656050955414,1.8284023668639053,49.112426035502956,61.137900058337166,11.951271916185124,71.23142316227789,1.8577488122443975,8.5,5,top,2023
733,0.49931787175989084,1.1109968018249727,73.39699863574351,14.188267394270124,12.414733969986358,1.876923076923077,46.666666666666664,60.694453254524106,12.70254538121941,72.18169934070974,1.215299295033767,8.5,5,top,2024
478,0.50418410041841,1.0303807794531725,72.80334728033473,13.179916317991633,14.01673640167364,1.853846153846154,51.53846153846153,60.39981763026161,12.40352965007312,70.80174614998982,2.001601130344899,8.5,5,top,2025
383,0.4751958224543081,0.8521318332809318,72.32375979112271,14.882506527415144,12.793733681462141,1.7169811320754718,46.22641509433962,62.17632893297244,10.147430858150274,70.47829111488996,1.8454686762327532,9.0,5,top,2021
268,0.47761194029850745,0.9695343507183187,73.50746268656717,14.17910447761194,12.313432835820896,1.8028169014084507,46.478873239436616,62.02628493013872,11.48117775642844,72.01323770861895,1.4942249779482109,9.0,5,top,2022
493,0.45030425963488846,0.8943749072379161,74.2393509127789,14.198782961460447,11.561866125760648,1.7480314960629921,44.881889763779526,63.74341766240437,10.495933250374534,73.10034900027269,1.13900191250621,9.0,5,top,2023
378,0.5105820105820106,0.8659354693837453,68.78306878306879,18.78306878306878,12.433862433862434,1.6355932203389831,39.83050847457627,60.01461857160489,8.768450211463886,67.87239165054801,0.9106771325207652,9.0,5,top,2024
317,0.4416403785488959,0.8359821107694765,73.81703470031546,15.141955835962145,11.041009463722396,1.6867469879518073,42.168674698795186,64.29808235797432,9.518952342341136,72.93382850754803,0.8832061927674273,9.0,5,top,2025
212,0.6179245283018868,1.3177814539926673,67.9245283018868,16.037735849056602,16.037735849056602,1.9264705882352942,50.0,53.9062085472132,14.018319754673591,66.15354015772911,1.7709881441576703,9.5,5,top,2021
146,0.6643835616438356,1.424515824279641,65.06849315068493,17.80821917808219,17.123287671232877,1.9019607843137254,49.01960784313725,51.45906433657562,13.609428814109314,64.21633080692499,0.8521623437599435,9.5,5,top,2022
278,0.4712230215827338,0.8782302677713424,73.38129496402878,14.388489208633093,12.23021582733813,1.7702702702702702,45.94594594594595,62.42383442623377,10.957460537795004,71.20125001204921,2.180044951979565,9.5,5,top,2023
110,0.7545454545454545,1.8933277731442872,65.45454545454545,11.818181818181818,22.727272727272727,2.1842105263157894,65.78947368421053,47.022430448122506,18.43211500642295,63.13179766267161,2.322747791873847,9.5,5,top,2024
129,0.43410852713178294,0.6850775193798451,73.64341085271317,13.178294573643413,13.178294573643413,1.6470588235294117,50.0,64.78419432420777,8.859216528505398,70.993325495675,2.650085357038179,9.5,5,top,2025
113,0.39823008849557523,0.7953539823008849,77.87610619469027,11.504424778761061,10.619469026548673,1.8,48.0,67.15075037343009,10.725355821260186,75.86263380330634,2.0134723913839303,7.0,5,bottom,2021
278,0.460431654676259,0.8341687660701764,74.10071942446042,12.949640287769784,12.949640287769784,1.7777777777777777,50.0,63.10112077730382,10.999598647156606,71.38429188736099,2.7164275370994417,7.0,5,bottom,2022
96,0.3854166666666667,0.7656798245614036,79.16666666666666,9.375,11.458333333333332,1.85,55.00000000000001,68.01671741648617,11.14994925018049,76.4792608420734,2.6874058245932586,7.0,5,bottom,2023
86,0.6395348837209303,1.480300957592339,70.93023255813954,10.465116279069768,18.6046511627907,2.2,64.0,52.753773337756115,18.17645922038342,66.47980406522612,4.450428492913416,7.0,5,bottom,2024
82,0.45121951219512196,0.8926528154170431,76.82926829268293,8.536585365853659,14.634146341463413,1.9473684210526316,63.1578947368421,63.685103026571475,13.144165266111452,73.00324466412734,3.826023628555597,7.0,5,bottom,2025
269,0.4423791821561338,1.0983465571769409,75.8364312267658,13.011152416356877,11.152416356877323,1.8307692307692307,46.15384615384615,64.25059624640497,11.585834980360833,76.23833066884409,-0.40189944207829065,7.5,5,bottom,2021
478,0.4874476987447699,1.1308693630869362,75.10460251046025,12.343096234309623,12.552301255230125,1.9579831932773109,50.42016806722689,61.419199839618386,13.685402670841862,73.28793612199533,1.816666388464916,7.5,5,bottom,2022
275,0.5054545454545455,1.192488387524884,75.63636363636364,10.181818181818182,14.181818181818182,2.074626865671642,58.2089552238806,60.32313170471094,15.313231931652693,72.67396784739874,2.962395788964889,7.5,5,bottom,2023
366,0.5765027322404371,1.3242682835541582,70.76502732240438,14.754098360655737,14.48087431693989,1.97196261682243,49.532710280373834,56.185990909185904,14.579036413218471,69.09882016054596,1.6662071618584129,7.5,5,bottom,2024
224,0.5357142857142857,0.9762972453555414,68.75,17.410714285714285,13.839285714285715,1.7142857142857142,44.285714285714285,58.525110430741236,10.224889569258766,67.64206611025668,1.1079338897433177,7.5,5,bottom,2025
363,0.6694214876033058,1.4705264599789962,65.56473829201101,17.90633608815427,16.528925619834713,1.944,48.0,51.20046931872433,14.364268973286688,64.38988036390705,1.1748579281039562,8.0,5,bottom,2021
443,0.435665914221219,0.9839739333830424,74.7178329571106,15.349887133182843,9.932279909706546,1.7232142857142858,39.285714285714285,64.68337878115729,10.034454175953321,75.42522248618894,-0.7073895290783394,8.0,5,bottom,2022
372,0.5349462365591398,1.074247166913022,71.7741935483871,13.709677419354838,14.516129032258066,1.8952380952380952,51.42857142857142,58.570077858749414,13.204115689637685,69.0763489267363,2.6978446216508023,8.0,5,bottom,2023
589,0.45161290322580644,0.9657669519420672,75.38200339558574,13.582342954159593,11.03565365025467,1.8344827586206895,44.827586206896555,63.6600548054484,11.721948590137343,73.96969334540152,1.4123100501842178,8.0,5,bottom,2024
379,0.49076517150395776,1.0177716351858832,72.29551451187335,16.094986807387862,11.609498680738787,1.7714285714285714,41.904761904761905,61.21578092218066,11.079733589692687,71.65194447977979,0.6435700320935656,8.0,5,bottom,2025
526,0.5855513307984791,1.1460003621220352,67.30038022813687,18.631178707224336,14.068441064638785,1.7906976744186047,43.02325581395349,55.67987968475078,11.620500543386104,66.3122015260979,0.9881787020389887,8.5,5,bottom,2021
505,0.5584158415841585,1.2153308187961653,71.68316831683168,13.663366336633665,14.653465346534652,1.972027972027972,51.74825174825175,57.21146666142486,14.471701655406822,69.13231897489295,2.5508493419387324,8.5,5,bottom,2022
628,0.5461783439490446,1.1222660734058654,69.42675159235668,16.719745222929934,13.853503184713375,1.7864583333333333,45.3125,57.91589326785282,11.51085832450386,68.87242131926675,0.5543302730899313,8.5,5,bottom,2023
733,0.45702592087312416,0.972535951512983,75.44338335607094,12.96043656207367,11.596180081855389,1.8611111111111112,47.22222222222222,63.316392768821274,12.126990587249665,73.6404216453231,1.8029617107478413,8.5,5,bottom,2024
478,0.4372384937238494,0.8545433014920659,73.64016736401673,16.317991631799163,10.0418410041841,1.6587301587301588,38.095238095238095,64.58173896481739,9.058428399199347,73.56625090224021,0.07391646177652422,8.5,5,bottom,2025
383,0.4516971279373368,0.8189958033163369,71.80156657963447,18.79895561357702,9.39947780678851,1.6018518518518519,33.33333333333333,63.654693281485976,8.146873298148494,71.85262156729233,-0.05105498765786143,9.0,5,bottom,2021
268,0.5298507462686567,1.0515400525462573,71.26865671641791,15.298507462686567,13.432835820895523,1.844155844155844,46.75324675324675,58.86928277227743,12.399373944140478,69.15294580254567,2.1157109138722374,9.0,5,bottom,2022
493,0.6004056795131846,1.4517884529758076,69.5740365111562,16.43002028397566,13.995943204868155,1.9733333333333334,46.0,54.858903961113505,14.715132550042686,68.80792572814319,0.7661107830129965,9.0,5,bottom,2023
378,0.5317460317460317,1.3531009220664394,72.75132275132276,15.608465608465607,11.64021164021164,1.9514563106796117,42.71844660194174,58.75781434119216,13.993508410130595,72.50401836956915,0.24730438175359915,9.0,5,bottom,2024
317,0.555205047318612,1.2857085812402667,73.18611987381703,10.410094637223976,16.40378548895899,2.070588235294118,61.1764705882353,57.3954561286026,15.790663745214427,70.1634753265118,3.022644547305231,9.0,5,bottom,2025
212,0.589622641509434,1.3236832692479654,72.16981132075472,10.377358490566039,17.452830188679243,2.1186440677966103,62.71186440677966,55.45365043148638,16.716160889268338,68.18128562442953,3.9885256963251847,9.5,5,bottom,2021
146,0.589041095890411,1.292017005196032,70.54794520547945,15.068493150684931,14.383561643835616,2.0,48.837209302325576,55.48590863785381,15.062036567625647,67.8627302739175,2.6852149315619522,9.5,5,bottom,2022
278,0.5899280575539568,1.2752772511232893,69.06474820143885,15.827338129496402,15.107913669064748,1.9069767441860466,48.837209302325576,55.436716582983394,13.628031618455461,67.60647311001445,1.4582750914243992,9.5,5,bottom,2023
110,0.509090909090909,0.8393661384487076,70.0,16.363636363636363,13.636363636363635,1.696969696969697,45.45454545454545,60.10417320977931,9.895826790220685,67.54501130172902,2.4549886982709768,9.5,5,bottom,2024
129,0.6511627906976745,1.213299418604651,65.11627906976744,17.05426356589147,17.829457364341085,1.8666666666666667,51.11111111111111,52.14390995756884,12.972369112198612,62.536303052524275,2.5799760172431685,9.5,5,bottom,2025
113,0.24778761061946902,0.6344816687737043,85.84070796460178,8.849557522123893,5.3097345132743365,1.75,37.5,78.05257010449499,7.788137860106781,86.13198790954091,-0.2912799449391379,7.0,6,top,2021
278,0.4136690647482014,0.8715814352128406,76.2589928057554,13.66906474820144,10.071942446043165,1.7424242424242424,42.42424242424242,66.12197359819496,10.13701920756045,75.69200033831982,0.5669924674355897,7.0,6,top,2022
96,0.4375,1.006578947368421,77.08333333333334,12.5,10.416666666666668,1.9090909090909092,45.45454545454545,64.5648526427892,12.51848069054413,75.55919006181891,1.524143271514422,7.0,6,top,2023
86,0.4069767441860465,0.9265389876880982,77.90697674418605,11.627906976744185,10.465116279069768,1.8421052631578947,47.368421052631575,66.56596705789725,11.341009686288794,76.93058265546313,0.9763940887229317,7.0,6,top,2024
82,0.4146341463414634,0.7148449262270402,75.60975609756098,12.195121951219512,12.195121951219512,1.7,50.0,66.05819128108577,9.55156481647521,73.20435889251317,2.40539720504781,7.0,6,top,2025
269,0.49814126394052044,0.9748099650446649,73.60594795539033,12.639405204460965,13.754646840148698,1.8873239436619718,52.112676056338024,60.76590885217963,12.84003910321071,70.50428280753759,3.10166514785275,7.5,6,top,2021
477,0.4360587002096436,0.8010499797403239,74.63312368972747,13.836477987421384,11.530398322851152,1.71900826446281,45.45454545454545,64.65797704533762,9.975146644389843,72.84602578668236,1.7870979030451095,7.5,6,top,2022
275,0.39636363636363636,0.8605706702057068,78.54545454545455,10.909090909090908,10.545454545454545,1.847457627118644,49.152542372881356,67.27620107206903,11.26925347338551,76.92211747354129,1.6233370719132445,7.5,6,top,2023
366,0.43989071038251365,0.8881577962422339,76.22950819672131,11.748633879781421,12.021857923497267,1.8505747126436782,50.57471264367817,64.41068114236455,11.818827054356762,73.83761305746556,2.391895139255751,7.5,6,top,2024
224,0.42857142857142855,0.8737988468930175,75.89285714285714,13.392857142857142,10.714285714285714,1.7777777777777777,44.44444444444444,65.14390575310556,10.748951389751582,74.53588661287662,1.3569705299805168,7.5,6,top,2025
363,0.4380165289256198,0.7772247842564266,73.00275482093664,17.079889807162534,9.917355371900827,1.6224489795918366,36.734693877551024,64.53151164035819,8.471243180578448,72.29897905121076,0.7037757697258784,8.0,6,top,2021
443,0.45598194130925507,1.017854406912965,77.42663656884876,9.706546275395034,12.866817155756207,2.02,56.99999999999999,63.38252830499722,14.044108263851541,74.29341981299008,3.133216755858681,8.0,6,top,2022
372,0.44623655913978494,0.8084224560183173,72.58064516129032,17.20430107526882,10.21505376344086,1.6274509803921569,37.254901960784316,64.0032348650226,8.577410296267718,72.12956205278958,0.4510831085007383,8.0,6,top,2023
588,0.45068027210884354,0.9191988550104879,75.0,12.925170068027212,12.074829931972788,1.8027210884353742,48.29931972789115,63.71945384785972,11.28054615214028,73.41883115794894,1.5811688420510617,8.0,6,top,2024
379,0.45118733509234826,1.0048861526434085,74.40633245382587,15.8311345646438,9.762532981530343,1.7628865979381443,38.144329896907216,63.687152261645764,10.7191801921801,74.49796188316036,-0.09162942933449436,8.0,6,top,2025
526,0.5038022813688213,1.096175991309071,73.57414448669202,12.737642585551331,13.688212927756654,1.9064748201438848,51.798561151079134,60.42288383450239,13.151260652189622,71.67018706254522,1.903957424146796,8.5,6,top,2021
505,0.46732673267326735,0.9121247839069622,74.65346534653466,12.673267326732674,12.673267326732674,1.84375,50.0,62.66753016620282,11.98593518033183,72.01087877619786,2.6425865703367912,8.5,6,top,2022
627,0.5311004784688995,1.1887277007505694,72.40829346092504,13.875598086124402,13.716108452950559,1.9248554913294798,49.71098265895954,58.79575788676963,13.612535574155416,70.78143813195015,1.6268553289748855,8.5,6,top,2023
733,0.47885402455661663,1.0121888488806388,73.39699863574351,14.733969986357435,11.869031377899045,1.8,44.61538461538462,61.949290884482735,11.447707751260783,72.48445447951076,0.912544156232753,8.5,6,top,2024
478,0.5690376569037657,1.319123180968922,70.0836820083682,16.317991631799163,13.598326359832635,1.902097902097902,45.45454545454545,56.60699301529887,13.476688993069331,69.561848271839,0.5218337365291981,8.5,6,top,2025
383,0.5404699738903395,1.0657662706929314,69.71279373368147,16.971279373368144,13.315926892950392,1.7844827586206897,43.96551724137931,58.247444025804555,11.465349707876914,68.55146954437409,1.1613241893073778,9.0,6,top,2021
268,0.44029850746268656,0.6218905472636815,70.52238805970148,18.65671641791045,10.820895522388058,1.4936708860759493,36.708860759493675,64.38442000963329,6.137968050068199,69.16709582701796,1.3552922326835248,9.0,6,top,2022
493,0.49290060851926976,0.8073681953858078,70.79107505070994,15.212981744421908,13.995943204868155,1.6875,47.91666666666667,61.08519795315354,9.705877097556403,68.30096829675792,2.490106753952026,9.0,6,top,2023
378,0.48148148148148145,0.8975341389134492,72.22222222222221,14.814814814814813,12.962962962962962,1.7333333333333334,46.666666666666664,61.78673543839127,10.43548678383095,70.67949255404457,1.5427296681776559,9.0,6,top,2024
317,0.4384858044164038,1.2216787126143036,77.28706624605678,12.933753943217665,9.779179810725552,1.9305555555555556,43.05555555555556,64.50123568799894,12.785830558057832,77.75967653964805,-0.47261029359126905,9.0,6,top,2025
211,0.5071090047393365,1.0035206499661475,72.98578199052133,12.322274881516588,14.691943127962084,1.8771929824561404,54.385964912280706,60.22341205317243,12.762369937348893,70.21678177862327,2.769000211898054,9.5,6,top,2021
146,0.6917808219178082,1.2353802550779402,63.6986301369863,16.43835616438356,19.863013698630137,1.9056603773584906,54.71698113207547,50.068364626770126,13.630265510216176,60.020307121963015,3.678323015023288,9.5,6,top,2022
278,0.5935251798561151,1.3468171311326387,68.70503597122301,17.62589928057554,13.66906474820144,1.896551724137931,43.67816091954023,55.23766215959235,13.467373811630667,68.16790128903276,0.5371346821902545,9.5,6,top,2023
110,0.6181818181818182,1.2106755629691408,69.0909090909091,12.727272727272727,18.181818181818183,2.0,58.82352941176471,53.892340809379334,15.198568281529756,64.82191133816141,4.268997752747672,9.5,6,top,2024
129,0.40310077519379844,0.6643653100775193,74.4186046511628,15.503875968992247,10.077519379844961,1.5757575757575757,39.39393939393939,66.82447534356875,7.594129307594033,73.28982779259844,1.1287768585643398,9.5,6,top,2025
113,0.5575221238938053,1.641750948166877,70.79646017699115,17.699115044247787,11.504424778761061,1.9090909090909092,39.39393939393939,57.26262041637425,13.533839760616907,73.37233057386483,-2.5758703968736807,7.0,6,bottom,2021
278,0.35611510791366907,0.6777783549333818,78.41726618705036,13.309352517985612,8.273381294964029,1.65,38.333333333333336,70.0391994933749,8.378066693675468,77.59008878029638,0.8271774067539761,7.0,6,bottom,2022
96,0.4791666666666667,0.7574561403508772,69.79166666666666,18.75,11.458333333333332,1.5862068965517242,37.93103448275862,61.929925954768485,7.86174071189818,68.53667409789432,1.2549925687723396,7.0,6,bottom,2023
86,0.5465116279069767,1.0036935704514365,69.76744186046511,16.27906976744186,13.953488372093023,1.8076923076923077,46.15384615384615,57.89659404595652,11.8708478145086,67.22469233055376,2.542749529911359,7.0,6,bottom,2024
82,0.524390243902439,1.091990364348088,70.73170731707317,15.853658536585366,13.414634146341465,1.7916666666666667,45.83333333333333,59.191617885051905,11.540089432021261,70.09148447855415,0.6402228385190112,7.0,6,bottom,2025
269,0.4684014869888476,1.1006769128336016,74.34944237918215,13.011152416356877,12.639405204460965,1.826086956521739,49.275362318840585,62.600214148280045,11.749228230902109,74.34441431835504,0.005028060827116931,7.5,6,bottom,2021
477,0.49056603773584906,1.1916124940542254,73.79454926624737,14.675052410901468,11.530398322851152,1.872,44.0,61.227972265117145,12.56657700113023,73.73727697057336,0.057272295674015705,7.5,6,bottom,2022
275,0.5454545454545454,1.2342402123424019,73.81818181818181,10.545454545454545,15.636363636363637,2.0833333333333335,59.72222222222222,57.95782787848095,15.860353939700866,70.27695303629726,3.5412287818845534,7.5,6,bottom,2023
366,0.48633879781420764,0.9792649150385508,71.31147540983606,17.48633879781421,11.202185792349727,1.6952380952380952,39.04761904761905,61.48734542384281,9.824129985993258,71.47388177913967,-0.16240636930360264,7.5,6,bottom,2024
224,0.38392857142857145,0.7129244074311338,78.125,11.160714285714286,10.714285714285714,1.7551020408163265,48.97959183673469,68.11800811619672,10.006991883803284,75.78298634672849,2.342013653271513,7.5,6,bottom,2025
363,0.4931129476584022,0.9743999512959833,72.72727272727273,14.87603305785124,12.396694214876034,1.8080808080808082,45.45454545454545,61.072228551810916,11.655044175461814,70.88555531667753,1.8417174105952006,8.0,6,bottom,2021
443,0.46952595936794583,0.9600420824693828,72.00902934537245,16.478555304740404,11.512415349887133,1.6774193548387097,41.12903225806452,62.5298614987633,9.47916784660915,72.50901695361324,-0.4999876082407817,8.0,6,bottom,2022
372,0.5752688172043011,1.0697910326638267,67.47311827956989,18.010752688172044,14.516129032258066,1.7685950413223142,44.62809917355372,56.25536243867383,11.21775584089606,66.02352870667592,1.4495895728939723,8.0,6,bottom,2023
588,0.477891156462585,0.9790674361737881,73.80952380952381,13.945578231292515,12.244897959183673,1.8246753246753247,46.75324675324675,62.00896860639978,11.80055520312403,72.1208260594473,1.6886977500765177,8.0,6,bottom,2024
378,0.5132275132275133,1.0780739056601123,72.75132275132276,14.550264550264549,12.698412698412698,1.883495145631068,46.601941747572816,59.85605956601462,12.895263185308137,70.7432768923242,2.008045858998553,8.0,6,bottom,2025
526,0.5437262357414449,1.040941517291327,69.3916349809886,16.53992395437262,14.068441064638785,1.7763975155279503,45.962732919254655,58.05808356683777,11.333551414150822,67.96711250353215,1.4245224774564358,8.5,6,bottom,2021
505,0.5069306930693069,1.182987584472733,73.66336633663366,13.663366336633665,12.673267326732674,1.9248120300751879,48.1203007518797,60.234151547810676,13.429214788822986,72.46128238513417,1.2020839514994885,8.5,6,bottom,2022
627,0.47368421052631576,0.933411804271061,72.88676236044657,15.311004784688995,11.802232854864434,1.7470588235294118,43.529411764705884,62.27038648477501,10.616375875671558,71.81643012773151,1.0703322327150544,8.5,6,bottom,2023
733,0.5852660300136425,1.431585892246103,71.48703956343793,13.506139154160982,15.006821282401091,2.0526315789473686,52.63157894736842,55.69576746441468,15.791272099023246,69.62648976207367,1.860549801364253,8.5,6,bottom,2024
478,0.5418410041841004,1.0370297272878783,69.8744769874477,16.527196652719663,13.598326359832635,1.7986111111111112,45.13888888888889,58.16763973506195,11.70683725238575,68.05394108224309,1.8205359052046122,8.5,6,bottom,2025
382,0.581151832460733,1.1469404020832474,67.5392670157068,19.10994764397906,13.350785340314136,1.7903225806451613,41.12903225806452,55.92538287231451,11.613884143392294,66.64307205862924,0.8961949570775674,9.0,6,bottom,2021
267,0.5543071161048689,0.9697840105882682,67.79026217228464,17.60299625468165,14.606741573033707,1.7209302325581395,45.348837209302324,57.44701644553214,10.343245726752503,66.12272245422129,1.6675397180633489,9.0,6,bottom,2022
493,0.48073022312373226,1.1810303599993404,74.64503042596348,14.198782961460447,11.156186612576064,1.896,44.0,61.83317068003513,12.811859745928356,74.33270300395999,0.31232742200349994,9.0,6,bottom,2023
378,0.49206349206349204,1.0251357837564734,73.54497354497354,13.227513227513226,13.227513227513226,1.86,50.0,61.13635478669075,12.408618758282797,71.64998073077298,1.894992814200569,9.0,6,bottom,2024
317,0.6561514195583596,1.7959509643413327,70.34700315457413,13.564668769716087,16.08832807570978,2.2127659574468086,54.25531914893617,51.88443110342051,18.462572051153614,68.3632948276321,1.9837083269420241,9.0,6,bottom,2025
211,0.5260663507109005,1.1171744527194765,70.61611374407583,17.061611374407583,12.322274881516588,1.7903225806451613,41.935483870967744,59.09248950939067,11.523624234685158,70.2857063915989,0.33040735247693576,9.5,6,bottom,2021
146,0.4863013698630137,0.7894662257912141,69.17808219178082,19.863013698630137,10.95890410958904,1.5777777777777777,35.55555555555556,61.48964681227424,7.688435379506586,68.52545496295875,0.6526272288220669,9.5,6,bottom,2022
278,0.5683453237410072,1.0259979741838299,67.26618705035972,18.345323741007196,14.388489208633093,1.7362637362637363,43.956043956043956,56.646197483518165,10.619989566841548,65.90756354612961,1.3586235042301054,9.5,6,bottom,2023
110,0.7454545454545455,1.2740617180984153,61.81818181818181,15.454545454545453,22.727272727272727,1.9523809523809523,59.523809523809526,47.45185606571276,14.366325752469056,56.92452683513118,4.893654983050633,9.5,6,bottom,2024
129,0.5116279069767442,1.1111918604651163,72.86821705426357,14.728682170542637,12.4031007751938,1.8857142857142857,45.714285714285715,59.95188231194237,12.91633474232119,71.27571299906332,1.59250405520025,9.5,6,bottom,2025
113,0.4424778761061947,1.123893805309734,78.76106194690266,8.849557522123893,12.389380530973451,2.0833333333333335,58.333333333333336,64.24425541417368,14.516806532728976,76.50359472918497,2.25746721771769,7.0,7,top,2021
278,0.38489208633093525,0.7574604576266786,76.97841726618705,13.66906474820144,9.352517985611511,1.671875,40.625,68.05240700915466,8.92601025703238,76.3994732577484,0.5789440084386532,7.0,7,top,2022
96,0.3541666666666667,0.5048245614035088,77.08333333333334,11.458333333333332,11.458333333333332,1.5454545454545454,50.0,70.175799794189,6.907533539144339,74.44565810014933,2.6376752331840114,7.0,7,top,2023
86,0.5465116279069767,1.074281805745554,69.76744186046511,15.11627906976744,15.11627906976744,1.8076923076923077,50.0,57.89659404595652,11.8708478145086,68.21694154191299,1.5505003185521282,7.0,7,top,2024
82,0.3048780487804878,0.584914182475158,82.92682926829268,8.536585365853659,8.536585365853659,1.7857142857142858,50.0,73.72132729675748,9.205501971535202,80.55210330674265,2.3747259615500282,7.0,7,top,2025
269,0.5427509293680297,1.234173001165178,71.00371747211895,15.241635687732341,13.754646840148698,1.8717948717948718,47.43589743589743,58.114735607826375,12.888981864292582,70.46877838655992,0.5349390855590386,7.5,7,top,2021
476,0.39915966386554624,0.6908624502432552,75.0,15.336134453781513,9.663865546218489,1.596638655462185,38.655462184873954,67.0883576936499,7.911642306350098,74.10888975683109,0.8911102431689133,7.5,7,top,2022
275,0.45454545454545453,1.088254810882548,75.63636363636364,14.909090909090908,9.454545454545455,1.8656716417910448,38.80597014925373,63.47364189402819,12.162721742335448,75.22854766399547,0.407815972368164,7.5,7,top,2023
366,0.4371584699453552,1.074122314544502,78.14207650273224,9.836065573770492,12.021857923497267,2.0,55.00000000000001,64.58690724638105,13.555169256351196,76.35971260992306,1.782363892809169,7.5,7,top,2024
224,0.4107142857142857,0.7005124919923128,75.0,14.285714285714285,10.714285714285714,1.6428571428571428,42.857142857142854,66.31763835015961,8.682361649840386,73.28737835958164,1.7126216404183658,7.5,7,top,2025
363,0.47107438016528924,0.9404593397561755,74.10468319559229,12.947658402203857,12.947658402203857,1.8191489361702127,50.0,62.43311388310393,11.671569312488362,72.11914818999847,1.9855350055938192,8.0,7,top,2021
443,0.46952595936794583,1.0143407250033196,75.39503386004515,12.415349887133182,12.18961625282167,1.908256880733945,49.54128440366973,62.5298614987633,12.86517236128184,73.22133236372733,2.1737014963178147,8.0,7,top,2022
372,0.48655913978494625,1.0645088832855116,74.19354838709677,13.440860215053762,12.365591397849462,1.8854166666666667,47.91666666666667,61.47379867349028,12.719749713606499,72.56439744817563,1.6291509389211423,8.0,7,top,2023
588,0.45408163265306123,0.8241230052498001,72.78911564625851,15.816326530612246,11.394557823129253,1.66875,41.875,63.503089187350305,9.286026458908204,71.74012241740618,1.048993228852324,8.0,7,top,2024
378,0.41005291005291006,0.8632408459994668,76.45502645502646,13.756613756613756,9.788359788359788,1.7415730337078652,41.57303370786517,66.36151372953903,10.09351272548743,75.86667122348267,0.5883552315437912,8.0,7,top,2025
526,0.4296577946768061,0.8588520731486511,76.04562737642586,12.927756653992395,11.02661596958175,1.7936507936507937,46.03174603174603,65.07317404914276,10.972453327283082,74.2371379239094,1.8084894525164485,8.5,7,top,2021
504,0.4503968253968254,0.8524054088169396,74.8015873015873,12.698412698412698,12.5,1.7874015748031495,49.60629921259843,63.73751747746175,11.064069824125555,72.4765530595807,2.3250342420066072,8.5,7,top,2022
627,0.48165869218500795,1.1382413338021207,74.8006379585327,12.440191387559809,12.759170653907494,1.9113924050632911,50.63291139240506,61.775787137642325,13.024850820890377,73.79557595122628,1.005062007306412,8.5,7,top,2023
733,0.4392905866302865,0.9461044140779342,75.7162346521146,13.77899045020464,10.504774897680765,1.8089887640449438,43.258426966292134,64.44934712304146,11.266887529073145,74.66799298631427,1.0482416658003202,8.5,7,top,2024
477,0.44234800838574423,0.9824885929214453,75.8909853249476,12.578616352201259,11.530398322851152,1.8347826086956522,47.82608695652174,64.25259921095956,11.63838611398803,74.89514236317105,0.9958429617765385,8.5,7,top,2025
382,0.49476439790575916,0.891048632010004,71.20418848167539,16.49214659685864,12.30366492146597,1.7181818181818183,42.72727272727273,60.9714540398122,10.23273444186319,69.52984797814146,1.674340503533922,9.0,7,top,2021
266,0.5037593984962406,0.9603631720811464,71.80451127819549,15.789473684210526,12.406015037593985,1.7866666666666666,44.0,60.425474996888674,11.37903628130682,69.86540565336222,1.9391056248332705,9.0,7,top,2022
493,0.513184584178499,1.0796022361846336,72.41379310344827,13.793103448275861,13.793103448275861,1.8602941176470589,50.0,59.858629184884784,12.555163918563494,70.76593937536741,1.6478537280808725,9.0,7,top,2023
378,0.5634920634920635,1.3076291524567387,72.22222222222221,13.756613756613756,14.02116402116402,2.0285714285714285,50.476190476190474,56.92178442866762,15.3004377935546,69.8232154303656,2.3990067918566282,9.0,7,top,2024
317,0.5110410094637224,0.9532004951483448,69.71608832807571,17.981072555205046,12.302839116719243,1.6875,40.625,59.98707824976614,9.729010078309564,69.19796808789933,0.5181202401763785,9.0,7,top,2025
211,0.3981042654028436,0.8598059128864816,78.67298578199052,10.42654028436019,10.90047393364929,1.8666666666666667,51.11111111111111,67.15920002009051,11.513785761900019,76.77330418591345,1.899681596077074,9.5,7,top,2021
146,0.5616438356164384,1.268587623996221,68.4931506849315,18.493150684931507,13.013698630136986,1.7826086956521738,41.30434782608695,57.02708613818104,11.466064546750465,69.51926310653876,-1.0261124216072615,9.5,7,top,2022
277,0.49097472924187724,1.120389263851829,73.6462093862816,14.801444043321299,11.552346570397113,1.8630136986301369,43.83561643835616,61.20295402564029,12.443255360641302,72.90759991359769,0.7386094726839043,9.5,7,top,2023
110,0.6,1.2880733944954128,69.0909090909091,15.454545454545453,15.454545454545453,1.9411764705882353,50.0,54.88116360940264,14.209745481506452,67.05139335957716,2.039515731331931,9.5,7,top,2024
129,0.6666666666666666,1.7239583333333335,71.31782945736434,11.627906976744185,17.05426356589147,2.324324324324324,59.45945945945946,51.3417119032592,19.976117554105144,67.07356229525506,4.244267162109283,9.5,7,top,2025
110,0.4727272727272727,0.8753961634695584,72.72727272727273,15.454545454545453,11.818181818181818,1.7333333333333334,43.333333333333336,62.33000389188903,10.397268835383699,71.03822357459501,1.689049152677724,7.0,7,bottom,2021
278,0.49640287769784175,1.1750772667064904,74.46043165467626,13.309352517985612,12.23021582733813,1.943661971830986,47.88732394366197,60.87163534226472,13.588796312411544,73.13450007978753,1.325931574888739,7.0,7,bottom,2022
96,0.5833333333333334,1.3824561403508773,70.83333333333334,13.541666666666666,15.625,2.0,53.57142857142857,55.80351457700471,15.029818756328627,69.25206506301852,1.5812682703148173,7.0,7,bottom,2023
86,0.5465116279069767,0.9801641586867307,69.76744186046511,12.790697674418606,17.441860465116278,1.8076923076923077,57.692307692307686,57.89659404595652,11.8708478145086,66.87540345005308,2.8920384104120345,7.0,7,bottom,2024
82,0.4268292682926829,0.9143330322192111,78.04878048780488,9.75609756097561,12.195121951219512,1.9444444444444444,55.55555555555556,65.25749579541088,12.791284692394001,75.22447954063779,2.824300947167091,7.0,7,bottom,2025
269,0.5799256505576208,1.251983576541086,71.00371747211895,13.382899628252787,15.613382899628252,2.0,53.84615384615385,55.99399962442977,15.009717847689185,68.037008276464,2.9667091956549596,7.5,7,bottom,2021
476,0.5168067226890757,0.9870853604599736,70.58823529411765,16.596638655462183,12.815126050420167,1.7571428571428571,43.57142857142857,59.6422051344892,10.94603015962845,69.24593630894182,1.3422989851758271,7.5,7,bottom,2022
275,0.4763636363636364,0.812395487723955,70.18181818181817,17.81818181818182,12.0,1.5975609756097562,40.243902439024396,62.10376093242104,8.07805724939714,69.7342187916826,0.447599390135589,7.5,7,bottom,2023
366,0.4262295081967213,0.88632382663373,77.04918032786885,11.748633879781421,11.202185792349727,1.8571428571428572,48.80952380952381,65.29664637665596,11.752533951212897,74.89547093143581,2.1537093964330345,7.5,7,bottom,2024
224,0.45535714285714285,0.832078795643818,74.55357142857143,12.053571428571429,13.392857142857142,1.7894736842105263,52.63157894736842,63.422141984567304,11.131429444004127,71.76236636750781,2.7912050610636174,7.5,7,bottom,2025
363,0.46831955922865015,0.9623913672130647,73.00275482093664,15.426997245179063,11.570247933884298,1.7346938775510203,42.857142857142854,62.60534305371009,10.397411767226561,72.6341569655091,0.36859785542754375,8.0,7,bottom,2021
443,0.44469525959367945,0.921708221402817,75.62076749435666,12.641083521444695,11.738148984198645,1.8240740740740742,48.148148148148145,64.10195908412226,11.518808410234405,73.92250604879717,1.698261445559479,8.0,7,bottom,2022
372,0.45698924731182794,1.0574442802075184,76.0752688172043,12.096774193548388,11.827956989247312,1.9101123595505618,49.43820224719101,63.31871484901176,12.756553968192542,74.69267121467887,1.382597602525426,8.0,7,bottom,2023
588,0.4370748299319728,0.9278905770144513,76.0204081632653,13.095238095238097,10.884353741496598,1.822695035460993,45.39007092198582,64.5923095220875,11.428098641177797,74.60168469188578,1.4187234713795238,8.0,7,bottom,2024
378,0.47883597883597884,1.2210363072432038,74.60317460317461,14.02116402116402,11.375661375661375,1.8854166666666667,44.79166666666667,61.950408814166636,12.652765789007969,74.88748762282323,-0.28431301964862987,8.0,7,bottom,2025
525,0.46095238095238095,0.943605961468557,73.71428571428571,15.80952380952381,10.476190476190476,1.7536231884057971,39.85507246376812,63.06827091929673,10.646014794988979,72.95081841896527,0.7634672953204413,8.5,7,bottom,2021
504,0.4583333333333333,0.8889165009940357,73.01587301587301,15.476190476190476,11.507936507936508,1.6985294117647058,42.64705882352941,63.233666218624975,9.782206797248039,72.3851090154969,0.6307640003761161,8.5,7,bottom,2022
627,0.529505582137161,1.1185369756077679,71.45135566188198,15.311004784688995,13.237639553429027,1.8547486033519553,46.36871508379888,58.88960584433328,12.561749817548694,70.04971100459152,1.4016446572904684,8.5,7,bottom,2023
733,0.4679399727148704,1.0225363242606549,74.62482946793997,13.369713506139155,12.005457025920874,1.8440860215053763,47.31182795698925,62.629111708468834,11.995717759471136,73.44493215337121,1.1798973145687564,8.5,7,bottom,2024
476,0.4831932773109244,1.0418222025652366,74.78991596638656,12.394957983193278,12.815126050420167,1.9166666666666667,50.83333333333333,61.68105963585663,13.108856330529928,72.53429686915915,2.2556190972274015,8.5,7,bottom,2025
382,0.5602094240837696,1.4963653103571475,72.5130890052356,13.612565445026178,13.874345549738221,2.038095238095238,50.476190476190474,57.10894514392743,15.404143861308173,71.938010766799,0.5750782384365993,9.0,7,bottom,2021
266,0.43609022556390975,1.0242020144701376,75.56390977443608,14.661654135338345,9.774436090225564,1.7846153846153847,40.0,64.65593871183489,10.907971062601195,75.87405800273294,-0.3101482282968471,9.0,7,bottom,2022
493,0.5780933062880325,1.329763023796567,71.6024340770791,13.793103448275861,14.60446247464503,2.0357142857142856,51.42857142857142,56.096693965733934,15.505740111345167,69.04853768763202,2.5538963894470856,9.0,7,bottom,2023
378,0.5529100529100529,1.2027633924185646,72.22222222222221,13.227513227513226,14.550264550264549,1.9904761904761905,52.38095238095239,57.52732964610563,14.694892576116592,69.37744260353452,2.8447796186876984,9.0,7,bottom,2024
316,0.6708860759493671,1.74530841872614,70.56962025316456,12.341772151898734,17.088607594936708,2.2795698924731185,58.06451612903226,51.12553659423911,19.44408365892545,66.99741451002934,3.572205743135215,9.0,7,bottom,2025
211,0.5023696682464455,0.9749943579327465,73.45971563981043,12.322274881516588,14.218009478672986,1.8928571428571428,53.57142857142857,60.50950848576599,12.950207154044435,70.18159228647075,3.2781233533396903,9.5,7,bottom,2021
146,0.3904109589041096,0.6396315540859706,75.34246575342466,15.068493150684931,9.58904109589041,1.5833333333333333,38.88888888888889,67.6778689112297,7.664596842194971,73.93845588044465,1.4040098729800055,9.5,7,bottom,2022
277,0.5126353790613718,0.9826296238162506,71.84115523465704,14.079422382671481,14.079422382671481,1.8205128205128205,50.0,59.89151287945745,11.949642355199586,69.50179666215917,2.339358572497874,9.5,7,bottom,2023
110,0.6272727272727273,1.648790658882402,70.9090909090909,12.727272727272727,16.363636363636363,2.15625,56.25,53.40463066157387,17.504460247517038,68.9184171685672,1.9906737405237074,9.5,7,bottom,2024
129,0.6124031007751938,1.3173449612403103,65.11627906976744,18.6046511627907,16.27906976744186,1.7555555555555555,46.666666666666664,54.20467098204968,10.911608087717772,66.53033946213812,-1.414060392370664,9.5,7,bottom,2025
109,0.3944954128440367,0.8707101597009852,76.14678899082568,14.678899082568808,9.174311926605505,1.6538461538461537,38.46153846153847,67.40200553205585,8.744783458769835,77.20333602619311,-1.0565470353674278,7.0,8,top,2021
278,0.38489208633093525,0.6202763421032127,75.53956834532374,14.388489208633093,10.071942446043165,1.5735294117647058,41.17647058823529,68.05240700915466,7.487161336169068,74.05716524729169,1.482403098032048,7.0,8,top,2022
96,0.4166666666666667,0.8771929824561402,71.875,21.875,6.25,1.4814814814814814,22.22222222222222,65.92406302004437,5.950936979955623,75.52985008238929,-3.6548500823892827,7.0,8,top,2023
86,0.3023255813953488,0.613406292749658,81.3953488372093,11.627906976744185,6.976744186046512,1.625,37.5,73.90973893525951,7.485609901949786,81.23027351806888,0.1650753191404175,7.0,8,top,2024
82,0.3902439024390244,0.6112616681722374,74.39024390243902,15.853658536585366,9.75609756097561,1.5238095238095237,38.095238095238095,67.68917588119942,6.7010680212396085,73.40270835357559,0.9875355488634385,7.0,8,top,2025
268,0.417910447761194,0.7160825088042931,74.25373134328358,15.298507462686567,10.44776119402985,1.6231884057971016,40.57971014492754,65.84211888763087,8.411612455652707,72.94724911849273,1.3064822247908392,7.5,8,top,2021
476,0.42857142857142855,1.0201503759398498,76.68067226890757,12.815126050420167,10.504201680672269,1.837837837837838,45.04504504504504,65.14390575310556,11.536766515802011,76.3942171277089,0.28645514119867155,7.5,8,top,2022
275,0.52,1.148321167883212,74.18181818181819,10.181818181818182,15.636363636363637,2.0140845070422535,60.56338028169014,59.452054797019436,14.729763384798744,71.11032773389417,3.071490447924019,7.5,8,top,2023
366,0.4262295081967213,0.9356388951268808,78.14207650273224,9.836065573770492,12.021857923497267,1.95,55.00000000000001,65.29664637665596,12.845430126076284,75.54797105389525,2.594105448836992,7.5,8,top,2024
224,0.27232142857142855,0.5219210442024343,81.69642857142857,12.053571428571429,6.25,1.4878048780487805,34.146341463414636,76.16094187148342,5.535486699945158,82.42503117810023,-0.7286026066716578,7.5,8,top,2025
363,0.4931129476584022,1.1677701170418398,74.10468319559229,13.774104683195592,12.121212121212121,1.9042553191489362,46.808510638297875,61.072228551810916,13.032454643781378,73.29166020110388,0.8130229944884104,8.0,8,top,2021
443,0.435665914221219,0.8799015351929973,75.16930022573364,14.221218961625281,10.609480812641085,1.7545454545454546,42.72727272727273,64.68337878115729,10.485921444576352,74.05687656128973,1.1124236644439067,8.0,8,top,2022
372,0.5026881720430108,0.9676477407761644,72.04301075268818,13.440860215053762,14.516129032258066,1.7980769230769231,51.92307692307693,60.49023904644266,11.552771706245512,70.05266710744482,1.9903436452433532,8.0,8,top,2023
588,0.4642857142857143,1.022572402044293,73.80952380952381,14.285714285714285,11.904761904761903,1.7727272727272727,45.45454545454545,62.858393339862516,10.951130469661297,73.7222865350475,0.08723727447631502,8.0,8,top,2024
378,0.5343915343915344,1.1141987004055969,74.07407407407408,10.052910052910052,15.873015873015872,2.061224489795918,61.224489795918366,58.60257582040607,15.471498253668003,69.63556788020455,4.438506193869529,8.0,8,top,2025
524,0.4732824427480916,1.0222293579320711,74.61832061068702,12.977099236641221,12.404580152671755,1.8646616541353382,48.87218045112782,62.29540974603559,12.322910864651437,73.03610386345734,1.5822167472296922,8.5,8,top,2021
504,0.37103174603174605,0.7666343210577803,79.36507936507937,10.119047619047619,10.515873015873016,1.7980769230769231,50.96153846153846,69.00220357496272,10.362875790116643,77.68236397964276,1.6827153854366061,8.5,8,top,2022
627,0.46570972886762363,1.0479437047454536,75.27910685805422,12.440191387559809,12.280701754385964,1.8838709677419354,49.67741935483871,62.76894577358579,12.510161084468429,73.92562612502788,1.3534807330263465,8.5,8,top,2023
732,0.48360655737704916,1.0243546904083782,73.224043715847,14.617486338797814,12.158469945355192,1.8061224489795917,45.40816326530612,61.65557335030133,11.568470365545668,72.28064871675761,0.9433949990893864,8.5,8,top,2024
475,0.4063157894736842,0.8197912502775928,76.84210526315789,12.842105263157894,10.31578947368421,1.7545454545454546,44.54545454545455,66.60997869075295,10.232126572404932,75.55855158739779,1.2835536757601074,8.5,8,top,2025
380,0.5578947368421052,1.1021802527426747,68.94736842105263,17.63157894736842,13.421052631578947,1.7966101694915255,43.22033898305085,57.24128759724265,11.706080823809984,67.74939970002801,1.1979687210246226,9.0,8,top,2021
266,0.5225563909774437,1.352319477940133,74.06015037593986,13.533834586466165,12.406015037593985,2.0144927536231885,47.82608695652174,59.30026619871068,14.759884177229166,73.13147409918051,0.9286762767593437,9.0,8,top,2022
493,0.45233265720081134,1.0043288972443476,75.25354969574036,13.590263691683571,11.156186612576064,1.8278688524590163,45.08196721311475,63.614251713409274,11.639297982331087,74.40386603989602,0.8496836558443466,9.0,8,top,2023
378,0.42063492063492064,0.8119868637110016,75.13227513227513,14.550264550264549,10.317460317460316,1.6914893617021276,41.48936170212766,65.66297796387639,9.469297168398738,74.27761003984945,0.8546650924256771,9.0,8,top,2024
316,0.509493670886076,1.0380048221820373,71.51898734177216,16.139240506329113,12.341772151898734,1.788888888888889,43.333333333333336,60.07997041938714,11.439016922385015,70.50203495017949,1.0169523915926626,9.0,8,top,2025
210,0.5333333333333333,1.1400318979266348,70.95238095238095,16.19047619047619,12.857142857142856,1.8360655737704918,44.26229508196721,58.664621951003184,12.287759001377774,70.03597452056361,0.9164064318173404,9.5,8,top,2021
145,0.496551724137931,0.9183908045977012,71.72413793103448,14.482758620689657,13.793103448275861,1.7560975609756098,48.78048780487805,60.86257549032169,10.861562440712792,69.80756640368749,1.9165715273469885,9.5,8,top,2022
277,0.48375451263537905,1.1781771569089103,74.72924187725631,14.079422382671481,11.191335740072201,1.9142857142857144,44.285714285714285,61.64645175882916,13.082790118427157,74.0835488200967,0.6456930571596131,9.5,8,top,2023
110,0.5454545454545454,1.0942452043369475,70.0,14.545454545454545,15.454545454545453,1.8181818181818181,51.515151515151516,57.95782787848095,12.042172121519046,68.56161838423264,1.438381615767348,9.5,8,top,2024
129,0.5658914728682171,1.2944525193798446,73.64341085271317,10.077519379844961,16.27906976744186,2.1470588235294117,61.76470588235294,56.78536948849228,16.8580413642209,69.51031948340258,4.133091369310593,9.5,8,top,2025
109,0.5779816513761468,1.13506625891947,69.72477064220183,12.844036697247708,17.431192660550458,1.9090909090909092,57.57575757575758,56.102957786842445,13.621812855359394,66.71670737052668,3.0080632716751654,7.0,8,bottom,2021
278,0.4352517985611511,0.9253954237332156,75.17985611510791,13.66906474820144,11.151079136690647,1.7536231884057971,44.927536231884055,64.71017072835623,10.469685386751681,74.71112821742206,0.46872789768585,7.0,8,bottom,2022
96,0.4479166666666667,0.649890350877193,66.66666666666666,27.083333333333332,6.25,1.34375,18.75,63.89579283073995,2.7708738359267127,69.09283839028708,-2.4261717236204183,7.0,8,bottom,2023
86,0.3488372093023256,0.6533515731874145,80.23255813953489,9.30232558139535,10.465116279069768,1.7647058823529411,52.94117647058824,70.55079710570182,9.68176103383307,77.82090179758941,2.4116563419454673,7.0,8,bottom,2024
82,0.5487804878048781,0.9420355314664257,67.07317073170732,18.29268292682927,14.634146341463413,1.6666666666666667,44.44444444444444,57.76538369074336,9.307787040963955,66.11311189440381,0.9600588373035013,7.0,8,bottom,2025
268,0.5,1.4569288389513109,76.11940298507463,11.567164179104477,12.313432835820896,2.09375,51.5625,60.653065971263345,15.466337013811282,75.62345432118187,0.4959486638927535,7.5,8,bottom,2021
475,0.3873684210526316,0.7568021319120587,77.05263157894737,13.263157894736842,9.68421052631579,1.688073394495413,42.201834862385326,67.88409495528515,9.168536623662217,76.18352212309485,0.8691094558525236,7.5,8,bottom,2022
275,0.56,1.1305109489051095,69.81818181818183,16.727272727272727,13.454545454545455,1.855421686746988,44.57831325301205,57.120906384881486,12.697275433300337,67.9671552770695,1.8510265411123328,7.5,8,bottom,2023
365,0.5123287671232877,1.1186662652416077,72.6027397260274,15.068493150684931,12.32876712328767,1.87,45.0,59.9098791478109,12.692860578216504,71.31530059313188,1.2874391328955181,7.5,8,bottom,2024
224,0.4955357142857143,1.1479620435618194,75.0,12.053571428571429,12.946428571428573,1.9821428571428572,51.78571428571429,60.924443890781234,14.075556109218768,72.8919133628729,2.1080866371271045,7.5,8,bottom,2025
363,0.5922865013774105,1.496293928739936,71.34986225895317,12.947658402203857,15.702479338842975,2.0673076923076925,54.807692307692314,55.30612625667136,16.043736002281804,69.79338023800537,1.5564820209477914,8.0,8,bottom,2021
442,0.6085972850678733,1.3317173023055375,69.45701357466064,14.027149321266968,16.515837104072396,1.9925925925925927,54.074074074074076,54.41135702530424,15.04565654935639,66.95853560701126,2.4984779676493707,8.0,8,bottom,2022
372,0.489247311827957,1.1939541489145873,74.73118279569893,12.365591397849462,12.903225806451612,1.9361702127659575,51.06382978723404,61.308768440726915,13.422414354972013,73.85746441614864,0.8737183795502812,8.0,8,bottom,2023
588,0.45068027210884354,0.990749110547115,75.85034013605441,12.925170068027212,11.224489795918368,1.8661971830985915,46.478873239436616,63.71945384785972,12.130886288194699,74.36054535630082,1.4897947797535949,8.0,8,bottom,2024
378,0.4074074074074074,0.7566558601041359,75.92592592592592,13.492063492063492,10.582010582010582,1.6923076923076923,43.956043956043956,66.53730571622695,9.388620209698972,74.51083314356232,1.4150927823636028,8.0,8,bottom,2025
524,0.5038167938931297,1.2064863602527989,74.80916030534351,12.595419847328243,12.595419847328243,2.0,50.0,60.42200695229486,14.387153353048653,72.94580919441937,1.8633511109241496,8.5,8,bottom,2021
504,0.5376984126984127,1.1596098015084098,71.82539682539682,13.492063492063492,14.682539682539684,1.908450704225352,52.112676056338024,58.40910430338775,13.416292522009076,69.95723620451034,1.8681606208864943,8.5,8,bottom,2022
627,0.5023923444976076,1.256783404925325,75.11961722488039,11.323763955342903,13.556618819776714,2.019230769230769,54.48717948717948,60.508136372511125,14.611480852369263,73.58132948361492,1.538287741265465,8.5,8,bottom,2023
732,0.46311475409836067,0.9192942522033594,74.31693989071039,13.661202185792352,12.021857923497267,1.803191489361702,46.808510638297875,62.93204112680254,11.384898763907847,72.44421777818151,1.8727221125288795,8.5,8,bottom,2024
475,0.5263157894736842,1.1612258494337109,72.84210526315789,12.210526315789473,14.947368421052632,1.937984496124031,55.03875968992248,59.07775139012317,13.764353873034729,70.80407381145241,2.038031451705491,8.5,8,bottom,2025
379,0.45646437994722955,0.8783906409236225,75.72559366754618,11.081794195250659,13.192612137203167,1.8804347826086956,54.347826086956516,63.351957499232256,12.373636168313917,72.37918472578224,3.346408941763934,9.0,8,bottom,2021
266,0.6353383458646616,1.5004823379202723,68.796992481203,15.789473684210526,15.413533834586465,2.036144578313253,49.39759036144578,52.97562171660953,15.821370764593478,66.96718643990967,1.829806041293347,9.0,8,bottom,2022
493,0.6105476673427992,1.4496446181500353,70.38539553752535,13.590263691683571,16.024340770791078,2.0616438356164384,54.109589041095894,54.30533750191514,16.08005803561021,68.10290588270593,2.2824896548194307,9.0,8,bottom,2023
378,0.48677248677248675,0.9189227120261603,72.22222222222221,14.550264550264549,13.227513227513226,1.7523809523809524,47.61904761904761,61.46068482268065,10.761537399541577,70.5822208661294,1.640001356092824,9.0,8,bottom,2024
316,0.5221518987341772,1.970936307012256,77.84810126582279,10.759493670886076,11.39240506329114,2.357142857142857,51.42857142857142,59.324257548241974,18.523843717580814,77.88241363320643,-0.03431236738363763,9.0,8,bottom,2025
210,0.6285714285714286,2.100615174299385,74.76190476190476,11.428571428571429,13.80952380952381,2.490566037735849,54.71698113207547,53.33531901568119,21.42658574622357,72.33668905617462,2.425215705730144,9.5,8,bottom,2021
145,0.4413793103448276,1.1232758620689656,79.3103448275862,8.275862068965518,12.413793103448276,2.1333333333333333,60.0,64.3148707342208,14.995474093365402,76.57730655718257,2.7330382704036427,9.5,8,bottom,2022
277,0.555956678700361,1.1463140271019725,70.3971119133574,14.801444043321299,14.801444043321299,1.8780487804878048,50.0,57.352332111319136,13.044779802038263,68.46434630404758,1.9327656093098278,9.5,8,bottom,2023
110,0.5909090909090909,1.2898248540450372,71.81818181818181,11.818181818181818,16.363636363636363,2.096774193548387,58.06451612903226,55.38235798307587,16.435823835105946,67.70689203621207,4.111289781969751,9.5,8,bottom,2024
129,0.5116279069767442,1.017441860465116,72.86821705426357,12.4031007751938,14.728682170542637,1.8857142857142857,54.285714285714285,59.95188231194237,12.91633474232119,70.06401146878021,2.8042055854833547,9.5,8,bottom,2025
109,0.5321100917431193,1.2697927285083248,73.39449541284404,14.678899082568808,11.926605504587156,2.0,44.827586206896555,58.73642686487275,14.658068547971293,71.61717917036265,1.777316242481397,7.0,9,top,2021
278,0.539568345323741,1.3251434953120536,74.82014388489209,10.071942446043165,15.107913669064748,2.142857142857143,60.0,58.299985268052644,16.520158616839442,71.67799692889236,3.142146955999736,7.0,9,top,2022
96,0.3854166666666667,0.618311403508772,77.08333333333334,10.416666666666668,12.5,1.6818181818181819,54.54545454545454,68.01671741648617,9.066615916847166,73.97235010530777,3.1109832280255656,7.0,9,top,2023
86,0.313953488372093,0.8061559507523941,84.88372093023256,6.976744186046512,8.13953488372093,2.076923076923077,53.84615384615385,73.05530065788312,11.828420272349426,82.79119615044728,2.0925247797852764,7.0,9,top,2024
82,0.4024390243902439,1.3792532369768145,80.48780487804879,13.414634146341465,6.097560975609756,2.0625,31.25,66.86871112874337,13.61909374930541,81.52776674115876,-1.0399618631099727,7.0,9,top,2025
268,0.43656716417910446,0.8386578344233886,74.6268656716418,14.925373134328357,10.44776119402985,1.7205882352941178,41.17647058823529,64.62510915045013,10.001756521191673,73.3846233603704,1.242242311271391,7.5,9,top,2021
475,0.4442105263157895,0.8423451032644903,74.31578947368422,14.105263157894738,11.578947368421053,1.7295081967213115,45.08196721311475,64.13303896898694,10.18275050469727,72.82272542216575,1.4930640515184668,7.5,9,top,2022
275,0.4763636363636364,0.9437823490378235,72.36363636363636,15.636363636363637,12.0,1.7236842105263157,43.42105263157895,62.10376093242104,10.259875431215326,71.7538030439441,0.6098333196922656,7.5,9,top,2023
365,0.4273972602739726,0.8717748005419238,75.61643835616438,13.972602739726028,10.41095890410959,1.752808988764045,42.69662921348314,65.22044058560728,10.39599777055711,74.60111088411875,1.0153274720456351,7.5,9,top,2024
224,0.42410714285714285,0.8731382126841769,75.44642857142857,12.946428571428573,11.607142857142858,1.7272727272727273,47.27272727272727,65.43537688204937,10.011051689379203,74.88232718586423,0.5641013855643418,7.5,9,top,2025
363,0.3526170798898072,0.604599485563825,77.68595041322314,13.774104683195592,8.539944903581267,1.5802469135802468,38.2716049382716,70.28462758288015,7.401322830342982,76.63961959533077,1.0463308178923603,8.0,9,top,2021
442,0.4321266968325792,0.9534326551133273,75.56561085972851,14.479638009049776,9.95475113122172,1.7685185185185186,40.74074074074074,64.91271291238034,10.652897947348162,75.31701447262189,0.24859638710661436,8.0,9,top,2022
372,0.49193548387096775,1.0430614729153986,72.04301075268818,16.129032258064516,11.827956989247312,1.7596153846153846,42.30769230769231,61.14418124187901,10.898829510809161,71.89130033825168,0.15171041443649003,8.0,9,top,2023
588,0.4387755102040816,0.924694920557661,75.34013605442176,13.945578231292515,10.714285714285714,1.7793103448275862,43.44827586206896,64.4825520132228,10.857584041198976,74.42623536686753,0.9139006875542366,8.0,9,top,2024
378,0.4576719576719577,1.0127924438269267,76.45502645502646,11.64021164021164,11.904761904761903,1.9438202247191012,50.56179775280899,63.27550125925541,13.179525195771047,74.1026805271368,2.352345927889654,8.0,9,top,2025
524,0.46946564885496184,1.014362237823479,75.57251908396947,11.83206106870229,12.595419847328243,1.921875,51.5625,62.533632820511144,13.038886263458327,73.22618862790044,2.3463304560690235,8.5,9,top,2021
503,0.45129224652087474,0.9931407570513177,75.3479125248509,12.72365805168986,11.928429423459244,1.8306451612903225,48.38709677419355,63.68047110199434,11.66744142285655,74.34376834148993,1.0041441833609555,8.5,9,top,2022
627,0.45773524720893144,0.9067571630208253,74.64114832535886,13.556618819776714,11.802232854864434,1.8050314465408805,46.540880503144656,63.27149670880334,11.36965161655551,72.68957284367286,1.9515754816859854,8.5,9,top,2023
732,0.45491803278688525,0.984284945392568,75.40983606557377,12.978142076502733,11.612021857923498,1.85,47.22222222222222,63.44999740113941,11.959838664434352,73.9540400919057,1.4557959736680726,8.5,9,top,2024
475,0.391578947368421,0.7999289362647124,77.6842105263158,12.842105263157894,9.473684210526317,1.7547169811320755,42.45283018867924,67.59886808605948,10.085342440256307,76.47313273706892,1.2110777892468727,8.5,9,top,2025
378,0.4947089947089947,1.0463910291496497,72.4867724867725,16.137566137566136,11.375661375661375,1.7980769230769231,41.34615384615385,60.97483214685548,11.511940339917004,71.72506002065842,0.7617124661140728,9.0,9,top,2021
266,0.5075187969924813,1.1188111788906228,72.55639097744361,15.789473684210526,11.654135338345863,1.8493150684931507,42.465753424657535,60.19873802141393,12.357652956029675,71.6711690564577,0.8852219209859014,9.0,9,top,2022
493,0.4847870182555781,1.0551542736522699,73.83367139959432,13.995943204868155,12.170385395537526,1.8527131782945736,46.51162790697674,61.58283429926682,12.250837100327505,72.58130186349884,1.2523695360954878,9.0,9,top,2023
377,0.5172413793103449,1.1758987527512836,73.47480106100795,12.73209549071618,13.793103448275861,1.95,52.0,59.61628688829711,13.858514172710844,71.63450412149079,1.840296939517161,9.0,9,top,2024
316,0.4936708860759494,1.0698010849909585,71.83544303797468,17.088607594936708,11.075949367088606,1.752808988764045,39.325842696629216,61.03816351323719,10.797279524737501,72.0981793728037,-0.2627363348290168,9.0,9,top,2025
210,0.6428571428571429,1.532125768967874,68.57142857142857,15.714285714285714,15.714285714285714,2.0454545454545454,50.0,52.578802442577974,15.992626128850596,66.79055844218709,1.7808701292414741,9.5,9,top,2021
145,0.4689655172413793,0.7646551724137931,70.34482758620689,19.310344827586206,10.344827586206897,1.5813953488372092,34.883720930232556,62.5649156893206,7.7799118968862935,69.51470522494222,0.8301223612646735,9.5,9,top,2022
277,0.48736462093862815,0.9246586093234971,72.20216606498195,15.884476534296029,11.913357400722022,1.7532467532467533,42.857142857142854,61.424302623957175,10.777863441024781,70.62036805836046,1.5817980066215043,9.5,9,top,2023
110,0.45454545454545453,0.9107589658048372,74.54545454545455,15.454545454545453,10.0,1.7857142857142858,39.285714285714285,63.47364189402819,11.07181265142636,72.9974894622465,1.547965083208036,9.5,9,top,2024
129,0.6124031007751938,1.3329699612403099,70.54263565891473,13.178294573643413,16.27906976744186,2.0789473684210527,55.26315789473685,54.20467098204968,16.337964676865056,66.71018704487943,3.8324486140353,9.5,9,top,2025
56,0.26785714285714285,0.5996753246753247,85.71428571428571,7.142857142857142,7.142857142857142,1.875,50.0,76.50170614485748,9.212579569428236,84.00756265058843,1.7067230636972908,7.0,9,bottom,2021
166,0.3433734939759036,0.6995618838992332,79.51807228915662,12.048192771084338,8.433734939759036,1.6764705882352942,41.17647058823529,70.93732154534253,8.580750743814104,79.01240388066714,0.5056684084894902,7.0,9,bottom,2022
50,0.32,0.5893877551020408,80.0,12.0,8.0,1.6,40.0,72.6149037073691,7.3850962926309105,79.28160229610235,0.7183977038976552,7.0,9,bottom,2023
47,0.3404255319148936,0.7511563367252542,82.97872340425532,6.382978723404255,10.638297872340425,2.0,62.5,71.14675062078237,11.831972783472944,79.98732692259426,2.991396481661057,7.0,9,bottom,2024
45,0.3333333333333333,0.3636363636363637,73.33333333333333,20.0,6.666666666666667,1.25,25.0,71.65313105737893,1.680202275954401,72.68452278682973,0.6488105465035976,7.0,9,bottom,2025
144,0.4444444444444444,0.6682206682206682,70.83333333333334,17.36111111111111,11.805555555555555,1.5238095238095237,40.476190476190474,64.11803884299546,6.715294490337875,69.77002029656808,1.0633130367652566,7.5,9,bottom,2021
253,0.3952569169960474,0.6209297948428383,74.70355731225297,14.624505928853754,10.67193675889328,1.5625,42.1875,67.35069816285606,7.352859149396906,73.1477463364967,1.5558109757562666,7.5,9,bottom,2022
145,0.4482758620689655,0.7768199233716476,72.41379310344827,17.24137931034483,10.344827586206897,1.625,37.5,63.872845877195736,8.540947226252538,71.44227112069484,0.9715219827534427,7.5,9,bottom,2023
201,0.40298507462686567,0.6917910447761193,75.12437810945273,14.925373134328357,9.950248756218906,1.62,40.0,66.8322074205452,8.292170688907529,73.79636336960134,1.328014739851402,7.5,9,bottom,2024
115,0.34782608695652173,0.47444698703279936,75.65217391304347,15.65217391304348,8.695652173913043,1.4285714285714286,35.714285714285715,70.62216866978063,5.030005243262837,74.33232046774295,1.3198534453005228,7.5,9,bottom,2025
188,0.4148936170212766,0.800204801456366,74.46808510638297,15.957446808510639,9.574468085106384,1.625,37.5,66.0410533407795,8.427031765603477,74.569101971279,-0.10101686489601969,8.0,9,bottom,2021
242,0.4214876033057851,0.742772881588423,74.3801652892562,14.46280991735537,11.15702479338843,1.6451612903225807,43.54838709677419,65.60701214438237,8.773153144873824,73.1033246439978,1.2768406452584036,8.0,9,bottom,2022
210,0.4380952380952381,0.7258145363408521,72.85714285714285,16.666666666666664,10.476190476190476,1.6140350877192982,38.59649122807017,64.52643261854818,8.330710238594675,71.40707941180119,1.450063445341665,8.0,9,bottom,2023
348,0.4367816091954023,0.8518996985657027,72.12643678160919,19.54022988505747,8.333333333333332,1.5670103092783505,29.896907216494846,64.61125210370551,7.515184677903686,73.56411469694002,-1.4376779153308261,8.0,9,bottom,2024
209,0.3875598086124402,0.6134983437615017,74.64114832535886,16.267942583732058,9.090909090909092,1.528301886792453,35.84905660377358,67.87110402719252,6.770044298166333,73.68692297527848,0.9542253500803732,8.0,9,bottom,2025
289,0.42560553633217996,0.8147587466359093,74.39446366782006,15.570934256055363,10.034602076124568,1.662162162162162,39.189189189189186,65.33740236081528,9.057061307004787,73.91399185484264,0.48047181297742325,8.5,9,bottom,2021
260,0.4307692307692308,0.7094743094743095,73.07692307692307,16.153846153846153,10.76923076923077,1.6,40.0,65.00088955209642,8.076033524826654,71.73419720083797,1.3427258760851046,8.5,9,bottom,2022
347,0.3659942363112392,0.700921190718129,76.94524495677233,14.985590778097983,8.069164265129682,1.5875,35.0,69.35067983555759,7.594565121214747,77.11485239605305,-0.16960743928071675,8.5,9,bottom,2023
400,0.37,0.6196491228070176,76.5,14.249999999999998,9.25,1.574468085106383,39.361702127659576,69.07343306373546,7.426566936264534,75.36953673046993,1.1304632695300687,8.5,9,bottom,2024
251,0.43824701195219123,0.8071713147410359,74.5019920318725,13.94422310756972,11.553784860557768,1.71875,45.3125,64.51663993614962,9.985352095722888,72.76351195429876,1.7384800775737452,8.5,9,bottom,2025
212,0.44339622641509435,0.627112581597067,70.75471698113208,17.92452830188679,11.320754716981133,1.5161290322580645,38.70967741935484,64.1852837648298,6.569433216302267,69.00622965504901,1.7484873260830591,9.0,9,bottom,2021
145,0.41379310344827586,0.7025862068965517,73.10344827586206,18.620689655172416,8.275862068965518,1.5384615384615385,30.76923076923077,66.11377242318554,6.989675852676536,73.06058403487748,0.042864240984585855,9.0,9,bottom,2022
270,0.4148148148148148,0.7269172518243149,75.92592592592592,11.851851851851853,12.222222222222221,1.7230769230769232,50.76923076923077,66.04625772655565,9.879668199370272,73.39714368013844,2.5287822457874864,9.0,9,bottom,2023
210,0.3761904761904762,0.7525404420141263,77.61904761904762,13.80952380952381,8.571428571428571,1.6808510638297873,38.297872340425535,68.64715641001115,8.971891209036475,77.04931091895386,0.5697367000937592,9.0,9,bottom,2024
165,0.41818181818181815,0.7325942350332595,73.93939393939394,16.363636363636363,9.696969696969697,1.6046511627906976,37.2093023255814,65.82425370828379,8.115140231110141,73.20931380992477,0.7300801294691794,9.0,9,bottom,2025
123,0.3008130081300813,0.4251632680261228,79.67479674796748,11.38211382113821,8.94308943089431,1.48,44.0,74.021617421289,5.653179326678481,77.74239353588682,1.9324032120806578,9.5,9,bottom,2021
96,0.4583333333333333,0.9666666666666668,73.95833333333334,16.666666666666664,9.375,1.76,36.0,63.233666218624975,10.724667114708364,73.46274881020646,0.4955845231268796,9.5,9,bottom,2022
161,0.35403726708074534,0.6926242236024845,77.63975155279503,14.906832298136646,7.453416149068323,1.5833333333333333,33.33333333333333,70.18488110117008,7.45487045162495,78.00237901962502,-0.36262746682999003,9.5,9,bottom,2023
58,0.29310344827586204,0.3862673926194797,77.58620689655173,17.24137931034483,5.172413793103448,1.3076923076923077,23.076923076923077,74.59449699846688,2.991709898084838,77.52940748152902,0.05679941502270136,9.5,9,bottom,2024
80,0.625,1.1234177215189873,63.74999999999999,21.25,15.0,1.7241379310344827,41.37931034482759,53.526142851899024,10.223857148100969,63.15595341062718,0.5940465893728208,9.5,9,bottom,2025
