event_id,matchup,start_time,sportsbook,market,updated_at,outcome_name,point,price
"e176f9d4e92b024e920cd73cf8ebbf44","Colorado Rockies @ Atlanta Braves","2026-08-30T17:36:00Z","fanatics","alternate_totals_1st_5_innings","2026-08-30T18:43:39Z","Over","3.5","200"
"e176f9d4e92b024e920cd73cf8ebbf44","Colorado Rockies @ Atlanta Braves","2026-08-30T17:36:00Z","fanatics","alternate_totals_1st_5_innings","2026-08-30T18:43:39Z","Under","3.5","-300"
"e176f9d4e92b024e920cd73cf8ebbf44","Colorado Rockies @ Atlanta Braves","2026-08-30T17:36:00Z","bovada","alternate_totals_1st_5_innings","2026-08-30T18:38:37Z","Over","4.5","500"
"e176f9d4e92b024e920cd73cf8ebbf44","Colorado Rockies @ Atlanta Braves","2026-08-30T17:36:00Z","bovada","alternate_totals_1st_5_innings","2026-08-30T18:38:37Z","Under","4.5","-900"
"e176f9d4e92b024e920cd73cf8ebbf44","Colorado Rockies @ Atlanta Braves","2026-08-30T17:36:00Z","pinnacle","alternate_totals_1st_5_innings","2026-08-30T18:40:57Z","Over","2.5","-202"
"e176f9d4e92b024e920cd73cf8ebbf44","Colorado Rockies @ Atlanta Braves","2026-08-30T17:36:00Z","pinnacle","alternate_totals_1st_5_innings","2026-08-30T18:40:57Z","Over","3.5","128"
"e176f9d4e92b024e920cd73cf8ebbf44","Colorado Rockies @ Atlanta Braves","2026-08-30T17:36:00Z","pinnacle","alternate_totals_1st_5_innings","2026-08-30T18:40:57Z","Over","4","202"
"e176f9d4e92b024e920cd73cf8ebbf44","Colorado Rockies @ Atlanta Braves","2026-08-30T17:36:00Z","pinnacle","alternate_totals_1st_5_innings","2026-08-30T18:40:57Z","Over","4.5","259"
"e176f9d4e92b024e920cd73cf8ebbf44","Colorado Rockies @ Atlanta Braves","2026-08-30T17:36:00Z","pinnacle","alternate_totals_1st_5_innings","2026-08-30T18:40:57Z","Under","2.5","161"
"e176f9d4e92b024e920cd73cf8ebbf44","Colorado Rockies @ Atlanta Braves","2026-08-30T17:36:00Z","pinnacle","alternate_totals_1st_5_innings","2026-08-30T18:40:57Z","Under","3.5","-159"
"e176f9d4e92b024e920cd73cf8ebbf44","Colorado Rockies @ Atlanta Braves","2026-08-30T17:36:00Z","pinnacle","alternate_totals_1st_5_innings","2026-08-30T18:40:57Z","Under","4","-271"
"e176f9d4e92b024e920cd73cf8ebbf44","Colorado Rockies @ Atlanta Braves","2026-08-30T17:36:00Z","pinnacle","alternate_totals_1st_5_innings","2026-08-30T18:40:57Z","Under","4.5","-342"
"e176f9d4e92b024e920cd73cf8ebbf44","Colorado Rockies @ Atlanta Braves","2026-08-30T17:36:00Z","fanatics","h2h_1st_5_innings","2026-08-30T18:43:39Z","Atlanta Braves","","-5000"
"e176f9d4e92b024e920cd73cf8ebbf44","Colorado Rockies @ Atlanta Braves","2026-08-30T17:36:00Z","fanatics","h2h_1st_5_innings","2026-08-30T18:43:39Z","Colorado Rockies","","1700"
"e176f9d4e92b024e920cd73cf8ebbf44","Colorado Rockies @ Atlanta Braves","2026-08-30T17:36:00Z","bovada","h2h_1st_5_innings","2026-08-30T18:38:37Z","Atlanta Braves","","-7500"
"e176f9d4e92b024e920cd73cf8ebbf44","Colorado Rockies @ Atlanta Braves","2026-08-30T17:36:00Z","bovada","h2h_1st_5_innings","2026-08-30T18:38:37Z","Colorado Rockies","","1600"
"e176f9d4e92b024e920cd73cf8ebbf44","Colorado Rockies @ Atlanta Braves","2026-08-30T17:36:00Z","bovada","spreads_1st_5_innings","2026-08-30T18:38:37Z","Atlanta Braves","-2.5","220"
"e176f9d4e92b024e920cd73cf8ebbf44","Colorado Rockies @ Atlanta Braves","2026-08-30T17:36:00Z","bovada","spreads_1st_5_innings","2026-08-30T18:38:37Z","Colorado Rockies","2.5","-300"
"e176f9d4e92b024e920cd73cf8ebbf44","Colorado Rockies @ Atlanta Braves","2026-08-30T17:36:00Z","pinnacle","spreads_1st_5_innings","2026-08-30T18:40:57Z","Atlanta Braves","-2.5","120"
"e176f9d4e92b024e920cd73cf8ebbf44","Colorado Rockies @ Atlanta Braves","2026-08-30T17:36:00Z","pinnacle","spreads_1st_5_innings","2026-08-30T18:40:57Z","Colorado Rockies","2.5","-148"
"e176f9d4e92b024e920cd73cf8ebbf44","Colorado Rockies @ Atlanta Braves","2026-08-30T17:36:00Z","bovada","totals_1st_5_innings","2026-08-30T18:38:37Z","Over","3.5","230"
"e176f9d4e92b024e920cd73cf8ebbf44","Colorado Rockies @ Atlanta Braves","2026-08-30T17:36:00Z","bovada","totals_1st_5_innings","2026-08-30T18:38:37Z","Under","3.5","-325"
"e176f9d4e92b024e920cd73cf8ebbf44","Colorado Rockies @ Atlanta Braves","2026-08-30T17:36:00Z","pinnacle","totals_1st_5_innings","2026-08-30T18:40:57Z","Over","3","-130"
"e176f9d4e92b024e920cd73cf8ebbf44","Colorado Rockies @ Atlanta Braves","2026-08-30T17:36:00Z","pinnacle","totals_1st_5_innings","2026-08-30T18:40:57Z","Under","3","102"
"75e7ebd9013ed49bf10e2b6864286236","Boston Red Sox @ New York Yankees","2026-08-30T17:36:00Z","fanduel","alternate_totals_1st_5_innings","2026-08-30T18:43:33Z","Over","0.5","-120"
"75e7ebd9013ed49bf10e2b6864286236","Boston Red Sox @ New York Yankees","2026-08-30T17:36:00Z","fanduel","alternate_totals_1st_5_innings","2026-08-30T18:43:33Z","Over","1.5","210"
"75e7ebd9013ed49bf10e2b6864286236","Boston Red Sox @ New York Yankees","2026-08-30T17:36:00Z","fanduel","alternate_totals_1st_5_innings","2026-08-30T18:43:33Z","Over","2.5","500"
"75e7ebd9013ed49bf10e2b6864286236","Boston Red Sox @ New York Yankees","2026-08-30T17:36:00Z","fanduel","alternate_totals_1st_5_innings","2026-08-30T18:43:33Z","Over","3.5","1000"
"75e7ebd9013ed49bf10e2b6864286236","Boston Red Sox @ New York Yankees","2026-08-30T17:36:00Z","fanduel","alternate_totals_1st_5_innings","2026-08-30T18:43:33Z","Under","0.5","-130"
"75e7ebd9013ed49bf10e2b6864286236","Boston Red Sox @ New York Yankees","2026-08-30T17:36:00Z","fanduel","alternate_totals_1st_5_innings","2026-08-30T18:43:33Z","Under","1.5","-330"
"75e7ebd9013ed49bf10e2b6864286236","Boston Red Sox @ New York Yankees","2026-08-30T17:36:00Z","fanduel","alternate_totals_1st_5_innings","2026-08-30T18:43:33Z","Under","2.5","-800"
"75e7ebd9013ed49bf10e2b6864286236","Boston Red Sox @ New York Yankees","2026-08-30T17:36:00Z","fanduel","alternate_totals_1st_5_innings","2026-08-30T18:43:33Z","Under","3.5","-2000"
"75e7ebd9013ed49bf10e2b6864286236","Boston Red Sox @ New York Yankees","2026-08-30T17:36:00Z","fanduel","alternate_totals_1st_5_innings","2026-08-30T18:43:33Z","Under","4.5","-7000"
"75e7ebd9013ed49bf10e2b6864286236","Boston Red Sox @ New York Yankees","2026-08-30T17:36:00Z","fanatics","alternate_totals_1st_5_innings","2026-08-30T18:48:21Z","Over","1.5","500"
"75e7ebd9013ed49bf10e2b6864286236","Boston Red Sox @ New York Yankees","2026-08-30T17:36:00Z","fanatics","alternate_totals_1st_5_innings","2026-08-30T18:48:21Z","Under","1.5","-900"
"75e7ebd9013ed49bf10e2b6864286236","Boston Red Sox @ New York Yankees","2026-08-30T17:36:00Z","bovada","alternate_totals_1st_5_innings","2026-08-30T18:45:45Z","Over","1.5","280"
"75e7ebd9013ed49bf10e2b6864286236","Boston Red Sox @ New York Yankees","2026-08-30T17:36:00Z","bovada","alternate_totals_1st_5_innings","2026-08-30T18:45:45Z","Over","2.5","650"
"75e7ebd9013ed49bf10e2b6864286236","Boston Red Sox @ New York Yankees","2026-08-30T17:36:00Z","bovada","alternate_totals_1st_5_innings","2026-08-30T18:45:45Z","Over","3.5","1200"
"75e7ebd9013ed49bf10e2b6864286236","Boston Red Sox @ New York Yankees","2026-08-30T17:36:00Z","bovada","alternate_totals_1st_5_innings","2026-08-30T18:45:45Z","Over","4.5","1800"
"75e7ebd9013ed49bf10e2b6864286236","Boston Red Sox @ New York Yankees","2026-08-30T17:36:00Z","bovada","alternate_totals_1st_5_innings","2026-08-30T18:45:45Z","Under","1.5","-410"
"75e7ebd9013ed49bf10e2b6864286236","Boston Red Sox @ New York Yankees","2026-08-30T17:36:00Z","bovada","alternate_totals_1st_5_innings","2026-08-30T18:45:45Z","Under","2.5","-1200"
"75e7ebd9013ed49bf10e2b6864286236","Boston Red Sox @ New York Yankees","2026-08-30T17:36:00Z","bovada","alternate_totals_1st_5_innings","2026-08-30T18:45:45Z","Under","3.5","-3333"
"75e7ebd9013ed49bf10e2b6864286236","Boston Red Sox @ New York Yankees","2026-08-30T17:36:00Z","bovada","alternate_totals_1st_5_innings","2026-08-30T18:45:45Z","Under","4.5","-20000"
"75e7ebd9013ed49bf10e2b6864286236","Boston Red Sox @ New York Yankees","2026-08-30T17:36:00Z","betmgm","alternate_totals_1st_5_innings","2026-08-30T18:42:34Z","Over","2.5","340"
"75e7ebd9013ed49bf10e2b6864286236","Boston Red Sox @ New York Yankees","2026-08-30T17:36:00Z","betmgm","alternate_totals_1st_5_innings","2026-08-30T18:42:34Z","Over","1.5","165"
"75e7ebd9013ed49bf10e2b6864286236","Boston Red Sox @ New York Yankees","2026-08-30T17:36:00Z","betmgm","alternate_totals_1st_5_innings","2026-08-30T18:42:34Z","Over","0.5","-150"
"75e7ebd9013ed49bf10e2b6864286236","Boston Red Sox @ New York Yankees","2026-08-30T17:36:00Z","betmgm","alternate_totals_1st_5_innings","2026-08-30T18:42:34Z","Under","2.5","-525"
"75e7ebd9013ed49bf10e2b6864286236","Boston Red Sox @ New York Yankees","2026-08-30T17:36:00Z","betmgm","alternate_totals_1st_5_innings","2026-08-30T18:42:34Z","Under","1.5","-225"
"75e7ebd9013ed49bf10e2b6864286236","Boston Red Sox @ New York Yankees","2026-08-30T17:36:00Z","betmgm","alternate_totals_1st_5_innings","2026-08-30T18:42:34Z","Under","0.5","110"
"75e7ebd9013ed49bf10e2b6864286236","Boston Red Sox @ New York Yankees","2026-08-30T17:36:00Z","pinnacle","alternate_totals_1st_5_innings","2026-08-30T18:40:16Z","Over","0.5","-276"
"75e7ebd9013ed49bf10e2b6864286236","Boston Red Sox @ New York Yankees","2026-08-30T17:36:00Z","pinnacle","alternate_totals_1st_5_innings","2026-08-30T18:40:16Z","Over","1","-182"
"75e7ebd9013ed49bf10e2b6864286236","Boston Red Sox @ New York Yankees","2026-08-30T17:36:00Z","pinnacle","alternate_totals_1st_5_innings","2026-08-30T18:40:16Z","Over","2","160"
"75e7ebd9013ed49bf10e2b6864286236","Boston Red Sox @ New York Yankees","2026-08-30T17:36:00Z","pinnacle","alternate_totals_1st_5_innings","2026-08-30T18:40:16Z","Over","2.5","214"
"75e7ebd9013ed49bf10e2b6864286236","Boston Red Sox @ New York Yankees","2026-08-30T17:36:00Z","pinnacle","alternate_totals_1st_5_innings","2026-08-30T18:40:16Z","Over","3","336"
"75e7ebd9013ed49bf10e2b6864286236","Boston Red Sox @ New York Yankees","2026-08-30T17:36:00Z","pinnacle","alternate_totals_1st_5_innings","2026-08-30T18:40:16Z","Under","0.5","214"
"75e7ebd9013ed49bf10e2b6864286236","Boston Red Sox @ New York Yankees","2026-08-30T17:36:00Z","pinnacle","alternate_totals_1st_5_innings","2026-08-30T18:40:16Z","Under","1","141"
"75e7ebd9013ed49bf10e2b6864286236","Boston Red Sox @ New York Yankees","2026-08-30T17:36:00Z","pinnacle","alternate_totals_1st_5_innings","2026-08-30T18:40:16Z","Under","2","-209"
"75e7ebd9013ed49bf10e2b6864286236","Boston Red Sox @ New York Yankees","2026-08-30T17:36:00Z","pinnacle","alternate_totals_1st_5_innings","2026-08-30T18:40:16Z","Under","2.5","-276"
"75e7ebd9013ed49bf10e2b6864286236","Boston Red Sox @ New York Yankees","2026-08-30T17:36:00Z","pinnacle","alternate_totals_1st_5_innings","2026-08-30T18:40:16Z","Under","3","-496"
"75e7ebd9013ed49bf10e2b6864286236","Boston Red Sox @ New York Yankees","2026-08-30T17:36:00Z","betrivers","alternate_totals_1st_5_innings","2026-08-30T18:42:58Z","Over","1.5","185"
"75e7ebd9013ed49bf10e2b6864286236","Boston Red Sox @ New York Yankees","2026-08-30T17:36:00Z","betrivers","alternate_totals_1st_5_innings","2026-08-30T18:42:58Z","Over","0.5","-141"
"75e7ebd9013ed49bf10e2b6864286236","Boston Red Sox @ New York Yankees","2026-08-30T17:36:00Z","betrivers","alternate_totals_1st_5_innings","2026-08-30T18:42:58Z","Under","1.5","-286"
"75e7ebd9013ed49bf10e2b6864286236","Boston Red Sox @ New York Yankees","2026-08-30T17:36:00Z","betrivers","alternate_totals_1st_5_innings","2026-08-30T18:42:58Z","Under","0.5","-104"
"75e7ebd9013ed49bf10e2b6864286236","Boston Red Sox @ New York Yankees","2026-08-30T17:36:00Z","fanduel","h2h_1st_5_innings","2026-08-30T18:43:33Z","Boston Red Sox","","124"
"75e7ebd9013ed49bf10e2b6864286236","Boston Red Sox @ New York Yankees","2026-08-30T17:36:00Z","fanduel","h2h_1st_5_innings","2026-08-30T18:43:33Z","New York Yankees","","-158"
"75e7ebd9013ed49bf10e2b6864286236","Boston Red Sox @ New York Yankees","2026-08-30T17:36:00Z","fanatics","h2h_1st_5_innings","2026-08-30T18:48:21Z","Boston Red Sox","","310"
"75e7ebd9013ed49bf10e2b6864286236","Boston Red Sox @ New York Yankees","2026-08-30T17:36:00Z","fanatics","h2h_1st_5_innings","2026-08-30T18:48:21Z","New York Yankees","","-450"
"75e7ebd9013ed49bf10e2b6864286236","Boston Red Sox @ New York Yankees","2026-08-30T17:36:00Z","bovada","h2h_1st_5_innings","2026-08-30T18:45:45Z","Boston Red Sox","","-130"
"75e7ebd9013ed49bf10e2b6864286236","Boston Red Sox @ New York Yankees","2026-08-30T17:36:00Z","bovada","h2h_1st_5_innings","2026-08-30T18:45:45Z","New York Yankees","","100"
"75e7ebd9013ed49bf10e2b6864286236","Boston Red Sox @ New York Yankees","2026-08-30T17:36:00Z","betmgm","h2h_1st_5_innings","2026-08-30T18:42:34Z","Boston Red Sox","","180"
"75e7ebd9013ed49bf10e2b6864286236","Boston Red Sox @ New York Yankees","2026-08-30T17:36:00Z","betmgm","h2h_1st_5_innings","2026-08-30T18:42:34Z","New York Yankees","","-250"
"75e7ebd9013ed49bf10e2b6864286236","Boston Red Sox @ New York Yankees","2026-08-30T17:36:00Z","betrivers","h2h_1st_5_innings","2026-08-30T18:42:58Z","Boston Red Sox","","110"
"75e7ebd9013ed49bf10e2b6864286236","Boston Red Sox @ New York Yankees","2026-08-30T17:36:00Z","betrivers","h2h_1st_5_innings","2026-08-30T18:42:58Z","New York Yankees","","-162"
"75e7ebd9013ed49bf10e2b6864286236","Boston Red Sox @ New York Yankees","2026-08-30T17:36:00Z","fanduel","spreads_1st_5_innings","2026-08-30T18:43:33Z","Boston Red Sox","0.5","-350"
"75e7ebd9013ed49bf10e2b6864286236","Boston Red Sox @ New York Yankees","2026-08-30T17:36:00Z","fanduel","spreads_1st_5_innings","2026-08-30T18:43:33Z","New York Yankees","-0.5","240"
"75e7ebd9013ed49bf10e2b6864286236","Boston Red Sox @ New York Yankees","2026-08-30T17:36:00Z","bovada","spreads_1st_5_innings","2026-08-30T18:45:45Z","Boston Red Sox","-0.5","290"
"75e7ebd9013ed49bf10e2b6864286236","Boston Red Sox @ New York Yankees","2026-08-30T17:36:00Z","bovada","spreads_1st_5_innings","2026-08-30T18:45:45Z","New York Yankees","0.5","-435"
"75e7ebd9013ed49bf10e2b6864286236","Boston Red Sox @ New York Yankees","2026-08-30T17:36:00Z","betmgm","spreads_1st_5_innings","2026-08-30T18:53:25Z","Boston Red Sox","0.5","-185"
"75e7ebd9013ed49bf10e2b6864286236","Boston Red Sox @ New York Yankees","2026-08-30T17:36:00Z","betmgm","spreads_1st_5_innings","2026-08-30T18:53:25Z","New York Yankees","-0.5","135"
"75e7ebd9013ed49bf10e2b6864286236","Boston Red Sox @ New York Yankees","2026-08-30T17:36:00Z","pinnacle","spreads_1st_5_innings","2026-08-30T18:40:16Z","Boston Red Sox","0","-125"
"75e7ebd9013ed49bf10e2b6864286236","Boston Red Sox @ New York Yankees","2026-08-30T17:36:00Z","pinnacle","spreads_1st_5_innings","2026-08-30T18:40:16Z","New York Yankees","0","-103"
"75e7ebd9013ed49bf10e2b6864286236","Boston Red Sox @ New York Yankees","2026-08-30T17:36:00Z","fanduel","totals_1st_5_innings","2026-08-30T18:43:33Z","Over","0.5","-110"
"75e7ebd9013ed49bf10e2b6864286236","Boston Red Sox @ New York Yankees","2026-08-30T17:36:00Z","fanduel","totals_1st_5_innings","2026-08-30T18:43:33Z","Under","0.5","-120"
"75e7ebd9013ed49bf10e2b6864286236","Boston Red Sox @ New York Yankees","2026-08-30T17:36:00Z","bovada","totals_1st_5_innings","2026-08-30T18:45:45Z","Over","0.5","115"
"75e7ebd9013ed49bf10e2b6864286236","Boston Red Sox @ New York Yankees","2026-08-30T17:36:00Z","bovada","totals_1st_5_innings","2026-08-30T18:45:45Z","Under","0.5","-150"
"75e7ebd9013ed49bf10e2b6864286236","Boston Red Sox @ New York Yankees","2026-08-30T17:36:00Z","betmgm","totals_1st_5_innings","2026-08-30T18:53:25Z","Over","0.5","135"
"75e7ebd9013ed49bf10e2b6864286236","Boston Red Sox @ New York Yankees","2026-08-30T17:36:00Z","betmgm","totals_1st_5_innings","2026-08-30T18:53:25Z","Under","0.5","-185"
"75e7ebd9013ed49bf10e2b6864286236","Boston Red Sox @ New York Yankees","2026-08-30T17:36:00Z","pinnacle","totals_1st_5_innings","2026-08-30T18:40:16Z","Over","1.5","103"
"75e7ebd9013ed49bf10e2b6864286236","Boston Red Sox @ New York Yankees","2026-08-30T17:36:00Z","pinnacle","totals_1st_5_innings","2026-08-30T18:40:16Z","Under","1.5","-127"
"d03e2aff6dbfcf8c397adbf517f2d0dd","Seattle Mariners @ Toronto Blue Jays","2026-08-30T17:38:00Z","fanduel","alternate_totals_1st_5_innings","2026-08-30T18:44:53Z","Over","2.5","-115"
"d03e2aff6dbfcf8c397adbf517f2d0dd","Seattle Mariners @ Toronto Blue Jays","2026-08-30T17:38:00Z","fanduel","alternate_totals_1st_5_innings","2026-08-30T18:44:53Z","Over","3.5","230"
"d03e2aff6dbfcf8c397adbf517f2d0dd","Seattle Mariners @ Toronto Blue Jays","2026-08-30T17:38:00Z","fanduel","alternate_totals_1st_5_innings","2026-08-30T18:44:53Z","Over","4.5","500"
"d03e2aff6dbfcf8c397adbf517f2d0dd","Seattle Mariners @ Toronto Blue Jays","2026-08-30T17:38:00Z","fanduel","alternate_totals_1st_5_innings","2026-08-30T18:44:53Z","Over","5.5","1000"
"d03e2aff6dbfcf8c397adbf517f2d0dd","Seattle Mariners @ Toronto Blue Jays","2026-08-30T17:38:00Z","fanduel","alternate_totals_1st_5_innings","2026-08-30T18:44:53Z","Under","2.5","-140"
"d03e2aff6dbfcf8c397adbf517f2d0dd","Seattle Mariners @ Toronto Blue Jays","2026-08-30T17:38:00Z","fanduel","alternate_totals_1st_5_innings","2026-08-30T18:44:53Z","Under","3.5","-360"
"d03e2aff6dbfcf8c397adbf517f2d0dd","Seattle Mariners @ Toronto Blue Jays","2026-08-30T17:38:00Z","fanduel","alternate_totals_1st_5_innings","2026-08-30T18:44:53Z","Under","4.5","-900"
"d03e2aff6dbfcf8c397adbf517f2d0dd","Seattle Mariners @ Toronto Blue Jays","2026-08-30T17:38:00Z","fanduel","alternate_totals_1st_5_innings","2026-08-30T18:44:53Z","Under","5.5","-2500"
"d03e2aff6dbfcf8c397adbf517f2d0dd","Seattle Mariners @ Toronto Blue Jays","2026-08-30T17:38:00Z","fanatics","alternate_totals_1st_5_innings","2026-08-30T18:49:44Z","Over","3.5","360"
"d03e2aff6dbfcf8c397adbf517f2d0dd","Seattle Mariners @ Toronto Blue Jays","2026-08-30T17:38:00Z","fanatics","alternate_totals_1st_5_innings","2026-08-30T18:49:44Z","Under","3.5","-600"
"d03e2aff6dbfcf8c397adbf517f2d0dd","Seattle Mariners @ Toronto Blue Jays","2026-08-30T17:38:00Z","bovada","alternate_totals_1st_5_innings","2026-08-30T18:45:29Z","Over","3.5","265"
"d03e2aff6dbfcf8c397adbf517f2d0dd","Seattle Mariners @ Toronto Blue Jays","2026-08-30T17:38:00Z","bovada","alternate_totals_1st_5_innings","2026-08-30T18:45:29Z","Over","4.5","600"
"d03e2aff6dbfcf8c397adbf517f2d0dd","Seattle Mariners @ Toronto Blue Jays","2026-08-30T17:38:00Z","bovada","alternate_totals_1st_5_innings","2026-08-30T18:45:29Z","Under","3.5","-385"
"d03e2aff6dbfcf8c397adbf517f2d0dd","Seattle Mariners @ Toronto Blue Jays","2026-08-30T17:38:00Z","bovada","alternate_totals_1st_5_innings","2026-08-30T18:45:29Z","Under","4.5","-1100"
"d03e2aff6dbfcf8c397adbf517f2d0dd","Seattle Mariners @ Toronto Blue Jays","2026-08-30T17:38:00Z","betmgm","alternate_totals_1st_5_innings","2026-08-30T18:44:23Z","Over","4.5","500"
"d03e2aff6dbfcf8c397adbf517f2d0dd","Seattle Mariners @ Toronto Blue Jays","2026-08-30T17:38:00Z","betmgm","alternate_totals_1st_5_innings","2026-08-30T18:44:23Z","Over","3.5","250"
"d03e2aff6dbfcf8c397adbf517f2d0dd","Seattle Mariners @ Toronto Blue Jays","2026-08-30T17:38:00Z","betmgm","alternate_totals_1st_5_innings","2026-08-30T18:44:23Z","Over","2.5","-105"
"d03e2aff6dbfcf8c397adbf517f2d0dd","Seattle Mariners @ Toronto Blue Jays","2026-08-30T17:38:00Z","betmgm","alternate_totals_1st_5_innings","2026-08-30T18:44:23Z","Under","4.5","-900"
"d03e2aff6dbfcf8c397adbf517f2d0dd","Seattle Mariners @ Toronto Blue Jays","2026-08-30T17:38:00Z","betmgm","alternate_totals_1st_5_innings","2026-08-30T18:44:23Z","Under","3.5","-350"
"d03e2aff6dbfcf8c397adbf517f2d0dd","Seattle Mariners @ Toronto Blue Jays","2026-08-30T17:38:00Z","betmgm","alternate_totals_1st_5_innings","2026-08-30T18:44:23Z","Under","2.5","-125"
"d03e2aff6dbfcf8c397adbf517f2d0dd","Seattle Mariners @ Toronto Blue Jays","2026-08-30T17:38:00Z","pinnacle","alternate_totals_1st_5_innings","2026-08-30T18:52:32Z","Over","2.5","-198"
"d03e2aff6dbfcf8c397adbf517f2d0dd","Seattle Mariners @ Toronto Blue Jays","2026-08-30T17:38:00Z","pinnacle","alternate_totals_1st_5_innings","2026-08-30T18:52:32Z","Over","3.5","144"
"d03e2aff6dbfcf8c397adbf517f2d0dd","Seattle Mariners @ Toronto Blue Jays","2026-08-30T17:38:00Z","pinnacle","alternate_totals_1st_5_innings","2026-08-30T18:52:32Z","Over","4","239"
"d03e2aff6dbfcf8c397adbf517f2d0dd","Seattle Mariners @ Toronto Blue Jays","2026-08-30T17:38:00Z","pinnacle","alternate_totals_1st_5_innings","2026-08-30T18:52:32Z","Over","4.5","304"
"d03e2aff6dbfcf8c397adbf517f2d0dd","Seattle Mariners @ Toronto Blue Jays","2026-08-30T17:38:00Z","pinnacle","alternate_totals_1st_5_innings","2026-08-30T18:52:32Z","Under","2.5","158"
"d03e2aff6dbfcf8c397adbf517f2d0dd","Seattle Mariners @ Toronto Blue Jays","2026-08-30T17:38:00Z","pinnacle","alternate_totals_1st_5_innings","2026-08-30T18:52:32Z","Under","3.5","-180"
"d03e2aff6dbfcf8c397adbf517f2d0dd","Seattle Mariners @ Toronto Blue Jays","2026-08-30T17:38:00Z","pinnacle","alternate_totals_1st_5_innings","2026-08-30T18:52:32Z","Under","4","-329"
"d03e2aff6dbfcf8c397adbf517f2d0dd","Seattle Mariners @ Toronto Blue Jays","2026-08-30T17:38:00Z","pinnacle","alternate_totals_1st_5_innings","2026-08-30T18:52:32Z","Under","4.5","-413"
"d03e2aff6dbfcf8c397adbf517f2d0dd","Seattle Mariners @ Toronto Blue Jays","2026-08-30T17:38:00Z","betrivers","alternate_totals_1st_5_innings","2026-08-30T18:45:09Z","Over","3.5","175"
"d03e2aff6dbfcf8c397adbf517f2d0dd","Seattle Mariners @ Toronto Blue Jays","2026-08-30T17:38:00Z","betrivers","alternate_totals_1st_5_innings","2026-08-30T18:45:09Z","Under","3.5","-315"
"d03e2aff6dbfcf8c397adbf517f2d0dd","Seattle Mariners @ Toronto Blue Jays","2026-08-30T17:38:00Z","fanduel","h2h_1st_5_innings","2026-08-30T18:44:53Z","Seattle Mariners","","1300"
"d03e2aff6dbfcf8c397adbf517f2d0dd","Seattle Mariners @ Toronto Blue Jays","2026-08-30T17:38:00Z","fanduel","h2h_1st_5_innings","2026-08-30T18:44:53Z","Toronto Blue Jays","","-5000"
"d03e2aff6dbfcf8c397adbf517f2d0dd","Seattle Mariners @ Toronto Blue Jays","2026-08-30T17:38:00Z","fanatics","h2h_1st_5_innings","2026-08-30T18:49:44Z","Seattle Mariners","","2200"
"d03e2aff6dbfcf8c397adbf517f2d0dd","Seattle Mariners @ Toronto Blue Jays","2026-08-30T17:38:00Z","fanatics","h2h_1st_5_innings","2026-08-30T18:49:44Z","Toronto Blue Jays","","-8000"
"d03e2aff6dbfcf8c397adbf517f2d0dd","Seattle Mariners @ Toronto Blue Jays","2026-08-30T17:38:00Z","williamhill_us","h2h_1st_5_innings","2026-08-30T18:42:46Z","Seattle Mariners","","1000"
"d03e2aff6dbfcf8c397adbf517f2d0dd","Seattle Mariners @ Toronto Blue Jays","2026-08-30T17:38:00Z","williamhill_us","h2h_1st_5_innings","2026-08-30T18:42:46Z","Toronto Blue Jays","","-7504"
"d03e2aff6dbfcf8c397adbf517f2d0dd","Seattle Mariners @ Toronto Blue Jays","2026-08-30T17:38:00Z","bovada","h2h_1st_5_innings","2026-08-30T18:45:29Z","Seattle Mariners","","1200"
"d03e2aff6dbfcf8c397adbf517f2d0dd","Seattle Mariners @ Toronto Blue Jays","2026-08-30T17:38:00Z","bovada","h2h_1st_5_innings","2026-08-30T18:45:29Z","Toronto Blue Jays","","-3300"
"d03e2aff6dbfcf8c397adbf517f2d0dd","Seattle Mariners @ Toronto Blue Jays","2026-08-30T17:38:00Z","betmgm","h2h_1st_5_innings","2026-08-30T18:44:23Z","Seattle Mariners","","1300"
"d03e2aff6dbfcf8c397adbf517f2d0dd","Seattle Mariners @ Toronto Blue Jays","2026-08-30T17:38:00Z","betmgm","h2h_1st_5_innings","2026-08-30T18:44:23Z","Toronto Blue Jays","","-10000"
"d03e2aff6dbfcf8c397adbf517f2d0dd","Seattle Mariners @ Toronto Blue Jays","2026-08-30T17:38:00Z","betrivers","h2h_1st_5_innings","2026-08-30T18:45:09Z","Seattle Mariners","","800"
"d03e2aff6dbfcf8c397adbf517f2d0dd","Seattle Mariners @ Toronto Blue Jays","2026-08-30T17:38:00Z","betrivers","h2h_1st_5_innings","2026-08-30T18:45:09Z","Toronto Blue Jays","","-10000"
"d03e2aff6dbfcf8c397adbf517f2d0dd","Seattle Mariners @ Toronto Blue Jays","2026-08-30T17:38:00Z","fanduel","spreads_1st_5_innings","2026-08-30T18:44:53Z","Seattle Mariners","2.5","-420"
"d03e2aff6dbfcf8c397adbf517f2d0dd","Seattle Mariners @ Toronto Blue Jays","2026-08-30T17:38:00Z","fanduel","spreads_1st_5_innings","2026-08-30T18:44:53Z","Toronto Blue Jays","-2.5","280"
"d03e2aff6dbfcf8c397adbf517f2d0dd","Seattle Mariners @ Toronto Blue Jays","2026-08-30T17:38:00Z","williamhill_us","spreads_1st_5_innings","2026-08-30T18:42:46Z","Seattle Mariners","2.5","-214"
"d03e2aff6dbfcf8c397adbf517f2d0dd","Seattle Mariners @ Toronto Blue Jays","2026-08-30T17:38:00Z","williamhill_us","spreads_1st_5_innings","2026-08-30T18:42:46Z","Toronto Blue Jays","-2.5","152"
"d03e2aff6dbfcf8c397adbf517f2d0dd","Seattle Mariners @ Toronto Blue Jays","2026-08-30T17:38:00Z","bovada","spreads_1st_5_innings","2026-08-30T18:45:29Z","Seattle Mariners","1.5","290"
"d03e2aff6dbfcf8c397adbf517f2d0dd","Seattle Mariners @ Toronto Blue Jays","2026-08-30T17:38:00Z","bovada","spreads_1st_5_innings","2026-08-30T18:45:29Z","Toronto Blue Jays","-1.5","-435"
"d03e2aff6dbfcf8c397adbf517f2d0dd","Seattle Mariners @ Toronto Blue Jays","2026-08-30T17:38:00Z","betmgm","spreads_1st_5_innings","2026-08-30T18:53:25Z","Seattle Mariners","2.5","-350"
"d03e2aff6dbfcf8c397adbf517f2d0dd","Seattle Mariners @ Toronto Blue Jays","2026-08-30T17:38:00Z","betmgm","spreads_1st_5_innings","2026-08-30T18:53:25Z","Toronto Blue Jays","-2.5","250"
"d03e2aff6dbfcf8c397adbf517f2d0dd","Seattle Mariners @ Toronto Blue Jays","2026-08-30T17:38:00Z","pinnacle","spreads_1st_5_innings","2026-08-30T18:52:32Z","Seattle Mariners","2","105"
"d03e2aff6dbfcf8c397adbf517f2d0dd","Seattle Mariners @ Toronto Blue Jays","2026-08-30T17:38:00Z","pinnacle","spreads_1st_5_innings","2026-08-30T18:52:32Z","Toronto Blue Jays","-2","-135"
"d03e2aff6dbfcf8c397adbf517f2d0dd","Seattle Mariners @ Toronto Blue Jays","2026-08-30T17:38:00Z","fanduel","totals_1st_5_innings","2026-08-30T18:44:53Z","Over","2.5","-102"
"d03e2aff6dbfcf8c397adbf517f2d0dd","Seattle Mariners @ Toronto Blue Jays","2026-08-30T17:38:00Z","fanduel","totals_1st_5_innings","2026-08-30T18:44:53Z","Under","2.5","-130"
"d03e2aff6dbfcf8c397adbf517f2d0dd","Seattle Mariners @ Toronto Blue Jays","2026-08-30T17:38:00Z","williamhill_us","totals_1st_5_innings","2026-08-30T18:42:46Z","Over","2.5","-148"
"d03e2aff6dbfcf8c397adbf517f2d0dd","Seattle Mariners @ Toronto Blue Jays","2026-08-30T17:38:00Z","williamhill_us","totals_1st_5_innings","2026-08-30T18:42:46Z","Under","2.5","108"
"d03e2aff6dbfcf8c397adbf517f2d0dd","Seattle Mariners @ Toronto Blue Jays","2026-08-30T17:38:00Z","bovada","totals_1st_5_innings","2026-08-30T18:45:29Z","Over","2.5","120"
"d03e2aff6dbfcf8c397adbf517f2d0dd","Seattle Mariners @ Toronto Blue Jays","2026-08-30T17:38:00Z","bovada","totals_1st_5_innings","2026-08-30T18:45:29Z","Under","2.5","-155"
"d03e2aff6dbfcf8c397adbf517f2d0dd","Seattle Mariners @ Toronto Blue Jays","2026-08-30T17:38:00Z","betmgm","totals_1st_5_innings","2026-08-30T18:53:25Z","Over","2.5","250"
"d03e2aff6dbfcf8c397adbf517f2d0dd","Seattle Mariners @ Toronto Blue Jays","2026-08-30T17:38:00Z","betmgm","totals_1st_5_innings","2026-08-30T18:53:25Z","Under","2.5","-350"
"d03e2aff6dbfcf8c397adbf517f2d0dd","Seattle Mariners @ Toronto Blue Jays","2026-08-30T17:38:00Z","pinnacle","totals_1st_5_innings","2026-08-30T18:52:32Z","Over","3","-120"
"d03e2aff6dbfcf8c397adbf517f2d0dd","Seattle Mariners @ Toronto Blue Jays","2026-08-30T17:38:00Z","pinnacle","totals_1st_5_innings","2026-08-30T18:52:32Z","Under","3","-107"
"726da57c20b076baecbbed501a78e728","San Diego Padres @ Tampa Bay Rays","2026-08-30T17:45:00Z","fanduel","alternate_totals_1st_5_innings","2026-08-30T18:46:04Z","Over","3.5","-125"
"726da57c20b076baecbbed501a78e728","San Diego Padres @ Tampa Bay Rays","2026-08-30T17:45:00Z","fanduel","alternate_totals_1st_5_innings","2026-08-30T18:46:04Z","Over","4.5","220"
"726da57c20b076baecbbed501a78e728","San Diego Padres @ Tampa Bay Rays","2026-08-30T17:45:00Z","fanduel","alternate_totals_1st_5_innings","2026-08-30T18:46:04Z","Over","5.5","500"
"726da57c20b076baecbbed501a78e728","San Diego Padres @ Tampa Bay Rays","2026-08-30T17:45:00Z","fanduel","alternate_totals_1st_5_innings","2026-08-30T18:46:04Z","Over","6.5","1000"
"726da57c20b076baecbbed501a78e728","San Diego Padres @ Tampa Bay Rays","2026-08-30T17:45:00Z","fanduel","alternate_totals_1st_5_innings","2026-08-30T18:46:04Z","Under","3.5","-130"
"726da57c20b076baecbbed501a78e728","San Diego Padres @ Tampa Bay Rays","2026-08-30T17:45:00Z","fanduel","alternate_totals_1st_5_innings","2026-08-30T18:46:04Z","Under","4.5","-340"
"726da57c20b076baecbbed501a78e728","San Diego Padres @ Tampa Bay Rays","2026-08-30T17:45:00Z","fanduel","alternate_totals_1st_5_innings","2026-08-30T18:46:04Z","Under","5.5","-800"
"726da57c20b076baecbbed501a78e728","San Diego Padres @ Tampa Bay Rays","2026-08-30T17:45:00Z","fanduel","alternate_totals_1st_5_innings","2026-08-30T18:46:04Z","Under","6.5","-2000"
"726da57c20b076baecbbed501a78e728","San Diego Padres @ Tampa Bay Rays","2026-08-30T17:45:00Z","fanduel","alternate_totals_1st_5_innings","2026-08-30T18:46:04Z","Under","7.5","-7000"
"726da57c20b076baecbbed501a78e728","San Diego Padres @ Tampa Bay Rays","2026-08-30T17:45:00Z","fanatics","alternate_totals_1st_5_innings","2026-08-30T18:49:27Z","Over","3.5","105"
"726da57c20b076baecbbed501a78e728","San Diego Padres @ Tampa Bay Rays","2026-08-30T17:45:00Z","fanatics","alternate_totals_1st_5_innings","2026-08-30T18:49:27Z","Under","3.5","-150"
"726da57c20b076baecbbed501a78e728","San Diego Padres @ Tampa Bay Rays","2026-08-30T17:45:00Z","bovada","alternate_totals_1st_5_innings","2026-08-30T18:47:44Z","Over","4.5","280"
"726da57c20b076baecbbed501a78e728","San Diego Padres @ Tampa Bay Rays","2026-08-30T17:45:00Z","bovada","alternate_totals_1st_5_innings","2026-08-30T18:47:44Z","Over","5.5","600"
"726da57c20b076baecbbed501a78e728","San Diego Padres @ Tampa Bay Rays","2026-08-30T17:45:00Z","bovada","alternate_totals_1st_5_innings","2026-08-30T18:47:44Z","Under","4.5","-410"
"726da57c20b076baecbbed501a78e728","San Diego Padres @ Tampa Bay Rays","2026-08-30T17:45:00Z","bovada","alternate_totals_1st_5_innings","2026-08-30T18:47:44Z","Under","5.5","-1100"
"726da57c20b076baecbbed501a78e728","San Diego Padres @ Tampa Bay Rays","2026-08-30T17:45:00Z","betmgm","alternate_totals_1st_5_innings","2026-08-30T18:46:31Z","Over","4.5","250"
"726da57c20b076baecbbed501a78e728","San Diego Padres @ Tampa Bay Rays","2026-08-30T17:45:00Z","betmgm","alternate_totals_1st_5_innings","2026-08-30T18:46:31Z","Over","3.5","-105"
"726da57c20b076baecbbed501a78e728","San Diego Padres @ Tampa Bay Rays","2026-08-30T17:45:00Z","betmgm","alternate_totals_1st_5_innings","2026-08-30T18:46:31Z","Over","5.5","525"
"726da57c20b076baecbbed501a78e728","San Diego Padres @ Tampa Bay Rays","2026-08-30T17:45:00Z","betmgm","alternate_totals_1st_5_innings","2026-08-30T18:46:31Z","Under","4.5","-350"
"726da57c20b076baecbbed501a78e728","San Diego Padres @ Tampa Bay Rays","2026-08-30T17:45:00Z","betmgm","alternate_totals_1st_5_innings","2026-08-30T18:46:31Z","Under","3.5","-125"
"726da57c20b076baecbbed501a78e728","San Diego Padres @ Tampa Bay Rays","2026-08-30T17:45:00Z","betmgm","alternate_totals_1st_5_innings","2026-08-30T18:46:31Z","Under","5.5","-1000"
"726da57c20b076baecbbed501a78e728","San Diego Padres @ Tampa Bay Rays","2026-08-30T17:45:00Z","pinnacle","alternate_totals_1st_5_innings","2026-08-30T18:40:57Z","Over","0.5","-173"
"726da57c20b076baecbbed501a78e728","San Diego Padres @ Tampa Bay Rays","2026-08-30T17:45:00Z","pinnacle","alternate_totals_1st_5_innings","2026-08-30T18:40:57Z","Over","1.5","159"
"726da57c20b076baecbbed501a78e728","San Diego Padres @ Tampa Bay Rays","2026-08-30T17:45:00Z","pinnacle","alternate_totals_1st_5_innings","2026-08-30T18:40:57Z","Over","2","258"
"726da57c20b076baecbbed501a78e728","San Diego Padres @ Tampa Bay Rays","2026-08-30T17:45:00Z","pinnacle","alternate_totals_1st_5_innings","2026-08-30T18:40:57Z","Over","2.5","320"
"726da57c20b076baecbbed501a78e728","San Diego Padres @ Tampa Bay Rays","2026-08-30T17:45:00Z","pinnacle","alternate_totals_1st_5_innings","2026-08-30T18:40:57Z","Under","0.5","139"
"726da57c20b076baecbbed501a78e728","San Diego Padres @ Tampa Bay Rays","2026-08-30T17:45:00Z","pinnacle","alternate_totals_1st_5_innings","2026-08-30T18:40:57Z","Under","1.5","-199"
"726da57c20b076baecbbed501a78e728","San Diego Padres @ Tampa Bay Rays","2026-08-30T17:45:00Z","pinnacle","alternate_totals_1st_5_innings","2026-08-30T18:40:57Z","Under","2","-359"
"726da57c20b076baecbbed501a78e728","San Diego Padres @ Tampa Bay Rays","2026-08-30T17:45:00Z","pinnacle","alternate_totals_1st_5_innings","2026-08-30T18:40:57Z","Under","2.5","-439"
"726da57c20b076baecbbed501a78e728","San Diego Padres @ Tampa Bay Rays","2026-08-30T17:45:00Z","betrivers","alternate_totals_1st_5_innings","2026-08-30T18:47:07Z","Over","3.5","-141"
"726da57c20b076baecbbed501a78e728","San Diego Padres @ Tampa Bay Rays","2026-08-30T17:45:00Z","betrivers","alternate_totals_1st_5_innings","2026-08-30T18:47:07Z","Under","3.5","-112"
"726da57c20b076baecbbed501a78e728","San Diego Padres @ Tampa Bay Rays","2026-08-30T17:45:00Z","fanduel","h2h_1st_5_innings","2026-08-30T18:48:00Z","San Diego Padres","","-900"
"726da57c20b076baecbbed501a78e728","San Diego Padres @ Tampa Bay Rays","2026-08-30T17:45:00Z","fanduel","h2h_1st_5_innings","2026-08-30T18:48:00Z","Tampa Bay Rays","","520"
"726da57c20b076baecbbed501a78e728","San Diego Padres @ Tampa Bay Rays","2026-08-30T17:45:00Z","fanatics","h2h_1st_5_innings","2026-08-30T18:49:27Z","San Diego Padres","","-1200"
"726da57c20b076baecbbed501a78e728","San Diego Padres @ Tampa Bay Rays","2026-08-30T17:45:00Z","fanatics","h2h_1st_5_innings","2026-08-30T18:49:27Z","Tampa Bay Rays","","650"
"726da57c20b076baecbbed501a78e728","San Diego Padres @ Tampa Bay Rays","2026-08-30T17:45:00Z","bovada","h2h_1st_5_innings","2026-08-30T18:47:44Z","San Diego Padres","","-1000"
"726da57c20b076baecbbed501a78e728","San Diego Padres @ Tampa Bay Rays","2026-08-30T17:45:00Z","bovada","h2h_1st_5_innings","2026-08-30T18:47:44Z","Tampa Bay Rays","","550"
"726da57c20b076baecbbed501a78e728","San Diego Padres @ Tampa Bay Rays","2026-08-30T17:45:00Z","betmgm","h2h_1st_5_innings","2026-08-30T18:46:31Z","San Diego Padres","","-800"
"726da57c20b076baecbbed501a78e728","San Diego Padres @ Tampa Bay Rays","2026-08-30T17:45:00Z","betmgm","h2h_1st_5_innings","2026-08-30T18:46:31Z","Tampa Bay Rays","","475"
"726da57c20b076baecbbed501a78e728","San Diego Padres @ Tampa Bay Rays","2026-08-30T17:45:00Z","betrivers","h2h_1st_5_innings","2026-08-30T18:47:07Z","San Diego Padres","","-910"
"726da57c20b076baecbbed501a78e728","San Diego Padres @ Tampa Bay Rays","2026-08-30T17:45:00Z","betrivers","h2h_1st_5_innings","2026-08-30T18:47:07Z","Tampa Bay Rays","","370"
"726da57c20b076baecbbed501a78e728","San Diego Padres @ Tampa Bay Rays","2026-08-30T17:45:00Z","fanduel","spreads_1st_5_innings","2026-08-30T18:48:00Z","San Diego Padres","-0.5","-380"
"726da57c20b076baecbbed501a78e728","San Diego Padres @ Tampa Bay Rays","2026-08-30T17:45:00Z","fanduel","spreads_1st_5_innings","2026-08-30T18:48:00Z","Tampa Bay Rays","0.5","260"
"726da57c20b076baecbbed501a78e728","San Diego Padres @ Tampa Bay Rays","2026-08-30T17:45:00Z","bovada","spreads_1st_5_innings","2026-08-30T18:47:44Z","San Diego Padres","-0.5","-435"
"726da57c20b076baecbbed501a78e728","San Diego Padres @ Tampa Bay Rays","2026-08-30T17:45:00Z","bovada","spreads_1st_5_innings","2026-08-30T18:47:44Z","Tampa Bay Rays","0.5","290"
"726da57c20b076baecbbed501a78e728","San Diego Padres @ Tampa Bay Rays","2026-08-30T17:45:00Z","pinnacle","spreads_1st_5_innings","2026-08-30T18:40:57Z","San Diego Padres","0.5","-188"
"726da57c20b076baecbbed501a78e728","San Diego Padres @ Tampa Bay Rays","2026-08-30T17:45:00Z","pinnacle","spreads_1st_5_innings","2026-08-30T18:40:57Z","Tampa Bay Rays","-0.5","151"
"726da57c20b076baecbbed501a78e728","San Diego Padres @ Tampa Bay Rays","2026-08-30T17:45:00Z","fanduel","totals_1st_5_innings","2026-08-30T18:48:00Z","Over","3.5","104"
"726da57c20b076baecbbed501a78e728","San Diego Padres @ Tampa Bay Rays","2026-08-30T17:45:00Z","fanduel","totals_1st_5_innings","2026-08-30T18:48:00Z","Under","3.5","-136"
"726da57c20b076baecbbed501a78e728","San Diego Padres @ Tampa Bay Rays","2026-08-30T17:45:00Z","bovada","totals_1st_5_innings","2026-08-30T18:47:44Z","Over","3.5","125"
"726da57c20b076baecbbed501a78e728","San Diego Padres @ Tampa Bay Rays","2026-08-30T17:45:00Z","bovada","totals_1st_5_innings","2026-08-30T18:47:44Z","Under","3.5","-165"
"726da57c20b076baecbbed501a78e728","San Diego Padres @ Tampa Bay Rays","2026-08-30T17:45:00Z","pinnacle","totals_1st_5_innings","2026-08-30T18:40:57Z","Over","1","-104"
"726da57c20b076baecbbed501a78e728","San Diego Padres @ Tampa Bay Rays","2026-08-30T17:45:00Z","pinnacle","totals_1st_5_innings","2026-08-30T18:40:57Z","Under","1","-123"
"008f42799432660532a3e011a06b8356","Chicago White Sox @ Minnesota Twins","2026-08-30T18:11:00Z","fanduel","alternate_totals_1st_5_innings","2026-08-30T18:53:30Z","Over","3.5","-550"
"008f42799432660532a3e011a06b8356","Chicago White Sox @ Minnesota Twins","2026-08-30T18:11:00Z","fanduel","alternate_totals_1st_5_innings","2026-08-30T18:53:30Z","Over","4.5","-190"
"008f42799432660532a3e011a06b8356","Chicago White Sox @ Minnesota Twins","2026-08-30T18:11:00Z","fanduel","alternate_totals_1st_5_innings","2026-08-30T18:53:30Z","Over","5.5","105"
"008f42799432660532a3e011a06b8356","Chicago White Sox @ Minnesota Twins","2026-08-30T18:11:00Z","fanduel","alternate_totals_1st_5_innings","2026-08-30T18:53:30Z","Over","6.5","195"
"008f42799432660532a3e011a06b8356","Chicago White Sox @ Minnesota Twins","2026-08-30T18:11:00Z","fanduel","alternate_totals_1st_5_innings","2026-08-30T18:53:30Z","Over","7.5","350"
"008f42799432660532a3e011a06b8356","Chicago White Sox @ Minnesota Twins","2026-08-30T18:11:00Z","fanduel","alternate_totals_1st_5_innings","2026-08-30T18:53:30Z","Over","8.5","600"
"008f42799432660532a3e011a06b8356","Chicago White Sox @ Minnesota Twins","2026-08-30T18:11:00Z","fanduel","alternate_totals_1st_5_innings","2026-08-30T18:53:30Z","Over","9.5","1000"
"008f42799432660532a3e011a06b8356","Chicago White Sox @ Minnesota Twins","2026-08-30T18:11:00Z","fanduel","alternate_totals_1st_5_innings","2026-08-30T18:53:30Z","Under","3.5","330"
"008f42799432660532a3e011a06b8356","Chicago White Sox @ Minnesota Twins","2026-08-30T18:11:00Z","fanduel","alternate_totals_1st_5_innings","2026-08-30T18:53:30Z","Under","4.5","125"
"008f42799432660532a3e011a06b8356","Chicago White Sox @ Minnesota Twins","2026-08-30T18:11:00Z","fanduel","alternate_totals_1st_5_innings","2026-08-30T18:53:30Z","Under","5.5","-170"
"008f42799432660532a3e011a06b8356","Chicago White Sox @ Minnesota Twins","2026-08-30T18:11:00Z","fanduel","alternate_totals_1st_5_innings","2026-08-30T18:53:30Z","Under","6.5","-300"
"008f42799432660532a3e011a06b8356","Chicago White Sox @ Minnesota Twins","2026-08-30T18:11:00Z","fanduel","alternate_totals_1st_5_innings","2026-08-30T18:53:30Z","Under","7.5","-550"
"008f42799432660532a3e011a06b8356","Chicago White Sox @ Minnesota Twins","2026-08-30T18:11:00Z","fanduel","alternate_totals_1st_5_innings","2026-08-30T18:53:30Z","Under","8.5","-1000"
"008f42799432660532a3e011a06b8356","Chicago White Sox @ Minnesota Twins","2026-08-30T18:11:00Z","fanduel","alternate_totals_1st_5_innings","2026-08-30T18:53:30Z","Under","9.5","-2000"
"008f42799432660532a3e011a06b8356","Chicago White Sox @ Minnesota Twins","2026-08-30T18:11:00Z","fanduel","alternate_totals_1st_5_innings","2026-08-30T18:53:30Z","Under","10.5","-5000"
"008f42799432660532a3e011a06b8356","Chicago White Sox @ Minnesota Twins","2026-08-30T18:11:00Z","fanatics","alternate_totals_1st_5_innings","2026-08-30T18:52:48Z","Over","5.5","-105"
"008f42799432660532a3e011a06b8356","Chicago White Sox @ Minnesota Twins","2026-08-30T18:11:00Z","fanatics","alternate_totals_1st_5_innings","2026-08-30T18:52:48Z","Under","5.5","-135"
"008f42799432660532a3e011a06b8356","Chicago White Sox @ Minnesota Twins","2026-08-30T18:11:00Z","bovada","alternate_totals_1st_5_innings","2026-08-30T18:51:54Z","Over","3.5","-800"
"008f42799432660532a3e011a06b8356","Chicago White Sox @ Minnesota Twins","2026-08-30T18:11:00Z","bovada","alternate_totals_1st_5_innings","2026-08-30T18:51:54Z","Over","4.5","-240"
"008f42799432660532a3e011a06b8356","Chicago White Sox @ Minnesota Twins","2026-08-30T18:11:00Z","bovada","alternate_totals_1st_5_innings","2026-08-30T18:51:54Z","Over","6.5","190"
"008f42799432660532a3e011a06b8356","Chicago White Sox @ Minnesota Twins","2026-08-30T18:11:00Z","bovada","alternate_totals_1st_5_innings","2026-08-30T18:51:54Z","Over","7.5","350"
"008f42799432660532a3e011a06b8356","Chicago White Sox @ Minnesota Twins","2026-08-30T18:11:00Z","bovada","alternate_totals_1st_5_innings","2026-08-30T18:51:54Z","Under","3.5","475"
"008f42799432660532a3e011a06b8356","Chicago White Sox @ Minnesota Twins","2026-08-30T18:11:00Z","bovada","alternate_totals_1st_5_innings","2026-08-30T18:51:54Z","Under","4.5","180"
"008f42799432660532a3e011a06b8356","Chicago White Sox @ Minnesota Twins","2026-08-30T18:11:00Z","bovada","alternate_totals_1st_5_innings","2026-08-30T18:51:54Z","Under","6.5","-260"
"008f42799432660532a3e011a06b8356","Chicago White Sox @ Minnesota Twins","2026-08-30T18:11:00Z","bovada","alternate_totals_1st_5_innings","2026-08-30T18:51:54Z","Under","7.5","-550"
"008f42799432660532a3e011a06b8356","Chicago White Sox @ Minnesota Twins","2026-08-30T18:11:00Z","betrivers","alternate_totals_1st_5_innings","2026-08-30T18:53:12Z","Over","5.5","-114"
"008f42799432660532a3e011a06b8356","Chicago White Sox @ Minnesota Twins","2026-08-30T18:11:00Z","betrivers","alternate_totals_1st_5_innings","2026-08-30T18:53:12Z","Under","5.5","-137"
"008f42799432660532a3e011a06b8356","Chicago White Sox @ Minnesota Twins","2026-08-30T18:11:00Z","betmgm","alternate_totals_1st_5_innings","2026-08-30T18:52:21Z","Over","5.5","-102"
"008f42799432660532a3e011a06b8356","Chicago White Sox @ Minnesota Twins","2026-08-30T18:11:00Z","betmgm","alternate_totals_1st_5_innings","2026-08-30T18:52:21Z","Over","4.5","-220"
"008f42799432660532a3e011a06b8356","Chicago White Sox @ Minnesota Twins","2026-08-30T18:11:00Z","betmgm","alternate_totals_1st_5_innings","2026-08-30T18:52:21Z","Over","6.5","180"
"008f42799432660532a3e011a06b8356","Chicago White Sox @ Minnesota Twins","2026-08-30T18:11:00Z","betmgm","alternate_totals_1st_5_innings","2026-08-30T18:52:21Z","Under","5.5","-130"
"008f42799432660532a3e011a06b8356","Chicago White Sox @ Minnesota Twins","2026-08-30T18:11:00Z","betmgm","alternate_totals_1st_5_innings","2026-08-30T18:52:21Z","Under","4.5","160"
"008f42799432660532a3e011a06b8356","Chicago White Sox @ Minnesota Twins","2026-08-30T18:11:00Z","betmgm","alternate_totals_1st_5_innings","2026-08-30T18:52:21Z","Under","6.5","-250"
"008f42799432660532a3e011a06b8356","Chicago White Sox @ Minnesota Twins","2026-08-30T18:11:00Z","pinnacle","alternate_totals_1st_5_innings","2026-08-30T18:52:31Z","Over","5","-302"
"008f42799432660532a3e011a06b8356","Chicago White Sox @ Minnesota Twins","2026-08-30T18:11:00Z","pinnacle","alternate_totals_1st_5_innings","2026-08-30T18:52:31Z","Over","5.5","-172"
"008f42799432660532a3e011a06b8356","Chicago White Sox @ Minnesota Twins","2026-08-30T18:11:00Z","pinnacle","alternate_totals_1st_5_innings","2026-08-30T18:52:31Z","Over","6","-132"
"008f42799432660532a3e011a06b8356","Chicago White Sox @ Minnesota Twins","2026-08-30T18:11:00Z","pinnacle","alternate_totals_1st_5_innings","2026-08-30T18:52:31Z","Over","7","145"
"008f42799432660532a3e011a06b8356","Chicago White Sox @ Minnesota Twins","2026-08-30T18:11:00Z","pinnacle","alternate_totals_1st_5_innings","2026-08-30T18:52:31Z","Over","7.5","182"
"008f42799432660532a3e011a06b8356","Chicago White Sox @ Minnesota Twins","2026-08-30T18:11:00Z","pinnacle","alternate_totals_1st_5_innings","2026-08-30T18:52:31Z","Over","8","252"
"008f42799432660532a3e011a06b8356","Chicago White Sox @ Minnesota Twins","2026-08-30T18:11:00Z","pinnacle","alternate_totals_1st_5_innings","2026-08-30T18:52:31Z","Under","5","232"
"008f42799432660532a3e011a06b8356","Chicago White Sox @ Minnesota Twins","2026-08-30T18:11:00Z","pinnacle","alternate_totals_1st_5_innings","2026-08-30T18:52:31Z","Under","5.5","144"
"008f42799432660532a3e011a06b8356","Chicago White Sox @ Minnesota Twins","2026-08-30T18:11:00Z","pinnacle","alternate_totals_1st_5_innings","2026-08-30T18:52:31Z","Under","6","107"
"008f42799432660532a3e011a06b8356","Chicago White Sox @ Minnesota Twins","2026-08-30T18:11:00Z","pinnacle","alternate_totals_1st_5_innings","2026-08-30T18:52:31Z","Under","7","-181"
"008f42799432660532a3e011a06b8356","Chicago White Sox @ Minnesota Twins","2026-08-30T18:11:00Z","pinnacle","alternate_totals_1st_5_innings","2026-08-30T18:52:31Z","Under","7.5","-221"
"008f42799432660532a3e011a06b8356","Chicago White Sox @ Minnesota Twins","2026-08-30T18:11:00Z","pinnacle","alternate_totals_1st_5_innings","2026-08-30T18:52:31Z","Under","8","-332"
"008f42799432660532a3e011a06b8356","Chicago White Sox @ Minnesota Twins","2026-08-30T18:11:00Z","fanduel","h2h_1st_5_innings","2026-08-30T18:53:30Z","Chicago White Sox","","1400"
"008f42799432660532a3e011a06b8356","Chicago White Sox @ Minnesota Twins","2026-08-30T18:11:00Z","fanduel","h2h_1st_5_innings","2026-08-30T18:53:30Z","Minnesota Twins","","-6000"
"008f42799432660532a3e011a06b8356","Chicago White Sox @ Minnesota Twins","2026-08-30T18:11:00Z","fanatics","h2h_1st_5_innings","2026-08-30T18:52:48Z","Chicago White Sox","","1500"
"008f42799432660532a3e011a06b8356","Chicago White Sox @ Minnesota Twins","2026-08-30T18:11:00Z","fanatics","h2h_1st_5_innings","2026-08-30T18:52:48Z","Minnesota Twins","","-4000"
"008f42799432660532a3e011a06b8356","Chicago White Sox @ Minnesota Twins","2026-08-30T18:11:00Z","bovada","h2h_1st_5_innings","2026-08-30T18:51:54Z","Chicago White Sox","","1200"
"008f42799432660532a3e011a06b8356","Chicago White Sox @ Minnesota Twins","2026-08-30T18:11:00Z","bovada","h2h_1st_5_innings","2026-08-30T18:51:54Z","Minnesota Twins","","-3300"
"008f42799432660532a3e011a06b8356","Chicago White Sox @ Minnesota Twins","2026-08-30T18:11:00Z","williamhill_us","h2h_1st_5_innings","2026-08-30T18:52:31Z","Chicago White Sox","","929"
"008f42799432660532a3e011a06b8356","Chicago White Sox @ Minnesota Twins","2026-08-30T18:11:00Z","williamhill_us","h2h_1st_5_innings","2026-08-30T18:52:31Z","Minnesota Twins","","-5004"
"008f42799432660532a3e011a06b8356","Chicago White Sox @ Minnesota Twins","2026-08-30T18:11:00Z","betrivers","h2h_1st_5_innings","2026-08-30T18:53:12Z","Chicago White Sox","","900"
"008f42799432660532a3e011a06b8356","Chicago White Sox @ Minnesota Twins","2026-08-30T18:11:00Z","betrivers","h2h_1st_5_innings","2026-08-30T18:53:12Z","Minnesota Twins","","-10000"
"008f42799432660532a3e011a06b8356","Chicago White Sox @ Minnesota Twins","2026-08-30T18:11:00Z","betmgm","h2h_1st_5_innings","2026-08-30T18:52:21Z","Chicago White Sox","","1150"
"008f42799432660532a3e011a06b8356","Chicago White Sox @ Minnesota Twins","2026-08-30T18:11:00Z","betmgm","h2h_1st_5_innings","2026-08-30T18:52:21Z","Minnesota Twins","","-10000"
"008f42799432660532a3e011a06b8356","Chicago White Sox @ Minnesota Twins","2026-08-30T18:11:00Z","fanduel","spreads_1st_5_innings","2026-08-30T18:53:30Z","Chicago White Sox","3.5","-152"
"008f42799432660532a3e011a06b8356","Chicago White Sox @ Minnesota Twins","2026-08-30T18:11:00Z","fanduel","spreads_1st_5_innings","2026-08-30T18:53:30Z","Minnesota Twins","-3.5","114"
"008f42799432660532a3e011a06b8356","Chicago White Sox @ Minnesota Twins","2026-08-30T18:11:00Z","bovada","spreads_1st_5_innings","2026-08-30T18:51:54Z","Chicago White Sox","3.5","-115"
"008f42799432660532a3e011a06b8356","Chicago White Sox @ Minnesota Twins","2026-08-30T18:11:00Z","bovada","spreads_1st_5_innings","2026-08-30T18:51:54Z","Minnesota Twins","-3.5","-115"
"008f42799432660532a3e011a06b8356","Chicago White Sox @ Minnesota Twins","2026-08-30T18:11:00Z","williamhill_us","spreads_1st_5_innings","2026-08-30T18:52:31Z","Chicago White Sox","3.5","-137"
"008f42799432660532a3e011a06b8356","Chicago White Sox @ Minnesota Twins","2026-08-30T18:11:00Z","williamhill_us","spreads_1st_5_innings","2026-08-30T18:52:31Z","Minnesota Twins","-3.5","100"
"008f42799432660532a3e011a06b8356","Chicago White Sox @ Minnesota Twins","2026-08-30T18:11:00Z","betmgm","spreads_1st_5_innings","2026-08-30T18:53:25Z","Chicago White Sox","3.5","-135"
"008f42799432660532a3e011a06b8356","Chicago White Sox @ Minnesota Twins","2026-08-30T18:11:00Z","betmgm","spreads_1st_5_innings","2026-08-30T18:53:25Z","Minnesota Twins","-3.5","100"
"008f42799432660532a3e011a06b8356","Chicago White Sox @ Minnesota Twins","2026-08-30T18:11:00Z","pinnacle","spreads_1st_5_innings","2026-08-30T18:52:31Z","Chicago White Sox","3.5","-105"
"008f42799432660532a3e011a06b8356","Chicago White Sox @ Minnesota Twins","2026-08-30T18:11:00Z","pinnacle","spreads_1st_5_innings","2026-08-30T18:52:31Z","Minnesota Twins","-3.5","-113"
"008f42799432660532a3e011a06b8356","Chicago White Sox @ Minnesota Twins","2026-08-30T18:11:00Z","fanduel","totals_1st_5_innings","2026-08-30T18:53:30Z","Over","5.5","118"
"008f42799432660532a3e011a06b8356","Chicago White Sox @ Minnesota Twins","2026-08-30T18:11:00Z","fanduel","totals_1st_5_innings","2026-08-30T18:53:30Z","Under","5.5","-158"
"008f42799432660532a3e011a06b8356","Chicago White Sox @ Minnesota Twins","2026-08-30T18:11:00Z","bovada","totals_1st_5_innings","2026-08-30T18:51:54Z","Over","5.5","-110"
"008f42799432660532a3e011a06b8356","Chicago White Sox @ Minnesota Twins","2026-08-30T18:11:00Z","bovada","totals_1st_5_innings","2026-08-30T18:51:54Z","Under","5.5","-120"
"008f42799432660532a3e011a06b8356","Chicago White Sox @ Minnesota Twins","2026-08-30T18:11:00Z","williamhill_us","totals_1st_5_innings","2026-08-30T18:52:31Z","Over","5.5","100"
"008f42799432660532a3e011a06b8356","Chicago White Sox @ Minnesota Twins","2026-08-30T18:11:00Z","williamhill_us","totals_1st_5_innings","2026-08-30T18:52:31Z","Under","5.5","-137"
"008f42799432660532a3e011a06b8356","Chicago White Sox @ Minnesota Twins","2026-08-30T18:11:00Z","betmgm","totals_1st_5_innings","2026-08-30T18:53:25Z","Over","5.5","-102"
"008f42799432660532a3e011a06b8356","Chicago White Sox @ Minnesota Twins","2026-08-30T18:11:00Z","betmgm","totals_1st_5_innings","2026-08-30T18:53:25Z","Under","5.5","-130"
"008f42799432660532a3e011a06b8356","Chicago White Sox @ Minnesota Twins","2026-08-30T18:11:00Z","pinnacle","totals_1st_5_innings","2026-08-30T18:52:31Z","Over","6.5","107"
"008f42799432660532a3e011a06b8356","Chicago White Sox @ Minnesota Twins","2026-08-30T18:11:00Z","pinnacle","totals_1st_5_innings","2026-08-30T18:52:31Z","Under","6.5","-127"
"c30933ae1af977f17e3c51c0dc107680","Kansas City Royals @ Cleveland Guardians","2026-08-30T18:11:00Z","fanduel","alternate_totals_1st_5_innings","2026-08-30T18:53:30Z","Over","4.5","-600"
"c30933ae1af977f17e3c51c0dc107680","Kansas City Royals @ Cleveland Guardians","2026-08-30T18:11:00Z","fanduel","alternate_totals_1st_5_innings","2026-08-30T18:53:30Z","Over","5.5","-210"
"c30933ae1af977f17e3c51c0dc107680","Kansas City Royals @ Cleveland Guardians","2026-08-30T18:11:00Z","fanduel","alternate_totals_1st_5_innings","2026-08-30T18:53:30Z","Over","6.5","100"
"c30933ae1af977f17e3c51c0dc107680","Kansas City Royals @ Cleveland Guardians","2026-08-30T18:11:00Z","fanduel","alternate_totals_1st_5_innings","2026-08-30T18:53:30Z","Over","7.5","200"
"c30933ae1af977f17e3c51c0dc107680","Kansas City Royals @ Cleveland Guardians","2026-08-30T18:11:00Z","fanduel","alternate_totals_1st_5_innings","2026-08-30T18:53:30Z","Over","8.5","370"
"c30933ae1af977f17e3c51c0dc107680","Kansas City Royals @ Cleveland Guardians","2026-08-30T18:11:00Z","fanduel","alternate_totals_1st_5_innings","2026-08-30T18:53:30Z","Over","9.5","650"
"c30933ae1af977f17e3c51c0dc107680","Kansas City Royals @ Cleveland Guardians","2026-08-30T18:11:00Z","fanduel","alternate_totals_1st_5_innings","2026-08-30T18:53:30Z","Over","10.5","1100"
"c30933ae1af977f17e3c51c0dc107680","Kansas City Royals @ Cleveland Guardians","2026-08-30T18:11:00Z","fanduel","alternate_totals_1st_5_innings","2026-08-30T18:53:30Z","Under","4.5","370"
"c30933ae1af977f17e3c51c0dc107680","Kansas City Royals @ Cleveland Guardians","2026-08-30T18:11:00Z","fanduel","alternate_totals_1st_5_innings","2026-08-30T18:53:30Z","Under","5.5","135"
"c30933ae1af977f17e3c51c0dc107680","Kansas City Royals @ Cleveland Guardians","2026-08-30T18:11:00Z","fanduel","alternate_totals_1st_5_innings","2026-08-30T18:53:30Z","Under","6.5","-160"
"c30933ae1af977f17e3c51c0dc107680","Kansas City Royals @ Cleveland Guardians","2026-08-30T18:11:00Z","fanduel","alternate_totals_1st_5_innings","2026-08-30T18:53:30Z","Under","7.5","-310"
"c30933ae1af977f17e3c51c0dc107680","Kansas City Royals @ Cleveland Guardians","2026-08-30T18:11:00Z","fanduel","alternate_totals_1st_5_innings","2026-08-30T18:53:30Z","Under","8.5","-600"
"c30933ae1af977f17e3c51c0dc107680","Kansas City Royals @ Cleveland Guardians","2026-08-30T18:11:00Z","fanduel","alternate_totals_1st_5_innings","2026-08-30T18:53:30Z","Under","9.5","-1100"
"c30933ae1af977f17e3c51c0dc107680","Kansas City Royals @ Cleveland Guardians","2026-08-30T18:11:00Z","fanduel","alternate_totals_1st_5_innings","2026-08-30T18:53:30Z","Under","10.5","-2500"
"c30933ae1af977f17e3c51c0dc107680","Kansas City Royals @ Cleveland Guardians","2026-08-30T18:11:00Z","fanduel","alternate_totals_1st_5_innings","2026-08-30T18:53:30Z","Under","11.5","-7000"
"c30933ae1af977f17e3c51c0dc107680","Kansas City Royals @ Cleveland Guardians","2026-08-30T18:11:00Z","bovada","alternate_totals_1st_5_innings","2026-08-30T18:53:15Z","Over","4.5","-650"
"c30933ae1af977f17e3c51c0dc107680","Kansas City Royals @ Cleveland Guardians","2026-08-30T18:11:00Z","bovada","alternate_totals_1st_5_innings","2026-08-30T18:53:15Z","Over","5.5","-205"
"c30933ae1af977f17e3c51c0dc107680","Kansas City Royals @ Cleveland Guardians","2026-08-30T18:11:00Z","bovada","alternate_totals_1st_5_innings","2026-08-30T18:53:15Z","Over","7.5","220"
"c30933ae1af977f17e3c51c0dc107680","Kansas City Royals @ Cleveland Guardians","2026-08-30T18:11:00Z","bovada","alternate_totals_1st_5_innings","2026-08-30T18:53:15Z","Over","8.5","375"
"c30933ae1af977f17e3c51c0dc107680","Kansas City Royals @ Cleveland Guardians","2026-08-30T18:11:00Z","bovada","alternate_totals_1st_5_innings","2026-08-30T18:53:15Z","Under","4.5","400"
"c30933ae1af977f17e3c51c0dc107680","Kansas City Royals @ Cleveland Guardians","2026-08-30T18:11:00Z","bovada","alternate_totals_1st_5_innings","2026-08-30T18:53:15Z","Under","5.5","155"
"c30933ae1af977f17e3c51c0dc107680","Kansas City Royals @ Cleveland Guardians","2026-08-30T18:11:00Z","bovada","alternate_totals_1st_5_innings","2026-08-30T18:53:15Z","Under","7.5","-300"
"c30933ae1af977f17e3c51c0dc107680","Kansas City Royals @ Cleveland Guardians","2026-08-30T18:11:00Z","bovada","alternate_totals_1st_5_innings","2026-08-30T18:53:15Z","Under","8.5","-600"
"c30933ae1af977f17e3c51c0dc107680","Kansas City Royals @ Cleveland Guardians","2026-08-30T18:11:00Z","betmgm","alternate_totals_1st_5_innings","2026-08-30T18:52:22Z","Over","6.5","105"
"c30933ae1af977f17e3c51c0dc107680","Kansas City Royals @ Cleveland Guardians","2026-08-30T18:11:00Z","betmgm","alternate_totals_1st_5_innings","2026-08-30T18:52:22Z","Over","5.5","-200"
"c30933ae1af977f17e3c51c0dc107680","Kansas City Royals @ Cleveland Guardians","2026-08-30T18:11:00Z","betmgm","alternate_totals_1st_5_innings","2026-08-30T18:52:22Z","Over","7.5","195"
"c30933ae1af977f17e3c51c0dc107680","Kansas City Royals @ Cleveland Guardians","2026-08-30T18:11:00Z","betmgm","alternate_totals_1st_5_innings","2026-08-30T18:52:22Z","Under","6.5","-140"
"c30933ae1af977f17e3c51c0dc107680","Kansas City Royals @ Cleveland Guardians","2026-08-30T18:11:00Z","betmgm","alternate_totals_1st_5_innings","2026-08-30T18:52:22Z","Under","5.5","150"
"c30933ae1af977f17e3c51c0dc107680","Kansas City Royals @ Cleveland Guardians","2026-08-30T18:11:00Z","betmgm","alternate_totals_1st_5_innings","2026-08-30T18:52:22Z","Under","7.5","-275"
"c30933ae1af977f17e3c51c0dc107680","Kansas City Royals @ Cleveland Guardians","2026-08-30T18:11:00Z","pinnacle","alternate_totals_1st_5_innings","2026-08-30T18:52:31Z","Over","5.5","-293"
"c30933ae1af977f17e3c51c0dc107680","Kansas City Royals @ Cleveland Guardians","2026-08-30T18:11:00Z","pinnacle","alternate_totals_1st_5_innings","2026-08-30T18:52:31Z","Over","6","-223"
"c30933ae1af977f17e3c51c0dc107680","Kansas City Royals @ Cleveland Guardians","2026-08-30T18:11:00Z","pinnacle","alternate_totals_1st_5_innings","2026-08-30T18:52:31Z","Over","6.5","-133"
"c30933ae1af977f17e3c51c0dc107680","Kansas City Royals @ Cleveland Guardians","2026-08-30T18:11:00Z","pinnacle","alternate_totals_1st_5_innings","2026-08-30T18:52:31Z","Over","7.5","140"
"c30933ae1af977f17e3c51c0dc107680","Kansas City Royals @ Cleveland Guardians","2026-08-30T18:11:00Z","pinnacle","alternate_totals_1st_5_innings","2026-08-30T18:52:31Z","Over","8","198"
"c30933ae1af977f17e3c51c0dc107680","Kansas City Royals @ Cleveland Guardians","2026-08-30T18:11:00Z","pinnacle","alternate_totals_1st_5_innings","2026-08-30T18:52:31Z","Over","8.5","240"
"c30933ae1af977f17e3c51c0dc107680","Kansas City Royals @ Cleveland Guardians","2026-08-30T18:11:00Z","pinnacle","alternate_totals_1st_5_innings","2026-08-30T18:52:31Z","Under","5.5","226"
"c30933ae1af977f17e3c51c0dc107680","Kansas City Royals @ Cleveland Guardians","2026-08-30T18:11:00Z","pinnacle","alternate_totals_1st_5_innings","2026-08-30T18:52:31Z","Under","6","170"
"c30933ae1af977f17e3c51c0dc107680","Kansas City Royals @ Cleveland Guardians","2026-08-30T18:11:00Z","pinnacle","alternate_totals_1st_5_innings","2026-08-30T18:52:31Z","Under","6.5","108"
"c30933ae1af977f17e3c51c0dc107680","Kansas City Royals @ Cleveland Guardians","2026-08-30T18:11:00Z","pinnacle","alternate_totals_1st_5_innings","2026-08-30T18:52:31Z","Under","7.5","-175"
"c30933ae1af977f17e3c51c0dc107680","Kansas City Royals @ Cleveland Guardians","2026-08-30T18:11:00Z","pinnacle","alternate_totals_1st_5_innings","2026-08-30T18:52:31Z","Under","8","-265"
"c30933ae1af977f17e3c51c0dc107680","Kansas City Royals @ Cleveland Guardians","2026-08-30T18:11:00Z","pinnacle","alternate_totals_1st_5_innings","2026-08-30T18:52:31Z","Under","8.5","-315"
"c30933ae1af977f17e3c51c0dc107680","Kansas City Royals @ Cleveland Guardians","2026-08-30T18:11:00Z","betrivers","alternate_totals_1st_5_innings","2026-08-30T18:52:31Z","Over","6.5","-114"
"c30933ae1af977f17e3c51c0dc107680","Kansas City Royals @ Cleveland Guardians","2026-08-30T18:11:00Z","betrivers","alternate_totals_1st_5_innings","2026-08-30T18:52:31Z","Under","6.5","-139"
"c30933ae1af977f17e3c51c0dc107680","Kansas City Royals @ Cleveland Guardians","2026-08-30T18:11:00Z","fanduel","h2h_1st_5_innings","2026-08-30T18:53:30Z","Cleveland Guardians","","-2500"
"c30933ae1af977f17e3c51c0dc107680","Kansas City Royals @ Cleveland Guardians","2026-08-30T18:11:00Z","fanduel","h2h_1st_5_innings","2026-08-30T18:53:30Z","Kansas City Royals","","900"
"c30933ae1af977f17e3c51c0dc107680","Kansas City Royals @ Cleveland Guardians","2026-08-30T18:11:00Z","fanatics","h2h_1st_5_innings","2026-08-30T18:49:10Z","Cleveland Guardians","","-2200"
"c30933ae1af977f17e3c51c0dc107680","Kansas City Royals @ Cleveland Guardians","2026-08-30T18:11:00Z","fanatics","h2h_1st_5_innings","2026-08-30T18:49:10Z","Kansas City Royals","","1000"
"c30933ae1af977f17e3c51c0dc107680","Kansas City Royals @ Cleveland Guardians","2026-08-30T18:11:00Z","williamhill_us","h2h_1st_5_innings","2026-08-30T18:52:56Z","Cleveland Guardians","","-2004"
"c30933ae1af977f17e3c51c0dc107680","Kansas City Royals @ Cleveland Guardians","2026-08-30T18:11:00Z","williamhill_us","h2h_1st_5_innings","2026-08-30T18:52:56Z","Kansas City Royals","","699"
"c30933ae1af977f17e3c51c0dc107680","Kansas City Royals @ Cleveland Guardians","2026-08-30T18:11:00Z","bovada","h2h_1st_5_innings","2026-08-30T18:53:15Z","Cleveland Guardians","","-1800"
"c30933ae1af977f17e3c51c0dc107680","Kansas City Royals @ Cleveland Guardians","2026-08-30T18:11:00Z","bovada","h2h_1st_5_innings","2026-08-30T18:53:15Z","Kansas City Royals","","800"
"c30933ae1af977f17e3c51c0dc107680","Kansas City Royals @ Cleveland Guardians","2026-08-30T18:11:00Z","betmgm","h2h_1st_5_innings","2026-08-30T18:52:22Z","Cleveland Guardians","","-1600"
"c30933ae1af977f17e3c51c0dc107680","Kansas City Royals @ Cleveland Guardians","2026-08-30T18:11:00Z","betmgm","h2h_1st_5_innings","2026-08-30T18:52:22Z","Kansas City Royals","","675"
"c30933ae1af977f17e3c51c0dc107680","Kansas City Royals @ Cleveland Guardians","2026-08-30T18:11:00Z","betrivers","h2h_1st_5_innings","2026-08-30T18:52:31Z","Cleveland Guardians","","-5000"
"c30933ae1af977f17e3c51c0dc107680","Kansas City Royals @ Cleveland Guardians","2026-08-30T18:11:00Z","betrivers","h2h_1st_5_innings","2026-08-30T18:52:31Z","Kansas City Royals","","700"
"c30933ae1af977f17e3c51c0dc107680","Kansas City Royals @ Cleveland Guardians","2026-08-30T18:11:00Z","fanduel","spreads_1st_5_innings","2026-08-30T18:53:30Z","Cleveland Guardians","-2.5","104"
"c30933ae1af977f17e3c51c0dc107680","Kansas City Royals @ Cleveland Guardians","2026-08-30T18:11:00Z","fanduel","spreads_1st_5_innings","2026-08-30T18:53:30Z","Kansas City Royals","2.5","-138"
"c30933ae1af977f17e3c51c0dc107680","Kansas City Royals @ Cleveland Guardians","2026-08-30T18:11:00Z","williamhill_us","spreads_1st_5_innings","2026-08-30T18:52:56Z","Cleveland Guardians","-2.5","-113"
"c30933ae1af977f17e3c51c0dc107680","Kansas City Royals @ Cleveland Guardians","2026-08-30T18:11:00Z","williamhill_us","spreads_1st_5_innings","2026-08-30T18:52:56Z","Kansas City Royals","2.5","-121"
"c30933ae1af977f17e3c51c0dc107680","Kansas City Royals @ Cleveland Guardians","2026-08-30T18:11:00Z","bovada","spreads_1st_5_innings","2026-08-30T18:53:15Z","Cleveland Guardians","-2.5","100"
"c30933ae1af977f17e3c51c0dc107680","Kansas City Royals @ Cleveland Guardians","2026-08-30T18:11:00Z","bovada","spreads_1st_5_innings","2026-08-30T18:53:15Z","Kansas City Royals","2.5","-130"
"c30933ae1af977f17e3c51c0dc107680","Kansas City Royals @ Cleveland Guardians","2026-08-30T18:11:00Z","betmgm","spreads_1st_5_innings","2026-08-30T18:53:25Z","Cleveland Guardians","-2.5","105"
"c30933ae1af977f17e3c51c0dc107680","Kansas City Royals @ Cleveland Guardians","2026-08-30T18:11:00Z","betmgm","spreads_1st_5_innings","2026-08-30T18:53:25Z","Kansas City Royals","2.5","-140"
"c30933ae1af977f17e3c51c0dc107680","Kansas City Royals @ Cleveland Guardians","2026-08-30T18:11:00Z","pinnacle","spreads_1st_5_innings","2026-08-30T18:52:31Z","Cleveland Guardians","-2.5","-115"
"c30933ae1af977f17e3c51c0dc107680","Kansas City Royals @ Cleveland Guardians","2026-08-30T18:11:00Z","pinnacle","spreads_1st_5_innings","2026-08-30T18:52:31Z","Kansas City Royals","2.5","-107"
"c30933ae1af977f17e3c51c0dc107680","Kansas City Royals @ Cleveland Guardians","2026-08-30T18:11:00Z","fanduel","totals_1st_5_innings","2026-08-30T18:53:30Z","Over","6.5","114"
"c30933ae1af977f17e3c51c0dc107680","Kansas City Royals @ Cleveland Guardians","2026-08-30T18:11:00Z","fanduel","totals_1st_5_innings","2026-08-30T18:53:30Z","Under","6.5","-152"
"c30933ae1af977f17e3c51c0dc107680","Kansas City Royals @ Cleveland Guardians","2026-08-30T18:11:00Z","williamhill_us","totals_1st_5_innings","2026-08-30T18:52:56Z","Over","6.5","126"
"c30933ae1af977f17e3c51c0dc107680","Kansas City Royals @ Cleveland Guardians","2026-08-30T18:11:00Z","williamhill_us","totals_1st_5_innings","2026-08-30T18:52:56Z","Under","6.5","-174"
"c30933ae1af977f17e3c51c0dc107680","Kansas City Royals @ Cleveland Guardians","2026-08-30T18:11:00Z","bovada","totals_1st_5_innings","2026-08-30T18:53:15Z","Over","6.5","110"
"c30933ae1af977f17e3c51c0dc107680","Kansas City Royals @ Cleveland Guardians","2026-08-30T18:11:00Z","bovada","totals_1st_5_innings","2026-08-30T18:53:15Z","Under","6.5","-145"
"c30933ae1af977f17e3c51c0dc107680","Kansas City Royals @ Cleveland Guardians","2026-08-30T18:11:00Z","betmgm","totals_1st_5_innings","2026-08-30T18:53:25Z","Over","6.5","105"
"c30933ae1af977f17e3c51c0dc107680","Kansas City Royals @ Cleveland Guardians","2026-08-30T18:11:00Z","betmgm","totals_1st_5_innings","2026-08-30T18:53:25Z","Under","6.5","-140"
"c30933ae1af977f17e3c51c0dc107680","Kansas City Royals @ Cleveland Guardians","2026-08-30T18:11:00Z","pinnacle","totals_1st_5_innings","2026-08-30T18:52:31Z","Over","7","103"
"c30933ae1af977f17e3c51c0dc107680","Kansas City Royals @ Cleveland Guardians","2026-08-30T18:11:00Z","pinnacle","totals_1st_5_innings","2026-08-30T18:52:31Z","Under","7","-132"
"a91d64137833f64718d0174df935abdb","Texas Rangers @ Milwaukee Brewers","2026-08-30T18:11:00Z","fanduel","alternate_totals_1st_5_innings","2026-08-30T18:51:16Z","Over","3.5","-1500"
"a91d64137833f64718d0174df935abdb","Texas Rangers @ Milwaukee Brewers","2026-08-30T18:11:00Z","fanduel","alternate_totals_1st_5_innings","2026-08-30T18:51:16Z","Over","4.5","-425"
"a91d64137833f64718d0174df935abdb","Texas Rangers @ Milwaukee Brewers","2026-08-30T18:11:00Z","fanduel","alternate_totals_1st_5_innings","2026-08-30T18:51:16Z","Over","5.5","-195"
"a91d64137833f64718d0174df935abdb","Texas Rangers @ Milwaukee Brewers","2026-08-30T18:11:00Z","fanduel","alternate_totals_1st_5_innings","2026-08-30T18:51:16Z","Over","6.5","-110"
"a91d64137833f64718d0174df935abdb","Texas Rangers @ Milwaukee Brewers","2026-08-30T18:11:00Z","fanduel","alternate_totals_1st_5_innings","2026-08-30T18:51:16Z","Over","7.5","165"
"a91d64137833f64718d0174df935abdb","Texas Rangers @ Milwaukee Brewers","2026-08-30T18:11:00Z","fanduel","alternate_totals_1st_5_innings","2026-08-30T18:51:16Z","Over","8.5","280"
"a91d64137833f64718d0174df935abdb","Texas Rangers @ Milwaukee Brewers","2026-08-30T18:11:00Z","fanduel","alternate_totals_1st_5_innings","2026-08-30T18:51:16Z","Over","9.5","480"
"a91d64137833f64718d0174df935abdb","Texas Rangers @ Milwaukee Brewers","2026-08-30T18:11:00Z","fanduel","alternate_totals_1st_5_innings","2026-08-30T18:51:16Z","Over","10.5","750"
"a91d64137833f64718d0174df935abdb","Texas Rangers @ Milwaukee Brewers","2026-08-30T18:11:00Z","fanduel","alternate_totals_1st_5_innings","2026-08-30T18:51:16Z","Over","11.5","1200"
"a91d64137833f64718d0174df935abdb","Texas Rangers @ Milwaukee Brewers","2026-08-30T18:11:00Z","fanduel","alternate_totals_1st_5_innings","2026-08-30T18:51:16Z","Under","3.5","800"
"a91d64137833f64718d0174df935abdb","Texas Rangers @ Milwaukee Brewers","2026-08-30T18:11:00Z","fanduel","alternate_totals_1st_5_innings","2026-08-30T18:51:16Z","Under","4.5","270"
"a91d64137833f64718d0174df935abdb","Texas Rangers @ Milwaukee Brewers","2026-08-30T18:11:00Z","fanduel","alternate_totals_1st_5_innings","2026-08-30T18:51:16Z","Under","5.5","130"
"a91d64137833f64718d0174df935abdb","Texas Rangers @ Milwaukee Brewers","2026-08-30T18:11:00Z","fanduel","alternate_totals_1st_5_innings","2026-08-30T18:51:16Z","Under","6.5","-145"
"a91d64137833f64718d0174df935abdb","Texas Rangers @ Milwaukee Brewers","2026-08-30T18:11:00Z","fanduel","alternate_totals_1st_5_innings","2026-08-30T18:51:16Z","Under","7.5","-250"
"a91d64137833f64718d0174df935abdb","Texas Rangers @ Milwaukee Brewers","2026-08-30T18:11:00Z","fanduel","alternate_totals_1st_5_innings","2026-08-30T18:51:16Z","Under","8.5","-450"
"a91d64137833f64718d0174df935abdb","Texas Rangers @ Milwaukee Brewers","2026-08-30T18:11:00Z","fanduel","alternate_totals_1st_5_innings","2026-08-30T18:51:16Z","Under","9.5","-750"
"a91d64137833f64718d0174df935abdb","Texas Rangers @ Milwaukee Brewers","2026-08-30T18:11:00Z","fanduel","alternate_totals_1st_5_innings","2026-08-30T18:51:16Z","Under","10.5","-1500"
"a91d64137833f64718d0174df935abdb","Texas Rangers @ Milwaukee Brewers","2026-08-30T18:11:00Z","fanduel","alternate_totals_1st_5_innings","2026-08-30T18:51:16Z","Under","11.5","-3000"
"a91d64137833f64718d0174df935abdb","Texas Rangers @ Milwaukee Brewers","2026-08-30T18:11:00Z","fanduel","alternate_totals_1st_5_innings","2026-08-30T18:51:16Z","Under","12.5","-7000"
"a91d64137833f64718d0174df935abdb","Texas Rangers @ Milwaukee Brewers","2026-08-30T18:11:00Z","bovada","alternate_totals_1st_5_innings","2026-08-30T18:49:57Z","Over","4.5","-500"
"a91d64137833f64718d0174df935abdb","Texas Rangers @ Milwaukee Brewers","2026-08-30T18:11:00Z","bovada","alternate_totals_1st_5_innings","2026-08-30T18:49:57Z","Over","5.5","-205"
"a91d64137833f64718d0174df935abdb","Texas Rangers @ Milwaukee Brewers","2026-08-30T18:11:00Z","bovada","alternate_totals_1st_5_innings","2026-08-30T18:49:57Z","Over","7.5","185"
"a91d64137833f64718d0174df935abdb","Texas Rangers @ Milwaukee Brewers","2026-08-30T18:11:00Z","bovada","alternate_totals_1st_5_innings","2026-08-30T18:49:57Z","Over","8.5","325"
"a91d64137833f64718d0174df935abdb","Texas Rangers @ Milwaukee Brewers","2026-08-30T18:11:00Z","bovada","alternate_totals_1st_5_innings","2026-08-30T18:49:57Z","Under","4.5","325"
"a91d64137833f64718d0174df935abdb","Texas Rangers @ Milwaukee Brewers","2026-08-30T18:11:00Z","bovada","alternate_totals_1st_5_innings","2026-08-30T18:49:57Z","Under","5.5","155"
"a91d64137833f64718d0174df935abdb","Texas Rangers @ Milwaukee Brewers","2026-08-30T18:11:00Z","bovada","alternate_totals_1st_5_innings","2026-08-30T18:49:57Z","Under","7.5","-250"
"a91d64137833f64718d0174df935abdb","Texas Rangers @ Milwaukee Brewers","2026-08-30T18:11:00Z","bovada","alternate_totals_1st_5_innings","2026-08-30T18:49:57Z","Under","8.5","-500"
"a91d64137833f64718d0174df935abdb","Texas Rangers @ Milwaukee Brewers","2026-08-30T18:11:00Z","pinnacle","alternate_totals_1st_5_innings","2026-08-30T18:53:11Z","Over","4","-411"
"a91d64137833f64718d0174df935abdb","Texas Rangers @ Milwaukee Brewers","2026-08-30T18:11:00Z","pinnacle","alternate_totals_1st_5_innings","2026-08-30T18:53:11Z","Over","4.5","-219"
"a91d64137833f64718d0174df935abdb","Texas Rangers @ Milwaukee Brewers","2026-08-30T18:11:00Z","pinnacle","alternate_totals_1st_5_innings","2026-08-30T18:53:11Z","Over","5","-170"
"a91d64137833f64718d0174df935abdb","Texas Rangers @ Milwaukee Brewers","2026-08-30T18:11:00Z","pinnacle","alternate_totals_1st_5_innings","2026-08-30T18:53:11Z","Over","6","116"
"a91d64137833f64718d0174df935abdb","Texas Rangers @ Milwaukee Brewers","2026-08-30T18:11:00Z","pinnacle","alternate_totals_1st_5_innings","2026-08-30T18:53:11Z","Over","6.5","150"
"a91d64137833f64718d0174df935abdb","Texas Rangers @ Milwaukee Brewers","2026-08-30T18:11:00Z","pinnacle","alternate_totals_1st_5_innings","2026-08-30T18:53:11Z","Over","7","204"
"a91d64137833f64718d0174df935abdb","Texas Rangers @ Milwaukee Brewers","2026-08-30T18:11:00Z","pinnacle","alternate_totals_1st_5_innings","2026-08-30T18:53:11Z","Under","4","289"
"a91d64137833f64718d0174df935abdb","Texas Rangers @ Milwaukee Brewers","2026-08-30T18:11:00Z","pinnacle","alternate_totals_1st_5_innings","2026-08-30T18:53:11Z","Under","4.5","173"
"a91d64137833f64718d0174df935abdb","Texas Rangers @ Milwaukee Brewers","2026-08-30T18:11:00Z","pinnacle","alternate_totals_1st_5_innings","2026-08-30T18:53:11Z","Under","5","132"
"a91d64137833f64718d0174df935abdb","Texas Rangers @ Milwaukee Brewers","2026-08-30T18:11:00Z","pinnacle","alternate_totals_1st_5_innings","2026-08-30T18:53:11Z","Under","6","-149"
"a91d64137833f64718d0174df935abdb","Texas Rangers @ Milwaukee Brewers","2026-08-30T18:11:00Z","pinnacle","alternate_totals_1st_5_innings","2026-08-30T18:53:11Z","Under","6.5","-188"
"a91d64137833f64718d0174df935abdb","Texas Rangers @ Milwaukee Brewers","2026-08-30T18:11:00Z","pinnacle","alternate_totals_1st_5_innings","2026-08-30T18:53:11Z","Under","7","-274"
"a91d64137833f64718d0174df935abdb","Texas Rangers @ Milwaukee Brewers","2026-08-30T18:11:00Z","betmgm","alternate_totals_1st_5_innings","2026-08-30T18:51:29Z","Over","5.5","-210"
"a91d64137833f64718d0174df935abdb","Texas Rangers @ Milwaukee Brewers","2026-08-30T18:11:00Z","betmgm","alternate_totals_1st_5_innings","2026-08-30T18:51:29Z","Over","6.5","-110"
"a91d64137833f64718d0174df935abdb","Texas Rangers @ Milwaukee Brewers","2026-08-30T18:11:00Z","betmgm","alternate_totals_1st_5_innings","2026-08-30T18:51:29Z","Over","7.5","154"
"a91d64137833f64718d0174df935abdb","Texas Rangers @ Milwaukee Brewers","2026-08-30T18:11:00Z","betmgm","alternate_totals_1st_5_innings","2026-08-30T18:51:29Z","Under","5.5","154"
"a91d64137833f64718d0174df935abdb","Texas Rangers @ Milwaukee Brewers","2026-08-30T18:11:00Z","betmgm","alternate_totals_1st_5_innings","2026-08-30T18:51:29Z","Under","6.5","-120"
"a91d64137833f64718d0174df935abdb","Texas Rangers @ Milwaukee Brewers","2026-08-30T18:11:00Z","betmgm","alternate_totals_1st_5_innings","2026-08-30T18:51:29Z","Under","7.5","-210"
"a91d64137833f64718d0174df935abdb","Texas Rangers @ Milwaukee Brewers","2026-08-30T18:11:00Z","betrivers","alternate_totals_1st_5_innings","2026-08-30T18:52:31Z","Over","5.5","-265"
"a91d64137833f64718d0174df935abdb","Texas Rangers @ Milwaukee Brewers","2026-08-30T18:11:00Z","betrivers","alternate_totals_1st_5_innings","2026-08-30T18:52:31Z","Over","6.5","-136"
"a91d64137833f64718d0174df935abdb","Texas Rangers @ Milwaukee Brewers","2026-08-30T18:11:00Z","betrivers","alternate_totals_1st_5_innings","2026-08-30T18:52:31Z","Over","7.5","130"
"a91d64137833f64718d0174df935abdb","Texas Rangers @ Milwaukee Brewers","2026-08-30T18:11:00Z","betrivers","alternate_totals_1st_5_innings","2026-08-30T18:52:31Z","Under","5.5","170"
"a91d64137833f64718d0174df935abdb","Texas Rangers @ Milwaukee Brewers","2026-08-30T18:11:00Z","betrivers","alternate_totals_1st_5_innings","2026-08-30T18:52:31Z","Under","6.5","-108"
"a91d64137833f64718d0174df935abdb","Texas Rangers @ Milwaukee Brewers","2026-08-30T18:11:00Z","betrivers","alternate_totals_1st_5_innings","2026-08-30T18:52:31Z","Under","7.5","-195"
"a91d64137833f64718d0174df935abdb","Texas Rangers @ Milwaukee Brewers","2026-08-30T18:11:00Z","fanduel","h2h_1st_5_innings","2026-08-30T18:51:16Z","Milwaukee Brewers","","-560"
"a91d64137833f64718d0174df935abdb","Texas Rangers @ Milwaukee Brewers","2026-08-30T18:11:00Z","fanduel","h2h_1st_5_innings","2026-08-30T18:51:16Z","Texas Rangers","","370"
"a91d64137833f64718d0174df935abdb","Texas Rangers @ Milwaukee Brewers","2026-08-30T18:11:00Z","williamhill_us","h2h_1st_5_innings","2026-08-30T18:53:11Z","Milwaukee Brewers","","-404"
"a91d64137833f64718d0174df935abdb","Texas Rangers @ Milwaukee Brewers","2026-08-30T18:11:00Z","williamhill_us","h2h_1st_5_innings","2026-08-30T18:53:11Z","Texas Rangers","","262"
"a91d64137833f64718d0174df935abdb","Texas Rangers @ Milwaukee Brewers","2026-08-30T18:11:00Z","bovada","h2h_1st_5_innings","2026-08-30T18:49:57Z","Milwaukee Brewers","","-435"
"a91d64137833f64718d0174df935abdb","Texas Rangers @ Milwaukee Brewers","2026-08-30T18:11:00Z","bovada","h2h_1st_5_innings","2026-08-30T18:49:57Z","Texas Rangers","","290"
"a91d64137833f64718d0174df935abdb","Texas Rangers @ Milwaukee Brewers","2026-08-30T18:11:00Z","betmgm","h2h_1st_5_innings","2026-08-30T18:51:29Z","Milwaukee Brewers","","-450"
"a91d64137833f64718d0174df935abdb","Texas Rangers @ Milwaukee Brewers","2026-08-30T18:11:00Z","betmgm","h2h_1st_5_innings","2026-08-30T18:51:29Z","Texas Rangers","","300"
"a91d64137833f64718d0174df935abdb","Texas Rangers @ Milwaukee Brewers","2026-08-30T18:11:00Z","betrivers","h2h_1st_5_innings","2026-08-30T18:52:31Z","Milwaukee Brewers","","-335"
"a91d64137833f64718d0174df935abdb","Texas Rangers @ Milwaukee Brewers","2026-08-30T18:11:00Z","betrivers","h2h_1st_5_innings","2026-08-30T18:52:31Z","Texas Rangers","","205"
"a91d64137833f64718d0174df935abdb","Texas Rangers @ Milwaukee Brewers","2026-08-30T18:11:00Z","fanduel","spreads_1st_5_innings","2026-08-30T18:51:16Z","Milwaukee Brewers","-1.5","-125"
"a91d64137833f64718d0174df935abdb","Texas Rangers @ Milwaukee Brewers","2026-08-30T18:11:00Z","fanduel","spreads_1st_5_innings","2026-08-30T18:51:16Z","Texas Rangers","1.5","-106"
"a91d64137833f64718d0174df935abdb","Texas Rangers @ Milwaukee Brewers","2026-08-30T18:11:00Z","williamhill_us","spreads_1st_5_innings","2026-08-30T18:53:11Z","Milwaukee Brewers","-1.5","-113"
"a91d64137833f64718d0174df935abdb","Texas Rangers @ Milwaukee Brewers","2026-08-30T18:11:00Z","williamhill_us","spreads_1st_5_innings","2026-08-30T18:53:11Z","Texas Rangers","1.5","-121"
"a91d64137833f64718d0174df935abdb","Texas Rangers @ Milwaukee Brewers","2026-08-30T18:11:00Z","bovada","spreads_1st_5_innings","2026-08-30T18:49:57Z","Milwaukee Brewers","-1.5","-110"
"a91d64137833f64718d0174df935abdb","Texas Rangers @ Milwaukee Brewers","2026-08-30T18:11:00Z","bovada","spreads_1st_5_innings","2026-08-30T18:49:57Z","Texas Rangers","1.5","-120"
"a91d64137833f64718d0174df935abdb","Texas Rangers @ Milwaukee Brewers","2026-08-30T18:11:00Z","pinnacle","spreads_1st_5_innings","2026-08-30T18:53:11Z","Milwaukee Brewers","-2.5","-103"
"a91d64137833f64718d0174df935abdb","Texas Rangers @ Milwaukee Brewers","2026-08-30T18:11:00Z","pinnacle","spreads_1st_5_innings","2026-08-30T18:53:11Z","Texas Rangers","2.5","-120"
"a91d64137833f64718d0174df935abdb","Texas Rangers @ Milwaukee Brewers","2026-08-30T18:11:00Z","betmgm","spreads_1st_5_innings","2026-08-30T18:53:25Z","Milwaukee Brewers","-1.5","-105"
"a91d64137833f64718d0174df935abdb","Texas Rangers @ Milwaukee Brewers","2026-08-30T18:11:00Z","betmgm","spreads_1st_5_innings","2026-08-30T18:53:25Z","Texas Rangers","1.5","-125"
"a91d64137833f64718d0174df935abdb","Texas Rangers @ Milwaukee Brewers","2026-08-30T18:11:00Z","fanduel","totals_1st_5_innings","2026-08-30T18:51:16Z","Over","6.5","102"
"a91d64137833f64718d0174df935abdb","Texas Rangers @ Milwaukee Brewers","2026-08-30T18:11:00Z","fanduel","totals_1st_5_innings","2026-08-30T18:51:16Z","Under","6.5","-136"
"a91d64137833f64718d0174df935abdb","Texas Rangers @ Milwaukee Brewers","2026-08-30T18:11:00Z","williamhill_us","totals_1st_5_innings","2026-08-30T18:53:11Z","Over","6.5","100"
"a91d64137833f64718d0174df935abdb","Texas Rangers @ Milwaukee Brewers","2026-08-30T18:11:00Z","williamhill_us","totals_1st_5_innings","2026-08-30T18:53:11Z","Under","6.5","-137"
"a91d64137833f64718d0174df935abdb","Texas Rangers @ Milwaukee Brewers","2026-08-30T18:11:00Z","bovada","totals_1st_5_innings","2026-08-30T18:49:57Z","Over","6.5","100"
"a91d64137833f64718d0174df935abdb","Texas Rangers @ Milwaukee Brewers","2026-08-30T18:11:00Z","bovada","totals_1st_5_innings","2026-08-30T18:49:57Z","Under","6.5","-130"
"a91d64137833f64718d0174df935abdb","Texas Rangers @ Milwaukee Brewers","2026-08-30T18:11:00Z","pinnacle","totals_1st_5_innings","2026-08-30T18:53:11Z","Over","5.5","-115"
"a91d64137833f64718d0174df935abdb","Texas Rangers @ Milwaukee Brewers","2026-08-30T18:11:00Z","pinnacle","totals_1st_5_innings","2026-08-30T18:53:11Z","Under","5.5","-107"
"a91d64137833f64718d0174df935abdb","Texas Rangers @ Milwaukee Brewers","2026-08-30T18:11:00Z","betmgm","totals_1st_5_innings","2026-08-30T18:53:25Z","Over","6.5","-125"
"a91d64137833f64718d0174df935abdb","Texas Rangers @ Milwaukee Brewers","2026-08-30T18:11:00Z","betmgm","totals_1st_5_innings","2026-08-30T18:53:25Z","Under","6.5","-105"
"d487524ecd9c4b4fcea5c92c7f2081a4","Pittsburgh Pirates @ St. Louis Cardinals","2026-08-30T18:16:00Z","fanduel","alternate_totals_1st_5_innings","2026-08-30T18:52:42Z","Over","2.5","-700"
"d487524ecd9c4b4fcea5c92c7f2081a4","Pittsburgh Pirates @ St. Louis Cardinals","2026-08-30T18:16:00Z","fanduel","alternate_totals_1st_5_innings","2026-08-30T18:52:42Z","Over","3.5","-220"
"d487524ecd9c4b4fcea5c92c7f2081a4","Pittsburgh Pirates @ St. Louis Cardinals","2026-08-30T18:16:00Z","fanduel","alternate_totals_1st_5_innings","2026-08-30T18:52:42Z","Over","4.5","-105"
"d487524ecd9c4b4fcea5c92c7f2081a4","Pittsburgh Pirates @ St. Louis Cardinals","2026-08-30T18:16:00Z","fanduel","alternate_totals_1st_5_innings","2026-08-30T18:52:42Z","Over","5.5","185"
"d487524ecd9c4b4fcea5c92c7f2081a4","Pittsburgh Pirates @ St. Louis Cardinals","2026-08-30T18:16:00Z","fanduel","alternate_totals_1st_5_innings","2026-08-30T18:52:42Z","Over","6.5","320"
"d487524ecd9c4b4fcea5c92c7f2081a4","Pittsburgh Pirates @ St. Louis Cardinals","2026-08-30T18:16:00Z","fanduel","alternate_totals_1st_5_innings","2026-08-30T18:52:42Z","Over","7.5","600"
"d487524ecd9c4b4fcea5c92c7f2081a4","Pittsburgh Pirates @ St. Louis Cardinals","2026-08-30T18:16:00Z","fanduel","alternate_totals_1st_5_innings","2026-08-30T18:52:42Z","Over","8.5","1000"
"d487524ecd9c4b4fcea5c92c7f2081a4","Pittsburgh Pirates @ St. Louis Cardinals","2026-08-30T18:16:00Z","fanduel","alternate_totals_1st_5_innings","2026-08-30T18:52:42Z","Under","2.5","420"
"d487524ecd9c4b4fcea5c92c7f2081a4","Pittsburgh Pirates @ St. Louis Cardinals","2026-08-30T18:16:00Z","fanduel","alternate_totals_1st_5_innings","2026-08-30T18:52:42Z","Under","3.5","145"
"d487524ecd9c4b4fcea5c92c7f2081a4","Pittsburgh Pirates @ St. Louis Cardinals","2026-08-30T18:16:00Z","fanduel","alternate_totals_1st_5_innings","2026-08-30T18:52:42Z","Under","4.5","-150"
"d487524ecd9c4b4fcea5c92c7f2081a4","Pittsburgh Pirates @ St. Louis Cardinals","2026-08-30T18:16:00Z","fanduel","alternate_totals_1st_5_innings","2026-08-30T18:52:42Z","Under","5.5","-280"
"d487524ecd9c4b4fcea5c92c7f2081a4","Pittsburgh Pirates @ St. Louis Cardinals","2026-08-30T18:16:00Z","fanduel","alternate_totals_1st_5_innings","2026-08-30T18:52:42Z","Under","6.5","-500"
"d487524ecd9c4b4fcea5c92c7f2081a4","Pittsburgh Pirates @ St. Louis Cardinals","2026-08-30T18:16:00Z","fanduel","alternate_totals_1st_5_innings","2026-08-30T18:52:42Z","Under","7.5","-1100"
"d487524ecd9c4b4fcea5c92c7f2081a4","Pittsburgh Pirates @ St. Louis Cardinals","2026-08-30T18:16:00Z","fanduel","alternate_totals_1st_5_innings","2026-08-30T18:52:42Z","Under","8.5","-2000"
"d487524ecd9c4b4fcea5c92c7f2081a4","Pittsburgh Pirates @ St. Louis Cardinals","2026-08-30T18:16:00Z","fanduel","alternate_totals_1st_5_innings","2026-08-30T18:52:42Z","Under","9.5","-7000"
"d487524ecd9c4b4fcea5c92c7f2081a4","Pittsburgh Pirates @ St. Louis Cardinals","2026-08-30T18:16:00Z","bovada","alternate_totals_1st_5_innings","2026-08-30T18:52:09Z","Over","2.5","-900"
"d487524ecd9c4b4fcea5c92c7f2081a4","Pittsburgh Pirates @ St. Louis Cardinals","2026-08-30T18:16:00Z","bovada","alternate_totals_1st_5_innings","2026-08-30T18:52:09Z","Over","3.5","-250"
"d487524ecd9c4b4fcea5c92c7f2081a4","Pittsburgh Pirates @ St. Louis Cardinals","2026-08-30T18:16:00Z","bovada","alternate_totals_1st_5_innings","2026-08-30T18:52:09Z","Over","5.5","180"
"d487524ecd9c4b4fcea5c92c7f2081a4","Pittsburgh Pirates @ St. Louis Cardinals","2026-08-30T18:16:00Z","bovada","alternate_totals_1st_5_innings","2026-08-30T18:52:09Z","Over","6.5","325"
"d487524ecd9c4b4fcea5c92c7f2081a4","Pittsburgh Pirates @ St. Louis Cardinals","2026-08-30T18:16:00Z","bovada","alternate_totals_1st_5_innings","2026-08-30T18:52:09Z","Under","2.5","500"
"d487524ecd9c4b4fcea5c92c7f2081a4","Pittsburgh Pirates @ St. Louis Cardinals","2026-08-30T18:16:00Z","bovada","alternate_totals_1st_5_innings","2026-08-30T18:52:09Z","Under","3.5","185"
"d487524ecd9c4b4fcea5c92c7f2081a4","Pittsburgh Pirates @ St. Louis Cardinals","2026-08-30T18:16:00Z","bovada","alternate_totals_1st_5_innings","2026-08-30T18:52:09Z","Under","5.5","-240"
"d487524ecd9c4b4fcea5c92c7f2081a4","Pittsburgh Pirates @ St. Louis Cardinals","2026-08-30T18:16:00Z","bovada","alternate_totals_1st_5_innings","2026-08-30T18:52:09Z","Under","6.5","-500"
"d487524ecd9c4b4fcea5c92c7f2081a4","Pittsburgh Pirates @ St. Louis Cardinals","2026-08-30T18:16:00Z","betmgm","alternate_totals_1st_5_innings","2026-08-30T18:52:55Z","Over","5.5","200"
"d487524ecd9c4b4fcea5c92c7f2081a4","Pittsburgh Pirates @ St. Louis Cardinals","2026-08-30T18:16:00Z","betmgm","alternate_totals_1st_5_innings","2026-08-30T18:52:55Z","Over","4.5","110"
"d487524ecd9c4b4fcea5c92c7f2081a4","Pittsburgh Pirates @ St. Louis Cardinals","2026-08-30T18:16:00Z","betmgm","alternate_totals_1st_5_innings","2026-08-30T18:52:55Z","Over","3.5","-200"
"d487524ecd9c4b4fcea5c92c7f2081a4","Pittsburgh Pirates @ St. Louis Cardinals","2026-08-30T18:16:00Z","betmgm","alternate_totals_1st_5_innings","2026-08-30T18:52:55Z","Under","5.5","-275"
"d487524ecd9c4b4fcea5c92c7f2081a4","Pittsburgh Pirates @ St. Louis Cardinals","2026-08-30T18:16:00Z","betmgm","alternate_totals_1st_5_innings","2026-08-30T18:52:55Z","Under","4.5","-150"
"d487524ecd9c4b4fcea5c92c7f2081a4","Pittsburgh Pirates @ St. Louis Cardinals","2026-08-30T18:16:00Z","betmgm","alternate_totals_1st_5_innings","2026-08-30T18:52:55Z","Under","3.5","145"
"d487524ecd9c4b4fcea5c92c7f2081a4","Pittsburgh Pirates @ St. Louis Cardinals","2026-08-30T18:16:00Z","pinnacle","alternate_totals_1st_5_innings","2026-08-30T18:53:13Z","Over","4","-336"
"d487524ecd9c4b4fcea5c92c7f2081a4","Pittsburgh Pirates @ St. Louis Cardinals","2026-08-30T18:16:00Z","pinnacle","alternate_totals_1st_5_innings","2026-08-30T18:53:13Z","Over","4.5","-187"
"d487524ecd9c4b4fcea5c92c7f2081a4","Pittsburgh Pirates @ St. Louis Cardinals","2026-08-30T18:16:00Z","pinnacle","alternate_totals_1st_5_innings","2026-08-30T18:53:13Z","Over","5","-143"
"d487524ecd9c4b4fcea5c92c7f2081a4","Pittsburgh Pirates @ St. Louis Cardinals","2026-08-30T18:16:00Z","pinnacle","alternate_totals_1st_5_innings","2026-08-30T18:53:13Z","Over","6","136"
"d487524ecd9c4b4fcea5c92c7f2081a4","Pittsburgh Pirates @ St. Louis Cardinals","2026-08-30T18:16:00Z","pinnacle","alternate_totals_1st_5_innings","2026-08-30T18:53:13Z","Over","6.5","172"
"d487524ecd9c4b4fcea5c92c7f2081a4","Pittsburgh Pirates @ St. Louis Cardinals","2026-08-30T18:16:00Z","pinnacle","alternate_totals_1st_5_innings","2026-08-30T18:53:13Z","Over","7","238"
"d487524ecd9c4b4fcea5c92c7f2081a4","Pittsburgh Pirates @ St. Louis Cardinals","2026-08-30T18:16:00Z","pinnacle","alternate_totals_1st_5_innings","2026-08-30T18:53:13Z","Under","4","243"
"d487524ecd9c4b4fcea5c92c7f2081a4","Pittsburgh Pirates @ St. Louis Cardinals","2026-08-30T18:16:00Z","pinnacle","alternate_totals_1st_5_innings","2026-08-30T18:53:13Z","Under","4.5","150"
"d487524ecd9c4b4fcea5c92c7f2081a4","Pittsburgh Pirates @ St. Louis Cardinals","2026-08-30T18:16:00Z","pinnacle","alternate_totals_1st_5_innings","2026-08-30T18:53:13Z","Under","5","112"
"d487524ecd9c4b4fcea5c92c7f2081a4","Pittsburgh Pirates @ St. Louis Cardinals","2026-08-30T18:16:00Z","pinnacle","alternate_totals_1st_5_innings","2026-08-30T18:53:13Z","Under","6","-175"
"d487524ecd9c4b4fcea5c92c7f2081a4","Pittsburgh Pirates @ St. Louis Cardinals","2026-08-30T18:16:00Z","pinnacle","alternate_totals_1st_5_innings","2026-08-30T18:53:13Z","Under","6.5","-217"
"d487524ecd9c4b4fcea5c92c7f2081a4","Pittsburgh Pirates @ St. Louis Cardinals","2026-08-30T18:16:00Z","pinnacle","alternate_totals_1st_5_innings","2026-08-30T18:53:13Z","Under","7","-327"
"d487524ecd9c4b4fcea5c92c7f2081a4","Pittsburgh Pirates @ St. Louis Cardinals","2026-08-30T18:16:00Z","fanduel","h2h_1st_5_innings","2026-08-30T18:52:42Z","Pittsburgh Pirates","","-1200"
"d487524ecd9c4b4fcea5c92c7f2081a4","Pittsburgh Pirates @ St. Louis Cardinals","2026-08-30T18:16:00Z","fanduel","h2h_1st_5_innings","2026-08-30T18:52:42Z","St. Louis Cardinals","","630"
"d487524ecd9c4b4fcea5c92c7f2081a4","Pittsburgh Pirates @ St. Louis Cardinals","2026-08-30T18:16:00Z","williamhill_us","h2h_1st_5_innings","2026-08-30T18:53:11Z","Pittsburgh Pirates","","-1104"
"d487524ecd9c4b4fcea5c92c7f2081a4","Pittsburgh Pirates @ St. Louis Cardinals","2026-08-30T18:16:00Z","williamhill_us","h2h_1st_5_innings","2026-08-30T18:53:11Z","St. Louis Cardinals","","522"
"d487524ecd9c4b4fcea5c92c7f2081a4","Pittsburgh Pirates @ St. Louis Cardinals","2026-08-30T18:16:00Z","bovada","h2h_1st_5_innings","2026-08-30T18:52:09Z","Pittsburgh Pirates","","-1100"
"d487524ecd9c4b4fcea5c92c7f2081a4","Pittsburgh Pirates @ St. Louis Cardinals","2026-08-30T18:16:00Z","bovada","h2h_1st_5_innings","2026-08-30T18:52:09Z","St. Louis Cardinals","","600"
"d487524ecd9c4b4fcea5c92c7f2081a4","Pittsburgh Pirates @ St. Louis Cardinals","2026-08-30T18:16:00Z","betmgm","h2h_1st_5_innings","2026-08-30T18:52:55Z","Pittsburgh Pirates","","-1100"
"d487524ecd9c4b4fcea5c92c7f2081a4","Pittsburgh Pirates @ St. Louis Cardinals","2026-08-30T18:16:00Z","betmgm","h2h_1st_5_innings","2026-08-30T18:52:55Z","St. Louis Cardinals","","575"
"d487524ecd9c4b4fcea5c92c7f2081a4","Pittsburgh Pirates @ St. Louis Cardinals","2026-08-30T18:16:00Z","fanduel","spreads_1st_5_innings","2026-08-30T18:52:42Z","Pittsburgh Pirates","-2.5","128"
"d487524ecd9c4b4fcea5c92c7f2081a4","Pittsburgh Pirates @ St. Louis Cardinals","2026-08-30T18:16:00Z","fanduel","spreads_1st_5_innings","2026-08-30T18:52:42Z","St. Louis Cardinals","2.5","-172"
"d487524ecd9c4b4fcea5c92c7f2081a4","Pittsburgh Pirates @ St. Louis Cardinals","2026-08-30T18:16:00Z","williamhill_us","spreads_1st_5_innings","2026-08-30T18:53:11Z","Pittsburgh Pirates","-2.5","126"
"d487524ecd9c4b4fcea5c92c7f2081a4","Pittsburgh Pirates @ St. Louis Cardinals","2026-08-30T18:16:00Z","williamhill_us","spreads_1st_5_innings","2026-08-30T18:53:11Z","St. Louis Cardinals","2.5","-174"
"d487524ecd9c4b4fcea5c92c7f2081a4","Pittsburgh Pirates @ St. Louis Cardinals","2026-08-30T18:16:00Z","bovada","spreads_1st_5_innings","2026-08-30T18:52:09Z","Pittsburgh Pirates","-2.5","125"
"d487524ecd9c4b4fcea5c92c7f2081a4","Pittsburgh Pirates @ St. Louis Cardinals","2026-08-30T18:16:00Z","bovada","spreads_1st_5_innings","2026-08-30T18:52:09Z","St. Louis Cardinals","2.5","-165"
"d487524ecd9c4b4fcea5c92c7f2081a4","Pittsburgh Pirates @ St. Louis Cardinals","2026-08-30T18:16:00Z","betmgm","spreads_1st_5_innings","2026-08-30T18:53:25Z","Pittsburgh Pirates","-2.5","135"
"d487524ecd9c4b4fcea5c92c7f2081a4","Pittsburgh Pirates @ St. Louis Cardinals","2026-08-30T18:16:00Z","betmgm","spreads_1st_5_innings","2026-08-30T18:53:25Z","St. Louis Cardinals","2.5","-185"
"d487524ecd9c4b4fcea5c92c7f2081a4","Pittsburgh Pirates @ St. Louis Cardinals","2026-08-30T18:16:00Z","pinnacle","spreads_1st_5_innings","2026-08-30T18:53:13Z","Pittsburgh Pirates","-2.5","-101"
"d487524ecd9c4b4fcea5c92c7f2081a4","Pittsburgh Pirates @ St. Louis Cardinals","2026-08-30T18:16:00Z","pinnacle","spreads_1st_5_innings","2026-08-30T18:53:13Z","St. Louis Cardinals","2.5","-122"
"d487524ecd9c4b4fcea5c92c7f2081a4","Pittsburgh Pirates @ St. Louis Cardinals","2026-08-30T18:16:00Z","fanduel","totals_1st_5_innings","2026-08-30T18:52:42Z","Over","4.5","102"
"d487524ecd9c4b4fcea5c92c7f2081a4","Pittsburgh Pirates @ St. Louis Cardinals","2026-08-30T18:16:00Z","fanduel","totals_1st_5_innings","2026-08-30T18:52:42Z","Under","4.5","-136"
"d487524ecd9c4b4fcea5c92c7f2081a4","Pittsburgh Pirates @ St. Louis Cardinals","2026-08-30T18:16:00Z","williamhill_us","totals_1st_5_innings","2026-08-30T18:53:11Z","Over","4.5","104"
"d487524ecd9c4b4fcea5c92c7f2081a4","Pittsburgh Pirates @ St. Louis Cardinals","2026-08-30T18:16:00Z","williamhill_us","totals_1st_5_innings","2026-08-30T18:53:11Z","Under","4.5","-142"
"d487524ecd9c4b4fcea5c92c7f2081a4","Pittsburgh Pirates @ St. Louis Cardinals","2026-08-30T18:16:00Z","bovada","totals_1st_5_innings","2026-08-30T18:52:09Z","Over","4.5","-115"
"d487524ecd9c4b4fcea5c92c7f2081a4","Pittsburgh Pirates @ St. Louis Cardinals","2026-08-30T18:16:00Z","bovada","totals_1st_5_innings","2026-08-30T18:52:09Z","Under","4.5","-115"
"d487524ecd9c4b4fcea5c92c7f2081a4","Pittsburgh Pirates @ St. Louis Cardinals","2026-08-30T18:16:00Z","betmgm","totals_1st_5_innings","2026-08-30T18:53:25Z","Over","4.5","110"
"d487524ecd9c4b4fcea5c92c7f2081a4","Pittsburgh Pirates @ St. Louis Cardinals","2026-08-30T18:16:00Z","betmgm","totals_1st_5_innings","2026-08-30T18:53:25Z","Under","4.5","-150"
"d487524ecd9c4b4fcea5c92c7f2081a4","Pittsburgh Pirates @ St. Louis Cardinals","2026-08-30T18:16:00Z","pinnacle","totals_1st_5_innings","2026-08-30T18:53:13Z","Over","5.5","100"
"d487524ecd9c4b4fcea5c92c7f2081a4","Pittsburgh Pirates @ St. Louis Cardinals","2026-08-30T18:16:00Z","pinnacle","totals_1st_5_innings","2026-08-30T18:53:13Z","Under","5.5","-123"
"369e8c1f02400fd5e4528e7397bdcde6","Los Angeles Dodgers @ Detroit Tigers","2026-08-30T18:37:00Z","fanduel","alternate_totals_1st_5_innings","2026-08-30T18:52:42Z","Over","0.5","-1100"
"369e8c1f02400fd5e4528e7397bdcde6","Los Angeles Dodgers @ Detroit Tigers","2026-08-30T18:37:00Z","fanduel","alternate_totals_1st_5_innings","2026-08-30T18:52:42Z","Over","1.5","-340"
"369e8c1f02400fd5e4528e7397bdcde6","Los Angeles Dodgers @ Detroit Tigers","2026-08-30T18:37:00Z","fanduel","alternate_totals_1st_5_innings","2026-08-30T18:52:42Z","Over","2.5","-165"
"369e8c1f02400fd5e4528e7397bdcde6","Los Angeles Dodgers @ Detroit Tigers","2026-08-30T18:37:00Z","fanduel","alternate_totals_1st_5_innings","2026-08-30T18:52:42Z","Over","3.5","120"
"369e8c1f02400fd5e4528e7397bdcde6","Los Angeles Dodgers @ Detroit Tigers","2026-08-30T18:37:00Z","fanduel","alternate_totals_1st_5_innings","2026-08-30T18:52:42Z","Over","4.5","210"
"369e8c1f02400fd5e4528e7397bdcde6","Los Angeles Dodgers @ Detroit Tigers","2026-08-30T18:37:00Z","fanduel","alternate_totals_1st_5_innings","2026-08-30T18:52:42Z","Over","5.5","370"
"369e8c1f02400fd5e4528e7397bdcde6","Los Angeles Dodgers @ Detroit Tigers","2026-08-30T18:37:00Z","fanduel","alternate_totals_1st_5_innings","2026-08-30T18:52:42Z","Over","6.5","600"
"369e8c1f02400fd5e4528e7397bdcde6","Los Angeles Dodgers @ Detroit Tigers","2026-08-30T18:37:00Z","fanduel","alternate_totals_1st_5_innings","2026-08-30T18:52:42Z","Over","7.5","1000"
"369e8c1f02400fd5e4528e7397bdcde6","Los Angeles Dodgers @ Detroit Tigers","2026-08-30T18:37:00Z","fanduel","alternate_totals_1st_5_innings","2026-08-30T18:52:42Z","Under","0.5","600"
"369e8c1f02400fd5e4528e7397bdcde6","Los Angeles Dodgers @ Detroit Tigers","2026-08-30T18:37:00Z","fanduel","alternate_totals_1st_5_innings","2026-08-30T18:52:42Z","Under","1.5","220"
"369e8c1f02400fd5e4528e7397bdcde6","Los Angeles Dodgers @ Detroit Tigers","2026-08-30T18:37:00Z","fanduel","alternate_totals_1st_5_innings","2026-08-30T18:52:42Z","Under","2.5","105"
"369e8c1f02400fd5e4528e7397bdcde6","Los Angeles Dodgers @ Detroit Tigers","2026-08-30T18:37:00Z","fanduel","alternate_totals_1st_5_innings","2026-08-30T18:52:42Z","Under","3.5","-185"
"369e8c1f02400fd5e4528e7397bdcde6","Los Angeles Dodgers @ Detroit Tigers","2026-08-30T18:37:00Z","fanduel","alternate_totals_1st_5_innings","2026-08-30T18:52:42Z","Under","4.5","-330"
"369e8c1f02400fd5e4528e7397bdcde6","Los Angeles Dodgers @ Detroit Tigers","2026-08-30T18:37:00Z","fanduel","alternate_totals_1st_5_innings","2026-08-30T18:52:42Z","Under","5.5","-600"
"369e8c1f02400fd5e4528e7397bdcde6","Los Angeles Dodgers @ Detroit Tigers","2026-08-30T18:37:00Z","fanduel","alternate_totals_1st_5_innings","2026-08-30T18:52:42Z","Under","6.5","-1100"
"369e8c1f02400fd5e4528e7397bdcde6","Los Angeles Dodgers @ Detroit Tigers","2026-08-30T18:37:00Z","fanduel","alternate_totals_1st_5_innings","2026-08-30T18:52:42Z","Under","7.5","-2000"
"369e8c1f02400fd5e4528e7397bdcde6","Los Angeles Dodgers @ Detroit Tigers","2026-08-30T18:37:00Z","fanduel","alternate_totals_1st_5_innings","2026-08-30T18:52:42Z","Under","8.5","-4000"
"369e8c1f02400fd5e4528e7397bdcde6","Los Angeles Dodgers @ Detroit Tigers","2026-08-30T18:37:00Z","bovada","alternate_totals_1st_5_innings","2026-08-30T18:52:09Z","Over","1.5","-410"
"369e8c1f02400fd5e4528e7397bdcde6","Los Angeles Dodgers @ Detroit Tigers","2026-08-30T18:37:00Z","bovada","alternate_totals_1st_5_innings","2026-08-30T18:52:09Z","Over","2.5","-170"
"369e8c1f02400fd5e4528e7397bdcde6","Los Angeles Dodgers @ Detroit Tigers","2026-08-30T18:37:00Z","bovada","alternate_totals_1st_5_innings","2026-08-30T18:52:09Z","Over","4.5","220"
"369e8c1f02400fd5e4528e7397bdcde6","Los Angeles Dodgers @ Detroit Tigers","2026-08-30T18:37:00Z","bovada","alternate_totals_1st_5_innings","2026-08-30T18:52:09Z","Over","5.5","350"
"369e8c1f02400fd5e4528e7397bdcde6","Los Angeles Dodgers @ Detroit Tigers","2026-08-30T18:37:00Z","bovada","alternate_totals_1st_5_innings","2026-08-30T18:52:09Z","Under","1.5","280"
"369e8c1f02400fd5e4528e7397bdcde6","Los Angeles Dodgers @ Detroit Tigers","2026-08-30T18:37:00Z","bovada","alternate_totals_1st_5_innings","2026-08-30T18:52:09Z","Under","2.5","130"
"369e8c1f02400fd5e4528e7397bdcde6","Los Angeles Dodgers @ Detroit Tigers","2026-08-30T18:37:00Z","bovada","alternate_totals_1st_5_innings","2026-08-30T18:52:09Z","Under","4.5","-300"
"369e8c1f02400fd5e4528e7397bdcde6","Los Angeles Dodgers @ Detroit Tigers","2026-08-30T18:37:00Z","bovada","alternate_totals_1st_5_innings","2026-08-30T18:52:09Z","Under","5.5","-550"
"369e8c1f02400fd5e4528e7397bdcde6","Los Angeles Dodgers @ Detroit Tigers","2026-08-30T18:37:00Z","betrivers","alternate_totals_1st_5_innings","2026-08-30T18:52:32Z","Over","3.5","125"
"369e8c1f02400fd5e4528e7397bdcde6","Los Angeles Dodgers @ Detroit Tigers","2026-08-30T18:37:00Z","betrivers","alternate_totals_1st_5_innings","2026-08-30T18:52:32Z","Over","2.5","-155"
"369e8c1f02400fd5e4528e7397bdcde6","Los Angeles Dodgers @ Detroit Tigers","2026-08-30T18:37:00Z","betrivers","alternate_totals_1st_5_innings","2026-08-30T18:52:32Z","Under","3.5","-186"
"369e8c1f02400fd5e4528e7397bdcde6","Los Angeles Dodgers @ Detroit Tigers","2026-08-30T18:37:00Z","betrivers","alternate_totals_1st_5_innings","2026-08-30T18:52:32Z","Under","2.5","105"
"369e8c1f02400fd5e4528e7397bdcde6","Los Angeles Dodgers @ Detroit Tigers","2026-08-30T18:37:00Z","pinnacle","alternate_totals_1st_5_innings","2026-08-30T18:41:44Z","Over","3","-197"
"369e8c1f02400fd5e4528e7397bdcde6","Los Angeles Dodgers @ Detroit Tigers","2026-08-30T18:37:00Z","pinnacle","alternate_totals_1st_5_innings","2026-08-30T18:41:44Z","Over","3.5","-131"
"369e8c1f02400fd5e4528e7397bdcde6","Los Angeles Dodgers @ Detroit Tigers","2026-08-30T18:37:00Z","pinnacle","alternate_totals_1st_5_innings","2026-08-30T18:41:44Z","Over","4.5","134"
"369e8c1f02400fd5e4528e7397bdcde6","Los Angeles Dodgers @ Detroit Tigers","2026-08-30T18:37:00Z","pinnacle","alternate_totals_1st_5_innings","2026-08-30T18:41:44Z","Over","5","181"
"369e8c1f02400fd5e4528e7397bdcde6","Los Angeles Dodgers @ Detroit Tigers","2026-08-30T18:37:00Z","pinnacle","alternate_totals_1st_5_innings","2026-08-30T18:41:44Z","Under","3","168"
"369e8c1f02400fd5e4528e7397bdcde6","Los Angeles Dodgers @ Detroit Tigers","2026-08-30T18:37:00Z","pinnacle","alternate_totals_1st_5_innings","2026-08-30T18:41:44Z","Under","3.5","114"
"369e8c1f02400fd5e4528e7397bdcde6","Los Angeles Dodgers @ Detroit Tigers","2026-08-30T18:37:00Z","pinnacle","alternate_totals_1st_5_innings","2026-08-30T18:41:44Z","Under","4.5","-155"
"369e8c1f02400fd5e4528e7397bdcde6","Los Angeles Dodgers @ Detroit Tigers","2026-08-30T18:37:00Z","pinnacle","alternate_totals_1st_5_innings","2026-08-30T18:41:44Z","Under","5","-213"
"369e8c1f02400fd5e4528e7397bdcde6","Los Angeles Dodgers @ Detroit Tigers","2026-08-30T18:37:00Z","betmgm","alternate_totals_1st_5_innings","2026-08-30T18:50:59Z","Over","2.5","-165"
"369e8c1f02400fd5e4528e7397bdcde6","Los Angeles Dodgers @ Detroit Tigers","2026-08-30T18:37:00Z","betmgm","alternate_totals_1st_5_innings","2026-08-30T18:50:59Z","Over","4.5","185"
"369e8c1f02400fd5e4528e7397bdcde6","Los Angeles Dodgers @ Detroit Tigers","2026-08-30T18:37:00Z","betmgm","alternate_totals_1st_5_innings","2026-08-30T18:50:59Z","Over","3.5","110"
"369e8c1f02400fd5e4528e7397bdcde6","Los Angeles Dodgers @ Detroit Tigers","2026-08-30T18:37:00Z","betmgm","alternate_totals_1st_5_innings","2026-08-30T18:50:59Z","Under","2.5","125"
"369e8c1f02400fd5e4528e7397bdcde6","Los Angeles Dodgers @ Detroit Tigers","2026-08-30T18:37:00Z","betmgm","alternate_totals_1st_5_innings","2026-08-30T18:50:59Z","Under","4.5","-250"
"369e8c1f02400fd5e4528e7397bdcde6","Los Angeles Dodgers @ Detroit Tigers","2026-08-30T18:37:00Z","betmgm","alternate_totals_1st_5_innings","2026-08-30T18:50:59Z","Under","3.5","-150"
"369e8c1f02400fd5e4528e7397bdcde6","Los Angeles Dodgers @ Detroit Tigers","2026-08-30T18:37:00Z","fanduel","h2h_1st_5_innings","2026-08-30T18:52:42Z","Detroit Tigers","","130"
"369e8c1f02400fd5e4528e7397bdcde6","Los Angeles Dodgers @ Detroit Tigers","2026-08-30T18:37:00Z","fanduel","h2h_1st_5_innings","2026-08-30T18:52:42Z","Los Angeles Dodgers","","-166"
"369e8c1f02400fd5e4528e7397bdcde6","Los Angeles Dodgers @ Detroit Tigers","2026-08-30T18:37:00Z","williamhill_us","h2h_1st_5_innings","2026-08-30T18:53:13Z","Detroit Tigers","","120"
"369e8c1f02400fd5e4528e7397bdcde6","Los Angeles Dodgers @ Detroit Tigers","2026-08-30T18:37:00Z","williamhill_us","h2h_1st_5_innings","2026-08-30T18:53:13Z","Los Angeles Dodgers","","-166"
"369e8c1f02400fd5e4528e7397bdcde6","Los Angeles Dodgers @ Detroit Tigers","2026-08-30T18:37:00Z","bovada","h2h_1st_5_innings","2026-08-30T18:52:09Z","Detroit Tigers","","125"
"369e8c1f02400fd5e4528e7397bdcde6","Los Angeles Dodgers @ Detroit Tigers","2026-08-30T18:37:00Z","bovada","h2h_1st_5_innings","2026-08-30T18:52:09Z","Los Angeles Dodgers","","-165"
"369e8c1f02400fd5e4528e7397bdcde6","Los Angeles Dodgers @ Detroit Tigers","2026-08-30T18:37:00Z","betrivers","h2h_1st_5_innings","2026-08-30T18:52:32Z","Detroit Tigers","","118"
"369e8c1f02400fd5e4528e7397bdcde6","Los Angeles Dodgers @ Detroit Tigers","2026-08-30T18:37:00Z","betrivers","h2h_1st_5_innings","2026-08-30T18:52:32Z","Los Angeles Dodgers","","-177"
"369e8c1f02400fd5e4528e7397bdcde6","Los Angeles Dodgers @ Detroit Tigers","2026-08-30T18:37:00Z","betmgm","h2h_1st_5_innings","2026-08-30T18:50:59Z","Detroit Tigers","","150"
"369e8c1f02400fd5e4528e7397bdcde6","Los Angeles Dodgers @ Detroit Tigers","2026-08-30T18:37:00Z","betmgm","h2h_1st_5_innings","2026-08-30T18:50:59Z","Los Angeles Dodgers","","-200"
"369e8c1f02400fd5e4528e7397bdcde6","Los Angeles Dodgers @ Detroit Tigers","2026-08-30T18:37:00Z","fanduel","spreads_1st_5_innings","2026-08-30T18:52:42Z","Detroit Tigers","0.5","-138"
"369e8c1f02400fd5e4528e7397bdcde6","Los Angeles Dodgers @ Detroit Tigers","2026-08-30T18:37:00Z","fanduel","spreads_1st_5_innings","2026-08-30T18:52:42Z","Los Angeles Dodgers","-0.5","104"
"369e8c1f02400fd5e4528e7397bdcde6","Los Angeles Dodgers @ Detroit Tigers","2026-08-30T18:37:00Z","williamhill_us","spreads_1st_5_innings","2026-08-30T18:53:13Z","Detroit Tigers","0.5","-137"
"369e8c1f02400fd5e4528e7397bdcde6","Los Angeles Dodgers @ Detroit Tigers","2026-08-30T18:37:00Z","williamhill_us","spreads_1st_5_innings","2026-08-30T18:53:13Z","Los Angeles Dodgers","-0.5","100"
"369e8c1f02400fd5e4528e7397bdcde6","Los Angeles Dodgers @ Detroit Tigers","2026-08-30T18:37:00Z","bovada","spreads_1st_5_innings","2026-08-30T18:52:09Z","Detroit Tigers","0.5","-130"
"369e8c1f02400fd5e4528e7397bdcde6","Los Angeles Dodgers @ Detroit Tigers","2026-08-30T18:37:00Z","bovada","spreads_1st_5_innings","2026-08-30T18:52:09Z","Los Angeles Dodgers","-0.5","100"
"369e8c1f02400fd5e4528e7397bdcde6","Los Angeles Dodgers @ Detroit Tigers","2026-08-30T18:37:00Z","pinnacle","spreads_1st_5_innings","2026-08-30T18:41:44Z","Detroit Tigers","0","126"
"369e8c1f02400fd5e4528e7397bdcde6","Los Angeles Dodgers @ Detroit Tigers","2026-08-30T18:37:00Z","pinnacle","spreads_1st_5_innings","2026-08-30T18:41:44Z","Los Angeles Dodgers","0","-145"
"369e8c1f02400fd5e4528e7397bdcde6","Los Angeles Dodgers @ Detroit Tigers","2026-08-30T18:37:00Z","betmgm","spreads_1st_5_innings","2026-08-30T18:53:25Z","Detroit Tigers","0.5","105"
"369e8c1f02400fd5e4528e7397bdcde6","Los Angeles Dodgers @ Detroit Tigers","2026-08-30T18:37:00Z","betmgm","spreads_1st_5_innings","2026-08-30T18:53:25Z","Los Angeles Dodgers","-0.5","-140"
"369e8c1f02400fd5e4528e7397bdcde6","Los Angeles Dodgers @ Detroit Tigers","2026-08-30T18:37:00Z","fanduel","totals_1st_5_innings","2026-08-30T18:52:42Z","Over","2.5","-152"
"369e8c1f02400fd5e4528e7397bdcde6","Los Angeles Dodgers @ Detroit Tigers","2026-08-30T18:37:00Z","fanduel","totals_1st_5_innings","2026-08-30T18:52:42Z","Under","2.5","114"
"369e8c1f02400fd5e4528e7397bdcde6","Los Angeles Dodgers @ Detroit Tigers","2026-08-30T18:37:00Z","williamhill_us","totals_1st_5_innings","2026-08-30T18:53:13Z","Over","3.5","116"
"369e8c1f02400fd5e4528e7397bdcde6","Los Angeles Dodgers @ Detroit Tigers","2026-08-30T18:37:00Z","williamhill_us","totals_1st_5_innings","2026-08-30T18:53:13Z","Under","3.5","-160"
"369e8c1f02400fd5e4528e7397bdcde6","Los Angeles Dodgers @ Detroit Tigers","2026-08-30T18:37:00Z","bovada","totals_1st_5_innings","2026-08-30T18:52:09Z","Over","3.5","120"
"369e8c1f02400fd5e4528e7397bdcde6","Los Angeles Dodgers @ Detroit Tigers","2026-08-30T18:37:00Z","bovada","totals_1st_5_innings","2026-08-30T18:52:09Z","Under","3.5","-155"
"369e8c1f02400fd5e4528e7397bdcde6","Los Angeles Dodgers @ Detroit Tigers","2026-08-30T18:37:00Z","pinnacle","totals_1st_5_innings","2026-08-30T18:41:44Z","Over","4","103"
"369e8c1f02400fd5e4528e7397bdcde6","Los Angeles Dodgers @ Detroit Tigers","2026-08-30T18:37:00Z","pinnacle","totals_1st_5_innings","2026-08-30T18:41:44Z","Under","4","-118"
"369e8c1f02400fd5e4528e7397bdcde6","Los Angeles Dodgers @ Detroit Tigers","2026-08-30T18:37:00Z","betmgm","totals_1st_5_innings","2026-08-30T18:53:25Z","Over","3.5","100"
"369e8c1f02400fd5e4528e7397bdcde6","Los Angeles Dodgers @ Detroit Tigers","2026-08-30T18:37:00Z","betmgm","totals_1st_5_innings","2026-08-30T18:53:25Z","Under","3.5","-135"
"799823f7421c5a5c018435aa85a7b250","Houston Astros @ New York Mets","2026-08-30T19:11:00Z","fanduel","alternate_totals_1st_5_innings","2026-08-30T18:52:51Z","Over","1.5","-1600"
"799823f7421c5a5c018435aa85a7b250","Houston Astros @ New York Mets","2026-08-30T19:11:00Z","fanduel","alternate_totals_1st_5_innings","2026-08-30T18:52:51Z","Over","2.5","-550"
"799823f7421c5a5c018435aa85a7b250","Houston Astros @ New York Mets","2026-08-30T19:11:00Z","fanduel","alternate_totals_1st_5_innings","2026-08-30T18:52:51Z","Over","3.5","-260"
"799823f7421c5a5c018435aa85a7b250","Houston Astros @ New York Mets","2026-08-30T19:11:00Z","fanduel","alternate_totals_1st_5_innings","2026-08-30T18:52:51Z","Over","4.5","-146"
"799823f7421c5a5c018435aa85a7b250","Houston Astros @ New York Mets","2026-08-30T19:11:00Z","fanduel","alternate_totals_1st_5_innings","2026-08-30T18:52:51Z","Over","5.5","114"
"799823f7421c5a5c018435aa85a7b250","Houston Astros @ New York Mets","2026-08-30T19:11:00Z","fanduel","alternate_totals_1st_5_innings","2026-08-30T18:52:51Z","Over","6.5","178"
"799823f7421c5a5c018435aa85a7b250","Houston Astros @ New York Mets","2026-08-30T19:11:00Z","fanduel","alternate_totals_1st_5_innings","2026-08-30T18:52:51Z","Over","7.5","280"
"799823f7421c5a5c018435aa85a7b250","Houston Astros @ New York Mets","2026-08-30T19:11:00Z","fanduel","alternate_totals_1st_5_innings","2026-08-30T18:52:51Z","Over","8.5","400"
"799823f7421c5a5c018435aa85a7b250","Houston Astros @ New York Mets","2026-08-30T19:11:00Z","fanduel","alternate_totals_1st_5_innings","2026-08-30T18:52:51Z","Over","9.5","580"
"799823f7421c5a5c018435aa85a7b250","Houston Astros @ New York Mets","2026-08-30T19:11:00Z","fanduel","alternate_totals_1st_5_innings","2026-08-30T18:52:51Z","Over","10.5","850"
"799823f7421c5a5c018435aa85a7b250","Houston Astros @ New York Mets","2026-08-30T19:11:00Z","fanduel","alternate_totals_1st_5_innings","2026-08-30T18:52:51Z","Over","11.5","1100"
"799823f7421c5a5c018435aa85a7b250","Houston Astros @ New York Mets","2026-08-30T19:11:00Z","fanduel","alternate_totals_1st_5_innings","2026-08-30T18:52:51Z","Under","1.5","680"
"799823f7421c5a5c018435aa85a7b250","Houston Astros @ New York Mets","2026-08-30T19:11:00Z","fanduel","alternate_totals_1st_5_innings","2026-08-30T18:52:51Z","Under","2.5","350"
"799823f7421c5a5c018435aa85a7b250","Houston Astros @ New York Mets","2026-08-30T19:11:00Z","fanduel","alternate_totals_1st_5_innings","2026-08-30T18:52:51Z","Under","3.5","188"
"799823f7421c5a5c018435aa85a7b250","Houston Astros @ New York Mets","2026-08-30T19:11:00Z","fanduel","alternate_totals_1st_5_innings","2026-08-30T18:52:51Z","Under","4.5","110"
"799823f7421c5a5c018435aa85a7b250","Houston Astros @ New York Mets","2026-08-30T19:11:00Z","fanduel","alternate_totals_1st_5_innings","2026-08-30T18:52:51Z","Under","5.5","-152"
"799823f7421c5a5c018435aa85a7b250","Houston Astros @ New York Mets","2026-08-30T19:11:00Z","fanduel","alternate_totals_1st_5_innings","2026-08-30T18:52:51Z","Under","6.5","-245"
"799823f7421c5a5c018435aa85a7b250","Houston Astros @ New York Mets","2026-08-30T19:11:00Z","fanduel","alternate_totals_1st_5_innings","2026-08-30T18:52:51Z","Under","7.5","-420"
"799823f7421c5a5c018435aa85a7b250","Houston Astros @ New York Mets","2026-08-30T19:11:00Z","fanduel","alternate_totals_1st_5_innings","2026-08-30T18:52:51Z","Under","8.5","-670"
"799823f7421c5a5c018435aa85a7b250","Houston Astros @ New York Mets","2026-08-30T19:11:00Z","fanduel","alternate_totals_1st_5_innings","2026-08-30T18:52:51Z","Under","9.5","-1200"
"799823f7421c5a5c018435aa85a7b250","Houston Astros @ New York Mets","2026-08-30T19:11:00Z","fanduel","alternate_totals_1st_5_innings","2026-08-30T18:52:51Z","Under","10.5","-2500"
"799823f7421c5a5c018435aa85a7b250","Houston Astros @ New York Mets","2026-08-30T19:11:00Z","fanduel","alternate_totals_1st_5_innings","2026-08-30T18:52:51Z","Under","11.5","-4500"
"799823f7421c5a5c018435aa85a7b250","Houston Astros @ New York Mets","2026-08-30T19:11:00Z","fanduel","alternate_totals_1st_5_innings","2026-08-30T18:52:51Z","Under","12.5","-8000"
"799823f7421c5a5c018435aa85a7b250","Houston Astros @ New York Mets","2026-08-30T19:11:00Z","draftkings","alternate_totals_1st_5_innings","2026-08-30T18:53:29Z","Over","4.5","-140"
"799823f7421c5a5c018435aa85a7b250","Houston Astros @ New York Mets","2026-08-30T19:11:00Z","draftkings","alternate_totals_1st_5_innings","2026-08-30T18:53:29Z","Over","5.5","114"
"799823f7421c5a5c018435aa85a7b250","Houston Astros @ New York Mets","2026-08-30T19:11:00Z","draftkings","alternate_totals_1st_5_innings","2026-08-30T18:53:29Z","Over","6.5","180"
"799823f7421c5a5c018435aa85a7b250","Houston Astros @ New York Mets","2026-08-30T19:11:00Z","draftkings","alternate_totals_1st_5_innings","2026-08-30T18:53:29Z","Under","4.5","110"
"799823f7421c5a5c018435aa85a7b250","Houston Astros @ New York Mets","2026-08-30T19:11:00Z","draftkings","alternate_totals_1st_5_innings","2026-08-30T18:53:29Z","Under","5.5","-145"
"799823f7421c5a5c018435aa85a7b250","Houston Astros @ New York Mets","2026-08-30T19:11:00Z","draftkings","alternate_totals_1st_5_innings","2026-08-30T18:53:29Z","Under","6.5","-238"
"799823f7421c5a5c018435aa85a7b250","Houston Astros @ New York Mets","2026-08-30T19:11:00Z","bovada","alternate_totals_1st_5_innings","2026-08-30T18:53:02Z","Over","1.5","-1600"
"799823f7421c5a5c018435aa85a7b250","Houston Astros @ New York Mets","2026-08-30T19:11:00Z","bovada","alternate_totals_1st_5_innings","2026-08-30T18:53:02Z","Over","4","-210"
"799823f7421c5a5c018435aa85a7b250","Houston Astros @ New York Mets","2026-08-30T19:11:00Z","bovada","alternate_totals_1st_5_innings","2026-08-30T18:53:02Z","Over","4.5","-145"
"799823f7421c5a5c018435aa85a7b250","Houston Astros @ New York Mets","2026-08-30T19:11:00Z","bovada","alternate_totals_1st_5_innings","2026-08-30T18:53:02Z","Over","5.5","110"
"799823f7421c5a5c018435aa85a7b250","Houston Astros @ New York Mets","2026-08-30T19:11:00Z","bovada","alternate_totals_1st_5_innings","2026-08-30T18:53:02Z","Over","6","145"
"799823f7421c5a5c018435aa85a7b250","Houston Astros @ New York Mets","2026-08-30T19:11:00Z","bovada","alternate_totals_1st_5_innings","2026-08-30T18:53:02Z","Over","7.5","280"
"799823f7421c5a5c018435aa85a7b250","Houston Astros @ New York Mets","2026-08-30T19:11:00Z","bovada","alternate_totals_1st_5_innings","2026-08-30T18:53:02Z","Over","8.5","425"
"799823f7421c5a5c018435aa85a7b250","Houston Astros @ New York Mets","2026-08-30T19:11:00Z","bovada","alternate_totals_1st_5_innings","2026-08-30T18:53:02Z","Over","9.5","650"
"799823f7421c5a5c018435aa85a7b250","Houston Astros @ New York Mets","2026-08-30T19:11:00Z","bovada","alternate_totals_1st_5_innings","2026-08-30T18:53:02Z","Over","10.5","900"
"799823f7421c5a5c018435aa85a7b250","Houston Astros @ New York Mets","2026-08-30T19:11:00Z","bovada","alternate_totals_1st_5_innings","2026-08-30T18:53:02Z","Over","11.5","1100"
"799823f7421c5a5c018435aa85a7b250","Houston Astros @ New York Mets","2026-08-30T19:11:00Z","bovada","alternate_totals_1st_5_innings","2026-08-30T18:53:02Z","Under","1.5","700"
"799823f7421c5a5c018435aa85a7b250","Houston Astros @ New York Mets","2026-08-30T19:11:00Z","bovada","alternate_totals_1st_5_innings","2026-08-30T18:53:02Z","Under","4","155"
"799823f7421c5a5c018435aa85a7b250","Houston Astros @ New York Mets","2026-08-30T19:11:00Z","bovada","alternate_totals_1st_5_innings","2026-08-30T18:53:02Z","Under","4.5","110"
"799823f7421c5a5c018435aa85a7b250","Houston Astros @ New York Mets","2026-08-30T19:11:00Z","bovada","alternate_totals_1st_5_innings","2026-08-30T18:53:02Z","Under","5.5","-145"
"799823f7421c5a5c018435aa85a7b250","Houston Astros @ New York Mets","2026-08-30T19:11:00Z","bovada","alternate_totals_1st_5_innings","2026-08-30T18:53:02Z","Under","6","-190"
"799823f7421c5a5c018435aa85a7b250","Houston Astros @ New York Mets","2026-08-30T19:11:00Z","bovada","alternate_totals_1st_5_innings","2026-08-30T18:53:02Z","Under","7.5","-410"
"799823f7421c5a5c018435aa85a7b250","Houston Astros @ New York Mets","2026-08-30T19:11:00Z","bovada","alternate_totals_1st_5_innings","2026-08-30T18:53:02Z","Under","8.5","-700"
"799823f7421c5a5c018435aa85a7b250","Houston Astros @ New York Mets","2026-08-30T19:11:00Z","bovada","alternate_totals_1st_5_innings","2026-08-30T18:53:02Z","Under","9.5","-1400"
"799823f7421c5a5c018435aa85a7b250","Houston Astros @ New York Mets","2026-08-30T19:11:00Z","bovada","alternate_totals_1st_5_innings","2026-08-30T18:53:02Z","Under","10.5","-3333"
"799823f7421c5a5c018435aa85a7b250","Houston Astros @ New York Mets","2026-08-30T19:11:00Z","bovada","alternate_totals_1st_5_innings","2026-08-30T18:53:02Z","Under","11.5","-5000"
"799823f7421c5a5c018435aa85a7b250","Houston Astros @ New York Mets","2026-08-30T19:11:00Z","betrivers","alternate_totals_1st_5_innings","2026-08-30T18:52:31Z","Over","4.5","-143"
"799823f7421c5a5c018435aa85a7b250","Houston Astros @ New York Mets","2026-08-30T19:11:00Z","betrivers","alternate_totals_1st_5_innings","2026-08-30T18:52:31Z","Under","4.5","108"
"799823f7421c5a5c018435aa85a7b250","Houston Astros @ New York Mets","2026-08-30T19:11:00Z","betmgm","alternate_totals_1st_5_innings","2026-08-30T18:53:29Z","Over","2.5","-500"
"799823f7421c5a5c018435aa85a7b250","Houston Astros @ New York Mets","2026-08-30T19:11:00Z","betmgm","alternate_totals_1st_5_innings","2026-08-30T18:53:29Z","Over","3","-425"
"799823f7421c5a5c018435aa85a7b250","Houston Astros @ New York Mets","2026-08-30T19:11:00Z","betmgm","alternate_totals_1st_5_innings","2026-08-30T18:53:29Z","Over","3.5","-250"
"799823f7421c5a5c018435aa85a7b250","Houston Astros @ New York Mets","2026-08-30T19:11:00Z","betmgm","alternate_totals_1st_5_innings","2026-08-30T18:53:29Z","Over","4","-210"
"799823f7421c5a5c018435aa85a7b250","Houston Astros @ New York Mets","2026-08-30T19:11:00Z","betmgm","alternate_totals_1st_5_innings","2026-08-30T18:53:29Z","Over","4.5","-150"
"799823f7421c5a5c018435aa85a7b250","Houston Astros @ New York Mets","2026-08-30T19:11:00Z","betmgm","alternate_totals_1st_5_innings","2026-08-30T18:53:29Z","Over","5","-115"
"799823f7421c5a5c018435aa85a7b250","Houston Astros @ New York Mets","2026-08-30T19:11:00Z","betmgm","alternate_totals_1st_5_innings","2026-08-30T18:53:29Z","Over","5","-115"
"799823f7421c5a5c018435aa85a7b250","Houston Astros @ New York Mets","2026-08-30T19:11:00Z","betmgm","alternate_totals_1st_5_innings","2026-08-30T18:53:29Z","Over","5.5","110"
"799823f7421c5a5c018435aa85a7b250","Houston Astros @ New York Mets","2026-08-30T19:11:00Z","betmgm","alternate_totals_1st_5_innings","2026-08-30T18:53:29Z","Over","6","145"
"799823f7421c5a5c018435aa85a7b250","Houston Astros @ New York Mets","2026-08-30T19:11:00Z","betmgm","alternate_totals_1st_5_innings","2026-08-30T18:53:29Z","Over","6.5","170"
"799823f7421c5a5c018435aa85a7b250","Houston Astros @ New York Mets","2026-08-30T19:11:00Z","betmgm","alternate_totals_1st_5_innings","2026-08-30T18:53:29Z","Over","7","220"
"799823f7421c5a5c018435aa85a7b250","Houston Astros @ New York Mets","2026-08-30T19:11:00Z","betmgm","alternate_totals_1st_5_innings","2026-08-30T18:53:29Z","Over","7.5","250"
"799823f7421c5a5c018435aa85a7b250","Houston Astros @ New York Mets","2026-08-30T19:11:00Z","betmgm","alternate_totals_1st_5_innings","2026-08-30T18:53:29Z","Under","2.5","333"
"799823f7421c5a5c018435aa85a7b250","Houston Astros @ New York Mets","2026-08-30T19:11:00Z","betmgm","alternate_totals_1st_5_innings","2026-08-30T18:53:29Z","Under","3","290"
"799823f7421c5a5c018435aa85a7b250","Houston Astros @ New York Mets","2026-08-30T19:11:00Z","betmgm","alternate_totals_1st_5_innings","2026-08-30T18:53:29Z","Under","3.5","185"
"799823f7421c5a5c018435aa85a7b250","Houston Astros @ New York Mets","2026-08-30T19:11:00Z","betmgm","alternate_totals_1st_5_innings","2026-08-30T18:53:29Z","Under","4","155"
"799823f7421c5a5c018435aa85a7b250","Houston Astros @ New York Mets","2026-08-30T19:11:00Z","betmgm","alternate_totals_1st_5_innings","2026-08-30T18:53:29Z","Under","4.5","115"
"799823f7421c5a5c018435aa85a7b250","Houston Astros @ New York Mets","2026-08-30T19:11:00Z","betmgm","alternate_totals_1st_5_innings","2026-08-30T18:53:29Z","Under","5","-110"
"799823f7421c5a5c018435aa85a7b250","Houston Astros @ New York Mets","2026-08-30T19:11:00Z","betmgm","alternate_totals_1st_5_innings","2026-08-30T18:53:29Z","Under","5","-110"
"799823f7421c5a5c018435aa85a7b250","Houston Astros @ New York Mets","2026-08-30T19:11:00Z","betmgm","alternate_totals_1st_5_innings","2026-08-30T18:53:29Z","Under","5.5","-145"
"799823f7421c5a5c018435aa85a7b250","Houston Astros @ New York Mets","2026-08-30T19:11:00Z","betmgm","alternate_totals_1st_5_innings","2026-08-30T18:53:29Z","Under","6","-190"
"799823f7421c5a5c018435aa85a7b250","Houston Astros @ New York Mets","2026-08-30T19:11:00Z","betmgm","alternate_totals_1st_5_innings","2026-08-30T18:53:29Z","Under","6.5","-225"
"799823f7421c5a5c018435aa85a7b250","Houston Astros @ New York Mets","2026-08-30T19:11:00Z","betmgm","alternate_totals_1st_5_innings","2026-08-30T18:53:29Z","Under","7","-300"
"799823f7421c5a5c018435aa85a7b250","Houston Astros @ New York Mets","2026-08-30T19:11:00Z","betmgm","alternate_totals_1st_5_innings","2026-08-30T18:53:29Z","Under","7.5","-350"
"799823f7421c5a5c018435aa85a7b250","Houston Astros @ New York Mets","2026-08-30T19:11:00Z","pinnacle","alternate_totals_1st_5_innings","2026-08-30T18:53:12Z","Over","4","-194"
"799823f7421c5a5c018435aa85a7b250","Houston Astros @ New York Mets","2026-08-30T19:11:00Z","pinnacle","alternate_totals_1st_5_innings","2026-08-30T18:53:12Z","Over","4.5","-138"
"799823f7421c5a5c018435aa85a7b250","Houston Astros @ New York Mets","2026-08-30T19:11:00Z","pinnacle","alternate_totals_1st_5_innings","2026-08-30T18:53:12Z","Over","5.5","117"
"799823f7421c5a5c018435aa85a7b250","Houston Astros @ New York Mets","2026-08-30T19:11:00Z","pinnacle","alternate_totals_1st_5_innings","2026-08-30T18:53:12Z","Over","6","153"
"799823f7421c5a5c018435aa85a7b250","Houston Astros @ New York Mets","2026-08-30T19:11:00Z","pinnacle","alternate_totals_1st_5_innings","2026-08-30T18:53:12Z","Under","4","166"
"799823f7421c5a5c018435aa85a7b250","Houston Astros @ New York Mets","2026-08-30T19:11:00Z","pinnacle","alternate_totals_1st_5_innings","2026-08-30T18:53:12Z","Under","4.5","120"
"799823f7421c5a5c018435aa85a7b250","Houston Astros @ New York Mets","2026-08-30T19:11:00Z","pinnacle","alternate_totals_1st_5_innings","2026-08-30T18:53:12Z","Under","5.5","-135"
"799823f7421c5a5c018435aa85a7b250","Houston Astros @ New York Mets","2026-08-30T19:11:00Z","pinnacle","alternate_totals_1st_5_innings","2026-08-30T18:53:12Z","Under","6","-179"
"799823f7421c5a5c018435aa85a7b250","Houston Astros @ New York Mets","2026-08-30T19:11:00Z","fanduel","h2h_1st_5_innings","2026-08-30T18:52:51Z","Houston Astros","","108"
"799823f7421c5a5c018435aa85a7b250","Houston Astros @ New York Mets","2026-08-30T19:11:00Z","fanduel","h2h_1st_5_innings","2026-08-30T18:52:51Z","New York Mets","","-135"
"799823f7421c5a5c018435aa85a7b250","Houston Astros @ New York Mets","2026-08-30T19:11:00Z","betonlineag","h2h_1st_5_innings","2026-08-30T18:52:26Z","Houston Astros","","115"
"799823f7421c5a5c018435aa85a7b250","Houston Astros @ New York Mets","2026-08-30T19:11:00Z","betonlineag","h2h_1st_5_innings","2026-08-30T18:52:26Z","New York Mets","","-135"
"799823f7421c5a5c018435aa85a7b250","Houston Astros @ New York Mets","2026-08-30T19:11:00Z","williamhill_us","h2h_1st_5_innings","2026-08-30T18:53:29Z","Houston Astros","","110"
"799823f7421c5a5c018435aa85a7b250","Houston Astros @ New York Mets","2026-08-30T19:11:00Z","williamhill_us","h2h_1st_5_innings","2026-08-30T18:53:29Z","New York Mets","","-140"
"799823f7421c5a5c018435aa85a7b250","Houston Astros @ New York Mets","2026-08-30T19:11:00Z","draftkings","h2h_1st_5_innings","2026-08-30T18:53:29Z","Houston Astros","","105"
"799823f7421c5a5c018435aa85a7b250","Houston Astros @ New York Mets","2026-08-30T19:11:00Z","draftkings","h2h_1st_5_innings","2026-08-30T18:53:29Z","New York Mets","","-135"
"799823f7421c5a5c018435aa85a7b250","Houston Astros @ New York Mets","2026-08-30T19:11:00Z","bovada","h2h_1st_5_innings","2026-08-30T18:53:02Z","Houston Astros","","115"
"799823f7421c5a5c018435aa85a7b250","Houston Astros @ New York Mets","2026-08-30T19:11:00Z","bovada","h2h_1st_5_innings","2026-08-30T18:53:02Z","New York Mets","","-150"
"799823f7421c5a5c018435aa85a7b250","Houston Astros @ New York Mets","2026-08-30T19:11:00Z","betrivers","h2h_1st_5_innings","2026-08-30T18:52:31Z","Houston Astros","","-109"
"799823f7421c5a5c018435aa85a7b250","Houston Astros @ New York Mets","2026-08-30T19:11:00Z","betrivers","h2h_1st_5_innings","2026-08-30T18:52:31Z","New York Mets","","-122"
"799823f7421c5a5c018435aa85a7b250","Houston Astros @ New York Mets","2026-08-30T19:11:00Z","betus","h2h_1st_5_innings","2026-08-30T18:53:25Z","Houston Astros","","115"
"799823f7421c5a5c018435aa85a7b250","Houston Astros @ New York Mets","2026-08-30T19:11:00Z","betus","h2h_1st_5_innings","2026-08-30T18:53:25Z","New York Mets","","-135"
"799823f7421c5a5c018435aa85a7b250","Houston Astros @ New York Mets","2026-08-30T19:11:00Z","betanysports","h2h_1st_5_innings","2026-08-30T18:53:26Z","Houston Astros","","115"
"799823f7421c5a5c018435aa85a7b250","Houston Astros @ New York Mets","2026-08-30T19:11:00Z","betanysports","h2h_1st_5_innings","2026-08-30T18:53:26Z","New York Mets","","-135"
"799823f7421c5a5c018435aa85a7b250","Houston Astros @ New York Mets","2026-08-30T19:11:00Z","betmgm","h2h_1st_5_innings","2026-08-30T18:53:29Z","Houston Astros","","105"
"799823f7421c5a5c018435aa85a7b250","Houston Astros @ New York Mets","2026-08-30T19:11:00Z","betmgm","h2h_1st_5_innings","2026-08-30T18:53:29Z","New York Mets","","-135"
"799823f7421c5a5c018435aa85a7b250","Houston Astros @ New York Mets","2026-08-30T19:11:00Z","fanduel","spreads_1st_5_innings","2026-08-30T18:52:51Z","Houston Astros","0.5","-130"
"799823f7421c5a5c018435aa85a7b250","Houston Astros @ New York Mets","2026-08-30T19:11:00Z","fanduel","spreads_1st_5_innings","2026-08-30T18:52:51Z","New York Mets","-0.5","100"
"799823f7421c5a5c018435aa85a7b250","Houston Astros @ New York Mets","2026-08-30T19:11:00Z","betonlineag","spreads_1st_5_innings","2026-08-30T18:52:26Z","Houston Astros","0.5","-125"
"799823f7421c5a5c018435aa85a7b250","Houston Astros @ New York Mets","2026-08-30T19:11:00Z","betonlineag","spreads_1st_5_innings","2026-08-30T18:52:26Z","New York Mets","-0.5","105"
"799823f7421c5a5c018435aa85a7b250","Houston Astros @ New York Mets","2026-08-30T19:11:00Z","williamhill_us","spreads_1st_5_innings","2026-08-30T18:53:29Z","Houston Astros","0.5","-130"
"799823f7421c5a5c018435aa85a7b250","Houston Astros @ New York Mets","2026-08-30T19:11:00Z","williamhill_us","spreads_1st_5_innings","2026-08-30T18:53:29Z","New York Mets","-0.5","100"
"799823f7421c5a5c018435aa85a7b250","Houston Astros @ New York Mets","2026-08-30T19:11:00Z","bovada","spreads_1st_5_innings","2026-08-30T18:53:02Z","Houston Astros","0.5","-120"
"799823f7421c5a5c018435aa85a7b250","Houston Astros @ New York Mets","2026-08-30T19:11:00Z","bovada","spreads_1st_5_innings","2026-08-30T18:53:02Z","New York Mets","-0.5","-110"
"799823f7421c5a5c018435aa85a7b250","Houston Astros @ New York Mets","2026-08-30T19:11:00Z","betus","spreads_1st_5_innings","2026-08-30T18:53:25Z","Houston Astros","0.5","-125"
"799823f7421c5a5c018435aa85a7b250","Houston Astros @ New York Mets","2026-08-30T19:11:00Z","betus","spreads_1st_5_innings","2026-08-30T18:53:25Z","New York Mets","-0.5","105"
"799823f7421c5a5c018435aa85a7b250","Houston Astros @ New York Mets","2026-08-30T19:11:00Z","betanysports","spreads_1st_5_innings","2026-08-30T18:53:26Z","Houston Astros","0.5","-125"
"799823f7421c5a5c018435aa85a7b250","Houston Astros @ New York Mets","2026-08-30T19:11:00Z","betanysports","spreads_1st_5_innings","2026-08-30T18:53:26Z","New York Mets","-0.5","105"
"799823f7421c5a5c018435aa85a7b250","Houston Astros @ New York Mets","2026-08-30T19:11:00Z","betmgm","spreads_1st_5_innings","2026-08-30T18:53:25Z","Houston Astros","0.5","-130"
"799823f7421c5a5c018435aa85a7b250","Houston Astros @ New York Mets","2026-08-30T19:11:00Z","betmgm","spreads_1st_5_innings","2026-08-30T18:53:25Z","New York Mets","-0.5","100"
"799823f7421c5a5c018435aa85a7b250","Houston Astros @ New York Mets","2026-08-30T19:11:00Z","pinnacle","spreads_1st_5_innings","2026-08-30T18:53:12Z","Houston Astros","0","124"
"799823f7421c5a5c018435aa85a7b250","Houston Astros @ New York Mets","2026-08-30T19:11:00Z","pinnacle","spreads_1st_5_innings","2026-08-30T18:53:12Z","New York Mets","0","-143"
"799823f7421c5a5c018435aa85a7b250","Houston Astros @ New York Mets","2026-08-30T19:11:00Z","fanduel","totals_1st_5_innings","2026-08-30T18:52:51Z","Over","4.5","-146"
"799823f7421c5a5c018435aa85a7b250","Houston Astros @ New York Mets","2026-08-30T19:11:00Z","fanduel","totals_1st_5_innings","2026-08-30T18:52:51Z","Under","4.5","112"
"799823f7421c5a5c018435aa85a7b250","Houston Astros @ New York Mets","2026-08-30T19:11:00Z","betonlineag","totals_1st_5_innings","2026-08-30T18:52:26Z","Over","5","-110"
"799823f7421c5a5c018435aa85a7b250","Houston Astros @ New York Mets","2026-08-30T19:11:00Z","betonlineag","totals_1st_5_innings","2026-08-30T18:52:26Z","Under","5","-110"
"799823f7421c5a5c018435aa85a7b250","Houston Astros @ New York Mets","2026-08-30T19:11:00Z","williamhill_us","totals_1st_5_innings","2026-08-30T18:53:29Z","Over","5","-115"
"799823f7421c5a5c018435aa85a7b250","Houston Astros @ New York Mets","2026-08-30T19:11:00Z","williamhill_us","totals_1st_5_innings","2026-08-30T18:53:29Z","Under","5","-115"
"799823f7421c5a5c018435aa85a7b250","Houston Astros @ New York Mets","2026-08-30T19:11:00Z","bovada","totals_1st_5_innings","2026-08-30T18:53:02Z","Over","5","-115"
"799823f7421c5a5c018435aa85a7b250","Houston Astros @ New York Mets","2026-08-30T19:11:00Z","bovada","totals_1st_5_innings","2026-08-30T18:53:02Z","Under","5","-115"
"799823f7421c5a5c018435aa85a7b250","Houston Astros @ New York Mets","2026-08-30T19:11:00Z","betus","totals_1st_5_innings","2026-08-30T18:53:25Z","Over","5","-115"
"799823f7421c5a5c018435aa85a7b250","Houston Astros @ New York Mets","2026-08-30T19:11:00Z","betus","totals_1st_5_innings","2026-08-30T18:53:25Z","Under","5","-115"
"799823f7421c5a5c018435aa85a7b250","Houston Astros @ New York Mets","2026-08-30T19:11:00Z","betanysports","totals_1st_5_innings","2026-08-30T18:53:26Z","Over","5","-110"
"799823f7421c5a5c018435aa85a7b250","Houston Astros @ New York Mets","2026-08-30T19:11:00Z","betanysports","totals_1st_5_innings","2026-08-30T18:53:26Z","Under","5","-110"
"799823f7421c5a5c018435aa85a7b250","Houston Astros @ New York Mets","2026-08-30T19:11:00Z","betmgm","totals_1st_5_innings","2026-08-30T18:53:25Z","Over","5","-115"
"799823f7421c5a5c018435aa85a7b250","Houston Astros @ New York Mets","2026-08-30T19:11:00Z","betmgm","totals_1st_5_innings","2026-08-30T18:53:25Z","Under","5","-110"
"799823f7421c5a5c018435aa85a7b250","Houston Astros @ New York Mets","2026-08-30T19:11:00Z","pinnacle","totals_1st_5_innings","2026-08-30T18:53:12Z","Over","5","-108"
"799823f7421c5a5c018435aa85a7b250","Houston Astros @ New York Mets","2026-08-30T19:11:00Z","pinnacle","totals_1st_5_innings","2026-08-30T18:53:12Z","Under","5","-106"
"5421f226ba19cb1198c31f339c373ad2","Baltimore Orioles @ Athletics","2026-08-30T20:06:00Z","fanduel","alternate_totals_1st_5_innings","2026-08-30T18:53:14Z","Over","1.5","-3000"
"5421f226ba19cb1198c31f339c373ad2","Baltimore Orioles @ Athletics","2026-08-30T20:06:00Z","fanduel","alternate_totals_1st_5_innings","2026-08-30T18:53:14Z","Over","2.5","-750"
"5421f226ba19cb1198c31f339c373ad2","Baltimore Orioles @ Athletics","2026-08-30T20:06:00Z","fanduel","alternate_totals_1st_5_innings","2026-08-30T18:53:14Z","Over","3.5","-360"
"5421f226ba19cb1198c31f339c373ad2","Baltimore Orioles @ Athletics","2026-08-30T20:06:00Z","fanduel","alternate_totals_1st_5_innings","2026-08-30T18:53:14Z","Over","4.5","-205"
"5421f226ba19cb1198c31f339c373ad2","Baltimore Orioles @ Athletics","2026-08-30T20:06:00Z","fanduel","alternate_totals_1st_5_innings","2026-08-30T18:53:14Z","Over","5.5","-120"
"5421f226ba19cb1198c31f339c373ad2","Baltimore Orioles @ Athletics","2026-08-30T20:06:00Z","fanduel","alternate_totals_1st_5_innings","2026-08-30T18:53:14Z","Over","6.5","132"
"5421f226ba19cb1198c31f339c373ad2","Baltimore Orioles @ Athletics","2026-08-30T20:06:00Z","fanduel","alternate_totals_1st_5_innings","2026-08-30T18:53:14Z","Over","7.5","200"
"5421f226ba19cb1198c31f339c373ad2","Baltimore Orioles @ Athletics","2026-08-30T20:06:00Z","fanduel","alternate_totals_1st_5_innings","2026-08-30T18:53:14Z","Over","8.5","290"
"5421f226ba19cb1198c31f339c373ad2","Baltimore Orioles @ Athletics","2026-08-30T20:06:00Z","fanduel","alternate_totals_1st_5_innings","2026-08-30T18:53:14Z","Over","9.5","410"
"5421f226ba19cb1198c31f339c373ad2","Baltimore Orioles @ Athletics","2026-08-30T20:06:00Z","fanduel","alternate_totals_1st_5_innings","2026-08-30T18:53:14Z","Over","10.5","630"
"5421f226ba19cb1198c31f339c373ad2","Baltimore Orioles @ Athletics","2026-08-30T20:06:00Z","fanduel","alternate_totals_1st_5_innings","2026-08-30T18:53:14Z","Over","11.5","880"
"5421f226ba19cb1198c31f339c373ad2","Baltimore Orioles @ Athletics","2026-08-30T20:06:00Z","fanduel","alternate_totals_1st_5_innings","2026-08-30T18:53:14Z","Over","12.5","1100"
"5421f226ba19cb1198c31f339c373ad2","Baltimore Orioles @ Athletics","2026-08-30T20:06:00Z","fanduel","alternate_totals_1st_5_innings","2026-08-30T18:53:14Z","Under","1.5","880"
"5421f226ba19cb1198c31f339c373ad2","Baltimore Orioles @ Athletics","2026-08-30T20:06:00Z","fanduel","alternate_totals_1st_5_innings","2026-08-30T18:53:14Z","Under","2.5","430"
"5421f226ba19cb1198c31f339c373ad2","Baltimore Orioles @ Athletics","2026-08-30T20:06:00Z","fanduel","alternate_totals_1st_5_innings","2026-08-30T18:53:14Z","Under","3.5","255"
"5421f226ba19cb1198c31f339c373ad2","Baltimore Orioles @ Athletics","2026-08-30T20:06:00Z","fanduel","alternate_totals_1st_5_innings","2026-08-30T18:53:14Z","Under","4.5","152"
"5421f226ba19cb1198c31f339c373ad2","Baltimore Orioles @ Athletics","2026-08-30T20:06:00Z","fanduel","alternate_totals_1st_5_innings","2026-08-30T18:53:14Z","Under","5.5","-110"
"5421f226ba19cb1198c31f339c373ad2","Baltimore Orioles @ Athletics","2026-08-30T20:06:00Z","fanduel","alternate_totals_1st_5_innings","2026-08-30T18:53:14Z","Under","6.5","-178"
"5421f226ba19cb1198c31f339c373ad2","Baltimore Orioles @ Athletics","2026-08-30T20:06:00Z","fanduel","alternate_totals_1st_5_innings","2026-08-30T18:53:14Z","Under","7.5","-280"
"5421f226ba19cb1198c31f339c373ad2","Baltimore Orioles @ Athletics","2026-08-30T20:06:00Z","fanduel","alternate_totals_1st_5_innings","2026-08-30T18:53:14Z","Under","8.5","-440"
"5421f226ba19cb1198c31f339c373ad2","Baltimore Orioles @ Athletics","2026-08-30T20:06:00Z","fanduel","alternate_totals_1st_5_innings","2026-08-30T18:53:14Z","Under","9.5","-700"
"5421f226ba19cb1198c31f339c373ad2","Baltimore Orioles @ Athletics","2026-08-30T20:06:00Z","fanduel","alternate_totals_1st_5_innings","2026-08-30T18:53:14Z","Under","10.5","-1400"
"5421f226ba19cb1198c31f339c373ad2","Baltimore Orioles @ Athletics","2026-08-30T20:06:00Z","fanduel","alternate_totals_1st_5_innings","2026-08-30T18:53:14Z","Under","11.5","-3000"
"5421f226ba19cb1198c31f339c373ad2","Baltimore Orioles @ Athletics","2026-08-30T20:06:00Z","fanduel","alternate_totals_1st_5_innings","2026-08-30T18:53:14Z","Under","12.5","-4500"
"5421f226ba19cb1198c31f339c373ad2","Baltimore Orioles @ Athletics","2026-08-30T20:06:00Z","draftkings","alternate_totals_1st_5_innings","2026-08-30T18:53:31Z","Over","4.5","-195"
"5421f226ba19cb1198c31f339c373ad2","Baltimore Orioles @ Athletics","2026-08-30T20:06:00Z","draftkings","alternate_totals_1st_5_innings","2026-08-30T18:53:31Z","Over","5.5","-120"
"5421f226ba19cb1198c31f339c373ad2","Baltimore Orioles @ Athletics","2026-08-30T20:06:00Z","draftkings","alternate_totals_1st_5_innings","2026-08-30T18:53:31Z","Over","6.5","130"
"5421f226ba19cb1198c31f339c373ad2","Baltimore Orioles @ Athletics","2026-08-30T20:06:00Z","draftkings","alternate_totals_1st_5_innings","2026-08-30T18:53:31Z","Under","4.5","150"
"5421f226ba19cb1198c31f339c373ad2","Baltimore Orioles @ Athletics","2026-08-30T20:06:00Z","draftkings","alternate_totals_1st_5_innings","2026-08-30T18:53:31Z","Under","5.5","-110"
"5421f226ba19cb1198c31f339c373ad2","Baltimore Orioles @ Athletics","2026-08-30T20:06:00Z","draftkings","alternate_totals_1st_5_innings","2026-08-30T18:53:31Z","Under","6.5","-166"
"5421f226ba19cb1198c31f339c373ad2","Baltimore Orioles @ Athletics","2026-08-30T20:06:00Z","bovada","alternate_totals_1st_5_innings","2026-08-30T18:52:11Z","Over","1.5","-2000"
"5421f226ba19cb1198c31f339c373ad2","Baltimore Orioles @ Athletics","2026-08-30T20:06:00Z","bovada","alternate_totals_1st_5_innings","2026-08-30T18:52:11Z","Over","2.5","-700"
"5421f226ba19cb1198c31f339c373ad2","Baltimore Orioles @ Athletics","2026-08-30T20:06:00Z","bovada","alternate_totals_1st_5_innings","2026-08-30T18:52:11Z","Over","4.5","-190"
"5421f226ba19cb1198c31f339c373ad2","Baltimore Orioles @ Athletics","2026-08-30T20:06:00Z","bovada","alternate_totals_1st_5_innings","2026-08-30T18:52:11Z","Over","5","-150"
"5421f226ba19cb1198c31f339c373ad2","Baltimore Orioles @ Athletics","2026-08-30T20:06:00Z","bovada","alternate_totals_1st_5_innings","2026-08-30T18:52:11Z","Over","6","110"
"5421f226ba19cb1198c31f339c373ad2","Baltimore Orioles @ Athletics","2026-08-30T20:06:00Z","bovada","alternate_totals_1st_5_innings","2026-08-30T18:52:11Z","Over","6.5","135"
"5421f226ba19cb1198c31f339c373ad2","Baltimore Orioles @ Athletics","2026-08-30T20:06:00Z","bovada","alternate_totals_1st_5_innings","2026-08-30T18:52:11Z","Over","8.5","280"
"5421f226ba19cb1198c31f339c373ad2","Baltimore Orioles @ Athletics","2026-08-30T20:06:00Z","bovada","alternate_totals_1st_5_innings","2026-08-30T18:52:11Z","Over","9.5","400"
"5421f226ba19cb1198c31f339c373ad2","Baltimore Orioles @ Athletics","2026-08-30T20:06:00Z","bovada","alternate_totals_1st_5_innings","2026-08-30T18:52:11Z","Over","10.5","600"
"5421f226ba19cb1198c31f339c373ad2","Baltimore Orioles @ Athletics","2026-08-30T20:06:00Z","bovada","alternate_totals_1st_5_innings","2026-08-30T18:52:11Z","Over","11.5","750"
"5421f226ba19cb1198c31f339c373ad2","Baltimore Orioles @ Athletics","2026-08-30T20:06:00Z","bovada","alternate_totals_1st_5_innings","2026-08-30T18:52:11Z","Over","12.5","1000"
"5421f226ba19cb1198c31f339c373ad2","Baltimore Orioles @ Athletics","2026-08-30T20:06:00Z","bovada","alternate_totals_1st_5_innings","2026-08-30T18:52:11Z","Under","1.5","800"
"5421f226ba19cb1198c31f339c373ad2","Baltimore Orioles @ Athletics","2026-08-30T20:06:00Z","bovada","alternate_totals_1st_5_innings","2026-08-30T18:52:11Z","Under","2.5","425"
"5421f226ba19cb1198c31f339c373ad2","Baltimore Orioles @ Athletics","2026-08-30T20:06:00Z","bovada","alternate_totals_1st_5_innings","2026-08-30T18:52:11Z","Under","4.5","145"
"5421f226ba19cb1198c31f339c373ad2","Baltimore Orioles @ Athletics","2026-08-30T20:06:00Z","bovada","alternate_totals_1st_5_innings","2026-08-30T18:52:11Z","Under","5","115"
"5421f226ba19cb1198c31f339c373ad2","Baltimore Orioles @ Athletics","2026-08-30T20:06:00Z","bovada","alternate_totals_1st_5_innings","2026-08-30T18:52:11Z","Under","6","-145"
"5421f226ba19cb1198c31f339c373ad2","Baltimore Orioles @ Athletics","2026-08-30T20:06:00Z","bovada","alternate_totals_1st_5_innings","2026-08-30T18:52:11Z","Under","6.5","-180"
"5421f226ba19cb1198c31f339c373ad2","Baltimore Orioles @ Athletics","2026-08-30T20:06:00Z","bovada","alternate_totals_1st_5_innings","2026-08-30T18:52:11Z","Under","8.5","-410"
"5421f226ba19cb1198c31f339c373ad2","Baltimore Orioles @ Athletics","2026-08-30T20:06:00Z","bovada","alternate_totals_1st_5_innings","2026-08-30T18:52:11Z","Under","9.5","-650"
"5421f226ba19cb1198c31f339c373ad2","Baltimore Orioles @ Athletics","2026-08-30T20:06:00Z","bovada","alternate_totals_1st_5_innings","2026-08-30T18:52:11Z","Under","10.5","-1200"
"5421f226ba19cb1198c31f339c373ad2","Baltimore Orioles @ Athletics","2026-08-30T20:06:00Z","bovada","alternate_totals_1st_5_innings","2026-08-30T18:52:11Z","Under","11.5","-1900"
"5421f226ba19cb1198c31f339c373ad2","Baltimore Orioles @ Athletics","2026-08-30T20:06:00Z","bovada","alternate_totals_1st_5_innings","2026-08-30T18:52:11Z","Under","12.5","-4000"
"5421f226ba19cb1198c31f339c373ad2","Baltimore Orioles @ Athletics","2026-08-30T20:06:00Z","betrivers","alternate_totals_1st_5_innings","2026-08-30T18:52:57Z","Over","5.5","102"
"5421f226ba19cb1198c31f339c373ad2","Baltimore Orioles @ Athletics","2026-08-30T20:06:00Z","betrivers","alternate_totals_1st_5_innings","2026-08-30T18:52:57Z","Under","5.5","-136"
"5421f226ba19cb1198c31f339c373ad2","Baltimore Orioles @ Athletics","2026-08-30T20:06:00Z","betmgm","alternate_totals_1st_5_innings","2026-08-30T18:52:57Z","Over","3","-625"
"5421f226ba19cb1198c31f339c373ad2","Baltimore Orioles @ Athletics","2026-08-30T20:06:00Z","betmgm","alternate_totals_1st_5_innings","2026-08-30T18:52:57Z","Over","3.5","-350"
"5421f226ba19cb1198c31f339c373ad2","Baltimore Orioles @ Athletics","2026-08-30T20:06:00Z","betmgm","alternate_totals_1st_5_innings","2026-08-30T18:52:57Z","Over","4","-285"
"5421f226ba19cb1198c31f339c373ad2","Baltimore Orioles @ Athletics","2026-08-30T20:06:00Z","betmgm","alternate_totals_1st_5_innings","2026-08-30T18:52:57Z","Over","4.5","-200"
"5421f226ba19cb1198c31f339c373ad2","Baltimore Orioles @ Athletics","2026-08-30T20:06:00Z","betmgm","alternate_totals_1st_5_innings","2026-08-30T18:52:57Z","Over","5","-155"
"5421f226ba19cb1198c31f339c373ad2","Baltimore Orioles @ Athletics","2026-08-30T20:06:00Z","betmgm","alternate_totals_1st_5_innings","2026-08-30T18:52:57Z","Over","5","-160"
"5421f226ba19cb1198c31f339c373ad2","Baltimore Orioles @ Athletics","2026-08-30T20:06:00Z","betmgm","alternate_totals_1st_5_innings","2026-08-30T18:52:57Z","Over","5.5","-118"
"5421f226ba19cb1198c31f339c373ad2","Baltimore Orioles @ Athletics","2026-08-30T20:06:00Z","betmgm","alternate_totals_1st_5_innings","2026-08-30T18:52:57Z","Over","6","105"
"5421f226ba19cb1198c31f339c373ad2","Baltimore Orioles @ Athletics","2026-08-30T20:06:00Z","betmgm","alternate_totals_1st_5_innings","2026-08-30T18:52:57Z","Over","6.5","130"
"5421f226ba19cb1198c31f339c373ad2","Baltimore Orioles @ Athletics","2026-08-30T20:06:00Z","betmgm","alternate_totals_1st_5_innings","2026-08-30T18:52:57Z","Over","7.5","190"
"5421f226ba19cb1198c31f339c373ad2","Baltimore Orioles @ Athletics","2026-08-30T20:06:00Z","betmgm","alternate_totals_1st_5_innings","2026-08-30T18:52:57Z","Over","7","165"
"5421f226ba19cb1198c31f339c373ad2","Baltimore Orioles @ Athletics","2026-08-30T20:06:00Z","betmgm","alternate_totals_1st_5_innings","2026-08-30T18:52:57Z","Over","8","250"
"5421f226ba19cb1198c31f339c373ad2","Baltimore Orioles @ Athletics","2026-08-30T20:06:00Z","betmgm","alternate_totals_1st_5_innings","2026-08-30T18:52:57Z","Under","3","400"
"5421f226ba19cb1198c31f339c373ad2","Baltimore Orioles @ Athletics","2026-08-30T20:06:00Z","betmgm","alternate_totals_1st_5_innings","2026-08-30T18:52:57Z","Under","3.5","250"
"5421f226ba19cb1198c31f339c373ad2","Baltimore Orioles @ Athletics","2026-08-30T20:06:00Z","betmgm","alternate_totals_1st_5_innings","2026-08-30T18:52:57Z","Under","4","210"
"5421f226ba19cb1198c31f339c373ad2","Baltimore Orioles @ Athletics","2026-08-30T20:06:00Z","betmgm","alternate_totals_1st_5_innings","2026-08-30T18:52:57Z","Under","4.5","150"
"5421f226ba19cb1198c31f339c373ad2","Baltimore Orioles @ Athletics","2026-08-30T20:06:00Z","betmgm","alternate_totals_1st_5_innings","2026-08-30T18:52:57Z","Under","5","120"
"5421f226ba19cb1198c31f339c373ad2","Baltimore Orioles @ Athletics","2026-08-30T20:06:00Z","betmgm","alternate_totals_1st_5_innings","2026-08-30T18:52:57Z","Under","5","125"
"5421f226ba19cb1198c31f339c373ad2","Baltimore Orioles @ Athletics","2026-08-30T20:06:00Z","betmgm","alternate_totals_1st_5_innings","2026-08-30T18:52:57Z","Under","5.5","-110"
"5421f226ba19cb1198c31f339c373ad2","Baltimore Orioles @ Athletics","2026-08-30T20:06:00Z","betmgm","alternate_totals_1st_5_innings","2026-08-30T18:52:57Z","Under","6","-140"
"5421f226ba19cb1198c31f339c373ad2","Baltimore Orioles @ Athletics","2026-08-30T20:06:00Z","betmgm","alternate_totals_1st_5_innings","2026-08-30T18:52:57Z","Under","6.5","-170"
"5421f226ba19cb1198c31f339c373ad2","Baltimore Orioles @ Athletics","2026-08-30T20:06:00Z","betmgm","alternate_totals_1st_5_innings","2026-08-30T18:52:57Z","Under","7.5","-250"
"5421f226ba19cb1198c31f339c373ad2","Baltimore Orioles @ Athletics","2026-08-30T20:06:00Z","betmgm","alternate_totals_1st_5_innings","2026-08-30T18:52:57Z","Under","7","-220"
"5421f226ba19cb1198c31f339c373ad2","Baltimore Orioles @ Athletics","2026-08-30T20:06:00Z","betmgm","alternate_totals_1st_5_innings","2026-08-30T18:52:57Z","Under","8","-350"
"5421f226ba19cb1198c31f339c373ad2","Baltimore Orioles @ Athletics","2026-08-30T20:06:00Z","pinnacle","alternate_totals_1st_5_innings","2026-08-30T18:53:11Z","Over","4.5","-177"
"5421f226ba19cb1198c31f339c373ad2","Baltimore Orioles @ Athletics","2026-08-30T20:06:00Z","pinnacle","alternate_totals_1st_5_innings","2026-08-30T18:53:11Z","Over","5","-143"
"5421f226ba19cb1198c31f339c373ad2","Baltimore Orioles @ Athletics","2026-08-30T20:06:00Z","pinnacle","alternate_totals_1st_5_innings","2026-08-30T18:53:11Z","Over","6","117"
"5421f226ba19cb1198c31f339c373ad2","Baltimore Orioles @ Athletics","2026-08-30T20:06:00Z","pinnacle","alternate_totals_1st_5_innings","2026-08-30T18:53:11Z","Over","6.5","143"
"5421f226ba19cb1198c31f339c373ad2","Baltimore Orioles @ Athletics","2026-08-30T20:06:00Z","pinnacle","alternate_totals_1st_5_innings","2026-08-30T18:53:11Z","Under","4.5","152"
"5421f226ba19cb1198c31f339c373ad2","Baltimore Orioles @ Athletics","2026-08-30T20:06:00Z","pinnacle","alternate_totals_1st_5_innings","2026-08-30T18:53:11Z","Under","5","124"
"5421f226ba19cb1198c31f339c373ad2","Baltimore Orioles @ Athletics","2026-08-30T20:06:00Z","pinnacle","alternate_totals_1st_5_innings","2026-08-30T18:53:11Z","Under","6","-134"
"5421f226ba19cb1198c31f339c373ad2","Baltimore Orioles @ Athletics","2026-08-30T20:06:00Z","pinnacle","alternate_totals_1st_5_innings","2026-08-30T18:53:11Z","Under","6.5","-165"
"5421f226ba19cb1198c31f339c373ad2","Baltimore Orioles @ Athletics","2026-08-30T20:06:00Z","fanduel","h2h_1st_5_innings","2026-08-30T18:53:14Z","Athletics","","120"
"5421f226ba19cb1198c31f339c373ad2","Baltimore Orioles @ Athletics","2026-08-30T20:06:00Z","fanduel","h2h_1st_5_innings","2026-08-30T18:53:14Z","Baltimore Orioles","","-150"
"5421f226ba19cb1198c31f339c373ad2","Baltimore Orioles @ Athletics","2026-08-30T20:06:00Z","betonlineag","h2h_1st_5_innings","2026-08-30T18:52:33Z","Athletics","","120"
"5421f226ba19cb1198c31f339c373ad2","Baltimore Orioles @ Athletics","2026-08-30T20:06:00Z","betonlineag","h2h_1st_5_innings","2026-08-30T18:52:33Z","Baltimore Orioles","","-140"
"5421f226ba19cb1198c31f339c373ad2","Baltimore Orioles @ Athletics","2026-08-30T20:06:00Z","williamhill_us","h2h_1st_5_innings","2026-08-30T18:52:32Z","Athletics","","115"
"5421f226ba19cb1198c31f339c373ad2","Baltimore Orioles @ Athletics","2026-08-30T20:06:00Z","williamhill_us","h2h_1st_5_innings","2026-08-30T18:52:32Z","Baltimore Orioles","","-145"
"5421f226ba19cb1198c31f339c373ad2","Baltimore Orioles @ Athletics","2026-08-30T20:06:00Z","draftkings","h2h_1st_5_innings","2026-08-30T18:53:31Z","Athletics","","110"
"5421f226ba19cb1198c31f339c373ad2","Baltimore Orioles @ Athletics","2026-08-30T20:06:00Z","draftkings","h2h_1st_5_innings","2026-08-30T18:53:31Z","Baltimore Orioles","","-140"
"5421f226ba19cb1198c31f339c373ad2","Baltimore Orioles @ Athletics","2026-08-30T20:06:00Z","bovada","h2h_1st_5_innings","2026-08-30T18:52:11Z","Athletics","","110"
"5421f226ba19cb1198c31f339c373ad2","Baltimore Orioles @ Athletics","2026-08-30T20:06:00Z","bovada","h2h_1st_5_innings","2026-08-30T18:52:11Z","Baltimore Orioles","","-145"
"5421f226ba19cb1198c31f339c373ad2","Baltimore Orioles @ Athletics","2026-08-30T20:06:00Z","betrivers","h2h_1st_5_innings","2026-08-30T18:52:57Z","Athletics","","115"
"5421f226ba19cb1198c31f339c373ad2","Baltimore Orioles @ Athletics","2026-08-30T20:06:00Z","betrivers","h2h_1st_5_innings","2026-08-30T18:52:57Z","Baltimore Orioles","","-152"
"5421f226ba19cb1198c31f339c373ad2","Baltimore Orioles @ Athletics","2026-08-30T20:06:00Z","betmgm","h2h_1st_5_innings","2026-08-30T18:52:57Z","Athletics","","110"
"5421f226ba19cb1198c31f339c373ad2","Baltimore Orioles @ Athletics","2026-08-30T20:06:00Z","betmgm","h2h_1st_5_innings","2026-08-30T18:52:57Z","Baltimore Orioles","","-140"
"5421f226ba19cb1198c31f339c373ad2","Baltimore Orioles @ Athletics","2026-08-30T20:06:00Z","betanysports","h2h_1st_5_innings","2026-08-30T18:53:26Z","Athletics","","120"
"5421f226ba19cb1198c31f339c373ad2","Baltimore Orioles @ Athletics","2026-08-30T20:06:00Z","betanysports","h2h_1st_5_innings","2026-08-30T18:53:26Z","Baltimore Orioles","","-140"
"5421f226ba19cb1198c31f339c373ad2","Baltimore Orioles @ Athletics","2026-08-30T20:06:00Z","betus","h2h_1st_5_innings","2026-08-30T18:53:25Z","Athletics","","120"
"5421f226ba19cb1198c31f339c373ad2","Baltimore Orioles @ Athletics","2026-08-30T20:06:00Z","betus","h2h_1st_5_innings","2026-08-30T18:53:25Z","Baltimore Orioles","","-140"
"5421f226ba19cb1198c31f339c373ad2","Baltimore Orioles @ Athletics","2026-08-30T20:06:00Z","fanduel","spreads_1st_5_innings","2026-08-30T18:53:14Z","Athletics","0.5","-118"
"5421f226ba19cb1198c31f339c373ad2","Baltimore Orioles @ Athletics","2026-08-30T20:06:00Z","fanduel","spreads_1st_5_innings","2026-08-30T18:53:14Z","Baltimore Orioles","-0.5","-110"
"5421f226ba19cb1198c31f339c373ad2","Baltimore Orioles @ Athletics","2026-08-30T20:06:00Z","betonlineag","spreads_1st_5_innings","2026-08-30T18:52:33Z","Athletics","0.5","-120"
"5421f226ba19cb1198c31f339c373ad2","Baltimore Orioles @ Athletics","2026-08-30T20:06:00Z","betonlineag","spreads_1st_5_innings","2026-08-30T18:52:33Z","Baltimore Orioles","-0.5","100"
"5421f226ba19cb1198c31f339c373ad2","Baltimore Orioles @ Athletics","2026-08-30T20:06:00Z","williamhill_us","spreads_1st_5_innings","2026-08-30T18:52:32Z","Athletics","0.5","-130"
"5421f226ba19cb1198c31f339c373ad2","Baltimore Orioles @ Athletics","2026-08-30T20:06:00Z","williamhill_us","spreads_1st_5_innings","2026-08-30T18:52:32Z","Baltimore Orioles","-0.5","100"
"5421f226ba19cb1198c31f339c373ad2","Baltimore Orioles @ Athletics","2026-08-30T20:06:00Z","bovada","spreads_1st_5_innings","2026-08-30T18:52:11Z","Athletics","0.5","-120"
"5421f226ba19cb1198c31f339c373ad2","Baltimore Orioles @ Athletics","2026-08-30T20:06:00Z","bovada","spreads_1st_5_innings","2026-08-30T18:52:11Z","Baltimore Orioles","-0.5","-110"
"5421f226ba19cb1198c31f339c373ad2","Baltimore Orioles @ Athletics","2026-08-30T20:06:00Z","betmgm","spreads_1st_5_innings","2026-08-30T18:53:25Z","Athletics","0.5","-125"
"5421f226ba19cb1198c31f339c373ad2","Baltimore Orioles @ Athletics","2026-08-30T20:06:00Z","betmgm","spreads_1st_5_innings","2026-08-30T18:53:25Z","Baltimore Orioles","-0.5","-105"
"5421f226ba19cb1198c31f339c373ad2","Baltimore Orioles @ Athletics","2026-08-30T20:06:00Z","betanysports","spreads_1st_5_innings","2026-08-30T18:53:26Z","Athletics","0.5","-120"
"5421f226ba19cb1198c31f339c373ad2","Baltimore Orioles @ Athletics","2026-08-30T20:06:00Z","betanysports","spreads_1st_5_innings","2026-08-30T18:53:26Z","Baltimore Orioles","-0.5","100"
"5421f226ba19cb1198c31f339c373ad2","Baltimore Orioles @ Athletics","2026-08-30T20:06:00Z","betus","spreads_1st_5_innings","2026-08-30T18:53:25Z","Athletics","0.5","-120"
"5421f226ba19cb1198c31f339c373ad2","Baltimore Orioles @ Athletics","2026-08-30T20:06:00Z","betus","spreads_1st_5_innings","2026-08-30T18:53:25Z","Baltimore Orioles","-0.5","100"
"5421f226ba19cb1198c31f339c373ad2","Baltimore Orioles @ Athletics","2026-08-30T20:06:00Z","pinnacle","spreads_1st_5_innings","2026-08-30T18:53:11Z","Athletics","0","119"
"5421f226ba19cb1198c31f339c373ad2","Baltimore Orioles @ Athletics","2026-08-30T20:06:00Z","pinnacle","spreads_1st_5_innings","2026-08-30T18:53:11Z","Baltimore Orioles","0","-137"
"5421f226ba19cb1198c31f339c373ad2","Baltimore Orioles @ Athletics","2026-08-30T20:06:00Z","fanduel","totals_1st_5_innings","2026-08-30T18:53:14Z","Over","5.5","-118"
"5421f226ba19cb1198c31f339c373ad2","Baltimore Orioles @ Athletics","2026-08-30T20:06:00Z","fanduel","totals_1st_5_innings","2026-08-30T18:53:14Z","Under","5.5","-110"
"5421f226ba19cb1198c31f339c373ad2","Baltimore Orioles @ Athletics","2026-08-30T20:06:00Z","betonlineag","totals_1st_5_innings","2026-08-30T18:52:33Z","Over","5.5","-114"
"5421f226ba19cb1198c31f339c373ad2","Baltimore Orioles @ Athletics","2026-08-30T20:06:00Z","betonlineag","totals_1st_5_innings","2026-08-30T18:52:33Z","Under","5.5","-106"
"5421f226ba19cb1198c31f339c373ad2","Baltimore Orioles @ Athletics","2026-08-30T20:06:00Z","williamhill_us","totals_1st_5_innings","2026-08-30T18:52:32Z","Over","5.5","-125"
"5421f226ba19cb1198c31f339c373ad2","Baltimore Orioles @ Athletics","2026-08-30T20:06:00Z","williamhill_us","totals_1st_5_innings","2026-08-30T18:52:32Z","Under","5.5","-105"
"5421f226ba19cb1198c31f339c373ad2","Baltimore Orioles @ Athletics","2026-08-30T20:06:00Z","bovada","totals_1st_5_innings","2026-08-30T18:52:11Z","Over","5.5","-120"
"5421f226ba19cb1198c31f339c373ad2","Baltimore Orioles @ Athletics","2026-08-30T20:06:00Z","bovada","totals_1st_5_innings","2026-08-30T18:52:11Z","Under","5.5","-110"
"5421f226ba19cb1198c31f339c373ad2","Baltimore Orioles @ Athletics","2026-08-30T20:06:00Z","betmgm","totals_1st_5_innings","2026-08-30T18:53:25Z","Over","5.5","-118"
"5421f226ba19cb1198c31f339c373ad2","Baltimore Orioles @ Athletics","2026-08-30T20:06:00Z","betmgm","totals_1st_5_innings","2026-08-30T18:53:25Z","Under","5.5","-110"
"5421f226ba19cb1198c31f339c373ad2","Baltimore Orioles @ Athletics","2026-08-30T20:06:00Z","betanysports","totals_1st_5_innings","2026-08-30T18:53:26Z","Over","5.5","-114"
"5421f226ba19cb1198c31f339c373ad2","Baltimore Orioles @ Athletics","2026-08-30T20:06:00Z","betanysports","totals_1st_5_innings","2026-08-30T18:53:26Z","Under","5.5","-106"
"5421f226ba19cb1198c31f339c373ad2","Baltimore Orioles @ Athletics","2026-08-30T20:06:00Z","betus","totals_1st_5_innings","2026-08-30T18:53:25Z","Over","5.5","-115"
"5421f226ba19cb1198c31f339c373ad2","Baltimore Orioles @ Athletics","2026-08-30T20:06:00Z","betus","totals_1st_5_innings","2026-08-30T18:53:25Z","Under","5.5","-115"
"5421f226ba19cb1198c31f339c373ad2","Baltimore Orioles @ Athletics","2026-08-30T20:06:00Z","pinnacle","totals_1st_5_innings","2026-08-30T18:53:11Z","Over","5.5","-110"
"5421f226ba19cb1198c31f339c373ad2","Baltimore Orioles @ Athletics","2026-08-30T20:06:00Z","pinnacle","totals_1st_5_innings","2026-08-30T18:53:11Z","Under","5.5","-104"
"cd304593a01b05fbfdceca7ab3654067","Philadelphia Phillies @ Los Angeles Angels","2026-08-30T20:07:00Z","draftkings","alternate_totals_1st_5_innings","2026-08-30T18:53:08Z","Over","3.5","-145"
"cd304593a01b05fbfdceca7ab3654067","Philadelphia Phillies @ Los Angeles Angels","2026-08-30T20:07:00Z","draftkings","alternate_totals_1st_5_innings","2026-08-30T18:53:08Z","Over","4.5","114"
"cd304593a01b05fbfdceca7ab3654067","Philadelphia Phillies @ Los Angeles Angels","2026-08-30T20:07:00Z","draftkings","alternate_totals_1st_5_innings","2026-08-30T18:53:08Z","Over","5.5","185"
"cd304593a01b05fbfdceca7ab3654067","Philadelphia Phillies @ Los Angeles Angels","2026-08-30T20:07:00Z","draftkings","alternate_totals_1st_5_innings","2026-08-30T18:53:08Z","Under","3.5","114"
"cd304593a01b05fbfdceca7ab3654067","Philadelphia Phillies @ Los Angeles Angels","2026-08-30T20:07:00Z","draftkings","alternate_totals_1st_5_innings","2026-08-30T18:53:08Z","Under","4.5","-145"
"cd304593a01b05fbfdceca7ab3654067","Philadelphia Phillies @ Los Angeles Angels","2026-08-30T20:07:00Z","draftkings","alternate_totals_1st_5_innings","2026-08-30T18:53:08Z","Under","5.5","-245"
"cd304593a01b05fbfdceca7ab3654067","Philadelphia Phillies @ Los Angeles Angels","2026-08-30T20:07:00Z","fanduel","alternate_totals_1st_5_innings","2026-08-30T18:53:31Z","Over","0.5","-4500"
"cd304593a01b05fbfdceca7ab3654067","Philadelphia Phillies @ Los Angeles Angels","2026-08-30T20:07:00Z","fanduel","alternate_totals_1st_5_innings","2026-08-30T18:53:31Z","Over","1.5","-750"
"cd304593a01b05fbfdceca7ab3654067","Philadelphia Phillies @ Los Angeles Angels","2026-08-30T20:07:00Z","fanduel","alternate_totals_1st_5_innings","2026-08-30T18:53:31Z","Over","2.5","-310"
"cd304593a01b05fbfdceca7ab3654067","Philadelphia Phillies @ Los Angeles Angels","2026-08-30T20:07:00Z","fanduel","alternate_totals_1st_5_innings","2026-08-30T18:53:31Z","Over","3.5","-154"
"cd304593a01b05fbfdceca7ab3654067","Philadelphia Phillies @ Los Angeles Angels","2026-08-30T20:07:00Z","fanduel","alternate_totals_1st_5_innings","2026-08-30T18:53:31Z","Over","4.5","118"
"cd304593a01b05fbfdceca7ab3654067","Philadelphia Phillies @ Los Angeles Angels","2026-08-30T20:07:00Z","fanduel","alternate_totals_1st_5_innings","2026-08-30T18:53:31Z","Over","5.5","194"
"cd304593a01b05fbfdceca7ab3654067","Philadelphia Phillies @ Los Angeles Angels","2026-08-30T20:07:00Z","fanduel","alternate_totals_1st_5_innings","2026-08-30T18:53:31Z","Over","6.5","290"
"cd304593a01b05fbfdceca7ab3654067","Philadelphia Phillies @ Los Angeles Angels","2026-08-30T20:07:00Z","fanduel","alternate_totals_1st_5_innings","2026-08-30T18:53:31Z","Over","7.5","430"
"cd304593a01b05fbfdceca7ab3654067","Philadelphia Phillies @ Los Angeles Angels","2026-08-30T20:07:00Z","fanduel","alternate_totals_1st_5_innings","2026-08-30T18:53:31Z","Over","8.5","640"
"cd304593a01b05fbfdceca7ab3654067","Philadelphia Phillies @ Los Angeles Angels","2026-08-30T20:07:00Z","fanduel","alternate_totals_1st_5_innings","2026-08-30T18:53:31Z","Over","9.5","880"
"cd304593a01b05fbfdceca7ab3654067","Philadelphia Phillies @ Los Angeles Angels","2026-08-30T20:07:00Z","fanduel","alternate_totals_1st_5_innings","2026-08-30T18:53:31Z","Over","10.5","1200"
"cd304593a01b05fbfdceca7ab3654067","Philadelphia Phillies @ Los Angeles Angels","2026-08-30T20:07:00Z","fanduel","alternate_totals_1st_5_innings","2026-08-30T18:53:31Z","Under","0.5","1100"
"cd304593a01b05fbfdceca7ab3654067","Philadelphia Phillies @ Los Angeles Angels","2026-08-30T20:07:00Z","fanduel","alternate_totals_1st_5_innings","2026-08-30T18:53:31Z","Under","1.5","430"
"cd304593a01b05fbfdceca7ab3654067","Philadelphia Phillies @ Los Angeles Angels","2026-08-30T20:07:00Z","fanduel","alternate_totals_1st_5_innings","2026-08-30T18:53:31Z","Under","2.5","220"
"cd304593a01b05fbfdceca7ab3654067","Philadelphia Phillies @ Los Angeles Angels","2026-08-30T20:07:00Z","fanduel","alternate_totals_1st_5_innings","2026-08-30T18:53:31Z","Under","3.5","116"
"cd304593a01b05fbfdceca7ab3654067","Philadelphia Phillies @ Los Angeles Angels","2026-08-30T20:07:00Z","fanduel","alternate_totals_1st_5_innings","2026-08-30T18:53:31Z","Under","4.5","-158"
"cd304593a01b05fbfdceca7ab3654067","Philadelphia Phillies @ Los Angeles Angels","2026-08-30T20:07:00Z","fanduel","alternate_totals_1st_5_innings","2026-08-30T18:53:31Z","Under","5.5","-270"
"cd304593a01b05fbfdceca7ab3654067","Philadelphia Phillies @ Los Angeles Angels","2026-08-30T20:07:00Z","fanduel","alternate_totals_1st_5_innings","2026-08-30T18:53:31Z","Under","6.5","-440"
"cd304593a01b05fbfdceca7ab3654067","Philadelphia Phillies @ Los Angeles Angels","2026-08-30T20:07:00Z","fanduel","alternate_totals_1st_5_innings","2026-08-30T18:53:31Z","Under","7.5","-750"
"cd304593a01b05fbfdceca7ab3654067","Philadelphia Phillies @ Los Angeles Angels","2026-08-30T20:07:00Z","fanduel","alternate_totals_1st_5_innings","2026-08-30T18:53:31Z","Under","8.5","-1450"
"cd304593a01b05fbfdceca7ab3654067","Philadelphia Phillies @ Los Angeles Angels","2026-08-30T20:07:00Z","fanduel","alternate_totals_1st_5_innings","2026-08-30T18:53:31Z","Under","9.5","-3000"
"cd304593a01b05fbfdceca7ab3654067","Philadelphia Phillies @ Los Angeles Angels","2026-08-30T20:07:00Z","fanduel","alternate_totals_1st_5_innings","2026-08-30T18:53:31Z","Under","10.5","-5000"
"cd304593a01b05fbfdceca7ab3654067","Philadelphia Phillies @ Los Angeles Angels","2026-08-30T20:07:00Z","bovada","alternate_totals_1st_5_innings","2026-08-30T18:52:26Z","Over","0.5","-5000"
"cd304593a01b05fbfdceca7ab3654067","Philadelphia Phillies @ Los Angeles Angels","2026-08-30T20:07:00Z","bovada","alternate_totals_1st_5_innings","2026-08-30T18:52:26Z","Over","1.5","-800"
"cd304593a01b05fbfdceca7ab3654067","Philadelphia Phillies @ Los Angeles Angels","2026-08-30T20:07:00Z","bovada","alternate_totals_1st_5_innings","2026-08-30T18:52:26Z","Over","3","-220"
"cd304593a01b05fbfdceca7ab3654067","Philadelphia Phillies @ Los Angeles Angels","2026-08-30T20:07:00Z","bovada","alternate_totals_1st_5_innings","2026-08-30T18:52:26Z","Over","3.5","-145"
"cd304593a01b05fbfdceca7ab3654067","Philadelphia Phillies @ Los Angeles Angels","2026-08-30T20:07:00Z","bovada","alternate_totals_1st_5_innings","2026-08-30T18:52:26Z","Over","4.5","120"
"cd304593a01b05fbfdceca7ab3654067","Philadelphia Phillies @ Los Angeles Angels","2026-08-30T20:07:00Z","bovada","alternate_totals_1st_5_innings","2026-08-30T18:52:26Z","Over","5","160"
"cd304593a01b05fbfdceca7ab3654067","Philadelphia Phillies @ Los Angeles Angels","2026-08-30T20:07:00Z","bovada","alternate_totals_1st_5_innings","2026-08-30T18:52:26Z","Over","7.5","400"
"cd304593a01b05fbfdceca7ab3654067","Philadelphia Phillies @ Los Angeles Angels","2026-08-30T20:07:00Z","bovada","alternate_totals_1st_5_innings","2026-08-30T18:52:26Z","Over","8.5","600"
"cd304593a01b05fbfdceca7ab3654067","Philadelphia Phillies @ Los Angeles Angels","2026-08-30T20:07:00Z","bovada","alternate_totals_1st_5_innings","2026-08-30T18:52:26Z","Over","9.5","800"
"cd304593a01b05fbfdceca7ab3654067","Philadelphia Phillies @ Los Angeles Angels","2026-08-30T20:07:00Z","bovada","alternate_totals_1st_5_innings","2026-08-30T18:52:26Z","Over","10.5","1100"
"cd304593a01b05fbfdceca7ab3654067","Philadelphia Phillies @ Los Angeles Angels","2026-08-30T20:07:00Z","bovada","alternate_totals_1st_5_innings","2026-08-30T18:52:26Z","Under","0.5","1100"
"cd304593a01b05fbfdceca7ab3654067","Philadelphia Phillies @ Los Angeles Angels","2026-08-30T20:07:00Z","bovada","alternate_totals_1st_5_innings","2026-08-30T18:52:26Z","Under","1.5","450"
"cd304593a01b05fbfdceca7ab3654067","Philadelphia Phillies @ Los Angeles Angels","2026-08-30T20:07:00Z","bovada","alternate_totals_1st_5_innings","2026-08-30T18:52:26Z","Under","3","165"
"cd304593a01b05fbfdceca7ab3654067","Philadelphia Phillies @ Los Angeles Angels","2026-08-30T20:07:00Z","bovada","alternate_totals_1st_5_innings","2026-08-30T18:52:26Z","Under","3.5","110"
"cd304593a01b05fbfdceca7ab3654067","Philadelphia Phillies @ Los Angeles Angels","2026-08-30T20:07:00Z","bovada","alternate_totals_1st_5_innings","2026-08-30T18:52:26Z","Under","4.5","-160"
"cd304593a01b05fbfdceca7ab3654067","Philadelphia Phillies @ Los Angeles Angels","2026-08-30T20:07:00Z","bovada","alternate_totals_1st_5_innings","2026-08-30T18:52:26Z","Under","5","-215"
"cd304593a01b05fbfdceca7ab3654067","Philadelphia Phillies @ Los Angeles Angels","2026-08-30T20:07:00Z","bovada","alternate_totals_1st_5_innings","2026-08-30T18:52:26Z","Under","7.5","-650"
"cd304593a01b05fbfdceca7ab3654067","Philadelphia Phillies @ Los Angeles Angels","2026-08-30T20:07:00Z","bovada","alternate_totals_1st_5_innings","2026-08-30T18:52:26Z","Under","8.5","-1200"
"cd304593a01b05fbfdceca7ab3654067","Philadelphia Phillies @ Los Angeles Angels","2026-08-30T20:07:00Z","bovada","alternate_totals_1st_5_innings","2026-08-30T18:52:26Z","Under","9.5","-2000"
"cd304593a01b05fbfdceca7ab3654067","Philadelphia Phillies @ Los Angeles Angels","2026-08-30T20:07:00Z","bovada","alternate_totals_1st_5_innings","2026-08-30T18:52:26Z","Under","10.5","-5000"
"cd304593a01b05fbfdceca7ab3654067","Philadelphia Phillies @ Los Angeles Angels","2026-08-30T20:07:00Z","bovada","alternate_totals_1st_5_innings","2026-08-30T18:52:26Z","Under","11.5","-10000"
"cd304593a01b05fbfdceca7ab3654067","Philadelphia Phillies @ Los Angeles Angels","2026-08-30T20:07:00Z","pinnacle","alternate_totals_1st_5_innings","2026-08-30T18:52:40Z","Over","3","-207"
"cd304593a01b05fbfdceca7ab3654067","Philadelphia Phillies @ Los Angeles Angels","2026-08-30T20:07:00Z","pinnacle","alternate_totals_1st_5_innings","2026-08-30T18:52:40Z","Over","3.5","-136"
"cd304593a01b05fbfdceca7ab3654067","Philadelphia Phillies @ Los Angeles Angels","2026-08-30T20:07:00Z","pinnacle","alternate_totals_1st_5_innings","2026-08-30T18:52:40Z","Over","4.5","127"
"cd304593a01b05fbfdceca7ab3654067","Philadelphia Phillies @ Los Angeles Angels","2026-08-30T20:07:00Z","pinnacle","alternate_totals_1st_5_innings","2026-08-30T18:52:40Z","Over","5","170"
"cd304593a01b05fbfdceca7ab3654067","Philadelphia Phillies @ Los Angeles Angels","2026-08-30T20:07:00Z","pinnacle","alternate_totals_1st_5_innings","2026-08-30T18:52:40Z","Under","3","175"
"cd304593a01b05fbfdceca7ab3654067","Philadelphia Phillies @ Los Angeles Angels","2026-08-30T20:07:00Z","pinnacle","alternate_totals_1st_5_innings","2026-08-30T18:52:40Z","Under","3.5","118"
"cd304593a01b05fbfdceca7ab3654067","Philadelphia Phillies @ Los Angeles Angels","2026-08-30T20:07:00Z","pinnacle","alternate_totals_1st_5_innings","2026-08-30T18:52:40Z","Under","4.5","-147"
"cd304593a01b05fbfdceca7ab3654067","Philadelphia Phillies @ Los Angeles Angels","2026-08-30T20:07:00Z","pinnacle","alternate_totals_1st_5_innings","2026-08-30T18:52:40Z","Under","5","-199"
"cd304593a01b05fbfdceca7ab3654067","Philadelphia Phillies @ Los Angeles Angels","2026-08-30T20:07:00Z","betmgm","alternate_totals_1st_5_innings","2026-08-30T18:53:12Z","Over","2","-600"
"cd304593a01b05fbfdceca7ab3654067","Philadelphia Phillies @ Los Angeles Angels","2026-08-30T20:07:00Z","betmgm","alternate_totals_1st_5_innings","2026-08-30T18:53:12Z","Over","2.5","-295"
"cd304593a01b05fbfdceca7ab3654067","Philadelphia Phillies @ Los Angeles Angels","2026-08-30T20:07:00Z","betmgm","alternate_totals_1st_5_innings","2026-08-30T18:53:12Z","Over","3","-225"
"cd304593a01b05fbfdceca7ab3654067","Philadelphia Phillies @ Los Angeles Angels","2026-08-30T20:07:00Z","betmgm","alternate_totals_1st_5_innings","2026-08-30T18:53:12Z","Over","3.5","-155"
"cd304593a01b05fbfdceca7ab3654067","Philadelphia Phillies @ Los Angeles Angels","2026-08-30T20:07:00Z","betmgm","alternate_totals_1st_5_innings","2026-08-30T18:53:12Z","Over","4","-118"
"cd304593a01b05fbfdceca7ab3654067","Philadelphia Phillies @ Los Angeles Angels","2026-08-30T20:07:00Z","betmgm","alternate_totals_1st_5_innings","2026-08-30T18:53:12Z","Over","4.5","115"
"cd304593a01b05fbfdceca7ab3654067","Philadelphia Phillies @ Los Angeles Angels","2026-08-30T20:07:00Z","betmgm","alternate_totals_1st_5_innings","2026-08-30T18:53:12Z","Over","5","155"
"cd304593a01b05fbfdceca7ab3654067","Philadelphia Phillies @ Los Angeles Angels","2026-08-30T20:07:00Z","betmgm","alternate_totals_1st_5_innings","2026-08-30T18:53:12Z","Over","5","150"
"cd304593a01b05fbfdceca7ab3654067","Philadelphia Phillies @ Los Angeles Angels","2026-08-30T20:07:00Z","betmgm","alternate_totals_1st_5_innings","2026-08-30T18:53:12Z","Over","5.5","185"
"cd304593a01b05fbfdceca7ab3654067","Philadelphia Phillies @ Los Angeles Angels","2026-08-30T20:07:00Z","betmgm","alternate_totals_1st_5_innings","2026-08-30T18:53:12Z","Over","6","250"
"cd304593a01b05fbfdceca7ab3654067","Philadelphia Phillies @ Los Angeles Angels","2026-08-30T20:07:00Z","betmgm","alternate_totals_1st_5_innings","2026-08-30T18:53:12Z","Over","6.5","280"
"cd304593a01b05fbfdceca7ab3654067","Philadelphia Phillies @ Los Angeles Angels","2026-08-30T20:07:00Z","betmgm","alternate_totals_1st_5_innings","2026-08-30T18:53:12Z","Over","1.5","-700"
"cd304593a01b05fbfdceca7ab3654067","Philadelphia Phillies @ Los Angeles Angels","2026-08-30T20:07:00Z","betmgm","alternate_totals_1st_5_innings","2026-08-30T18:53:12Z","Under","2","375"
"cd304593a01b05fbfdceca7ab3654067","Philadelphia Phillies @ Los Angeles Angels","2026-08-30T20:07:00Z","betmgm","alternate_totals_1st_5_innings","2026-08-30T18:53:12Z","Under","2.5","210"
"cd304593a01b05fbfdceca7ab3654067","Philadelphia Phillies @ Los Angeles Angels","2026-08-30T20:07:00Z","betmgm","alternate_totals_1st_5_innings","2026-08-30T18:53:12Z","Under","3","170"
"cd304593a01b05fbfdceca7ab3654067","Philadelphia Phillies @ Los Angeles Angels","2026-08-30T20:07:00Z","betmgm","alternate_totals_1st_5_innings","2026-08-30T18:53:12Z","Under","3.5","118"
"cd304593a01b05fbfdceca7ab3654067","Philadelphia Phillies @ Los Angeles Angels","2026-08-30T20:07:00Z","betmgm","alternate_totals_1st_5_innings","2026-08-30T18:53:12Z","Under","4","-110"
"cd304593a01b05fbfdceca7ab3654067","Philadelphia Phillies @ Los Angeles Angels","2026-08-30T20:07:00Z","betmgm","alternate_totals_1st_5_innings","2026-08-30T18:53:12Z","Under","4.5","-150"
"cd304593a01b05fbfdceca7ab3654067","Philadelphia Phillies @ Los Angeles Angels","2026-08-30T20:07:00Z","betmgm","alternate_totals_1st_5_innings","2026-08-30T18:53:12Z","Under","5","-210"
"cd304593a01b05fbfdceca7ab3654067","Philadelphia Phillies @ Los Angeles Angels","2026-08-30T20:07:00Z","betmgm","alternate_totals_1st_5_innings","2026-08-30T18:53:12Z","Under","5","-200"
"cd304593a01b05fbfdceca7ab3654067","Philadelphia Phillies @ Los Angeles Angels","2026-08-30T20:07:00Z","betmgm","alternate_totals_1st_5_innings","2026-08-30T18:53:12Z","Under","5.5","-250"
"cd304593a01b05fbfdceca7ab3654067","Philadelphia Phillies @ Los Angeles Angels","2026-08-30T20:07:00Z","betmgm","alternate_totals_1st_5_innings","2026-08-30T18:53:12Z","Under","6","-350"
"cd304593a01b05fbfdceca7ab3654067","Philadelphia Phillies @ Los Angeles Angels","2026-08-30T20:07:00Z","betmgm","alternate_totals_1st_5_innings","2026-08-30T18:53:12Z","Under","6.5","-400"
"cd304593a01b05fbfdceca7ab3654067","Philadelphia Phillies @ Los Angeles Angels","2026-08-30T20:07:00Z","betmgm","alternate_totals_1st_5_innings","2026-08-30T18:53:12Z","Under","1.5","425"
"cd304593a01b05fbfdceca7ab3654067","Philadelphia Phillies @ Los Angeles Angels","2026-08-30T20:07:00Z","betrivers","alternate_totals_1st_5_innings","2026-08-30T18:52:58Z","Over","3.5","-136"
"cd304593a01b05fbfdceca7ab3654067","Philadelphia Phillies @ Los Angeles Angels","2026-08-30T20:07:00Z","betrivers","alternate_totals_1st_5_innings","2026-08-30T18:52:58Z","Under","3.5","102"
"cd304593a01b05fbfdceca7ab3654067","Philadelphia Phillies @ Los Angeles Angels","2026-08-30T20:07:00Z","draftkings","h2h_1st_5_innings","2026-08-30T18:53:08Z","Los Angeles Angels","","145"
"cd304593a01b05fbfdceca7ab3654067","Philadelphia Phillies @ Los Angeles Angels","2026-08-30T20:07:00Z","draftkings","h2h_1st_5_innings","2026-08-30T18:53:08Z","Philadelphia Phillies","","-188"
"cd304593a01b05fbfdceca7ab3654067","Philadelphia Phillies @ Los Angeles Angels","2026-08-30T20:07:00Z","betonlineag","h2h_1st_5_innings","2026-08-30T18:53:22Z","Los Angeles Angels","","153"
"cd304593a01b05fbfdceca7ab3654067","Philadelphia Phillies @ Los Angeles Angels","2026-08-30T20:07:00Z","betonlineag","h2h_1st_5_innings","2026-08-30T18:53:22Z","Philadelphia Phillies","","-175"
"cd304593a01b05fbfdceca7ab3654067","Philadelphia Phillies @ Los Angeles Angels","2026-08-30T20:07:00Z","fanduel","h2h_1st_5_innings","2026-08-30T18:53:31Z","Los Angeles Angels","","144"
"cd304593a01b05fbfdceca7ab3654067","Philadelphia Phillies @ Los Angeles Angels","2026-08-30T20:07:00Z","fanduel","h2h_1st_5_innings","2026-08-30T18:53:31Z","Philadelphia Phillies","","-182"
"cd304593a01b05fbfdceca7ab3654067","Philadelphia Phillies @ Los Angeles Angels","2026-08-30T20:07:00Z","williamhill_us","h2h_1st_5_innings","2026-08-30T18:53:28Z","Los Angeles Angels","","150"
"cd304593a01b05fbfdceca7ab3654067","Philadelphia Phillies @ Los Angeles Angels","2026-08-30T20:07:00Z","williamhill_us","h2h_1st_5_innings","2026-08-30T18:53:28Z","Philadelphia Phillies","","-180"
"cd304593a01b05fbfdceca7ab3654067","Philadelphia Phillies @ Los Angeles Angels","2026-08-30T20:07:00Z","bovada","h2h_1st_5_innings","2026-08-30T18:52:26Z","Los Angeles Angels","","135"
"cd304593a01b05fbfdceca7ab3654067","Philadelphia Phillies @ Los Angeles Angels","2026-08-30T20:07:00Z","bovada","h2h_1st_5_innings","2026-08-30T18:52:26Z","Philadelphia Phillies","","-180"
"cd304593a01b05fbfdceca7ab3654067","Philadelphia Phillies @ Los Angeles Angels","2026-08-30T20:07:00Z","mybookieag","h2h_1st_5_innings","2026-08-30T18:52:58Z","Los Angeles Angels","","146"
"cd304593a01b05fbfdceca7ab3654067","Philadelphia Phillies @ Los Angeles Angels","2026-08-30T20:07:00Z","mybookieag","h2h_1st_5_innings","2026-08-30T18:52:58Z","Philadelphia Phillies","","-180"
"cd304593a01b05fbfdceca7ab3654067","Philadelphia Phillies @ Los Angeles Angels","2026-08-30T20:07:00Z","betmgm","h2h_1st_5_innings","2026-08-30T18:53:12Z","Los Angeles Angels","","145"
"cd304593a01b05fbfdceca7ab3654067","Philadelphia Phillies @ Los Angeles Angels","2026-08-30T20:07:00Z","betmgm","h2h_1st_5_innings","2026-08-30T18:53:12Z","Philadelphia Phillies","","-185"
"cd304593a01b05fbfdceca7ab3654067","Philadelphia Phillies @ Los Angeles Angels","2026-08-30T20:07:00Z","betrivers","h2h_1st_5_innings","2026-08-30T18:52:58Z","Los Angeles Angels","","138"
"cd304593a01b05fbfdceca7ab3654067","Philadelphia Phillies @ Los Angeles Angels","2026-08-30T20:07:00Z","betrivers","h2h_1st_5_innings","2026-08-30T18:52:58Z","Philadelphia Phillies","","-182"
"cd304593a01b05fbfdceca7ab3654067","Philadelphia Phillies @ Los Angeles Angels","2026-08-30T20:07:00Z","betanysports","h2h_1st_5_innings","2026-08-30T18:53:26Z","Los Angeles Angels","","150"
"cd304593a01b05fbfdceca7ab3654067","Philadelphia Phillies @ Los Angeles Angels","2026-08-30T20:07:00Z","betanysports","h2h_1st_5_innings","2026-08-30T18:53:26Z","Philadelphia Phillies","","-175"
"cd304593a01b05fbfdceca7ab3654067","Philadelphia Phillies @ Los Angeles Angels","2026-08-30T20:07:00Z","betus","h2h_1st_5_innings","2026-08-30T18:53:25Z","Los Angeles Angels","","150"
"cd304593a01b05fbfdceca7ab3654067","Philadelphia Phillies @ Los Angeles Angels","2026-08-30T20:07:00Z","betus","h2h_1st_5_innings","2026-08-30T18:53:25Z","Philadelphia Phillies","","-170"
"cd304593a01b05fbfdceca7ab3654067","Philadelphia Phillies @ Los Angeles Angels","2026-08-30T20:07:00Z","betonlineag","spreads_1st_5_innings","2026-08-30T18:53:22Z","Los Angeles Angels","0.5","100"
"cd304593a01b05fbfdceca7ab3654067","Philadelphia Phillies @ Los Angeles Angels","2026-08-30T20:07:00Z","betonlineag","spreads_1st_5_innings","2026-08-30T18:53:22Z","Philadelphia Phillies","-0.5","-120"
"cd304593a01b05fbfdceca7ab3654067","Philadelphia Phillies @ Los Angeles Angels","2026-08-30T20:07:00Z","fanduel","spreads_1st_5_innings","2026-08-30T18:53:31Z","Los Angeles Angels","0.5","-110"
"cd304593a01b05fbfdceca7ab3654067","Philadelphia Phillies @ Los Angeles Angels","2026-08-30T20:07:00Z","fanduel","spreads_1st_5_innings","2026-08-30T18:53:31Z","Philadelphia Phillies","-0.5","-118"
"cd304593a01b05fbfdceca7ab3654067","Philadelphia Phillies @ Los Angeles Angels","2026-08-30T20:07:00Z","williamhill_us","spreads_1st_5_innings","2026-08-30T18:53:28Z","Los Angeles Angels","0.5","100"
"cd304593a01b05fbfdceca7ab3654067","Philadelphia Phillies @ Los Angeles Angels","2026-08-30T20:07:00Z","williamhill_us","spreads_1st_5_innings","2026-08-30T18:53:28Z","Philadelphia Phillies","-0.5","-130"
"cd304593a01b05fbfdceca7ab3654067","Philadelphia Phillies @ Los Angeles Angels","2026-08-30T20:07:00Z","bovada","spreads_1st_5_innings","2026-08-30T18:52:26Z","Los Angeles Angels","0.5","-110"
"cd304593a01b05fbfdceca7ab3654067","Philadelphia Phillies @ Los Angeles Angels","2026-08-30T20:07:00Z","bovada","spreads_1st_5_innings","2026-08-30T18:52:26Z","Philadelphia Phillies","-0.5","-120"
"cd304593a01b05fbfdceca7ab3654067","Philadelphia Phillies @ Los Angeles Angels","2026-08-30T20:07:00Z","mybookieag","spreads_1st_5_innings","2026-08-30T18:52:58Z","Los Angeles Angels","0.5","-101"
"cd304593a01b05fbfdceca7ab3654067","Philadelphia Phillies @ Los Angeles Angels","2026-08-30T20:07:00Z","mybookieag","spreads_1st_5_innings","2026-08-30T18:52:58Z","Philadelphia Phillies","-0.5","-120"
"cd304593a01b05fbfdceca7ab3654067","Philadelphia Phillies @ Los Angeles Angels","2026-08-30T20:07:00Z","pinnacle","spreads_1st_5_innings","2026-08-30T18:52:40Z","Los Angeles Angels","0","146"
"cd304593a01b05fbfdceca7ab3654067","Philadelphia Phillies @ Los Angeles Angels","2026-08-30T20:07:00Z","pinnacle","spreads_1st_5_innings","2026-08-30T18:52:40Z","Philadelphia Phillies","0","-169"
"cd304593a01b05fbfdceca7ab3654067","Philadelphia Phillies @ Los Angeles Angels","2026-08-30T20:07:00Z","betmgm","spreads_1st_5_innings","2026-08-30T18:53:25Z","Los Angeles Angels","0.5","-105"
"cd304593a01b05fbfdceca7ab3654067","Philadelphia Phillies @ Los Angeles Angels","2026-08-30T20:07:00Z","betmgm","spreads_1st_5_innings","2026-08-30T18:53:25Z","Philadelphia Phillies","-0.5","-125"
"cd304593a01b05fbfdceca7ab3654067","Philadelphia Phillies @ Los Angeles Angels","2026-08-30T20:07:00Z","betanysports","spreads_1st_5_innings","2026-08-30T18:53:26Z","Los Angeles Angels","0.5","100"
"cd304593a01b05fbfdceca7ab3654067","Philadelphia Phillies @ Los Angeles Angels","2026-08-30T20:07:00Z","betanysports","spreads_1st_5_innings","2026-08-30T18:53:26Z","Philadelphia Phillies","-0.5","-120"
"cd304593a01b05fbfdceca7ab3654067","Philadelphia Phillies @ Los Angeles Angels","2026-08-30T20:07:00Z","betus","spreads_1st_5_innings","2026-08-30T18:53:25Z","Los Angeles Angels","0.5","100"
"cd304593a01b05fbfdceca7ab3654067","Philadelphia Phillies @ Los Angeles Angels","2026-08-30T20:07:00Z","betus","spreads_1st_5_innings","2026-08-30T18:53:25Z","Philadelphia Phillies","-0.5","-120"
"cd304593a01b05fbfdceca7ab3654067","Philadelphia Phillies @ Los Angeles Angels","2026-08-30T20:07:00Z","betonlineag","totals_1st_5_innings","2026-08-30T18:53:22Z","Over","4","-112"
"cd304593a01b05fbfdceca7ab3654067","Philadelphia Phillies @ Los Angeles Angels","2026-08-30T20:07:00Z","betonlineag","totals_1st_5_innings","2026-08-30T18:53:22Z","Under","4","-108"
"cd304593a01b05fbfdceca7ab3654067","Philadelphia Phillies @ Los Angeles Angels","2026-08-30T20:07:00Z","fanduel","totals_1st_5_innings","2026-08-30T18:53:31Z","Over","3.5","-152"
"cd304593a01b05fbfdceca7ab3654067","Philadelphia Phillies @ Los Angeles Angels","2026-08-30T20:07:00Z","fanduel","totals_1st_5_innings","2026-08-30T18:53:31Z","Under","3.5","116"
"cd304593a01b05fbfdceca7ab3654067","Philadelphia Phillies @ Los Angeles Angels","2026-08-30T20:07:00Z","williamhill_us","totals_1st_5_innings","2026-08-30T18:53:28Z","Over","4","-105"
"cd304593a01b05fbfdceca7ab3654067","Philadelphia Phillies @ Los Angeles Angels","2026-08-30T20:07:00Z","williamhill_us","totals_1st_5_innings","2026-08-30T18:53:28Z","Under","4","-125"
"cd304593a01b05fbfdceca7ab3654067","Philadelphia Phillies @ Los Angeles Angels","2026-08-30T20:07:00Z","bovada","totals_1st_5_innings","2026-08-30T18:52:26Z","Over","4","-110"
"cd304593a01b05fbfdceca7ab3654067","Philadelphia Phillies @ Los Angeles Angels","2026-08-30T20:07:00Z","bovada","totals_1st_5_innings","2026-08-30T18:52:26Z","Under","4","-120"
"cd304593a01b05fbfdceca7ab3654067","Philadelphia Phillies @ Los Angeles Angels","2026-08-30T20:07:00Z","mybookieag","totals_1st_5_innings","2026-08-30T18:52:58Z","Over","4","-107"
"cd304593a01b05fbfdceca7ab3654067","Philadelphia Phillies @ Los Angeles Angels","2026-08-30T20:07:00Z","mybookieag","totals_1st_5_innings","2026-08-30T18:52:58Z","Under","4","-115"
"cd304593a01b05fbfdceca7ab3654067","Philadelphia Phillies @ Los Angeles Angels","2026-08-30T20:07:00Z","pinnacle","totals_1st_5_innings","2026-08-30T18:52:40Z","Over","4","-102"
"cd304593a01b05fbfdceca7ab3654067","Philadelphia Phillies @ Los Angeles Angels","2026-08-30T20:07:00Z","pinnacle","totals_1st_5_innings","2026-08-30T18:52:40Z","Under","4","-112"
"cd304593a01b05fbfdceca7ab3654067","Philadelphia Phillies @ Los Angeles Angels","2026-08-30T20:07:00Z","betmgm","totals_1st_5_innings","2026-08-30T18:53:25Z","Over","4","-118"
"cd304593a01b05fbfdceca7ab3654067","Philadelphia Phillies @ Los Angeles Angels","2026-08-30T20:07:00Z","betmgm","totals_1st_5_innings","2026-08-30T18:53:25Z","Under","4","-110"
"cd304593a01b05fbfdceca7ab3654067","Philadelphia Phillies @ Los Angeles Angels","2026-08-30T20:07:00Z","betanysports","totals_1st_5_innings","2026-08-30T18:53:26Z","Over","4","-112"
"cd304593a01b05fbfdceca7ab3654067","Philadelphia Phillies @ Los Angeles Angels","2026-08-30T20:07:00Z","betanysports","totals_1st_5_innings","2026-08-30T18:53:26Z","Under","4","-108"
"cd304593a01b05fbfdceca7ab3654067","Philadelphia Phillies @ Los Angeles Angels","2026-08-30T20:07:00Z","betus","totals_1st_5_innings","2026-08-30T18:53:25Z","Over","4","-115"
"cd304593a01b05fbfdceca7ab3654067","Philadelphia Phillies @ Los Angeles Angels","2026-08-30T20:07:00Z","betus","totals_1st_5_innings","2026-08-30T18:53:25Z","Under","4","-115"
