game_date,games_on_date,prior_14d_games,prior_14d_pa,prior_14d_single_count,prior_14d_single_rate,prior_14d_double_count,prior_14d_double_rate,prior_14d_triple_count,prior_14d_triple_rate,prior_14d_home_run_count,prior_14d_home_run_rate,prior_14d_walk_count,prior_14d_walk_rate,prior_14d_hit_by_pitch_count,prior_14d_hit_by_pitch_rate,prior_14d_strikeout_count,prior_14d_strikeout_rate,prior_14d_ball_in_play_out_count,prior_14d_ball_in_play_out_rate,prior_14d_bip,prior_14d_hr_per_bip,prior_28d_games,prior_28d_pa,prior_28d_single_count,prior_28d_single_rate,prior_28d_double_count,prior_28d_double_rate,prior_28d_triple_count,prior_28d_triple_rate,prior_28d_home_run_count,prior_28d_home_run_rate,prior_28d_walk_count,prior_28d_walk_rate,prior_28d_hit_by_pitch_count,prior_28d_hit_by_pitch_rate,prior_28d_strikeout_count,prior_28d_strikeout_rate,prior_28d_ball_in_play_out_count,prior_28d_ball_in_play_out_rate,prior_28d_bip,prior_28d_hr_per_bip,prior_56d_games,prior_56d_pa,prior_56d_single_count,prior_56d_single_rate,prior_56d_double_count,prior_56d_double_rate,prior_56d_triple_count,prior_56d_triple_rate,prior_56d_home_run_count,prior_56d_home_run_rate,prior_56d_walk_count,prior_56d_walk_rate,prior_56d_hit_by_pitch_count,prior_56d_hit_by_pitch_rate,prior_56d_strikeout_count,prior_56d_strikeout_rate,prior_56d_ball_in_play_out_count,prior_56d_ball_in_play_out_rate,prior_56d_bip,prior_56d_hr_per_bip
2022-04-07,7,0,0,0,,0,,0,,0,,0,,0,,0,,0,,0,,0,0,0,,0,,0,,0,,0,,0,,0,,0,,0,,0,0,0,,0,,0,,0,,0,,0,,0,,0,,0,
2022-04-08,12,7,506,68,0.13438735177865613,20,0.039525691699604744,1,0.001976284584980237,10,0.019762845849802372,53,0.10474308300395258,9,0.017786561264822136,114,0.22529644268774704,231,0.45652173913043476,330,0.030303030303030304,7,506,68,0.13438735177865613,20,0.039525691699604744,1,0.001976284584980237,10,0.019762845849802372,53,0.10474308300395258,9,0.017786561264822136,114,0.22529644268774704,231,0.45652173913043476,330,0.030303030303030304,7,506,68,0.13438735177865613,20,0.039525691699604744,1,0.001976284584980237,10,0.019762845849802372,53,0.10474308300395258,9,0.017786561264822136,114,0.22529644268774704,231,0.45652173913043476,330,0.030303030303030304
2022-04-09,15,19,1435,197,0.1372822299651568,58,0.04041811846689895,3,0.0020905923344947735,41,0.02857142857142857,140,0.0975609756097561,23,0.01602787456445993,326,0.22717770034843204,647,0.4508710801393728,946,0.04334038054968287,19,1435,197,0.1372822299651568,58,0.04041811846689895,3,0.0020905923344947735,41,0.02857142857142857,140,0.0975609756097561,23,0.01602787456445993,326,0.22717770034843204,647,0.4508710801393728,946,0.04334038054968287,19,1435,197,0.1372822299651568,58,0.04041811846689895,3,0.0020905923344947735,41,0.02857142857142857,140,0.0975609756097561,23,0.01602787456445993,326,0.22717770034843204,647,0.4508710801393728,946,0.04334038054968287
2022-04-10,15,34,2493,341,0.13678299237866026,98,0.03931006819093462,5,0.0020056157240272766,61,0.024468511833132773,223,0.08945046129161653,40,0.016044925792218213,585,0.23465703971119134,1140,0.457280385078219,1645,0.03708206686930091,34,2493,341,0.13678299237866026,98,0.03931006819093462,5,0.0020056157240272766,61,0.024468511833132773,223,0.08945046129161653,40,0.016044925792218213,585,0.23465703971119134,1140,0.457280385078219,1645,0.03708206686930091,34,2493,341,0.13678299237866026,98,0.03931006819093462,5,0.0020056157240272766,61,0.024468511833132773,223,0.08945046129161653,40,0.016044925792218213,585,0.23465703971119134,1140,0.457280385078219,1645,0.03708206686930091
2022-04-11,11,49,3633,507,0.13955408753096615,145,0.039911918524635284,9,0.002477291494632535,100,0.027525461051472612,331,0.09110927608037435,50,0.013762730525736306,839,0.2309386182218552,1652,0.45472061657032753,2413,0.04144218814753419,49,3633,507,0.13955408753096615,145,0.039911918524635284,9,0.002477291494632535,100,0.027525461051472612,331,0.09110927608037435,50,0.013762730525736306,839,0.2309386182218552,1652,0.45472061657032753,2413,0.04144218814753419,49,3633,507,0.13955408753096615,145,0.039911918524635284,9,0.002477291494632535,100,0.027525461051472612,331,0.09110927608037435,50,0.013762730525736306,839,0.2309386182218552,1652,0.45472061657032753,2413,0.04144218814753419
2022-04-12,15,60,4471,641,0.1433683739655558,178,0.039812122567658245,12,0.0026839633191679713,119,0.026615969581749048,407,0.09103108924178037,61,0.013643480205770522,1027,0.2297025273987922,2026,0.4531424737195258,2976,0.039986559139784945,60,4471,641,0.1433683739655558,178,0.039812122567658245,12,0.0026839633191679713,119,0.026615969581749048,407,0.09103108924178037,61,0.013643480205770522,1027,0.2297025273987922,2026,0.4531424737195258,2976,0.039986559139784945,60,4471,641,0.1433683739655558,178,0.039812122567658245,12,0.0026839633191679713,119,0.026615969581749048,407,0.09103108924178037,61,0.013643480205770522,1027,0.2297025273987922,2026,0.4531424737195258,2976,0.039986559139784945
2022-04-13,12,75,5605,773,0.13791257805530777,241,0.04299732381801963,17,0.0030330062444246207,152,0.02711864406779661,527,0.09402319357716325,73,0.013024085637823372,1283,0.22890276538804638,2539,0.45298840321141837,3722,0.04083825900053734,75,5605,773,0.13791257805530777,241,0.04299732381801963,17,0.0030330062444246207,152,0.02711864406779661,527,0.09402319357716325,73,0.013024085637823372,1283,0.22890276538804638,2539,0.45298840321141837,3722,0.04083825900053734,75,5605,773,0.13791257805530777,241,0.04299732381801963,17,0.0030330062444246207,152,0.02711864406779661,527,0.09402319357716325,73,0.013024085637823372,1283,0.22890276538804638,2539,0.45298840321141837,3722,0.04083825900053734
2022-04-14,11,87,6513,881,0.13526792568708737,278,0.042683863043144483,21,0.0032243205895900505,184,0.028251189927836633,608,0.0933517580224167,90,0.013818516812528788,1514,0.2324581606018732,2937,0.4509442653155228,4301,0.0427807486631016,87,6513,881,0.13526792568708737,278,0.042683863043144483,21,0.0032243205895900505,184,0.028251189927836633,608,0.0933517580224167,90,0.013818516812528788,1514,0.2324581606018732,2937,0.4509442653155228,4301,0.0427807486631016,87,6513,881,0.13526792568708737,278,0.042683863043144483,21,0.0032243205895900505,184,0.028251189927836633,608,0.0933517580224167,90,0.013818516812528788,1514,0.2324581606018732,2937,0.4509442653155228,4301,0.0427807486631016
2022-04-15,15,98,7346,1029,0.14007623196297306,310,0.04219983664579363,26,0.0035393411380343046,204,0.02777021508303839,681,0.09270351211543697,98,0.013340593520283148,1690,0.23005717397222977,3308,0.4503130955622107,4877,0.04182899323354521,98,7346,1029,0.14007623196297306,310,0.04219983664579363,26,0.0035393411380343046,204,0.02777021508303839,681,0.09270351211543697,98,0.013340593520283148,1690,0.23005717397222977,3308,0.4503130955622107,4877,0.04182899323354521,98,7346,1029,0.14007623196297306,310,0.04219983664579363,26,0.0035393411380343046,204,0.02777021508303839,681,0.09270351211543697,98,0.013340593520283148,1690,0.23005717397222977,3308,0.4503130955622107,4877,0.04182899323354521
2022-04-16,15,113,8475,1176,0.13876106194690266,369,0.04353982300884956,31,0.0036578171091445426,230,0.027138643067846607,783,0.09238938053097345,117,0.013805309734513275,1958,0.23103244837758113,3811,0.4496755162241888,5617,0.04094712479971515,113,8475,1176,0.13876106194690266,369,0.04353982300884956,31,0.0036578171091445426,230,0.027138643067846607,783,0.09238938053097345,117,0.013805309734513275,1958,0.23103244837758113,3811,0.4496755162241888,5617,0.04094712479971515,113,8475,1176,0.13876106194690266,369,0.04353982300884956,31,0.0036578171091445426,230,0.027138643067846607,783,0.09238938053097345,117,0.013805309734513275,1958,0.23103244837758113,3811,0.4496755162241888,5617,0.04094712479971515
2022-04-17,14,128,9565,1333,0.13936225823314166,412,0.04307370622059592,36,0.0037637219027705174,257,0.026868792472556195,872,0.09116570831155253,123,0.012859383167799268,2201,0.23010977522216414,4331,0.45279665446941975,6369,0.040351703564138794,128,9565,1333,0.13936225823314166,412,0.04307370622059592,36,0.0037637219027705174,257,0.026868792472556195,872,0.09116570831155253,123,0.012859383167799268,2201,0.23010977522216414,4331,0.45279665446941975,6369,0.040351703564138794,128,9565,1333,0.13936225823314166,412,0.04307370622059592,36,0.0037637219027705174,257,0.026868792472556195,872,0.09116570831155253,123,0.012859383167799268,2201,0.23010977522216414,4331,0.45279665446941975,6369,0.040351703564138794
2022-04-18,8,142,10621,1487,0.14000564918557576,456,0.04293381037567084,38,0.0035778175313059034,272,0.02560964127671594,997,0.09387063365031541,140,0.013181433010074382,2433,0.2290744750965069,4798,0.45174653987383484,7051,0.03857608849808538,142,10621,1487,0.14000564918557576,456,0.04293381037567084,38,0.0035778175313059034,272,0.02560964127671594,997,0.09387063365031541,140,0.013181433010074382,2433,0.2290744750965069,4798,0.45174653987383484,7051,0.03857608849808538,142,10621,1487,0.14000564918557576,456,0.04293381037567084,38,0.0035778175313059034,272,0.02560964127671594,997,0.09387063365031541,140,0.013181433010074382,2433,0.2290744750965069,4798,0.45174653987383484,7051,0.03857608849808538
2022-04-19,16,150,11199,1565,0.1397446200553621,481,0.042950263416376463,39,0.0034824537905170103,289,0.02580587552460041,1053,0.09402625234395928,143,0.012768997231895705,2572,0.22966336280025001,5057,0.45155817483703903,7431,0.03889113174539093,150,11199,1565,0.1397446200553621,481,0.042950263416376463,39,0.0034824537905170103,289,0.02580587552460041,1053,0.09402625234395928,143,0.012768997231895705,2572,0.22966336280025001,5057,0.45155817483703903,7431,0.03889113174539093,150,11199,1565,0.1397446200553621,481,0.042950263416376463,39,0.0034824537905170103,289,0.02580587552460041,1053,0.09402625234395928,143,0.012768997231895705,2572,0.22966336280025001,5057,0.45155817483703903,7431,0.03889113174539093
2022-04-20,16,166,12342,1720,0.1393615297358613,526,0.042618700372711066,45,0.0036460865337870686,311,0.025198509155728407,1155,0.09358288770053476,150,0.012153621779290228,2828,0.22913628261221844,5607,0.45430238210986873,8209,0.03788524789864783,166,12342,1720,0.1393615297358613,526,0.042618700372711066,45,0.0036460865337870686,311,0.025198509155728407,1155,0.09358288770053476,150,0.012153621779290228,2828,0.22913628261221844,5607,0.45430238210986873,8209,0.03788524789864783,166,12342,1720,0.1393615297358613,526,0.042618700372711066,45,0.0036460865337870686,311,0.025198509155728407,1155,0.09358288770053476,150,0.012153621779290228,2828,0.22913628261221844,5607,0.45430238210986873,8209,0.03788524789864783
2022-04-21,10,182,13473,1888,0.1401321160840199,575,0.04267794848957174,47,0.0034884583982780376,328,0.024344986268833965,1243,0.09225859125658725,165,0.012246715653529281,3106,0.23053514436279968,6121,0.45431603948638016,8959,0.036611228931800424,182,13473,1888,0.1401321160840199,575,0.04267794848957174,47,0.0034884583982780376,328,0.024344986268833965,1243,0.09225859125658725,165,0.012246715653529281,3106,0.23053514436279968,6121,0.45431603948638016,8959,0.036611228931800424,182,13473,1888,0.1401321160840199,575,0.04267794848957174,47,0.0034884583982780376,328,0.024344986268833965,1243,0.09225859125658725,165,0.012246715653529281,3106,0.23053514436279968,6121,0.45431603948638016,8959,0.036611228931800424
2022-04-22,14,185,13688,1933,0.14121858562244302,586,0.04281122150789012,48,0.0035067212156633548,334,0.02440093512565751,1245,0.09095558153126826,162,0.011835184102863822,3152,0.23027469316189364,6228,0.4549970777323203,9129,0.036586701719794064,192,14194,2001,0.14097505988445821,606,0.04269409609694237,49,0.0034521628857263633,344,0.024235592503874876,1298,0.09144709031985346,171,0.012047343948147105,3266,0.23009722417923065,6459,0.45505143018176697,9459,0.03636748070620573,192,14194,2001,0.14097505988445821,606,0.04269409609694237,49,0.0034521628857263633,344,0.024235592503874876,1298,0.09144709031985346,171,0.012047343948147105,3266,0.23009722417923065,6459,0.45505143018176697,9459,0.03636748070620573
2022-04-23,16,187,13771,1961,0.14240069711713021,580,0.04211749328298599,47,0.0034129692832764505,326,0.023672935879747295,1239,0.08997167961658557,151,0.010965071527122214,3193,0.23186406215961078,6274,0.4555950911335415,9188,0.03548106225511537,206,15206,2158,0.14191766407996842,638,0.04195712218860976,50,0.003288175720110483,367,0.024135209785610942,1379,0.09068788636064712,174,0.01144285150598448,3519,0.23142180718137578,6921,0.45514928317769304,10134,0.03621472271561082,206,15206,2158,0.14191766407996842,638,0.04195712218860976,50,0.003288175720110483,367,0.024135209785610942,1379,0.09068788636064712,174,0.01144285150598448,3519,0.23142180718137578,6921,0.45514928317769304,10134,0.03621472271561082
2022-04-24,15,188,13917,2010,0.14442767837896098,582,0.041819357620176766,51,0.0036645828842422935,333,0.023927570597111446,1254,0.09010562621254581,146,0.010490766688223036,3207,0.23043759430911834,6334,0.45512682330962134,9310,0.03576799140708915,222,16410,2351,0.1432663010359537,680,0.04143814747105423,56,0.003412553321145643,394,0.024009750152346132,1477,0.09000609384521634,186,0.0113345521023766,3792,0.23107861060329069,7474,0.4554539914686167,10955,0.035965312642628935,222,16410,2351,0.1432663010359537,680,0.04143814747105423,56,0.003412553321145643,394,0.024009750152346132,1477,0.09000609384521634,186,0.0113345521023766,3792,0.23107861060329069,7474,0.4554539914686167,10955,0.035965312642628935
2022-04-25,7,188,13946,2000,0.1434102968593145,599,0.04295138390936469,51,0.0036569625699125197,323,0.02316076294277929,1261,0.0904201921697978,150,0.010755772264448587,3223,0.2311056933887853,6339,0.4545389358955973,9312,0.03468642611683849,237,17579,2507,0.14261334546902554,744,0.04232322657716594,60,0.0034131634336424144,423,0.02406280220717902,1592,0.09056260310597873,200,0.011377211445474714,4062,0.23107116445759143,7991,0.4545764833039422,11725,0.03607675906183369,237,17579,2507,0.14261334546902554,744,0.04232322657716594,60,0.0034131634336424144,423,0.02406280220717902,1592,0.09056260310597873,200,0.011377211445474714,4062,0.23107116445759143,7991,0.4545764833039422,11725,0.03607675906183369
2022-04-26,15,184,13598,1933,0.1421532578320341,585,0.043021032504780114,49,0.003603471098690984,318,0.023385792028239448,1215,0.08935137520223563,144,0.01058979261656126,3145,0.23128401235475804,6209,0.4566112663627004,9094,0.03496811084231361,244,18069,2574,0.14245392661464387,763,0.04222701865072777,61,0.0033759477558248934,437,0.024185068349106203,1622,0.08976700426144225,205,0.011345398195804969,4172,0.23089268913608943,8235,0.4557529470363606,12070,0.03620546810273405,244,18069,2574,0.14245392661464387,763,0.04222701865072777,61,0.0033759477558248934,437,0.024185068349106203,1622,0.08976700426144225,205,0.011345398195804969,4172,0.23089268913608943,8235,0.4557529470363606,12070,0.03620546810273405
2022-04-27,15,184,13584,1955,0.1439193168433451,571,0.04203474676089517,48,0.0035335689045936395,314,0.02311542991755006,1200,0.08833922261484099,145,0.010674322732626619,3138,0.2310070671378092,6213,0.4573763250883392,9101,0.0345017031095484,259,19189,2728,0.1421647819063005,812,0.0423159101568607,65,0.00338735734014279,466,0.02428474646933139,1727,0.08999947886810152,218,0.011360675386940435,4421,0.2303924123195581,8752,0.4560946375527646,12823,0.036340949855727986,259,19189,2728,0.1421647819063005,812,0.0423159101568607,65,0.00338735734014279,466,0.02428474646933139,1727,0.08999947886810152,218,0.011360675386940435,4421,0.2303924123195581,8752,0.4560946375527646,12823,0.036340949855727986
2022-04-28,13,187,13781,1998,0.144982221899717,583,0.042304622306073576,50,0.003628183731224149,308,0.022349611784340757,1215,0.08816486466874683,143,0.010376605471301066,3167,0.2298091575357376,6317,0.458384732602859,9256,0.03327571305099395,274,20294,2879,0.14186459051936534,861,0.04242633290627772,71,0.0034985710062087317,492,0.024243618803587268,1823,0.0898295062580073,233,0.011481225978121613,4681,0.23065930816990243,9254,0.4559968463585296,13557,0.03629121487054658,274,20294,2879,0.14186459051936534,861,0.04242633290627772,71,0.0034985710062087317,492,0.024243618803587268,1823,0.0898295062580073,233,0.011481225978121613,4681,0.23065930816990243,9254,0.4559968463585296,13557,0.03629121487054658
2022-04-29,15,189,13897,1998,0.1437720371303159,585,0.042095416276894296,47,0.0033820248974598833,299,0.021515434985968196,1225,0.08814852126358207,148,0.010649780528171547,3199,0.23019356695689716,6396,0.46024321796071094,9325,0.03206434316353887,287,21243,3027,0.14249399802287813,895,0.04213152567904722,73,0.003436426116838488,503,0.023678388174928212,1906,0.0897236736807419,246,0.011580285270442027,4889,0.2301464011674434,9704,0.45680930188768065,14202,0.03541754682439093,287,21243,3027,0.14249399802287813,895,0.04213152567904722,73,0.003436426116838488,503,0.023678388174928212,1906,0.0897236736807419,246,0.011580285270442027,4889,0.2301464011674434,9704,0.45680930188768065,14202,0.03541754682439093
2022-04-30,15,189,13909,2017,0.14501401969947517,586,0.04213099432022432,44,0.003163419368754044,317,0.022790998633978,1223,0.08792867927241355,143,0.010281112948450643,3187,0.22913221655043498,6392,0.4595585592062693,9356,0.03388200085506627,302,22384,3193,0.14264653323802717,955,0.04266440314510365,75,0.0033506075768406003,547,0.02443709792709078,2006,0.08961758398856326,260,0.011615439599714082,5145,0.2298516797712652,10203,0.4558166547533953,14973,0.03653242503172377,302,22384,3193,0.14264653323802717,955,0.04266440314510365,75,0.0033506075768406003,547,0.02443709792709078,2006,0.08961758398856326,260,0.011615439599714082,5145,0.2298516797712652,10203,0.4558166547533953,14973,0.03653242503172377
2022-05-01,15,189,13895,2012,0.14480028787333574,582,0.04188557034904642,40,0.0028787333573227778,317,0.022813961856783017,1219,0.08772939906441166,145,0.01043540842029507,3191,0.22965095358042462,6389,0.4598056854983807,9340,0.03394004282655246,317,23460,3345,0.1425831202046036,994,0.04236999147485081,76,0.003239556692242114,574,0.024467178175618075,2091,0.0891304347826087,268,0.011423699914748509,5392,0.2298380221653879,10720,0.45694799658994034,15709,0.03653956330765803,317,23460,3345,0.1425831202046036,994,0.04236999147485081,76,0.003239556692242114,574,0.024467178175618075,2091,0.0891304347826087,268,0.011423699914748509,5392,0.2298380221653879,10720,0.45694799658994034,15709,0.03653956330765803
2022-05-02,8,190,13988,2054,0.14684014869888476,592,0.042321990277380615,41,0.0029310837861023734,330,0.02359164998570203,1192,0.0852158993422934,143,0.010223048327137546,3203,0.22898198455819274,6433,0.45989419502430656,9450,0.03492063492063492,332,24609,3541,0.1438904465845829,1048,0.04258604575561786,79,0.0032102076476085983,602,0.024462594985574383,2189,0.08895119671664838,283,0.011499857775610548,5636,0.22902190255597546,11231,0.4563777479783819,16501,0.03648263741591419,332,24609,3541,0.1438904465845829,1048,0.04258604575561786,79,0.0032102076476085983,602,0.024462594985574383,2189,0.08895119671664838,283,0.011499857775610548,5636,0.22902190255597546,11231,0.4563777479783819,16501,0.03648263741591419
2022-05-03,14,190,13950,2049,0.14688172043010753,589,0.042222222222222223,41,0.002939068100358423,321,0.023010752688172043,1159,0.08308243727598566,147,0.010537634408602151,3191,0.22874551971326165,6453,0.4625806451612903,9453,0.03395747381783561,340,25149,3614,0.14370352697920394,1070,0.0425464233170305,80,0.0031810409956658315,610,0.024255437591951968,2212,0.08795578353016024,290,0.01153127360928864,5763,0.22915424072527735,11510,0.4576722732514215,16884,0.036128879412461505,340,25149,3614,0.14370352697920394,1070,0.0425464233170305,80,0.0031810409956658315,610,0.024255437591951968,2212,0.08795578353016024,290,0.01153127360928864,5763,0.22915424072527735,11510,0.4576722732514215,16884,0.036128879412461505
2022-05-04,17,188,13827,2040,0.14753742677370363,600,0.04339336081579518,37,0.0026759239169740364,325,0.023504737108555725,1131,0.08179648513777392,151,0.010920662471975122,3134,0.2266579879945035,6409,0.46351341578071886,9411,0.03453405589204123,354,26169,3760,0.143681455156865,1126,0.04302801024112499,82,0.003133478543314609,636,0.024303565287171845,2286,0.08735526768313653,301,0.01150215904314265,5962,0.2278268179907524,12016,0.45916924605449194,17620,0.03609534619750284,354,26169,3760,0.143681455156865,1126,0.04302801024112499,82,0.003133478543314609,636,0.024303565287171845,2286,0.08735526768313653,301,0.01150215904314265,5962,0.2278268179907524,12016,0.45916924605449194,17620,0.03609534619750284
2022-05-05,10,189,13964,2052,0.14694929819535948,597,0.042752792896018334,42,0.0030077341735892296,342,0.024491549699226584,1168,0.0836436551131481,146,0.010455456889143512,3129,0.22407619593239758,6488,0.46462331710111715,9521,0.035920596575989915,371,27437,3940,0.14360170572584466,1172,0.042716040383423845,89,0.0032437948755330392,670,0.024419579400080185,2411,0.0878740387068557,311,0.01133505849764916,6235,0.22724787695447754,12609,0.4595619054561359,18480,0.036255411255411256,371,27437,3940,0.14360170572584466,1172,0.042716040383423845,89,0.0032437948755330392,670,0.024419579400080185,2411,0.0878740387068557,311,0.01133505849764916,6235,0.22724787695447754,12609,0.4595619054561359,18480,0.036255411255411256
2022-05-06,9,189,13979,2055,0.14700622362114601,599,0.042849989269618714,41,0.0029329708848987767,362,0.025895986837398955,1153,0.08248086415337291,148,0.01058730953573217,3135,0.22426496888189426,6486,0.4639816868159382,9543,0.03793356386880436,374,27667,3988,0.1441428416525102,1185,0.04283080926735822,89,0.0032168287129070734,696,0.025156323417790147,2398,0.08667365453428272,310,0.011204684280912279,6287,0.22723822604546934,12714,0.45953663208877,18672,0.037275064267352186,381,28173,4056,0.14396762858055584,1205,0.04277144784013062,90,0.0031945479714620383,706,0.025059454087246656,2451,0.08699818975614951,319,0.011322897809959891,6401,0.22720335072587228,12945,0.4594824832286232,19002,0.03715398379117987
2022-05-07,15,184,13614,1978,0.1452916115763185,591,0.04341119435874835,44,0.0032319670926986926,354,0.02600264433671221,1139,0.08366387542235934,148,0.01087116203907742,3030,0.22256500661084178,6330,0.4649625385632437,9297,0.03807679896740884,371,27385,3939,0.14383786744568194,1171,0.04276063538433449,91,0.003322987036698923,680,0.024831111922585358,2378,0.0868358590469235,299,0.010918385977725032,6223,0.22724119043271865,12604,0.46025196275333213,18485,0.03678658371652691,390,28820,4136,0.1435114503816794,1229,0.042643997224149896,94,0.0032616238723108953,721,0.02501734906315059,2518,0.08736988202637058,322,0.011172796668979875,6549,0.2272380291464261,13251,0.4597848716169327,19431,0.037105655910658224
2022-05-08,18,183,13543,1942,0.1433951118659086,598,0.044155652366536215,42,0.0031012331093553864,355,0.026212803662408624,1156,0.08535774939082921,146,0.010780476999187773,3022,0.22314110610647567,6282,0.46385586649929855,9219,0.038507430306974726,371,27460,3952,0.14391842680262198,1180,0.04297159504734159,93,0.003386744355426074,688,0.025054624908958486,2410,0.08776402039329935,292,0.010633648943918427,6229,0.22683903860160234,12616,0.45943190094683173,18529,0.03713098386313347,405,29953,4293,0.14332454178212534,1278,0.042666844723399995,98,0.003271792474877308,749,0.02500584248656228,2633,0.08790438353420359,332,0.01108403164958435,6814,0.22748973391646912,13756,0.459252829432778,20174,0.037126995142262316
2022-05-09,11,186,13667,1980,0.14487451525572548,577,0.04221848247603717,40,0.00292675788395405,351,0.025682300431696788,1147,0.08392478232238237,147,0.010755835223531133,3064,0.22418965391088022,6361,0.4654276724957928,9309,0.037705446342249434,374,27613,3980,0.14413500887263245,1176,0.0425886357874914,91,0.0032955491978415965,674,0.024408792959837756,2408,0.08720530185057762,297,0.010755803425922573,6287,0.22768261326186942,12700,0.4599282946438272,18621,0.036195693034745714,423,31246,4487,0.1436023811047814,1321,0.04227741150867311,100,0.003200409652435512,774,0.02477117070985086,2739,0.08765922038020867,347,0.011105421493951226,7126,0.22806119183255458,14352,0.45932279331754466,21034,0.03679756584577351
2022-05-10,16,190,14004,2044,0.14595829762924878,591,0.04220222793487575,42,0.0029991431019708655,360,0.02570694087403599,1182,0.0844044558697515,148,0.010568409025992574,3145,0.2245786918023422,6492,0.46358183376178236,9529,0.03777941022142932,374,27602,3977,0.14408376204622853,1176,0.0426056082892544,91,0.0032968625461923047,678,0.02456343743207014,2397,0.08684153322223027,292,0.010578943554814868,6290,0.22788203753351208,12701,0.46014781537569743,18623,0.03640659399667078,434,32073,4618,0.1439840364169239,1354,0.04221619430673775,103,0.0032114239391388393,797,0.024849561936831605,2804,0.08742556044024569,353,0.011006142238019517,7317,0.2281358151716397,14727,0.459171265550463,21599,0.0368998564748368
2022-05-11,14,191,14097,2084,0.14783287224232106,596,0.04227849897141236,40,0.0028374831524437824,358,0.02539547421437185,1189,0.08434418670639143,150,0.010640561821664184,3160,0.2241611690430588,6520,0.46250975384833654,9598,0.037299437382788084,375,27681,4039,0.14591235865756294,1167,0.04215888154329685,88,0.003179075900437123,672,0.02427657960333803,2389,0.08630468552436689,295,0.010657129438965355,6298,0.2275206820562841,12733,0.4599906072757487,18699,0.03593775068185465,450,33286,4812,0.14456528270143604,1408,0.04230006609385327,105,0.003154479360692183,824,0.02475515231628913,2916,0.08760439824550863,368,0.011055699092711651,7581,0.22775340984197562,15272,0.4588115123475335,22421,0.036751259979483517
2022-05-12,8,190,14064,2096,0.149032992036405,596,0.042377701934015924,40,0.002844141069397042,367,0.02609499431171786,1178,0.08375995449374289,145,0.010310011376564277,3131,0.22262514220705348,6511,0.4629550625711035,9610,0.03818938605619147,377,27845,4094,0.14702819177590232,1179,0.04234153348895672,90,0.003232178128927994,675,0.024241335966959956,2393,0.08594002513916323,288,0.010342970012569582,6298,0.22618064284431674,12828,0.46069312264320345,18866,0.03577864942224107,464,34358,4975,0.14479888235636532,1457,0.04240642645089936,111,0.0032306886314686536,859,0.02500145526514931,3001,0.08734501426159846,378,0.011001804528785145,7812,0.22737062692822632,15765,0.4588451015775074,23167,0.037078603185565676
2022-05-13,15,185,13711,2028,0.14791043687550143,582,0.04244766975421194,43,0.0031361680402596454,374,0.0272773685362118,1153,0.08409306396324119,134,0.009773174823134709,3048,0.22230326015607907,6349,0.4630588578513602,9376,0.03988907849829351,374,27608,4026,0.1458272964358157,1167,0.04227035641842944,90,0.00325992465951898,673,0.024376992176180817,2378,0.0861344537815126,282,0.010214430599826137,6247,0.226274992755723,12745,0.4616415531729933,18701,0.035987380353991766,472,34954,5055,0.14461864164330263,1477,0.04225553584711335,116,0.0033186473651084284,877,0.0250901184413801,3059,0.08751501974023002,380,0.010871431023631058,7937,0.22706986324884135,16053,0.4592607426903931,23578,0.03719569089829502
2022-05-14,16,185,13728,2037,0.14838286713286714,574,0.04181235431235431,49,0.0035693473193473195,369,0.026879370629370628,1149,0.08369755244755245,134,0.009761072261072262,3028,0.22057109557109558,6388,0.46532634032634035,9417,0.03918445364765849,374,27637,4054,0.1466874118030177,1160,0.04197271773347324,93,0.003365054094149148,686,0.02482179686651952,2372,0.0858269710894815,277,0.010022795527734558,6215,0.22487969027028984,12780,0.4624235626153345,18773,0.03654184200713791,487,36112,5230,0.14482720425343376,1529,0.04234049623393886,124,0.003433761630482942,916,0.02536552946389012,3155,0.08736708019494904,394,0.010910500664599025,8173,0.22632365972529908,16591,0.45943176783340717,24390,0.037556375563755635
2022-05-15,15,186,13828,2058,0.14882846398611513,585,0.0423054671680648,51,0.0036881689326005206,379,0.027408157361874456,1162,0.08403239803297657,136,0.009835117153601388,3032,0.21926525889499565,6425,0.4646369684697715,9498,0.039903137502632136,375,27723,4070,0.14680950835046713,1167,0.04209501136240667,91,0.0032824730368286262,696,0.02510550806189806,2381,0.08588536594163691,281,0.010135988168668614,6223,0.22447065613389605,12814,0.46221548894419795,18838,0.03694659730332307,503,37288,5403,0.1448991632696846,1579,0.042346063076593006,127,0.003405921476078095,953,0.02555782021025531,3253,0.08723986269040979,404,0.010834584853035829,8424,0.22591718515340056,17145,0.4597993992705428,25207,0.03780695838457571
2022-05-16,12,186,13783,1999,0.14503373721250817,572,0.041500399042298484,55,0.0039904229848363925,387,0.028078067184212435,1159,0.08408909526227962,131,0.009504462018428498,3037,0.2203439019081477,6443,0.4674599143872887,9456,0.04092639593908629,376,27771,4053,0.14594361024089877,1164,0.04191422707140542,96,0.0034568434698066326,717,0.02581829966511829,2351,0.08465665622411868,274,0.00986640740340643,6240,0.22469482553743114,12876,0.46364913038781463,18906,0.03792446842272294,518,38392,5540,0.14430089602000418,1620,0.042196290893936235,134,0.003490310481350281,989,0.02576057511981663,3348,0.08720566784746822,414,0.010783496561783705,8673,0.2259064388414253,17674,0.46035632423421546,25957,0.03810147551720153
2022-05-17,18,190,14119,2051,0.14526524541398117,585,0.04143352928677668,54,0.00382463347262554,406,0.02875557759048091,1202,0.08513350803881295,134,0.009490757135774488,3112,0.2204122104964941,6575,0.4656845385650542,9671,0.04198118084996381,380,28069,4100,0.1460686166233211,1174,0.04182550144287292,95,0.003384516726637928,727,0.025900459581744986,2361,0.08411414727991735,281,0.010011044212476398,6303,0.22455377818946168,13028,0.4641419359435676,19124,0.03801505961096005,530,39268,5665,0.14426505042273607,1655,0.04214627686665988,134,0.0034124477946419476,1016,0.025873484771315066,3414,0.086941020678415,424,0.010797596006926759,8875,0.22601100132423346,18085,0.4605531221350718,26555,0.03826021464884203
2022-05-18,14,194,14456,2114,0.14623685666851136,590,0.04081350304371887,56,0.00387382401770891,425,0.029399557277255118,1245,0.08612340896513558,135,0.009338682899833979,3217,0.22253735473159933,6674,0.46167681239623687,9859,0.043107820265747034,382,28283,4154,0.14687267970158752,1190,0.042074744546193824,93,0.0032881943216773327,750,0.026517696142559135,2376,0.08400806137962734,286,0.01011208146236255,6351,0.22455185093519076,13083,0.46257469151080155,19270,0.038920601971977165,548,40625,5874,0.14459076923076922,1716,0.04224,138,0.003396923076923077,1061,0.026116923076923076,3531,0.08691692307692307,436,0.010732307692307692,9179,0.22594461538461538,18690,0.46006153846153847,27479,0.038611303176971506
2022-05-19,8,191,14238,2095,0.14714145245118695,586,0.041157465936226996,56,0.003933136676499509,419,0.02942829049023739,1192,0.08371962354263239,138,0.00969237252423093,3188,0.2239078522264363,6564,0.4610198061525495,9720,0.04310699588477366,380,28202,4147,0.1470463087724275,1183,0.04194737961846678,98,0.003474930855967662,761,0.026983901850932558,2360,0.08368200836820083,284,0.010070207786681796,6317,0.22399120629742572,13052,0.4628040564498972,19241,0.03955095888987059,562,41675,6035,0.1448110377924415,1758,0.04218356328734253,145,0.0034793041391721654,1089,0.026130773845230954,3603,0.08645470905818836,449,0.010773845230953809,9423,0.22610677864427114,19173,0.4600599880023995,28200,0.03861702127659575
2022-05-20,13,189,14117,2094,0.14833179854076645,576,0.04080187008571226,55,0.0038960119005454416,398,0.028192958843947014,1203,0.08521640575193029,134,0.009492101721328894,3151,0.22320606361124884,6506,0.4608627895445208,9629,0.04133347180392564,378,28096,4149,0.1476722665148064,1175,0.04182089977220957,96,0.003416856492027335,760,0.0270501138952164,2356,0.08385535307517085,282,0.010037015945330297,6286,0.22373291571753987,12992,0.4624145785876993,19172,0.039641143334028794,570,42290,6150,0.1454244502246394,1781,0.042113974934972806,145,0.003428706550011823,1104,0.02610546228422795,3654,0.08640340506029794,453,0.010711752187278316,9552,0.22586899976353747,19451,0.4599432489950343,28631,0.03855960322727114
2022-05-21,15,193,14465,2155,0.14898029726927065,603,0.041686830279986174,54,0.003733148980297269,415,0.028689941237469756,1208,0.0835119253370204,139,0.009609402004839267,3212,0.2220532319391635,6679,0.461735222951953,9906,0.04189380173632142,377,28079,4133,0.1471918515616653,1194,0.04252288186901243,98,0.0034901527832187757,769,0.02738701520709427,2347,0.08358559777769864,287,0.010221161722283557,6242,0.22230136400868977,13009,0.46329997507033727,19203,0.040045826172993806,583,43285,6291,0.14533903199722767,1832,0.04232413076123368,148,0.0034191983366062147,1136,0.026244657502599054,3726,0.0860806283932078,461,0.010650340764699088,9761,0.2255053713757653,19930,0.4604366408686612,29337,0.03872243242321982
2022-05-22,16,193,14458,2178,0.15064324249550423,609,0.04212200857656661,55,0.0038041222852400057,419,0.028980495227555678,1174,0.0812007193249412,138,0.009544888642965831,3193,0.22084659012311522,6692,0.46285793332411124,9953,0.042097859941726115,376,28001,4120,0.14713760222849184,1207,0.04310560337130817,97,0.0034641619942144923,774,0.02764186993321667,2330,0.08321131388164708,284,0.01014249491089604,6215,0.22195635870147495,12974,0.46334059497875074,19172,0.0403713749217609,598,44411,6471,0.1457071446263313,1887,0.04248947332867983,153,0.0034450924320551216,1168,0.026299790592420796,3807,0.08572200580937155,470,0.010582963680169328,10007,0.22532705861160524,20448,0.46042647091936684,30127,0.0387692103428818
2022-05-23,12,191,14401,2184,0.15165613499062566,625,0.043399763905284355,56,0.003888618845913478,423,0.029372960211096453,1164,0.08082772029720159,134,0.009304909381292966,3141,0.21810985348239706,6674,0.46344003888618845,9962,0.04246135314193937,377,28068,4164,0.1483539974348012,1202,0.04282456890409007,96,0.003420265070542967,774,0.027575887131252672,2311,0.08233575602109164,281,0.010011400883568477,6205,0.22107025794499074,13035,0.46440786660966227,19271,0.040163976960199264,614,45647,6671,0.14614322956601747,1946,0.0426314982364668,156,0.0034175301772296097,1197,0.026222971936819505,3903,0.08550397616491774,481,0.01053738471312463,10267,0.22492168160010514,21026,0.46062172760531905,30996,0.03861788617886179
2022-05-24,15,192,14506,2194,0.15124775954777334,633,0.04363711567627189,56,0.0038604715290224733,428,0.029505032400386048,1186,0.08175927202536881,136,0.009375430856197435,3149,0.21708258651592444,6724,0.4635323314490556,10035,0.04265072247135027,382,28510,4238,0.14864959663276042,1224,0.04293230445457734,98,0.0034373903893370745,788,0.02763942476324097,2368,0.08305857593826728,284,0.009961417046650298,6294,0.22076464398456683,13216,0.46355664679059977,19564,0.0402780617460642,626,46579,6812,0.14624616243371477,1987,0.04265870886021598,159,0.003413555464909079,1225,0.026299405311406426,3990,0.08566092015715236,489,0.010498293222267545,10466,0.2246935314197385,21451,0.4605294231305953,31634,0.03872415755200101
2022-05-25,13,191,14471,2198,0.15188998687029232,625,0.04318982793172552,58,0.004008016032064128,447,0.03088936493677009,1168,0.08071315043880865,131,0.009052587934489669,3160,0.21836777002280422,6684,0.4618892958330454,10012,0.04464642429085098,382,28568,4282,0.149887986558387,1221,0.042740128815457856,98,0.0034304116493979278,805,0.028178381405768692,2357,0.08250490058807057,281,0.009836180341640997,6320,0.2212265471856623,13204,0.4621954634556147,19610,0.04105048444671086,641,47757,7010,0.14678476453713593,2033,0.042569675649642987,163,0.0034131122139162847,1271,0.026613899533052748,4084,0.08551625939652825,499,0.010448730029105681,10741,0.22490943735996818,21956,0.45974412128064995,32433,0.039188480868251475
2022-05-26,11,190,14339,2163,0.15084733942394868,612,0.04268080061371086,55,0.00383569286561127,436,0.030406583443754794,1178,0.08215356719436502,126,0.008787223655764,3159,0.22030825022665457,6610,0.4609805425761908,9876,0.04414742810854597,380,28403,4259,0.14994894905467732,1208,0.04253071858606485,95,0.003344717107347815,803,0.028271661444213638,2356,0.08294898426222583,271,0.009541245643065873,6290,0.22145548005492377,13121,0.4619582438474809,19486,0.041209073180745154,654,48697,7138,0.14657987144998666,2069,0.04248721687167587,166,0.0034088342197671315,1295,0.026593013943364066,4179,0.08581637472534243,504,0.010349713534714665,10971,0.22529108569316386,22375,0.4594738895619853,33043,0.03919135671700511
2022-05-27,12,193,14602,2232,0.15285577318175592,639,0.04376112861251883,54,0.0036981235447199013,437,0.029927407204492534,1187,0.08129023421449116,130,0.008902890015066429,3192,0.21860019175455417,6731,0.46096425147240105,10093,0.04329733478648568,378,28313,4260,0.15046091901246778,1221,0.04312506622399605,97,0.00342598806202098,811,0.028644085755659944,2340,0.08264754706318653,264,0.009324338643026172,6240,0.22039345883516406,13080,0.4619785964044785,19469,0.04165596589449895,665,49556,7287,0.14704576640568245,2116,0.042699168617321814,170,0.003430462507062717,1314,0.026515457260473,4246,0.08568084591169586,510,0.01029138752118815,11129,0.22457421906529987,22784,0.4597626927112761,33671,0.03902467999168424
2022-05-28,17,190,14340,2201,0.15348675034867504,620,0.043235704323570434,50,0.003486750348675035,429,0.0299163179916318,1165,0.08124128312412832,127,0.008856345885634588,3135,0.2186192468619247,6613,0.4611576011157601,9913,0.04327650559870876,375,28068,4238,0.1509904517600114,1194,0.042539546814878156,99,0.003527148353997435,798,0.028430953398888414,2314,0.08244263930454611,261,0.009298845660538691,6163,0.2195738919766282,13001,0.4631965227305116,19330,0.041282979824107606,677,50452,7431,0.14728851185285025,2149,0.04259494172678982,174,0.003448822643304527,1345,0.026659002616348213,4320,0.08562594148893998,521,0.010326647110124475,11308,0.22413383017521604,23204,0.45992230238642673,34303,0.039209398594875086
2022-05-29,15,191,14465,2253,0.15575527134462497,642,0.04438299343242309,53,0.003664016591773246,418,0.028897338403041824,1166,0.0806083650190114,128,0.008848945731075008,3142,0.21721396474248186,6663,0.4606291047355686,10029,0.04167913052148769,377,28293,4311,0.15236984413105714,1227,0.04336761743187361,104,0.003675820874421235,797,0.028169511893401195,2328,0.08228183649665995,264,0.009330929911992365,6174,0.218216519987276,13088,0.4625879192733185,19527,0.04081528140523378,694,51753,7656,0.1479334531331517,2221,0.04291538654763975,180,0.0034780592429424382,1371,0.02649121790041157,4419,0.08538635441423685,532,0.010279597318029873,11566,0.22348462891040133,23808,0.46003130253318647,35236,0.03890907026904302
2022-05-30,13,191,14506,2271,0.15655590790017923,649,0.04474010754170688,50,0.0034468495794843512,422,0.029091410450847927,1168,0.08051840617675445,129,0.008892871915069626,3138,0.2163242796084379,6679,0.46043016682751964,10071,0.04190249230463708,377,28289,4270,0.1509420622856941,1221,0.04316165293930503,105,0.0037116900562055924,809,0.02859768814733642,2327,0.08225812153133727,260,0.00919085156774718,6175,0.21828272473399554,13122,0.4638552087383789,19527,0.0414298151277718,709,52898,7811,0.14766153729819653,2269,0.042893871223864795,184,0.0034783923777836592,1411,0.026673976331808385,4516,0.08537184770690763,543,0.010265038375741994,11811,0.22327876290218912,24353,0.4603765737835079,36028,0.03916398356833574
2022-05-31,15,192,14610,2287,0.15653661875427788,651,0.04455852156057495,60,0.004106776180698152,437,0.029911019849418206,1179,0.08069815195071868,131,0.008966461327857632,3148,0.21546885694729637,6717,0.4597535934291581,10152,0.04304570527974783,382,28729,4338,0.15099725016533816,1236,0.043022729646002296,114,0.003968115841136134,843,0.029343172404190886,2381,0.08287792822583452,265,0.009224128928956804,6260,0.2178982909255456,13292,0.4626683838629956,19823,0.042526358270695654,722,53878,7952,0.14759270945469394,2306,0.042800400905750026,194,0.003600727569694495,1453,0.026968335869928358,4593,0.08524815323508668,555,0.010301050521548684,12023,0.2231523070641078,24802,0.46033631537919,36707,0.039583730623586784
2022-06-01,15,189,14409,2250,0.1561524047470331,655,0.04545770004858075,61,0.0042334651953640084,417,0.02894024567978347,1158,0.08036643764313971,134,0.009299743216045528,3099,0.21507391213824692,6635,0.4604760913318065,10018,0.04162507486524256,383,28865,4364,0.15118655811536463,1245,0.04313182054391131,117,0.004053351810150702,842,0.029170275420058896,2403,0.08324961025463364,269,0.009319244760090075,6316,0.2188117096830071,13309,0.4610774294127836,19877,0.04236051718066106,737,55034,8124,0.14761783624668387,2371,0.043082458116800525,199,0.0036159465057964166,1478,0.026856125304357305,4689,0.08520187520441909,570,0.010357233710070139,12278,0.22309844823200203,25325,0.46017007667987064,37497,0.03941648665226551
2022-06-02,12,190,14506,2256,0.15552185302633392,671,0.04625672135667999,58,0.003998345512201847,419,0.028884599476078864,1192,0.08217289397490693,132,0.009099682889838687,3095,0.21335998897008135,6683,0.4607059147938784,10087,0.04153861405769803,381,28744,4351,0.15137072084608963,1257,0.04373086557194545,114,0.00396604508767047,838,0.029153910381296968,2384,0.08293904814917896,270,0.009393264681324799,6283,0.21858474812134707,13247,0.46086139716114666,19807,0.04230827485232493,752,56181,8291,0.1475765828304943,2429,0.04323525747138712,203,0.0036133212295971946,1508,0.026841814848436302,4795,0.08534913938876132,581,0.01034157455367473,12518,0.22281554262117087,25856,0.4602267670564782,38287,0.03938673701256301
2022-06-03,15,194,14783,2268,0.15341946830819184,699,0.04728404248122844,61,0.004126361361022796,424,0.02868159372251911,1218,0.08239193668402896,141,0.009537982818101873,3144,0.21267672326320775,6828,0.46188189136169927,10280,0.04124513618677043,383,28900,4362,0.15093425605536331,1275,0.04411764705882353,116,0.004013840830449827,822,0.028442906574394463,2421,0.08377162629757785,275,0.009515570934256055,6295,0.21782006920415226,13334,0.4613840830449827,19909,0.04128785976191672,757,56567,8350,0.14761256563013772,2460,0.04348825286828009,205,0.0036240210723566743,1518,0.02683543408701186,4819,0.08519101242774056,585,0.010341718669895876,12582,0.22242650308483744,26048,0.4604804921597398,38581,0.039345791970140744
2022-06-04,16,196,14939,2287,0.15308922953343598,695,0.046522524934734584,61,0.004083271972688935,449,0.030055559274382488,1234,0.0826025838409532,148,0.00990695495013053,3192,0.2136689202757882,6873,0.46007095521788605,10365,0.04331886155330439,389,29404,4442,0.1510678819208271,1298,0.0441436539246361,115,0.003911032512583322,864,0.02938375731193035,2442,0.08304992518024759,287,0.00976057679227316,6404,0.2177934974833356,13552,0.46088967487416677,20271,0.042622465591238716,760,56789,8381,0.14758139780591312,2469,0.04347672964834739,206,0.0036274630650301996,1544,0.027188363943721497,4820,0.08487559210410467,586,0.010318899786930567,12627,0.22234939865114722,26156,0.4605821549948053,38756,0.039838992672102384
2022-06-05,15,197,14997,2263,0.15089684603587383,691,0.04607588184303527,59,0.003934120157364806,447,0.029805961192238446,1261,0.08408348336333933,146,0.009735280389411216,3233,0.21557644862305794,6897,0.45989197839567914,10357,0.04315921598918606,390,29455,4441,0.1507723646240027,1300,0.04413512137158377,114,0.0038703106433542692,866,0.029400780852147344,2435,0.08266847733831267,284,0.009641826515022916,6426,0.21816329994907485,13589,0.46134781870650143,20310,0.04263909404234367,761,56915,8393,0.14746551875603972,2480,0.04357375032943864,207,0.0036370025476587893,1554,0.027303874198365986,4845,0.08512694368795572,576,0.010120354915224457,12655,0.222349117104454,26205,0.4604234384608627,38839,0.04001132881897062
2022-06-06,5,196,14959,2251,0.1504779731265459,681,0.04552443345143392,61,0.004077812688013905,457,0.030550170465940236,1256,0.08396283174008957,149,0.009960558860886422,3221,0.21532187980479978,6883,0.46012433986229023,10333,0.044227233136552795,387,29360,4435,0.1510558583106267,1306,0.04448228882833787,117,0.0039850136239782015,880,0.02997275204359673,2420,0.082425068119891,283,0.009638964577656676,6362,0.21668937329700272,13557,0.4617506811989101,20295,0.04336043360433604,761,56973,8415,0.14770154283608025,2482,0.043564495462763066,208,0.003650852158039773,1554,0.02727607814227792,4828,0.08474189528373088,580,0.010180260825303215,12649,0.22201744686079372,26257,0.4608674284310112,38916,0.039932161578785076
2022-06-07,16,189,14383,2158,0.15003823958840298,657,0.04567892651046374,59,0.0041020649377737604,440,0.030591670722380587,1195,0.08308419662101092,148,0.010289925606618925,3095,0.21518459292219982,6631,0.4610303830911493,9945,0.04424333836098542,381,28889,4352,0.1506455744400983,1290,0.044653674408944584,115,0.0039807539201772305,868,0.030046038284468137,2381,0.08241891377340857,284,0.009830731420263769,6244,0.2161376302398837,13355,0.4622866835127557,19980,0.04344344344344345,755,56491,8329,0.1474394151280735,2466,0.04365297126975978,206,0.0036465985732240533,1546,0.027367191234001876,4778,0.08457984457701227,576,0.01019631445717017,12534,0.22187605105238004,26056,0.46124161370837835,38603,0.04004870087817009
2022-06-08,14,190,14423,2143,0.14858212577133745,661,0.04582957775774804,57,0.003952021077445746,436,0.030229494557304306,1207,0.08368577965749151,152,0.010538722873188657,3075,0.21320113707273106,6692,0.46398114123275325,9989,0.043648012814095506,381,28894,4341,0.1502388039039247,1286,0.04450751020973213,115,0.003980065065411504,883,0.03055997785007268,2375,0.08219699591610714,283,0.009794420987056136,6235,0.21578874506818024,13376,0.4629334809995155,20001,0.04414779261036948,756,56575,8380,0.14812196199734864,2453,0.04335837384003535,203,0.003588157313300928,1555,0.0274856385329209,4764,0.08420680512593902,578,0.010216526734423331,12533,0.22152894387980557,26109,0.46149359257622624,38700,0.040180878552971575
2022-06-09,11,191,14525,2184,0.15036144578313254,677,0.0466092943201377,58,0.003993115318416523,436,0.030017211703958692,1178,0.08110154905335629,155,0.010671256454388985,3068,0.21122203098106712,6769,0.46602409638554215,10124,0.04306598182536547,381,28864,4347,0.15060282705099778,1289,0.04465770509977827,113,0.003914911308203991,872,0.030210643015521066,2356,0.08162416851441241,281,0.00973531042128603,6227,0.21573586474501108,13379,0.46351856984478934,20000,0.0436,758,56709,8441,0.14884762559734788,2468,0.043520428856089866,203,0.0035796787106103086,1547,0.027279620518788905,4749,0.0837433211659525,569,0.01003368072087323,12525,0.22086441305612867,26207,0.4621312313742087,38866,0.03980342715998559
2022-06-10,15,191,14507,2163,0.14910043427310954,667,0.04597780381884607,59,0.004067002136899428,445,0.03067484662576687,1187,0.0818225684152478,158,0.010891293858137452,3102,0.21382780726545805,6726,0.4636382436065348,10060,0.044234592445328035,384,29109,4395,0.15098423168092343,1306,0.044865849050121955,113,0.0038819609055618536,882,0.030299907245181903,2374,0.08155553265313134,288,0.009893847263732866,6294,0.21622178707616202,13457,0.46229688412518466,20153,0.043765196248697465,758,56717,8421,0.14847400250365853,2473,0.043602447238041506,203,0.0035791737926900223,1555,0.027416823879965444,4752,0.08378440326533491,570,0.010049896856321738,12541,0.2211153622370718,26202,0.4619778902269161,38854,0.040021619395686416
2022-06-11,16,194,14756,2190,0.148414204391434,681,0.04615071835185687,58,0.003930604499864462,462,0.031309297912713474,1205,0.08166169693683925,154,0.010436432637571158,3173,0.2150311737598265,6833,0.46306587150989426,10224,0.04518779342723005,384,29096,4391,0.15091421501237284,1301,0.044714050041242785,108,0.0037118504261754192,891,0.030622766015947208,2370,0.08145449546329392,281,0.0096576849051416,6308,0.21679956007698653,13446,0.4621253780588397,20137,0.04424690867557233,758,56733,8445,0.14885516366136112,2461,0.043378633246963845,201,0.003542911532970229,1577,0.027796873072109707,4742,0.08358450989723794,558,0.009835545449738248,12523,0.2207357270019213,26226,0.46227063613769764,38910,0.04052942688254947
2022-06-12,15,193,14684,2178,0.1483247071642604,668,0.045491691637156086,56,0.003813674748025061,477,0.03248433669299918,1194,0.0813129937346772,155,0.010555706891855081,3184,0.2168346499591392,6772,0.4611822391718878,10151,0.04699044429120284,384,29149,4431,0.15201207588596521,1310,0.044941507427355996,109,0.003739407869909774,895,0.030704312326323372,2360,0.08096332635767951,283,0.009708737864077669,6326,0.2170228824316443,13435,0.46090774983704413,20180,0.04435084241823588,759,56872,8501,0.14947601631734422,2477,0.04355394570263047,200,0.003516669011112674,1591,0.02797510198340132,4741,0.08336263890842593,564,0.009917006611337742,12549,0.22065339710226473,26249,0.4615452243634829,39018,0.04077605207852786
2022-06-13,10,193,14692,2190,0.14906071331336782,670,0.04560304927851892,59,0.004015790906615846,475,0.03233052001089028,1198,0.08154097468009801,157,0.010686087666757419,3192,0.21726109447318268,6751,0.459501769670569,10145,0.046821094135041895,384,29198,4461,0.15278443729022537,1319,0.04517432700869923,109,0.0037331324063292004,897,0.030721282279608193,2366,0.08103294746215495,286,0.009795191451469279,6330,0.2167956709363655,13430,0.4599630111651483,20216,0.04437079540957657,760,56969,8514,0.14944970071442362,2483,0.04358510769014727,205,0.0035984482788885184,1614,0.02833119766890765,4717,0.08279941722691288,560,0.009829907493549124,12570,0.22064631641770086,26306,0.4617599045094701,39122,0.04125555953172128
2022-06-14,16,190,14474,2181,0.15068398507668923,669,0.046220809727787755,50,0.00345447008428907,452,0.031228409561973192,1180,0.08152549398922206,151,0.010432499654552991,3135,0.2165952742849247,6656,0.459859057620561,10008,0.0451638689048761,382,29084,4468,0.15362398569660293,1320,0.0453857791225416,110,0.0037821482602118004,889,0.03056663457571173,2359,0.08110988859854215,282,0.00969605281254298,6283,0.21602943199009764,13373,0.45980607894374914,20160,0.044097222222222225,762,57153,8568,0.14991339037320875,2494,0.043637254387346246,205,0.003586863331758613,1616,0.028274981190838627,4720,0.08258534110195441,563,0.00985075149161024,12586,0.22021591167567756,26401,0.46193550644760556,39284,0.04113634049485796
2022-06-15,15,191,14517,2195,0.1512020389887718,652,0.04491286078390852,48,0.0033064682785699526,459,0.03161810291382517,1173,0.08080181855755321,151,0.010401598126334642,3140,0.21629813322311772,6699,0.461458979127919,10053,0.045658012533572066,380,28926,4445,0.15366798036368665,1307,0.045184263292539585,109,0.003768236188895803,876,0.030284173408006636,2331,0.0805849408836341,285,0.009852727649865172,6239,0.21568830809652215,13334,0.4609693701168499,20071,0.04364506003686911,762,57209,8599,0.1503085178905417,2497,0.04364697862224475,202,0.003530912968239263,1626,0.02842210141760912,4707,0.08227726406684263,571,0.009980947053785244,12590,0.2200702686640214,26417,0.4617630093167159,39341,0.041330927022698964
2022-06-16,9,191,14508,2193,0.1511579818031431,647,0.04459608491866556,53,0.003653156878963331,465,0.03205128205128205,1151,0.07933553901295837,161,0.011097325613454646,3131,0.21581196581196582,6707,0.46229666390956714,10065,0.046199701937406856,381,29014,4449,0.15333976700903013,1318,0.04542634590197835,111,0.0038257392982698007,884,0.030468049906941477,2343,0.0807541187013166,293,0.010098573102640104,6226,0.21458606190115118,13390,0.4615013441786724,20152,0.04386661373560937,761,57216,8596,0.1502376957494407,2501,0.04371154921700224,209,0.003652824384787472,1645,0.028750699105145414,4703,0.0821972874720358,577,0.010084591722595078,12543,0.21922189597315436,26442,0.4621434563758389,39393,0.04175868809179296
2022-06-17,16,188,14284,2172,0.15205824698963877,620,0.043405208625035004,56,0.003920470456454775,460,0.032203864463735646,1116,0.07812937552506301,154,0.01078129375525063,3097,0.21681601792215066,6609,0.4626855222626715,9917,0.0463849954623374,382,29067,4440,0.15275054185158427,1319,0.045377919977981906,117,0.004025183197440396,884,0.03041249526954966,2334,0.08029724429765714,295,0.010148966181580486,6241,0.21471084047201294,13437,0.46227680875219324,20197,0.043768876565826606,760,57163,8589,0.1502545352763151,2494,0.04362962055875304,213,0.0037261865192519637,1644,0.02875986214859262,4690,0.08204607875723807,577,0.010093941885485366,12527,0.21914525129891713,26429,0.4623445235554467,39369,0.041758744189590795
2022-06-18,16,189,14330,2185,0.15247732030704816,622,0.043405443126308445,58,0.004047452896022331,442,0.030844382414515002,1124,0.07843684577808793,160,0.011165387299371946,3115,0.21737613398464758,6624,0.4622470341939986,9931,0.04450709898298258,385,29269,4472,0.15278964091701117,1317,0.04499641258669582,119,0.004065735078068946,891,0.030441764324028835,2358,0.08056305305955105,308,0.010523079025590215,6307,0.21548395913765417,13497,0.4611363558713998,20296,0.043900275916436735,762,57348,8605,0.15004882471925787,2511,0.043785310734463276,217,0.0037839157424844807,1660,0.028946083560019528,4705,0.08204296575294692,595,0.010375252842296156,12549,0.21882192927390667,26506,0.4621957173746251,39499,0.042026380414694045
2022-06-19,15,189,14371,2210,0.15378192192610118,628,0.043699116275833276,60,0.004175074803423561,442,0.030756384385220235,1116,0.07765639134367824,162,0.011272701969243615,3111,0.21647762855751165,6642,0.4621807807389882,9982,0.04427970346623923,386,29368,4473,0.1523086352492509,1319,0.044912830291473714,119,0.004052029419776628,889,0.030271043312448925,2377,0.08093843639335331,308,0.01048760555706892,6344,0.21601743394170525,13539,0.46101198583492237,20339,0.04370913024239147,762,57369,8593,0.1497847269431226,2526,0.04403074831354913,216,0.003765099618260733,1663,0.028987780857257405,4707,0.08204779584793181,592,0.010319161916714602,12559,0.21891613937840995,26513,0.4621485471247538,39511,0.04208954468375895
2022-06-20,9,189,14279,2161,0.15134113033125568,620,0.04342040759156804,60,0.0042019749282162615,445,0.03116464738427061,1133,0.07934729322781707,166,0.01162546396806499,3112,0.21794243294348345,6582,0.4609566496253239,9868,0.04509525739764897,385,29238,4412,0.15089951433066556,1301,0.044496887612011767,121,0.004138449962377728,902,0.030850263355906696,2389,0.08170873520760653,315,0.010773650728504001,6333,0.2166016827416376,13465,0.4605308160612901,20201,0.044651254888371864,762,57306,8576,0.14965274142323665,2503,0.043677799881338776,217,0.00378668900289673,1676,0.02924650123896276,4700,0.08201584476320106,596,0.01040030712316337,12538,0.21879035354064147,26500,0.4624297630265592,39472,0.04246047831374138
2022-06-21,15,193,14578,2214,0.15187268486760871,632,0.04335299766771848,61,0.004184387433118397,448,0.030731238853066264,1158,0.07943476471395253,166,0.011387021539305804,3186,0.218548497736315,6713,0.4604884071889148,10068,0.044497417560588004,382,28961,4372,0.15096163806498394,1289,0.04450813162528918,120,0.004143503332067263,888,0.030661924657297744,2353,0.08124719450295224,314,0.010842167052242672,6281,0.2168778702392873,13344,0.4607575705258796,20013,0.04437115874681457,764,57471,8610,0.14981468914757007,2513,0.04372640114144525,218,0.0037932174488002645,1676,0.029162534147657078,4721,0.08214577787057821,598,0.010405247864140175,12575,0.21880600650762994,26560,0.462146125872179,39577,0.042347828284104404
2022-06-22,15,192,14563,2196,0.15079310581610933,639,0.04387832177435968,63,0.0043260317242326445,460,0.0315868983039209,1152,0.07910458010025406,164,0.011261415917050058,3197,0.21952894321225022,6692,0.45952070315182314,10050,0.045771144278606964,382,28986,4339,0.14969295521976125,1300,0.04484923756296143,120,0.004139929621196439,896,0.030911474504933416,2359,0.08138411647002002,316,0.010901814669150625,6272,0.2163803215345339,13384,0.46174015041744293,20039,0.044712810020460104,764,57554,8621,0.14978976265767802,2521,0.04380234214824339,218,0.003787747159189631,1701,0.029554852833860376,4716,0.08194043854467109,597,0.010372867220349585,12592,0.21878583591062306,26588,0.46196615352538484,39649,0.04290146031425761
2022-06-23,10,193,14650,2192,0.14962457337883958,635,0.04334470989761092,68,0.004641638225255973,482,0.03290102389078498,1172,0.08,175,0.011945392491467578,3243,0.22136518771331057,6683,0.4561774744027304,10060,0.04791252485089463,384,29175,4376,0.14999143101970866,1312,0.04497000856898029,126,0.004318766066838046,918,0.031465295629820055,2350,0.0805484147386461,330,0.011311053984575836,6311,0.2163153384747215,13452,0.4610796915167095,20184,0.04548156956004756,764,57578,8635,0.14997047483413803,2520,0.04376671645420126,221,0.0038382715620549515,1721,0.02988988849907951,4706,0.08173260620375838,601,0.010438014519434506,12601,0.21885095001563096,26573,0.4615130779117024,39670,0.04338290899924376
2022-06-24,15,192,14561,2176,0.14944028569466383,640,0.04395302520431289,65,0.004463979122313028,479,0.03289609230135293,1151,0.07904676876588146,178,0.012224435134949523,3216,0.22086395165167227,6656,0.45711146212485404,10016,0.047823482428115016,383,29068,4339,0.14927067565707994,1307,0.044963533782854,124,0.004265859364249346,924,0.031787532681987064,2338,0.08043209027108848,336,0.011559102793449842,6318,0.21735241502683364,13382,0.4603687904224577,20076,0.04602510460251046,761,57381,8599,0.14985796692284903,2528,0.04405639497394608,221,0.0038514490859343684,1735,0.03023648943029923,4678,0.08152524354751572,600,0.010456422857740367,12558,0.2188529304125059,26462,0.4611631027692093,39545,0.04387406751801745
2022-06-25,15,192,14506,2159,0.1488349648421343,630,0.043430304701502824,65,0.004480904453329657,453,0.031228457190128223,1145,0.07893285537019165,187,0.012891217427271473,3205,0.2209430580449469,6662,0.459258237970495,9969,0.04544086668672886,386,29262,4349,0.14862278723258834,1311,0.044802132458478576,123,0.004203403731802337,915,0.03126922288291983,2350,0.08030893308728043,341,0.011653338801175587,6378,0.21796186180028707,13495,0.4611783200054678,20193,0.04531273213489823,761,57330,8587,0.14978196406767835,2505,0.04369440083725798,222,0.003872318158032444,1713,0.02987964416535845,4664,0.08135356706785278,602,0.010500610500610501,12541,0.2187510901796616,26496,0.4621664050235479,39523,0.04334185158009261
2022-06-26,15,191,14393,2104,0.14618217188911276,620,0.0430764955186549,64,0.004446605989022441,448,0.03112624192315709,1152,0.08003890780240394,186,0.012922948655596471,3206,0.22274716876259293,6613,0.4594594594594595,9849,0.04548685145700071,384,29077,4282,0.1472641606768236,1288,0.044296179110637275,120,0.004126973209065584,925,0.03181208515321388,2346,0.08068232623723218,341,0.011727482202428035,6390,0.21976132338274237,13385,0.46032947002785707,20000,0.04625,761,57370,8593,0.14978211608854802,2515,0.04383824298413805,224,0.0039044796932194525,1722,0.03001568764162454,4674,0.08147115217012375,605,0.010545581314275753,12564,0.2189994770786125,26473,0.46144326302945793,39527,0.043565157993270424
2022-06-27,9,191,14403,2108,0.1463583975560647,632,0.04387974727487329,63,0.0043740887315142675,436,0.030271471221273345,1165,0.0808859265430813,181,0.012566826355620358,3208,0.22273137540790114,6610,0.4589321669096716,9849,0.044268453650116765,384,29095,4298,0.1477229764564358,1302,0.04474995703729163,122,0.004193160336827634,911,0.03131122185942602,2363,0.08121670390101392,338,0.011617116343014263,6400,0.21996906684997422,13361,0.4592197972160165,19994,0.04556366910073022,761,57384,8568,0.1493099121706399,2523,0.04396695943120033,227,0.003955806496584413,1720,0.029973511780287187,4690,0.08173009898229472,598,0.010421023281751011,12575,0.2191377387425066,26483,0.46150494911473583,39521,0.04352116596239974
2022-06-28,16,190,14297,2073,0.14499545359166258,633,0.04427502273204169,64,0.004476463593760929,438,0.030635797719801357,1148,0.08029656571308666,183,0.012799888088410157,3186,0.22284395327691123,6572,0.4596768552843254,9780,0.04478527607361963,380,28771,4254,0.14785721733690174,1302,0.045253901498036216,114,0.003962323172639116,890,0.030933926523235202,2328,0.08091481005178826,334,0.011608911751416357,6321,0.21970039275659517,13228,0.4597685169093879,19788,0.04497675358803315,762,57500,8592,0.14942608695652174,2538,0.04413913043478261,228,0.0039652173913043475,1733,0.03013913043478261,4709,0.08189565217391305,599,0.010417391304347826,12581,0.2188,26520,0.4612173913043478,39611,0.04375047335336144
2022-06-29,15,190,14286,2075,0.14524709505809885,642,0.04493910121797564,65,0.004549909001819964,437,0.030589388212235755,1164,0.08147837043259135,176,0.012319753604927902,3222,0.2255354892902142,6505,0.45534089318213633,9724,0.044940353763883174,381,28803,4270,0.1482484463423949,1294,0.0449258757768288,113,0.003923202444189841,896,0.03110787070791237,2337,0.08113738152275804,327,0.011352984064159983,6362,0.22087976946845814,13204,0.4584244696732979,19777,0.04530515244981544,764,57668,8634,0.14971908163973088,2539,0.04402788374835264,230,0.003988347090240688,1738,0.030138031490601375,4740,0.08219463133800374,596,0.010335021155580219,12678,0.21984462786987585,26513,0.4597523756676146,39654,0.043829121904473696
2022-06-30,8,190,14270,2058,0.14421864050455502,652,0.04569025928521374,58,0.004064470918009811,435,0.03048353188507358,1169,0.08192011212333566,165,0.011562718990889979,3226,0.2260686755430974,6507,0.4559915907498248,9710,0.04479917610710608,381,28778,4251,0.14771700604628535,1299,0.04513864757801098,111,0.0038571130724859267,900,0.03127388977691292,2320,0.08061713809159775,326,0.011328097852526236,6357,0.22089790812426158,13214,0.45917019945791926,19775,0.045512010113780026,762,57522,8602,0.1495427836306109,2556,0.04443517262960259,225,0.003911546886408678,1738,0.03021452661590348,4704,0.0817774069051841,596,0.010361253085775877,12640,0.21974201175202532,26461,0.4600152984944891,39582,0.04390884745591431
2022-07-01,14,189,14198,2043,0.1438935061276236,651,0.04585152838427948,55,0.0038737850401464997,450,0.031694604873925905,1174,0.08268770249330892,165,0.011621355120439499,3205,0.22573601915762784,6455,0.45464149880264826,9654,0.04661280298321939,377,28482,4215,0.1479882030756267,1271,0.04462467523348079,111,0.003897198230461344,910,0.031950003510989394,2290,0.0804016571869953,319,0.011200056175830348,6302,0.22126255178709361,13064,0.4586756547995225,19571,0.04649736855551581,760,57382,8577,0.14947195984803596,2546,0.044369314419155835,227,0.003955944372799833,1732,0.030183681293785507,4711,0.08209891603638772,594,0.010351678226621589,12597,0.21952877208880833,26398,0.4600397337144052,39480,0.04387031408308004
2022-07-02,17,187,14032,1997,0.1423175598631699,658,0.046892816419612314,54,0.0038483466362599773,445,0.031713226909920185,1167,0.08316704675028506,156,0.011117445838084378,3140,0.22377423033067276,6415,0.45716932725199544,9569,0.04650433692130839,376,28362,4182,0.14745081447006558,1280,0.04513080882871448,112,0.003948945772512516,887,0.03127424018052324,2291,0.08077709611451943,316,0.011141668429588886,6255,0.22054156970594457,13039,0.4597348564981313,19500,0.04548717948717949,765,57766,8624,0.14929197105563827,2578,0.04462832808226292,227,0.003929647197313298,1751,0.03031194820482637,4733,0.08193400962503895,603,0.010438666343523872,12659,0.21914274832946717,26591,0.46032268116192915,39771,0.044027054889240906
2022-07-03,15,188,14078,1989,0.14128427333428042,656,0.04659752805796278,54,0.003835772126722546,471,0.03345645688307998,1175,0.08346356016479614,161,0.011436283563006109,3150,0.22375337405881518,6422,0.4561727518113368,9592,0.049103419516263555,377,28449,4199,0.14759745509508243,1284,0.045133396604450066,114,0.004007170726563324,913,0.03209251643291504,2291,0.08053007135575943,323,0.011353650391929418,6261,0.22007803437730675,13064,0.4592077050159935,19574,0.046643506692551344,767,57904,8640,0.14921248963802156,2584,0.04462558717877867,228,0.003937551809892236,1779,0.030723266095606522,4726,0.08161785023487152,607,0.010482868195634152,12687,0.21910403426360872,26653,0.46029635258358664,39884,0.04460435262260556
2022-07-04,14,188,14091,2019,0.1432829465616351,657,0.04662550564189909,49,0.003477396920019871,462,0.03278688524590164,1157,0.08210914768291817,156,0.011070896316797956,3191,0.22645660350578384,6400,0.45419061812504435,9587,0.048190257640554915,377,28370,4180,0.1473387381036306,1277,0.04501233697567853,109,0.003842086711314769,907,0.03197039125837152,2290,0.08071906943954882,322,0.011350017624250969,6303,0.22217130771942192,12982,0.4575960521677829,19455,0.04662040606527885,764,57730,8615,0.14922917027542007,2583,0.04474276805820197,226,0.0039147756798891395,1787,0.03095444309717651,4710,0.08158669669149489,605,0.01047981985103066,12665,0.21938333622033604,26539,0.4597089901264507,39750,0.044955974842767296
2022-07-05,15,193,14499,2082,0.143596110076557,668,0.04607214290640734,48,0.0033105731429753774,476,0.032829850334505827,1200,0.08276432857438444,165,0.01138009517897786,3277,0.2260155872818815,6583,0.45403131250431067,9857,0.048290554935578774,386,29077,4296,0.14774564088454792,1300,0.04470887643154383,109,0.0037486673315679057,924,0.031777693709805,2358,0.08109502355813873,331,0.011383567768339237,6463,0.2222718987515906,13296,0.4572686315644668,19925,0.046373902132998746,767,57966,8648,0.14919090501328364,2590,0.044681364938067146,224,0.003864334264913915,1792,0.03091467411931132,4739,0.08175482179208501,615,0.010609667736259187,12707,0.21921471207259427,26651,0.4597695200634855,39905,0.04490665330159128
2022-07-06,14,193,14439,2109,0.1460627467276127,657,0.04550176605028049,49,0.003393586813491239,460,0.031858161922570814,1197,0.08290047787242884,167,0.011565897915368101,3259,0.22570815153403975,6541,0.45300921116420806,9816,0.04686226568867156,385,29002,4305,0.14843803875594785,1296,0.04468657333976967,112,0.0038618026343010827,920,0.03172195021033032,2349,0.08099441417833253,331,0.011413005999586235,6456,0.2226053375629267,13233,0.4562788773188056,19866,0.0463102788684184,766,57896,8646,0.1493367417438165,2582,0.044597208788171895,227,0.003920823545668094,1803,0.031142047809865965,4724,0.08159458339090783,614,0.010605223158767446,12691,0.21920339919856294,26609,0.45959997236423933,39867,0.04522537436977952
2022-07-07,13,192,14364,2088,0.14536340852130325,657,0.045739348370927316,42,0.0029239766081871343,444,0.030910609857978277,1211,0.08430799220272904,158,0.010999721526037315,3207,0.22326649958228906,6557,0.4564884433305486,9788,0.045361667347772784,385,29014,4280,0.14751499276211485,1292,0.04453022678706831,110,0.0037912731784655682,926,0.03191562693871924,2383,0.0821327634934859,333,0.011477217894809402,6450,0.22230647273729923,13240,0.4563314262080375,19848,0.046654574768238616,766,57878,8627,0.14905490860085005,2581,0.04459380075330868,223,0.0038529320294412384,1798,0.031065344345001553,4739,0.0818791250561526,614,0.010608521372542245,12677,0.21902968312657659,26619,0.45991568471612704,39848,0.04512146155390484
2022-07-08,15,195,14558,2095,0.1439071301002885,659,0.045267207033933235,43,0.0029537024316526996,444,0.030498694875669734,1229,0.08442093694188763,157,0.010784448413243577,3263,0.22413793103448276,6668,0.4580299491688419,9909,0.044807750529821375,387,29119,4271,0.14667399292558123,1299,0.04461004842199252,108,0.0037089185755005325,923,0.031697517085064734,2380,0.08173357601565988,335,0.011504515951784058,6479,0.2225007726913699,13324,0.45757065833304716,19925,0.0463237139272271,771,58228,8666,0.14882874218588996,2605,0.04473792677062582,221,0.0037954248815003093,1805,0.030998832176959538,4754,0.08164456962286186,623,0.010699319914817613,12773,0.2193618190561242,26781,0.4599333653912207,40078,0.04503717750386746
2022-07-09,15,195,14617,2114,0.14462612027091742,672,0.04597386604638435,44,0.0030101936101799274,461,0.031538619415748786,1235,0.08449066155845933,153,0.010467264144489292,3287,0.22487514537866868,6651,0.4550181295751522,9942,0.04636893985113659,387,29123,4273,0.14672252171822958,1302,0.044706932664904026,109,0.003742746283006558,914,0.03138412938227518,2380,0.08172235003262027,340,0.011674621433231466,6492,0.22291659513099613,13313,0.4571301033547368,19911,0.04590427401938627,771,58219,8664,0.14881739638262423,2603,0.04471048970267438,217,0.003727305518816881,1805,0.03100362424638005,4750,0.08158848485889486,621,0.01066662086260499,12800,0.21985949604081143,26759,0.45962658238719317,40048,0.04507091490211746
2022-07-10,15,195,14606,2120,0.1451458304806244,675,0.04621388470491579,42,0.002875530603861427,450,0.03080925646994386,1231,0.08428043269889086,153,0.010475147199780911,3272,0.2240175270436807,6663,0.4561823907983021,9950,0.04522613065326633,386,28999,4224,0.1456601951791441,1295,0.04465671230042415,106,0.0036552984585675368,898,0.030966585054657058,2383,0.0821752474223249,339,0.01169005827787165,6478,0.22338701334528777,13276,0.4578088899617228,19799,0.0453558260518208,770,58148,8655,0.1488443282658045,2605,0.04479947719612024,215,0.0036974616495838207,1793,0.030835110407924606,4743,0.08156772373942354,622,0.010696842539726217,12804,0.22019673935474995,26711,0.4593623168466671,39979,0.04484854548638035
2022-07-11,10,195,14597,2137,0.14639994519421798,659,0.045146262930739194,39,0.0026717818729876,466,0.031924368020826197,1201,0.08227718024251558,157,0.010755634719462902,3265,0.22367609782832087,6673,0.45714872919092964,9974,0.04672147583717666,386,29000,4245,0.1463793103448276,1291,0.044517241379310346,102,0.003517241379310345,902,0.031103448275862068,2366,0.08158620689655173,338,0.011655172413793104,6473,0.22320689655172413,13283,0.4580344827586207,19823,0.04550269888513343,770,58198,8706,0.14959276951097975,2610,0.044846901955393655,211,0.0036255541427540464,1799,0.03091171517921578,4732,0.0813086360356026,624,0.010722017938760783,12803,0.2199903776762088,26713,0.45900202756108455,40039,0.044931192087714476
2022-07-12,15,196,14694,2171,0.14774737988294542,664,0.04518851231795291,38,0.0025860895603647747,462,0.03144140465496121,1214,0.08261875595481148,158,0.010752688172043012,3278,0.22308425207567714,6709,0.45658091738124407,10044,0.045997610513739545,386,28991,4244,0.1463902590459108,1297,0.04473802214480356,102,0.0035183332758442275,900,0.031044117139802006,2362,0.08147356076023593,341,0.011762271049636093,6464,0.22296574799075575,13281,0.4581076885930116,19824,0.04539951573849879,768,58075,8712,0.15001291433491176,2617,0.0450624192854068,212,0.0036504520017219115,1789,0.030804993542832546,4721,0.08129143349117521,623,0.010727507533362032,12747,0.21949203616013777,26654,0.458958243650452,39984,0.044742897158863544
2022-07-13,16,195,14638,2152,0.147014619483536,655,0.04474655007514688,40,0.0027326137450471378,457,0.031220112037163548,1200,0.08197841235141413,163,0.011135401011067086,3243,0.22154665937969667,6728,0.45962563191692857,10032,0.045554226475279104,385,28924,4227,0.14614161250172866,1297,0.044841653989766285,105,0.0036302032913843175,894,0.030908588023786474,2364,0.08173143410316693,339,0.011720370626469368,6465,0.2235168026552344,13233,0.45750933480846356,19756,0.045252075318890465,765,57850,8672,0.14990492653414,2604,0.04501296456352636,214,0.0036992221261884185,1770,0.03059636992221262,4695,0.08115816767502161,624,0.010786516853932584,12704,0.21960242005185826,26567,0.45923941227312015,39827,0.04444221256936249
2022-07-14,13,196,14708,2176,0.1479466956758227,640,0.04351373402230079,43,0.002923579004623334,456,0.03100353549088931,1222,0.08308403589883057,165,0.011218384552624422,3298,0.22423171063366876,6708,0.45607832472124016,10023,0.045495360670457945,386,28978,4234,0.14611084270826144,1292,0.044585547656843125,101,0.0034854027193043,891,0.030747463593070606,2391,0.0825108703154117,330,0.01138794947891504,6524,0.22513631030436884,13215,0.45603561322382496,19733,0.045152789743069986,767,57992,8683,0.14972754862739687,2610,0.04500620775279349,212,0.0036556766450544904,1775,0.03060767002345151,4734,0.08163194923437715,623,0.010742861084287488,12750,0.21985791143606015,26605,0.4587701751965788,39885,0.04450294596966278
2022-07-15,14,201,15134,2250,0.14867186467556495,661,0.04367649002246597,43,0.002841284524910797,449,0.02966829655081274,1263,0.08345447337121713,176,0.011629443636844192,3406,0.2250561649266552,6886,0.455001982291529,10289,0.0436388375935465,390,29332,4293,0.14635892540570025,1312,0.044729305877539885,98,0.0033410609573162418,899,0.030649120414564298,2437,0.08308332196918042,341,0.011625528433110596,6611,0.2253852447838538,13341,0.45482749215873447,19943,0.04507847364990222,772,58399,8733,0.14954023185328516,2631,0.04505214130378945,215,0.003681569889895375,1783,0.03053134471480676,4771,0.08169660439391085,636,0.010890597441737017,12852,0.22007226151132725,26778,0.45853524889124814,40140,0.04441953163926258
2022-07-16,16,201,15158,2281,0.15048159387782029,654,0.04314553371157145,43,0.00283678585565378,444,0.029291463253727404,1258,0.08299247921889431,175,0.011545058714870035,3438,0.22681092492413246,6865,0.45289616044333025,10287,0.0431612715077282,388,29190,4278,0.14655704008221992,1312,0.044946899623158613,97,0.0033230558410414527,889,0.030455635491606715,2425,0.08307639602603631,331,0.011339499828708462,6578,0.22535114765330594,13280,0.45495032545392255,19856,0.0447723609991942,773,58459,8750,0.14967755178843292,2629,0.044971689560204586,216,0.003694897278434458,1780,0.030448690535246924,4783,0.0818180263090371,639,0.010930737782035273,12885,0.22041088626216665,26777,0.4580475204844421,40152,0.04433154014743973
2022-07-17,12,200,15093,2280,0.15106340687736036,648,0.04293381037567084,44,0.0029152587292122175,422,0.02795998144835354,1235,0.0818260120585702,178,0.011793546677267607,3419,0.22652885443583118,6867,0.45497912939773405,10261,0.04112659584835786,388,29171,4269,0.14634397175276817,1304,0.04470192999897158,98,0.00335950087415584,893,0.03061259470021597,2410,0.08261629700730178,339,0.011621130574886018,6569,0.22518940043193583,13289,0.45555517465976486,19853,0.04498060746486677,774,58539,8742,0.1493363398759801,2623,0.044807735014263994,217,0.003706930422453407,1782,0.03044124429867268,4787,0.08177454346674866,647,0.01105246075266062,12913,0.22058798407899008,26828,0.45829276209023045,40192,0.04433718152866242
2022-07-18,0,197,14859,2255,0.151759876169325,642,0.04320613769432667,46,0.0030957668752944344,417,0.028063799717343026,1200,0.08075913587724612,178,0.011979271821791506,3340,0.224779594858335,6781,0.4563564169863382,10141,0.041120205107977516,385,28950,4274,0.14763385146804836,1299,0.04487046632124352,95,0.0032815198618307427,879,0.030362694300518134,2357,0.08141623488773748,334,0.01153713298791019,6531,0.2255958549222798,13181,0.4553022452504318,19728,0.04455596107055961,770,58188,8686,0.1492747645562659,2600,0.044682752457551385,216,0.003712105588781192,1781,0.0306076854334227,4746,0.08156320890905341,649,0.011153502440365712,12864,0.22107651062074654,26646,0.4579294699938132,39929,0.04460417240602069
2022-07-19,0,183,13796,2091,0.1515656712090461,602,0.04363583647434039,45,0.0032618150188460423,389,0.02819657871846912,1106,0.08016816468541606,162,0.011742534067845752,3107,0.22521020585677007,6294,0.45621919396926647,9421,0.04129073346778474,376,28295,4173,0.14748188725923309,1270,0.04488425516875773,93,0.003286799787948401,865,0.0305707722212405,2306,0.08149849796783884,327,0.011556812157625022,6384,0.22562290157271603,12877,0.4550980738646404,19278,0.04486979977176055,758,57256,8545,0.14924200083834008,2559,0.044694005868380605,213,0.0037201341344138606,1753,0.030616878580410786,4659,0.08137138465837641,641,0.011195333240184435,12665,0.22119952494061756,26221,0.45796073773927626,39291,0.04461581532666514
2022-07-20,0,168,12653,1899,0.15008298427250455,556,0.04394214810716826,40,0.003161305619220738,351,0.027740456808661978,1009,0.07974393424484312,148,0.011696830791116731,2859,0.22595431913380226,5791,0.45767802102268235,8637,0.04063911080236193,361,27092,4008,0.14794035139524583,1213,0.044773364830946405,89,0.0032851026133175845,811,0.02993503617304001,2206,0.08142625129189429,315,0.011627048575225158,6118,0.2258231212165953,12332,0.4551897239037354,18453,0.0439494933073213,743,56078,8347,0.14884624986625772,2513,0.04481258247441064,209,0.00372695174578266,1707,0.030439744641392347,4565,0.08140447234209494,631,0.011252184457362958,12390,0.22094225899639788,25716,0.45857555547630086,38492,0.04434687727319962
2022-07-21,6,154,11599,1755,0.15130614708164497,508,0.043796879041296664,38,0.003276144495215105,321,0.02767479955168549,909,0.07836882489869816,138,0.011897577377360117,2642,0.22777825674627122,5288,0.4559013708078283,7910,0.04058154235145386,346,25963,3843,0.14801833378269075,1165,0.044871547972114165,80,0.0030813080152524747,765,0.02946500789585179,2120,0.08165466240419057,296,0.011400839656434156,5849,0.22528213226514657,11845,0.45622616800831955,17698,0.04322522318906091,730,55138,8219,0.14906235264246073,2477,0.044923646124270016,206,0.0037360803801371107,1683,0.030523413979469696,4470,0.08106931698647031,626,0.011353331640610831,12160,0.22053756030323915,25297,0.45879429794334214,37882,0.04442743255371944
2022-07-22,14,147,11103,1698,0.152931640097271,483,0.04350175628208592,36,0.0032423669278573357,310,0.027920381878771505,876,0.07889759524452851,135,0.012158875979465009,2528,0.2276862109339818,5037,0.4536611726560389,7564,0.040983606557377046,342,25661,3793,0.14781185456529364,1142,0.044503331904446435,79,0.0030786017692217764,754,0.029383110556876195,2105,0.0820310977748334,292,0.011379135653326058,5791,0.22567320057675072,11705,0.4561396671992518,17473,0.0431522921078235,725,54729,8132,0.1485866725136582,2449,0.0447477571305889,203,0.0037091852582725794,1678,0.03066016188857827,4443,0.08118182316504961,628,0.011474720897513202,12109,0.2212538142483875,25087,0.45838586489795174,37549,0.044688273988654825
2022-07-23,16,146,11073,1691,0.152713808362684,486,0.043890544567867784,35,0.0031608416869863634,317,0.02862819470784792,878,0.07929197146211506,137,0.012372437460489478,2503,0.22604533550076764,5026,0.45389686625124176,7555,0.04195896757114494,341,25690,3805,0.14811210587777346,1158,0.04507590502140911,79,0.0030751265083690154,778,0.030284157259634098,2113,0.08224990268586999,290,0.011288439081354613,5790,0.22537952510704554,11677,0.4545348384585442,17497,0.04446476538835229,727,54952,8154,0.14838404425680593,2469,0.044930120832726746,202,0.003675935361770272,1693,0.03080870577958946,4463,0.08121633425535012,631,0.011482748580579415,12168,0.22142961129713204,25172,0.458072499636046,37690,0.04491907667816397
2022-07-24,15,147,11142,1716,0.15401184706515886,488,0.0437982408903249,39,0.0035002692514808833,315,0.02827140549273021,869,0.0779931789624843,144,0.012924071082390954,2517,0.22590199246095855,5054,0.45359899479447136,7612,0.04138202837624803,342,25748,3836,0.14898244523846513,1163,0.04516855678110921,81,0.003145875407798664,765,0.029711045518098493,2100,0.08155973279478018,297,0.011534876495261769,5789,0.2248329967376107,11717,0.45506447102687586,17562,0.04355995900239153,726,54825,8118,0.14807113543091655,2451,0.04470588235294118,201,0.0036662106703146376,1690,0.030825353397172822,4446,0.08109439124487004,638,0.01163702690378477,12179,0.22214318285453716,25102,0.45785681714546284,37562,0.04499227943134018
2022-07-25,12,147,11174,1728,0.15464471093610166,505,0.04519420082333989,43,0.0038482190800071593,305,0.02729550742795776,884,0.07911222480758905,148,0.013245033112582781,2505,0.22418113477716126,5056,0.4524789690352604,7637,0.039937148094801624,342,25771,3865,0.1499747778510729,1164,0.04516704823250941,82,0.0031818710954173296,771,0.029917348958131234,2085,0.08090489309689186,305,0.011835008342710798,5770,0.2238950758604633,11729,0.4551239765628031,17611,0.04377945602180455,726,54866,8163,0.1487806656216965,2466,0.044945868115043926,204,0.0037181496737505922,1682,0.03065650858455145,4448,0.08107024386687565,643,0.01171946196187074,12170,0.22181314475267014,25090,0.457295957423541,37605,0.0447280946682622
2022-07-26,15,149,11293,1738,0.15390064641813514,508,0.04498361817054813,43,0.003807668467192066,309,0.027362082706101125,897,0.07942973523421588,148,0.013105463561498273,2548,0.2256264942884973,5102,0.4517842911538121,7700,0.04012987012987013,345,25987,3909,0.15042136452841806,1172,0.04509947281332974,81,0.0031169430869280794,771,0.0296686804940932,2111,0.08123292415438488,306,0.011775118328394967,5826,0.22418901758571594,11811,0.45449647900873513,17744,0.04345130748422002,725,54758,8163,0.14907410789291062,2474,0.04518061287848351,195,0.0035611234888052886,1661,0.030333467255926075,4439,0.08106578034259834,640,0.011687789911976332,12147,0.2218306000949633,25039,0.45726651813433655,37532,0.04425556858147714
2022-07-27,14,149,11289,1728,0.1530693595535477,512,0.04535388431216228,39,0.0034546904065904864,323,0.028611923110993,900,0.07972362476747276,149,0.013198688989281601,2534,0.22446629462308443,5104,0.45212153423686774,7706,0.041915390604723594,344,25927,3880,0.1496509430323601,1167,0.045010992401743354,79,0.0030470166235970226,780,0.03008446792918579,2100,0.08099664442473098,312,0.012033787171674316,5777,0.22281791182936708,11832,0.45635823658734137,17738,0.043973390461156836,725,54730,8150,0.14891284487484013,2461,0.044966197697789145,192,0.0035081308240453133,1676,0.030623058651562216,4437,0.08107071076192217,639,0.011675497898775809,12139,0.2217979170473232,25036,0.457445642243742,37515,0.04467546314807411
2022-07-28,10,147,11128,1699,0.15267792954708842,524,0.04708842559309849,37,0.0033249460819554278,315,0.028306973400431343,871,0.07827102803738317,144,0.012940330697340043,2490,0.22375988497483826,5048,0.45363048166786485,7623,0.04132231404958678,343,25836,3875,0.14998451772720237,1164,0.04505341384115188,80,0.003096454559529339,771,0.029842080817464003,2093,0.08101099241368633,309,0.01196005573618207,5788,0.22402848738194767,11756,0.45502399752283634,17646,0.043692621557293435,724,54614,8126,0.14878968762588346,2463,0.04509832643644487,191,0.003497271761819314,1671,0.030596550335078916,4413,0.08080345698905042,635,0.011627055333797195,12145,0.22237887721097155,24970,0.4572087743069543,37421,0.04465407124341947
2022-07-29,15,144,10817,1627,0.15041138947952298,514,0.047517796061754644,39,0.003605435887954146,308,0.028473698807432744,827,0.07645373023943793,138,0.012757696218914672,2423,0.2239992604234076,4941,0.4567809928815753,7429,0.041459146587696866,345,25951,3877,0.14939694038765367,1175,0.04527763862664252,82,0.0031598011637316483,757,0.029170359523717777,2090,0.08053639551462372,314,0.012099726407460213,5829,0.22461562174868022,11827,0.4557435166274903,17718,0.04272491251834293,722,54433,8092,0.14865982032957947,2446,0.04493597633788327,193,0.003545643267870593,1667,0.03062480480590818,4380,0.08046589385115646,633,0.011628975070269873,12131,0.2228611320338765,24891,0.45727775430345563,37289,0.044704872750677145
2022-07-30,15,145,10895,1617,0.1484167049105094,523,0.048003671408903166,42,0.00385497934832492,315,0.0289123451124369,836,0.07673244607618174,137,0.012574575493345572,2445,0.22441486920605783,4980,0.4570904084442405,7477,0.04212919620168517,346,26053,3898,0.1496180862088819,1177,0.04517713890914674,85,0.0032625801251295436,759,0.029132921352627336,2094,0.08037462096495605,312,0.011975588224004912,5883,0.22580892795455418,11845,0.45465013626069933,17764,0.04272686331907228,722,54415,8080,0.148488468253239,2457,0.04515299090324359,197,0.003620325277956446,1646,0.030249012220894975,4385,0.080584397684462,628,0.011540935403840854,12138,0.2230634935220068,24884,0.45730037673435636,37264,0.044171318162301416
2022-07-31,15,144,10800,1616,0.14962962962962964,517,0.04787037037037037,39,0.003611111111111111,320,0.02962962962962963,835,0.07731481481481481,139,0.01287037037037037,2425,0.22453703703703703,4909,0.454537037037037,7401,0.04323740035130388,344,25893,3896,0.150465376742749,1165,0.04499285521183331,83,0.0032054995558645195,742,0.02865639361989727,2070,0.07994438651372958,317,0.012242691074807863,5844,0.22569806511412352,11776,0.45479473216699495,17662,0.04201109727097724,721,54342,8095,0.1489639689374701,2449,0.045066431121416214,197,0.0036251886202200876,1655,0.030455264804387032,4361,0.08025100290751168,640,0.011777262522542416,12105,0.22275587943027492,24840,0.45710500165617757,37236,0.04444623482651198
2022-08-01,10,147,11009,1633,0.14833318194204742,536,0.04868743755109456,39,0.0035425560904714325,315,0.02861295303842311,860,0.07811790353347262,137,0.012444363702425288,2464,0.2238168771005541,5025,0.4564447270415115,7548,0.0417329093799682,344,25868,3888,0.1503015308489253,1178,0.04553888974795114,85,0.0032859130972630276,732,0.02829751043760631,2060,0.07963507035719808,315,0.012177207360445337,5804,0.22436987784134838,11806,0.4563940003092624,17689,0.04138164961275369,721,54238,8068,0.14875179763265606,2455,0.04526346841697703,194,0.0035768280541317895,1639,0.030218665880010324,4350,0.08020207234780044,637,0.011744533352999742,12107,0.22321988273903906,24788,0.45702275157638556,37144,0.04412556536721947
2022-08-02,16,157,11762,1741,0.14801904438020744,568,0.04829110695459956,39,0.0033157626254038427,339,0.028821628974664174,906,0.0770277163747662,148,0.012582894065635095,2621,0.22283625233803775,5400,0.45910559428668596,8087,0.041919129467045874,340,25558,3832,0.14993348462320996,1170,0.04577822990844354,84,0.0032866421472728695,728,0.028484231943031537,2012,0.07872290476563111,310,0.012129274591126065,5728,0.22411769309022614,11694,0.45754753893105876,17508,0.0415809915467215,726,54635,8128,0.14876910405417773,2470,0.04520911503614899,193,0.0035325340898691316,1652,0.030237027546444587,4370,0.0799853573716482,641,0.011732405966871053,12191,0.22313535279582686,24990,0.45739910313901344,37433,0.044132182833328884
2022-08-03,14,173,12938,1907,0.14739526974802905,620,0.04792085330035554,46,0.003555418148090895,376,0.02906167877569949,1002,0.07744628226928428,168,0.01298500541041892,2891,0.2234503014376256,5928,0.4581851909104962,8877,0.042356652022079534,341,25591,3806,0.14872416083779455,1176,0.045953655582040565,86,0.0033605564456254153,727,0.028408424836856707,2011,0.07858231409479895,316,0.01234809112578641,5750,0.22468836700402486,11719,0.45793443007307255,17514,0.04150964942331849,726,54593,8111,0.14857216126609638,2472,0.045280530470939495,198,0.0036268386056820473,1647,0.0301687029472643,4360,0.0798637187917865,647,0.011851336251900426,12206,0.22358177788361144,24952,0.4570549337827194,37380,0.04406099518459069
2022-08-04,13,187,13947,2061,0.14777371477737147,657,0.04710690471069047,48,0.0034416003441600346,407,0.02918190291819029,1065,0.07636050763605076,183,0.01312110131211013,3144,0.22542482254248225,6382,0.45758944575894456,9555,0.042595499738356885,341,25546,3816,0.14937759336099585,1165,0.04560400845533547,86,0.003366476160651374,728,0.028497612150630236,1974,0.07727237140843968,321,0.01256556799498943,5786,0.2264933844828936,11670,0.45682298598606436,17465,0.04168336673346693,726,54560,8096,0.14838709677419354,2457,0.045032991202346044,196,0.003592375366568915,1654,0.03031524926686217,4357,0.07985703812316716,654,0.011986803519061584,12236,0.22426686217008798,24910,0.4565615835777126,37313,0.044327714201484736
2022-08-05,14,194,14438,2148,0.14877406843053054,675,0.0467516276492589,49,0.0033938218589832387,429,0.029713256683751212,1112,0.07701897769774207,182,0.01260562404765203,3229,0.2236459343399363,6614,0.45809668929214575,9915,0.043267776096822995,341,25541,3846,0.15058141811205514,1158,0.04533886691985435,85,0.003327982459574801,739,0.028933871030891508,1988,0.07783563681923182,317,0.012411416937473083,5757,0.22540229435026038,11651,0.45616851337065895,17479,0.042279306596487216,728,54660,8117,0.14849981705085985,2457,0.04495060373216246,193,0.003530918404683498,1662,0.03040614709110867,4368,0.07991218441273326,652,0.011928283937065496,12236,0.223856567874131,24975,0.45691547749725575,37404,0.04443375040102663
2022-08-06,17,194,14393,2143,0.14889182241367332,671,0.04661988466615716,49,0.0034044327103453067,409,0.02841659139859654,1128,0.07837143055652053,180,0.012506079344125617,3216,0.22344195094837768,6597,0.45834780796220387,9869,0.04144290201641504,340,25466,3834,0.1505536794156915,1157,0.04543312652163669,84,0.003298515667949423,726,0.02850859970156287,2006,0.0787716955941255,317,0.012447969842142465,5719,0.2245739417262232,11623,0.45641247153066833,17424,0.041666666666666664,727,54589,8107,0.14850977303119675,2459,0.045045705178699005,193,0.003535510817197604,1640,0.030042682591730936,4386,0.08034585722398285,657,0.012035391745589772,12211,0.22368975434611368,24936,0.45679532506548937,37335,0.04392661041917772
2022-08-07,15,195,14475,2134,0.147426597582038,688,0.04753022452504318,47,0.0032469775474956823,422,0.029153713298791017,1138,0.07861830742659759,178,0.01229706390328152,3200,0.22107081174438686,6668,0.4606563039723661,9959,0.04237373230244,342,25617,3850,0.15029082250068315,1176,0.04590701487293594,86,0.0033571456454698054,737,0.02876995745013077,2007,0.07834641058671976,322,0.012569777881875317,5717,0.22317211226919623,11722,0.45758675879298905,17571,0.041944112458027434,728,54616,8074,0.14783213710268053,2471,0.04524315218983448,192,0.003515453347004541,1635,0.029936282408085543,4390,0.0803793760070309,661,0.01210268053317709,12195,0.2232862164933353,24998,0.4577047019188516,37370,0.04375167246454375
2022-08-08,7,195,14420,2105,0.1459778085991678,676,0.04687933425797503,42,0.002912621359223301,420,0.02912621359223301,1135,0.07871012482662969,173,0.011997226074895978,3211,0.2226768377253814,6658,0.46171983356449375,9901,0.04241995758004242,342,25594,3833,0.14976166288973977,1181,0.046143627412674845,85,0.0033210908806751583,725,0.028326951629288114,2019,0.07888567633038994,321,0.012542002031726186,5716,0.22333359381104947,11714,0.4576853950144565,17538,0.041338807161591974,728,54594,8078,0.1479649778363923,2472,0.04527970106605121,187,0.0034252848298347805,1627,0.029801809722680147,4385,0.08032018170494926,659,0.012070923544711874,12189,0.22326629299923068,24997,0.4578708282961498,37361,0.04354808490136774
2022-08-09,16,190,14041,2044,0.14557367708852645,641,0.045652019086959615,42,0.0029912399401752013,415,0.029556299408874012,1100,0.07834199843316003,172,0.012249839755003204,3130,0.2229185955416281,6497,0.46271633074567337,9639,0.04305425874053325,339,25334,3782,0.14928554511723377,1149,0.045354069629746585,85,0.003355174863819373,724,0.02857819531064972,1997,0.07882687297702692,320,0.012631246546143523,5678,0.22412568090313412,11599,0.457843214652246,17339,0.04175557990656901,725,54325,8026,0.14774045098941554,2446,0.0450253106304648,187,0.003442245743212149,1624,0.029894155545329038,4359,0.08023930050621261,661,0.012167510354348826,12142,0.22350667280257708,24880,0.45798435342843996,37163,0.04369937841401394
2022-08-10,14,191,14141,2071,0.14645357471183085,649,0.045894915493953754,44,0.003111519694505339,417,0.029488720741107418,1097,0.07757584329255357,174,0.01230464606463475,3145,0.22240294180043843,6544,0.4627678382009759,9725,0.04287917737789203,340,25430,3799,0.1493904836806921,1161,0.0456547384978372,83,0.003263861580810067,740,0.02909948879276445,1997,0.07852929610696029,323,0.012701533621706645,5679,0.2233189146677153,11648,0.45804168305151394,17431,0.042453100797429866,725,54354,8026,0.14766162563932736,2458,0.045222062773668914,188,0.003458807079515767,1634,0.030062184935791294,4361,0.08023328549876733,662,0.012179416418294882,12144,0.22342421900872061,24881,0.45775839864591383,37187,0.04394008658939952
2022-08-11,8,191,14192,2116,0.14909808342728298,634,0.044673055242390076,48,0.0033821871476888386,419,0.02952367531003382,1090,0.07680383314543404,182,0.01282412626832018,3145,0.22160372040586246,6558,0.4620913190529876,9775,0.042864450127877235,338,25320,3815,0.15067140600315956,1158,0.045734597156398105,85,0.0033570300157977884,734,0.028988941548183253,1961,0.07744865718799368,326,0.012875197472353871,5635,0.2225513428120063,11606,0.45837282780410743,17398,0.042188757328428556,724,54298,8049,0.14823750414379905,2450,0.04512136726951269,186,0.003425540535563004,1625,0.029927437474676785,4352,0.08015028177833437,656,0.01208147629746952,12159,0.22393089984898154,24821,0.457125492651663,37131,0.04376397080606501
2022-08-12,14,189,14085,2126,0.1509407170749024,622,0.044160454384096555,45,0.003194888178913738,417,0.029605963791267304,1095,0.0777422790202343,177,0.012566560170394037,3125,0.22186723464678737,6478,0.45992190273340433,9688,0.043042939719240295,333,24902,3753,0.15071078628222634,1136,0.04561882579712473,84,0.0033732230342944343,725,0.029114127379326962,1922,0.07718255561802265,315,0.012649586378604128,5548,0.2227933499317324,11419,0.4585575455786684,17117,0.04235555295904656,723,54234,8046,0.1483571191503485,2448,0.04513773647527381,182,0.0033558284470996055,1624,0.029944315374119557,4359,0.08037393516981967,656,0.012095733303831544,12159,0.22419515433123133,24760,0.456540177748276,37060,0.043820831084727466
2022-08-13,16,188,14010,2142,0.15289079229122055,617,0.04403997144896502,40,0.0028551034975017845,405,0.028907922912205567,1093,0.07801570306923626,177,0.012633832976445396,3072,0.21927194860813704,6464,0.46138472519628837,9668,0.041890773686388084,333,24905,3759,0.15093354748042562,1140,0.04577394097570769,82,0.0032925115438666936,720,0.0289098574583417,1929,0.0774543264404738,314,0.01260791005822124,5517,0.22152178277454326,11444,0.45950612326842,17145,0.04199475065616798,721,54095,8037,0.14857195674276735,2452,0.04532766429429707,179,0.0033089934374711154,1609,0.02974396894352528,4354,0.08048803031703484,645,0.011923467973010445,12095,0.22358813199001756,24724,0.4570477863018763,37001,0.043485311207805195
2022-08-14,15,189,14090,2144,0.15216465578424415,618,0.04386089425124202,44,0.0031227821149751598,401,0.02845990063875089,1114,0.07906316536550745,166,0.011781405251951739,3106,0.22044002838892832,6497,0.4611071682044003,9704,0.041323165704863975,333,24890,3760,0.15106468461229408,1135,0.045600642828445156,83,0.0033346725592607474,721,0.02896745680996384,1949,0.07830453997589393,305,0.012253917235837686,5531,0.2222177581357975,11406,0.458256327842507,17105,0.04215141771411868,721,54061,8029,0.1485174155121067,2439,0.04511570263221176,181,0.0033480697730341653,1614,0.029855163611475926,4359,0.08063113889865152,644,0.01191246924770167,12100,0.22382123897079226,24695,0.456798801354026,36958,0.04367119432869744
2022-08-15,14,189,14089,2145,0.15224643338774932,619,0.04393498473986798,42,0.0029810490453545317,404,0.028674852721981687,1118,0.07935268649300874,164,0.011640286748527219,3118,0.22130740293846263,6479,0.4598623039250479,9689,0.04169676953245949,336,25098,3778,0.15052992270300422,1155,0.04601960315562993,81,0.0032273487927324887,719,0.02864770101203283,1978,0.07881106064228226,301,0.011992987489042952,5582,0.22240816001275002,11504,0.4583632161925253,17237,0.04171259499912978,721,54048,8052,0.14897868561278862,2454,0.04540408525754885,176,0.003256364712847839,1598,0.02956631142687981,4335,0.08020648312611012,635,0.011748815867377147,12113,0.2241156009473061,24685,0.45672365304914153,36965,0.04323008251048289
2022-08-16,15,193,14368,2197,0.15290924276169265,631,0.043917037861915365,46,0.0032015590200445434,404,0.02811804008908686,1153,0.0802477728285078,167,0.01162305122494432,3195,0.22236915367483295,6575,0.4576141425389755,9853,0.04100274028214757,350,26130,3938,0.1507079984691925,1199,0.045885954841178724,85,0.0032529659395331037,743,0.02843474933027172,2059,0.07879831611174895,315,0.012055109070034443,5816,0.22257941063911213,11975,0.45828549559892845,17940,0.04141583054626533,726,54425,8111,0.14903077629765732,2469,0.04536518144235186,178,0.003270555810748737,1608,0.02954524575103353,4365,0.08020211299954065,642,0.011796049609554432,12200,0.22416169039963252,24852,0.45662838768948094,37218,0.04320490085442528
2022-08-17,15,192,14315,2208,0.15424380020957038,615,0.042961928047502616,44,0.0030736989172196996,401,0.028012574222843173,1142,0.07977645826056584,155,0.010827803003842123,3199,0.2234718826405868,6551,0.4576318546978694,9819,0.04083918932681536,365,27253,4115,0.1509925512787583,1235,0.04531611198767108,90,0.0033023887278464756,777,0.02851062268374124,2144,0.07867023813892049,323,0.011851906212160129,6090,0.22346163725094484,12479,0.4578945437199574,18696,0.0415596919127086,726,54345,8123,0.1494709724905695,2448,0.04504554236820315,179,0.0032937712761063574,1588,0.029220719477412827,4350,0.08004416229643942,638,0.011739810470144448,12208,0.22463888122182354,24811,0.45654614039930075,37149,0.042746776494656656
2022-08-18,11,193,14429,2197,0.1522628040751265,637,0.04414720354840945,43,0.0029801095016979695,396,0.027444729364474323,1181,0.08184905398849539,157,0.010880864924804213,3198,0.2216369810797699,6620,0.45879825351722225,9893,0.040028302840392195,380,28376,4258,0.15005638567803778,1294,0.04560191711305329,91,0.0032069354383986465,803,0.028298562165210036,2246,0.07915139554553144,340,0.011981956583027911,6342,0.22349873132224415,13002,0.45820411615449674,19448,0.041289592760180995,726,54339,8101,0.14908261101602902,2459,0.04525294907893042,171,0.003146911058355877,1568,0.028855886195918216,4366,0.08034744842562432,636,0.01170430077844642,12191,0.22435083457553506,24847,0.4572590588711607,37146,0.04221181284660529
2022-08-19,15,191,14306,2173,0.15189431007968685,637,0.04452677198378303,45,0.003145533342653432,385,0.02691178526492381,1158,0.080945058017615,156,0.010904515587865232,3189,0.22291346288270655,6563,0.4587585628407661,9803,0.03927369172702234,385,28744,4321,0.15032702477038687,1312,0.0456443083774005,94,0.0032702477038686335,814,0.028318953520734762,2270,0.07897300306150849,338,0.011758975786251043,6418,0.22328138046200946,13177,0.45842610631784025,19718,0.04128207728978598,727,54405,8114,0.14914070397941365,2454,0.04510614833195478,173,0.0031798547927580187,1568,0.02882088043378366,4375,0.08041540299604816,630,0.011579818031430935,12209,0.22440952118371474,24882,0.45734767025089607,37191,0.04216073781291173
2022-08-20,16,192,14338,2173,0.15155530757427815,643,0.044845864137257635,46,0.0032082577765378713,388,0.02706095689775422,1122,0.07825359185381504,159,0.011089412749337425,3231,0.22534523643464918,6576,0.4586413725763705,9826,0.03948707510685935,386,28731,4316,0.1502210156277192,1314,0.04573457241307299,95,0.003306533013121715,797,0.02774007169955797,2250,0.07831262399498799,339,0.011799102015244858,6447,0.22439177195363894,13173,0.4584943092826564,19695,0.040467123635440465,727,54421,8121,0.1492254828099447,2472,0.04542364160893773,174,0.0031972951617941603,1575,0.028941033792102312,4363,0.08017125741901104,629,0.011558038257290385,12237,0.22485805111997206,24850,0.4566251998309476,37192,0.042347816734781676
2022-08-21,14,191,14329,2186,0.15255775001744715,616,0.04298974108451392,50,0.0034894270360806756,374,0.026100914229883452,1134,0.07914020517830972,158,0.011026589434014935,3238,0.22597529485658455,6573,0.4587200781631656,9799,0.038167159914276966,386,28804,4320,0.14997916955978335,1304,0.0452714900708235,97,0.0033675878350229137,796,0.027635050687404527,2272,0.0788779336203305,336,0.011665046521316483,6438,0.22351062352451048,13241,0.4596930981808082,19758,0.04028747848972568,728,54552,8156,0.1495087256195923,2467,0.045222906584543185,178,0.003262941780319695,1561,0.028614899545387887,4372,0.08014371608740284,633,0.011603607567091948,12227,0.22413477049420735,24958,0.45750843232145477,37320,0.04182743837084673
2022-08-22,9,190,14264,2189,0.15346326416152553,606,0.04248457655636568,54,0.0037857543466068423,378,0.026500280426247896,1127,0.07901009534492429,161,0.011287156477846326,3224,0.22602355580482333,6525,0.4574453168816601,9752,0.038761279737489746,385,28684,4294,0.1497001812857342,1282,0.04469390601031934,96,0.003346813554594896,798,0.027820387672570075,2262,0.07885929438014223,334,0.011644122158694743,6435,0.22434109608143912,13183,0.4595941988565054,19653,0.040604487864448174,727,54455,8159,0.1498301349738316,2446,0.04491782205490772,178,0.0032687540170783214,1569,0.028812781195482508,4347,0.07982738040583968,639,0.011734459645578918,12205,0.2241300156092186,24912,0.4574786520980626,37264,0.04210498067840275
2022-08-23,16,192,14389,2182,0.15164361665160886,611,0.042462992563763985,55,0.0038223643060671347,375,0.026061574814094098,1147,0.07971367016470915,163,0.011328097852526236,3247,0.22565848912363612,6609,0.4593091945235944,9832,0.03814076484947111,382,28430,4226,0.14864579669363348,1252,0.04403798804080197,97,0.0034118888498065425,790,0.027787548364403798,2247,0.07903622933520929,335,0.011783327470981358,6377,0.2243053112908899,13106,0.46099190995427364,19471,0.04057316008422782,727,54417,8135,0.14949372438759947,2424,0.04454490324714703,178,0.003271036624584229,1561,0.02868588860098866,4358,0.0800852674715622,641,0.01177940717055332,12203,0.22424977488652442,24917,0.45788999761104066,37215,0.04194545210264678
2022-08-24,14,192,14349,2172,0.15136943340999373,609,0.042441982019652935,59,0.004111784793365391,359,0.025019165098613145,1153,0.08035403163983552,160,0.011150602829465468,3243,0.22600878109972822,6594,0.4595442191093456,9793,0.036658837945471257,383,28490,4243,0.14892944892944893,1258,0.04415584415584416,103,0.003615303615303615,776,0.027237627237627238,2250,0.07897507897507898,334,0.011723411723411724,6388,0.22421902421902423,13138,0.46114426114426116,19518,0.039758171943846704,727,54417,8123,0.1492732050645938,2425,0.044563279857397504,182,0.0033445430655861218,1556,0.028594005549736297,4350,0.07993825458955842,646,0.011871290221805686,12165,0.22355146369700646,24970,0.4588639579543157,37256,0.04176508481855272
2022-08-25,9,192,14346,2156,0.15028579394953298,612,0.04265997490589712,54,0.0037641154328732747,359,0.025024397044472325,1164,0.08113759933082393,154,0.010734699567823783,3248,0.22640457270319253,6599,0.45998884706538407,9780,0.03670756646216769,383,28538,4272,0.1496951433176817,1246,0.04366108346765716,102,0.003574181792697456,778,0.027261896418810008,2254,0.07898240941902025,336,0.011773775317121031,6393,0.2240171000070082,13157,0.4610344102600042,19555,0.039785221171056,726,54374,8147,0.1498326406002869,2410,0.044322654209732595,182,0.0033471879942619633,1549,0.02848788023687792,4347,0.0799462978629492,645,0.011862287122521794,12181,0.22402251075881854,24913,0.4581785412145511,37201,0.04163866562726808
2022-08-26,15,193,14434,2177,0.15082444228903977,616,0.04267701260911736,58,0.00401829014826105,360,0.024941111265068587,1162,0.08050436469447139,156,0.010807814881529721,3260,0.2258556186781211,6645,0.460371345434391,9856,0.036525974025974024,382,28519,4303,0.15088186822819874,1238,0.04340965672008135,103,0.003611627336161857,777,0.027244994565026825,2257,0.07914022230793506,333,0.011676426242154354,6385,0.2238858304989656,13123,0.4601493741014762,19544,0.03975644699140401,727,54470,8180,0.15017440793097117,2413,0.044299614466678905,185,0.003396364971543969,1534,0.028162291169451074,4347,0.07980539746649531,647,0.011878098035615936,12214,0.2242335230402056,24950,0.458050302919038,37262,0.041167945896623905
2022-08-27,15,194,14560,2196,0.15082417582417582,620,0.042582417582417584,62,0.004258241758241758,375,0.025755494505494504,1166,0.08008241758241759,167,0.011469780219780219,3296,0.22637362637362637,6678,0.45865384615384613,9931,0.03776054777967979,382,28570,4338,0.15183759187959397,1237,0.04329716485824291,102,0.0035701785089254463,780,0.027301365068253414,2259,0.07906895344767238,344,0.012040602030101506,6368,0.22289114455722786,13142,0.4599929996499825,19599,0.0397979488749426,728,54623,8236,0.1507789758892774,2414,0.04419383776065028,187,0.0034234663054024863,1539,0.028174944620398,4353,0.07969170495944931,656,0.012009593028577705,12251,0.22428281126997784,24987,0.45744466616626694,37363,0.04119048256296336
2022-08-28,15,193,14459,2180,0.15077114599903174,613,0.04239573967770938,55,0.003803859188048966,367,0.025382114945708554,1140,0.07884362680683311,174,0.012034027249464002,3280,0.22684832976001107,6650,0.45992115637319314,9865,0.0372022301064369,382,28549,4324,0.1514588952327577,1231,0.04311884829591229,99,0.0034677221618970894,768,0.026901117377141057,2254,0.07895197730218222,340,0.011909348838838488,6386,0.22368559319065467,13147,0.46050649760061646,19569,0.03924574582247432,726,54442,8220,0.15098637081664892,2396,0.04401013923074097,182,0.003343007237059623,1510,0.027735939164615555,4324,0.07942397413761434,657,0.012067888762352595,12230,0.2246427390617538,24923,0.4577899415892142,37231,0.04055759984958771
2022-08-29,8,193,14493,2190,0.15110743117367004,611,0.042158283309183746,59,0.004070930794176499,380,0.026219554267577452,1151,0.0794176498999517,174,0.012005795901469675,3256,0.2246601807769268,6672,0.4603601738770441,9912,0.03833736884584342,382,28582,4335,0.15166888251347002,1230,0.043034077391365194,101,0.003533692533762508,784,0.027429850955146596,2269,0.07938562731789238,338,0.011825624518927996,6374,0.223007487229725,13151,0.4601147575397103,19601,0.039997959287791436,726,54450,8223,0.1510192837465565,2408,0.04422405876951332,186,0.0034159779614325067,1516,0.027842056932966024,4329,0.07950413223140496,653,0.011992653810835628,12178,0.22365472910927456,24957,0.45834710743801654,37290,0.04065433091981765
2022-08-30,15,187,14100,2137,0.15156028368794328,590,0.04184397163120567,56,0.003971631205673759,378,0.026808510638297874,1132,0.0802836879432624,164,0.011631205673758865,3149,0.22333333333333333,6494,0.4605673758865248,9655,0.03915069911962714,380,28468,4334,0.15224111282843894,1221,0.042890262751159196,102,0.0035829703526766895,782,0.027469439370521286,2285,0.08026556133202192,331,0.011627090066039061,6344,0.22284670507236196,13069,0.45907685822678096,19508,0.04008611851548083,720,54026,8166,0.15114944656276608,2391,0.04425646910746678,186,0.003442786806352497,1510,0.02794950579350683,4297,0.07953577906933698,641,0.011864657757376077,12072,0.22344796949616852,24763,0.45835338540702625,37016,0.04079317052085585
2022-08-31,15,187,14116,2138,0.15145933692264096,602,0.04264664210824596,55,0.00389628790025503,386,0.027344856899971664,1133,0.08026353074525361,171,0.01211391328988382,3127,0.22152167752904506,6504,0.46075375460470386,9685,0.03985544656685596,379,28431,4346,0.15286131335514053,1217,0.04280538848440083,99,0.0034821145932257044,787,0.0276810523724104,2275,0.0800182898948331,326,0.01146635714536949,6326,0.2225036052196546,13055,0.45918187893496537,19504,0.040350697292863,720,54022,8152,0.15090148458035615,2393,0.04429676798341416,185,0.0034245307467328126,1514,0.028025619192180964,4286,0.07933804746214505,642,0.011884047240013329,12076,0.22353855836511052,24774,0.458590944430047,37018,0.040899022097358045
2022-09-01,8,187,14136,2167,0.1532965478211658,588,0.04159592529711375,58,0.004102999434069043,387,0.02737691001697793,1129,0.07986700622524052,164,0.011601584606677985,3121,0.22078381437464628,6522,0.46137521222410866,9722,0.039806624151409176,380,28565,4364,0.1527743742342027,1225,0.04288464904603536,101,0.00353579555399965,783,0.027411167512690356,2310,0.08086819534395238,321,0.011237528443899877,6319,0.2212147733239979,13142,0.46007351654122175,19615,0.039918429773132806,721,54111,8180,0.15117074162369942,2390,0.04416846851841585,187,0.0034558592522777255,1511,0.027924081979634457,4284,0.07917059377945335,642,0.011864500748461496,12105,0.22370682486000998,24812,0.45853892923804773,37080,0.04074973031283711
2022-09-02,15,184,13917,2133,0.1532657900409571,571,0.04102895739024215,56,0.004023855716030754,376,0.027017316950492205,1118,0.08033340518789969,162,0.01164043974994611,3104,0.22303657397427606,6397,0.4596536609901559,9533,0.03944193852931921,375,28223,4306,0.15257059844807427,1208,0.04280197002444815,101,0.0035786415335010455,761,0.02696382383162669,2276,0.08064344683414236,318,0.011267406016369627,6293,0.2229741700031889,12960,0.459199943308649,19336,0.039356640463384364,716,53764,8152,0.15162562309351982,2366,0.04400714232571981,186,0.0034595640205341864,1500,0.027899709843017633,4264,0.07930957518041812,635,0.011810877166877464,12050,0.22412766907224166,24611,0.4577598392976713,36815,0.040744261849789486
2022-09-03,14,184,13924,2140,0.15369146796897443,562,0.040361964952599826,55,0.003950014363688595,373,0.02678827923010629,1155,0.0829503016374605,162,0.011634587762137317,3085,0.22155989658144212,6392,0.45906348750359094,9522,0.03917244276412518,376,28262,4313,0.1526077418441724,1205,0.04263675606821881,101,0.003573703205717925,761,0.026926615243082583,2277,0.08056754652890807,321,0.011358007218172811,6316,0.22348029155756846,12968,0.4588493383341589,19348,0.0393322307215216,716,53728,8147,0.15163415723645027,2362,0.04396217986896962,185,0.003443269803454437,1487,0.02767644431209053,4283,0.07971634901727219,638,0.011874627754615842,12035,0.22399865991661702,24591,0.4576943120905301,36772,0.04043837702599804
2022-09-04,16,182,13742,2098,0.1526706447387571,564,0.04104206083539514,54,0.0039295590161548535,385,0.0280163003929559,1140,0.08295735700771358,157,0.011424828991413186,3045,0.22158346674428758,6299,0.45837578227332265,9400,0.040957446808510635,373,28071,4284,0.15261301699262583,1180,0.0420362651847102,104,0.0037048911688219157,759,0.027038580741690712,2274,0.08100887036443305,315,0.01122154536710484,6283,0.22382530013180862,12872,0.45855153004880483,19199,0.039533309026511795,715,53688,8134,0.15150499180450008,2356,0.0438831768737893,190,0.003538965876918492,1496,0.027864699746684547,4281,0.07973848904783191,637,0.011864848755774102,12000,0.22351363433169424,24594,0.4580911935628073,36770,0.04068534131085124
2022-09-05,12,184,13876,2092,0.15076390890746613,570,0.041078120495820124,49,0.0035312770250792735,379,0.02731334678581724,1171,0.08439031421158835,159,0.011458633611991929,3074,0.2215335831651773,6382,0.4599308157970597,9472,0.04001266891891892,374,28140,4281,0.1521321961620469,1176,0.041791044776119404,103,0.003660270078180526,757,0.026901208244491825,2298,0.08166311300639659,320,0.011371712864250177,6298,0.22380952380952382,12907,0.45867093105899076,19224,0.03937786100707449,716,53734,8114,0.15100308929169615,2357,0.04386422004689768,188,0.0034987158968251015,1482,0.027580302973908514,4317,0.08034019429039342,641,0.011929132392898351,12014,0.22358283395987644,24621,0.45820151114750435,36762,0.0403133670638159
2022-09-06,14,187,14141,2144,0.15161586875044197,594,0.042005515875822075,49,0.0034651014779718547,398,0.02814510996393466,1170,0.0827381373311647,158,0.0111731843575419,3138,0.22190792730358533,6490,0.45894915493953753,9675,0.04113695090439277,379,28530,4326,0.1516298633017876,1205,0.042236242551699964,104,0.003645285664213109,773,0.02709428671573782,2317,0.08121275849982475,321,0.011251314405888538,6385,0.22379950928846828,13099,0.45913073957237993,19507,0.03962680063566925,718,53864,8108,0.15052725382444676,2354,0.043702658547452845,189,0.003508837071142136,1497,0.02779221743650676,4314,0.0800905985444824,641,0.01190034160106936,12063,0.22395291846130996,24698,0.45852517451358976,36846,0.04062856212343267
2022-09-07,17,185,13992,2113,0.15101486563750716,579,0.041380789022298456,44,0.0031446540880503146,414,0.029588336192109776,1160,0.08290451686678102,156,0.011149228130360206,3113,0.22248427672955975,6413,0.4583333333333333,9563,0.0432918540207048,377,28341,4285,0.15119438269644683,1188,0.04191806922832645,103,0.0036343107159239264,773,0.027274972654458204,2313,0.08161321054302953,316,0.011149924138174377,6356,0.22426872728555802,13007,0.4589464027380826,19356,0.039935937177102705,717,53771,8084,0.15034126201856018,2349,0.04368525785274591,186,0.003459113648621004,1513,0.028137843819159025,4310,0.08015473024492756,639,0.011883729147681836,12035,0.22381953097394505,24655,0.4585185322943594,36787,0.04112865958083019
2022-09-08,7,188,14205,2128,0.14980640619500177,582,0.0409714889123548,45,0.0031678986272439284,431,0.030341429074269625,1185,0.08342133051742344,154,0.010841253079901443,3173,0.22337205209433297,6507,0.458078141499472,9693,0.04446507789126174,380,28551,4284,0.15004728380792268,1194,0.04181990122937901,99,0.0034674792476620782,790,0.027669783895485273,2349,0.08227382578543659,308,0.010787713214948688,6421,0.2248958004973556,13106,0.4590382123218101,19473,0.040568992964617676,718,53871,8099,0.1503406285385458,2352,0.04365985409589575,184,0.003415566817025858,1524,0.02828980341927939,4310,0.08000594011620352,634,0.011768855228230402,12056,0.22379387796773775,24712,0.45872547381708156,36871,0.04133329717121857
2022-09-09,15,186,14046,2089,0.14872561583368932,582,0.04143528406663819,43,0.0030613697849921685,432,0.030756087142246903,1177,0.08379609853339029,151,0.010750391570553894,3136,0.22326641036594047,6436,0.45820874270254874,9582,0.045084533500313086,379,28480,4266,0.14978932584269664,1198,0.042064606741573037,101,0.0035463483146067416,792,0.027808988764044945,2339,0.08212780898876404,307,0.010779494382022472,6396,0.22457865168539326,13081,0.45930477528089886,19438,0.04074493260623521,712,53382,8019,0.15021917500280993,2334,0.043722603124648755,185,0.0034655876512682177,1517,0.028417818740399385,4261,0.07982091341650743,622,0.011651867670750441,11944,0.22374583192836536,24500,0.4589562024652505,36555,0.041499110928737516
2022-09-10,15,186,13992,2078,0.1485134362492853,577,0.04123785020011435,43,0.0030731846769582617,440,0.031446540880503145,1167,0.08340480274442538,146,0.01043453401943968,3132,0.22384219554030874,6409,0.4580474556889651,9547,0.046087776264795224,380,28552,4274,0.1496917904174839,1197,0.04192350798543009,105,0.003677500700476324,815,0.028544410198935277,2333,0.08171056318296442,313,0.010962454469038947,6428,0.22513309050154104,13087,0.45835668254413003,19478,0.041842078242119315,713,53457,8033,0.1502703107170249,2337,0.04371738032437286,187,0.0034981386909104513,1535,0.028714667863890604,4262,0.07972763155433339,627,0.011729053257758573,11945,0.2234506238659109,24531,0.4588921937257983,36623,0.041913551593261066
2022-09-11,15,186,14047,2109,0.15013881967679932,604,0.042998505018865235,49,0.0034882893144443654,449,0.03196412045276571,1175,0.08364775396881896,143,0.010180109631949883,3080,0.2192638997650744,6438,0.4583185021712821,9649,0.04653331951497564,379,28506,4289,0.1504595523749386,1217,0.04269276643513646,104,0.003648354732337052,816,0.028625552515259944,2315,0.08121097312846419,317,0.011120465866835053,6360,0.22311092401599664,13088,0.45913141093103205,19514,0.04181613200778928,712,53396,8049,0.15074162858641096,2352,0.04404824331410592,187,0.0035021349913851225,1537,0.02878492770994082,4264,0.07985616900142332,622,0.011648812645141959,11891,0.22269458386395985,24494,0.45872349988763206,36619,0.04197274638848685
2022-09-12,9,186,14060,2096,0.14907539118065433,597,0.042460881934566146,50,0.0035561877667140826,460,0.032716927453769556,1183,0.0841394025604552,152,0.010810810810810811,3106,0.22091038406827881,6416,0.45633001422475106,9619,0.047822018920885744,379,28553,4286,0.15010681889818933,1208,0.042307288200889574,109,0.003817462263159738,840,0.029418975239029175,2334,0.08174272405701677,326,0.011417364199908941,6362,0.2228137148460757,13088,0.45837565229573074,19531,0.04300855050944652,715,53651,8064,0.15030474734860488,2363,0.044043913440569606,190,0.003541406497548974,1559,0.029058172261467632,4312,0.08037128851279567,627,0.011686641441911614,11944,0.22262399582486814,24592,0.4583698346722335,36768,0.04240100087032202
2022-09-13,17,187,14078,2093,0.14867168631907943,595,0.04226452621110953,52,0.0036937064923994885,452,0.032106833357010936,1172,0.08325046171331155,157,0.011152152294359995,3129,0.22226168489842307,6428,0.456598948714306,9620,0.04698544698544699,374,28178,4230,0.1501171126410675,1185,0.04205408474696572,108,0.0038327773440272554,830,0.029455603662431683,2304,0.08176591667258144,321,0.011391865994747676,6278,0.22279792746113988,12922,0.45858471147703883,19275,0.0430609597924773,724,54308,8168,0.15040141415629374,2384,0.04389776828459895,193,0.0035538042277380865,1573,0.028964425130735803,4363,0.08033807173897031,636,0.011710981807468513,12094,0.22269278927598143,24897,0.45844074537821317,37215,0.04226790272739487
2022-09-14,15,189,14170,2068,0.1459421312632322,603,0.04255469301340861,49,0.003458009880028229,449,0.03168666196189132,1178,0.08313338038108681,154,0.01086803105151729,3149,0.2222300635144672,6520,0.4601270289343684,9689,0.04634121168335226,376,28286,4206,0.14869546772254827,1205,0.04260057979212331,104,0.003676730538075373,835,0.02951990383935516,2311,0.08170119493742488,325,0.01148978293148554,6276,0.22187654670154847,13024,0.460439793537439,19374,0.04309899865799525,741,55539,8321,0.14982264714885035,2440,0.04393309206143431,194,0.0034930409261960064,1612,0.02902464934550496,4455,0.08021390374331551,648,0.01166747690811862,12366,0.22265435099659697,25503,0.45919083886998324,38070,0.04234305227213029
2022-09-15,8,189,14127,2061,0.1458908473136547,602,0.04261343526580307,47,0.0033269625539746584,457,0.03234940185460466,1151,0.08147518935371982,161,0.011396616408296171,3177,0.2248885113612232,6471,0.4580590358887237,9638,0.047416476447395724,376,28263,4228,0.14959487669391078,1190,0.04210451827477621,105,0.0037151045536567245,844,0.02986236422177405,2280,0.08067084173654601,325,0.011499133142270813,6298,0.22283550932314333,12993,0.45971765205392207,19360,0.04359504132231405,756,56639,8486,0.14982609156235102,2484,0.043856706509648825,196,0.0034605130740302617,1647,0.02907890322922368,4526,0.07990960292378044,665,0.011741026501174102,12640,0.2231677819170536,25995,0.45895937428273803,38808,0.042439703153988866
2022-09-16,15,189,14097,2034,0.14428601830176632,611,0.04334255515357877,47,0.0033340427041214445,463,0.03284386748953678,1142,0.08101014400226998,163,0.011562743846208413,3142,0.2228843016244591,6495,0.46073632687805915,9650,0.04797927461139896,373,28014,4167,0.14874705504390662,1182,0.04219318911972585,103,0.0036767330620404086,839,0.029949311058756336,2260,0.08067394873991576,325,0.011601342186049832,6246,0.22295994859713,12892,0.46019847219247517,19183,0.0437366418182766,758,56758,8488,0.14954720039465802,2494,0.043940942246026994,197,0.0034708763522322845,1653,0.029123647767715564,4530,0.07981253743965608,663,0.01168117269812185,12664,0.22312273159730786,26069,0.45930089150428133,38901,0.04249248091308707
2022-09-17,17,189,14078,2016,0.14320215939764172,608,0.043187952834209405,49,0.0034806080409149026,476,0.033811620968887623,1117,0.07934365676942748,162,0.011507316380167637,3149,0.22368234124165365,6501,0.4617843443670976,9650,0.049326424870466325,373,28002,4156,0.14841797014498964,1170,0.04178272980501393,104,0.003714020427112349,849,0.030319262909792158,2272,0.0811370616384544,324,0.011570602099850011,6234,0.22262695521748446,12893,0.4604313977573031,19172,0.04428332985604006,759,56733,8472,0.14933107715086458,2484,0.04378404103431865,199,0.003507658681895898,1646,0.029013096434174115,4522,0.07970669627906157,663,0.011686320131140605,12681,0.2235207022367934,26066,0.4594504080517512,38867,0.04234955103301001
2022-09-18,15,192,14289,2038,0.14262719574497865,610,0.04269018125831059,46,0.003219259570298831,469,0.03282245083630765,1116,0.07810203653159774,172,0.012037231436769543,3230,0.22604800895793967,6608,0.4624536356637973,9771,0.04799918125063965,374,28031,4136,0.14755092576076487,1174,0.04188220184795405,100,0.0035674788626877387,854,0.030466269487353287,2256,0.08048232314223538,329,0.011737005458242659,6275,0.22385929863365558,12907,0.46045449680710643,19171,0.04454645036774295,760,56835,8456,0.1487815606580452,2478,0.04359989443124835,197,0.003466174012492302,1650,0.02903140670361573,4528,0.0796692179114982,665,0.011700536641154217,12713,0.2236825899533738,26148,0.46006861968857216,38929,0.04238485447866629
2022-09-19,9,191,14228,2029,0.14260612876019116,618,0.04343547933651954,45,0.0031627776215912284,478,0.03359572673601349,1105,0.07766376159685127,164,0.011526567332021367,3257,0.22891481585605847,6532,0.45909474276075346,9702,0.04926819212533498,375,28104,4121,0.14663393111300882,1188,0.042271562766865924,94,0.0033447196128664957,857,0.030493879874750926,2276,0.08098491317961856,323,0.011493025903785937,6331,0.2252704241389126,12914,0.45950754341019073,19174,0.04469594242202983,760,56788,8415,0.14818271465802635,2470,0.04349510459956329,190,0.003345777276889484,1655,0.029143481017116293,4538,0.07991124885539198,657,0.011569345636402056,12766,0.2248010142987955,26097,0.45955131365781504,38827,0.04262497746413578
2022-09-20,16,188,14042,2014,0.14342686227033186,613,0.04365475003560746,51,0.0036319612590799033,466,0.033186155818259504,1106,0.07876370887337986,169,0.012035322603617718,3214,0.22888477424868253,6409,0.45641646489104115,9553,0.04878048780487805,375,28183,4158,0.1475357485008693,1207,0.042827236277188374,100,0.0035482382996842067,864,0.030656778909271546,2276,0.08075790370081255,327,0.011602739239967356,6352,0.22538409679594082,12899,0.45768725827626583,19228,0.04493447056376118,757,56613,8384,0.14809319414268807,2459,0.04343525338703125,197,0.0034797661314539064,1654,0.029215904474237366,4523,0.07989331072368537,662,0.01169342730468267,12729,0.22484235069683642,26005,0.4593467931393849,38699,0.04274012248378511
2022-09-21,15,190,14241,2073,0.1455656203918264,626,0.04395758724808651,52,0.0036514289726845024,459,0.032230882662734356,1118,0.0785057229127168,176,0.012358682676778317,3256,0.22863562952039884,6481,0.45509444561477425,9691,0.047363533175110925,375,28233,4186,0.148266213296497,1205,0.04268055112811249,96,0.0034002762724471363,873,0.030921262352566144,2278,0.08068572238161018,332,0.011759288775546347,6369,0.2255870789501647,12894,0.456699606843056,19254,0.04534122779682144,758,56723,8429,0.14859933360365285,2463,0.04342153976341167,199,0.0035082770657405287,1649,0.029071099906563477,4528,0.07982652539534228,666,0.011741268973784885,12757,0.22489995240026092,26032,0.4589320028912434,38772,0.04253069225214072
2022-09-22,13,188,14020,2046,0.14593437945791726,604,0.043081312410841656,51,0.003637660485021398,441,0.03145506419400856,1084,0.07731811697574893,182,0.012981455064194009,3198,0.22810271041369473,6414,0.4574893009985735,9556,0.0461490163248221,376,28225,4174,0.14788308237378212,1186,0.04201948627103631,96,0.0034012400354295836,872,0.030894596988485384,2269,0.08038972542072631,336,0.011904340124003543,6371,0.22572187776793623,12921,0.4577856510186005,19249,0.04530105460023898,759,56763,8446,0.14879410883850394,2432,0.042844810880326975,198,0.003488187727921357,1650,0.02906823106601131,4523,0.07968218734034495,672,0.011838697743248243,12764,0.2248647886827687,26078,0.4594189877208745,38804,0.042521389547469333
2022-09-23,15,194,14417,2076,0.14399667059721163,620,0.04300478601650829,52,0.0036068530207394047,448,0.031074426024831795,1121,0.07775542762017063,182,0.012623985572587917,3309,0.2295207047235902,6609,0.45841714642436016,9805,0.04569097399286078,380,28463,4165,0.14633032357797843,1202,0.042230263851315744,95,0.0033376664441555704,880,0.030917331272177915,2298,0.08073639461757369,333,0.011699399220040051,6445,0.22643431823771212,13045,0.4583143027790465,19387,0.04539124155361841,762,56982,8468,0.14860833245586325,2440,0.04282053981959215,198,0.0034747815099505108,1657,0.02907935839387877,4555,0.07993752413042715,666,0.011687901442560808,12830,0.22515882208416693,26168,0.4592327401635604,38931,0.04256248234055123
2022-09-24,15,194,14433,2077,0.14390632578119586,623,0.043164969167879166,48,0.0033257119102057782,429,0.029723550197464144,1148,0.07953994318575487,177,0.012263562668883808,3319,0.2299591214577704,6612,0.458116815630846,9789,0.043824701195219126,380,28425,4155,0.14617414248021107,1200,0.04221635883905013,91,0.0032014072119613017,869,0.030571679859278805,2315,0.08144239226033421,323,0.011363236587510993,6451,0.226948109058927,13021,0.4580826737027265,19336,0.04494207695490277,762,56995,8493,0.1490130713220458,2437,0.04275813667865602,193,0.0033862619528028776,1649,0.028932362487937537,4574,0.08025265374155628,667,0.01170278094569699,12819,0.22491446618124397,26163,0.45904026669006054,38935,0.04235263901374085
2022-09-25,15,194,14413,2055,0.1425796156247832,606,0.042045375702490805,47,0.0032609449802261845,436,0.030250468327204606,1153,0.0799972247276764,177,0.012280580031915631,3337,0.2315270935960591,6602,0.4580586970096441,9746,0.04473630207264519,380,28460,4164,0.14631061138439916,1210,0.04251581166549543,96,0.0033731553056921995,885,0.031096275474349965,2328,0.08179901616303584,320,0.011243851018973999,6417,0.22547434996486296,13040,0.45818692902319047,19395,0.04563031709203403,762,57009,8488,0.14888877194828887,2441,0.04281780069813538,195,0.0034205125506498973,1653,0.02899542177550913,4582,0.08037327439527092,660,0.011577119402199652,12803,0.22457857531266992,26187,0.4593485239172762,38964,0.04242377579303973
2022-09-26,4,194,14443,2089,0.14463754067714463,626,0.043342795818043345,45,0.0031156961850031155,412,0.028525929516028527,1142,0.07906944540607908,177,0.012255071661012255,3330,0.23056151769023056,6622,0.4584920030464585,9794,0.04206657137022667,380,28503,4185,0.14682664982633406,1223,0.042907764095007545,95,0.003332982493070905,872,0.03059327088376662,2325,0.08157036101463004,329,0.011542644633898187,6436,0.22580079289899307,13038,0.45742553415429954,19413,0.04491835368052336,762,57085,8520,0.14925111675571517,2453,0.04297100814574757,196,0.0034334763948497852,1656,0.029009371989139002,4594,0.08047648243846894,667,0.011684330384514321,12810,0.22440220723482526,26189,0.45877200665673995,39014,0.04244630132772851
2022-09-27,15,189,14100,2035,0.14432624113475176,616,0.04368794326241135,44,0.003120567375886525,411,0.029148936170212764,1120,0.07943262411347518,172,0.012198581560283688,3240,0.2297872340425532,6462,0.4582978723404255,9568,0.042955685618729096,376,28178,4128,0.14649726737170843,1211,0.04297679040386117,96,0.0034069131946908937,863,0.03062673007310668,2292,0.08134005252324508,329,0.011675775427638584,6369,0.22602739726027396,12890,0.4574490737454752,19188,0.04497602668334376,756,56646,8462,0.14938389294919324,2432,0.04293330508773788,198,0.0034953924372418178,1645,0.029040002824559544,4577,0.0808000564911909,660,0.011651308124139392,12713,0.2244289093669456,25959,0.4582671327189916,38696,0.042510853835021706
2022-09-28,15,187,14011,2058,0.1468845906787524,606,0.04325173078295625,51,0.0036399971451002784,401,0.028620369709513954,1120,0.07993719220612376,177,0.012632931268289202,3239,0.23117550496038827,6359,0.4538576832488759,9475,0.04232189973614776,376,28181,4126,0.14641070224619424,1209,0.042901245520031224,100,0.0035484901174550228,850,0.030162165998367695,2298,0.08154430289911642,331,0.011745502288776126,6388,0.22667754870302687,12879,0.4570100422270324,19164,0.04435399707785431,755,56612,8472,0.1496502508302127,2426,0.04285310534868932,199,0.0035151557973574507,1637,0.02891613085564898,4573,0.08077792694128454,657,0.01160531336112485,12714,0.22458136084222427,25934,0.4581007560234579,38668,0.042334747077686974
2022-09-29,10,187,14029,2053,0.14633972485565613,601,0.04283983177703329,50,0.0035640459049112554,385,0.027443153467816665,1145,0.08161665122246775,170,0.012117756076698268,3253,0.23187682657352626,6372,0.4542020101218904,9461,0.040693372793573615,376,28156,4114,0.14611450490126437,1203,0.04272623952265947,97,0.0034450916323341386,842,0.029904816025003552,2296,0.08154567410143486,331,0.011755931240232987,6430,0.22837050717431454,12843,0.4561372354027561,19099,0.04408607780512069,756,56721,8478,0.14946845083831387,2428,0.04280601540875514,198,0.0034907706140582854,1625,0.02864900125174098,4606,0.08120449216339627,652,0.011494860809929303,12749,0.22476684120519738,25985,0.4581195677086088,38714,0.04197447951645399
2022-09-30,15,189,14211,2104,0.1480543241151221,605,0.042572654985574554,52,0.0036591372880163254,385,0.027091689536274718,1161,0.08169727675744141,171,0.012032932235592146,3293,0.23172190556611075,6440,0.45317007951586796,9586,0.04016273732526601,378,28308,4138,0.14617775893740284,1216,0.04295605482549103,99,0.003497244595167444,848,0.029956196128302953,2303,0.08135509396636993,334,0.011798784795817436,6435,0.22732089868588384,12935,0.4569379680655645,19236,0.044084009149511334,753,56531,8444,0.14936937255665034,2424,0.0428791282659072,200,0.0035378818701243563,1609,0.028462259645150447,4579,0.08099980541649714,652,0.011533494896605403,12728,0.22515080221471406,25895,0.45806725513435104,38572,0.04171419682671368
2022-10-01,16,189,14185,2105,0.14839619316179062,612,0.04314416637292915,51,0.003595347197744096,373,0.026295382446246036,1146,0.08078956644342615,163,0.01149101163200564,3308,0.2332040888262249,6427,0.4530842439196334,9568,0.038984113712374584,378,28263,4121,0.14580900824399393,1220,0.04316597671867813,100,0.003538194813006404,849,0.03003927396242437,2263,0.08006934861833492,325,0.011499133142270813,6457,0.22846123907582352,12928,0.45741782542546794,19218,0.04417733374960974,754,56525,8434,0.14920831490490932,2425,0.04290137107474569,201,0.0035559486952675807,1610,0.02848297213622291,4540,0.08031844316674037,646,0.011428571428571429,12773,0.22597080937638214,25896,0.45813356921716053,38566,0.0417466161904268
2022-10-02,15,188,14072,2111,0.15001421262080727,610,0.04334849346219443,52,0.003695281409891984,377,0.026790790221716886,1154,0.0820068220579875,155,0.011014781125639568,3265,0.23202103467879476,6348,0.4511085844229676,9498,0.03969256685618025,380,28361,4149,0.1462924438489475,1220,0.0430168188709848,98,0.0034554493847184513,846,0.029829695708896018,2270,0.08003949085011107,327,0.011529917844927894,6495,0.22901167095659533,12956,0.4568245125348189,19269,0.04390471742176553,753,56432,8433,0.14943648993478878,2400,0.04252906152537567,202,0.0035795293450524525,1605,0.028441309895094982,4544,0.08052168982137795,642,0.011376523958037992,12778,0.226431811738021,25828,0.4576835837822512,38468,0.04172299053758968
2022-10-03,14,188,14066,2122,0.15086023034267027,604,0.04294042371676383,55,0.003910137921228494,368,0.026162377363856106,1156,0.08218398976254798,156,0.011090573012939002,3231,0.22970282951798662,6374,0.45314943836200766,9523,0.03864328467919773,379,28294,4151,0.1467095497278575,1222,0.04318936877076412,100,0.0035343182300134304,846,0.029900332225913623,2261,0.07991093518060366,320,0.011309818336042977,6488,0.22930656676327135,12906,0.4561391107655333,19225,0.04400520156046814,753,56434,8432,0.14941347414679093,2398,0.042492114682638124,203,0.0035971223021582736,1603,0.028404862317042916,4559,0.08078463337704221,640,0.011340681149661552,12786,0.22656554559308217,25813,0.4574015664315838,38449,0.041691591458815576
2022-10-04,17,193,14358,2146,0.14946371360913777,605,0.042136787853461484,50,0.003482379161443098,369,0.025699958211450064,1177,0.08197520546037053,156,0.010865022983702465,3318,0.23109068115336398,6537,0.45528625156707064,9707,0.038013804471000306,381,28400,4160,0.14647887323943662,1218,0.04288732394366197,101,0.003556338028169014,835,0.029401408450704224,2283,0.08038732394366198,325,0.011443661971830986,6532,0.23,12946,0.4558450704225352,19260,0.04335410176531672,760,56930,8486,0.1490602494291235,2423,0.0425610398735289,205,0.0036009134024240297,1608,0.02824521341998946,4600,0.08080098366414895,646,0.011347268575443527,12917,0.22689267521517653,26045,0.4574916564201651,38767,0.04147857714035133
2022-10-05,16,194,14354,2127,0.1481816915145604,593,0.041312526125121915,47,0.0032743486136268636,373,0.025985787933677024,1177,0.08199804932423017,154,0.010728716734011426,3358,0.23394175839487252,6525,0.4545771213598997,9665,0.03859286083807553,384,28595,4200,0.14687882496940025,1219,0.04262983038992831,99,0.0034621437314215774,832,0.029095995803462144,2295,0.08025878650113656,330,0.01154047910473859,6614,0.23129917817800313,13006,0.4548347613219094,19356,0.04298408762140938,761,56936,8485,0.14902697765912604,2407,0.0422755374455529,202,0.00354784319235633,1605,0.02818954615708866,4608,0.08093297737810876,646,0.011346072783476184,12970,0.22779963467753267,26013,0.4568814107067585,38712,0.04146001239925604
