game_date,standings_asof_date,season,team_id,division_id,wins,losses,winning_pct,games_back,wild_card_games_back,division_rank,wild_card_rank,league_rank,clinched,elimination_number,magic_number
2024-03-21,2024-03-20,2024,110,201,0,0,.000,-,-,1,,2,False,-,
2024-03-21,2024-03-20,2024,111,201,0,0,.000,-,-,2,1,3,False,-,
2024-03-21,2024-03-20,2024,147,201,0,0,.000,-,-,3,8,11,False,-,
2024-03-21,2024-03-20,2024,139,201,0,0,.000,-,-,4,10,13,False,-,
2024-03-21,2024-03-20,2024,141,201,0,0,.000,-,-,5,12,15,False,-,
2024-03-21,2024-03-20,2024,145,202,0,0,.000,-,-,1,,4,False,-,
2024-03-21,2024-03-20,2024,114,202,0,0,.000,-,-,2,2,5,False,-,
2024-03-21,2024-03-20,2024,116,202,0,0,.000,-,-,3,3,6,False,-,
2024-03-21,2024-03-20,2024,118,202,0,0,.000,-,-,4,5,8,False,-,
2024-03-21,2024-03-20,2024,142,202,0,0,.000,-,-,5,7,10,False,-,
2024-03-21,2024-03-20,2024,133,200,0,0,.000,-,-,1,,1,False,-,
2024-03-21,2024-03-20,2024,117,200,0,0,.000,-,-,2,4,7,False,-,
2024-03-21,2024-03-20,2024,108,200,0,0,.000,-,-,3,6,9,False,-,
2024-03-21,2024-03-20,2024,136,200,0,0,.000,-,-,4,9,12,False,-,
2024-03-21,2024-03-20,2024,140,200,0,0,.000,-,-,5,11,14,False,-,
2024-03-21,2024-03-20,2024,144,204,0,0,.000,-,-,1,,3,False,-,
2024-03-21,2024-03-20,2024,146,204,0,0,.000,-,-,2,4,7,False,-,
2024-03-21,2024-03-20,2024,121,204,0,0,.000,-,-,3,6,9,False,-,
2024-03-21,2024-03-20,2024,143,204,0,0,.000,-,-,4,7,10,False,-,
2024-03-21,2024-03-20,2024,120,204,0,0,.000,-,-,5,11,14,False,-,
2024-03-21,2024-03-20,2024,112,205,0,0,.000,-,-,1,,4,False,-,
2024-03-21,2024-03-20,2024,113,205,0,0,.000,-,-,2,2,5,False,-,
2024-03-21,2024-03-20,2024,158,205,0,0,.000,-,-,3,5,8,False,-,
2024-03-21,2024-03-20,2024,134,205,0,0,.000,-,-,4,8,11,False,-,
2024-03-21,2024-03-20,2024,138,205,0,0,.000,-,-,5,10,13,False,-,
2024-03-21,2024-03-20,2024,119,203,1,0,1.000,-,-,1,,1,False,-,162
2024-03-21,2024-03-20,2024,109,203,0,0,.000,0.5,-,2,1,2,False,162,
2024-03-21,2024-03-20,2024,115,203,0,0,.000,0.5,-,3,3,6,False,162,
2024-03-21,2024-03-20,2024,137,203,0,0,.000,0.5,-,4,9,12,False,162,
2024-03-21,2024-03-20,2024,135,203,0,1,.000,1.0,0.5,5,12,15,False,161,
2024-03-28,2024-03-27,2024,110,201,0,0,.000,-,-,1,,2,False,-,
2024-03-28,2024-03-27,2024,111,201,0,0,.000,-,-,2,1,3,False,-,
2024-03-28,2024-03-27,2024,147,201,0,0,.000,-,-,3,8,11,False,-,
2024-03-28,2024-03-27,2024,139,201,0,0,.000,-,-,4,10,13,False,-,
2024-03-28,2024-03-27,2024,141,201,0,0,.000,-,-,5,12,15,False,-,
2024-03-28,2024-03-27,2024,145,202,0,0,.000,-,-,1,,4,False,-,
2024-03-28,2024-03-27,2024,114,202,0,0,.000,-,-,2,2,5,False,-,
2024-03-28,2024-03-27,2024,116,202,0,0,.000,-,-,3,3,6,False,-,
2024-03-28,2024-03-27,2024,118,202,0,0,.000,-,-,4,5,8,False,-,
2024-03-28,2024-03-27,2024,142,202,0,0,.000,-,-,5,7,10,False,-,
2024-03-28,2024-03-27,2024,133,200,0,0,.000,-,-,1,,1,False,-,
2024-03-28,2024-03-27,2024,117,200,0,0,.000,-,-,2,4,7,False,-,
2024-03-28,2024-03-27,2024,108,200,0,0,.000,-,-,3,6,9,False,-,
2024-03-28,2024-03-27,2024,136,200,0,0,.000,-,-,4,9,12,False,-,
2024-03-28,2024-03-27,2024,140,200,0,0,.000,-,-,5,11,14,False,-,
2024-03-28,2024-03-27,2024,144,204,0,0,.000,-,-,1,,4,False,-,
2024-03-28,2024-03-27,2024,146,204,0,0,.000,-,-,2,5,8,False,-,
2024-03-28,2024-03-27,2024,121,204,0,0,.000,-,-,3,7,10,False,-,
2024-03-28,2024-03-27,2024,143,204,0,0,.000,-,-,4,8,11,False,-,
2024-03-28,2024-03-27,2024,120,204,0,0,.000,-,-,5,12,15,False,-,
2024-03-28,2024-03-27,2024,112,205,0,0,.000,-,-,1,,5,False,-,
2024-03-28,2024-03-27,2024,113,205,0,0,.000,-,-,2,3,6,False,-,
2024-03-28,2024-03-27,2024,158,205,0,0,.000,-,-,3,6,9,False,-,
2024-03-28,2024-03-27,2024,134,205,0,0,.000,-,-,4,9,12,False,-,
2024-03-28,2024-03-27,2024,138,205,0,0,.000,-,-,5,11,14,False,-,
2024-03-28,2024-03-27,2024,119,203,1,1,.500,-,-,1,,1,False,-,162
2024-03-28,2024-03-27,2024,135,203,1,1,.500,-,-,2,1,2,False,-,
2024-03-28,2024-03-27,2024,109,203,0,0,.000,-,-,3,2,3,False,162,
2024-03-28,2024-03-27,2024,115,203,0,0,.000,-,-,4,4,7,False,162,
2024-03-28,2024-03-27,2024,137,203,0,0,.000,-,-,5,10,13,False,162,
2024-03-29,2024-03-28,2024,141,201,1,0,1.000,-,-,1,,3,False,-,161
2024-03-29,2024-03-28,2024,110,201,1,0,1.000,-,-,2,2,4,False,-,
2024-03-29,2024-03-28,2024,111,201,1,0,1.000,-,-,3,3,5,False,-,
2024-03-29,2024-03-28,2024,147,201,1,0,1.000,-,-,4,5,7,False,-,
2024-03-29,2024-03-28,2024,139,201,0,1,.000,1.0,1.0,5,8,11,False,161,
2024-03-29,2024-03-28,2024,116,202,1,0,1.000,-,-,1,,1,False,-,161
2024-03-29,2024-03-28,2024,142,202,1,0,1.000,-,-,2,1,2,False,-,
2024-03-29,2024-03-28,2024,114,202,1,0,1.000,-,-,3,4,6,False,-,
2024-03-29,2024-03-28,2024,145,202,0,1,.000,1.0,1.0,4,6,9,False,161,
2024-03-29,2024-03-28,2024,118,202,0,1,.000,1.0,1.0,5,7,10,False,161,
2024-03-29,2024-03-28,2024,140,200,1,0,1.000,-,-,1,,8,False,-,161
2024-03-29,2024-03-28,2024,133,200,0,1,.000,1.0,1.0,2,9,12,False,161,
2024-03-29,2024-03-28,2024,117,200,0,1,.000,1.0,1.0,3,10,13,False,161,
2024-03-29,2024-03-28,2024,108,200,0,1,.000,1.0,1.0,4,11,14,False,161,
2024-03-29,2024-03-28,2024,136,200,0,1,.000,1.0,1.0,5,12,15,False,161,
2024-03-29,2024-03-28,2024,144,204,0,0,.000,-,-,1,,6,False,163,163
2024-03-29,2024-03-28,2024,121,204,0,0,.000,-,0.5,2,5,8,False,163,
2024-03-29,2024-03-28,2024,143,204,0,0,.000,-,0.5,3,6,9,False,163,
2024-03-29,2024-03-28,2024,146,204,0,1,.000,0.5,1.0,4,9,12,False,-,
2024-03-29,2024-03-28,2024,120,204,0,1,.000,0.5,1.0,5,11,14,False,-,
2024-03-29,2024-03-28,2024,113,205,1,0,1.000,-,-,1,,2,False,-,162
2024-03-29,2024-03-28,2024,134,205,1,0,1.000,-,-,2,1,3,False,-,
2024-03-29,2024-03-28,2024,158,205,0,0,.000,0.5,0.5,3,4,7,False,162,
2024-03-29,2024-03-28,2024,138,205,0,1,.000,1.0,1.0,4,10,13,False,161,
2024-03-29,2024-03-28,2024,112,205,0,1,.000,1.0,1.0,5,12,15,False,161,
2024-03-29,2024-03-28,2024,109,203,1,0,1.000,-,-,1,,1,False,-,161
2024-03-29,2024-03-28,2024,135,203,2,1,.667,-,-,2,2,4,False,161,
2024-03-29,2024-03-28,2024,119,203,2,1,.667,-,-,3,3,5,False,161,
2024-03-29,2024-03-28,2024,115,203,0,1,.000,1.0,1.0,4,7,10,False,161,
2024-03-29,2024-03-28,2024,137,203,0,1,.000,1.0,1.0,5,8,11,False,161,
2024-03-30,2024-03-29,2024,147,201,2,0,1.000,-,-,1,,2,False,-,160
2024-03-30,2024-03-29,2024,110,201,1,0,1.000,0.5,-,2,3,5,False,-,
2024-03-30,2024-03-29,2024,139,201,1,1,.500,1.0,0.5,3,4,7,False,160,
2024-03-30,2024-03-29,2024,141,201,1,1,.500,1.0,0.5,4,5,8,False,160,
2024-03-30,2024-03-29,2024,111,201,1,1,.500,1.0,0.5,5,6,9,False,160,
2024-03-30,2024-03-29,2024,114,202,2,0,1.000,-,-,1,,1,False,-,160
2024-03-30,2024-03-29,2024,116,202,1,0,1.000,0.5,-,2,1,3,False,-,
2024-03-30,2024-03-29,2024,142,202,1,0,1.000,0.5,-,3,2,4,False,-,
2024-03-30,2024-03-29,2024,145,202,0,1,.000,1.5,1.0,4,8,11,False,160,
2024-03-30,2024-03-29,2024,118,202,0,1,.000,1.5,1.0,5,9,12,False,160,
2024-03-30,2024-03-29,2024,140,200,1,0,1.000,-,-,1,,6,False,-,161
2024-03-30,2024-03-29,2024,136,200,1,1,.500,0.5,0.5,2,7,10,False,161,
2024-03-30,2024-03-29,2024,108,200,0,1,.000,1.0,1.0,3,10,13,False,161,
2024-03-30,2024-03-29,2024,133,200,0,2,.000,1.5,1.5,4,11,14,False,160,
2024-03-30,2024-03-29,2024,117,200,0,2,.000,1.5,1.5,5,12,15,False,160,
2024-03-30,2024-03-29,2024,144,204,1,0,1.000,-,-,1,,3,False,-,161
2024-03-30,2024-03-29,2024,143,204,0,1,.000,1.0,1.5,2,6,9,False,161,
2024-03-30,2024-03-29,2024,121,204,0,1,.000,1.0,1.5,3,7,10,False,161,
2024-03-30,2024-03-29,2024,120,204,0,1,.000,1.0,1.5,4,8,11,False,161,
2024-03-30,2024-03-29,2024,146,204,0,2,.000,1.5,2.0,5,11,14,False,160,
2024-03-30,2024-03-29,2024,134,205,2,0,1.000,-,-,1,,2,False,-,160
2024-03-30,2024-03-29,2024,113,205,1,0,1.000,0.5,0.5,2,1,4,False,-,
2024-03-30,2024-03-29,2024,158,205,1,0,1.000,0.5,0.5,3,2,5,False,-,
2024-03-30,2024-03-29,2024,112,205,0,1,.000,1.5,1.5,4,9,12,False,160,
2024-03-30,2024-03-29,2024,138,205,0,2,.000,2.0,2.0,5,12,15,False,159,
2024-03-30,2024-03-29,2024,109,203,2,0,1.000,-,-,1,,1,False,-,160
2024-03-30,2024-03-29,2024,119,203,3,1,.750,-,-,2,3,6,False,160,
2024-03-30,2024-03-29,2024,135,203,2,2,.500,1.0,1.0,3,4,7,False,159,
2024-03-30,2024-03-29,2024,137,203,1,1,.500,1.0,1.0,4,5,8,False,160,
2024-03-30,2024-03-29,2024,115,203,0,2,.000,2.0,2.0,5,10,13,False,159,
2024-03-31,2024-03-30,2024,147,201,3,0,1.000,-,-,1,,2,False,-,159
2024-03-31,2024-03-30,2024,110,201,2,0,1.000,0.5,-,2,3,5,False,-,
2024-03-31,2024-03-30,2024,139,201,2,1,.667,1.0,0.5,3,4,7,False,159,
2024-03-31,2024-03-30,2024,141,201,1,2,.333,2.0,1.5,4,6,9,False,158,
2024-03-31,2024-03-30,2024,111,201,1,2,.333,2.0,1.5,5,7,10,False,158,
2024-03-31,2024-03-30,2024,114,202,3,0,1.000,-,-,1,,1,False,-,158
2024-03-31,2024-03-30,2024,116,202,2,0,1.000,0.5,-,2,1,3,False,-,
2024-03-31,2024-03-30,2024,142,202,2,0,1.000,0.5,-,3,2,4,False,-,
2024-03-31,2024-03-30,2024,145,202,0,2,.000,2.5,2.0,4,8,11,False,158,
2024-03-31,2024-03-30,2024,118,202,0,2,.000,2.5,2.0,5,9,12,False,158,
2024-03-31,2024-03-30,2024,140,200,2,0,1.000,-,-,1,,6,False,-,160
2024-03-31,2024-03-30,2024,136,200,2,1,.667,0.5,0.5,2,5,8,False,160,
2024-03-31,2024-03-30,2024,108,200,0,2,.000,2.0,2.0,3,10,13,False,159,
2024-03-31,2024-03-30,2024,133,200,0,3,.000,2.5,2.5,4,11,14,False,158,
2024-03-31,2024-03-30,2024,117,200,0,3,.000,2.5,2.5,5,12,15,False,158,
2024-03-31,2024-03-30,2024,144,204,2,0,1.000,-,-,1,,2,False,-,160
2024-03-31,2024-03-30,2024,120,204,1,1,.500,1.0,0.5,2,5,8,False,160,
2024-03-31,2024-03-30,2024,143,204,0,2,.000,2.0,1.5,3,9,12,False,159,
2024-03-31,2024-03-30,2024,121,204,0,2,.000,2.0,1.5,4,10,13,False,159,
2024-03-31,2024-03-30,2024,146,204,0,3,.000,2.5,2.0,5,12,15,False,158,
2024-03-31,2024-03-30,2024,134,205,3,0,1.000,-,-,1,,1,False,-,159
2024-03-31,2024-03-30,2024,158,205,2,0,1.000,0.5,+0.5,2,1,3,False,-,
2024-03-31,2024-03-30,2024,113,205,1,1,.500,1.5,0.5,3,4,7,False,159,
2024-03-31,2024-03-30,2024,138,205,1,2,.333,2.0,1.0,4,8,11,False,158,
2024-03-31,2024-03-30,2024,112,205,0,2,.000,2.5,1.5,5,11,14,False,158,
2024-03-31,2024-03-30,2024,109,203,2,1,.667,-,-,1,,4,False,-,159
2024-03-31,2024-03-30,2024,137,203,2,1,.667,-,-,2,2,5,False,-,
2024-03-31,2024-03-30,2024,119,203,3,2,.600,-,-,3,3,6,False,159,
2024-03-31,2024-03-30,2024,135,203,2,3,.400,1.0,1.0,4,6,9,False,158,
2024-03-31,2024-03-30,2024,115,203,1,2,.333,1.0,1.0,5,7,10,False,159,
2024-04-01,2024-03-31,2024,147,201,4,0,1.000,-,-,1,,1,False,-,158
2024-04-01,2024-03-31,2024,110,201,2,1,.667,1.5,-,2,3,5,False,158,
2024-04-01,2024-03-31,2024,139,201,2,2,.500,2.0,0.5,3,4,7,False,157,
2024-04-01,2024-03-31,2024,141,201,2,2,.500,2.0,0.5,4,5,8,False,157,
2024-04-01,2024-03-31,2024,111,201,2,2,.500,2.0,0.5,5,6,9,False,157,
2024-04-01,2024-03-31,2024,116,202,3,0,1.000,-,-,1,,2,False,-,159
2024-04-01,2024-03-31,2024,114,202,3,1,.750,0.5,+0.5,2,1,3,False,159,
2024-04-01,2024-03-31,2024,142,202,2,1,.667,1.0,-,3,2,4,False,159,
2024-04-01,2024-03-31,2024,118,202,1,2,.333,2.0,1.0,4,8,11,False,158,
2024-04-01,2024-03-31,2024,145,202,0,3,.000,3.0,2.0,5,11,14,False,157,
2024-04-01,2024-03-31,2024,140,200,2,1,.667,-,-,1,,6,False,-,159
2024-04-01,2024-03-31,2024,136,200,2,2,.500,0.5,0.5,2,7,10,False,159,
2024-04-01,2024-03-31,2024,108,200,1,2,.333,1.0,1.0,3,9,12,False,159,
2024-04-01,2024-03-31,2024,133,200,1,3,.250,1.5,1.5,4,10,13,False,158,
2024-04-01,2024-03-31,2024,117,200,0,4,.000,2.5,2.5,5,12,15,False,157,
2024-04-01,2024-03-31,2024,144,204,2,1,.667,-,-,1,,5,False,-,159
2024-04-01,2024-03-31,2024,143,204,1,2,.333,1.0,1.0,2,6,9,False,159,
2024-04-01,2024-03-31,2024,120,204,1,2,.333,1.0,1.0,3,7,10,False,159,
2024-04-01,2024-03-31,2024,121,204,0,3,.000,2.0,2.0,4,11,14,False,158,
2024-04-01,2024-03-31,2024,146,204,0,4,.000,2.5,2.5,5,12,15,False,157,
2024-04-01,2024-03-31,2024,134,205,4,0,1.000,-,-,1,,1,False,-,158
2024-04-01,2024-03-31,2024,158,205,3,0,1.000,0.5,+1.0,2,1,2,False,-,
2024-04-01,2024-03-31,2024,113,205,2,1,.667,1.5,-,3,3,6,False,158,
2024-04-01,2024-03-31,2024,112,205,1,2,.333,2.5,1.0,4,8,11,False,157,
2024-04-01,2024-03-31,2024,138,205,1,3,.250,3.0,1.5,5,10,13,False,156,
2024-04-01,2024-03-31,2024,109,203,3,1,.750,-,-,1,,3,False,-,158
2024-04-01,2024-03-31,2024,119,203,4,2,.667,-,+0.5,2,2,4,False,158,
2024-04-01,2024-03-31,2024,135,203,3,3,.500,1.0,0.5,3,4,7,False,157,
2024-04-01,2024-03-31,2024,137,203,2,2,.500,1.0,0.5,4,5,8,False,158,
2024-04-01,2024-03-31,2024,115,203,1,3,.250,2.0,1.5,5,9,12,False,157,
2024-04-02,2024-04-01,2024,147,201,5,0,1.000,-,-,1,,1,False,-,157
2024-04-02,2024-04-01,2024,110,201,3,1,.750,1.5,+0.5,2,1,4,False,157,
2024-04-02,2024-04-01,2024,111,201,3,2,.600,2.0,-,3,4,7,False,156,
2024-04-02,2024-04-01,2024,139,201,2,3,.400,3.0,1.0,4,7,10,False,155,
2024-04-02,2024-04-01,2024,141,201,2,3,.400,3.0,1.0,5,8,11,False,155,
2024-04-02,2024-04-01,2024,116,202,4,0,1.000,-,-,1,,2,False,-,158
2024-04-02,2024-04-01,2024,142,202,2,1,.667,1.5,-,2,2,5,False,158,
2024-04-02,2024-04-01,2024,114,202,3,2,.600,1.5,-,3,5,8,False,157,
2024-04-02,2024-04-01,2024,118,202,1,3,.250,3.0,1.5,4,9,12,False,156,
2024-04-02,2024-04-01,2024,145,202,0,4,.000,4.0,2.5,5,12,15,False,155,
2024-04-02,2024-04-01,2024,140,200,3,1,.750,-,-,1,,3,False,-,158
2024-04-02,2024-04-01,2024,136,200,3,2,.600,0.5,-,2,3,6,False,158,
2024-04-02,2024-04-01,2024,108,200,2,2,.500,1.0,0.5,3,6,9,False,158,
2024-04-02,2024-04-01,2024,133,200,1,4,.200,2.5,2.0,4,10,13,False,156,
2024-04-02,2024-04-01,2024,117,200,1,4,.200,2.5,2.0,5,11,14,False,156,
2024-04-02,2024-04-01,2024,144,204,3,1,.750,-,-,1,,3,False,-,157
2024-04-02,2024-04-01,2024,143,204,1,3,.250,2.0,1.5,2,8,11,False,157,
2024-04-02,2024-04-01,2024,120,204,1,3,.250,2.0,1.5,3,9,12,False,157,
2024-04-02,2024-04-01,2024,121,204,0,4,.000,3.0,2.5,4,11,14,False,156,
2024-04-02,2024-04-01,2024,146,204,0,5,.000,3.5,3.0,5,12,15,False,155,
2024-04-02,2024-04-01,2024,134,205,5,0,1.000,-,-,1,,1,False,-,157
2024-04-02,2024-04-01,2024,158,205,3,0,1.000,1.0,+1.0,2,1,2,False,-,
2024-04-02,2024-04-01,2024,113,205,3,1,.750,1.5,+0.5,3,2,4,False,157,
2024-04-02,2024-04-01,2024,112,205,2,2,.500,2.5,0.5,4,4,7,False,156,
2024-04-02,2024-04-01,2024,138,205,2,3,.400,3.0,1.0,5,7,10,False,155,
2024-04-02,2024-04-01,2024,119,203,5,2,.714,-,-,1,,5,False,-,156
2024-04-02,2024-04-01,2024,109,203,3,2,.600,1.0,-,2,3,6,False,156,
2024-04-02,2024-04-01,2024,135,203,3,4,.429,2.0,1.0,3,5,8,False,154,
2024-04-02,2024-04-01,2024,137,203,2,3,.400,2.0,1.0,4,6,9,False,155,
2024-04-02,2024-04-01,2024,115,203,1,4,.200,3.0,2.0,5,10,13,False,154,
2024-04-03,2024-04-02,2024,147,201,5,1,.833,-,-,1,,2,False,-,156
2024-04-03,2024-04-02,2024,111,201,4,2,.667,1.0,+0.5,2,1,3,False,156,
2024-04-03,2024-04-02,2024,110,201,3,2,.600,1.5,-,3,3,5,False,156,
2024-04-03,2024-04-02,2024,139,201,3,3,.500,2.0,0.5,4,5,8,False,155,
2024-04-03,2024-04-02,2024,141,201,3,3,.500,2.0,0.5,5,6,9,False,155,
2024-04-03,2024-04-02,2024,116,202,4,0,1.000,-,-,1,,1,False,-,157
2024-04-03,2024-04-02,2024,114,202,4,2,.667,1.0,+0.5,2,2,4,False,157,
2024-04-03,2024-04-02,2024,142,202,2,2,.500,2.0,0.5,3,7,10,False,157,
2024-04-03,2024-04-02,2024,118,202,2,3,.400,2.5,1.0,4,9,12,False,156,
2024-04-03,2024-04-02,2024,145,202,1,4,.200,3.5,2.0,5,10,13,False,155,
2024-04-03,2024-04-02,2024,140,200,3,2,.600,-,-,1,,7,False,-,157
2024-04-03,2024-04-02,2024,108,200,3,2,.600,-,-,2,4,6,False,-,
2024-04-03,2024-04-02,2024,136,200,3,3,.500,0.5,0.5,3,8,11,False,157,
2024-04-03,2024-04-02,2024,133,200,1,5,.167,2.5,2.5,4,11,14,False,155,
2024-04-03,2024-04-02,2024,117,200,1,5,.167,2.5,2.5,5,12,15,False,155,
2024-04-03,2024-04-02,2024,144,204,3,2,.600,-,-,1,,5,False,-,157
2024-04-03,2024-04-02,2024,143,204,2,3,.400,1.0,1.0,2,6,9,False,157,
2024-04-03,2024-04-02,2024,120,204,1,3,.250,1.5,1.5,3,9,12,False,157,
2024-04-03,2024-04-02,2024,121,204,0,4,.000,2.5,2.5,4,11,14,False,156,
2024-04-03,2024-04-02,2024,146,204,0,6,.000,3.5,3.5,5,12,15,False,154,
2024-04-03,2024-04-02,2024,134,205,5,0,1.000,-,-,1,,1,False,-,156
2024-04-03,2024-04-02,2024,158,205,4,0,1.000,0.5,+1.5,2,1,2,False,-,
2024-04-03,2024-04-02,2024,112,205,3,2,.600,2.0,-,3,3,6,False,156,
2024-04-03,2024-04-02,2024,113,205,3,2,.600,2.0,-,4,4,7,False,156,
2024-04-03,2024-04-02,2024,138,205,3,3,.500,2.5,0.5,5,5,8,False,155,
2024-04-03,2024-04-02,2024,119,203,6,2,.750,-,-,1,,3,False,-,155
2024-04-03,2024-04-02,2024,109,203,4,2,.667,1.0,+0.5,2,2,4,False,155,
2024-04-03,2024-04-02,2024,135,203,3,5,.375,3.0,1.5,3,7,10,False,152,
2024-04-03,2024-04-02,2024,137,203,2,4,.333,3.0,1.5,4,8,11,False,153,
2024-04-03,2024-04-02,2024,115,203,1,5,.167,4.0,2.5,5,10,13,False,152,
2024-04-04,2024-04-03,2024,147,201,6,1,.857,-,-,1,,2,False,-,155
2024-04-04,2024-04-03,2024,111,201,5,2,.714,1.0,+0.5,2,1,3,False,155,
2024-04-04,2024-04-03,2024,110,201,4,2,.667,1.5,-,3,3,5,False,155,
2024-04-04,2024-04-03,2024,139,201,3,4,.429,3.0,1.5,4,6,9,False,153,
2024-04-04,2024-04-03,2024,141,201,3,4,.429,3.0,1.5,5,7,10,False,153,
2024-04-04,2024-04-03,2024,116,202,4,0,1.000,-,-,1,,1,False,-,157
2024-04-04,2024-04-03,2024,114,202,5,2,.714,0.5,+0.5,2,2,4,False,157,
2024-04-04,2024-04-03,2024,142,202,3,2,.600,1.5,0.5,3,5,8,False,157,
2024-04-04,2024-04-03,2024,118,202,2,4,.333,3.0,2.0,4,9,12,False,155,
2024-04-04,2024-04-03,2024,145,202,1,4,.200,3.5,2.5,5,11,14,False,155,
2024-04-04,2024-04-03,2024,140,200,4,2,.667,-,-,1,,7,False,-,155
2024-04-04,2024-04-03,2024,108,200,4,2,.667,-,-,2,4,6,False,-,
2024-04-04,2024-04-03,2024,136,200,3,4,.429,1.5,1.5,3,8,11,False,155,
2024-04-04,2024-04-03,2024,117,200,2,5,.286,2.5,2.5,4,10,13,False,154,
2024-04-04,2024-04-03,2024,133,200,1,6,.143,3.5,3.5,5,12,15,False,153,
2024-04-04,2024-04-03,2024,144,204,3,2,.600,-,-,1,,6,False,-,157
2024-04-04,2024-04-03,2024,120,204,2,3,.400,1.0,1.5,2,7,10,False,157,
2024-04-04,2024-04-03,2024,143,204,2,4,.333,1.5,2.0,3,8,11,False,156,
2024-04-04,2024-04-03,2024,121,204,0,4,.000,2.5,3.0,4,11,14,False,156,
2024-04-04,2024-04-03,2024,146,204,0,7,.000,4.0,4.5,5,12,15,False,153,
2024-04-04,2024-04-03,2024,134,205,5,1,.833,-,-,1,,1,False,-,157
2024-04-04,2024-04-03,2024,158,205,4,1,.800,0.5,+0.5,2,1,2,False,157,
2024-04-04,2024-04-03,2024,112,205,4,2,.667,1.0,-,3,2,4,False,156,
2024-04-04,2024-04-03,2024,113,205,4,2,.667,1.0,-,4,3,5,False,156,
2024-04-04,2024-04-03,2024,138,205,3,4,.429,2.5,1.5,5,6,9,False,154,
2024-04-04,2024-04-03,2024,119,203,7,2,.778,-,-,1,,3,False,-,153
2024-04-04,2024-04-03,2024,109,203,4,3,.571,2.0,0.5,2,4,7,False,153,
2024-04-04,2024-04-03,2024,135,203,4,5,.444,3.0,1.5,3,5,8,False,151,
2024-04-04,2024-04-03,2024,137,203,2,5,.286,4.0,2.5,4,9,12,False,151,
2024-04-04,2024-04-03,2024,115,203,1,6,.143,5.0,3.5,5,10,13,False,150,
2024-04-05,2024-04-04,2024,147,201,6,1,.857,-,-,1,,1,False,-,155
2024-04-05,2024-04-04,2024,111,201,5,2,.714,1.0,+0.5,2,2,4,False,155,
2024-04-05,2024-04-04,2024,110,201,4,2,.667,1.5,-,3,3,5,False,155,
2024-04-05,2024-04-04,2024,139,201,3,4,.429,3.0,1.5,4,6,9,False,153,
2024-04-05,2024-04-04,2024,141,201,3,4,.429,3.0,1.5,5,7,10,False,153,
2024-04-05,2024-04-04,2024,116,202,5,1,.833,-,-,1,,2,False,-,156
2024-04-05,2024-04-04,2024,114,202,6,2,.750,-,+1.0,2,1,3,False,156,
2024-04-05,2024-04-04,2024,142,202,3,3,.500,2.0,1.0,3,5,8,False,155,
2024-04-05,2024-04-04,2024,118,202,3,4,.429,2.5,1.5,4,8,11,False,154,
2024-04-05,2024-04-04,2024,145,202,1,5,.167,4.0,3.0,5,11,14,False,153,
2024-04-05,2024-04-04,2024,140,200,4,2,.667,-,-,1,,7,False,-,155
2024-04-05,2024-04-04,2024,108,200,4,2,.667,-,-,2,4,6,False,-,
2024-04-05,2024-04-04,2024,136,200,3,4,.429,1.5,1.5,3,9,12,False,155,
2024-04-05,2024-04-04,2024,117,200,2,5,.286,2.5,2.5,4,10,13,False,154,
2024-04-05,2024-04-04,2024,133,200,1,6,.143,3.5,3.5,5,12,15,False,153,
2024-04-05,2024-04-04,2024,144,204,3,2,.600,-,-,1,,6,False,-,156
2024-04-05,2024-04-04,2024,143,204,2,4,.333,1.5,2.0,2,7,10,False,156,
2024-04-05,2024-04-04,2024,120,204,2,4,.333,1.5,2.0,3,8,11,False,156,
2024-04-05,2024-04-04,2024,121,204,1,5,.167,2.5,3.0,4,10,13,False,155,
2024-04-05,2024-04-04,2024,146,204,0,8,.000,4.5,5.0,5,12,15,False,152,
2024-04-05,2024-04-04,2024,134,205,6,1,.857,-,-,1,,1,False,-,156
2024-04-05,2024-04-04,2024,158,205,4,1,.800,1.0,+0.5,2,1,2,False,156,
2024-04-05,2024-04-04,2024,112,205,4,2,.667,1.5,-,3,2,4,False,155,
2024-04-05,2024-04-04,2024,113,205,4,2,.667,1.5,-,4,3,5,False,155,
2024-04-05,2024-04-04,2024,138,205,4,4,.500,2.5,1.0,5,5,8,False,153,
2024-04-05,2024-04-04,2024,119,203,7,2,.778,-,-,1,,3,False,-,153
2024-04-05,2024-04-04,2024,109,203,4,3,.571,2.0,0.5,2,4,7,False,153,
2024-04-05,2024-04-04,2024,135,203,4,5,.444,3.0,1.5,3,6,9,False,151,
2024-04-05,2024-04-04,2024,137,203,2,5,.286,4.0,2.5,4,9,12,False,151,
2024-04-05,2024-04-04,2024,115,203,1,6,.143,5.0,3.5,5,11,14,False,150,
2024-04-06,2024-04-05,2024,147,201,6,2,.750,-,-,1,,3,False,-,155
2024-04-06,2024-04-05,2024,111,201,6,2,.750,-,+0.5,2,2,4,False,-,
2024-04-06,2024-04-05,2024,110,201,5,2,.714,0.5,-,3,3,6,False,155,
2024-04-06,2024-04-05,2024,141,201,4,4,.500,2.0,1.5,4,7,10,False,153,
2024-04-06,2024-04-05,2024,139,201,3,5,.375,3.0,2.5,5,8,11,False,152,
2024-04-06,2024-04-05,2024,116,202,6,1,.857,-,-,1,,1,False,-,155
2024-04-06,2024-04-05,2024,114,202,6,2,.750,0.5,+0.5,2,1,2,False,155,
2024-04-06,2024-04-05,2024,142,202,3,3,.500,2.5,1.5,3,5,8,False,154,
2024-04-06,2024-04-05,2024,118,202,4,4,.500,2.5,1.5,4,6,9,False,153,
2024-04-06,2024-04-05,2024,145,202,1,6,.143,5.0,4.0,5,11,14,False,151,
2024-04-06,2024-04-05,2024,140,200,5,2,.714,-,-,1,,5,False,-,155
2024-04-06,2024-04-05,2024,108,200,4,3,.571,1.0,1.0,2,4,7,False,155,
2024-04-06,2024-04-05,2024,136,200,3,5,.375,2.5,2.5,3,9,12,False,153,
2024-04-06,2024-04-05,2024,117,200,2,6,.250,3.5,3.5,4,10,13,False,152,
2024-04-06,2024-04-05,2024,133,200,1,7,.125,4.5,4.5,5,12,15,False,151,
2024-04-06,2024-04-05,2024,144,204,4,2,.667,-,-,1,,5,False,-,155
2024-04-06,2024-04-05,2024,143,204,3,4,.429,1.5,1.0,2,6,9,False,155,
2024-04-06,2024-04-05,2024,120,204,2,5,.286,2.5,2.0,3,9,12,False,154,
2024-04-06,2024-04-05,2024,121,204,2,5,.286,2.5,2.0,4,10,13,False,154,
2024-04-06,2024-04-05,2024,146,204,0,8,.000,5.0,4.5,5,12,15,False,151,
2024-04-06,2024-04-05,2024,158,205,5,1,.833,-,-,1,,1,False,-,156
2024-04-06,2024-04-05,2024,134,205,6,2,.750,-,+1.5,2,1,2,False,156,
2024-04-06,2024-04-05,2024,112,205,5,2,.714,0.5,+1.0,3,2,3,False,156,
2024-04-06,2024-04-05,2024,113,205,4,3,.571,1.5,-,4,3,6,False,155,
2024-04-06,2024-04-05,2024,138,205,4,4,.500,2.0,0.5,5,5,8,False,154,
2024-04-06,2024-04-05,2024,119,203,7,3,.700,-,-,1,,4,False,-,152
2024-04-06,2024-04-05,2024,109,203,4,4,.500,2.0,0.5,2,4,7,False,152,
2024-04-06,2024-04-05,2024,135,203,4,6,.400,3.0,1.5,3,7,10,False,150,
2024-04-06,2024-04-05,2024,137,203,3,5,.375,3.0,1.5,4,8,11,False,151,
2024-04-06,2024-04-05,2024,115,203,2,6,.250,4.0,2.5,5,11,14,False,150,
2024-04-07,2024-04-06,2024,147,201,7,2,.778,-,-,1,,2,False,-,153
2024-04-07,2024-04-06,2024,111,201,6,3,.667,1.0,+0.5,2,2,5,False,153,
2024-04-07,2024-04-06,2024,110,201,5,3,.625,1.5,-,3,3,6,False,153,
2024-04-07,2024-04-06,2024,141,201,4,5,.444,3.0,1.5,4,6,9,False,151,
2024-04-07,2024-04-06,2024,139,201,4,5,.444,3.0,1.5,5,7,10,False,151,
2024-04-07,2024-04-06,2024,114,202,7,2,.778,-,-,1,,1,False,-,154
2024-04-07,2024-04-06,2024,116,202,6,2,.750,0.5,+1.0,2,1,3,False,154,
2024-04-07,2024-04-06,2024,118,202,5,4,.556,2.0,0.5,3,5,8,False,152,
2024-04-07,2024-04-06,2024,142,202,3,4,.429,3.0,1.5,4,9,12,False,152,
2024-04-07,2024-04-06,2024,145,202,1,7,.125,5.5,4.0,5,12,15,False,149,
2024-04-07,2024-04-06,2024,140,200,6,2,.750,-,-,1,,4,False,-,154
2024-04-07,2024-04-06,2024,108,200,5,3,.625,1.0,-,2,4,7,False,154,
2024-04-07,2024-04-06,2024,136,200,4,5,.444,2.5,1.5,3,8,11,False,152,
2024-04-07,2024-04-06,2024,117,200,2,7,.222,4.5,3.5,4,10,13,False,150,
2024-04-07,2024-04-06,2024,133,200,2,7,.222,4.5,3.5,5,11,14,False,150,
2024-04-07,2024-04-06,2024,144,204,5,2,.714,-,-,1,,3,False,-,154
2024-04-07,2024-04-06,2024,143,204,4,4,.500,1.5,1.0,2,5,8,False,154,
2024-04-07,2024-04-06,2024,120,204,2,6,.250,3.5,3.0,3,9,12,False,152,
2024-04-07,2024-04-06,2024,121,204,2,6,.250,3.5,3.0,4,10,13,False,152,
2024-04-07,2024-04-06,2024,146,204,0,9,.000,6.0,5.5,5,12,15,False,149,
2024-04-07,2024-04-06,2024,134,205,7,2,.778,-,-,1,,1,False,-,154
2024-04-07,2024-04-06,2024,158,205,5,2,.714,1.0,+0.5,2,1,4,False,154,
2024-04-07,2024-04-06,2024,112,205,5,3,.625,1.5,-,3,2,5,False,153,
2024-04-07,2024-04-06,2024,113,205,5,3,.625,1.5,-,4,3,6,False,153,
2024-04-07,2024-04-06,2024,138,205,5,4,.556,2.0,0.5,5,4,7,False,152,
2024-04-07,2024-04-06,2024,119,203,8,3,.727,-,-,1,,2,False,-,149
2024-04-07,2024-04-06,2024,135,203,5,6,.455,3.0,1.5,2,6,9,False,149,
2024-04-07,2024-04-06,2024,109,203,4,5,.444,3.0,1.5,3,7,10,False,150,
2024-04-07,2024-04-06,2024,137,203,3,6,.333,4.0,2.5,4,8,11,False,149,
2024-04-07,2024-04-06,2024,115,203,2,7,.222,5.0,3.5,5,11,14,False,148,
2024-04-08,2024-04-07,2024,147,201,8,2,.800,-,-,1,,1,False,-,152
2024-04-08,2024-04-07,2024,111,201,7,3,.700,1.0,+1.0,2,1,3,False,152,
2024-04-08,2024-04-07,2024,110,201,5,4,.556,2.5,0.5,3,4,7,False,151,
2024-04-08,2024-04-07,2024,139,201,5,5,.500,3.0,1.0,4,6,9,False,150,
2024-04-08,2024-04-07,2024,141,201,4,6,.400,4.0,2.0,5,8,11,False,149,
2024-04-08,2024-04-07,2024,114,202,7,2,.778,-,-,1,,2,False,-,153
2024-04-08,2024-04-07,2024,116,202,6,3,.667,1.0,+0.5,2,2,4,False,153,
2024-04-08,2024-04-07,2024,118,202,6,4,.600,1.5,-,3,3,6,False,152,
2024-04-08,2024-04-07,2024,142,202,3,4,.429,3.0,1.5,4,7,10,False,152,
2024-04-08,2024-04-07,2024,145,202,1,8,.111,6.0,4.5,5,12,15,False,148,
2024-04-08,2024-04-07,2024,140,200,6,3,.667,-,-,1,,5,False,-,153
2024-04-08,2024-04-07,2024,108,200,5,4,.556,1.0,0.5,2,5,8,False,153,
2024-04-08,2024-04-07,2024,136,200,4,6,.400,2.5,2.0,3,9,12,False,151,
2024-04-08,2024-04-07,2024,117,200,3,7,.300,3.5,3.0,4,10,13,False,150,
2024-04-08,2024-04-07,2024,133,200,3,7,.300,3.5,3.0,5,11,14,False,150,
2024-04-08,2024-04-07,2024,144,204,6,2,.750,-,-,1,,2,False,-,152
2024-04-08,2024-04-07,2024,143,204,4,5,.444,2.5,1.0,2,5,8,False,152,
2024-04-08,2024-04-07,2024,120,204,3,6,.333,3.5,2.0,3,9,12,False,151,
2024-04-08,2024-04-07,2024,121,204,3,6,.333,3.5,2.0,4,10,13,False,151,
2024-04-08,2024-04-07,2024,146,204,1,9,.100,6.0,4.5,5,12,15,False,148,
2024-04-08,2024-04-07,2024,134,205,8,2,.800,-,-,1,,1,False,-,153
2024-04-08,2024-04-07,2024,158,205,6,2,.750,1.0,+1.5,2,1,3,False,153,
2024-04-08,2024-04-07,2024,112,205,6,3,.667,1.5,+1.0,3,2,5,False,152,
2024-04-08,2024-04-07,2024,113,205,5,4,.556,2.5,-,4,3,6,False,151,
2024-04-08,2024-04-07,2024,138,205,5,5,.500,3.0,0.5,5,4,7,False,150,
2024-04-08,2024-04-07,2024,119,203,8,4,.667,-,-,1,,4,False,-,148
2024-04-08,2024-04-07,2024,135,203,5,7,.417,3.0,1.5,2,6,9,False,148,
2024-04-08,2024-04-07,2024,109,203,4,6,.400,3.0,1.5,3,7,10,False,149,
2024-04-08,2024-04-07,2024,137,203,4,6,.400,3.0,1.5,4,8,11,False,149,
2024-04-08,2024-04-07,2024,115,203,2,8,.200,5.0,3.5,5,11,14,False,147,
2024-04-09,2024-04-08,2024,147,201,9,2,.818,-,-,1,,1,False,-,151
2024-04-09,2024-04-08,2024,111,201,7,3,.700,1.5,+1.0,2,1,3,False,151,
2024-04-09,2024-04-08,2024,110,201,5,4,.556,3.0,0.5,3,5,8,False,150,
2024-04-09,2024-04-08,2024,139,201,5,6,.455,4.0,1.5,4,6,9,False,148,
2024-04-09,2024-04-08,2024,141,201,5,6,.455,4.0,1.5,5,7,10,False,148,
2024-04-09,2024-04-08,2024,114,202,8,2,.800,-,-,1,,2,False,-,151
2024-04-09,2024-04-08,2024,116,202,6,4,.600,2.0,-,2,2,4,False,151,
2024-04-09,2024-04-08,2024,118,202,6,4,.600,2.0,-,3,3,5,False,151,
2024-04-09,2024-04-08,2024,142,202,3,5,.375,4.0,2.0,4,8,11,False,150,
2024-04-09,2024-04-08,2024,145,202,1,9,.100,7.0,5.0,5,12,15,False,146,
2024-04-09,2024-04-08,2024,140,200,6,4,.600,-,-,1,,6,False,-,150
2024-04-09,2024-04-08,2024,108,200,6,4,.600,-,-,2,4,7,False,-,
2024-04-09,2024-04-08,2024,117,200,4,7,.364,2.5,2.5,3,9,12,False,150,
2024-04-09,2024-04-08,2024,136,200,4,7,.364,2.5,2.5,4,10,13,False,150,
2024-04-09,2024-04-08,2024,133,200,3,7,.300,3.0,3.0,5,11,14,False,150,
2024-04-09,2024-04-08,2024,144,204,6,3,.667,-,-,1,,3,False,-,152
2024-04-09,2024-04-08,2024,143,204,5,5,.500,1.5,1.0,2,4,7,False,152,
2024-04-09,2024-04-08,2024,121,204,4,6,.400,2.5,2.0,3,7,10,False,151,
2024-04-09,2024-04-08,2024,120,204,4,6,.400,2.5,2.0,4,8,11,False,151,
2024-04-09,2024-04-08,2024,146,204,1,10,.091,6.0,5.5,5,12,15,False,147,
2024-04-09,2024-04-08,2024,134,205,9,2,.818,-,-,1,,1,False,-,151
2024-04-09,2024-04-08,2024,158,205,6,3,.667,2.0,+0.5,2,1,4,False,151,
2024-04-09,2024-04-08,2024,113,205,6,4,.600,2.5,-,3,2,5,False,150,
2024-04-09,2024-04-08,2024,112,205,6,4,.600,2.5,-,4,3,6,False,150,
2024-04-09,2024-04-08,2024,138,205,5,6,.455,4.0,1.5,5,6,9,False,148,
2024-04-09,2024-04-08,2024,119,203,9,4,.692,-,-,1,,2,False,-,147
2024-04-09,2024-04-08,2024,135,203,6,7,.462,3.0,1.5,2,5,8,False,147,
2024-04-09,2024-04-08,2024,109,203,4,7,.364,4.0,2.5,3,9,12,False,147,
2024-04-09,2024-04-08,2024,137,203,4,7,.364,4.0,2.5,4,10,13,False,147,
2024-04-09,2024-04-08,2024,115,203,3,8,.273,5.0,3.5,5,11,14,False,146,
2024-04-10,2024-04-09,2024,147,201,10,2,.833,-,-,1,,1,False,-,149
2024-04-10,2024-04-09,2024,111,201,7,4,.636,2.5,-,2,3,5,False,149,
2024-04-10,2024-04-09,2024,110,201,6,4,.600,3.0,0.5,3,4,6,False,149,
2024-04-10,2024-04-09,2024,139,201,6,6,.500,4.0,1.5,4,6,9,False,147,
2024-04-10,2024-04-09,2024,141,201,6,6,.500,4.0,1.5,5,7,10,False,147,
2024-04-10,2024-04-09,2024,114,202,8,3,.727,-,-,1,,2,False,-,151
2024-04-10,2024-04-09,2024,116,202,7,4,.636,1.0,-,2,1,3,False,151,
2024-04-10,2024-04-09,2024,118,202,7,4,.636,1.0,-,3,2,4,False,151,
2024-04-10,2024-04-09,2024,142,202,3,6,.333,4.0,3.0,4,9,12,False,149,
2024-04-10,2024-04-09,2024,145,202,2,9,.182,6.0,5.0,5,12,15,False,146,
2024-04-10,2024-04-09,2024,140,200,6,5,.545,-,-,1,,7,False,-,150
2024-04-10,2024-04-09,2024,108,200,6,5,.545,-,1.0,2,5,8,False,-,
2024-04-10,2024-04-09,2024,133,200,4,7,.364,2.0,3.0,3,8,11,False,150,
2024-04-10,2024-04-09,2024,117,200,4,8,.333,2.5,3.5,4,10,13,False,149,
2024-04-10,2024-04-09,2024,136,200,4,8,.333,2.5,3.5,5,11,14,False,149,
2024-04-10,2024-04-09,2024,144,204,7,3,.700,-,-,1,,3,False,-,150
2024-04-10,2024-04-09,2024,143,204,5,6,.455,2.5,1.0,2,5,8,False,150,
2024-04-10,2024-04-09,2024,120,204,5,6,.455,2.5,1.0,3,6,9,False,150,
2024-04-10,2024-04-09,2024,121,204,4,7,.364,3.5,2.0,4,9,12,False,149,
2024-04-10,2024-04-09,2024,146,204,1,11,.083,7.0,5.5,5,12,15,False,145,
2024-04-10,2024-04-09,2024,134,205,9,3,.750,-,-,1,,1,False,-,151
2024-04-10,2024-04-09,2024,158,205,7,3,.700,1.0,+1.5,2,1,4,False,151,
2024-04-10,2024-04-09,2024,112,205,7,4,.636,1.5,+1.0,3,2,5,False,150,
2024-04-10,2024-04-09,2024,113,205,6,5,.545,2.5,-,4,3,6,False,149,
2024-04-10,2024-04-09,2024,138,205,6,6,.500,3.0,0.5,5,4,7,False,148,
2024-04-10,2024-04-09,2024,119,203,10,4,.714,-,-,1,,2,False,-,145
2024-04-10,2024-04-09,2024,135,203,6,8,.429,4.0,1.5,2,7,10,False,145,
2024-04-10,2024-04-09,2024,109,203,5,7,.417,4.0,1.5,3,8,11,False,146,
2024-04-10,2024-04-09,2024,137,203,4,8,.333,5.0,2.5,4,10,13,False,145,
2024-04-10,2024-04-09,2024,115,203,3,9,.250,6.0,3.5,5,11,14,False,144,
2024-04-11,2024-04-10,2024,147,201,10,3,.769,-,-,1,,1,False,-,149
2024-04-11,2024-04-10,2024,110,201,7,4,.636,2.0,-,2,3,5,False,149,
2024-04-11,2024-04-10,2024,111,201,7,5,.583,2.5,0.5,3,4,7,False,148,
2024-04-11,2024-04-10,2024,139,201,7,6,.538,3.0,1.0,4,5,8,False,147,
2024-04-11,2024-04-10,2024,141,201,6,7,.462,4.0,2.0,5,7,10,False,146,
2024-04-11,2024-04-10,2024,114,202,9,3,.750,-,-,1,,2,False,-,150
2024-04-11,2024-04-10,2024,118,202,8,4,.667,1.0,+0.5,2,1,3,False,150,
2024-04-11,2024-04-10,2024,116,202,7,4,.636,1.5,-,3,2,4,False,150,
2024-04-11,2024-04-10,2024,142,202,4,6,.400,4.0,2.5,4,8,11,False,148,
2024-04-11,2024-04-10,2024,145,202,2,10,.167,7.0,5.5,5,12,15,False,144,
2024-04-11,2024-04-10,2024,140,200,7,5,.583,-,-,1,,6,False,-,150
2024-04-11,2024-04-10,2024,108,200,6,6,.500,1.0,1.5,2,6,9,False,150,
2024-04-11,2024-04-10,2024,136,200,5,8,.385,2.5,3.0,3,9,12,False,148,
2024-04-11,2024-04-10,2024,133,200,4,8,.333,3.0,3.5,4,10,13,False,148,
2024-04-11,2024-04-10,2024,117,200,4,9,.308,3.5,4.0,5,11,14,False,147,
2024-04-11,2024-04-10,2024,144,204,7,3,.700,-,-,1,,3,False,-,150
2024-04-11,2024-04-10,2024,143,204,6,6,.500,2.0,-,2,4,7,False,150,
2024-04-11,2024-04-10,2024,120,204,5,7,.417,3.0,1.0,3,8,11,False,149,
2024-04-11,2024-04-10,2024,121,204,4,7,.364,3.5,1.5,4,10,13,False,149,
2024-04-11,2024-04-10,2024,146,204,2,11,.154,6.5,4.5,5,12,15,False,145,
2024-04-11,2024-04-10,2024,134,205,9,3,.750,-,-,1,,1,False,-,151
2024-04-11,2024-04-10,2024,158,205,8,3,.727,0.5,+2.5,2,1,2,False,151,
2024-04-11,2024-04-10,2024,112,205,7,5,.583,2.0,+1.0,3,2,5,False,149,
2024-04-11,2024-04-10,2024,113,205,6,6,.500,3.0,-,4,3,6,False,148,
2024-04-11,2024-04-10,2024,138,205,6,7,.462,3.5,0.5,5,7,10,False,147,
2024-04-11,2024-04-10,2024,119,203,10,5,.667,-,-,1,,4,False,-,145
2024-04-11,2024-04-10,2024,135,203,7,8,.467,3.0,0.5,2,5,8,False,145,
2024-04-11,2024-04-10,2024,109,203,6,7,.462,3.0,0.5,3,6,9,False,146,
2024-04-11,2024-04-10,2024,137,203,5,8,.385,4.0,1.5,4,9,12,False,145,
2024-04-11,2024-04-10,2024,115,203,3,10,.231,6.0,3.5,5,11,14,False,143,
2024-04-12,2024-04-11,2024,147,201,10,3,.769,-,-,1,,1,False,-,149
2024-04-12,2024-04-11,2024,110,201,8,4,.667,1.5,+0.5,2,2,4,False,149,
2024-04-12,2024-04-11,2024,139,201,7,6,.538,3.0,1.0,3,4,7,False,147,
2024-04-12,2024-04-11,2024,111,201,7,6,.538,3.0,1.0,4,5,8,False,147,
2024-04-12,2024-04-11,2024,141,201,6,7,.462,4.0,2.0,5,7,10,False,146,
2024-04-12,2024-04-11,2024,114,202,9,3,.750,-,-,1,,2,False,-,150
2024-04-12,2024-04-11,2024,118,202,9,4,.692,0.5,+1.0,2,1,3,False,150,
2024-04-12,2024-04-11,2024,116,202,7,4,.636,1.5,-,3,3,5,False,150,
2024-04-12,2024-04-11,2024,142,202,4,6,.400,4.0,2.5,4,8,11,False,148,
2024-04-12,2024-04-11,2024,145,202,2,10,.167,7.0,5.5,5,12,15,False,144,
2024-04-12,2024-04-11,2024,140,200,7,6,.538,-,-,1,,6,False,-,150
2024-04-12,2024-04-11,2024,108,200,6,6,.500,0.5,1.5,2,6,9,False,150,
2024-04-12,2024-04-11,2024,133,200,5,8,.385,2.0,3.0,3,9,12,False,148,
2024-04-12,2024-04-11,2024,136,200,5,8,.385,2.0,3.0,4,10,13,False,148,
2024-04-12,2024-04-11,2024,117,200,4,10,.286,3.5,4.5,5,11,14,False,146,
2024-04-12,2024-04-11,2024,144,204,7,4,.636,-,-,1,,4,False,-,150
2024-04-12,2024-04-11,2024,143,204,7,6,.538,1.0,-,2,3,6,False,150,
2024-04-12,2024-04-11,2024,121,204,5,7,.417,2.5,1.5,3,8,11,False,149,
2024-04-12,2024-04-11,2024,120,204,5,7,.417,2.5,1.5,4,9,12,False,149,
2024-04-12,2024-04-11,2024,146,204,2,11,.154,6.0,5.0,5,12,15,False,145,
2024-04-12,2024-04-11,2024,158,205,8,3,.727,-,-,1,,1,False,-,151
2024-04-12,2024-04-11,2024,134,205,9,4,.692,-,+2.0,2,1,2,False,151,
2024-04-12,2024-04-11,2024,112,205,7,5,.583,1.5,+0.5,3,2,5,False,150,
2024-04-12,2024-04-11,2024,113,205,6,6,.500,2.5,0.5,4,4,7,False,149,
2024-04-12,2024-04-11,2024,138,205,6,7,.462,3.0,1.0,5,7,10,False,148,
2024-04-12,2024-04-11,2024,119,203,10,5,.667,-,-,1,,3,False,-,145
2024-04-12,2024-04-11,2024,135,203,7,8,.467,3.0,1.0,2,5,8,False,145,
2024-04-12,2024-04-11,2024,109,203,6,7,.462,3.0,1.0,3,6,9,False,146,
2024-04-12,2024-04-11,2024,137,203,5,8,.385,4.0,2.0,4,10,13,False,145,
2024-04-12,2024-04-11,2024,115,203,3,10,.231,6.0,4.0,5,11,14,False,143,
2024-04-13,2024-04-12,2024,147,201,10,3,.769,-,-,1,,1,False,-,148
2024-04-13,2024-04-12,2024,110,201,8,5,.615,2.0,-,2,3,5,False,148,
2024-04-13,2024-04-12,2024,139,201,8,6,.571,2.5,0.5,3,4,7,False,147,
2024-04-13,2024-04-12,2024,111,201,7,7,.500,3.5,1.5,4,6,9,False,146,
2024-04-13,2024-04-12,2024,141,201,6,8,.429,4.5,2.5,5,7,10,False,145,
2024-04-13,2024-04-12,2024,114,202,9,3,.750,-,-,1,,2,False,-,150
2024-04-13,2024-04-12,2024,116,202,8,4,.667,1.0,+0.5,2,1,3,False,150,
2024-04-13,2024-04-12,2024,118,202,9,5,.643,1.0,+0.5,3,2,4,False,149,
2024-04-13,2024-04-12,2024,142,202,4,7,.364,4.5,3.0,4,10,13,False,147,
2024-04-13,2024-04-12,2024,145,202,2,11,.154,7.5,6.0,5,12,15,False,143,
2024-04-13,2024-04-12,2024,140,200,8,6,.571,-,-,1,,6,False,-,149
2024-04-13,2024-04-12,2024,108,200,7,6,.538,0.5,1.0,2,5,8,False,149,
2024-04-13,2024-04-12,2024,133,200,6,8,.429,2.0,2.5,3,9,12,False,147,
2024-04-13,2024-04-12,2024,136,200,6,8,.429,2.0,2.5,4,8,11,False,147,
2024-04-13,2024-04-12,2024,117,200,4,11,.267,4.5,5.0,5,11,14,False,144,
2024-04-13,2024-04-12,2024,144,204,8,4,.667,-,-,1,,3,False,-,148
2024-04-13,2024-04-12,2024,143,204,7,7,.500,2.0,0.5,2,4,7,False,148,
2024-04-13,2024-04-12,2024,121,204,6,7,.462,2.5,1.0,3,7,10,False,148,
2024-04-13,2024-04-12,2024,120,204,5,8,.385,3.5,2.0,4,9,12,False,147,
2024-04-13,2024-04-12,2024,146,204,2,12,.143,7.0,5.5,5,12,15,False,143,
2024-04-13,2024-04-12,2024,158,205,9,3,.750,-,-,1,,1,False,-,150
2024-04-13,2024-04-12,2024,134,205,10,4,.714,-,+2.5,2,1,2,False,150,
2024-04-13,2024-04-12,2024,113,205,7,6,.538,2.5,-,3,2,5,False,148,
2024-04-13,2024-04-12,2024,112,205,7,6,.538,2.5,-,4,3,6,False,148,
2024-04-13,2024-04-12,2024,138,205,7,7,.500,3.0,0.5,5,5,8,False,147,
2024-04-13,2024-04-12,2024,119,203,10,6,.625,-,-,1,,4,False,-,145
2024-04-13,2024-04-12,2024,135,203,8,8,.500,2.0,0.5,2,6,9,False,145,
2024-04-13,2024-04-12,2024,109,203,6,8,.429,3.0,1.5,3,8,11,False,145,
2024-04-13,2024-04-12,2024,137,203,5,9,.357,4.0,2.5,4,10,13,False,144,
2024-04-13,2024-04-12,2024,115,203,4,10,.286,5.0,3.5,5,11,14,False,143,
2024-04-14,2024-04-13,2024,147,201,12,3,.800,-,-,1,,1,False,-,145
2024-04-14,2024-04-13,2024,110,201,8,6,.571,3.5,-,2,2,4,False,145,
2024-04-14,2024-04-13,2024,139,201,8,7,.533,4.0,0.5,3,4,7,False,144,
2024-04-14,2024-04-13,2024,111,201,8,7,.533,4.0,0.5,4,5,8,False,144,
2024-04-14,2024-04-13,2024,141,201,7,8,.467,5.0,1.5,5,7,10,False,143,
2024-04-14,2024-04-13,2024,118,202,10,5,.667,-,-,1,,2,False,-,148
2024-04-14,2024-04-13,2024,114,202,9,5,.643,0.5,+1.0,2,1,3,False,148,
2024-04-14,2024-04-13,2024,116,202,8,6,.571,1.5,-,3,3,5,False,147,
2024-04-14,2024-04-13,2024,142,202,6,7,.462,3.0,1.5,4,8,11,False,146,
2024-04-14,2024-04-13,2024,145,202,2,12,.143,7.5,6.0,5,12,15,False,141,
2024-04-14,2024-04-13,2024,140,200,8,7,.533,-,-,1,,6,False,-,148
2024-04-14,2024-04-13,2024,108,200,7,7,.500,0.5,1.0,2,6,9,False,148,
2024-04-14,2024-04-13,2024,133,200,6,9,.400,2.0,2.5,3,9,12,False,146,
2024-04-14,2024-04-13,2024,136,200,6,9,.400,2.0,2.5,4,10,13,False,146,
2024-04-14,2024-04-13,2024,117,200,5,11,.313,3.5,4.0,5,11,14,False,144,
2024-04-14,2024-04-13,2024,144,204,8,5,.615,-,-,1,,4,False,-,148
2024-04-14,2024-04-13,2024,143,204,8,7,.533,1.0,0.5,2,4,7,False,148,
2024-04-14,2024-04-13,2024,121,204,6,8,.429,2.5,2.0,3,8,11,False,147,
2024-04-14,2024-04-13,2024,120,204,6,8,.429,2.5,2.0,4,9,12,False,147,
2024-04-14,2024-04-13,2024,146,204,3,12,.200,6.0,5.5,5,12,15,False,143,
2024-04-14,2024-04-13,2024,158,205,10,3,.769,-,-,1,,1,False,-,148
2024-04-14,2024-04-13,2024,134,205,10,5,.667,1.0,+1.5,2,1,2,False,148,
2024-04-14,2024-04-13,2024,113,205,8,6,.571,2.5,-,3,2,5,False,147,
2024-04-14,2024-04-13,2024,112,205,8,6,.571,2.5,-,4,3,6,False,147,
2024-04-14,2024-04-13,2024,138,205,7,8,.467,4.0,1.5,5,7,10,False,145,
2024-04-14,2024-04-13,2024,119,203,11,6,.647,-,-,1,,3,False,-,143
2024-04-14,2024-04-13,2024,135,203,8,9,.471,3.0,1.5,2,5,8,False,143,
2024-04-14,2024-04-13,2024,109,203,7,8,.467,3.0,1.5,3,6,9,False,144,
2024-04-14,2024-04-13,2024,137,203,6,9,.400,4.0,2.5,4,10,13,False,143,
2024-04-14,2024-04-13,2024,115,203,4,11,.267,6.0,4.5,5,11,14,False,141,
2024-04-15,2024-04-14,2024,147,201,12,4,.750,-,-,1,,1,False,-,145
2024-04-15,2024-04-14,2024,110,201,9,6,.600,2.5,-,2,2,4,False,145,
2024-04-15,2024-04-14,2024,139,201,9,7,.563,3.0,0.5,3,4,6,False,144,
2024-04-15,2024-04-14,2024,111,201,9,7,.563,3.0,0.5,4,5,7,False,144,
2024-04-15,2024-04-14,2024,141,201,8,8,.500,4.0,1.5,5,6,8,False,143,
2024-04-15,2024-04-14,2024,114,202,10,5,.667,-,-,1,,2,False,-,147
2024-04-15,2024-04-14,2024,118,202,10,6,.625,0.5,+0.5,2,1,3,False,147,
2024-04-15,2024-04-14,2024,116,202,9,6,.600,1.0,-,3,3,5,False,147,
2024-04-15,2024-04-14,2024,142,202,6,8,.429,3.5,2.5,4,9,12,False,145,
2024-04-15,2024-04-14,2024,145,202,2,13,.133,8.0,7.0,5,12,15,False,140,
2024-04-15,2024-04-14,2024,140,200,8,8,.500,-,-,1,,9,False,-,147
2024-04-15,2024-04-14,2024,108,200,7,8,.467,0.5,2.0,2,7,10,False,147,
2024-04-15,2024-04-14,2024,133,200,7,9,.438,1.0,2.5,3,8,11,False,146,
2024-04-15,2024-04-14,2024,136,200,6,10,.375,2.0,3.5,4,10,13,False,145,
2024-04-15,2024-04-14,2024,117,200,6,11,.353,2.5,4.0,5,11,14,False,144,
2024-04-15,2024-04-14,2024,144,204,9,5,.643,-,-,1,,3,False,-,146
2024-04-15,2024-04-14,2024,143,204,8,8,.500,2.0,1.5,2,5,8,False,146,
2024-04-15,2024-04-14,2024,121,204,7,8,.467,2.5,2.0,3,7,10,False,146,
2024-04-15,2024-04-14,2024,120,204,6,9,.400,3.5,3.0,4,9,12,False,145,
2024-04-15,2024-04-14,2024,146,204,3,13,.188,7.0,6.5,5,12,15,False,141,
2024-04-15,2024-04-14,2024,158,205,10,4,.714,-,-,1,,1,False,-,148
2024-04-15,2024-04-14,2024,134,205,11,5,.688,-,+1.5,2,1,2,False,148,
2024-04-15,2024-04-14,2024,113,205,9,6,.600,1.5,-,3,2,5,False,147,
2024-04-15,2024-04-14,2024,112,205,9,6,.600,1.5,-,4,3,6,False,147,
2024-04-15,2024-04-14,2024,138,205,7,9,.438,4.0,2.5,5,8,11,False,144,
2024-04-15,2024-04-14,2024,119,203,11,7,.611,-,-,1,,4,False,-,144
2024-04-15,2024-04-14,2024,109,203,8,8,.500,2.0,1.5,2,4,7,False,144,
2024-04-15,2024-04-14,2024,135,203,9,9,.500,2.0,1.5,3,6,9,False,143,
2024-04-15,2024-04-14,2024,137,203,6,10,.375,4.0,3.5,4,10,13,False,142,
2024-04-15,2024-04-14,2024,115,203,4,12,.250,6.0,5.5,5,11,14,False,140,
2024-04-16,2024-04-15,2024,147,201,12,5,.706,-,-,1,,1,False,-,145
2024-04-16,2024-04-15,2024,110,201,10,6,.625,1.5,+1.0,2,2,4,False,145,
2024-04-16,2024-04-15,2024,141,201,9,8,.529,3.0,0.5,3,4,7,False,143,
2024-04-16,2024-04-15,2024,139,201,9,8,.529,3.0,0.5,4,5,8,False,143,
2024-04-16,2024-04-15,2024,111,201,9,8,.529,3.0,0.5,5,6,9,False,143,
2024-04-16,2024-04-15,2024,114,202,11,5,.688,-,-,1,,2,False,-,146
2024-04-16,2024-04-15,2024,118,202,11,6,.647,0.5,+1.5,2,1,3,False,146,
2024-04-16,2024-04-15,2024,116,202,9,7,.563,2.0,-,3,3,5,False,145,
2024-04-16,2024-04-15,2024,142,202,6,9,.400,4.5,2.5,4,10,13,False,143,
2024-04-16,2024-04-15,2024,145,202,2,14,.125,9.0,7.0,5,12,15,False,138,
2024-04-16,2024-04-15,2024,140,200,9,8,.529,-,-,1,,6,False,-,146
2024-04-16,2024-04-15,2024,108,200,8,8,.500,0.5,1.0,2,7,10,False,146,
2024-04-16,2024-04-15,2024,133,200,7,10,.412,2.0,2.5,3,8,11,False,144,
2024-04-16,2024-04-15,2024,136,200,7,10,.412,2.0,2.5,4,9,12,False,144,
2024-04-16,2024-04-15,2024,117,200,6,12,.333,3.5,4.0,5,11,14,False,142,
2024-04-16,2024-04-15,2024,144,204,10,5,.667,-,-,1,,2,False,-,145
2024-04-16,2024-04-15,2024,143,204,9,8,.529,2.0,0.5,2,4,7,False,145,
2024-04-16,2024-04-15,2024,121,204,8,8,.500,2.5,1.0,3,6,9,False,145,
2024-04-16,2024-04-15,2024,120,204,7,9,.438,3.5,2.0,4,9,12,False,144,
2024-04-16,2024-04-15,2024,146,204,3,14,.176,8.0,6.5,5,12,15,False,139,
2024-04-16,2024-04-15,2024,158,205,10,5,.667,-,-,1,,1,False,-,147
2024-04-16,2024-04-15,2024,134,205,11,6,.647,-,+1.5,2,1,3,False,147,
2024-04-16,2024-04-15,2024,112,205,10,6,.625,0.5,+1.0,3,2,4,False,147,
2024-04-16,2024-04-15,2024,113,205,9,7,.563,1.5,-,4,3,6,False,146,
2024-04-16,2024-04-15,2024,138,205,8,9,.471,3.0,1.5,5,8,11,False,144,
2024-04-16,2024-04-15,2024,119,203,11,8,.579,-,-,1,,5,False,-,143
2024-04-16,2024-04-15,2024,135,203,10,9,.526,1.0,0.5,2,5,8,False,143,
2024-04-16,2024-04-15,2024,109,203,8,9,.471,2.0,1.5,3,7,10,False,143,
2024-04-16,2024-04-15,2024,137,203,7,10,.412,3.0,2.5,4,10,13,False,142,
2024-04-16,2024-04-15,2024,115,203,4,13,.235,6.0,5.5,5,11,14,False,139,
2024-04-17,2024-04-16,2024,147,201,12,6,.667,-,-,1,,2,False,-,145
2024-04-17,2024-04-16,2024,110,201,11,6,.647,0.5,+1.0,2,1,3,False,145,
2024-04-17,2024-04-16,2024,141,201,10,8,.556,2.0,0.5,3,4,6,False,143,
2024-04-17,2024-04-16,2024,139,201,10,8,.556,2.0,0.5,4,5,7,False,143,
2024-04-17,2024-04-16,2024,111,201,9,9,.500,3.0,1.5,5,6,9,False,142,
2024-04-17,2024-04-16,2024,114,202,12,5,.706,-,-,1,,1,False,-,145
2024-04-17,2024-04-16,2024,118,202,11,6,.647,1.0,+1.0,2,2,4,False,145,
2024-04-17,2024-04-16,2024,116,202,10,7,.588,2.0,-,3,3,5,False,144,
2024-04-17,2024-04-16,2024,142,202,6,10,.375,5.5,3.5,4,10,13,False,141,
2024-04-17,2024-04-16,2024,145,202,2,14,.125,9.5,7.5,5,12,15,False,137,
2024-04-17,2024-04-16,2024,140,200,9,9,.500,-,-,1,,8,False,-,145
2024-04-17,2024-04-16,2024,108,200,8,9,.471,0.5,2.0,2,7,10,False,145,
2024-04-17,2024-04-16,2024,136,200,8,10,.444,1.0,2.5,3,8,11,False,144,
2024-04-17,2024-04-16,2024,133,200,7,11,.389,2.0,3.5,4,9,12,False,143,
2024-04-17,2024-04-16,2024,117,200,6,13,.316,3.5,5.0,5,11,14,False,141,
2024-04-17,2024-04-16,2024,144,204,11,5,.688,-,-,1,,1,False,-,144
2024-04-17,2024-04-16,2024,143,204,10,8,.556,2.0,-,2,3,6,False,144,
2024-04-17,2024-04-16,2024,121,204,9,8,.529,2.5,0.5,3,5,8,False,144,
2024-04-17,2024-04-16,2024,120,204,7,10,.412,4.5,2.5,4,9,12,False,142,
2024-04-17,2024-04-16,2024,146,204,4,14,.222,8.0,6.0,5,11,14,False,138,
2024-04-17,2024-04-16,2024,158,205,10,6,.625,-,-,1,,2,False,-,146
2024-04-17,2024-04-16,2024,134,205,11,7,.611,-,+1.0,2,1,3,False,146,
2024-04-17,2024-04-16,2024,112,205,10,7,.588,0.5,+0.5,3,2,5,False,146,
2024-04-17,2024-04-16,2024,113,205,9,8,.529,1.5,0.5,4,6,9,False,145,
2024-04-17,2024-04-16,2024,138,205,9,9,.500,2.0,1.0,5,8,11,False,144,
2024-04-17,2024-04-16,2024,119,203,12,8,.600,-,-,1,,4,False,-,142
2024-04-17,2024-04-16,2024,135,203,11,9,.550,1.0,-,2,4,7,False,142,
2024-04-17,2024-04-16,2024,109,203,9,9,.500,2.0,1.0,3,7,10,False,142,
2024-04-17,2024-04-16,2024,137,203,7,11,.389,4.0,3.0,4,10,13,False,140,
2024-04-17,2024-04-16,2024,115,203,4,14,.222,7.0,6.0,5,12,15,False,137,
2024-04-18,2024-04-17,2024,147,201,13,6,.684,-,-,1,,1,False,-,144
2024-04-18,2024-04-17,2024,110,201,12,6,.667,0.5,+2.0,2,1,2,False,144,
2024-04-18,2024-04-17,2024,141,201,10,9,.526,3.0,0.5,3,4,7,False,141,
2024-04-18,2024-04-17,2024,139,201,10,9,.526,3.0,0.5,4,5,8,False,141,
2024-04-18,2024-04-17,2024,111,201,10,9,.526,3.0,0.5,5,6,9,False,141,
2024-04-18,2024-04-17,2024,114,202,12,6,.667,-,-,1,,3,False,-,144
2024-04-18,2024-04-17,2024,118,202,12,7,.632,0.5,+1.5,2,2,4,False,144,
2024-04-18,2024-04-17,2024,116,202,10,8,.556,2.0,-,3,3,5,False,143,
2024-04-18,2024-04-17,2024,142,202,6,11,.353,5.5,3.5,4,10,13,False,140,
2024-04-18,2024-04-17,2024,145,202,3,15,.167,9.0,7.0,5,12,15,False,136,
2024-04-18,2024-04-17,2024,140,200,10,9,.526,-,-,1,,6,False,-,144
2024-04-18,2024-04-17,2024,108,200,9,9,.500,0.5,1.0,2,7,10,False,144,
2024-04-18,2024-04-17,2024,136,200,9,10,.474,1.0,1.5,3,8,11,False,143,
2024-04-18,2024-04-17,2024,133,200,8,11,.421,2.0,2.5,4,9,12,False,142,
2024-04-18,2024-04-17,2024,117,200,6,14,.300,4.5,5.0,5,11,14,False,139,
2024-04-18,2024-04-17,2024,144,204,12,5,.706,-,-,1,,1,False,-,143
2024-04-18,2024-04-17,2024,143,204,11,8,.579,2.0,-,2,2,4,False,143,
2024-04-18,2024-04-17,2024,121,204,10,8,.556,2.5,0.5,3,4,7,False,143,
2024-04-18,2024-04-17,2024,120,204,8,10,.444,4.5,2.5,4,9,12,False,141,
2024-04-18,2024-04-17,2024,146,204,4,15,.211,9.0,7.0,5,11,14,False,136,
2024-04-18,2024-04-17,2024,158,205,11,6,.647,-,-,1,,2,False,-,145
2024-04-18,2024-04-17,2024,112,205,11,7,.611,0.5,+0.5,2,1,3,False,145,
2024-04-18,2024-04-17,2024,134,205,11,8,.579,1.0,-,3,3,5,False,144,
2024-04-18,2024-04-17,2024,113,205,9,9,.500,2.5,1.5,4,6,9,False,143,
2024-04-18,2024-04-17,2024,138,205,9,10,.474,3.0,2.0,5,8,11,False,142,
2024-04-18,2024-04-17,2024,119,203,12,9,.571,-,-,1,,6,False,-,141
2024-04-18,2024-04-17,2024,135,203,11,10,.524,1.0,1.0,2,5,8,False,141,
2024-04-18,2024-04-17,2024,109,203,9,10,.474,2.0,2.0,3,7,10,False,141,
2024-04-18,2024-04-17,2024,137,203,8,11,.421,3.0,3.0,4,10,13,False,140,
2024-04-18,2024-04-17,2024,115,203,4,15,.211,7.0,7.0,5,12,15,False,136,
2024-04-19,2024-04-18,2024,147,201,13,6,.684,-,-,1,,1,False,-,144
2024-04-19,2024-04-18,2024,110,201,12,6,.667,0.5,+2.0,2,1,3,False,144,
2024-04-19,2024-04-18,2024,139,201,11,9,.550,2.5,-,3,3,6,False,141,
2024-04-19,2024-04-18,2024,141,201,10,9,.526,3.0,0.5,4,5,8,False,141,
2024-04-19,2024-04-18,2024,111,201,10,10,.500,3.5,1.0,5,6,9,False,140,
2024-04-19,2024-04-18,2024,114,202,13,6,.684,-,-,1,,2,False,-,143
2024-04-19,2024-04-18,2024,118,202,12,7,.632,1.0,+1.5,2,2,4,False,143,
2024-04-19,2024-04-18,2024,116,202,10,9,.526,3.0,0.5,3,4,7,False,141,
2024-04-19,2024-04-18,2024,142,202,6,11,.353,6.0,3.5,4,10,13,False,139,
2024-04-19,2024-04-18,2024,145,202,3,15,.167,9.5,7.0,5,12,15,False,135,
2024-04-19,2024-04-18,2024,140,200,11,9,.550,-,-,1,,5,False,-,142
2024-04-19,2024-04-18,2024,136,200,9,10,.474,1.5,1.5,2,7,10,False,142,
2024-04-19,2024-04-18,2024,108,200,9,10,.474,1.5,1.5,3,8,11,False,142,
2024-04-19,2024-04-18,2024,133,200,8,11,.421,2.5,2.5,4,9,12,False,141,
2024-04-19,2024-04-18,2024,117,200,6,14,.300,5.0,5.0,5,11,14,False,138,
2024-04-19,2024-04-18,2024,144,204,12,5,.706,-,-,1,,1,False,-,143
2024-04-19,2024-04-18,2024,143,204,11,8,.579,2.0,-,2,2,4,False,143,
2024-04-19,2024-04-18,2024,121,204,10,8,.556,2.5,0.5,3,4,7,False,143,
2024-04-19,2024-04-18,2024,120,204,8,10,.444,4.5,2.5,4,10,13,False,141,
2024-04-19,2024-04-18,2024,146,204,4,15,.211,9.0,7.0,5,11,14,False,136,
2024-04-19,2024-04-18,2024,158,205,11,6,.647,-,-,1,,2,False,-,145
2024-04-19,2024-04-18,2024,112,205,11,7,.611,0.5,+0.5,2,1,3,False,145,
2024-04-19,2024-04-18,2024,134,205,11,8,.579,1.0,-,3,3,5,False,144,
2024-04-19,2024-04-18,2024,113,205,9,9,.500,2.5,1.5,4,6,9,False,143,
2024-04-19,2024-04-18,2024,138,205,9,10,.474,3.0,2.0,5,7,10,False,142,
2024-04-19,2024-04-18,2024,119,203,12,9,.571,-,-,1,,6,False,-,141
2024-04-19,2024-04-18,2024,135,203,11,10,.524,1.0,1.0,2,5,8,False,141,
2024-04-19,2024-04-18,2024,137,203,9,11,.450,2.5,2.5,3,8,11,False,140,
2024-04-19,2024-04-18,2024,109,203,9,11,.450,2.5,2.5,4,9,12,False,140,
2024-04-19,2024-04-18,2024,115,203,4,15,.211,7.0,7.0,5,12,15,False,136,
2024-04-20,2024-04-19,2024,147,201,14,6,.700,-,-,1,,1,False,-,142
2024-04-20,2024-04-19,2024,110,201,12,7,.632,1.5,+1.5,2,2,4,False,142,
2024-04-20,2024-04-19,2024,141,201,11,9,.550,3.0,-,3,4,6,False,140,
2024-04-20,2024-04-19,2024,139,201,11,10,.524,3.5,0.5,4,5,8,False,139,
2024-04-20,2024-04-19,2024,111,201,11,10,.524,3.5,0.5,5,6,9,False,139,
2024-04-20,2024-04-19,2024,114,202,14,6,.700,-,-,1,,2,False,-,142
2024-04-20,2024-04-19,2024,118,202,13,7,.650,1.0,+2.0,2,1,3,False,142,
2024-04-20,2024-04-19,2024,116,202,11,9,.550,3.0,-,3,3,5,False,140,
2024-04-20,2024-04-19,2024,142,202,6,12,.333,7.0,4.0,4,10,13,False,137,
2024-04-20,2024-04-19,2024,145,202,3,16,.158,10.5,7.5,5,12,15,False,133,
2024-04-20,2024-04-19,2024,140,200,11,10,.524,-,-,1,,7,False,-,142
2024-04-20,2024-04-19,2024,136,200,9,10,.474,1.0,1.5,2,7,10,False,142,
2024-04-20,2024-04-19,2024,108,200,9,11,.450,1.5,2.0,3,8,11,False,141,
2024-04-20,2024-04-19,2024,133,200,8,12,.400,2.5,3.0,4,9,12,False,140,
2024-04-20,2024-04-19,2024,117,200,7,14,.333,4.0,4.5,5,11,14,False,138,
2024-04-20,2024-04-19,2024,144,204,13,5,.722,-,-,1,,1,False,-,142
2024-04-20,2024-04-19,2024,143,204,12,8,.600,2.0,+0.5,2,2,4,False,142,
2024-04-20,2024-04-19,2024,121,204,11,8,.579,2.5,-,3,3,5,False,142,
2024-04-20,2024-04-19,2024,120,204,8,11,.421,5.5,3.0,4,10,13,False,139,
2024-04-20,2024-04-19,2024,146,204,4,16,.200,10.0,7.5,5,12,15,False,134,
2024-04-20,2024-04-19,2024,158,205,12,6,.667,-,-,1,,2,False,-,144
2024-04-20,2024-04-19,2024,112,205,12,7,.632,0.5,+1.0,2,1,3,False,144,
2024-04-20,2024-04-19,2024,134,205,11,9,.550,2.0,0.5,3,4,6,False,142,
2024-04-20,2024-04-19,2024,113,205,10,9,.526,2.5,1.0,4,5,8,False,142,
2024-04-20,2024-04-19,2024,138,205,9,11,.450,4.0,2.5,5,8,11,False,140,
2024-04-20,2024-04-19,2024,119,203,12,10,.545,-,-,1,,7,False,-,140
2024-04-20,2024-04-19,2024,135,203,11,11,.500,1.0,1.5,2,6,9,False,140,
2024-04-20,2024-04-19,2024,109,203,10,11,.476,1.5,2.0,3,7,10,False,140,
2024-04-20,2024-04-19,2024,137,203,9,12,.429,2.5,3.0,4,9,12,False,139,
2024-04-20,2024-04-19,2024,115,203,4,15,.211,6.5,7.0,5,11,14,False,136,
2024-04-21,2024-04-20,2024,147,201,14,7,.667,-,-,1,,2,False,-,142
2024-04-21,2024-04-20,2024,110,201,13,7,.650,0.5,+1.5,2,1,3,False,142,
2024-04-21,2024-04-20,2024,141,201,12,9,.571,2.0,-,3,3,5,False,140,
2024-04-21,2024-04-20,2024,139,201,12,10,.545,2.5,0.5,4,4,6,False,139,
2024-04-21,2024-04-20,2024,111,201,12,10,.545,2.5,0.5,5,5,7,False,139,
2024-04-21,2024-04-20,2024,114,202,15,6,.714,-,-,1,,1,False,-,140
2024-04-21,2024-04-20,2024,118,202,13,8,.619,2.0,+1.0,2,2,4,False,140,
2024-04-21,2024-04-20,2024,116,202,11,10,.524,4.0,1.0,3,6,8,False,138,
2024-04-21,2024-04-20,2024,142,202,7,12,.368,7.0,4.0,4,10,13,False,136,
2024-04-21,2024-04-20,2024,145,202,3,17,.150,11.5,8.5,5,12,15,False,131,
2024-04-21,2024-04-20,2024,140,200,11,11,.500,-,-,1,,9,False,-,140
2024-04-21,2024-04-20,2024,136,200,10,10,.500,-,1.5,2,7,10,False,-,
2024-04-21,2024-04-20,2024,108,200,9,12,.429,1.5,3.0,3,8,11,False,140,
2024-04-21,2024-04-20,2024,133,200,8,13,.381,2.5,4.0,4,9,12,False,139,
2024-04-21,2024-04-20,2024,117,200,7,15,.318,4.0,5.5,5,11,14,False,137,
2024-04-21,2024-04-20,2024,144,204,14,5,.737,-,-,1,,1,False,-,141
2024-04-21,2024-04-20,2024,143,204,13,8,.619,2.0,+0.5,2,1,3,False,141,
2024-04-21,2024-04-20,2024,121,204,12,8,.600,2.5,-,3,3,5,False,141,
2024-04-21,2024-04-20,2024,120,204,9,11,.450,5.5,3.0,4,9,12,False,138,
2024-04-21,2024-04-20,2024,146,204,5,17,.227,10.5,8.0,5,11,14,False,132,
2024-04-21,2024-04-20,2024,158,205,13,6,.684,-,-,1,,2,False,-,142
2024-04-21,2024-04-20,2024,112,205,13,8,.619,1.0,+0.5,2,2,4,False,142,
2024-04-21,2024-04-20,2024,113,205,11,9,.550,2.5,1.0,3,4,6,False,141,
2024-04-21,2024-04-20,2024,134,205,11,10,.524,3.0,1.5,4,5,7,False,140,
2024-04-21,2024-04-20,2024,138,205,9,12,.429,5.0,3.5,5,10,13,False,138,
2024-04-21,2024-04-20,2024,119,203,12,11,.522,-,-,1,,8,False,-,139
2024-04-21,2024-04-20,2024,135,203,11,12,.478,1.0,2.5,2,6,9,False,139,
2024-04-21,2024-04-20,2024,137,203,10,12,.455,1.5,3.0,3,7,10,False,139,
2024-04-21,2024-04-20,2024,109,203,10,12,.455,1.5,3.0,4,8,11,False,139,
2024-04-21,2024-04-20,2024,115,203,4,16,.200,6.5,8.0,5,12,15,False,135,
2024-04-22,2024-04-21,2024,147,201,15,7,.682,-,-,1,,2,False,-,141
2024-04-22,2024-04-21,2024,110,201,14,7,.667,0.5,+2.0,2,1,3,False,141,
2024-04-22,2024-04-21,2024,111,201,13,10,.565,2.5,-,3,3,5,False,138,
2024-04-22,2024-04-21,2024,141,201,12,10,.545,3.0,0.5,4,5,7,False,138,
2024-04-22,2024-04-21,2024,139,201,12,11,.522,3.5,1.0,5,6,9,False,137,
2024-04-22,2024-04-21,2024,114,202,16,6,.727,-,-,1,,1,False,-,138
2024-04-22,2024-04-21,2024,118,202,13,9,.591,3.0,+0.5,2,2,4,False,138,
2024-04-22,2024-04-21,2024,116,202,12,10,.545,4.0,0.5,3,4,6,False,137,
2024-04-22,2024-04-21,2024,142,202,7,13,.350,8.0,4.5,4,10,13,False,134,
2024-04-22,2024-04-21,2024,145,202,3,18,.143,12.5,9.0,5,12,15,False,129,
2024-04-22,2024-04-21,2024,140,200,12,11,.522,-,-,1,,8,False,-,140
2024-04-22,2024-04-21,2024,136,200,11,11,.500,0.5,1.5,2,7,10,False,140,
2024-04-22,2024-04-21,2024,108,200,9,13,.409,2.5,3.5,3,8,11,False,138,
2024-04-22,2024-04-21,2024,133,200,8,14,.364,3.5,4.5,4,9,12,False,137,
2024-04-22,2024-04-21,2024,117,200,7,16,.304,5.0,6.0,5,11,14,False,135,
2024-04-22,2024-04-21,2024,144,204,14,6,.700,-,-,1,,2,False,-,141
2024-04-22,2024-04-21,2024,143,204,14,8,.636,1.0,+1.5,2,1,3,False,141,
2024-04-22,2024-04-21,2024,121,204,12,9,.571,2.5,-,3,3,5,False,140,
2024-04-22,2024-04-21,2024,120,204,10,11,.476,4.5,2.0,4,8,11,False,138,
2024-04-22,2024-04-21,2024,146,204,6,17,.261,9.5,7.0,5,11,14,False,132,
2024-04-22,2024-04-21,2024,158,205,14,6,.700,-,-,1,,1,False,-,140
2024-04-22,2024-04-21,2024,112,205,13,9,.591,2.0,+0.5,2,2,4,False,140,
2024-04-22,2024-04-21,2024,113,205,12,9,.571,2.5,-,3,4,6,False,140,
2024-04-22,2024-04-21,2024,134,205,11,11,.500,4.0,1.5,4,6,9,False,138,
2024-04-22,2024-04-21,2024,138,205,9,13,.409,6.0,3.5,5,10,13,False,136,
2024-04-22,2024-04-21,2024,119,203,13,11,.542,-,-,1,,7,False,-,138
2024-04-22,2024-04-21,2024,135,203,12,12,.500,1.0,1.5,2,5,8,False,138,
2024-04-22,2024-04-21,2024,109,203,11,12,.478,1.5,2.0,3,7,10,False,138,
2024-04-22,2024-04-21,2024,137,203,10,13,.435,2.5,3.0,4,9,12,False,137,
2024-04-22,2024-04-21,2024,115,203,5,17,.227,7.0,7.5,5,12,15,False,133,
2024-04-23,2024-04-22,2024,110,201,15,7,.682,-,-,1,,2,False,-,140
2024-04-23,2024-04-22,2024,147,201,15,8,.652,0.5,+2.0,2,1,3,False,140,
2024-04-23,2024-04-22,2024,141,201,13,10,.565,2.5,-,3,2,4,False,138,
2024-04-23,2024-04-22,2024,111,201,13,10,.565,2.5,-,4,5,7,False,138,
2024-04-23,2024-04-22,2024,139,201,12,12,.500,4.0,1.5,5,6,9,False,136,
2024-04-23,2024-04-22,2024,114,202,16,6,.727,-,-,1,,1,False,-,137
2024-04-23,2024-04-22,2024,118,202,13,10,.565,3.5,-,2,3,5,False,137,
2024-04-23,2024-04-22,2024,116,202,13,10,.565,3.5,-,3,4,6,False,137,
2024-04-23,2024-04-22,2024,142,202,8,13,.381,7.5,4.0,4,10,13,False,134,
2024-04-23,2024-04-22,2024,145,202,3,19,.136,13.0,9.5,5,12,15,False,128,
2024-04-23,2024-04-22,2024,140,200,12,11,.522,-,-,1,,8,False,-,140
2024-04-23,2024-04-22,2024,136,200,11,11,.500,0.5,1.5,2,7,10,False,140,
2024-04-23,2024-04-22,2024,133,200,9,14,.391,3.0,4.0,3,8,11,False,137,
2024-04-23,2024-04-22,2024,108,200,9,14,.391,3.0,4.0,4,9,12,False,137,
2024-04-23,2024-04-22,2024,117,200,7,16,.304,5.0,6.0,5,11,14,False,135,
2024-04-23,2024-04-22,2024,144,204,15,6,.714,-,-,1,,1,False,-,140
2024-04-23,2024-04-22,2024,143,204,15,8,.652,1.0,+2.5,2,1,3,False,140,
2024-04-23,2024-04-22,2024,121,204,12,10,.545,3.5,-,3,3,5,False,138,
2024-04-23,2024-04-22,2024,120,204,10,11,.476,5.0,1.5,4,7,10,False,137,
2024-04-23,2024-04-22,2024,146,204,6,18,.250,10.5,7.0,5,11,14,False,130,
2024-04-23,2024-04-22,2024,158,205,14,7,.667,-,-,1,,2,False,-,140
2024-04-23,2024-04-22,2024,112,205,13,9,.591,1.5,+1.0,2,2,4,False,140,
2024-04-23,2024-04-22,2024,113,205,12,10,.545,2.5,-,3,4,6,False,139,
2024-04-23,2024-04-22,2024,134,205,12,11,.522,3.0,0.5,4,5,8,False,138,
2024-04-23,2024-04-22,2024,138,205,10,13,.435,5.0,2.5,5,10,13,False,136,
2024-04-23,2024-04-22,2024,119,203,13,11,.542,-,-,1,,7,False,-,138
2024-04-23,2024-04-22,2024,135,203,13,12,.520,0.5,0.5,2,6,9,False,138,
2024-04-23,2024-04-22,2024,109,203,11,13,.458,2.0,2.0,3,8,11,False,137,
2024-04-23,2024-04-22,2024,137,203,11,13,.458,2.0,2.0,4,9,12,False,137,
2024-04-23,2024-04-22,2024,115,203,5,18,.217,7.5,7.5,5,12,15,False,132,
2024-04-24,2024-04-23,2024,147,201,16,8,.667,-,-,1,,2,False,-,139
2024-04-24,2024-04-23,2024,110,201,15,8,.652,0.5,+1.5,2,1,3,False,139,
2024-04-24,2024-04-23,2024,141,201,13,11,.542,3.0,1.0,3,4,6,False,136,
2024-04-24,2024-04-23,2024,111,201,13,11,.542,3.0,1.0,4,5,7,False,136,
2024-04-24,2024-04-23,2024,139,201,12,13,.480,4.5,2.5,5,7,10,False,134,
2024-04-24,2024-04-23,2024,114,202,17,6,.739,-,-,1,,1,False,-,136
2024-04-24,2024-04-23,2024,118,202,14,10,.583,3.5,-,2,2,4,False,136,
2024-04-24,2024-04-23,2024,116,202,14,10,.583,3.5,-,3,3,5,False,136,
2024-04-24,2024-04-23,2024,142,202,9,13,.409,7.5,4.0,4,9,12,False,133,
2024-04-24,2024-04-23,2024,145,202,3,20,.130,14.0,10.5,5,12,15,False,126,
2024-04-24,2024-04-23,2024,136,200,12,11,.522,-,-,1,,8,False,-,139
2024-04-24,2024-04-23,2024,140,200,12,12,.500,0.5,2.0,2,6,9,False,139,
2024-04-24,2024-04-23,2024,108,200,10,14,.417,2.5,4.0,3,8,11,False,137,
2024-04-24,2024-04-23,2024,133,200,9,15,.375,3.5,5.0,4,10,13,False,136,
2024-04-24,2024-04-23,2024,117,200,7,17,.292,5.5,7.0,5,11,14,False,134,
2024-04-24,2024-04-23,2024,144,204,16,6,.727,-,-,1,,1,False,-,138
2024-04-24,2024-04-23,2024,143,204,15,9,.625,2.0,+1.5,2,1,3,False,138,
2024-04-24,2024-04-23,2024,121,204,12,11,.522,4.5,1.0,3,5,8,False,136,
2024-04-24,2024-04-23,2024,120,204,10,12,.455,6.0,2.5,4,9,12,False,135,
2024-04-24,2024-04-23,2024,146,204,6,19,.240,11.5,8.0,5,12,15,False,128,
2024-04-24,2024-04-23,2024,158,205,14,8,.636,-,-,1,,2,False,-,140
2024-04-24,2024-04-23,2024,112,205,14,9,.609,0.5,+1.0,2,2,4,False,140,
2024-04-24,2024-04-23,2024,113,205,13,10,.565,1.5,-,3,3,5,False,139,
2024-04-24,2024-04-23,2024,134,205,13,11,.542,2.0,0.5,4,4,7,False,138,
2024-04-24,2024-04-23,2024,138,205,10,14,.417,5.0,3.5,5,10,13,False,135,
2024-04-24,2024-04-23,2024,119,203,14,11,.560,-,-,1,,6,False,-,136
2024-04-24,2024-04-23,2024,135,203,13,13,.500,1.5,1.5,2,6,9,False,136,
2024-04-24,2024-04-23,2024,109,203,12,13,.480,2.0,2.0,3,7,10,False,136,
2024-04-24,2024-04-23,2024,137,203,12,13,.480,2.0,2.0,4,8,11,False,136,
2024-04-24,2024-04-23,2024,115,203,6,18,.250,7.5,7.5,5,11,14,False,131,
2024-04-25,2024-04-24,2024,147,201,17,8,.680,-,-,1,,2,False,-,138
2024-04-25,2024-04-24,2024,110,201,16,8,.667,0.5,+2.5,2,1,3,False,138,
2024-04-25,2024-04-24,2024,111,201,14,11,.560,3.0,-,3,4,6,False,135,
2024-04-25,2024-04-24,2024,141,201,13,12,.520,4.0,1.0,4,5,7,False,134,
2024-04-25,2024-04-24,2024,139,201,13,13,.500,4.5,1.5,5,7,10,False,133,
2024-04-25,2024-04-24,2024,114,202,17,7,.708,-,-,1,,1,False,-,136
2024-04-25,2024-04-24,2024,118,202,15,10,.600,2.5,+1.0,2,2,4,False,136,
2024-04-25,2024-04-24,2024,116,202,14,11,.560,3.5,-,3,3,5,False,135,
2024-04-25,2024-04-24,2024,142,202,10,13,.435,6.5,3.0,4,8,11,False,133,
2024-04-25,2024-04-24,2024,145,202,3,21,.125,14.0,10.5,5,12,15,False,125,
2024-04-25,2024-04-24,2024,140,200,13,12,.520,-,-,1,,8,False,-,138
2024-04-25,2024-04-24,2024,136,200,12,12,.500,0.5,1.5,2,6,9,False,138,
2024-04-25,2024-04-24,2024,108,200,10,15,.400,3.0,4.0,3,9,12,False,135,
2024-04-25,2024-04-24,2024,133,200,9,16,.360,4.0,5.0,4,10,13,False,134,
2024-04-25,2024-04-24,2024,117,200,7,18,.280,6.0,7.0,5,11,14,False,132,
2024-04-25,2024-04-24,2024,144,204,17,6,.739,-,-,1,,1,False,-,136
2024-04-25,2024-04-24,2024,143,204,15,10,.600,3.0,+0.5,2,2,4,False,136,
2024-04-25,2024-04-24,2024,121,204,13,11,.542,4.5,1.0,3,4,7,False,135,
2024-04-25,2024-04-24,2024,120,204,10,13,.435,7.0,3.5,4,10,13,False,133,
2024-04-25,2024-04-24,2024,146,204,6,20,.231,12.5,9.0,5,12,15,False,126,
2024-04-25,2024-04-24,2024,158,205,15,8,.652,-,-,1,,2,False,-,139
2024-04-25,2024-04-24,2024,112,205,15,9,.625,0.5,+1.0,2,1,3,False,139,
2024-04-25,2024-04-24,2024,113,205,14,10,.583,1.5,-,3,3,5,False,138,
2024-04-25,2024-04-24,2024,134,205,13,12,.520,3.0,1.5,4,5,8,False,136,
2024-04-25,2024-04-24,2024,138,205,11,14,.440,5.0,3.5,5,9,12,False,134,
2024-04-25,2024-04-24,2024,119,203,15,11,.577,-,-,1,,6,False,-,135
2024-04-25,2024-04-24,2024,135,203,14,13,.519,1.5,1.5,2,6,9,False,135,
2024-04-25,2024-04-24,2024,109,203,12,14,.462,3.0,3.0,3,7,10,False,134,
2024-04-25,2024-04-24,2024,137,203,12,14,.462,3.0,3.0,4,8,11,False,134,
2024-04-25,2024-04-24,2024,115,203,6,19,.240,8.5,8.5,5,11,14,False,129,
2024-04-26,2024-04-25,2024,110,201,16,8,.667,-,-,1,,2,False,-,138
2024-04-26,2024-04-25,2024,147,201,17,9,.654,-,+2.5,2,1,3,False,138,
2024-04-26,2024-04-25,2024,111,201,14,12,.538,3.0,0.5,3,4,6,False,135,
2024-04-26,2024-04-25,2024,141,201,13,13,.500,4.0,1.5,4,6,9,False,134,
2024-04-26,2024-04-25,2024,139,201,13,13,.500,4.0,1.5,5,7,10,False,134,
2024-04-26,2024-04-25,2024,114,202,18,7,.720,-,-,1,,1,False,-,135
2024-04-26,2024-04-25,2024,118,202,16,10,.615,2.5,+1.5,2,2,4,False,135,
2024-04-26,2024-04-25,2024,116,202,14,11,.560,4.0,-,3,3,5,False,134,
2024-04-26,2024-04-25,2024,142,202,11,13,.458,6.5,2.5,4,8,11,False,132,
2024-04-26,2024-04-25,2024,145,202,3,22,.120,15.0,11.0,5,12,15,False,123,
2024-04-26,2024-04-25,2024,136,200,13,12,.520,-,-,1,,7,False,-,137
2024-04-26,2024-04-25,2024,140,200,13,13,.500,0.5,1.5,2,5,8,False,137,
2024-04-26,2024-04-25,2024,108,200,10,15,.400,3.0,4.0,3,9,12,False,135,
2024-04-26,2024-04-25,2024,133,200,10,16,.385,3.5,4.5,4,10,13,False,134,
2024-04-26,2024-04-25,2024,117,200,7,19,.269,6.5,7.5,5,11,14,False,131,
2024-04-26,2024-04-25,2024,144,204,17,6,.739,-,-,1,,1,False,-,136
2024-04-26,2024-04-25,2024,143,204,16,10,.615,2.5,+1.5,2,2,4,False,136,
2024-04-26,2024-04-25,2024,121,204,13,11,.542,4.5,0.5,3,4,7,False,135,
2024-04-26,2024-04-25,2024,120,204,10,14,.417,7.5,3.5,4,10,13,False,132,
2024-04-26,2024-04-25,2024,146,204,6,20,.231,12.5,8.5,5,12,15,False,126,
2024-04-26,2024-04-25,2024,158,205,16,8,.667,-,-,1,,2,False,-,138
2024-04-26,2024-04-25,2024,112,205,16,9,.640,0.5,+2.0,2,1,3,False,138,
2024-04-26,2024-04-25,2024,113,205,14,11,.560,2.5,-,3,3,6,False,136,
2024-04-26,2024-04-25,2024,134,205,13,13,.500,4.0,1.5,4,5,8,False,134,
2024-04-26,2024-04-25,2024,138,205,11,14,.440,5.5,3.0,5,9,12,False,133,
2024-04-26,2024-04-25,2024,119,203,16,11,.593,-,-,1,,5,False,-,133
2024-04-26,2024-04-25,2024,135,203,14,14,.500,2.5,1.5,2,6,9,False,133,
2024-04-26,2024-04-25,2024,109,203,12,14,.462,3.5,2.5,3,7,10,False,133,
2024-04-26,2024-04-25,2024,137,203,12,14,.462,3.5,2.5,4,8,11,False,133,
2024-04-26,2024-04-25,2024,115,203,7,19,.269,8.5,7.5,5,11,14,False,128,
2024-04-27,2024-04-26,2024,110,201,16,9,.640,-,-,1,,2,False,-,137
2024-04-27,2024-04-26,2024,147,201,17,10,.630,-,+2.5,2,2,4,False,137,
2024-04-27,2024-04-26,2024,111,201,14,13,.519,3.0,0.5,3,5,8,False,134,
2024-04-27,2024-04-26,2024,141,201,13,14,.481,4.0,1.5,4,6,9,False,133,
2024-04-27,2024-04-26,2024,139,201,13,14,.481,4.0,1.5,5,7,10,False,133,
2024-04-27,2024-04-26,2024,114,202,18,8,.692,-,-,1,,1,False,-,135
2024-04-27,2024-04-26,2024,118,202,17,10,.630,1.5,+2.5,2,1,3,False,135,
2024-04-27,2024-04-26,2024,116,202,14,12,.538,4.0,-,3,3,6,False,133,
2024-04-27,2024-04-26,2024,142,202,12,13,.480,5.5,1.5,4,8,11,False,132,
2024-04-27,2024-04-26,2024,145,202,4,22,.154,14.0,10.0,5,12,15,False,123,
2024-04-27,2024-04-26,2024,136,200,14,12,.538,-,-,1,,5,False,-,136
2024-04-27,2024-04-26,2024,140,200,14,13,.519,0.5,0.5,2,4,7,False,136,
2024-04-27,2024-04-26,2024,133,200,11,16,.407,3.5,3.5,3,9,12,False,133,
2024-04-27,2024-04-26,2024,108,200,10,16,.385,4.0,4.0,4,10,13,False,133,
2024-04-27,2024-04-26,2024,117,200,7,19,.269,7.0,7.0,5,11,14,False,130,
2024-04-27,2024-04-26,2024,144,204,18,6,.750,-,-,1,,1,False,-,135
2024-04-27,2024-04-26,2024,143,204,17,10,.630,2.5,+2.5,2,2,4,False,135,
2024-04-27,2024-04-26,2024,121,204,13,12,.520,5.5,0.5,3,4,7,False,133,
2024-04-27,2024-04-26,2024,120,204,11,14,.440,7.5,2.5,4,10,13,False,131,
2024-04-27,2024-04-26,2024,146,204,6,21,.222,13.5,8.5,5,12,15,False,124,
2024-04-27,2024-04-26,2024,158,205,17,8,.680,-,-,1,,2,False,-,137
2024-04-27,2024-04-26,2024,112,205,17,9,.654,0.5,+3.0,2,1,3,False,137,
2024-04-27,2024-04-26,2024,113,205,14,12,.538,3.5,-,3,3,6,False,134,
2024-04-27,2024-04-26,2024,134,205,13,14,.481,5.0,1.5,4,7,10,False,132,
2024-04-27,2024-04-26,2024,138,205,12,14,.462,5.5,2.0,5,8,11,False,132,
2024-04-27,2024-04-26,2024,119,203,17,11,.607,-,-,1,,5,False,-,131
2024-04-27,2024-04-26,2024,135,203,14,15,.483,3.5,1.5,2,5,8,False,131,
2024-04-27,2024-04-26,2024,137,203,13,14,.481,3.5,1.5,3,6,9,False,132,
2024-04-27,2024-04-26,2024,109,203,12,15,.444,4.5,2.5,4,9,12,False,131,
2024-04-27,2024-04-26,2024,115,203,7,19,.269,9.0,7.0,5,11,14,False,127,
2024-04-28,2024-04-27,2024,110,201,17,9,.654,-,-,1,,2,False,-,136
2024-04-28,2024-04-27,2024,147,201,18,10,.643,-,+2.5,2,1,3,False,136,
2024-04-28,2024-04-27,2024,111,201,15,13,.536,3.0,0.5,3,4,7,False,133,
2024-04-28,2024-04-27,2024,141,201,13,15,.464,5.0,2.5,4,7,10,False,131,
2024-04-28,2024-04-27,2024,139,201,13,15,.464,5.0,2.5,5,8,11,False,131,
2024-04-28,2024-04-27,2024,114,202,19,8,.704,-,-,1,,1,False,-,133
2024-04-28,2024-04-27,2024,118,202,17,11,.607,2.5,+1.5,2,2,4,False,133,
2024-04-28,2024-04-27,2024,116,202,15,12,.556,4.0,-,3,3,5,False,132,
2024-04-28,2024-04-27,2024,142,202,13,13,.500,5.5,1.5,4,5,8,False,131,
2024-04-28,2024-04-27,2024,145,202,5,22,.185,14.0,10.0,5,12,15,False,122,
2024-04-28,2024-04-27,2024,136,200,15,12,.556,-,-,1,,6,False,-,134
2024-04-28,2024-04-27,2024,140,200,14,14,.500,1.5,1.5,2,6,9,False,134,
2024-04-28,2024-04-27,2024,133,200,11,17,.393,4.5,4.5,3,9,12,False,131,
2024-04-28,2024-04-27,2024,108,200,10,17,.370,5.0,5.0,4,10,13,False,131,
2024-04-28,2024-04-27,2024,117,200,8,19,.296,7.0,7.0,5,11,14,False,129,
2024-04-28,2024-04-27,2024,144,204,18,7,.720,-,-,1,,1,False,-,135
2024-04-28,2024-04-27,2024,143,204,18,10,.643,1.5,+2.5,2,1,3,False,135,
2024-04-28,2024-04-27,2024,121,204,13,13,.500,5.5,1.5,3,4,7,False,132,
2024-04-28,2024-04-27,2024,120,204,12,14,.462,6.5,2.5,4,9,12,False,131,
2024-04-28,2024-04-27,2024,146,204,6,22,.214,13.5,9.5,5,12,15,False,123,
2024-04-28,2024-04-27,2024,158,205,17,9,.654,-,-,1,,2,False,-,136
2024-04-28,2024-04-27,2024,112,205,17,10,.630,0.5,+2.0,2,2,4,False,136,
2024-04-28,2024-04-27,2024,113,205,15,12,.556,2.5,-,3,3,6,False,134,
2024-04-28,2024-04-27,2024,134,205,14,14,.500,4.0,1.5,4,5,8,False,132,
2024-04-28,2024-04-27,2024,138,205,13,14,.481,4.5,2.0,5,6,9,False,132,
2024-04-28,2024-04-27,2024,119,203,18,11,.621,-,-,1,,5,False,-,129
2024-04-28,2024-04-27,2024,135,203,14,16,.467,4.5,2.5,2,7,10,False,129,
2024-04-28,2024-04-27,2024,137,203,13,15,.464,4.5,2.5,3,8,11,False,130,
2024-04-28,2024-04-27,2024,109,203,12,16,.429,5.5,3.5,4,10,13,False,129,
2024-04-28,2024-04-27,2024,115,203,7,20,.259,10.0,8.0,5,11,14,False,125,
2024-04-29,2024-04-28,2024,147,201,19,10,.655,-,-,1,,2,False,-,134
2024-04-29,2024-04-28,2024,110,201,17,10,.630,1.0,+1.5,2,1,3,False,134,
2024-04-29,2024-04-28,2024,111,201,16,13,.552,3.0,0.5,3,4,6,False,131,
2024-04-29,2024-04-28,2024,141,201,14,15,.483,5.0,2.5,4,7,10,False,129,
2024-04-29,2024-04-28,2024,139,201,13,16,.448,6.0,3.5,5,8,11,False,128,
2024-04-29,2024-04-28,2024,114,202,19,9,.679,-,-,1,,1,False,-,132
2024-04-29,2024-04-28,2024,118,202,17,12,.586,2.5,+0.5,2,2,4,False,132,
2024-04-29,2024-04-28,2024,116,202,16,12,.571,3.0,-,3,3,5,False,132,
2024-04-29,2024-04-28,2024,142,202,14,13,.519,4.5,1.5,4,5,8,False,131,
2024-04-29,2024-04-28,2024,145,202,6,22,.214,13.0,10.0,5,12,15,False,122,
2024-04-29,2024-04-28,2024,136,200,15,13,.536,-,-,1,,7,False,-,134
2024-04-29,2024-04-28,2024,140,200,15,14,.517,0.5,1.5,2,6,9,False,134,
2024-04-29,2024-04-28,2024,133,200,12,17,.414,3.5,4.5,3,9,12,False,131,
2024-04-29,2024-04-28,2024,108,200,10,18,.357,5.0,6.0,4,10,13,False,130,
2024-04-29,2024-04-28,2024,117,200,9,19,.321,6.0,7.0,5,11,14,False,129,
2024-04-29,2024-04-28,2024,144,204,19,7,.731,-,-,1,,1,False,-,134
2024-04-29,2024-04-28,2024,143,204,19,10,.655,1.5,+3.5,2,1,2,False,134,
2024-04-29,2024-04-28,2024,121,204,14,13,.519,5.5,0.5,3,4,7,False,131,
2024-04-29,2024-04-28,2024,120,204,13,14,.481,6.5,1.5,4,7,10,False,130,
2024-04-29,2024-04-28,2024,146,204,6,23,.207,14.5,9.5,5,12,15,False,121,
2024-04-29,2024-04-28,2024,158,205,17,10,.630,-,-,1,,3,False,-,135
2024-04-29,2024-04-28,2024,112,205,17,11,.607,0.5,+2.0,2,2,4,False,135,
2024-04-29,2024-04-28,2024,113,205,15,13,.536,2.5,-,3,3,6,False,133,
2024-04-29,2024-04-28,2024,134,205,14,15,.483,4.0,1.5,4,6,9,False,131,
2024-04-29,2024-04-28,2024,138,205,13,15,.464,4.5,2.0,5,8,11,False,131,
2024-04-29,2024-04-28,2024,119,203,18,12,.600,-,-,1,,5,False,-,130
2024-04-29,2024-04-28,2024,137,203,14,15,.483,3.5,1.5,2,5,8,False,130,
2024-04-29,2024-04-28,2024,135,203,14,17,.452,4.5,2.5,3,9,12,False,128,
2024-04-29,2024-04-28,2024,109,203,13,16,.448,4.5,2.5,4,10,13,False,129,
2024-04-29,2024-04-28,2024,115,203,7,21,.250,10.0,8.0,5,11,14,False,124,
2024-04-30,2024-04-29,2024,110,201,18,10,.643,-,-,1,,2,False,-,134
2024-04-30,2024-04-29,2024,147,201,19,11,.633,-,+2.0,2,1,3,False,134,
2024-04-30,2024-04-29,2024,111,201,16,13,.552,2.5,0.5,3,4,7,False,132,
2024-04-30,2024-04-29,2024,141,201,15,15,.500,4.0,2.0,4,7,10,False,130,
2024-04-30,2024-04-29,2024,139,201,14,16,.467,5.0,3.0,5,8,11,False,129,
2024-04-30,2024-04-29,2024,114,202,19,9,.679,-,-,1,,1,False,-,132
2024-04-30,2024-04-29,2024,116,202,16,12,.571,3.0,-,2,2,4,False,132,
2024-04-30,2024-04-29,2024,118,202,17,13,.567,3.0,-,3,3,5,False,131,
2024-04-30,2024-04-29,2024,142,202,15,13,.536,4.0,1.0,4,5,8,False,131,
2024-04-30,2024-04-29,2024,145,202,6,23,.207,13.5,10.5,5,12,15,False,121,
2024-04-30,2024-04-29,2024,136,200,16,13,.552,-,-,1,,6,False,-,133
2024-04-30,2024-04-29,2024,140,200,15,14,.517,1.0,1.5,2,6,9,False,133,
2024-04-30,2024-04-29,2024,133,200,13,17,.433,3.5,4.0,3,9,12,False,130,
2024-04-30,2024-04-29,2024,108,200,11,18,.379,5.0,5.5,4,10,13,False,129,
2024-04-30,2024-04-29,2024,117,200,9,19,.321,6.5,7.0,5,11,14,False,128,
2024-04-30,2024-04-29,2024,144,204,19,8,.704,-,-,1,,1,False,-,133
2024-04-30,2024-04-29,2024,143,204,19,11,.633,1.5,+2.5,2,1,2,False,133,
2024-04-30,2024-04-29,2024,120,204,14,14,.500,5.5,1.5,3,4,7,False,130,
2024-04-30,2024-04-29,2024,121,204,14,14,.500,5.5,1.5,4,5,8,False,130,
2024-04-30,2024-04-29,2024,146,204,6,24,.200,14.5,10.5,5,12,15,False,120,
2024-04-30,2024-04-29,2024,112,205,18,11,.621,-,-,1,,3,False,-,134
2024-04-30,2024-04-29,2024,158,205,17,11,.607,0.5,+1.5,2,2,5,False,134,
2024-04-30,2024-04-29,2024,113,205,16,13,.552,2.0,-,3,3,6,False,132,
2024-04-30,2024-04-29,2024,134,205,14,16,.467,4.5,2.5,4,7,10,False,129,
2024-04-30,2024-04-29,2024,138,205,13,15,.464,4.5,2.5,5,8,11,False,130,
2024-04-30,2024-04-29,2024,119,203,19,12,.613,-,-,1,,4,False,-,129
2024-04-30,2024-04-29,2024,137,203,14,15,.483,4.0,2.0,2,6,9,False,129,
2024-04-30,2024-04-29,2024,135,203,14,18,.438,5.5,3.5,3,9,12,False,126,
2024-04-30,2024-04-29,2024,109,203,13,17,.433,5.5,3.5,4,10,13,False,127,
2024-04-30,2024-04-29,2024,115,203,7,21,.250,10.5,8.5,5,11,14,False,123,
2024-05-01,2024-04-30,2024,110,201,19,10,.655,-,-,1,,1,False,-,132
2024-05-01,2024-04-30,2024,147,201,19,12,.613,1.0,+1.5,2,1,3,False,132,
2024-05-01,2024-04-30,2024,111,201,17,13,.567,2.5,-,3,3,6,False,131,
2024-05-01,2024-04-30,2024,141,201,15,16,.484,5.0,2.5,4,7,10,False,128,
2024-05-01,2024-04-30,2024,139,201,14,17,.452,6.0,3.5,5,9,12,False,127,
2024-05-01,2024-04-30,2024,114,202,19,10,.655,-,-,1,,2,False,-,131
2024-05-01,2024-04-30,2024,118,202,18,13,.581,2.0,+0.5,2,2,4,False,131,
2024-05-01,2024-04-30,2024,116,202,17,13,.567,2.5,-,3,4,7,False,131,
2024-05-01,2024-04-30,2024,142,202,16,13,.552,3.0,0.5,4,5,8,False,131,
2024-05-01,2024-04-30,2024,145,202,6,24,.200,13.5,11.0,5,12,15,False,120,
2024-05-01,2024-04-30,2024,136,200,17,13,.567,-,-,1,,5,False,-,132
2024-05-01,2024-04-30,2024,140,200,16,14,.533,1.0,1.0,2,6,9,False,132,
2024-05-01,2024-04-30,2024,133,200,14,17,.452,3.5,3.5,3,8,11,False,129,
2024-05-01,2024-04-30,2024,108,200,11,19,.367,6.0,6.0,4,10,13,False,127,
2024-05-01,2024-04-30,2024,117,200,10,19,.345,6.5,6.5,5,11,14,False,127,
2024-05-01,2024-04-30,2024,144,204,19,9,.679,-,-,1,,1,False,-,133
2024-05-01,2024-04-30,2024,143,204,20,11,.645,0.5,+3.5,2,1,2,False,133,
2024-05-01,2024-04-30,2024,121,204,15,14,.517,4.5,0.5,3,4,7,False,130,
2024-05-01,2024-04-30,2024,120,204,14,15,.483,5.5,1.5,4,5,8,False,129,
2024-05-01,2024-04-30,2024,146,204,7,24,.226,13.5,9.5,5,12,15,False,120,
2024-05-01,2024-04-30,2024,158,205,18,11,.621,-,-,1,,3,False,-,133
2024-05-01,2024-04-30,2024,112,205,18,12,.600,0.5,+2.0,2,2,4,False,133,
2024-05-01,2024-04-30,2024,113,205,16,14,.533,2.5,-,3,3,6,False,131,
2024-05-01,2024-04-30,2024,138,205,14,16,.467,4.5,2.0,4,7,10,False,129,
2024-05-01,2024-04-30,2024,134,205,14,17,.452,5.0,2.5,5,10,13,False,128,
2024-05-01,2024-04-30,2024,119,203,19,13,.594,-,-,1,,5,False,-,128
2024-05-01,2024-04-30,2024,137,203,14,16,.467,4.0,2.0,2,6,9,False,128,
2024-05-01,2024-04-30,2024,135,203,15,18,.455,4.5,2.5,3,8,11,False,126,
2024-05-01,2024-04-30,2024,109,203,14,17,.452,4.5,2.5,4,9,12,False,127,
2024-05-01,2024-04-30,2024,115,203,7,22,.241,10.5,8.5,5,11,14,False,122,
2024-05-02,2024-05-01,2024,110,201,19,11,.633,-,-,1,,2,False,-,132
2024-05-02,2024-05-01,2024,147,201,20,12,.625,-,+1.5,2,1,3,False,132,
2024-05-02,2024-05-01,2024,111,201,18,13,.581,1.5,-,3,4,6,False,131,
2024-05-02,2024-05-01,2024,141,201,15,17,.469,5.0,3.5,4,8,11,False,127,
2024-05-02,2024-05-01,2024,139,201,14,18,.438,6.0,4.5,5,9,12,False,126,
2024-05-02,2024-05-01,2024,114,202,20,10,.667,-,-,1,,1,False,-,130
2024-05-02,2024-05-01,2024,118,202,19,13,.594,2.0,+0.5,2,2,4,False,130,
2024-05-02,2024-05-01,2024,116,202,18,13,.581,2.5,-,3,3,5,False,130,
2024-05-02,2024-05-01,2024,142,202,17,13,.567,3.0,0.5,4,5,7,False,130,
2024-05-02,2024-05-01,2024,145,202,6,25,.194,14.5,12.0,5,12,15,False,118,
2024-05-02,2024-05-01,2024,136,200,17,14,.548,-,-,1,,8,False,-,131
2024-05-02,2024-05-01,2024,140,200,16,15,.516,1.0,2.0,2,6,9,False,131,
2024-05-02,2024-05-01,2024,133,200,15,17,.469,2.5,3.5,3,7,10,False,129,
2024-05-02,2024-05-01,2024,108,200,11,20,.355,6.0,7.0,4,10,13,False,126,
2024-05-02,2024-05-01,2024,117,200,10,20,.333,6.5,7.5,5,11,14,False,126,
2024-05-02,2024-05-01,2024,144,204,20,9,.690,-,-,1,,1,False,-,132
2024-05-02,2024-05-01,2024,143,204,21,11,.656,0.5,+4.5,2,1,2,False,132,
2024-05-02,2024-05-01,2024,120,204,15,15,.500,5.5,0.5,3,4,7,False,128,
2024-05-02,2024-05-01,2024,121,204,15,15,.500,5.5,0.5,4,5,8,False,128,
2024-05-02,2024-05-01,2024,146,204,8,24,.250,13.5,8.5,5,11,14,False,119,
2024-05-02,2024-05-01,2024,158,205,19,11,.633,-,-,1,,3,False,-,132
2024-05-02,2024-05-01,2024,112,205,19,12,.613,0.5,+3.0,2,2,4,False,132,
2024-05-02,2024-05-01,2024,113,205,16,15,.516,3.5,-,3,3,6,False,129,
2024-05-02,2024-05-01,2024,138,205,14,17,.452,5.5,2.0,4,8,11,False,127,
2024-05-02,2024-05-01,2024,134,205,14,18,.438,6.0,2.5,5,10,13,False,126,
2024-05-02,2024-05-01,2024,119,203,20,13,.606,-,-,1,,5,False,-,125
2024-05-02,2024-05-01,2024,135,203,16,18,.471,4.5,1.5,2,6,9,False,125,
2024-05-02,2024-05-01,2024,137,203,14,17,.452,5.0,2.0,3,7,10,False,126,
2024-05-02,2024-05-01,2024,109,203,14,18,.438,5.5,2.5,4,9,12,False,125,
2024-05-02,2024-05-01,2024,115,203,7,23,.233,11.5,8.5,5,12,15,False,120,
2024-05-03,2024-05-02,2024,110,201,20,11,.645,-,-,1,,1,False,-,130
2024-05-03,2024-05-02,2024,147,201,20,13,.606,1.0,+1.0,2,1,3,False,130,
2024-05-03,2024-05-02,2024,111,201,18,14,.563,2.5,0.5,3,5,7,False,129,
2024-05-03,2024-05-02,2024,141,201,15,17,.469,5.5,3.5,4,8,11,False,126,
2024-05-03,2024-05-02,2024,139,201,14,18,.438,6.5,4.5,5,9,12,False,125,
2024-05-03,2024-05-02,2024,114,202,20,11,.645,-,-,1,,2,False,-,130
2024-05-03,2024-05-02,2024,118,202,19,13,.594,1.5,+0.5,2,2,4,False,130,
2024-05-03,2024-05-02,2024,116,202,18,13,.581,2.0,-,3,3,5,False,130,
2024-05-03,2024-05-02,2024,142,202,17,13,.567,2.5,0.5,4,4,6,False,130,
2024-05-03,2024-05-02,2024,145,202,6,25,.194,14.0,12.0,5,12,15,False,118,
2024-05-03,2024-05-02,2024,136,200,17,14,.548,-,-,1,,8,False,-,131
2024-05-03,2024-05-02,2024,140,200,17,15,.531,0.5,1.5,2,6,9,False,131,
2024-05-03,2024-05-02,2024,133,200,15,17,.469,2.5,3.5,3,7,10,False,129,
2024-05-03,2024-05-02,2024,117,200,11,20,.355,6.0,7.0,4,10,13,False,126,
2024-05-03,2024-05-02,2024,108,200,11,20,.355,6.0,7.0,5,11,14,False,126,
2024-05-03,2024-05-02,2024,144,204,20,9,.690,-,-,1,,1,False,-,132
2024-05-03,2024-05-02,2024,143,204,21,11,.656,0.5,+4.5,2,1,2,False,132,
2024-05-03,2024-05-02,2024,121,204,16,15,.516,5.0,-,3,3,6,False,128,
2024-05-03,2024-05-02,2024,120,204,15,16,.484,6.0,1.0,4,5,8,False,127,
2024-05-03,2024-05-02,2024,146,204,9,24,.273,13.0,8.0,5,11,14,False,119,
2024-05-03,2024-05-02,2024,158,205,19,11,.633,-,-,1,,3,False,-,131
2024-05-03,2024-05-02,2024,112,205,19,13,.594,1.0,+2.5,2,2,5,False,131,
2024-05-03,2024-05-02,2024,113,205,16,15,.516,3.5,-,3,4,7,False,129,
2024-05-03,2024-05-02,2024,138,205,14,17,.452,5.5,2.0,4,8,11,False,127,
2024-05-03,2024-05-02,2024,134,205,14,18,.438,6.0,2.5,5,10,13,False,126,
2024-05-03,2024-05-02,2024,119,203,20,13,.606,-,-,1,,4,False,-,125
2024-05-03,2024-05-02,2024,135,203,16,18,.471,4.5,1.5,2,6,9,False,125,
2024-05-03,2024-05-02,2024,137,203,15,17,.469,4.5,1.5,3,7,10,False,126,
2024-05-03,2024-05-02,2024,109,203,14,18,.438,5.5,2.5,4,9,12,False,125,
2024-05-03,2024-05-02,2024,115,203,7,24,.226,12.0,9.0,5,12,15,False,119,
2024-05-04,2024-05-03,2024,110,201,21,11,.656,-,-,1,,1,False,-,129
2024-05-04,2024-05-03,2024,147,201,21,13,.618,1.0,+1.5,2,1,3,False,129,
2024-05-04,2024-05-03,2024,111,201,18,15,.545,3.5,1.0,3,5,7,False,127,
2024-05-04,2024-05-03,2024,141,201,15,18,.455,6.5,4.0,4,8,11,False,124,
2024-05-04,2024-05-03,2024,139,201,15,18,.455,6.5,4.0,5,9,12,False,124,
2024-05-04,2024-05-03,2024,114,202,20,12,.625,-,-,1,,2,False,-,130
2024-05-04,2024-05-03,2024,118,202,20,13,.606,0.5,+1.0,2,2,4,False,130,
2024-05-04,2024-05-03,2024,142,202,18,13,.581,1.5,-,3,3,5,False,130,
2024-05-04,2024-05-03,2024,116,202,18,14,.563,2.0,0.5,4,4,6,False,129,
2024-05-04,2024-05-03,2024,145,202,6,26,.188,14.0,12.5,5,12,15,False,117,
2024-05-04,2024-05-03,2024,136,200,17,15,.531,-,-,1,,8,False,-,130
2024-05-04,2024-05-03,2024,140,200,17,16,.515,0.5,2.0,2,6,9,False,130,
2024-05-04,2024-05-03,2024,133,200,16,17,.485,1.5,3.0,3,7,10,False,129,
2024-05-04,2024-05-03,2024,117,200,12,20,.375,5.0,6.5,4,10,13,False,126,
2024-05-04,2024-05-03,2024,108,200,12,20,.375,5.0,6.5,5,11,14,False,126,
2024-05-04,2024-05-03,2024,143,204,22,11,.667,-,-,1,,1,False,-,125
2024-05-04,2024-05-03,2024,144,204,20,10,.667,0.5,+5.0,2,1,2,False,-,
2024-05-04,2024-05-03,2024,120,204,16,16,.500,5.5,-,3,5,8,False,125,
2024-05-04,2024-05-03,2024,121,204,16,16,.500,5.5,-,4,3,6,False,125,
2024-05-04,2024-05-03,2024,146,204,9,25,.265,13.5,8.0,5,11,14,False,116,
2024-05-04,2024-05-03,2024,158,205,20,11,.645,-,-,1,,3,False,-,129
2024-05-04,2024-05-03,2024,112,205,19,14,.576,2.0,+2.5,2,2,5,False,129,
2024-05-04,2024-05-03,2024,113,205,16,16,.500,4.5,-,3,4,7,False,127,
2024-05-04,2024-05-03,2024,138,205,15,17,.469,5.5,1.0,4,7,10,False,126,
2024-05-04,2024-05-03,2024,134,205,14,19,.424,7.0,2.5,5,10,13,False,124,
2024-05-04,2024-05-03,2024,119,203,21,13,.618,-,-,1,,4,False,-,124
2024-05-04,2024-05-03,2024,135,203,17,18,.486,4.5,0.5,2,6,9,False,124,
2024-05-04,2024-05-03,2024,137,203,15,18,.455,5.5,1.5,3,8,11,False,124,
2024-05-04,2024-05-03,2024,109,203,14,19,.424,6.5,2.5,4,9,12,False,123,
2024-05-04,2024-05-03,2024,115,203,8,24,.250,12.0,8.0,5,12,15,False,118,
2024-05-05,2024-05-04,2024,110,201,22,11,.667,-,-,1,,1,False,-,128
2024-05-05,2024-05-04,2024,147,201,22,13,.629,1.0,+1.5,2,1,3,False,128,
2024-05-05,2024-05-04,2024,111,201,18,16,.529,4.5,2.0,3,6,9,False,125,
2024-05-05,2024-05-04,2024,141,201,16,18,.471,6.5,4.0,4,8,11,False,123,
2024-05-05,2024-05-04,2024,139,201,16,18,.471,6.5,4.0,5,9,12,False,123,
2024-05-05,2024-05-04,2024,114,202,21,12,.636,-,-,1,,2,False,-,129
2024-05-05,2024-05-04,2024,142,202,19,13,.594,1.5,-,2,2,4,False,129,
2024-05-05,2024-05-04,2024,118,202,20,14,.588,1.5,-,3,3,5,False,128,
2024-05-05,2024-05-04,2024,116,202,18,15,.545,3.0,1.5,4,4,6,False,127,
2024-05-05,2024-05-04,2024,145,202,7,26,.212,14.0,12.5,5,12,15,False,116,
2024-05-05,2024-05-04,2024,136,200,18,15,.545,-,-,1,,7,False,-,129
2024-05-05,2024-05-04,2024,140,200,18,16,.529,0.5,2.0,2,5,8,False,129,
2024-05-05,2024-05-04,2024,133,200,17,17,.500,1.5,3.0,3,7,10,False,128,
2024-05-05,2024-05-04,2024,117,200,12,21,.364,6.0,7.5,4,10,13,False,124,
2024-05-05,2024-05-04,2024,108,200,12,21,.364,6.0,7.5,5,11,14,False,124,
2024-05-05,2024-05-04,2024,143,204,23,11,.676,-,-,1,,1,False,-,129
2024-05-05,2024-05-04,2024,144,204,20,11,.645,1.5,+4.5,2,1,2,False,129,
2024-05-05,2024-05-04,2024,120,204,16,17,.485,6.5,0.5,3,6,9,False,123,
2024-05-05,2024-05-04,2024,121,204,16,17,.485,6.5,0.5,4,4,7,False,123,
2024-05-05,2024-05-04,2024,146,204,9,26,.257,14.5,8.5,5,11,14,False,114,
2024-05-05,2024-05-04,2024,158,205,20,12,.625,-,-,1,,4,False,-,129
2024-05-05,2024-05-04,2024,112,205,20,14,.588,1.0,+3.0,2,2,5,False,129,
2024-05-05,2024-05-04,2024,113,205,16,17,.485,4.5,0.5,3,5,8,False,126,
2024-05-05,2024-05-04,2024,138,205,15,18,.455,5.5,1.5,4,7,10,False,125,
2024-05-05,2024-05-04,2024,134,205,15,19,.441,6.0,2.0,5,9,12,False,124,
2024-05-05,2024-05-04,2024,119,203,22,13,.629,-,-,1,,3,False,-,123
2024-05-05,2024-05-04,2024,135,203,18,18,.500,4.5,-,2,3,6,False,123,
2024-05-05,2024-05-04,2024,137,203,15,19,.441,6.5,2.0,3,8,11,False,122,
2024-05-05,2024-05-04,2024,109,203,14,20,.412,7.5,3.0,4,10,13,False,121,
2024-05-05,2024-05-04,2024,115,203,8,25,.242,13.0,8.5,5,12,15,False,116,
2024-05-06,2024-05-05,2024,110,201,23,11,.676,-,-,1,,1,False,-,127
2024-05-06,2024-05-05,2024,147,201,23,13,.639,1.0,+2.5,2,1,3,False,127,
2024-05-06,2024-05-05,2024,111,201,19,16,.543,4.5,1.0,3,5,8,False,124,
2024-05-06,2024-05-05,2024,139,201,17,18,.486,6.5,3.0,4,8,11,False,122,
2024-05-06,2024-05-05,2024,141,201,16,19,.457,7.5,4.0,5,9,12,False,121,
2024-05-06,2024-05-05,2024,114,202,22,12,.647,-,-,1,,2,False,-,127
2024-05-06,2024-05-05,2024,142,202,19,14,.576,2.5,-,2,2,4,False,127,
2024-05-06,2024-05-05,2024,118,202,20,15,.571,2.5,-,3,3,5,False,126,
2024-05-06,2024-05-05,2024,116,202,18,16,.529,4.0,1.5,4,6,9,False,125,
2024-05-06,2024-05-05,2024,145,202,8,26,.235,14.0,11.5,5,12,15,False,115,
2024-05-06,2024-05-05,2024,136,200,19,15,.559,-,-,1,,6,False,-,128
2024-05-06,2024-05-05,2024,140,200,19,16,.543,0.5,1.0,2,4,7,False,128,
2024-05-06,2024-05-05,2024,133,200,17,18,.486,2.5,3.0,3,7,10,False,126,
2024-05-06,2024-05-05,2024,117,200,12,22,.353,7.0,7.5,4,10,13,False,122,
2024-05-06,2024-05-05,2024,108,200,12,22,.353,7.0,7.5,5,11,14,False,122,
2024-05-06,2024-05-05,2024,143,204,24,11,.686,-,-,1,,1,False,-,127
2024-05-06,2024-05-05,2024,144,204,20,12,.625,2.5,+4.0,2,1,3,False,127,
2024-05-06,2024-05-05,2024,120,204,17,17,.500,6.5,-,3,3,6,False,122,
2024-05-06,2024-05-05,2024,121,204,16,18,.471,7.5,1.0,4,5,8,False,121,
2024-05-06,2024-05-05,2024,146,204,10,26,.278,14.5,8.0,5,11,14,False,113,
2024-05-06,2024-05-05,2024,158,205,20,13,.606,-,-,1,,4,False,-,129
2024-05-06,2024-05-05,2024,112,205,21,14,.600,-,+3.5,2,2,5,False,129,
2024-05-06,2024-05-05,2024,113,205,16,18,.471,4.5,1.0,3,6,9,False,125,
2024-05-06,2024-05-05,2024,134,205,16,19,.457,5.0,1.5,4,7,10,False,124,
2024-05-06,2024-05-05,2024,138,205,15,19,.441,5.5,2.0,5,8,11,False,124,
2024-05-06,2024-05-05,2024,119,203,23,13,.639,-,-,1,,2,False,-,121
2024-05-06,2024-05-05,2024,135,203,18,19,.486,5.5,0.5,2,4,7,False,121,
2024-05-06,2024-05-05,2024,109,203,15,20,.429,7.5,2.5,3,9,12,False,120,
2024-05-06,2024-05-05,2024,137,203,15,20,.429,7.5,2.5,4,10,13,False,120,
2024-05-06,2024-05-05,2024,115,203,8,26,.235,14.0,9.0,5,12,15,False,114,
2024-05-07,2024-05-06,2024,110,201,23,11,.676,-,-,1,,1,False,-,127
2024-05-07,2024-05-06,2024,147,201,23,13,.639,1.0,+2.0,2,1,3,False,127,
2024-05-07,2024-05-06,2024,111,201,19,16,.543,4.5,1.5,3,5,8,False,124,
2024-05-07,2024-05-06,2024,139,201,18,18,.500,6.0,3.0,4,7,10,False,122,
2024-05-07,2024-05-06,2024,141,201,16,19,.457,7.5,4.5,5,9,12,False,121,
2024-05-07,2024-05-06,2024,114,202,23,12,.657,-,-,1,,2,False,-,126
2024-05-07,2024-05-06,2024,142,202,20,14,.588,2.5,-,2,2,4,False,126,
2024-05-07,2024-05-06,2024,118,202,21,15,.583,2.5,-,3,3,5,False,125,
2024-05-07,2024-05-06,2024,116,202,18,17,.514,5.0,2.5,4,6,9,False,123,
2024-05-07,2024-05-06,2024,145,202,8,27,.229,15.0,12.5,5,12,15,False,113,
2024-05-07,2024-05-06,2024,140,200,20,16,.556,-,-,1,,6,False,-,127
2024-05-07,2024-05-06,2024,136,200,19,16,.543,0.5,1.5,2,4,7,False,127,
2024-05-07,2024-05-06,2024,133,200,17,19,.472,3.0,4.0,3,8,11,False,124,
2024-05-07,2024-05-06,2024,117,200,12,22,.353,7.0,8.0,4,10,13,False,121,
2024-05-07,2024-05-06,2024,108,200,12,23,.343,7.5,8.5,5,11,14,False,120,
2024-05-07,2024-05-06,2024,143,204,25,11,.694,-,-,1,,1,False,-,126
2024-05-07,2024-05-06,2024,144,204,20,12,.625,3.0,+4.0,2,1,3,False,126,
2024-05-07,2024-05-06,2024,120,204,17,17,.500,7.0,-,3,3,6,False,121,
2024-05-07,2024-05-06,2024,121,204,17,18,.486,7.5,0.5,4,5,8,False,120,
2024-05-07,2024-05-06,2024,146,204,10,27,.270,15.5,8.5,5,11,14,False,111,
2024-05-07,2024-05-06,2024,158,205,20,14,.588,-,-,1,,4,False,-,128
2024-05-07,2024-05-06,2024,112,205,21,15,.583,-,+3.0,2,2,5,False,128,
2024-05-07,2024-05-06,2024,134,205,17,19,.472,4.0,1.0,3,6,9,False,124,
2024-05-07,2024-05-06,2024,113,205,16,18,.471,4.0,1.0,4,7,10,False,125,
2024-05-07,2024-05-06,2024,138,205,15,20,.429,5.5,2.5,5,9,12,False,123,
2024-05-07,2024-05-06,2024,119,203,24,13,.649,-,-,1,,2,False,-,120
2024-05-07,2024-05-06,2024,135,203,19,19,.500,5.5,-,2,4,7,False,120,
2024-05-07,2024-05-06,2024,109,203,15,20,.429,8.0,2.5,3,8,11,False,119,
2024-05-07,2024-05-06,2024,137,203,15,21,.417,8.5,3.0,4,10,13,False,118,
2024-05-07,2024-05-06,2024,115,203,8,26,.235,14.5,9.0,5,12,15,False,113,
2024-05-08,2024-05-07,2024,110,201,23,12,.657,-,-,1,,1,False,-,127
2024-05-08,2024-05-07,2024,147,201,24,13,.649,-,+3.0,2,1,2,False,127,
2024-05-08,2024-05-07,2024,111,201,19,17,.528,4.5,1.5,3,6,9,False,123,
2024-05-08,2024-05-07,2024,139,201,19,18,.514,5.0,2.0,4,7,10,False,122,
2024-05-08,2024-05-07,2024,141,201,16,20,.444,7.5,4.5,5,9,12,False,120,
2024-05-08,2024-05-07,2024,114,202,23,13,.639,-,-,1,,3,False,-,125
2024-05-08,2024-05-07,2024,142,202,20,15,.571,2.5,-,2,2,4,False,125,
2024-05-08,2024-05-07,2024,118,202,21,16,.568,2.5,-,3,3,6,False,124,
2024-05-08,2024-05-07,2024,116,202,19,17,.528,4.0,1.5,4,5,8,False,123,
2024-05-08,2024-05-07,2024,145,202,8,28,.222,15.0,12.5,5,12,15,False,112,
2024-05-08,2024-05-07,2024,140,200,21,16,.568,-,-,1,,5,False,-,126
2024-05-08,2024-05-07,2024,136,200,20,16,.556,0.5,0.5,2,4,7,False,126,
2024-05-08,2024-05-07,2024,133,200,17,20,.459,4.0,4.0,3,8,11,False,122,
2024-05-08,2024-05-07,2024,108,200,13,23,.361,7.5,7.5,4,10,13,False,119,
2024-05-08,2024-05-07,2024,117,200,12,23,.343,8.0,8.0,5,11,14,False,119,
2024-05-08,2024-05-07,2024,143,204,26,11,.703,-,-,1,,1,False,-,125
2024-05-08,2024-05-07,2024,144,204,21,12,.636,3.0,+4.0,2,1,3,False,125,
2024-05-08,2024-05-07,2024,120,204,18,17,.514,7.0,-,3,3,6,False,120,
2024-05-08,2024-05-07,2024,121,204,18,18,.500,7.5,0.5,4,4,7,False,119,
2024-05-08,2024-05-07,2024,146,204,10,28,.263,16.5,9.5,5,11,14,False,109,
2024-05-08,2024-05-07,2024,158,205,21,14,.600,-,-,1,,4,False,-,127
2024-05-08,2024-05-07,2024,112,205,22,15,.595,-,+3.0,2,2,5,False,127,
2024-05-08,2024-05-07,2024,134,205,17,20,.459,5.0,2.0,3,6,9,False,122,
2024-05-08,2024-05-07,2024,113,205,16,19,.457,5.0,2.0,4,7,10,False,123,
2024-05-08,2024-05-07,2024,138,205,15,21,.417,6.5,3.5,5,10,13,False,121,
2024-05-08,2024-05-07,2024,119,203,25,13,.658,-,-,1,,2,False,-,118
2024-05-08,2024-05-07,2024,135,203,19,20,.487,6.5,1.0,2,5,8,False,118,
2024-05-08,2024-05-07,2024,109,203,16,20,.444,8.0,2.5,3,8,11,False,118,
2024-05-08,2024-05-07,2024,137,203,16,21,.432,8.5,3.0,4,9,12,False,117,
2024-05-08,2024-05-07,2024,115,203,8,27,.229,15.5,10.0,5,12,15,False,111,
2024-05-09,2024-05-08,2024,110,201,24,12,.667,-,-,1,,1,False,-,126
2024-05-09,2024-05-08,2024,147,201,25,13,.658,-,+3.0,2,1,2,False,126,
2024-05-09,2024-05-08,2024,111,201,19,18,.514,5.5,2.5,3,6,9,False,121,
2024-05-09,2024-05-08,2024,139,201,19,19,.500,6.0,3.0,4,7,10,False,120,
2024-05-09,2024-05-08,2024,141,201,17,20,.459,7.5,4.5,5,9,12,False,119,
2024-05-09,2024-05-08,2024,114,202,24,13,.649,-,-,1,,3,False,-,124
2024-05-09,2024-05-08,2024,142,202,21,15,.583,2.5,-,2,2,4,False,124,
2024-05-09,2024-05-08,2024,118,202,22,16,.579,2.5,-,3,3,5,False,123,
2024-05-09,2024-05-08,2024,116,202,19,18,.514,5.0,2.5,4,5,8,False,121,
2024-05-09,2024-05-08,2024,145,202,9,28,.243,15.0,12.5,5,12,15,False,111,
2024-05-09,2024-05-08,2024,140,200,22,17,.564,-,-,1,,6,False,-,124
2024-05-09,2024-05-08,2024,136,200,20,17,.541,1.0,1.5,2,4,7,False,124,
2024-05-09,2024-05-08,2024,133,200,18,21,.462,4.0,4.5,3,8,11,False,120,
2024-05-09,2024-05-08,2024,108,200,14,23,.378,7.0,7.5,4,10,13,False,118,
2024-05-09,2024-05-08,2024,117,200,12,24,.333,8.5,9.0,5,11,14,False,117,
2024-05-09,2024-05-08,2024,143,204,26,12,.684,-,-,1,,1,False,-,125
2024-05-09,2024-05-08,2024,144,204,22,12,.647,2.0,+5.0,2,1,3,False,125,
2024-05-09,2024-05-08,2024,120,204,18,18,.500,7.0,-,3,3,6,False,119,
2024-05-09,2024-05-08,2024,121,204,18,18,.500,7.0,-,4,4,7,False,119,
2024-05-09,2024-05-08,2024,146,204,10,29,.256,16.5,9.5,5,11,14,False,108,
2024-05-09,2024-05-08,2024,158,205,21,15,.583,-,-,1,,4,False,-,126
2024-05-09,2024-05-08,2024,112,205,22,16,.579,-,+3.0,2,2,5,False,126,
2024-05-09,2024-05-08,2024,134,205,17,21,.447,5.0,2.0,3,8,11,False,121,
2024-05-09,2024-05-08,2024,113,205,16,20,.444,5.0,2.0,4,9,12,False,122,
2024-05-09,2024-05-08,2024,138,205,15,21,.417,6.0,3.0,5,10,13,False,121,
2024-05-09,2024-05-08,2024,119,203,26,13,.667,-,-,1,,2,False,-,117
2024-05-09,2024-05-08,2024,135,203,20,20,.500,6.5,-,2,5,8,False,117,
2024-05-09,2024-05-08,2024,109,203,17,20,.459,8.0,1.5,3,6,9,False,117,
2024-05-09,2024-05-08,2024,137,203,17,21,.447,8.5,2.0,4,7,10,False,116,
2024-05-09,2024-05-08,2024,115,203,8,28,.222,16.5,10.0,5,12,15,False,109,
2024-05-10,2024-05-09,2024,110,201,24,12,.667,-,-,1,,1,False,-,125
2024-05-10,2024-05-09,2024,147,201,25,14,.641,0.5,+2.0,2,1,2,False,125,
2024-05-10,2024-05-09,2024,111,201,19,18,.514,5.5,3.0,3,6,9,False,121,
2024-05-10,2024-05-09,2024,139,201,19,19,.500,6.0,3.5,4,7,10,False,120,
2024-05-10,2024-05-09,2024,141,201,17,20,.459,7.5,5.0,5,9,12,False,119,
2024-05-10,2024-05-09,2024,114,202,24,14,.632,-,-,1,,3,False,-,124
2024-05-10,2024-05-09,2024,142,202,22,15,.595,1.5,-,2,2,4,False,124,
2024-05-10,2024-05-09,2024,118,202,23,16,.590,1.5,-,3,3,5,False,123,
2024-05-10,2024-05-09,2024,116,202,19,18,.514,4.5,3.0,4,5,8,False,121,
2024-05-10,2024-05-09,2024,145,202,10,28,.263,14.0,12.5,5,12,15,False,111,
2024-05-10,2024-05-09,2024,140,200,22,17,.564,-,-,1,,6,False,-,123
2024-05-10,2024-05-09,2024,136,200,20,18,.526,1.5,2.5,2,4,7,False,123,
2024-05-10,2024-05-09,2024,133,200,18,21,.462,4.0,5.0,3,8,11,False,120,
2024-05-10,2024-05-09,2024,108,200,14,24,.368,7.5,8.5,4,10,13,False,117,
2024-05-10,2024-05-09,2024,117,200,13,24,.351,8.0,9.0,5,11,14,False,117,
2024-05-10,2024-05-09,2024,143,204,26,12,.684,-,-,1,,1,False,-,125
2024-05-10,2024-05-09,2024,144,204,22,12,.647,2.0,+5.0,2,1,3,False,125,
2024-05-10,2024-05-09,2024,120,204,18,18,.500,7.0,-,3,3,6,False,119,
2024-05-10,2024-05-09,2024,121,204,18,18,.500,7.0,-,4,4,7,False,119,
2024-05-10,2024-05-09,2024,146,204,10,29,.256,16.5,9.5,5,11,14,False,108,
2024-05-10,2024-05-09,2024,158,205,22,15,.595,-,-,1,,4,False,-,125
2024-05-10,2024-05-09,2024,112,205,22,16,.579,0.5,+3.0,2,2,5,False,125,
2024-05-10,2024-05-09,2024,134,205,17,21,.447,5.5,2.0,3,7,10,False,120,
2024-05-10,2024-05-09,2024,113,205,16,21,.432,6.0,2.5,4,9,12,False,120,
2024-05-10,2024-05-09,2024,138,205,15,22,.405,7.0,3.5,5,10,13,False,119,
2024-05-10,2024-05-09,2024,119,203,26,13,.667,-,-,1,,2,False,-,117
2024-05-10,2024-05-09,2024,135,203,20,20,.500,6.5,-,2,5,8,False,117,
2024-05-10,2024-05-09,2024,109,203,18,20,.474,7.5,1.0,3,6,9,False,117,
2024-05-10,2024-05-09,2024,137,203,17,22,.436,9.0,2.5,4,8,11,False,115,
2024-05-10,2024-05-09,2024,115,203,9,28,.243,16.0,9.5,5,12,15,False,109,
2024-05-11,2024-05-10,2024,110,201,25,12,.676,-,-,1,,1,False,-,124
2024-05-11,2024-05-10,2024,147,201,26,14,.650,0.5,+2.0,2,1,2,False,124,
2024-05-11,2024-05-10,2024,111,201,19,19,.500,6.5,4.0,3,6,9,False,119,
2024-05-11,2024-05-10,2024,139,201,19,20,.487,7.0,4.5,4,7,10,False,118,
2024-05-11,2024-05-10,2024,141,201,17,21,.447,8.5,6.0,5,9,12,False,117,
2024-05-11,2024-05-10,2024,114,202,24,15,.615,-,-,1,,3,False,-,124
2024-05-11,2024-05-10,2024,142,202,23,15,.605,0.5,-,2,2,4,False,124,
2024-05-11,2024-05-10,2024,118,202,24,16,.600,0.5,-,3,3,5,False,123,
2024-05-11,2024-05-10,2024,116,202,19,19,.500,4.5,4.0,4,5,8,False,120,
2024-05-11,2024-05-10,2024,145,202,11,28,.282,13.0,12.5,5,12,15,False,111,
2024-05-11,2024-05-10,2024,140,200,22,18,.550,-,-,1,,6,False,-,123
2024-05-11,2024-05-10,2024,136,200,21,18,.538,0.5,2.5,2,4,7,False,123,
2024-05-11,2024-05-10,2024,133,200,18,22,.450,4.0,6.0,3,8,11,False,119,
2024-05-11,2024-05-10,2024,117,200,14,24,.368,7.0,9.0,4,10,13,False,117,
2024-05-11,2024-05-10,2024,108,200,14,25,.359,7.5,9.5,5,11,14,False,116,
2024-05-11,2024-05-10,2024,143,204,27,12,.692,-,-,1,,1,False,-,124
2024-05-11,2024-05-10,2024,144,204,23,12,.657,2.0,+5.0,2,1,2,False,124,
2024-05-11,2024-05-10,2024,120,204,19,18,.514,7.0,-,3,3,6,False,118,
2024-05-11,2024-05-10,2024,121,204,18,19,.486,8.0,1.0,4,5,8,False,117,
2024-05-11,2024-05-10,2024,146,204,10,30,.250,17.5,10.5,5,12,15,False,106,
2024-05-11,2024-05-10,2024,158,205,23,15,.605,-,-,1,,4,False,-,124
2024-05-11,2024-05-10,2024,112,205,23,16,.590,0.5,+3.0,2,2,5,False,124,
2024-05-11,2024-05-10,2024,113,205,17,21,.447,6.0,2.5,3,7,10,False,119,
2024-05-11,2024-05-10,2024,134,205,17,22,.436,6.5,3.0,4,8,11,False,118,
2024-05-11,2024-05-10,2024,138,205,15,23,.395,8.0,4.5,5,10,13,False,117,
2024-05-11,2024-05-10,2024,119,203,26,14,.650,-,-,1,,3,False,-,117
2024-05-11,2024-05-10,2024,135,203,21,20,.512,5.5,-,2,4,7,False,117,
2024-05-11,2024-05-10,2024,109,203,18,21,.462,7.5,2.0,3,6,9,False,116,
2024-05-11,2024-05-10,2024,137,203,17,23,.425,9.0,3.5,4,9,12,False,114,
2024-05-11,2024-05-10,2024,115,203,10,28,.263,15.0,9.5,5,11,14,False,109,
2024-05-12,2024-05-11,2024,110,201,26,12,.684,-,-,1,,1,False,-,122
2024-05-12,2024-05-11,2024,147,201,26,15,.634,1.5,+2.0,2,1,2,False,122,
2024-05-12,2024-05-11,2024,111,201,20,19,.513,6.5,3.0,3,6,9,False,118,
2024-05-12,2024-05-11,2024,139,201,20,20,.500,7.0,3.5,4,7,10,False,117,
2024-05-12,2024-05-11,2024,141,201,18,21,.462,8.5,5.0,5,9,12,False,116,
2024-05-12,2024-05-11,2024,114,202,24,16,.600,-,-,1,,3,False,-,123
2024-05-12,2024-05-11,2024,142,202,23,16,.590,0.5,-,2,2,4,False,123,
2024-05-12,2024-05-11,2024,118,202,24,17,.585,0.5,-,3,3,5,False,122,
2024-05-12,2024-05-11,2024,116,202,20,19,.513,3.5,3.0,4,5,8,False,120,
2024-05-12,2024-05-11,2024,145,202,12,28,.300,12.0,11.5,5,12,15,False,111,
2024-05-12,2024-05-11,2024,140,200,22,19,.537,-,-,1,,6,False,-,122
2024-05-12,2024-05-11,2024,136,200,21,19,.525,0.5,2.5,2,4,7,False,122,
2024-05-12,2024-05-11,2024,133,200,19,22,.463,3.0,5.0,3,8,11,False,119,
2024-05-12,2024-05-11,2024,108,200,15,25,.375,6.5,8.5,4,10,13,False,116,
2024-05-12,2024-05-11,2024,117,200,14,25,.359,7.0,9.0,5,11,14,False,116,
2024-05-12,2024-05-11,2024,143,204,28,12,.700,-,-,1,,1,False,-,123
2024-05-12,2024-05-11,2024,144,204,24,12,.667,2.0,+6.0,2,1,2,False,123,
2024-05-12,2024-05-11,2024,120,204,19,19,.500,8.0,-,3,3,6,False,116,
2024-05-12,2024-05-11,2024,121,204,18,20,.474,9.0,1.0,4,5,8,False,115,
2024-05-12,2024-05-11,2024,146,204,10,31,.244,18.5,10.5,5,12,15,False,104,
2024-05-12,2024-05-11,2024,158,205,24,15,.615,-,-,1,,4,False,-,122
2024-05-12,2024-05-11,2024,112,205,23,17,.575,1.5,+3.0,2,2,5,False,122,
2024-05-12,2024-05-11,2024,134,205,18,22,.450,6.5,2.0,3,7,10,False,117,
2024-05-12,2024-05-11,2024,113,205,17,22,.436,7.0,2.5,4,9,12,False,117,
2024-05-12,2024-05-11,2024,138,205,15,24,.385,9.0,4.5,5,10,13,False,115,
2024-05-12,2024-05-11,2024,119,203,27,14,.659,-,-,1,,3,False,-,115
2024-05-12,2024-05-11,2024,135,203,21,21,.500,6.5,-,2,4,7,False,115,
2024-05-12,2024-05-11,2024,109,203,18,22,.450,8.5,2.0,3,6,9,False,114,
2024-05-12,2024-05-11,2024,137,203,18,23,.439,9.0,2.5,4,8,11,False,113,
2024-05-12,2024-05-11,2024,115,203,11,28,.282,15.0,8.5,5,11,14,False,108,
2024-05-13,2024-05-12,2024,110,201,26,13,.667,-,-,1,,1,False,-,122
2024-05-13,2024-05-12,2024,147,201,27,15,.643,0.5,+2.0,2,1,2,False,122,
2024-05-13,2024-05-12,2024,111,201,21,19,.525,5.5,3.0,3,4,7,False,118,
2024-05-13,2024-05-12,2024,139,201,20,21,.488,7.0,4.5,4,7,10,False,116,
2024-05-13,2024-05-12,2024,141,201,18,22,.450,8.5,6.0,5,9,12,False,115,
2024-05-13,2024-05-12,2024,114,202,25,16,.610,-,-,1,,3,False,-,122
2024-05-13,2024-05-12,2024,142,202,24,16,.600,0.5,-,2,2,4,False,122,
2024-05-13,2024-05-12,2024,118,202,25,17,.595,0.5,-,3,3,5,False,121,
2024-05-13,2024-05-12,2024,116,202,20,20,.500,4.5,4.0,4,6,9,False,118,
2024-05-13,2024-05-12,2024,145,202,12,29,.293,13.0,12.5,5,12,15,False,109,
2024-05-13,2024-05-12,2024,136,200,22,19,.537,-,-,1,,6,False,-,121
2024-05-13,2024-05-12,2024,140,200,22,20,.524,0.5,3.0,2,5,8,False,121,
2024-05-13,2024-05-12,2024,133,200,19,23,.452,3.5,6.0,3,8,11,False,118,
2024-05-13,2024-05-12,2024,117,200,15,25,.375,6.5,9.0,4,10,13,False,116,
2024-05-13,2024-05-12,2024,108,200,15,26,.366,7.0,9.5,5,11,14,False,115,
2024-05-13,2024-05-12,2024,143,204,28,13,.683,-,-,1,,1,False,-,122
2024-05-13,2024-05-12,2024,144,204,24,13,.649,2.0,+5.0,2,1,2,False,122,
2024-05-13,2024-05-12,2024,120,204,19,20,.487,8.0,1.0,3,4,7,False,115,
2024-05-13,2024-05-12,2024,121,204,19,20,.487,8.0,1.0,4,5,8,False,115,
2024-05-13,2024-05-12,2024,146,204,11,31,.262,17.5,10.5,5,12,15,False,104,
2024-05-13,2024-05-12,2024,158,205,24,16,.600,-,-,1,,4,False,-,122
2024-05-13,2024-05-12,2024,112,205,24,17,.585,0.5,+3.0,2,2,5,False,122,
2024-05-13,2024-05-12,2024,134,205,18,23,.439,6.5,3.0,3,8,11,False,116,
2024-05-13,2024-05-12,2024,113,205,17,23,.425,7.0,3.5,4,9,12,False,116,
2024-05-13,2024-05-12,2024,138,205,16,24,.400,8.0,4.5,5,10,13,False,115,
2024-05-13,2024-05-12,2024,119,203,27,15,.643,-,-,1,,3,False,-,115
2024-05-13,2024-05-12,2024,135,203,22,21,.512,5.5,-,2,3,6,False,115,
2024-05-13,2024-05-12,2024,109,203,19,22,.463,7.5,2.0,3,6,9,False,114,
2024-05-13,2024-05-12,2024,137,203,19,23,.452,8.0,2.5,4,7,10,False,113,
2024-05-13,2024-05-12,2024,115,203,12,28,.300,14.0,8.5,5,11,14,False,108,
2024-05-14,2024-05-13,2024,110,201,26,14,.650,-,-,1,,1,False,-,122
2024-05-14,2024-05-13,2024,147,201,27,15,.643,-,+2.5,2,1,2,False,122,
2024-05-14,2024-05-13,2024,111,201,21,20,.512,5.5,3.0,3,5,8,False,117,
2024-05-14,2024-05-13,2024,139,201,21,21,.500,6.0,3.5,4,7,10,False,116,
2024-05-14,2024-05-13,2024,141,201,19,22,.463,7.5,5.0,5,8,11,False,115,
2024-05-14,2024-05-13,2024,114,202,26,16,.619,-,-,1,,3,False,-,121
2024-05-14,2024-05-13,2024,142,202,24,16,.600,1.0,+0.5,2,2,4,False,121,
2024-05-14,2024-05-13,2024,118,202,25,18,.581,1.5,-,3,3,5,False,119,
2024-05-14,2024-05-13,2024,116,202,21,20,.512,4.5,3.0,4,4,7,False,117,
2024-05-14,2024-05-13,2024,145,202,12,29,.293,13.5,12.0,5,12,15,False,108,
2024-05-14,2024-05-13,2024,136,200,23,19,.548,-,-,1,,6,False,-,119
2024-05-14,2024-05-13,2024,140,200,22,21,.512,1.5,3.0,2,6,9,False,119,
2024-05-14,2024-05-13,2024,133,200,19,24,.442,4.5,6.0,3,9,12,False,116,
2024-05-14,2024-05-13,2024,117,200,16,25,.390,6.5,8.0,4,10,13,False,115,
2024-05-14,2024-05-13,2024,108,200,15,27,.357,8.0,9.5,5,11,14,False,113,
2024-05-14,2024-05-13,2024,143,204,29,13,.690,-,-,1,,1,False,-,121
2024-05-14,2024-05-13,2024,144,204,25,13,.658,2.0,+6.0,2,1,2,False,121,
2024-05-14,2024-05-13,2024,120,204,19,20,.487,8.5,0.5,3,4,7,False,114,
2024-05-14,2024-05-13,2024,121,204,19,21,.475,9.0,1.0,4,6,9,False,113,
2024-05-14,2024-05-13,2024,146,204,11,32,.256,18.5,10.5,5,12,15,False,102,
2024-05-14,2024-05-13,2024,158,205,24,17,.585,-,-,1,,4,False,-,121
2024-05-14,2024-05-13,2024,112,205,24,18,.571,0.5,+3.0,2,2,5,False,121,
2024-05-14,2024-05-13,2024,134,205,19,23,.452,5.5,2.0,3,7,10,False,116,
2024-05-14,2024-05-13,2024,113,205,17,24,.415,7.0,3.5,4,9,12,False,115,
2024-05-14,2024-05-13,2024,138,205,17,24,.415,7.0,3.5,5,10,13,False,115,
2024-05-14,2024-05-13,2024,119,203,28,15,.651,-,-,1,,3,False,-,113
2024-05-14,2024-05-13,2024,135,203,22,22,.500,6.5,-,2,3,6,False,113,
2024-05-14,2024-05-13,2024,109,203,20,22,.476,7.5,1.0,3,5,8,False,113,
2024-05-14,2024-05-13,2024,137,203,19,24,.442,9.0,2.5,4,8,11,False,111,
2024-05-14,2024-05-13,2024,115,203,13,28,.317,14.0,7.5,5,11,14,False,107,
2024-05-15,2024-05-14,2024,147,201,28,15,.651,-,-,1,,1,False,-,121
2024-05-15,2024-05-14,2024,110,201,26,14,.650,0.5,+2.5,2,1,2,False,121,
2024-05-15,2024-05-14,2024,111,201,22,20,.524,5.5,2.5,3,4,7,False,115,
2024-05-15,2024-05-14,2024,139,201,21,22,.488,7.0,4.0,4,7,10,False,113,
2024-05-15,2024-05-14,2024,141,201,19,22,.463,8.0,5.0,5,8,11,False,113,
2024-05-15,2024-05-14,2024,114,202,27,16,.628,-,-,1,,3,False,-,118
2024-05-15,2024-05-14,2024,118,202,26,18,.591,1.5,+0.5,2,2,4,False,118,
2024-05-15,2024-05-14,2024,142,202,24,17,.585,2.0,-,3,3,5,False,119,
2024-05-15,2024-05-14,2024,116,202,21,21,.500,5.5,3.5,4,6,9,False,115,
2024-05-15,2024-05-14,2024,145,202,13,30,.302,14.0,12.0,5,12,15,False,106,
2024-05-15,2024-05-14,2024,136,200,23,20,.535,-,-,1,,6,False,-,118
2024-05-15,2024-05-14,2024,140,200,22,22,.500,1.5,3.5,2,5,8,False,118,
2024-05-15,2024-05-14,2024,133,200,19,25,.432,4.5,6.5,3,9,12,False,115,
2024-05-15,2024-05-14,2024,117,200,17,25,.405,5.5,7.5,4,10,13,False,115,
2024-05-15,2024-05-14,2024,108,200,15,28,.349,8.0,10.0,5,11,14,False,112,
2024-05-15,2024-05-14,2024,143,204,30,13,.698,-,-,1,,1,False,-,120
2024-05-15,2024-05-14,2024,144,204,26,13,.667,2.0,+7.0,2,1,2,False,120,
2024-05-15,2024-05-14,2024,120,204,20,21,.488,9.0,-,3,4,7,False,112,
2024-05-15,2024-05-14,2024,121,204,19,22,.463,10.0,1.0,4,6,9,False,111,
2024-05-15,2024-05-14,2024,146,204,12,32,.273,18.5,9.5,5,12,15,False,101,
2024-05-15,2024-05-14,2024,158,205,25,17,.595,-,-,1,,4,False,-,119
2024-05-15,2024-05-14,2024,112,205,24,19,.558,1.5,+3.0,2,2,5,False,119,
2024-05-15,2024-05-14,2024,134,205,19,24,.442,6.5,2.0,3,7,10,False,114,
2024-05-15,2024-05-14,2024,113,205,18,24,.429,7.0,2.5,4,9,12,False,114,
2024-05-15,2024-05-14,2024,138,205,18,24,.429,7.0,2.5,5,10,13,False,114,
2024-05-15,2024-05-14,2024,119,203,29,15,.659,-,-,1,,3,False,-,111
2024-05-15,2024-05-14,2024,135,203,22,23,.489,7.5,-,2,3,6,False,111,
2024-05-15,2024-05-14,2024,109,203,20,23,.465,8.5,1.0,3,5,8,False,111,
2024-05-15,2024-05-14,2024,137,203,19,25,.432,10.0,2.5,4,8,11,False,109,
2024-05-15,2024-05-14,2024,115,203,14,28,.333,14.0,6.5,5,11,14,False,106,
2024-05-16,2024-05-15,2024,147,201,29,15,.659,-,-,1,,1,False,-,120
2024-05-16,2024-05-15,2024,110,201,27,14,.659,0.5,+3.5,2,1,2,False,120,
2024-05-16,2024-05-15,2024,111,201,22,21,.512,6.5,2.5,3,4,7,False,113,
2024-05-16,2024-05-15,2024,139,201,22,22,.500,7.0,3.0,4,6,9,False,112,
2024-05-16,2024-05-15,2024,141,201,19,23,.452,9.0,5.0,5,8,11,False,111,
2024-05-16,2024-05-15,2024,114,202,27,17,.614,-,-,1,,3,False,-,117
2024-05-16,2024-05-15,2024,118,202,26,19,.578,1.5,+0.5,2,2,4,False,117,
2024-05-16,2024-05-15,2024,142,202,24,18,.571,2.0,-,3,3,5,False,118,
2024-05-16,2024-05-15,2024,116,202,21,22,.488,5.5,3.5,4,7,10,False,114,
2024-05-16,2024-05-15,2024,145,202,14,30,.318,13.0,11.0,5,12,15,False,106,
2024-05-16,2024-05-15,2024,136,200,24,20,.545,-,-,1,,6,False,-,117
2024-05-16,2024-05-15,2024,140,200,23,22,.511,1.5,2.5,2,5,8,False,117,
2024-05-16,2024-05-15,2024,133,200,19,26,.422,5.5,6.5,3,9,12,False,113,
2024-05-16,2024-05-15,2024,117,200,18,25,.419,5.5,6.5,4,10,13,False,114,
2024-05-16,2024-05-15,2024,108,200,16,28,.364,8.0,9.0,5,11,14,False,111,
2024-05-16,2024-05-15,2024,143,204,31,13,.705,-,-,1,,1,False,-,118
2024-05-16,2024-05-15,2024,144,204,26,14,.650,3.0,+7.0,2,1,2,False,118,
2024-05-16,2024-05-15,2024,120,204,20,22,.476,10.0,-,3,5,8,False,110,
2024-05-16,2024-05-15,2024,121,204,19,23,.452,11.0,1.0,4,6,9,False,109,
2024-05-16,2024-05-15,2024,146,204,13,32,.289,18.5,8.5,5,12,15,False,100,
2024-05-16,2024-05-15,2024,158,205,26,17,.605,-,-,1,,4,False,-,118
2024-05-16,2024-05-15,2024,112,205,25,19,.568,1.5,+4.0,2,2,5,False,118,
2024-05-16,2024-05-15,2024,134,205,19,25,.432,7.5,2.0,3,8,11,False,112,
2024-05-16,2024-05-15,2024,113,205,18,25,.419,8.0,2.5,4,9,12,False,112,
2024-05-16,2024-05-15,2024,138,205,18,25,.419,8.0,2.5,5,10,13,False,112,
2024-05-16,2024-05-15,2024,119,203,29,16,.644,-,-,1,,3,False,-,110
2024-05-16,2024-05-15,2024,135,203,22,24,.478,7.5,-,2,3,6,False,110,
2024-05-16,2024-05-15,2024,109,203,21,23,.477,7.5,-,3,4,7,False,111,
2024-05-16,2024-05-15,2024,137,203,20,25,.444,9.0,1.5,4,7,10,False,109,
2024-05-16,2024-05-15,2024,115,203,15,28,.349,13.0,5.5,5,11,14,False,106,
2024-05-17,2024-05-16,2024,147,201,30,15,.667,-,-,1,,1,False,-,119
2024-05-17,2024-05-16,2024,110,201,27,14,.659,1.0,+4.0,2,1,2,False,119,
2024-05-17,2024-05-16,2024,139,201,23,22,.511,7.0,2.0,3,5,8,False,111,
2024-05-17,2024-05-16,2024,111,201,22,22,.500,7.5,2.5,4,6,9,False,111,
2024-05-17,2024-05-16,2024,141,201,19,23,.452,9.5,4.5,5,8,11,False,110,
2024-05-17,2024-05-16,2024,114,202,27,17,.614,-,-,1,,3,False,-,117
2024-05-17,2024-05-16,2024,118,202,26,19,.578,1.5,+1.0,2,2,4,False,117,
2024-05-17,2024-05-16,2024,142,202,24,19,.558,2.5,-,3,3,5,False,117,
2024-05-17,2024-05-16,2024,116,202,21,22,.488,5.5,3.0,4,7,10,False,114,
2024-05-17,2024-05-16,2024,145,202,14,30,.318,13.0,10.5,5,12,15,False,106,
2024-05-17,2024-05-16,2024,136,200,24,20,.545,-,-,1,,6,False,-,117
2024-05-17,2024-05-16,2024,140,200,23,22,.511,1.5,2.0,2,4,7,False,117,
2024-05-17,2024-05-16,2024,117,200,19,25,.432,5.0,5.5,3,9,12,False,114,
2024-05-17,2024-05-16,2024,133,200,19,27,.413,6.0,6.5,4,10,13,False,112,
2024-05-17,2024-05-16,2024,108,200,16,28,.364,8.0,8.5,5,11,14,False,111,
2024-05-17,2024-05-16,2024,143,204,31,14,.689,-,-,1,,1,False,-,118
2024-05-17,2024-05-16,2024,144,204,26,14,.650,2.5,+7.0,2,1,2,False,118,
2024-05-17,2024-05-16,2024,120,204,20,22,.476,9.5,-,3,5,8,False,110,
2024-05-17,2024-05-16,2024,121,204,20,23,.465,10.0,0.5,4,6,9,False,109,
2024-05-17,2024-05-16,2024,146,204,13,32,.289,18.0,8.5,5,12,15,False,100,
2024-05-17,2024-05-16,2024,158,205,26,17,.605,-,-,1,,4,False,-,117
2024-05-17,2024-05-16,2024,112,205,25,20,.556,2.0,+3.5,2,2,5,False,117,
2024-05-17,2024-05-16,2024,134,205,20,25,.444,7.0,1.5,3,8,11,False,112,
2024-05-17,2024-05-16,2024,113,205,19,25,.432,7.5,2.0,4,9,12,False,112,
2024-05-17,2024-05-16,2024,138,205,18,25,.419,8.0,2.5,5,10,13,False,112,
2024-05-17,2024-05-16,2024,119,203,29,17,.630,-,-,1,,3,False,-,110
2024-05-17,2024-05-16,2024,135,203,22,24,.478,7.0,-,2,3,6,False,110,
2024-05-17,2024-05-16,2024,109,203,21,23,.477,7.0,-,3,4,7,False,111,
2024-05-17,2024-05-16,2024,137,203,20,25,.444,8.5,1.5,4,7,10,False,109,
2024-05-17,2024-05-16,2024,115,203,15,28,.349,12.5,5.5,5,11,14,False,106,
2024-05-18,2024-05-17,2024,147,201,31,15,.674,-,-,1,,1,False,-,118
2024-05-18,2024-05-17,2024,110,201,28,14,.667,1.0,+5.0,2,1,2,False,118,
2024-05-18,2024-05-17,2024,139,201,24,22,.522,7.0,1.0,3,4,7,False,110,
2024-05-18,2024-05-17,2024,111,201,22,23,.489,8.5,2.5,4,7,10,False,109,
2024-05-18,2024-05-17,2024,141,201,19,24,.442,10.5,4.5,5,9,12,False,108,
2024-05-18,2024-05-17,2024,114,202,28,17,.622,-,-,1,,3,False,-,116
2024-05-18,2024-05-17,2024,118,202,27,19,.587,1.5,+2.0,2,2,4,False,116,
2024-05-18,2024-05-17,2024,142,202,24,20,.545,3.5,-,3,3,5,False,115,
2024-05-18,2024-05-17,2024,116,202,22,22,.500,5.5,2.0,4,6,9,False,113,
2024-05-18,2024-05-17,2024,145,202,14,31,.311,14.0,10.5,5,12,15,False,104,
2024-05-18,2024-05-17,2024,136,200,24,21,.533,-,-,1,,6,False,-,116
2024-05-18,2024-05-17,2024,140,200,23,23,.500,1.5,2.0,2,5,8,False,116,
2024-05-18,2024-05-17,2024,117,200,20,25,.444,4.0,4.5,3,8,11,False,114,
2024-05-18,2024-05-17,2024,133,200,19,28,.404,6.0,6.5,4,10,13,False,111,
2024-05-18,2024-05-17,2024,108,200,17,28,.378,7.0,7.5,5,11,14,False,111,
2024-05-18,2024-05-17,2024,143,204,32,14,.696,-,-,1,,1,False,-,116
2024-05-18,2024-05-17,2024,144,204,26,15,.634,3.5,+6.0,2,1,3,False,116,
2024-05-18,2024-05-17,2024,120,204,20,23,.465,10.5,1.0,3,5,8,False,108,
2024-05-18,2024-05-17,2024,121,204,20,24,.455,11.0,1.5,4,8,11,False,107,
2024-05-18,2024-05-17,2024,146,204,14,32,.304,18.0,8.5,5,12,15,False,99,
2024-05-18,2024-05-17,2024,158,205,26,18,.591,-,-,1,,4,False,-,116
2024-05-18,2024-05-17,2024,112,205,25,21,.543,2.0,+2.5,2,2,5,False,116,
2024-05-18,2024-05-17,2024,134,205,21,25,.457,6.0,1.5,3,7,10,False,112,
2024-05-18,2024-05-17,2024,138,205,19,25,.432,7.0,2.5,4,9,12,False,112,
2024-05-18,2024-05-17,2024,113,205,19,26,.422,7.5,3.0,5,10,13,False,111,
2024-05-18,2024-05-17,2024,119,203,30,17,.638,-,-,1,,2,False,-,109
2024-05-18,2024-05-17,2024,135,203,23,24,.489,7.0,-,2,3,6,False,109,
2024-05-18,2024-05-17,2024,109,203,21,24,.467,8.0,1.0,3,4,7,False,109,
2024-05-18,2024-05-17,2024,137,203,21,25,.457,8.5,1.5,4,6,9,False,108,
2024-05-18,2024-05-17,2024,115,203,15,29,.341,13.5,6.5,5,11,14,False,104,
2024-05-19,2024-05-18,2024,147,201,32,15,.681,-,-,1,,1,False,-,116
2024-05-19,2024-05-18,2024,110,201,28,15,.651,2.0,+5.0,2,1,2,False,116,
2024-05-19,2024-05-18,2024,139,201,25,22,.532,7.0,-,3,4,7,False,109,
2024-05-19,2024-05-18,2024,111,201,22,24,.478,9.5,2.5,4,7,10,False,107,
2024-05-19,2024-05-18,2024,141,201,19,25,.432,11.5,4.5,5,9,12,False,106,
2024-05-19,2024-05-18,2024,114,202,29,17,.630,-,-,1,,3,False,-,115
2024-05-19,2024-05-18,2024,118,202,28,19,.596,1.5,+3.0,2,2,4,False,115,
2024-05-19,2024-05-18,2024,142,202,24,21,.533,4.5,-,3,3,6,False,113,
2024-05-19,2024-05-18,2024,116,202,23,22,.511,5.5,1.0,4,5,8,False,112,
2024-05-19,2024-05-18,2024,145,202,14,32,.304,15.0,10.5,5,12,15,False,102,
2024-05-19,2024-05-18,2024,136,200,25,21,.543,-,-,1,,5,False,-,115
2024-05-19,2024-05-18,2024,140,200,24,23,.511,1.5,1.0,2,6,9,False,115,
2024-05-19,2024-05-18,2024,117,200,20,26,.435,5.0,4.5,3,8,11,False,112,
2024-05-19,2024-05-18,2024,133,200,19,29,.396,7.0,6.5,4,10,13,False,109,
2024-05-19,2024-05-18,2024,108,200,17,29,.370,8.0,7.5,5,11,14,False,109,
2024-05-19,2024-05-18,2024,143,204,33,14,.702,-,-,1,,1,False,-,115
2024-05-19,2024-05-18,2024,144,204,26,15,.634,4.0,+6.0,2,1,3,False,115,
2024-05-19,2024-05-18,2024,120,204,20,24,.455,11.5,1.5,3,6,9,False,106,
2024-05-19,2024-05-18,2024,121,204,20,25,.444,12.0,2.0,4,8,11,False,105,
2024-05-19,2024-05-18,2024,146,204,15,32,.319,18.0,8.0,5,12,15,False,98,
2024-05-19,2024-05-18,2024,158,205,27,18,.600,-,-,1,,4,False,-,115
2024-05-19,2024-05-18,2024,112,205,26,21,.553,2.0,+3.0,2,2,5,False,115,
2024-05-19,2024-05-18,2024,134,205,21,26,.447,7.0,2.0,3,7,10,False,110,
2024-05-19,2024-05-18,2024,138,205,20,25,.444,7.0,2.0,4,9,12,False,111,
2024-05-19,2024-05-18,2024,113,205,19,27,.413,8.5,3.5,5,10,13,False,109,
2024-05-19,2024-05-18,2024,119,203,31,17,.646,-,-,1,,2,False,-,108
2024-05-19,2024-05-18,2024,135,203,23,24,.489,7.5,-,2,3,6,False,108,
2024-05-19,2024-05-18,2024,137,203,22,25,.468,8.5,1.0,3,4,7,False,107,
2024-05-19,2024-05-18,2024,109,203,21,25,.457,9.0,1.5,4,5,8,False,107,
2024-05-19,2024-05-18,2024,115,203,15,30,.333,14.5,7.0,5,11,14,False,102,
2024-05-20,2024-05-19,2024,147,201,33,15,.688,-,-,1,,1,False,-,115
2024-05-20,2024-05-19,2024,110,201,29,15,.659,2.0,+6.0,2,1,2,False,115,
2024-05-20,2024-05-19,2024,139,201,25,23,.521,8.0,-,3,4,7,False,107,
2024-05-20,2024-05-19,2024,111,201,23,24,.489,9.5,1.5,4,7,10,False,106,
2024-05-20,2024-05-19,2024,141,201,20,25,.444,11.5,3.5,5,9,12,False,105,
2024-05-20,2024-05-19,2024,114,202,30,17,.638,-,-,1,,3,False,-,114
2024-05-20,2024-05-19,2024,118,202,29,19,.604,1.5,+4.0,2,2,4,False,114,
2024-05-20,2024-05-19,2024,142,202,24,22,.522,5.5,-,3,3,6,False,111,
2024-05-20,2024-05-19,2024,116,202,23,23,.500,6.5,1.0,4,6,9,False,110,
2024-05-20,2024-05-19,2024,145,202,14,33,.298,16.0,10.5,5,12,15,False,100,
2024-05-20,2024-05-19,2024,136,200,25,22,.532,-,-,1,,5,False,-,114
2024-05-20,2024-05-19,2024,140,200,24,24,.500,1.5,1.0,2,5,8,False,114,
2024-05-20,2024-05-19,2024,117,200,21,26,.447,4.0,3.5,3,8,11,False,112,
2024-05-20,2024-05-19,2024,133,200,19,30,.388,7.0,6.5,4,10,13,False,108,
2024-05-20,2024-05-19,2024,108,200,18,29,.383,7.0,6.5,5,11,14,False,109,
2024-05-20,2024-05-19,2024,143,204,34,14,.708,-,-,1,,1,False,-,113
2024-05-20,2024-05-19,2024,144,204,26,16,.619,5.0,+5.0,2,1,3,False,113,
2024-05-20,2024-05-19,2024,121,204,21,25,.457,12.0,2.0,3,7,10,False,104,
2024-05-20,2024-05-19,2024,120,204,20,25,.444,12.5,2.5,4,8,11,False,104,
2024-05-20,2024-05-19,2024,146,204,15,33,.313,19.0,9.0,5,12,15,False,96,
2024-05-20,2024-05-19,2024,158,205,27,19,.587,-,-,1,,4,False,-,114
2024-05-20,2024-05-19,2024,112,205,26,22,.542,2.0,+2.0,2,2,5,False,114,
2024-05-20,2024-05-19,2024,134,205,22,26,.458,6.0,2.0,3,6,9,False,110,
2024-05-20,2024-05-19,2024,138,205,20,26,.435,7.0,3.0,4,9,12,False,110,
2024-05-20,2024-05-19,2024,113,205,19,28,.404,8.5,4.5,5,10,13,False,108,
2024-05-20,2024-05-19,2024,119,203,32,17,.653,-,-,1,,2,False,-,107
2024-05-20,2024-05-19,2024,135,203,24,24,.500,7.5,-,2,3,6,False,107,
2024-05-20,2024-05-19,2024,137,203,23,25,.479,8.5,1.0,3,4,7,False,106,
2024-05-20,2024-05-19,2024,109,203,22,25,.468,9.0,1.5,4,5,8,False,106,
2024-05-20,2024-05-19,2024,115,203,15,31,.326,15.5,8.0,5,11,14,False,100,
2024-05-21,2024-05-20,2024,147,201,33,16,.673,-,-,1,,1,False,-,101
2024-05-21,2024-05-20,2024,110,201,29,16,.644,2.0,+6.0,2,1,3,False,101,
2024-05-21,2024-05-20,2024,139,201,25,24,.510,8.0,-,3,4,7,False,93,
2024-05-21,2024-05-20,2024,111,201,24,24,.500,8.5,0.5,4,6,9,False,93,
2024-05-21,2024-05-20,2024,141,201,21,25,.457,10.5,2.5,5,8,11,False,92,
2024-05-21,2024-05-20,2024,114,202,31,17,.646,-,-,1,,2,False,-,102
2024-05-21,2024-05-20,2024,118,202,30,19,.612,1.5,+5.0,2,2,4,False,102,
2024-05-21,2024-05-20,2024,142,202,24,23,.511,6.5,-,3,3,6,False,98,
2024-05-21,2024-05-20,2024,116,202,23,24,.489,7.5,1.0,4,7,10,False,97,
2024-05-21,2024-05-20,2024,145,202,14,34,.292,17.0,10.5,5,12,15,False,87,
2024-05-21,2024-05-20,2024,136,200,26,22,.542,-,-,1,,5,False,-,97
2024-05-21,2024-05-20,2024,140,200,24,24,.500,2.0,0.5,2,5,8,False,97,
2024-05-21,2024-05-20,2024,117,200,21,27,.438,5.0,3.5,3,9,12,False,94,
2024-05-21,2024-05-20,2024,108,200,19,29,.396,7.0,5.5,4,10,13,False,92,
2024-05-21,2024-05-20,2024,133,200,19,30,.388,7.5,6.0,5,11,14,False,91,
2024-05-21,2024-05-20,2024,143,204,34,14,.708,-,-,1,,1,False,-,103
2024-05-21,2024-05-20,2024,144,204,27,17,.614,5.0,+5.0,2,1,3,False,103,
2024-05-21,2024-05-20,2024,120,204,21,25,.457,12.0,2.0,3,7,10,False,95,
2024-05-21,2024-05-20,2024,121,204,21,26,.447,12.5,2.5,4,8,11,False,94,
2024-05-21,2024-05-20,2024,146,204,16,33,.327,18.5,8.5,5,11,14,False,87,
2024-05-21,2024-05-20,2024,158,205,27,20,.574,-,-,1,,4,False,-,97
2024-05-21,2024-05-20,2024,112,205,26,22,.542,1.5,+2.0,2,2,5,False,97,
2024-05-21,2024-05-20,2024,134,205,22,26,.458,5.5,2.0,3,5,8,False,93,
2024-05-21,2024-05-20,2024,138,205,21,26,.447,6.0,2.5,4,9,12,False,93,
2024-05-21,2024-05-20,2024,113,205,19,28,.404,8.0,4.5,5,10,13,False,91,
2024-05-21,2024-05-20,2024,119,203,33,17,.660,-,-,1,,2,False,-,98
2024-05-21,2024-05-20,2024,135,203,25,25,.500,8.0,-,2,3,6,False,98,
2024-05-21,2024-05-20,2024,137,203,23,25,.479,9.0,1.0,3,4,7,False,98,
2024-05-21,2024-05-20,2024,109,203,22,26,.458,10.0,2.0,4,6,9,False,97,
2024-05-21,2024-05-20,2024,115,203,15,31,.326,16.0,8.0,5,12,15,False,92,
2024-05-22,2024-05-21,2024,147,201,33,17,.660,-,-,1,,1,False,-,113
2024-05-22,2024-05-21,2024,110,201,29,17,.630,2.0,+5.0,2,1,3,False,113,
2024-05-22,2024-05-21,2024,111,201,25,24,.510,7.5,0.5,3,4,7,False,106,
2024-05-22,2024-05-21,2024,139,201,25,25,.500,8.0,1.0,4,5,8,False,105,
2024-05-22,2024-05-21,2024,141,201,21,26,.447,10.5,3.5,5,9,12,False,104,
2024-05-22,2024-05-21,2024,114,202,32,17,.653,-,-,1,,2,False,-,112
2024-05-22,2024-05-21,2024,118,202,31,19,.620,1.5,+5.0,2,2,4,False,112,
2024-05-22,2024-05-21,2024,142,202,25,23,.521,6.5,-,3,3,6,False,108,
2024-05-22,2024-05-21,2024,116,202,23,25,.479,8.5,2.0,4,7,10,False,106,
2024-05-22,2024-05-21,2024,145,202,15,34,.306,17.0,10.5,5,12,15,False,97,
2024-05-22,2024-05-21,2024,136,200,27,22,.551,-,-,1,,5,False,-,111
2024-05-22,2024-05-21,2024,140,200,24,25,.490,3.0,1.5,2,6,9,False,111,
2024-05-22,2024-05-21,2024,117,200,22,27,.449,5.0,3.5,3,8,11,False,109,
2024-05-22,2024-05-21,2024,133,200,20,30,.400,7.5,6.0,4,10,13,False,106,
2024-05-22,2024-05-21,2024,108,200,19,30,.388,8.0,6.5,5,11,14,False,106,
2024-05-22,2024-05-21,2024,143,204,35,14,.714,-,-,1,,1,False,-,110
2024-05-22,2024-05-21,2024,144,204,27,18,.600,6.0,+5.0,2,1,3,False,110,
2024-05-22,2024-05-21,2024,120,204,21,26,.447,13.0,2.0,3,8,11,False,102,
2024-05-22,2024-05-21,2024,121,204,21,27,.438,13.5,2.5,4,9,12,False,101,
2024-05-22,2024-05-21,2024,146,204,16,34,.320,19.5,8.5,5,11,14,False,94,
2024-05-22,2024-05-21,2024,158,205,28,20,.583,-,-,1,,4,False,-,113
2024-05-22,2024-05-21,2024,112,205,27,22,.551,1.5,+3.0,2,2,5,False,113,
2024-05-22,2024-05-21,2024,134,205,23,26,.469,5.5,1.0,3,6,9,False,109,
2024-05-22,2024-05-21,2024,138,205,22,26,.458,6.0,1.5,4,7,10,False,109,
2024-05-22,2024-05-21,2024,113,205,20,28,.417,8.0,3.5,5,10,13,False,107,
2024-05-22,2024-05-21,2024,119,203,33,18,.647,-,-,1,,2,False,-,104
2024-05-22,2024-05-21,2024,135,203,25,26,.490,8.0,-,2,3,6,False,104,
2024-05-22,2024-05-21,2024,109,203,23,26,.469,9.0,1.0,3,4,7,False,104,
2024-05-22,2024-05-21,2024,137,203,23,26,.469,9.0,1.0,4,5,8,False,104,
2024-05-22,2024-05-21,2024,115,203,15,32,.319,16.0,8.0,5,12,15,False,98,
2024-05-23,2024-05-22,2024,147,201,34,17,.667,-,-,1,,1,False,-,111
2024-05-23,2024-05-22,2024,110,201,29,18,.617,3.0,+4.0,2,2,4,False,111,
2024-05-23,2024-05-22,2024,111,201,26,24,.520,7.5,0.5,3,4,7,False,105,
2024-05-23,2024-05-22,2024,139,201,25,26,.490,9.0,2.0,4,5,8,False,103,
2024-05-23,2024-05-22,2024,141,201,22,26,.458,10.5,3.5,5,8,11,False,103,
2024-05-23,2024-05-22,2024,114,202,33,17,.660,-,-,1,,2,False,-,111
2024-05-23,2024-05-22,2024,118,202,32,19,.627,1.5,+5.0,2,1,3,False,111,
2024-05-23,2024-05-22,2024,142,202,26,23,.531,6.5,-,3,3,6,False,107,
2024-05-23,2024-05-22,2024,116,202,23,26,.469,9.5,3.0,4,7,10,False,104,
2024-05-23,2024-05-22,2024,145,202,15,35,.300,18.0,11.5,5,12,15,False,95,
2024-05-23,2024-05-22,2024,136,200,27,23,.540,-,-,1,,5,False,-,110
2024-05-23,2024-05-22,2024,140,200,24,26,.480,3.0,2.5,2,6,9,False,110,
2024-05-23,2024-05-22,2024,117,200,22,28,.440,5.0,4.5,3,9,12,False,108,
2024-05-23,2024-05-22,2024,108,200,20,30,.400,7.0,6.5,4,10,13,False,106,
2024-05-23,2024-05-22,2024,133,200,20,31,.392,7.5,7.0,5,11,14,False,105,
2024-05-23,2024-05-22,2024,143,204,36,14,.720,-,-,1,,1,False,-,109
2024-05-23,2024-05-22,2024,144,204,28,18,.609,6.0,+5.0,2,1,3,False,109,
2024-05-23,2024-05-22,2024,120,204,21,27,.438,14.0,3.0,3,8,11,False,100,
2024-05-23,2024-05-22,2024,121,204,21,28,.429,14.5,3.5,4,9,12,False,99,
2024-05-23,2024-05-22,2024,146,204,17,34,.333,19.5,8.5,5,12,15,False,93,
2024-05-23,2024-05-22,2024,158,205,28,21,.571,-,-,1,,4,False,-,112
2024-05-23,2024-05-22,2024,112,205,27,23,.540,1.5,+2.0,2,2,5,False,112,
2024-05-23,2024-05-22,2024,138,205,23,26,.469,5.0,1.5,3,6,9,False,109,
2024-05-23,2024-05-22,2024,134,205,23,27,.460,5.5,2.0,4,7,10,False,108,
2024-05-23,2024-05-22,2024,113,205,20,29,.408,8.0,4.5,5,10,13,False,106,
2024-05-23,2024-05-22,2024,119,203,33,19,.635,-,-,1,,2,False,-,104
2024-05-23,2024-05-22,2024,135,203,26,26,.500,7.0,-,2,3,6,False,104,
2024-05-23,2024-05-22,2024,109,203,24,26,.480,8.0,1.0,3,4,7,False,104,
2024-05-23,2024-05-22,2024,137,203,24,26,.480,8.0,1.0,4,5,8,False,104,
2024-05-23,2024-05-22,2024,115,203,16,32,.333,15.0,8.0,5,11,14,False,98,
2024-05-24,2024-05-23,2024,147,201,35,17,.673,-,-,1,,1,False,-,110
2024-05-24,2024-05-23,2024,110,201,30,18,.625,3.0,+4.5,2,2,4,False,110,
2024-05-24,2024-05-23,2024,111,201,26,24,.520,8.0,0.5,3,4,7,False,104,
2024-05-24,2024-05-23,2024,139,201,25,26,.490,9.5,2.0,4,5,8,False,102,
2024-05-24,2024-05-23,2024,141,201,23,26,.469,10.5,3.0,5,7,10,False,102,
2024-05-24,2024-05-23,2024,114,202,33,17,.660,-,-,1,,2,False,-,111
2024-05-24,2024-05-23,2024,118,202,32,19,.627,1.5,+5.0,2,1,3,False,111,
2024-05-24,2024-05-23,2024,142,202,26,23,.531,6.5,-,3,3,5,False,107,
2024-05-24,2024-05-23,2024,116,202,23,27,.460,10.0,3.5,4,8,11,False,103,
2024-05-24,2024-05-23,2024,145,202,15,36,.294,18.5,12.0,5,12,15,False,94,
2024-05-24,2024-05-23,2024,136,200,27,24,.529,-,-,1,,6,False,-,109
2024-05-24,2024-05-23,2024,140,200,24,27,.471,3.0,3.0,2,6,9,False,109,
2024-05-24,2024-05-23,2024,117,200,22,28,.440,4.5,4.5,3,9,12,False,108,
2024-05-24,2024-05-23,2024,133,200,21,31,.404,6.5,6.5,4,10,13,False,105,
2024-05-24,2024-05-23,2024,108,200,20,30,.400,6.5,6.5,5,11,14,False,106,
2024-05-24,2024-05-23,2024,143,204,37,14,.725,-,-,1,,1,False,-,108
2024-05-24,2024-05-23,2024,144,204,29,18,.617,6.0,+5.0,2,1,3,False,108,
2024-05-24,2024-05-23,2024,120,204,21,27,.438,14.5,3.5,3,8,11,False,99,
2024-05-24,2024-05-23,2024,121,204,21,28,.429,15.0,4.0,4,9,12,False,98,
2024-05-24,2024-05-23,2024,146,204,17,34,.333,20.0,9.0,5,11,14,False,92,
2024-05-24,2024-05-23,2024,158,205,28,21,.571,-,-,1,,4,False,-,111
2024-05-24,2024-05-23,2024,112,205,27,24,.529,2.0,+1.0,2,2,5,False,111,
2024-05-24,2024-05-23,2024,138,205,23,26,.469,5.0,2.0,3,6,9,False,109,
2024-05-24,2024-05-23,2024,134,205,23,28,.451,6.0,3.0,4,7,10,False,107,
2024-05-24,2024-05-23,2024,113,205,20,30,.400,8.5,5.5,5,10,13,False,105,
2024-05-24,2024-05-23,2024,119,203,33,19,.635,-,-,1,,2,False,-,104
2024-05-24,2024-05-23,2024,135,203,27,26,.509,6.5,-,2,3,6,False,104,
2024-05-24,2024-05-23,2024,137,203,25,26,.490,7.5,1.0,3,4,7,False,104,
2024-05-24,2024-05-23,2024,109,203,24,26,.480,8.0,1.5,4,5,8,False,104,
2024-05-24,2024-05-23,2024,115,203,16,33,.327,15.5,9.0,5,12,15,False,97,
2024-05-25,2024-05-24,2024,147,201,36,17,.679,-,-,1,,1,False,-,109
2024-05-25,2024-05-24,2024,110,201,31,18,.633,3.0,+4.5,2,2,4,False,109,
2024-05-25,2024-05-24,2024,111,201,26,25,.510,9.0,1.5,3,4,7,False,102,
2024-05-25,2024-05-24,2024,139,201,25,27,.481,10.5,3.0,4,5,8,False,100,
2024-05-25,2024-05-24,2024,141,201,23,27,.460,11.5,4.0,5,8,11,False,100,
2024-05-25,2024-05-24,2024,114,202,34,17,.667,-,-,1,,2,False,-,110
2024-05-25,2024-05-24,2024,118,202,33,19,.635,1.5,+5.0,2,1,3,False,110,
2024-05-25,2024-05-24,2024,142,202,27,23,.540,6.5,-,3,3,5,False,106,
2024-05-25,2024-05-24,2024,116,202,24,27,.471,10.0,3.5,4,6,9,False,102,
2024-05-25,2024-05-24,2024,145,202,15,37,.288,19.5,13.0,5,12,15,False,92,
2024-05-25,2024-05-24,2024,136,200,27,25,.519,-,-,1,,6,False,-,108
2024-05-25,2024-05-24,2024,140,200,24,28,.462,3.0,4.0,2,7,10,False,108,
2024-05-25,2024-05-24,2024,117,200,23,28,.451,3.5,4.5,3,9,12,False,108,
2024-05-25,2024-05-24,2024,133,200,21,32,.396,6.5,7.5,4,10,13,False,104,
2024-05-25,2024-05-24,2024,108,200,20,31,.392,6.5,7.5,5,11,14,False,105,
2024-05-25,2024-05-24,2024,143,204,37,15,.712,-,-,1,,1,False,-,107
2024-05-25,2024-05-24,2024,144,204,29,19,.604,6.0,+5.0,2,1,3,False,107,
2024-05-25,2024-05-24,2024,120,204,22,27,.449,13.5,2.5,3,8,11,False,99,
2024-05-25,2024-05-24,2024,121,204,21,29,.420,15.0,4.0,4,9,12,False,97,
2024-05-25,2024-05-24,2024,146,204,18,34,.346,19.0,8.0,5,11,14,False,92,
2024-05-25,2024-05-24,2024,158,205,29,21,.580,-,-,1,,4,False,-,110
2024-05-25,2024-05-24,2024,112,205,27,24,.529,2.5,+1.5,2,2,5,False,110,
2024-05-25,2024-05-24,2024,138,205,23,26,.469,5.5,1.5,3,6,9,False,108,
2024-05-25,2024-05-24,2024,134,205,24,28,.462,6.0,2.0,4,7,10,False,106,
2024-05-25,2024-05-24,2024,113,205,21,30,.412,8.5,4.5,5,10,13,False,104,
2024-05-25,2024-05-24,2024,119,203,33,20,.623,-,-,1,,2,False,-,104
2024-05-25,2024-05-24,2024,137,203,26,26,.500,6.5,-,2,3,6,False,104,
2024-05-25,2024-05-24,2024,135,203,27,27,.500,6.5,-,3,4,7,False,103,
2024-05-25,2024-05-24,2024,109,203,24,27,.471,8.0,1.5,4,5,8,False,103,
2024-05-25,2024-05-24,2024,115,203,17,33,.340,14.5,8.0,5,12,15,False,97,
2024-05-26,2024-05-25,2024,147,201,37,17,.685,-,-,1,,1,False,-,108
2024-05-26,2024-05-25,2024,110,201,32,18,.640,3.0,+4.5,2,2,4,False,108,
2024-05-26,2024-05-25,2024,111,201,26,26,.500,10.0,2.5,3,4,7,False,100,
2024-05-26,2024-05-25,2024,139,201,25,28,.472,11.5,4.0,4,6,9,False,98,
2024-05-26,2024-05-25,2024,141,201,23,28,.451,12.5,5.0,5,8,11,False,98,
2024-05-26,2024-05-25,2024,114,202,35,17,.673,-,-,1,,2,False,-,109
2024-05-26,2024-05-25,2024,118,202,34,19,.642,1.5,+5.0,2,1,3,False,109,
2024-05-26,2024-05-25,2024,142,202,28,23,.549,6.5,-,3,3,5,False,105,
2024-05-26,2024-05-25,2024,116,202,25,27,.481,10.0,3.5,4,5,8,False,101,
2024-05-26,2024-05-25,2024,145,202,15,38,.283,20.5,14.0,5,12,15,False,90,
2024-05-26,2024-05-25,2024,136,200,27,26,.509,-,-,1,,6,False,-,107
2024-05-26,2024-05-25,2024,140,200,24,29,.453,3.0,5.0,2,7,10,False,107,
2024-05-26,2024-05-25,2024,117,200,23,29,.442,3.5,5.5,3,9,12,False,107,
2024-05-26,2024-05-25,2024,133,200,22,32,.407,5.5,7.5,4,10,13,False,104,
2024-05-26,2024-05-25,2024,108,200,20,32,.385,6.5,8.5,5,11,14,False,104,
2024-05-26,2024-05-25,2024,143,204,38,15,.717,-,-,1,,1,False,-,105
2024-05-26,2024-05-25,2024,144,204,29,20,.592,7.0,+4.0,2,1,3,False,105,
2024-05-26,2024-05-25,2024,120,204,23,27,.460,13.5,2.5,3,8,11,False,98,
2024-05-26,2024-05-25,2024,121,204,21,30,.412,16.0,5.0,4,10,13,False,95,
2024-05-26,2024-05-25,2024,146,204,18,35,.340,20.0,9.0,5,11,14,False,90,
2024-05-26,2024-05-25,2024,158,205,30,21,.588,-,-,1,,4,False,-,108
2024-05-26,2024-05-25,2024,112,205,27,25,.519,3.5,+0.5,2,2,5,False,108,
2024-05-26,2024-05-25,2024,138,205,24,26,.480,5.5,1.5,3,6,9,False,107,
2024-05-26,2024-05-25,2024,134,205,25,28,.472,6.0,2.0,4,7,10,False,105,
2024-05-26,2024-05-25,2024,113,205,22,30,.423,8.5,4.5,5,9,12,False,103,
2024-05-26,2024-05-25,2024,119,203,33,21,.611,-,-,1,,2,False,-,104
2024-05-26,2024-05-25,2024,137,203,27,26,.509,5.5,-,2,3,6,False,104,
2024-05-26,2024-05-25,2024,135,203,27,28,.491,6.5,1.0,3,4,7,False,102,
2024-05-26,2024-05-25,2024,109,203,25,27,.481,7.0,1.5,4,5,8,False,103,
2024-05-26,2024-05-25,2024,115,203,17,34,.333,14.5,9.0,5,12,15,False,96,
2024-05-27,2024-05-26,2024,147,201,37,18,.673,-,-,1,,2,False,-,108
2024-05-27,2024-05-26,2024,110,201,33,18,.647,2.0,+5.5,2,1,3,False,108,
2024-05-27,2024-05-26,2024,111,201,27,26,.509,9.0,1.5,3,4,7,False,100,
2024-05-27,2024-05-26,2024,139,201,26,28,.481,10.5,3.0,4,6,9,False,98,
2024-05-27,2024-05-26,2024,141,201,23,29,.442,12.5,5.0,5,9,12,False,97,
2024-05-27,2024-05-26,2024,114,202,36,17,.679,-,-,1,,1,False,-,107
2024-05-27,2024-05-26,2024,118,202,34,20,.630,2.5,+5.0,2,2,4,False,107,
2024-05-27,2024-05-26,2024,142,202,28,24,.538,7.5,-,3,3,5,False,103,
2024-05-27,2024-05-26,2024,116,202,26,27,.491,10.0,2.5,4,5,8,False,100,
2024-05-27,2024-05-26,2024,145,202,15,39,.278,21.5,14.0,5,12,15,False,88,
2024-05-27,2024-05-26,2024,136,200,28,26,.519,-,-,1,,6,False,-,106
2024-05-27,2024-05-26,2024,140,200,25,29,.463,3.0,4.0,2,7,10,False,106,
2024-05-27,2024-05-26,2024,117,200,24,29,.453,3.5,4.5,3,8,11,False,106,
2024-05-27,2024-05-26,2024,133,200,22,33,.400,6.5,7.5,4,10,13,False,102,
2024-05-27,2024-05-26,2024,108,200,20,33,.377,7.5,8.5,5,11,14,False,102,
2024-05-27,2024-05-26,2024,143,204,38,16,.704,-,-,1,,1,False,-,105
2024-05-27,2024-05-26,2024,144,204,30,20,.600,6.0,+5.0,2,1,3,False,105,
2024-05-27,2024-05-26,2024,120,204,23,28,.451,13.5,2.5,3,8,11,False,97,
2024-05-27,2024-05-26,2024,121,204,22,30,.423,15.0,4.0,4,10,13,False,95,
2024-05-27,2024-05-26,2024,146,204,19,35,.352,19.0,8.0,5,11,14,False,90,
2024-05-27,2024-05-26,2024,158,205,30,22,.577,-,-,1,,4,False,-,107
2024-05-27,2024-05-26,2024,112,205,27,26,.509,3.5,+0.5,2,2,5,False,107,
2024-05-27,2024-05-26,2024,138,205,25,26,.490,4.5,0.5,3,5,8,False,107,
2024-05-27,2024-05-26,2024,134,205,25,29,.463,6.0,2.0,4,7,10,False,104,
2024-05-27,2024-05-26,2024,113,205,23,30,.434,7.5,3.5,5,9,12,False,103,
2024-05-27,2024-05-26,2024,119,203,33,22,.600,-,-,1,,2,False,-,103
2024-05-27,2024-05-26,2024,137,203,27,27,.500,5.5,-,2,3,6,False,103,
2024-05-27,2024-05-26,2024,135,203,28,28,.500,5.5,-,3,4,7,False,102,
2024-05-27,2024-05-26,2024,109,203,25,28,.472,7.0,1.5,4,6,9,False,102,
2024-05-27,2024-05-26,2024,115,203,18,34,.346,13.5,8.0,5,12,15,False,96,
2024-05-28,2024-05-27,2024,147,201,37,18,.673,-,-,1,,1,False,-,108
2024-05-28,2024-05-27,2024,110,201,34,18,.654,1.5,+5.5,2,1,3,False,108,
2024-05-28,2024-05-27,2024,111,201,27,27,.500,9.5,2.5,3,4,7,False,99,
2024-05-28,2024-05-27,2024,139,201,26,28,.481,10.5,3.5,4,6,9,False,98,
2024-05-28,2024-05-27,2024,141,201,24,29,.453,12.0,5.0,5,8,11,False,97,
2024-05-28,2024-05-27,2024,114,202,36,18,.667,-,-,1,,2,False,-,106
2024-05-28,2024-05-27,2024,118,202,34,21,.618,2.5,+4.0,2,2,4,False,106,
2024-05-28,2024-05-27,2024,142,202,29,24,.547,6.5,-,3,3,5,False,103,
2024-05-28,2024-05-27,2024,116,202,26,27,.491,9.5,3.0,4,5,8,False,100,
2024-05-28,2024-05-27,2024,145,202,15,40,.273,21.5,15.0,5,12,15,False,87,
2024-05-28,2024-05-27,2024,136,200,29,26,.527,-,-,1,,6,False,-,105
2024-05-28,2024-05-27,2024,140,200,25,29,.463,3.5,4.5,2,7,10,False,105,
2024-05-28,2024-05-27,2024,117,200,24,30,.444,4.5,5.5,3,9,12,False,104,
2024-05-28,2024-05-27,2024,133,200,22,33,.400,7.0,8.0,4,10,13,False,101,
2024-05-28,2024-05-27,2024,108,200,20,33,.377,8.0,9.0,5,11,14,False,101,
2024-05-28,2024-05-27,2024,143,204,38,17,.691,-,-,1,,1,False,-,104
2024-05-28,2024-05-27,2024,144,204,30,21,.588,6.0,+4.0,2,1,3,False,104,
2024-05-28,2024-05-27,2024,120,204,24,28,.462,12.5,2.5,3,8,11,False,97,
2024-05-28,2024-05-27,2024,121,204,22,30,.423,14.5,4.5,4,10,13,False,95,
2024-05-28,2024-05-27,2024,146,204,19,36,.345,19.0,9.0,5,12,15,False,89,
2024-05-28,2024-05-27,2024,158,205,31,22,.585,-,-,1,,4,False,-,105
2024-05-28,2024-05-27,2024,112,205,27,27,.500,4.5,0.5,2,4,7,False,105,
2024-05-28,2024-05-27,2024,138,205,25,27,.481,5.5,1.5,3,5,8,False,105,
2024-05-28,2024-05-27,2024,134,205,25,29,.463,6.5,2.5,4,7,10,False,103,
2024-05-28,2024-05-27,2024,113,205,24,30,.444,7.5,3.5,5,9,12,False,102,
2024-05-28,2024-05-27,2024,119,203,33,22,.600,-,-,1,,2,False,-,103
2024-05-28,2024-05-27,2024,137,203,28,27,.509,5.0,-,2,2,5,False,103,
2024-05-28,2024-05-27,2024,135,203,29,28,.509,5.0,-,3,3,6,False,102,
2024-05-28,2024-05-27,2024,109,203,25,28,.472,7.0,2.0,4,6,9,False,102,
2024-05-28,2024-05-27,2024,115,203,19,34,.358,13.0,8.0,5,11,14,False,96,
2024-05-29,2024-05-28,2024,147,201,37,19,.661,-,-,1,,2,False,-,107
2024-05-29,2024-05-28,2024,110,201,34,19,.642,1.5,+4.5,2,1,3,False,107,
2024-05-29,2024-05-28,2024,111,201,28,27,.509,8.5,2.5,3,4,7,False,99,
2024-05-29,2024-05-28,2024,139,201,26,29,.473,10.5,4.5,4,7,10,False,97,
2024-05-29,2024-05-28,2024,141,201,25,29,.463,11.0,5.0,5,8,11,False,97,
2024-05-29,2024-05-28,2024,114,202,37,18,.673,-,-,1,,1,False,-,104
2024-05-29,2024-05-28,2024,118,202,34,22,.607,3.5,+3.0,2,2,4,False,104,
2024-05-29,2024-05-28,2024,142,202,30,24,.556,6.5,-,3,3,5,False,102,
2024-05-29,2024-05-28,2024,116,202,26,27,.491,10.0,3.5,4,5,8,False,99,
2024-05-29,2024-05-28,2024,145,202,15,41,.268,22.5,16.0,5,12,15,False,85,
2024-05-29,2024-05-28,2024,136,200,30,26,.536,-,-,1,,6,False,-,104
2024-05-29,2024-05-28,2024,140,200,26,29,.473,3.5,4.5,2,6,9,False,104,
2024-05-29,2024-05-28,2024,117,200,24,31,.436,5.5,6.5,3,9,12,False,102,
2024-05-29,2024-05-28,2024,133,200,23,33,.411,7.0,8.0,4,10,13,False,100,
2024-05-29,2024-05-28,2024,108,200,21,33,.389,8.0,9.0,5,11,14,False,100,
2024-05-29,2024-05-28,2024,143,204,38,18,.679,-,-,1,,1,False,-,104
2024-05-29,2024-05-28,2024,144,204,31,21,.596,5.0,+4.0,2,1,3,False,104,
2024-05-29,2024-05-28,2024,120,204,24,29,.453,12.5,3.5,3,8,11,False,96,
2024-05-29,2024-05-28,2024,121,204,22,32,.407,15.0,6.0,4,10,13,False,93,
2024-05-29,2024-05-28,2024,146,204,19,37,.339,19.0,10.0,5,12,15,False,88,
2024-05-29,2024-05-28,2024,158,205,31,23,.574,-,-,1,,4,False,-,105
2024-05-29,2024-05-28,2024,112,205,28,27,.509,3.5,0.5,2,4,7,False,105,
2024-05-29,2024-05-28,2024,138,205,26,27,.491,4.5,1.5,3,5,8,False,105,
2024-05-29,2024-05-28,2024,134,205,25,29,.463,6.0,3.0,4,7,10,False,103,
2024-05-29,2024-05-28,2024,113,205,24,31,.436,7.5,4.5,5,9,12,False,101,
2024-05-29,2024-05-28,2024,119,203,35,22,.614,-,-,1,,2,False,-,101
2024-05-29,2024-05-28,2024,137,203,29,27,.518,5.5,-,2,2,5,False,101,
2024-05-29,2024-05-28,2024,135,203,30,28,.517,5.5,-,3,3,6,False,100,
2024-05-29,2024-05-28,2024,109,203,25,29,.463,8.5,3.0,4,6,9,False,99,
2024-05-29,2024-05-28,2024,115,203,19,35,.352,14.5,9.0,5,11,14,False,93,
2024-05-30,2024-05-29,2024,147,201,38,19,.667,-,-,1,,1,False,-,106
2024-05-30,2024-05-29,2024,110,201,35,19,.648,1.5,+5.5,2,1,3,False,106,
2024-05-30,2024-05-29,2024,111,201,28,28,.500,9.5,2.5,3,4,7,False,97,
2024-05-30,2024-05-29,2024,139,201,27,29,.482,10.5,3.5,4,7,10,False,96,
2024-05-30,2024-05-29,2024,141,201,26,29,.473,11.0,4.0,5,8,11,False,96,
2024-05-30,2024-05-29,2024,114,202,37,19,.661,-,-,1,,2,False,-,104
2024-05-30,2024-05-29,2024,118,202,35,22,.614,2.5,+4.0,2,2,4,False,104,
2024-05-30,2024-05-29,2024,142,202,30,25,.545,6.5,-,3,3,5,False,101,
2024-05-30,2024-05-29,2024,116,202,27,28,.491,9.5,3.0,4,5,8,False,98,
2024-05-30,2024-05-29,2024,145,202,15,42,.263,22.5,16.0,5,12,15,False,84,
2024-05-30,2024-05-29,2024,136,200,31,26,.544,-,-,1,,6,False,-,103
2024-05-30,2024-05-29,2024,140,200,27,29,.482,3.5,3.5,2,6,9,False,103,
2024-05-30,2024-05-29,2024,117,200,24,32,.429,6.5,6.5,3,9,12,False,100,
2024-05-30,2024-05-29,2024,133,200,23,34,.404,8.0,8.0,4,10,13,False,98,
2024-05-30,2024-05-29,2024,108,200,21,34,.382,9.0,9.0,5,11,14,False,98,
2024-05-30,2024-05-29,2024,143,204,39,18,.684,-,-,1,,1,False,-,102
2024-05-30,2024-05-29,2024,144,204,31,22,.585,6.0,+4.0,2,1,3,False,102,
2024-05-30,2024-05-29,2024,120,204,25,29,.463,12.5,2.5,3,7,10,False,95,
2024-05-30,2024-05-29,2024,121,204,22,33,.400,16.0,6.0,4,10,13,False,91,
2024-05-30,2024-05-29,2024,146,204,20,37,.351,19.0,9.0,5,12,15,False,87,
2024-05-30,2024-05-29,2024,158,205,32,23,.582,-,-,1,,4,False,-,104
2024-05-30,2024-05-29,2024,138,205,27,27,.500,4.5,0.5,2,4,7,False,104,
2024-05-30,2024-05-29,2024,112,205,28,28,.500,4.5,0.5,3,5,8,False,103,
2024-05-30,2024-05-29,2024,134,205,26,30,.464,6.5,2.5,4,6,9,False,101,
2024-05-30,2024-05-29,2024,113,205,24,32,.429,8.5,4.5,5,9,12,False,99,
2024-05-30,2024-05-29,2024,119,203,36,22,.621,-,-,1,,2,False,-,99
2024-05-30,2024-05-29,2024,137,203,29,28,.509,6.5,-,2,2,5,False,99,
2024-05-30,2024-05-29,2024,135,203,30,29,.508,6.5,-,3,3,6,False,98,
2024-05-30,2024-05-29,2024,109,203,25,30,.455,9.5,3.0,4,8,11,False,97,
2024-05-30,2024-05-29,2024,115,203,20,35,.364,14.5,8.0,5,11,14,False,92,
2024-05-31,2024-05-30,2024,147,201,39,19,.672,-,-,1,,1,False,-,105
2024-05-31,2024-05-30,2024,110,201,35,19,.648,2.0,+5.0,2,1,3,False,105,
2024-05-31,2024-05-30,2024,111,201,28,29,.491,10.5,3.5,3,5,8,False,95,
2024-05-31,2024-05-30,2024,139,201,28,29,.491,10.5,3.5,4,6,9,False,95,
2024-05-31,2024-05-30,2024,141,201,26,29,.473,11.5,4.5,5,8,11,False,95,
2024-05-31,2024-05-30,2024,114,202,37,19,.661,-,-,1,,2,False,-,103
2024-05-31,2024-05-30,2024,118,202,35,23,.603,3.0,+3.0,2,2,4,False,103,
2024-05-31,2024-05-30,2024,142,202,31,25,.554,6.0,-,3,3,5,False,101,
2024-05-31,2024-05-30,2024,116,202,28,28,.500,9.0,3.0,4,4,7,False,98,
2024-05-31,2024-05-30,2024,145,202,15,42,.263,22.5,16.5,5,12,15,False,84,
2024-05-31,2024-05-30,2024,136,200,31,27,.534,-,-,1,,6,False,-,103
2024-05-31,2024-05-30,2024,140,200,27,29,.482,3.0,4.0,2,7,10,False,103,
2024-05-31,2024-05-30,2024,117,200,25,32,.439,5.5,6.5,3,9,12,False,100,
2024-05-31,2024-05-30,2024,133,200,23,35,.397,8.0,9.0,4,10,13,False,97,
2024-05-31,2024-05-30,2024,108,200,21,35,.375,9.0,10.0,5,11,14,False,97,
2024-05-31,2024-05-30,2024,143,204,39,18,.684,-,-,1,,1,False,-,101
2024-05-31,2024-05-30,2024,144,204,31,23,.574,6.5,+3.5,2,1,4,False,101,
2024-05-31,2024-05-30,2024,120,204,26,29,.473,12.0,2.0,3,6,9,False,95,
2024-05-31,2024-05-30,2024,121,204,23,33,.411,15.5,5.5,4,10,13,False,91,
2024-05-31,2024-05-30,2024,146,204,20,37,.351,19.0,9.0,5,12,15,False,87,
2024-05-31,2024-05-30,2024,158,205,33,23,.589,-,-,1,,3,False,-,103
2024-05-31,2024-05-30,2024,138,205,27,27,.500,5.0,0.5,2,4,7,False,103,
2024-05-31,2024-05-30,2024,112,205,28,29,.491,5.5,1.0,3,5,8,False,101,
2024-05-31,2024-05-30,2024,134,205,26,30,.464,7.0,2.5,4,7,10,False,100,
2024-05-31,2024-05-30,2024,113,205,24,32,.429,9.0,4.5,5,9,12,False,98,
2024-05-31,2024-05-30,2024,119,203,36,22,.621,-,-,1,,2,False,-,99
2024-05-31,2024-05-30,2024,137,203,29,28,.509,6.5,-,2,2,5,False,99,
2024-05-31,2024-05-30,2024,135,203,30,29,.508,6.5,-,3,3,6,False,98,
2024-05-31,2024-05-30,2024,109,203,25,31,.446,10.0,3.5,4,8,11,False,96,
2024-05-31,2024-05-30,2024,115,203,20,35,.364,14.5,8.0,5,11,14,False,92,
2024-06-01,2024-05-31,2024,147,201,40,19,.678,-,-,1,,1,False,-,104
2024-06-01,2024-05-31,2024,110,201,36,19,.655,2.0,+5.0,2,1,3,False,104,
2024-06-01,2024-05-31,2024,111,201,29,29,.500,10.5,3.5,3,4,7,False,94,
2024-06-01,2024-05-31,2024,139,201,28,30,.483,11.5,4.5,4,6,9,False,93,
2024-06-01,2024-05-31,2024,141,201,27,29,.482,11.5,4.5,5,7,10,False,94,
2024-06-01,2024-05-31,2024,114,202,38,19,.667,-,-,1,,2,False,-,101
2024-06-01,2024-05-31,2024,118,202,35,24,.593,4.0,+2.0,2,2,4,False,101,
2024-06-01,2024-05-31,2024,142,202,32,25,.561,6.0,-,3,3,5,False,100,
2024-06-01,2024-05-31,2024,116,202,28,29,.491,10.0,4.0,4,5,8,False,96,
2024-06-01,2024-05-31,2024,145,202,15,43,.259,23.5,17.5,5,12,15,False,82,
2024-06-01,2024-05-31,2024,136,200,32,27,.542,-,-,1,,6,False,-,101
2024-06-01,2024-05-31,2024,140,200,27,30,.474,4.0,5.0,2,8,11,False,101,
2024-06-01,2024-05-31,2024,117,200,25,33,.431,6.5,7.5,3,9,12,False,98,
2024-06-01,2024-05-31,2024,133,200,23,36,.390,9.0,10.0,4,10,13,False,95,
2024-06-01,2024-05-31,2024,108,200,21,36,.368,10.0,11.0,5,11,14,False,95,
2024-06-01,2024-05-31,2024,143,204,40,18,.690,-,-,1,,1,False,-,100
2024-06-01,2024-05-31,2024,144,204,32,23,.582,6.5,+4.5,2,1,4,False,100,
2024-06-01,2024-05-31,2024,120,204,26,30,.464,13.0,2.0,3,6,9,False,93,
2024-06-01,2024-05-31,2024,121,204,24,33,.421,15.5,4.5,4,10,13,False,90,
2024-06-01,2024-05-31,2024,146,204,21,37,.362,19.0,8.0,5,12,15,False,86,
2024-06-01,2024-05-31,2024,158,205,34,23,.596,-,-,1,,3,False,-,101
2024-06-01,2024-05-31,2024,138,205,27,28,.491,6.0,0.5,2,4,7,False,101,
2024-06-01,2024-05-31,2024,112,205,28,30,.483,6.5,1.0,3,5,8,False,99,
2024-06-01,2024-05-31,2024,134,205,26,31,.456,8.0,2.5,4,7,10,False,98,
2024-06-01,2024-05-31,2024,113,205,25,32,.439,9.0,3.5,5,9,12,False,97,
2024-06-01,2024-05-31,2024,119,203,36,23,.610,-,-,1,,2,False,-,98
2024-06-01,2024-05-31,2024,135,203,31,29,.517,5.5,+1.0,2,2,5,False,98,
2024-06-01,2024-05-31,2024,137,203,29,29,.500,6.5,-,3,3,6,False,98,
2024-06-01,2024-05-31,2024,109,203,25,32,.439,10.0,3.5,4,8,11,False,95,
2024-06-01,2024-05-31,2024,115,203,21,35,.375,13.5,7.0,5,11,14,False,92,
2024-06-02,2024-06-01,2024,147,201,41,19,.683,-,-,1,,1,False,-,103
2024-06-02,2024-06-01,2024,110,201,37,19,.661,2.0,+6.0,2,1,3,False,103,
2024-06-02,2024-06-01,2024,111,201,30,29,.508,10.5,2.5,3,4,7,False,93,
2024-06-02,2024-06-01,2024,139,201,28,31,.475,12.5,4.5,4,7,10,False,91,
2024-06-02,2024-06-01,2024,141,201,27,30,.474,12.5,4.5,5,8,11,False,92,
2024-06-02,2024-06-01,2024,114,202,39,19,.672,-,-,1,,2,False,-,99
2024-06-02,2024-06-01,2024,118,202,35,25,.583,5.0,+2.0,2,2,4,False,99,
2024-06-02,2024-06-01,2024,142,202,32,26,.552,7.0,-,3,3,5,False,98,
2024-06-02,2024-06-01,2024,116,202,28,30,.483,11.0,4.0,4,6,9,False,94,
2024-06-02,2024-06-01,2024,145,202,15,44,.254,24.5,17.5,5,12,15,False,80,
2024-06-02,2024-06-01,2024,136,200,33,27,.550,-,-,1,,6,False,-,100
2024-06-02,2024-06-01,2024,140,200,28,30,.483,4.0,4.0,2,5,8,False,100,
2024-06-02,2024-06-01,2024,117,200,26,33,.441,6.5,6.5,3,9,12,False,97,
2024-06-02,2024-06-01,2024,133,200,24,36,.400,9.0,9.0,4,10,13,False,94,
2024-06-02,2024-06-01,2024,108,200,21,37,.362,11.0,11.0,5,11,14,False,93,
2024-06-02,2024-06-01,2024,143,204,41,18,.695,-,-,1,,1,False,-,98
2024-06-02,2024-06-01,2024,144,204,32,24,.571,7.5,+4.5,2,1,4,False,98,
2024-06-02,2024-06-01,2024,120,204,26,31,.456,14.0,2.0,3,7,10,False,91,
2024-06-02,2024-06-01,2024,121,204,24,34,.414,16.5,4.5,4,10,13,False,88,
2024-06-02,2024-06-01,2024,146,204,21,38,.356,20.0,8.0,5,12,15,False,84,
2024-06-02,2024-06-01,2024,158,205,35,23,.603,-,-,1,,3,False,-,98
2024-06-02,2024-06-01,2024,112,205,29,30,.492,6.5,-,2,4,7,False,98,
2024-06-02,2024-06-01,2024,138,205,27,29,.482,7.0,0.5,3,5,8,False,99,
2024-06-02,2024-06-01,2024,134,205,27,31,.466,8.0,1.5,4,6,9,False,97,
2024-06-02,2024-06-01,2024,113,205,25,33,.431,10.0,3.5,5,9,12,False,95,
2024-06-02,2024-06-01,2024,119,203,37,23,.617,-,-,1,,2,False,-,97
2024-06-02,2024-06-01,2024,135,203,32,29,.525,5.5,+2.0,2,2,5,False,97,
2024-06-02,2024-06-01,2024,137,203,29,30,.492,7.5,-,3,3,6,False,96,
2024-06-02,2024-06-01,2024,109,203,26,32,.448,10.0,2.5,4,8,11,False,94,
2024-06-02,2024-06-01,2024,115,203,21,36,.368,14.5,7.0,5,11,14,False,90,
2024-06-03,2024-06-02,2024,147,201,42,19,.689,-,-,1,,1,False,-,101
2024-06-03,2024-06-02,2024,110,201,37,20,.649,3.0,+5.0,2,1,3,False,101,
2024-06-03,2024-06-02,2024,111,201,30,30,.500,11.5,3.5,3,4,7,False,91,
2024-06-03,2024-06-02,2024,139,201,29,31,.483,12.5,4.5,4,7,10,False,90,
2024-06-03,2024-06-02,2024,141,201,28,30,.483,12.5,4.5,5,8,11,False,91,
2024-06-03,2024-06-02,2024,114,202,39,20,.661,-,-,1,,2,False,-,99
2024-06-03,2024-06-02,2024,118,202,36,25,.590,4.0,+2.0,2,2,4,False,99,
2024-06-03,2024-06-02,2024,142,202,33,26,.559,6.0,-,3,3,5,False,98,
2024-06-03,2024-06-02,2024,116,202,29,30,.492,10.0,4.0,4,6,9,False,94,
2024-06-03,2024-06-02,2024,145,202,15,45,.250,24.5,18.5,5,12,15,False,79,
2024-06-03,2024-06-02,2024,136,200,34,27,.557,-,-,1,,6,False,-,99
2024-06-03,2024-06-02,2024,140,200,29,30,.492,4.0,4.0,2,5,8,False,99,
2024-06-03,2024-06-02,2024,117,200,26,34,.433,7.5,7.5,3,9,12,False,95,
2024-06-03,2024-06-02,2024,133,200,24,37,.393,10.0,10.0,4,10,13,False,92,
2024-06-03,2024-06-02,2024,108,200,21,38,.356,12.0,12.0,5,11,14,False,91,
2024-06-03,2024-06-02,2024,143,204,41,19,.683,-,-,1,,1,False,-,98
2024-06-03,2024-06-02,2024,144,204,33,24,.579,6.5,+5.0,2,1,4,False,98,
2024-06-03,2024-06-02,2024,120,204,27,31,.466,13.0,1.5,3,6,9,False,91,
2024-06-03,2024-06-02,2024,121,204,24,35,.407,16.5,5.0,4,10,13,False,87,
2024-06-03,2024-06-02,2024,146,204,21,39,.350,20.0,8.5,5,12,15,False,83,
2024-06-03,2024-06-02,2024,158,205,36,23,.610,-,-,1,,3,False,-,98
2024-06-03,2024-06-02,2024,138,205,28,29,.491,7.0,-,2,3,6,False,98,
2024-06-03,2024-06-02,2024,112,205,29,31,.483,7.5,0.5,3,5,8,False,96,
2024-06-03,2024-06-02,2024,134,205,27,32,.458,9.0,2.0,4,8,11,False,95,
2024-06-03,2024-06-02,2024,113,205,26,33,.441,10.0,3.0,5,9,12,False,94,
2024-06-03,2024-06-02,2024,119,203,38,23,.623,-,-,1,,2,False,-,95
2024-06-03,2024-06-02,2024,135,203,32,30,.516,6.5,+1.5,2,2,5,False,95,
2024-06-03,2024-06-02,2024,137,203,29,31,.483,8.5,0.5,3,4,7,False,94,
2024-06-03,2024-06-02,2024,109,203,27,32,.458,10.0,2.0,4,7,10,False,93,
2024-06-03,2024-06-02,2024,115,203,21,37,.362,15.5,7.5,5,11,14,False,88,
2024-06-04,2024-06-03,2024,147,201,42,19,.689,-,-,1,,1,False,-,101
2024-06-04,2024-06-03,2024,110,201,38,20,.655,2.5,+5.5,2,1,3,False,101,
2024-06-04,2024-06-03,2024,111,201,30,30,.500,11.5,3.5,3,5,8,False,91,
2024-06-04,2024-06-03,2024,139,201,29,31,.483,12.5,4.5,4,7,10,False,90,
2024-06-04,2024-06-03,2024,141,201,28,31,.475,13.0,5.0,5,8,11,False,90,
2024-06-04,2024-06-03,2024,114,202,39,20,.661,-,-,1,,2,False,-,99
2024-06-04,2024-06-03,2024,118,202,36,25,.590,4.0,+2.0,2,2,4,False,99,
2024-06-04,2024-06-03,2024,142,202,33,26,.559,6.0,-,3,3,5,False,98,
2024-06-04,2024-06-03,2024,116,202,30,30,.500,9.5,3.5,4,4,7,False,94,
2024-06-04,2024-06-03,2024,145,202,15,45,.250,24.5,18.5,5,12,15,False,79,
2024-06-04,2024-06-03,2024,136,200,34,27,.557,-,-,1,,6,False,-,98
2024-06-04,2024-06-03,2024,140,200,29,31,.483,4.5,4.5,2,6,9,False,98,
2024-06-04,2024-06-03,2024,117,200,27,34,.443,7.0,7.0,3,9,12,False,95,
2024-06-04,2024-06-03,2024,133,200,24,37,.393,10.0,10.0,4,10,13,False,92,
2024-06-04,2024-06-03,2024,108,200,22,38,.367,11.5,11.5,5,11,14,False,91,
2024-06-04,2024-06-03,2024,143,204,42,19,.689,-,-,1,,1,False,-,97
2024-06-04,2024-06-03,2024,144,204,33,24,.579,7.0,+5.5,2,1,4,False,97,
2024-06-04,2024-06-03,2024,120,204,27,32,.458,14.0,1.5,3,8,11,False,89,
2024-06-04,2024-06-03,2024,121,204,25,35,.417,16.5,4.0,4,10,13,False,86,
2024-06-04,2024-06-03,2024,146,204,21,39,.350,20.5,8.0,5,12,15,False,82,
2024-06-04,2024-06-03,2024,158,205,36,24,.600,-,-,1,,3,False,-,96
2024-06-04,2024-06-03,2024,112,205,29,31,.483,7.0,-,2,3,6,False,96,
2024-06-04,2024-06-03,2024,138,205,28,30,.483,7.0,-,3,4,7,False,97,
2024-06-04,2024-06-03,2024,134,205,27,32,.458,8.5,1.5,4,7,10,False,95,
2024-06-04,2024-06-03,2024,113,205,27,33,.450,9.0,2.0,5,9,12,False,94,
2024-06-04,2024-06-03,2024,119,203,38,23,.623,-,-,1,,2,False,-,94
2024-06-04,2024-06-03,2024,135,203,32,31,.508,7.0,+1.5,2,2,5,False,94,
2024-06-04,2024-06-03,2024,137,203,29,32,.475,9.0,0.5,3,5,8,False,93,
2024-06-04,2024-06-03,2024,109,203,28,32,.467,9.5,1.0,4,6,9,False,93,
2024-06-04,2024-06-03,2024,115,203,21,38,.356,16.0,7.5,5,11,14,False,87,
2024-06-05,2024-06-04,2024,147,201,43,19,.694,-,-,1,,1,False,-,100
2024-06-05,2024-06-04,2024,110,201,39,20,.661,2.5,+6.5,2,1,3,False,100,
2024-06-05,2024-06-04,2024,111,201,30,31,.492,12.5,3.5,3,5,8,False,89,
2024-06-05,2024-06-04,2024,139,201,30,31,.492,12.5,3.5,4,6,9,False,89,
2024-06-05,2024-06-04,2024,141,201,28,32,.467,14.0,5.0,5,8,11,False,88,
2024-06-05,2024-06-04,2024,114,202,40,20,.667,-,-,1,,2,False,-,97
2024-06-05,2024-06-04,2024,118,202,36,26,.581,5.0,+2.0,2,2,4,False,97,
2024-06-05,2024-06-04,2024,142,202,33,27,.550,7.0,-,3,3,6,False,96,
2024-06-05,2024-06-04,2024,116,202,31,30,.508,9.5,2.5,4,4,7,False,93,
2024-06-05,2024-06-04,2024,145,202,15,46,.246,25.5,18.5,5,12,15,False,77,
2024-06-05,2024-06-04,2024,136,200,35,27,.565,-,-,1,,5,False,-,96
2024-06-05,2024-06-04,2024,140,200,29,32,.475,5.5,4.5,2,7,10,False,96,
2024-06-05,2024-06-04,2024,117,200,28,34,.452,7.0,6.0,3,9,12,False,94,
2024-06-05,2024-06-04,2024,133,200,24,38,.387,11.0,10.0,4,10,13,False,90,
2024-06-05,2024-06-04,2024,108,200,23,38,.377,11.5,10.5,5,11,14,False,90,
2024-06-05,2024-06-04,2024,143,204,43,19,.694,-,-,1,,1,False,-,96
2024-06-05,2024-06-04,2024,144,204,34,24,.586,7.0,+5.5,2,1,4,False,96,
2024-06-05,2024-06-04,2024,120,204,27,33,.450,15.0,2.5,3,9,12,False,87,
2024-06-05,2024-06-04,2024,121,204,26,35,.426,16.5,4.0,4,10,13,False,85,
2024-06-05,2024-06-04,2024,146,204,21,40,.344,21.5,9.0,5,12,15,False,80,
2024-06-05,2024-06-04,2024,158,205,36,25,.590,-,-,1,,3,False,-,96
2024-06-05,2024-06-04,2024,112,205,30,31,.492,6.0,-,2,3,6,False,96,
2024-06-05,2024-06-04,2024,138,205,28,31,.475,7.0,1.0,3,5,8,False,96,
2024-06-05,2024-06-04,2024,134,205,28,32,.467,7.5,1.5,4,7,10,False,95,
2024-06-05,2024-06-04,2024,113,205,28,33,.459,8.0,2.0,5,8,11,False,94,
2024-06-05,2024-06-04,2024,119,203,38,24,.613,-,-,1,,2,False,-,93
2024-06-05,2024-06-04,2024,135,203,32,32,.500,7.0,+0.5,2,2,5,False,93,
2024-06-05,2024-06-04,2024,109,203,29,32,.475,8.5,1.0,3,4,7,False,93,
2024-06-05,2024-06-04,2024,137,203,29,33,.468,9.0,1.5,4,6,9,False,92,
2024-06-05,2024-06-04,2024,115,203,21,39,.350,16.0,8.5,5,11,14,False,86,
2024-06-06,2024-06-05,2024,147,201,44,19,.698,-,-,1,,1,False,-,98
2024-06-06,2024-06-05,2024,110,201,39,21,.650,3.5,+6.5,2,1,3,False,98,
2024-06-06,2024-06-05,2024,111,201,31,31,.500,12.5,2.5,3,5,8,False,88,
2024-06-06,2024-06-05,2024,139,201,31,31,.500,12.5,2.5,4,6,9,False,88,
2024-06-06,2024-06-05,2024,141,201,29,32,.475,14.0,4.0,5,8,11,False,87,
2024-06-06,2024-06-05,2024,114,202,40,20,.667,-,-,1,,2,False,-,97
2024-06-06,2024-06-05,2024,118,202,36,26,.581,5.0,+2.5,2,2,4,False,97,
2024-06-06,2024-06-05,2024,142,202,33,28,.541,7.5,-,3,3,6,False,95,
2024-06-06,2024-06-05,2024,116,202,31,31,.500,10.0,2.5,4,4,7,False,92,
2024-06-06,2024-06-05,2024,145,202,15,47,.242,26.0,18.5,5,12,15,False,76,
2024-06-06,2024-06-05,2024,136,200,35,28,.556,-,-,1,,5,False,-,96
2024-06-06,2024-06-05,2024,140,200,30,32,.484,4.5,3.5,2,7,10,False,96,
2024-06-06,2024-06-05,2024,117,200,28,35,.444,7.0,6.0,3,9,12,False,93,
2024-06-06,2024-06-05,2024,133,200,25,38,.397,10.0,9.0,4,10,13,False,90,
2024-06-06,2024-06-05,2024,108,200,24,38,.387,10.5,9.5,5,11,14,False,90,
2024-06-06,2024-06-05,2024,143,204,44,19,.698,-,-,1,,1,False,-,94
2024-06-06,2024-06-05,2024,144,204,34,25,.576,8.0,+5.0,2,1,4,False,94,
2024-06-06,2024-06-05,2024,120,204,27,34,.443,16.0,3.0,3,9,12,False,85,
2024-06-06,2024-06-05,2024,121,204,27,35,.435,16.5,3.5,4,10,13,False,84,
2024-06-06,2024-06-05,2024,146,204,21,41,.339,22.5,9.5,5,12,15,False,78,
2024-06-06,2024-06-05,2024,158,205,36,26,.581,-,-,1,,3,False,-,96
2024-06-06,2024-06-05,2024,112,205,31,31,.500,5.0,+0.5,2,2,5,False,96,
2024-06-06,2024-06-05,2024,138,205,29,31,.483,6.0,0.5,3,4,7,False,96,
2024-06-06,2024-06-05,2024,134,205,29,32,.475,6.5,1.0,4,6,9,False,95,
2024-06-06,2024-06-05,2024,113,205,29,33,.468,7.0,1.5,5,8,11,False,94,
2024-06-06,2024-06-05,2024,119,203,38,25,.603,-,-,1,,2,False,-,92
2024-06-06,2024-06-05,2024,135,203,32,33,.492,7.0,-,2,3,6,False,92,
2024-06-06,2024-06-05,2024,137,203,30,33,.476,8.0,1.0,3,5,8,False,92,
2024-06-06,2024-06-05,2024,109,203,29,33,.468,8.5,1.5,4,7,10,False,92,
2024-06-06,2024-06-05,2024,115,203,21,40,.344,16.0,9.0,5,11,14,False,85,
2024-06-07,2024-06-06,2024,147,201,45,19,.703,-,-,1,,1,False,-,96
2024-06-07,2024-06-06,2024,110,201,39,22,.639,4.5,+6.5,2,1,3,False,96,
2024-06-07,2024-06-06,2024,111,201,32,31,.508,12.5,1.5,3,4,7,False,87,
2024-06-07,2024-06-06,2024,139,201,31,31,.500,13.0,2.0,4,6,9,False,87,
2024-06-07,2024-06-06,2024,141,201,30,32,.484,14.0,3.0,5,7,10,False,86,
2024-06-07,2024-06-06,2024,114,202,40,21,.656,-,-,1,,2,False,-,97
2024-06-07,2024-06-06,2024,118,202,37,26,.587,4.0,+3.5,2,2,4,False,97,
2024-06-07,2024-06-06,2024,142,202,33,29,.532,7.5,-,3,3,6,False,94,
2024-06-07,2024-06-06,2024,116,202,31,31,.500,9.5,2.0,4,5,8,False,92,
2024-06-07,2024-06-06,2024,145,202,15,48,.238,26.0,18.5,5,12,15,False,75,
2024-06-07,2024-06-06,2024,136,200,36,28,.563,-,-,1,,5,False,-,95
2024-06-07,2024-06-06,2024,140,200,30,32,.484,5.0,3.0,2,8,11,False,95,
2024-06-07,2024-06-06,2024,117,200,28,35,.444,7.5,5.5,3,9,12,False,92,
2024-06-07,2024-06-06,2024,133,200,25,39,.391,11.0,9.0,4,10,13,False,88,
2024-06-07,2024-06-06,2024,108,200,24,38,.387,11.0,9.0,5,11,14,False,89,
2024-06-07,2024-06-06,2024,143,204,44,19,.698,-,-,1,,1,False,-,94
2024-06-07,2024-06-06,2024,144,204,35,25,.583,7.5,+6.0,2,1,3,False,94,
2024-06-07,2024-06-06,2024,121,204,27,35,.435,16.5,3.0,3,9,12,False,84,
2024-06-07,2024-06-06,2024,120,204,27,35,.435,16.5,3.0,4,10,13,False,84,
2024-06-07,2024-06-06,2024,146,204,21,41,.339,22.5,9.0,5,12,15,False,78,
2024-06-07,2024-06-06,2024,158,205,36,26,.581,-,-,1,,4,False,-,95
2024-06-07,2024-06-06,2024,112,205,31,32,.492,5.5,+0.5,2,2,5,False,95,
2024-06-07,2024-06-06,2024,113,205,30,33,.476,6.5,0.5,3,6,9,False,94,
2024-06-07,2024-06-06,2024,138,205,29,32,.475,6.5,0.5,4,7,10,False,95,
2024-06-07,2024-06-06,2024,134,205,29,33,.468,7.0,1.0,5,8,11,False,94,
2024-06-07,2024-06-06,2024,119,203,39,25,.609,-,-,1,,2,False,-,90
2024-06-07,2024-06-06,2024,135,203,32,34,.485,8.0,-,2,3,6,False,90,
2024-06-07,2024-06-06,2024,109,203,30,33,.476,8.5,0.5,3,4,7,False,91,
2024-06-07,2024-06-06,2024,137,203,30,33,.476,8.5,0.5,4,5,8,False,91,
2024-06-07,2024-06-06,2024,115,203,22,40,.355,16.0,8.0,5,11,14,False,84,
2024-06-08,2024-06-07,2024,147,201,45,20,.692,-,-,1,,1,False,-,96
2024-06-08,2024-06-07,2024,110,201,40,22,.645,3.5,+7.5,2,1,2,False,96,
2024-06-08,2024-06-07,2024,111,201,32,32,.500,12.5,1.5,3,4,7,False,86,
2024-06-08,2024-06-07,2024,139,201,31,32,.492,13.0,2.0,4,6,9,False,86,
2024-06-08,2024-06-07,2024,141,201,30,33,.476,14.0,3.0,5,7,10,False,85,
2024-06-08,2024-06-07,2024,114,202,40,22,.645,-,-,1,,3,False,-,97
2024-06-08,2024-06-07,2024,118,202,38,26,.594,3.0,+4.5,2,2,4,False,97,
2024-06-08,2024-06-07,2024,142,202,33,30,.524,7.5,-,3,3,6,False,93,
2024-06-08,2024-06-07,2024,116,202,31,32,.492,9.5,2.0,4,5,8,False,91,
2024-06-08,2024-06-07,2024,145,202,16,48,.250,25.0,17.5,5,12,15,False,75,
2024-06-08,2024-06-07,2024,136,200,36,29,.554,-,-,1,,5,False,-,94
2024-06-08,2024-06-07,2024,140,200,30,33,.476,5.0,3.0,2,8,11,False,94,
2024-06-08,2024-06-07,2024,117,200,29,35,.453,6.5,4.5,3,9,12,False,92,
2024-06-08,2024-06-07,2024,133,200,26,39,.400,10.0,8.0,4,10,13,False,88,
2024-06-08,2024-06-07,2024,108,200,24,39,.381,11.0,9.0,5,11,14,False,88,
2024-06-08,2024-06-07,2024,143,204,44,19,.698,-,-,1,,1,False,-,93
2024-06-08,2024-06-07,2024,144,204,35,26,.574,8.0,+5.5,2,1,4,False,93,
2024-06-08,2024-06-07,2024,120,204,28,35,.444,16.0,2.5,3,9,12,False,84,
2024-06-08,2024-06-07,2024,121,204,27,35,.435,16.5,3.0,4,10,13,False,84,
2024-06-08,2024-06-07,2024,146,204,22,41,.349,22.0,8.5,5,11,14,False,78,
2024-06-08,2024-06-07,2024,158,205,37,26,.587,-,-,1,,3,False,-,93
2024-06-08,2024-06-07,2024,113,205,31,33,.484,6.5,-,2,4,7,False,93,
2024-06-08,2024-06-07,2024,112,205,31,33,.484,6.5,-,3,5,8,False,93,
2024-06-08,2024-06-07,2024,138,205,30,32,.484,6.5,-,4,6,9,False,94,
2024-06-08,2024-06-07,2024,134,205,30,33,.476,7.0,0.5,5,7,10,False,93,
2024-06-08,2024-06-07,2024,119,203,40,25,.615,-,-,1,,2,False,-,89
2024-06-08,2024-06-07,2024,135,203,33,34,.493,8.0,+0.5,2,2,5,False,89,
2024-06-08,2024-06-07,2024,137,203,31,33,.484,8.5,-,3,3,6,False,90,
2024-06-08,2024-06-07,2024,109,203,30,34,.469,9.5,1.0,4,8,11,False,89,
2024-06-08,2024-06-07,2024,115,203,22,41,.349,17.0,8.5,5,12,15,False,82,
2024-06-09,2024-06-08,2024,147,201,45,21,.682,-,-,1,,1,False,-,96
2024-06-09,2024-06-08,2024,110,201,41,22,.651,2.5,+8.5,2,1,2,False,96,
2024-06-09,2024-06-08,2024,111,201,32,33,.492,12.5,1.5,3,4,7,False,85,
2024-06-09,2024-06-08,2024,139,201,31,33,.484,13.0,2.0,4,6,9,False,85,
2024-06-09,2024-06-08,2024,141,201,31,33,.484,13.0,2.0,5,7,10,False,85,
2024-06-09,2024-06-08,2024,114,202,41,22,.651,-,-,1,,3,False,-,96
2024-06-09,2024-06-08,2024,118,202,39,26,.600,3.0,+5.5,2,2,4,False,96,
2024-06-09,2024-06-08,2024,142,202,33,31,.516,8.5,-,3,3,6,False,91,
2024-06-09,2024-06-08,2024,116,202,31,33,.484,10.5,2.0,4,5,8,False,89,
2024-06-09,2024-06-08,2024,145,202,17,48,.262,25.0,16.5,5,12,15,False,74,
2024-06-09,2024-06-08,2024,136,200,36,30,.545,-,-,1,,5,False,-,93
2024-06-09,2024-06-08,2024,140,200,30,34,.469,5.0,3.0,2,8,11,False,93,
2024-06-09,2024-06-08,2024,117,200,30,35,.462,5.5,3.5,3,9,12,False,92,
2024-06-09,2024-06-08,2024,133,200,26,40,.394,10.0,8.0,4,10,13,False,87,
2024-06-09,2024-06-08,2024,108,200,24,40,.375,11.0,9.0,5,11,14,False,87,
2024-06-09,2024-06-08,2024,143,204,45,19,.703,-,-,1,,1,False,-,91
2024-06-09,2024-06-08,2024,144,204,35,27,.565,9.0,+4.5,2,1,4,False,91,
2024-06-09,2024-06-08,2024,120,204,29,35,.453,16.0,2.5,3,9,12,False,83,
2024-06-09,2024-06-08,2024,121,204,27,36,.429,17.5,4.0,4,10,13,False,82,
2024-06-09,2024-06-08,2024,146,204,22,42,.344,23.0,9.5,5,12,15,False,76,
2024-06-09,2024-06-08,2024,158,205,38,26,.594,-,-,1,,3,False,-,92
2024-06-09,2024-06-08,2024,113,205,32,33,.492,6.5,-,2,4,7,False,92,
2024-06-09,2024-06-08,2024,134,205,31,33,.484,7.0,0.5,3,5,8,False,92,
2024-06-09,2024-06-08,2024,112,205,31,34,.477,7.5,1.0,4,6,9,False,91,
2024-06-09,2024-06-08,2024,138,205,30,33,.476,7.5,1.0,5,7,10,False,92,
2024-06-09,2024-06-08,2024,119,203,41,25,.621,-,-,1,,2,False,-,88
2024-06-09,2024-06-08,2024,135,203,34,34,.500,8.0,+0.5,2,2,5,False,88,
2024-06-09,2024-06-08,2024,137,203,32,33,.492,8.5,-,3,3,6,False,89,
2024-06-09,2024-06-08,2024,109,203,30,35,.462,10.5,2.0,4,8,11,False,87,
2024-06-09,2024-06-08,2024,115,203,23,41,.359,17.0,8.5,5,11,14,False,81,
2024-06-10,2024-06-09,2024,147,201,46,21,.687,-,-,1,,1,False,-,95
2024-06-10,2024-06-09,2024,110,201,42,22,.656,2.5,+8.5,2,1,2,False,95,
2024-06-10,2024-06-09,2024,111,201,33,33,.500,12.5,1.5,3,4,7,False,84,
2024-06-10,2024-06-09,2024,141,201,32,33,.492,13.0,2.0,4,6,9,False,84,
2024-06-10,2024-06-09,2024,139,201,31,34,.477,14.0,3.0,5,8,11,False,83,
2024-06-10,2024-06-09,2024,114,202,42,22,.656,-,-,1,,3,False,-,94
2024-06-10,2024-06-09,2024,118,202,39,27,.591,4.0,+4.5,2,2,4,False,94,
2024-06-10,2024-06-09,2024,142,202,34,31,.523,8.5,-,3,3,6,False,90,
2024-06-10,2024-06-09,2024,116,202,32,33,.492,10.5,2.0,4,5,8,False,88,
2024-06-10,2024-06-09,2024,145,202,17,49,.258,26.0,17.5,5,12,15,False,72,
2024-06-10,2024-06-09,2024,136,200,37,30,.552,-,-,1,,5,False,-,92
2024-06-10,2024-06-09,2024,140,200,31,34,.477,5.0,3.0,2,7,10,False,92,
2024-06-10,2024-06-09,2024,117,200,30,36,.455,6.5,4.5,3,9,12,False,90,
2024-06-10,2024-06-09,2024,133,200,26,41,.388,11.0,9.0,4,10,13,False,85,
2024-06-10,2024-06-09,2024,108,200,25,40,.385,11.0,9.0,5,11,14,False,86,
2024-06-10,2024-06-09,2024,143,204,45,20,.692,-,-,1,,1,False,-,90
2024-06-10,2024-06-09,2024,144,204,35,28,.556,9.0,+4.5,2,1,4,False,90,
2024-06-10,2024-06-09,2024,120,204,30,35,.462,15.0,1.5,3,9,12,False,83,
2024-06-10,2024-06-09,2024,121,204,28,36,.438,16.5,3.0,4,10,13,False,82,
2024-06-10,2024-06-09,2024,146,204,22,43,.338,23.0,9.5,5,12,15,False,75,
2024-06-10,2024-06-09,2024,158,205,38,27,.585,-,-,1,,3,False,-,91
2024-06-10,2024-06-09,2024,113,205,32,34,.485,6.5,-,2,4,7,False,91,
2024-06-10,2024-06-09,2024,112,205,32,34,.485,6.5,-,3,5,8,False,91,
2024-06-10,2024-06-09,2024,138,205,31,33,.484,6.5,-,4,6,9,False,92,
2024-06-10,2024-06-09,2024,134,205,31,34,.477,7.0,0.5,5,7,10,False,91,
2024-06-10,2024-06-09,2024,119,203,41,26,.612,-,-,1,,2,False,-,87
2024-06-10,2024-06-09,2024,135,203,34,35,.493,8.0,+0.5,2,2,5,False,87,
2024-06-10,2024-06-09,2024,137,203,32,34,.485,8.5,-,3,3,6,False,88,
2024-06-10,2024-06-09,2024,109,203,31,35,.470,9.5,1.0,4,8,11,False,87,
2024-06-10,2024-06-09,2024,115,203,23,42,.354,17.0,8.5,5,11,14,False,80,
2024-06-11,2024-06-10,2024,147,201,47,21,.691,-,-,1,,1,False,-,94
2024-06-11,2024-06-10,2024,110,201,43,22,.662,2.5,+8.5,2,1,2,False,94,
2024-06-11,2024-06-10,2024,111,201,33,33,.500,13.0,2.0,3,4,7,False,83,
2024-06-11,2024-06-10,2024,141,201,32,34,.485,14.0,3.0,4,6,9,False,82,
2024-06-11,2024-06-10,2024,139,201,31,35,.470,15.0,4.0,5,8,11,False,81,
2024-06-11,2024-06-10,2024,114,202,42,22,.656,-,-,1,,3,False,-,93
2024-06-11,2024-06-10,2024,118,202,39,28,.582,4.5,+3.5,2,2,4,False,93,
2024-06-11,2024-06-10,2024,142,202,35,31,.530,8.0,-,3,3,6,False,90,
2024-06-11,2024-06-10,2024,116,202,32,33,.492,10.5,2.5,4,5,8,False,88,
2024-06-11,2024-06-10,2024,145,202,17,50,.254,26.5,18.5,5,12,15,False,71,
2024-06-11,2024-06-10,2024,136,200,38,30,.559,-,-,1,,5,False,-,91
2024-06-11,2024-06-10,2024,140,200,31,34,.477,5.5,3.5,2,7,10,False,91,
2024-06-11,2024-06-10,2024,117,200,30,37,.448,7.5,5.5,3,9,12,False,88,
2024-06-11,2024-06-10,2024,108,200,25,40,.385,11.5,9.5,4,10,13,False,85,
2024-06-11,2024-06-10,2024,133,200,26,42,.382,12.0,10.0,5,11,14,False,83,
2024-06-11,2024-06-10,2024,143,204,45,20,.692,-,-,1,,1,False,-,90
2024-06-11,2024-06-10,2024,144,204,35,28,.556,9.0,+4.0,2,1,4,False,90,
2024-06-11,2024-06-10,2024,120,204,30,35,.462,15.0,2.0,3,9,12,False,83,
2024-06-11,2024-06-10,2024,121,204,28,36,.438,16.5,3.5,4,10,13,False,82,
2024-06-11,2024-06-10,2024,146,204,22,43,.338,23.0,10.0,5,12,15,False,75,
2024-06-11,2024-06-10,2024,158,205,39,27,.591,-,-,1,,3,False,-,90
2024-06-11,2024-06-10,2024,113,205,32,34,.485,7.0,0.5,2,4,7,False,90,
2024-06-11,2024-06-10,2024,112,205,32,34,.485,7.0,0.5,3,5,8,False,90,
2024-06-11,2024-06-10,2024,138,205,31,33,.484,7.0,0.5,4,6,9,False,91,
2024-06-11,2024-06-10,2024,134,205,31,34,.477,7.5,1.0,5,7,10,False,90,
2024-06-11,2024-06-10,2024,119,203,41,26,.612,-,-,1,,2,False,-,87
2024-06-11,2024-06-10,2024,135,203,35,35,.500,7.5,+0.5,2,2,5,False,87,
2024-06-11,2024-06-10,2024,137,203,33,34,.493,8.0,-,3,3,6,False,88,
2024-06-11,2024-06-10,2024,109,203,31,35,.470,9.5,1.5,4,8,11,False,87,
2024-06-11,2024-06-10,2024,115,203,23,43,.348,17.5,9.5,5,11,14,False,79,
2024-06-12,2024-06-11,2024,147,201,48,21,.696,-,-,1,,1,False,-,93
2024-06-12,2024-06-11,2024,110,201,44,22,.667,2.5,+9.5,2,1,2,False,93,
2024-06-12,2024-06-11,2024,141,201,33,34,.493,14.0,2.0,3,4,7,False,81,
2024-06-12,2024-06-11,2024,111,201,33,34,.493,14.0,2.0,4,5,8,False,81,
2024-06-12,2024-06-11,2024,139,201,32,35,.478,15.0,3.0,5,7,10,False,80,
2024-06-12,2024-06-11,2024,114,202,43,22,.662,-,-,1,,3,False,-,91
2024-06-12,2024-06-11,2024,118,202,39,29,.574,5.5,+3.5,2,2,4,False,91,
2024-06-12,2024-06-11,2024,142,202,35,32,.522,9.0,-,3,3,6,False,88,
2024-06-12,2024-06-11,2024,116,202,32,34,.485,11.5,2.5,4,6,9,False,86,
2024-06-12,2024-06-11,2024,145,202,17,51,.250,27.5,18.5,5,12,15,False,69,
2024-06-12,2024-06-11,2024,136,200,39,30,.565,-,-,1,,5,False,-,89
2024-06-12,2024-06-11,2024,140,200,31,35,.470,6.5,3.5,2,8,11,False,89,
2024-06-12,2024-06-11,2024,117,200,31,37,.456,7.5,4.5,3,9,12,False,87,
2024-06-12,2024-06-11,2024,108,200,25,41,.379,12.5,9.5,4,10,13,False,83,
2024-06-12,2024-06-11,2024,133,200,26,43,.377,13.0,10.0,5,11,14,False,81,
2024-06-12,2024-06-11,2024,143,204,46,20,.697,-,-,1,,1,False,-,88
2024-06-12,2024-06-11,2024,144,204,35,29,.547,10.0,+4.0,2,1,4,False,88,
2024-06-12,2024-06-11,2024,120,204,31,35,.470,15.0,1.0,3,9,12,False,82,
2024-06-12,2024-06-11,2024,121,204,28,37,.431,17.5,3.5,4,10,13,False,80,
2024-06-12,2024-06-11,2024,146,204,23,43,.348,23.0,9.0,5,12,15,False,74,
2024-06-12,2024-06-11,2024,158,205,39,28,.582,-,-,1,,3,False,-,90
2024-06-12,2024-06-11,2024,134,205,32,34,.485,6.5,-,2,4,7,False,90,
2024-06-12,2024-06-11,2024,113,205,32,35,.478,7.0,0.5,3,6,9,False,89,
2024-06-12,2024-06-11,2024,112,205,32,35,.478,7.0,0.5,4,7,10,False,89,
2024-06-12,2024-06-11,2024,138,205,31,34,.477,7.0,0.5,5,8,11,False,90,
2024-06-12,2024-06-11,2024,119,203,42,26,.618,-,-,1,,2,False,-,86
2024-06-12,2024-06-11,2024,135,203,36,35,.507,7.5,+1.5,2,2,5,False,86,
2024-06-12,2024-06-11,2024,137,203,33,35,.485,9.0,-,3,3,6,False,86,
2024-06-12,2024-06-11,2024,109,203,32,35,.478,9.5,0.5,4,5,8,False,86,
2024-06-12,2024-06-11,2024,115,203,24,43,.358,17.5,8.5,5,11,14,False,78,
2024-06-13,2024-06-12,2024,147,201,49,21,.700,-,-,1,,1,False,-,92
2024-06-13,2024-06-12,2024,110,201,45,22,.672,2.5,+9.5,2,1,2,False,92,
2024-06-13,2024-06-12,2024,111,201,34,34,.500,14.0,2.0,3,4,7,False,80,
2024-06-13,2024-06-12,2024,141,201,33,35,.485,15.0,3.0,4,5,8,False,79,
2024-06-13,2024-06-12,2024,139,201,32,36,.471,16.0,4.0,5,8,11,False,78,
2024-06-13,2024-06-12,2024,114,202,43,23,.652,-,-,1,,3,False,-,90
2024-06-13,2024-06-12,2024,118,202,39,30,.565,5.5,+2.5,2,2,5,False,90,
2024-06-13,2024-06-12,2024,142,202,36,32,.529,8.0,-,3,3,6,False,88,
2024-06-13,2024-06-12,2024,116,202,32,35,.478,11.5,3.5,4,7,10,False,85,
2024-06-13,2024-06-12,2024,145,202,17,52,.246,27.5,19.5,5,12,15,False,68,
2024-06-13,2024-06-12,2024,136,200,40,30,.571,-,-,1,,4,False,-,88
2024-06-13,2024-06-12,2024,140,200,32,35,.478,6.5,3.5,2,6,9,False,88,
2024-06-13,2024-06-12,2024,117,200,31,38,.449,8.5,5.5,3,9,12,False,85,
2024-06-13,2024-06-12,2024,108,200,26,41,.388,12.5,9.5,4,10,13,False,82,
2024-06-13,2024-06-12,2024,133,200,26,44,.371,14.0,11.0,5,11,14,False,79,
2024-06-13,2024-06-12,2024,143,204,46,21,.687,-,-,1,,1,False,-,87
2024-06-13,2024-06-12,2024,144,204,35,30,.538,10.0,+3.0,2,1,4,False,87,
2024-06-13,2024-06-12,2024,120,204,32,35,.478,14.0,1.0,3,8,11,False,82,
2024-06-13,2024-06-12,2024,121,204,29,37,.439,16.5,3.5,4,10,13,False,80,
2024-06-13,2024-06-12,2024,146,204,23,44,.343,23.0,10.0,5,12,15,False,73,
2024-06-13,2024-06-12,2024,158,205,40,28,.588,-,-,1,,3,False,-,88
2024-06-13,2024-06-12,2024,113,205,33,35,.485,7.0,0.5,2,4,7,False,88,
2024-06-13,2024-06-12,2024,112,205,33,35,.485,7.0,0.5,3,5,8,False,88,
2024-06-13,2024-06-12,2024,138,205,32,34,.485,7.0,0.5,4,6,9,False,89,
2024-06-13,2024-06-12,2024,134,205,32,35,.478,7.5,1.0,5,7,10,False,88,
2024-06-13,2024-06-12,2024,119,203,42,27,.609,-,-,1,,2,False,-,86
2024-06-13,2024-06-12,2024,135,203,37,35,.514,6.5,+1.5,2,2,5,False,86,
2024-06-13,2024-06-12,2024,137,203,34,35,.493,8.0,-,3,3,6,False,86,
2024-06-13,2024-06-12,2024,109,203,32,36,.471,9.5,1.5,4,9,12,False,85,
2024-06-13,2024-06-12,2024,115,203,24,44,.353,17.5,9.5,5,11,14,False,77,
2024-06-14,2024-06-13,2024,147,201,49,22,.690,-,-,1,,1,False,-,91
2024-06-14,2024-06-13,2024,110,201,45,23,.662,2.5,+8.5,2,1,2,False,91,
2024-06-14,2024-06-13,2024,111,201,35,34,.507,13.0,2.0,3,4,7,False,80,
2024-06-14,2024-06-13,2024,141,201,33,35,.485,14.5,3.5,4,7,10,False,79,
2024-06-14,2024-06-13,2024,139,201,33,36,.478,15.0,4.0,5,8,11,False,78,
2024-06-14,2024-06-13,2024,114,202,43,23,.652,-,-,1,,3,False,-,90
2024-06-14,2024-06-13,2024,118,202,40,30,.571,5.0,+2.5,2,2,4,False,90,
2024-06-14,2024-06-13,2024,142,202,37,32,.536,7.5,-,3,3,6,False,88,
2024-06-14,2024-06-13,2024,116,202,33,35,.485,11.0,3.5,4,6,9,False,85,
2024-06-14,2024-06-13,2024,145,202,18,52,.257,27.0,19.5,5,12,15,False,68,
2024-06-14,2024-06-13,2024,136,200,40,31,.563,-,-,1,,5,False,-,88
2024-06-14,2024-06-13,2024,140,200,33,35,.485,5.5,3.5,2,5,8,False,88,
2024-06-14,2024-06-13,2024,117,200,31,38,.449,8.0,6.0,3,9,12,False,85,
2024-06-14,2024-06-13,2024,108,200,26,42,.382,12.5,10.5,4,10,13,False,81,
2024-06-14,2024-06-13,2024,133,200,26,45,.366,14.0,12.0,5,11,14,False,78,
2024-06-14,2024-06-13,2024,143,204,46,22,.676,-,-,1,,1,False,-,87
2024-06-14,2024-06-13,2024,144,204,36,30,.545,9.0,+3.5,2,1,4,False,87,
2024-06-14,2024-06-13,2024,120,204,32,36,.471,14.0,1.5,3,9,12,False,81,
2024-06-14,2024-06-13,2024,121,204,30,37,.448,15.5,3.0,4,10,13,False,80,
2024-06-14,2024-06-13,2024,146,204,23,45,.338,23.0,10.5,5,12,15,False,72,
2024-06-14,2024-06-13,2024,158,205,40,28,.588,-,-,1,,3,False,-,89
2024-06-14,2024-06-13,2024,138,205,33,34,.493,6.5,-,2,4,7,False,89,
2024-06-14,2024-06-13,2024,113,205,33,35,.485,7.0,0.5,3,5,8,False,88,
2024-06-14,2024-06-13,2024,112,205,33,36,.478,7.5,1.0,4,6,9,False,87,
2024-06-14,2024-06-13,2024,134,205,32,36,.471,8.0,1.5,5,8,11,False,87,
2024-06-14,2024-06-13,2024,119,203,42,28,.600,-,-,1,,2,False,-,86
2024-06-14,2024-06-13,2024,135,203,37,35,.514,6.0,+1.5,2,2,5,False,86,
2024-06-14,2024-06-13,2024,137,203,34,35,.493,7.5,-,3,3,6,False,86,
2024-06-14,2024-06-13,2024,109,203,33,36,.478,8.5,1.0,4,7,10,False,85,
2024-06-14,2024-06-13,2024,115,203,24,44,.353,17.0,9.5,5,11,14,False,77,
2024-06-15,2024-06-14,2024,147,201,50,22,.694,-,-,1,,1,False,-,89
2024-06-15,2024-06-14,2024,110,201,45,24,.652,3.5,+7.5,2,1,3,False,89,
2024-06-15,2024-06-14,2024,111,201,35,35,.500,14.0,3.0,3,4,7,False,78,
2024-06-15,2024-06-14,2024,141,201,33,36,.478,15.5,4.5,4,7,10,False,77,
2024-06-15,2024-06-14,2024,139,201,33,37,.471,16.0,5.0,5,8,11,False,76,
2024-06-15,2024-06-14,2024,114,202,44,23,.657,-,-,1,,2,False,-,88
2024-06-15,2024-06-14,2024,118,202,40,31,.563,6.0,+1.5,2,2,5,False,88,
2024-06-15,2024-06-14,2024,142,202,38,32,.543,7.5,-,3,3,6,False,87,
2024-06-15,2024-06-14,2024,116,202,33,36,.478,12.0,4.5,4,6,9,False,83,
2024-06-15,2024-06-14,2024,145,202,18,53,.254,28.0,20.5,5,12,15,False,66,
2024-06-15,2024-06-14,2024,136,200,41,31,.569,-,-,1,,4,False,-,86
2024-06-15,2024-06-14,2024,140,200,33,36,.478,6.5,4.5,2,5,8,False,86,
2024-06-15,2024-06-14,2024,117,200,32,38,.457,8.0,6.0,3,9,12,False,84,
2024-06-15,2024-06-14,2024,108,200,27,42,.391,12.5,10.5,4,10,13,False,80,
2024-06-15,2024-06-14,2024,133,200,26,46,.361,15.0,13.0,5,11,14,False,76,
2024-06-15,2024-06-14,2024,143,204,47,22,.681,-,-,1,,1,False,-,86
2024-06-15,2024-06-14,2024,144,204,37,30,.552,9.0,+3.5,2,1,4,False,86,
2024-06-15,2024-06-14,2024,120,204,33,36,.478,14.0,1.5,3,8,11,False,80,
2024-06-15,2024-06-14,2024,121,204,31,37,.456,15.5,3.0,4,10,13,False,79,
2024-06-15,2024-06-14,2024,146,204,23,46,.333,24.0,11.5,5,12,15,False,70,
2024-06-15,2024-06-14,2024,158,205,40,29,.580,-,-,1,,3,False,-,89
2024-06-15,2024-06-14,2024,138,205,34,34,.500,5.5,-,2,3,6,False,89,
2024-06-15,2024-06-14,2024,113,205,34,35,.493,6.0,0.5,3,4,7,False,88,
2024-06-15,2024-06-14,2024,134,205,33,36,.478,7.0,1.5,4,7,10,False,87,
2024-06-15,2024-06-14,2024,112,205,33,37,.471,7.5,2.0,5,9,12,False,86,
2024-06-15,2024-06-14,2024,119,203,43,28,.606,-,-,1,,2,False,-,84
2024-06-15,2024-06-14,2024,135,203,37,36,.507,7.0,+0.5,2,2,5,False,84,
2024-06-15,2024-06-14,2024,109,203,34,36,.486,8.5,1.0,3,5,8,False,84,
2024-06-15,2024-06-14,2024,137,203,34,36,.486,8.5,1.0,4,6,9,False,84,
2024-06-15,2024-06-14,2024,115,203,24,45,.348,18.0,10.5,5,11,14,False,75,
2024-06-16,2024-06-15,2024,147,201,50,23,.685,-,-,1,,1,False,-,89
2024-06-16,2024-06-15,2024,110,201,46,24,.657,2.5,+8.0,2,1,2,False,89,
2024-06-16,2024-06-15,2024,111,201,36,35,.507,13.0,2.5,3,4,7,False,78,
2024-06-16,2024-06-15,2024,141,201,34,36,.486,14.5,4.0,4,6,9,False,77,
2024-06-16,2024-06-15,2024,139,201,33,38,.465,16.0,5.5,5,8,11,False,75,
2024-06-16,2024-06-15,2024,114,202,44,24,.647,-,-,1,,3,False,-,88
2024-06-16,2024-06-15,2024,118,202,41,31,.569,5.0,+2.0,2,2,5,False,88,
2024-06-16,2024-06-15,2024,142,202,38,32,.543,7.0,-,3,3,6,False,87,
2024-06-16,2024-06-15,2024,116,202,34,36,.486,11.0,4.0,4,5,8,False,83,
2024-06-16,2024-06-15,2024,145,202,19,53,.264,27.0,20.0,5,12,15,False,66,
2024-06-16,2024-06-15,2024,136,200,42,31,.575,-,-,1,,4,False,-,84
2024-06-16,2024-06-15,2024,140,200,33,37,.471,7.5,5.0,2,7,10,False,84,
2024-06-16,2024-06-15,2024,117,200,32,39,.451,9.0,6.5,3,9,12,False,82,
2024-06-16,2024-06-15,2024,108,200,28,42,.400,12.5,10.0,4,10,13,False,79,
2024-06-16,2024-06-15,2024,133,200,26,46,.361,15.5,13.0,5,11,14,False,75,
2024-06-16,2024-06-15,2024,143,204,47,23,.671,-,-,1,,1,False,-,86
2024-06-16,2024-06-15,2024,144,204,38,30,.559,8.0,+4.5,2,1,4,False,86,
2024-06-16,2024-06-15,2024,120,204,34,36,.486,13.0,0.5,3,5,8,False,80,
2024-06-16,2024-06-15,2024,121,204,32,37,.464,14.5,2.0,4,10,13,False,79,
2024-06-16,2024-06-15,2024,146,204,23,47,.329,24.0,11.5,5,12,15,False,69,
2024-06-16,2024-06-15,2024,158,205,41,29,.586,-,-,1,,3,False,-,87
2024-06-16,2024-06-15,2024,138,205,34,35,.493,6.5,-,2,3,6,False,87,
2024-06-16,2024-06-15,2024,113,205,34,36,.486,7.0,0.5,3,4,7,False,86,
2024-06-16,2024-06-15,2024,112,205,34,37,.479,7.5,1.0,4,6,9,False,85,
2024-06-16,2024-06-15,2024,134,205,33,37,.471,8.0,1.5,5,9,12,False,85,
2024-06-16,2024-06-15,2024,119,203,43,29,.597,-,-,1,,2,False,-,83
2024-06-16,2024-06-15,2024,135,203,37,37,.500,7.0,+0.5,2,2,5,False,83,
2024-06-16,2024-06-15,2024,109,203,34,37,.479,8.5,1.0,3,7,10,False,83,
2024-06-16,2024-06-15,2024,137,203,34,37,.479,8.5,1.0,4,8,11,False,83,
2024-06-16,2024-06-15,2024,115,203,25,45,.357,17.0,9.5,5,11,14,False,75,
2024-06-17,2024-06-16,2024,147,201,50,24,.676,-,-,1,,1,False,-,89
2024-06-17,2024-06-16,2024,110,201,47,24,.662,1.5,+7.5,2,1,2,False,89,
2024-06-17,2024-06-16,2024,111,201,37,35,.514,12.0,3.0,3,4,7,False,78,
2024-06-17,2024-06-16,2024,141,201,35,36,.493,13.5,4.5,4,5,8,False,77,
2024-06-17,2024-06-16,2024,139,201,34,38,.472,15.0,6.0,5,7,10,False,75,
2024-06-17,2024-06-16,2024,114,202,44,25,.638,-,-,1,,3,False,-,87
2024-06-17,2024-06-16,2024,118,202,41,32,.562,5.0,+0.5,2,2,5,False,87,
2024-06-17,2024-06-16,2024,142,202,40,32,.556,5.5,-,3,3,6,False,87,
2024-06-17,2024-06-16,2024,116,202,34,37,.479,11.0,5.5,4,6,9,False,82,
2024-06-17,2024-06-16,2024,145,202,19,54,.260,27.0,21.5,5,12,15,False,65,
2024-06-17,2024-06-16,2024,136,200,43,31,.581,-,-,1,,4,False,-,82
2024-06-17,2024-06-16,2024,140,200,33,38,.465,8.5,6.5,2,8,11,False,82,
2024-06-17,2024-06-16,2024,117,200,33,39,.458,9.0,7.0,3,9,12,False,81,
2024-06-17,2024-06-16,2024,108,200,28,43,.394,13.5,11.5,4,10,13,False,77,
2024-06-17,2024-06-16,2024,133,200,26,48,.351,17.0,15.0,5,11,14,False,72,
2024-06-17,2024-06-16,2024,143,204,47,24,.662,-,-,1,,1,False,-,85
2024-06-17,2024-06-16,2024,144,204,38,31,.551,8.0,+4.0,2,1,4,False,85,
2024-06-17,2024-06-16,2024,120,204,35,36,.493,12.0,-,3,4,7,False,80,
2024-06-17,2024-06-16,2024,121,204,33,37,.471,13.5,1.5,4,10,13,False,79,
2024-06-17,2024-06-16,2024,146,204,23,48,.324,24.0,12.0,5,12,15,False,68,
2024-06-17,2024-06-16,2024,158,205,42,29,.592,-,-,1,,3,False,-,86
2024-06-17,2024-06-16,2024,138,205,35,35,.500,6.5,+0.5,2,2,5,False,86,
2024-06-17,2024-06-16,2024,113,205,34,37,.479,8.0,1.0,3,7,10,False,84,
2024-06-17,2024-06-16,2024,134,205,34,37,.479,8.0,1.0,4,8,11,False,84,
2024-06-17,2024-06-16,2024,112,205,34,38,.472,8.5,1.5,5,9,12,False,83,
2024-06-17,2024-06-16,2024,119,203,44,29,.603,-,-,1,,2,False,-,81
2024-06-17,2024-06-16,2024,135,203,37,38,.493,8.0,-,2,3,6,False,81,
2024-06-17,2024-06-16,2024,109,203,35,37,.486,8.5,0.5,3,5,8,False,82,
2024-06-17,2024-06-16,2024,137,203,35,37,.486,8.5,0.5,4,6,9,False,82,
2024-06-17,2024-06-16,2024,115,203,25,46,.352,18.0,10.0,5,11,14,False,73,
2024-06-18,2024-06-17,2024,147,201,50,24,.676,-,-,1,,1,False,-,89
2024-06-18,2024-06-17,2024,110,201,47,24,.662,1.5,+7.5,2,1,2,False,89,
2024-06-18,2024-06-17,2024,111,201,38,35,.521,11.5,2.5,3,4,7,False,78,
2024-06-18,2024-06-17,2024,141,201,35,37,.486,14.0,5.0,4,5,8,False,76,
2024-06-18,2024-06-17,2024,139,201,34,38,.472,15.0,6.0,5,7,10,False,75,
2024-06-18,2024-06-17,2024,114,202,44,25,.638,-,-,1,,3,False,-,87
2024-06-18,2024-06-17,2024,118,202,41,32,.562,5.0,+0.5,2,2,5,False,87,
2024-06-18,2024-06-17,2024,142,202,40,32,.556,5.5,-,3,3,6,False,87,
2024-06-18,2024-06-17,2024,116,202,34,38,.472,11.5,6.0,4,6,9,False,81,
2024-06-18,2024-06-17,2024,145,202,19,54,.260,27.0,21.5,5,12,15,False,65,
2024-06-18,2024-06-17,2024,136,200,43,31,.581,-,-,1,,4,False,-,81
2024-06-18,2024-06-17,2024,117,200,33,39,.458,9.0,7.0,2,8,11,False,81,
2024-06-18,2024-06-17,2024,140,200,33,39,.458,9.0,7.0,3,9,12,False,81,
2024-06-18,2024-06-17,2024,108,200,29,43,.403,13.0,11.0,4,10,13,False,77,
2024-06-18,2024-06-17,2024,133,200,26,48,.351,17.0,15.0,5,11,14,False,72,
2024-06-18,2024-06-17,2024,143,204,48,24,.667,-,-,1,,1,False,-,84
2024-06-18,2024-06-17,2024,144,204,39,31,.557,8.0,+4.5,2,1,4,False,84,
2024-06-18,2024-06-17,2024,120,204,35,36,.493,12.5,-,3,4,7,False,79,
2024-06-18,2024-06-17,2024,121,204,34,37,.479,13.5,1.0,4,8,11,False,78,
2024-06-18,2024-06-17,2024,146,204,23,49,.319,25.0,12.5,5,12,15,False,66,
2024-06-18,2024-06-17,2024,158,205,42,30,.583,-,-,1,,3,False,-,86
2024-06-18,2024-06-17,2024,138,205,36,35,.507,5.5,+1.0,2,2,5,False,86,
2024-06-18,2024-06-17,2024,134,205,35,37,.486,7.0,0.5,3,7,10,False,84,
2024-06-18,2024-06-17,2024,113,205,34,38,.472,8.0,1.5,4,9,12,False,83,
2024-06-18,2024-06-17,2024,112,205,34,39,.466,8.5,2.0,5,10,13,False,82,
2024-06-18,2024-06-17,2024,119,203,45,29,.608,-,-,1,,2,False,-,81
2024-06-18,2024-06-17,2024,137,203,36,37,.493,8.5,-,2,3,6,False,81,
2024-06-18,2024-06-17,2024,135,203,37,39,.487,9.0,0.5,3,5,8,False,79,
2024-06-18,2024-06-17,2024,109,203,35,37,.486,9.0,0.5,4,6,9,False,81,
2024-06-18,2024-06-17,2024,115,203,25,47,.347,19.0,10.5,5,11,14,False,71,
2024-06-19,2024-06-18,2024,147,201,51,24,.680,-,-,1,,1,False,-,81
2024-06-19,2024-06-18,2024,110,201,47,25,.653,2.5,+7.0,2,1,2,False,81,
2024-06-19,2024-06-18,2024,111,201,39,35,.527,11.5,2.0,3,4,7,False,71,
2024-06-19,2024-06-18,2024,141,201,35,38,.479,15.0,5.5,4,5,8,False,68,
2024-06-19,2024-06-18,2024,139,201,34,39,.466,16.0,6.5,5,7,10,False,67,
2024-06-19,2024-06-18,2024,114,202,44,26,.629,-,-,1,,3,False,-,78
2024-06-19,2024-06-18,2024,142,202,41,32,.562,4.5,+0.5,2,2,5,False,78,
2024-06-19,2024-06-18,2024,118,202,41,33,.554,5.0,-,3,3,6,False,77,
2024-06-19,2024-06-18,2024,116,202,34,39,.466,11.5,6.5,4,6,9,False,72,
2024-06-19,2024-06-18,2024,145,202,20,54,.270,26.0,21.0,5,12,15,False,57,
2024-06-19,2024-06-18,2024,136,200,44,31,.587,-,-,1,,4,False,-,74
2024-06-19,2024-06-18,2024,117,200,33,40,.452,10.0,7.5,2,8,11,False,74,
2024-06-19,2024-06-18,2024,140,200,33,40,.452,10.0,7.5,3,9,12,False,74,
2024-06-19,2024-06-18,2024,108,200,29,44,.397,14.0,11.5,4,10,13,False,70,
2024-06-19,2024-06-18,2024,133,200,27,48,.360,17.0,14.5,5,11,14,False,66,
2024-06-19,2024-06-18,2024,143,204,49,24,.671,-,-,1,,1,False,-,79
2024-06-19,2024-06-18,2024,144,204,40,31,.563,8.0,+5.0,2,1,4,False,79,
2024-06-19,2024-06-18,2024,121,204,35,37,.486,13.5,0.5,3,5,8,False,74,
2024-06-19,2024-06-18,2024,120,204,35,37,.486,13.5,0.5,4,6,9,False,74,
2024-06-19,2024-06-18,2024,146,204,24,49,.329,25.0,12.0,5,12,15,False,62,
2024-06-19,2024-06-18,2024,158,205,43,30,.589,-,-,1,,3,False,-,74
2024-06-19,2024-06-18,2024,138,205,36,36,.500,6.5,+0.5,2,2,5,False,74,
2024-06-19,2024-06-18,2024,113,205,35,38,.479,8.0,1.0,3,8,11,False,72,
2024-06-19,2024-06-18,2024,134,205,35,38,.479,8.0,1.0,4,9,12,False,72,
2024-06-19,2024-06-18,2024,112,205,35,39,.473,8.5,1.5,5,10,13,False,71,
2024-06-19,2024-06-18,2024,119,203,46,29,.613,-,-,1,,2,False,-,77
2024-06-19,2024-06-18,2024,109,203,36,37,.493,9.0,-,2,3,6,False,77,
2024-06-19,2024-06-18,2024,137,203,36,38,.486,9.5,0.5,3,4,7,False,76,
2024-06-19,2024-06-18,2024,135,203,37,40,.481,10.0,1.0,4,7,10,False,74,
2024-06-19,2024-06-18,2024,115,203,25,48,.342,20.0,11.0,5,11,14,False,66,
2024-06-20,2024-06-19,2024,147,201,51,25,.671,-,-,1,,1,False,-,87
2024-06-20,2024-06-19,2024,110,201,48,25,.658,1.5,+8.0,2,1,2,False,87,
2024-06-20,2024-06-19,2024,111,201,40,35,.533,10.5,1.0,3,4,7,False,77,
2024-06-20,2024-06-19,2024,139,201,35,39,.473,15.0,5.5,4,5,8,False,73,
2024-06-20,2024-06-19,2024,141,201,35,39,.473,15.0,5.5,5,6,9,False,73,
2024-06-20,2024-06-19,2024,114,202,45,26,.634,-,-,1,,3,False,-,85
2024-06-20,2024-06-19,2024,142,202,41,33,.554,5.5,+0.5,2,2,5,False,85,
2024-06-20,2024-06-19,2024,118,202,41,34,.547,6.0,-,3,3,6,False,84,
2024-06-20,2024-06-19,2024,116,202,34,40,.459,12.5,6.5,4,9,12,False,78,
2024-06-20,2024-06-19,2024,145,202,20,55,.267,27.0,21.0,5,12,15,False,63,
2024-06-20,2024-06-19,2024,136,200,44,32,.579,-,-,1,,4,False,-,79
2024-06-20,2024-06-19,2024,117,200,34,40,.459,9.0,6.5,2,7,10,False,79,
2024-06-20,2024-06-19,2024,140,200,34,40,.459,9.0,6.5,3,8,11,False,79,
2024-06-20,2024-06-19,2024,108,200,29,45,.392,14.0,11.5,4,10,13,False,74,
2024-06-20,2024-06-19,2024,133,200,28,48,.368,16.0,13.5,5,11,14,False,71,
2024-06-20,2024-06-19,2024,143,204,49,25,.662,-,-,1,,1,False,-,83
2024-06-20,2024-06-19,2024,144,204,41,31,.569,7.0,+5.5,2,1,4,False,83,
2024-06-20,2024-06-19,2024,120,204,36,37,.493,12.5,-,3,2,5,False,77,
2024-06-20,2024-06-19,2024,121,204,35,38,.479,13.5,1.0,4,9,12,False,76,
2024-06-20,2024-06-19,2024,146,204,25,49,.338,24.0,11.5,5,12,15,False,65,
2024-06-20,2024-06-19,2024,158,205,44,30,.595,-,-,1,,3,False,-,82
2024-06-20,2024-06-19,2024,138,205,36,37,.493,7.5,-,2,3,6,False,82,
2024-06-20,2024-06-19,2024,134,205,36,38,.486,8.0,0.5,3,6,9,False,81,
2024-06-20,2024-06-19,2024,112,205,36,39,.480,8.5,1.0,4,7,10,False,80,
2024-06-20,2024-06-19,2024,113,205,35,39,.473,9.0,1.5,5,10,13,False,80,
2024-06-20,2024-06-19,2024,119,203,46,30,.605,-,-,1,,2,False,-,77
2024-06-20,2024-06-19,2024,135,203,38,40,.487,9.0,0.5,2,4,7,False,77,
2024-06-20,2024-06-19,2024,109,203,36,38,.486,9.0,0.5,3,5,8,False,79,
2024-06-20,2024-06-19,2024,137,203,36,39,.480,9.5,1.0,4,8,11,False,78,
2024-06-20,2024-06-19,2024,115,203,26,48,.351,19.0,10.5,5,11,14,False,69,
2024-06-21,2024-06-20,2024,147,201,51,26,.662,-,-,1,,1,False,-,87
2024-06-21,2024-06-20,2024,110,201,49,25,.662,0.5,+8.5,2,1,2,False,87,
2024-06-21,2024-06-20,2024,111,201,40,35,.533,10.0,1.0,3,4,7,False,77,
2024-06-21,2024-06-20,2024,139,201,36,39,.480,14.0,5.0,4,5,8,False,73,
2024-06-21,2024-06-20,2024,141,201,35,39,.473,14.5,5.5,5,6,9,False,73,
2024-06-21,2024-06-20,2024,114,202,46,26,.639,-,-,1,,3,False,-,83
2024-06-21,2024-06-20,2024,118,202,42,34,.553,6.0,+0.5,2,2,5,False,83,
2024-06-21,2024-06-20,2024,142,202,41,34,.547,6.5,-,3,3,6,False,83,
2024-06-21,2024-06-20,2024,116,202,34,40,.459,13.0,6.5,4,9,12,False,77,
2024-06-21,2024-06-20,2024,145,202,20,56,.263,28.0,21.5,5,12,15,False,61,
2024-06-21,2024-06-20,2024,136,200,44,33,.571,-,-,1,,4,False,-,79
2024-06-21,2024-06-20,2024,117,200,35,40,.467,8.0,6.0,2,7,10,False,79,
2024-06-21,2024-06-20,2024,140,200,34,40,.459,8.5,6.5,3,8,11,False,79,
2024-06-21,2024-06-20,2024,108,200,29,45,.392,13.5,11.5,4,10,13,False,74,
2024-06-21,2024-06-20,2024,133,200,28,49,.364,16.0,14.0,5,11,14,False,70,
2024-06-21,2024-06-20,2024,143,204,49,25,.662,-,-,1,,1,False,-,83
2024-06-21,2024-06-20,2024,144,204,41,31,.569,7.0,+5.5,2,1,4,False,83,
2024-06-21,2024-06-20,2024,120,204,36,38,.486,13.0,0.5,3,6,9,False,76,
2024-06-21,2024-06-20,2024,121,204,35,38,.479,13.5,1.0,4,8,11,False,76,
2024-06-21,2024-06-20,2024,146,204,25,49,.338,24.0,11.5,5,12,15,False,65,
2024-06-21,2024-06-20,2024,158,205,44,31,.587,-,-,1,,3,False,-,82
2024-06-21,2024-06-20,2024,138,205,37,37,.500,6.5,+0.5,2,2,5,False,82,
2024-06-21,2024-06-20,2024,134,205,36,38,.486,7.5,0.5,3,5,8,False,81,
2024-06-21,2024-06-20,2024,112,205,36,39,.480,8.0,1.0,4,7,10,False,80,
2024-06-21,2024-06-20,2024,113,205,35,39,.473,8.5,1.5,5,10,13,False,80,
2024-06-21,2024-06-20,2024,119,203,47,30,.610,-,-,1,,2,False,-,76
2024-06-21,2024-06-20,2024,135,203,39,40,.494,9.0,-,2,3,6,False,76,
2024-06-21,2024-06-20,2024,109,203,37,38,.493,9.0,-,3,4,7,False,78,
2024-06-21,2024-06-20,2024,137,203,36,40,.474,10.5,1.5,4,9,12,False,76,
2024-06-21,2024-06-20,2024,115,203,26,49,.347,20.0,11.0,5,11,14,False,67,
2024-06-22,2024-06-21,2024,147,201,51,27,.654,-,-,1,,1,False,-,86
2024-06-22,2024-06-21,2024,110,201,49,26,.653,0.5,+8.5,2,1,2,False,86,
2024-06-22,2024-06-21,2024,111,201,40,36,.526,10.0,1.0,3,4,7,False,76,
2024-06-22,2024-06-21,2024,139,201,37,39,.487,13.0,4.0,4,5,8,False,73,
2024-06-22,2024-06-21,2024,141,201,35,40,.467,14.5,5.5,5,9,12,False,72,
2024-06-22,2024-06-21,2024,114,202,47,26,.644,-,-,1,,3,False,-,81
2024-06-22,2024-06-21,2024,118,202,42,35,.545,7.0,+0.5,2,2,5,False,81,
2024-06-22,2024-06-21,2024,142,202,41,35,.539,7.5,-,3,3,6,False,81,
2024-06-22,2024-06-21,2024,116,202,35,40,.467,13.0,5.5,4,8,11,False,76,
2024-06-22,2024-06-21,2024,145,202,20,57,.260,29.0,21.5,5,12,15,False,59,
2024-06-22,2024-06-21,2024,136,200,44,34,.564,-,-,1,,4,False,-,79
2024-06-22,2024-06-21,2024,117,200,36,40,.474,7.0,5.0,2,6,9,False,79,
2024-06-22,2024-06-21,2024,140,200,35,40,.467,7.5,5.5,3,7,10,False,79,
2024-06-22,2024-06-21,2024,108,200,30,45,.400,12.5,10.5,4,10,13,False,74,
2024-06-22,2024-06-21,2024,133,200,29,49,.372,15.0,13.0,5,11,14,False,70,
2024-06-22,2024-06-21,2024,143,204,49,26,.653,-,-,1,,1,False,-,83
2024-06-22,2024-06-21,2024,144,204,42,31,.575,6.0,+5.5,2,1,4,False,83,
2024-06-22,2024-06-21,2024,120,204,37,38,.493,12.0,0.5,3,5,8,False,76,
2024-06-22,2024-06-21,2024,121,204,36,38,.486,12.5,1.0,4,6,9,False,76,
2024-06-22,2024-06-21,2024,146,204,26,49,.347,23.0,11.5,5,11,14,False,65,
2024-06-22,2024-06-21,2024,158,205,44,32,.579,-,-,1,,3,False,-,82
2024-06-22,2024-06-21,2024,138,205,37,37,.500,6.0,-,2,2,5,False,82,
2024-06-22,2024-06-21,2024,134,205,36,39,.480,7.5,1.5,3,7,10,False,80,
2024-06-22,2024-06-21,2024,113,205,36,39,.480,7.5,1.5,4,8,11,False,80,
2024-06-22,2024-06-21,2024,112,205,36,40,.474,8.0,2.0,5,9,12,False,79,
2024-06-22,2024-06-21,2024,119,203,47,31,.603,-,-,1,,2,False,-,76
2024-06-22,2024-06-21,2024,135,203,40,40,.500,8.0,-,2,3,6,False,76,
2024-06-22,2024-06-21,2024,109,203,38,38,.500,8.0,-,3,4,7,False,78,
2024-06-22,2024-06-21,2024,137,203,36,40,.474,10.0,2.0,4,10,13,False,76,
2024-06-22,2024-06-21,2024,115,203,26,50,.342,20.0,12.0,5,12,15,False,66,
2024-06-23,2024-06-22,2024,147,201,52,27,.658,-,-,1,,1,False,-,84
2024-06-23,2024-06-22,2024,110,201,49,27,.645,1.5,+8.0,2,1,3,False,84,
2024-06-23,2024-06-22,2024,111,201,41,36,.532,10.0,0.5,3,4,7,False,75,
2024-06-23,2024-06-22,2024,139,201,37,40,.481,14.0,4.5,4,6,9,False,71,
2024-06-23,2024-06-22,2024,141,201,35,41,.461,15.5,6.0,5,9,12,False,70,
2024-06-23,2024-06-22,2024,114,202,48,26,.649,-,-,1,,2,False,-,80
2024-06-23,2024-06-22,2024,142,202,42,35,.545,7.5,+0.5,2,2,5,False,80,
2024-06-23,2024-06-22,2024,118,202,42,36,.538,8.0,-,3,3,6,False,79,
2024-06-23,2024-06-22,2024,116,202,35,41,.461,14.0,6.0,4,8,11,False,74,
2024-06-23,2024-06-22,2024,145,202,21,57,.269,29.0,21.0,5,12,15,False,58,
2024-06-23,2024-06-22,2024,136,200,45,34,.570,-,-,1,,4,False,-,78
2024-06-23,2024-06-22,2024,117,200,37,40,.481,7.0,4.5,2,5,8,False,78,
2024-06-23,2024-06-22,2024,140,200,36,40,.474,7.5,5.0,3,7,10,False,78,
2024-06-23,2024-06-22,2024,108,200,30,46,.395,13.5,11.0,4,10,13,False,72,
2024-06-23,2024-06-22,2024,133,200,29,50,.367,16.0,13.5,5,11,14,False,68,
2024-06-23,2024-06-22,2024,143,204,50,26,.658,-,-,1,,1,False,-,81
2024-06-23,2024-06-22,2024,144,204,42,32,.568,7.0,+4.5,2,1,4,False,81,
2024-06-23,2024-06-22,2024,120,204,37,39,.487,13.0,1.5,3,6,9,False,74,
2024-06-23,2024-06-22,2024,121,204,36,39,.480,13.5,2.0,4,8,11,False,74,
2024-06-23,2024-06-22,2024,146,204,26,50,.342,24.0,12.5,5,12,15,False,63,
2024-06-23,2024-06-22,2024,158,205,44,33,.571,-,-,1,,3,False,-,82
2024-06-23,2024-06-22,2024,138,205,38,37,.507,5.0,-,2,2,5,False,82,
2024-06-23,2024-06-22,2024,134,205,37,39,.487,6.5,1.5,3,5,8,False,80,
2024-06-23,2024-06-22,2024,112,205,37,40,.481,7.0,2.0,4,7,10,False,79,
2024-06-23,2024-06-22,2024,113,205,36,40,.474,7.5,2.5,5,9,12,False,79,
2024-06-23,2024-06-22,2024,119,203,48,31,.608,-,-,1,,2,False,-,75
2024-06-23,2024-06-22,2024,135,203,41,40,.506,8.0,-,2,3,6,False,75,
2024-06-23,2024-06-22,2024,109,203,38,39,.494,9.0,1.0,3,4,7,False,76,
2024-06-23,2024-06-22,2024,137,203,36,41,.468,11.0,3.0,4,10,13,False,74,
2024-06-23,2024-06-22,2024,115,203,27,50,.351,20.0,12.0,5,11,14,False,65,
2024-06-24,2024-06-23,2024,147,201,52,28,.650,-,-,1,,2,False,-,83
2024-06-24,2024-06-23,2024,110,201,49,28,.636,1.5,+7.5,2,1,3,False,83,
2024-06-24,2024-06-23,2024,111,201,42,36,.538,9.0,-,3,3,6,False,75,
2024-06-24,2024-06-23,2024,139,201,38,40,.487,13.0,4.0,4,6,9,False,71,
2024-06-24,2024-06-23,2024,141,201,35,42,.455,15.5,6.5,5,9,12,False,69,
2024-06-24,2024-06-23,2024,114,202,49,26,.653,-,-,1,,1,False,-,79
2024-06-24,2024-06-23,2024,142,202,43,35,.551,7.5,+1.0,2,2,5,False,79,
2024-06-24,2024-06-23,2024,118,202,42,37,.532,9.0,0.5,3,4,7,False,77,
2024-06-24,2024-06-23,2024,116,202,36,41,.468,14.0,5.5,4,8,11,False,73,
2024-06-24,2024-06-23,2024,145,202,21,58,.266,30.0,21.5,5,12,15,False,56,
2024-06-24,2024-06-23,2024,136,200,45,35,.563,-,-,1,,4,False,-,78
2024-06-24,2024-06-23,2024,117,200,38,40,.487,6.0,4.0,2,5,8,False,78,
2024-06-24,2024-06-23,2024,140,200,37,40,.481,6.5,4.5,3,7,10,False,78,
2024-06-24,2024-06-23,2024,108,200,30,46,.395,13.0,11.0,4,10,13,False,72,
2024-06-24,2024-06-23,2024,133,200,29,51,.363,16.0,14.0,5,11,14,False,67,
2024-06-24,2024-06-23,2024,143,204,51,26,.662,-,-,1,,1,False,-,80
2024-06-24,2024-06-23,2024,144,204,43,32,.573,7.0,+5.5,2,1,4,False,80,
2024-06-24,2024-06-23,2024,120,204,38,39,.494,13.0,0.5,3,4,7,False,73,
2024-06-24,2024-06-23,2024,121,204,37,39,.487,13.5,1.0,4,6,9,False,73,
2024-06-24,2024-06-23,2024,146,204,27,50,.351,24.0,11.5,5,11,14,False,62,
2024-06-24,2024-06-23,2024,158,205,45,33,.577,-,-,1,,3,False,-,81
2024-06-24,2024-06-23,2024,138,205,39,37,.513,5.0,+1.0,2,2,5,False,81,
2024-06-24,2024-06-23,2024,134,205,37,40,.481,7.5,1.5,3,7,10,False,78,
2024-06-24,2024-06-23,2024,112,205,37,41,.474,8.0,2.0,4,8,11,False,77,
2024-06-24,2024-06-23,2024,113,205,36,41,.468,8.5,2.5,5,9,12,False,77,
2024-06-24,2024-06-23,2024,119,203,48,31,.608,-,-,1,,2,False,-,74
2024-06-24,2024-06-23,2024,135,203,41,41,.500,8.5,-,2,3,6,False,74,
2024-06-24,2024-06-23,2024,109,203,38,40,.487,9.5,1.0,3,5,8,False,75,
2024-06-24,2024-06-23,2024,137,203,36,42,.462,11.5,3.0,4,10,13,False,73,
2024-06-24,2024-06-23,2024,115,203,27,51,.346,20.5,12.0,5,12,15,False,64,
2024-06-25,2024-06-24,2024,147,201,52,28,.650,-,-,1,,2,False,-,82
2024-06-25,2024-06-24,2024,110,201,49,29,.628,2.0,+6.5,2,1,3,False,82,
2024-06-25,2024-06-24,2024,111,201,43,36,.544,8.5,-,3,3,6,False,75,
2024-06-25,2024-06-24,2024,139,201,39,40,.494,12.5,4.0,4,5,8,False,71,
2024-06-25,2024-06-24,2024,141,201,35,43,.449,16.0,7.5,5,9,12,False,68,
2024-06-25,2024-06-24,2024,114,202,50,26,.658,-,-,1,,1,False,-,78
2024-06-25,2024-06-24,2024,142,202,43,35,.551,8.0,+0.5,2,2,5,False,78,
2024-06-25,2024-06-24,2024,118,202,43,37,.538,9.0,0.5,3,4,7,False,76,
2024-06-25,2024-06-24,2024,116,202,36,42,.462,15.0,6.5,4,8,11,False,71,
2024-06-25,2024-06-24,2024,145,202,21,59,.263,31.0,22.5,5,12,15,False,54,
2024-06-25,2024-06-24,2024,136,200,45,36,.556,-,-,1,,4,False,-,78
2024-06-25,2024-06-24,2024,117,200,38,40,.487,5.5,4.5,2,6,9,False,78,
2024-06-25,2024-06-24,2024,140,200,37,41,.474,6.5,5.5,3,7,10,False,77,
2024-06-25,2024-06-24,2024,108,200,31,46,.403,12.0,11.0,4,10,13,False,72,
2024-06-25,2024-06-24,2024,133,200,29,52,.358,16.0,15.0,5,11,14,False,66,
2024-06-25,2024-06-24,2024,143,204,52,26,.667,-,-,1,,1,False,-,78
2024-06-25,2024-06-24,2024,144,204,43,33,.566,8.0,+4.5,2,1,4,False,78,
2024-06-25,2024-06-24,2024,120,204,38,40,.487,14.0,1.5,3,5,8,False,71,
2024-06-25,2024-06-24,2024,121,204,37,39,.487,14.0,1.5,4,6,9,False,72,
2024-06-25,2024-06-24,2024,146,204,27,51,.346,25.0,12.5,5,11,14,False,60,
2024-06-25,2024-06-24,2024,158,205,46,33,.582,-,-,1,,3,False,-,80
2024-06-25,2024-06-24,2024,138,205,40,37,.519,5.0,+1.0,2,2,5,False,80,
2024-06-25,2024-06-24,2024,113,205,37,41,.474,8.5,2.5,3,7,10,False,76,
2024-06-25,2024-06-24,2024,134,205,37,41,.474,8.5,2.5,4,8,11,False,76,
2024-06-25,2024-06-24,2024,112,205,37,42,.468,9.0,3.0,5,10,13,False,75,
2024-06-25,2024-06-24,2024,119,203,49,31,.613,-,-,1,,2,False,-,73
2024-06-25,2024-06-24,2024,135,203,42,41,.506,8.5,-,2,3,6,False,73,
2024-06-25,2024-06-24,2024,109,203,38,40,.487,10.0,1.5,3,4,7,False,74,
2024-06-25,2024-06-24,2024,137,203,37,42,.468,11.5,3.0,4,9,12,False,72,
2024-06-25,2024-06-24,2024,115,203,27,51,.346,21.0,12.5,5,12,15,False,63,
2024-06-26,2024-06-25,2024,147,201,52,29,.642,-,-,1,,2,False,-,81
2024-06-26,2024-06-25,2024,110,201,49,30,.620,2.0,+6.5,2,1,3,False,81,
2024-06-26,2024-06-25,2024,111,201,43,37,.538,8.5,-,3,3,6,False,74,
2024-06-26,2024-06-25,2024,139,201,40,40,.500,11.5,3.0,4,5,8,False,71,
2024-06-26,2024-06-25,2024,141,201,36,43,.456,15.0,6.5,5,9,12,False,68,
2024-06-26,2024-06-25,2024,114,202,51,26,.662,-,-,1,,1,False,-,76
2024-06-26,2024-06-25,2024,142,202,43,36,.544,9.0,+0.5,2,2,5,False,76,
2024-06-26,2024-06-25,2024,118,202,43,38,.531,10.0,0.5,3,4,7,False,74,
2024-06-26,2024-06-25,2024,116,202,37,42,.468,15.0,5.5,4,8,11,False,70,
2024-06-26,2024-06-25,2024,145,202,21,60,.259,32.0,22.5,5,12,15,False,52,
2024-06-26,2024-06-25,2024,136,200,45,37,.549,-,-,1,,4,False,-,78
2024-06-26,2024-06-25,2024,117,200,39,40,.494,4.5,3.5,2,6,9,False,78,
2024-06-26,2024-06-25,2024,140,200,37,42,.468,6.5,5.5,3,7,10,False,76,
2024-06-26,2024-06-25,2024,108,200,32,46,.410,11.0,10.0,4,10,13,False,72,
2024-06-26,2024-06-25,2024,133,200,29,53,.354,16.0,15.0,5,11,14,False,65,
2024-06-26,2024-06-25,2024,143,204,52,27,.658,-,-,1,,1,False,-,78
2024-06-26,2024-06-25,2024,144,204,43,33,.566,7.5,+4.0,2,1,4,False,78,
2024-06-26,2024-06-25,2024,121,204,38,39,.494,13.0,1.5,3,5,8,False,72,
2024-06-26,2024-06-25,2024,120,204,38,41,.481,14.0,2.5,4,7,10,False,70,
2024-06-26,2024-06-25,2024,146,204,28,51,.354,24.0,12.5,5,11,14,False,60,
2024-06-26,2024-06-25,2024,158,205,47,33,.588,-,-,1,,3,False,-,79
2024-06-26,2024-06-25,2024,138,205,40,37,.519,5.5,+0.5,2,2,5,False,79,
2024-06-26,2024-06-25,2024,134,205,38,41,.481,8.5,2.5,3,6,9,False,75,
2024-06-26,2024-06-25,2024,113,205,37,42,.468,9.5,3.5,4,9,12,False,74,
2024-06-26,2024-06-25,2024,112,205,37,43,.463,10.0,4.0,5,10,13,False,73,
2024-06-26,2024-06-25,2024,119,203,50,31,.617,-,-,1,,2,False,-,72
2024-06-26,2024-06-25,2024,135,203,43,41,.512,8.5,-,2,3,6,False,72,
2024-06-26,2024-06-25,2024,109,203,39,40,.494,10.0,1.5,3,4,7,False,73,
2024-06-26,2024-06-25,2024,137,203,38,42,.475,11.5,3.0,4,8,11,False,71,
2024-06-26,2024-06-25,2024,115,203,27,52,.342,22.0,13.5,5,12,15,False,61,
2024-06-27,2024-06-26,2024,147,201,52,30,.634,-,-,1,,2,False,-,81
2024-06-27,2024-06-26,2024,110,201,50,30,.625,1.0,+7.0,2,1,3,False,81,
2024-06-27,2024-06-26,2024,111,201,43,38,.531,8.5,0.5,3,4,7,False,73,
2024-06-27,2024-06-26,2024,139,201,40,41,.494,11.5,3.5,4,6,9,False,70,
2024-06-27,2024-06-26,2024,141,201,37,43,.463,14.0,6.0,5,9,12,False,68,
2024-06-27,2024-06-26,2024,114,202,51,27,.654,-,-,1,,1,False,-,76
2024-06-27,2024-06-26,2024,142,202,44,36,.550,8.0,+1.0,2,2,5,False,76,
2024-06-27,2024-06-26,2024,118,202,44,38,.537,9.0,-,3,3,6,False,74,
2024-06-27,2024-06-26,2024,116,202,37,43,.463,15.0,6.0,4,8,11,False,69,
2024-06-27,2024-06-26,2024,145,202,21,61,.256,32.0,23.0,5,12,15,False,51,
2024-06-27,2024-06-26,2024,136,200,46,37,.554,-,-,1,,4,False,-,77
2024-06-27,2024-06-26,2024,117,200,40,40,.500,4.5,3.0,2,5,8,False,77,
2024-06-27,2024-06-26,2024,140,200,37,43,.463,7.5,6.0,3,7,10,False,74,
2024-06-27,2024-06-26,2024,108,200,33,46,.418,11.0,9.5,4,10,13,False,71,
2024-06-27,2024-06-26,2024,133,200,29,54,.349,17.0,15.5,5,11,14,False,63,
2024-06-27,2024-06-26,2024,143,204,53,27,.663,-,-,1,,1,False,-,76
2024-06-27,2024-06-26,2024,144,204,44,34,.564,8.0,+3.5,2,1,4,False,76,
2024-06-27,2024-06-26,2024,121,204,39,39,.500,13.0,1.5,3,4,7,False,71,
2024-06-27,2024-06-26,2024,120,204,38,42,.475,15.0,3.5,4,8,11,False,68,
2024-06-27,2024-06-26,2024,146,204,28,52,.350,25.0,13.5,5,11,14,False,58,
2024-06-27,2024-06-26,2024,158,205,48,33,.593,-,-,1,,3,False,-,77
2024-06-27,2024-06-26,2024,138,205,41,38,.519,6.0,-,2,2,5,False,77,
2024-06-27,2024-06-26,2024,134,205,39,41,.488,8.5,2.5,3,6,9,False,74,
2024-06-27,2024-06-26,2024,113,205,37,43,.463,10.5,4.5,4,9,12,False,72,
2024-06-27,2024-06-26,2024,112,205,37,44,.457,11.0,5.0,5,10,13,False,71,
2024-06-27,2024-06-26,2024,119,203,51,31,.622,-,-,1,,2,False,-,71
2024-06-27,2024-06-26,2024,135,203,44,41,.518,8.5,-,2,3,6,False,71,
2024-06-27,2024-06-26,2024,109,203,39,41,.488,11.0,2.5,3,5,8,False,71,
2024-06-27,2024-06-26,2024,137,203,39,42,.481,11.5,3.0,4,7,10,False,70,
2024-06-27,2024-06-26,2024,115,203,27,53,.338,23.0,14.5,5,12,15,False,59,
2024-06-28,2024-06-27,2024,110,201,51,30,.630,-,-,1,,2,False,-,81
2024-06-28,2024-06-27,2024,147,201,52,31,.627,-,+7.0,2,1,3,False,81,
2024-06-28,2024-06-27,2024,111,201,43,38,.531,8.0,1.0,3,4,7,False,74,
2024-06-28,2024-06-27,2024,139,201,40,41,.494,11.0,4.0,4,6,9,False,71,
2024-06-28,2024-06-27,2024,141,201,38,43,.469,13.0,6.0,5,7,10,False,69,
2024-06-28,2024-06-27,2024,114,202,51,28,.646,-,-,1,,1,False,-,76
2024-06-28,2024-06-27,2024,142,202,45,36,.556,7.0,+1.0,2,2,4,False,76,
2024-06-28,2024-06-27,2024,118,202,45,38,.542,8.0,-,3,3,6,False,74,
2024-06-28,2024-06-27,2024,116,202,37,44,.457,15.0,7.0,4,9,12,False,68,
2024-06-28,2024-06-27,2024,145,202,22,61,.265,31.0,23.0,5,12,15,False,51,
2024-06-28,2024-06-27,2024,136,200,46,37,.554,-,-,1,,5,False,-,77
2024-06-28,2024-06-27,2024,117,200,40,40,.500,4.5,3.5,2,5,8,False,77,
2024-06-28,2024-06-27,2024,140,200,37,44,.457,8.0,7.0,3,8,11,False,73,
2024-06-28,2024-06-27,2024,108,200,34,46,.425,10.5,9.5,4,10,13,False,71,
2024-06-28,2024-06-27,2024,133,200,29,54,.349,17.0,16.0,5,11,14,False,63,
2024-06-28,2024-06-27,2024,143,204,53,28,.654,-,-,1,,1,False,-,75
2024-06-28,2024-06-27,2024,144,204,44,35,.557,8.0,+3.5,2,1,4,False,75,
2024-06-28,2024-06-27,2024,121,204,39,39,.500,12.5,1.0,3,4,7,False,71,
2024-06-28,2024-06-27,2024,120,204,38,42,.475,14.5,3.0,4,8,11,False,68,
2024-06-28,2024-06-27,2024,146,204,29,52,.358,24.0,12.5,5,11,14,False,58,
2024-06-28,2024-06-27,2024,158,205,48,33,.593,-,-,1,,3,False,-,76
2024-06-28,2024-06-27,2024,138,205,41,39,.513,6.5,-,2,3,6,False,76,
2024-06-28,2024-06-27,2024,134,205,39,41,.488,8.5,2.0,3,5,8,False,74,
2024-06-28,2024-06-27,2024,113,205,38,43,.469,10.0,3.5,4,9,12,False,72,
2024-06-28,2024-06-27,2024,112,205,38,44,.463,10.5,4.0,5,10,13,False,71,
2024-06-28,2024-06-27,2024,119,203,51,31,.622,-,-,1,,2,False,-,71
2024-06-28,2024-06-27,2024,135,203,44,41,.518,8.5,+0.5,2,2,5,False,71,
2024-06-28,2024-06-27,2024,109,203,39,42,.481,11.5,2.5,3,6,9,False,70,
2024-06-28,2024-06-27,2024,137,203,39,43,.476,12.0,3.0,4,7,10,False,69,
2024-06-28,2024-06-27,2024,115,203,27,53,.338,23.0,14.0,5,12,15,False,59,
2024-06-29,2024-06-28,2024,110,201,52,30,.634,-,-,1,,2,False,-,80
2024-06-29,2024-06-28,2024,147,201,53,31,.631,-,+7.0,2,1,3,False,80,
2024-06-29,2024-06-28,2024,111,201,43,39,.524,9.0,2.0,3,4,7,False,72,
2024-06-29,2024-06-28,2024,139,201,41,41,.500,11.0,4.0,4,5,8,False,70,
2024-06-29,2024-06-28,2024,141,201,38,44,.463,14.0,7.0,5,7,10,False,67,
2024-06-29,2024-06-28,2024,114,202,51,29,.638,-,-,1,,1,False,-,75
2024-06-29,2024-06-28,2024,142,202,45,37,.549,7.0,-,2,2,5,False,75,
2024-06-29,2024-06-28,2024,118,202,46,38,.548,7.0,-,3,3,6,False,74,
2024-06-29,2024-06-28,2024,116,202,37,45,.451,15.0,8.0,4,9,12,False,67,
2024-06-29,2024-06-28,2024,145,202,23,61,.274,30.0,23.0,5,12,15,False,51,
2024-06-29,2024-06-28,2024,136,200,47,37,.560,-,-,1,,4,False,-,75
2024-06-29,2024-06-28,2024,117,200,40,41,.494,5.5,4.5,2,6,9,False,75,
2024-06-29,2024-06-28,2024,140,200,37,45,.451,9.0,8.0,3,8,11,False,71,
2024-06-29,2024-06-28,2024,108,200,35,46,.432,10.5,9.5,4,10,13,False,70,
2024-06-29,2024-06-28,2024,133,200,30,54,.357,17.0,16.0,5,11,14,False,62,
2024-06-29,2024-06-28,2024,143,204,54,28,.659,-,-,1,,1,False,-,74
2024-06-29,2024-06-28,2024,144,204,45,35,.563,8.0,+3.5,2,1,4,False,74,
2024-06-29,2024-06-28,2024,121,204,40,39,.506,12.5,1.0,3,4,7,False,70,
2024-06-29,2024-06-28,2024,120,204,38,43,.469,15.5,4.0,4,8,11,False,66,
2024-06-29,2024-06-28,2024,146,204,29,53,.354,25.0,13.5,5,11,14,False,56,
2024-06-29,2024-06-28,2024,158,205,49,33,.598,-,-,1,,3,False,-,75
2024-06-29,2024-06-28,2024,138,205,42,39,.519,6.5,-,2,3,6,False,75,
2024-06-29,2024-06-28,2024,134,205,39,42,.481,9.5,3.0,3,6,9,False,72,
2024-06-29,2024-06-28,2024,113,205,38,44,.463,11.0,4.5,4,9,12,False,70,
2024-06-29,2024-06-28,2024,112,205,38,45,.458,11.5,5.0,5,10,13,False,69,
2024-06-29,2024-06-28,2024,119,203,51,32,.614,-,-,1,,2,False,-,71
2024-06-29,2024-06-28,2024,135,203,45,41,.523,7.5,+0.5,2,2,5,False,71,
2024-06-29,2024-06-28,2024,137,203,40,43,.482,11.0,3.0,3,5,8,False,69,
2024-06-29,2024-06-28,2024,109,203,39,43,.476,11.5,3.5,4,7,10,False,69,
2024-06-29,2024-06-28,2024,115,203,27,54,.333,23.0,15.0,5,12,15,False,58,
2024-06-30,2024-06-29,2024,110,201,53,30,.639,-,-,1,,2,False,-,78
2024-06-30,2024-06-29,2024,147,201,53,32,.624,1.0,+7.0,2,1,3,False,78,
2024-06-30,2024-06-29,2024,111,201,43,40,.518,10.0,2.0,3,4,7,False,70,
2024-06-30,2024-06-29,2024,139,201,41,42,.494,12.0,4.0,4,6,9,False,68,
2024-06-30,2024-06-29,2024,141,201,39,44,.470,14.0,6.0,5,7,10,False,66,
2024-06-30,2024-06-29,2024,114,202,52,29,.642,-,-,1,,1,False,-,74
2024-06-30,2024-06-29,2024,142,202,46,37,.554,7.0,+1.0,2,2,4,False,74,
2024-06-30,2024-06-29,2024,118,202,46,39,.541,8.0,-,3,3,6,False,72,
2024-06-30,2024-06-29,2024,116,202,37,46,.446,16.0,8.0,4,9,12,False,65,
2024-06-30,2024-06-29,2024,145,202,24,61,.282,30.0,22.0,5,12,15,False,50,
2024-06-30,2024-06-29,2024,136,200,47,38,.553,-,-,1,,5,False,-,75
2024-06-30,2024-06-29,2024,117,200,41,41,.500,4.5,3.5,2,5,8,False,75,
2024-06-30,2024-06-29,2024,140,200,37,46,.446,9.0,8.0,3,8,11,False,70,
2024-06-30,2024-06-29,2024,108,200,36,46,.439,9.5,8.5,4,10,13,False,70,
2024-06-30,2024-06-29,2024,133,200,30,55,.353,17.0,16.0,5,11,14,False,61,
2024-06-30,2024-06-29,2024,143,204,54,29,.651,-,-,1,,1,False,-,74
2024-06-30,2024-06-29,2024,144,204,46,35,.568,7.0,+4.5,2,1,4,False,74,
2024-06-30,2024-06-29,2024,121,204,40,40,.500,12.5,1.0,3,4,7,False,69,
2024-06-30,2024-06-29,2024,120,204,39,43,.476,14.5,3.0,4,8,11,False,66,
2024-06-30,2024-06-29,2024,146,204,30,53,.361,24.0,12.5,5,11,14,False,56,
2024-06-30,2024-06-29,2024,158,205,49,34,.590,-,-,1,,3,False,-,74
2024-06-30,2024-06-29,2024,138,205,42,40,.512,6.5,-,2,3,6,False,74,
2024-06-30,2024-06-29,2024,134,205,39,43,.476,9.5,3.0,3,7,10,False,71,
2024-06-30,2024-06-29,2024,113,205,39,44,.470,10.0,3.5,4,9,12,False,70,
2024-06-30,2024-06-29,2024,112,205,39,45,.464,10.5,4.0,5,10,13,False,69,
2024-06-30,2024-06-29,2024,119,203,52,32,.619,-,-,1,,2,False,-,70
2024-06-30,2024-06-29,2024,135,203,46,41,.529,7.5,+1.5,2,2,5,False,70,
2024-06-30,2024-06-29,2024,109,203,40,43,.482,11.5,2.5,3,5,8,False,68,
2024-06-30,2024-06-29,2024,137,203,40,44,.476,12.0,3.0,4,6,9,False,67,
2024-06-30,2024-06-29,2024,115,203,27,55,.329,24.0,15.0,5,12,15,False,56,
2024-07-01,2024-06-30,2024,110,201,53,31,.631,-,-,1,,2,False,-,78
2024-07-01,2024-06-30,2024,147,201,54,32,.628,-,+7.0,2,1,3,False,78,
2024-07-01,2024-06-30,2024,111,201,44,40,.524,9.0,2.0,3,4,7,False,70,
2024-07-01,2024-06-30,2024,139,201,42,42,.500,11.0,4.0,4,6,9,False,68,
2024-07-01,2024-06-30,2024,141,201,39,45,.464,14.0,7.0,5,7,10,False,65,
2024-07-01,2024-06-30,2024,114,202,52,30,.634,-,-,1,,1,False,-,74
2024-07-01,2024-06-30,2024,142,202,47,37,.560,6.0,+1.0,2,2,4,False,74,
2024-07-01,2024-06-30,2024,118,202,47,39,.547,7.0,-,3,3,6,False,72,
2024-07-01,2024-06-30,2024,116,202,38,46,.452,15.0,8.0,4,9,12,False,65,
2024-07-01,2024-06-30,2024,145,202,24,62,.279,30.0,23.0,5,12,15,False,49,
2024-07-01,2024-06-30,2024,136,200,47,39,.547,-,-,1,,5,False,-,75
2024-07-01,2024-06-30,2024,117,200,42,41,.506,3.5,3.5,2,5,8,False,75,
2024-07-01,2024-06-30,2024,140,200,38,46,.452,8.0,8.0,3,8,11,False,70,
2024-07-01,2024-06-30,2024,108,200,36,47,.434,9.5,9.5,4,10,13,False,69,
2024-07-01,2024-06-30,2024,133,200,30,56,.349,17.0,17.0,5,11,14,False,60,
2024-07-01,2024-06-30,2024,143,204,55,29,.655,-,-,1,,1,False,-,72
2024-07-01,2024-06-30,2024,144,204,46,36,.561,8.0,+3.5,2,1,4,False,72,
2024-07-01,2024-06-30,2024,121,204,40,41,.494,13.5,2.0,3,4,7,False,67,
2024-07-01,2024-06-30,2024,120,204,39,44,.470,15.5,4.0,4,8,11,False,64,
2024-07-01,2024-06-30,2024,146,204,30,54,.357,25.0,13.5,5,11,14,False,54,
2024-07-01,2024-06-30,2024,158,205,50,34,.595,-,-,1,,3,False,-,73
2024-07-01,2024-06-30,2024,138,205,43,40,.518,6.5,-,2,3,6,False,73,
2024-07-01,2024-06-30,2024,134,205,40,43,.482,9.5,3.0,3,7,10,False,70,
2024-07-01,2024-06-30,2024,113,205,39,45,.464,11.0,4.5,4,9,12,False,68,
2024-07-01,2024-06-30,2024,112,205,39,46,.459,11.5,5.0,5,10,13,False,67,
2024-07-01,2024-06-30,2024,119,203,52,33,.612,-,-,1,,2,False,-,69
2024-07-01,2024-06-30,2024,135,203,46,42,.523,7.5,+0.5,2,2,5,False,69,
2024-07-01,2024-06-30,2024,109,203,41,43,.488,10.5,2.5,3,5,8,False,68,
2024-07-01,2024-06-30,2024,137,203,41,44,.482,11.0,3.0,4,6,9,False,67,
2024-07-01,2024-06-30,2024,115,203,28,55,.337,23.0,15.0,5,12,15,False,56,
2024-07-02,2024-07-01,2024,110,201,53,31,.631,-,-,1,,2,False,-,78
2024-07-02,2024-07-01,2024,147,201,54,32,.628,-,+7.0,2,1,3,False,78,
2024-07-02,2024-07-01,2024,111,201,44,40,.524,9.0,2.0,3,4,7,False,70,
2024-07-02,2024-07-01,2024,139,201,42,42,.500,11.0,4.0,4,6,9,False,68,
2024-07-02,2024-07-01,2024,141,201,39,46,.459,14.5,7.5,5,7,10,False,64,
2024-07-02,2024-07-01,2024,114,202,52,30,.634,-,-,1,,1,False,-,74
2024-07-02,2024-07-01,2024,142,202,47,37,.560,6.0,+1.0,2,2,4,False,74,
2024-07-02,2024-07-01,2024,118,202,47,39,.547,7.0,-,3,3,6,False,72,
2024-07-02,2024-07-01,2024,116,202,38,46,.452,15.0,8.0,4,9,12,False,65,
2024-07-02,2024-07-01,2024,145,202,24,62,.279,30.0,23.0,5,12,15,False,49,
2024-07-02,2024-07-01,2024,136,200,47,39,.547,-,-,1,,5,False,-,75
2024-07-02,2024-07-01,2024,117,200,43,41,.512,3.0,3.0,2,5,8,False,75,
2024-07-02,2024-07-01,2024,140,200,38,46,.452,8.0,8.0,3,8,11,False,70,
2024-07-02,2024-07-01,2024,108,200,36,47,.434,9.5,9.5,4,10,13,False,69,
2024-07-02,2024-07-01,2024,133,200,30,56,.349,17.0,17.0,5,11,14,False,60,
2024-07-02,2024-07-01,2024,143,204,55,29,.655,-,-,1,,1,False,-,72
2024-07-02,2024-07-01,2024,144,204,46,36,.561,8.0,+3.5,2,1,4,False,72,
2024-07-02,2024-07-01,2024,121,204,41,41,.500,13.0,1.5,3,4,7,False,67,
2024-07-02,2024-07-01,2024,120,204,39,45,.464,16.0,4.5,4,9,12,False,63,
2024-07-02,2024-07-01,2024,146,204,30,54,.357,25.0,13.5,5,11,14,False,54,
2024-07-02,2024-07-01,2024,158,205,50,35,.588,-,-,1,,3,False,-,73
2024-07-02,2024-07-01,2024,138,205,43,40,.518,6.0,-,2,3,6,False,73,
2024-07-02,2024-07-01,2024,134,205,40,43,.482,9.0,3.0,3,7,10,False,70,
2024-07-02,2024-07-01,2024,113,205,39,45,.464,10.5,4.5,4,8,11,False,68,
2024-07-02,2024-07-01,2024,112,205,39,46,.459,11.0,5.0,5,10,13,False,67,
2024-07-02,2024-07-01,2024,119,203,52,33,.612,-,-,1,,2,False,-,69
2024-07-02,2024-07-01,2024,135,203,46,42,.523,7.5,+0.5,2,2,5,False,69,
2024-07-02,2024-07-01,2024,109,203,41,43,.488,10.5,2.5,3,5,8,False,68,
2024-07-02,2024-07-01,2024,137,203,41,44,.482,11.0,3.0,4,6,9,False,67,
2024-07-02,2024-07-01,2024,115,203,29,55,.345,22.5,14.5,5,12,15,False,56,
2024-07-03,2024-07-02,2024,110,201,54,31,.635,-,-,1,,2,False,-,76
2024-07-03,2024-07-02,2024,147,201,54,33,.621,1.0,+7.0,2,1,3,False,76,
2024-07-03,2024-07-02,2024,111,201,45,40,.529,9.0,1.0,3,4,7,False,69,
2024-07-03,2024-07-02,2024,139,201,43,42,.506,11.0,3.0,4,6,9,False,67,
2024-07-03,2024-07-02,2024,141,201,40,46,.465,14.5,6.5,5,7,10,False,63,
2024-07-03,2024-07-02,2024,114,202,53,30,.639,-,-,1,,1,False,-,73
2024-07-03,2024-07-02,2024,142,202,48,37,.565,6.0,+2.0,2,2,4,False,73,
2024-07-03,2024-07-02,2024,118,202,47,40,.540,8.0,-,3,3,6,False,70,
2024-07-03,2024-07-02,2024,116,202,38,47,.447,16.0,8.0,4,9,12,False,63,
2024-07-03,2024-07-02,2024,145,202,24,63,.276,31.0,23.0,5,12,15,False,47,
2024-07-03,2024-07-02,2024,136,200,47,40,.540,-,-,1,,5,False,-,74
2024-07-03,2024-07-02,2024,117,200,43,42,.506,3.0,3.0,2,5,8,False,74,
2024-07-03,2024-07-02,2024,140,200,39,46,.459,7.0,7.0,3,8,11,False,70,
2024-07-03,2024-07-02,2024,108,200,36,48,.429,9.5,9.5,4,10,13,False,68,
2024-07-03,2024-07-02,2024,133,200,31,56,.356,16.0,16.0,5,11,14,False,60,
2024-07-03,2024-07-02,2024,143,204,56,29,.659,-,-,1,,1,False,-,70
2024-07-03,2024-07-02,2024,144,204,46,37,.554,9.0,+3.0,2,1,4,False,70,
2024-07-03,2024-07-02,2024,121,204,42,41,.506,13.0,1.0,3,4,7,False,66,
2024-07-03,2024-07-02,2024,120,204,39,46,.459,17.0,5.0,4,9,12,False,61,
2024-07-03,2024-07-02,2024,146,204,30,55,.353,26.0,14.0,5,11,14,False,52,
2024-07-03,2024-07-02,2024,158,205,51,35,.593,-,-,1,,3,False,-,72
2024-07-03,2024-07-02,2024,138,205,44,40,.524,6.0,+0.5,2,2,5,False,72,
2024-07-03,2024-07-02,2024,134,205,40,44,.476,10.0,3.5,3,7,10,False,68,
2024-07-03,2024-07-02,2024,113,205,40,45,.471,10.5,4.0,4,8,11,False,67,
2024-07-03,2024-07-02,2024,112,205,39,47,.453,12.0,5.5,5,10,13,False,65,
2024-07-03,2024-07-02,2024,119,203,53,33,.616,-,-,1,,2,False,-,67
2024-07-03,2024-07-02,2024,135,203,46,43,.517,8.5,-,2,3,6,False,67,
2024-07-03,2024-07-02,2024,137,203,42,44,.488,11.0,2.5,3,5,8,False,66,
2024-07-03,2024-07-02,2024,109,203,41,44,.482,11.5,3.0,4,6,9,False,66,
2024-07-03,2024-07-02,2024,115,203,29,56,.341,23.5,15.0,5,12,15,False,54,
2024-07-04,2024-07-03,2024,110,201,55,31,.640,-,-,1,,1,False,-,74
2024-07-04,2024-07-03,2024,147,201,54,34,.614,2.0,+6.0,2,1,3,False,74,
2024-07-04,2024-07-03,2024,111,201,46,40,.535,9.0,1.0,3,4,6,False,68,
2024-07-04,2024-07-03,2024,139,201,43,43,.500,12.0,4.0,4,6,9,False,65,
2024-07-04,2024-07-03,2024,141,201,40,47,.460,15.5,7.5,5,7,10,False,61,
2024-07-04,2024-07-03,2024,114,202,53,31,.631,-,-,1,,2,False,-,72
2024-07-04,2024-07-03,2024,142,202,48,38,.558,6.0,+1.0,2,2,4,False,72,
2024-07-04,2024-07-03,2024,118,202,48,40,.545,7.0,-,3,3,5,False,70,
2024-07-04,2024-07-03,2024,116,202,39,47,.453,15.0,8.0,4,9,12,False,63,
2024-07-04,2024-07-03,2024,145,202,25,63,.284,30.0,23.0,5,12,15,False,47,
2024-07-04,2024-07-03,2024,136,200,47,41,.534,-,-,1,,7,False,-,74
2024-07-04,2024-07-03,2024,117,200,44,42,.512,2.0,3.0,2,5,8,False,74,
2024-07-04,2024-07-03,2024,140,200,39,47,.453,7.0,8.0,3,8,11,False,69,
2024-07-04,2024-07-03,2024,108,200,36,49,.424,9.5,10.5,4,10,13,False,67,
2024-07-04,2024-07-03,2024,133,200,32,56,.364,15.0,16.0,5,11,14,False,60,
2024-07-04,2024-07-03,2024,143,204,57,29,.663,-,-,1,,1,False,-,69
2024-07-04,2024-07-03,2024,144,204,47,37,.560,9.0,+3.5,2,1,4,False,69,
2024-07-04,2024-07-03,2024,121,204,42,42,.500,14.0,1.5,3,4,7,False,64,
2024-07-04,2024-07-03,2024,120,204,40,46,.465,17.0,4.5,4,9,12,False,60,
2024-07-04,2024-07-03,2024,146,204,30,56,.349,27.0,14.5,5,11,14,False,50,
2024-07-04,2024-07-03,2024,158,205,52,35,.598,-,-,1,,3,False,-,70
2024-07-04,2024-07-03,2024,138,205,44,41,.518,7.0,-,2,3,6,False,70,
2024-07-04,2024-07-03,2024,134,205,41,44,.482,10.0,3.0,3,7,10,False,67,
2024-07-04,2024-07-03,2024,113,205,41,45,.477,10.5,3.5,4,8,11,False,66,
2024-07-04,2024-07-03,2024,112,205,39,48,.448,13.0,6.0,5,10,13,False,63,
2024-07-04,2024-07-03,2024,119,203,53,34,.609,-,-,1,,2,False,-,67
2024-07-04,2024-07-03,2024,135,203,47,43,.522,7.5,+0.5,2,2,5,False,67,
2024-07-04,2024-07-03,2024,109,203,42,44,.488,10.5,2.5,3,5,8,False,66,
2024-07-04,2024-07-03,2024,137,203,42,45,.483,11.0,3.0,4,6,9,False,65,
2024-07-04,2024-07-03,2024,115,203,29,57,.337,23.5,15.5,5,12,15,False,53,
2024-07-05,2024-07-04,2024,110,201,55,32,.632,-,-,1,,2,False,-,73
2024-07-05,2024-07-04,2024,147,201,54,35,.607,2.0,+6.0,2,1,3,False,73,
2024-07-05,2024-07-04,2024,111,201,47,40,.540,8.0,-,3,3,5,False,68,
2024-07-05,2024-07-04,2024,139,201,44,43,.506,11.0,3.0,4,6,9,False,65,
2024-07-05,2024-07-04,2024,141,201,40,48,.455,15.5,7.5,5,7,10,False,60,
2024-07-05,2024-07-04,2024,114,202,54,31,.635,-,-,1,,1,False,-,71
2024-07-05,2024-07-04,2024,142,202,49,38,.563,6.0,+2.0,2,2,4,False,71,
2024-07-05,2024-07-04,2024,118,202,48,41,.539,8.0,-,3,4,7,False,68,
2024-07-05,2024-07-04,2024,116,202,39,48,.448,16.0,8.0,4,9,12,False,61,
2024-07-05,2024-07-04,2024,145,202,25,64,.281,31.0,23.0,5,12,15,False,45,
2024-07-05,2024-07-04,2024,136,200,48,41,.539,-,-,1,,6,False,-,73
2024-07-05,2024-07-04,2024,117,200,45,42,.517,2.0,2.0,2,5,8,False,73,
2024-07-05,2024-07-04,2024,140,200,39,48,.448,8.0,8.0,3,8,11,False,67,
2024-07-05,2024-07-04,2024,108,200,36,50,.419,10.5,10.5,4,10,13,False,65,
2024-07-05,2024-07-04,2024,133,200,33,56,.371,15.0,15.0,5,11,14,False,59,
2024-07-05,2024-07-04,2024,143,204,57,30,.655,-,-,1,,1,False,-,68
2024-07-05,2024-07-04,2024,144,204,47,38,.553,9.0,+2.5,2,1,4,False,68,
2024-07-05,2024-07-04,2024,121,204,42,43,.494,14.0,2.5,3,5,8,False,63,
2024-07-05,2024-07-04,2024,120,204,41,46,.471,16.0,4.5,4,9,12,False,60,
2024-07-05,2024-07-04,2024,146,204,30,57,.345,27.0,15.5,5,11,14,False,49,
2024-07-05,2024-07-04,2024,158,205,52,36,.591,-,-,1,,3,False,-,70
2024-07-05,2024-07-04,2024,138,205,45,41,.523,6.0,-,2,3,6,False,70,
2024-07-05,2024-07-04,2024,113,205,42,45,.483,9.5,3.5,3,7,10,False,66,
2024-07-05,2024-07-04,2024,134,205,41,45,.477,10.0,4.0,4,8,11,False,66,
2024-07-05,2024-07-04,2024,112,205,40,48,.455,12.0,6.0,5,10,13,False,63,
2024-07-05,2024-07-04,2024,119,203,53,35,.602,-,-,1,,2,False,-,67
2024-07-05,2024-07-04,2024,135,203,48,43,.527,6.5,+0.5,2,2,5,False,67,
2024-07-05,2024-07-04,2024,109,203,43,44,.494,9.5,2.5,3,4,7,False,66,
2024-07-05,2024-07-04,2024,137,203,43,45,.489,10.0,3.0,4,6,9,False,65,
2024-07-05,2024-07-04,2024,115,203,30,57,.345,22.5,15.5,5,12,15,False,53,
2024-07-06,2024-07-05,2024,110,201,56,32,.636,-,-,1,,1,False,-,71
2024-07-06,2024-07-05,2024,147,201,54,36,.600,3.0,+5.0,2,1,3,False,71,
2024-07-06,2024-07-05,2024,111,201,48,40,.545,8.0,-,3,3,5,False,67,
2024-07-06,2024-07-05,2024,139,201,44,44,.500,12.0,4.0,4,6,9,False,63,
2024-07-06,2024-07-05,2024,141,201,40,49,.449,16.5,8.5,5,9,12,False,58,
2024-07-06,2024-07-05,2024,114,202,54,32,.628,-,-,1,,2,False,-,70
2024-07-06,2024-07-05,2024,142,202,49,39,.557,6.0,+1.0,2,2,4,False,70,
2024-07-06,2024-07-05,2024,118,202,48,42,.533,8.0,1.0,3,4,7,False,67,
2024-07-06,2024-07-05,2024,116,202,40,48,.455,15.0,8.0,4,8,11,False,61,
2024-07-06,2024-07-05,2024,145,202,26,64,.289,30.0,23.0,5,12,15,False,45,
2024-07-06,2024-07-05,2024,136,200,49,41,.544,-,-,1,,6,False,-,72
2024-07-06,2024-07-05,2024,117,200,46,42,.523,2.0,2.0,2,5,8,False,72,
2024-07-06,2024-07-05,2024,140,200,40,48,.455,8.0,8.0,3,7,10,False,66,
2024-07-06,2024-07-05,2024,108,200,36,51,.414,11.5,11.5,4,10,13,False,63,
2024-07-06,2024-07-05,2024,133,200,33,57,.367,16.0,16.0,5,11,14,False,57,
2024-07-06,2024-07-05,2024,143,204,58,30,.659,-,-,1,,1,False,-,66
2024-07-06,2024-07-05,2024,144,204,47,39,.547,10.0,+1.5,2,1,4,False,66,
2024-07-06,2024-07-05,2024,121,204,42,44,.488,15.0,3.5,3,6,9,False,61,
2024-07-06,2024-07-05,2024,120,204,41,47,.466,17.0,5.5,4,9,12,False,58,
2024-07-06,2024-07-05,2024,146,204,30,58,.341,28.0,16.5,5,12,15,False,47,
2024-07-06,2024-07-05,2024,158,205,52,37,.584,-,-,1,,3,False,-,70
2024-07-06,2024-07-05,2024,138,205,46,41,.529,5.0,-,2,3,6,False,70,
2024-07-06,2024-07-05,2024,134,205,42,45,.483,9.0,4.0,3,7,10,False,66,
2024-07-06,2024-07-05,2024,113,205,42,46,.477,9.5,4.5,4,8,11,False,65,
2024-07-06,2024-07-05,2024,112,205,41,48,.461,11.0,6.0,5,10,13,False,63,
2024-07-06,2024-07-05,2024,119,203,54,35,.607,-,-,1,,2,False,-,66
2024-07-06,2024-07-05,2024,135,203,49,43,.533,6.5,+0.5,2,2,5,False,66,
2024-07-06,2024-07-05,2024,137,203,44,45,.494,10.0,3.0,3,4,7,False,64,
2024-07-06,2024-07-05,2024,109,203,43,45,.489,10.5,3.5,4,5,8,False,64,
2024-07-06,2024-07-05,2024,115,203,31,57,.352,22.5,15.5,5,11,14,False,52,
2024-07-07,2024-07-06,2024,110,201,56,33,.629,-,-,1,,2,False,-,71
2024-07-07,2024-07-06,2024,147,201,55,36,.604,2.0,+6.0,2,1,3,False,71,
2024-07-07,2024-07-06,2024,111,201,48,41,.539,8.0,-,3,3,5,False,66,
2024-07-07,2024-07-06,2024,139,201,44,45,.494,12.0,4.0,4,6,9,False,62,
2024-07-07,2024-07-06,2024,141,201,41,49,.456,15.5,7.5,5,9,12,False,58,
2024-07-07,2024-07-06,2024,114,202,55,32,.632,-,-,1,,1,False,-,69
2024-07-07,2024-07-06,2024,142,202,50,39,.562,6.0,+2.0,2,2,4,False,69,
2024-07-07,2024-07-06,2024,118,202,48,43,.527,9.0,1.0,3,4,7,False,65,
2024-07-07,2024-07-06,2024,116,202,41,48,.461,15.0,7.0,4,8,11,False,60,
2024-07-07,2024-07-06,2024,145,202,26,65,.286,31.0,23.0,5,12,15,False,43,
2024-07-07,2024-07-06,2024,136,200,49,42,.538,-,-,1,,6,False,-,71
2024-07-07,2024-07-06,2024,117,200,46,43,.517,2.0,2.0,2,5,8,False,71,
2024-07-07,2024-07-06,2024,140,200,41,48,.461,7.0,7.0,3,7,10,False,66,
2024-07-07,2024-07-06,2024,108,200,37,51,.420,10.5,10.5,4,10,13,False,63,
2024-07-07,2024-07-06,2024,133,200,34,57,.374,15.0,15.0,5,11,14,False,57,
2024-07-07,2024-07-06,2024,143,204,58,31,.652,-,-,1,,1,False,-,66
2024-07-07,2024-07-06,2024,144,204,48,39,.552,9.0,+2.5,2,1,4,False,66,
2024-07-07,2024-07-06,2024,121,204,43,44,.494,14.0,2.5,3,5,8,False,61,
2024-07-07,2024-07-06,2024,120,204,42,47,.472,16.0,4.5,4,9,12,False,58,
2024-07-07,2024-07-06,2024,146,204,31,58,.348,27.0,15.5,5,12,15,False,47,
2024-07-07,2024-07-06,2024,158,205,52,38,.578,-,-,1,,3,False,-,69
2024-07-07,2024-07-06,2024,138,205,46,42,.523,5.0,-,2,3,6,False,69,
2024-07-07,2024-07-06,2024,134,205,42,46,.477,9.0,4.0,3,7,10,False,65,
2024-07-07,2024-07-06,2024,113,205,42,47,.472,9.5,4.5,4,8,11,False,64,
2024-07-07,2024-07-06,2024,112,205,41,49,.456,11.0,6.0,5,10,13,False,62,
2024-07-07,2024-07-06,2024,119,203,55,35,.611,-,-,1,,2,False,-,64
2024-07-07,2024-07-06,2024,135,203,49,44,.527,7.5,+0.5,2,2,5,False,64,
2024-07-07,2024-07-06,2024,109,203,44,45,.494,10.5,2.5,3,4,7,False,63,
2024-07-07,2024-07-06,2024,137,203,44,46,.489,11.0,3.0,4,6,9,False,62,
2024-07-07,2024-07-06,2024,115,203,32,57,.360,22.5,14.5,5,11,14,False,51,
2024-07-08,2024-07-07,2024,110,201,57,33,.633,-,-,1,,2,False,-,69
2024-07-08,2024-07-07,2024,147,201,55,37,.598,3.0,+5.0,2,1,3,False,69,
2024-07-08,2024-07-07,2024,111,201,49,41,.544,8.0,-,3,3,5,False,65,
2024-07-08,2024-07-07,2024,139,201,44,46,.489,13.0,5.0,4,6,9,False,60,
2024-07-08,2024-07-07,2024,141,201,42,49,.462,15.5,7.5,5,9,12,False,57,
2024-07-08,2024-07-07,2024,114,202,56,32,.636,-,-,1,,1,False,-,68
2024-07-08,2024-07-07,2024,142,202,51,39,.567,6.0,+2.0,2,2,4,False,68,
2024-07-08,2024-07-07,2024,118,202,49,43,.533,9.0,1.0,3,4,7,False,64,
2024-07-08,2024-07-07,2024,116,202,42,48,.467,15.0,7.0,4,8,11,False,59,
2024-07-08,2024-07-07,2024,145,202,26,66,.283,32.0,24.0,5,12,15,False,41,
2024-07-08,2024-07-07,2024,136,200,49,43,.533,-,-,1,,6,False,-,70
2024-07-08,2024-07-07,2024,117,200,46,44,.511,2.0,3.0,2,5,8,False,70,
2024-07-08,2024-07-07,2024,140,200,42,48,.467,6.0,7.0,3,7,10,False,66,
2024-07-08,2024-07-07,2024,108,200,37,52,.416,10.5,11.5,4,10,13,False,62,
2024-07-08,2024-07-07,2024,133,200,34,58,.370,15.0,16.0,5,11,14,False,56,
2024-07-08,2024-07-07,2024,143,204,58,32,.644,-,-,1,,1,False,-,66
2024-07-08,2024-07-07,2024,144,204,49,39,.557,8.0,+3.0,2,1,4,False,66,
2024-07-08,2024-07-07,2024,121,204,44,44,.500,13.0,2.0,3,5,8,False,61,
2024-07-08,2024-07-07,2024,120,204,42,48,.467,16.0,5.0,4,9,12,False,57,
2024-07-08,2024-07-07,2024,146,204,32,58,.356,26.0,15.0,5,11,14,False,47,
2024-07-08,2024-07-07,2024,158,205,53,38,.582,-,-,1,,3,False,-,68
2024-07-08,2024-07-07,2024,138,205,47,42,.528,5.0,+0.5,2,2,5,False,68,
2024-07-08,2024-07-07,2024,134,205,42,47,.472,10.0,4.5,3,7,10,False,63,
2024-07-08,2024-07-07,2024,113,205,42,48,.467,10.5,5.0,4,8,11,False,62,
2024-07-08,2024-07-07,2024,112,205,42,49,.462,11.0,5.5,5,10,13,False,61,
2024-07-08,2024-07-07,2024,119,203,55,36,.604,-,-,1,,2,False,-,63
2024-07-08,2024-07-07,2024,135,203,49,45,.521,7.5,-,2,3,6,False,63,
2024-07-08,2024-07-07,2024,109,203,45,45,.500,9.5,2.0,3,4,7,False,63,
2024-07-08,2024-07-07,2024,137,203,44,47,.484,11.0,3.5,4,6,9,False,61,
2024-07-08,2024-07-07,2024,115,203,32,58,.356,22.5,15.0,5,12,15,False,50,
2024-07-09,2024-07-08,2024,110,201,57,33,.633,-,-,1,,1,False,-,69
2024-07-09,2024-07-08,2024,147,201,55,37,.598,3.0,+5.0,2,1,3,False,69,
2024-07-09,2024-07-08,2024,111,201,49,41,.544,8.0,-,3,3,5,False,65,
2024-07-09,2024-07-08,2024,139,201,44,46,.489,13.0,5.0,4,6,9,False,60,
2024-07-09,2024-07-08,2024,141,201,42,49,.462,15.5,7.5,5,9,12,False,57,
2024-07-09,2024-07-08,2024,114,202,56,33,.629,-,-,1,,2,False,-,68
2024-07-09,2024-07-08,2024,142,202,52,39,.571,5.0,+2.5,2,2,4,False,68,
2024-07-09,2024-07-08,2024,118,202,49,43,.533,8.5,1.0,3,4,7,False,64,
2024-07-09,2024-07-08,2024,116,202,43,48,.473,14.0,6.5,4,8,11,False,59,
2024-07-09,2024-07-08,2024,145,202,26,67,.280,32.0,24.5,5,12,15,False,40,
2024-07-09,2024-07-08,2024,136,200,49,43,.533,-,-,1,,6,False,-,70
2024-07-09,2024-07-08,2024,117,200,46,44,.511,2.0,3.0,2,5,8,False,70,
2024-07-09,2024-07-08,2024,140,200,43,48,.473,5.5,6.5,3,7,10,False,66,
2024-07-09,2024-07-08,2024,108,200,37,53,.411,11.0,12.0,4,10,13,False,61,
2024-07-09,2024-07-08,2024,133,200,34,58,.370,15.0,16.0,5,11,14,False,56,
2024-07-09,2024-07-08,2024,143,204,58,32,.644,-,-,1,,1,False,-,66
2024-07-09,2024-07-08,2024,144,204,50,39,.562,7.5,+3.5,2,1,4,False,66,
2024-07-09,2024-07-08,2024,121,204,44,45,.494,13.5,2.5,3,5,8,False,60,
2024-07-09,2024-07-08,2024,120,204,42,49,.462,16.5,5.5,4,9,12,False,56,
2024-07-09,2024-07-08,2024,146,204,32,58,.356,26.0,15.0,5,11,14,False,47,
2024-07-09,2024-07-08,2024,158,205,53,38,.582,-,-,1,,3,False,-,68
2024-07-09,2024-07-08,2024,138,205,48,42,.533,4.5,+1.0,2,2,5,False,68,
2024-07-09,2024-07-08,2024,134,205,43,47,.478,9.5,4.0,3,7,10,False,63,
2024-07-09,2024-07-08,2024,113,205,43,48,.473,10.0,4.5,4,8,11,False,62,
2024-07-09,2024-07-08,2024,112,205,42,49,.462,11.0,5.5,5,10,13,False,61,
2024-07-09,2024-07-08,2024,119,203,55,36,.604,-,-,1,,2,False,-,63
2024-07-09,2024-07-08,2024,135,203,49,45,.521,7.5,-,2,3,6,False,63,
2024-07-09,2024-07-08,2024,109,203,45,46,.495,10.0,2.5,3,4,7,False,62,
2024-07-09,2024-07-08,2024,137,203,44,47,.484,11.0,3.5,4,6,9,False,61,
2024-07-09,2024-07-08,2024,115,203,32,59,.352,23.0,15.5,5,12,15,False,49,
2024-07-10,2024-07-09,2024,110,201,57,34,.626,-,-,1,,2,False,-,68
2024-07-10,2024-07-09,2024,147,201,55,38,.591,3.0,+4.0,2,1,3,False,68,
2024-07-10,2024-07-09,2024,111,201,50,41,.549,7.0,-,3,3,5,False,65,
2024-07-10,2024-07-09,2024,139,201,45,46,.495,12.0,5.0,4,6,9,False,60,
2024-07-10,2024-07-09,2024,141,201,42,50,.457,15.5,8.5,5,9,12,False,56,
2024-07-10,2024-07-09,2024,114,202,57,33,.633,-,-,1,,1,False,-,67
2024-07-10,2024-07-09,2024,142,202,52,39,.571,5.5,+2.0,2,2,4,False,67,
2024-07-10,2024-07-09,2024,118,202,49,43,.533,9.0,1.5,3,4,7,False,63,
2024-07-10,2024-07-09,2024,116,202,43,49,.467,15.0,7.5,4,8,11,False,57,
2024-07-10,2024-07-09,2024,145,202,26,67,.280,32.5,25.0,5,12,15,False,39,
2024-07-10,2024-07-09,2024,136,200,50,43,.538,-,-,1,,6,False,-,69
2024-07-10,2024-07-09,2024,117,200,47,44,.516,2.0,3.0,2,5,8,False,69,
2024-07-10,2024-07-09,2024,140,200,44,48,.478,5.5,6.5,3,7,10,False,65,
2024-07-10,2024-07-09,2024,108,200,37,54,.407,12.0,13.0,4,10,13,False,59,
2024-07-10,2024-07-09,2024,133,200,34,59,.366,16.0,17.0,5,11,14,False,54,
2024-07-10,2024-07-09,2024,143,204,59,32,.648,-,-,1,,1,False,-,65
2024-07-10,2024-07-09,2024,144,204,51,39,.567,7.5,+4.5,2,1,4,False,65,
2024-07-10,2024-07-09,2024,121,204,45,45,.500,13.5,1.5,3,4,7,False,59,
2024-07-10,2024-07-09,2024,120,204,42,50,.457,17.5,5.5,4,10,13,False,54,
2024-07-10,2024-07-09,2024,146,204,32,59,.352,27.0,15.0,5,11,14,False,45,
2024-07-10,2024-07-09,2024,158,205,53,39,.576,-,-,1,,3,False,-,68
2024-07-10,2024-07-09,2024,138,205,48,42,.533,4.0,+1.5,2,2,5,False,68,
2024-07-10,2024-07-09,2024,134,205,44,47,.484,8.5,3.0,3,7,10,False,63,
2024-07-10,2024-07-09,2024,113,205,44,48,.478,9.0,3.5,4,8,11,False,62,
2024-07-10,2024-07-09,2024,112,205,43,49,.467,10.0,4.5,5,9,12,False,61,
2024-07-10,2024-07-09,2024,119,203,55,37,.598,-,-,1,,2,False,-,62
2024-07-10,2024-07-09,2024,135,203,49,46,.516,7.5,-,2,3,6,False,62,
2024-07-10,2024-07-09,2024,109,203,45,47,.489,10.0,2.5,3,5,8,False,61,
2024-07-10,2024-07-09,2024,137,203,45,47,.489,10.0,2.5,4,6,9,False,61,
2024-07-10,2024-07-09,2024,115,203,32,60,.348,23.0,15.5,5,12,15,False,48,
2024-07-11,2024-07-10,2024,110,201,57,35,.620,-,-,1,,2,False,-,68
2024-07-11,2024-07-10,2024,147,201,56,38,.596,2.0,+5.0,2,1,3,False,68,
2024-07-11,2024-07-10,2024,111,201,50,42,.543,7.0,-,3,3,5,False,64,
2024-07-11,2024-07-10,2024,139,201,45,47,.489,12.0,5.0,4,6,9,False,59,
2024-07-11,2024-07-10,2024,141,201,43,50,.462,14.5,7.5,5,9,12,False,56,
2024-07-11,2024-07-10,2024,114,202,57,34,.626,-,-,1,,1,False,-,66
2024-07-11,2024-07-10,2024,142,202,53,40,.570,5.0,+2.5,2,2,4,False,66,
2024-07-11,2024-07-10,2024,118,202,51,43,.543,7.5,-,3,4,7,False,63,
2024-07-11,2024-07-10,2024,116,202,44,49,.473,14.0,6.5,4,8,11,False,57,
2024-07-11,2024-07-10,2024,145,202,27,68,.284,32.0,24.5,5,12,15,False,38,
2024-07-11,2024-07-10,2024,136,200,51,43,.543,-,-,1,,6,False,-,68
2024-07-11,2024-07-10,2024,117,200,48,44,.522,2.0,2.0,2,5,8,False,68,
2024-07-11,2024-07-10,2024,140,200,44,49,.473,6.5,6.5,3,7,10,False,63,
2024-07-11,2024-07-10,2024,108,200,38,54,.413,12.0,12.0,4,10,13,False,58,
2024-07-11,2024-07-10,2024,133,200,35,59,.372,16.0,16.0,5,11,14,False,53,
2024-07-11,2024-07-10,2024,143,204,60,32,.652,-,-,1,,1,False,-,63
2024-07-11,2024-07-10,2024,144,204,51,40,.560,8.5,+4.5,2,1,4,False,63,
2024-07-11,2024-07-10,2024,121,204,46,45,.505,13.5,0.5,3,4,7,False,58,
2024-07-11,2024-07-10,2024,120,204,42,51,.452,18.5,5.5,4,10,13,False,52,
2024-07-11,2024-07-10,2024,146,204,32,60,.348,28.0,15.0,5,12,15,False,43,
2024-07-11,2024-07-10,2024,158,205,54,39,.581,-,-,1,,3,False,-,65
2024-07-11,2024-07-10,2024,138,205,48,44,.522,5.5,+1.0,2,2,5,False,65,
2024-07-11,2024-07-10,2024,134,205,44,48,.478,9.5,3.0,3,7,10,False,61,
2024-07-11,2024-07-10,2024,113,205,44,49,.473,10.0,3.5,4,8,11,False,60,
2024-07-11,2024-07-10,2024,112,205,44,49,.473,10.0,3.5,5,9,12,False,60,
2024-07-11,2024-07-10,2024,119,203,55,38,.591,-,-,1,,2,False,-,61
2024-07-11,2024-07-10,2024,135,203,49,47,.510,7.5,-,2,3,6,False,61,
2024-07-11,2024-07-10,2024,109,203,46,47,.495,9.0,1.5,3,5,8,False,61,
2024-07-11,2024-07-10,2024,137,203,45,48,.484,10.0,2.5,4,6,9,False,60,
2024-07-11,2024-07-10,2024,115,203,33,60,.355,22.0,14.5,5,11,14,False,48,
2024-07-12,2024-07-11,2024,110,201,57,36,.613,-,-,1,,2,False,-,67
2024-07-12,2024-07-11,2024,147,201,56,39,.589,2.0,+4.0,2,1,3,False,67,
2024-07-12,2024-07-11,2024,111,201,51,42,.548,6.0,-,3,3,5,False,64,
2024-07-12,2024-07-11,2024,139,201,46,47,.495,11.0,5.0,4,6,9,False,59,
2024-07-12,2024-07-11,2024,141,201,44,50,.468,13.5,7.5,5,9,12,False,56,
2024-07-12,2024-07-11,2024,114,202,57,35,.620,-,-,1,,1,False,-,66
2024-07-12,2024-07-11,2024,142,202,53,40,.570,4.5,+2.0,2,2,4,False,66,
2024-07-12,2024-07-11,2024,118,202,51,43,.543,7.0,0.5,3,4,7,False,63,
2024-07-12,2024-07-11,2024,116,202,45,49,.479,13.0,6.5,4,7,10,False,57,
2024-07-12,2024-07-11,2024,145,202,27,68,.284,31.5,25.0,5,12,15,False,38,
2024-07-12,2024-07-11,2024,136,200,52,43,.547,-,-,1,,6,False,-,67
2024-07-12,2024-07-11,2024,117,200,49,44,.527,2.0,2.0,2,5,8,False,67,
2024-07-12,2024-07-11,2024,140,200,44,49,.473,7.0,7.0,3,8,11,False,62,
2024-07-12,2024-07-11,2024,108,200,38,55,.409,13.0,13.0,4,10,13,False,56,
2024-07-12,2024-07-11,2024,133,200,35,60,.368,17.0,17.0,5,11,14,False,51,
2024-07-12,2024-07-11,2024,143,204,61,32,.656,-,-,1,,1,False,-,61
2024-07-12,2024-07-11,2024,144,204,51,41,.554,9.5,+4.0,2,1,4,False,61,
2024-07-12,2024-07-11,2024,121,204,47,45,.511,13.5,-,3,3,6,False,57,
2024-07-12,2024-07-11,2024,120,204,42,52,.447,19.5,6.0,4,10,13,False,50,
2024-07-12,2024-07-11,2024,146,204,32,61,.344,29.0,15.5,5,12,15,False,41,
2024-07-12,2024-07-11,2024,158,205,54,40,.574,-,-,1,,3,False,-,65
2024-07-12,2024-07-11,2024,138,205,48,44,.522,5.0,+1.0,2,2,5,False,65,
2024-07-12,2024-07-11,2024,134,205,45,48,.484,8.5,2.5,3,6,9,False,61,
2024-07-12,2024-07-11,2024,113,205,45,49,.479,9.0,3.0,4,8,11,False,60,
2024-07-12,2024-07-11,2024,112,205,45,49,.479,9.0,3.0,5,9,12,False,60,
2024-07-12,2024-07-11,2024,119,203,55,39,.585,-,-,1,,2,False,-,61
2024-07-12,2024-07-11,2024,135,203,49,47,.510,7.0,-,2,4,7,False,61,
2024-07-12,2024-07-11,2024,109,203,47,47,.500,8.0,1.0,3,5,8,False,61,
2024-07-12,2024-07-11,2024,137,203,45,49,.479,10.0,3.0,4,7,10,False,59,
2024-07-12,2024-07-11,2024,115,203,33,61,.351,22.0,15.0,5,11,14,False,47,
2024-07-13,2024-07-12,2024,110,201,57,37,.606,-,-,1,,2,False,-,67
2024-07-13,2024-07-12,2024,147,201,57,39,.594,1.0,+4.5,2,1,3,False,67,
2024-07-13,2024-07-12,2024,111,201,51,43,.543,6.0,0.5,3,4,6,False,63,
2024-07-13,2024-07-12,2024,139,201,47,47,.500,10.0,4.5,4,6,9,False,59,
2024-07-13,2024-07-12,2024,141,201,44,51,.463,13.5,8.0,5,9,12,False,55,
2024-07-13,2024-07-12,2024,114,202,57,36,.613,-,-,1,,1,False,-,65
2024-07-13,2024-07-12,2024,142,202,53,41,.564,4.5,+1.5,2,2,4,False,65,
2024-07-13,2024-07-12,2024,118,202,52,43,.547,6.0,-,3,3,5,False,63,
2024-07-13,2024-07-12,2024,116,202,45,50,.474,13.0,7.0,4,7,10,False,56,
2024-07-13,2024-07-12,2024,145,202,27,69,.281,31.5,25.5,5,12,15,False,37,
2024-07-13,2024-07-12,2024,136,200,52,44,.542,-,-,1,,7,False,-,67
2024-07-13,2024-07-12,2024,117,200,50,44,.532,1.0,1.5,2,5,8,False,67,
2024-07-13,2024-07-12,2024,140,200,44,50,.468,7.0,7.5,3,8,11,False,61,
2024-07-13,2024-07-12,2024,108,200,39,55,.415,12.0,12.5,4,10,13,False,56,
2024-07-13,2024-07-12,2024,133,200,36,60,.375,16.0,16.5,5,11,14,False,51,
2024-07-13,2024-07-12,2024,143,204,61,33,.649,-,-,1,,1,False,-,61
2024-07-13,2024-07-12,2024,144,204,52,41,.559,8.5,+4.0,2,1,4,False,61,
2024-07-13,2024-07-12,2024,121,204,48,45,.516,12.5,-,3,2,5,False,57,
2024-07-13,2024-07-12,2024,120,204,43,52,.453,18.5,6.0,4,10,13,False,50,
2024-07-13,2024-07-12,2024,146,204,32,62,.340,29.0,16.5,5,12,15,False,40,
2024-07-13,2024-07-12,2024,158,205,54,41,.568,-,-,1,,3,False,-,64
2024-07-13,2024-07-12,2024,138,205,48,45,.516,5.0,-,2,3,6,False,64,
2024-07-13,2024-07-12,2024,134,205,46,48,.489,7.5,2.5,3,6,9,False,61,
2024-07-13,2024-07-12,2024,113,205,46,49,.484,8.0,3.0,4,8,11,False,60,
2024-07-13,2024-07-12,2024,112,205,46,49,.484,8.0,3.0,5,9,12,False,60,
2024-07-13,2024-07-12,2024,119,203,56,39,.589,-,-,1,,2,False,-,60
2024-07-13,2024-07-12,2024,109,203,48,47,.505,8.0,1.0,2,4,7,False,60,
2024-07-13,2024-07-12,2024,135,203,49,48,.505,8.0,1.0,3,5,8,False,59,
2024-07-13,2024-07-12,2024,137,203,46,49,.484,10.0,3.0,4,7,10,False,58,
2024-07-13,2024-07-12,2024,115,203,33,62,.347,23.0,16.0,5,11,14,False,45,
2024-07-14,2024-07-13,2024,110,201,57,38,.600,-,-,1,,2,False,-,67
2024-07-14,2024-07-13,2024,147,201,58,39,.598,-,+5.0,2,1,3,False,67,
2024-07-14,2024-07-13,2024,111,201,52,43,.547,5.0,-,3,3,5,False,63,
2024-07-14,2024-07-13,2024,139,201,47,48,.495,10.0,5.0,4,6,9,False,58,
2024-07-14,2024-07-13,2024,141,201,44,52,.458,13.5,8.5,5,9,12,False,54,
2024-07-14,2024-07-13,2024,114,202,58,36,.617,-,-,1,,1,False,-,64
2024-07-14,2024-07-13,2024,142,202,54,41,.568,4.5,+2.0,2,2,4,False,64,
2024-07-14,2024-07-13,2024,118,202,52,44,.542,7.0,0.5,3,4,6,False,61,
2024-07-14,2024-07-13,2024,116,202,46,50,.479,13.0,6.5,4,7,10,False,55,
2024-07-14,2024-07-13,2024,145,202,27,70,.278,32.5,26.0,5,12,15,False,35,
2024-07-14,2024-07-13,2024,136,200,52,45,.536,-,-,1,,7,False,-,66
2024-07-14,2024-07-13,2024,117,200,50,45,.526,1.0,2.0,2,5,8,False,66,
2024-07-14,2024-07-13,2024,140,200,45,50,.474,6.0,7.0,3,8,11,False,61,
2024-07-14,2024-07-13,2024,108,200,40,55,.421,11.0,12.0,4,10,13,False,56,
2024-07-14,2024-07-13,2024,133,200,36,61,.371,16.0,17.0,5,11,14,False,50,
2024-07-14,2024-07-13,2024,143,204,62,33,.653,-,-,1,,1,False,-,59
2024-07-14,2024-07-13,2024,144,204,52,42,.553,9.5,+3.0,2,1,4,False,59,
2024-07-14,2024-07-13,2024,121,204,49,45,.521,12.5,-,3,3,6,False,56,
2024-07-14,2024-07-13,2024,120,204,44,52,.458,18.5,6.0,4,10,13,False,49,
2024-07-14,2024-07-13,2024,146,204,32,63,.337,30.0,17.5,5,12,15,False,38,
2024-07-14,2024-07-13,2024,158,205,54,42,.563,-,-,1,,3,False,-,64
2024-07-14,2024-07-13,2024,138,205,50,45,.526,3.5,+0.5,2,2,5,False,64,
2024-07-14,2024-07-13,2024,134,205,47,48,.495,6.5,2.5,3,6,9,False,61,
2024-07-14,2024-07-13,2024,113,205,47,49,.490,7.0,3.0,4,7,10,False,60,
2024-07-14,2024-07-13,2024,112,205,46,51,.474,8.5,4.5,5,9,12,False,58,
2024-07-14,2024-07-13,2024,119,203,56,40,.583,-,-,1,,2,False,-,60
2024-07-14,2024-07-13,2024,109,203,49,47,.510,7.0,1.0,2,4,7,False,60,
2024-07-14,2024-07-13,2024,135,203,50,48,.510,7.0,1.0,3,5,8,False,59,
2024-07-14,2024-07-13,2024,137,203,46,50,.479,10.0,4.0,4,8,11,False,57,
2024-07-14,2024-07-13,2024,115,203,33,63,.344,23.0,17.0,5,11,14,False,44,
2024-07-19,2024-07-18,2024,110,201,58,38,.604,-,-,1,,2,False,-,65
2024-07-19,2024-07-18,2024,147,201,58,40,.592,1.0,+4.0,2,1,3,False,65,
2024-07-19,2024-07-18,2024,111,201,53,43,.552,5.0,-,3,3,5,False,62,
2024-07-19,2024-07-18,2024,139,201,48,48,.500,10.0,5.0,4,6,9,False,57,
2024-07-19,2024-07-18,2024,141,201,45,52,.464,13.5,8.5,5,9,12,False,53,
2024-07-19,2024-07-18,2024,114,202,58,37,.611,-,-,1,,1,False,-,63
2024-07-19,2024-07-18,2024,142,202,54,42,.563,4.5,+1.0,2,2,4,False,63,
2024-07-19,2024-07-18,2024,118,202,52,45,.536,7.0,1.5,3,4,6,False,60,
2024-07-19,2024-07-18,2024,116,202,47,50,.485,12.0,6.5,4,7,10,False,55,
2024-07-19,2024-07-18,2024,145,202,27,71,.276,32.5,27.0,5,12,15,False,34,
2024-07-19,2024-07-18,2024,136,200,52,46,.531,-,-,1,,7,False,-,65
2024-07-19,2024-07-18,2024,117,200,50,46,.521,1.0,3.0,2,5,8,False,65,
2024-07-19,2024-07-18,2024,140,200,46,50,.479,5.0,7.0,3,8,11,False,61,
2024-07-19,2024-07-18,2024,108,200,41,55,.427,10.0,12.0,4,10,13,False,56,
2024-07-19,2024-07-18,2024,133,200,37,61,.378,15.0,17.0,5,11,14,False,50,
2024-07-19,2024-07-18,2024,143,204,62,34,.646,-,-,1,,1,False,-,59
2024-07-19,2024-07-18,2024,144,204,53,42,.558,8.5,+4.0,2,1,4,False,59,
2024-07-19,2024-07-18,2024,121,204,49,46,.516,12.5,-,3,3,6,False,55,
2024-07-19,2024-07-18,2024,120,204,44,53,.454,18.5,6.0,4,10,13,False,48,
2024-07-19,2024-07-18,2024,146,204,33,63,.344,29.0,16.5,5,12,15,False,38,
2024-07-19,2024-07-18,2024,158,205,55,42,.567,-,-,1,,3,False,-,62
2024-07-19,2024-07-18,2024,138,205,50,46,.521,4.5,+0.5,2,2,5,False,62,
2024-07-19,2024-07-18,2024,134,205,48,48,.500,6.5,1.5,3,6,9,False,60,
2024-07-19,2024-07-18,2024,113,205,47,50,.485,8.0,3.0,4,8,11,False,58,
2024-07-19,2024-07-18,2024,112,205,47,51,.480,8.5,3.5,5,9,12,False,57,
2024-07-19,2024-07-18,2024,119,203,56,41,.577,-,-,1,,2,False,-,59
2024-07-19,2024-07-18,2024,109,203,49,48,.505,7.0,1.0,2,4,7,False,59,
2024-07-19,2024-07-18,2024,135,203,50,49,.505,7.0,1.0,3,5,8,False,58,
2024-07-19,2024-07-18,2024,137,203,47,50,.485,9.0,3.0,4,7,10,False,57,
2024-07-19,2024-07-18,2024,115,203,34,63,.351,22.0,16.0,5,11,14,False,44,
2024-07-20,2024-07-19,2024,110,201,59,38,.608,-,-,1,,2,False,-,64
2024-07-20,2024-07-19,2024,147,201,59,40,.596,1.0,+5.0,2,1,3,False,64,
2024-07-20,2024-07-19,2024,111,201,53,44,.546,6.0,-,3,3,5,False,60,
2024-07-20,2024-07-19,2024,139,201,48,49,.495,11.0,5.0,4,6,9,False,55,
2024-07-20,2024-07-19,2024,141,201,45,53,.459,14.5,8.5,5,9,12,False,51,
2024-07-20,2024-07-19,2024,114,202,59,37,.615,-,-,1,,1,False,-,62
2024-07-20,2024-07-19,2024,142,202,54,42,.563,5.0,+1.5,2,2,4,False,62,
2024-07-20,2024-07-19,2024,118,202,53,45,.541,7.0,0.5,3,4,6,False,59,
2024-07-20,2024-07-19,2024,116,202,48,50,.490,12.0,5.5,4,7,10,False,54,
2024-07-20,2024-07-19,2024,145,202,27,72,.273,33.5,27.0,5,12,15,False,32,
2024-07-20,2024-07-19,2024,117,200,51,46,.526,-,-,1,,7,False,-,65
2024-07-20,2024-07-19,2024,136,200,52,47,.525,-,2.0,2,5,8,False,65,
2024-07-20,2024-07-19,2024,140,200,46,51,.474,5.0,7.0,3,8,11,False,61,
2024-07-20,2024-07-19,2024,108,200,41,56,.423,10.0,12.0,4,10,13,False,56,
2024-07-20,2024-07-19,2024,133,200,38,61,.384,14.0,16.0,5,11,14,False,51,
2024-07-20,2024-07-19,2024,143,204,62,35,.639,-,-,1,,1,False,-,59
2024-07-20,2024-07-19,2024,144,204,53,42,.558,8.0,+4.5,2,1,4,False,59,
2024-07-20,2024-07-19,2024,121,204,49,47,.510,12.5,-,3,3,6,False,54,
2024-07-20,2024-07-19,2024,120,204,45,53,.459,17.5,5.0,4,10,13,False,48,
2024-07-20,2024-07-19,2024,146,204,34,63,.351,28.0,15.5,5,12,15,False,38,
2024-07-20,2024-07-19,2024,158,205,55,42,.567,-,-,1,,3,False,-,62
2024-07-20,2024-07-19,2024,138,205,50,46,.521,4.5,+1.0,2,2,5,False,62,
2024-07-20,2024-07-19,2024,134,205,49,48,.505,6.0,0.5,3,5,8,False,60,
2024-07-20,2024-07-19,2024,113,205,47,51,.480,8.5,3.0,4,8,11,False,57,
2024-07-20,2024-07-19,2024,112,205,47,52,.475,9.0,3.5,5,9,12,False,56,
2024-07-20,2024-07-19,2024,119,203,57,41,.582,-,-,1,,2,False,-,58
2024-07-20,2024-07-19,2024,109,203,50,48,.510,7.0,-,2,4,7,False,58,
2024-07-20,2024-07-19,2024,135,203,50,50,.500,8.0,1.0,3,6,9,False,56,
2024-07-20,2024-07-19,2024,137,203,47,51,.480,10.0,3.0,4,7,10,False,55,
2024-07-20,2024-07-19,2024,115,203,35,63,.357,22.0,15.0,5,11,14,False,43,
2024-07-21,2024-07-20,2024,110,201,60,38,.612,-,-,1,,1,False,-,62
2024-07-21,2024-07-20,2024,147,201,59,41,.590,2.0,+4.5,2,1,3,False,62,
2024-07-21,2024-07-20,2024,111,201,53,45,.541,7.0,0.5,3,4,6,False,58,
2024-07-21,2024-07-20,2024,139,201,49,49,.500,11.0,4.5,4,6,9,False,54,
2024-07-21,2024-07-20,2024,141,201,45,54,.455,15.5,9.0,5,9,12,False,49,
2024-07-21,2024-07-20,2024,114,202,59,38,.608,-,-,1,,2,False,-,61
2024-07-21,2024-07-20,2024,142,202,54,43,.557,5.0,+1.0,2,2,4,False,61,
2024-07-21,2024-07-20,2024,118,202,54,45,.545,6.0,-,3,3,5,False,59,
2024-07-21,2024-07-20,2024,116,202,49,50,.495,11.0,5.0,4,7,10,False,54,
2024-07-21,2024-07-20,2024,145,202,27,73,.270,33.5,27.5,5,12,15,False,31,
2024-07-21,2024-07-20,2024,117,200,52,46,.531,-,-,1,,7,False,-,63
2024-07-21,2024-07-20,2024,136,200,52,48,.520,1.0,2.5,2,5,8,False,63,
2024-07-21,2024-07-20,2024,140,200,46,52,.469,6.0,7.5,3,8,11,False,59,
2024-07-21,2024-07-20,2024,108,200,41,57,.418,11.0,12.5,4,10,13,False,54,
2024-07-21,2024-07-20,2024,133,200,39,61,.390,14.0,15.5,5,11,14,False,50,
2024-07-21,2024-07-20,2024,143,204,62,36,.633,-,-,1,,1,False,-,58
2024-07-21,2024-07-20,2024,144,204,54,43,.557,7.5,+4.0,2,1,4,False,58,
2024-07-21,2024-07-20,2024,121,204,50,47,.515,11.5,-,3,3,6,False,54,
2024-07-21,2024-07-20,2024,120,204,46,53,.465,16.5,5.0,4,10,13,False,48,
2024-07-21,2024-07-20,2024,146,204,34,64,.347,28.0,16.5,5,12,15,False,37,
2024-07-21,2024-07-20,2024,158,205,56,42,.571,-,-,1,,3,False,-,60
2024-07-21,2024-07-20,2024,138,205,51,47,.520,5.0,+0.5,2,2,5,False,60,
2024-07-21,2024-07-20,2024,134,205,50,48,.510,6.0,0.5,3,5,8,False,59,
2024-07-21,2024-07-20,2024,113,205,47,52,.475,9.5,4.0,4,8,11,False,55,
2024-07-21,2024-07-20,2024,112,205,47,53,.470,10.0,4.5,5,9,12,False,54,
2024-07-21,2024-07-20,2024,119,203,58,41,.586,-,-,1,,2,False,-,57
2024-07-21,2024-07-20,2024,109,203,51,48,.515,7.0,-,2,4,7,False,57,
2024-07-21,2024-07-20,2024,135,203,51,50,.505,8.0,1.0,3,6,9,False,55,
2024-07-21,2024-07-20,2024,137,203,47,52,.475,11.0,4.0,4,7,10,False,53,
2024-07-21,2024-07-20,2024,115,203,36,63,.364,22.0,15.0,5,11,14,False,42,
2024-07-22,2024-07-21,2024,110,201,60,39,.606,-,-,1,,1,False,-,61
2024-07-22,2024-07-21,2024,147,201,59,42,.584,2.0,+3.5,2,1,3,False,61,
2024-07-22,2024-07-21,2024,111,201,53,46,.535,7.0,1.5,3,4,6,False,57,
2024-07-22,2024-07-21,2024,139,201,50,49,.505,10.0,4.5,4,6,9,False,54,
2024-07-22,2024-07-21,2024,141,201,46,54,.460,14.5,9.0,5,9,12,False,49,
2024-07-22,2024-07-21,2024,114,202,59,39,.602,-,-,1,,2,False,-,60
2024-07-22,2024-07-21,2024,142,202,54,44,.551,5.0,-,2,2,4,False,60,
2024-07-22,2024-07-21,2024,118,202,55,45,.550,5.0,-,3,3,5,False,59,
2024-07-22,2024-07-21,2024,116,202,49,51,.490,11.0,6.0,4,7,10,False,53,
2024-07-22,2024-07-21,2024,145,202,27,74,.267,33.5,28.5,5,12,15,False,30,
2024-07-22,2024-07-21,2024,117,200,52,47,.525,-,-,1,,7,False,-,63
2024-07-22,2024-07-21,2024,136,200,53,48,.525,-,2.5,2,5,8,False,63,
2024-07-22,2024-07-21,2024,140,200,47,52,.475,5.0,7.5,3,8,11,False,59,
2024-07-22,2024-07-21,2024,108,200,42,57,.424,10.0,12.5,4,10,13,False,54,
2024-07-22,2024-07-21,2024,133,200,39,62,.386,14.0,16.5,5,11,14,False,49,
2024-07-22,2024-07-21,2024,143,204,63,36,.636,-,-,1,,1,False,-,56
2024-07-22,2024-07-21,2024,144,204,54,44,.551,8.5,+4.0,2,1,4,False,56,
2024-07-22,2024-07-21,2024,121,204,50,48,.510,12.5,-,3,3,6,False,52,
2024-07-22,2024-07-21,2024,120,204,47,53,.470,16.5,4.0,4,9,12,False,47,
2024-07-22,2024-07-21,2024,146,204,35,64,.354,28.0,15.5,5,12,15,False,36,
2024-07-22,2024-07-21,2024,158,205,57,42,.576,-,-,1,,3,False,-,59
2024-07-22,2024-07-21,2024,138,205,52,47,.525,5.0,+1.5,2,2,5,False,59,
2024-07-22,2024-07-21,2024,134,205,50,49,.505,7.0,0.5,3,6,9,False,57,
2024-07-22,2024-07-21,2024,112,205,48,53,.475,10.0,3.5,4,8,11,False,53,
2024-07-22,2024-07-21,2024,113,205,47,53,.470,10.5,4.0,5,10,13,False,53,
2024-07-22,2024-07-21,2024,119,203,59,41,.590,-,-,1,,2,False,-,55
2024-07-22,2024-07-21,2024,109,203,51,49,.510,8.0,-,2,4,7,False,55,
2024-07-22,2024-07-21,2024,135,203,52,50,.510,8.0,-,3,5,8,False,54,
2024-07-22,2024-07-21,2024,137,203,48,52,.480,11.0,3.0,4,7,10,False,52,
2024-07-22,2024-07-21,2024,115,203,36,64,.360,23.0,15.0,5,11,14,False,40,
2024-07-23,2024-07-22,2024,110,201,60,39,.606,-,-,1,,1,False,-,61
2024-07-23,2024-07-22,2024,147,201,60,42,.588,1.5,+3.5,2,1,3,False,61,
2024-07-23,2024-07-22,2024,111,201,53,47,.530,7.5,2.5,3,4,6,False,56,
2024-07-23,2024-07-22,2024,139,201,50,50,.500,10.5,5.5,4,6,9,False,53,
2024-07-23,2024-07-22,2024,141,201,46,54,.460,14.5,9.5,5,9,12,False,49,
2024-07-23,2024-07-22,2024,114,202,59,40,.596,-,-,1,,2,False,-,60
2024-07-23,2024-07-22,2024,142,202,55,44,.556,4.0,-,2,2,4,False,60,
2024-07-23,2024-07-22,2024,118,202,56,45,.554,4.0,-,3,3,5,False,59,
2024-07-23,2024-07-22,2024,116,202,50,51,.495,10.0,6.0,4,7,10,False,53,
2024-07-23,2024-07-22,2024,145,202,27,75,.265,33.5,29.5,5,12,15,False,29,
2024-07-23,2024-07-22,2024,117,200,52,48,.520,-,-,1,,7,False,-,62
2024-07-23,2024-07-22,2024,136,200,53,49,.520,-,3.5,2,5,8,False,62,
2024-07-23,2024-07-22,2024,140,200,48,52,.480,4.0,7.5,3,8,11,False,59,
2024-07-23,2024-07-22,2024,108,200,43,57,.430,9.0,12.5,4,10,13,False,54,
2024-07-23,2024-07-22,2024,133,200,40,62,.392,13.0,16.5,5,11,14,False,49,
2024-07-23,2024-07-22,2024,143,204,63,37,.630,-,-,1,,1,False,-,55
2024-07-23,2024-07-22,2024,144,204,54,45,.545,8.5,+3.0,2,1,4,False,55,
2024-07-23,2024-07-22,2024,121,204,51,48,.515,11.5,-,3,3,6,False,52,
2024-07-23,2024-07-22,2024,120,204,47,53,.470,16.0,4.5,4,10,13,False,47,
2024-07-23,2024-07-22,2024,146,204,35,65,.350,28.0,16.5,5,12,15,False,35,
2024-07-23,2024-07-22,2024,158,205,57,43,.570,-,-,1,,3,False,-,58
2024-07-23,2024-07-22,2024,138,205,52,48,.520,5.0,+0.5,2,2,5,False,58,
2024-07-23,2024-07-22,2024,134,205,51,49,.510,6.0,0.5,3,4,7,False,57,
2024-07-23,2024-07-22,2024,112,205,49,53,.480,9.0,3.5,4,7,10,False,53,
2024-07-23,2024-07-22,2024,113,205,48,53,.475,9.5,4.0,5,9,12,False,53,
2024-07-23,2024-07-22,2024,119,203,60,41,.594,-,-,1,,2,False,-,53
2024-07-23,2024-07-22,2024,135,203,52,50,.510,8.5,0.5,2,5,8,False,53,
2024-07-23,2024-07-22,2024,109,203,51,50,.505,9.0,1.0,3,6,9,False,53,
2024-07-23,2024-07-22,2024,137,203,48,53,.475,12.0,4.0,4,8,11,False,50,
2024-07-23,2024-07-22,2024,115,203,37,64,.366,23.0,15.0,5,11,14,False,39,
2024-07-24,2024-07-23,2024,110,201,60,40,.600,-,-,1,,2,False,-,60
2024-07-24,2024-07-23,2024,147,201,60,43,.583,1.5,+3.5,2,1,3,False,60,
2024-07-24,2024-07-23,2024,111,201,54,47,.535,6.5,1.5,3,4,6,False,56,
2024-07-24,2024-07-23,2024,139,201,51,50,.505,9.5,4.5,4,6,9,False,53,
2024-07-24,2024-07-23,2024,141,201,46,55,.455,14.5,9.5,5,9,12,False,48,
2024-07-24,2024-07-23,2024,114,202,60,40,.600,-,-,1,,1,False,-,58
2024-07-24,2024-07-23,2024,142,202,55,45,.550,5.0,-,2,2,4,False,58,
2024-07-24,2024-07-23,2024,118,202,56,46,.549,5.0,-,3,3,5,False,57,
2024-07-24,2024-07-23,2024,116,202,50,52,.490,11.0,6.0,4,7,10,False,51,
2024-07-24,2024-07-23,2024,145,202,27,76,.262,34.5,29.5,5,12,15,False,27,
2024-07-24,2024-07-23,2024,117,200,52,49,.515,-,-,1,,7,False,-,61
2024-07-24,2024-07-23,2024,136,200,53,50,.515,-,3.5,2,5,8,False,61,
2024-07-24,2024-07-23,2024,140,200,49,52,.485,3.0,6.5,3,8,11,False,59,
2024-07-24,2024-07-23,2024,108,200,44,57,.436,8.0,11.5,4,10,13,False,54,
2024-07-24,2024-07-23,2024,133,200,41,62,.398,12.0,15.5,5,11,14,False,49,
2024-07-24,2024-07-23,2024,143,204,64,37,.634,-,-,1,,1,False,-,54
2024-07-24,2024-07-23,2024,144,204,54,45,.545,9.0,+2.5,2,1,4,False,54,
2024-07-24,2024-07-23,2024,121,204,52,48,.520,11.5,-,3,3,6,False,51,
2024-07-24,2024-07-23,2024,120,204,47,54,.465,17.0,5.5,4,10,13,False,45,
2024-07-24,2024-07-23,2024,146,204,36,65,.356,28.0,16.5,5,12,15,False,34,
2024-07-24,2024-07-23,2024,158,205,58,43,.574,-,-,1,,3,False,-,57
2024-07-24,2024-07-23,2024,138,205,53,48,.525,5.0,+0.5,2,2,5,False,57,
2024-07-24,2024-07-23,2024,134,205,51,50,.505,7.0,1.5,3,6,9,False,55,
2024-07-24,2024-07-23,2024,112,205,49,54,.476,10.0,4.5,4,7,10,False,51,
2024-07-24,2024-07-23,2024,113,205,48,53,.475,10.0,4.5,5,8,11,False,52,
2024-07-24,2024-07-23,2024,119,203,61,41,.598,-,-,1,,2,False,-,52
2024-07-24,2024-07-23,2024,135,203,53,50,.515,8.5,0.5,2,4,7,False,52,
2024-07-24,2024-07-23,2024,109,203,52,50,.510,9.0,1.0,3,5,8,False,52,
2024-07-24,2024-07-23,2024,137,203,48,54,.471,13.0,5.0,4,9,12,False,48,
2024-07-24,2024-07-23,2024,115,203,37,65,.363,24.0,16.0,5,11,14,False,37,
2024-07-25,2024-07-24,2024,110,201,60,41,.594,-,-,1,,2,False,-,59
2024-07-25,2024-07-24,2024,147,201,60,44,.577,1.5,+3.5,2,1,3,False,59,
2024-07-25,2024-07-24,2024,111,201,54,48,.529,6.5,1.5,3,4,6,False,55,
2024-07-25,2024-07-24,2024,139,201,51,51,.500,9.5,4.5,4,6,9,False,52,
2024-07-25,2024-07-24,2024,141,201,47,55,.461,13.5,8.5,5,9,12,False,48,
2024-07-25,2024-07-24,2024,114,202,61,40,.604,-,-,1,,1,False,-,57
2024-07-25,2024-07-24,2024,142,202,56,45,.554,5.0,+1.0,2,2,4,False,57,
2024-07-25,2024-07-24,2024,118,202,56,47,.544,6.0,-,3,3,5,False,55,
2024-07-25,2024-07-24,2024,116,202,50,53,.485,12.0,6.0,4,8,11,False,49,
2024-07-25,2024-07-24,2024,145,202,27,77,.260,35.5,29.5,5,12,15,False,25,
2024-07-25,2024-07-24,2024,117,200,53,49,.520,-,-,1,,7,False,-,59
2024-07-25,2024-07-24,2024,136,200,53,51,.510,1.0,3.5,2,5,8,False,59,
2024-07-25,2024-07-24,2024,140,200,50,52,.490,3.0,5.5,3,7,10,False,58,
2024-07-25,2024-07-24,2024,108,200,45,57,.441,8.0,10.5,4,10,13,False,53,
2024-07-25,2024-07-24,2024,133,200,41,63,.394,13.0,15.5,5,11,14,False,47,
2024-07-25,2024-07-24,2024,143,204,64,38,.627,-,-,1,,1,False,-,53
2024-07-25,2024-07-24,2024,144,204,54,46,.540,9.0,+2.0,2,1,4,False,53,
2024-07-25,2024-07-24,2024,121,204,53,48,.525,10.5,+0.5,3,2,5,False,51,
2024-07-25,2024-07-24,2024,120,204,47,55,.461,17.0,6.0,4,10,13,False,44,
2024-07-25,2024-07-24,2024,146,204,37,65,.363,27.0,16.0,5,12,15,False,34,
2024-07-25,2024-07-24,2024,158,205,59,43,.578,-,-,1,,3,False,-,55
2024-07-25,2024-07-24,2024,138,205,53,49,.520,6.0,-,2,3,6,False,55,
2024-07-25,2024-07-24,2024,134,205,52,50,.510,7.0,1.0,3,6,9,False,54,
2024-07-25,2024-07-24,2024,113,205,49,53,.480,10.0,4.0,4,7,10,False,51,
2024-07-25,2024-07-24,2024,112,205,49,55,.471,11.0,5.0,5,9,12,False,49,
2024-07-25,2024-07-24,2024,119,203,61,42,.592,-,-,1,,2,False,-,52
2024-07-25,2024-07-24,2024,135,203,54,50,.519,7.5,-,2,4,7,False,52,
2024-07-25,2024-07-24,2024,109,203,53,50,.515,8.0,0.5,3,5,8,False,52,
2024-07-25,2024-07-24,2024,137,203,49,54,.476,12.0,4.5,4,8,11,False,48,
2024-07-25,2024-07-24,2024,115,203,38,65,.369,23.0,15.5,5,11,14,False,37,
2024-07-26,2024-07-25,2024,110,201,61,41,.598,-,-,1,,2,False,-,58
2024-07-26,2024-07-25,2024,147,201,60,44,.577,2.0,+3.5,2,1,3,False,58,
2024-07-26,2024-07-25,2024,111,201,54,48,.529,7.0,1.5,3,4,6,False,54,
2024-07-26,2024-07-25,2024,139,201,52,51,.505,9.5,4.0,4,6,9,False,51,
2024-07-26,2024-07-25,2024,141,201,47,56,.456,14.5,9.0,5,9,12,False,46,
2024-07-26,2024-07-25,2024,114,202,61,41,.598,-,-,1,,1,False,-,57
2024-07-26,2024-07-25,2024,142,202,56,45,.554,4.5,+1.0,2,2,4,False,57,
2024-07-26,2024-07-25,2024,118,202,56,47,.544,5.5,-,3,3,5,False,55,
2024-07-26,2024-07-25,2024,116,202,51,53,.490,11.0,5.5,4,8,11,False,49,
2024-07-26,2024-07-25,2024,145,202,27,78,.257,35.5,30.0,5,12,15,False,24,
2024-07-26,2024-07-25,2024,117,200,53,49,.520,-,-,1,,7,False,-,59
2024-07-26,2024-07-25,2024,136,200,53,51,.510,1.0,3.5,2,5,8,False,59,
2024-07-26,2024-07-25,2024,140,200,51,52,.495,2.5,5.0,3,7,10,False,58,
2024-07-26,2024-07-25,2024,108,200,45,58,.437,8.5,11.0,4,10,13,False,52,
2024-07-26,2024-07-25,2024,133,200,42,63,.400,12.5,15.0,5,11,14,False,47,
2024-07-26,2024-07-25,2024,143,204,64,38,.627,-,-,1,,1,False,-,52
2024-07-26,2024-07-25,2024,144,204,54,47,.535,9.5,+1.0,2,1,4,False,52,
2024-07-26,2024-07-25,2024,121,204,54,48,.529,10.0,+0.5,3,2,5,False,51,
2024-07-26,2024-07-25,2024,120,204,47,56,.456,17.5,7.0,4,10,13,False,43,
2024-07-26,2024-07-25,2024,146,204,37,66,.359,27.5,17.0,5,12,15,False,33,
2024-07-26,2024-07-25,2024,158,205,59,43,.578,-,-,1,,3,False,-,55
2024-07-26,2024-07-25,2024,138,205,53,49,.520,6.0,0.5,2,4,7,False,55,
2024-07-26,2024-07-25,2024,134,205,52,50,.510,7.0,1.5,3,6,9,False,54,
2024-07-26,2024-07-25,2024,113,205,49,53,.480,10.0,4.5,4,7,10,False,51,
2024-07-26,2024-07-25,2024,112,205,49,55,.471,11.0,5.5,5,9,12,False,49,
2024-07-26,2024-07-25,2024,119,203,62,42,.596,-,-,1,,2,False,-,51
2024-07-26,2024-07-25,2024,135,203,55,50,.524,7.5,-,2,3,6,False,51,
2024-07-26,2024-07-25,2024,109,203,53,50,.515,8.5,1.0,3,5,8,False,51,
2024-07-26,2024-07-25,2024,137,203,49,55,.471,13.0,5.5,4,8,11,False,46,
2024-07-26,2024-07-25,2024,115,203,38,65,.369,23.5,16.0,5,11,14,False,36,
2024-07-27,2024-07-26,2024,110,201,61,42,.592,-,-,1,,2,False,-,57
2024-07-27,2024-07-26,2024,147,201,60,45,.571,2.0,+2.5,2,1,3,False,57,
2024-07-27,2024-07-26,2024,111,201,55,48,.534,6.0,1.5,3,4,6,False,54,
2024-07-27,2024-07-26,2024,139,201,52,52,.500,9.5,5.0,4,6,9,False,50,
2024-07-27,2024-07-26,2024,141,201,48,56,.462,13.5,9.0,5,9,12,False,46,
2024-07-27,2024-07-26,2024,114,202,62,41,.602,-,-,1,,1,False,-,56
2024-07-27,2024-07-26,2024,142,202,57,45,.559,4.5,+1.0,2,2,4,False,56,
2024-07-27,2024-07-26,2024,118,202,57,47,.548,5.5,-,3,3,5,False,54,
2024-07-27,2024-07-26,2024,116,202,51,54,.486,12.0,6.5,4,8,11,False,47,
2024-07-27,2024-07-26,2024,145,202,27,79,.255,36.5,31.0,5,12,15,False,22,
2024-07-27,2024-07-26,2024,117,200,54,49,.524,-,-,1,,7,False,-,58
2024-07-27,2024-07-26,2024,136,200,54,51,.514,1.0,3.5,2,5,8,False,58,
2024-07-27,2024-07-26,2024,140,200,51,53,.490,3.5,6.0,3,7,10,False,56,
2024-07-27,2024-07-26,2024,108,200,45,59,.433,9.5,12.0,4,10,13,False,50,
2024-07-27,2024-07-26,2024,133,200,43,63,.406,12.5,15.0,5,11,14,False,46,
2024-07-27,2024-07-26,2024,143,204,64,39,.621,-,-,1,,1,False,-,51
2024-07-27,2024-07-26,2024,121,204,55,48,.534,9.0,+0.5,2,1,4,False,51,
2024-07-27,2024-07-26,2024,144,204,54,48,.529,9.5,-,3,2,5,False,51,
2024-07-27,2024-07-26,2024,120,204,48,56,.462,16.5,7.0,4,10,13,False,43,
2024-07-27,2024-07-26,2024,146,204,38,66,.365,26.5,17.0,5,11,14,False,33,
2024-07-27,2024-07-26,2024,158,205,59,44,.573,-,-,1,,3,False,-,54
2024-07-27,2024-07-26,2024,138,205,53,50,.515,6.0,1.5,2,5,8,False,54,
2024-07-27,2024-07-26,2024,134,205,52,51,.505,7.0,2.5,3,6,9,False,53,
2024-07-27,2024-07-26,2024,113,205,50,53,.485,9.0,4.5,4,7,10,False,51,
2024-07-27,2024-07-26,2024,112,205,49,56,.467,11.0,6.5,5,9,12,False,48,
2024-07-27,2024-07-26,2024,119,203,62,43,.590,-,-,1,,2,False,-,51
2024-07-27,2024-07-26,2024,135,203,56,50,.528,6.5,-,2,3,6,False,51,
2024-07-27,2024-07-26,2024,109,203,54,50,.519,7.5,1.0,3,4,7,False,51,
2024-07-27,2024-07-26,2024,137,203,50,55,.476,12.0,5.5,4,8,11,False,46,
2024-07-27,2024-07-26,2024,115,203,38,66,.365,23.5,17.0,5,12,15,False,35,
2024-07-28,2024-07-27,2024,110,201,61,43,.587,-,-,1,,2,False,-,57
2024-07-28,2024-07-27,2024,147,201,61,45,.575,1.0,+3.5,2,1,3,False,57,
2024-07-28,2024-07-27,2024,111,201,55,49,.529,6.0,1.5,3,4,7,False,53,
2024-07-28,2024-07-27,2024,139,201,53,52,.505,8.5,4.0,4,6,9,False,50,
2024-07-28,2024-07-27,2024,141,201,49,56,.467,12.5,8.0,5,9,12,False,46,
2024-07-28,2024-07-27,2024,114,202,62,42,.596,-,-,1,,1,False,-,55
2024-07-28,2024-07-27,2024,142,202,57,46,.553,4.5,+1.0,2,2,4,False,55,
2024-07-28,2024-07-27,2024,118,202,57,48,.543,5.5,-,3,3,5,False,53,
2024-07-28,2024-07-27,2024,116,202,52,54,.491,11.0,5.5,4,7,10,False,47,
2024-07-28,2024-07-27,2024,145,202,27,80,.252,36.5,31.0,5,12,15,False,21,
2024-07-28,2024-07-27,2024,117,200,55,49,.529,-,-,1,,6,False,-,57
2024-07-28,2024-07-27,2024,136,200,55,51,.519,1.0,2.5,2,5,8,False,57,
2024-07-28,2024-07-27,2024,140,200,51,54,.486,4.5,6.0,3,8,11,False,54,
2024-07-28,2024-07-27,2024,108,200,45,60,.429,10.5,12.0,4,10,13,False,48,
2024-07-28,2024-07-27,2024,133,200,44,63,.411,12.5,14.0,5,11,14,False,45,
2024-07-28,2024-07-27,2024,143,204,65,39,.625,-,-,1,,1,False,-,50
2024-07-28,2024-07-27,2024,144,204,55,48,.534,9.5,+0.5,2,1,4,False,50,
2024-07-28,2024-07-27,2024,121,204,55,49,.529,10.0,-,3,3,6,False,49,
2024-07-28,2024-07-27,2024,120,204,49,56,.467,16.5,6.5,4,10,13,False,42,
2024-07-28,2024-07-27,2024,146,204,39,66,.371,26.5,16.5,5,11,14,False,32,
2024-07-28,2024-07-27,2024,158,205,59,45,.567,-,-,1,,3,False,-,53
2024-07-28,2024-07-27,2024,138,205,53,51,.510,6.0,2.0,2,5,8,False,53,
2024-07-28,2024-07-27,2024,134,205,52,52,.500,7.0,3.0,3,6,9,False,52,
2024-07-28,2024-07-27,2024,113,205,50,54,.481,9.0,5.0,4,8,11,False,50,
2024-07-28,2024-07-27,2024,112,205,50,56,.472,10.0,6.0,5,9,12,False,48,
2024-07-28,2024-07-27,2024,119,203,62,44,.585,-,-,1,,2,False,-,51
2024-07-28,2024-07-27,2024,135,203,57,50,.533,5.5,+0.5,2,2,5,False,51,
2024-07-28,2024-07-27,2024,109,203,55,50,.524,6.5,0.5,3,4,7,False,51,
2024-07-28,2024-07-27,2024,137,203,52,55,.486,10.5,4.5,4,7,10,False,46,
2024-07-28,2024-07-27,2024,115,203,38,68,.358,24.0,18.0,5,12,15,False,33,
2024-07-29,2024-07-28,2024,110,201,62,43,.590,-,-,1,,2,False,-,56
2024-07-29,2024-07-28,2024,147,201,62,45,.579,1.0,+4.5,2,1,3,False,56,
2024-07-29,2024-07-28,2024,111,201,55,50,.524,7.0,1.5,3,4,7,False,51,
2024-07-29,2024-07-28,2024,139,201,54,52,.509,8.5,3.0,4,6,9,False,49,
2024-07-29,2024-07-28,2024,141,201,50,56,.472,12.5,7.0,5,9,12,False,45,
2024-07-29,2024-07-28,2024,114,202,63,42,.600,-,-,1,,1,False,-,54
2024-07-29,2024-07-28,2024,142,202,58,46,.558,4.5,+2.0,2,2,4,False,54,
2024-07-29,2024-07-28,2024,118,202,57,49,.538,6.5,-,3,3,5,False,51,
2024-07-29,2024-07-28,2024,116,202,52,55,.486,12.0,5.5,4,7,10,False,45,
2024-07-29,2024-07-28,2024,145,202,27,81,.250,37.5,31.0,5,12,15,False,19,
2024-07-29,2024-07-28,2024,117,200,55,50,.524,-,-,1,,6,False,-,57
2024-07-29,2024-07-28,2024,136,200,56,51,.523,-,1.5,2,5,8,False,57,
2024-07-29,2024-07-28,2024,140,200,51,55,.481,4.5,6.0,3,8,11,False,53,
2024-07-29,2024-07-28,2024,108,200,46,60,.434,9.5,11.0,4,10,13,False,48,
2024-07-29,2024-07-28,2024,133,200,44,64,.407,12.5,14.0,5,11,14,False,44,
2024-07-29,2024-07-28,2024,143,204,65,40,.619,-,-,1,,1,False,-,50
2024-07-29,2024-07-28,2024,144,204,56,48,.538,8.5,+1.5,2,1,4,False,50,
2024-07-29,2024-07-28,2024,121,204,55,50,.524,10.0,-,3,3,6,False,48,
2024-07-29,2024-07-28,2024,120,204,49,57,.462,16.5,6.5,4,10,13,False,41,
2024-07-29,2024-07-28,2024,146,204,39,67,.368,26.5,16.5,5,11,14,False,31,
2024-07-29,2024-07-28,2024,158,205,60,45,.571,-,-,1,,3,False,-,52
2024-07-29,2024-07-28,2024,138,205,54,51,.514,6.0,1.0,2,5,8,False,52,
2024-07-29,2024-07-28,2024,134,205,53,52,.505,7.0,2.0,3,6,9,False,51,
2024-07-29,2024-07-28,2024,112,205,51,56,.477,10.0,5.0,4,8,11,False,47,
2024-07-29,2024-07-28,2024,113,205,50,55,.476,10.0,5.0,5,9,12,False,48,
2024-07-29,2024-07-28,2024,119,203,63,44,.589,-,-,1,,2,False,-,49
2024-07-29,2024-07-28,2024,135,203,57,51,.528,6.5,+0.5,2,2,5,False,49,
2024-07-29,2024-07-28,2024,109,203,55,51,.519,7.5,0.5,3,4,7,False,49,
2024-07-29,2024-07-28,2024,137,203,53,55,.491,10.5,3.5,4,7,10,False,45,
2024-07-29,2024-07-28,2024,115,203,38,69,.355,25.0,18.0,5,12,15,False,31,
2024-07-30,2024-07-29,2024,110,201,63,44,.589,-,-,1,,2,False,-,55
2024-07-30,2024-07-29,2024,147,201,63,45,.583,0.5,+4.5,2,1,3,False,55,
2024-07-30,2024-07-29,2024,111,201,56,50,.528,6.5,1.5,3,4,6,False,50,
2024-07-30,2024-07-29,2024,139,201,54,52,.509,8.5,3.5,4,6,9,False,48,
2024-07-30,2024-07-29,2024,141,201,51,57,.472,12.5,7.5,5,9,12,False,43,
2024-07-30,2024-07-29,2024,114,202,64,42,.604,-,-,1,,1,False,-,52
2024-07-30,2024-07-29,2024,142,202,58,47,.552,5.5,+1.0,2,2,4,False,52,
2024-07-30,2024-07-29,2024,118,202,58,49,.542,6.5,-,3,3,5,False,50,
2024-07-30,2024-07-29,2024,116,202,52,56,.481,13.0,6.5,4,8,11,False,43,
2024-07-30,2024-07-29,2024,145,202,27,82,.248,38.5,32.0,5,12,15,False,17,
2024-07-30,2024-07-29,2024,117,200,55,51,.519,-,-,1,,7,False,-,56
2024-07-30,2024-07-29,2024,136,200,56,52,.519,-,2.5,2,5,8,False,56,
2024-07-30,2024-07-29,2024,140,200,52,55,.486,3.5,6.0,3,7,10,False,53,
2024-07-30,2024-07-29,2024,108,200,46,60,.434,9.0,11.5,4,10,13,False,48,
2024-07-30,2024-07-29,2024,133,200,44,64,.407,12.0,14.5,5,11,14,False,44,
2024-07-30,2024-07-29,2024,143,204,65,41,.613,-,-,1,,1,False,-,49
2024-07-30,2024-07-29,2024,144,204,56,49,.533,8.5,+0.5,2,1,4,False,49,
2024-07-30,2024-07-29,2024,121,204,56,50,.528,9.0,-,3,2,5,False,48,
2024-07-30,2024-07-29,2024,120,204,49,58,.458,16.5,7.5,4,10,13,False,40,
2024-07-30,2024-07-29,2024,146,204,39,67,.368,26.0,17.0,5,11,14,False,31,
2024-07-30,2024-07-29,2024,158,205,61,45,.575,-,-,1,,3,False,-,50
2024-07-30,2024-07-29,2024,138,205,54,52,.509,7.0,2.0,2,5,8,False,50,
2024-07-30,2024-07-29,2024,134,205,54,52,.509,7.0,2.0,3,6,9,False,50,
2024-07-30,2024-07-29,2024,113,205,51,55,.481,10.0,5.0,4,8,11,False,47,
2024-07-30,2024-07-29,2024,112,205,51,57,.472,11.0,6.0,5,9,12,False,45,
2024-07-30,2024-07-29,2024,119,203,63,44,.589,-,-,1,,2,False,-,49
2024-07-30,2024-07-29,2024,135,203,57,51,.528,6.5,-,2,3,6,False,49,
2024-07-30,2024-07-29,2024,109,203,56,51,.523,7.0,0.5,3,4,7,False,49,
2024-07-30,2024-07-29,2024,137,203,53,55,.491,10.5,4.0,4,7,10,False,45,
2024-07-30,2024-07-29,2024,115,203,38,69,.355,25.0,18.5,5,12,15,False,31,
2024-07-31,2024-07-30,2024,110,201,64,44,.593,-,-,1,,2,False,-,54
2024-07-31,2024-07-30,2024,147,201,64,45,.587,0.5,+4.5,2,1,3,False,54,
2024-07-31,2024-07-30,2024,111,201,56,51,.523,7.5,2.5,3,4,6,False,48,
2024-07-31,2024-07-30,2024,139,201,55,52,.514,8.5,3.5,4,6,9,False,47,
2024-07-31,2024-07-30,2024,141,201,51,58,.468,13.5,8.5,5,9,12,False,41,
2024-07-31,2024-07-30,2024,114,202,65,42,.607,-,-,1,,1,False,-,50
2024-07-31,2024-07-30,2024,142,202,58,48,.547,6.5,-,2,2,4,False,50,
2024-07-31,2024-07-30,2024,118,202,59,49,.546,6.5,-,3,3,5,False,49,
2024-07-31,2024-07-30,2024,116,202,52,57,.477,14.0,7.5,4,8,11,False,41,
2024-07-31,2024-07-30,2024,145,202,27,83,.245,39.5,33.0,5,12,15,False,15,
2024-07-31,2024-07-30,2024,136,200,57,52,.523,-,-,1,,7,False,-,54
2024-07-31,2024-07-30,2024,117,200,55,52,.514,1.0,3.5,2,5,8,False,54,
2024-07-31,2024-07-30,2024,140,200,52,56,.481,4.5,7.0,3,7,10,False,50,
2024-07-31,2024-07-30,2024,108,200,47,60,.439,9.0,11.5,4,10,13,False,46,
2024-07-31,2024-07-30,2024,133,200,45,64,.413,12.0,14.5,5,11,14,False,42,
2024-07-31,2024-07-30,2024,143,204,65,42,.607,-,-,1,,1,False,-,49
2024-07-31,2024-07-30,2024,144,204,57,49,.538,7.5,+0.5,2,1,4,False,49,
2024-07-31,2024-07-30,2024,121,204,57,50,.533,8.0,-,3,2,5,False,48,
2024-07-31,2024-07-30,2024,120,204,49,59,.454,16.5,8.5,4,10,13,False,39,
2024-07-31,2024-07-30,2024,146,204,39,68,.364,26.0,18.0,5,11,14,False,30,
2024-07-31,2024-07-30,2024,158,205,61,46,.570,-,-,1,,3,False,-,50
2024-07-31,2024-07-30,2024,138,205,55,52,.514,6.0,2.0,2,5,8,False,50,
2024-07-31,2024-07-30,2024,134,205,55,52,.514,6.0,2.0,3,6,9,False,50,
2024-07-31,2024-07-30,2024,113,205,52,55,.486,9.0,5.0,4,8,11,False,47,
2024-07-31,2024-07-30,2024,112,205,51,58,.468,11.0,7.0,5,9,12,False,44,
2024-07-31,2024-07-30,2024,119,203,63,45,.583,-,-,1,,2,False,-,49
2024-07-31,2024-07-30,2024,135,203,58,51,.532,5.5,-,2,3,6,False,49,
2024-07-31,2024-07-30,2024,109,203,57,51,.528,6.0,0.5,3,4,7,False,49,
2024-07-31,2024-07-30,2024,137,203,53,56,.486,10.5,5.0,4,7,10,False,44,
2024-07-31,2024-07-30,2024,115,203,38,70,.352,25.0,19.5,5,12,15,False,30,
2024-08-01,2024-07-31,2024,110,201,65,44,.596,-,-,1,,2,False,-,53
2024-08-01,2024-07-31,2024,147,201,65,45,.591,0.5,+4.5,2,1,3,False,53,
2024-08-01,2024-07-31,2024,111,201,57,51,.528,7.5,2.5,3,4,6,False,47,
2024-08-01,2024-07-31,2024,139,201,55,53,.509,9.5,4.5,4,6,9,False,45,
2024-08-01,2024-07-31,2024,141,201,51,59,.464,14.5,9.5,5,9,12,False,39,
2024-08-01,2024-07-31,2024,114,202,65,42,.607,-,-,1,,1,False,-,50
2024-08-01,2024-07-31,2024,142,202,59,48,.551,6.0,-,2,2,4,False,50,
2024-08-01,2024-07-31,2024,118,202,60,49,.550,6.0,-,3,3,5,False,49,
2024-08-01,2024-07-31,2024,116,202,52,57,.477,14.0,8.0,4,8,11,False,41,
2024-08-01,2024-07-31,2024,145,202,27,84,.243,40.0,34.0,5,12,15,False,14,
2024-08-01,2024-07-31,2024,117,200,56,52,.519,-,-,1,,7,False,-,54
2024-08-01,2024-07-31,2024,136,200,57,53,.518,-,3.5,2,5,8,False,54,
2024-08-01,2024-07-31,2024,140,200,52,57,.477,4.5,8.0,3,7,10,False,50,
2024-08-01,2024-07-31,2024,108,200,47,61,.435,9.0,12.5,4,10,13,False,46,
2024-08-01,2024-07-31,2024,133,200,45,65,.409,12.0,15.5,5,11,14,False,42,
2024-08-01,2024-07-31,2024,143,204,65,43,.602,-,-,1,,1,False,-,49
2024-08-01,2024-07-31,2024,144,204,58,49,.542,6.5,+1.0,2,1,4,False,49,
2024-08-01,2024-07-31,2024,121,204,57,51,.528,8.0,0.5,3,4,7,False,47,
2024-08-01,2024-07-31,2024,120,204,49,60,.450,16.5,9.0,4,10,13,False,38,
2024-08-01,2024-07-31,2024,146,204,40,68,.370,25.0,17.5,5,11,14,False,30,
2024-08-01,2024-07-31,2024,158,205,61,47,.565,-,-,1,,3,False,-,50
2024-08-01,2024-07-31,2024,138,205,56,52,.519,5.0,1.5,2,5,8,False,50,
2024-08-01,2024-07-31,2024,134,205,55,53,.509,6.0,2.5,3,6,9,False,49,
2024-08-01,2024-07-31,2024,113,205,52,56,.481,9.0,5.5,4,8,11,False,46,
2024-08-01,2024-07-31,2024,112,205,52,58,.473,10.0,6.5,5,9,12,False,44,
2024-08-01,2024-07-31,2024,119,203,63,46,.578,-,-,1,,2,False,-,49
2024-08-01,2024-07-31,2024,135,203,59,51,.536,4.5,+0.5,2,2,5,False,49,
2024-08-01,2024-07-31,2024,109,203,58,51,.532,5.0,-,3,3,6,False,49,
2024-08-01,2024-07-31,2024,137,203,54,56,.491,9.5,4.5,4,7,10,False,44,
2024-08-01,2024-07-31,2024,115,203,39,70,.358,24.0,19.0,5,12,15,False,30,
2024-08-02,2024-08-01,2024,110,201,65,45,.591,-,-,1,,2,False,-,47
2024-08-02,2024-08-01,2024,147,201,65,45,.591,-,+4.5,2,1,3,False,-,
2024-08-02,2024-08-01,2024,111,201,57,51,.528,7.0,2.5,3,4,6,False,47,
2024-08-02,2024-08-01,2024,139,201,55,53,.509,9.0,4.5,4,6,9,False,45,
2024-08-02,2024-08-01,2024,141,201,51,59,.464,14.0,9.5,5,9,12,False,39,
2024-08-02,2024-08-01,2024,114,202,66,42,.611,-,-,1,,1,False,-,48
2024-08-02,2024-08-01,2024,118,202,61,49,.555,6.0,+0.5,2,2,4,False,48,
2024-08-02,2024-08-01,2024,142,202,59,48,.551,6.5,-,3,3,5,False,49,
2024-08-02,2024-08-01,2024,116,202,52,58,.473,15.0,8.5,4,8,11,False,39,
2024-08-02,2024-08-01,2024,145,202,27,84,.243,40.5,34.0,5,12,15,False,13,
2024-08-02,2024-08-01,2024,117,200,56,52,.519,-,-,1,,7,False,-,54
2024-08-02,2024-08-01,2024,136,200,57,53,.518,-,3.5,2,5,8,False,54,
2024-08-02,2024-08-01,2024,140,200,52,57,.477,4.5,8.0,3,7,10,False,50,
2024-08-02,2024-08-01,2024,108,200,47,62,.431,9.5,13.0,4,10,13,False,45,
2024-08-02,2024-08-01,2024,133,200,45,65,.409,12.0,15.5,5,11,14,False,42,
2024-08-02,2024-08-01,2024,143,204,65,43,.602,-,-,1,,1,False,-,49
2024-08-02,2024-08-01,2024,144,204,59,49,.546,6.0,+1.5,2,1,4,False,49,
2024-08-02,2024-08-01,2024,121,204,57,51,.528,8.0,0.5,3,4,7,False,47,
2024-08-02,2024-08-01,2024,120,204,49,60,.450,16.5,9.0,4,10,13,False,38,
2024-08-02,2024-08-01,2024,146,204,40,69,.367,25.5,18.0,5,11,14,False,29,
2024-08-02,2024-08-01,2024,158,205,61,47,.565,-,-,1,,3,False,-,49
2024-08-02,2024-08-01,2024,138,205,56,53,.514,5.5,2.0,2,5,8,False,49,
2024-08-02,2024-08-01,2024,134,205,55,53,.509,6.0,2.5,3,6,9,False,49,
2024-08-02,2024-08-01,2024,113,205,52,56,.481,9.0,5.5,4,8,11,False,46,
2024-08-02,2024-08-01,2024,112,205,53,58,.477,9.5,6.0,5,9,12,False,44,
2024-08-02,2024-08-01,2024,119,203,63,46,.578,-,-,1,,2,False,-,49
2024-08-02,2024-08-01,2024,135,203,59,51,.536,4.5,+0.5,2,2,5,False,49,
2024-08-02,2024-08-01,2024,109,203,58,51,.532,5.0,-,3,3,6,False,49,
2024-08-02,2024-08-01,2024,137,203,54,56,.491,9.5,4.5,4,7,10,False,44,
2024-08-02,2024-08-01,2024,115,203,40,70,.364,23.5,18.5,5,12,15,False,30,
2024-08-03,2024-08-02,2024,110,201,65,46,.586,-,-,1,,2,False,-,47
2024-08-03,2024-08-02,2024,147,201,65,46,.586,-,+3.5,2,1,3,False,-,
2024-08-03,2024-08-02,2024,111,201,58,51,.532,6.0,2.5,3,4,6,False,47,
2024-08-03,2024-08-02,2024,139,201,55,54,.505,9.0,5.5,4,6,9,False,44,
2024-08-03,2024-08-02,2024,141,201,52,59,.468,13.0,9.5,5,9,12,False,39,
2024-08-03,2024-08-02,2024,114,202,67,42,.615,-,-,1,,1,False,-,47
2024-08-03,2024-08-02,2024,118,202,62,49,.559,6.0,+0.5,2,2,4,False,47,
2024-08-03,2024-08-02,2024,142,202,60,48,.556,6.5,-,3,3,5,False,48,
2024-08-03,2024-08-02,2024,116,202,52,59,.468,16.0,9.5,4,8,11,False,37,
2024-08-03,2024-08-02,2024,145,202,27,85,.241,41.5,35.0,5,12,15,False,11,
2024-08-03,2024-08-02,2024,117,200,57,52,.523,-,-,1,,7,False,-,53
2024-08-03,2024-08-02,2024,136,200,58,53,.523,-,3.5,2,5,8,False,53,
2024-08-03,2024-08-02,2024,140,200,52,58,.473,5.5,9.0,3,7,10,False,48,
2024-08-03,2024-08-02,2024,108,200,47,63,.427,10.5,14.0,4,10,13,False,43,
2024-08-03,2024-08-02,2024,133,200,46,65,.414,12.0,15.5,5,11,14,False,41,
2024-08-03,2024-08-02,2024,143,204,65,44,.596,-,-,1,,1,False,-,49
2024-08-03,2024-08-02,2024,144,204,60,49,.550,5.0,+2.0,2,1,4,False,49,
2024-08-03,2024-08-02,2024,121,204,58,51,.532,7.0,-,3,3,6,False,47,
2024-08-03,2024-08-02,2024,120,204,49,61,.445,16.5,9.5,4,10,13,False,37,
2024-08-03,2024-08-02,2024,146,204,40,70,.364,25.5,18.5,5,12,15,False,28,
2024-08-03,2024-08-02,2024,158,205,62,47,.569,-,-,1,,3,False,-,47
2024-08-03,2024-08-02,2024,138,205,56,54,.509,6.5,2.5,2,5,8,False,47,
2024-08-03,2024-08-02,2024,134,205,55,54,.505,7.0,3.0,3,6,9,False,47,
2024-08-03,2024-08-02,2024,112,205,54,58,.482,9.5,5.5,4,8,11,False,43,
2024-08-03,2024-08-02,2024,113,205,52,57,.477,10.0,6.0,5,9,12,False,44,
2024-08-03,2024-08-02,2024,119,203,63,47,.573,-,-,1,,2,False,-,49
2024-08-03,2024-08-02,2024,109,203,59,51,.536,4.0,+0.5,2,2,5,False,49,
2024-08-03,2024-08-02,2024,135,203,59,52,.532,4.5,-,3,4,7,False,48,
2024-08-03,2024-08-02,2024,137,203,55,56,.495,8.5,4.0,4,7,10,False,44,
2024-08-03,2024-08-02,2024,115,203,41,70,.369,22.5,18.0,5,11,14,False,30,
2024-08-04,2024-08-03,2024,110,201,66,46,.589,-,-,1,,2,False,-,45
2024-08-04,2024-08-03,2024,147,201,66,46,.589,-,+4.0,2,1,3,False,-,
2024-08-04,2024-08-03,2024,111,201,58,52,.527,7.0,3.0,3,4,6,False,45,
2024-08-04,2024-08-03,2024,139,201,56,54,.509,9.0,5.0,4,6,9,False,43,
2024-08-04,2024-08-03,2024,141,201,52,60,.464,14.0,10.0,5,9,12,False,37,
2024-08-04,2024-08-03,2024,114,202,67,43,.609,-,-,1,,1,False,-,48
2024-08-04,2024-08-03,2024,142,202,61,48,.560,5.5,+0.5,2,2,4,False,48,
2024-08-04,2024-08-03,2024,118,202,62,50,.554,6.0,-,3,3,5,False,46,
2024-08-04,2024-08-03,2024,116,202,53,59,.473,15.0,9.0,4,8,11,False,37,
2024-08-04,2024-08-03,2024,145,202,27,86,.239,41.5,35.5,5,12,15,False,10,
2024-08-04,2024-08-03,2024,136,200,59,53,.527,-,-,1,,7,False,-,51
2024-08-04,2024-08-03,2024,117,200,57,53,.518,1.0,4.0,2,5,8,False,51,
2024-08-04,2024-08-03,2024,140,200,53,58,.477,5.5,8.5,3,7,10,False,46,
2024-08-04,2024-08-03,2024,108,200,48,63,.432,10.5,13.5,4,10,13,False,41,
2024-08-04,2024-08-03,2024,133,200,46,66,.411,13.0,16.0,5,11,14,False,38,
2024-08-04,2024-08-03,2024,143,204,65,45,.591,-,-,1,,1,False,-,48
2024-08-04,2024-08-03,2024,144,204,60,50,.545,5.0,+1.5,2,1,4,False,48,
2024-08-04,2024-08-03,2024,121,204,58,52,.527,7.0,0.5,3,4,7,False,46,
2024-08-04,2024-08-03,2024,120,204,50,61,.450,15.5,9.0,4,10,13,False,37,
2024-08-04,2024-08-03,2024,146,204,41,70,.369,24.5,18.0,5,11,14,False,28,
2024-08-04,2024-08-03,2024,158,205,62,48,.564,-,-,1,,3,False,-,47
2024-08-04,2024-08-03,2024,138,205,57,54,.514,5.5,2.0,2,5,8,False,47,
2024-08-04,2024-08-03,2024,134,205,56,54,.509,6.0,2.5,3,6,9,False,47,
2024-08-04,2024-08-03,2024,113,205,53,57,.482,9.0,5.5,4,8,11,False,44,
2024-08-04,2024-08-03,2024,112,205,54,59,.478,9.5,6.0,5,9,12,False,42,
2024-08-04,2024-08-03,2024,119,203,64,47,.577,-,-,1,,2,False,-,47
2024-08-04,2024-08-03,2024,135,203,60,52,.536,4.5,+0.5,2,2,5,False,47,
2024-08-04,2024-08-03,2024,109,203,59,52,.532,5.0,-,3,3,6,False,47,
2024-08-04,2024-08-03,2024,137,203,55,57,.491,9.5,4.5,4,7,10,False,42,
2024-08-04,2024-08-03,2024,115,203,41,71,.366,23.5,18.5,5,12,15,False,28,
2024-08-05,2024-08-04,2024,110,201,67,46,.593,-,-,1,,2,False,-,44
2024-08-05,2024-08-04,2024,147,201,67,46,.593,-,+4.0,2,1,3,False,-,
2024-08-05,2024-08-04,2024,111,201,59,52,.532,7.0,3.0,3,4,6,False,44,
2024-08-05,2024-08-04,2024,139,201,57,54,.514,9.0,5.0,4,5,8,False,42,
2024-08-05,2024-08-04,2024,141,201,52,61,.460,15.0,11.0,5,9,12,False,35,
2024-08-05,2024-08-04,2024,114,202,67,44,.604,-,-,1,,1,False,-,48
2024-08-05,2024-08-04,2024,142,202,62,48,.564,4.5,+0.5,2,2,4,False,48,
2024-08-05,2024-08-04,2024,118,202,63,50,.558,5.0,-,3,3,5,False,46,
2024-08-05,2024-08-04,2024,116,202,53,60,.469,15.0,10.0,4,8,11,False,36,
2024-08-05,2024-08-04,2024,145,202,27,87,.237,41.5,36.5,5,12,15,False,9,
2024-08-05,2024-08-04,2024,136,200,59,54,.522,-,-,1,,7,False,-,50
2024-08-05,2024-08-04,2024,117,200,57,54,.514,1.0,5.0,2,6,9,False,50,
2024-08-05,2024-08-04,2024,140,200,53,59,.473,5.5,9.5,3,7,10,False,45,
2024-08-05,2024-08-04,2024,108,200,49,63,.438,9.5,13.5,4,10,13,False,41,
2024-08-05,2024-08-04,2024,133,200,46,67,.407,13.0,17.0,5,11,14,False,37,
2024-08-05,2024-08-04,2024,143,204,66,45,.595,-,-,1,,1,False,-,46
2024-08-05,2024-08-04,2024,144,204,60,51,.541,6.0,+0.5,2,1,4,False,46,
2024-08-05,2024-08-04,2024,121,204,58,53,.523,8.0,1.5,3,4,7,False,44,
2024-08-05,2024-08-04,2024,120,204,51,61,.455,15.5,9.0,4,10,13,False,36,
2024-08-05,2024-08-04,2024,146,204,42,70,.375,24.5,18.0,5,11,14,False,27,
2024-08-05,2024-08-04,2024,158,205,62,49,.559,-,-,1,,3,False,-,46
2024-08-05,2024-08-04,2024,138,205,57,55,.509,5.5,3.0,2,5,8,False,46,
2024-08-05,2024-08-04,2024,134,205,56,55,.505,6.0,3.5,3,6,9,False,46,
2024-08-05,2024-08-04,2024,112,205,55,59,.482,8.5,6.0,4,8,11,False,42,
2024-08-05,2024-08-04,2024,113,205,53,58,.477,9.0,6.5,5,9,12,False,43,
2024-08-05,2024-08-04,2024,119,203,65,47,.580,-,-,1,,2,False,-,46
2024-08-05,2024-08-04,2024,135,203,61,52,.540,4.5,+0.5,2,2,5,False,46,
2024-08-05,2024-08-04,2024,109,203,60,52,.536,5.0,-,3,3,6,False,46,
2024-08-05,2024-08-04,2024,137,203,56,57,.496,9.5,4.5,4,7,10,False,41,
2024-08-05,2024-08-04,2024,115,203,41,72,.363,24.5,19.5,5,12,15,False,26,
2024-08-06,2024-08-05,2024,110,201,67,46,.593,-,-,1,,2,False,-,44
2024-08-06,2024-08-05,2024,147,201,67,46,.593,-,+4.5,2,1,3,False,-,
2024-08-06,2024-08-05,2024,111,201,60,52,.536,6.5,2.0,3,4,6,False,44,
2024-08-06,2024-08-05,2024,139,201,57,54,.514,9.0,4.5,4,5,8,False,42,
2024-08-06,2024-08-05,2024,141,201,52,61,.460,15.0,10.5,5,9,12,False,35,
2024-08-06,2024-08-05,2024,114,202,67,45,.598,-,-,1,,1,False,-,48
2024-08-06,2024-08-05,2024,142,202,63,48,.568,3.5,+1.5,2,2,4,False,48,
2024-08-06,2024-08-05,2024,118,202,63,51,.553,5.0,-,3,3,5,False,45,
2024-08-06,2024-08-05,2024,116,202,53,60,.469,14.5,9.5,4,8,11,False,36,
2024-08-06,2024-08-05,2024,145,202,27,88,.235,41.5,36.5,5,12,15,False,8,
2024-08-06,2024-08-05,2024,136,200,59,54,.522,-,-,1,,7,False,-,49
2024-08-06,2024-08-05,2024,117,200,57,55,.509,1.5,5.0,2,6,9,False,49,
2024-08-06,2024-08-05,2024,140,200,54,59,.478,5.0,8.5,3,7,10,False,45,
2024-08-06,2024-08-05,2024,108,200,49,63,.438,9.5,13.0,4,10,13,False,41,
2024-08-06,2024-08-05,2024,133,200,47,67,.412,12.5,16.0,5,11,14,False,37,
2024-08-06,2024-08-05,2024,143,204,66,46,.589,-,-,1,,1,False,-,46
2024-08-06,2024-08-05,2024,144,204,60,51,.541,5.5,-,2,1,4,False,46,
2024-08-06,2024-08-05,2024,121,204,59,53,.527,7.0,1.5,3,4,7,False,44,
2024-08-06,2024-08-05,2024,120,204,51,62,.451,15.5,10.0,4,10,13,False,35,
2024-08-06,2024-08-05,2024,146,204,42,71,.372,24.5,19.0,5,11,14,False,26,
2024-08-06,2024-08-05,2024,158,205,62,49,.559,-,-,1,,3,False,-,46
2024-08-06,2024-08-05,2024,134,205,56,55,.505,6.0,4.0,2,5,8,False,46,
2024-08-06,2024-08-05,2024,138,205,57,56,.504,6.0,4.0,3,6,9,False,45,
2024-08-06,2024-08-05,2024,113,205,54,58,.482,8.5,6.5,4,8,11,False,43,
2024-08-06,2024-08-05,2024,112,205,55,60,.478,9.0,7.0,5,9,12,False,41,
2024-08-06,2024-08-05,2024,119,203,66,47,.584,-,-,1,,2,False,-,45
2024-08-06,2024-08-05,2024,109,203,61,52,.540,5.0,-,2,2,5,False,45,
2024-08-06,2024-08-05,2024,135,203,61,52,.540,5.0,-,3,3,6,False,45,
2024-08-06,2024-08-05,2024,137,203,57,57,.500,9.5,4.5,4,7,10,False,40,
2024-08-06,2024-08-05,2024,115,203,41,72,.363,25.0,20.0,5,12,15,False,25,
2024-08-07,2024-08-06,2024,147,201,67,46,.593,-,-,1,,2,False,-,49
2024-08-07,2024-08-06,2024,110,201,67,47,.588,0.5,+4.5,2,1,3,False,49,
2024-08-07,2024-08-06,2024,111,201,61,52,.540,6.0,1.0,3,4,6,False,44,
2024-08-07,2024-08-06,2024,139,201,57,55,.509,9.5,4.5,4,6,9,False,41,
2024-08-07,2024-08-06,2024,141,201,53,61,.465,14.5,9.5,5,9,12,False,35,
2024-08-07,2024-08-06,2024,114,202,67,45,.598,-,-,1,,1,False,-,47
2024-08-07,2024-08-06,2024,142,202,63,49,.563,4.0,+1.5,2,2,4,False,47,
2024-08-07,2024-08-06,2024,118,202,63,52,.548,5.5,-,3,3,5,False,44,
2024-08-07,2024-08-06,2024,116,202,54,60,.474,14.0,8.5,4,8,11,False,36,
2024-08-07,2024-08-06,2024,145,202,28,88,.241,41.0,35.5,5,12,15,False,8,
2024-08-07,2024-08-06,2024,136,200,59,55,.518,-,-,1,,7,False,-,49
2024-08-07,2024-08-06,2024,117,200,58,55,.513,0.5,4.0,2,5,8,False,49,
2024-08-07,2024-08-06,2024,140,200,54,60,.474,5.0,8.5,3,7,10,False,44,
2024-08-07,2024-08-06,2024,108,200,49,63,.438,9.0,12.5,4,10,13,False,41,
2024-08-07,2024-08-06,2024,133,200,47,68,.409,12.5,16.0,5,11,14,False,36,
2024-08-07,2024-08-06,2024,143,204,67,46,.593,-,-,1,,1,False,-,44
2024-08-07,2024-08-06,2024,144,204,60,52,.536,6.5,-,2,3,6,False,44,
2024-08-07,2024-08-06,2024,121,204,59,54,.522,8.0,1.5,3,4,7,False,42,
2024-08-07,2024-08-06,2024,120,204,52,62,.456,15.5,9.0,4,10,13,False,34,
2024-08-07,2024-08-06,2024,146,204,42,72,.368,25.5,19.0,5,11,14,False,24,
2024-08-07,2024-08-06,2024,158,205,63,49,.563,-,-,1,,3,False,-,44
2024-08-07,2024-08-06,2024,138,205,58,56,.509,6.0,3.0,2,5,8,False,44,
2024-08-07,2024-08-06,2024,134,205,56,56,.500,7.0,4.0,3,6,9,False,44,
2024-08-07,2024-08-06,2024,113,205,55,58,.487,8.5,5.5,4,8,11,False,42,
2024-08-07,2024-08-06,2024,112,205,56,60,.483,9.0,6.0,5,9,12,False,40,
2024-08-07,2024-08-06,2024,119,203,66,48,.579,-,-,1,,2,False,-,45
2024-08-07,2024-08-06,2024,135,203,62,52,.544,4.0,+1.0,2,1,4,False,45,
2024-08-07,2024-08-06,2024,109,203,61,52,.540,4.5,+0.5,3,2,5,False,45,
2024-08-07,2024-08-06,2024,137,203,57,58,.496,9.5,4.5,4,7,10,False,39,
2024-08-07,2024-08-06,2024,115,203,42,72,.368,24.0,19.0,5,12,15,False,25,
2024-08-08,2024-08-07,2024,110,201,68,47,.591,-,-,1,,1,False,-,42
2024-08-08,2024-08-07,2024,147,201,68,47,.591,-,+4.5,2,1,2,False,-,
2024-08-08,2024-08-07,2024,111,201,61,53,.535,6.5,2.0,3,4,6,False,42,
2024-08-08,2024-08-07,2024,139,201,57,56,.504,10.0,5.5,4,6,9,False,39,
2024-08-08,2024-08-07,2024,141,201,53,62,.461,15.0,10.5,5,9,12,False,33,
2024-08-08,2024-08-07,2024,114,202,67,47,.588,-,-,1,,3,False,-,46
2024-08-08,2024-08-07,2024,142,202,63,50,.558,3.5,+0.5,2,2,4,False,46,
2024-08-08,2024-08-07,2024,118,202,64,52,.552,4.0,-,3,3,5,False,44,
2024-08-08,2024-08-07,2024,116,202,55,60,.478,12.5,8.5,4,7,10,False,36,
2024-08-08,2024-08-07,2024,145,202,28,89,.239,40.5,36.5,5,12,15,False,7,
2024-08-08,2024-08-07,2024,117,200,59,55,.518,-,-,1,,7,False,-,48
2024-08-08,2024-08-07,2024,136,200,59,56,.513,0.5,4.5,2,5,8,False,48,
2024-08-08,2024-08-07,2024,140,200,54,61,.470,5.5,9.5,3,8,11,False,43,
2024-08-08,2024-08-07,2024,108,200,50,64,.439,9.0,13.0,4,10,13,False,40,
2024-08-08,2024-08-07,2024,133,200,48,68,.414,12.0,16.0,5,11,14,False,36,
2024-08-08,2024-08-07,2024,143,204,68,46,.596,-,-,1,,1,False,-,42
2024-08-08,2024-08-07,2024,144,204,60,53,.531,7.5,-,2,3,6,False,42,
2024-08-08,2024-08-07,2024,121,204,60,54,.526,8.0,0.5,3,4,7,False,41,
2024-08-08,2024-08-07,2024,120,204,52,63,.452,16.5,9.0,4,10,13,False,32,
2024-08-08,2024-08-07,2024,146,204,43,72,.374,25.5,18.0,5,11,14,False,23,
2024-08-08,2024-08-07,2024,158,205,64,49,.566,-,-,1,,3,False,-,43
2024-08-08,2024-08-07,2024,138,205,59,56,.513,6.0,2.0,2,5,8,False,43,
2024-08-08,2024-08-07,2024,134,205,56,57,.496,8.0,4.0,3,7,10,False,42,
2024-08-08,2024-08-07,2024,112,205,57,60,.487,9.0,5.0,4,8,11,False,39,
2024-08-08,2024-08-07,2024,113,205,55,59,.482,9.5,5.5,5,9,12,False,40,
2024-08-08,2024-08-07,2024,119,203,66,49,.574,-,-,1,,2,False,-,45
2024-08-08,2024-08-07,2024,109,203,63,52,.548,3.0,+2.0,2,1,4,False,45,
2024-08-08,2024-08-07,2024,135,203,63,52,.548,3.0,+2.0,3,2,5,False,45,
2024-08-08,2024-08-07,2024,137,203,58,58,.500,8.5,3.5,4,6,9,False,39,
2024-08-08,2024-08-07,2024,115,203,42,73,.365,24.0,19.0,5,12,15,False,24,
2024-08-09,2024-08-08,2024,110,201,68,48,.586,-,-,1,,2,False,-,42
2024-08-09,2024-08-08,2024,147,201,68,48,.586,-,+4.0,2,1,3,False,-,
2024-08-09,2024-08-08,2024,111,201,61,53,.535,6.0,2.0,3,4,6,False,42,
2024-08-09,2024-08-08,2024,139,201,58,56,.509,9.0,5.0,4,6,9,False,39,
2024-08-09,2024-08-08,2024,141,201,54,62,.466,14.0,10.0,5,9,12,False,33,
2024-08-09,2024-08-08,2024,114,202,67,47,.588,-,-,1,,1,False,-,46
2024-08-09,2024-08-08,2024,142,202,63,50,.558,3.5,+0.5,2,2,4,False,46,
2024-08-09,2024-08-08,2024,118,202,64,52,.552,4.0,-,3,3,5,False,44,
2024-08-09,2024-08-08,2024,116,202,55,61,.474,13.0,9.0,4,7,10,False,35,
2024-08-09,2024-08-08,2024,145,202,28,89,.239,40.5,36.5,5,12,15,False,7,
2024-08-09,2024-08-08,2024,117,200,59,55,.518,-,-,1,,7,False,-,48
2024-08-09,2024-08-08,2024,136,200,60,56,.517,-,4.0,2,5,8,False,48,
2024-08-09,2024-08-08,2024,140,200,54,61,.470,5.5,9.5,3,8,11,False,43,
2024-08-09,2024-08-08,2024,108,200,51,64,.443,8.5,12.5,4,10,13,False,40,
2024-08-09,2024-08-08,2024,133,200,48,68,.414,12.0,16.0,5,11,14,False,36,
2024-08-09,2024-08-08,2024,143,204,69,46,.600,-,-,1,,1,False,-,40
2024-08-09,2024-08-08,2024,121,204,61,54,.530,8.0,-,2,3,6,False,40,
2024-08-09,2024-08-08,2024,144,204,60,54,.526,8.5,0.5,3,4,7,False,40,
2024-08-09,2024-08-08,2024,120,204,52,64,.448,17.5,9.5,4,10,13,False,30,
2024-08-09,2024-08-08,2024,146,204,43,73,.371,26.5,18.5,5,11,14,False,21,
2024-08-09,2024-08-08,2024,158,205,65,49,.570,-,-,1,,3,False,-,41
2024-08-09,2024-08-08,2024,138,205,59,57,.509,7.0,2.5,2,5,8,False,41,
2024-08-09,2024-08-08,2024,134,205,56,58,.491,9.0,4.5,3,7,10,False,40,
2024-08-09,2024-08-08,2024,112,205,57,60,.487,9.5,5.0,4,8,11,False,38,
2024-08-09,2024-08-08,2024,113,205,56,59,.487,9.5,5.0,5,9,12,False,39,
2024-08-09,2024-08-08,2024,119,203,66,49,.574,-,-,1,,2,False,-,45
2024-08-09,2024-08-08,2024,135,203,64,52,.552,2.5,+2.5,2,1,4,False,45,
2024-08-09,2024-08-08,2024,109,203,63,53,.543,3.5,+1.5,3,2,5,False,44,
2024-08-09,2024-08-08,2024,137,203,59,58,.504,8.0,3.0,4,6,9,False,39,
2024-08-09,2024-08-08,2024,115,203,42,74,.362,24.5,19.5,5,12,15,False,23,
2024-08-10,2024-08-09,2024,110,201,69,48,.590,-,-,1,,1,False,-,46
2024-08-10,2024-08-09,2024,147,201,68,48,.586,0.5,+4.5,2,1,2,False,46,
2024-08-10,2024-08-09,2024,111,201,61,54,.530,7.0,2.0,3,4,6,False,40,
2024-08-10,2024-08-09,2024,139,201,58,57,.504,10.0,5.0,4,6,9,False,37,
2024-08-10,2024-08-09,2024,141,201,55,62,.470,14.0,9.0,5,8,11,False,32,
2024-08-10,2024-08-09,2024,114,202,67,49,.578,-,-,1,,3,False,-,46
2024-08-10,2024-08-09,2024,142,202,65,50,.565,1.5,+2.0,2,2,4,False,46,
2024-08-10,2024-08-09,2024,118,202,64,53,.547,3.5,-,3,3,5,False,43,
2024-08-10,2024-08-09,2024,116,202,55,62,.470,12.5,9.0,4,7,10,False,34,
2024-08-10,2024-08-09,2024,145,202,28,90,.237,40.0,36.5,5,12,15,False,6,
2024-08-10,2024-08-09,2024,117,200,60,55,.522,-,-,1,,7,False,-,47
2024-08-10,2024-08-09,2024,136,200,61,56,.521,-,3.0,2,5,8,False,47,
2024-08-10,2024-08-09,2024,140,200,54,61,.470,6.0,9.0,3,9,12,False,42,
2024-08-10,2024-08-09,2024,108,200,51,65,.440,9.5,12.5,4,10,13,False,38,
2024-08-10,2024-08-09,2024,133,200,48,69,.410,13.0,16.0,5,11,14,False,34,
2024-08-10,2024-08-09,2024,143,204,69,47,.595,-,-,1,,1,False,-,39
2024-08-10,2024-08-09,2024,121,204,61,55,.526,8.0,-,2,3,6,False,39,
2024-08-10,2024-08-09,2024,144,204,60,55,.522,8.5,0.5,3,4,7,False,39,
2024-08-10,2024-08-09,2024,120,204,53,64,.453,16.5,8.5,4,10,13,False,30,
2024-08-10,2024-08-09,2024,146,204,43,74,.368,26.5,18.5,5,11,14,False,20,
2024-08-10,2024-08-09,2024,158,205,66,49,.574,-,-,1,,3,False,-,40
2024-08-10,2024-08-09,2024,138,205,60,57,.513,7.0,1.5,2,5,8,False,40,
2024-08-10,2024-08-09,2024,112,205,58,60,.492,9.5,4.0,3,7,10,False,37,
2024-08-10,2024-08-09,2024,134,205,56,59,.487,10.0,4.5,4,8,11,False,38,
2024-08-10,2024-08-09,2024,113,205,56,60,.483,10.5,5.0,5,9,12,False,37,
2024-08-10,2024-08-09,2024,119,203,67,49,.578,-,-,1,,2,False,-,44
2024-08-10,2024-08-09,2024,135,203,65,52,.556,2.5,+3.5,2,1,4,False,44,
2024-08-10,2024-08-09,2024,109,203,64,53,.547,3.5,+2.5,3,2,5,False,43,
2024-08-10,2024-08-09,2024,137,203,60,58,.508,8.0,2.0,4,6,9,False,38,
2024-08-10,2024-08-09,2024,115,203,43,74,.368,24.5,18.5,5,12,15,False,22,
2024-08-11,2024-08-10,2024,110,201,70,48,.593,-,-,1,,1,False,-,44
2024-08-11,2024-08-10,2024,147,201,69,49,.585,1.0,+4.0,2,1,2,False,44,
2024-08-11,2024-08-10,2024,111,201,61,55,.526,8.0,3.0,3,4,7,False,38,
2024-08-11,2024-08-10,2024,139,201,58,58,.500,11.0,6.0,4,6,9,False,35,
2024-08-11,2024-08-10,2024,141,201,55,63,.466,15.0,10.0,5,9,12,False,30,
2024-08-11,2024-08-10,2024,114,202,68,49,.581,-,-,1,,3,False,-,44
2024-08-11,2024-08-10,2024,142,202,65,51,.560,2.5,+1.0,2,2,4,False,44,
2024-08-11,2024-08-10,2024,118,202,65,53,.551,3.5,-,3,3,5,False,42,
2024-08-11,2024-08-10,2024,116,202,55,63,.466,13.5,10.0,4,8,11,False,32,
2024-08-11,2024-08-10,2024,145,202,28,91,.235,41.0,37.5,5,12,15,False,4,
2024-08-11,2024-08-10,2024,117,200,61,55,.526,-,-,1,,6,False,-,46
2024-08-11,2024-08-10,2024,136,200,62,56,.525,-,3.0,2,5,8,False,46,
2024-08-11,2024-08-10,2024,140,200,55,62,.470,6.5,9.5,3,7,10,False,40,
2024-08-11,2024-08-10,2024,108,200,51,66,.436,10.5,13.5,4,10,13,False,36,
2024-08-11,2024-08-10,2024,133,200,49,69,.415,13.0,16.0,5,11,14,False,33,
2024-08-11,2024-08-10,2024,143,204,69,48,.590,-,-,1,,1,False,-,39
2024-08-11,2024-08-10,2024,144,204,61,55,.526,7.5,-,2,3,6,False,39,
2024-08-11,2024-08-10,2024,121,204,61,56,.521,8.0,0.5,3,4,7,False,38,
2024-08-11,2024-08-10,2024,120,204,54,64,.458,15.5,8.0,4,10,13,False,30,
2024-08-11,2024-08-10,2024,146,204,43,75,.364,26.5,19.0,5,11,14,False,19,
2024-08-11,2024-08-10,2024,158,205,67,49,.578,-,-,1,,3,False,-,38
2024-08-11,2024-08-10,2024,138,205,60,58,.508,8.0,2.0,2,6,9,False,38,
2024-08-11,2024-08-10,2024,112,205,59,60,.496,9.5,3.5,3,7,10,False,36,
2024-08-11,2024-08-10,2024,134,205,56,60,.483,11.0,5.0,4,8,11,False,36,
2024-08-11,2024-08-10,2024,113,205,56,61,.479,11.5,5.5,5,9,12,False,35,
2024-08-11,2024-08-10,2024,119,203,68,49,.581,-,-,1,,2,False,-,43
2024-08-11,2024-08-10,2024,135,203,66,52,.559,2.5,+4.0,2,1,4,False,43,
2024-08-11,2024-08-10,2024,109,203,65,53,.551,3.5,+3.0,3,2,5,False,42,
2024-08-11,2024-08-10,2024,137,203,61,58,.513,8.0,1.5,4,5,8,False,37,
2024-08-11,2024-08-10,2024,115,203,43,75,.364,25.5,19.0,5,12,15,False,20,
2024-08-12,2024-08-11,2024,110,201,70,49,.588,-,-,1,,1,False,-,37
2024-08-12,2024-08-11,2024,147,201,70,49,.588,-,+4.5,2,1,2,False,-,
2024-08-12,2024-08-11,2024,111,201,61,56,.521,8.0,3.5,3,5,8,False,37,
2024-08-12,2024-08-11,2024,139,201,59,58,.504,10.0,5.5,4,6,9,False,35,
2024-08-12,2024-08-11,2024,141,201,55,64,.462,15.0,10.5,5,9,12,False,29,
2024-08-12,2024-08-11,2024,114,202,69,49,.585,-,-,1,,3,False,-,42
2024-08-12,2024-08-11,2024,142,202,65,52,.556,3.5,+0.5,2,2,4,False,42,
2024-08-12,2024-08-11,2024,118,202,65,53,.551,4.0,-,3,3,5,False,41,
2024-08-12,2024-08-11,2024,116,202,56,63,.471,13.5,9.5,4,7,10,False,31,
2024-08-12,2024-08-11,2024,145,202,28,91,.235,41.5,37.5,5,12,15,False,3,
2024-08-12,2024-08-11,2024,117,200,62,55,.530,-,-,1,,6,False,-,45
2024-08-12,2024-08-11,2024,136,200,63,56,.529,-,2.5,2,4,7,False,45,
2024-08-12,2024-08-11,2024,140,200,55,63,.466,7.5,10.0,3,8,11,False,38,
2024-08-12,2024-08-11,2024,108,200,52,66,.441,10.5,13.0,4,10,13,False,35,
2024-08-12,2024-08-11,2024,133,200,50,69,.420,13.0,15.5,5,11,14,False,32,
2024-08-12,2024-08-11,2024,143,204,69,49,.585,-,-,1,,1,False,-,38
2024-08-12,2024-08-11,2024,144,204,61,56,.521,7.5,-,2,3,6,False,38,
2024-08-12,2024-08-11,2024,121,204,61,57,.517,8.0,0.5,3,4,7,False,37,
2024-08-12,2024-08-11,2024,120,204,54,65,.454,15.5,8.0,4,10,13,False,29,
2024-08-12,2024-08-11,2024,146,204,44,75,.370,25.5,18.0,5,11,14,False,19,
2024-08-12,2024-08-11,2024,158,205,67,50,.573,-,-,1,,3,False,-,38
2024-08-12,2024-08-11,2024,138,205,60,58,.508,7.5,1.5,2,5,8,False,38,
2024-08-12,2024-08-11,2024,112,205,59,60,.496,9.0,3.0,3,7,10,False,36,
2024-08-12,2024-08-11,2024,113,205,57,61,.483,10.5,4.5,4,8,11,False,35,
2024-08-12,2024-08-11,2024,134,205,56,61,.479,11.0,5.0,5,9,12,False,35,
2024-08-12,2024-08-11,2024,119,203,69,49,.585,-,-,1,,2,False,-,41
2024-08-12,2024-08-11,2024,109,203,66,53,.555,3.5,+4.0,2,1,4,False,41,
2024-08-12,2024-08-11,2024,135,203,66,53,.555,3.5,+4.0,3,2,5,False,41,
2024-08-12,2024-08-11,2024,137,203,61,59,.508,9.0,1.5,4,6,9,False,35,
2024-08-12,2024-08-11,2024,115,203,44,75,.370,25.5,18.0,5,12,15,False,19,
2024-08-13,2024-08-12,2024,110,201,70,49,.588,-,-,1,,2,False,-,43
2024-08-13,2024-08-12,2024,147,201,70,50,.583,0.5,+4.5,2,1,3,False,43,
2024-08-13,2024-08-12,2024,111,201,62,56,.525,7.5,2.5,3,5,8,False,37,
2024-08-13,2024-08-12,2024,139,201,59,59,.500,10.5,5.5,4,6,9,False,34,
2024-08-13,2024-08-12,2024,141,201,56,64,.467,14.5,9.5,5,8,11,False,29,
2024-08-13,2024-08-12,2024,114,202,70,49,.588,-,-,1,,1,False,-,41
2024-08-13,2024-08-12,2024,142,202,66,52,.559,3.5,+1.5,2,2,4,False,41,
2024-08-13,2024-08-12,2024,118,202,65,54,.546,5.0,-,3,3,5,False,39,
2024-08-13,2024-08-12,2024,116,202,56,63,.471,14.0,9.0,4,7,10,False,30,
2024-08-13,2024-08-12,2024,145,202,29,91,.242,41.5,36.5,5,12,15,False,2,
2024-08-13,2024-08-12,2024,117,200,63,55,.534,-,-,1,,6,False,-,44
2024-08-13,2024-08-12,2024,136,200,63,56,.529,0.5,2.0,2,4,7,False,44,
2024-08-13,2024-08-12,2024,140,200,55,64,.462,8.5,10.0,3,9,12,False,36,
2024-08-13,2024-08-12,2024,108,200,52,67,.437,11.5,13.0,4,10,13,False,33,
2024-08-13,2024-08-12,2024,133,200,50,69,.420,13.5,15.0,5,11,14,False,31,
2024-08-13,2024-08-12,2024,143,204,69,49,.585,-,-,1,,2,False,-,38
2024-08-13,2024-08-12,2024,144,204,62,56,.525,7.0,-,2,3,6,False,38,
2024-08-13,2024-08-12,2024,121,204,61,57,.517,8.0,1.0,3,4,7,False,37,
2024-08-13,2024-08-12,2024,120,204,54,65,.454,15.5,8.5,4,10,13,False,29,
2024-08-13,2024-08-12,2024,146,204,44,75,.370,25.5,18.5,5,11,14,False,19,
2024-08-13,2024-08-12,2024,158,205,67,51,.568,-,-,1,,3,False,-,37
2024-08-13,2024-08-12,2024,138,205,60,59,.504,7.5,2.5,2,5,8,False,37,
2024-08-13,2024-08-12,2024,112,205,59,61,.492,9.0,4.0,3,7,10,False,35,
2024-08-13,2024-08-12,2024,113,205,58,61,.487,9.5,4.5,4,8,11,False,35,
2024-08-13,2024-08-12,2024,134,205,56,62,.475,11.0,6.0,5,9,12,False,34,
2024-08-13,2024-08-12,2024,119,203,70,49,.588,-,-,1,,1,False,-,40
2024-08-13,2024-08-12,2024,109,203,67,53,.558,3.5,+4.0,2,1,4,False,40,
2024-08-13,2024-08-12,2024,135,203,67,53,.558,3.5,+4.0,3,2,5,False,40,
2024-08-13,2024-08-12,2024,137,203,61,60,.504,10.0,2.5,4,6,9,False,33,
2024-08-13,2024-08-12,2024,115,203,44,76,.367,26.5,19.0,5,12,15,False,17,
2024-08-14,2024-08-13,2024,147,201,71,50,.587,-,-,1,,2,False,-,42
2024-08-14,2024-08-13,2024,110,201,70,50,.583,0.5,+5.0,2,1,3,False,42,
2024-08-14,2024-08-13,2024,111,201,63,56,.529,7.0,1.5,3,4,7,False,36,
2024-08-14,2024-08-13,2024,139,201,59,60,.496,11.0,5.5,4,6,9,False,32,
2024-08-14,2024-08-13,2024,141,201,57,64,.471,14.0,8.5,5,8,11,False,28,
2024-08-14,2024-08-13,2024,114,202,71,49,.592,-,-,1,,1,False,-,40
2024-08-14,2024-08-13,2024,142,202,67,52,.563,3.5,+2.5,2,2,4,False,40,
2024-08-14,2024-08-13,2024,118,202,65,55,.542,6.0,-,3,3,5,False,37,
2024-08-14,2024-08-13,2024,116,202,57,63,.475,14.0,8.0,4,7,10,False,29,
2024-08-14,2024-08-13,2024,145,202,29,92,.240,42.5,36.5,5,12,15,False,E,
2024-08-14,2024-08-13,2024,117,200,64,55,.538,-,-,1,,6,False,-,42
2024-08-14,2024-08-13,2024,136,200,63,57,.525,1.5,2.0,2,5,8,False,42,
2024-08-14,2024-08-13,2024,140,200,55,65,.458,9.5,10.0,3,9,12,False,34,
2024-08-14,2024-08-13,2024,108,200,52,68,.433,12.5,13.0,4,10,13,False,31,
2024-08-14,2024-08-13,2024,133,200,51,69,.425,13.5,14.0,5,11,14,False,30,
2024-08-14,2024-08-13,2024,143,204,69,50,.580,-,-,1,,2,False,-,38
2024-08-14,2024-08-13,2024,144,204,63,56,.529,6.0,-,2,3,6,False,38,
2024-08-14,2024-08-13,2024,121,204,61,58,.513,8.0,2.0,3,4,7,False,36,
2024-08-14,2024-08-13,2024,120,204,55,65,.458,14.5,8.5,4,10,13,False,29,
2024-08-14,2024-08-13,2024,146,204,45,75,.375,24.5,18.5,5,11,14,False,19,
2024-08-14,2024-08-13,2024,158,205,67,52,.563,-,-,1,,3,False,-,36
2024-08-14,2024-08-13,2024,138,205,60,60,.500,7.5,3.5,2,5,8,False,36,
2024-08-14,2024-08-13,2024,113,205,59,61,.492,8.5,4.5,3,7,10,False,35,
2024-08-14,2024-08-13,2024,112,205,59,62,.488,9.0,5.0,4,8,11,False,34,
2024-08-14,2024-08-13,2024,134,205,56,63,.471,11.0,7.0,5,9,12,False,33,
2024-08-14,2024-08-13,2024,119,203,71,49,.592,-,-,1,,1,False,-,39
2024-08-14,2024-08-13,2024,109,203,68,53,.562,3.5,+4.0,2,1,4,False,39,
2024-08-14,2024-08-13,2024,135,203,68,53,.562,3.5,+4.0,3,2,5,False,39,
2024-08-14,2024-08-13,2024,137,203,61,61,.500,11.0,3.5,4,6,9,False,31,
2024-08-14,2024-08-13,2024,115,203,44,77,.364,27.5,20.0,5,12,15,False,15,
2024-08-15,2024-08-14,2024,147,201,72,50,.590,-,-,1,,2,False,-,41
2024-08-15,2024-08-14,2024,110,201,71,50,.587,0.5,+5.0,2,1,3,False,41,
2024-08-15,2024-08-14,2024,111,201,63,57,.525,8.0,2.5,3,4,7,False,34,
2024-08-15,2024-08-14,2024,139,201,59,61,.492,12.0,6.5,4,6,9,False,30,
2024-08-15,2024-08-14,2024,141,201,58,64,.475,14.0,8.5,5,8,11,False,27,
2024-08-15,2024-08-14,2024,114,202,72,49,.595,-,-,1,,1,False,-,38
2024-08-15,2024-08-14,2024,142,202,67,53,.558,4.5,+1.5,2,2,4,False,38,
2024-08-15,2024-08-14,2024,118,202,66,55,.545,6.0,-,3,3,5,False,36,
2024-08-15,2024-08-14,2024,116,202,58,63,.479,14.0,8.0,4,7,10,False,28,
2024-08-15,2024-08-14,2024,145,202,29,93,.238,43.5,37.5,5,12,15,False,E,
2024-08-15,2024-08-14,2024,117,200,65,55,.542,-,-,1,,6,False,-,40
2024-08-15,2024-08-14,2024,136,200,63,58,.521,2.5,3.0,2,5,8,False,40,
2024-08-15,2024-08-14,2024,140,200,56,65,.463,9.5,10.0,3,9,12,False,33,
2024-08-15,2024-08-14,2024,108,200,52,69,.430,13.5,14.0,4,10,13,False,29,
2024-08-15,2024-08-14,2024,133,200,51,70,.421,14.5,15.0,5,11,14,False,28,
2024-08-15,2024-08-14,2024,143,204,70,50,.583,-,-,1,,2,False,-,37
2024-08-15,2024-08-14,2024,144,204,64,56,.533,6.0,-,2,3,6,False,37,
2024-08-15,2024-08-14,2024,121,204,62,58,.517,8.0,2.0,3,4,7,False,35,
2024-08-15,2024-08-14,2024,120,204,55,66,.455,15.5,9.5,4,10,13,False,27,
2024-08-15,2024-08-14,2024,146,204,45,76,.372,25.5,19.5,5,11,14,False,17,
2024-08-15,2024-08-14,2024,158,205,68,52,.567,-,-,1,,3,False,-,34
2024-08-15,2024-08-14,2024,113,205,60,61,.496,8.5,4.5,2,6,9,False,34,
2024-08-15,2024-08-14,2024,138,205,60,61,.496,8.5,4.5,3,7,10,False,34,
2024-08-15,2024-08-14,2024,112,205,59,63,.484,10.0,6.0,4,8,11,False,32,
2024-08-15,2024-08-14,2024,134,205,56,64,.467,12.0,8.0,5,9,12,False,31,
2024-08-15,2024-08-14,2024,119,203,71,50,.587,-,-,1,,1,False,-,39
2024-08-15,2024-08-14,2024,109,203,69,53,.566,2.5,+4.0,2,1,4,False,39,
2024-08-15,2024-08-14,2024,135,203,69,53,.566,2.5,+4.0,3,2,5,False,39,
2024-08-15,2024-08-14,2024,137,203,61,62,.496,11.0,4.5,4,5,8,False,30,
2024-08-15,2024-08-14,2024,115,203,44,78,.361,27.5,21.0,5,12,15,False,14,
2024-08-16,2024-08-15,2024,110,201,72,50,.590,-,-,1,,2,False,-,33
2024-08-16,2024-08-15,2024,147,201,72,50,.590,-,+5.5,2,1,3,False,-,
2024-08-16,2024-08-15,2024,111,201,63,58,.521,8.5,3.0,3,4,7,False,33,
2024-08-16,2024-08-15,2024,139,201,59,61,.492,12.0,6.5,4,6,9,False,30,
2024-08-16,2024-08-15,2024,141,201,58,64,.475,14.0,8.5,5,8,11,False,27,
2024-08-16,2024-08-15,2024,114,202,72,49,.595,-,-,1,,1,False,-,38
2024-08-16,2024-08-15,2024,142,202,68,53,.562,4.0,+2.0,2,2,4,False,38,
2024-08-16,2024-08-15,2024,118,202,66,55,.545,6.0,-,3,3,5,False,36,
2024-08-16,2024-08-15,2024,116,202,59,63,.484,13.5,7.5,4,7,10,False,28,
2024-08-16,2024-08-15,2024,145,202,29,93,.238,43.5,37.5,5,12,15,False,E,
2024-08-16,2024-08-15,2024,117,200,65,55,.542,-,-,1,,6,False,-,39
2024-08-16,2024-08-15,2024,136,200,63,59,.516,3.0,3.5,2,5,8,False,39,
2024-08-16,2024-08-15,2024,140,200,56,66,.459,10.0,10.5,3,9,12,False,32,
2024-08-16,2024-08-15,2024,108,200,52,69,.430,13.5,14.0,4,10,13,False,29,
2024-08-16,2024-08-15,2024,133,200,52,70,.426,14.0,14.5,5,11,14,False,28,
2024-08-16,2024-08-15,2024,143,204,71,50,.587,-,-,1,,1,False,-,35
2024-08-16,2024-08-15,2024,144,204,64,57,.529,7.0,-,2,3,6,False,35,
2024-08-16,2024-08-15,2024,121,204,62,59,.512,9.0,2.0,3,4,7,False,33,
2024-08-16,2024-08-15,2024,120,204,55,67,.451,16.5,9.5,4,10,13,False,25,
2024-08-16,2024-08-15,2024,146,204,45,76,.372,26.0,19.0,5,11,14,False,16,
2024-08-16,2024-08-15,2024,158,205,69,52,.570,-,-,1,,3,False,-,33
2024-08-16,2024-08-15,2024,113,205,60,61,.496,9.0,4.0,2,6,9,False,33,
2024-08-16,2024-08-15,2024,138,205,60,61,.496,9.0,4.0,3,7,10,False,33,
2024-08-16,2024-08-15,2024,112,205,59,63,.484,10.5,5.5,4,8,11,False,31,
2024-08-16,2024-08-15,2024,134,205,56,64,.467,12.5,7.5,5,9,12,False,30,
2024-08-16,2024-08-15,2024,119,203,71,51,.582,-,-,1,,2,False,-,39
2024-08-16,2024-08-15,2024,109,203,69,53,.566,2.0,+4.5,2,1,4,False,39,
2024-08-16,2024-08-15,2024,135,203,69,53,.566,2.0,+4.5,3,2,5,False,39,
2024-08-16,2024-08-15,2024,137,203,62,62,.500,10.0,3.5,4,5,8,False,30,
2024-08-16,2024-08-15,2024,115,203,44,78,.361,27.0,20.5,5,12,15,False,14,
2024-08-17,2024-08-16,2024,147,201,73,50,.593,-,-,1,,1,False,-,39
2024-08-17,2024-08-16,2024,110,201,72,51,.585,1.0,+4.5,2,1,3,False,39,
2024-08-17,2024-08-16,2024,111,201,64,58,.525,8.5,3.0,3,4,7,False,32,
2024-08-17,2024-08-16,2024,139,201,60,61,.496,12.0,6.5,4,6,9,False,29,
2024-08-17,2024-08-16,2024,141,201,58,65,.472,15.0,9.5,5,8,11,False,25,
2024-08-17,2024-08-16,2024,114,202,72,50,.590,-,-,1,,2,False,-,38
2024-08-17,2024-08-16,2024,142,202,69,53,.566,3.0,+2.0,2,2,4,False,38,
2024-08-17,2024-08-16,2024,118,202,67,55,.549,5.0,-,3,3,5,False,36,
2024-08-17,2024-08-16,2024,116,202,59,64,.480,13.5,8.5,4,7,10,False,27,
2024-08-17,2024-08-16,2024,145,202,30,93,.244,42.5,37.5,5,12,15,False,E,
2024-08-17,2024-08-16,2024,117,200,65,56,.537,-,-,1,,6,False,-,38
2024-08-17,2024-08-16,2024,136,200,63,60,.512,3.0,4.5,2,5,8,False,38,
2024-08-17,2024-08-16,2024,140,200,56,67,.455,10.0,11.5,3,9,12,False,31,
2024-08-17,2024-08-16,2024,108,200,53,69,.434,12.5,14.0,4,10,13,False,29,
2024-08-17,2024-08-16,2024,133,200,52,70,.426,13.5,15.0,5,11,14,False,28,
2024-08-17,2024-08-16,2024,143,204,72,50,.590,-,-,1,,1,False,-,33
2024-08-17,2024-08-16,2024,144,204,64,58,.525,8.0,-,2,3,6,False,33,
2024-08-17,2024-08-16,2024,121,204,63,59,.516,9.0,1.0,3,4,7,False,32,
2024-08-17,2024-08-16,2024,120,204,55,68,.447,17.5,9.5,4,10,13,False,23,
2024-08-17,2024-08-16,2024,146,204,45,77,.369,27.0,19.0,5,11,14,False,14,
2024-08-17,2024-08-16,2024,158,205,70,52,.574,-,-,1,,3,False,-,31
2024-08-17,2024-08-16,2024,113,205,60,62,.492,10.0,4.0,2,6,9,False,31,
2024-08-17,2024-08-16,2024,138,205,60,62,.492,10.0,4.0,3,7,10,False,31,
2024-08-17,2024-08-16,2024,112,205,60,63,.488,10.5,4.5,4,8,11,False,30,
2024-08-17,2024-08-16,2024,134,205,57,64,.471,12.5,6.5,5,9,12,False,29,
2024-08-17,2024-08-16,2024,119,203,72,51,.585,-,-,1,,2,False,-,37
2024-08-17,2024-08-16,2024,109,203,69,54,.561,3.0,+4.5,2,1,4,False,37,
2024-08-17,2024-08-16,2024,135,203,69,54,.561,3.0,+4.5,3,2,5,False,37,
2024-08-17,2024-08-16,2024,137,203,62,62,.500,10.5,3.0,4,5,8,False,29,
2024-08-17,2024-08-16,2024,115,203,45,78,.366,27.0,19.5,5,12,15,False,13,
2024-08-18,2024-08-17,2024,147,201,73,51,.589,-,-,1,,1,False,-,38
2024-08-18,2024-08-17,2024,110,201,72,52,.581,1.0,+3.5,2,1,3,False,38,
2024-08-18,2024-08-17,2024,111,201,65,58,.528,7.5,3.0,3,4,7,False,32,
2024-08-18,2024-08-17,2024,139,201,61,61,.500,11.0,6.5,4,6,9,False,29,
2024-08-18,2024-08-17,2024,141,201,58,66,.468,15.0,10.5,5,8,11,False,24,
2024-08-18,2024-08-17,2024,114,202,72,51,.585,-,-,1,,2,False,-,38
2024-08-18,2024-08-17,2024,142,202,70,53,.569,2.0,+2.0,2,2,4,False,38,
2024-08-18,2024-08-17,2024,118,202,68,55,.553,4.0,-,3,3,5,False,36,
2024-08-18,2024-08-17,2024,116,202,60,64,.484,12.5,8.5,4,7,10,False,27,
2024-08-18,2024-08-17,2024,145,202,30,94,.242,42.5,38.5,5,12,15,False,E,
2024-08-18,2024-08-17,2024,117,200,66,56,.541,-,-,1,,6,False,-,36
2024-08-18,2024-08-17,2024,136,200,63,61,.508,4.0,5.5,2,5,8,False,36,
2024-08-18,2024-08-17,2024,140,200,56,68,.452,11.0,12.5,3,9,12,False,29,
2024-08-18,2024-08-17,2024,133,200,53,70,.431,13.5,15.0,4,10,13,False,27,
2024-08-18,2024-08-17,2024,108,200,53,70,.431,13.5,15.0,5,11,14,False,27,
2024-08-18,2024-08-17,2024,143,204,73,50,.593,-,-,1,,1,False,-,32
2024-08-18,2024-08-17,2024,144,204,65,58,.528,8.0,-,2,3,6,False,32,
2024-08-18,2024-08-17,2024,121,204,64,59,.520,9.0,1.0,3,4,7,False,31,
2024-08-18,2024-08-17,2024,120,204,55,69,.444,18.5,10.5,4,10,13,False,21,
2024-08-18,2024-08-17,2024,146,204,45,78,.366,28.0,20.0,5,11,14,False,12,
2024-08-18,2024-08-17,2024,158,205,71,52,.577,-,-,1,,3,False,-,30
2024-08-18,2024-08-17,2024,138,205,61,62,.496,10.0,4.0,2,6,9,False,30,
2024-08-18,2024-08-17,2024,112,205,61,63,.492,10.5,4.5,3,7,10,False,29,
2024-08-18,2024-08-17,2024,113,205,60,63,.488,11.0,5.0,4,8,11,False,29,
2024-08-18,2024-08-17,2024,134,205,58,64,.475,12.5,6.5,5,9,12,False,28,
2024-08-18,2024-08-17,2024,119,203,72,52,.581,-,-,1,,2,False,-,37
2024-08-18,2024-08-17,2024,135,203,70,54,.565,2.0,+4.5,2,1,4,False,37,
2024-08-18,2024-08-17,2024,109,203,69,55,.556,3.0,+3.5,3,2,5,False,36,
2024-08-18,2024-08-17,2024,137,203,62,63,.496,10.5,4.0,4,5,8,False,28,
2024-08-18,2024-08-17,2024,115,203,45,79,.363,27.0,20.5,5,12,15,False,12,
2024-08-19,2024-08-18,2024,110,201,73,52,.584,-,-,1,,1,False,-,31
2024-08-19,2024-08-18,2024,147,201,73,52,.584,-,+3.5,2,1,2,False,-,
2024-08-19,2024-08-18,2024,111,201,65,59,.524,7.5,4.0,3,4,7,False,31,
2024-08-19,2024-08-18,2024,139,201,62,61,.504,10.0,6.5,4,6,9,False,29,
2024-08-19,2024-08-18,2024,141,201,59,66,.472,14.0,10.5,5,8,11,False,24,
2024-08-19,2024-08-18,2024,114,202,72,52,.581,-,-,1,,3,False,-,37
2024-08-19,2024-08-18,2024,142,202,70,54,.565,2.0,+1.0,2,2,4,False,37,
2024-08-19,2024-08-18,2024,118,202,69,55,.556,3.0,-,3,3,5,False,36,
2024-08-19,2024-08-18,2024,116,202,61,64,.488,11.5,8.5,4,7,10,False,27,
2024-08-19,2024-08-18,2024,145,202,30,95,.240,42.5,39.5,5,12,15,False,E,
2024-08-19,2024-08-18,2024,117,200,67,56,.545,-,-,1,,6,False,-,35
2024-08-19,2024-08-18,2024,136,200,64,61,.512,4.0,5.5,2,5,8,False,35,
2024-08-19,2024-08-18,2024,140,200,57,68,.456,11.0,12.5,3,9,12,False,28,
2024-08-19,2024-08-18,2024,133,200,53,71,.427,14.5,16.0,4,10,13,False,25,
2024-08-19,2024-08-18,2024,108,200,53,71,.427,14.5,16.0,5,11,14,False,25,
2024-08-19,2024-08-18,2024,143,204,73,51,.589,-,-,1,,1,False,-,32
2024-08-19,2024-08-18,2024,144,204,66,58,.532,7.0,-,2,3,6,False,32,
2024-08-19,2024-08-18,2024,121,204,64,60,.516,9.0,2.0,3,4,7,False,30,
2024-08-19,2024-08-18,2024,120,204,56,69,.448,17.5,10.5,4,10,13,False,21,
2024-08-19,2024-08-18,2024,146,204,46,78,.371,27.0,20.0,5,11,14,False,12,
2024-08-19,2024-08-18,2024,158,205,72,52,.581,-,-,1,,3,False,-,28
2024-08-19,2024-08-18,2024,138,205,61,63,.492,11.0,5.0,2,6,9,False,28,
2024-08-19,2024-08-18,2024,112,205,61,64,.488,11.5,5.5,3,7,10,False,27,
2024-08-19,2024-08-18,2024,113,205,60,64,.484,12.0,6.0,4,8,11,False,27,
2024-08-19,2024-08-18,2024,134,205,58,65,.472,13.5,7.5,5,9,12,False,26,
2024-08-19,2024-08-18,2024,119,203,73,52,.584,-,-,1,,2,False,-,35
2024-08-19,2024-08-18,2024,135,203,70,55,.560,3.0,+3.5,2,1,4,False,35,
2024-08-19,2024-08-18,2024,109,203,69,56,.552,4.0,+2.5,3,2,5,False,34,
2024-08-19,2024-08-18,2024,137,203,63,63,.500,10.5,4.0,4,5,8,False,27,
2024-08-19,2024-08-18,2024,115,203,46,79,.368,27.0,20.5,5,12,15,False,11,
2024-08-20,2024-08-19,2024,147,201,73,52,.584,-,-,1,,1,False,-,37
2024-08-20,2024-08-19,2024,110,201,73,53,.579,0.5,+2.5,2,1,3,False,37,
2024-08-20,2024-08-19,2024,111,201,65,60,.520,8.0,5.0,3,4,7,False,30,
2024-08-20,2024-08-19,2024,139,201,62,62,.500,10.5,7.5,4,6,9,False,28,
2024-08-20,2024-08-19,2024,141,201,59,67,.468,14.5,11.5,5,8,11,False,23,
2024-08-20,2024-08-19,2024,114,202,72,52,.581,-,-,1,,2,False,-,36
2024-08-20,2024-08-19,2024,142,202,70,55,.560,2.5,-,2,2,4,False,36,
2024-08-20,2024-08-19,2024,118,202,70,55,.560,2.5,-,3,3,5,False,36,
2024-08-20,2024-08-19,2024,116,202,61,64,.488,11.5,9.0,4,7,10,False,27,
2024-08-20,2024-08-19,2024,145,202,30,96,.238,43.0,40.5,5,12,15,False,E,
2024-08-20,2024-08-19,2024,117,200,68,56,.548,-,-,1,,6,False,-,33
2024-08-20,2024-08-19,2024,136,200,64,62,.508,5.0,6.5,2,5,8,False,33,
2024-08-20,2024-08-19,2024,140,200,58,68,.460,11.0,12.5,3,9,12,False,27,
2024-08-20,2024-08-19,2024,133,200,54,71,.432,14.5,16.0,4,10,13,False,24,
2024-08-20,2024-08-19,2024,108,200,53,72,.424,15.5,17.0,5,11,14,False,23,
2024-08-20,2024-08-19,2024,143,204,73,51,.589,-,-,1,,1,False,-,32
2024-08-20,2024-08-19,2024,144,204,66,58,.532,7.0,-,2,3,6,False,32,
2024-08-20,2024-08-19,2024,121,204,65,60,.520,8.5,1.5,3,4,7,False,30,
2024-08-20,2024-08-19,2024,120,204,56,69,.448,17.5,10.5,4,10,13,False,21,
2024-08-20,2024-08-19,2024,146,204,46,79,.368,27.5,20.5,5,11,14,False,11,
2024-08-20,2024-08-19,2024,158,205,72,52,.581,-,-,1,,3,False,-,28
2024-08-20,2024-08-19,2024,138,205,61,63,.492,11.0,5.0,2,6,9,False,28,
2024-08-20,2024-08-19,2024,113,205,61,64,.488,11.5,5.5,3,7,10,False,27,
2024-08-20,2024-08-19,2024,112,205,61,64,.488,11.5,5.5,4,8,11,False,27,
2024-08-20,2024-08-19,2024,134,205,58,66,.468,14.0,8.0,5,9,12,False,25,
2024-08-20,2024-08-19,2024,119,203,74,52,.587,-,-,1,,2,False,-,34
2024-08-20,2024-08-19,2024,135,203,71,55,.563,3.0,+4.0,2,1,4,False,34,
2024-08-20,2024-08-19,2024,109,203,70,56,.556,4.0,+3.0,3,2,5,False,33,
2024-08-20,2024-08-19,2024,137,203,64,63,.504,10.5,3.5,4,5,8,False,26,
2024-08-20,2024-08-19,2024,115,203,46,79,.368,27.5,20.5,5,12,15,False,10,
2024-08-21,2024-08-20,2024,110,201,74,53,.583,-,-,1,,2,False,-,36
2024-08-21,2024-08-20,2024,147,201,73,53,.579,0.5,+3.0,2,1,3,False,36,
2024-08-21,2024-08-20,2024,111,201,66,60,.524,7.5,4.0,3,4,7,False,29,
2024-08-21,2024-08-20,2024,139,201,63,62,.504,10.0,6.5,4,5,8,False,27,
2024-08-21,2024-08-20,2024,141,201,60,67,.472,14.0,10.5,5,8,11,False,22,
2024-08-21,2024-08-20,2024,114,202,73,52,.584,-,-,1,,1,False,-,34
2024-08-21,2024-08-20,2024,142,202,70,56,.556,3.5,-,2,2,4,False,34,
2024-08-21,2024-08-20,2024,118,202,70,56,.556,3.5,-,3,3,5,False,34,
2024-08-21,2024-08-20,2024,116,202,61,65,.484,12.5,9.0,4,7,10,False,25,
2024-08-21,2024-08-20,2024,145,202,30,97,.236,44.0,40.5,5,12,15,False,E,
2024-08-21,2024-08-20,2024,117,200,68,57,.544,-,-,1,,6,False,-,32
2024-08-21,2024-08-20,2024,136,200,64,63,.504,5.0,6.5,2,6,9,False,32,
2024-08-21,2024-08-20,2024,140,200,58,69,.457,11.0,12.5,3,9,12,False,26,
2024-08-21,2024-08-20,2024,133,200,54,72,.429,14.5,16.0,4,10,13,False,23,
2024-08-21,2024-08-20,2024,108,200,54,72,.429,14.5,16.0,5,11,14,False,23,
2024-08-21,2024-08-20,2024,143,204,73,52,.584,-,-,1,,2,False,-,32
2024-08-21,2024-08-20,2024,144,204,67,58,.536,6.0,-,2,3,6,False,32,
2024-08-21,2024-08-20,2024,121,204,65,61,.516,8.5,2.5,3,4,7,False,29,
2024-08-21,2024-08-20,2024,120,204,56,70,.444,17.5,11.5,4,10,13,False,20,
2024-08-21,2024-08-20,2024,146,204,46,80,.365,27.5,21.5,5,12,15,False,10,
2024-08-21,2024-08-20,2024,158,205,73,52,.584,-,-,1,,3,False,-,26
2024-08-21,2024-08-20,2024,112,205,62,64,.492,11.5,5.5,2,6,9,False,26,
2024-08-21,2024-08-20,2024,138,205,61,64,.488,12.0,6.0,3,7,10,False,26,
2024-08-21,2024-08-20,2024,113,205,61,65,.484,12.5,6.5,4,8,11,False,25,
2024-08-21,2024-08-20,2024,134,205,59,66,.472,14.0,8.0,5,9,12,False,24,
2024-08-21,2024-08-20,2024,119,203,75,52,.591,-,-,1,,1,False,-,33
2024-08-21,2024-08-20,2024,135,203,72,55,.567,3.0,+4.0,2,1,4,False,33,
2024-08-21,2024-08-20,2024,109,203,71,56,.559,4.0,+3.0,3,2,5,False,32,
2024-08-21,2024-08-20,2024,137,203,65,63,.508,10.5,3.5,4,5,8,False,25,
2024-08-21,2024-08-20,2024,115,203,47,79,.373,27.5,20.5,5,11,14,False,9,
2024-08-22,2024-08-21,2024,147,201,74,53,.583,-,-,1,,1,False,-,35
2024-08-22,2024-08-21,2024,110,201,74,54,.578,0.5,+2.5,2,1,3,False,35,
2024-08-22,2024-08-21,2024,111,201,67,60,.528,7.0,4.0,3,4,7,False,29,
2024-08-22,2024-08-21,2024,139,201,64,62,.508,9.5,6.5,4,5,8,False,27,
2024-08-22,2024-08-21,2024,141,201,60,68,.469,14.5,11.5,5,8,11,False,21,
2024-08-22,2024-08-21,2024,114,202,73,53,.579,-,-,1,,2,False,-,34
2024-08-22,2024-08-21,2024,142,202,71,56,.559,2.5,-,2,2,4,False,34,
2024-08-22,2024-08-21,2024,118,202,71,56,.559,2.5,-,3,3,5,False,34,
2024-08-22,2024-08-21,2024,116,202,62,65,.488,11.5,9.0,4,7,10,False,25,
2024-08-22,2024-08-21,2024,145,202,31,97,.242,43.0,40.5,5,12,15,False,E,
2024-08-22,2024-08-21,2024,117,200,68,58,.540,-,-,1,,6,False,-,31
2024-08-22,2024-08-21,2024,136,200,64,64,.500,5.0,7.5,2,6,9,False,31,
2024-08-22,2024-08-21,2024,140,200,59,69,.461,10.0,12.5,3,9,12,False,26,
2024-08-22,2024-08-21,2024,133,200,54,73,.425,14.5,17.0,4,10,13,False,22,
2024-08-22,2024-08-21,2024,108,200,54,73,.425,14.5,17.0,5,11,14,False,22,
2024-08-22,2024-08-21,2024,143,204,74,52,.587,-,-,1,,2,False,-,30
2024-08-22,2024-08-21,2024,144,204,67,59,.532,7.0,-,2,3,6,False,30,
2024-08-22,2024-08-21,2024,121,204,66,61,.520,8.5,1.5,3,4,7,False,28,
2024-08-22,2024-08-21,2024,120,204,57,70,.449,17.5,10.5,4,10,13,False,19,
2024-08-22,2024-08-21,2024,146,204,46,81,.362,28.5,21.5,5,12,15,False,8,
2024-08-22,2024-08-21,2024,158,205,73,53,.579,-,-,1,,3,False,-,26
2024-08-22,2024-08-21,2024,138,205,62,64,.492,11.0,5.0,2,6,9,False,26,
2024-08-22,2024-08-21,2024,113,205,62,65,.488,11.5,5.5,3,7,10,False,25,
2024-08-22,2024-08-21,2024,112,205,62,65,.488,11.5,5.5,4,8,11,False,25,
2024-08-22,2024-08-21,2024,134,205,59,67,.468,14.0,8.0,5,9,12,False,23,
2024-08-22,2024-08-21,2024,119,203,76,52,.594,-,-,1,,1,False,-,31
2024-08-22,2024-08-21,2024,109,203,72,56,.563,4.0,+4.0,2,1,4,False,31,
2024-08-22,2024-08-21,2024,135,203,72,56,.563,4.0,+4.0,3,2,5,False,31,
2024-08-22,2024-08-21,2024,137,203,65,64,.504,11.5,3.5,4,5,8,False,23,
2024-08-22,2024-08-21,2024,115,203,47,80,.370,28.5,20.5,5,11,14,False,7,
2024-08-23,2024-08-22,2024,147,201,75,53,.586,-,-,1,,1,False,-,33
2024-08-23,2024-08-22,2024,110,201,74,55,.574,1.5,+2.0,2,1,3,False,33,
2024-08-23,2024-08-22,2024,111,201,67,60,.528,7.5,4.0,3,4,7,False,28,
2024-08-23,2024-08-22,2024,139,201,64,63,.504,10.5,7.0,4,5,8,False,25,
2024-08-23,2024-08-22,2024,141,201,61,68,.473,14.5,11.0,5,8,11,False,20,
2024-08-23,2024-08-22,2024,114,202,73,54,.575,-,-,1,,2,False,-,34
2024-08-23,2024-08-22,2024,142,202,71,56,.559,2.0,-,2,2,4,False,34,
2024-08-23,2024-08-22,2024,118,202,71,56,.559,2.0,-,3,3,5,False,34,
2024-08-23,2024-08-22,2024,116,202,62,66,.484,11.5,9.5,4,7,10,False,24,
2024-08-23,2024-08-22,2024,145,202,31,97,.242,42.5,40.5,5,12,15,False,E,
2024-08-23,2024-08-22,2024,117,200,69,58,.543,-,-,1,,6,False,-,30
2024-08-23,2024-08-22,2024,136,200,64,64,.500,5.5,7.5,2,6,9,False,30,
2024-08-23,2024-08-22,2024,140,200,59,69,.461,10.5,12.5,3,9,12,False,25,
2024-08-23,2024-08-22,2024,133,200,55,73,.430,14.5,16.5,4,10,13,False,21,
2024-08-23,2024-08-22,2024,108,200,54,74,.422,15.5,17.5,5,11,14,False,20,
2024-08-23,2024-08-22,2024,143,204,74,53,.583,-,-,1,,2,False,-,30
2024-08-23,2024-08-22,2024,144,204,68,59,.535,6.0,-,2,3,6,False,30,
2024-08-23,2024-08-22,2024,121,204,67,61,.523,7.5,1.5,3,4,7,False,28,
2024-08-23,2024-08-22,2024,120,204,58,70,.453,16.5,10.5,4,10,13,False,19,
2024-08-23,2024-08-22,2024,146,204,46,81,.362,28.0,22.0,5,12,15,False,8,
2024-08-23,2024-08-22,2024,158,205,73,54,.575,-,-,1,,3,False,-,26
2024-08-23,2024-08-22,2024,138,205,63,64,.496,10.0,5.0,2,6,9,False,26,
2024-08-23,2024-08-22,2024,112,205,63,65,.492,10.5,5.5,3,7,10,False,25,
2024-08-23,2024-08-22,2024,113,205,62,66,.484,11.5,6.5,4,8,11,False,24,
2024-08-23,2024-08-22,2024,134,205,60,67,.472,13.0,8.0,5,9,12,False,23,
2024-08-23,2024-08-22,2024,119,203,76,52,.594,-,-,1,,1,False,-,31
2024-08-23,2024-08-22,2024,109,203,72,56,.563,4.0,+3.5,2,1,4,False,31,
2024-08-23,2024-08-22,2024,135,203,72,57,.558,4.5,+3.0,3,2,5,False,30,
2024-08-23,2024-08-22,2024,137,203,65,64,.504,11.5,4.0,4,5,8,False,23,
2024-08-23,2024-08-22,2024,115,203,47,81,.367,29.0,21.5,5,11,14,False,6,
2024-08-24,2024-08-23,2024,147,201,76,53,.589,-,-,1,,1,False,-,32
2024-08-24,2024-08-23,2024,110,201,75,55,.577,1.5,+3.0,2,1,2,False,32,
2024-08-24,2024-08-23,2024,111,201,67,61,.523,8.5,4.0,3,4,7,False,26,
2024-08-24,2024-08-23,2024,139,201,64,64,.500,11.5,7.0,4,6,9,False,23,
2024-08-24,2024-08-23,2024,141,201,62,68,.477,14.5,10.0,5,8,11,False,19,
2024-08-24,2024-08-23,2024,114,202,73,55,.570,-,-,1,,3,False,-,34
2024-08-24,2024-08-23,2024,118,202,72,56,.563,1.0,+1.0,2,2,4,False,34,
2024-08-24,2024-08-23,2024,142,202,71,57,.555,2.0,-,3,3,5,False,33,
2024-08-24,2024-08-23,2024,116,202,63,66,.488,10.5,8.5,4,7,10,False,24,
2024-08-24,2024-08-23,2024,145,202,31,98,.240,42.5,40.5,5,12,15,False,E,
2024-08-24,2024-08-23,2024,117,200,69,59,.539,-,-,1,,6,False,-,30
2024-08-24,2024-08-23,2024,136,200,65,64,.504,4.5,6.5,2,5,8,False,30,
2024-08-24,2024-08-23,2024,140,200,60,69,.465,9.5,11.5,3,9,12,False,25,
2024-08-24,2024-08-23,2024,133,200,55,74,.426,14.5,16.5,4,10,13,False,20,
2024-08-24,2024-08-23,2024,108,200,54,75,.419,15.5,17.5,5,11,14,False,19,
2024-08-24,2024-08-23,2024,143,204,74,54,.578,-,-,1,,2,False,-,30
2024-08-24,2024-08-23,2024,144,204,69,59,.539,5.0,-,2,3,6,False,30,
2024-08-24,2024-08-23,2024,121,204,67,62,.519,7.5,2.5,3,4,7,False,27,
2024-08-24,2024-08-23,2024,120,204,58,71,.450,16.5,11.5,4,10,13,False,18,
2024-08-24,2024-08-23,2024,146,204,46,82,.359,28.0,23.0,5,12,15,False,7,
2024-08-24,2024-08-23,2024,158,205,74,54,.578,-,-,1,,3,False,-,25
2024-08-24,2024-08-23,2024,138,205,64,64,.500,10.0,5.0,2,5,8,False,25,
2024-08-24,2024-08-23,2024,112,205,64,65,.496,10.5,5.5,3,7,10,False,24,
2024-08-24,2024-08-23,2024,113,205,62,67,.481,12.5,7.5,4,8,11,False,22,
2024-08-24,2024-08-23,2024,134,205,61,67,.477,13.0,8.0,5,9,12,False,22,
2024-08-24,2024-08-23,2024,119,203,77,52,.597,-,-,1,,1,False,-,30
2024-08-24,2024-08-23,2024,109,203,73,56,.566,4.0,+3.5,2,1,4,False,30,
2024-08-24,2024-08-23,2024,135,203,73,57,.562,4.5,+3.0,3,2,5,False,29,
2024-08-24,2024-08-23,2024,137,203,65,65,.500,12.5,5.0,4,6,9,False,21,
2024-08-24,2024-08-23,2024,115,203,47,82,.364,30.0,22.5,5,11,14,False,4,
2024-08-25,2024-08-24,2024,147,201,76,54,.585,-,-,1,,1,False,-,32
2024-08-25,2024-08-24,2024,110,201,76,55,.580,0.5,+3.0,2,1,2,False,32,
2024-08-25,2024-08-24,2024,111,201,67,62,.519,8.5,5.0,3,4,7,False,25,
2024-08-25,2024-08-24,2024,139,201,65,64,.504,10.5,7.0,4,5,8,False,23,
2024-08-25,2024-08-24,2024,141,201,63,68,.481,13.5,10.0,5,8,11,False,19,
2024-08-25,2024-08-24,2024,114,202,74,55,.574,-,-,1,,3,False,-,32
2024-08-25,2024-08-24,2024,142,202,72,57,.558,2.0,-,2,2,4,False,32,
2024-08-25,2024-08-24,2024,118,202,72,57,.558,2.0,-,3,3,5,False,32,
2024-08-25,2024-08-24,2024,116,202,64,66,.492,10.5,8.5,4,7,10,False,23,
2024-08-25,2024-08-24,2024,145,202,31,99,.238,43.5,41.5,5,12,15,False,E,
2024-08-25,2024-08-24,2024,117,200,69,60,.535,-,-,1,,6,False,-,29
2024-08-25,2024-08-24,2024,136,200,65,65,.500,4.5,7.5,2,6,9,False,29,
2024-08-25,2024-08-24,2024,140,200,60,70,.462,9.5,12.5,3,9,12,False,24,
2024-08-25,2024-08-24,2024,133,200,55,75,.423,14.5,17.5,4,10,13,False,19,
2024-08-25,2024-08-24,2024,108,200,54,76,.415,15.5,18.5,5,11,14,False,18,
2024-08-25,2024-08-24,2024,143,204,75,54,.581,-,-,1,,2,False,-,29
2024-08-25,2024-08-24,2024,144,204,70,59,.543,5.0,-,2,3,6,False,29,
2024-08-25,2024-08-24,2024,121,204,68,62,.523,7.5,2.5,3,4,7,False,26,
2024-08-25,2024-08-24,2024,120,204,58,72,.446,17.5,12.5,4,10,13,False,16,
2024-08-25,2024-08-24,2024,146,204,46,83,.357,29.0,24.0,5,12,15,False,5,
2024-08-25,2024-08-24,2024,158,205,75,54,.581,-,-,1,,3,False,-,23
2024-08-25,2024-08-24,2024,112,205,65,65,.500,10.5,5.5,2,6,9,False,23,
2024-08-25,2024-08-24,2024,138,205,64,65,.496,11.0,6.0,3,7,10,False,23,
2024-08-25,2024-08-24,2024,113,205,63,67,.485,12.5,7.5,4,8,11,False,21,
2024-08-25,2024-08-24,2024,134,205,61,68,.473,14.0,9.0,5,9,12,False,20,
2024-08-25,2024-08-24,2024,119,203,77,53,.592,-,-,1,,1,False,-,30
2024-08-25,2024-08-24,2024,109,203,74,56,.569,3.0,+3.5,2,1,4,False,30,
2024-08-25,2024-08-24,2024,135,203,73,58,.557,4.5,+2.0,3,2,5,False,28,
2024-08-25,2024-08-24,2024,137,203,66,65,.504,11.5,5.0,4,5,8,False,21,
2024-08-25,2024-08-24,2024,115,203,48,82,.369,29.0,22.5,5,11,14,False,4,
2024-08-26,2024-08-25,2024,147,201,77,54,.588,-,-,1,,1,False,-,30
2024-08-26,2024-08-25,2024,110,201,76,56,.576,1.5,+3.0,2,1,3,False,30,
2024-08-26,2024-08-25,2024,111,201,67,63,.515,9.5,5.0,3,4,7,False,23,
2024-08-26,2024-08-25,2024,139,201,65,65,.500,11.5,7.0,4,6,9,False,21,
2024-08-26,2024-08-25,2024,141,201,64,68,.485,13.5,9.0,5,8,11,False,18,
2024-08-26,2024-08-25,2024,114,202,75,55,.577,-,-,1,,2,False,-,30
2024-08-26,2024-08-25,2024,142,202,72,58,.554,3.0,-,2,2,4,False,30,
2024-08-26,2024-08-25,2024,118,202,72,58,.554,3.0,-,3,3,5,False,30,
2024-08-26,2024-08-25,2024,116,202,65,66,.496,10.5,7.5,4,7,10,False,22,
2024-08-26,2024-08-25,2024,145,202,31,100,.237,44.5,41.5,5,12,15,False,E,
2024-08-26,2024-08-25,2024,117,200,70,60,.538,-,-,1,,6,False,-,28
2024-08-26,2024-08-25,2024,136,200,66,65,.504,4.5,6.5,2,5,8,False,28,
2024-08-26,2024-08-25,2024,140,200,60,71,.458,10.5,12.5,3,9,12,False,22,
2024-08-26,2024-08-25,2024,133,200,56,75,.427,14.5,16.5,4,10,13,False,18,
2024-08-26,2024-08-25,2024,108,200,54,77,.412,16.5,18.5,5,11,14,False,16,
2024-08-26,2024-08-25,2024,143,204,76,54,.585,-,-,1,,2,False,-,27
2024-08-26,2024-08-25,2024,144,204,70,60,.538,6.0,-,2,3,6,False,27,
2024-08-26,2024-08-25,2024,121,204,68,63,.519,8.5,2.5,3,4,7,False,24,
2024-08-26,2024-08-25,2024,120,204,59,72,.450,17.5,11.5,4,10,13,False,15,
2024-08-26,2024-08-25,2024,146,204,47,83,.362,29.0,23.0,5,12,15,False,4,
2024-08-26,2024-08-25,2024,158,205,75,55,.577,-,-,1,,3,False,-,23
2024-08-26,2024-08-25,2024,138,205,65,65,.500,10.0,5.0,2,5,8,False,23,
2024-08-26,2024-08-25,2024,112,205,65,66,.496,10.5,5.5,3,7,10,False,22,
2024-08-26,2024-08-25,2024,113,205,63,68,.481,12.5,7.5,4,8,11,False,20,
2024-08-26,2024-08-25,2024,134,205,62,68,.477,13.0,8.0,5,9,12,False,20,
2024-08-26,2024-08-25,2024,119,203,78,53,.595,-,-,1,,1,False,-,29
2024-08-26,2024-08-25,2024,109,203,75,56,.573,3.0,+4.5,2,1,4,False,29,
2024-08-26,2024-08-25,2024,135,203,74,58,.561,4.5,+3.0,3,2,5,False,27,
2024-08-26,2024-08-25,2024,137,203,66,66,.500,12.5,5.0,4,6,9,False,19,
2024-08-26,2024-08-25,2024,115,203,48,83,.366,30.0,22.5,5,11,14,False,2,
2024-08-27,2024-08-26,2024,147,201,78,54,.591,-,-,1,,1,False,-,29
2024-08-27,2024-08-26,2024,110,201,76,56,.576,2.0,+3.5,2,1,2,False,29,
2024-08-27,2024-08-26,2024,111,201,67,64,.511,10.5,5.0,3,4,7,False,21,
2024-08-27,2024-08-26,2024,139,201,65,66,.496,12.5,7.0,4,7,10,False,19,
2024-08-27,2024-08-26,2024,141,201,65,68,.489,13.5,8.0,5,8,11,False,17,
2024-08-27,2024-08-26,2024,114,202,75,57,.568,-,-,1,,3,False,-,30
2024-08-27,2024-08-26,2024,118,202,74,58,.561,1.0,+1.5,2,2,4,False,30,
2024-08-27,2024-08-26,2024,142,202,72,59,.550,2.5,-,3,3,5,False,29,
2024-08-27,2024-08-26,2024,116,202,66,66,.500,9.0,6.5,4,6,9,False,22,
2024-08-27,2024-08-26,2024,145,202,31,101,.235,44.0,41.5,5,12,15,False,E,
2024-08-27,2024-08-26,2024,117,200,70,61,.534,-,-,1,,6,False,-,28
2024-08-27,2024-08-26,2024,136,200,67,65,.508,3.5,5.5,2,5,8,False,28,
2024-08-27,2024-08-26,2024,140,200,60,71,.458,10.0,12.0,3,9,12,False,22,
2024-08-27,2024-08-26,2024,133,200,56,75,.427,14.0,16.0,4,10,13,False,18,
2024-08-27,2024-08-26,2024,108,200,54,77,.412,16.0,18.0,5,11,14,False,16,
2024-08-27,2024-08-26,2024,143,204,77,54,.588,-,-,1,,2,False,-,26
2024-08-27,2024-08-26,2024,144,204,71,60,.542,6.0,-,2,3,6,False,26,
2024-08-27,2024-08-26,2024,121,204,68,63,.519,9.0,3.0,3,4,7,False,23,
2024-08-27,2024-08-26,2024,120,204,59,73,.447,18.5,12.5,4,10,13,False,13,
2024-08-27,2024-08-26,2024,146,204,47,84,.359,30.0,24.0,5,12,15,False,2,
2024-08-27,2024-08-26,2024,158,205,75,55,.577,-,-,1,,3,False,-,22
2024-08-27,2024-08-26,2024,112,205,66,66,.500,10.0,5.5,2,6,9,False,22,
2024-08-27,2024-08-26,2024,138,205,65,66,.496,10.5,6.0,3,7,10,False,22,
2024-08-27,2024-08-26,2024,113,205,63,68,.481,12.5,8.0,4,8,11,False,20,
2024-08-27,2024-08-26,2024,134,205,62,69,.473,13.5,9.0,5,9,12,False,19,
2024-08-27,2024-08-26,2024,119,203,78,53,.595,-,-,1,,1,False,-,29
2024-08-27,2024-08-26,2024,109,203,75,56,.573,3.0,+4.0,2,1,4,False,29,
2024-08-27,2024-08-26,2024,135,203,75,58,.564,4.0,+3.0,3,2,5,False,27,
2024-08-27,2024-08-26,2024,137,203,66,66,.500,12.5,5.5,4,5,8,False,19,
2024-08-27,2024-08-26,2024,115,203,49,83,.371,29.5,22.5,5,11,14,False,2,
2024-08-28,2024-08-27,2024,147,201,78,55,.586,-,-,1,,1,False,-,29
2024-08-28,2024-08-27,2024,110,201,77,56,.579,1.0,+4.5,2,1,2,False,29,
2024-08-28,2024-08-27,2024,111,201,68,64,.515,9.5,4.0,3,4,7,False,21,
2024-08-28,2024-08-27,2024,139,201,66,66,.500,11.5,6.0,4,7,10,False,19,
2024-08-28,2024-08-27,2024,141,201,65,69,.485,13.5,8.0,5,8,11,False,16,
2024-08-28,2024-08-27,2024,118,202,75,58,.564,-,-,1,,3,False,-,28
2024-08-28,2024-08-27,2024,114,202,75,58,.564,-,+2.5,2,2,4,False,-,
2024-08-28,2024-08-27,2024,142,202,72,60,.545,2.5,-,3,3,5,False,28,
2024-08-28,2024-08-27,2024,116,202,67,66,.504,8.0,5.5,4,5,8,False,22,
2024-08-28,2024-08-27,2024,145,202,31,102,.233,44.0,41.5,5,12,15,False,E,
2024-08-28,2024-08-27,2024,117,200,70,62,.530,-,-,1,,6,False,-,27
2024-08-28,2024-08-27,2024,136,200,67,66,.504,3.5,5.5,2,6,9,False,27,
2024-08-28,2024-08-27,2024,140,200,61,71,.462,9.0,11.0,3,9,12,False,22,
2024-08-28,2024-08-27,2024,133,200,57,75,.432,13.0,15.0,4,10,13,False,18,
2024-08-28,2024-08-27,2024,108,200,54,78,.409,16.0,18.0,5,11,14,False,15,
2024-08-28,2024-08-27,2024,143,204,78,54,.591,-,-,1,,1,False,-,25
2024-08-28,2024-08-27,2024,144,204,72,60,.545,6.0,-,2,3,6,False,25,
2024-08-28,2024-08-27,2024,121,204,69,63,.523,9.0,3.0,3,4,7,False,22,
2024-08-28,2024-08-27,2024,120,204,60,73,.451,18.5,12.5,4,10,13,False,12,
2024-08-28,2024-08-27,2024,146,204,48,84,.364,30.0,24.0,5,12,15,False,1,
2024-08-28,2024-08-27,2024,158,205,75,56,.573,-,-,1,,3,False,-,22
2024-08-28,2024-08-27,2024,112,205,67,66,.504,9.0,5.5,2,6,9,False,22,
2024-08-28,2024-08-27,2024,138,205,65,67,.492,10.5,7.0,3,7,10,False,21,
2024-08-28,2024-08-27,2024,113,205,63,69,.477,12.5,9.0,4,8,11,False,19,
2024-08-28,2024-08-27,2024,134,205,62,70,.470,13.5,10.0,5,9,12,False,18,
2024-08-28,2024-08-27,2024,119,203,78,54,.591,-,-,1,,2,False,-,28
2024-08-28,2024-08-27,2024,109,203,75,57,.568,3.0,+3.0,2,1,4,False,28,
2024-08-28,2024-08-27,2024,135,203,76,58,.567,3.0,+3.0,3,2,5,False,27,
2024-08-28,2024-08-27,2024,137,203,67,66,.504,11.5,5.5,4,5,8,False,19,
2024-08-28,2024-08-27,2024,115,203,49,84,.368,29.5,23.5,5,11,14,False,1,
2024-08-29,2024-08-28,2024,147,201,78,56,.582,-,-,1,,1,False,-,28
2024-08-29,2024-08-28,2024,110,201,77,57,.575,1.0,+4.5,2,1,2,False,28,
2024-08-29,2024-08-28,2024,111,201,69,64,.519,8.5,3.0,3,4,7,False,21,
2024-08-29,2024-08-28,2024,139,201,66,67,.496,11.5,6.0,4,7,10,False,18,
2024-08-29,2024-08-28,2024,141,201,65,70,.481,13.5,8.0,5,8,11,False,15,
2024-08-29,2024-08-28,2024,114,202,76,58,.567,-,-,1,,3,False,-,28
2024-08-29,2024-08-28,2024,118,202,75,59,.560,1.0,+2.5,2,2,4,False,28,
2024-08-29,2024-08-28,2024,142,202,72,61,.541,3.5,-,3,3,5,False,26,
2024-08-29,2024-08-28,2024,116,202,68,66,.507,8.0,4.5,4,5,8,False,21,
2024-08-29,2024-08-28,2024,145,202,31,103,.231,45.0,41.5,5,12,15,False,E,
2024-08-29,2024-08-28,2024,117,200,71,62,.534,-,-,1,,6,False,-,26
2024-08-29,2024-08-28,2024,136,200,68,66,.507,3.5,4.5,2,6,9,False,26,
2024-08-29,2024-08-28,2024,140,200,62,71,.466,9.0,10.0,3,9,12,False,21,
2024-08-29,2024-08-28,2024,133,200,58,75,.436,13.0,14.0,4,10,13,False,17,
2024-08-29,2024-08-28,2024,108,200,54,79,.406,17.0,18.0,5,11,14,False,13,
2024-08-29,2024-08-28,2024,143,204,78,55,.586,-,-,1,,2,False,-,25
2024-08-29,2024-08-28,2024,144,204,73,60,.549,5.0,-,2,3,6,False,25,
2024-08-29,2024-08-28,2024,121,204,69,64,.519,9.0,4.0,3,4,7,False,21,
2024-08-29,2024-08-28,2024,120,204,61,73,.455,17.5,12.5,4,10,13,False,12,
2024-08-29,2024-08-28,2024,146,204,48,85,.361,30.0,25.0,5,12,15,False,E,
2024-08-29,2024-08-28,2024,158,205,76,56,.576,-,-,1,,3,False,-,21
2024-08-29,2024-08-28,2024,112,205,68,66,.507,9.0,5.5,2,5,8,False,21,
2024-08-29,2024-08-28,2024,138,205,66,67,.496,10.5,7.0,3,7,10,False,20,
2024-08-29,2024-08-28,2024,113,205,63,70,.474,13.5,10.0,4,8,11,False,17,
2024-08-29,2024-08-28,2024,134,205,62,71,.466,14.5,11.0,5,9,12,False,16,
2024-08-29,2024-08-28,2024,119,203,79,54,.594,-,-,1,,1,False,-,27
2024-08-29,2024-08-28,2024,109,203,76,57,.571,3.0,+3.0,2,1,4,False,27,
2024-08-29,2024-08-28,2024,135,203,76,59,.563,4.0,+2.0,3,2,5,False,25,
2024-08-29,2024-08-28,2024,137,203,67,67,.500,12.5,6.5,4,6,9,False,17,
2024-08-29,2024-08-28,2024,115,203,50,84,.373,29.5,23.5,5,11,14,False,E,
2024-08-30,2024-08-29,2024,147,201,78,56,.582,-,-,1,,1,False,-,27
2024-08-30,2024-08-29,2024,110,201,77,58,.570,1.5,+4.0,2,1,2,False,27,
2024-08-30,2024-08-29,2024,111,201,69,65,.515,9.0,3.5,3,4,7,False,20,
2024-08-30,2024-08-29,2024,139,201,66,67,.496,11.5,6.0,4,7,10,False,18,
2024-08-30,2024-08-29,2024,141,201,66,70,.485,13.0,7.5,5,8,11,False,15,
2024-08-30,2024-08-29,2024,114,202,76,58,.567,-,-,1,,3,False,-,27
2024-08-30,2024-08-29,2024,118,202,75,60,.556,1.5,+2.0,2,2,4,False,27,
2024-08-30,2024-08-29,2024,142,202,72,61,.541,3.5,-,3,3,5,False,26,
2024-08-30,2024-08-29,2024,116,202,68,67,.504,8.5,5.0,4,6,9,False,20,
2024-08-30,2024-08-29,2024,145,202,31,104,.230,45.5,42.0,5,12,15,False,E,
2024-08-30,2024-08-29,2024,117,200,72,62,.537,-,-,1,,6,False,-,25
2024-08-30,2024-08-29,2024,136,200,68,66,.507,4.0,4.5,2,5,8,False,25,
2024-08-30,2024-08-29,2024,140,200,63,71,.470,9.0,9.5,3,9,12,False,20,
2024-08-30,2024-08-29,2024,133,200,58,76,.433,14.0,14.5,4,10,13,False,15,
2024-08-30,2024-08-29,2024,108,200,55,79,.410,17.0,17.5,5,11,14,False,12,
2024-08-30,2024-08-29,2024,143,204,79,55,.590,-,-,1,,2,False,-,23
2024-08-30,2024-08-29,2024,144,204,73,61,.545,6.0,-,2,3,6,False,23,
2024-08-30,2024-08-29,2024,121,204,70,64,.522,9.0,3.0,3,4,7,False,20,
2024-08-30,2024-08-29,2024,120,204,61,73,.455,18.0,12.0,4,10,13,False,11,
2024-08-30,2024-08-29,2024,146,204,49,85,.366,30.0,24.0,5,12,15,False,E,
2024-08-30,2024-08-29,2024,158,205,77,56,.579,-,-,1,,3,False,-,20
2024-08-30,2024-08-29,2024,112,205,68,66,.507,9.5,5.0,2,5,8,False,20,
2024-08-30,2024-08-29,2024,138,205,67,67,.500,10.5,6.0,3,6,9,False,19,
2024-08-30,2024-08-29,2024,113,205,64,70,.478,13.5,9.0,4,8,11,False,16,
2024-08-30,2024-08-29,2024,134,205,62,71,.466,15.0,10.5,5,9,12,False,15,
2024-08-30,2024-08-29,2024,119,203,80,54,.597,-,-,1,,1,False,-,25
2024-08-30,2024-08-29,2024,109,203,76,58,.567,4.0,+3.0,2,1,4,False,25,
2024-08-30,2024-08-29,2024,135,203,76,60,.559,5.0,+2.0,3,2,5,False,23,
2024-08-30,2024-08-29,2024,137,203,67,68,.496,13.5,6.5,4,7,10,False,15,
2024-08-30,2024-08-29,2024,115,203,50,85,.370,30.5,23.5,5,11,14,False,E,
2024-08-31,2024-08-30,2024,147,201,79,56,.585,-,-,1,,1,False,-,26
2024-08-31,2024-08-30,2024,110,201,78,58,.574,1.5,+4.0,2,1,2,False,26,
2024-08-31,2024-08-30,2024,111,201,70,65,.519,9.0,3.5,3,4,7,False,19,
2024-08-31,2024-08-30,2024,139,201,66,68,.493,12.5,7.0,4,7,10,False,16,
2024-08-31,2024-08-30,2024,141,201,66,71,.482,14.0,8.5,5,8,11,False,13,
2024-08-31,2024-08-30,2024,114,202,77,58,.570,-,-,1,,3,False,-,25
2024-08-31,2024-08-30,2024,118,202,75,61,.551,2.5,+1.0,2,2,4,False,25,
2024-08-31,2024-08-30,2024,142,202,73,61,.545,3.5,-,3,3,5,False,25,
2024-08-31,2024-08-30,2024,116,202,68,68,.500,9.5,6.0,4,6,9,False,18,
2024-08-31,2024-08-30,2024,145,202,31,105,.228,46.5,43.0,5,12,15,False,E,
2024-08-31,2024-08-30,2024,117,200,73,62,.541,-,-,1,,6,False,-,24
2024-08-31,2024-08-30,2024,136,200,69,66,.511,4.0,4.5,2,5,8,False,24,
2024-08-31,2024-08-30,2024,140,200,63,72,.467,10.0,10.5,3,9,12,False,18,
2024-08-31,2024-08-30,2024,133,200,59,76,.437,14.0,14.5,4,10,13,False,14,
2024-08-31,2024-08-30,2024,108,200,55,80,.407,18.0,18.5,5,11,14,False,10,
2024-08-31,2024-08-30,2024,143,204,79,56,.585,-,-,1,,2,False,-,23
2024-08-31,2024-08-30,2024,144,204,74,61,.548,5.0,-,2,3,6,False,23,
2024-08-31,2024-08-30,2024,121,204,71,64,.526,8.0,3.0,3,4,7,False,20,
2024-08-31,2024-08-30,2024,120,204,61,74,.452,18.0,13.0,4,10,13,False,10,
2024-08-31,2024-08-30,2024,146,204,49,86,.363,30.0,25.0,5,12,15,False,E,
2024-08-31,2024-08-30,2024,158,205,79,56,.585,-,-,1,,3,False,-,18
2024-08-31,2024-08-30,2024,112,205,69,66,.511,10.0,5.0,2,5,8,False,18,
2024-08-31,2024-08-30,2024,138,205,67,68,.496,12.0,7.0,3,7,10,False,16,
2024-08-31,2024-08-30,2024,113,205,64,72,.471,15.5,10.5,4,8,11,False,12,
2024-08-31,2024-08-30,2024,134,205,62,72,.463,16.5,11.5,5,9,12,False,12,
2024-08-31,2024-08-30,2024,119,203,81,54,.600,-,-,1,,1,False,-,23
2024-08-31,2024-08-30,2024,109,203,76,59,.563,5.0,+2.0,2,1,4,False,23,
2024-08-31,2024-08-30,2024,135,203,77,60,.562,5.0,+2.0,3,2,5,False,22,
2024-08-31,2024-08-30,2024,137,203,68,68,.500,13.5,6.5,4,6,9,False,14,
2024-08-31,2024-08-30,2024,115,203,50,86,.368,31.5,24.5,5,11,14,False,E,
2024-09-01,2024-08-31,2024,147,201,79,57,.581,-,-,1,,1,False,-,25
2024-09-01,2024-08-31,2024,110,201,78,59,.569,1.5,+4.0,2,1,2,False,25,
2024-09-01,2024-08-31,2024,111,201,70,66,.515,9.0,3.5,3,4,7,False,18,
2024-09-01,2024-08-31,2024,139,201,67,68,.496,11.5,6.0,4,7,10,False,16,
2024-09-01,2024-08-31,2024,141,201,67,71,.486,13.0,7.5,5,8,11,False,13,
2024-09-01,2024-08-31,2024,114,202,77,59,.566,-,-,1,,3,False,-,24
2024-09-01,2024-08-31,2024,118,202,75,62,.547,2.5,+1.0,2,2,4,False,24,
2024-09-01,2024-08-31,2024,142,202,73,62,.541,3.5,-,3,3,6,False,24,
2024-09-01,2024-08-31,2024,116,202,69,68,.504,8.5,5.0,4,6,9,False,18,
2024-09-01,2024-08-31,2024,145,202,31,106,.226,46.5,43.0,5,12,15,False,E,
2024-09-01,2024-08-31,2024,117,200,74,62,.544,-,-,1,,5,False,-,22
2024-09-01,2024-08-31,2024,136,200,69,67,.507,5.0,4.5,2,5,8,False,22,
2024-09-01,2024-08-31,2024,140,200,64,72,.471,10.0,9.5,3,9,12,False,17,
2024-09-01,2024-08-31,2024,133,200,59,77,.434,15.0,14.5,4,10,13,False,12,
2024-09-01,2024-08-31,2024,108,200,56,80,.412,18.0,17.5,5,11,14,False,9,
2024-09-01,2024-08-31,2024,143,204,80,56,.588,-,-,1,,2,False,-,21
2024-09-01,2024-08-31,2024,144,204,74,62,.544,6.0,-,2,3,6,False,21,
2024-09-01,2024-08-31,2024,121,204,72,64,.529,8.0,2.0,3,4,7,False,19,
2024-09-01,2024-08-31,2024,120,204,61,75,.449,19.0,13.0,4,10,13,False,8,
2024-09-01,2024-08-31,2024,146,204,50,86,.368,30.0,24.0,5,12,15,False,E,
2024-09-01,2024-08-31,2024,158,205,80,56,.588,-,-,1,,3,False,-,17
2024-09-01,2024-08-31,2024,112,205,70,66,.515,10.0,4.0,2,5,8,False,17,
2024-09-01,2024-08-31,2024,138,205,68,68,.500,12.0,6.0,3,6,9,False,15,
2024-09-01,2024-08-31,2024,113,205,64,73,.467,16.5,10.5,4,8,11,False,10,
2024-09-01,2024-08-31,2024,134,205,63,72,.467,16.5,10.5,5,9,12,False,11,
2024-09-01,2024-08-31,2024,119,203,82,54,.603,-,-,1,,1,False,-,21
2024-09-01,2024-08-31,2024,109,203,76,60,.559,6.0,+2.0,2,1,4,False,21,
2024-09-01,2024-08-31,2024,135,203,77,61,.558,6.0,+2.0,3,2,5,False,20,
2024-09-01,2024-08-31,2024,137,203,68,69,.496,14.5,6.5,4,7,10,False,12,
2024-09-01,2024-08-31,2024,115,203,51,86,.372,31.5,23.5,5,11,14,False,E,
2024-09-02,2024-09-01,2024,147,201,79,58,.577,-,-,1,,1,False,-,25
2024-09-02,2024-09-01,2024,110,201,79,59,.572,0.5,+4.0,2,1,2,False,25,
2024-09-02,2024-09-01,2024,111,201,70,67,.511,9.0,4.5,3,4,7,False,17,
2024-09-02,2024-09-01,2024,139,201,67,69,.493,11.5,7.0,4,7,10,False,15,
2024-09-02,2024-09-01,2024,141,201,67,72,.482,13.0,8.5,5,8,11,False,12,
2024-09-02,2024-09-01,2024,114,202,78,59,.569,-,-,1,,3,False,-,23
2024-09-02,2024-09-01,2024,142,202,74,62,.544,3.5,-,2,2,5,False,23,
2024-09-02,2024-09-01,2024,118,202,75,63,.543,3.5,-,3,3,6,False,22,
2024-09-02,2024-09-01,2024,116,202,70,68,.507,8.5,5.0,4,5,8,False,17,
2024-09-02,2024-09-01,2024,145,202,31,107,.225,47.5,44.0,5,12,15,False,E,
2024-09-02,2024-09-01,2024,117,200,75,62,.547,-,-,1,,4,False,-,20
2024-09-02,2024-09-01,2024,136,200,69,68,.504,6.0,5.5,2,6,9,False,20,
2024-09-02,2024-09-01,2024,140,200,65,72,.474,10.0,9.5,3,9,12,False,16,
2024-09-02,2024-09-01,2024,133,200,59,78,.431,16.0,15.5,4,10,13,False,10,
2024-09-02,2024-09-01,2024,108,200,57,80,.416,18.0,17.5,5,11,14,False,8,
2024-09-02,2024-09-01,2024,143,204,81,56,.591,-,-,1,,2,False,-,19
2024-09-02,2024-09-01,2024,144,204,74,63,.540,7.0,-,2,3,6,False,19,
2024-09-02,2024-09-01,2024,121,204,73,64,.533,8.0,1.0,3,4,7,False,18,
2024-09-02,2024-09-01,2024,120,204,61,76,.445,20.0,13.0,4,10,13,False,6,
2024-09-02,2024-09-01,2024,146,204,51,86,.372,30.0,23.0,5,11,14,False,E,
2024-09-02,2024-09-01,2024,158,205,80,57,.584,-,-,1,,3,False,-,17
2024-09-02,2024-09-01,2024,112,205,71,66,.518,9.0,3.0,2,5,8,False,17,
2024-09-02,2024-09-01,2024,138,205,69,68,.504,11.0,5.0,3,6,9,False,15,
2024-09-02,2024-09-01,2024,113,205,65,73,.471,15.5,9.5,4,8,11,False,10,
2024-09-02,2024-09-01,2024,134,205,63,73,.463,16.5,10.5,5,9,12,False,10,
2024-09-02,2024-09-01,2024,119,203,82,55,.599,-,-,1,,1,False,-,21
2024-09-02,2024-09-01,2024,109,203,77,60,.562,5.0,+3.0,2,1,4,False,21,
2024-09-02,2024-09-01,2024,135,203,78,61,.561,5.0,+3.0,3,2,5,False,20,
2024-09-02,2024-09-01,2024,137,203,68,70,.493,14.5,6.5,4,7,10,False,11,
2024-09-02,2024-09-01,2024,115,203,51,87,.370,31.5,23.5,5,12,15,False,E,
2024-09-03,2024-09-02,2024,147,201,80,58,.580,-,-,1,,1,False,-,24
2024-09-03,2024-09-02,2024,110,201,80,59,.576,0.5,+5.0,2,1,2,False,24,
2024-09-03,2024-09-02,2024,111,201,70,68,.507,10.0,4.5,3,4,7,False,15,
2024-09-03,2024-09-02,2024,139,201,67,70,.489,12.5,7.0,4,7,10,False,13,
2024-09-03,2024-09-02,2024,141,201,67,72,.482,13.5,8.0,5,8,11,False,11,
2024-09-03,2024-09-02,2024,114,202,79,59,.572,-,-,1,,3,False,-,22
2024-09-03,2024-09-02,2024,142,202,75,62,.547,3.5,+1.0,2,2,4,False,22,
2024-09-03,2024-09-02,2024,118,202,75,64,.540,4.5,-,3,3,6,False,20,
2024-09-03,2024-09-02,2024,116,202,70,69,.504,9.5,5.0,4,5,8,False,15,
2024-09-03,2024-09-02,2024,145,202,31,108,.223,48.5,44.0,5,12,15,False,E,
2024-09-03,2024-09-02,2024,117,200,75,63,.543,-,-,1,,5,False,-,19
2024-09-03,2024-09-02,2024,136,200,69,69,.500,6.0,5.5,2,6,9,False,19,
2024-09-03,2024-09-02,2024,140,200,65,73,.471,10.0,9.5,3,9,12,False,15,
2024-09-03,2024-09-02,2024,133,200,60,78,.435,15.0,14.5,4,10,13,False,10,
2024-09-03,2024-09-02,2024,108,200,57,80,.416,17.5,17.0,5,11,14,False,8,
2024-09-03,2024-09-02,2024,143,204,81,56,.591,-,-,1,,2,False,-,19
2024-09-03,2024-09-02,2024,144,204,74,63,.540,7.0,-,2,3,6,False,19,
2024-09-03,2024-09-02,2024,121,204,74,64,.536,7.5,0.5,3,4,7,False,18,
2024-09-03,2024-09-02,2024,120,204,61,76,.445,20.0,13.0,4,10,13,False,6,
2024-09-03,2024-09-02,2024,146,204,51,86,.372,30.0,23.0,5,11,14,False,E,
2024-09-03,2024-09-02,2024,158,205,81,57,.587,-,-,1,,3,False,-,15
2024-09-03,2024-09-02,2024,112,205,71,67,.514,10.0,3.5,2,5,8,False,15,
2024-09-03,2024-09-02,2024,138,205,69,69,.500,12.0,5.5,3,6,9,False,13,
2024-09-03,2024-09-02,2024,113,205,66,73,.475,15.5,9.0,4,8,11,False,9,
2024-09-03,2024-09-02,2024,134,205,64,73,.467,16.5,10.0,5,9,12,False,9,
2024-09-03,2024-09-02,2024,119,203,83,55,.601,-,-,1,,1,False,-,19
2024-09-03,2024-09-02,2024,135,203,79,61,.564,5.0,+3.5,2,1,4,False,19,
2024-09-03,2024-09-02,2024,109,203,77,61,.558,6.0,+2.5,3,2,5,False,19,
2024-09-03,2024-09-02,2024,137,203,68,70,.493,15.0,6.5,4,7,10,False,10,
2024-09-03,2024-09-02,2024,115,203,51,87,.370,32.0,23.5,5,12,15,False,E,
2024-09-04,2024-09-03,2024,110,201,81,59,.579,-,-,1,,1,False,-,23
2024-09-04,2024-09-03,2024,147,201,80,59,.576,0.5,+5.5,2,1,2,False,23,
2024-09-04,2024-09-03,2024,111,201,70,69,.504,10.5,4.5,3,5,8,False,13,
2024-09-04,2024-09-03,2024,139,201,68,70,.493,12.0,6.0,4,7,10,False,12,
2024-09-04,2024-09-03,2024,141,201,67,73,.479,14.0,8.0,5,8,11,False,9,
2024-09-04,2024-09-03,2024,114,202,80,59,.576,-,-,1,,3,False,-,20
2024-09-04,2024-09-03,2024,142,202,75,63,.543,4.5,+1.0,2,2,4,False,20,
2024-09-04,2024-09-03,2024,118,202,75,65,.536,5.5,-,3,3,6,False,18,
2024-09-04,2024-09-03,2024,116,202,70,69,.504,10.0,4.5,4,4,7,False,14,
2024-09-04,2024-09-03,2024,145,202,31,109,.221,49.5,44.0,5,12,15,False,E,
2024-09-04,2024-09-03,2024,117,200,75,63,.543,-,-,1,,5,False,-,18
2024-09-04,2024-09-03,2024,136,200,69,70,.496,6.5,5.5,2,6,9,False,18,
2024-09-04,2024-09-03,2024,140,200,66,73,.475,9.5,8.5,3,9,12,False,15,
2024-09-04,2024-09-03,2024,133,200,61,78,.439,14.5,13.5,4,10,13,False,10,
2024-09-04,2024-09-03,2024,108,200,57,81,.413,18.0,17.0,5,11,14,False,7,
2024-09-04,2024-09-03,2024,143,204,82,56,.594,-,-,1,,2,False,-,18
2024-09-04,2024-09-03,2024,144,204,75,63,.543,7.0,-,2,3,6,False,18,
2024-09-04,2024-09-03,2024,121,204,75,64,.540,7.5,0.5,3,4,7,False,17,
2024-09-04,2024-09-03,2024,120,204,62,76,.449,20.0,13.0,4,10,13,False,5,
2024-09-04,2024-09-03,2024,146,204,51,87,.370,31.0,24.0,5,11,14,False,E,
2024-09-04,2024-09-03,2024,158,205,81,58,.583,-,-,1,,3,False,-,14
2024-09-04,2024-09-03,2024,112,205,71,68,.511,10.0,4.5,2,5,8,False,14,
2024-09-04,2024-09-03,2024,138,205,70,69,.504,11.0,5.5,3,6,9,False,13,
2024-09-04,2024-09-03,2024,113,205,66,73,.475,15.0,9.5,4,8,11,False,9,
2024-09-04,2024-09-03,2024,134,205,65,73,.471,15.5,10.0,5,9,12,False,9,
2024-09-04,2024-09-03,2024,119,203,84,55,.604,-,-,1,,1,False,-,18
2024-09-04,2024-09-03,2024,135,203,79,61,.564,5.5,+3.0,2,1,4,False,18,
2024-09-04,2024-09-03,2024,109,203,78,61,.561,6.0,+2.5,3,2,5,False,18,
2024-09-04,2024-09-03,2024,137,203,68,71,.489,16.0,7.5,4,7,10,False,8,
2024-09-04,2024-09-03,2024,115,203,51,88,.367,33.0,24.5,5,12,15,False,E,
2024-09-05,2024-09-04,2024,110,201,81,60,.574,-,-,1,,1,False,-,22
2024-09-05,2024-09-04,2024,147,201,80,60,.571,0.5,+4.5,2,1,2,False,22,
2024-09-05,2024-09-04,2024,111,201,70,70,.500,10.5,5.5,3,5,8,False,12,
2024-09-05,2024-09-04,2024,139,201,69,70,.496,11.0,6.0,4,7,10,False,12,
2024-09-05,2024-09-04,2024,141,201,67,74,.475,14.0,9.0,5,9,12,False,8,
2024-09-05,2024-09-04,2024,114,202,80,60,.571,-,-,1,,3,False,-,19
2024-09-05,2024-09-04,2024,142,202,75,64,.540,4.5,-,2,2,4,False,19,
2024-09-05,2024-09-04,2024,118,202,76,65,.539,4.5,-,3,3,6,False,18,
2024-09-05,2024-09-04,2024,116,202,70,70,.500,10.0,5.5,4,4,7,False,13,
2024-09-05,2024-09-04,2024,145,202,32,109,.227,48.5,44.0,5,12,15,False,E,
2024-09-05,2024-09-04,2024,117,200,75,64,.540,-,-,1,,5,False,-,18
2024-09-05,2024-09-04,2024,136,200,70,70,.500,5.5,5.5,2,6,9,False,18,
2024-09-05,2024-09-04,2024,140,200,67,73,.479,8.5,8.5,3,8,11,False,15,
2024-09-05,2024-09-04,2024,133,200,61,79,.436,14.5,14.5,4,10,13,False,9,
2024-09-05,2024-09-04,2024,108,200,58,81,.417,17.0,17.0,5,11,14,False,7,
2024-09-05,2024-09-04,2024,143,204,83,56,.597,-,-,1,,2,False,-,17
2024-09-05,2024-09-04,2024,144,204,76,63,.547,7.0,-,2,3,6,False,17,
2024-09-05,2024-09-04,2024,121,204,76,64,.543,7.5,0.5,3,4,7,False,16,
2024-09-05,2024-09-04,2024,120,204,62,77,.446,21.0,14.0,4,10,13,False,3,
2024-09-05,2024-09-04,2024,146,204,52,87,.374,31.0,24.0,5,11,14,False,E,
2024-09-05,2024-09-04,2024,158,205,81,59,.579,-,-,1,,3,False,-,14
2024-09-05,2024-09-04,2024,112,205,72,68,.514,9.0,4.5,2,5,8,False,14,
2024-09-05,2024-09-04,2024,138,205,71,69,.507,10.0,5.5,3,6,9,False,13,
2024-09-05,2024-09-04,2024,113,205,67,73,.479,14.0,9.5,4,8,11,False,9,
2024-09-05,2024-09-04,2024,134,205,65,74,.468,15.5,11.0,5,9,12,False,8,
2024-09-05,2024-09-04,2024,119,203,84,56,.600,-,-,1,,1,False,-,18
2024-09-05,2024-09-04,2024,135,203,80,61,.567,4.5,+3.0,2,1,4,False,18,
2024-09-05,2024-09-04,2024,109,203,79,61,.564,5.0,+2.5,3,2,5,False,18,
2024-09-05,2024-09-04,2024,137,203,68,72,.486,16.0,8.5,4,7,10,False,7,
2024-09-05,2024-09-04,2024,115,203,51,89,.364,33.0,25.5,5,12,15,False,E,
2024-09-06,2024-09-05,2024,110,201,81,60,.574,-,-,1,,1,False,-,22
2024-09-06,2024-09-05,2024,147,201,80,60,.571,0.5,+4.5,2,1,2,False,22,
2024-09-06,2024-09-05,2024,111,201,70,70,.500,10.5,5.5,3,6,9,False,12,
2024-09-06,2024-09-05,2024,139,201,69,71,.493,11.5,6.5,4,7,10,False,11,
2024-09-06,2024-09-05,2024,141,201,67,74,.475,14.0,9.0,5,9,12,False,8,
2024-09-06,2024-09-05,2024,114,202,80,60,.571,-,-,1,,3,False,-,19
2024-09-06,2024-09-05,2024,142,202,76,64,.543,4.0,+0.5,2,2,4,False,19,
2024-09-06,2024-09-05,2024,118,202,76,65,.539,4.5,-,3,3,5,False,18,
2024-09-06,2024-09-05,2024,116,202,71,70,.504,9.5,5.0,4,4,7,False,13,
2024-09-06,2024-09-05,2024,145,202,32,109,.227,48.5,44.0,5,12,15,False,E,
2024-09-06,2024-09-05,2024,117,200,75,65,.536,-,-,1,,6,False,-,18
2024-09-06,2024-09-05,2024,136,200,71,70,.504,4.5,5.0,2,5,8,False,18,
2024-09-06,2024-09-05,2024,140,200,68,73,.482,7.5,8.0,3,8,11,False,15,
2024-09-06,2024-09-05,2024,133,200,61,80,.433,14.5,15.0,4,10,13,False,8,
2024-09-06,2024-09-05,2024,108,200,58,82,.414,17.0,17.5,5,11,14,False,6,
2024-09-06,2024-09-05,2024,143,204,84,56,.600,-,-,1,,1,False,-,15
2024-09-06,2024-09-05,2024,121,204,76,64,.543,8.0,-,2,3,6,False,15,
2024-09-06,2024-09-05,2024,144,204,76,64,.543,8.0,-,3,4,7,False,15,
2024-09-06,2024-09-05,2024,120,204,62,78,.443,22.0,14.0,4,10,13,False,1,
2024-09-06,2024-09-05,2024,146,204,52,88,.371,32.0,24.0,5,11,14,False,E,
2024-09-06,2024-09-05,2024,158,205,81,59,.579,-,-,1,,3,False,-,14
2024-09-06,2024-09-05,2024,112,205,72,68,.514,9.0,4.0,2,5,8,False,14,
2024-09-06,2024-09-05,2024,138,205,71,69,.507,10.0,5.0,3,6,9,False,13,
2024-09-06,2024-09-05,2024,113,205,68,73,.482,13.5,8.5,4,8,11,False,9,
2024-09-06,2024-09-05,2024,134,205,66,74,.471,15.0,10.0,5,9,12,False,8,
2024-09-06,2024-09-05,2024,119,203,84,56,.600,-,-,1,,2,False,-,17
2024-09-06,2024-09-05,2024,135,203,80,62,.563,5.0,+3.0,2,1,4,False,17,
2024-09-06,2024-09-05,2024,109,203,79,62,.560,5.5,+2.5,3,2,5,False,17,
2024-09-06,2024-09-05,2024,137,203,69,72,.489,15.5,7.5,4,7,10,False,7,
2024-09-06,2024-09-05,2024,115,203,52,89,.369,32.5,24.5,5,12,15,False,E,
2024-09-07,2024-09-06,2024,110,201,82,60,.577,-,-,1,,1,False,-,21
2024-09-07,2024-09-06,2024,147,201,81,60,.574,0.5,+5.0,2,1,2,False,21,
2024-09-07,2024-09-06,2024,111,201,71,70,.504,10.5,5.0,3,5,8,False,11,
2024-09-07,2024-09-06,2024,139,201,69,72,.489,12.5,7.0,4,7,10,False,9,
2024-09-07,2024-09-06,2024,141,201,67,75,.472,15.0,9.5,5,9,12,False,6,
2024-09-07,2024-09-06,2024,114,202,81,60,.574,-,-,1,,3,False,-,17
2024-09-07,2024-09-06,2024,118,202,77,65,.542,4.5,+0.5,2,2,4,False,17,
2024-09-07,2024-09-06,2024,142,202,76,65,.539,5.0,-,3,3,5,False,17,
2024-09-07,2024-09-06,2024,116,202,71,71,.500,10.5,5.5,4,6,9,False,11,
2024-09-07,2024-09-06,2024,145,202,32,110,.225,49.5,44.5,5,12,15,False,E,
2024-09-07,2024-09-06,2024,117,200,76,65,.539,-,-,1,,6,False,-,17
2024-09-07,2024-09-06,2024,136,200,72,70,.507,4.5,4.5,2,4,7,False,17,
2024-09-07,2024-09-06,2024,140,200,68,74,.479,8.5,8.5,3,8,11,False,13,
2024-09-07,2024-09-06,2024,133,200,62,80,.437,14.5,14.5,4,10,13,False,7,
2024-09-07,2024-09-06,2024,108,200,59,82,.418,17.0,17.0,5,11,14,False,5,
2024-09-07,2024-09-06,2024,143,204,85,56,.603,-,-,1,,1,False,-,14
2024-09-07,2024-09-06,2024,121,204,77,64,.546,8.0,-,2,3,6,False,14,
2024-09-07,2024-09-06,2024,144,204,77,64,.546,8.0,-,3,4,7,False,14,
2024-09-07,2024-09-06,2024,120,204,62,78,.443,22.5,14.5,4,10,13,False,E,
2024-09-07,2024-09-06,2024,146,204,52,89,.369,33.0,25.0,5,12,15,False,E,
2024-09-07,2024-09-06,2024,158,205,81,60,.574,-,-,1,,3,False,-,13
2024-09-07,2024-09-06,2024,112,205,72,69,.511,9.0,5.0,2,5,8,False,13,
2024-09-07,2024-09-06,2024,138,205,71,70,.504,10.0,6.0,3,6,9,False,12,
2024-09-07,2024-09-06,2024,113,205,68,74,.479,13.5,9.5,4,8,11,False,8,
2024-09-07,2024-09-06,2024,134,205,66,74,.471,14.5,10.5,5,9,12,False,8,
2024-09-07,2024-09-06,2024,119,203,84,57,.596,-,-,1,,2,False,-,17
2024-09-07,2024-09-06,2024,135,203,81,62,.566,4.0,+3.0,2,1,4,False,17,
2024-09-07,2024-09-06,2024,109,203,79,63,.556,5.5,+1.5,3,2,5,False,16,
2024-09-07,2024-09-06,2024,137,203,69,73,.486,15.5,8.5,4,7,10,False,6,
2024-09-07,2024-09-06,2024,115,203,53,89,.373,31.5,24.5,5,11,14,False,E,
2024-09-08,2024-09-07,2024,147,201,82,60,.577,-,-,1,,1,False,-,20
2024-09-08,2024-09-07,2024,110,201,82,61,.573,0.5,+5.5,2,1,2,False,20,
2024-09-08,2024-09-07,2024,111,201,72,70,.507,10.0,4.0,3,4,7,False,11,
2024-09-08,2024-09-07,2024,139,201,70,72,.493,12.0,6.0,4,7,10,False,9,
2024-09-08,2024-09-07,2024,141,201,68,75,.476,14.5,8.5,5,9,12,False,6,
2024-09-08,2024-09-07,2024,114,202,81,61,.570,-,-,1,,3,False,-,17
2024-09-08,2024-09-07,2024,118,202,78,65,.545,3.5,+1.5,2,2,4,False,17,
2024-09-08,2024-09-07,2024,142,202,76,66,.535,5.0,-,3,3,6,False,16,
2024-09-08,2024-09-07,2024,116,202,72,71,.503,9.5,4.5,4,5,8,False,11,
2024-09-08,2024-09-07,2024,145,202,32,111,.224,49.5,44.5,5,12,15,False,E,
2024-09-08,2024-09-07,2024,117,200,77,65,.542,-,-,1,,5,False,-,15
2024-09-08,2024-09-07,2024,136,200,72,71,.503,5.5,4.5,2,6,9,False,15,
2024-09-08,2024-09-07,2024,140,200,69,74,.483,8.5,7.5,3,8,11,False,12,
2024-09-08,2024-09-07,2024,133,200,62,81,.434,15.5,14.5,4,10,13,False,5,
2024-09-08,2024-09-07,2024,108,200,59,83,.415,18.0,17.0,5,11,14,False,3,
2024-09-08,2024-09-07,2024,143,204,85,57,.599,-,-,1,,1,False,-,14
2024-09-08,2024-09-07,2024,121,204,78,64,.549,7.0,-,2,3,6,False,14,
2024-09-08,2024-09-07,2024,144,204,77,65,.542,8.0,1.0,3,4,7,False,13,
2024-09-08,2024-09-07,2024,120,204,64,78,.451,21.0,14.0,4,10,13,False,E,
2024-09-08,2024-09-07,2024,146,204,53,89,.373,32.0,25.0,5,11,14,False,E,
2024-09-08,2024-09-07,2024,158,205,82,60,.577,-,-,1,,3,False,-,11
2024-09-08,2024-09-07,2024,138,205,72,70,.507,10.0,6.0,2,5,8,False,11,
2024-09-08,2024-09-07,2024,112,205,72,70,.507,10.0,6.0,3,6,9,False,11,
2024-09-08,2024-09-07,2024,113,205,68,75,.476,14.5,10.5,4,8,11,False,6,
2024-09-08,2024-09-07,2024,134,205,66,76,.465,16.0,12.0,5,9,12,False,5,
2024-09-08,2024-09-07,2024,119,203,85,57,.599,-,-,1,,2,False,-,15
2024-09-08,2024-09-07,2024,135,203,81,63,.563,5.0,+2.0,2,1,4,False,15,
2024-09-08,2024-09-07,2024,109,203,79,64,.552,6.5,+0.5,3,2,5,False,14,
2024-09-08,2024-09-07,2024,137,203,70,73,.490,15.5,8.5,4,7,10,False,5,
2024-09-08,2024-09-07,2024,115,203,53,90,.371,32.5,25.5,5,12,15,False,E,
2024-09-09,2024-09-08,2024,147,201,82,61,.573,-,-,1,,1,False,-,19
2024-09-09,2024-09-08,2024,110,201,82,62,.569,0.5,+5.5,2,1,2,False,19,
2024-09-09,2024-09-08,2024,111,201,72,71,.503,10.0,4.0,3,6,9,False,10,
2024-09-09,2024-09-08,2024,139,201,71,72,.497,11.0,5.0,4,7,10,False,9,
2024-09-09,2024-09-08,2024,141,201,68,76,.472,14.5,8.5,5,9,12,False,5,
2024-09-09,2024-09-08,2024,114,202,81,62,.566,-,-,1,,3,False,-,17
2024-09-09,2024-09-08,2024,118,202,79,65,.549,2.5,+2.5,2,2,4,False,17,
2024-09-09,2024-09-08,2024,142,202,76,67,.531,5.0,-,3,3,6,False,15,
2024-09-09,2024-09-08,2024,116,202,73,71,.507,8.5,3.5,4,4,7,False,11,
2024-09-09,2024-09-08,2024,145,202,33,111,.229,48.5,43.5,5,12,15,False,E,
2024-09-09,2024-09-08,2024,117,200,77,66,.538,-,-,1,,5,False,-,15
2024-09-09,2024-09-08,2024,136,200,73,71,.507,4.5,3.5,2,5,8,False,15,
2024-09-09,2024-09-08,2024,140,200,70,74,.486,7.5,6.5,3,8,11,False,12,
2024-09-09,2024-09-08,2024,133,200,62,82,.431,15.5,14.5,4,10,13,False,4,
2024-09-09,2024-09-08,2024,108,200,59,84,.413,18.0,17.0,5,11,14,False,2,
2024-09-09,2024-09-08,2024,143,204,85,58,.594,-,-,1,,2,False,-,13
2024-09-09,2024-09-08,2024,121,204,78,65,.545,7.0,-,2,3,6,False,13,
2024-09-09,2024-09-08,2024,144,204,78,65,.545,7.0,-,3,4,7,False,13,
2024-09-09,2024-09-08,2024,120,204,64,79,.448,21.0,14.0,4,10,13,False,E,
2024-09-09,2024-09-08,2024,146,204,54,89,.378,31.0,24.0,5,11,14,False,E,
2024-09-09,2024-09-08,2024,158,205,82,61,.573,-,-,1,,3,False,-,11
2024-09-09,2024-09-08,2024,112,205,73,70,.510,9.0,5.0,2,5,8,False,11,
2024-09-09,2024-09-08,2024,138,205,72,71,.503,10.0,6.0,3,6,9,False,10,
2024-09-09,2024-09-08,2024,113,205,69,75,.479,13.5,9.5,4,8,11,False,6,
2024-09-09,2024-09-08,2024,134,205,67,76,.469,15.0,11.0,5,9,12,False,5,
2024-09-09,2024-09-08,2024,119,203,86,57,.601,-,-,1,,1,False,-,13
2024-09-09,2024-09-08,2024,135,203,81,64,.559,6.0,+2.0,2,1,4,False,13,
2024-09-09,2024-09-08,2024,109,203,80,64,.556,6.5,+1.5,3,2,5,False,13,
2024-09-09,2024-09-08,2024,137,203,71,73,.493,15.5,7.5,4,7,10,False,4,
2024-09-09,2024-09-08,2024,115,203,54,90,.375,32.5,24.5,5,12,15,False,E,
2024-09-10,2024-09-09,2024,147,201,83,61,.576,-,-,1,,1,False,-,17
2024-09-10,2024-09-09,2024,110,201,82,63,.566,1.5,+5.5,2,1,3,False,17,
2024-09-10,2024-09-09,2024,111,201,73,71,.507,10.0,3.0,3,5,8,False,9,
2024-09-10,2024-09-09,2024,139,201,71,73,.493,12.0,5.0,4,7,10,False,7,
2024-09-10,2024-09-09,2024,141,201,68,77,.469,15.5,8.5,5,9,12,False,3,
2024-09-10,2024-09-09,2024,114,202,82,62,.569,-,-,1,,2,False,-,15
2024-09-10,2024-09-09,2024,118,202,79,66,.545,3.5,+2.5,2,2,4,False,15,
2024-09-10,2024-09-09,2024,142,202,76,68,.528,6.0,-,3,3,6,False,13,
2024-09-10,2024-09-09,2024,116,202,73,71,.507,9.0,3.0,4,4,7,False,10,
2024-09-10,2024-09-09,2024,145,202,33,112,.228,49.5,43.5,5,12,15,False,E,
2024-09-10,2024-09-09,2024,117,200,77,66,.538,-,-,1,,5,False,-,15
2024-09-10,2024-09-09,2024,136,200,73,71,.507,4.5,3.0,2,6,9,False,15,
2024-09-10,2024-09-09,2024,140,200,70,74,.486,7.5,6.0,3,8,11,False,12,
2024-09-10,2024-09-09,2024,133,200,62,82,.431,15.5,14.0,4,10,13,False,4,
2024-09-10,2024-09-09,2024,108,200,60,84,.417,17.5,16.0,5,11,14,False,2,
2024-09-10,2024-09-09,2024,143,204,86,58,.597,-,-,1,,1,False,-,12
2024-09-10,2024-09-09,2024,121,204,79,65,.549,7.0,-,2,3,6,False,12,
2024-09-10,2024-09-09,2024,144,204,78,66,.542,8.0,1.0,3,4,7,False,11,
2024-09-10,2024-09-09,2024,120,204,64,79,.448,21.5,14.5,4,10,13,False,E,
2024-09-10,2024-09-09,2024,146,204,54,90,.375,32.0,25.0,5,11,14,False,E,
2024-09-10,2024-09-09,2024,158,205,82,61,.573,-,-,1,,3,False,-,11
2024-09-10,2024-09-09,2024,112,205,74,70,.514,8.5,5.0,2,5,8,False,11,
2024-09-10,2024-09-09,2024,138,205,72,71,.503,10.0,6.5,3,6,9,False,10,
2024-09-10,2024-09-09,2024,113,205,70,75,.483,13.0,9.5,4,8,11,False,6,
2024-09-10,2024-09-09,2024,134,205,68,76,.472,14.5,11.0,5,9,12,False,5,
2024-09-10,2024-09-09,2024,119,203,86,58,.597,-,-,1,,2,False,-,13
2024-09-10,2024-09-09,2024,135,203,81,64,.559,5.5,+1.5,2,1,4,False,13,
2024-09-10,2024-09-09,2024,109,203,80,64,.556,6.0,+1.0,3,2,5,False,13,
2024-09-10,2024-09-09,2024,137,203,71,73,.493,15.0,8.0,4,7,10,False,4,
2024-09-10,2024-09-09,2024,115,203,54,90,.375,32.0,25.0,5,12,15,False,E,
2024-09-11,2024-09-10,2024,147,201,83,62,.572,-,-,1,,1,False,-,17
2024-09-11,2024-09-10,2024,110,201,83,63,.568,0.5,+5.5,2,1,3,False,17,
2024-09-11,2024-09-10,2024,111,201,73,72,.503,10.0,4.0,3,5,8,False,8,
2024-09-11,2024-09-10,2024,139,201,71,74,.490,12.0,6.0,4,7,10,False,6,
2024-09-11,2024-09-10,2024,141,201,69,77,.473,14.5,8.5,5,9,12,False,3,
2024-09-11,2024-09-10,2024,114,202,83,62,.572,-,-,1,,2,False,-,14
2024-09-11,2024-09-10,2024,118,202,80,66,.548,3.5,+2.5,2,2,4,False,14,
2024-09-11,2024-09-10,2024,142,202,77,68,.531,6.0,-,3,3,6,False,12,
2024-09-11,2024-09-10,2024,116,202,74,71,.510,9.0,3.0,4,4,7,False,9,
2024-09-11,2024-09-10,2024,145,202,33,113,.226,50.5,44.5,5,12,15,False,E,
2024-09-11,2024-09-10,2024,117,200,77,67,.535,-,-,1,,5,False,-,14
2024-09-11,2024-09-10,2024,136,200,73,72,.503,4.5,4.0,2,6,9,False,14,
2024-09-11,2024-09-10,2024,140,200,70,75,.483,7.5,7.0,3,8,11,False,11,
2024-09-11,2024-09-10,2024,133,200,63,82,.434,14.5,14.0,4,10,13,False,4,
2024-09-11,2024-09-10,2024,108,200,60,85,.414,17.5,17.0,5,11,14,False,1,
2024-09-11,2024-09-10,2024,143,204,87,58,.600,-,-,1,,1,False,-,10
2024-09-11,2024-09-10,2024,121,204,79,66,.545,8.0,-,2,3,6,False,10,
2024-09-11,2024-09-10,2024,144,204,79,66,.545,8.0,-,3,4,7,False,10,
2024-09-11,2024-09-10,2024,120,204,64,80,.444,22.5,14.5,4,10,13,False,E,
2024-09-11,2024-09-10,2024,146,204,54,91,.372,33.0,25.0,5,11,14,False,E,
2024-09-11,2024-09-10,2024,158,205,83,61,.576,-,-,1,,3,False,-,10
2024-09-11,2024-09-10,2024,112,205,75,70,.517,8.5,4.0,2,5,8,False,10,
2024-09-11,2024-09-10,2024,138,205,72,72,.500,11.0,6.5,3,6,9,False,8,
2024-09-11,2024-09-10,2024,113,205,71,75,.486,13.0,8.5,4,8,11,False,5,
2024-09-11,2024-09-10,2024,134,205,69,76,.476,14.5,10.0,5,9,12,False,4,
2024-09-11,2024-09-10,2024,119,203,86,59,.593,-,-,1,,2,False,-,13
2024-09-11,2024-09-10,2024,135,203,82,64,.562,4.5,+2.5,2,1,4,False,13,
2024-09-11,2024-09-10,2024,109,203,81,64,.559,5.0,+2.0,3,2,5,False,13,
2024-09-11,2024-09-10,2024,137,203,71,74,.490,15.0,8.0,4,7,10,False,3,
2024-09-11,2024-09-10,2024,115,203,54,91,.372,32.0,25.0,5,12,15,False,E,
2024-09-12,2024-09-11,2024,147,201,84,62,.575,-,-,1,,1,False,-,15
2024-09-12,2024-09-11,2024,110,201,83,64,.565,1.5,+4.5,2,1,3,False,15,
2024-09-12,2024-09-11,2024,111,201,74,72,.507,10.0,4.0,3,5,8,False,7,
2024-09-12,2024-09-11,2024,139,201,71,75,.486,13.0,7.0,4,7,10,False,4,
2024-09-12,2024-09-11,2024,141,201,69,78,.469,15.5,9.5,5,9,12,False,1,
2024-09-12,2024-09-11,2024,114,202,84,62,.575,-,-,1,,2,False,-,12
2024-09-12,2024-09-11,2024,118,202,80,67,.544,4.5,+1.5,2,2,4,False,12,
2024-09-12,2024-09-11,2024,142,202,78,68,.534,6.0,-,3,3,5,False,11,
2024-09-12,2024-09-11,2024,116,202,75,71,.514,9.0,3.0,4,4,7,False,8,
2024-09-12,2024-09-11,2024,145,202,33,114,.224,51.5,45.5,5,12,15,False,E,
2024-09-12,2024-09-11,2024,117,200,77,68,.531,-,-,1,,6,False,-,14
2024-09-12,2024-09-11,2024,136,200,74,72,.507,3.5,4.0,2,6,9,False,14,
2024-09-12,2024-09-11,2024,140,200,70,76,.479,7.5,8.0,3,8,11,False,10,
2024-09-12,2024-09-11,2024,133,200,64,82,.438,13.5,14.0,4,10,13,False,4,
2024-09-12,2024-09-11,2024,108,200,60,86,.411,17.5,18.0,5,11,14,False,E,
2024-09-12,2024-09-11,2024,143,204,88,58,.603,-,-,1,,1,False,-,9
2024-09-12,2024-09-11,2024,121,204,80,66,.548,8.0,-,2,3,6,False,9,
2024-09-12,2024-09-11,2024,144,204,79,67,.541,9.0,1.0,3,4,7,False,8,
2024-09-12,2024-09-11,2024,120,204,65,80,.448,22.5,14.5,4,10,13,False,E,
2024-09-12,2024-09-11,2024,146,204,54,92,.370,34.0,26.0,5,11,14,False,E,
2024-09-12,2024-09-11,2024,158,205,83,62,.572,-,-,1,,3,False,-,9
2024-09-12,2024-09-11,2024,112,205,75,71,.514,8.5,5.0,2,5,8,False,9,
2024-09-12,2024-09-11,2024,138,205,73,72,.503,10.0,6.5,3,6,9,False,8,
2024-09-12,2024-09-11,2024,113,205,71,76,.483,13.0,9.5,4,8,11,False,4,
2024-09-12,2024-09-11,2024,134,205,70,76,.479,13.5,10.0,5,9,12,False,4,
2024-09-12,2024-09-11,2024,119,203,87,59,.596,-,-,1,,2,False,-,12
2024-09-12,2024-09-11,2024,109,203,82,64,.562,5.0,+2.0,2,1,4,False,12,
2024-09-12,2024-09-11,2024,135,203,82,65,.558,5.5,+1.5,3,2,5,False,11,
2024-09-12,2024-09-11,2024,137,203,72,74,.493,15.0,8.0,4,7,10,False,2,
2024-09-12,2024-09-11,2024,115,203,54,92,.370,33.0,26.0,5,12,15,False,E,
2024-09-13,2024-09-12,2024,147,201,85,62,.578,-,-,1,,1,False,-,14
2024-09-13,2024-09-12,2024,110,201,83,64,.565,2.0,+4.5,2,1,3,False,14,
2024-09-13,2024-09-12,2024,111,201,74,73,.503,11.0,4.5,3,5,8,False,5,
2024-09-13,2024-09-12,2024,139,201,72,75,.490,13.0,6.5,4,7,10,False,3,
2024-09-13,2024-09-12,2024,141,201,69,78,.469,16.0,9.5,5,9,12,False,E,
2024-09-13,2024-09-12,2024,114,202,84,63,.571,-,-,1,,2,False,-,12
2024-09-13,2024-09-12,2024,118,202,80,67,.544,4.0,+1.5,2,2,4,False,12,
2024-09-13,2024-09-12,2024,142,202,78,68,.534,5.5,-,3,3,5,False,11,
2024-09-13,2024-09-12,2024,116,202,75,72,.510,9.0,3.5,4,4,7,False,7,
2024-09-13,2024-09-12,2024,145,202,33,114,.224,51.0,45.5,5,12,15,False,E,
2024-09-13,2024-09-12,2024,117,200,78,68,.534,-,-,1,,6,False,-,12
2024-09-13,2024-09-12,2024,136,200,74,73,.503,4.5,4.5,2,6,9,False,12,
2024-09-13,2024-09-12,2024,140,200,71,76,.483,7.5,7.5,3,8,11,False,9,
2024-09-13,2024-09-12,2024,133,200,64,83,.435,14.5,14.5,4,10,13,False,2,
2024-09-13,2024-09-12,2024,108,200,60,86,.411,18.0,18.0,5,11,14,False,E,
2024-09-13,2024-09-12,2024,143,204,88,58,.603,-,-,1,,1,False,-,9
2024-09-13,2024-09-12,2024,121,204,80,66,.548,8.0,-,2,3,6,False,9,
2024-09-13,2024-09-12,2024,144,204,79,67,.541,9.0,1.0,3,4,7,False,8,
2024-09-13,2024-09-12,2024,120,204,65,81,.445,23.0,15.0,4,10,13,False,E,
2024-09-13,2024-09-12,2024,146,204,55,92,.374,33.5,25.5,5,11,14,False,E,
2024-09-13,2024-09-12,2024,158,205,84,62,.575,-,-,1,,3,False,-,8
2024-09-13,2024-09-12,2024,112,205,75,71,.514,9.0,5.0,2,5,8,False,8,
2024-09-13,2024-09-12,2024,138,205,74,72,.507,10.0,6.0,3,6,9,False,7,
2024-09-13,2024-09-12,2024,113,205,71,77,.480,14.0,10.0,4,8,11,False,2,
2024-09-13,2024-09-12,2024,134,205,70,76,.479,14.0,10.0,5,9,12,False,3,
2024-09-13,2024-09-12,2024,119,203,87,59,.596,-,-,1,,2,False,-,12
2024-09-13,2024-09-12,2024,109,203,82,64,.562,5.0,+2.0,2,1,4,False,12,
2024-09-13,2024-09-12,2024,135,203,82,65,.558,5.5,+1.5,3,2,5,False,11,
2024-09-13,2024-09-12,2024,137,203,72,75,.490,15.5,8.5,4,7,10,False,1,
2024-09-13,2024-09-12,2024,115,203,55,92,.374,32.5,25.5,5,12,15,False,E,
2024-09-14,2024-09-13,2024,147,201,86,62,.581,-,-,1,,1,False,-,12
2024-09-14,2024-09-13,2024,110,201,83,65,.561,3.0,+4.5,2,1,3,False,12,
2024-09-14,2024-09-13,2024,111,201,74,74,.500,12.0,4.5,3,6,9,False,3,
2024-09-14,2024-09-13,2024,139,201,73,75,.493,13.0,5.5,4,7,10,False,2,
2024-09-14,2024-09-13,2024,141,201,70,78,.473,16.0,8.5,5,9,12,False,E,
2024-09-14,2024-09-13,2024,114,202,84,64,.568,-,-,1,,2,False,-,12
2024-09-14,2024-09-13,2024,118,202,81,67,.547,3.0,+2.5,2,2,4,False,12,
2024-09-14,2024-09-13,2024,142,202,78,69,.531,5.5,-,3,3,6,False,10,
2024-09-14,2024-09-13,2024,116,202,76,72,.514,8.0,2.5,4,4,7,False,7,
2024-09-14,2024-09-13,2024,145,202,33,115,.223,51.0,45.5,5,12,15,False,E,
2024-09-14,2024-09-13,2024,117,200,79,68,.537,-,-,1,,5,False,-,11
2024-09-14,2024-09-13,2024,136,200,75,73,.507,4.5,3.5,2,5,8,False,11,
2024-09-14,2024-09-13,2024,140,200,71,77,.480,8.5,7.5,3,8,11,False,7,
2024-09-14,2024-09-13,2024,133,200,65,83,.439,14.5,13.5,4,10,13,False,1,
2024-09-14,2024-09-13,2024,108,200,60,87,.408,19.0,18.0,5,11,14,False,E,
2024-09-14,2024-09-13,2024,143,204,88,59,.599,-,-,1,,1,False,-,9
2024-09-14,2024-09-13,2024,121,204,81,66,.551,7.0,-,2,3,6,False,9,
2024-09-14,2024-09-13,2024,144,204,80,67,.544,8.0,1.0,3,4,7,False,8,
2024-09-14,2024-09-13,2024,120,204,66,81,.449,22.0,15.0,4,10,13,False,E,
2024-09-14,2024-09-13,2024,146,204,55,93,.372,33.5,26.5,5,12,15,False,E,
2024-09-14,2024-09-13,2024,158,205,85,62,.578,-,-,1,,3,False,-,6
2024-09-14,2024-09-13,2024,112,205,75,72,.510,10.0,6.0,2,5,8,False,6,
2024-09-14,2024-09-13,2024,138,205,74,73,.503,11.0,7.0,3,6,9,False,5,
2024-09-14,2024-09-13,2024,113,205,72,77,.483,14.0,10.0,4,8,11,False,1,
2024-09-14,2024-09-13,2024,134,205,70,77,.476,15.0,11.0,5,9,12,False,1,
2024-09-14,2024-09-13,2024,119,203,87,60,.592,-,-,1,,2,False,-,11
2024-09-14,2024-09-13,2024,135,203,83,65,.561,4.5,+1.5,2,1,4,False,11,
2024-09-14,2024-09-13,2024,109,203,82,65,.558,5.0,+1.0,3,2,5,False,11,
2024-09-14,2024-09-13,2024,137,203,72,76,.486,15.5,9.5,4,7,10,False,E,
2024-09-14,2024-09-13,2024,115,203,56,92,.378,31.5,25.5,5,11,14,False,E,
2024-09-15,2024-09-14,2024,147,201,86,63,.577,-,-,1,,1,False,-,12
2024-09-15,2024-09-14,2024,110,201,84,65,.564,2.0,+5.5,2,1,3,False,12,
2024-09-15,2024-09-14,2024,111,201,75,74,.503,11.0,3.5,3,6,9,False,3,
2024-09-15,2024-09-14,2024,139,201,73,76,.490,13.0,5.5,4,7,10,False,1,
2024-09-15,2024-09-14,2024,141,201,71,78,.477,15.0,7.5,5,8,11,False,E,
2024-09-15,2024-09-14,2024,114,202,85,64,.570,-,-,1,,2,False,-,11
2024-09-15,2024-09-14,2024,118,202,82,67,.550,3.0,+3.5,2,2,4,False,11,
2024-09-15,2024-09-14,2024,142,202,78,70,.527,6.5,-,3,3,6,False,8,
2024-09-15,2024-09-14,2024,116,202,76,73,.510,9.0,2.5,4,4,7,False,5,
2024-09-15,2024-09-14,2024,145,202,34,115,.228,51.0,44.5,5,12,15,False,E,
2024-09-15,2024-09-14,2024,117,200,80,68,.541,-,-,1,,5,False,-,10
2024-09-15,2024-09-14,2024,136,200,76,73,.510,4.5,2.5,2,5,8,False,10,
2024-09-15,2024-09-14,2024,140,200,71,78,.477,9.5,7.5,3,9,12,False,5,
2024-09-15,2024-09-14,2024,133,200,65,84,.436,15.5,13.5,4,10,13,False,E,
2024-09-15,2024-09-14,2024,108,200,60,88,.405,20.0,18.0,5,11,14,False,E,
2024-09-15,2024-09-14,2024,143,204,89,59,.601,-,-,1,,1,False,-,7
2024-09-15,2024-09-14,2024,121,204,81,67,.547,8.0,-,2,3,6,False,7,
2024-09-15,2024-09-14,2024,144,204,81,67,.547,8.0,-,3,4,7,False,7,
2024-09-15,2024-09-14,2024,120,204,67,81,.453,22.0,14.0,4,10,13,False,E,
2024-09-15,2024-09-14,2024,146,204,55,94,.369,34.5,26.5,5,12,15,False,E,
2024-09-15,2024-09-14,2024,158,205,86,62,.581,-,-,1,,3,False,-,4
2024-09-15,2024-09-14,2024,112,205,75,73,.507,11.0,6.0,2,5,8,False,4,
2024-09-15,2024-09-14,2024,138,205,74,74,.500,12.0,7.0,3,6,9,False,3,
2024-09-15,2024-09-14,2024,113,205,73,77,.487,14.0,9.0,4,7,10,False,E,
2024-09-15,2024-09-14,2024,134,205,70,78,.473,16.0,11.0,5,9,12,False,E,
2024-09-15,2024-09-14,2024,119,203,87,61,.588,-,-,1,,2,False,-,11
2024-09-15,2024-09-14,2024,135,203,84,65,.564,3.5,+2.5,2,1,4,False,11,
2024-09-15,2024-09-14,2024,109,203,82,66,.554,5.0,+1.0,3,2,5,False,10,
2024-09-15,2024-09-14,2024,137,203,72,77,.483,15.5,9.5,4,8,11,False,E,
2024-09-15,2024-09-14,2024,115,203,57,92,.383,30.5,24.5,5,11,14,False,E,
2024-09-16,2024-09-15,2024,147,201,87,63,.580,-,-,1,,1,False,-,10
2024-09-16,2024-09-15,2024,110,201,84,66,.560,3.0,+4.5,2,1,3,False,10,
2024-09-16,2024-09-15,2024,111,201,75,75,.500,12.0,4.5,3,6,9,False,1,
2024-09-16,2024-09-15,2024,139,201,73,77,.487,14.0,6.5,4,7,10,False,E,
2024-09-16,2024-09-15,2024,141,201,72,78,.480,15.0,7.5,5,8,11,False,E,
2024-09-16,2024-09-15,2024,114,202,86,64,.573,-,-,1,,2,False,-,9
2024-09-16,2024-09-15,2024,118,202,82,68,.547,4.0,+2.5,2,2,4,False,9,
2024-09-16,2024-09-15,2024,142,202,79,70,.530,6.5,-,3,3,6,False,7,
2024-09-16,2024-09-15,2024,116,202,77,73,.513,9.0,2.5,4,4,7,False,4,
2024-09-16,2024-09-15,2024,145,202,35,115,.233,51.0,44.5,5,12,15,False,E,
2024-09-16,2024-09-15,2024,117,200,81,68,.544,-,-,1,,5,False,-,9
2024-09-16,2024-09-15,2024,136,200,77,73,.513,4.5,2.5,2,5,8,False,9,
2024-09-16,2024-09-15,2024,140,200,71,79,.473,10.5,8.5,3,9,12,False,3,
2024-09-16,2024-09-15,2024,133,200,65,85,.433,16.5,14.5,4,10,13,False,E,
2024-09-16,2024-09-15,2024,108,200,60,89,.403,21.0,19.0,5,11,14,False,E,
2024-09-16,2024-09-15,2024,143,204,90,59,.604,-,-,1,,1,False,-,5
2024-09-16,2024-09-15,2024,121,204,81,68,.544,9.0,-,2,3,6,False,5,
2024-09-16,2024-09-15,2024,144,204,81,68,.544,9.0,-,3,4,7,False,5,
2024-09-16,2024-09-15,2024,120,204,68,81,.456,22.0,13.0,4,10,13,False,E,
2024-09-16,2024-09-15,2024,146,204,55,95,.367,35.5,26.5,5,12,15,False,E,
2024-09-16,2024-09-15,2024,158,205,86,63,.577,-,-,1,,3,False,-,4
2024-09-16,2024-09-15,2024,112,205,76,73,.510,10.0,5.0,2,5,8,False,4,
2024-09-16,2024-09-15,2024,138,205,74,75,.497,12.0,7.0,3,6,9,False,2,
2024-09-16,2024-09-15,2024,113,205,73,78,.483,14.0,9.0,4,7,10,False,E,
2024-09-16,2024-09-15,2024,134,205,71,78,.477,15.0,10.0,5,9,12,False,E,
2024-09-16,2024-09-15,2024,119,203,88,61,.591,-,-,1,,2,False,-,10
2024-09-16,2024-09-15,2024,135,203,85,65,.567,3.5,+3.5,2,1,4,False,10,
2024-09-16,2024-09-15,2024,109,203,83,66,.557,5.0,+2.0,3,2,5,False,9,
2024-09-16,2024-09-15,2024,137,203,72,78,.480,16.5,9.5,4,8,11,False,E,
2024-09-16,2024-09-15,2024,115,203,57,93,.380,31.5,24.5,5,11,14,False,E,
2024-09-17,2024-09-16,2024,147,201,87,63,.580,-,-,1,,1,False,-,10
2024-09-17,2024-09-16,2024,110,201,84,66,.560,3.0,+5.0,2,1,3,False,10,
2024-09-17,2024-09-16,2024,111,201,75,75,.500,12.0,4.0,3,6,9,False,1,
2024-09-17,2024-09-16,2024,139,201,73,77,.487,14.0,6.0,4,7,10,False,E,
2024-09-17,2024-09-16,2024,141,201,72,78,.480,15.0,7.0,5,8,11,False,E,
2024-09-17,2024-09-16,2024,114,202,87,64,.576,-,-,1,,2,False,-,7
2024-09-17,2024-09-16,2024,118,202,82,69,.543,5.0,+2.5,2,2,4,False,7,
2024-09-17,2024-09-16,2024,142,202,79,71,.527,7.5,-,3,3,6,False,5,
2024-09-17,2024-09-16,2024,116,202,78,73,.517,9.0,1.5,4,4,7,False,3,
2024-09-17,2024-09-16,2024,145,202,36,115,.238,51.0,43.5,5,12,15,False,E,
2024-09-17,2024-09-16,2024,117,200,81,69,.540,-,-,1,,5,False,-,9
2024-09-17,2024-09-16,2024,136,200,77,73,.513,4.0,2.0,2,5,8,False,9,
2024-09-17,2024-09-16,2024,140,200,71,79,.473,10.0,8.0,3,9,12,False,3,
2024-09-17,2024-09-16,2024,133,200,65,86,.430,16.5,14.5,4,10,13,False,E,
2024-09-17,2024-09-16,2024,108,200,60,90,.400,21.0,19.0,5,11,14,False,E,
2024-09-17,2024-09-16,2024,143,204,90,60,.600,-,-,1,,1,False,-,5
2024-09-17,2024-09-16,2024,121,204,82,68,.547,8.0,-,2,3,6,False,5,
2024-09-17,2024-09-16,2024,144,204,81,69,.540,9.0,1.0,3,4,7,False,4,
2024-09-17,2024-09-16,2024,120,204,68,82,.453,22.0,14.0,4,10,13,False,E,
2024-09-17,2024-09-16,2024,146,204,55,95,.367,35.0,27.0,5,12,15,False,E,
2024-09-17,2024-09-16,2024,158,205,87,63,.580,-,-,1,,3,False,-,3
2024-09-17,2024-09-16,2024,112,205,77,73,.513,10.0,5.0,2,5,8,False,3,
2024-09-17,2024-09-16,2024,138,205,75,75,.500,12.0,7.0,3,6,9,False,1,
2024-09-17,2024-09-16,2024,113,205,73,78,.483,14.5,9.5,4,7,10,False,E,
2024-09-17,2024-09-16,2024,134,205,71,79,.473,16.0,11.0,5,9,12,False,E,
2024-09-17,2024-09-16,2024,119,203,89,61,.593,-,-,1,,2,False,-,9
2024-09-17,2024-09-16,2024,135,203,86,65,.570,3.5,+3.5,2,1,4,False,9,
2024-09-17,2024-09-16,2024,109,203,83,67,.553,6.0,+1.0,3,2,5,False,7,
2024-09-17,2024-09-16,2024,137,203,72,78,.480,17.0,10.0,4,8,11,False,E,
2024-09-17,2024-09-16,2024,115,203,58,93,.384,31.5,24.5,5,11,14,False,E,
2024-09-18,2024-09-17,2024,147,201,88,63,.583,-,-,1,,1,False,-,8
2024-09-18,2024-09-17,2024,110,201,84,67,.556,4.0,+4.0,2,1,3,False,8,
2024-09-18,2024-09-17,2024,111,201,75,76,.497,13.0,5.0,3,6,9,False,E,
2024-09-18,2024-09-17,2024,139,201,74,77,.490,14.0,6.0,4,7,10,False,E,
2024-09-18,2024-09-17,2024,141,201,72,79,.477,16.0,8.0,5,8,11,False,E,
2024-09-18,2024-09-17,2024,114,202,87,65,.572,-,-,1,,2,False,-,6
2024-09-18,2024-09-17,2024,118,202,82,70,.539,5.0,+1.5,2,2,5,False,6,
2024-09-18,2024-09-17,2024,142,202,80,71,.530,6.5,-,3,3,6,False,5,
2024-09-18,2024-09-17,2024,116,202,79,73,.520,8.0,1.5,4,4,7,False,3,
2024-09-18,2024-09-17,2024,145,202,36,116,.237,51.0,44.5,5,12,15,False,E,
2024-09-18,2024-09-17,2024,117,200,82,69,.543,-,-,1,,4,False,-,7
2024-09-18,2024-09-17,2024,136,200,77,74,.510,5.0,3.0,2,5,8,False,7,
2024-09-18,2024-09-17,2024,140,200,72,79,.477,10.0,8.0,3,9,12,False,2,
2024-09-18,2024-09-17,2024,133,200,66,86,.434,16.5,14.5,4,10,13,False,E,
2024-09-18,2024-09-17,2024,108,200,61,90,.404,21.0,19.0,5,11,14,False,E,
2024-09-18,2024-09-17,2024,143,204,91,60,.603,-,-,1,,1,False,-,4
2024-09-18,2024-09-17,2024,121,204,83,68,.550,8.0,-,2,2,5,False,4,
2024-09-18,2024-09-17,2024,144,204,81,70,.536,10.0,2.0,3,4,7,False,2,
2024-09-18,2024-09-17,2024,120,204,68,83,.450,23.0,15.0,4,10,13,False,E,
2024-09-18,2024-09-17,2024,146,204,56,95,.371,35.0,27.0,5,12,15,False,E,
2024-09-18,2024-09-17,2024,158,205,87,64,.576,-,-,1,,3,False,-,2
2024-09-18,2024-09-17,2024,112,205,77,74,.510,10.0,6.0,2,5,8,False,2,
2024-09-18,2024-09-17,2024,138,205,76,75,.503,11.0,7.0,3,6,9,False,1,
2024-09-18,2024-09-17,2024,113,205,74,78,.487,13.5,9.5,4,7,10,False,E,
2024-09-18,2024-09-17,2024,134,205,71,80,.470,16.0,12.0,5,9,12,False,E,
2024-09-18,2024-09-17,2024,119,203,89,62,.589,-,-,1,,2,False,-,8
2024-09-18,2024-09-17,2024,135,203,86,66,.566,3.5,+2.5,2,1,4,False,8,
2024-09-18,2024-09-17,2024,109,203,83,68,.550,6.0,-,3,3,6,False,6,
2024-09-18,2024-09-17,2024,137,203,73,78,.483,16.0,10.0,4,8,11,False,E,
2024-09-18,2024-09-17,2024,115,203,59,93,.388,30.5,24.5,5,11,14,False,E,
2024-09-19,2024-09-18,2024,147,201,89,63,.586,-,-,1,,1,True,-,-
2024-09-19,2024-09-18,2024,110,201,84,68,.553,5.0,+4.0,2,1,3,False,6,
2024-09-19,2024-09-18,2024,111,201,76,76,.500,13.0,4.0,3,6,9,False,E,
2024-09-19,2024-09-18,2024,139,201,74,78,.487,15.0,6.0,4,7,10,False,E,
2024-09-19,2024-09-18,2024,141,201,72,80,.474,17.0,8.0,5,9,12,False,E,
2024-09-19,2024-09-18,2024,114,202,88,65,.575,-,-,1,,2,False,-,4
2024-09-19,2024-09-18,2024,118,202,82,71,.536,6.0,+1.5,2,2,5,False,4,
2024-09-19,2024-09-18,2024,142,202,80,72,.526,7.5,-,3,3,6,False,3,
2024-09-19,2024-09-18,2024,116,202,80,73,.523,8.0,0.5,4,4,7,False,2,
2024-09-19,2024-09-18,2024,145,202,36,117,.235,52.0,44.5,5,12,15,False,E,
2024-09-19,2024-09-18,2024,117,200,82,70,.539,-,-,1,,4,False,-,6
2024-09-19,2024-09-18,2024,136,200,77,75,.507,5.0,3.0,2,5,8,False,6,
2024-09-19,2024-09-18,2024,140,200,73,79,.480,9.0,7.0,3,8,11,False,2,
2024-09-19,2024-09-18,2024,133,200,67,86,.438,15.5,13.5,4,10,13,False,E,
2024-09-19,2024-09-18,2024,108,200,62,90,.408,20.0,18.0,5,11,14,False,E,
2024-09-19,2024-09-18,2024,143,204,91,61,.599,-,-,1,,1,False,-,4
2024-09-19,2024-09-18,2024,121,204,84,68,.553,7.0,-,2,2,5,False,4,
2024-09-19,2024-09-18,2024,144,204,82,70,.539,9.0,2.0,3,4,7,False,2,
2024-09-19,2024-09-18,2024,120,204,68,84,.447,23.0,16.0,4,10,13,False,E,
2024-09-19,2024-09-18,2024,146,204,56,96,.368,35.0,28.0,5,12,15,False,E,
2024-09-19,2024-09-18,2024,158,205,88,64,.579,-,-,1,,3,True,-,-
2024-09-19,2024-09-18,2024,138,205,77,75,.507,11.0,7.0,2,5,8,False,E,
2024-09-19,2024-09-18,2024,112,205,77,75,.507,11.0,7.0,3,6,9,False,E,
2024-09-19,2024-09-18,2024,113,205,74,79,.484,14.5,10.5,4,8,11,False,E,
2024-09-19,2024-09-18,2024,134,205,71,81,.467,17.0,13.0,5,9,12,False,E,
2024-09-19,2024-09-18,2024,119,203,90,62,.592,-,-,1,,2,False,-,7
2024-09-19,2024-09-18,2024,135,203,87,66,.569,3.5,+2.5,2,1,4,False,7,
2024-09-19,2024-09-18,2024,109,203,84,68,.553,6.0,-,3,3,6,False,5,
2024-09-19,2024-09-18,2024,137,203,74,78,.487,16.0,10.0,4,7,10,False,E,
2024-09-19,2024-09-18,2024,115,203,59,94,.386,31.5,25.5,5,11,14,False,E,
2024-09-20,2024-09-19,2024,147,201,89,64,.582,-,-,1,,1,True,-,-
2024-09-20,2024-09-19,2024,110,201,85,68,.556,4.0,+5.0,2,1,3,False,6,
2024-09-20,2024-09-19,2024,111,201,76,77,.497,13.0,4.0,3,6,9,False,E,
2024-09-20,2024-09-19,2024,139,201,75,78,.490,14.0,5.0,4,7,10,False,E,
2024-09-20,2024-09-19,2024,141,201,73,80,.477,16.0,7.0,5,8,11,False,E,
2024-09-20,2024-09-19,2024,114,202,89,65,.578,-,-,1,,2,True,-,-
2024-09-20,2024-09-19,2024,118,202,82,71,.536,6.5,+2.0,2,2,5,False,3,
2024-09-20,2024-09-19,2024,142,202,80,73,.523,8.5,-,3,3,6,False,1,
2024-09-20,2024-09-19,2024,116,202,80,73,.523,8.5,-,4,4,7,False,1,
2024-09-20,2024-09-19,2024,145,202,36,117,.235,52.5,44.0,5,12,15,False,E,
2024-09-20,2024-09-19,2024,117,200,83,70,.542,-,-,1,,4,False,-,5
2024-09-20,2024-09-19,2024,136,200,78,75,.510,5.0,2.0,2,5,8,False,5,
2024-09-20,2024-09-19,2024,140,200,73,80,.477,10.0,7.0,3,9,12,False,E,
2024-09-20,2024-09-19,2024,133,200,67,86,.438,16.0,13.0,4,10,13,False,E,
2024-09-20,2024-09-19,2024,108,200,62,91,.405,21.0,18.0,5,11,14,False,E,
2024-09-20,2024-09-19,2024,143,204,91,62,.595,-,-,1,,1,False,-,4
2024-09-20,2024-09-19,2024,121,204,85,68,.556,6.0,-,2,2,5,False,4,
2024-09-20,2024-09-19,2024,144,204,83,70,.542,8.0,2.0,3,4,7,False,2,
2024-09-20,2024-09-19,2024,120,204,68,85,.444,23.0,17.0,4,10,13,False,E,
2024-09-20,2024-09-19,2024,146,204,56,97,.366,35.0,29.0,5,12,15,False,E,
2024-09-20,2024-09-19,2024,158,205,88,65,.575,-,-,1,,3,True,-,-
2024-09-20,2024-09-19,2024,112,205,78,75,.510,10.0,7.0,2,5,8,False,E,
2024-09-20,2024-09-19,2024,138,205,77,76,.503,11.0,8.0,3,6,9,False,E,
2024-09-20,2024-09-19,2024,113,205,74,80,.481,14.5,11.5,4,8,11,False,E,
2024-09-20,2024-09-19,2024,134,205,72,81,.471,16.0,13.0,5,9,12,False,E,
2024-09-20,2024-09-19,2024,119,203,91,62,.595,-,-,1,,2,True,-,-
2024-09-20,2024-09-19,2024,135,203,87,66,.569,4.0,+2.0,2,1,4,False,6,
2024-09-20,2024-09-19,2024,109,203,85,68,.556,6.0,-,3,3,6,False,4,
2024-09-20,2024-09-19,2024,137,203,74,79,.484,17.0,11.0,4,7,10,False,E,
2024-09-20,2024-09-19,2024,115,203,59,94,.386,32.0,26.0,5,11,14,False,E,
2024-09-21,2024-09-20,2024,147,201,90,64,.584,-,-,1,,1,True,-,-
2024-09-21,2024-09-20,2024,110,201,86,68,.558,4.0,+5.0,2,1,3,False,5,
2024-09-21,2024-09-20,2024,111,201,76,78,.494,14.0,5.0,3,6,9,False,E,
2024-09-21,2024-09-20,2024,139,201,76,78,.494,14.0,5.0,4,7,10,False,E,
2024-09-21,2024-09-20,2024,141,201,73,81,.474,17.0,8.0,5,8,11,False,E,
2024-09-21,2024-09-20,2024,114,202,90,65,.581,-,-,1,,2,True,-,-
2024-09-21,2024-09-20,2024,118,202,82,72,.532,7.5,+1.0,2,2,5,False,1,
2024-09-21,2024-09-20,2024,142,202,81,73,.526,8.5,-,3,3,6,False,E,
2024-09-21,2024-09-20,2024,116,202,80,74,.519,9.5,1.0,4,4,7,False,E,
2024-09-21,2024-09-20,2024,145,202,36,118,.234,53.5,45.0,5,12,15,False,E,
2024-09-21,2024-09-20,2024,117,200,84,70,.545,-,-,1,,4,False,-,4
2024-09-21,2024-09-20,2024,136,200,79,75,.513,5.0,2.0,2,5,8,False,4,
2024-09-21,2024-09-20,2024,140,200,73,81,.474,11.0,8.0,3,9,12,False,E,
2024-09-21,2024-09-20,2024,133,200,67,87,.435,17.0,14.0,4,10,13,False,E,
2024-09-21,2024-09-20,2024,108,200,62,92,.403,22.0,19.0,5,11,14,False,E,
2024-09-21,2024-09-20,2024,143,204,92,62,.597,-,-,1,,1,True,-,-
2024-09-21,2024-09-20,2024,121,204,85,69,.552,7.0,-,2,3,6,False,2,
2024-09-21,2024-09-20,2024,144,204,83,71,.539,9.0,2.0,3,4,7,False,E,
2024-09-21,2024-09-20,2024,120,204,68,86,.442,24.0,17.0,4,10,13,False,E,
2024-09-21,2024-09-20,2024,146,204,57,97,.370,35.0,28.0,5,12,15,False,E,
2024-09-21,2024-09-20,2024,158,205,88,66,.571,-,-,1,,4,True,-,-
2024-09-21,2024-09-20,2024,112,205,79,75,.513,9.0,6.0,2,5,8,False,E,
2024-09-21,2024-09-20,2024,138,205,77,77,.500,11.0,8.0,3,6,9,False,E,
2024-09-21,2024-09-20,2024,113,205,75,80,.484,13.5,10.5,4,8,11,False,E,
2024-09-21,2024-09-20,2024,134,205,72,82,.468,16.0,13.0,5,9,12,False,E,
2024-09-21,2024-09-20,2024,119,203,92,62,.597,-,-,1,,2,True,-,-
2024-09-21,2024-09-20,2024,135,203,88,66,.571,4.0,+3.0,2,1,3,False,5,
2024-09-21,2024-09-20,2024,109,203,86,68,.558,6.0,+1.0,3,2,5,False,3,
2024-09-21,2024-09-20,2024,137,203,75,79,.487,17.0,10.0,4,7,10,False,E,
2024-09-21,2024-09-20,2024,115,203,59,95,.383,33.0,26.0,5,11,14,False,E,
2024-09-22,2024-09-21,2024,147,201,91,64,.587,-,-,1,,1,True,-,-
2024-09-22,2024-09-21,2024,110,201,86,69,.555,5.0,+4.5,2,1,3,False,3,
2024-09-22,2024-09-21,2024,139,201,77,78,.497,14.0,4.5,3,6,9,False,E,
2024-09-22,2024-09-21,2024,111,201,76,78,.494,14.5,5.0,4,7,10,False,E,
2024-09-22,2024-09-21,2024,141,201,73,82,.471,18.0,8.5,5,8,11,False,E,
2024-09-22,2024-09-21,2024,114,202,90,66,.577,-,-,1,,2,True,-,-
2024-09-22,2024-09-21,2024,118,202,82,73,.529,7.5,+0.5,2,2,5,False,E,
2024-09-22,2024-09-21,2024,142,202,81,73,.526,8.0,-,3,3,6,False,E,
2024-09-22,2024-09-21,2024,116,202,81,74,.523,8.5,0.5,4,4,7,False,E,
2024-09-22,2024-09-21,2024,145,202,36,119,.232,53.5,45.5,5,12,15,False,E,
2024-09-22,2024-09-21,2024,117,200,85,70,.548,-,-,1,,4,False,-,3
2024-09-22,2024-09-21,2024,136,200,80,75,.516,5.0,1.5,2,5,8,False,3,
2024-09-22,2024-09-21,2024,140,200,73,82,.471,12.0,8.5,3,9,12,False,E,
2024-09-22,2024-09-21,2024,133,200,67,88,.432,18.0,14.5,4,10,13,False,E,
2024-09-22,2024-09-21,2024,108,200,62,93,.400,23.0,19.5,5,11,14,False,E,
2024-09-22,2024-09-21,2024,143,204,92,63,.594,-,-,1,,1,True,-,-
2024-09-22,2024-09-21,2024,121,204,86,69,.555,6.0,-,2,3,6,False,2,
2024-09-22,2024-09-21,2024,144,204,84,71,.542,8.0,2.0,3,4,7,False,E,
2024-09-22,2024-09-21,2024,120,204,69,86,.445,23.0,17.0,4,10,13,False,E,
2024-09-22,2024-09-21,2024,146,204,57,98,.368,35.0,29.0,5,12,15,False,E,
2024-09-22,2024-09-21,2024,158,205,88,67,.568,-,-,1,,4,True,-,-
2024-09-22,2024-09-21,2024,112,205,79,76,.510,9.0,7.0,2,5,8,False,E,
2024-09-22,2024-09-21,2024,138,205,78,77,.503,10.0,8.0,3,6,9,False,E,
2024-09-22,2024-09-21,2024,113,205,76,80,.487,12.5,10.5,4,8,11,False,E,
2024-09-22,2024-09-21,2024,134,205,72,83,.465,16.0,14.0,5,9,12,False,E,
2024-09-22,2024-09-21,2024,119,203,92,63,.594,-,-,1,,2,True,-,-
2024-09-22,2024-09-21,2024,135,203,89,66,.574,3.0,+3.0,2,1,3,False,5,
2024-09-22,2024-09-21,2024,109,203,87,68,.561,5.0,+1.0,3,2,5,False,3,
2024-09-22,2024-09-21,2024,137,203,76,79,.490,16.0,10.0,4,7,10,False,E,
2024-09-22,2024-09-21,2024,115,203,60,95,.387,32.0,26.0,5,11,14,False,E,
2024-09-23,2024-09-22,2024,147,201,92,64,.590,-,-,1,,1,True,-,-
2024-09-23,2024-09-22,2024,110,201,86,70,.551,6.0,+4.0,2,1,3,False,1,
2024-09-23,2024-09-22,2024,139,201,78,78,.500,14.0,4.0,3,6,9,False,E,
2024-09-23,2024-09-22,2024,111,201,78,78,.500,14.0,4.0,4,7,10,False,E,
2024-09-23,2024-09-22,2024,141,201,73,83,.468,19.0,9.0,5,9,12,False,E,
2024-09-23,2024-09-22,2024,114,202,90,67,.573,-,-,1,,2,True,-,-
2024-09-23,2024-09-22,2024,118,202,82,74,.526,7.5,-,2,2,5,False,E,
2024-09-23,2024-09-22,2024,116,202,82,74,.526,7.5,-,3,3,6,False,E,
2024-09-23,2024-09-22,2024,142,202,81,75,.519,8.5,1.0,4,4,7,False,E,
2024-09-23,2024-09-22,2024,145,202,36,120,.231,53.5,46.0,5,12,15,False,E,
2024-09-23,2024-09-22,2024,117,200,85,71,.545,-,-,1,,4,False,-,2
2024-09-23,2024-09-22,2024,136,200,80,76,.513,5.0,2.0,2,5,8,False,2,
2024-09-23,2024-09-22,2024,140,200,74,82,.474,11.0,8.0,3,8,11,False,E,
2024-09-23,2024-09-22,2024,133,200,67,89,.429,18.0,15.0,4,10,13,False,E,
2024-09-23,2024-09-22,2024,108,200,63,93,.404,22.0,19.0,5,11,14,False,E,
2024-09-23,2024-09-22,2024,143,204,92,64,.590,-,-,1,,2,True,-,-
2024-09-23,2024-09-22,2024,121,204,87,69,.558,5.0,-,2,2,5,False,2,
2024-09-23,2024-09-22,2024,144,204,85,71,.545,7.0,2.0,3,4,7,False,E,
2024-09-23,2024-09-22,2024,120,204,69,87,.442,23.0,18.0,4,10,13,False,E,
2024-09-23,2024-09-22,2024,146,204,57,99,.365,35.0,30.0,5,12,15,False,E,
2024-09-23,2024-09-22,2024,158,205,89,67,.571,-,-,1,,4,True,-,-
2024-09-23,2024-09-22,2024,112,205,80,76,.513,9.0,7.0,2,5,8,False,E,
2024-09-23,2024-09-22,2024,138,205,79,77,.506,10.0,8.0,3,6,9,False,E,
2024-09-23,2024-09-22,2024,113,205,76,81,.484,13.5,11.5,4,8,11,False,E,
2024-09-23,2024-09-22,2024,134,205,73,83,.468,16.0,14.0,5,9,12,False,E,
2024-09-23,2024-09-22,2024,119,203,93,63,.596,-,-,1,,1,True,-,-
2024-09-23,2024-09-22,2024,135,203,90,66,.577,3.0,+3.0,2,1,3,False,4,
2024-09-23,2024-09-22,2024,109,203,87,69,.558,6.0,-,3,3,6,False,1,
2024-09-23,2024-09-22,2024,137,203,77,79,.494,16.0,10.0,4,7,10,False,E,
2024-09-23,2024-09-22,2024,115,203,60,96,.385,33.0,27.0,5,11,14,False,E,
2024-09-24,2024-09-23,2024,147,201,92,64,.590,-,-,1,,1,True,-,-
2024-09-24,2024-09-23,2024,110,201,86,70,.551,6.0,+4.0,2,1,3,False,1,
2024-09-24,2024-09-23,2024,111,201,79,78,.503,13.5,3.5,3,6,9,False,E,
2024-09-24,2024-09-23,2024,139,201,78,78,.500,14.0,4.0,4,7,10,False,E,
2024-09-24,2024-09-23,2024,141,201,73,84,.465,19.5,9.5,5,9,12,False,E,
2024-09-24,2024-09-23,2024,114,202,90,67,.573,-,-,1,,2,True,-,-
2024-09-24,2024-09-23,2024,118,202,82,74,.526,7.5,-,2,2,5,False,E,
2024-09-24,2024-09-23,2024,116,202,82,74,.526,7.5,-,3,3,6,False,E,
2024-09-24,2024-09-23,2024,142,202,81,75,.519,8.5,1.0,4,4,7,False,E,
2024-09-24,2024-09-23,2024,145,202,36,120,.231,53.5,46.0,5,12,15,False,E,
2024-09-24,2024-09-23,2024,117,200,85,72,.541,-,-,1,,4,False,-,2
2024-09-24,2024-09-23,2024,136,200,81,76,.516,4.0,1.5,2,5,8,False,2,
2024-09-24,2024-09-23,2024,140,200,74,82,.474,10.5,8.0,3,8,11,False,E,
2024-09-24,2024-09-23,2024,133,200,67,89,.429,17.5,15.0,4,10,13,False,E,
2024-09-24,2024-09-23,2024,108,200,63,93,.404,21.5,19.0,5,11,14,False,E,
2024-09-24,2024-09-23,2024,143,204,93,64,.592,-,-,1,,2,True,-,-
2024-09-24,2024-09-23,2024,121,204,87,69,.558,5.5,+0.5,2,2,5,False,1,
2024-09-24,2024-09-23,2024,144,204,85,71,.545,7.5,1.5,3,4,7,False,E,
2024-09-24,2024-09-23,2024,120,204,69,87,.442,23.5,17.5,4,10,13,False,E,
2024-09-24,2024-09-23,2024,146,204,57,99,.365,35.5,29.5,5,12,15,False,E,
2024-09-24,2024-09-23,2024,158,205,89,67,.571,-,-,1,,4,True,-,-
2024-09-24,2024-09-23,2024,112,205,80,77,.510,9.5,7.0,2,5,8,False,E,
2024-09-24,2024-09-23,2024,138,205,79,77,.506,10.0,7.5,3,6,9,False,E,
2024-09-24,2024-09-23,2024,113,205,76,81,.484,13.5,11.0,4,8,11,False,E,
2024-09-24,2024-09-23,2024,134,205,73,83,.468,16.0,13.5,5,9,12,False,E,
2024-09-24,2024-09-23,2024,119,203,93,63,.596,-,-,1,,1,True,-,-
2024-09-24,2024-09-23,2024,135,203,90,66,.577,3.0,+3.5,2,1,3,False,4,
2024-09-24,2024-09-23,2024,109,203,87,70,.554,6.5,-,3,3,6,False,E,
2024-09-24,2024-09-23,2024,137,203,78,79,.497,15.5,9.0,4,7,10,False,E,
2024-09-24,2024-09-23,2024,115,203,60,96,.385,33.0,26.5,5,11,14,False,E,
2024-09-25,2024-09-24,2024,147,201,92,65,.586,-,-,1,,1,True,-,-
2024-09-25,2024-09-24,2024,110,201,87,70,.554,5.0,+4.0,2,1,3,True,1,
2024-09-25,2024-09-24,2024,111,201,80,78,.506,12.5,3.5,3,6,9,False,E,
2024-09-25,2024-09-24,2024,139,201,78,79,.497,14.0,5.0,4,7,10,False,E,
2024-09-25,2024-09-24,2024,141,201,73,85,.462,19.5,10.5,5,9,12,False,E,
2024-09-25,2024-09-24,2024,114,202,91,67,.576,-,-,1,,2,True,-,-
2024-09-25,2024-09-24,2024,118,202,83,74,.529,7.5,-,2,2,5,False,E,
2024-09-25,2024-09-24,2024,116,202,83,74,.529,7.5,-,3,3,6,False,E,
2024-09-25,2024-09-24,2024,142,202,81,76,.516,9.5,2.0,4,4,7,False,E,
2024-09-25,2024-09-24,2024,145,202,37,120,.236,53.5,46.0,5,12,15,False,E,
2024-09-25,2024-09-24,2024,117,200,86,72,.544,-,-,1,,4,True,-,-
2024-09-25,2024-09-24,2024,136,200,81,77,.513,5.0,2.5,2,5,8,False,E,
2024-09-25,2024-09-24,2024,140,200,74,83,.471,11.5,9.0,3,8,11,False,E,
2024-09-25,2024-09-24,2024,133,200,68,89,.433,17.5,15.0,4,10,13,False,E,
2024-09-25,2024-09-24,2024,108,200,63,94,.401,22.5,20.0,5,11,14,False,E,
2024-09-25,2024-09-24,2024,143,204,93,65,.589,-,-,1,,2,True,-,-
2024-09-25,2024-09-24,2024,121,204,87,70,.554,5.5,+0.5,2,2,5,False,E,
2024-09-25,2024-09-24,2024,144,204,86,71,.548,6.5,0.5,3,4,7,False,E,
2024-09-25,2024-09-24,2024,120,204,69,88,.439,23.5,17.5,4,10,13,False,E,
2024-09-25,2024-09-24,2024,146,204,58,99,.369,34.5,28.5,5,12,15,False,E,
2024-09-25,2024-09-24,2024,158,205,90,67,.573,-,-,1,,4,True,-,-
2024-09-25,2024-09-24,2024,112,205,81,77,.513,9.5,6.0,2,5,8,False,E,
2024-09-25,2024-09-24,2024,138,205,80,77,.510,10.0,6.5,3,6,9,False,E,
2024-09-25,2024-09-24,2024,113,205,76,82,.481,14.5,11.0,4,8,11,False,E,
2024-09-25,2024-09-24,2024,134,205,73,84,.465,17.0,13.5,5,9,12,False,E,
2024-09-25,2024-09-24,2024,119,203,93,64,.592,-,-,1,,1,True,-,-
2024-09-25,2024-09-24,2024,135,203,91,66,.580,2.0,+4.5,2,1,3,True,4,
2024-09-25,2024-09-24,2024,109,203,87,71,.551,6.5,-,3,3,6,False,E,
2024-09-25,2024-09-24,2024,137,203,79,79,.500,14.5,8.0,4,7,10,False,E,
2024-09-25,2024-09-24,2024,115,203,60,97,.382,33.0,26.5,5,11,14,False,E,
2024-09-26,2024-09-25,2024,147,201,92,66,.582,-,-,1,,1,True,-,-
2024-09-26,2024-09-25,2024,110,201,88,70,.557,4.0,+4.0,2,1,3,True,1,
2024-09-26,2024-09-25,2024,111,201,80,79,.503,12.5,4.5,3,6,9,False,E,
2024-09-26,2024-09-25,2024,139,201,78,80,.494,14.0,6.0,4,7,10,False,E,
2024-09-26,2024-09-25,2024,141,201,74,85,.465,18.5,10.5,5,9,12,False,E,
2024-09-26,2024-09-25,2024,114,202,92,67,.579,-,-,1,,2,True,-,-
2024-09-26,2024-09-25,2024,118,202,84,74,.532,7.5,-,2,2,5,False,E,
2024-09-26,2024-09-25,2024,116,202,84,74,.532,7.5,-,3,3,6,False,E,
2024-09-26,2024-09-25,2024,142,202,82,76,.519,9.5,2.0,4,4,7,False,E,
2024-09-26,2024-09-25,2024,145,202,38,120,.241,53.5,46.0,5,12,15,False,E,
2024-09-26,2024-09-25,2024,117,200,86,73,.541,-,-,1,,4,True,-,-
2024-09-26,2024-09-25,2024,136,200,82,77,.516,4.0,2.5,2,5,8,False,E,
2024-09-26,2024-09-25,2024,140,200,75,83,.475,10.5,9.0,3,8,11,False,E,
2024-09-26,2024-09-25,2024,133,200,68,90,.430,17.5,16.0,4,10,13,False,E,
2024-09-26,2024-09-25,2024,108,200,63,95,.399,22.5,21.0,5,11,14,False,E,
2024-09-26,2024-09-25,2024,143,204,94,65,.591,-,-,1,,2,True,-,-
2024-09-26,2024-09-25,2024,121,204,87,70,.554,6.0,-,2,2,5,False,E,
2024-09-26,2024-09-25,2024,144,204,86,71,.548,7.0,1.0,3,4,7,False,E,
2024-09-26,2024-09-25,2024,120,204,69,89,.437,24.5,18.5,4,10,13,False,E,
2024-09-26,2024-09-25,2024,146,204,58,100,.367,35.5,29.5,5,12,15,False,E,
2024-09-26,2024-09-25,2024,158,205,90,68,.570,-,-,1,,4,True,-,-
2024-09-26,2024-09-25,2024,138,205,81,77,.513,9.0,6.5,2,5,8,False,E,
2024-09-26,2024-09-25,2024,112,205,81,78,.509,9.5,7.0,3,6,9,False,E,
2024-09-26,2024-09-25,2024,113,205,76,83,.478,14.5,12.0,4,8,11,False,E,
2024-09-26,2024-09-25,2024,134,205,74,84,.468,16.0,13.5,5,9,12,False,E,
2024-09-26,2024-09-25,2024,119,203,94,64,.595,-,-,1,,1,True,-,-
2024-09-26,2024-09-25,2024,135,203,91,67,.576,3.0,+3.5,2,1,3,True,2,
2024-09-26,2024-09-25,2024,109,203,88,71,.553,6.5,-,3,3,6,False,E,
2024-09-26,2024-09-25,2024,137,203,79,80,.497,15.5,9.0,4,7,10,False,E,
2024-09-26,2024-09-25,2024,115,203,60,98,.380,34.0,27.5,5,11,14,False,E,
2024-09-27,2024-09-26,2024,147,201,93,66,.585,-,-,1,,1,True,-,-
2024-09-27,2024-09-26,2024,110,201,88,71,.553,5.0,+3.0,2,1,3,True,E,
2024-09-27,2024-09-26,2024,111,201,80,79,.503,13.0,5.0,3,6,9,False,E,
2024-09-27,2024-09-26,2024,139,201,78,81,.491,15.0,7.0,4,7,10,False,E,
2024-09-27,2024-09-26,2024,141,201,74,85,.465,19.0,11.0,5,9,12,False,E,
2024-09-27,2024-09-26,2024,114,202,92,67,.579,-,-,1,,2,True,-,-
2024-09-27,2024-09-26,2024,118,202,85,74,.535,7.0,-,2,2,5,False,E,
2024-09-27,2024-09-26,2024,116,202,85,74,.535,7.0,-,3,3,6,False,E,
2024-09-27,2024-09-26,2024,142,202,82,77,.516,10.0,3.0,4,4,7,False,E,
2024-09-27,2024-09-26,2024,145,202,39,120,.245,53.0,46.0,5,12,15,False,E,
2024-09-27,2024-09-26,2024,117,200,86,73,.541,-,-,1,,4,True,-,-
2024-09-27,2024-09-26,2024,136,200,82,77,.516,4.0,3.0,2,5,8,False,E,
2024-09-27,2024-09-26,2024,140,200,75,84,.472,11.0,10.0,3,8,11,False,E,
2024-09-27,2024-09-26,2024,133,200,69,90,.434,17.0,16.0,4,10,13,False,E,
2024-09-27,2024-09-26,2024,108,200,63,96,.396,23.0,22.0,5,11,14,False,E,
2024-09-27,2024-09-26,2024,143,204,94,65,.591,-,-,1,,2,True,-,-
2024-09-27,2024-09-26,2024,121,204,87,70,.554,6.0,-,2,2,5,False,E,
2024-09-27,2024-09-26,2024,144,204,86,71,.548,7.0,1.0,3,4,7,False,E,
2024-09-27,2024-09-26,2024,120,204,69,90,.434,25.0,19.0,4,10,13,False,E,
2024-09-27,2024-09-26,2024,146,204,59,100,.371,35.0,29.0,5,12,15,False,E,
2024-09-27,2024-09-26,2024,158,205,91,68,.572,-,-,1,,4,True,-,-
2024-09-27,2024-09-26,2024,138,205,81,78,.509,10.0,7.0,2,5,8,False,E,
2024-09-27,2024-09-26,2024,112,205,81,78,.509,10.0,7.0,3,6,9,False,E,
2024-09-27,2024-09-26,2024,113,205,76,83,.478,15.0,12.0,4,8,11,False,E,
2024-09-27,2024-09-26,2024,134,205,74,85,.465,17.0,14.0,5,9,12,False,E,
2024-09-27,2024-09-26,2024,119,203,95,64,.597,-,-,1,,1,True,-,-
2024-09-27,2024-09-26,2024,135,203,91,68,.572,4.0,+3.0,2,1,3,True,E,
2024-09-27,2024-09-26,2024,109,203,88,71,.553,7.0,-,3,3,6,False,E,
2024-09-27,2024-09-26,2024,137,203,79,80,.497,16.0,9.0,4,7,10,False,E,
2024-09-27,2024-09-26,2024,115,203,61,98,.384,34.0,27.0,5,11,14,False,E,
2024-09-28,2024-09-27,2024,147,201,93,67,.581,-,-,1,,1,True,-,-
2024-09-28,2024-09-27,2024,110,201,89,71,.556,4.0,+4.0,2,1,3,True,E,
2024-09-28,2024-09-27,2024,111,201,80,80,.500,13.0,5.0,3,6,9,False,E,
2024-09-28,2024-09-27,2024,139,201,79,81,.494,14.0,6.0,4,7,10,False,E,
2024-09-28,2024-09-27,2024,141,201,74,86,.463,19.0,11.0,5,9,12,False,E,
2024-09-28,2024-09-27,2024,114,202,92,68,.575,-,-,1,,2,True,-,-
2024-09-28,2024-09-27,2024,116,202,86,74,.538,6.0,+1.0,2,2,5,True,E,
2024-09-28,2024-09-27,2024,118,202,85,75,.531,7.0,-,3,3,6,True,E,
2024-09-28,2024-09-27,2024,142,202,82,78,.513,10.0,3.0,4,5,8,False,E,
2024-09-28,2024-09-27,2024,145,202,39,121,.244,53.0,46.0,5,12,15,False,E,
2024-09-28,2024-09-27,2024,117,200,87,73,.544,-,-,1,,4,True,-,-
2024-09-28,2024-09-27,2024,136,200,83,77,.519,4.0,2.0,2,4,7,False,E,
2024-09-28,2024-09-27,2024,140,200,76,84,.475,11.0,9.0,3,8,11,False,E,
2024-09-28,2024-09-27,2024,133,200,69,91,.431,18.0,16.0,4,10,13,False,E,
2024-09-28,2024-09-27,2024,108,200,63,97,.394,24.0,22.0,5,11,14,False,E,
2024-09-28,2024-09-27,2024,143,204,94,66,.588,-,-,1,,2,True,-,-
2024-09-28,2024-09-27,2024,144,204,87,71,.551,6.0,-,2,2,5,False,E,
2024-09-28,2024-09-27,2024,121,204,87,71,.551,6.0,-,3,3,6,False,E,
2024-09-28,2024-09-27,2024,120,204,70,90,.438,24.0,18.0,4,10,13,False,E,
2024-09-28,2024-09-27,2024,146,204,60,100,.375,34.0,28.0,5,12,15,False,E,
2024-09-28,2024-09-27,2024,158,205,92,68,.575,-,-,1,,4,True,-,-
2024-09-28,2024-09-27,2024,138,205,82,78,.513,10.0,6.0,2,5,8,False,E,
2024-09-28,2024-09-27,2024,112,205,82,78,.513,10.0,6.0,3,6,9,False,E,
2024-09-28,2024-09-27,2024,113,205,76,84,.475,16.0,12.0,4,8,11,False,E,
2024-09-28,2024-09-27,2024,134,205,75,85,.469,17.0,13.0,5,9,12,False,E,
2024-09-28,2024-09-27,2024,119,203,96,64,.600,-,-,1,,1,True,-,-
2024-09-28,2024-09-27,2024,135,203,92,68,.575,4.0,+4.0,2,1,3,True,E,
2024-09-28,2024-09-27,2024,109,203,88,72,.550,8.0,-,3,4,7,False,E,
2024-09-28,2024-09-27,2024,137,203,79,81,.494,17.0,9.0,4,7,10,False,E,
2024-09-28,2024-09-27,2024,115,203,61,99,.381,35.0,27.0,5,11,14,False,E,
2024-09-29,2024-09-28,2024,147,201,93,68,.578,-,-,1,,1,True,-,-
2024-09-29,2024-09-28,2024,110,201,90,71,.559,3.0,+5.0,2,1,3,True,E,
2024-09-29,2024-09-28,2024,139,201,80,81,.497,13.0,5.0,3,6,9,False,E,
2024-09-29,2024-09-28,2024,111,201,80,81,.497,13.0,5.0,4,7,10,False,E,
2024-09-29,2024-09-28,2024,141,201,74,87,.460,19.0,11.0,5,9,12,False,E,
2024-09-29,2024-09-28,2024,114,202,92,69,.571,-,-,1,,2,True,-,-
2024-09-29,2024-09-28,2024,116,202,86,75,.534,6.0,+1.0,2,2,5,True,E,
2024-09-29,2024-09-28,2024,118,202,85,76,.528,7.0,-,3,3,6,True,E,
2024-09-29,2024-09-28,2024,142,202,82,79,.509,10.0,3.0,4,5,8,False,E,
2024-09-29,2024-09-28,2024,145,202,40,121,.248,52.0,45.0,5,12,15,False,E,
2024-09-29,2024-09-28,2024,117,200,88,73,.547,-,-,1,,4,True,-,-
2024-09-29,2024-09-28,2024,136,200,84,77,.522,4.0,1.0,2,4,7,False,E,
2024-09-29,2024-09-28,2024,140,200,77,84,.478,11.0,8.0,3,8,11,False,E,
2024-09-29,2024-09-28,2024,133,200,69,92,.429,19.0,16.0,4,10,13,False,E,
2024-09-29,2024-09-28,2024,108,200,63,98,.391,25.0,22.0,5,11,14,False,E,
2024-09-29,2024-09-28,2024,143,204,94,67,.584,-,-,1,,2,True,-,-
2024-09-29,2024-09-28,2024,144,204,88,71,.553,5.0,+1.0,2,2,5,False,E,
2024-09-29,2024-09-28,2024,121,204,87,72,.547,6.0,-,3,3,6,False,E,
2024-09-29,2024-09-28,2024,120,204,71,90,.441,23.0,17.0,4,10,13,False,E,
2024-09-29,2024-09-28,2024,146,204,61,100,.379,33.0,27.0,5,11,14,False,E,
2024-09-29,2024-09-28,2024,158,205,93,68,.578,-,-,1,,4,True,-,-
2024-09-29,2024-09-28,2024,112,205,83,78,.516,10.0,5.0,2,5,8,False,E,
2024-09-29,2024-09-28,2024,138,205,82,79,.509,11.0,6.0,3,6,9,False,E,
2024-09-29,2024-09-28,2024,134,205,76,85,.472,17.0,12.0,4,8,11,False,E,
2024-09-29,2024-09-28,2024,113,205,76,85,.472,17.0,12.0,5,9,12,False,E,
2024-09-29,2024-09-28,2024,119,203,97,64,.602,-,-,1,,1,True,-,-
2024-09-29,2024-09-28,2024,135,203,93,68,.578,4.0,+5.0,2,1,3,True,E,
2024-09-29,2024-09-28,2024,109,203,88,73,.547,9.0,-,3,4,7,False,E,
2024-09-29,2024-09-28,2024,137,203,80,81,.497,17.0,8.0,4,7,10,False,E,
2024-09-29,2024-09-28,2024,115,203,61,100,.379,36.0,27.0,5,12,15,False,E,
2024-09-30,2024-09-29,2024,147,201,94,68,.580,-,-,1,,1,True,-,-
2024-09-30,2024-09-29,2024,110,201,91,71,.562,3.0,+5.0,2,1,3,True,E,
2024-09-30,2024-09-29,2024,111,201,81,81,.500,13.0,5.0,3,6,9,False,E,
2024-09-30,2024-09-29,2024,139,201,80,82,.494,14.0,6.0,4,7,10,False,E,
2024-09-30,2024-09-29,2024,141,201,74,88,.457,20.0,12.0,5,9,12,False,E,
2024-09-30,2024-09-29,2024,114,202,92,69,.571,-,-,1,,2,True,-,-
2024-09-30,2024-09-29,2024,118,202,86,76,.531,6.5,-,2,2,5,True,E,
2024-09-30,2024-09-29,2024,116,202,86,76,.531,6.5,-,3,3,6,True,E,
2024-09-30,2024-09-29,2024,142,202,82,80,.506,10.5,4.0,4,5,8,False,E,
2024-09-30,2024-09-29,2024,145,202,41,121,.253,51.5,45.0,5,12,15,False,E,
2024-09-30,2024-09-29,2024,117,200,88,73,.547,-,-,1,,4,True,-,-
2024-09-30,2024-09-29,2024,136,200,85,77,.525,3.5,1.0,2,4,7,False,E,
2024-09-30,2024-09-29,2024,140,200,78,84,.481,10.5,8.0,3,8,11,False,E,
2024-09-30,2024-09-29,2024,133,200,69,93,.426,19.5,17.0,4,10,13,False,E,
2024-09-30,2024-09-29,2024,108,200,63,99,.389,25.5,23.0,5,11,14,False,E,
2024-09-30,2024-09-29,2024,143,204,95,67,.586,-,-,1,,2,True,-,-
2024-09-30,2024-09-29,2024,144,204,88,72,.550,6.0,-,2,2,5,False,E,
2024-09-30,2024-09-29,2024,121,204,88,72,.550,6.0,-,3,3,6,False,E,
2024-09-30,2024-09-29,2024,120,204,71,91,.438,24.0,18.0,4,10,13,False,E,
2024-09-30,2024-09-29,2024,146,204,62,100,.383,33.0,27.0,5,11,14,False,E,
2024-09-30,2024-09-29,2024,158,205,93,69,.574,-,-,1,,4,True,-,-
2024-09-30,2024-09-29,2024,138,205,83,79,.512,10.0,6.0,2,5,8,False,E,
2024-09-30,2024-09-29,2024,112,205,83,79,.512,10.0,6.0,3,6,9,False,E,
2024-09-30,2024-09-29,2024,113,205,77,85,.475,16.0,12.0,4,8,11,False,E,
2024-09-30,2024-09-29,2024,134,205,76,86,.469,17.0,13.0,5,9,12,False,E,
2024-09-30,2024-09-29,2024,119,203,98,64,.605,-,-,1,,1,True,-,-
2024-09-30,2024-09-29,2024,135,203,93,69,.574,5.0,+4.0,2,1,3,True,E,
2024-09-30,2024-09-29,2024,109,203,89,73,.549,9.0,-,3,4,7,False,E,
2024-09-30,2024-09-29,2024,137,203,80,82,.494,18.0,9.0,4,7,10,False,E,
2024-09-30,2024-09-29,2024,115,203,61,101,.377,37.0,28.0,5,12,15,False,E,
