game_date,standings_asof_date,season,team_id,division_id,wins,losses,winning_pct,games_back,wild_card_games_back,division_rank,wild_card_rank,league_rank,clinched,elimination_number,magic_number
2022-04-08,2022-04-07,2022,110,201,0,0,.000,-,-,1,,3,False,-,
2022-04-08,2022-04-07,2022,111,201,0,0,.000,-,-,2,1,4,False,-,
2022-04-08,2022-04-07,2022,147,201,0,0,.000,-,-,3,5,8,False,-,
2022-04-08,2022-04-07,2022,139,201,0,0,.000,-,-,4,8,11,False,-,
2022-04-08,2022-04-07,2022,141,201,0,0,.000,-,-,5,10,13,False,-,
2022-04-08,2022-04-07,2022,118,202,1,0,1.000,-,-,1,,2,False,-,162
2022-04-08,2022-04-07,2022,145,202,0,0,.000,0.5,-,2,2,5,False,162,
2022-04-08,2022-04-07,2022,116,202,0,0,.000,0.5,-,3,3,6,False,162,
2022-04-08,2022-04-07,2022,142,202,0,0,.000,0.5,-,4,4,7,False,162,
2022-04-08,2022-04-07,2022,114,202,0,1,.000,1.0,0.5,5,11,14,False,161,
2022-04-08,2022-04-07,2022,117,200,1,0,1.000,-,-,1,,1,False,-,162
2022-04-08,2022-04-07,2022,133,200,0,0,.000,0.5,-,2,6,9,False,162,
2022-04-08,2022-04-07,2022,136,200,0,0,.000,0.5,-,3,7,10,False,162,
2022-04-08,2022-04-07,2022,140,200,0,0,.000,0.5,-,4,9,12,False,162,
2022-04-08,2022-04-07,2022,108,200,0,1,.000,1.0,0.5,5,12,15,False,161,
2022-04-08,2022-04-07,2022,121,204,1,0,1.000,-,-,1,,3,False,-,162
2022-04-08,2022-04-07,2022,146,204,0,0,.000,0.5,-,2,5,8,False,162,
2022-04-08,2022-04-07,2022,143,204,0,0,.000,0.5,-,3,6,9,False,162,
2022-04-08,2022-04-07,2022,120,204,0,1,.000,1.0,0.5,4,11,14,False,161,
2022-04-08,2022-04-07,2022,144,204,0,1,.000,1.0,0.5,5,12,15,False,161,
2022-04-08,2022-04-07,2022,112,205,1,0,1.000,-,-,1,,2,False,-,161
2022-04-08,2022-04-07,2022,138,205,1,0,1.000,-,+0.5,2,1,4,False,-,
2022-04-08,2022-04-07,2022,113,205,1,0,1.000,-,+0.5,3,2,5,False,-,
2022-04-08,2022-04-07,2022,158,205,0,1,.000,1.0,0.5,4,8,11,False,161,
2022-04-08,2022-04-07,2022,134,205,0,1,.000,1.0,0.5,5,9,12,False,161,
2022-04-08,2022-04-07,2022,109,203,1,0,1.000,-,-,1,,1,False,-,162
2022-04-08,2022-04-07,2022,115,203,0,0,.000,0.5,-,2,3,6,False,162,
2022-04-08,2022-04-07,2022,119,203,0,0,.000,0.5,-,3,4,7,False,162,
2022-04-08,2022-04-07,2022,137,203,0,0,.000,0.5,-,4,7,10,False,162,
2022-04-08,2022-04-07,2022,135,203,0,1,.000,1.0,0.5,5,10,13,False,161,
2022-04-09,2022-04-08,2022,147,201,1,0,1.000,-,-,1,,4,False,-,161
2022-04-09,2022-04-08,2022,139,201,1,0,1.000,-,-,2,2,5,False,-,
2022-04-09,2022-04-08,2022,141,201,1,0,1.000,-,-,3,4,7,False,-,
2022-04-09,2022-04-08,2022,110,201,0,1,.000,1.0,1.0,4,5,8,False,161,
2022-04-09,2022-04-08,2022,111,201,0,1,.000,1.0,1.0,5,6,9,False,161,
2022-04-09,2022-04-08,2022,116,202,1,0,1.000,-,-,1,,2,False,-,161
2022-04-09,2022-04-08,2022,118,202,1,0,1.000,-,-,2,1,3,False,-,
2022-04-09,2022-04-08,2022,145,202,0,1,.000,1.0,1.0,3,7,10,False,161,
2022-04-09,2022-04-08,2022,114,202,0,1,.000,1.0,1.0,4,8,11,False,161,
2022-04-09,2022-04-08,2022,142,202,0,1,.000,1.0,1.0,5,9,12,False,161,
2022-04-09,2022-04-08,2022,117,200,2,0,1.000,-,-,1,,1,False,-,160
2022-04-09,2022-04-08,2022,136,200,1,0,1.000,0.5,-,2,3,6,False,-,
2022-04-09,2022-04-08,2022,140,200,0,1,.000,1.5,1.0,3,10,13,False,160,
2022-04-09,2022-04-08,2022,133,200,0,1,.000,1.5,1.0,4,11,14,False,160,
2022-04-09,2022-04-08,2022,108,200,0,2,.000,2.0,1.5,5,12,15,False,159,
2022-04-09,2022-04-08,2022,121,204,2,0,1.000,-,-,1,,1,False,-,160
2022-04-09,2022-04-08,2022,143,204,1,0,1.000,0.5,-,2,3,6,False,-,
2022-04-09,2022-04-08,2022,144,204,1,1,.500,1.0,0.5,3,6,9,False,160,
2022-04-09,2022-04-08,2022,146,204,0,1,.000,1.5,1.0,4,11,14,False,160,
2022-04-09,2022-04-08,2022,120,204,0,2,.000,2.0,1.5,5,12,15,False,159,
2022-04-09,2022-04-08,2022,112,205,1,0,1.000,-,-,1,,2,False,-,161
2022-04-09,2022-04-08,2022,138,205,1,0,1.000,-,-,2,1,4,False,-,
2022-04-09,2022-04-08,2022,113,205,1,1,.500,0.5,0.5,3,7,10,False,161,
2022-04-09,2022-04-08,2022,158,205,0,1,.000,1.0,1.0,4,9,12,False,161,
2022-04-09,2022-04-08,2022,134,205,0,1,.000,1.0,1.0,5,10,13,False,161,
2022-04-09,2022-04-08,2022,119,203,1,0,1.000,-,-,1,,3,False,-,161
2022-04-09,2022-04-08,2022,137,203,1,0,1.000,-,-,2,2,5,False,-,
2022-04-09,2022-04-08,2022,109,203,1,1,.500,0.5,0.5,3,4,7,False,161,
2022-04-09,2022-04-08,2022,135,203,1,1,.500,0.5,0.5,4,5,8,False,161,
2022-04-09,2022-04-08,2022,115,203,0,1,.000,1.0,1.0,5,8,11,False,161,
2022-04-10,2022-04-09,2022,147,201,2,0,1.000,-,-,1,,2,False,-,159
2022-04-10,2022-04-09,2022,139,201,2,0,1.000,-,+0.5,2,1,3,False,-,
2022-04-10,2022-04-09,2022,141,201,2,0,1.000,-,+0.5,3,2,5,False,-,
2022-04-10,2022-04-09,2022,110,201,0,2,.000,2.0,1.5,4,7,10,False,159,
2022-04-10,2022-04-09,2022,111,201,0,2,.000,2.0,1.5,5,8,11,False,159,
2022-04-10,2022-04-09,2022,118,202,2,0,1.000,-,-,1,,1,False,-,160
2022-04-10,2022-04-09,2022,145,202,1,1,.500,1.0,0.5,2,4,7,False,160,
2022-04-10,2022-04-09,2022,116,202,1,1,.500,1.0,0.5,3,5,8,False,160,
2022-04-10,2022-04-09,2022,114,202,0,2,.000,2.0,1.5,4,9,12,False,159,
2022-04-10,2022-04-09,2022,142,202,0,2,.000,2.0,1.5,5,10,13,False,159,
2022-04-10,2022-04-09,2022,136,200,2,0,1.000,-,-,1,,4,False,-,160
2022-04-10,2022-04-09,2022,117,200,2,1,.667,0.5,-,2,3,6,False,160,
2022-04-10,2022-04-09,2022,108,200,1,2,.333,1.5,1.0,3,6,9,False,159,
2022-04-10,2022-04-09,2022,140,200,0,2,.000,2.0,1.5,4,11,14,False,159,
2022-04-10,2022-04-09,2022,133,200,0,2,.000,2.0,1.5,5,12,15,False,159,
2022-04-10,2022-04-09,2022,121,204,3,0,1.000,-,-,1,,1,False,-,159
2022-04-10,2022-04-09,2022,143,204,2,0,1.000,0.5,+0.5,2,2,4,False,-,
2022-04-10,2022-04-09,2022,144,204,2,1,.667,1.0,-,3,3,6,False,159,
2022-04-10,2022-04-09,2022,146,204,1,1,.500,1.5,0.5,4,6,9,False,159,
2022-04-10,2022-04-09,2022,120,204,0,3,.000,3.0,2.0,5,12,15,False,157,
2022-04-10,2022-04-09,2022,112,205,2,0,1.000,-,-,1,,2,False,-,159
2022-04-10,2022-04-09,2022,138,205,2,0,1.000,-,+0.5,2,1,3,False,-,
2022-04-10,2022-04-09,2022,113,205,1,2,.333,1.5,1.0,3,9,12,False,159,
2022-04-10,2022-04-09,2022,158,205,0,2,.000,2.0,1.5,4,10,13,False,159,
2022-04-10,2022-04-09,2022,134,205,0,2,.000,2.0,1.5,5,11,14,False,159,
2022-04-10,2022-04-09,2022,135,203,2,1,.667,-,-,1,,5,False,-,160
2022-04-10,2022-04-09,2022,115,203,1,1,.500,0.5,0.5,2,4,7,False,160,
2022-04-10,2022-04-09,2022,119,203,1,1,.500,0.5,0.5,3,5,8,False,160,
2022-04-10,2022-04-09,2022,137,203,1,1,.500,0.5,0.5,4,7,10,False,160,
2022-04-10,2022-04-09,2022,109,203,1,2,.333,1.0,1.0,5,8,11,False,159,
2022-04-11,2022-04-10,2022,139,201,3,0,1.000,-,-,1,,1,False,-,159
2022-04-11,2022-04-10,2022,147,201,2,1,.667,1.0,-,2,2,5,False,159,
2022-04-11,2022-04-10,2022,141,201,2,1,.667,1.0,-,3,4,7,False,159,
2022-04-11,2022-04-10,2022,111,201,1,2,.333,2.0,1.0,4,5,8,False,158,
2022-04-11,2022-04-10,2022,110,201,0,3,.000,3.0,2.0,5,12,15,False,157,
2022-04-11,2022-04-10,2022,145,202,2,1,.667,-,-,1,,3,False,-,159
2022-04-11,2022-04-10,2022,118,202,2,1,.667,-,-,2,1,4,False,-,
2022-04-11,2022-04-10,2022,114,202,1,2,.333,1.0,1.0,3,6,9,False,159,
2022-04-11,2022-04-10,2022,116,202,1,2,.333,1.0,1.0,4,7,10,False,159,
2022-04-11,2022-04-10,2022,142,202,1,2,.333,1.0,1.0,5,8,11,False,159,
2022-04-11,2022-04-10,2022,117,200,3,1,.750,-,-,1,,2,False,-,159
2022-04-11,2022-04-10,2022,136,200,2,1,.667,0.5,-,2,3,6,False,159,
2022-04-11,2022-04-10,2022,140,200,1,2,.333,1.5,1.0,3,9,12,False,158,
2022-04-11,2022-04-10,2022,133,200,1,2,.333,1.5,1.0,4,10,13,False,158,
2022-04-11,2022-04-10,2022,108,200,1,3,.250,2.0,1.5,5,11,14,False,157,
2022-04-11,2022-04-10,2022,121,204,3,1,.750,-,-,1,,1,False,-,159
2022-04-11,2022-04-10,2022,143,204,2,1,.667,0.5,-,2,4,7,False,159,
2022-04-11,2022-04-10,2022,144,204,2,2,.500,1.0,0.5,3,5,8,False,158,
2022-04-11,2022-04-10,2022,146,204,1,2,.333,1.5,1.0,4,10,13,False,158,
2022-04-11,2022-04-10,2022,120,204,1,3,.250,2.0,1.5,5,12,15,False,157,
2022-04-11,2022-04-10,2022,112,205,2,1,.667,-,-,1,,3,False,-,159
2022-04-11,2022-04-10,2022,138,205,2,1,.667,-,-,2,2,5,False,-,
2022-04-11,2022-04-10,2022,113,205,2,2,.500,0.5,0.5,3,6,9,False,159,
2022-04-11,2022-04-10,2022,158,205,1,2,.333,1.0,1.0,4,8,11,False,159,
2022-04-11,2022-04-10,2022,134,205,1,2,.333,1.0,1.0,5,9,12,False,159,
2022-04-11,2022-04-10,2022,135,203,3,1,.750,-,-,1,,2,False,-,159
2022-04-11,2022-04-10,2022,115,203,2,1,.667,0.5,-,2,1,4,False,159,
2022-04-11,2022-04-10,2022,137,203,2,1,.667,0.5,-,3,3,6,False,159,
2022-04-11,2022-04-10,2022,119,203,1,2,.333,1.5,1.0,4,7,10,False,158,
2022-04-11,2022-04-10,2022,109,203,1,3,.250,2.0,1.5,5,11,14,False,157,
2022-04-12,2022-04-11,2022,139,201,3,1,.750,-,-,1,,1,False,-,158
2022-04-12,2022-04-11,2022,141,201,3,1,.750,-,+1.0,2,1,2,False,-,
2022-04-12,2022-04-11,2022,147,201,2,2,.500,1.0,-,3,6,9,False,158,
2022-04-12,2022-04-11,2022,111,201,1,3,.250,2.0,1.0,4,10,13,False,157,
2022-04-12,2022-04-11,2022,110,201,1,3,.250,2.0,1.0,5,11,14,False,157,
2022-04-12,2022-04-11,2022,145,202,2,1,.667,-,-,1,,4,False,-,159
2022-04-12,2022-04-11,2022,114,202,2,2,.500,0.5,-,2,2,5,False,159,
2022-04-12,2022-04-11,2022,118,202,2,2,.500,0.5,-,3,3,6,False,159,
2022-04-12,2022-04-11,2022,116,202,2,2,.500,0.5,-,4,7,10,False,159,
2022-04-12,2022-04-11,2022,142,202,2,2,.500,0.5,-,5,4,7,False,159,
2022-04-12,2022-04-11,2022,117,200,3,1,.750,-,-,1,,3,False,-,158
2022-04-12,2022-04-11,2022,133,200,2,2,.500,1.0,-,2,8,11,False,158,
2022-04-12,2022-04-11,2022,136,200,2,2,.500,1.0,-,3,5,8,False,158,
2022-04-12,2022-04-11,2022,108,200,2,3,.400,1.5,0.5,4,9,12,False,157,
2022-04-12,2022-04-11,2022,140,200,1,3,.250,2.0,1.0,5,12,15,False,157,
2022-04-12,2022-04-11,2022,143,204,3,1,.750,-,-,1,,2,False,-,158
2022-04-12,2022-04-11,2022,121,204,3,2,.600,0.5,-,2,3,6,False,158,
2022-04-12,2022-04-11,2022,120,204,2,3,.400,1.5,1.0,3,6,9,False,157,
2022-04-12,2022-04-11,2022,144,204,2,3,.400,1.5,1.0,4,7,10,False,157,
2022-04-12,2022-04-11,2022,146,204,1,3,.250,2.0,1.5,5,12,15,False,157,
2022-04-12,2022-04-11,2022,112,205,2,1,.667,-,-,1,,4,False,-,159
2022-04-12,2022-04-11,2022,138,205,2,1,.667,-,-,2,2,5,False,-,
2022-04-12,2022-04-11,2022,113,205,2,2,.500,0.5,0.5,3,5,8,False,159,
2022-04-12,2022-04-11,2022,134,205,1,2,.333,1.0,1.0,4,9,12,False,159,
2022-04-12,2022-04-11,2022,158,205,1,3,.250,1.5,1.5,5,10,13,False,158,
2022-04-12,2022-04-11,2022,135,203,4,1,.800,-,-,1,,1,False,-,158
2022-04-12,2022-04-11,2022,115,203,3,1,.750,0.5,+0.5,2,1,3,False,158,
2022-04-12,2022-04-11,2022,137,203,2,2,.500,1.5,0.5,3,4,7,False,157,
2022-04-12,2022-04-11,2022,119,203,1,2,.333,2.0,1.0,4,8,11,False,157,
2022-04-12,2022-04-11,2022,109,203,1,3,.250,2.5,1.5,5,11,14,False,156,
2022-04-13,2022-04-12,2022,139,201,4,1,.800,-,-,1,,1,False,-,157
2022-04-13,2022-04-12,2022,147,201,3,2,.600,1.0,-,2,1,4,False,157,
2022-04-13,2022-04-12,2022,141,201,3,2,.600,1.0,-,3,2,5,False,157,
2022-04-13,2022-04-12,2022,111,201,2,3,.400,2.0,1.0,4,5,8,False,156,
2022-04-13,2022-04-12,2022,110,201,1,4,.200,3.0,2.0,5,11,14,False,155,
2022-04-13,2022-04-12,2022,145,202,3,1,.750,-,-,1,,3,False,-,158
2022-04-13,2022-04-12,2022,114,202,3,2,.600,0.5,-,2,3,6,False,158,
2022-04-13,2022-04-12,2022,118,202,2,3,.400,1.5,1.0,3,9,12,False,157,
2022-04-13,2022-04-12,2022,116,202,2,3,.400,1.5,1.0,4,6,9,False,157,
2022-04-13,2022-04-12,2022,142,202,2,3,.400,1.5,1.0,5,7,10,False,157,
2022-04-13,2022-04-12,2022,117,200,4,1,.800,-,-,1,,2,False,-,156
2022-04-13,2022-04-12,2022,108,200,3,3,.500,1.5,0.5,2,4,7,False,156,
2022-04-13,2022-04-12,2022,133,200,2,3,.400,2.0,1.0,3,10,13,False,156,
2022-04-13,2022-04-12,2022,136,200,2,3,.400,2.0,1.0,4,8,11,False,156,
2022-04-13,2022-04-12,2022,140,200,1,4,.200,3.0,2.0,5,12,15,False,155,
2022-04-13,2022-04-12,2022,121,204,4,2,.667,-,-,1,,4,False,-,157
2022-04-13,2022-04-12,2022,143,204,3,2,.600,0.5,-,2,4,7,False,157,
2022-04-13,2022-04-12,2022,144,204,3,3,.500,1.0,0.5,3,5,8,False,156,
2022-04-13,2022-04-12,2022,120,204,2,4,.333,2.0,1.5,4,9,12,False,155,
2022-04-13,2022-04-12,2022,146,204,1,4,.200,2.5,2.0,5,12,15,False,155,
2022-04-13,2022-04-12,2022,112,205,3,1,.750,-,-,1,,2,False,-,157
2022-04-13,2022-04-12,2022,138,205,3,1,.750,-,+0.5,2,1,3,False,-,
2022-04-13,2022-04-12,2022,158,205,2,3,.400,1.5,1.0,3,7,10,False,157,
2022-04-13,2022-04-12,2022,113,205,2,3,.400,1.5,1.0,4,8,11,False,157,
2022-04-13,2022-04-12,2022,134,205,1,3,.250,2.0,1.5,5,10,13,False,157,
2022-04-13,2022-04-12,2022,115,203,4,1,.800,-,-,1,,1,False,-,157
2022-04-13,2022-04-12,2022,135,203,4,2,.667,0.5,+0.5,2,2,5,False,157,
2022-04-13,2022-04-12,2022,137,203,3,2,.600,1.0,-,3,3,6,False,157,
2022-04-13,2022-04-12,2022,119,203,2,2,.500,1.5,0.5,4,6,9,False,157,
2022-04-13,2022-04-12,2022,109,203,1,4,.200,3.0,2.0,5,11,14,False,155,
2022-04-14,2022-04-13,2022,139,201,4,2,.667,-,-,1,,2,False,-,156
2022-04-14,2022-04-13,2022,141,201,4,2,.667,-,+1.0,2,1,4,False,-,
2022-04-14,2022-04-13,2022,147,201,3,3,.500,1.0,-,3,3,6,False,156,
2022-04-14,2022-04-13,2022,111,201,3,3,.500,1.0,-,4,4,7,False,156,
2022-04-14,2022-04-13,2022,110,201,1,5,.167,3.0,2.0,5,12,15,False,154,
2022-04-14,2022-04-13,2022,145,202,4,1,.800,-,-,1,,1,False,-,157
2022-04-14,2022-04-13,2022,114,202,4,2,.667,0.5,+1.0,2,2,5,False,157,
2022-04-14,2022-04-13,2022,118,202,2,3,.400,2.0,0.5,3,7,10,False,156,
2022-04-14,2022-04-13,2022,116,202,2,4,.333,2.5,1.0,4,10,13,False,155,
2022-04-14,2022-04-13,2022,142,202,2,4,.333,2.5,1.0,5,8,11,False,155,
2022-04-14,2022-04-13,2022,117,200,4,2,.667,-,-,1,,3,False,-,156
2022-04-14,2022-04-13,2022,108,200,3,3,.500,1.0,-,2,5,8,False,156,
2022-04-14,2022-04-13,2022,133,200,3,3,.500,1.0,-,3,6,9,False,156,
2022-04-14,2022-04-13,2022,136,200,2,4,.333,2.0,1.0,4,9,12,False,155,
2022-04-14,2022-04-13,2022,140,200,1,4,.200,2.5,1.5,5,11,14,False,155,
2022-04-14,2022-04-13,2022,121,204,5,2,.714,-,-,1,,3,False,-,155
2022-04-14,2022-04-13,2022,143,204,3,3,.500,1.5,0.5,2,6,9,False,155,
2022-04-14,2022-04-13,2022,120,204,3,4,.429,2.0,1.0,3,7,10,False,154,
2022-04-14,2022-04-13,2022,144,204,3,4,.429,2.0,1.0,4,8,11,False,154,
2022-04-14,2022-04-13,2022,146,204,1,4,.200,3.0,2.0,5,12,15,False,154,
2022-04-14,2022-04-13,2022,138,205,3,1,.750,-,-,1,,2,False,-,158
2022-04-14,2022-04-13,2022,112,205,3,2,.600,0.5,-,2,2,5,False,158,
2022-04-14,2022-04-13,2022,158,205,3,3,.500,1.0,0.5,3,5,8,False,157,
2022-04-14,2022-04-13,2022,134,205,2,3,.400,1.5,1.0,4,9,12,False,157,
2022-04-14,2022-04-13,2022,113,205,2,4,.333,2.0,1.5,5,11,14,False,156,
2022-04-14,2022-04-13,2022,115,203,4,1,.800,-,-,1,,1,False,-,157
2022-04-14,2022-04-13,2022,137,203,4,2,.667,0.5,+0.5,2,1,4,False,157,
2022-04-14,2022-04-13,2022,119,203,3,2,.600,1.0,-,3,3,6,False,157,
2022-04-14,2022-04-13,2022,135,203,4,3,.571,1.0,-,4,4,7,False,156,
2022-04-14,2022-04-13,2022,109,203,2,4,.333,2.5,1.5,5,10,13,False,155,
2022-04-15,2022-04-14,2022,147,201,4,3,.571,-,-,1,,5,False,-,156
2022-04-15,2022-04-14,2022,141,201,4,3,.571,-,-,2,3,6,False,-,
2022-04-15,2022-04-14,2022,139,201,4,3,.571,-,-,3,4,7,False,-,
2022-04-15,2022-04-14,2022,111,201,3,3,.500,0.5,0.5,4,5,8,False,156,
2022-04-15,2022-04-14,2022,110,201,1,5,.167,2.5,2.5,5,12,15,False,154,
2022-04-15,2022-04-14,2022,145,202,4,2,.667,-,-,1,,2,False,-,155
2022-04-15,2022-04-14,2022,114,202,4,2,.667,-,+0.5,2,1,3,False,-,
2022-04-15,2022-04-14,2022,116,202,3,4,.429,1.5,1.0,3,6,9,False,155,
2022-04-15,2022-04-14,2022,118,202,2,4,.333,2.0,1.5,4,10,13,False,155,
2022-04-15,2022-04-14,2022,142,202,2,4,.333,2.0,1.5,5,11,14,False,155,
2022-04-15,2022-04-14,2022,117,200,4,2,.667,-,-,1,,1,False,-,156
2022-04-15,2022-04-14,2022,133,200,4,3,.571,0.5,-,2,2,4,False,156,
2022-04-15,2022-04-14,2022,108,200,3,4,.429,1.5,1.0,3,7,10,False,155,
2022-04-15,2022-04-14,2022,136,200,3,4,.429,1.5,1.0,4,8,11,False,155,
2022-04-15,2022-04-14,2022,140,200,2,4,.333,2.0,1.5,5,9,12,False,155,
2022-04-15,2022-04-14,2022,121,204,5,2,.714,-,-,1,,1,False,-,154
2022-04-15,2022-04-14,2022,143,204,3,4,.429,2.0,1.5,2,7,10,False,154,
2022-04-15,2022-04-14,2022,120,204,3,5,.375,2.5,2.0,3,8,11,False,153,
2022-04-15,2022-04-14,2022,144,204,3,5,.375,2.5,2.0,4,9,12,False,153,
2022-04-15,2022-04-14,2022,146,204,2,4,.333,2.5,2.0,5,10,13,False,154,
2022-04-15,2022-04-14,2022,112,205,4,2,.667,-,-,1,,2,False,-,157
2022-04-15,2022-04-14,2022,138,205,3,2,.600,0.5,0.5,2,4,7,False,157,
2022-04-15,2022-04-14,2022,158,205,4,3,.571,0.5,0.5,3,5,8,False,156,
2022-04-15,2022-04-14,2022,134,205,3,3,.500,1.0,1.0,4,6,9,False,156,
2022-04-15,2022-04-14,2022,113,205,2,5,.286,2.5,2.5,5,12,15,False,154,
2022-04-15,2022-04-14,2022,115,203,4,2,.667,-,-,1,,3,False,-,156
2022-04-15,2022-04-14,2022,119,203,4,2,.667,-,-,2,1,4,False,-,
2022-04-15,2022-04-14,2022,137,203,4,2,.667,-,-,3,2,5,False,-,
2022-04-15,2022-04-14,2022,135,203,5,3,.625,-,-,4,3,6,False,156,
2022-04-15,2022-04-14,2022,109,203,2,4,.333,2.0,2.0,5,11,14,False,155,
2022-04-16,2022-04-15,2022,141,201,5,3,.625,-,-,1,,2,False,-,154
2022-04-16,2022-04-15,2022,139,201,4,4,.500,1.0,-,2,3,6,False,154,
2022-04-16,2022-04-15,2022,147,201,4,4,.500,1.0,-,3,6,9,False,154,
2022-04-16,2022-04-15,2022,111,201,3,4,.429,1.5,0.5,4,9,12,False,154,
2022-04-16,2022-04-15,2022,110,201,2,5,.286,2.5,1.5,5,12,15,False,153,
2022-04-16,2022-04-15,2022,145,202,5,2,.714,-,-,1,,1,False,-,155
2022-04-16,2022-04-15,2022,114,202,4,3,.571,1.0,+0.5,2,1,4,False,155,
2022-04-16,2022-04-15,2022,116,202,4,4,.500,1.5,-,3,5,8,False,154,
2022-04-16,2022-04-15,2022,142,202,3,4,.429,2.0,0.5,4,8,11,False,154,
2022-04-16,2022-04-15,2022,118,202,2,5,.286,3.0,1.5,5,11,14,False,153,
2022-04-16,2022-04-15,2022,117,200,4,3,.571,-,-,1,,3,False,-,155
2022-04-16,2022-04-15,2022,136,200,4,4,.500,0.5,-,2,4,7,False,155,
2022-04-16,2022-04-15,2022,108,200,4,4,.500,0.5,-,3,7,10,False,155,
2022-04-16,2022-04-15,2022,133,200,4,4,.500,0.5,-,4,2,5,False,155,
2022-04-16,2022-04-15,2022,140,200,2,5,.286,2.0,1.5,5,10,13,False,154,
2022-04-16,2022-04-15,2022,121,204,6,2,.750,-,-,1,,1,False,-,152
2022-04-16,2022-04-15,2022,120,204,4,5,.444,2.5,1.0,2,6,9,False,152,
2022-04-16,2022-04-15,2022,144,204,4,5,.444,2.5,1.0,3,7,10,False,152,
2022-04-16,2022-04-15,2022,146,204,3,4,.429,2.5,1.0,4,8,11,False,153,
2022-04-16,2022-04-15,2022,143,204,3,5,.375,3.0,1.5,5,10,13,False,152,
2022-04-16,2022-04-15,2022,138,205,4,2,.667,-,-,1,,5,False,-,156
2022-04-16,2022-04-15,2022,112,205,4,3,.571,0.5,-,2,3,6,False,156,
2022-04-16,2022-04-15,2022,158,205,4,4,.500,1.0,0.5,3,5,8,False,155,
2022-04-16,2022-04-15,2022,134,205,3,4,.429,1.5,1.0,4,9,12,False,155,
2022-04-16,2022-04-15,2022,113,205,2,6,.250,3.0,2.5,5,12,15,False,153,
2022-04-16,2022-04-15,2022,115,203,5,2,.714,-,-,1,,2,False,-,154
2022-04-16,2022-04-15,2022,119,203,5,2,.714,-,+1.0,2,1,3,False,-,
2022-04-16,2022-04-15,2022,137,203,5,2,.714,-,+1.0,3,2,4,False,-,
2022-04-16,2022-04-15,2022,135,203,5,4,.556,1.0,-,4,4,7,False,154,
2022-04-16,2022-04-15,2022,109,203,2,5,.286,3.0,2.0,5,11,14,False,153,
2022-04-17,2022-04-16,2022,147,201,5,4,.556,-,-,1,,3,False,-,154
2022-04-17,2022-04-16,2022,141,201,5,4,.556,-,-,2,1,4,False,-,
2022-04-17,2022-04-16,2022,111,201,4,4,.500,0.5,0.5,3,5,8,False,154,
2022-04-17,2022-04-16,2022,139,201,4,5,.444,1.0,1.0,4,6,9,False,153,
2022-04-17,2022-04-16,2022,110,201,2,6,.250,2.5,2.5,5,12,15,False,152,
2022-04-17,2022-04-16,2022,145,202,6,2,.750,-,-,1,,1,False,-,153
2022-04-17,2022-04-16,2022,114,202,4,4,.500,2.0,0.5,2,4,7,False,153,
2022-04-17,2022-04-16,2022,116,202,4,5,.444,2.5,1.0,3,7,10,False,152,
2022-04-17,2022-04-16,2022,118,202,3,5,.375,3.0,1.5,4,9,12,False,152,
2022-04-17,2022-04-16,2022,142,202,3,5,.375,3.0,1.5,5,10,13,False,152,
2022-04-17,2022-04-16,2022,117,200,5,3,.625,-,-,1,,2,False,-,154
2022-04-17,2022-04-16,2022,108,200,5,4,.556,0.5,-,2,3,6,False,154,
2022-04-17,2022-04-16,2022,133,200,5,4,.556,0.5,-,3,2,5,False,154,
2022-04-17,2022-04-16,2022,136,200,4,5,.444,1.5,1.0,4,8,11,False,153,
2022-04-17,2022-04-16,2022,140,200,2,6,.250,3.0,2.5,5,11,14,False,152,
2022-04-17,2022-04-16,2022,121,204,6,3,.667,-,-,1,,5,False,-,152
2022-04-17,2022-04-16,2022,144,204,5,5,.500,1.5,-,2,3,6,False,152,
2022-04-17,2022-04-16,2022,143,204,4,5,.444,2.0,0.5,3,8,11,False,152,
2022-04-17,2022-04-16,2022,120,204,4,6,.400,2.5,1.0,4,9,12,False,151,
2022-04-17,2022-04-16,2022,146,204,3,5,.375,2.5,1.0,5,10,13,False,152,
2022-04-17,2022-04-16,2022,138,205,5,2,.714,-,-,1,,4,False,-,154
2022-04-17,2022-04-16,2022,112,205,4,4,.500,1.5,-,2,4,7,False,154,
2022-04-17,2022-04-16,2022,134,205,4,4,.500,1.5,-,3,5,8,False,154,
2022-04-17,2022-04-16,2022,158,205,4,5,.444,2.0,0.5,4,7,10,False,153,
2022-04-17,2022-04-16,2022,113,205,2,7,.222,4.0,2.5,5,12,15,False,151,
2022-04-17,2022-04-16,2022,115,203,6,2,.750,-,-,1,,1,False,-,152
2022-04-17,2022-04-16,2022,119,203,6,2,.750,-,+2.0,2,1,2,False,-,
2022-04-17,2022-04-16,2022,137,203,6,2,.750,-,+2.0,3,2,3,False,-,
2022-04-17,2022-04-16,2022,135,203,5,5,.500,2.0,-,4,6,9,False,152,
2022-04-17,2022-04-16,2022,109,203,3,5,.375,3.0,1.0,5,11,14,False,152,
2022-04-18,2022-04-17,2022,141,201,6,4,.600,-,-,1,,2,False,-,153
2022-04-18,2022-04-17,2022,111,201,5,4,.556,0.5,+0.5,2,2,5,False,153,
2022-04-18,2022-04-17,2022,139,201,5,5,.500,1.0,-,3,4,7,False,152,
2022-04-18,2022-04-17,2022,147,201,5,5,.500,1.0,-,4,6,9,False,152,
2022-04-18,2022-04-17,2022,110,201,3,6,.333,2.5,1.5,5,10,13,False,151,
2022-04-18,2022-04-17,2022,145,202,6,3,.667,-,-,1,,1,False,-,152
2022-04-18,2022-04-17,2022,114,202,4,5,.444,2.0,0.5,2,7,10,False,152,
2022-04-18,2022-04-17,2022,116,202,4,5,.444,2.0,0.5,3,8,11,False,152,
2022-04-18,2022-04-17,2022,118,202,3,5,.375,2.5,1.0,4,9,12,False,152,
2022-04-18,2022-04-17,2022,142,202,3,6,.333,3.0,1.5,5,11,14,False,151,
2022-04-18,2022-04-17,2022,108,200,6,4,.600,-,-,1,,3,False,-,153
2022-04-18,2022-04-17,2022,117,200,5,4,.556,0.5,+0.5,2,1,4,False,153,
2022-04-18,2022-04-17,2022,136,200,5,5,.500,1.0,-,3,5,8,False,152,
2022-04-18,2022-04-17,2022,133,200,5,5,.500,1.0,-,4,3,6,False,152,
2022-04-18,2022-04-17,2022,140,200,2,7,.222,3.5,2.5,5,12,15,False,150,
2022-04-18,2022-04-17,2022,121,204,7,3,.700,-,-,1,,3,False,-,150
2022-04-18,2022-04-17,2022,144,204,5,6,.455,2.5,1.0,2,7,10,False,150,
2022-04-18,2022-04-17,2022,146,204,4,5,.444,2.5,1.0,3,8,11,False,151,
2022-04-18,2022-04-17,2022,143,204,4,6,.400,3.0,1.5,4,9,12,False,150,
2022-04-18,2022-04-17,2022,120,204,4,7,.364,3.5,2.0,5,10,13,False,149,
2022-04-18,2022-04-17,2022,138,205,5,3,.625,-,-,1,,5,False,-,154
2022-04-18,2022-04-17,2022,112,205,5,4,.556,0.5,-,2,3,6,False,154,
2022-04-18,2022-04-17,2022,134,205,5,4,.556,0.5,-,3,4,7,False,154,
2022-04-18,2022-04-17,2022,158,205,5,5,.500,1.0,0.5,4,6,9,False,153,
2022-04-18,2022-04-17,2022,113,205,2,8,.200,4.0,3.5,5,12,15,False,150,
2022-04-18,2022-04-17,2022,137,203,7,2,.778,-,-,1,,1,False,-,153
2022-04-18,2022-04-17,2022,119,203,7,2,.778,-,+2.0,2,1,2,False,-,
2022-04-18,2022-04-17,2022,115,203,6,3,.667,1.0,+1.0,3,2,4,False,153,
2022-04-18,2022-04-17,2022,135,203,6,5,.545,2.0,-,4,5,8,False,151,
2022-04-18,2022-04-17,2022,109,203,3,6,.333,4.0,2.0,5,11,14,False,150,
2022-04-19,2022-04-18,2022,141,201,6,4,.600,-,-,1,,3,False,-,152
2022-04-19,2022-04-18,2022,147,201,5,5,.500,1.0,-,2,3,6,False,152,
2022-04-19,2022-04-18,2022,111,201,5,5,.500,1.0,-,3,4,7,False,152,
2022-04-19,2022-04-18,2022,139,201,5,6,.455,1.5,0.5,4,6,9,False,151,
2022-04-19,2022-04-18,2022,110,201,3,7,.300,3.0,2.0,5,11,14,False,150,
2022-04-19,2022-04-18,2022,145,202,6,3,.667,-,-,1,,1,False,-,152
2022-04-19,2022-04-18,2022,114,202,4,5,.444,2.0,0.5,2,7,10,False,152,
2022-04-19,2022-04-18,2022,116,202,4,5,.444,2.0,0.5,3,8,11,False,152,
2022-04-19,2022-04-18,2022,142,202,4,6,.400,2.5,1.0,4,9,12,False,151,
2022-04-19,2022-04-18,2022,118,202,3,5,.375,2.5,1.0,5,10,13,False,152,
2022-04-19,2022-04-18,2022,117,200,6,4,.600,-,-,1,,2,False,-,152
2022-04-19,2022-04-18,2022,108,200,6,5,.545,0.5,+0.5,2,1,4,False,152,
2022-04-19,2022-04-18,2022,133,200,6,5,.545,0.5,+0.5,3,2,5,False,152,
2022-04-19,2022-04-18,2022,136,200,5,5,.500,1.0,-,4,5,8,False,152,
2022-04-19,2022-04-18,2022,140,200,2,7,.222,3.5,2.5,5,12,15,False,150,
2022-04-19,2022-04-18,2022,121,204,7,3,.700,-,-,1,,3,False,-,151
2022-04-19,2022-04-18,2022,146,204,4,5,.444,2.5,1.5,2,7,10,False,151,
2022-04-19,2022-04-18,2022,144,204,5,7,.417,3.0,2.0,3,8,11,False,149,
2022-04-19,2022-04-18,2022,120,204,4,7,.364,3.5,2.5,4,9,12,False,149,
2022-04-19,2022-04-18,2022,143,204,4,7,.364,3.5,2.5,5,10,13,False,149,
2022-04-19,2022-04-18,2022,138,205,5,3,.625,-,-,1,,5,False,-,154
2022-04-19,2022-04-18,2022,112,205,6,4,.600,-,-,2,3,6,False,154,
2022-04-19,2022-04-18,2022,158,205,6,5,.545,0.5,0.5,3,5,8,False,153,
2022-04-19,2022-04-18,2022,134,205,5,5,.500,1.0,1.0,4,6,9,False,153,
2022-04-19,2022-04-18,2022,113,205,2,9,.182,4.5,4.5,5,12,15,False,149,
2022-04-19,2022-04-18,2022,119,203,8,2,.800,-,-,1,,1,False,-,153
2022-04-19,2022-04-18,2022,137,203,7,2,.778,0.5,+1.5,2,1,2,False,153,
2022-04-19,2022-04-18,2022,115,203,7,3,.700,1.0,+1.0,3,2,4,False,152,
2022-04-19,2022-04-18,2022,135,203,7,5,.583,2.0,-,4,4,7,False,150,
2022-04-19,2022-04-18,2022,109,203,3,6,.333,4.5,2.5,5,11,14,False,149,
2022-04-20,2022-04-19,2022,147,201,6,5,.545,-,-,1,,5,False,-,151
2022-04-20,2022-04-19,2022,111,201,6,5,.545,-,-,2,3,6,False,-,
2022-04-20,2022-04-19,2022,141,201,6,5,.545,-,-,3,4,7,False,-,
2022-04-20,2022-04-19,2022,139,201,6,6,.500,0.5,0.5,4,6,9,False,151,
2022-04-20,2022-04-19,2022,110,201,3,8,.273,3.0,3.0,5,11,14,False,149,
2022-04-20,2022-04-19,2022,145,202,6,3,.667,-,-,1,,1,False,-,152
2022-04-20,2022-04-19,2022,114,202,4,5,.444,2.0,1.0,2,7,10,False,152,
2022-04-20,2022-04-19,2022,118,202,4,5,.444,2.0,1.0,3,8,11,False,152,
2022-04-20,2022-04-19,2022,116,202,4,6,.400,2.5,1.5,4,9,12,False,151,
2022-04-20,2022-04-19,2022,142,202,4,7,.364,3.0,2.0,5,10,13,False,150,
2022-04-20,2022-04-19,2022,108,200,7,5,.583,-,-,1,,2,False,-,151
2022-04-20,2022-04-19,2022,133,200,7,5,.583,-,+0.5,2,1,3,False,-,
2022-04-20,2022-04-19,2022,136,200,6,5,.545,0.5,-,3,2,4,False,151,
2022-04-20,2022-04-19,2022,117,200,6,5,.545,0.5,-,4,5,8,False,151,
2022-04-20,2022-04-19,2022,140,200,2,8,.200,4.0,3.5,5,12,15,False,148,
2022-04-20,2022-04-19,2022,121,204,9,3,.750,-,-,1,,1,False,-,147
2022-04-20,2022-04-19,2022,120,204,6,7,.462,3.5,2.0,2,6,9,False,147,
2022-04-20,2022-04-19,2022,144,204,6,7,.462,3.5,2.0,3,7,10,False,147,
2022-04-20,2022-04-19,2022,146,204,4,6,.400,4.0,2.5,4,9,12,False,148,
2022-04-20,2022-04-19,2022,143,204,4,8,.333,5.0,3.5,5,10,13,False,146,
2022-04-20,2022-04-19,2022,138,205,6,3,.667,-,-,1,,4,False,-,152
2022-04-20,2022-04-19,2022,158,205,7,5,.583,0.5,0.5,2,4,7,False,152,
2022-04-20,2022-04-19,2022,112,205,6,5,.545,1.0,1.0,3,5,8,False,152,
2022-04-20,2022-04-19,2022,134,205,5,6,.455,2.0,2.0,4,8,11,False,151,
2022-04-20,2022-04-19,2022,113,205,2,10,.167,5.5,5.5,5,12,15,False,147,
2022-04-20,2022-04-19,2022,115,203,8,3,.727,-,-,1,,2,False,-,151
2022-04-20,2022-04-19,2022,119,203,8,3,.727,-,+1.0,2,1,3,False,-,
2022-04-20,2022-04-19,2022,137,203,7,4,.636,1.0,-,3,2,5,False,151,
2022-04-20,2022-04-19,2022,135,203,8,5,.615,1.0,-,4,3,6,False,150,
2022-04-20,2022-04-19,2022,109,203,3,8,.273,5.0,4.0,5,11,14,False,147,
2022-04-21,2022-04-20,2022,147,201,7,5,.583,-,-,1,,2,False,-,150
2022-04-21,2022-04-20,2022,141,201,7,5,.583,-,+0.5,2,1,3,False,-,
2022-04-21,2022-04-20,2022,139,201,7,6,.538,0.5,-,3,5,8,False,150,
2022-04-21,2022-04-20,2022,111,201,6,6,.500,1.0,0.5,4,8,11,False,150,
2022-04-21,2022-04-20,2022,110,201,4,8,.333,3.0,2.5,5,10,13,False,148,
2022-04-21,2022-04-20,2022,114,202,6,5,.545,-,-,1,,5,False,-,152
2022-04-21,2022-04-20,2022,145,202,6,5,.545,-,-,2,3,6,False,-,
2022-04-21,2022-04-20,2022,118,202,5,5,.500,0.5,0.5,3,6,9,False,152,
2022-04-21,2022-04-20,2022,116,202,4,7,.364,2.0,2.0,4,9,12,False,150,
2022-04-21,2022-04-20,2022,142,202,4,8,.333,2.5,2.5,5,11,14,False,149,
2022-04-21,2022-04-20,2022,108,200,8,5,.615,-,-,1,,1,False,-,150
2022-04-21,2022-04-20,2022,136,200,7,5,.583,0.5,+0.5,2,2,4,False,150,
2022-04-21,2022-04-20,2022,133,200,7,6,.538,1.0,-,3,4,7,False,149,
2022-04-21,2022-04-20,2022,117,200,6,6,.500,1.5,0.5,4,7,10,False,149,
2022-04-21,2022-04-20,2022,140,200,2,9,.182,5.0,4.0,5,12,15,False,146,
2022-04-21,2022-04-20,2022,121,204,9,4,.692,-,-,1,,3,False,-,146
2022-04-21,2022-04-20,2022,120,204,6,8,.429,3.5,3.0,2,6,9,False,146,
2022-04-21,2022-04-20,2022,144,204,6,8,.429,3.5,3.0,3,7,10,False,146,
2022-04-21,2022-04-20,2022,143,204,5,8,.385,4.0,3.5,4,9,12,False,146,
2022-04-21,2022-04-20,2022,146,204,4,7,.364,4.0,3.5,5,10,13,False,147,
2022-04-21,2022-04-20,2022,138,205,7,3,.700,-,-,1,,2,False,-,151
2022-04-21,2022-04-20,2022,158,205,8,5,.615,0.5,0.5,2,4,7,False,151,
2022-04-21,2022-04-20,2022,112,205,6,6,.500,2.0,2.0,3,5,8,False,150,
2022-04-21,2022-04-20,2022,134,205,5,7,.417,3.0,3.0,4,8,11,False,149,
2022-04-21,2022-04-20,2022,113,205,2,11,.154,6.5,6.5,5,12,15,False,145,
2022-04-21,2022-04-20,2022,119,203,9,3,.750,-,-,1,,1,False,-,150
2022-04-21,2022-04-20,2022,115,203,8,4,.667,1.0,-,2,1,4,False,150,
2022-04-21,2022-04-20,2022,137,203,8,4,.667,1.0,-,3,2,5,False,150,
2022-04-21,2022-04-20,2022,135,203,9,5,.643,1.0,-,4,3,6,False,149,
2022-04-21,2022-04-20,2022,109,203,4,8,.333,5.0,4.0,5,11,14,False,146,
2022-04-22,2022-04-21,2022,141,201,8,5,.615,-,-,1,,1,False,-,149
2022-04-22,2022-04-21,2022,139,201,7,6,.538,1.0,-,2,2,5,False,149,
2022-04-22,2022-04-21,2022,147,201,7,6,.538,1.0,-,3,4,7,False,149,
2022-04-22,2022-04-21,2022,111,201,6,7,.462,2.0,1.0,4,7,10,False,148,
2022-04-22,2022-04-21,2022,110,201,4,9,.308,4.0,3.0,5,11,14,False,146,
2022-04-22,2022-04-21,2022,114,202,7,5,.583,-,-,1,,3,False,-,150
2022-04-22,2022-04-21,2022,145,202,6,6,.500,1.0,0.5,2,6,9,False,150,
2022-04-22,2022-04-21,2022,118,202,5,6,.455,1.5,1.0,3,8,11,False,150,
2022-04-22,2022-04-21,2022,116,202,5,7,.417,2.0,1.5,4,9,12,False,149,
2022-04-22,2022-04-21,2022,142,202,5,8,.385,2.5,2.0,5,10,13,False,148,
2022-04-22,2022-04-21,2022,108,200,8,5,.615,-,-,1,,2,False,-,149
2022-04-22,2022-04-21,2022,133,200,8,6,.571,0.5,+0.5,2,1,4,False,149,
2022-04-22,2022-04-21,2022,136,200,7,6,.538,1.0,-,3,3,6,False,149,
2022-04-22,2022-04-21,2022,117,200,6,6,.500,1.5,0.5,4,5,8,False,149,
2022-04-22,2022-04-21,2022,140,200,3,9,.250,4.5,3.5,5,12,15,False,146,
2022-04-22,2022-04-21,2022,121,204,10,4,.714,-,-,1,,2,False,-,145
2022-04-22,2022-04-21,2022,144,204,6,8,.429,4.0,2.5,2,7,10,False,145,
2022-04-22,2022-04-21,2022,146,204,5,7,.417,4.0,2.5,3,8,11,False,146,
2022-04-22,2022-04-21,2022,120,204,6,9,.400,4.5,3.0,4,9,12,False,144,
2022-04-22,2022-04-21,2022,143,204,5,8,.385,4.5,3.0,5,10,13,False,145,
2022-04-22,2022-04-21,2022,138,205,7,4,.636,-,-,1,,5,False,-,151
2022-04-22,2022-04-21,2022,158,205,8,5,.615,-,-,2,4,7,False,151,
2022-04-22,2022-04-21,2022,134,205,6,7,.462,2.0,2.0,3,5,8,False,149,
2022-04-22,2022-04-21,2022,112,205,6,7,.462,2.0,2.0,4,6,9,False,149,
2022-04-22,2022-04-21,2022,113,205,2,11,.154,6.0,6.0,5,12,15,False,145,
2022-04-22,2022-04-21,2022,119,203,9,3,.750,-,-,1,,1,False,-,150
2022-04-22,2022-04-21,2022,115,203,8,4,.667,1.0,+0.5,2,1,3,False,150,
2022-04-22,2022-04-21,2022,135,203,9,5,.643,1.0,+0.5,3,2,4,False,149,
2022-04-22,2022-04-21,2022,137,203,8,5,.615,1.5,-,4,3,6,False,149,
2022-04-22,2022-04-21,2022,109,203,5,8,.385,4.5,3.0,5,11,14,False,146,
2022-04-23,2022-04-22,2022,141,201,9,5,.643,-,-,1,,1,False,-,148
2022-04-23,2022-04-22,2022,147,201,8,6,.571,1.0,+0.5,2,2,4,False,148,
2022-04-23,2022-04-22,2022,111,201,7,7,.500,2.0,0.5,3,4,7,False,147,
2022-04-23,2022-04-22,2022,139,201,7,7,.500,2.0,0.5,4,5,8,False,147,
2022-04-23,2022-04-22,2022,110,201,5,9,.357,4.0,2.5,5,11,14,False,145,
2022-04-23,2022-04-22,2022,114,202,7,6,.538,-,-,1,,5,False,-,149
2022-04-23,2022-04-22,2022,145,202,6,7,.462,1.0,1.0,2,7,10,False,149,
2022-04-23,2022-04-22,2022,142,202,6,8,.429,1.5,1.5,3,8,11,False,148,
2022-04-23,2022-04-22,2022,116,202,5,7,.417,1.5,1.5,4,9,12,False,149,
2022-04-23,2022-04-22,2022,118,202,5,7,.417,1.5,1.5,5,10,13,False,149,
2022-04-23,2022-04-22,2022,136,200,8,6,.571,-,-,1,,2,False,-,148
2022-04-23,2022-04-22,2022,108,200,8,6,.571,-,+0.5,2,1,3,False,-,
2022-04-23,2022-04-22,2022,133,200,8,7,.533,0.5,-,3,3,6,False,148,
2022-04-23,2022-04-22,2022,117,200,6,7,.462,1.5,1.0,4,6,9,False,148,
2022-04-23,2022-04-22,2022,140,200,4,9,.308,3.5,3.0,5,12,15,False,146,
2022-04-23,2022-04-22,2022,121,204,11,4,.733,-,-,1,,2,False,-,144
2022-04-23,2022-04-22,2022,144,204,7,8,.467,4.0,2.0,2,6,9,False,144,
2022-04-23,2022-04-22,2022,143,204,6,8,.429,4.5,2.5,3,8,11,False,144,
2022-04-23,2022-04-22,2022,146,204,5,8,.385,5.0,3.0,4,9,12,False,144,
2022-04-23,2022-04-22,2022,120,204,6,10,.375,5.5,3.5,5,10,13,False,142,
2022-04-23,2022-04-22,2022,138,205,8,4,.667,-,-,1,,4,False,-,149
2022-04-23,2022-04-22,2022,158,205,8,6,.571,1.0,0.5,2,4,7,False,149,
2022-04-23,2022-04-22,2022,134,205,7,7,.500,2.0,1.5,3,5,8,False,148,
2022-04-23,2022-04-22,2022,112,205,6,8,.429,3.0,2.5,4,7,10,False,147,
2022-04-23,2022-04-22,2022,113,205,2,12,.143,7.0,6.5,5,12,15,False,143,
2022-04-23,2022-04-22,2022,119,203,10,3,.769,-,-,1,,1,False,-,149
2022-04-23,2022-04-22,2022,115,203,8,4,.667,1.5,+0.5,2,1,3,False,149,
2022-04-23,2022-04-22,2022,137,203,9,5,.643,1.5,+0.5,3,2,5,False,148,
2022-04-23,2022-04-22,2022,135,203,9,6,.600,2.0,-,4,3,6,False,147,
2022-04-23,2022-04-22,2022,109,203,5,9,.357,5.5,3.5,5,11,14,False,144,
2022-04-24,2022-04-23,2022,141,201,10,5,.667,-,-,1,,1,False,-,147
2022-04-24,2022-04-23,2022,147,201,9,6,.600,1.0,+1.0,2,1,3,False,147,
2022-04-24,2022-04-23,2022,139,201,8,7,.533,2.0,-,3,2,4,False,146,
2022-04-24,2022-04-23,2022,111,201,7,8,.467,3.0,1.0,4,6,9,False,145,
2022-04-24,2022-04-23,2022,110,201,6,9,.400,4.0,2.0,5,10,13,False,144,
2022-04-24,2022-04-23,2022,114,202,7,7,.500,-,-,1,,6,False,-,148
2022-04-24,2022-04-23,2022,142,202,7,8,.467,0.5,1.0,2,5,8,False,148,
2022-04-24,2022-04-23,2022,145,202,6,8,.429,1.0,1.5,3,7,10,False,148,
2022-04-24,2022-04-23,2022,116,202,6,8,.429,1.0,1.5,4,8,11,False,148,
2022-04-24,2022-04-23,2022,118,202,5,8,.385,1.5,2.0,5,11,14,False,148,
2022-04-24,2022-04-23,2022,136,200,9,6,.600,-,-,1,,2,False,-,147
2022-04-24,2022-04-23,2022,108,200,8,7,.533,1.0,-,2,3,5,False,147,
2022-04-24,2022-04-23,2022,133,200,8,8,.500,1.5,0.5,3,4,7,False,146,
2022-04-24,2022-04-23,2022,117,200,6,8,.429,2.5,1.5,4,9,12,False,146,
2022-04-24,2022-04-23,2022,140,200,5,9,.357,3.5,2.5,5,12,15,False,145,
2022-04-24,2022-04-23,2022,121,204,11,5,.688,-,-,1,,3,False,-,143
2022-04-24,2022-04-23,2022,144,204,7,9,.438,4.0,3.0,2,7,10,False,143,
2022-04-24,2022-04-23,2022,146,204,6,8,.429,4.0,3.0,3,8,11,False,144,
2022-04-24,2022-04-23,2022,143,204,6,9,.400,4.5,3.5,4,9,12,False,143,
2022-04-24,2022-04-23,2022,120,204,6,11,.353,5.5,4.5,5,11,14,False,141,
2022-04-24,2022-04-23,2022,138,205,9,4,.692,-,-,1,,2,False,-,148
2022-04-24,2022-04-23,2022,158,205,9,6,.600,1.0,0.5,2,4,7,False,148,
2022-04-24,2022-04-23,2022,134,205,7,8,.467,3.0,2.5,3,5,8,False,146,
2022-04-24,2022-04-23,2022,112,205,7,8,.467,3.0,2.5,4,6,9,False,146,
2022-04-24,2022-04-23,2022,113,205,2,13,.133,8.0,7.5,5,12,15,False,141,
2022-04-24,2022-04-23,2022,119,203,10,4,.714,-,-,1,,1,False,-,148
2022-04-24,2022-04-23,2022,137,203,10,5,.667,0.5,+0.5,2,1,4,False,148,
2022-04-24,2022-04-23,2022,115,203,9,5,.643,1.0,-,3,2,5,False,148,
2022-04-24,2022-04-23,2022,135,203,10,6,.625,1.0,-,4,3,6,False,147,
2022-04-24,2022-04-23,2022,109,203,6,9,.400,4.5,3.5,5,10,13,False,144,
2022-04-25,2022-04-24,2022,141,201,10,6,.625,-,-,1,,1,False,-,146
2022-04-25,2022-04-24,2022,147,201,10,6,.625,-,+1.0,2,1,2,False,-,
2022-04-25,2022-04-24,2022,139,201,9,7,.563,1.0,-,3,2,4,False,146,
2022-04-25,2022-04-24,2022,111,201,7,9,.438,3.0,2.0,4,7,10,False,144,
2022-04-25,2022-04-24,2022,110,201,6,10,.375,4.0,3.0,5,10,13,False,143,
2022-04-25,2022-04-24,2022,142,202,8,8,.500,-,-,1,,7,False,-,147
2022-04-25,2022-04-24,2022,114,202,7,8,.467,0.5,1.5,2,5,8,False,147,
2022-04-25,2022-04-24,2022,145,202,6,9,.400,1.5,2.5,3,8,11,False,146,
2022-04-25,2022-04-24,2022,116,202,6,9,.400,1.5,2.5,4,9,12,False,146,
2022-04-25,2022-04-24,2022,118,202,5,9,.357,2.0,3.0,5,11,14,False,146,
2022-04-25,2022-04-24,2022,136,200,10,6,.625,-,-,1,,3,False,-,146
2022-04-25,2022-04-24,2022,108,200,9,7,.563,1.0,-,2,3,5,False,146,
2022-04-25,2022-04-24,2022,133,200,9,8,.529,1.5,0.5,3,4,6,False,145,
2022-04-25,2022-04-24,2022,117,200,7,8,.467,2.5,1.5,4,6,9,False,145,
2022-04-25,2022-04-24,2022,140,200,5,10,.333,4.5,3.5,5,12,15,False,143,
2022-04-25,2022-04-24,2022,121,204,12,5,.706,-,-,1,,2,False,-,143
2022-04-25,2022-04-24,2022,146,204,7,8,.467,4.0,2.5,2,6,9,False,143,
2022-04-25,2022-04-24,2022,144,204,7,10,.412,5.0,3.5,3,8,11,False,141,
2022-04-25,2022-04-24,2022,143,204,6,10,.375,5.5,4.0,4,9,12,False,141,
2022-04-25,2022-04-24,2022,120,204,6,12,.333,6.5,5.0,5,11,14,False,139,
2022-04-25,2022-04-24,2022,138,205,9,5,.643,-,-,1,,5,False,-,148
2022-04-25,2022-04-24,2022,158,205,10,6,.625,-,-,2,3,6,False,148,
2022-04-25,2022-04-24,2022,134,205,8,8,.500,2.0,2.0,3,5,8,False,146,
2022-04-25,2022-04-24,2022,112,205,7,9,.438,3.0,3.0,4,7,10,False,145,
2022-04-25,2022-04-24,2022,113,205,3,13,.188,7.0,7.0,5,12,15,False,141,
2022-04-25,2022-04-24,2022,119,203,11,4,.733,-,-,1,,1,False,-,147
2022-04-25,2022-04-24,2022,137,203,11,5,.688,0.5,+1.0,2,1,3,False,147,
2022-04-25,2022-04-24,2022,115,203,10,5,.667,1.0,+0.5,3,2,4,False,147,
2022-04-25,2022-04-24,2022,135,203,10,7,.588,2.0,0.5,4,4,7,False,145,
2022-04-25,2022-04-24,2022,109,203,6,10,.375,5.5,4.0,5,10,13,False,142,
2022-04-26,2022-04-25,2022,141,201,11,6,.647,-,-,1,,1,False,-,146
2022-04-26,2022-04-25,2022,147,201,10,6,.625,0.5,+1.0,2,1,3,False,146,
2022-04-26,2022-04-25,2022,139,201,9,7,.563,1.5,-,3,3,5,False,145,
2022-04-26,2022-04-25,2022,111,201,7,10,.412,4.0,2.5,4,7,10,False,142,
2022-04-26,2022-04-25,2022,110,201,6,10,.375,4.5,3.0,5,11,14,False,142,
2022-04-26,2022-04-25,2022,142,202,8,8,.500,-,-,1,,7,False,-,146
2022-04-26,2022-04-25,2022,114,202,7,9,.438,1.0,2.0,2,5,8,False,146,
2022-04-26,2022-04-25,2022,145,202,6,9,.400,1.5,2.5,3,8,11,False,146,
2022-04-26,2022-04-25,2022,116,202,6,9,.400,1.5,2.5,4,9,12,False,146,
2022-04-26,2022-04-25,2022,118,202,5,9,.357,2.0,3.0,5,12,15,False,146,
2022-04-26,2022-04-25,2022,136,200,10,6,.625,-,-,1,,2,False,-,146
2022-04-26,2022-04-25,2022,108,200,10,7,.588,0.5,+0.5,2,2,4,False,146,
2022-04-26,2022-04-25,2022,133,200,9,8,.529,1.5,0.5,3,4,6,False,145,
2022-04-26,2022-04-25,2022,117,200,7,9,.438,3.0,2.0,4,6,9,False,144,
2022-04-26,2022-04-25,2022,140,200,6,10,.375,4.0,3.0,5,10,13,False,143,
2022-04-26,2022-04-25,2022,121,204,13,5,.722,-,-,1,,2,False,-,142
2022-04-26,2022-04-25,2022,146,204,7,8,.467,4.5,2.0,2,6,9,False,142,
2022-04-26,2022-04-25,2022,144,204,7,10,.412,5.5,3.0,3,8,11,False,140,
2022-04-26,2022-04-25,2022,143,204,7,10,.412,5.5,3.0,4,9,12,False,140,
2022-04-26,2022-04-25,2022,120,204,6,12,.333,7.0,4.5,5,11,14,False,138,
2022-04-26,2022-04-25,2022,138,205,9,6,.600,-,-,1,,5,False,-,147
2022-04-26,2022-04-25,2022,158,205,10,7,.588,-,-,2,3,6,False,147,
2022-04-26,2022-04-25,2022,134,205,8,8,.500,1.5,1.5,3,5,8,False,146,
2022-04-26,2022-04-25,2022,112,205,7,9,.438,2.5,2.5,4,7,10,False,145,
2022-04-26,2022-04-25,2022,113,205,3,13,.188,6.5,6.5,5,12,15,False,141,
2022-04-26,2022-04-25,2022,119,203,12,4,.750,-,-,1,,1,False,-,146
2022-04-26,2022-04-25,2022,137,203,12,5,.706,0.5,+2.0,2,1,3,False,146,
2022-04-26,2022-04-25,2022,115,203,10,6,.625,2.0,+0.5,3,2,4,False,145,
2022-04-26,2022-04-25,2022,135,203,10,7,.588,2.5,-,4,4,7,False,144,
2022-04-26,2022-04-25,2022,109,203,6,11,.353,6.5,4.0,5,10,13,False,140,
2022-04-27,2022-04-26,2022,141,201,12,6,.667,-,-,1,,1,False,-,145
2022-04-27,2022-04-26,2022,147,201,11,6,.647,0.5,+2.0,2,1,3,False,145,
2022-04-27,2022-04-26,2022,139,201,9,8,.529,2.5,-,3,3,5,False,143,
2022-04-27,2022-04-26,2022,111,201,7,11,.389,5.0,2.5,4,8,11,False,140,
2022-04-27,2022-04-26,2022,110,201,6,11,.353,5.5,3.0,5,12,15,False,140,
2022-04-27,2022-04-26,2022,142,202,9,8,.529,-,-,1,,6,False,-,144
2022-04-27,2022-04-26,2022,114,202,7,10,.412,2.0,2.0,2,6,9,False,144,
2022-04-27,2022-04-26,2022,118,202,6,9,.400,2.0,2.0,3,7,10,False,145,
2022-04-27,2022-04-26,2022,145,202,6,10,.375,2.5,2.5,4,9,12,False,144,
2022-04-27,2022-04-26,2022,116,202,6,10,.375,2.5,2.5,5,10,13,False,144,
2022-04-27,2022-04-26,2022,136,200,11,6,.647,-,-,1,,2,False,-,145
2022-04-27,2022-04-26,2022,108,200,11,7,.611,0.5,+1.5,2,2,4,False,145,
2022-04-27,2022-04-26,2022,133,200,9,9,.500,2.5,0.5,3,4,7,False,143,
2022-04-27,2022-04-26,2022,117,200,8,9,.471,3.0,1.0,4,5,8,False,143,
2022-04-27,2022-04-26,2022,140,200,6,11,.353,5.0,3.0,5,11,14,False,141,
2022-04-27,2022-04-26,2022,121,204,14,5,.737,-,-,1,,1,False,-,141
2022-04-27,2022-04-26,2022,146,204,8,8,.500,4.5,1.5,2,5,8,False,141,
2022-04-27,2022-04-26,2022,144,204,8,10,.444,5.5,2.5,3,7,10,False,139,
2022-04-27,2022-04-26,2022,143,204,8,10,.444,5.5,2.5,4,8,11,False,139,
2022-04-27,2022-04-26,2022,120,204,6,13,.316,8.0,5.0,5,11,14,False,136,
2022-04-27,2022-04-26,2022,158,205,11,7,.611,-,-,1,,4,False,-,145
2022-04-27,2022-04-26,2022,138,205,9,7,.563,1.0,0.5,2,4,7,False,145,
2022-04-27,2022-04-26,2022,134,205,8,9,.471,2.5,2.0,3,6,9,False,143,
2022-04-27,2022-04-26,2022,112,205,7,10,.412,3.5,3.0,4,9,12,False,142,
2022-04-27,2022-04-26,2022,113,205,3,14,.176,7.5,7.0,5,12,15,False,138,
2022-04-27,2022-04-26,2022,137,203,13,5,.722,-,-,1,,2,False,-,145
2022-04-27,2022-04-26,2022,119,203,12,5,.706,0.5,+2.0,2,1,3,False,145,
2022-04-27,2022-04-26,2022,135,203,11,7,.611,2.0,+0.5,3,2,5,False,143,
2022-04-27,2022-04-26,2022,115,203,10,7,.588,2.5,-,4,3,6,False,143,
2022-04-27,2022-04-26,2022,109,203,7,11,.389,6.0,3.5,5,10,13,False,139,
2022-04-28,2022-04-27,2022,147,201,12,6,.667,-,-,1,,1,False,-,144
2022-04-28,2022-04-27,2022,141,201,12,7,.632,0.5,+1.5,2,1,2,False,144,
2022-04-28,2022-04-27,2022,139,201,10,8,.556,2.0,-,3,3,5,False,143,
2022-04-28,2022-04-27,2022,111,201,8,11,.421,4.5,2.5,4,6,9,False,140,
2022-04-28,2022-04-27,2022,110,201,6,12,.333,6.0,4.0,5,12,15,False,139,
2022-04-28,2022-04-27,2022,142,202,10,8,.556,-,-,1,,6,False,-,143
2022-04-28,2022-04-27,2022,145,202,7,10,.412,2.5,2.5,2,7,10,False,143,
2022-04-28,2022-04-27,2022,114,202,7,11,.389,3.0,3.0,3,8,11,False,142,
2022-04-28,2022-04-27,2022,118,202,6,10,.375,3.0,3.0,4,9,12,False,143,
2022-04-28,2022-04-27,2022,116,202,6,11,.353,3.5,3.5,5,10,13,False,142,
2022-04-28,2022-04-27,2022,108,200,12,7,.632,-,-,1,,3,False,-,144
2022-04-28,2022-04-27,2022,136,200,11,7,.611,0.5,+1.0,2,2,4,False,144,
2022-04-28,2022-04-27,2022,133,200,10,9,.526,2.0,0.5,3,4,7,False,142,
2022-04-28,2022-04-27,2022,117,200,9,9,.500,2.5,1.0,4,5,8,False,142,
2022-04-28,2022-04-27,2022,140,200,6,12,.333,5.5,4.0,5,11,14,False,139,
2022-04-28,2022-04-27,2022,121,204,14,6,.700,-,-,1,,1,False,-,141
2022-04-28,2022-04-27,2022,146,204,9,8,.529,3.5,1.0,2,5,8,False,141,
2022-04-28,2022-04-27,2022,143,204,9,10,.474,4.5,2.0,3,6,9,False,139,
2022-04-28,2022-04-27,2022,144,204,8,11,.421,5.5,3.0,4,10,13,False,138,
2022-04-28,2022-04-27,2022,120,204,6,14,.300,8.0,5.5,5,11,14,False,135,
2022-04-28,2022-04-27,2022,158,205,12,7,.632,-,-,1,,4,False,-,144
2022-04-28,2022-04-27,2022,138,205,10,7,.588,1.0,-,2,3,6,False,144,
2022-04-28,2022-04-27,2022,134,205,8,10,.444,3.5,2.5,3,7,10,False,141,
2022-04-28,2022-04-27,2022,112,205,8,10,.444,3.5,2.5,4,8,11,False,141,
2022-04-28,2022-04-27,2022,113,205,3,15,.167,8.5,7.5,5,12,15,False,136,
2022-04-28,2022-04-27,2022,137,203,13,6,.684,-,-,1,,2,False,-,144
2022-04-28,2022-04-27,2022,119,203,12,6,.667,0.5,+1.5,2,1,3,False,144,
2022-04-28,2022-04-27,2022,135,203,12,7,.632,1.0,+1.0,3,2,5,False,143,
2022-04-28,2022-04-27,2022,115,203,10,8,.556,2.5,0.5,4,4,7,False,142,
2022-04-28,2022-04-27,2022,109,203,8,11,.421,5.0,3.0,5,9,12,False,139,
2022-04-29,2022-04-28,2022,147,201,13,6,.684,-,-,1,,1,False,-,143
2022-04-29,2022-04-28,2022,141,201,13,7,.650,0.5,+1.5,2,1,2,False,143,
2022-04-29,2022-04-28,2022,139,201,11,8,.579,2.0,-,3,2,4,False,142,
2022-04-29,2022-04-28,2022,111,201,8,12,.400,5.5,3.5,4,7,10,False,138,
2022-04-29,2022-04-28,2022,110,201,6,13,.316,7.0,5.0,5,12,15,False,137,
2022-04-29,2022-04-28,2022,142,202,11,8,.579,-,-,1,,5,False,-,142
2022-04-29,2022-04-28,2022,118,202,7,10,.412,3.0,3.0,2,6,9,False,142,
2022-04-29,2022-04-28,2022,145,202,7,11,.389,3.5,3.5,3,8,11,False,141,
2022-04-29,2022-04-28,2022,114,202,7,12,.368,4.0,4.0,4,9,12,False,140,
2022-04-29,2022-04-28,2022,116,202,6,12,.333,4.5,4.5,5,10,13,False,140,
2022-04-29,2022-04-28,2022,108,200,13,7,.650,-,-,1,,3,False,-,142
2022-04-29,2022-04-28,2022,136,200,11,8,.579,1.5,-,2,3,6,False,142,
2022-04-29,2022-04-28,2022,117,200,10,9,.526,2.5,1.0,3,4,7,False,141,
2022-04-29,2022-04-28,2022,133,200,10,9,.526,2.5,1.0,4,5,8,False,141,
2022-04-29,2022-04-28,2022,140,200,6,13,.316,6.5,5.0,5,11,14,False,137,
2022-04-29,2022-04-28,2022,121,204,14,6,.700,-,-,1,,1,False,-,141
2022-04-29,2022-04-28,2022,146,204,10,8,.556,3.0,1.0,2,4,7,False,141,
2022-04-29,2022-04-28,2022,143,204,10,10,.500,4.0,2.0,3,6,9,False,139,
2022-04-29,2022-04-28,2022,144,204,9,11,.450,5.0,3.0,4,7,10,False,138,
2022-04-29,2022-04-28,2022,120,204,6,15,.286,8.5,6.5,5,11,14,False,134,
2022-04-29,2022-04-28,2022,158,205,13,7,.650,-,-,1,,4,False,-,143
2022-04-29,2022-04-28,2022,138,205,11,7,.611,1.0,-,2,3,6,False,143,
2022-04-29,2022-04-28,2022,134,205,8,11,.421,4.5,3.5,3,8,11,False,139,
2022-04-29,2022-04-28,2022,112,205,8,11,.421,4.5,3.5,4,9,12,False,139,
2022-04-29,2022-04-28,2022,113,205,3,16,.158,9.5,8.5,5,12,15,False,134,
2022-04-29,2022-04-28,2022,137,203,13,6,.684,-,-,1,,2,False,-,144
2022-04-29,2022-04-28,2022,119,203,12,6,.667,0.5,+1.0,2,1,3,False,144,
2022-04-29,2022-04-28,2022,135,203,13,7,.650,0.5,+1.0,3,2,5,False,143,
2022-04-29,2022-04-28,2022,115,203,10,9,.526,3.0,1.5,4,5,8,False,141,
2022-04-29,2022-04-28,2022,109,203,8,12,.400,5.5,4.0,5,10,13,False,138,
2022-04-30,2022-04-29,2022,147,201,14,6,.700,-,-,1,,1,False,-,141
2022-04-30,2022-04-29,2022,141,201,13,8,.619,1.5,+1.5,2,1,3,False,141,
2022-04-30,2022-04-29,2022,139,201,12,8,.600,2.0,+1.0,3,2,4,False,141,
2022-04-30,2022-04-29,2022,111,201,9,12,.429,5.5,2.5,4,6,9,False,137,
2022-04-30,2022-04-29,2022,110,201,6,14,.300,8.0,5.0,5,12,15,False,135,
2022-04-30,2022-04-29,2022,142,202,11,9,.550,-,-,1,,6,False,-,140
2022-04-30,2022-04-29,2022,114,202,8,12,.400,3.0,3.0,2,7,10,False,140,
2022-04-30,2022-04-29,2022,118,202,7,11,.389,3.0,3.0,3,8,11,False,141,
2022-04-30,2022-04-29,2022,145,202,7,12,.368,3.5,3.5,4,9,12,False,140,
2022-04-30,2022-04-29,2022,116,202,6,13,.316,4.5,4.5,5,10,13,False,139,
2022-04-30,2022-04-29,2022,108,200,14,7,.667,-,-,1,,2,False,-,140
2022-04-30,2022-04-29,2022,136,200,11,9,.550,2.5,-,2,3,5,False,140,
2022-04-30,2022-04-29,2022,117,200,11,9,.550,2.5,-,3,4,7,False,140,
2022-04-30,2022-04-29,2022,133,200,10,10,.500,3.5,1.0,4,5,8,False,139,
2022-04-30,2022-04-29,2022,140,200,6,14,.300,7.5,5.0,5,11,14,False,135,
2022-04-30,2022-04-29,2022,121,204,15,6,.714,-,-,1,,1,False,-,140
2022-04-30,2022-04-29,2022,146,204,11,8,.579,3.0,-,2,4,7,False,140,
2022-04-30,2022-04-29,2022,144,204,10,11,.476,5.0,2.0,3,6,9,False,137,
2022-04-30,2022-04-29,2022,143,204,10,11,.476,5.0,2.0,4,7,10,False,137,
2022-04-30,2022-04-29,2022,120,204,7,15,.318,8.5,5.5,5,11,14,False,133,
2022-04-30,2022-04-29,2022,158,205,14,7,.667,-,-,1,,3,False,-,141
2022-04-30,2022-04-29,2022,138,205,11,8,.579,2.0,-,2,3,6,False,141,
2022-04-30,2022-04-29,2022,134,205,8,12,.400,5.5,3.5,3,9,12,False,137,
2022-04-30,2022-04-29,2022,112,205,8,12,.400,5.5,3.5,4,10,13,False,137,
2022-04-30,2022-04-29,2022,113,205,3,17,.150,10.5,8.5,5,12,15,False,132,
2022-04-30,2022-04-29,2022,119,203,13,6,.684,-,-,1,,2,False,-,143
2022-04-30,2022-04-29,2022,135,203,14,7,.667,-,+2.0,2,1,4,False,143,
2022-04-30,2022-04-29,2022,137,203,13,7,.650,0.5,+1.5,3,2,5,False,143,
2022-04-30,2022-04-29,2022,115,203,11,9,.550,2.5,0.5,4,5,8,False,141,
2022-04-30,2022-04-29,2022,109,203,9,12,.429,5.0,3.0,5,8,11,False,138,
2022-05-01,2022-04-30,2022,147,201,15,6,.714,-,-,1,,1,False,-,140
2022-05-01,2022-04-30,2022,141,201,14,8,.636,1.5,+2.5,2,1,2,False,140,
2022-05-01,2022-04-30,2022,139,201,12,9,.571,3.0,+1.0,3,2,4,False,139,
2022-05-01,2022-04-30,2022,111,201,9,13,.409,6.5,2.5,4,7,10,False,135,
2022-05-01,2022-04-30,2022,110,201,7,14,.333,8.0,4.0,5,12,15,False,134,
2022-05-01,2022-04-30,2022,142,202,12,9,.571,-,-,1,,5,False,-,139
2022-05-01,2022-04-30,2022,114,202,9,12,.429,3.0,2.0,2,6,9,False,139,
2022-05-01,2022-04-30,2022,145,202,8,12,.400,3.5,2.5,3,8,11,False,139,
2022-05-01,2022-04-30,2022,118,202,7,12,.368,4.0,3.0,4,9,12,False,139,
2022-05-01,2022-04-30,2022,116,202,7,13,.350,4.5,3.5,5,10,13,False,138,
2022-05-01,2022-04-30,2022,108,200,14,8,.636,-,-,1,,3,False,-,139
2022-05-01,2022-04-30,2022,136,200,11,10,.524,2.5,-,2,3,6,False,139,
2022-05-01,2022-04-30,2022,117,200,11,10,.524,2.5,-,3,4,7,False,139,
2022-05-01,2022-04-30,2022,133,200,10,11,.476,3.5,1.0,4,5,8,False,138,
2022-05-01,2022-04-30,2022,140,200,7,14,.333,6.5,4.0,5,11,14,False,135,
2022-05-01,2022-04-30,2022,121,204,15,7,.682,-,-,1,,2,False,-,140
2022-05-01,2022-04-30,2022,146,204,12,8,.600,2.0,-,2,3,6,False,140,
2022-05-01,2022-04-30,2022,143,204,11,11,.500,4.0,2.0,3,6,9,False,137,
2022-05-01,2022-04-30,2022,144,204,10,12,.455,5.0,3.0,4,8,11,False,136,
2022-05-01,2022-04-30,2022,120,204,7,16,.304,8.5,6.5,5,11,14,False,132,
2022-05-01,2022-04-30,2022,158,205,15,7,.682,-,-,1,,1,False,-,139
2022-05-01,2022-04-30,2022,138,205,11,9,.550,3.0,1.0,2,5,8,False,139,
2022-05-01,2022-04-30,2022,134,205,9,12,.429,5.5,3.5,3,9,12,False,136,
2022-05-01,2022-04-30,2022,112,205,8,13,.381,6.5,4.5,4,10,13,False,135,
2022-05-01,2022-04-30,2022,113,205,3,18,.143,11.5,9.5,5,12,15,False,130,
2022-05-01,2022-04-30,2022,137,203,14,7,.667,-,-,1,,3,False,-,142
2022-05-01,2022-04-30,2022,119,203,13,7,.650,0.5,+1.0,2,1,4,False,142,
2022-05-01,2022-04-30,2022,135,203,14,8,.636,0.5,+1.0,3,2,5,False,141,
2022-05-01,2022-04-30,2022,115,203,12,9,.571,2.0,0.5,4,4,7,False,140,
2022-05-01,2022-04-30,2022,109,203,10,12,.455,4.5,3.0,5,7,10,False,137,
2022-05-02,2022-05-01,2022,147,201,16,6,.727,-,-,1,,1,False,-,139
2022-05-02,2022-05-01,2022,141,201,15,8,.652,1.5,+2.5,2,1,2,False,139,
2022-05-02,2022-05-01,2022,139,201,12,10,.545,4.0,-,3,2,5,False,137,
2022-05-02,2022-05-01,2022,111,201,9,14,.391,7.5,3.5,4,7,10,False,133,
2022-05-02,2022-05-01,2022,110,201,8,14,.364,8.0,4.0,5,10,13,False,133,
2022-05-02,2022-05-01,2022,142,202,13,9,.591,-,-,1,,4,False,-,138
2022-05-02,2022-05-01,2022,114,202,10,12,.455,3.0,2.0,2,5,8,False,138,
2022-05-02,2022-05-01,2022,145,202,8,13,.381,4.5,3.5,3,8,11,False,137,
2022-05-02,2022-05-01,2022,118,202,7,13,.350,5.0,4.0,4,11,14,False,137,
2022-05-02,2022-05-01,2022,116,202,7,14,.333,5.5,4.5,5,12,15,False,136,
2022-05-02,2022-05-01,2022,108,200,15,8,.652,-,-,1,,3,False,-,138
2022-05-02,2022-05-01,2022,136,200,12,10,.545,2.5,-,2,3,6,False,138,
2022-05-02,2022-05-01,2022,117,200,11,11,.500,3.5,1.0,3,4,7,False,137,
2022-05-02,2022-05-01,2022,133,200,10,12,.455,4.5,2.0,4,6,9,False,136,
2022-05-02,2022-05-01,2022,140,200,8,14,.364,6.5,4.0,5,9,12,False,134,
2022-05-02,2022-05-01,2022,121,204,16,7,.696,-,-,1,,1,False,-,138
2022-05-02,2022-05-01,2022,146,204,12,9,.571,3.0,0.5,2,5,8,False,138,
2022-05-02,2022-05-01,2022,143,204,11,12,.478,5.0,2.5,3,6,9,False,135,
2022-05-02,2022-05-01,2022,144,204,10,13,.435,6.0,3.5,4,8,11,False,134,
2022-05-02,2022-05-01,2022,120,204,8,16,.333,8.5,6.0,5,11,14,False,131,
2022-05-02,2022-05-01,2022,158,205,15,8,.652,-,-,1,,3,False,-,139
2022-05-02,2022-05-01,2022,138,205,12,9,.571,2.0,0.5,2,4,7,False,139,
2022-05-02,2022-05-01,2022,134,205,9,13,.409,5.5,4.0,3,9,12,False,135,
2022-05-02,2022-05-01,2022,112,205,9,13,.409,5.5,4.0,4,10,13,False,135,
2022-05-02,2022-05-01,2022,113,205,3,19,.136,11.5,10.0,5,12,15,False,129,
2022-05-02,2022-05-01,2022,119,203,14,7,.667,-,-,1,,2,False,-,141
2022-05-02,2022-05-01,2022,135,203,15,8,.652,-,+1.5,2,1,4,False,141,
2022-05-02,2022-05-01,2022,137,203,14,8,.636,0.5,+1.0,3,2,5,False,141,
2022-05-02,2022-05-01,2022,115,203,13,9,.591,1.5,-,4,3,6,False,140,
2022-05-02,2022-05-01,2022,109,203,10,13,.435,5.0,3.5,5,7,10,False,136,
2022-05-03,2022-05-02,2022,147,201,17,6,.739,-,-,1,,1,False,-,137
2022-05-03,2022-05-02,2022,141,201,15,9,.625,2.5,+2.5,2,1,2,False,137,
2022-05-03,2022-05-02,2022,139,201,13,10,.565,4.0,+1.0,3,2,5,False,136,
2022-05-03,2022-05-02,2022,111,201,9,14,.391,8.0,3.0,4,8,11,False,132,
2022-05-03,2022-05-02,2022,110,201,8,15,.348,9.0,4.0,5,10,13,False,131,
2022-05-03,2022-05-02,2022,142,202,14,9,.609,-,-,1,,4,False,-,137
2022-05-03,2022-05-02,2022,114,202,10,12,.455,3.5,1.5,2,5,8,False,137,
2022-05-03,2022-05-02,2022,145,202,9,13,.409,4.5,2.5,3,7,10,False,136,
2022-05-03,2022-05-02,2022,116,202,7,14,.333,6.0,4.0,4,11,14,False,135,
2022-05-03,2022-05-02,2022,118,202,7,14,.333,6.0,4.0,5,12,15,False,135,
2022-05-03,2022-05-02,2022,108,200,15,9,.625,-,-,1,,3,False,-,137
2022-05-03,2022-05-02,2022,117,200,12,11,.522,2.5,-,2,3,6,False,137,
2022-05-03,2022-05-02,2022,136,200,12,11,.522,2.5,-,3,4,7,False,137,
2022-05-03,2022-05-02,2022,133,200,10,13,.435,4.5,2.0,4,6,9,False,135,
2022-05-03,2022-05-02,2022,140,200,8,14,.364,6.0,3.5,5,9,12,False,134,
2022-05-03,2022-05-02,2022,121,204,16,8,.667,-,-,1,,1,False,-,137
2022-05-03,2022-05-02,2022,146,204,12,10,.545,3.0,1.0,2,5,8,False,137,
2022-05-03,2022-05-02,2022,143,204,11,12,.478,4.5,2.5,3,6,9,False,135,
2022-05-03,2022-05-02,2022,144,204,11,13,.458,5.0,3.0,4,7,10,False,134,
2022-05-03,2022-05-02,2022,120,204,8,16,.333,8.0,6.0,5,11,14,False,131,
2022-05-03,2022-05-02,2022,158,205,15,8,.652,-,-,1,,3,False,-,139
2022-05-03,2022-05-02,2022,138,205,13,9,.591,1.5,-,2,4,7,False,139,
2022-05-03,2022-05-02,2022,134,205,9,13,.409,5.5,4.0,3,9,12,False,135,
2022-05-03,2022-05-02,2022,112,205,9,13,.409,5.5,4.0,4,10,13,False,135,
2022-05-03,2022-05-02,2022,113,205,3,19,.136,11.5,10.0,5,12,15,False,129,
2022-05-03,2022-05-02,2022,119,203,14,7,.667,-,-,1,,2,False,-,141
2022-05-03,2022-05-02,2022,135,203,15,8,.652,-,+1.5,2,1,4,False,141,
2022-05-03,2022-05-02,2022,137,203,14,8,.636,0.5,+1.0,3,2,5,False,141,
2022-05-03,2022-05-02,2022,115,203,13,9,.591,1.5,-,4,3,6,False,140,
2022-05-03,2022-05-02,2022,109,203,11,13,.458,4.5,3.0,5,8,11,False,136,
2022-05-04,2022-05-03,2022,147,201,18,6,.750,-,-,1,,1,False,-,135
2022-05-04,2022-05-03,2022,141,201,15,10,.600,3.5,+1.5,2,1,4,False,135,
2022-05-04,2022-05-03,2022,139,201,14,10,.583,4.0,+1.0,3,2,5,False,135,
2022-05-04,2022-05-03,2022,111,201,10,14,.417,8.0,3.0,4,8,11,False,131,
2022-05-04,2022-05-03,2022,110,201,8,16,.333,10.0,5.0,5,12,15,False,129,
2022-05-04,2022-05-03,2022,142,202,15,9,.625,-,-,1,,2,False,-,136
2022-05-04,2022-05-03,2022,114,202,10,12,.455,4.0,2.0,2,5,8,False,136,
2022-05-04,2022-05-03,2022,145,202,10,13,.435,4.5,2.5,3,6,9,False,135,
2022-05-04,2022-05-03,2022,118,202,8,14,.364,6.0,4.0,4,10,13,False,134,
2022-05-04,2022-05-03,2022,116,202,7,14,.333,6.5,4.5,5,11,14,False,134,
2022-05-04,2022-05-03,2022,108,200,15,10,.600,-,-,1,,3,False,-,137
2022-05-04,2022-05-03,2022,117,200,13,11,.542,1.5,-,2,3,6,False,137,
2022-05-04,2022-05-03,2022,136,200,12,12,.500,2.5,1.0,3,4,7,False,136,
2022-05-04,2022-05-03,2022,133,200,10,14,.417,4.5,3.0,4,7,10,False,134,
2022-05-04,2022-05-03,2022,140,200,9,14,.391,5.0,3.5,5,9,12,False,134,
2022-05-04,2022-05-03,2022,121,204,18,8,.692,-,-,1,,1,False,-,134
2022-05-04,2022-05-03,2022,146,204,12,11,.522,4.5,1.0,2,5,8,False,134,
2022-05-04,2022-05-03,2022,143,204,11,13,.458,6.0,2.5,3,7,10,False,132,
2022-05-04,2022-05-03,2022,144,204,11,15,.423,7.0,3.5,4,8,11,False,130,
2022-05-04,2022-05-03,2022,120,204,9,16,.360,8.5,5.0,5,11,14,False,129,
2022-05-04,2022-05-03,2022,158,205,16,8,.667,-,-,1,,3,False,-,137
2022-05-04,2022-05-03,2022,138,205,13,10,.565,2.5,-,2,4,7,False,137,
2022-05-04,2022-05-03,2022,134,205,9,13,.409,6.0,3.5,3,9,12,False,134,
2022-05-04,2022-05-03,2022,112,205,9,14,.391,6.5,4.0,4,10,13,False,133,
2022-05-04,2022-05-03,2022,113,205,3,20,.130,12.5,10.0,5,12,15,False,127,
2022-05-04,2022-05-03,2022,119,203,15,7,.682,-,-,1,,2,False,-,140
2022-05-04,2022-05-03,2022,135,203,15,8,.652,0.5,+2.0,2,1,4,False,140,
2022-05-04,2022-05-03,2022,137,203,14,9,.609,1.5,+1.0,3,2,5,False,139,
2022-05-04,2022-05-03,2022,115,203,13,10,.565,2.5,-,4,3,6,False,138,
2022-05-04,2022-05-03,2022,109,203,12,13,.480,4.5,2.0,5,6,9,False,135,
2022-05-05,2022-05-04,2022,147,201,18,7,.720,-,-,1,,1,False,-,135
2022-05-05,2022-05-04,2022,141,201,16,10,.615,2.5,+1.5,2,1,2,False,135,
2022-05-05,2022-05-04,2022,139,201,15,10,.600,3.0,+1.0,3,2,5,False,135,
2022-05-05,2022-05-04,2022,111,201,10,15,.400,8.0,4.0,4,9,12,False,130,
2022-05-05,2022-05-04,2022,110,201,9,16,.360,9.0,5.0,5,10,13,False,129,
2022-05-05,2022-05-04,2022,142,202,15,10,.600,-,-,1,,4,False,-,135
2022-05-05,2022-05-04,2022,114,202,11,13,.458,3.5,2.5,2,5,8,False,135,
2022-05-05,2022-05-04,2022,145,202,11,13,.458,3.5,2.5,3,6,9,False,135,
2022-05-05,2022-05-04,2022,116,202,8,15,.348,6.0,5.0,4,11,14,False,133,
2022-05-05,2022-05-04,2022,118,202,8,15,.348,6.0,5.0,5,12,15,False,133,
2022-05-05,2022-05-04,2022,108,200,16,10,.615,-,-,1,,3,False,-,136
2022-05-05,2022-05-04,2022,117,200,14,11,.560,1.5,-,2,3,6,False,136,
2022-05-05,2022-05-04,2022,136,200,12,13,.480,3.5,2.0,3,4,7,False,134,
2022-05-05,2022-05-04,2022,140,200,10,14,.417,5.0,3.5,4,7,10,False,133,
2022-05-05,2022-05-04,2022,133,200,10,15,.400,5.5,4.0,5,8,11,False,132,
2022-05-05,2022-05-04,2022,121,204,18,9,.667,-,-,1,,3,False,-,133
2022-05-05,2022-05-04,2022,146,204,12,12,.500,4.5,2.0,2,6,9,False,133,
2022-05-05,2022-05-04,2022,144,204,12,15,.444,6.0,3.5,3,7,10,False,130,
2022-05-05,2022-05-04,2022,143,204,11,14,.440,6.0,3.5,4,8,11,False,131,
2022-05-05,2022-05-04,2022,120,204,9,17,.346,8.5,6.0,5,11,14,False,128,
2022-05-05,2022-05-04,2022,158,205,17,8,.680,-,-,1,,2,False,-,136
2022-05-05,2022-05-04,2022,138,205,14,10,.583,2.5,-,2,3,6,False,136,
2022-05-05,2022-05-04,2022,134,205,10,14,.417,6.5,4.0,3,9,12,False,132,
2022-05-05,2022-05-04,2022,112,205,9,15,.375,7.5,5.0,4,10,13,False,131,
2022-05-05,2022-05-04,2022,113,205,3,21,.125,13.5,11.0,5,12,15,False,125,
2022-05-05,2022-05-04,2022,119,203,16,7,.696,-,-,1,,1,False,-,138
2022-05-05,2022-05-04,2022,135,203,16,9,.640,1.0,+1.5,2,1,4,False,138,
2022-05-05,2022-05-04,2022,115,203,14,10,.583,2.5,-,3,2,5,False,137,
2022-05-05,2022-05-04,2022,137,203,14,10,.583,2.5,-,4,4,7,False,137,
2022-05-05,2022-05-04,2022,109,203,13,13,.500,4.5,2.0,5,5,8,False,134,
2022-05-06,2022-05-05,2022,147,201,18,7,.720,-,-,1,,1,False,-,135
2022-05-06,2022-05-05,2022,139,201,16,10,.615,2.5,+1.0,2,1,3,False,135,
2022-05-06,2022-05-05,2022,141,201,16,11,.593,3.0,+0.5,3,2,4,False,134,
2022-05-06,2022-05-05,2022,110,201,10,16,.385,8.5,5.0,4,9,12,False,129,
2022-05-06,2022-05-05,2022,111,201,10,16,.385,8.5,5.0,5,10,13,False,129,
2022-05-06,2022-05-05,2022,142,202,15,11,.577,-,-,1,,5,False,-,135
2022-05-06,2022-05-05,2022,114,202,12,13,.480,2.5,2.5,2,4,7,False,135,
2022-05-06,2022-05-05,2022,145,202,11,13,.458,3.0,3.0,3,6,9,False,135,
2022-05-06,2022-05-05,2022,118,202,8,15,.348,5.5,5.5,4,11,14,False,133,
2022-05-06,2022-05-05,2022,116,202,8,16,.333,6.0,6.0,5,12,15,False,132,
2022-05-06,2022-05-05,2022,108,200,17,10,.630,-,-,1,,2,False,-,135
2022-05-06,2022-05-05,2022,117,200,15,11,.577,1.5,-,2,3,6,False,135,
2022-05-06,2022-05-05,2022,136,200,12,14,.462,4.5,3.0,3,5,8,False,132,
2022-05-06,2022-05-05,2022,140,200,10,14,.417,5.5,4.0,4,7,10,False,132,
2022-05-06,2022-05-05,2022,133,200,10,15,.400,6.0,4.5,5,8,11,False,131,
2022-05-06,2022-05-05,2022,121,204,19,9,.679,-,-,1,,3,False,-,131
2022-05-06,2022-05-05,2022,146,204,12,13,.480,5.5,3.0,2,6,9,False,131,
2022-05-06,2022-05-05,2022,144,204,12,15,.444,6.5,4.0,3,7,10,False,129,
2022-05-06,2022-05-05,2022,143,204,11,15,.423,7.0,4.5,4,8,11,False,129,
2022-05-06,2022-05-05,2022,120,204,9,18,.333,9.5,7.0,5,11,14,False,126,
2022-05-06,2022-05-05,2022,158,205,18,8,.692,-,-,1,,2,False,-,135
2022-05-06,2022-05-05,2022,138,205,15,10,.600,2.5,-,2,3,6,False,135,
2022-05-06,2022-05-05,2022,134,205,10,14,.417,7.0,4.5,3,9,12,False,131,
2022-05-06,2022-05-05,2022,112,205,9,15,.375,8.0,5.5,4,10,13,False,130,
2022-05-06,2022-05-05,2022,113,205,3,22,.120,14.5,12.0,5,12,15,False,123,
2022-05-06,2022-05-05,2022,119,203,16,7,.696,-,-,1,,1,False,-,138
2022-05-06,2022-05-05,2022,135,203,17,9,.654,0.5,+1.5,2,1,4,False,138,
2022-05-06,2022-05-05,2022,115,203,15,10,.600,2.0,-,3,2,5,False,137,
2022-05-06,2022-05-05,2022,137,203,14,11,.560,3.0,1.0,4,4,7,False,136,
2022-05-06,2022-05-05,2022,109,203,13,13,.500,4.5,2.5,5,5,8,False,134,
2022-05-07,2022-05-06,2022,147,201,18,7,.720,-,-,1,,1,False,-,135
2022-05-07,2022-05-06,2022,139,201,17,10,.630,2.0,+1.0,2,1,3,False,135,
2022-05-07,2022-05-06,2022,141,201,16,11,.593,3.0,-,3,2,4,False,134,
2022-05-07,2022-05-06,2022,110,201,10,16,.385,8.5,5.5,4,9,12,False,129,
2022-05-07,2022-05-06,2022,111,201,10,17,.370,9.0,6.0,5,10,13,False,128,
2022-05-07,2022-05-06,2022,142,202,16,11,.593,-,-,1,,6,False,-,134
2022-05-07,2022-05-06,2022,114,202,12,13,.480,3.0,3.0,2,4,7,False,134,
2022-05-07,2022-05-06,2022,145,202,12,13,.480,3.0,3.0,3,5,8,False,134,
2022-05-07,2022-05-06,2022,118,202,8,15,.348,6.0,6.0,4,11,14,False,132,
2022-05-07,2022-05-06,2022,116,202,8,17,.320,7.0,7.0,5,12,15,False,130,
2022-05-07,2022-05-06,2022,108,200,18,10,.643,-,-,1,,2,False,-,134
2022-05-07,2022-05-06,2022,117,200,16,11,.593,1.5,-,2,3,5,False,134,
2022-05-07,2022-05-06,2022,136,200,12,15,.444,5.5,4.0,3,6,9,False,130,
2022-05-07,2022-05-06,2022,140,200,10,14,.417,6.0,4.5,4,7,10,False,131,
2022-05-07,2022-05-06,2022,133,200,10,16,.385,7.0,5.5,5,8,11,False,129,
2022-05-07,2022-05-06,2022,121,204,19,9,.679,-,-,1,,3,False,-,130
2022-05-07,2022-05-06,2022,146,204,12,14,.462,6.0,3.0,2,6,9,False,130,
2022-05-07,2022-05-06,2022,144,204,12,16,.429,7.0,4.0,3,7,10,False,128,
2022-05-07,2022-05-06,2022,143,204,11,15,.423,7.0,4.0,4,8,11,False,129,
2022-05-07,2022-05-06,2022,120,204,9,19,.321,10.0,7.0,5,11,14,False,125,
2022-05-07,2022-05-06,2022,158,205,19,8,.704,-,-,1,,1,False,-,134
2022-05-07,2022-05-06,2022,138,205,16,10,.615,2.5,+1.0,2,2,5,False,134,
2022-05-07,2022-05-06,2022,134,205,10,14,.417,7.5,4.0,3,9,12,False,130,
2022-05-07,2022-05-06,2022,112,205,9,15,.375,8.5,5.0,4,10,13,False,129,
2022-05-07,2022-05-06,2022,113,205,3,22,.120,15.0,11.5,5,12,15,False,122,
2022-05-07,2022-05-06,2022,119,203,16,7,.696,-,-,1,,2,False,-,138
2022-05-07,2022-05-06,2022,135,203,18,9,.667,-,+2.5,2,1,4,False,138,
2022-05-07,2022-05-06,2022,115,203,15,11,.577,2.5,-,3,3,6,False,136,
2022-05-07,2022-05-06,2022,137,203,14,12,.538,3.5,1.0,4,4,7,False,135,
2022-05-07,2022-05-06,2022,109,203,14,13,.519,4.0,1.5,5,5,8,False,134,
2022-05-08,2022-05-07,2022,147,201,18,7,.720,-,-,1,,1,False,-,135
2022-05-08,2022-05-07,2022,139,201,18,10,.643,1.5,+1.5,2,1,2,False,135,
2022-05-08,2022-05-07,2022,141,201,17,12,.586,3.0,-,3,3,6,False,133,
2022-05-08,2022-05-07,2022,110,201,10,16,.385,8.5,5.5,4,8,11,False,129,
2022-05-08,2022-05-07,2022,111,201,10,18,.357,9.5,6.5,5,10,13,False,127,
2022-05-08,2022-05-07,2022,142,202,17,11,.607,-,-,1,,4,False,-,133
2022-05-08,2022-05-07,2022,145,202,13,13,.500,3.0,2.5,2,4,7,False,133,
2022-05-08,2022-05-07,2022,114,202,13,14,.481,3.5,3.0,3,5,8,False,132,
2022-05-08,2022-05-07,2022,118,202,8,15,.348,6.5,6.0,4,11,14,False,131,
2022-05-08,2022-05-07,2022,116,202,8,18,.308,8.0,7.5,5,12,15,False,128,
2022-05-08,2022-05-07,2022,108,200,18,11,.621,-,-,1,,3,False,-,134
2022-05-08,2022-05-07,2022,117,200,17,11,.607,0.5,+0.5,2,2,5,False,134,
2022-05-08,2022-05-07,2022,136,200,12,16,.429,5.5,4.5,3,6,9,False,129,
2022-05-08,2022-05-07,2022,140,200,10,14,.417,5.5,4.5,4,7,10,False,131,
2022-05-08,2022-05-07,2022,133,200,10,17,.370,7.0,6.0,5,9,12,False,128,
2022-05-08,2022-05-07,2022,121,204,19,9,.679,-,-,1,,3,False,-,130
2022-05-08,2022-05-07,2022,146,204,13,14,.481,5.5,3.0,2,6,9,False,130,
2022-05-08,2022-05-07,2022,144,204,13,16,.448,6.5,4.0,3,7,10,False,128,
2022-05-08,2022-05-07,2022,143,204,11,15,.423,7.0,4.5,4,9,12,False,129,
2022-05-08,2022-05-07,2022,120,204,10,19,.345,9.5,7.0,5,11,14,False,125,
2022-05-08,2022-05-07,2022,158,205,19,9,.679,-,-,1,,2,False,-,133
2022-05-08,2022-05-07,2022,138,205,16,11,.593,2.5,-,2,2,5,False,133,
2022-05-08,2022-05-07,2022,134,205,11,15,.423,7.0,4.5,3,8,11,False,129,
2022-05-08,2022-05-07,2022,112,205,9,17,.346,9.0,6.5,4,10,13,False,127,
2022-05-08,2022-05-07,2022,113,205,4,23,.148,14.5,12.0,5,12,15,False,121,
2022-05-08,2022-05-07,2022,119,203,18,7,.720,-,-,1,,1,False,-,135
2022-05-08,2022-05-07,2022,135,203,18,10,.643,1.5,+1.5,2,1,4,False,135,
2022-05-08,2022-05-07,2022,115,203,16,11,.593,3.0,-,3,3,6,False,134,
2022-05-08,2022-05-07,2022,137,203,15,12,.556,4.0,1.0,4,4,7,False,133,
2022-05-08,2022-05-07,2022,109,203,14,14,.500,5.5,2.5,5,5,8,False,131,
2022-05-09,2022-05-08,2022,147,201,19,8,.704,-,-,1,,1,False,-,133
2022-05-09,2022-05-08,2022,139,201,18,11,.621,2.0,+1.5,2,1,4,False,133,
2022-05-09,2022-05-08,2022,141,201,17,13,.567,3.5,-,3,3,6,False,131,
2022-05-09,2022-05-08,2022,110,201,11,17,.393,8.5,5.0,4,8,11,False,127,
2022-05-09,2022-05-08,2022,111,201,10,19,.345,10.0,6.5,5,11,14,False,125,
2022-05-09,2022-05-08,2022,142,202,18,11,.621,-,-,1,,3,False,-,132
2022-05-09,2022-05-08,2022,145,202,14,13,.519,3.0,1.5,2,4,7,False,132,
2022-05-09,2022-05-08,2022,114,202,14,14,.500,3.5,2.0,3,5,8,False,131,
2022-05-09,2022-05-08,2022,118,202,9,16,.360,7.0,5.5,4,9,12,False,129,
2022-05-09,2022-05-08,2022,116,202,8,19,.296,9.0,7.5,5,12,15,False,126,
2022-05-09,2022-05-08,2022,108,200,19,11,.633,-,-,1,,2,False,-,133
2022-05-09,2022-05-08,2022,117,200,18,11,.621,0.5,+1.5,2,2,5,False,133,
2022-05-09,2022-05-08,2022,136,200,13,16,.448,5.5,3.5,3,6,9,False,128,
2022-05-09,2022-05-08,2022,140,200,11,15,.423,6.0,4.0,4,7,10,False,129,
2022-05-09,2022-05-08,2022,133,200,10,18,.357,8.0,6.0,5,10,13,False,126,
2022-05-09,2022-05-08,2022,121,204,20,10,.667,-,-,1,,2,False,-,127
2022-05-09,2022-05-08,2022,144,204,14,16,.467,6.0,3.0,2,6,9,False,127,
2022-05-09,2022-05-08,2022,146,204,13,15,.464,6.0,3.0,3,7,10,False,128,
2022-05-09,2022-05-08,2022,143,204,12,16,.429,7.0,4.0,4,8,11,False,127,
2022-05-09,2022-05-08,2022,120,204,10,20,.333,10.0,7.0,5,11,14,False,123,
2022-05-09,2022-05-08,2022,158,205,19,10,.655,-,-,1,,3,False,-,132
2022-05-09,2022-05-08,2022,138,205,16,12,.571,2.5,-,2,2,5,False,132,
2022-05-09,2022-05-08,2022,134,205,11,16,.407,7.0,4.5,3,9,12,False,128,
2022-05-09,2022-05-08,2022,112,205,9,18,.333,9.0,6.5,4,10,13,False,126,
2022-05-09,2022-05-08,2022,113,205,5,23,.179,13.5,11.0,5,12,15,False,121,
2022-05-09,2022-05-08,2022,119,203,19,7,.731,-,-,1,,1,False,-,134
2022-05-09,2022-05-08,2022,135,203,19,10,.655,1.5,+2.5,2,1,4,False,134,
2022-05-09,2022-05-08,2022,115,203,16,12,.571,4.0,-,3,4,7,False,132,
2022-05-09,2022-05-08,2022,137,203,16,12,.571,4.0,-,4,3,6,False,132,
2022-05-09,2022-05-08,2022,109,203,15,14,.517,5.5,1.5,5,5,8,False,130,
2022-05-10,2022-05-09,2022,147,201,20,8,.714,-,-,1,,1,False,-,131
2022-05-10,2022-05-09,2022,139,201,18,12,.600,3.0,+1.0,2,2,5,False,131,
2022-05-10,2022-05-09,2022,141,201,17,13,.567,4.0,-,3,3,6,False,130,
2022-05-10,2022-05-09,2022,110,201,12,17,.414,8.5,4.5,4,7,10,False,126,
2022-05-10,2022-05-09,2022,111,201,10,19,.345,10.5,6.5,5,11,14,False,124,
2022-05-10,2022-05-09,2022,142,202,18,11,.621,-,-,1,,3,False,-,131
2022-05-10,2022-05-09,2022,114,202,15,14,.517,3.0,1.5,2,4,7,False,131,
2022-05-10,2022-05-09,2022,145,202,14,14,.500,3.5,2.0,3,5,8,False,131,
2022-05-10,2022-05-09,2022,118,202,9,17,.346,7.5,6.0,4,10,13,False,128,
2022-05-10,2022-05-09,2022,116,202,8,20,.286,9.5,8.0,5,12,15,False,125,
2022-05-10,2022-05-09,2022,108,200,20,11,.645,-,-,1,,2,False,-,132
2022-05-10,2022-05-09,2022,117,200,18,11,.621,1.0,+1.5,2,1,4,False,132,
2022-05-10,2022-05-09,2022,136,200,13,17,.433,6.5,4.0,3,6,9,False,126,
2022-05-10,2022-05-09,2022,140,200,11,16,.407,7.0,4.5,4,8,11,False,127,
2022-05-10,2022-05-09,2022,133,200,11,18,.379,8.0,5.5,5,9,12,False,125,
2022-05-10,2022-05-09,2022,121,204,20,10,.667,-,-,1,,2,False,-,127
2022-05-10,2022-05-09,2022,144,204,14,16,.467,6.0,3.0,2,6,9,False,127,
2022-05-10,2022-05-09,2022,146,204,13,16,.448,6.5,3.5,3,7,10,False,127,
2022-05-10,2022-05-09,2022,143,204,13,16,.448,6.5,3.5,4,8,11,False,127,
2022-05-10,2022-05-09,2022,120,204,10,20,.333,10.0,7.0,5,11,14,False,123,
2022-05-10,2022-05-09,2022,158,205,19,11,.633,-,-,1,,3,False,-,132
2022-05-10,2022-05-09,2022,138,205,16,12,.571,2.0,-,2,3,6,False,132,
2022-05-10,2022-05-09,2022,134,205,12,16,.429,6.0,4.0,3,9,12,False,128,
2022-05-10,2022-05-09,2022,112,205,10,18,.357,8.0,6.0,4,10,13,False,126,
2022-05-10,2022-05-09,2022,113,205,6,23,.207,12.5,10.5,5,12,15,False,121,
2022-05-10,2022-05-09,2022,119,203,19,8,.704,-,-,1,,1,False,-,133
2022-05-10,2022-05-09,2022,135,203,19,11,.633,1.5,+2.0,2,1,4,False,133,
2022-05-10,2022-05-09,2022,137,203,17,12,.586,3.0,+0.5,3,2,5,False,132,
2022-05-10,2022-05-09,2022,115,203,16,13,.552,4.0,0.5,4,4,7,False,131,
2022-05-10,2022-05-09,2022,109,203,16,14,.533,4.5,1.0,5,5,8,False,130,
2022-05-11,2022-05-10,2022,147,201,21,8,.724,-,-,1,,1,False,-,129
2022-05-11,2022-05-10,2022,139,201,18,13,.581,4.0,+1.0,2,2,5,False,129,
2022-05-11,2022-05-10,2022,141,201,17,14,.548,5.0,-,3,3,6,False,128,
2022-05-11,2022-05-10,2022,110,201,13,17,.433,8.5,3.5,4,7,10,False,125,
2022-05-11,2022-05-10,2022,111,201,11,19,.367,10.5,5.5,5,10,13,False,123,
2022-05-11,2022-05-10,2022,142,202,18,12,.600,-,-,1,,4,False,-,131
2022-05-11,2022-05-10,2022,145,202,15,14,.517,2.5,1.0,2,4,7,False,131,
2022-05-11,2022-05-10,2022,114,202,15,15,.500,3.0,1.5,3,5,8,False,130,
2022-05-11,2022-05-10,2022,118,202,9,18,.333,7.5,6.0,4,11,14,False,127,
2022-05-11,2022-05-10,2022,116,202,9,21,.300,9.0,7.5,5,12,15,False,124,
2022-05-11,2022-05-10,2022,108,200,21,11,.656,-,-,1,,2,False,-,131
2022-05-11,2022-05-10,2022,117,200,19,11,.633,1.0,+2.5,2,1,3,False,131,
2022-05-11,2022-05-10,2022,136,200,14,17,.452,6.5,3.0,3,6,9,False,125,
2022-05-11,2022-05-10,2022,140,200,12,16,.429,7.0,3.5,4,8,11,False,126,
2022-05-11,2022-05-10,2022,133,200,12,19,.387,8.5,5.0,5,9,12,False,123,
2022-05-11,2022-05-10,2022,121,204,21,10,.677,-,-,1,,2,False,-,125
2022-05-11,2022-05-10,2022,144,204,14,17,.452,7.0,3.0,2,6,9,False,125,
2022-05-11,2022-05-10,2022,146,204,13,17,.433,7.5,3.5,3,7,10,False,125,
2022-05-11,2022-05-10,2022,143,204,13,17,.433,7.5,3.5,4,8,11,False,125,
2022-05-11,2022-05-10,2022,120,204,10,21,.323,11.0,7.0,5,11,14,False,121,
2022-05-11,2022-05-10,2022,158,205,20,11,.645,-,-,1,,3,False,-,130
2022-05-11,2022-05-10,2022,138,205,16,13,.552,3.0,-,2,3,6,False,130,
2022-05-11,2022-05-10,2022,134,205,12,17,.414,7.0,4.0,3,9,12,False,126,
2022-05-11,2022-05-10,2022,112,205,10,19,.345,9.0,6.0,4,10,13,False,124,
2022-05-11,2022-05-10,2022,113,205,6,24,.200,13.5,10.5,5,12,15,False,119,
2022-05-11,2022-05-10,2022,119,203,20,8,.714,-,-,1,,1,False,-,132
2022-05-11,2022-05-10,2022,135,203,20,11,.645,1.5,+3.0,2,1,4,False,132,
2022-05-11,2022-05-10,2022,137,203,18,12,.600,3.0,+1.5,3,2,5,False,131,
2022-05-11,2022-05-10,2022,109,203,17,14,.548,4.5,-,4,4,7,False,129,
2022-05-11,2022-05-10,2022,115,203,16,14,.533,5.0,0.5,5,5,8,False,129,
2022-05-12,2022-05-11,2022,147,201,22,8,.733,-,-,1,,1,False,-,128
2022-05-12,2022-05-11,2022,139,201,19,13,.594,4.0,+2.0,2,2,4,False,128,
2022-05-12,2022-05-11,2022,141,201,17,15,.531,6.0,-,3,3,6,False,126,
2022-05-12,2022-05-11,2022,110,201,13,18,.419,9.5,3.5,4,7,10,False,123,
2022-05-12,2022-05-11,2022,111,201,11,20,.355,11.5,5.5,5,11,14,False,121,
2022-05-12,2022-05-11,2022,142,202,18,13,.581,-,-,1,,5,False,-,131
2022-05-12,2022-05-11,2022,145,202,15,14,.517,2.0,0.5,2,4,7,False,131,
2022-05-12,2022-05-11,2022,114,202,15,15,.500,2.5,1.0,3,5,8,False,130,
2022-05-12,2022-05-11,2022,118,202,10,18,.357,6.5,5.0,4,10,13,False,127,
2022-05-12,2022-05-11,2022,116,202,9,22,.290,9.0,7.5,5,12,15,False,123,
2022-05-12,2022-05-11,2022,117,200,20,11,.645,-,-,1,,2,False,-,131
2022-05-12,2022-05-11,2022,108,200,21,12,.636,-,+3.5,2,1,3,False,131,
2022-05-12,2022-05-11,2022,136,200,14,18,.438,6.5,3.0,3,6,9,False,125,
2022-05-12,2022-05-11,2022,140,200,12,17,.414,7.0,3.5,4,8,11,False,126,
2022-05-12,2022-05-11,2022,133,200,13,19,.406,7.5,4.0,5,9,12,False,124,
2022-05-12,2022-05-11,2022,121,204,21,11,.656,-,-,1,,2,False,-,125
2022-05-12,2022-05-11,2022,144,204,15,17,.469,6.0,3.0,2,6,9,False,125,
2022-05-12,2022-05-11,2022,146,204,14,17,.452,6.5,3.5,3,7,10,False,125,
2022-05-12,2022-05-11,2022,143,204,14,17,.452,6.5,3.5,4,8,11,False,125,
2022-05-12,2022-05-11,2022,120,204,11,21,.344,10.0,7.0,5,11,14,False,121,
2022-05-12,2022-05-11,2022,158,205,20,12,.625,-,-,1,,3,False,-,130
2022-05-12,2022-05-11,2022,138,205,17,13,.567,2.0,-,2,3,6,False,130,
2022-05-12,2022-05-11,2022,134,205,13,17,.433,6.0,4.0,3,9,12,False,126,
2022-05-12,2022-05-11,2022,112,205,11,19,.367,8.0,6.0,4,10,13,False,124,
2022-05-12,2022-05-11,2022,113,205,7,24,.226,12.5,10.5,5,12,15,False,119,
2022-05-12,2022-05-11,2022,119,203,20,9,.690,-,-,1,,1,False,-,131
2022-05-12,2022-05-11,2022,135,203,20,12,.625,1.5,+2.0,2,1,4,False,131,
2022-05-12,2022-05-11,2022,137,203,19,12,.613,2.0,+1.5,3,2,5,False,131,
2022-05-12,2022-05-11,2022,109,203,17,15,.531,4.5,1.0,4,4,7,False,128,
2022-05-12,2022-05-11,2022,115,203,16,15,.516,5.0,1.5,5,5,8,False,128,
2022-05-13,2022-05-12,2022,147,201,23,8,.742,-,-,1,,1,False,-,127
2022-05-13,2022-05-12,2022,139,201,19,13,.594,4.5,+2.0,2,2,4,False,127,
2022-05-13,2022-05-12,2022,141,201,17,15,.531,6.5,-,3,3,6,False,125,
2022-05-13,2022-05-12,2022,110,201,14,18,.438,9.5,3.0,4,7,10,False,122,
2022-05-13,2022-05-12,2022,111,201,11,20,.355,12.0,5.5,5,10,13,False,120,
2022-05-13,2022-05-12,2022,142,202,18,14,.563,-,-,1,,5,False,-,130
2022-05-13,2022-05-12,2022,114,202,15,15,.500,2.0,1.0,2,4,7,False,130,
2022-05-13,2022-05-12,2022,145,202,15,15,.500,2.0,1.0,3,5,8,False,130,
2022-05-13,2022-05-12,2022,118,202,10,19,.345,6.5,5.5,4,11,14,False,126,
2022-05-13,2022-05-12,2022,116,202,9,23,.281,9.0,8.0,5,12,15,False,122,
2022-05-13,2022-05-12,2022,117,200,21,11,.656,-,-,1,,2,False,-,130
2022-05-13,2022-05-12,2022,108,200,21,12,.636,0.5,+3.5,2,1,3,False,130,
2022-05-13,2022-05-12,2022,136,200,14,18,.438,7.0,3.0,3,6,9,False,124,
2022-05-13,2022-05-12,2022,140,200,13,17,.433,7.0,3.0,4,8,11,False,125,
2022-05-13,2022-05-12,2022,133,200,14,19,.424,7.5,3.5,5,9,12,False,123,
2022-05-13,2022-05-12,2022,121,204,22,11,.667,-,-,1,,1,False,-,124
2022-05-13,2022-05-12,2022,144,204,15,17,.469,6.5,2.5,2,6,9,False,124,
2022-05-13,2022-05-12,2022,143,204,15,17,.469,6.5,2.5,3,7,10,False,124,
2022-05-13,2022-05-12,2022,146,204,14,17,.452,7.0,3.0,4,8,11,False,124,
2022-05-13,2022-05-12,2022,120,204,11,22,.333,11.0,7.0,5,11,14,False,119,
2022-05-13,2022-05-12,2022,158,205,20,12,.625,-,-,1,,3,False,-,129
2022-05-13,2022-05-12,2022,138,205,17,14,.548,2.5,-,2,3,6,False,129,
2022-05-13,2022-05-12,2022,134,205,13,18,.419,6.5,4.0,3,9,12,False,125,
2022-05-13,2022-05-12,2022,112,205,11,19,.367,8.0,5.5,4,10,13,False,124,
2022-05-13,2022-05-12,2022,113,205,8,24,.250,12.0,9.5,5,12,15,False,119,
2022-05-13,2022-05-12,2022,119,203,20,10,.667,-,-,1,,2,False,-,131
2022-05-13,2022-05-12,2022,135,203,20,12,.625,1.0,+2.5,2,1,4,False,131,
2022-05-13,2022-05-12,2022,137,203,19,12,.613,1.5,+2.0,3,2,5,False,131,
2022-05-13,2022-05-12,2022,109,203,17,15,.531,4.0,0.5,4,4,7,False,128,
2022-05-13,2022-05-12,2022,115,203,16,15,.516,4.5,1.0,5,5,8,False,128,
2022-05-14,2022-05-13,2022,147,201,24,8,.750,-,-,1,,1,False,-,126
2022-05-14,2022-05-13,2022,139,201,20,13,.606,4.5,+3.0,2,2,4,False,126,
2022-05-14,2022-05-13,2022,141,201,17,16,.515,7.5,-,3,3,6,False,123,
2022-05-14,2022-05-13,2022,110,201,14,19,.424,10.5,3.0,4,7,10,False,120,
2022-05-14,2022-05-13,2022,111,201,12,20,.375,12.0,4.5,5,10,13,False,119,
2022-05-14,2022-05-13,2022,142,202,19,14,.576,-,-,1,,5,False,-,128
2022-05-14,2022-05-13,2022,114,202,15,16,.484,3.0,1.0,2,4,7,False,128,
2022-05-14,2022-05-13,2022,145,202,15,16,.484,3.0,1.0,3,5,8,False,128,
2022-05-14,2022-05-13,2022,118,202,11,19,.367,6.5,4.5,4,11,14,False,125,
2022-05-14,2022-05-13,2022,116,202,10,23,.303,9.0,7.0,5,12,15,False,121,
2022-05-14,2022-05-13,2022,117,200,22,11,.667,-,-,1,,2,False,-,129
2022-05-14,2022-05-13,2022,108,200,22,12,.647,0.5,+4.5,2,1,3,False,129,
2022-05-14,2022-05-13,2022,136,200,15,18,.455,7.0,2.0,3,6,9,False,123,
2022-05-14,2022-05-13,2022,140,200,13,18,.419,8.0,3.0,4,8,11,False,123,
2022-05-14,2022-05-13,2022,133,200,14,20,.412,8.5,3.5,5,9,12,False,121,
2022-05-14,2022-05-13,2022,121,204,22,12,.647,-,-,1,,1,False,-,124
2022-05-14,2022-05-13,2022,143,204,16,17,.485,5.5,2.0,2,6,9,False,124,
2022-05-14,2022-05-13,2022,144,204,15,18,.455,6.5,3.0,3,7,10,False,123,
2022-05-14,2022-05-13,2022,146,204,14,18,.438,7.0,3.5,4,8,11,False,123,
2022-05-14,2022-05-13,2022,120,204,11,23,.324,11.0,7.5,5,11,14,False,118,
2022-05-14,2022-05-13,2022,158,205,21,12,.636,-,-,1,,3,False,-,127
2022-05-14,2022-05-13,2022,138,205,17,15,.531,3.5,0.5,2,4,7,False,127,
2022-05-14,2022-05-13,2022,134,205,13,19,.406,7.5,4.5,3,9,12,False,123,
2022-05-14,2022-05-13,2022,112,205,11,20,.355,9.0,6.0,4,10,13,False,122,
2022-05-14,2022-05-13,2022,113,205,9,24,.273,12.0,9.0,5,12,15,False,118,
2022-05-14,2022-05-13,2022,119,203,20,11,.645,-,-,1,,2,False,-,131
2022-05-14,2022-05-13,2022,135,203,21,12,.636,-,+3.0,2,1,4,False,131,
2022-05-14,2022-05-13,2022,137,203,20,12,.625,0.5,+2.5,3,2,5,False,131,
2022-05-14,2022-05-13,2022,109,203,18,15,.545,3.0,-,4,3,6,False,128,
2022-05-14,2022-05-13,2022,115,203,16,16,.500,4.5,1.5,5,5,8,False,127,
2022-05-15,2022-05-14,2022,147,201,24,9,.727,-,-,1,,1,False,-,125
2022-05-15,2022-05-14,2022,139,201,20,14,.588,4.5,+2.0,2,2,4,False,125,
2022-05-15,2022-05-14,2022,141,201,18,16,.529,6.5,-,3,3,6,False,123,
2022-05-15,2022-05-14,2022,110,201,14,20,.412,10.5,4.0,4,8,11,False,119,
2022-05-15,2022-05-14,2022,111,201,13,20,.394,11.0,4.5,5,10,13,False,119,
2022-05-15,2022-05-14,2022,142,202,19,15,.559,-,-,1,,5,False,-,128
2022-05-15,2022-05-14,2022,114,202,16,16,.500,2.0,1.0,2,4,7,False,128,
2022-05-15,2022-05-14,2022,145,202,16,16,.500,2.0,1.0,3,5,8,False,128,
2022-05-15,2022-05-14,2022,118,202,11,20,.355,6.5,5.5,4,11,14,False,124,
2022-05-15,2022-05-14,2022,116,202,11,23,.324,8.0,7.0,5,12,15,False,121,
2022-05-15,2022-05-14,2022,117,200,22,12,.647,-,-,1,,2,False,-,128
2022-05-15,2022-05-14,2022,108,200,23,13,.639,-,+4.0,2,1,3,False,128,
2022-05-15,2022-05-14,2022,136,200,15,19,.441,7.0,3.0,3,6,9,False,122,
2022-05-15,2022-05-14,2022,133,200,15,21,.417,8.0,4.0,4,7,10,False,120,
2022-05-15,2022-05-14,2022,140,200,13,19,.406,8.0,4.0,5,9,12,False,122,
2022-05-15,2022-05-14,2022,121,204,23,12,.657,-,-,1,,1,False,-,123
2022-05-15,2022-05-14,2022,143,204,17,17,.500,5.5,1.5,2,6,9,False,123,
2022-05-15,2022-05-14,2022,144,204,16,18,.471,6.5,2.5,3,7,10,False,122,
2022-05-15,2022-05-14,2022,146,204,15,18,.455,7.0,3.0,4,8,11,False,122,
2022-05-15,2022-05-14,2022,120,204,12,23,.343,11.0,7.0,5,11,14,False,117,
2022-05-15,2022-05-14,2022,158,205,21,13,.618,-,-,1,,3,False,-,127
2022-05-15,2022-05-14,2022,138,205,18,15,.545,2.5,-,2,3,6,False,127,
2022-05-15,2022-05-14,2022,134,205,14,19,.424,6.5,4.0,3,9,12,False,123,
2022-05-15,2022-05-14,2022,112,205,12,20,.375,8.0,5.5,4,10,13,False,122,
2022-05-15,2022-05-14,2022,113,205,9,25,.265,12.0,9.5,5,12,15,False,117,
2022-05-15,2022-05-14,2022,119,203,20,12,.625,-,-,1,,2,False,-,130
2022-05-15,2022-05-14,2022,135,203,21,13,.618,-,+2.5,2,1,4,False,130,
2022-05-15,2022-05-14,2022,137,203,20,13,.606,0.5,+2.0,3,2,5,False,130,
2022-05-15,2022-05-14,2022,109,203,18,16,.529,3.0,0.5,4,4,7,False,127,
2022-05-15,2022-05-14,2022,115,203,17,16,.515,3.5,1.0,5,5,8,False,127,
2022-05-16,2022-05-15,2022,147,201,25,9,.735,-,-,1,,1,False,-,124
2022-05-16,2022-05-15,2022,139,201,21,14,.600,4.5,+3.0,2,2,4,False,124,
2022-05-16,2022-05-15,2022,141,201,18,17,.514,7.5,-,3,3,6,False,121,
2022-05-16,2022-05-15,2022,110,201,14,21,.400,11.5,4.0,4,9,12,False,117,
2022-05-16,2022-05-15,2022,111,201,13,21,.382,12.0,4.5,5,10,13,False,117,
2022-05-16,2022-05-15,2022,142,202,20,15,.571,-,-,1,,5,False,-,126
2022-05-16,2022-05-15,2022,114,202,16,17,.485,3.0,1.0,2,4,7,False,126,
2022-05-16,2022-05-15,2022,145,202,16,17,.485,3.0,1.0,3,5,8,False,126,
2022-05-16,2022-05-15,2022,118,202,12,20,.375,6.5,4.5,4,11,14,False,123,
2022-05-16,2022-05-15,2022,116,202,12,23,.343,8.0,6.0,5,12,15,False,120,
2022-05-16,2022-05-15,2022,117,200,23,12,.657,-,-,1,,2,False,-,127
2022-05-16,2022-05-15,2022,108,200,24,13,.649,-,+5.0,2,1,3,False,127,
2022-05-16,2022-05-15,2022,136,200,16,19,.457,7.0,2.0,3,6,9,False,121,
2022-05-16,2022-05-15,2022,140,200,14,19,.424,8.0,3.0,4,7,10,False,121,
2022-05-16,2022-05-15,2022,133,200,15,22,.405,9.0,4.0,5,8,11,False,118,
2022-05-16,2022-05-15,2022,121,204,23,13,.639,-,-,1,,1,False,-,122
2022-05-16,2022-05-15,2022,143,204,17,18,.486,5.5,2.5,2,6,9,False,122,
2022-05-16,2022-05-15,2022,144,204,16,19,.457,6.5,3.5,3,7,10,False,121,
2022-05-16,2022-05-15,2022,146,204,15,19,.441,7.0,4.0,4,8,11,False,121,
2022-05-16,2022-05-15,2022,120,204,12,24,.333,11.0,8.0,5,11,14,False,116,
2022-05-16,2022-05-15,2022,158,205,22,13,.629,-,-,1,,3,False,-,126
2022-05-16,2022-05-15,2022,138,205,19,15,.559,2.5,-,2,3,6,False,126,
2022-05-16,2022-05-15,2022,134,205,15,19,.441,6.5,4.0,3,9,12,False,122,
2022-05-16,2022-05-15,2022,112,205,13,20,.394,8.0,5.5,4,10,13,False,121,
2022-05-16,2022-05-15,2022,113,205,9,26,.257,13.0,10.5,5,12,15,False,115,
2022-05-16,2022-05-15,2022,119,203,21,12,.636,-,-,1,,2,False,-,129
2022-05-16,2022-05-15,2022,135,203,22,13,.629,-,+2.5,2,1,4,False,129,
2022-05-16,2022-05-15,2022,137,203,20,14,.588,1.5,+1.0,3,2,5,False,128,
2022-05-16,2022-05-15,2022,109,203,18,17,.514,4.0,1.5,4,4,7,False,125,
2022-05-16,2022-05-15,2022,115,203,17,17,.500,4.5,2.0,5,5,8,False,125,
2022-05-17,2022-05-16,2022,147,201,26,9,.743,-,-,1,,1,False,-,122
2022-05-17,2022-05-16,2022,139,201,21,15,.583,5.5,+2.0,2,2,5,False,122,
2022-05-17,2022-05-16,2022,141,201,19,17,.528,7.5,-,3,3,6,False,120,
2022-05-17,2022-05-16,2022,111,201,14,21,.400,12.0,4.5,4,8,11,False,116,
2022-05-17,2022-05-16,2022,110,201,14,22,.389,12.5,5.0,5,10,13,False,115,
2022-05-17,2022-05-16,2022,142,202,21,15,.583,-,-,1,,4,False,-,125
2022-05-17,2022-05-16,2022,145,202,17,17,.500,3.0,1.0,2,4,7,False,125,
2022-05-17,2022-05-16,2022,114,202,16,17,.485,3.5,1.5,3,5,8,False,125,
2022-05-17,2022-05-16,2022,118,202,12,21,.364,7.5,5.5,4,11,14,False,121,
2022-05-17,2022-05-16,2022,116,202,13,23,.361,8.0,6.0,5,12,15,False,119,
2022-05-17,2022-05-16,2022,117,200,23,13,.639,-,-,1,,2,False,-,126
2022-05-17,2022-05-16,2022,108,200,24,14,.632,-,+4.0,2,1,3,False,126,
2022-05-17,2022-05-16,2022,136,200,16,20,.444,7.0,3.0,3,6,9,False,120,
2022-05-17,2022-05-16,2022,140,200,15,19,.441,7.0,3.0,4,7,10,False,121,
2022-05-17,2022-05-16,2022,133,200,15,23,.395,9.0,5.0,5,9,12,False,117,
2022-05-17,2022-05-16,2022,121,204,23,13,.639,-,-,1,,3,False,-,122
2022-05-17,2022-05-16,2022,143,204,17,18,.486,5.5,2.5,2,5,8,False,122,
2022-05-17,2022-05-16,2022,146,204,16,19,.457,6.5,3.5,3,7,10,False,121,
2022-05-17,2022-05-16,2022,144,204,16,20,.444,7.0,4.0,4,8,11,False,120,
2022-05-17,2022-05-16,2022,120,204,12,25,.324,11.5,8.5,5,11,14,False,115,
2022-05-17,2022-05-16,2022,158,205,23,13,.639,-,-,1,,2,False,-,125
2022-05-17,2022-05-16,2022,138,205,19,15,.559,3.0,-,2,3,6,False,125,
2022-05-17,2022-05-16,2022,134,205,15,20,.429,7.5,4.5,3,9,12,False,120,
2022-05-17,2022-05-16,2022,112,205,14,20,.412,8.0,5.0,4,10,13,False,120,
2022-05-17,2022-05-16,2022,113,205,9,26,.257,13.5,10.5,5,12,15,False,114,
2022-05-17,2022-05-16,2022,119,203,22,12,.647,-,-,1,,1,False,-,128
2022-05-17,2022-05-16,2022,135,203,22,13,.629,0.5,+2.5,2,1,4,False,128,
2022-05-17,2022-05-16,2022,137,203,21,14,.600,1.5,+1.5,3,2,5,False,127,
2022-05-17,2022-05-16,2022,109,203,18,18,.500,5.0,2.0,4,4,7,False,123,
2022-05-17,2022-05-16,2022,115,203,17,18,.486,5.5,2.5,5,6,9,False,123,
2022-05-18,2022-05-17,2022,147,201,27,9,.750,-,-,1,,1,False,-,121
2022-05-18,2022-05-17,2022,139,201,22,15,.595,5.5,+2.0,2,2,4,False,121,
2022-05-18,2022-05-17,2022,141,201,20,17,.541,7.5,-,3,3,6,False,119,
2022-05-18,2022-05-17,2022,111,201,14,22,.389,13.0,5.5,4,9,12,False,114,
2022-05-18,2022-05-17,2022,110,201,14,23,.378,13.5,6.0,5,10,13,False,113,
2022-05-18,2022-05-17,2022,142,202,21,16,.568,-,-,1,,5,False,-,124
2022-05-18,2022-05-17,2022,145,202,18,18,.500,2.5,1.5,2,4,7,False,124,
2022-05-18,2022-05-17,2022,114,202,16,18,.471,3.5,2.5,3,5,8,False,124,
2022-05-18,2022-05-17,2022,118,202,13,22,.371,7.0,6.0,4,11,14,False,120,
2022-05-18,2022-05-17,2022,116,202,13,24,.351,8.0,7.0,5,12,15,False,118,
2022-05-18,2022-05-17,2022,117,200,24,13,.649,-,-,1,,2,False,-,124
2022-05-18,2022-05-17,2022,108,200,24,15,.615,1.0,+3.0,2,1,3,False,124,
2022-05-18,2022-05-17,2022,140,200,16,19,.457,7.0,3.0,3,6,9,False,120,
2022-05-18,2022-05-17,2022,136,200,16,21,.432,8.0,4.0,4,7,10,False,118,
2022-05-18,2022-05-17,2022,133,200,16,23,.410,9.0,5.0,5,8,11,False,116,
2022-05-18,2022-05-17,2022,121,204,24,14,.632,-,-,1,,3,False,-,120
2022-05-18,2022-05-17,2022,146,204,17,19,.472,6.0,3.0,2,5,8,False,120,
2022-05-18,2022-05-17,2022,143,204,17,19,.472,6.0,3.0,3,6,9,False,120,
2022-05-18,2022-05-17,2022,144,204,17,20,.459,6.5,3.5,4,8,11,False,119,
2022-05-18,2022-05-17,2022,120,204,12,26,.316,12.0,9.0,5,11,14,False,113,
2022-05-18,2022-05-17,2022,158,205,23,14,.622,-,-,1,,4,False,-,124
2022-05-18,2022-05-17,2022,138,205,20,16,.556,2.5,-,2,3,6,False,124,
2022-05-18,2022-05-17,2022,112,205,15,20,.429,7.0,4.5,3,9,12,False,120,
2022-05-18,2022-05-17,2022,134,205,15,21,.417,7.5,5.0,4,10,13,False,119,
2022-05-18,2022-05-17,2022,113,205,10,26,.278,12.5,10.0,5,12,15,False,114,
2022-05-18,2022-05-17,2022,119,203,24,12,.667,-,-,1,,1,False,-,126
2022-05-18,2022-05-17,2022,135,203,23,13,.639,1.0,+3.0,2,1,2,False,126,
2022-05-18,2022-05-17,2022,137,203,22,14,.611,2.0,+2.0,3,2,5,False,125,
2022-05-18,2022-05-17,2022,109,203,18,20,.474,7.0,3.0,4,4,7,False,119,
2022-05-18,2022-05-17,2022,115,203,17,19,.472,7.0,3.0,5,7,10,False,120,
2022-05-19,2022-05-18,2022,147,201,28,9,.757,-,-,1,,1,False,-,120
2022-05-19,2022-05-18,2022,139,201,23,15,.605,5.5,+3.0,2,1,3,False,120,
2022-05-19,2022-05-18,2022,141,201,20,18,.526,8.5,-,3,3,6,False,117,
2022-05-19,2022-05-18,2022,111,201,15,22,.405,13.0,4.5,4,8,11,False,113,
2022-05-19,2022-05-18,2022,110,201,14,24,.368,14.5,6.0,5,11,14,False,111,
2022-05-19,2022-05-18,2022,142,202,22,16,.579,-,-,1,,5,False,-,122
2022-05-19,2022-05-18,2022,145,202,18,19,.486,3.5,1.5,2,4,7,False,122,
2022-05-19,2022-05-18,2022,114,202,16,18,.471,4.0,2.0,3,6,9,False,123,
2022-05-19,2022-05-18,2022,118,202,14,22,.389,7.0,5.0,4,10,13,False,119,
2022-05-19,2022-05-18,2022,116,202,13,25,.342,9.0,7.0,5,12,15,False,116,
2022-05-19,2022-05-18,2022,117,200,24,14,.632,-,-,1,,2,False,-,123
2022-05-19,2022-05-18,2022,108,200,24,16,.600,1.0,+3.0,2,2,4,False,123,
2022-05-19,2022-05-18,2022,140,200,17,19,.472,6.0,2.0,3,5,8,False,120,
2022-05-19,2022-05-18,2022,136,200,17,21,.447,7.0,3.0,4,7,10,False,118,
2022-05-19,2022-05-18,2022,133,200,16,24,.400,9.0,5.0,5,9,12,False,115,
2022-05-19,2022-05-18,2022,121,204,25,14,.641,-,-,1,,2,False,-,119
2022-05-19,2022-05-18,2022,143,204,18,19,.486,6.0,2.0,2,4,7,False,119,
2022-05-19,2022-05-18,2022,146,204,17,20,.459,7.0,3.0,3,7,10,False,118,
2022-05-19,2022-05-18,2022,144,204,17,21,.447,7.5,3.5,4,8,11,False,117,
2022-05-19,2022-05-18,2022,120,204,13,26,.333,12.0,8.0,5,11,14,False,112,
2022-05-19,2022-05-18,2022,158,205,24,14,.632,-,-,1,,3,False,-,122
2022-05-19,2022-05-18,2022,138,205,20,17,.541,3.5,-,2,3,6,False,122,
2022-05-19,2022-05-18,2022,134,205,16,21,.432,7.5,4.0,3,9,12,False,118,
2022-05-19,2022-05-18,2022,112,205,15,21,.417,8.0,4.5,4,10,13,False,118,
2022-05-19,2022-05-18,2022,113,205,10,26,.278,13.0,9.5,5,12,15,False,113,
2022-05-19,2022-05-18,2022,119,203,25,12,.676,-,-,1,,1,False,-,124
2022-05-19,2022-05-18,2022,135,203,23,14,.622,2.0,+3.0,2,1,4,False,124,
2022-05-19,2022-05-18,2022,137,203,22,15,.595,3.0,+2.0,3,2,5,False,123,
2022-05-19,2022-05-18,2022,115,203,18,19,.486,7.0,2.0,4,5,8,False,119,
2022-05-19,2022-05-18,2022,109,203,18,21,.462,8.0,3.0,5,6,9,False,117,
2022-05-20,2022-05-19,2022,147,201,28,10,.737,-,-,1,,1,False,-,120
2022-05-20,2022-05-19,2022,139,201,23,15,.605,5.0,+3.0,2,1,3,False,120,
2022-05-20,2022-05-19,2022,141,201,20,18,.526,8.0,-,3,3,6,False,117,
2022-05-20,2022-05-19,2022,111,201,16,22,.421,12.0,4.0,4,8,11,False,113,
2022-05-20,2022-05-19,2022,110,201,15,24,.385,13.5,5.5,5,10,13,False,111,
2022-05-20,2022-05-19,2022,142,202,22,16,.579,-,-,1,,5,False,-,122
2022-05-20,2022-05-19,2022,145,202,19,19,.500,3.0,1.0,2,4,7,False,122,
2022-05-20,2022-05-19,2022,114,202,16,19,.457,4.5,2.5,3,6,9,False,122,
2022-05-20,2022-05-19,2022,118,202,14,23,.378,7.5,5.5,4,11,14,False,118,
2022-05-20,2022-05-19,2022,116,202,13,25,.342,9.0,7.0,5,12,15,False,116,
2022-05-20,2022-05-19,2022,117,200,25,14,.641,-,-,1,,2,False,-,122
2022-05-20,2022-05-19,2022,108,200,24,16,.600,1.5,+3.0,2,2,4,False,122,
2022-05-20,2022-05-19,2022,140,200,17,20,.459,7.0,2.5,3,5,8,False,118,
2022-05-20,2022-05-19,2022,136,200,17,22,.436,8.0,3.5,4,7,10,False,116,
2022-05-20,2022-05-19,2022,133,200,16,24,.400,9.5,5.0,5,9,12,False,114,
2022-05-20,2022-05-19,2022,121,204,26,14,.650,-,-,1,,2,False,-,117
2022-05-20,2022-05-19,2022,143,204,18,20,.474,7.0,2.0,2,6,9,False,117,
2022-05-20,2022-05-19,2022,146,204,17,20,.459,7.5,2.5,3,7,10,False,117,
2022-05-20,2022-05-19,2022,144,204,17,21,.447,8.0,3.0,4,8,11,False,116,
2022-05-20,2022-05-19,2022,120,204,13,26,.333,12.5,7.5,5,11,14,False,111,
2022-05-20,2022-05-19,2022,158,205,24,14,.632,-,-,1,,3,False,-,121
2022-05-20,2022-05-19,2022,138,205,20,18,.526,4.0,-,2,3,6,False,121,
2022-05-20,2022-05-19,2022,134,205,16,21,.432,7.5,3.5,3,9,12,False,118,
2022-05-20,2022-05-19,2022,112,205,15,22,.405,8.5,4.5,4,10,13,False,117,
2022-05-20,2022-05-19,2022,113,205,11,26,.297,12.5,8.5,5,12,15,False,113,
2022-05-20,2022-05-19,2022,119,203,25,12,.676,-,-,1,,1,False,-,124
2022-05-20,2022-05-19,2022,135,203,24,14,.632,1.5,+4.0,2,1,4,False,124,
2022-05-20,2022-05-19,2022,137,203,22,15,.595,3.0,+2.5,3,2,5,False,123,
2022-05-20,2022-05-19,2022,115,203,18,19,.486,7.0,1.5,4,4,7,False,119,
2022-05-20,2022-05-19,2022,109,203,19,21,.475,7.5,2.0,5,5,8,False,117,
2022-05-21,2022-05-20,2022,147,201,28,10,.737,-,-,1,,1,False,-,119
2022-05-21,2022-05-20,2022,139,201,23,16,.590,5.5,+2.0,2,1,4,False,119,
2022-05-21,2022-05-20,2022,141,201,21,18,.538,7.5,-,3,3,6,False,117,
2022-05-21,2022-05-20,2022,111,201,17,22,.436,11.5,4.0,4,7,10,False,113,
2022-05-21,2022-05-20,2022,110,201,16,24,.400,13.0,5.5,5,10,13,False,111,
2022-05-21,2022-05-20,2022,142,202,23,16,.590,-,-,1,,3,False,-,121
2022-05-21,2022-05-20,2022,145,202,19,19,.500,3.5,1.5,2,4,7,False,121,
2022-05-21,2022-05-20,2022,114,202,17,19,.472,4.5,2.5,3,6,9,False,121,
2022-05-21,2022-05-20,2022,118,202,14,24,.368,8.5,6.5,4,11,14,False,116,
2022-05-21,2022-05-20,2022,116,202,13,26,.333,10.0,8.0,5,12,15,False,114,
2022-05-21,2022-05-20,2022,117,200,25,15,.625,-,-,1,,2,False,-,121
2022-05-21,2022-05-20,2022,108,200,24,17,.585,1.5,+2.0,2,2,5,False,121,
2022-05-21,2022-05-20,2022,140,200,18,20,.474,6.0,2.5,3,5,8,False,118,
2022-05-21,2022-05-20,2022,136,200,17,23,.425,8.0,4.5,4,8,11,False,115,
2022-05-21,2022-05-20,2022,133,200,17,24,.415,8.5,5.0,5,9,12,False,114,
2022-05-21,2022-05-20,2022,121,204,26,14,.650,-,-,1,,2,False,-,116
2022-05-21,2022-05-20,2022,144,204,18,21,.462,7.5,3.0,2,6,9,False,116,
2022-05-21,2022-05-20,2022,143,204,18,21,.462,7.5,3.0,3,7,10,False,116,
2022-05-21,2022-05-20,2022,146,204,17,21,.447,8.0,3.5,4,8,11,False,116,
2022-05-21,2022-05-20,2022,120,204,13,27,.325,13.0,8.5,5,11,14,False,110,
2022-05-21,2022-05-20,2022,158,205,25,14,.641,-,-,1,,3,False,-,120
2022-05-21,2022-05-20,2022,138,205,21,18,.538,4.0,-,2,3,6,False,120,
2022-05-21,2022-05-20,2022,134,205,16,22,.421,8.5,4.5,3,9,12,False,116,
2022-05-21,2022-05-20,2022,112,205,15,23,.395,9.5,5.5,4,10,13,False,115,
2022-05-21,2022-05-20,2022,113,205,11,27,.289,13.5,9.5,5,12,15,False,111,
2022-05-21,2022-05-20,2022,119,203,26,12,.684,-,-,1,,1,False,-,123
2022-05-21,2022-05-20,2022,135,203,25,14,.641,1.5,+4.0,2,1,4,False,123,
2022-05-21,2022-05-20,2022,137,203,22,16,.579,4.0,+1.5,3,2,5,False,121,
2022-05-21,2022-05-20,2022,109,203,20,21,.488,7.5,2.0,4,4,7,False,116,
2022-05-21,2022-05-20,2022,115,203,18,19,.486,7.5,2.0,5,5,8,False,118,
2022-05-22,2022-05-21,2022,147,201,29,10,.744,-,-,1,,1,False,-,118
2022-05-22,2022-05-21,2022,139,201,24,16,.600,5.5,+2.0,2,1,4,False,118,
2022-05-22,2022-05-21,2022,141,201,22,18,.550,7.5,-,3,3,6,False,116,
2022-05-22,2022-05-21,2022,111,201,18,22,.450,11.5,4.0,4,7,10,False,112,
2022-05-22,2022-05-21,2022,110,201,16,25,.390,14.0,6.5,5,10,13,False,109,
2022-05-22,2022-05-21,2022,142,202,24,16,.600,-,-,1,,3,False,-,119
2022-05-22,2022-05-21,2022,145,202,19,20,.487,4.5,2.5,2,4,7,False,119,
2022-05-22,2022-05-21,2022,114,202,17,19,.472,5.0,3.0,3,5,8,False,120,
2022-05-22,2022-05-21,2022,118,202,14,25,.359,9.5,7.5,4,11,14,False,114,
2022-05-22,2022-05-21,2022,116,202,13,26,.333,10.5,8.5,5,12,15,False,113,
2022-05-22,2022-05-21,2022,117,200,26,15,.634,-,-,1,,2,False,-,120
2022-05-22,2022-05-21,2022,108,200,25,17,.595,1.5,+2.0,2,2,5,False,120,
2022-05-22,2022-05-21,2022,140,200,18,21,.462,7.0,3.5,3,6,9,False,116,
2022-05-22,2022-05-21,2022,136,200,17,24,.415,9.0,5.5,4,8,11,False,113,
2022-05-22,2022-05-21,2022,133,200,17,25,.405,9.5,6.0,5,9,12,False,112,
2022-05-22,2022-05-21,2022,121,204,27,15,.643,-,-,1,,4,False,-,115
2022-05-22,2022-05-21,2022,144,204,19,21,.475,7.0,3.0,2,6,9,False,115,
2022-05-22,2022-05-21,2022,143,204,18,22,.450,8.0,4.0,3,7,10,False,114,
2022-05-22,2022-05-21,2022,146,204,17,22,.436,8.5,4.5,4,8,11,False,114,
2022-05-22,2022-05-21,2022,120,204,13,28,.317,13.5,9.5,5,11,14,False,108,
2022-05-22,2022-05-21,2022,158,205,26,14,.650,-,-,1,,2,False,-,119
2022-05-22,2022-05-21,2022,138,205,22,18,.550,4.0,-,2,3,6,False,119,
2022-05-22,2022-05-21,2022,134,205,16,23,.410,9.5,5.5,3,9,12,False,114,
2022-05-22,2022-05-21,2022,112,205,15,24,.385,10.5,6.5,4,10,13,False,113,
2022-05-22,2022-05-21,2022,113,205,11,28,.282,14.5,10.5,5,12,15,False,109,
2022-05-22,2022-05-21,2022,119,203,27,12,.692,-,-,1,,1,False,-,122
2022-05-22,2022-05-21,2022,135,203,26,14,.650,1.5,+4.0,2,1,3,False,122,
2022-05-22,2022-05-21,2022,137,203,22,17,.564,5.0,+0.5,3,2,5,False,119,
2022-05-22,2022-05-21,2022,109,203,21,21,.500,7.5,2.0,4,4,7,False,115,
2022-05-22,2022-05-21,2022,115,203,19,20,.487,8.0,2.5,5,5,8,False,116,
2022-05-23,2022-05-22,2022,147,201,29,12,.707,-,-,1,,1,False,-,117
2022-05-23,2022-05-22,2022,139,201,24,17,.585,5.0,+2.0,2,2,5,False,117,
2022-05-23,2022-05-22,2022,141,201,22,19,.537,7.0,-,3,3,6,False,115,
2022-05-23,2022-05-22,2022,111,201,19,22,.463,10.0,3.0,4,5,8,False,112,
2022-05-23,2022-05-22,2022,110,201,17,25,.405,12.5,5.5,5,9,12,False,109,
2022-05-23,2022-05-22,2022,142,202,25,16,.610,-,-,1,,3,False,-,118
2022-05-23,2022-05-22,2022,145,202,21,20,.512,4.0,1.0,2,4,7,False,118,
2022-05-23,2022-05-22,2022,114,202,17,20,.459,6.0,3.0,3,6,9,False,118,
2022-05-23,2022-05-22,2022,116,202,14,26,.350,10.5,7.5,4,11,14,False,112,
2022-05-23,2022-05-22,2022,118,202,14,26,.350,10.5,7.5,5,12,15,False,112,
2022-05-23,2022-05-22,2022,117,200,27,15,.643,-,-,1,,2,False,-,119
2022-05-23,2022-05-22,2022,108,200,26,17,.605,1.5,+3.0,2,1,4,False,119,
2022-05-23,2022-05-22,2022,140,200,18,22,.450,8.0,3.5,3,7,10,False,114,
2022-05-23,2022-05-22,2022,136,200,17,25,.405,10.0,5.5,4,8,11,False,111,
2022-05-23,2022-05-22,2022,133,200,17,26,.395,10.5,6.0,5,10,13,False,110,
2022-05-23,2022-05-22,2022,121,204,28,15,.651,-,-,1,,3,False,-,113
2022-05-23,2022-05-22,2022,144,204,19,22,.463,8.0,3.5,2,6,9,False,113,
2022-05-23,2022-05-22,2022,143,204,19,22,.463,8.0,3.5,3,7,10,False,113,
2022-05-23,2022-05-22,2022,146,204,18,22,.450,8.5,4.0,4,8,11,False,113,
2022-05-23,2022-05-22,2022,120,204,14,28,.333,13.5,9.0,5,11,14,False,107,
2022-05-23,2022-05-22,2022,158,205,26,15,.634,-,-,1,,4,False,-,119
2022-05-23,2022-05-22,2022,138,205,23,18,.561,3.0,+0.5,2,2,5,False,119,
2022-05-23,2022-05-22,2022,134,205,16,24,.400,9.5,6.0,3,9,12,False,113,
2022-05-23,2022-05-22,2022,112,205,16,24,.400,9.5,6.0,4,10,13,False,113,
2022-05-23,2022-05-22,2022,113,205,12,28,.300,13.5,10.0,5,12,15,False,109,
2022-05-23,2022-05-22,2022,119,203,27,13,.675,-,-,1,,1,False,-,122
2022-05-23,2022-05-22,2022,135,203,27,14,.659,0.5,+4.5,2,1,2,False,122,
2022-05-23,2022-05-22,2022,137,203,22,18,.550,5.0,-,3,3,6,False,118,
2022-05-23,2022-05-22,2022,109,203,21,22,.488,7.5,2.5,4,4,7,False,114,
2022-05-23,2022-05-22,2022,115,203,19,21,.475,8.0,3.0,5,5,8,False,115,
2022-05-24,2022-05-23,2022,147,201,29,13,.690,-,-,1,,1,False,-,117
2022-05-24,2022-05-23,2022,139,201,24,17,.585,4.5,+2.5,2,2,5,False,117,
2022-05-24,2022-05-23,2022,141,201,22,20,.524,7.0,-,3,3,6,False,114,
2022-05-24,2022-05-23,2022,111,201,19,22,.463,9.5,2.5,4,6,9,False,112,
2022-05-24,2022-05-23,2022,110,201,18,25,.419,11.5,4.5,5,9,12,False,109,
2022-05-24,2022-05-23,2022,142,202,26,16,.619,-,-,1,,3,False,-,117
2022-05-24,2022-05-23,2022,145,202,21,20,.512,4.5,0.5,2,4,7,False,117,
2022-05-24,2022-05-23,2022,114,202,18,20,.474,6.0,2.0,3,5,8,False,117,
2022-05-24,2022-05-23,2022,116,202,14,27,.341,11.5,7.5,4,11,14,False,110,
2022-05-24,2022-05-23,2022,118,202,14,27,.341,11.5,7.5,5,12,15,False,110,
2022-05-24,2022-05-23,2022,117,200,27,16,.628,-,-,1,,2,False,-,119
2022-05-24,2022-05-23,2022,108,200,26,17,.605,1.0,+3.5,2,1,4,False,119,
2022-05-24,2022-05-23,2022,140,200,18,22,.450,7.5,3.0,3,7,10,False,114,
2022-05-24,2022-05-23,2022,136,200,18,25,.419,9.0,4.5,4,8,11,False,111,
2022-05-24,2022-05-23,2022,133,200,17,27,.386,10.5,6.0,5,10,13,False,109,
2022-05-24,2022-05-23,2022,121,204,29,15,.659,-,-,1,,3,False,-,112
2022-05-24,2022-05-23,2022,143,204,20,22,.476,8.0,2.5,2,5,8,False,112,
2022-05-24,2022-05-23,2022,144,204,19,23,.452,9.0,3.5,3,7,10,False,111,
2022-05-24,2022-05-23,2022,146,204,18,22,.450,9.0,3.5,4,8,11,False,112,
2022-05-24,2022-05-23,2022,120,204,14,29,.326,14.5,9.0,5,11,14,False,105,
2022-05-24,2022-05-23,2022,158,205,26,16,.619,-,-,1,,4,False,-,119
2022-05-24,2022-05-23,2022,138,205,24,18,.571,2.0,+1.5,2,2,5,False,119,
2022-05-24,2022-05-23,2022,134,205,17,24,.415,8.5,5.0,3,9,12,False,113,
2022-05-24,2022-05-23,2022,112,205,17,24,.415,8.5,5.0,4,10,13,False,113,
2022-05-24,2022-05-23,2022,113,205,12,29,.293,13.5,10.0,5,12,15,False,108,
2022-05-24,2022-05-23,2022,119,203,28,13,.683,-,-,1,,1,False,-,121
2022-05-24,2022-05-23,2022,135,203,28,14,.667,0.5,+5.5,2,1,2,False,121,
2022-05-24,2022-05-23,2022,137,203,22,19,.537,6.0,-,3,3,6,False,116,
2022-05-24,2022-05-23,2022,109,203,22,22,.500,7.5,1.5,4,4,7,False,113,
2022-05-24,2022-05-23,2022,115,203,19,22,.463,9.0,3.0,5,6,9,False,113,
2022-05-25,2022-05-24,2022,147,201,30,13,.698,-,-,1,,1,False,-,116
2022-05-25,2022-05-24,2022,139,201,25,17,.595,4.5,+2.5,2,2,5,False,116,
2022-05-25,2022-05-24,2022,141,201,23,20,.535,7.0,-,3,3,6,False,113,
2022-05-25,2022-05-24,2022,111,201,20,22,.476,9.5,2.5,4,5,8,False,111,
2022-05-25,2022-05-24,2022,110,201,18,26,.409,12.5,5.5,5,9,12,False,107,
2022-05-25,2022-05-24,2022,142,202,27,16,.628,-,-,1,,3,False,-,115
2022-05-25,2022-05-24,2022,145,202,21,21,.500,5.5,1.5,2,4,7,False,115,
2022-05-25,2022-05-24,2022,114,202,18,21,.462,7.0,3.0,3,6,9,False,115,
2022-05-25,2022-05-24,2022,116,202,14,28,.333,12.5,8.5,4,11,14,False,108,
2022-05-25,2022-05-24,2022,118,202,14,28,.333,12.5,8.5,5,12,15,False,108,
2022-05-25,2022-05-24,2022,117,200,28,16,.636,-,-,1,,2,False,-,118
2022-05-25,2022-05-24,2022,108,200,27,17,.614,1.0,+3.5,2,1,4,False,118,
2022-05-25,2022-05-24,2022,140,200,18,23,.439,8.5,4.0,3,7,10,False,112,
2022-05-25,2022-05-24,2022,136,200,18,26,.409,10.0,5.5,4,8,11,False,109,
2022-05-25,2022-05-24,2022,133,200,18,27,.400,10.5,6.0,5,10,13,False,108,
2022-05-25,2022-05-24,2022,121,204,29,16,.644,-,-,1,,3,False,-,111
2022-05-25,2022-05-24,2022,144,204,20,23,.465,8.0,3.5,2,6,9,False,111,
2022-05-25,2022-05-24,2022,143,204,20,23,.465,8.0,3.5,3,7,10,False,111,
2022-05-25,2022-05-24,2022,146,204,18,23,.439,9.0,4.5,4,8,11,False,111,
2022-05-25,2022-05-24,2022,120,204,14,30,.318,14.5,10.0,5,11,14,False,104,
2022-05-25,2022-05-24,2022,158,205,27,16,.628,-,-,1,,4,False,-,117
2022-05-25,2022-05-24,2022,138,205,24,19,.558,3.0,+0.5,2,2,5,False,117,
2022-05-25,2022-05-24,2022,112,205,18,24,.429,8.5,5.0,3,9,12,False,112,
2022-05-25,2022-05-24,2022,134,205,17,25,.405,9.5,6.0,4,10,13,False,111,
2022-05-25,2022-05-24,2022,113,205,12,30,.286,14.5,11.0,5,12,15,False,106,
2022-05-25,2022-05-24,2022,119,203,29,13,.690,-,-,1,,1,False,-,119
2022-05-25,2022-05-24,2022,135,203,28,15,.651,1.5,+4.5,2,1,2,False,119,
2022-05-25,2022-05-24,2022,137,203,23,19,.548,6.0,-,3,3,6,False,115,
2022-05-25,2022-05-24,2022,109,203,23,22,.511,7.5,1.5,4,4,7,False,112,
2022-05-25,2022-05-24,2022,115,203,20,22,.476,9.0,3.0,5,5,8,False,112,
2022-05-26,2022-05-25,2022,147,201,31,13,.705,-,-,1,,1,False,-,115
2022-05-26,2022-05-25,2022,139,201,26,17,.605,4.5,+3.0,2,1,4,False,115,
2022-05-26,2022-05-25,2022,141,201,23,20,.535,7.5,-,3,3,6,False,112,
2022-05-26,2022-05-25,2022,111,201,20,23,.465,10.5,3.0,4,5,8,False,109,
2022-05-26,2022-05-25,2022,110,201,18,27,.400,13.5,6.0,5,10,13,False,105,
2022-05-26,2022-05-25,2022,142,202,27,17,.614,-,-,1,,3,False,-,115
2022-05-26,2022-05-25,2022,145,202,22,21,.512,4.5,1.0,2,4,7,False,115,
2022-05-26,2022-05-25,2022,114,202,18,22,.450,7.0,3.5,3,7,10,False,114,
2022-05-26,2022-05-25,2022,116,202,15,28,.349,11.5,8.0,4,11,14,False,108,
2022-05-26,2022-05-25,2022,118,202,14,28,.333,12.0,8.5,5,12,15,False,108,
2022-05-26,2022-05-25,2022,117,200,29,16,.644,-,-,1,,2,False,-,116
2022-05-26,2022-05-25,2022,108,200,27,18,.600,2.0,+3.0,2,2,5,False,116,
2022-05-26,2022-05-25,2022,140,200,19,23,.452,8.5,3.5,3,6,9,False,111,
2022-05-26,2022-05-25,2022,133,200,19,27,.413,10.5,5.5,4,8,11,False,107,
2022-05-26,2022-05-25,2022,136,200,18,27,.400,11.0,6.0,5,9,12,False,107,
2022-05-26,2022-05-25,2022,121,204,29,17,.630,-,-,1,,4,False,-,111
2022-05-26,2022-05-25,2022,144,204,21,23,.477,7.0,3.5,2,5,8,False,111,
2022-05-26,2022-05-25,2022,143,204,20,24,.455,8.0,4.5,3,7,10,False,110,
2022-05-26,2022-05-25,2022,146,204,18,24,.429,9.0,5.5,4,8,11,False,110,
2022-05-26,2022-05-25,2022,120,204,15,30,.333,13.5,10.0,5,11,14,False,104,
2022-05-26,2022-05-25,2022,158,205,28,16,.636,-,-,1,,2,False,-,116
2022-05-26,2022-05-25,2022,138,205,24,19,.558,3.5,-,2,2,5,False,116,
2022-05-26,2022-05-25,2022,134,205,18,25,.419,9.5,6.0,3,9,12,False,110,
2022-05-26,2022-05-25,2022,112,205,18,25,.419,9.5,6.0,4,10,13,False,110,
2022-05-26,2022-05-25,2022,113,205,13,30,.302,14.5,11.0,5,12,15,False,105,
2022-05-26,2022-05-25,2022,119,203,29,14,.674,-,-,1,,1,False,-,118
2022-05-26,2022-05-25,2022,135,203,28,16,.636,1.5,+3.5,2,1,3,False,118,
2022-05-26,2022-05-25,2022,137,203,24,19,.558,5.0,-,3,3,6,False,115,
2022-05-26,2022-05-25,2022,109,203,23,22,.511,7.0,2.0,4,4,7,False,112,
2022-05-26,2022-05-25,2022,115,203,20,23,.465,9.0,4.0,5,6,9,False,111,
2022-05-27,2022-05-26,2022,147,201,32,13,.711,-,-,1,,1,False,-,113
2022-05-27,2022-05-26,2022,139,201,26,18,.591,5.5,+2.0,2,1,4,False,113,
2022-05-27,2022-05-26,2022,141,201,24,20,.545,7.5,-,3,3,6,False,111,
2022-05-27,2022-05-26,2022,111,201,21,23,.477,10.5,3.0,4,5,8,False,108,
2022-05-27,2022-05-26,2022,110,201,18,27,.400,14.0,6.5,5,10,13,False,104,
2022-05-27,2022-05-26,2022,142,202,27,18,.600,-,-,1,,3,False,-,114
2022-05-27,2022-05-26,2022,145,202,22,22,.500,4.5,2.0,2,4,7,False,114,
2022-05-27,2022-05-26,2022,114,202,18,23,.439,7.0,4.5,3,7,10,False,113,
2022-05-27,2022-05-26,2022,116,202,16,28,.364,10.5,8.0,4,11,14,False,108,
2022-05-27,2022-05-26,2022,118,202,15,28,.349,11.0,8.5,5,12,15,False,108,
2022-05-27,2022-05-26,2022,117,200,29,16,.644,-,-,1,,2,False,-,115
2022-05-27,2022-05-26,2022,108,200,27,19,.587,2.5,+2.0,2,2,5,False,115,
2022-05-27,2022-05-26,2022,140,200,20,23,.465,8.0,3.5,3,6,9,False,111,
2022-05-27,2022-05-26,2022,133,200,19,28,.404,11.0,6.5,4,8,11,False,106,
2022-05-27,2022-05-26,2022,136,200,18,27,.400,11.0,6.5,5,9,12,False,107,
2022-05-27,2022-05-26,2022,121,204,29,17,.630,-,-,1,,4,False,-,110
2022-05-27,2022-05-26,2022,144,204,21,24,.467,7.5,3.5,2,5,8,False,110,
2022-05-27,2022-05-26,2022,143,204,21,24,.467,7.5,3.5,3,6,9,False,110,
2022-05-27,2022-05-26,2022,146,204,18,24,.429,9.0,5.0,4,8,11,False,110,
2022-05-27,2022-05-26,2022,120,204,16,30,.348,13.0,9.0,5,11,14,False,104,
2022-05-27,2022-05-26,2022,158,205,29,16,.644,-,-,1,,2,False,-,114
2022-05-27,2022-05-26,2022,138,205,24,20,.545,4.5,-,2,3,6,False,114,
2022-05-27,2022-05-26,2022,134,205,18,25,.419,10.0,5.5,3,9,12,False,109,
2022-05-27,2022-05-26,2022,112,205,18,26,.409,10.5,6.0,4,10,13,False,108,
2022-05-27,2022-05-26,2022,113,205,14,30,.318,14.5,10.0,5,12,15,False,104,
2022-05-27,2022-05-26,2022,119,203,30,14,.682,-,-,1,,1,False,-,117
2022-05-27,2022-05-26,2022,135,203,28,16,.636,2.0,+4.0,2,1,3,False,117,
2022-05-27,2022-05-26,2022,137,203,24,19,.558,5.5,+0.5,3,2,5,False,114,
2022-05-27,2022-05-26,2022,109,203,23,23,.500,8.0,2.0,4,4,7,False,110,
2022-05-27,2022-05-26,2022,115,203,20,24,.455,10.0,4.0,5,7,10,False,109,
2022-05-28,2022-05-27,2022,147,201,33,13,.717,-,-,1,,1,False,-,111
2022-05-28,2022-05-27,2022,139,201,26,19,.578,6.5,+1.0,2,1,4,False,111,
2022-05-28,2022-05-27,2022,141,201,25,20,.556,7.5,-,3,3,6,False,110,
2022-05-28,2022-05-27,2022,111,201,21,24,.467,11.5,4.0,4,6,9,False,106,
2022-05-28,2022-05-27,2022,110,201,19,27,.413,14.0,6.5,5,9,12,False,103,
2022-05-28,2022-05-27,2022,142,202,28,18,.609,-,-,1,,3,False,-,113
2022-05-28,2022-05-27,2022,145,202,22,22,.500,5.0,2.5,2,4,7,False,113,
2022-05-28,2022-05-27,2022,114,202,18,23,.439,7.5,5.0,3,7,10,False,112,
2022-05-28,2022-05-27,2022,116,202,16,28,.364,11.0,8.5,4,11,14,False,107,
2022-05-28,2022-05-27,2022,118,202,15,29,.341,12.0,9.5,5,12,15,False,106,
2022-05-28,2022-05-27,2022,117,200,29,17,.630,-,-,1,,2,False,-,114
2022-05-28,2022-05-27,2022,108,200,27,20,.574,2.5,+1.0,2,2,5,False,114,
2022-05-28,2022-05-27,2022,140,200,21,23,.477,7.0,3.5,3,5,8,False,111,
2022-05-28,2022-05-27,2022,136,200,19,27,.413,10.0,6.5,4,8,11,False,107,
2022-05-28,2022-05-27,2022,133,200,19,29,.396,11.0,7.5,5,10,13,False,105,
2022-05-28,2022-05-27,2022,121,204,30,17,.638,-,-,1,,3,False,-,109
2022-05-28,2022-05-27,2022,144,204,22,24,.478,7.5,3.0,2,5,8,False,109,
2022-05-28,2022-05-27,2022,143,204,21,25,.457,8.5,4.0,3,6,9,False,108,
2022-05-28,2022-05-27,2022,146,204,18,25,.419,10.0,5.5,4,8,11,False,108,
2022-05-28,2022-05-27,2022,120,204,16,30,.348,13.5,9.0,5,11,14,False,103,
2022-05-28,2022-05-27,2022,158,205,29,17,.630,-,-,1,,4,False,-,114
2022-05-28,2022-05-27,2022,138,205,25,20,.556,3.5,+0.5,2,2,5,False,114,
2022-05-28,2022-05-27,2022,134,205,18,26,.409,10.0,6.0,3,9,12,False,108,
2022-05-28,2022-05-27,2022,112,205,18,26,.409,10.0,6.0,4,10,13,False,108,
2022-05-28,2022-05-27,2022,113,205,15,30,.333,13.5,9.5,5,12,15,False,104,
2022-05-28,2022-05-27,2022,119,203,31,14,.689,-,-,1,,1,False,-,116
2022-05-28,2022-05-27,2022,135,203,29,16,.644,2.0,+4.5,2,1,2,False,116,
2022-05-28,2022-05-27,2022,137,203,24,20,.545,6.5,-,3,3,6,False,112,
2022-05-28,2022-05-27,2022,109,203,23,24,.489,9.0,2.5,4,4,7,False,108,
2022-05-28,2022-05-27,2022,115,203,20,24,.455,10.5,4.0,5,7,10,False,108,
2022-05-29,2022-05-28,2022,147,201,33,14,.702,-,-,1,,1,False,-,111
2022-05-29,2022-05-28,2022,139,201,27,19,.587,5.5,+1.0,2,1,4,False,111,
2022-05-29,2022-05-28,2022,141,201,26,20,.565,6.5,-,3,2,5,False,110,
2022-05-29,2022-05-28,2022,111,201,22,25,.468,11.0,4.5,4,6,9,False,105,
2022-05-29,2022-05-28,2022,110,201,20,28,.417,13.5,7.0,5,9,12,False,102,
2022-05-29,2022-05-28,2022,142,202,28,19,.596,-,-,1,,3,False,-,112
2022-05-29,2022-05-28,2022,145,202,22,23,.489,5.0,3.5,2,5,8,False,112,
2022-05-29,2022-05-28,2022,114,202,19,23,.452,6.5,5.0,3,7,10,False,112,
2022-05-29,2022-05-28,2022,116,202,16,29,.356,11.0,9.5,4,11,14,False,106,
2022-05-29,2022-05-28,2022,118,202,16,29,.356,11.0,9.5,5,12,15,False,106,
2022-05-29,2022-05-28,2022,117,200,29,18,.617,-,-,1,,2,False,-,113
2022-05-29,2022-05-28,2022,108,200,27,21,.563,2.5,-,2,3,6,False,113,
2022-05-29,2022-05-28,2022,140,200,22,23,.489,6.0,3.5,3,4,7,False,111,
2022-05-29,2022-05-28,2022,136,200,20,27,.426,9.0,6.5,4,8,11,False,107,
2022-05-29,2022-05-28,2022,133,200,19,30,.388,11.0,8.5,5,10,13,False,104,
2022-05-29,2022-05-28,2022,121,204,31,17,.646,-,-,1,,2,False,-,107
2022-05-29,2022-05-28,2022,144,204,22,25,.468,8.5,3.0,2,5,8,False,107,
2022-05-29,2022-05-28,2022,143,204,21,26,.447,9.5,4.0,3,7,10,False,106,
2022-05-29,2022-05-28,2022,146,204,19,25,.432,10.0,4.5,4,8,11,False,107,
2022-05-29,2022-05-28,2022,120,204,17,31,.354,14.0,8.5,5,11,14,False,101,
2022-05-29,2022-05-28,2022,158,205,29,18,.617,-,-,1,,4,False,-,114
2022-05-29,2022-05-28,2022,138,205,26,20,.565,2.5,+1.5,2,2,5,False,114,
2022-05-29,2022-05-28,2022,134,205,19,26,.422,9.0,5.0,3,9,12,False,108,
2022-05-29,2022-05-28,2022,112,205,19,26,.422,9.0,5.0,4,10,13,False,108,
2022-05-29,2022-05-28,2022,113,205,16,30,.348,12.5,8.5,5,12,15,False,104,
2022-05-29,2022-05-28,2022,119,203,32,14,.696,-,-,1,,1,False,-,114
2022-05-29,2022-05-28,2022,135,203,29,17,.630,3.0,+4.5,2,1,3,False,114,
2022-05-29,2022-05-28,2022,137,203,24,21,.533,7.5,-,3,3,6,False,110,
2022-05-29,2022-05-28,2022,109,203,23,25,.479,10.0,2.5,4,4,7,False,106,
2022-05-29,2022-05-28,2022,115,203,21,25,.457,11.0,3.5,5,6,9,False,106,
2022-05-30,2022-05-29,2022,147,201,33,15,.688,-,-,1,,1,False,-,111
2022-05-30,2022-05-29,2022,139,201,28,19,.596,4.5,+2.0,2,1,4,False,111,
2022-05-30,2022-05-29,2022,141,201,27,20,.574,5.5,+1.0,3,2,5,False,110,
2022-05-30,2022-05-29,2022,111,201,23,25,.479,10.0,3.5,4,5,8,False,105,
2022-05-30,2022-05-29,2022,110,201,20,29,.408,13.5,7.0,5,9,12,False,101,
2022-05-30,2022-05-29,2022,142,202,29,19,.604,-,-,1,,3,False,-,111
2022-05-30,2022-05-29,2022,145,202,23,23,.500,5.0,2.5,2,4,7,False,111,
2022-05-30,2022-05-29,2022,114,202,19,24,.442,7.5,5.0,3,7,10,False,110,
2022-05-30,2022-05-29,2022,116,202,17,29,.370,11.0,8.5,4,11,14,False,105,
2022-05-30,2022-05-29,2022,118,202,16,30,.348,12.0,9.5,5,12,15,False,104,
2022-05-30,2022-05-29,2022,117,200,30,18,.625,-,-,1,,2,False,-,111
2022-05-30,2022-05-29,2022,108,200,27,22,.551,3.5,-,2,3,6,False,111,
2022-05-30,2022-05-29,2022,140,200,22,24,.478,7.0,3.5,3,6,9,False,109,
2022-05-30,2022-05-29,2022,136,200,20,28,.417,10.0,6.5,4,8,11,False,105,
2022-05-30,2022-05-29,2022,133,200,20,30,.400,11.0,7.5,5,10,13,False,103,
2022-05-30,2022-05-29,2022,121,204,32,17,.653,-,-,1,,2,False,-,106
2022-05-30,2022-05-29,2022,144,204,23,25,.479,8.5,3.0,2,4,7,False,106,
2022-05-30,2022-05-29,2022,143,204,21,27,.438,10.5,5.0,3,7,10,False,104,
2022-05-30,2022-05-29,2022,146,204,19,26,.422,11.0,5.5,4,8,11,False,105,
2022-05-30,2022-05-29,2022,120,204,18,31,.367,14.0,8.5,5,11,14,False,100,
2022-05-30,2022-05-29,2022,158,205,30,18,.625,-,-,1,,4,False,-,112
2022-05-30,2022-05-29,2022,138,205,26,21,.553,3.5,+0.5,2,2,5,False,112,
2022-05-30,2022-05-29,2022,134,205,19,27,.413,10.0,6.0,3,9,12,False,106,
2022-05-30,2022-05-29,2022,112,205,19,27,.413,10.0,6.0,4,10,13,False,106,
2022-05-30,2022-05-29,2022,113,205,16,31,.340,13.5,9.5,5,12,15,False,102,
2022-05-30,2022-05-29,2022,119,203,33,14,.702,-,-,1,,1,False,-,113
2022-05-30,2022-05-29,2022,135,203,30,17,.638,3.0,+4.5,2,1,3,False,113,
2022-05-30,2022-05-29,2022,137,203,25,21,.543,7.5,-,3,3,6,False,109,
2022-05-30,2022-05-29,2022,109,203,23,26,.469,11.0,3.5,4,5,8,False,104,
2022-05-30,2022-05-29,2022,115,203,21,26,.447,12.0,4.5,5,6,9,False,104,
2022-05-31,2022-05-30,2022,147,201,33,15,.688,-,-,1,,1,False,-,110
2022-05-31,2022-05-30,2022,139,201,28,20,.583,5.0,+1.5,2,1,4,False,110,
2022-05-31,2022-05-30,2022,141,201,27,20,.574,5.5,+1.0,3,2,5,False,110,
2022-05-31,2022-05-30,2022,111,201,23,26,.469,10.5,4.0,4,6,9,False,104,
2022-05-31,2022-05-30,2022,110,201,21,29,.420,13.0,6.5,5,8,11,False,101,
2022-05-31,2022-05-30,2022,142,202,29,20,.592,-,-,1,,3,False,-,111
2022-05-31,2022-05-30,2022,145,202,23,23,.500,4.5,2.5,2,4,7,False,111,
2022-05-31,2022-05-30,2022,114,202,20,24,.455,6.5,4.5,3,7,10,False,110,
2022-05-31,2022-05-30,2022,116,202,18,29,.383,10.0,8.0,4,11,14,False,105,
2022-05-31,2022-05-30,2022,118,202,16,31,.340,12.0,10.0,5,12,15,False,103,
2022-05-31,2022-05-30,2022,117,200,31,18,.633,-,-,1,,2,False,-,110
2022-05-31,2022-05-30,2022,108,200,27,22,.551,4.0,-,2,3,6,False,110,
2022-05-31,2022-05-30,2022,140,200,23,24,.489,7.0,3.0,3,5,8,False,108,
2022-05-31,2022-05-30,2022,136,200,20,28,.417,10.5,6.5,4,9,12,False,104,
2022-05-31,2022-05-30,2022,133,200,20,31,.392,12.0,8.0,5,10,13,False,101,
2022-05-31,2022-05-30,2022,121,204,33,17,.660,-,-,1,,2,False,-,104
2022-05-31,2022-05-30,2022,144,204,23,26,.469,9.5,4.0,2,5,8,False,104,
2022-05-31,2022-05-30,2022,143,204,21,28,.429,11.5,6.0,3,7,10,False,102,
2022-05-31,2022-05-30,2022,146,204,19,27,.413,12.0,6.5,4,9,12,False,103,
2022-05-31,2022-05-30,2022,120,204,18,32,.360,15.0,9.5,5,11,14,False,98,
2022-05-31,2022-05-30,2022,158,205,32,18,.640,-,-,1,,3,False,-,110
2022-05-31,2022-05-30,2022,138,205,27,21,.563,4.0,+0.5,2,2,5,False,110,
2022-05-31,2022-05-30,2022,134,205,20,27,.426,10.5,6.0,3,8,11,False,104,
2022-05-31,2022-05-30,2022,112,205,19,29,.396,12.0,7.5,4,10,13,False,102,
2022-05-31,2022-05-30,2022,113,205,16,31,.340,14.5,10.0,5,12,15,False,100,
2022-05-31,2022-05-30,2022,119,203,33,15,.688,-,-,1,,1,False,-,112
2022-05-31,2022-05-30,2022,135,203,30,18,.625,3.0,+3.5,2,1,4,False,112,
2022-05-31,2022-05-30,2022,137,203,26,21,.553,6.5,-,3,3,6,False,109,
2022-05-31,2022-05-30,2022,109,203,24,26,.480,10.0,3.5,4,4,7,False,104,
2022-05-31,2022-05-30,2022,115,203,22,26,.458,11.0,4.5,5,6,9,False,104,
2022-06-01,2022-05-31,2022,147,201,34,15,.694,-,-,1,,1,False,-,109
2022-06-01,2022-05-31,2022,141,201,28,20,.583,5.5,+2.0,2,1,4,False,109,
2022-06-01,2022-05-31,2022,139,201,28,21,.571,6.0,+1.5,3,2,5,False,108,
2022-06-01,2022-05-31,2022,111,201,23,27,.460,11.5,4.0,4,7,10,False,102,
2022-06-01,2022-05-31,2022,110,201,21,30,.412,14.0,6.5,5,9,12,False,99,
2022-06-01,2022-05-31,2022,142,202,30,21,.588,-,-,1,,3,False,-,109
2022-06-01,2022-05-31,2022,145,202,23,24,.489,5.0,2.5,2,5,8,False,109,
2022-06-01,2022-05-31,2022,114,202,21,24,.467,6.0,3.5,3,6,9,False,109,
2022-06-01,2022-05-31,2022,116,202,19,30,.388,10.0,7.5,4,10,13,False,103,
2022-06-01,2022-05-31,2022,118,202,16,32,.333,12.5,10.0,5,12,15,False,101,
2022-06-01,2022-05-31,2022,117,200,32,18,.640,-,-,1,,2,False,-,108
2022-06-01,2022-05-31,2022,108,200,27,23,.540,5.0,-,2,3,6,False,108,
2022-06-01,2022-05-31,2022,140,200,24,24,.500,7.0,2.0,3,4,7,False,107,
2022-06-01,2022-05-31,2022,136,200,21,28,.429,10.5,5.5,4,8,11,False,103,
2022-06-01,2022-05-31,2022,133,200,20,32,.385,13.0,8.0,5,11,14,False,99,
2022-06-01,2022-05-31,2022,121,204,34,17,.667,-,-,1,,2,False,-,102
2022-06-01,2022-05-31,2022,144,204,23,27,.460,10.5,5.0,2,5,8,False,102,
2022-06-01,2022-05-31,2022,143,204,21,29,.420,12.5,7.0,3,8,11,False,100,
2022-06-01,2022-05-31,2022,146,204,19,27,.413,12.5,7.0,4,9,12,False,102,
2022-06-01,2022-05-31,2022,120,204,18,33,.353,16.0,10.5,5,12,15,False,96,
2022-06-01,2022-05-31,2022,158,205,32,19,.627,-,-,1,,3,False,-,110
2022-06-01,2022-05-31,2022,138,205,28,21,.571,3.0,+0.5,2,2,5,False,110,
2022-06-01,2022-05-31,2022,134,205,21,27,.438,9.5,6.0,3,7,10,False,104,
2022-06-01,2022-05-31,2022,112,205,20,29,.408,11.0,7.5,4,10,13,False,102,
2022-06-01,2022-05-31,2022,113,205,17,31,.354,13.5,10.0,5,11,14,False,100,
2022-06-01,2022-05-31,2022,119,203,33,16,.673,-,-,1,,1,False,-,111
2022-06-01,2022-05-31,2022,135,203,30,19,.612,3.0,+2.5,2,1,4,False,111,
2022-06-01,2022-05-31,2022,137,203,27,21,.563,5.5,-,3,3,6,False,109,
2022-06-01,2022-05-31,2022,109,203,25,26,.490,9.0,3.5,4,4,7,False,104,
2022-06-01,2022-05-31,2022,115,203,22,26,.458,10.5,5.0,5,6,9,False,104,
2022-06-02,2022-06-01,2022,147,201,34,15,.694,-,-,1,,1,False,-,109
2022-06-02,2022-06-01,2022,141,201,29,20,.592,5.0,+2.5,2,1,3,False,109,
2022-06-02,2022-06-01,2022,139,201,29,21,.580,5.5,+2.0,3,2,4,False,108,
2022-06-02,2022-06-01,2022,111,201,24,27,.471,11.0,3.5,4,7,10,False,102,
2022-06-02,2022-06-01,2022,110,201,22,30,.423,13.5,6.0,5,8,11,False,99,
2022-06-02,2022-06-01,2022,142,202,30,22,.577,-,-,1,,5,False,-,108
2022-06-02,2022-06-01,2022,145,202,23,25,.479,5.0,3.0,2,5,8,False,108,
2022-06-02,2022-06-01,2022,114,202,22,24,.478,5.0,3.0,3,6,9,False,109,
2022-06-02,2022-06-01,2022,116,202,20,30,.400,9.0,7.0,4,10,13,False,103,
2022-06-02,2022-06-01,2022,118,202,16,33,.327,12.5,10.5,5,12,15,False,100,
2022-06-02,2022-06-01,2022,117,200,33,18,.647,-,-,1,,2,False,-,107
2022-06-02,2022-06-01,2022,108,200,27,23,.540,5.5,-,2,3,6,False,107,
2022-06-02,2022-06-01,2022,140,200,24,25,.490,8.0,2.5,3,4,7,False,105,
2022-06-02,2022-06-01,2022,136,200,21,29,.420,11.5,6.0,4,9,12,False,101,
2022-06-02,2022-06-01,2022,133,200,20,33,.377,14.0,8.5,5,11,14,False,97,
2022-06-02,2022-06-01,2022,121,204,35,17,.673,-,-,1,,1,False,-,101
2022-06-02,2022-06-01,2022,144,204,24,27,.471,10.5,4.0,2,5,8,False,101,
2022-06-02,2022-06-01,2022,143,204,22,29,.431,12.5,6.0,3,8,11,False,99,
2022-06-02,2022-06-01,2022,146,204,20,28,.417,13.0,6.5,4,10,13,False,100,
2022-06-02,2022-06-01,2022,120,204,18,34,.346,17.0,10.5,5,12,15,False,94,
2022-06-02,2022-06-01,2022,158,205,32,20,.615,-,-,1,,3,False,-,110
2022-06-02,2022-06-01,2022,138,205,29,21,.580,2.0,+1.5,2,2,5,False,110,
2022-06-02,2022-06-01,2022,134,205,22,27,.449,8.5,5.0,3,7,10,False,104,
2022-06-02,2022-06-01,2022,112,205,21,29,.420,10.0,6.5,4,9,12,False,102,
2022-06-02,2022-06-01,2022,113,205,17,32,.347,13.5,10.0,5,11,14,False,99,
2022-06-02,2022-06-01,2022,119,203,33,17,.660,-,-,1,,2,False,-,110
2022-06-02,2022-06-01,2022,135,203,30,20,.600,3.0,+2.5,2,1,4,False,110,
2022-06-02,2022-06-01,2022,137,203,27,22,.551,5.5,-,3,3,6,False,108,
2022-06-02,2022-06-01,2022,109,203,25,27,.481,9.0,3.5,4,4,7,False,103,
2022-06-02,2022-06-01,2022,115,203,23,27,.460,10.0,4.5,5,6,9,False,103,
2022-06-03,2022-06-02,2022,147,201,36,15,.706,-,-,1,,1,False,-,107
2022-06-03,2022-06-02,2022,141,201,30,20,.600,5.5,+4.0,2,1,3,False,107,
2022-06-03,2022-06-02,2022,139,201,30,21,.588,6.0,+3.5,3,2,4,False,106,
2022-06-03,2022-06-02,2022,111,201,24,27,.471,12.0,2.5,4,6,9,False,100,
2022-06-03,2022-06-02,2022,110,201,22,31,.415,15.0,5.5,5,9,12,False,96,
2022-06-03,2022-06-02,2022,142,202,30,23,.566,-,-,1,,5,False,-,109
2022-06-03,2022-06-02,2022,114,202,22,24,.478,4.5,2.0,2,5,8,False,109,
2022-06-03,2022-06-02,2022,145,202,23,26,.469,5.0,2.5,3,7,10,False,107,
2022-06-03,2022-06-02,2022,116,202,21,30,.412,8.0,5.5,4,10,13,False,103,
2022-06-03,2022-06-02,2022,118,202,16,33,.327,12.0,9.5,5,12,15,False,100,
2022-06-03,2022-06-02,2022,117,200,33,18,.647,-,-,1,,2,False,-,105
2022-06-03,2022-06-02,2022,108,200,27,25,.519,6.5,-,2,3,6,False,105,
2022-06-03,2022-06-02,2022,140,200,24,26,.480,8.5,2.0,3,4,7,False,104,
2022-06-03,2022-06-02,2022,136,200,22,29,.431,11.0,4.5,4,8,11,False,101,
2022-06-03,2022-06-02,2022,133,200,20,33,.377,14.0,7.5,5,11,14,False,97,
2022-06-03,2022-06-02,2022,121,204,35,18,.660,-,-,1,,2,False,-,101
2022-06-03,2022-06-02,2022,144,204,25,27,.481,9.5,3.0,2,5,8,False,101,
2022-06-03,2022-06-02,2022,143,204,22,29,.431,12.0,5.5,3,9,12,False,99,
2022-06-03,2022-06-02,2022,146,204,21,28,.429,12.0,5.5,4,10,13,False,100,
2022-06-03,2022-06-02,2022,120,204,18,35,.340,17.0,10.5,5,12,15,False,93,
2022-06-03,2022-06-02,2022,158,205,33,20,.623,-,-,1,,3,False,-,108
2022-06-03,2022-06-02,2022,138,205,29,22,.569,3.0,+1.5,2,2,5,False,108,
2022-06-03,2022-06-02,2022,134,205,22,27,.449,9.0,4.5,3,7,10,False,103,
2022-06-03,2022-06-02,2022,112,205,22,29,.431,10.0,5.5,4,8,11,False,101,
2022-06-03,2022-06-02,2022,113,205,18,32,.360,13.5,9.0,5,11,14,False,98,
2022-06-03,2022-06-02,2022,119,203,34,17,.667,-,-,1,,1,False,-,108
2022-06-03,2022-06-02,2022,135,203,30,21,.588,4.0,+2.5,2,1,4,False,108,
2022-06-03,2022-06-02,2022,137,203,27,23,.540,6.5,-,3,3,6,False,106,
2022-06-03,2022-06-02,2022,109,203,25,27,.481,9.5,3.0,4,4,7,False,102,
2022-06-03,2022-06-02,2022,115,203,23,28,.451,11.0,4.5,5,6,9,False,101,
2022-06-04,2022-06-03,2022,147,201,37,15,.712,-,-,1,,1,False,-,105
2022-06-04,2022-06-03,2022,139,201,31,21,.596,6.0,+4.5,2,1,3,False,105,
2022-06-04,2022-06-03,2022,141,201,30,21,.588,6.5,+4.0,3,2,4,False,105,
2022-06-04,2022-06-03,2022,111,201,25,27,.481,12.0,1.5,4,5,8,False,99,
2022-06-04,2022-06-03,2022,110,201,22,32,.407,16.0,5.5,5,9,12,False,94,
2022-06-04,2022-06-03,2022,142,202,31,23,.574,-,-,1,,5,False,-,108
2022-06-04,2022-06-03,2022,114,202,23,24,.489,4.5,1.0,2,4,7,False,108,
2022-06-04,2022-06-03,2022,145,202,23,27,.460,6.0,2.5,3,7,10,False,105,
2022-06-04,2022-06-03,2022,116,202,21,31,.404,9.0,5.5,4,10,13,False,101,
2022-06-04,2022-06-03,2022,118,202,16,34,.320,13.0,9.5,5,12,15,False,98,
2022-06-04,2022-06-03,2022,117,200,34,18,.654,-,-,1,,2,False,-,103
2022-06-04,2022-06-03,2022,108,200,27,26,.509,7.5,-,2,3,6,False,103,
2022-06-04,2022-06-03,2022,140,200,24,27,.471,9.5,2.0,3,6,9,False,102,
2022-06-04,2022-06-03,2022,136,200,23,29,.442,11.0,3.5,4,8,11,False,100,
2022-06-04,2022-06-03,2022,133,200,20,34,.370,15.0,7.5,5,11,14,False,95,
2022-06-04,2022-06-03,2022,121,204,35,19,.648,-,-,1,,2,False,-,101
2022-06-04,2022-06-03,2022,144,204,26,27,.491,8.5,3.0,2,5,8,False,101,
2022-06-04,2022-06-03,2022,143,204,23,29,.442,11.0,5.5,3,6,9,False,99,
2022-06-04,2022-06-03,2022,146,204,21,29,.420,12.0,6.5,4,10,13,False,99,
2022-06-04,2022-06-03,2022,120,204,19,35,.352,16.0,10.5,5,12,15,False,93,
2022-06-04,2022-06-03,2022,158,205,33,21,.611,-,-,1,,3,False,-,108
2022-06-04,2022-06-03,2022,138,205,30,22,.577,2.0,+1.5,2,2,5,False,108,
2022-06-04,2022-06-03,2022,134,205,22,28,.440,9.0,5.5,3,8,11,False,102,
2022-06-04,2022-06-03,2022,112,205,22,30,.423,10.0,6.5,4,9,12,False,100,
2022-06-04,2022-06-03,2022,113,205,18,33,.353,13.5,10.0,5,11,14,False,97,
2022-06-04,2022-06-03,2022,119,203,35,17,.673,-,-,1,,1,False,-,107
2022-06-04,2022-06-03,2022,135,203,31,21,.596,4.0,+2.5,2,1,4,False,107,
2022-06-04,2022-06-03,2022,137,203,28,23,.549,6.5,-,3,3,6,False,105,
2022-06-04,2022-06-03,2022,109,203,26,27,.491,9.5,3.0,4,4,7,False,101,
2022-06-04,2022-06-03,2022,115,203,23,29,.442,12.0,5.5,5,7,10,False,99,
2022-06-05,2022-06-04,2022,147,201,38,15,.717,-,-,1,,1,False,-,104
2022-06-05,2022-06-04,2022,141,201,31,21,.596,6.5,+5.0,2,1,3,False,104,
2022-06-05,2022-06-04,2022,139,201,31,22,.585,7.0,+4.5,3,2,4,False,103,
2022-06-05,2022-06-04,2022,111,201,26,27,.491,12.0,0.5,4,4,7,False,98,
2022-06-05,2022-06-04,2022,110,201,23,32,.418,16.0,4.5,5,9,12,False,93,
2022-06-05,2022-06-04,2022,142,202,31,24,.564,-,-,1,,5,False,-,107
2022-06-05,2022-06-04,2022,114,202,23,25,.479,4.5,1.0,2,6,9,False,107,
2022-06-05,2022-06-04,2022,145,202,24,27,.471,5.0,1.5,3,7,10,False,105,
2022-06-05,2022-06-04,2022,116,202,21,32,.396,9.0,5.5,4,10,13,False,100,
2022-06-05,2022-06-04,2022,118,202,17,34,.333,12.0,8.5,5,12,15,False,98,
2022-06-05,2022-06-04,2022,117,200,34,19,.642,-,-,1,,2,False,-,102
2022-06-05,2022-06-04,2022,108,200,27,27,.500,7.5,-,2,3,6,False,102,
2022-06-05,2022-06-04,2022,140,200,25,27,.481,8.5,1.0,3,5,8,False,102,
2022-06-05,2022-06-04,2022,136,200,23,30,.434,11.0,3.5,4,8,11,False,99,
2022-06-05,2022-06-04,2022,133,200,20,35,.364,15.0,7.5,5,11,14,False,94,
2022-06-05,2022-06-04,2022,121,204,36,19,.655,-,-,1,,2,False,-,100
2022-06-05,2022-06-04,2022,144,204,27,27,.500,8.5,2.0,2,4,7,False,100,
2022-06-05,2022-06-04,2022,143,204,24,29,.453,11.0,4.5,3,6,9,False,98,
2022-06-05,2022-06-04,2022,146,204,22,29,.431,12.0,5.5,4,9,12,False,98,
2022-06-05,2022-06-04,2022,120,204,20,35,.364,16.0,9.5,5,11,14,False,92,
2022-06-05,2022-06-04,2022,158,205,33,22,.600,-,-,1,,4,False,-,107
2022-06-05,2022-06-04,2022,138,205,31,23,.574,1.5,+2.0,2,2,5,False,107,
2022-06-05,2022-06-04,2022,134,205,23,28,.451,8.0,4.5,3,7,10,False,102,
2022-06-05,2022-06-04,2022,112,205,23,31,.426,9.5,6.0,4,10,13,False,99,
2022-06-05,2022-06-04,2022,113,205,18,34,.346,13.5,10.0,5,12,15,False,96,
2022-06-05,2022-06-04,2022,119,203,35,18,.660,-,-,1,,1,False,-,107
2022-06-05,2022-06-04,2022,135,203,32,21,.604,3.0,+3.5,2,1,3,False,107,
2022-06-05,2022-06-04,2022,137,203,28,24,.538,6.5,-,3,3,6,False,104,
2022-06-05,2022-06-04,2022,109,203,26,28,.481,9.5,3.0,4,5,8,False,100,
2022-06-05,2022-06-04,2022,115,203,23,30,.434,12.0,5.5,5,8,11,False,98,
2022-06-06,2022-06-05,2022,147,201,39,15,.722,-,-,1,,1,False,-,102
2022-06-06,2022-06-05,2022,141,201,31,22,.585,7.5,+4.5,2,1,3,False,102,
2022-06-06,2022-06-05,2022,139,201,31,23,.574,8.0,+4.0,3,2,4,False,101,
2022-06-06,2022-06-05,2022,111,201,27,27,.500,12.0,-,4,3,6,False,97,
2022-06-06,2022-06-05,2022,110,201,23,33,.411,17.0,5.0,5,9,12,False,91,
2022-06-06,2022-06-05,2022,142,202,32,24,.571,-,-,1,,5,False,-,106
2022-06-06,2022-06-05,2022,114,202,24,25,.490,4.5,0.5,2,5,8,False,106,
2022-06-06,2022-06-05,2022,145,202,25,27,.481,5.0,1.0,3,6,9,False,104,
2022-06-06,2022-06-05,2022,116,202,21,33,.389,10.0,6.0,4,10,13,False,98,
2022-06-06,2022-06-05,2022,118,202,17,35,.327,13.0,9.0,5,12,15,False,96,
2022-06-06,2022-06-05,2022,117,200,35,19,.648,-,-,1,,2,False,-,100
2022-06-06,2022-06-05,2022,108,200,27,28,.491,8.5,0.5,2,4,7,False,100,
2022-06-06,2022-06-05,2022,140,200,25,28,.472,9.5,1.5,3,7,10,False,100,
2022-06-06,2022-06-05,2022,136,200,24,30,.444,11.0,3.0,4,8,11,False,98,
2022-06-06,2022-06-05,2022,133,200,20,36,.357,16.0,8.0,5,11,14,False,92,
2022-06-06,2022-06-05,2022,121,204,37,19,.661,-,-,1,,1,False,-,99
2022-06-06,2022-06-05,2022,144,204,28,27,.509,8.5,2.0,2,4,7,False,99,
2022-06-06,2022-06-05,2022,143,204,25,29,.463,11.0,4.5,3,6,9,False,97,
2022-06-06,2022-06-05,2022,146,204,22,30,.423,13.0,6.5,4,9,12,False,96,
2022-06-06,2022-06-05,2022,120,204,21,35,.375,16.0,9.5,5,11,14,False,91,
2022-06-06,2022-06-05,2022,158,205,33,23,.589,-,-,1,,4,False,-,107
2022-06-06,2022-06-05,2022,138,205,32,23,.582,0.5,+2.0,2,2,5,False,107,
2022-06-06,2022-06-05,2022,134,205,24,28,.462,7.0,4.5,3,7,10,False,102,
2022-06-06,2022-06-05,2022,112,205,23,32,.418,9.5,7.0,4,10,13,False,98,
2022-06-06,2022-06-05,2022,113,205,18,35,.340,13.5,11.0,5,12,15,False,95,
2022-06-06,2022-06-05,2022,119,203,35,19,.648,-,-,1,,2,False,-,107
2022-06-06,2022-06-05,2022,135,203,33,21,.611,2.0,+3.5,2,1,3,False,107,
2022-06-06,2022-06-05,2022,137,203,29,24,.547,5.5,-,3,3,6,False,104,
2022-06-06,2022-06-05,2022,109,203,26,29,.473,9.5,4.0,4,5,8,False,99,
2022-06-06,2022-06-05,2022,115,203,23,31,.426,12.0,6.5,5,8,11,False,97,
2022-06-07,2022-06-06,2022,147,201,39,15,.722,-,-,1,,1,False,-,102
2022-06-07,2022-06-06,2022,141,201,32,22,.593,7.0,+4.5,2,1,3,False,102,
2022-06-07,2022-06-06,2022,139,201,31,23,.574,8.0,+3.5,3,2,4,False,101,
2022-06-07,2022-06-06,2022,111,201,28,27,.509,11.5,-,4,3,6,False,97,
2022-06-07,2022-06-06,2022,110,201,23,33,.411,17.0,5.5,5,9,12,False,91,
2022-06-07,2022-06-06,2022,142,202,32,24,.571,-,-,1,,5,False,-,106
2022-06-07,2022-06-06,2022,114,202,24,25,.490,4.5,1.0,2,4,7,False,106,
2022-06-07,2022-06-06,2022,145,202,25,27,.481,5.0,1.5,3,6,9,False,104,
2022-06-07,2022-06-06,2022,116,202,21,33,.389,10.0,6.5,4,10,13,False,98,
2022-06-07,2022-06-06,2022,118,202,17,36,.321,13.5,10.0,5,12,15,False,95,
2022-06-07,2022-06-06,2022,117,200,35,20,.636,-,-,1,,2,False,-,99
2022-06-07,2022-06-06,2022,108,200,27,29,.482,8.5,1.5,2,5,8,False,99,
2022-06-07,2022-06-06,2022,140,200,25,28,.472,9.0,2.0,3,7,10,False,100,
2022-06-07,2022-06-06,2022,136,200,25,30,.455,10.0,3.0,4,8,11,False,98,
2022-06-07,2022-06-06,2022,133,200,20,36,.357,15.5,8.5,5,11,14,False,92,
2022-06-07,2022-06-06,2022,121,204,38,19,.667,-,-,1,,1,False,-,98
2022-06-07,2022-06-06,2022,144,204,28,27,.509,9.0,2.0,2,4,7,False,98,
2022-06-07,2022-06-06,2022,143,204,25,29,.463,11.5,4.5,3,6,9,False,96,
2022-06-07,2022-06-06,2022,146,204,22,30,.423,13.5,6.5,4,9,12,False,95,
2022-06-07,2022-06-06,2022,120,204,21,35,.375,16.5,9.5,5,11,14,False,90,
2022-06-07,2022-06-06,2022,158,205,33,23,.589,-,-,1,,4,False,-,107
2022-06-07,2022-06-06,2022,138,205,32,23,.582,0.5,+2.0,2,2,5,False,107,
2022-06-07,2022-06-06,2022,134,205,24,28,.462,7.0,4.5,3,7,10,False,102,
2022-06-07,2022-06-06,2022,112,205,23,32,.418,9.5,7.0,4,10,13,False,98,
2022-06-07,2022-06-06,2022,113,205,19,35,.352,13.0,10.5,5,12,15,False,95,
2022-06-07,2022-06-06,2022,119,203,35,19,.648,-,-,1,,2,False,-,106
2022-06-07,2022-06-06,2022,135,203,33,22,.600,2.5,+3.0,2,1,3,False,106,
2022-06-07,2022-06-06,2022,137,203,29,24,.547,5.5,-,3,3,6,False,104,
2022-06-07,2022-06-06,2022,109,203,26,30,.464,10.0,4.5,4,5,8,False,98,
2022-06-07,2022-06-06,2022,115,203,23,31,.426,12.0,6.5,5,8,11,False,97,
2022-06-08,2022-06-07,2022,147,201,40,15,.727,-,-,1,,1,False,-,101
2022-06-08,2022-06-07,2022,141,201,33,22,.600,7.0,+4.5,2,1,3,False,101,
2022-06-08,2022-06-07,2022,139,201,32,23,.582,8.0,+3.5,3,2,4,False,100,
2022-06-08,2022-06-07,2022,111,201,29,27,.518,11.5,-,4,3,6,False,96,
2022-06-08,2022-06-07,2022,110,201,24,33,.421,17.0,5.5,5,9,12,False,90,
2022-06-08,2022-06-07,2022,142,202,32,25,.561,-,-,1,,5,False,-,104
2022-06-08,2022-06-07,2022,145,202,26,27,.491,4.0,1.5,2,4,7,False,104,
2022-06-08,2022-06-07,2022,114,202,25,26,.490,4.0,1.5,3,5,8,False,105,
2022-06-08,2022-06-07,2022,116,202,22,33,.400,9.0,6.5,4,10,13,False,98,
2022-06-08,2022-06-07,2022,118,202,17,37,.315,13.5,11.0,5,12,15,False,94,
2022-06-08,2022-06-07,2022,117,200,36,20,.643,-,-,1,,2,False,-,97
2022-06-08,2022-06-07,2022,108,200,27,30,.474,9.5,2.5,2,6,9,False,97,
2022-06-08,2022-06-07,2022,140,200,26,29,.473,9.5,2.5,3,7,10,False,98,
2022-06-08,2022-06-07,2022,136,200,25,31,.446,11.0,4.0,4,8,11,False,96,
2022-06-08,2022-06-07,2022,133,200,20,37,.351,16.5,9.5,5,11,14,False,90,
2022-06-08,2022-06-07,2022,121,204,38,20,.655,-,-,1,,1,False,-,98
2022-06-08,2022-06-07,2022,144,204,29,27,.518,8.0,1.0,2,4,7,False,98,
2022-06-08,2022-06-07,2022,143,204,26,29,.473,10.5,3.5,3,5,8,False,96,
2022-06-08,2022-06-07,2022,146,204,23,30,.434,12.5,5.5,4,9,12,False,95,
2022-06-08,2022-06-07,2022,120,204,21,36,.368,16.5,9.5,5,11,14,False,89,
2022-06-08,2022-06-07,2022,158,205,33,24,.579,-,-,1,,4,False,-,106
2022-06-08,2022-06-07,2022,138,205,32,24,.571,0.5,+2.0,2,2,5,False,106,
2022-06-08,2022-06-07,2022,134,205,24,29,.453,7.0,4.5,3,7,10,False,101,
2022-06-08,2022-06-07,2022,112,205,23,33,.411,9.5,7.0,4,10,13,False,97,
2022-06-08,2022-06-07,2022,113,205,20,35,.364,12.0,9.5,5,12,15,False,95,
2022-06-08,2022-06-07,2022,119,203,35,20,.636,-,-,1,,2,False,-,106
2022-06-08,2022-06-07,2022,135,203,34,22,.607,1.5,+4.0,2,1,3,False,106,
2022-06-08,2022-06-07,2022,137,203,29,25,.537,5.5,-,3,3,6,False,103,
2022-06-08,2022-06-07,2022,109,203,26,31,.456,10.0,4.5,4,6,9,False,97,
2022-06-08,2022-06-07,2022,115,203,24,31,.436,11.0,5.5,5,8,11,False,97,
2022-06-09,2022-06-08,2022,147,201,40,16,.714,-,-,1,,1,False,-,100
2022-06-09,2022-06-08,2022,139,201,33,23,.589,7.0,+3.5,2,1,3,False,100,
2022-06-09,2022-06-08,2022,141,201,33,23,.589,7.0,+3.5,3,2,4,False,100,
2022-06-09,2022-06-08,2022,111,201,30,27,.526,10.5,-,4,3,6,False,96,
2022-06-09,2022-06-08,2022,110,201,24,33,.421,16.5,6.0,5,9,12,False,90,
2022-06-09,2022-06-08,2022,142,202,33,25,.569,-,-,1,,5,False,-,104
2022-06-09,2022-06-08,2022,114,202,26,26,.500,4.0,1.5,2,4,7,False,104,
2022-06-09,2022-06-08,2022,145,202,26,28,.481,5.0,2.5,3,5,8,False,102,
2022-06-09,2022-06-08,2022,116,202,23,33,.411,9.0,6.5,4,10,13,False,97,
2022-06-09,2022-06-08,2022,118,202,18,37,.327,13.5,11.0,5,12,15,False,93,
2022-06-09,2022-06-08,2022,117,200,36,21,.632,-,-,1,,2,False,-,96
2022-06-09,2022-06-08,2022,108,200,27,31,.466,9.5,3.5,2,6,9,False,96,
2022-06-09,2022-06-08,2022,140,200,26,30,.464,9.5,3.5,3,7,10,False,97,
2022-06-09,2022-06-08,2022,136,200,26,31,.456,10.0,4.0,4,8,11,False,96,
2022-06-09,2022-06-08,2022,133,200,20,38,.345,16.5,10.5,5,11,14,False,89,
2022-06-09,2022-06-08,2022,121,204,38,21,.644,-,-,1,,1,False,-,98
2022-06-09,2022-06-08,2022,144,204,30,27,.526,7.0,1.0,2,4,7,False,98,
2022-06-09,2022-06-08,2022,143,204,27,29,.482,9.5,3.5,3,5,8,False,96,
2022-06-09,2022-06-08,2022,146,204,24,30,.444,11.5,5.5,4,7,10,False,95,
2022-06-09,2022-06-08,2022,120,204,21,37,.362,16.5,10.5,5,11,14,False,88,
2022-06-09,2022-06-08,2022,158,205,33,25,.569,-,-,1,,4,False,-,105
2022-06-09,2022-06-08,2022,138,205,32,25,.561,0.5,+1.0,2,2,5,False,105,
2022-06-09,2022-06-08,2022,134,205,24,30,.444,7.0,5.5,3,8,11,False,100,
2022-06-09,2022-06-08,2022,112,205,23,33,.411,9.0,7.5,4,10,13,False,97,
2022-06-09,2022-06-08,2022,113,205,20,36,.357,12.0,10.5,5,12,15,False,94,
2022-06-09,2022-06-08,2022,119,203,36,20,.643,-,-,1,,2,False,-,105
2022-06-09,2022-06-08,2022,135,203,35,22,.614,1.5,+4.0,2,1,3,False,105,
2022-06-09,2022-06-08,2022,137,203,30,25,.545,5.5,-,3,3,6,False,102,
2022-06-09,2022-06-08,2022,109,203,27,31,.466,10.0,4.5,4,6,9,False,96,
2022-06-09,2022-06-08,2022,115,203,24,32,.429,12.0,6.5,5,9,12,False,95,
2022-06-10,2022-06-09,2022,147,201,41,16,.719,-,-,1,,1,False,-,99
2022-06-10,2022-06-09,2022,139,201,34,23,.596,7.0,+4.5,2,1,3,False,99,
2022-06-10,2022-06-09,2022,141,201,33,23,.589,7.5,+4.0,3,2,4,False,99,
2022-06-10,2022-06-09,2022,111,201,30,28,.517,11.5,-,4,3,6,False,94,
2022-06-10,2022-06-09,2022,110,201,24,34,.414,17.5,6.0,5,9,12,False,88,
2022-06-10,2022-06-09,2022,142,202,33,26,.559,-,-,1,,5,False,-,104
2022-06-10,2022-06-09,2022,114,202,27,26,.509,3.0,0.5,2,4,7,False,104,
2022-06-10,2022-06-09,2022,145,202,26,29,.473,5.0,2.5,3,6,9,False,101,
2022-06-10,2022-06-09,2022,116,202,23,33,.411,8.5,6.0,4,10,13,False,97,
2022-06-10,2022-06-09,2022,118,202,19,37,.339,12.5,10.0,5,11,14,False,93,
2022-06-10,2022-06-09,2022,117,200,36,21,.632,-,-,1,,2,False,-,96
2022-06-10,2022-06-09,2022,108,200,28,31,.475,9.0,2.5,2,5,8,False,96,
2022-06-10,2022-06-09,2022,140,200,26,30,.464,9.5,3.0,3,7,10,False,97,
2022-06-10,2022-06-09,2022,136,200,26,31,.456,10.0,3.5,4,8,11,False,96,
2022-06-10,2022-06-09,2022,133,200,20,39,.339,17.0,10.5,5,12,15,False,88,
2022-06-10,2022-06-09,2022,121,204,38,21,.644,-,-,1,,2,False,-,98
2022-06-10,2022-06-09,2022,144,204,31,27,.534,6.5,-,2,4,7,False,98,
2022-06-10,2022-06-09,2022,143,204,28,29,.491,9.0,2.5,3,5,8,False,96,
2022-06-10,2022-06-09,2022,146,204,25,30,.455,11.0,4.5,4,7,10,False,95,
2022-06-10,2022-06-09,2022,120,204,21,38,.356,17.0,10.5,5,11,14,False,87,
2022-06-10,2022-06-09,2022,158,205,33,26,.559,-,-,1,,4,False,-,104
2022-06-10,2022-06-09,2022,138,205,32,26,.552,0.5,+1.0,2,2,5,False,104,
2022-06-10,2022-06-09,2022,134,205,24,31,.436,7.0,5.5,3,9,12,False,99,
2022-06-10,2022-06-09,2022,112,205,23,33,.411,8.5,7.0,4,10,13,False,97,
2022-06-10,2022-06-09,2022,113,205,20,37,.351,12.0,10.5,5,12,15,False,93,
2022-06-10,2022-06-09,2022,119,203,37,20,.649,-,-,1,,1,False,-,104
2022-06-10,2022-06-09,2022,135,203,35,22,.614,2.0,+4.5,2,1,3,False,104,
2022-06-10,2022-06-09,2022,137,203,30,26,.536,6.5,-,3,3,6,False,100,
2022-06-10,2022-06-09,2022,109,203,28,31,.475,10.0,3.5,4,6,9,False,95,
2022-06-10,2022-06-09,2022,115,203,25,32,.439,12.0,5.5,5,8,11,False,94,
2022-06-11,2022-06-10,2022,147,201,42,16,.724,-,-,1,,1,False,-,98
2022-06-11,2022-06-10,2022,141,201,34,23,.596,7.5,+4.0,2,1,3,False,98,
2022-06-11,2022-06-10,2022,139,201,34,24,.586,8.0,+3.5,3,2,4,False,97,
2022-06-11,2022-06-10,2022,111,201,31,28,.525,11.5,-,4,3,6,False,93,
2022-06-11,2022-06-10,2022,110,201,24,35,.407,18.5,7.0,5,9,12,False,86,
2022-06-11,2022-06-10,2022,142,202,34,26,.567,-,-,1,,5,False,-,103
2022-06-11,2022-06-10,2022,114,202,28,26,.519,3.0,0.5,2,4,7,False,103,
2022-06-11,2022-06-10,2022,145,202,27,29,.482,5.0,2.5,3,5,8,False,100,
2022-06-11,2022-06-10,2022,116,202,23,34,.404,9.5,7.0,4,10,13,False,95,
2022-06-11,2022-06-10,2022,118,202,20,37,.351,12.5,10.0,5,11,14,False,92,
2022-06-11,2022-06-10,2022,117,200,36,22,.621,-,-,1,,2,False,-,95
2022-06-11,2022-06-10,2022,108,200,28,32,.467,9.0,3.5,2,6,9,False,95,
2022-06-11,2022-06-10,2022,140,200,26,31,.456,9.5,4.0,3,7,10,False,96,
2022-06-11,2022-06-10,2022,136,200,26,32,.448,10.0,4.5,4,8,11,False,95,
2022-06-11,2022-06-10,2022,133,200,20,40,.333,17.0,11.5,5,12,15,False,87,
2022-06-11,2022-06-10,2022,121,204,39,21,.650,-,-,1,,1,False,-,97
2022-06-11,2022-06-10,2022,144,204,32,27,.542,6.5,-,2,4,7,False,97,
2022-06-11,2022-06-10,2022,143,204,29,29,.500,9.0,2.5,3,5,8,False,95,
2022-06-11,2022-06-10,2022,146,204,26,30,.464,11.0,4.5,4,7,10,False,94,
2022-06-11,2022-06-10,2022,120,204,22,38,.367,17.0,10.5,5,11,14,False,86,
2022-06-11,2022-06-10,2022,138,205,33,26,.559,-,-,1,,4,False,-,103
2022-06-11,2022-06-10,2022,158,205,33,27,.550,0.5,+0.5,2,2,5,False,103,
2022-06-11,2022-06-10,2022,134,205,24,32,.429,7.5,6.5,3,9,12,False,98,
2022-06-11,2022-06-10,2022,112,205,23,34,.404,9.0,8.0,4,10,13,False,96,
2022-06-11,2022-06-10,2022,113,205,20,38,.345,12.5,11.5,5,12,15,False,92,
2022-06-11,2022-06-10,2022,119,203,37,21,.638,-,-,1,,2,False,-,104
2022-06-11,2022-06-10,2022,135,203,36,22,.621,1.0,+4.5,2,1,3,False,104,
2022-06-11,2022-06-10,2022,137,203,31,26,.544,5.5,-,3,3,6,False,100,
2022-06-11,2022-06-10,2022,109,203,28,32,.467,10.0,4.5,4,6,9,False,94,
2022-06-11,2022-06-10,2022,115,203,25,33,.431,12.0,6.5,5,8,11,False,93,
2022-06-12,2022-06-11,2022,147,201,43,16,.729,-,-,1,,1,False,-,96
2022-06-12,2022-06-11,2022,141,201,34,24,.586,8.5,+4.0,2,1,3,False,96,
2022-06-12,2022-06-11,2022,139,201,34,25,.576,9.0,+3.5,3,2,4,False,95,
2022-06-12,2022-06-11,2022,111,201,31,29,.517,12.5,-,4,3,6,False,91,
2022-06-12,2022-06-11,2022,110,201,25,35,.417,18.5,6.0,5,9,12,False,85,
2022-06-12,2022-06-11,2022,142,202,35,26,.574,-,-,1,,5,False,-,101
2022-06-12,2022-06-11,2022,114,202,28,27,.509,4.0,0.5,2,4,7,False,101,
2022-06-12,2022-06-11,2022,145,202,27,30,.474,6.0,2.5,3,6,9,False,98,
2022-06-12,2022-06-11,2022,116,202,24,34,.414,9.5,6.0,4,10,13,False,94,
2022-06-12,2022-06-11,2022,118,202,20,38,.345,13.5,10.0,5,11,14,False,90,
2022-06-12,2022-06-11,2022,117,200,36,23,.610,-,-,1,,2,False,-,95
2022-06-12,2022-06-11,2022,108,200,29,32,.475,8.0,2.5,2,5,8,False,95,
2022-06-12,2022-06-11,2022,140,200,27,31,.466,8.5,3.0,3,7,10,False,96,
2022-06-12,2022-06-11,2022,136,200,27,32,.458,9.0,3.5,4,8,11,False,95,
2022-06-12,2022-06-11,2022,133,200,21,40,.344,16.0,10.5,5,12,15,False,87,
2022-06-12,2022-06-11,2022,121,204,39,22,.639,-,-,1,,1,False,-,97
2022-06-12,2022-06-11,2022,144,204,33,27,.550,5.5,-,2,3,6,False,97,
2022-06-12,2022-06-11,2022,143,204,30,29,.508,8.0,2.5,3,5,8,False,95,
2022-06-12,2022-06-11,2022,146,204,27,30,.474,10.0,4.5,4,6,9,False,94,
2022-06-12,2022-06-11,2022,120,204,23,38,.377,16.0,10.5,5,11,14,False,86,
2022-06-12,2022-06-11,2022,138,205,34,26,.567,-,-,1,,4,False,-,101
2022-06-12,2022-06-11,2022,158,205,33,28,.541,1.5,0.5,2,4,7,False,101,
2022-06-12,2022-06-11,2022,134,205,24,33,.421,8.5,7.5,3,9,12,False,96,
2022-06-12,2022-06-11,2022,112,205,23,35,.397,10.0,9.0,4,10,13,False,94,
2022-06-12,2022-06-11,2022,113,205,20,39,.339,13.5,12.5,5,12,15,False,90,
2022-06-12,2022-06-11,2022,119,203,37,22,.627,-,-,1,,2,False,-,103
2022-06-12,2022-06-11,2022,135,203,37,23,.617,0.5,+4.0,2,1,3,False,103,
2022-06-12,2022-06-11,2022,137,203,32,26,.552,4.5,-,3,2,5,False,100,
2022-06-12,2022-06-11,2022,109,203,28,33,.459,10.0,5.5,4,7,10,False,93,
2022-06-12,2022-06-11,2022,115,203,26,34,.433,11.5,7.0,5,8,11,False,92,
2022-06-13,2022-06-12,2022,147,201,44,16,.733,-,-,1,,1,False,-,95
2022-06-13,2022-06-12,2022,141,201,35,24,.593,8.5,+4.0,2,1,3,False,95,
2022-06-13,2022-06-12,2022,139,201,35,25,.583,9.0,+3.5,3,2,4,False,94,
2022-06-13,2022-06-12,2022,111,201,32,29,.525,12.5,-,4,3,6,False,90,
2022-06-13,2022-06-12,2022,110,201,26,35,.426,18.5,6.0,5,9,12,False,84,
2022-06-13,2022-06-12,2022,142,202,35,27,.565,-,-,1,,5,False,-,101
2022-06-13,2022-06-12,2022,114,202,29,27,.518,3.0,0.5,2,4,7,False,101,
2022-06-13,2022-06-12,2022,145,202,27,31,.466,6.0,3.5,3,7,10,False,97,
2022-06-13,2022-06-12,2022,116,202,24,35,.407,9.5,7.0,4,10,13,False,93,
2022-06-13,2022-06-12,2022,118,202,20,39,.339,13.5,11.0,5,11,14,False,89,
2022-06-13,2022-06-12,2022,117,200,37,23,.617,-,-,1,,2,False,-,95
2022-06-13,2022-06-12,2022,140,200,28,31,.475,8.5,3.0,2,5,8,False,95,
2022-06-13,2022-06-12,2022,108,200,29,33,.468,9.0,3.5,3,6,9,False,93,
2022-06-13,2022-06-12,2022,136,200,27,33,.450,10.0,4.5,4,8,11,False,93,
2022-06-13,2022-06-12,2022,133,200,21,41,.339,17.0,11.5,5,12,15,False,85,
2022-06-13,2022-06-12,2022,121,204,40,22,.645,-,-,1,,1,False,-,96
2022-06-13,2022-06-12,2022,144,204,34,27,.557,5.5,-,2,3,6,False,96,
2022-06-13,2022-06-12,2022,143,204,30,30,.500,9.0,3.5,3,5,8,False,93,
2022-06-13,2022-06-12,2022,146,204,27,31,.466,11.0,5.5,4,7,10,False,92,
2022-06-13,2022-06-12,2022,120,204,23,39,.371,17.0,11.5,5,11,14,False,84,
2022-06-13,2022-06-12,2022,138,205,34,27,.557,-,-,1,,5,False,-,101
2022-06-13,2022-06-12,2022,158,205,34,28,.548,0.5,0.5,2,4,7,False,101,
2022-06-13,2022-06-12,2022,134,205,24,34,.414,8.5,8.5,3,9,12,False,95,
2022-06-13,2022-06-12,2022,112,205,23,36,.390,10.0,10.0,4,10,13,False,93,
2022-06-13,2022-06-12,2022,113,205,21,39,.350,12.5,12.5,5,12,15,False,90,
2022-06-13,2022-06-12,2022,119,203,37,23,.617,-,-,1,,2,False,-,102
2022-06-13,2022-06-12,2022,135,203,37,24,.607,0.5,+3.0,2,1,3,False,102,
2022-06-13,2022-06-12,2022,137,203,33,26,.559,3.5,-,3,2,4,False,100,
2022-06-13,2022-06-12,2022,109,203,29,33,.468,9.0,5.5,4,6,9,False,93,
2022-06-13,2022-06-12,2022,115,203,27,34,.443,10.5,7.0,5,8,11,False,92,
2022-06-14,2022-06-13,2022,147,201,44,16,.733,-,-,1,,1,False,-,95
2022-06-14,2022-06-13,2022,141,201,36,24,.600,8.0,+4.5,2,1,3,False,95,
2022-06-14,2022-06-13,2022,139,201,35,25,.583,9.0,+3.5,3,2,4,False,94,
2022-06-14,2022-06-13,2022,111,201,32,29,.525,12.5,-,4,3,6,False,90,
2022-06-14,2022-06-13,2022,110,201,26,36,.419,19.0,6.5,5,9,12,False,83,
2022-06-14,2022-06-13,2022,142,202,36,27,.571,-,-,1,,5,False,-,100
2022-06-14,2022-06-13,2022,114,202,29,27,.518,3.5,0.5,2,4,7,False,100,
2022-06-14,2022-06-13,2022,145,202,28,31,.475,6.0,3.0,3,6,9,False,96,
2022-06-14,2022-06-13,2022,116,202,24,36,.400,10.5,7.5,4,10,13,False,91,
2022-06-14,2022-06-13,2022,118,202,20,40,.333,14.5,11.5,5,12,15,False,87,
2022-06-14,2022-06-13,2022,117,200,37,24,.607,-,-,1,,2,False,-,95
2022-06-14,2022-06-13,2022,140,200,29,31,.483,7.5,2.5,2,5,8,False,95,
2022-06-14,2022-06-13,2022,108,200,29,33,.468,8.5,3.5,3,7,10,False,93,
2022-06-14,2022-06-13,2022,136,200,27,34,.443,10.0,5.0,4,8,11,False,92,
2022-06-14,2022-06-13,2022,133,200,21,41,.339,16.5,11.5,5,11,14,False,85,
2022-06-14,2022-06-13,2022,121,204,40,22,.645,-,-,1,,1,False,-,96
2022-06-14,2022-06-13,2022,144,204,35,27,.565,5.0,-,2,3,6,False,96,
2022-06-14,2022-06-13,2022,143,204,31,30,.508,8.5,3.5,3,5,8,False,93,
2022-06-14,2022-06-13,2022,146,204,27,32,.458,11.5,6.5,4,7,10,False,91,
2022-06-14,2022-06-13,2022,120,204,23,40,.365,17.5,12.5,5,11,14,False,83,
2022-06-14,2022-06-13,2022,138,205,35,27,.565,-,-,1,,5,False,-,100
2022-06-14,2022-06-13,2022,158,205,34,28,.548,1.0,1.0,2,4,7,False,100,
2022-06-14,2022-06-13,2022,134,205,24,35,.407,9.5,9.5,3,9,12,False,93,
2022-06-14,2022-06-13,2022,112,205,23,37,.383,11.0,11.0,4,10,13,False,91,
2022-06-14,2022-06-13,2022,113,205,22,39,.361,12.5,12.5,5,12,15,False,89,
2022-06-14,2022-06-13,2022,119,203,37,23,.617,-,-,1,,2,False,-,102
2022-06-14,2022-06-13,2022,135,203,38,24,.613,-,+3.0,2,1,3,False,102,
2022-06-14,2022-06-13,2022,137,203,34,26,.567,3.0,-,3,2,4,False,100,
2022-06-14,2022-06-13,2022,109,203,29,34,.460,9.5,6.5,4,6,9,False,92,
2022-06-14,2022-06-13,2022,115,203,27,34,.443,10.5,7.5,5,8,11,False,92,
2022-06-15,2022-06-14,2022,147,201,45,16,.738,-,-,1,,1,False,-,93
2022-06-15,2022-06-14,2022,141,201,36,25,.590,9.0,+3.5,2,1,3,False,93,
2022-06-15,2022-06-14,2022,139,201,35,26,.574,10.0,+2.5,3,2,4,False,92,
2022-06-15,2022-06-14,2022,111,201,33,29,.532,12.5,-,4,3,6,False,89,
2022-06-15,2022-06-14,2022,110,201,27,36,.429,19.0,6.5,5,9,12,False,82,
2022-06-15,2022-06-14,2022,142,202,36,28,.563,-,-,1,,5,False,-,100
2022-06-15,2022-06-14,2022,114,202,30,27,.526,2.5,0.5,2,4,7,False,100,
2022-06-15,2022-06-14,2022,145,202,29,31,.483,5.0,3.0,3,5,8,False,96,
2022-06-15,2022-06-14,2022,116,202,24,37,.393,10.5,8.5,4,10,13,False,90,
2022-06-15,2022-06-14,2022,118,202,20,41,.328,14.5,12.5,5,12,15,False,86,
2022-06-15,2022-06-14,2022,117,200,38,24,.613,-,-,1,,2,False,-,93
2022-06-15,2022-06-14,2022,140,200,29,32,.475,8.5,3.5,2,6,9,False,93,
2022-06-15,2022-06-14,2022,108,200,29,34,.460,9.5,4.5,3,7,10,False,91,
2022-06-15,2022-06-14,2022,136,200,28,34,.452,10.0,5.0,4,8,11,False,91,
2022-06-15,2022-06-14,2022,133,200,21,42,.333,17.5,12.5,5,11,14,False,83,
2022-06-15,2022-06-14,2022,121,204,41,22,.651,-,-,1,,1,False,-,95
2022-06-15,2022-06-14,2022,144,204,36,27,.571,5.0,-,2,3,6,False,95,
2022-06-15,2022-06-14,2022,143,204,31,31,.500,9.5,4.5,3,5,8,False,91,
2022-06-15,2022-06-14,2022,146,204,28,32,.467,11.5,6.5,4,6,9,False,90,
2022-06-15,2022-06-14,2022,120,204,23,41,.359,18.5,13.5,5,12,15,False,81,
2022-06-15,2022-06-14,2022,138,205,37,27,.578,-,-,1,,4,False,-,97
2022-06-15,2022-06-14,2022,158,205,34,29,.540,2.5,2.0,2,4,7,False,97,
2022-06-15,2022-06-14,2022,134,205,24,37,.393,11.5,11.0,3,9,12,False,89,
2022-06-15,2022-06-14,2022,112,205,23,38,.377,12.5,12.0,4,10,13,False,88,
2022-06-15,2022-06-14,2022,113,205,23,39,.371,13.0,12.5,5,11,14,False,87,
2022-06-15,2022-06-14,2022,119,203,38,23,.623,-,-,1,,2,False,-,101
2022-06-15,2022-06-14,2022,135,203,39,24,.619,-,+3.0,2,1,3,False,101,
2022-06-15,2022-06-14,2022,137,203,35,26,.574,3.0,-,3,2,5,False,99,
2022-06-15,2022-06-14,2022,109,203,29,35,.453,10.5,7.5,4,7,10,False,90,
2022-06-15,2022-06-14,2022,115,203,27,35,.435,11.5,8.5,5,8,11,False,90,
2022-06-16,2022-06-15,2022,147,201,46,16,.742,-,-,1,,1,False,-,92
2022-06-16,2022-06-15,2022,141,201,37,25,.597,9.0,+3.5,2,1,3,False,92,
2022-06-16,2022-06-15,2022,139,201,35,27,.565,11.0,+1.5,3,2,5,False,90,
2022-06-16,2022-06-15,2022,111,201,34,29,.540,12.5,-,4,3,6,False,88,
2022-06-16,2022-06-15,2022,110,201,27,37,.422,20.0,7.5,5,9,12,False,80,
2022-06-16,2022-06-15,2022,142,202,37,28,.569,-,-,1,,4,False,-,99
2022-06-16,2022-06-15,2022,114,202,31,27,.534,2.5,0.5,2,4,7,False,99,
2022-06-16,2022-06-15,2022,145,202,30,31,.492,5.0,3.0,3,5,8,False,95,
2022-06-16,2022-06-15,2022,116,202,24,38,.387,11.5,9.5,4,10,13,False,88,
2022-06-16,2022-06-15,2022,118,202,21,41,.339,14.5,12.5,5,11,14,False,85,
2022-06-16,2022-06-15,2022,117,200,39,24,.619,-,-,1,,2,False,-,91
2022-06-16,2022-06-15,2022,140,200,29,33,.468,9.5,4.5,2,6,9,False,91,
2022-06-16,2022-06-15,2022,108,200,29,35,.453,10.5,5.5,3,7,10,False,89,
2022-06-16,2022-06-15,2022,136,200,28,35,.444,11.0,6.0,4,8,11,False,89,
2022-06-16,2022-06-15,2022,133,200,21,43,.328,18.5,13.5,5,12,15,False,81,
2022-06-16,2022-06-15,2022,121,204,41,23,.641,-,-,1,,1,False,-,95
2022-06-16,2022-06-15,2022,144,204,37,27,.578,4.0,+1.0,2,2,4,False,95,
2022-06-16,2022-06-15,2022,143,204,32,31,.508,8.5,3.5,3,5,8,False,91,
2022-06-16,2022-06-15,2022,146,204,28,33,.459,11.5,6.5,4,7,10,False,89,
2022-06-16,2022-06-15,2022,120,204,23,42,.354,18.5,13.5,5,12,15,False,80,
2022-06-16,2022-06-15,2022,138,205,37,28,.569,-,-,1,,5,False,-,97
2022-06-16,2022-06-15,2022,158,205,35,29,.547,1.5,1.0,2,4,7,False,97,
2022-06-16,2022-06-15,2022,134,205,25,37,.403,10.5,10.0,3,9,12,False,89,
2022-06-16,2022-06-15,2022,112,205,23,39,.371,12.5,12.0,4,10,13,False,87,
2022-06-16,2022-06-15,2022,113,205,23,40,.365,13.0,12.5,5,11,14,False,86,
2022-06-16,2022-06-15,2022,119,203,39,23,.629,-,-,1,,2,False,-,100
2022-06-16,2022-06-15,2022,135,203,40,24,.625,-,+4.0,2,1,3,False,100,
2022-06-16,2022-06-15,2022,137,203,35,27,.565,4.0,-,3,3,6,False,97,
2022-06-16,2022-06-15,2022,109,203,30,35,.462,10.5,6.5,4,6,9,False,89,
2022-06-16,2022-06-15,2022,115,203,27,36,.429,12.5,8.5,5,8,11,False,88,
2022-06-17,2022-06-16,2022,147,201,47,16,.746,-,-,1,,1,False,-,90
2022-06-17,2022-06-16,2022,141,201,37,26,.587,10.0,+3.0,2,1,3,False,90,
2022-06-17,2022-06-16,2022,139,201,35,28,.556,12.0,+1.0,3,2,5,False,88,
2022-06-17,2022-06-16,2022,111,201,34,30,.531,13.5,0.5,4,4,7,False,86,
2022-06-17,2022-06-16,2022,110,201,28,37,.431,20.0,7.0,5,9,12,False,79,
2022-06-17,2022-06-16,2022,142,202,37,28,.569,-,-,1,,4,False,-,99
2022-06-17,2022-06-16,2022,114,202,32,27,.542,2.0,-,2,3,6,False,99,
2022-06-17,2022-06-16,2022,145,202,30,31,.492,5.0,3.0,3,5,8,False,95,
2022-06-17,2022-06-16,2022,116,202,24,39,.381,12.0,10.0,4,10,13,False,87,
2022-06-17,2022-06-16,2022,118,202,21,41,.339,14.5,12.5,5,11,14,False,85,
2022-06-17,2022-06-16,2022,117,200,39,24,.619,-,-,1,,2,False,-,91
2022-06-17,2022-06-16,2022,140,200,30,33,.476,9.0,4.0,2,6,9,False,91,
2022-06-17,2022-06-16,2022,108,200,30,35,.462,10.0,5.0,3,7,10,False,89,
2022-06-17,2022-06-16,2022,136,200,28,36,.438,11.5,6.5,4,8,11,False,88,
2022-06-17,2022-06-16,2022,133,200,22,43,.338,18.0,13.0,5,12,15,False,81,
2022-06-17,2022-06-16,2022,121,204,42,23,.646,-,-,1,,1,False,-,94
2022-06-17,2022-06-16,2022,144,204,37,27,.578,4.5,+1.0,2,2,4,False,94,
2022-06-17,2022-06-16,2022,143,204,33,31,.516,8.5,3.0,3,5,8,False,90,
2022-06-17,2022-06-16,2022,146,204,28,33,.459,12.0,6.5,4,7,10,False,88,
2022-06-17,2022-06-16,2022,120,204,23,43,.348,19.5,14.0,5,12,15,False,78,
2022-06-17,2022-06-16,2022,138,205,37,28,.569,-,-,1,,5,False,-,96
2022-06-17,2022-06-16,2022,158,205,35,30,.538,2.0,1.5,2,4,7,False,96,
2022-06-17,2022-06-16,2022,134,205,25,37,.403,10.5,10.0,3,9,12,False,89,
2022-06-17,2022-06-16,2022,112,205,23,40,.365,13.0,12.5,4,10,13,False,86,
2022-06-17,2022-06-16,2022,113,205,23,40,.365,13.0,12.5,5,11,14,False,86,
2022-06-17,2022-06-16,2022,135,203,41,24,.631,-,-,1,,2,False,-,99
2022-06-17,2022-06-16,2022,119,203,39,23,.629,0.5,+4.0,2,1,3,False,99,
2022-06-17,2022-06-16,2022,137,203,35,27,.565,4.5,-,3,3,6,False,95,
2022-06-17,2022-06-16,2022,109,203,30,35,.462,11.0,6.5,4,6,9,False,87,
2022-06-17,2022-06-16,2022,115,203,27,37,.422,13.5,9.0,5,8,11,False,85,
2022-06-18,2022-06-17,2022,147,201,48,16,.750,-,-,1,,1,False,-,88
2022-06-18,2022-06-17,2022,141,201,37,27,.578,11.0,+2.0,2,1,3,False,88,
2022-06-18,2022-06-17,2022,139,201,35,29,.547,13.0,-,3,3,6,False,86,
2022-06-18,2022-06-17,2022,111,201,35,30,.538,13.5,0.5,4,4,7,False,85,
2022-06-18,2022-06-17,2022,110,201,29,37,.439,20.0,7.0,5,9,12,False,78,
2022-06-18,2022-06-17,2022,142,202,37,29,.561,-,-,1,,4,False,-,99
2022-06-18,2022-06-17,2022,114,202,33,27,.550,1.0,-,2,2,5,False,99,
2022-06-18,2022-06-17,2022,145,202,30,32,.484,5.0,4.0,3,6,9,False,94,
2022-06-18,2022-06-17,2022,116,202,24,40,.375,12.0,11.0,4,10,13,False,86,
2022-06-18,2022-06-17,2022,118,202,22,41,.349,13.5,12.5,5,11,14,False,85,
2022-06-18,2022-06-17,2022,117,200,40,24,.625,-,-,1,,2,False,-,90
2022-06-18,2022-06-17,2022,140,200,31,33,.484,9.0,4.0,2,5,8,False,90,
2022-06-18,2022-06-17,2022,108,200,30,36,.455,11.0,6.0,3,7,10,False,87,
2022-06-18,2022-06-17,2022,136,200,29,36,.446,11.5,6.5,4,8,11,False,87,
2022-06-18,2022-06-17,2022,133,200,22,44,.333,19.0,14.0,5,12,15,False,79,
2022-06-18,2022-06-17,2022,121,204,43,23,.652,-,-,1,,1,False,-,92
2022-06-18,2022-06-17,2022,144,204,37,28,.569,5.5,-,2,3,5,False,92,
2022-06-18,2022-06-17,2022,143,204,35,31,.530,8.0,2.5,3,5,8,False,89,
2022-06-18,2022-06-17,2022,146,204,28,34,.452,13.0,7.5,4,7,10,False,86,
2022-06-18,2022-06-17,2022,120,204,23,45,.338,21.0,15.5,5,12,15,False,75,
2022-06-18,2022-06-17,2022,138,205,37,29,.561,-,-,1,,6,False,-,96
2022-06-18,2022-06-17,2022,158,205,36,30,.545,1.0,1.5,2,4,7,False,96,
2022-06-18,2022-06-17,2022,134,205,25,38,.397,10.5,11.0,3,9,12,False,88,
2022-06-18,2022-06-17,2022,112,205,24,40,.375,12.0,12.5,4,10,13,False,86,
2022-06-18,2022-06-17,2022,113,205,23,41,.359,13.0,13.5,5,11,14,False,85,
2022-06-18,2022-06-17,2022,135,203,41,25,.621,-,-,1,,2,False,-,98
2022-06-18,2022-06-17,2022,119,203,39,24,.619,0.5,+3.0,2,1,3,False,98,
2022-06-18,2022-06-17,2022,137,203,36,27,.571,3.5,-,3,2,4,False,95,
2022-06-18,2022-06-17,2022,109,203,31,35,.470,10.0,6.5,4,6,9,False,87,
2022-06-18,2022-06-17,2022,115,203,28,37,.431,12.5,9.0,5,8,11,False,85,
2022-06-19,2022-06-18,2022,147,201,49,16,.754,-,-,1,,1,False,-,86
2022-06-19,2022-06-18,2022,141,201,37,28,.569,12.0,+2.0,2,1,3,False,86,
2022-06-19,2022-06-18,2022,139,201,36,29,.554,13.0,+1.0,3,2,5,False,85,
2022-06-19,2022-06-18,2022,111,201,35,31,.530,14.5,0.5,4,4,7,False,83,
2022-06-19,2022-06-18,2022,110,201,29,38,.433,21.0,7.0,5,9,12,False,76,
2022-06-19,2022-06-18,2022,142,202,38,29,.567,-,-,1,,4,False,-,97
2022-06-19,2022-06-18,2022,114,202,33,28,.541,2.0,-,2,3,6,False,97,
2022-06-19,2022-06-18,2022,145,202,31,32,.492,5.0,3.0,3,5,8,False,93,
2022-06-19,2022-06-18,2022,116,202,25,40,.385,12.0,10.0,4,10,13,False,85,
2022-06-19,2022-06-18,2022,118,202,23,41,.359,13.5,11.5,5,11,14,False,84,
2022-06-19,2022-06-18,2022,117,200,40,25,.615,-,-,1,,2,False,-,89
2022-06-19,2022-06-18,2022,140,200,31,34,.477,9.0,4.0,2,6,9,False,89,
2022-06-19,2022-06-18,2022,108,200,32,36,.471,9.5,4.5,3,7,10,False,87,
2022-06-19,2022-06-18,2022,136,200,29,38,.433,12.0,7.0,4,8,11,False,85,
2022-06-19,2022-06-18,2022,133,200,22,45,.328,19.0,14.0,5,12,15,False,78,
2022-06-19,2022-06-18,2022,121,204,44,23,.657,-,-,1,,1,False,-,90
2022-06-19,2022-06-18,2022,144,204,37,29,.561,6.5,-,2,3,6,False,90,
2022-06-19,2022-06-18,2022,143,204,36,31,.537,8.0,1.5,3,5,8,False,88,
2022-06-19,2022-06-18,2022,146,204,28,35,.444,14.0,7.5,4,7,10,False,84,
2022-06-19,2022-06-18,2022,120,204,23,46,.333,22.0,15.5,5,12,15,False,73,
2022-06-19,2022-06-18,2022,138,205,38,29,.567,-,-,1,,5,False,-,95
2022-06-19,2022-06-18,2022,158,205,37,30,.552,1.0,0.5,2,4,7,False,95,
2022-06-19,2022-06-18,2022,134,205,25,39,.391,11.5,11.0,3,9,12,False,86,
2022-06-19,2022-06-18,2022,112,205,25,40,.385,12.0,11.5,4,10,13,False,85,
2022-06-19,2022-06-18,2022,113,205,23,42,.354,14.0,13.5,5,11,14,False,83,
2022-06-19,2022-06-18,2022,119,203,40,24,.625,-,-,1,,2,False,-,97
2022-06-19,2022-06-18,2022,135,203,41,26,.612,0.5,+3.5,2,1,3,False,97,
2022-06-19,2022-06-18,2022,137,203,37,27,.578,3.0,+1.0,3,2,4,False,96,
2022-06-19,2022-06-18,2022,109,203,31,36,.463,10.5,6.5,4,6,9,False,87,
2022-06-19,2022-06-18,2022,115,203,29,37,.439,12.0,8.0,5,8,11,False,86,
2022-06-20,2022-06-19,2022,147,201,49,17,.742,-,-,1,,1,False,-,86
2022-06-20,2022-06-19,2022,141,201,38,28,.576,11.0,+2.0,2,1,3,False,86,
2022-06-20,2022-06-19,2022,139,201,36,30,.545,13.0,-,3,3,6,False,84,
2022-06-20,2022-06-19,2022,111,201,36,31,.537,13.5,0.5,4,4,7,False,83,
2022-06-20,2022-06-19,2022,110,201,30,38,.441,20.0,7.0,5,8,11,False,76,
2022-06-20,2022-06-19,2022,142,202,38,30,.559,-,-,1,,4,False,-,97
2022-06-20,2022-06-19,2022,114,202,34,28,.548,1.0,-,2,2,5,False,97,
2022-06-20,2022-06-19,2022,145,202,31,33,.484,5.0,4.0,3,5,8,False,92,
2022-06-20,2022-06-19,2022,116,202,26,40,.394,11.0,10.0,4,10,13,False,85,
2022-06-20,2022-06-19,2022,118,202,23,42,.354,13.5,12.5,5,11,14,False,83,
2022-06-20,2022-06-19,2022,117,200,41,25,.621,-,-,1,,2,False,-,86
2022-06-20,2022-06-19,2022,108,200,33,36,.478,9.5,4.5,2,6,9,False,86,
2022-06-20,2022-06-19,2022,140,200,31,35,.470,10.0,5.0,3,7,10,False,87,
2022-06-20,2022-06-19,2022,136,200,29,39,.426,13.0,8.0,4,9,12,False,83,
2022-06-20,2022-06-19,2022,133,200,23,45,.338,19.0,14.0,5,12,15,False,77,
2022-06-20,2022-06-19,2022,121,204,44,24,.647,-,-,1,,1,False,-,90
2022-06-20,2022-06-19,2022,144,204,38,29,.567,5.5,-,2,3,5,False,90,
2022-06-20,2022-06-19,2022,143,204,36,32,.529,8.0,2.5,3,5,8,False,87,
2022-06-20,2022-06-19,2022,146,204,29,35,.453,13.0,7.5,4,7,10,False,84,
2022-06-20,2022-06-19,2022,120,204,24,46,.343,21.0,15.5,5,12,15,False,73,
2022-06-20,2022-06-19,2022,158,205,38,30,.559,-,-,1,,6,False,-,86
2022-06-20,2022-06-19,2022,138,205,38,30,.559,-,0.5,2,4,7,False,-,
2022-06-20,2022-06-19,2022,134,205,26,39,.400,10.5,11.0,3,9,12,False,86,
2022-06-20,2022-06-19,2022,112,205,25,41,.379,12.0,12.5,4,10,13,False,84,
2022-06-20,2022-06-19,2022,113,205,23,43,.348,14.0,14.5,5,11,14,False,82,
2022-06-20,2022-06-19,2022,119,203,40,25,.615,-,-,1,,2,False,-,96
2022-06-20,2022-06-19,2022,135,203,41,27,.603,0.5,+2.5,2,1,3,False,96,
2022-06-20,2022-06-19,2022,137,203,37,28,.569,3.0,-,3,2,4,False,95,
2022-06-20,2022-06-19,2022,109,203,32,36,.471,9.5,6.5,4,6,9,False,87,
2022-06-20,2022-06-19,2022,115,203,30,37,.448,11.0,8.0,5,8,11,False,86,
2022-06-21,2022-06-20,2022,147,201,50,17,.746,-,-,1,,1,False,-,84
2022-06-21,2022-06-20,2022,141,201,38,29,.567,12.0,+1.5,2,1,3,False,84,
2022-06-21,2022-06-20,2022,111,201,37,31,.544,13.5,-,3,3,6,False,82,
2022-06-21,2022-06-20,2022,139,201,36,31,.537,14.0,0.5,4,4,7,False,82,
2022-06-21,2022-06-20,2022,110,201,30,38,.441,20.5,7.0,5,8,11,False,75,
2022-06-21,2022-06-20,2022,142,202,38,30,.559,-,-,1,,4,False,-,97
2022-06-21,2022-06-20,2022,114,202,34,28,.548,1.0,-,2,2,5,False,97,
2022-06-21,2022-06-20,2022,145,202,32,33,.492,4.5,3.5,3,5,8,False,92,
2022-06-21,2022-06-20,2022,116,202,26,41,.388,11.5,10.5,4,10,13,False,84,
2022-06-21,2022-06-20,2022,118,202,24,42,.364,13.0,12.0,5,11,14,False,83,
2022-06-21,2022-06-20,2022,117,200,41,25,.621,-,-,1,,2,False,-,85
2022-06-21,2022-06-20,2022,108,200,33,37,.471,10.0,5.0,2,6,9,False,85,
2022-06-21,2022-06-20,2022,140,200,31,35,.470,10.0,5.0,3,7,10,False,87,
2022-06-21,2022-06-20,2022,136,200,29,39,.426,13.0,8.0,4,9,12,False,83,
2022-06-21,2022-06-20,2022,133,200,23,45,.338,19.0,14.0,5,12,15,False,77,
2022-06-21,2022-06-20,2022,121,204,45,24,.652,-,-,1,,1,False,-,89
2022-06-21,2022-06-20,2022,144,204,39,29,.574,5.5,+1.0,2,2,4,False,89,
2022-06-21,2022-06-20,2022,143,204,36,32,.529,8.5,2.0,3,5,8,False,86,
2022-06-21,2022-06-20,2022,146,204,29,36,.446,14.0,7.5,4,8,11,False,82,
2022-06-21,2022-06-20,2022,120,204,24,46,.343,21.5,15.0,5,12,15,False,72,
2022-06-21,2022-06-20,2022,158,205,39,30,.565,-,-,1,,5,False,-,93
2022-06-21,2022-06-20,2022,138,205,38,31,.551,1.0,0.5,2,4,7,False,93,
2022-06-21,2022-06-20,2022,134,205,27,39,.409,10.5,10.0,3,9,12,False,85,
2022-06-21,2022-06-20,2022,112,205,25,42,.373,13.0,12.5,4,10,13,False,82,
2022-06-21,2022-06-20,2022,113,205,23,43,.348,14.5,14.0,5,11,14,False,81,
2022-06-21,2022-06-20,2022,119,203,40,25,.615,-,-,1,,2,False,-,96
2022-06-21,2022-06-20,2022,135,203,42,27,.609,-,+3.5,2,1,3,False,96,
2022-06-21,2022-06-20,2022,137,203,37,29,.561,3.5,-,3,3,6,False,94,
2022-06-21,2022-06-20,2022,109,203,32,37,.464,10.0,6.5,4,6,9,False,86,
2022-06-21,2022-06-20,2022,115,203,30,37,.448,11.0,7.5,5,7,10,False,86,
2022-06-22,2022-06-21,2022,147,201,50,18,.735,-,-,1,,1,False,-,83
2022-06-22,2022-06-21,2022,141,201,38,30,.559,12.0,+0.5,2,1,3,False,83,
2022-06-22,2022-06-21,2022,111,201,38,31,.551,12.5,-,3,3,6,False,82,
2022-06-22,2022-06-21,2022,139,201,37,31,.544,13.0,0.5,4,4,7,False,82,
2022-06-22,2022-06-21,2022,110,201,30,39,.435,20.5,8.0,5,9,12,False,74,
2022-06-22,2022-06-21,2022,114,202,35,28,.556,-,-,1,,4,False,-,97
2022-06-22,2022-06-21,2022,142,202,38,31,.551,-,-,2,2,5,False,97,
2022-06-22,2022-06-21,2022,145,202,33,33,.500,3.5,3.5,3,5,8,False,95,
2022-06-22,2022-06-21,2022,116,202,26,42,.382,11.5,11.5,4,10,13,False,86,
2022-06-22,2022-06-21,2022,118,202,25,42,.373,12.0,12.0,5,11,14,False,86,
2022-06-22,2022-06-21,2022,117,200,42,25,.627,-,-,1,,2,False,-,86
2022-06-22,2022-06-21,2022,140,200,32,35,.478,10.0,5.0,2,6,9,False,86,
2022-06-22,2022-06-21,2022,108,200,33,38,.465,11.0,6.0,3,7,10,False,83,
2022-06-22,2022-06-21,2022,136,200,30,39,.435,13.0,8.0,4,8,11,False,82,
2022-06-22,2022-06-21,2022,133,200,23,46,.333,20.0,15.0,5,12,15,False,75,
2022-06-22,2022-06-21,2022,121,204,45,25,.643,-,-,1,,1,False,-,88
2022-06-22,2022-06-21,2022,144,204,39,30,.565,5.5,-,2,3,5,False,88,
2022-06-22,2022-06-21,2022,143,204,36,33,.522,8.5,3.0,3,5,8,False,85,
2022-06-22,2022-06-21,2022,146,204,30,36,.455,13.0,7.5,4,7,10,False,82,
2022-06-22,2022-06-21,2022,120,204,25,46,.352,20.5,15.0,5,11,14,False,72,
2022-06-22,2022-06-21,2022,158,205,39,31,.557,-,-,1,,6,False,-,85
2022-06-22,2022-06-21,2022,138,205,39,31,.557,-,0.5,2,4,7,False,-,
2022-06-22,2022-06-21,2022,134,205,28,39,.418,9.5,10.0,3,9,12,False,85,
2022-06-22,2022-06-21,2022,112,205,25,43,.368,13.0,13.5,4,10,13,False,81,
2022-06-22,2022-06-21,2022,113,205,23,44,.343,14.5,15.0,5,12,15,False,80,
2022-06-22,2022-06-21,2022,119,203,41,25,.621,-,-,1,,2,False,-,95
2022-06-22,2022-06-21,2022,135,203,43,27,.614,-,+3.5,2,1,3,False,95,
2022-06-22,2022-06-21,2022,137,203,38,29,.567,3.5,-,3,2,4,False,93,
2022-06-22,2022-06-21,2022,109,203,32,38,.457,11.0,7.5,4,6,9,False,84,
2022-06-22,2022-06-21,2022,115,203,30,38,.441,12.0,8.5,5,8,11,False,84,
2022-06-23,2022-06-22,2022,147,201,51,18,.739,-,-,1,,1,False,-,82
2022-06-23,2022-06-22,2022,141,201,39,30,.565,12.0,+1.5,2,1,3,False,82,
2022-06-23,2022-06-22,2022,111,201,39,31,.557,12.5,+1.0,3,2,5,False,81,
2022-06-23,2022-06-22,2022,139,201,37,32,.536,14.0,0.5,4,4,7,False,80,
2022-06-23,2022-06-22,2022,110,201,31,39,.443,20.5,7.0,5,9,12,False,73,
2022-06-23,2022-06-22,2022,114,202,36,28,.563,-,-,1,,4,False,-,95
2022-06-23,2022-06-22,2022,142,202,38,32,.543,1.0,-,2,3,6,False,95,
2022-06-23,2022-06-22,2022,145,202,33,34,.493,4.5,3.5,3,5,8,False,93,
2022-06-23,2022-06-22,2022,116,202,26,43,.377,12.5,11.5,4,10,13,False,84,
2022-06-23,2022-06-22,2022,118,202,25,43,.368,13.0,12.0,5,11,14,False,84,
2022-06-23,2022-06-22,2022,117,200,43,25,.632,-,-,1,,2,False,-,85
2022-06-23,2022-06-22,2022,140,200,33,35,.485,10.0,4.0,2,6,9,False,85,
2022-06-23,2022-06-22,2022,108,200,34,38,.472,11.0,5.0,3,7,10,False,82,
2022-06-23,2022-06-22,2022,136,200,31,39,.443,13.0,7.0,4,8,11,False,81,
2022-06-23,2022-06-22,2022,133,200,23,47,.329,21.0,15.0,5,12,15,False,73,
2022-06-23,2022-06-22,2022,121,204,45,26,.634,-,-,1,,1,False,-,88
2022-06-23,2022-06-22,2022,144,204,40,30,.571,4.5,+1.0,2,2,4,False,88,
2022-06-23,2022-06-22,2022,143,204,36,34,.514,8.5,3.0,3,5,8,False,84,
2022-06-23,2022-06-22,2022,146,204,31,36,.463,12.0,6.5,4,6,9,False,82,
2022-06-23,2022-06-22,2022,120,204,25,47,.347,20.5,15.0,5,11,14,False,71,
2022-06-23,2022-06-22,2022,138,205,40,31,.563,-,-,1,,5,False,-,91
2022-06-23,2022-06-22,2022,158,205,39,32,.549,1.0,0.5,2,4,7,False,91,
2022-06-23,2022-06-22,2022,134,205,28,40,.412,10.5,10.0,3,9,12,False,83,
2022-06-23,2022-06-22,2022,112,205,26,43,.377,13.0,12.5,4,10,13,False,80,
2022-06-23,2022-06-22,2022,113,205,23,45,.338,15.5,15.0,5,12,15,False,78,
2022-06-23,2022-06-22,2022,119,203,42,25,.627,-,-,1,,2,False,-,94
2022-06-23,2022-06-22,2022,135,203,44,27,.620,-,+4.5,2,1,3,False,94,
2022-06-23,2022-06-22,2022,137,203,38,30,.559,4.5,-,3,3,6,False,91,
2022-06-23,2022-06-22,2022,109,203,32,39,.451,12.0,7.5,4,7,10,False,82,
2022-06-23,2022-06-22,2022,115,203,30,39,.435,13.0,8.5,5,8,11,False,82,
2022-06-24,2022-06-23,2022,147,201,52,18,.743,-,-,1,,1,False,-,81
2022-06-24,2022-06-23,2022,141,201,39,30,.565,12.5,+1.0,2,1,3,False,81,
2022-06-24,2022-06-23,2022,111,201,39,31,.557,13.0,+0.5,3,2,4,False,80,
2022-06-24,2022-06-23,2022,139,201,37,32,.536,14.5,1.0,4,4,7,False,79,
2022-06-24,2022-06-23,2022,110,201,32,39,.451,20.5,7.0,5,9,12,False,72,
2022-06-24,2022-06-23,2022,114,202,36,29,.554,-,-,1,,5,False,-,95
2022-06-24,2022-06-23,2022,142,202,39,32,.549,-,-,2,3,6,False,95,
2022-06-24,2022-06-23,2022,145,202,33,35,.485,4.5,4.5,3,6,9,False,92,
2022-06-24,2022-06-23,2022,116,202,26,43,.377,12.0,12.0,4,10,13,False,84,
2022-06-24,2022-06-23,2022,118,202,25,43,.368,12.5,12.5,5,11,14,False,84,
2022-06-24,2022-06-23,2022,117,200,43,26,.623,-,-,1,,2,False,-,85
2022-06-24,2022-06-23,2022,140,200,33,35,.485,9.5,4.5,2,5,8,False,85,
2022-06-24,2022-06-23,2022,108,200,34,38,.472,10.5,5.5,3,7,10,False,82,
2022-06-24,2022-06-23,2022,136,200,32,39,.451,12.0,7.0,4,8,11,False,81,
2022-06-24,2022-06-23,2022,133,200,23,48,.324,21.0,16.0,5,12,15,False,72,
2022-06-24,2022-06-23,2022,121,204,45,26,.634,-,-,1,,1,False,-,88
2022-06-24,2022-06-23,2022,144,204,41,30,.577,4.0,+1.5,2,2,4,False,88,
2022-06-24,2022-06-23,2022,143,204,37,34,.521,8.0,2.5,3,5,8,False,84,
2022-06-24,2022-06-23,2022,146,204,32,36,.471,11.5,6.0,4,6,9,False,82,
2022-06-24,2022-06-23,2022,120,204,25,47,.347,20.5,15.0,5,11,14,False,71,
2022-06-24,2022-06-23,2022,158,205,40,32,.556,-,-,1,,5,False,-,83
2022-06-24,2022-06-23,2022,138,205,40,32,.556,-,-,2,3,6,False,-,
2022-06-24,2022-06-23,2022,134,205,29,40,.420,9.5,9.5,3,9,12,False,83,
2022-06-24,2022-06-23,2022,112,205,26,44,.371,13.0,13.0,4,10,13,False,79,
2022-06-24,2022-06-23,2022,113,205,23,46,.333,15.5,15.5,5,12,15,False,77,
2022-06-24,2022-06-23,2022,119,203,43,25,.632,-,-,1,,2,False,-,92
2022-06-24,2022-06-23,2022,135,203,44,28,.611,1.0,+4.0,2,1,3,False,92,
2022-06-24,2022-06-23,2022,137,203,38,31,.551,5.5,0.5,3,4,7,False,89,
2022-06-24,2022-06-23,2022,109,203,32,39,.451,12.5,7.5,4,7,10,False,81,
2022-06-24,2022-06-23,2022,115,203,30,40,.429,14.0,9.0,5,8,11,False,80,
2022-06-25,2022-06-24,2022,147,201,52,19,.732,-,-,1,,1,False,-,81
2022-06-25,2022-06-24,2022,141,201,40,30,.571,11.5,+2.0,2,1,3,False,81,
2022-06-25,2022-06-24,2022,111,201,40,31,.563,12.0,+1.5,3,2,4,False,80,
2022-06-25,2022-06-24,2022,139,201,38,32,.543,13.5,-,4,3,6,False,79,
2022-06-25,2022-06-24,2022,110,201,33,39,.458,19.5,6.0,5,9,12,False,72,
2022-06-25,2022-06-24,2022,114,202,36,30,.545,-,-,1,,5,False,-,94
2022-06-25,2022-06-24,2022,142,202,39,33,.542,-,-,2,4,7,False,94,
2022-06-25,2022-06-24,2022,145,202,33,36,.478,4.5,4.5,3,6,9,False,91,
2022-06-25,2022-06-24,2022,116,202,27,43,.386,11.0,11.0,4,10,13,False,84,
2022-06-25,2022-06-24,2022,118,202,26,43,.377,11.5,11.5,5,11,14,False,84,
2022-06-25,2022-06-24,2022,117,200,44,26,.629,-,-,1,,2,False,-,83
2022-06-25,2022-06-24,2022,140,200,33,36,.478,10.5,4.5,2,5,8,False,83,
2022-06-25,2022-06-24,2022,108,200,34,39,.466,11.5,5.5,3,7,10,False,80,
2022-06-25,2022-06-24,2022,136,200,33,39,.458,12.0,6.0,4,8,11,False,80,
2022-06-25,2022-06-24,2022,133,200,23,49,.319,22.0,16.0,5,12,15,False,70,
2022-06-25,2022-06-24,2022,121,204,46,26,.639,-,-,1,,1,False,-,86
2022-06-25,2022-06-24,2022,144,204,41,31,.569,5.0,+1.5,2,2,4,False,86,
2022-06-25,2022-06-24,2022,143,204,37,35,.514,9.0,2.5,3,5,8,False,82,
2022-06-25,2022-06-24,2022,146,204,32,37,.464,12.5,6.0,4,6,9,False,80,
2022-06-25,2022-06-24,2022,120,204,26,47,.356,20.5,14.0,5,11,14,False,70,
2022-06-25,2022-06-24,2022,158,205,40,33,.548,-,-,1,,5,False,-,82
2022-06-25,2022-06-24,2022,138,205,40,33,.548,-,-,2,3,6,False,-,
2022-06-25,2022-06-24,2022,134,205,29,41,.414,9.5,9.5,3,9,12,False,82,
2022-06-25,2022-06-24,2022,112,205,27,44,.380,12.0,12.0,4,10,13,False,79,
2022-06-25,2022-06-24,2022,113,205,24,46,.343,14.5,14.5,5,12,15,False,77,
2022-06-25,2022-06-24,2022,119,203,44,25,.638,-,-,1,,2,False,-,91
2022-06-25,2022-06-24,2022,135,203,45,28,.616,1.0,+5.0,2,1,3,False,91,
2022-06-25,2022-06-24,2022,137,203,38,32,.543,6.5,0.5,3,4,7,False,87,
2022-06-25,2022-06-24,2022,109,203,32,40,.444,13.5,7.5,4,7,10,False,79,
2022-06-25,2022-06-24,2022,115,203,31,40,.437,14.0,8.0,5,8,11,False,79,
2022-06-26,2022-06-25,2022,147,201,52,20,.722,-,-,1,,1,False,-,80
2022-06-26,2022-06-25,2022,111,201,41,31,.569,11.0,+1.5,2,1,3,False,80,
2022-06-26,2022-06-25,2022,141,201,40,31,.563,11.5,+1.0,3,2,4,False,80,
2022-06-26,2022-06-25,2022,139,201,39,32,.549,12.5,-,4,3,5,False,79,
2022-06-26,2022-06-25,2022,110,201,34,39,.466,18.5,6.0,5,8,11,False,72,
2022-06-26,2022-06-25,2022,142,202,40,33,.548,-,-,1,,6,False,-,92
2022-06-26,2022-06-25,2022,114,202,36,31,.537,1.0,1.0,2,4,7,False,92,
2022-06-26,2022-06-25,2022,145,202,33,37,.471,5.5,5.5,3,6,9,False,86,
2022-06-26,2022-06-25,2022,116,202,28,43,.394,11.0,11.0,4,10,13,False,80,
2022-06-26,2022-06-25,2022,118,202,26,44,.371,12.5,12.5,5,11,14,False,79,
2022-06-26,2022-06-25,2022,117,200,45,26,.634,-,-,1,,2,False,-,82
2022-06-26,2022-06-25,2022,140,200,34,36,.486,10.5,4.5,2,5,8,False,82,
2022-06-26,2022-06-25,2022,136,200,34,39,.466,12.0,6.0,3,7,10,False,79,
2022-06-26,2022-06-25,2022,108,200,34,40,.459,12.5,6.5,4,9,12,False,78,
2022-06-26,2022-06-25,2022,133,200,24,49,.329,22.0,16.0,5,12,15,False,69,
2022-06-26,2022-06-25,2022,121,204,47,26,.644,-,-,1,,1,False,-,85
2022-06-26,2022-06-25,2022,144,204,42,31,.575,5.0,+1.5,2,2,4,False,85,
2022-06-26,2022-06-25,2022,143,204,38,35,.521,9.0,2.5,3,5,8,False,81,
2022-06-26,2022-06-25,2022,146,204,32,38,.457,13.5,7.0,4,6,9,False,78,
2022-06-26,2022-06-25,2022,120,204,26,48,.351,21.5,15.0,5,11,14,False,68,
2022-06-26,2022-06-25,2022,158,205,41,33,.554,-,-,1,,5,False,-,80
2022-06-26,2022-06-25,2022,138,205,41,33,.554,-,-,2,3,6,False,-,
2022-06-26,2022-06-25,2022,134,205,29,42,.408,10.5,10.5,3,9,12,False,80,
2022-06-26,2022-06-25,2022,112,205,27,45,.375,13.0,13.0,4,10,13,False,77,
2022-06-26,2022-06-25,2022,113,205,24,47,.338,15.5,15.5,5,12,15,False,75,
2022-06-26,2022-06-25,2022,119,203,44,26,.629,-,-,1,,2,False,-,90
2022-06-26,2022-06-25,2022,135,203,45,29,.608,1.0,+4.0,2,1,3,False,90,
2022-06-26,2022-06-25,2022,137,203,39,32,.549,5.5,0.5,3,4,7,False,87,
2022-06-26,2022-06-25,2022,109,203,32,41,.438,13.5,8.5,4,7,10,False,78,
2022-06-26,2022-06-25,2022,115,203,31,41,.431,14.0,9.0,5,8,11,False,78,
2022-06-27,2022-06-26,2022,147,201,53,20,.726,-,-,1,,1,False,-,79
2022-06-27,2022-06-26,2022,111,201,42,31,.575,11.0,+1.5,2,1,3,False,79,
2022-06-27,2022-06-26,2022,139,201,40,32,.556,12.5,-,3,2,4,False,78,
2022-06-27,2022-06-26,2022,141,201,40,32,.556,12.5,-,4,3,5,False,78,
2022-06-27,2022-06-26,2022,110,201,34,40,.459,19.5,7.0,5,9,12,False,70,
2022-06-27,2022-06-26,2022,142,202,41,33,.554,-,-,1,,6,False,-,90
2022-06-27,2022-06-26,2022,114,202,36,32,.529,2.0,2.0,2,4,7,False,90,
2022-06-27,2022-06-26,2022,145,202,34,37,.479,5.5,5.5,3,6,9,False,85,
2022-06-27,2022-06-26,2022,116,202,28,44,.389,12.0,12.0,4,10,13,False,78,
2022-06-27,2022-06-26,2022,118,202,26,45,.366,13.5,13.5,5,11,14,False,77,
2022-06-27,2022-06-26,2022,117,200,45,27,.625,-,-,1,,2,False,-,81
2022-06-27,2022-06-26,2022,140,200,34,37,.479,10.5,5.5,2,5,8,False,81,
2022-06-27,2022-06-26,2022,108,200,35,40,.467,11.5,6.5,3,7,10,False,78,
2022-06-27,2022-06-26,2022,136,200,34,40,.459,12.0,7.0,4,8,11,False,78,
2022-06-27,2022-06-26,2022,133,200,25,49,.338,21.0,16.0,5,12,15,False,69,
2022-06-27,2022-06-26,2022,121,204,47,27,.635,-,-,1,,1,False,-,84
2022-06-27,2022-06-26,2022,144,204,42,32,.568,5.0,+1.5,2,2,4,False,84,
2022-06-27,2022-06-26,2022,143,204,39,35,.527,8.0,1.5,3,5,8,False,81,
2022-06-27,2022-06-26,2022,146,204,33,38,.465,12.5,6.0,4,6,9,False,78,
2022-06-27,2022-06-26,2022,120,204,27,48,.360,20.5,14.0,5,11,14,False,68,
2022-06-27,2022-06-26,2022,158,205,42,33,.560,-,-,1,,5,False,-,87
2022-06-27,2022-06-26,2022,138,205,41,34,.547,1.0,-,2,3,6,False,87,
2022-06-27,2022-06-26,2022,134,205,29,43,.403,11.5,10.5,3,9,12,False,78,
2022-06-27,2022-06-26,2022,112,205,28,45,.384,13.0,12.0,4,10,13,False,76,
2022-06-27,2022-06-26,2022,113,205,25,47,.347,15.5,14.5,5,12,15,False,74,
2022-06-27,2022-06-26,2022,119,203,45,26,.634,-,-,1,,2,False,-,88
2022-06-27,2022-06-26,2022,135,203,45,30,.600,2.0,+4.0,2,1,3,False,88,
2022-06-27,2022-06-26,2022,137,203,39,33,.542,6.5,0.5,3,4,7,False,85,
2022-06-27,2022-06-26,2022,109,203,33,41,.446,13.5,7.5,4,7,10,False,77,
2022-06-27,2022-06-26,2022,115,203,31,42,.425,15.0,9.0,5,8,11,False,76,
2022-06-28,2022-06-27,2022,147,201,54,20,.730,-,-,1,,1,False,-,77
2022-06-28,2022-06-27,2022,111,201,42,32,.568,12.0,+1.0,2,1,3,False,77,
2022-06-28,2022-06-27,2022,141,201,41,32,.562,12.5,+0.5,3,2,4,False,77,
2022-06-28,2022-06-27,2022,139,201,40,32,.556,13.0,-,4,3,6,False,77,
2022-06-28,2022-06-27,2022,110,201,35,40,.467,19.5,6.5,5,8,11,False,69,
2022-06-28,2022-06-27,2022,142,202,42,33,.560,-,-,1,,5,False,-,88
2022-06-28,2022-06-27,2022,114,202,36,33,.522,3.0,2.5,2,4,7,False,88,
2022-06-28,2022-06-27,2022,145,202,34,38,.472,6.5,6.0,3,7,10,False,83,
2022-06-28,2022-06-27,2022,116,202,28,44,.389,12.5,12.0,4,10,13,False,77,
2022-06-28,2022-06-27,2022,118,202,26,46,.361,14.5,14.0,5,11,14,False,75,
2022-06-28,2022-06-27,2022,117,200,45,27,.625,-,-,1,,2,False,-,81
2022-06-28,2022-06-27,2022,140,200,35,37,.486,10.0,5.0,2,5,8,False,81,
2022-06-28,2022-06-27,2022,108,200,36,40,.474,11.0,6.0,3,6,9,False,78,
2022-06-28,2022-06-27,2022,136,200,34,41,.453,12.5,7.5,4,9,12,False,77,
2022-06-28,2022-06-27,2022,133,200,25,50,.333,21.5,16.5,5,12,15,False,68,
2022-06-28,2022-06-27,2022,121,204,47,27,.635,-,-,1,,1,False,-,84
2022-06-28,2022-06-27,2022,144,204,42,32,.568,5.0,+1.0,2,2,4,False,84,
2022-06-28,2022-06-27,2022,143,204,39,35,.527,8.0,2.0,3,5,8,False,81,
2022-06-28,2022-06-27,2022,146,204,33,39,.458,13.0,7.0,4,6,9,False,77,
2022-06-28,2022-06-27,2022,120,204,28,48,.368,20.0,14.0,5,11,14,False,68,
2022-06-28,2022-06-27,2022,158,205,42,33,.560,-,-,1,,5,False,-,87
2022-06-28,2022-06-27,2022,138,205,42,34,.553,0.5,-,2,3,6,False,87,
2022-06-28,2022-06-27,2022,134,205,29,44,.397,12.0,11.5,3,9,12,False,77,
2022-06-28,2022-06-27,2022,112,205,28,45,.384,13.0,12.5,4,10,13,False,76,
2022-06-28,2022-06-27,2022,113,205,25,47,.347,15.5,15.0,5,12,15,False,74,
2022-06-28,2022-06-27,2022,119,203,45,27,.625,-,-,1,,2,False,-,88
2022-06-28,2022-06-27,2022,135,203,45,30,.600,1.5,+3.5,2,1,3,False,88,
2022-06-28,2022-06-27,2022,137,203,39,33,.542,6.0,1.0,3,4,7,False,85,
2022-06-28,2022-06-27,2022,109,203,33,41,.446,13.0,8.0,4,7,10,False,77,
2022-06-28,2022-06-27,2022,115,203,32,42,.432,14.0,9.0,5,8,11,False,76,
2022-06-29,2022-06-28,2022,147,201,55,20,.733,-,-,1,,1,False,-,76
2022-06-29,2022-06-28,2022,141,201,42,32,.568,12.5,+1.5,2,1,3,False,76,
2022-06-29,2022-06-28,2022,111,201,42,33,.560,13.0,+1.0,3,2,4,False,75,
2022-06-29,2022-06-28,2022,139,201,40,33,.548,14.0,-,4,3,6,False,75,
2022-06-29,2022-06-28,2022,110,201,35,41,.461,20.5,6.5,5,9,12,False,67,
2022-06-29,2022-06-28,2022,142,202,43,34,.558,-,-,1,,5,False,-,86
2022-06-29,2022-06-28,2022,114,202,37,34,.521,3.0,2.0,2,4,7,False,86,
2022-06-29,2022-06-28,2022,145,202,35,38,.479,6.0,5.0,3,6,9,False,82,
2022-06-29,2022-06-28,2022,116,202,28,45,.384,13.0,12.0,4,10,13,False,75,
2022-06-29,2022-06-28,2022,118,202,26,47,.356,15.0,14.0,5,11,14,False,73,
2022-06-29,2022-06-28,2022,117,200,46,27,.630,-,-,1,,2,False,-,80
2022-06-29,2022-06-28,2022,140,200,36,37,.493,10.0,4.0,2,5,8,False,80,
2022-06-29,2022-06-28,2022,108,200,36,41,.468,12.0,6.0,3,7,10,False,76,
2022-06-29,2022-06-28,2022,136,200,35,41,.461,12.5,6.5,4,8,11,False,76,
2022-06-29,2022-06-28,2022,133,200,25,51,.329,22.5,16.5,5,12,15,False,66,
2022-06-29,2022-06-28,2022,121,204,47,28,.627,-,-,1,,1,False,-,84
2022-06-29,2022-06-28,2022,144,204,43,32,.573,4.0,+1.0,2,2,4,False,84,
2022-06-29,2022-06-28,2022,143,204,39,36,.520,8.0,3.0,3,5,8,False,80,
2022-06-29,2022-06-28,2022,146,204,33,40,.452,13.0,8.0,4,7,10,False,76,
2022-06-29,2022-06-28,2022,120,204,29,48,.377,19.0,14.0,5,11,14,False,68,
2022-06-29,2022-06-28,2022,158,205,43,33,.566,-,-,1,,5,False,-,86
2022-06-29,2022-06-28,2022,138,205,43,34,.558,0.5,-,2,3,6,False,86,
2022-06-29,2022-06-28,2022,134,205,29,45,.392,13.0,12.5,3,9,12,False,75,
2022-06-29,2022-06-28,2022,112,205,28,46,.378,14.0,13.5,4,10,13,False,74,
2022-06-29,2022-06-28,2022,113,205,26,47,.356,15.5,15.0,5,12,15,False,73,
2022-06-29,2022-06-28,2022,119,203,45,28,.616,-,-,1,,2,False,-,87
2022-06-29,2022-06-28,2022,135,203,45,31,.592,1.5,+2.5,2,1,3,False,87,
2022-06-29,2022-06-28,2022,137,203,40,33,.548,5.0,1.0,3,4,7,False,85,
2022-06-29,2022-06-28,2022,109,203,34,41,.453,12.0,8.0,4,6,9,False,77,
2022-06-29,2022-06-28,2022,115,203,33,42,.440,13.0,9.0,5,8,11,False,76,
2022-06-30,2022-06-29,2022,147,201,56,20,.737,-,-,1,,1,False,-,74
2022-06-30,2022-06-29,2022,111,201,43,33,.566,13.0,+2.0,2,1,3,False,74,
2022-06-30,2022-06-29,2022,141,201,42,33,.560,13.5,+1.5,3,2,4,False,74,
2022-06-30,2022-06-29,2022,139,201,40,34,.541,15.0,-,4,3,6,False,73,
2022-06-30,2022-06-29,2022,110,201,35,42,.455,21.5,6.5,5,9,12,False,65,
2022-06-30,2022-06-29,2022,142,202,43,35,.551,-,-,1,,5,False,-,86
2022-06-30,2022-06-29,2022,114,202,38,34,.528,2.0,1.0,2,4,7,False,86,
2022-06-30,2022-06-29,2022,145,202,35,39,.473,6.0,5.0,3,7,10,False,81,
2022-06-30,2022-06-29,2022,116,202,29,45,.392,12.0,11.0,4,10,13,False,75,
2022-06-30,2022-06-29,2022,118,202,27,47,.365,14.0,13.0,5,11,14,False,73,
2022-06-30,2022-06-29,2022,117,200,47,27,.635,-,-,1,,2,False,-,78
2022-06-30,2022-06-29,2022,140,200,36,38,.486,11.0,4.0,2,5,8,False,78,
2022-06-30,2022-06-29,2022,108,200,37,41,.474,12.0,5.0,3,6,9,False,75,
2022-06-30,2022-06-29,2022,136,200,36,41,.468,12.5,5.5,4,8,11,False,75,
2022-06-30,2022-06-29,2022,133,200,25,52,.325,23.5,16.5,5,12,15,False,64,
2022-06-30,2022-06-29,2022,121,204,47,29,.618,-,-,1,,2,False,-,84
2022-06-30,2022-06-29,2022,144,204,44,32,.579,3.0,+2.0,2,2,4,False,84,
2022-06-30,2022-06-29,2022,143,204,39,37,.513,8.0,3.0,3,5,8,False,79,
2022-06-30,2022-06-29,2022,146,204,34,40,.459,12.0,7.0,4,6,9,False,76,
2022-06-30,2022-06-29,2022,120,204,29,49,.372,19.0,14.0,5,11,14,False,67,
2022-06-30,2022-06-29,2022,158,205,44,33,.571,-,-,1,,5,False,-,84
2022-06-30,2022-06-29,2022,138,205,43,35,.551,1.5,-,2,3,6,False,84,
2022-06-30,2022-06-29,2022,134,205,30,45,.400,13.0,11.5,3,9,12,False,74,
2022-06-30,2022-06-29,2022,112,205,29,46,.387,14.0,12.5,4,10,13,False,73,
2022-06-30,2022-06-29,2022,113,205,26,48,.351,16.5,15.0,5,12,15,False,71,
2022-06-30,2022-06-29,2022,119,203,46,28,.622,-,-,1,,1,False,-,86
2022-06-30,2022-06-29,2022,135,203,46,31,.597,1.5,+3.5,2,1,3,False,86,
2022-06-30,2022-06-29,2022,137,203,40,34,.541,6.0,1.0,3,4,7,False,83,
2022-06-30,2022-06-29,2022,109,203,34,42,.447,13.0,8.0,4,7,10,False,75,
2022-06-30,2022-06-29,2022,115,203,33,43,.434,14.0,9.0,5,8,11,False,74,
2022-07-01,2022-06-30,2022,147,201,56,21,.727,-,-,1,,1,False,-,74
2022-07-01,2022-06-30,2022,141,201,43,33,.566,12.5,+2.5,2,1,3,False,74,
2022-07-01,2022-06-30,2022,111,201,43,33,.566,12.5,+2.5,3,2,4,False,74,
2022-07-01,2022-06-30,2022,139,201,40,35,.533,15.0,-,4,4,7,False,72,
2022-07-01,2022-06-30,2022,110,201,35,42,.455,21.0,6.0,5,9,12,False,65,
2022-07-01,2022-06-30,2022,142,202,43,36,.544,-,-,1,,5,False,-,86
2022-07-01,2022-06-30,2022,114,202,39,34,.534,1.0,-,2,3,6,False,86,
2022-07-01,2022-06-30,2022,145,202,35,39,.473,5.5,4.5,3,8,11,False,81,
2022-07-01,2022-06-30,2022,116,202,29,45,.392,11.5,10.5,4,10,13,False,75,
2022-07-01,2022-06-30,2022,118,202,27,47,.365,13.5,12.5,5,11,14,False,73,
2022-07-01,2022-06-30,2022,117,200,48,27,.640,-,-,1,,2,False,-,77
2022-07-01,2022-06-30,2022,140,200,36,38,.486,11.5,3.5,2,5,8,False,77,
2022-07-01,2022-06-30,2022,108,200,37,41,.474,12.5,4.5,3,6,9,False,74,
2022-07-01,2022-06-30,2022,136,200,37,41,.474,12.5,4.5,4,7,10,False,74,
2022-07-01,2022-06-30,2022,133,200,25,53,.321,24.5,16.5,5,12,15,False,62,
2022-07-01,2022-06-30,2022,121,204,47,29,.618,-,-,1,,2,False,-,83
2022-07-01,2022-06-30,2022,144,204,44,33,.571,3.5,+1.5,2,2,4,False,83,
2022-07-01,2022-06-30,2022,143,204,40,37,.519,7.5,2.5,3,5,8,False,79,
2022-07-01,2022-06-30,2022,146,204,34,40,.459,12.0,7.0,4,6,9,False,76,
2022-07-01,2022-06-30,2022,120,204,29,49,.372,19.0,14.0,5,11,14,False,67,
2022-07-01,2022-06-30,2022,158,205,44,34,.564,-,-,1,,5,False,-,84
2022-07-01,2022-06-30,2022,138,205,43,35,.551,1.0,-,2,3,6,False,84,
2022-07-01,2022-06-30,2022,134,205,31,45,.408,12.0,11.0,3,9,12,False,74,
2022-07-01,2022-06-30,2022,112,205,30,46,.395,13.0,12.0,4,10,13,False,73,
2022-07-01,2022-06-30,2022,113,205,26,49,.347,16.5,15.5,5,12,15,False,70,
2022-07-01,2022-06-30,2022,119,203,47,28,.627,-,-,1,,1,False,-,84
2022-07-01,2022-06-30,2022,135,203,46,32,.590,2.5,+3.0,2,1,3,False,84,
2022-07-01,2022-06-30,2022,137,203,40,34,.541,6.5,1.0,3,4,7,False,82,
2022-07-01,2022-06-30,2022,109,203,34,42,.447,13.5,8.0,4,7,10,False,74,
2022-07-01,2022-06-30,2022,115,203,33,43,.434,14.5,9.0,5,8,11,False,73,
2022-07-02,2022-07-01,2022,147,201,56,21,.727,-,-,1,,1,False,-,74
2022-07-02,2022-07-01,2022,141,201,44,33,.571,12.0,+3.0,2,1,3,False,74,
2022-07-02,2022-07-01,2022,111,201,43,34,.558,13.0,+2.0,3,2,4,False,73,
2022-07-02,2022-07-01,2022,139,201,40,36,.526,15.5,0.5,4,4,7,False,71,
2022-07-02,2022-07-01,2022,110,201,35,43,.449,21.5,6.5,5,9,12,False,64,
2022-07-02,2022-07-01,2022,142,202,44,36,.550,-,-,1,,5,False,-,85
2022-07-02,2022-07-01,2022,114,202,39,34,.534,1.5,-,2,3,6,False,85,
2022-07-02,2022-07-01,2022,145,202,36,39,.480,5.5,4.0,3,6,9,False,80,
2022-07-02,2022-07-01,2022,116,202,29,46,.387,12.5,11.0,4,10,13,False,73,
2022-07-02,2022-07-01,2022,118,202,28,47,.373,13.5,12.0,5,11,14,False,72,
2022-07-02,2022-07-01,2022,117,200,49,27,.645,-,-,1,,2,False,-,75
2022-07-02,2022-07-01,2022,140,200,36,39,.480,12.5,4.0,2,5,8,False,75,
2022-07-02,2022-07-01,2022,108,200,37,42,.468,13.5,5.0,3,7,10,False,72,
2022-07-02,2022-07-01,2022,136,200,37,42,.468,13.5,5.0,4,8,11,False,72,
2022-07-02,2022-07-01,2022,133,200,26,53,.329,24.5,16.0,5,12,15,False,61,
2022-07-02,2022-07-01,2022,121,204,48,29,.623,-,-,1,,2,False,-,82
2022-07-02,2022-07-01,2022,144,204,45,33,.577,3.5,+2.5,2,2,4,False,82,
2022-07-02,2022-07-01,2022,143,204,41,37,.526,7.5,1.5,3,5,8,False,78,
2022-07-02,2022-07-01,2022,146,204,35,40,.467,12.0,6.0,4,6,9,False,75,
2022-07-02,2022-07-01,2022,120,204,29,50,.367,20.0,14.0,5,11,14,False,65,
2022-07-02,2022-07-01,2022,158,205,45,34,.570,-,-,1,,5,False,-,82
2022-07-02,2022-07-01,2022,138,205,43,36,.544,2.0,-,2,3,6,False,82,
2022-07-02,2022-07-01,2022,134,205,31,46,.403,13.0,11.0,3,9,12,False,72,
2022-07-02,2022-07-01,2022,112,205,31,46,.403,13.0,11.0,4,10,13,False,72,
2022-07-02,2022-07-01,2022,113,205,26,50,.342,17.5,15.5,5,12,15,False,68,
2022-07-02,2022-07-01,2022,119,203,48,28,.632,-,-,1,,1,False,-,82
2022-07-02,2022-07-01,2022,135,203,46,33,.582,3.5,+3.0,2,1,3,False,82,
2022-07-02,2022-07-01,2022,137,203,40,35,.533,7.5,1.0,3,4,7,False,80,
2022-07-02,2022-07-01,2022,109,203,35,42,.455,13.5,7.0,4,7,10,False,73,
2022-07-02,2022-07-01,2022,115,203,33,44,.429,15.5,9.0,5,8,11,False,71,
2022-07-03,2022-07-02,2022,147,201,58,21,.734,-,-,1,,1,False,-,70
2022-07-03,2022-07-02,2022,141,201,44,35,.557,14.0,+1.5,2,1,3,False,70,
2022-07-03,2022-07-02,2022,111,201,43,35,.551,14.5,+1.0,3,2,5,False,70,
2022-07-03,2022-07-02,2022,139,201,42,36,.538,15.5,-,4,3,6,False,69,
2022-07-03,2022-07-02,2022,110,201,35,44,.443,23.0,7.5,5,9,12,False,61,
2022-07-03,2022-07-02,2022,142,202,45,36,.556,-,-,1,,4,False,-,82
2022-07-03,2022-07-02,2022,114,202,39,36,.520,3.0,1.5,2,4,7,False,82,
2022-07-03,2022-07-02,2022,145,202,37,39,.487,5.5,4.0,3,6,9,False,79,
2022-07-03,2022-07-02,2022,116,202,30,46,.395,12.5,11.0,4,10,13,False,72,
2022-07-03,2022-07-02,2022,118,202,28,48,.368,14.5,13.0,5,11,14,False,70,
2022-07-03,2022-07-02,2022,117,200,50,27,.649,-,-,1,,2,False,-,74
2022-07-03,2022-07-02,2022,140,200,37,39,.487,12.5,4.0,2,5,8,False,74,
2022-07-03,2022-07-02,2022,136,200,38,42,.475,13.5,5.0,3,7,10,False,71,
2022-07-03,2022-07-02,2022,108,200,37,43,.463,14.5,6.0,4,8,11,False,70,
2022-07-03,2022-07-02,2022,133,200,26,54,.325,25.5,17.0,5,12,15,False,59,
2022-07-03,2022-07-02,2022,121,204,48,30,.615,-,-,1,,2,False,-,82
2022-07-03,2022-07-02,2022,144,204,46,33,.582,2.5,+2.5,2,1,3,False,82,
2022-07-03,2022-07-02,2022,143,204,41,38,.519,7.5,2.5,3,5,8,False,77,
2022-07-03,2022-07-02,2022,146,204,36,40,.474,11.0,6.0,4,6,9,False,75,
2022-07-03,2022-07-02,2022,120,204,29,51,.363,20.0,15.0,5,11,14,False,64,
2022-07-03,2022-07-02,2022,158,205,45,35,.563,-,-,1,,5,False,-,82
2022-07-03,2022-07-02,2022,138,205,44,36,.550,1.0,-,2,3,6,False,82,
2022-07-03,2022-07-02,2022,134,205,32,46,.410,12.0,11.0,3,9,12,False,72,
2022-07-03,2022-07-02,2022,112,205,32,46,.410,12.0,11.0,4,10,13,False,72,
2022-07-03,2022-07-02,2022,113,205,26,51,.338,17.5,16.5,5,12,15,False,67,
2022-07-03,2022-07-02,2022,119,203,49,28,.636,-,-,1,,1,False,-,80
2022-07-03,2022-07-02,2022,135,203,46,34,.575,4.5,+2.0,2,2,4,False,80,
2022-07-03,2022-07-02,2022,137,203,40,36,.526,8.5,2.0,3,4,7,False,78,
2022-07-03,2022-07-02,2022,109,203,35,43,.449,14.5,8.0,4,7,10,False,71,
2022-07-03,2022-07-02,2022,115,203,34,44,.436,15.5,9.0,5,8,11,False,70,
2022-07-04,2022-07-03,2022,147,201,58,22,.725,-,-,1,,1,False,-,70
2022-07-04,2022-07-03,2022,111,201,44,35,.557,13.5,+1.0,2,1,3,False,70,
2022-07-04,2022-07-03,2022,141,201,44,36,.550,14.0,+0.5,3,2,4,False,69,
2022-07-04,2022-07-03,2022,139,201,43,36,.544,14.5,-,4,3,6,False,69,
2022-07-04,2022-07-03,2022,110,201,36,44,.450,22.0,7.5,5,9,12,False,61,
2022-07-04,2022-07-03,2022,142,202,45,37,.549,-,-,1,,5,False,-,82
2022-07-04,2022-07-03,2022,114,202,40,36,.526,2.0,1.5,2,4,7,False,82,
2022-07-04,2022-07-03,2022,145,202,38,39,.494,4.5,4.0,3,5,8,False,79,
2022-07-04,2022-07-03,2022,116,202,30,47,.390,12.5,12.0,4,10,13,False,71,
2022-07-04,2022-07-03,2022,118,202,29,48,.377,13.5,13.0,5,11,14,False,70,
2022-07-04,2022-07-03,2022,117,200,51,27,.654,-,-,1,,2,False,-,70
2022-07-04,2022-07-03,2022,136,200,39,42,.481,13.5,5.0,2,6,9,False,70,
2022-07-04,2022-07-03,2022,140,200,37,40,.481,13.5,5.0,3,7,10,False,72,
2022-07-04,2022-07-03,2022,108,200,37,44,.457,15.5,7.0,4,8,11,False,68,
2022-07-04,2022-07-03,2022,133,200,26,55,.321,26.5,18.0,5,12,15,False,57,
2022-07-04,2022-07-03,2022,121,204,49,30,.620,-,-,1,,2,False,-,80
2022-07-04,2022-07-03,2022,144,204,46,34,.575,3.5,+2.5,2,2,4,False,80,
2022-07-04,2022-07-03,2022,143,204,42,38,.525,7.5,1.5,3,4,7,False,76,
2022-07-04,2022-07-03,2022,146,204,37,40,.481,11.0,5.0,4,6,9,False,74,
2022-07-04,2022-07-03,2022,120,204,29,52,.358,21.0,15.0,5,11,14,False,62,
2022-07-04,2022-07-03,2022,158,205,46,35,.568,-,-,1,,5,False,-,80
2022-07-04,2022-07-03,2022,138,205,44,37,.543,2.0,-,2,3,6,False,80,
2022-07-04,2022-07-03,2022,134,205,32,47,.405,13.0,11.0,3,9,12,False,70,
2022-07-04,2022-07-03,2022,112,205,32,47,.405,13.0,11.0,4,10,13,False,70,
2022-07-04,2022-07-03,2022,113,205,27,51,.346,17.5,15.5,5,12,15,False,66,
2022-07-04,2022-07-03,2022,119,203,49,29,.628,-,-,1,,1,False,-,80
2022-07-04,2022-07-03,2022,135,203,47,34,.580,3.5,+3.0,2,1,3,False,80,
2022-07-04,2022-07-03,2022,137,203,40,37,.519,8.5,2.0,3,5,8,False,77,
2022-07-04,2022-07-03,2022,115,203,35,44,.443,14.5,8.0,4,7,10,False,70,
2022-07-04,2022-07-03,2022,109,203,35,44,.443,14.5,8.0,5,8,11,False,70,
2022-07-05,2022-07-04,2022,147,201,58,22,.725,-,-,1,,1,False,-,70
2022-07-05,2022-07-04,2022,111,201,45,35,.563,13.0,+2.0,2,1,3,False,70,
2022-07-05,2022-07-04,2022,141,201,44,37,.543,14.5,+0.5,3,2,5,False,68,
2022-07-05,2022-07-04,2022,139,201,43,37,.538,15.0,-,4,3,6,False,68,
2022-07-05,2022-07-04,2022,110,201,37,44,.457,21.5,6.5,5,8,11,False,61,
2022-07-05,2022-07-04,2022,142,202,46,37,.554,-,-,1,,4,False,-,79
2022-07-05,2022-07-04,2022,114,202,40,38,.513,3.5,2.0,2,4,7,False,79,
2022-07-05,2022-07-04,2022,145,202,38,40,.487,5.5,4.0,3,6,9,False,77,
2022-07-05,2022-07-04,2022,116,202,32,47,.405,12.0,10.5,4,10,13,False,70,
2022-07-05,2022-07-04,2022,118,202,29,49,.372,14.5,13.0,5,11,14,False,68,
2022-07-05,2022-07-04,2022,117,200,52,27,.658,-,-,1,,2,False,-,69
2022-07-05,2022-07-04,2022,136,200,40,42,.488,13.5,4.0,2,5,8,False,69,
2022-07-05,2022-07-04,2022,140,200,37,41,.474,14.5,5.0,3,7,10,False,70,
2022-07-05,2022-07-04,2022,108,200,37,44,.457,16.0,6.5,4,9,12,False,67,
2022-07-05,2022-07-04,2022,133,200,27,55,.329,26.5,17.0,5,12,15,False,56,
2022-07-05,2022-07-04,2022,121,204,50,30,.625,-,-,1,,2,False,-,79
2022-07-05,2022-07-04,2022,144,204,47,34,.580,3.5,+3.5,2,1,3,False,79,
2022-07-05,2022-07-04,2022,143,204,42,38,.525,8.0,1.0,3,4,7,False,75,
2022-07-05,2022-07-04,2022,146,204,38,40,.487,11.0,4.0,4,6,9,False,73,
2022-07-05,2022-07-04,2022,120,204,29,53,.354,22.0,15.0,5,11,14,False,60,
2022-07-05,2022-07-04,2022,158,205,47,35,.573,-,-,1,,5,False,-,78
2022-07-05,2022-07-04,2022,138,205,44,38,.537,3.0,-,2,3,6,False,78,
2022-07-05,2022-07-04,2022,134,205,32,47,.405,13.5,10.5,3,9,12,False,69,
2022-07-05,2022-07-04,2022,112,205,32,48,.400,14.0,11.0,4,10,13,False,68,
2022-07-05,2022-07-04,2022,113,205,27,52,.342,18.5,15.5,5,12,15,False,64,
2022-07-05,2022-07-04,2022,119,203,50,29,.633,-,-,1,,1,False,-,78
2022-07-05,2022-07-04,2022,135,203,47,35,.573,4.5,+3.0,2,2,4,False,78,
2022-07-05,2022-07-04,2022,137,203,40,38,.513,9.5,2.0,3,5,8,False,75,
2022-07-05,2022-07-04,2022,109,203,36,44,.450,14.5,7.0,4,7,10,False,69,
2022-07-05,2022-07-04,2022,115,203,35,45,.438,15.5,8.0,5,8,11,False,68,
2022-07-06,2022-07-05,2022,147,201,58,23,.716,-,-,1,,1,False,-,69
2022-07-06,2022-07-05,2022,111,201,45,36,.556,13.0,+1.5,2,1,4,False,69,
2022-07-06,2022-07-05,2022,139,201,44,37,.543,14.0,+0.5,3,2,5,False,68,
2022-07-06,2022-07-05,2022,141,201,44,38,.537,14.5,-,4,3,6,False,67,
2022-07-06,2022-07-05,2022,110,201,38,44,.463,20.5,6.0,5,8,11,False,61,
2022-07-06,2022-07-05,2022,142,202,47,37,.560,-,-,1,,3,False,-,77
2022-07-06,2022-07-05,2022,114,202,40,39,.506,4.5,2.5,2,4,7,False,77,
2022-07-06,2022-07-05,2022,145,202,38,41,.481,6.5,4.5,3,6,9,False,75,
2022-07-06,2022-07-05,2022,116,202,33,47,.413,12.0,10.0,4,10,13,False,69,
2022-07-06,2022-07-05,2022,118,202,29,50,.367,15.5,13.5,5,11,14,False,66,
2022-07-06,2022-07-05,2022,117,200,53,27,.663,-,-,1,,2,False,-,68
2022-07-06,2022-07-05,2022,136,200,41,42,.494,13.5,3.5,2,5,8,False,68,
2022-07-06,2022-07-05,2022,140,200,37,42,.468,15.5,5.5,3,7,10,False,68,
2022-07-06,2022-07-05,2022,108,200,37,45,.451,17.0,7.0,4,9,12,False,65,
2022-07-06,2022-07-05,2022,133,200,28,55,.337,26.5,16.5,5,12,15,False,55,
2022-07-06,2022-07-05,2022,121,204,50,31,.617,-,-,1,,2,False,-,79
2022-07-06,2022-07-05,2022,144,204,48,34,.585,2.5,+4.5,2,1,3,False,79,
2022-07-06,2022-07-05,2022,143,204,43,38,.531,7.0,-,3,3,6,False,75,
2022-07-06,2022-07-05,2022,146,204,39,40,.494,10.0,3.0,4,6,9,False,73,
2022-07-06,2022-07-05,2022,120,204,29,54,.349,22.0,15.0,5,12,15,False,59,
2022-07-06,2022-07-05,2022,158,205,47,36,.566,-,-,1,,5,False,-,77
2022-07-06,2022-07-05,2022,138,205,44,39,.530,3.0,-,2,4,7,False,77,
2022-07-06,2022-07-05,2022,134,205,33,47,.413,12.5,9.5,3,9,12,False,69,
2022-07-06,2022-07-05,2022,112,205,33,48,.407,13.0,10.0,4,10,13,False,68,
2022-07-06,2022-07-05,2022,113,205,28,52,.350,17.5,14.5,5,11,14,False,64,
2022-07-06,2022-07-05,2022,119,203,51,29,.638,-,-,1,,1,False,-,76
2022-07-06,2022-07-05,2022,135,203,47,36,.566,5.5,+3.0,2,2,4,False,76,
2022-07-06,2022-07-05,2022,137,203,40,39,.506,10.5,2.0,3,5,8,False,73,
2022-07-06,2022-07-05,2022,109,203,37,44,.457,14.5,6.0,4,7,10,False,68,
2022-07-06,2022-07-05,2022,115,203,35,46,.432,16.5,8.0,5,8,11,False,66,
2022-07-07,2022-07-06,2022,147,201,59,23,.720,-,-,1,,1,False,-,67
2022-07-07,2022-07-06,2022,139,201,45,37,.549,14.0,+0.5,2,1,4,False,67,
2022-07-07,2022-07-06,2022,111,201,45,37,.549,14.0,+0.5,3,2,5,False,67,
2022-07-07,2022-07-06,2022,141,201,45,38,.542,14.5,-,4,3,6,False,66,
2022-07-07,2022-07-06,2022,110,201,39,44,.470,20.5,6.0,5,7,10,False,60,
2022-07-07,2022-07-06,2022,142,202,47,38,.553,-,-,1,,3,False,-,76
2022-07-07,2022-07-06,2022,114,202,40,40,.500,4.5,3.5,2,4,7,False,76,
2022-07-07,2022-07-06,2022,145,202,39,41,.488,5.5,4.5,3,6,9,False,75,
2022-07-07,2022-07-06,2022,116,202,34,47,.420,11.0,10.0,4,10,13,False,69,
2022-07-07,2022-07-06,2022,118,202,30,50,.375,14.5,13.5,5,11,14,False,66,
2022-07-07,2022-07-06,2022,117,200,53,28,.654,-,-,1,,2,False,-,68
2022-07-07,2022-07-06,2022,136,200,41,42,.494,13.0,4.0,2,5,8,False,68,
2022-07-07,2022-07-06,2022,140,200,37,43,.463,15.5,6.5,3,8,11,False,67,
2022-07-07,2022-07-06,2022,108,200,38,45,.458,16.0,7.0,4,9,12,False,65,
2022-07-07,2022-07-06,2022,133,200,28,56,.333,26.5,17.5,5,12,15,False,54,
2022-07-07,2022-07-06,2022,121,204,51,31,.622,-,-,1,,2,False,-,78
2022-07-07,2022-07-06,2022,144,204,49,34,.590,2.5,+5.5,2,1,3,False,78,
2022-07-07,2022-07-06,2022,143,204,43,39,.524,8.0,-,3,3,6,False,73,
2022-07-07,2022-07-06,2022,146,204,39,41,.488,11.0,3.0,4,6,9,False,71,
2022-07-07,2022-07-06,2022,120,204,30,54,.357,22.0,14.0,5,11,14,False,58,
2022-07-07,2022-07-06,2022,158,205,47,37,.560,-,-,1,,5,False,-,76
2022-07-07,2022-07-06,2022,138,205,44,40,.524,3.0,-,2,4,7,False,76,
2022-07-07,2022-07-06,2022,112,205,34,48,.415,12.0,9.0,3,9,12,False,68,
2022-07-07,2022-07-06,2022,134,205,33,48,.407,12.5,9.5,4,10,13,False,68,
2022-07-07,2022-07-06,2022,113,205,28,53,.346,17.5,14.5,5,12,15,False,63,
2022-07-07,2022-07-06,2022,119,203,52,29,.642,-,-,1,,1,False,-,75
2022-07-07,2022-07-06,2022,135,203,47,36,.566,6.0,+3.5,2,2,4,False,75,
2022-07-07,2022-07-06,2022,137,203,41,39,.513,10.5,1.0,3,5,8,False,72,
2022-07-07,2022-07-06,2022,109,203,37,45,.451,15.5,6.0,4,7,10,False,66,
2022-07-07,2022-07-06,2022,115,203,35,47,.427,17.5,8.0,5,8,11,False,64,
2022-07-08,2022-07-07,2022,147,201,60,23,.723,-,-,1,,1,False,-,66
2022-07-08,2022-07-07,2022,139,201,45,37,.549,14.5,+1.0,2,1,4,False,66,
2022-07-08,2022-07-07,2022,111,201,45,38,.542,15.0,+0.5,3,2,5,False,65,
2022-07-08,2022-07-07,2022,141,201,45,39,.536,15.5,-,4,3,6,False,64,
2022-07-08,2022-07-07,2022,110,201,40,44,.476,20.5,5.0,5,7,10,False,59,
2022-07-08,2022-07-07,2022,142,202,47,38,.553,-,-,1,,3,False,-,76
2022-07-08,2022-07-07,2022,114,202,40,40,.500,4.5,3.0,2,5,8,False,76,
2022-07-08,2022-07-07,2022,145,202,39,42,.481,6.0,4.5,3,6,9,False,74,
2022-07-08,2022-07-07,2022,116,202,35,47,.427,10.5,9.0,4,10,13,False,69,
2022-07-08,2022-07-07,2022,118,202,30,51,.370,15.0,13.5,5,11,14,False,65,
2022-07-08,2022-07-07,2022,117,200,54,28,.659,-,-,1,,2,False,-,67
2022-07-08,2022-07-07,2022,136,200,42,42,.500,13.0,3.0,2,4,7,False,67,
2022-07-08,2022-07-07,2022,140,200,37,43,.463,16.0,6.0,3,8,11,False,66,
2022-07-08,2022-07-07,2022,108,200,38,46,.452,17.0,7.0,4,9,12,False,63,
2022-07-08,2022-07-07,2022,133,200,28,56,.333,27.0,17.0,5,12,15,False,53,
2022-07-08,2022-07-07,2022,121,204,52,31,.627,-,-,1,,2,False,-,76
2022-07-08,2022-07-07,2022,144,204,49,35,.583,3.5,+4.5,2,1,3,False,76,
2022-07-08,2022-07-07,2022,143,204,44,39,.530,8.0,-,3,3,6,False,72,
2022-07-08,2022-07-07,2022,146,204,39,42,.481,12.0,4.0,4,6,9,False,69,
2022-07-08,2022-07-07,2022,120,204,30,55,.353,23.0,15.0,5,11,14,False,56,
2022-07-08,2022-07-07,2022,158,205,47,37,.560,-,-,1,,5,False,-,76
2022-07-08,2022-07-07,2022,138,205,45,40,.529,2.5,-,2,4,7,False,76,
2022-07-08,2022-07-07,2022,134,205,34,49,.410,12.5,10.0,3,9,12,False,67,
2022-07-08,2022-07-07,2022,112,205,34,49,.410,12.5,10.0,4,10,13,False,67,
2022-07-08,2022-07-07,2022,113,205,29,54,.349,17.5,15.0,5,12,15,False,62,
2022-07-08,2022-07-07,2022,119,203,53,29,.646,-,-,1,,1,False,-,74
2022-07-08,2022-07-07,2022,135,203,48,36,.571,6.0,+3.5,2,2,4,False,74,
2022-07-08,2022-07-07,2022,137,203,41,40,.506,11.5,2.0,3,5,8,False,70,
2022-07-08,2022-07-07,2022,109,203,37,46,.446,16.5,7.0,4,7,10,False,64,
2022-07-08,2022-07-07,2022,115,203,36,47,.434,17.5,8.0,5,8,11,False,63,
2022-07-09,2022-07-08,2022,147,201,61,23,.726,-,-,1,,1,False,-,64
2022-07-09,2022-07-08,2022,139,201,45,38,.542,15.5,+1.0,2,1,4,False,64,
2022-07-09,2022-07-08,2022,111,201,45,39,.536,16.0,+0.5,3,2,5,False,63,
2022-07-09,2022-07-08,2022,141,201,45,40,.529,16.5,-,4,3,6,False,62,
2022-07-09,2022-07-08,2022,110,201,41,44,.482,20.5,4.0,5,6,9,False,58,
2022-07-09,2022-07-08,2022,142,202,47,39,.547,-,-,1,,3,False,-,75
2022-07-09,2022-07-08,2022,114,202,40,41,.494,4.5,3.0,2,5,8,False,75,
2022-07-09,2022-07-08,2022,145,202,39,43,.476,6.0,4.5,3,7,10,False,73,
2022-07-09,2022-07-08,2022,116,202,36,47,.434,9.5,8.0,4,10,13,False,69,
2022-07-09,2022-07-08,2022,118,202,31,51,.378,14.0,12.5,5,11,14,False,65,
2022-07-09,2022-07-08,2022,117,200,55,28,.663,-,-,1,,2,False,-,66
2022-07-09,2022-07-08,2022,136,200,43,42,.506,13.0,2.0,2,4,7,False,66,
2022-07-09,2022-07-08,2022,140,200,38,43,.469,16.0,5.0,3,8,11,False,65,
2022-07-09,2022-07-08,2022,108,200,38,47,.447,18.0,7.0,4,9,12,False,61,
2022-07-09,2022-07-08,2022,133,200,28,57,.329,28.0,17.0,5,12,15,False,51,
2022-07-09,2022-07-08,2022,121,204,52,32,.619,-,-,1,,2,False,-,76
2022-07-09,2022-07-08,2022,144,204,50,35,.588,2.5,+4.5,2,1,3,False,76,
2022-07-09,2022-07-08,2022,143,204,45,39,.536,7.0,-,3,3,6,False,72,
2022-07-09,2022-07-08,2022,146,204,40,42,.488,11.0,4.0,4,6,9,False,69,
2022-07-09,2022-07-08,2022,120,204,30,56,.349,23.0,16.0,5,12,15,False,55,
2022-07-09,2022-07-08,2022,158,205,48,37,.565,-,-,1,,5,False,-,74
2022-07-09,2022-07-08,2022,138,205,45,41,.523,3.5,1.0,2,4,7,False,74,
2022-07-09,2022-07-08,2022,134,205,34,50,.405,13.5,11.0,3,9,12,False,65,
2022-07-09,2022-07-08,2022,112,205,34,50,.405,13.5,11.0,4,10,13,False,65,
2022-07-09,2022-07-08,2022,113,205,30,54,.357,17.5,15.0,5,11,14,False,61,
2022-07-09,2022-07-08,2022,119,203,54,29,.651,-,-,1,,1,False,-,73
2022-07-09,2022-07-08,2022,135,203,49,36,.576,6.0,+3.5,2,2,4,False,73,
2022-07-09,2022-07-08,2022,137,203,41,41,.500,12.5,3.0,3,5,8,False,68,
2022-07-09,2022-07-08,2022,115,203,37,47,.440,17.5,8.0,4,7,10,False,62,
2022-07-09,2022-07-08,2022,109,203,37,47,.440,17.5,8.0,5,8,11,False,62,
2022-07-10,2022-07-09,2022,147,201,61,24,.718,-,-,1,,1,False,-,63
2022-07-10,2022-07-09,2022,111,201,46,39,.541,15.0,+1.5,2,1,3,False,63,
2022-07-10,2022-07-09,2022,139,201,45,39,.536,15.5,+1.0,3,2,5,False,63,
2022-07-10,2022-07-09,2022,141,201,45,41,.523,16.5,-,4,3,6,False,61,
2022-07-10,2022-07-09,2022,110,201,42,44,.488,19.5,3.0,5,6,9,False,58,
2022-07-10,2022-07-09,2022,142,202,47,40,.540,-,-,1,,4,False,-,75
2022-07-10,2022-07-09,2022,114,202,41,41,.500,3.5,2.0,2,5,8,False,75,
2022-07-10,2022-07-09,2022,145,202,40,43,.482,5.0,3.5,3,7,10,False,73,
2022-07-10,2022-07-09,2022,116,202,36,48,.429,9.5,8.0,4,10,13,False,68,
2022-07-10,2022-07-09,2022,118,202,31,52,.373,14.0,12.5,5,11,14,False,64,
2022-07-10,2022-07-09,2022,117,200,55,29,.655,-,-,1,,2,False,-,66
2022-07-10,2022-07-09,2022,136,200,44,42,.512,12.0,1.0,2,4,7,False,66,
2022-07-10,2022-07-09,2022,140,200,39,43,.476,15.0,4.0,3,8,11,False,65,
2022-07-10,2022-07-09,2022,108,200,38,48,.442,18.0,7.0,4,9,12,False,60,
2022-07-10,2022-07-09,2022,133,200,29,57,.337,27.0,16.0,5,12,15,False,51,
2022-07-10,2022-07-09,2022,121,204,53,32,.624,-,-,1,,2,False,-,75
2022-07-10,2022-07-09,2022,144,204,51,35,.593,2.5,+4.5,2,1,3,False,75,
2022-07-10,2022-07-09,2022,143,204,46,39,.541,7.0,-,3,3,6,False,71,
2022-07-10,2022-07-09,2022,146,204,40,43,.482,12.0,5.0,4,6,9,False,67,
2022-07-10,2022-07-09,2022,120,204,30,57,.345,24.0,17.0,5,12,15,False,53,
2022-07-10,2022-07-09,2022,158,205,48,38,.558,-,-,1,,5,False,-,73
2022-07-10,2022-07-09,2022,138,205,45,42,.517,3.5,2.0,2,4,7,False,73,
2022-07-10,2022-07-09,2022,134,205,35,50,.412,12.5,11.0,3,9,12,False,65,
2022-07-10,2022-07-09,2022,112,205,34,51,.400,13.5,12.0,4,10,13,False,64,
2022-07-10,2022-07-09,2022,113,205,31,54,.365,16.5,15.0,5,11,14,False,61,
2022-07-10,2022-07-09,2022,119,203,55,29,.655,-,-,1,,1,False,-,71
2022-07-10,2022-07-09,2022,135,203,49,37,.570,7.0,+2.5,2,2,4,False,71,
2022-07-10,2022-07-09,2022,137,203,42,41,.506,12.5,3.0,3,5,8,False,67,
2022-07-10,2022-07-09,2022,109,203,38,47,.447,17.5,8.0,4,7,10,False,61,
2022-07-10,2022-07-09,2022,115,203,37,48,.435,18.5,9.0,5,8,11,False,60,
2022-07-11,2022-07-10,2022,147,201,61,25,.709,-,-,1,,1,False,-,63
2022-07-11,2022-07-10,2022,111,201,47,39,.547,14.0,+2.5,2,1,3,False,63,
2022-07-11,2022-07-10,2022,139,201,45,40,.529,15.5,+1.0,3,2,5,False,62,
2022-07-11,2022-07-10,2022,141,201,45,42,.517,16.5,-,4,4,7,False,60,
2022-07-11,2022-07-10,2022,110,201,43,44,.494,18.5,2.0,5,5,8,False,58,
2022-07-11,2022-07-10,2022,142,202,48,40,.545,-,-,1,,4,False,-,73
2022-07-11,2022-07-10,2022,114,202,41,42,.494,4.5,2.0,2,6,9,False,73,
2022-07-11,2022-07-10,2022,145,202,41,43,.488,5.0,2.5,3,7,10,False,72,
2022-07-11,2022-07-10,2022,116,202,36,49,.424,10.5,8.0,4,10,13,False,66,
2022-07-11,2022-07-10,2022,118,202,32,52,.381,14.0,11.5,5,11,14,False,63,
2022-07-11,2022-07-10,2022,117,200,56,29,.659,-,-,1,,2,False,-,65
2022-07-11,2022-07-10,2022,136,200,45,42,.517,12.0,-,2,3,6,False,65,
2022-07-11,2022-07-10,2022,140,200,39,44,.470,16.0,4.0,3,8,11,False,63,
2022-07-11,2022-07-10,2022,108,200,38,49,.437,19.0,7.0,4,9,12,False,58,
2022-07-11,2022-07-10,2022,133,200,29,58,.333,28.0,16.0,5,12,15,False,49,
2022-07-11,2022-07-10,2022,121,204,53,33,.616,-,-,1,,2,False,-,75
2022-07-11,2022-07-10,2022,144,204,52,35,.598,1.5,+5.5,2,1,3,False,75,
2022-07-11,2022-07-10,2022,143,204,46,40,.535,7.0,-,3,3,6,False,70,
2022-07-11,2022-07-10,2022,146,204,41,43,.488,11.0,4.0,4,6,9,False,67,
2022-07-11,2022-07-10,2022,120,204,30,58,.341,24.0,17.0,5,12,15,False,52,
2022-07-11,2022-07-10,2022,158,205,48,39,.552,-,-,1,,5,False,-,73
2022-07-11,2022-07-10,2022,138,205,46,42,.523,2.5,1.0,2,4,7,False,73,
2022-07-11,2022-07-10,2022,134,205,36,50,.419,11.5,10.0,3,9,12,False,65,
2022-07-11,2022-07-10,2022,112,205,34,52,.395,13.5,12.0,4,10,13,False,63,
2022-07-11,2022-07-10,2022,113,205,32,54,.372,15.5,14.0,5,11,14,False,61,
2022-07-11,2022-07-10,2022,119,203,56,29,.659,-,-,1,,1,False,-,69
2022-07-11,2022-07-10,2022,135,203,49,38,.563,8.0,+2.5,2,2,4,False,69,
2022-07-11,2022-07-10,2022,137,203,43,41,.512,12.5,2.0,3,5,8,False,66,
2022-07-11,2022-07-10,2022,115,203,38,48,.442,18.5,8.0,4,7,10,False,59,
2022-07-11,2022-07-10,2022,109,203,38,48,.442,18.5,8.0,5,8,11,False,59,
2022-07-12,2022-07-11,2022,147,201,61,25,.709,-,-,1,,1,False,-,62
2022-07-12,2022-07-11,2022,111,201,47,40,.540,14.5,+2.0,2,1,4,False,62,
2022-07-12,2022-07-11,2022,139,201,46,40,.535,15.0,+1.5,3,2,5,False,62,
2022-07-12,2022-07-11,2022,141,201,45,42,.517,16.5,-,4,4,7,False,60,
2022-07-12,2022-07-11,2022,110,201,43,44,.494,18.5,2.0,5,6,9,False,58,
2022-07-12,2022-07-11,2022,142,202,48,40,.545,-,-,1,,3,False,-,73
2022-07-12,2022-07-11,2022,114,202,42,42,.500,4.0,1.5,2,5,8,False,73,
2022-07-12,2022-07-11,2022,145,202,41,44,.482,5.5,3.0,3,7,10,False,71,
2022-07-12,2022-07-11,2022,116,202,36,51,.414,11.5,9.0,4,10,13,False,64,
2022-07-12,2022-07-11,2022,118,202,34,52,.395,13.0,10.5,5,11,14,False,63,
2022-07-12,2022-07-11,2022,117,200,56,29,.659,-,-,1,,2,False,-,65
2022-07-12,2022-07-11,2022,136,200,45,42,.517,12.0,-,2,3,6,False,65,
2022-07-12,2022-07-11,2022,140,200,40,44,.476,15.5,3.5,3,8,11,False,63,
2022-07-12,2022-07-11,2022,108,200,38,49,.437,19.0,7.0,4,9,12,False,58,
2022-07-12,2022-07-11,2022,133,200,29,59,.330,28.5,16.5,5,12,15,False,48,
2022-07-12,2022-07-11,2022,121,204,54,33,.621,-,-,1,,2,False,-,73
2022-07-12,2022-07-11,2022,144,204,52,36,.591,2.5,+5.5,2,1,3,False,73,
2022-07-12,2022-07-11,2022,143,204,46,41,.529,8.0,-,3,3,6,False,68,
2022-07-12,2022-07-11,2022,146,204,41,44,.482,12.0,4.0,4,6,9,False,65,
2022-07-12,2022-07-11,2022,120,204,30,58,.341,24.5,16.5,5,12,15,False,51,
2022-07-12,2022-07-11,2022,158,205,48,39,.552,-,-,1,,5,False,-,73
2022-07-12,2022-07-11,2022,138,205,47,42,.528,2.0,-,2,4,7,False,73,
2022-07-12,2022-07-11,2022,134,205,37,50,.425,11.0,9.0,3,9,12,False,65,
2022-07-12,2022-07-11,2022,112,205,34,52,.395,13.5,11.5,4,10,13,False,63,
2022-07-12,2022-07-11,2022,113,205,32,54,.372,15.5,13.5,5,11,14,False,61,
2022-07-12,2022-07-11,2022,119,203,56,29,.659,-,-,1,,1,False,-,69
2022-07-12,2022-07-11,2022,135,203,50,38,.568,7.5,+3.5,2,2,4,False,69,
2022-07-12,2022-07-11,2022,137,203,43,42,.506,13.0,2.0,3,5,8,False,65,
2022-07-12,2022-07-11,2022,109,203,39,48,.448,18.0,7.0,4,7,10,False,59,
2022-07-12,2022-07-11,2022,115,203,38,49,.437,19.0,8.0,5,8,11,False,58,
2022-07-13,2022-07-12,2022,147,201,61,26,.701,-,-,1,,1,False,-,62
2022-07-13,2022-07-12,2022,139,201,47,40,.540,14.0,+1.5,2,1,3,False,62,
2022-07-13,2022-07-12,2022,111,201,47,41,.534,14.5,+1.0,3,2,5,False,61,
2022-07-13,2022-07-12,2022,141,201,46,42,.523,15.5,-,4,3,6,False,60,
2022-07-13,2022-07-12,2022,110,201,44,44,.500,17.5,2.0,5,6,9,False,58,
2022-07-13,2022-07-12,2022,142,202,48,41,.539,-,-,1,,4,False,-,72
2022-07-13,2022-07-12,2022,114,202,43,43,.500,3.5,2.0,2,5,8,False,72,
2022-07-13,2022-07-12,2022,145,202,42,45,.483,5.0,3.5,3,7,10,False,70,
2022-07-13,2022-07-12,2022,116,202,37,51,.420,10.5,9.0,4,10,13,False,64,
2022-07-13,2022-07-12,2022,118,202,34,53,.391,13.0,11.5,5,11,14,False,62,
2022-07-13,2022-07-12,2022,117,200,57,29,.663,-,-,1,,2,False,-,64
2022-07-13,2022-07-12,2022,136,200,45,42,.517,12.5,0.5,2,4,7,False,64,
2022-07-13,2022-07-12,2022,140,200,40,45,.471,16.5,4.5,3,8,11,False,61,
2022-07-13,2022-07-12,2022,108,200,38,50,.432,20.0,8.0,4,9,12,False,56,
2022-07-13,2022-07-12,2022,133,200,30,59,.337,28.5,16.5,5,12,15,False,47,
2022-07-13,2022-07-12,2022,121,204,54,34,.614,-,-,1,,2,False,-,73
2022-07-13,2022-07-12,2022,144,204,53,36,.596,1.5,+5.5,2,1,3,False,73,
2022-07-13,2022-07-12,2022,143,204,46,42,.523,8.0,1.0,3,4,7,False,67,
2022-07-13,2022-07-12,2022,146,204,41,45,.477,12.0,5.0,4,6,9,False,64,
2022-07-13,2022-07-12,2022,120,204,30,58,.341,24.0,17.0,5,12,15,False,51,
2022-07-13,2022-07-12,2022,158,205,49,39,.557,-,-,1,,5,False,-,72
2022-07-13,2022-07-12,2022,138,205,48,42,.533,2.0,-,2,3,6,False,72,
2022-07-13,2022-07-12,2022,134,205,38,50,.432,11.0,9.0,3,9,12,False,64,
2022-07-13,2022-07-12,2022,112,205,34,53,.391,14.5,12.5,4,10,13,False,61,
2022-07-13,2022-07-12,2022,113,205,33,54,.379,15.5,13.5,5,11,14,False,60,
2022-07-13,2022-07-12,2022,119,203,56,30,.651,-,-,1,,1,False,-,68
2022-07-13,2022-07-12,2022,135,203,50,39,.562,7.5,+2.5,2,2,4,False,68,
2022-07-13,2022-07-12,2022,137,203,44,42,.512,12.0,2.0,3,5,8,False,65,
2022-07-13,2022-07-12,2022,115,203,39,49,.443,18.0,8.0,4,7,10,False,58,
2022-07-13,2022-07-12,2022,109,203,39,49,.443,18.0,8.0,5,8,11,False,58,
2022-07-14,2022-07-13,2022,147,201,62,26,.705,-,-,1,,1,False,-,61
2022-07-14,2022-07-13,2022,139,201,48,40,.545,14.0,+1.5,2,1,3,False,61,
2022-07-14,2022-07-13,2022,141,201,47,42,.528,15.5,-,3,2,5,False,59,
2022-07-14,2022-07-13,2022,111,201,47,42,.528,15.5,-,4,3,6,False,59,
2022-07-14,2022-07-13,2022,110,201,45,44,.506,17.5,2.0,5,5,8,False,57,
2022-07-14,2022-07-13,2022,142,202,49,41,.544,-,-,1,,4,False,-,70
2022-07-14,2022-07-13,2022,114,202,43,44,.494,4.5,3.0,2,6,9,False,70,
2022-07-14,2022-07-13,2022,145,202,43,45,.489,5.0,3.5,3,7,10,False,69,
2022-07-14,2022-07-13,2022,116,202,37,52,.416,11.5,10.0,4,10,13,False,62,
2022-07-14,2022-07-13,2022,118,202,35,53,.398,13.0,11.5,5,11,14,False,61,
2022-07-14,2022-07-13,2022,117,200,57,30,.655,-,-,1,,2,False,-,64
2022-07-14,2022-07-13,2022,136,200,47,42,.528,11.0,-,2,4,7,False,64,
2022-07-14,2022-07-13,2022,140,200,41,45,.477,15.5,4.5,3,8,11,False,61,
2022-07-14,2022-07-13,2022,108,200,39,50,.438,19.0,8.0,4,9,12,False,56,
2022-07-14,2022-07-13,2022,133,200,30,60,.333,28.5,17.5,5,12,15,False,46,
2022-07-14,2022-07-13,2022,121,204,55,34,.618,-,-,1,,2,False,-,71
2022-07-14,2022-07-13,2022,144,204,53,37,.589,2.5,+5.5,2,1,3,False,71,
2022-07-14,2022-07-13,2022,143,204,46,43,.517,9.0,1.0,3,5,8,False,65,
2022-07-14,2022-07-13,2022,146,204,42,45,.483,12.0,4.0,4,6,9,False,63,
2022-07-14,2022-07-13,2022,120,204,30,60,.333,25.5,17.5,5,12,15,False,48,
2022-07-14,2022-07-13,2022,158,205,49,40,.551,-,-,1,,5,False,-,71
2022-07-14,2022-07-13,2022,138,205,48,43,.527,2.0,-,2,3,6,False,71,
2022-07-14,2022-07-13,2022,134,205,38,51,.427,11.0,9.0,3,9,12,False,63,
2022-07-14,2022-07-13,2022,112,205,34,54,.386,14.5,12.5,4,10,13,False,60,
2022-07-14,2022-07-13,2022,113,205,33,55,.375,15.5,13.5,5,11,14,False,59,
2022-07-14,2022-07-13,2022,119,203,57,30,.655,-,-,1,,1,False,-,66
2022-07-14,2022-07-13,2022,135,203,50,40,.556,8.5,+2.5,2,2,4,False,66,
2022-07-14,2022-07-13,2022,137,203,45,42,.517,12.0,1.0,3,4,7,False,64,
2022-07-14,2022-07-13,2022,115,203,40,49,.449,18.0,7.0,4,7,10,False,57,
2022-07-14,2022-07-13,2022,109,203,39,50,.438,19.0,8.0,5,8,11,False,56,
2022-07-15,2022-07-14,2022,147,201,62,27,.697,-,-,1,,1,False,-,61
2022-07-15,2022-07-14,2022,139,201,49,40,.551,13.0,+2.5,2,1,3,False,61,
2022-07-15,2022-07-14,2022,141,201,47,43,.522,15.5,-,3,3,6,False,58,
2022-07-15,2022-07-14,2022,111,201,47,43,.522,15.5,-,4,4,7,False,58,
2022-07-15,2022-07-14,2022,110,201,45,44,.506,17.0,1.5,5,5,8,False,57,
2022-07-15,2022-07-14,2022,142,202,49,42,.538,-,-,1,,4,False,-,70
2022-07-15,2022-07-14,2022,114,202,44,44,.500,3.5,2.0,2,6,9,False,70,
2022-07-15,2022-07-14,2022,145,202,44,45,.494,4.0,2.5,3,7,10,False,69,
2022-07-15,2022-07-14,2022,116,202,37,53,.411,11.5,10.0,4,10,13,False,61,
2022-07-15,2022-07-14,2022,118,202,36,53,.404,12.0,10.5,5,11,14,False,61,
2022-07-15,2022-07-14,2022,117,200,58,30,.659,-,-,1,,2,False,-,63
2022-07-15,2022-07-14,2022,136,200,48,42,.533,11.0,+1.0,2,2,5,False,63,
2022-07-15,2022-07-14,2022,140,200,41,46,.471,16.5,4.5,3,8,11,False,59,
2022-07-15,2022-07-14,2022,108,200,39,51,.433,20.0,8.0,4,9,12,False,54,
2022-07-15,2022-07-14,2022,133,200,30,60,.333,29.0,17.0,5,12,15,False,45,
2022-07-15,2022-07-14,2022,121,204,56,34,.622,-,-,1,,2,False,-,70
2022-07-15,2022-07-14,2022,144,204,54,37,.593,2.5,+6.5,2,1,3,False,70,
2022-07-15,2022-07-14,2022,143,204,46,43,.517,9.5,0.5,3,4,7,False,64,
2022-07-15,2022-07-14,2022,146,204,43,45,.489,12.0,3.0,4,6,9,False,62,
2022-07-15,2022-07-14,2022,120,204,30,61,.330,26.5,17.5,5,12,15,False,46,
2022-07-15,2022-07-14,2022,158,205,50,40,.556,-,-,1,,4,False,-,69
2022-07-15,2022-07-14,2022,138,205,48,44,.522,3.0,-,2,3,6,False,69,
2022-07-15,2022-07-14,2022,134,205,38,52,.422,12.0,9.0,3,9,12,False,61,
2022-07-15,2022-07-14,2022,112,205,34,55,.382,15.5,12.5,4,10,13,False,58,
2022-07-15,2022-07-14,2022,113,205,34,55,.382,15.5,12.5,5,11,14,False,58,
2022-07-15,2022-07-14,2022,119,203,58,30,.659,-,-,1,,1,False,-,64
2022-07-15,2022-07-14,2022,135,203,50,41,.549,9.5,+2.5,2,2,5,False,64,
2022-07-15,2022-07-14,2022,137,203,45,43,.511,13.0,1.0,3,5,8,False,62,
2022-07-15,2022-07-14,2022,115,203,41,49,.456,18.0,6.0,4,7,10,False,56,
2022-07-15,2022-07-14,2022,109,203,39,50,.438,19.5,7.5,5,8,11,False,55,
2022-07-16,2022-07-15,2022,147,201,62,28,.689,-,-,1,,1,False,-,61
2022-07-16,2022-07-15,2022,139,201,50,40,.556,12.0,+2.5,2,1,3,False,61,
2022-07-16,2022-07-15,2022,141,201,48,43,.527,14.5,-,3,3,6,False,58,
2022-07-16,2022-07-15,2022,111,201,48,43,.527,14.5,-,4,4,7,False,58,
2022-07-16,2022-07-15,2022,110,201,45,45,.500,17.0,2.5,5,6,9,False,56,
2022-07-16,2022-07-15,2022,142,202,49,43,.533,-,-,1,,5,False,-,70
2022-07-16,2022-07-15,2022,114,202,45,44,.506,2.5,2.0,2,5,8,False,70,
2022-07-16,2022-07-15,2022,145,202,45,45,.500,3.0,2.5,3,7,10,False,69,
2022-07-16,2022-07-15,2022,116,202,37,54,.407,11.5,11.0,4,10,13,False,60,
2022-07-16,2022-07-15,2022,118,202,36,54,.400,12.0,11.5,5,11,14,False,60,
2022-07-16,2022-07-15,2022,117,200,58,31,.652,-,-,1,,2,False,-,63
2022-07-16,2022-07-15,2022,136,200,49,42,.538,10.0,+1.0,2,2,4,False,63,
2022-07-16,2022-07-15,2022,140,200,41,47,.466,16.5,5.5,3,8,11,False,58,
2022-07-16,2022-07-15,2022,108,200,39,52,.429,20.0,9.0,4,9,12,False,53,
2022-07-16,2022-07-15,2022,133,200,31,60,.341,28.0,17.0,5,12,15,False,45,
2022-07-16,2022-07-15,2022,121,204,56,34,.622,-,-,1,,2,False,-,70
2022-07-16,2022-07-15,2022,144,204,55,37,.598,2.0,+6.5,2,1,3,False,70,
2022-07-16,2022-07-15,2022,143,204,47,43,.522,9.0,0.5,3,4,7,False,64,
2022-07-16,2022-07-15,2022,146,204,43,46,.483,12.5,4.0,4,6,9,False,61,
2022-07-16,2022-07-15,2022,120,204,30,62,.326,27.0,18.5,5,12,15,False,45,
2022-07-16,2022-07-15,2022,158,205,50,41,.549,-,-,1,,5,False,-,69
2022-07-16,2022-07-15,2022,138,205,49,44,.527,2.0,-,2,3,6,False,69,
2022-07-16,2022-07-15,2022,134,205,38,53,.418,12.0,10.0,3,9,12,False,60,
2022-07-16,2022-07-15,2022,112,205,34,55,.382,15.0,13.0,4,10,13,False,58,
2022-07-16,2022-07-15,2022,113,205,34,56,.378,15.5,13.5,5,11,14,False,57,
2022-07-16,2022-07-15,2022,119,203,59,30,.663,-,-,1,,1,False,-,63
2022-07-16,2022-07-15,2022,135,203,51,41,.554,9.5,+2.5,2,2,4,False,63,
2022-07-16,2022-07-15,2022,137,203,46,43,.517,13.0,1.0,3,5,8,False,61,
2022-07-16,2022-07-15,2022,115,203,42,49,.462,18.0,6.0,4,7,10,False,55,
2022-07-16,2022-07-15,2022,109,203,39,51,.433,20.5,8.5,5,8,11,False,53,
2022-07-17,2022-07-16,2022,147,201,63,28,.692,-,-,1,,1,False,-,59
2022-07-17,2022-07-16,2022,139,201,50,41,.549,13.0,+1.5,2,1,3,False,59,
2022-07-17,2022-07-16,2022,141,201,49,43,.533,14.5,-,3,3,6,False,57,
2022-07-17,2022-07-16,2022,111,201,48,44,.522,15.5,1.0,4,4,7,False,56,
2022-07-17,2022-07-16,2022,110,201,46,45,.505,17.0,2.5,5,6,9,False,55,
2022-07-17,2022-07-16,2022,142,202,50,43,.538,-,-,1,,5,False,-,69
2022-07-17,2022-07-16,2022,114,202,46,44,.511,2.5,2.0,2,5,8,False,69,
2022-07-17,2022-07-16,2022,145,202,45,46,.495,4.0,3.5,3,7,10,False,67,
2022-07-17,2022-07-16,2022,116,202,37,55,.402,12.5,12.0,4,10,13,False,58,
2022-07-17,2022-07-16,2022,118,202,36,55,.396,13.0,12.5,5,11,14,False,58,
2022-07-17,2022-07-16,2022,117,200,59,31,.656,-,-,1,,2,False,-,62
2022-07-17,2022-07-16,2022,136,200,50,42,.543,10.0,+1.0,2,2,4,False,62,
2022-07-17,2022-07-16,2022,140,200,41,48,.461,17.5,6.5,3,8,11,False,56,
2022-07-17,2022-07-16,2022,108,200,39,53,.424,21.0,10.0,4,9,12,False,51,
2022-07-17,2022-07-16,2022,133,200,31,61,.337,29.0,18.0,5,12,15,False,43,
2022-07-17,2022-07-16,2022,121,204,58,34,.630,-,-,1,,2,False,-,68
2022-07-17,2022-07-16,2022,144,204,56,37,.602,2.5,+6.5,2,1,3,False,68,
2022-07-17,2022-07-16,2022,143,204,48,43,.527,9.5,0.5,3,4,7,False,62,
2022-07-17,2022-07-16,2022,146,204,43,47,.478,14.0,5.0,4,6,9,False,58,
2022-07-17,2022-07-16,2022,120,204,30,63,.323,28.5,19.5,5,12,15,False,42,
2022-07-17,2022-07-16,2022,158,205,50,42,.543,-,-,1,,5,False,-,69
2022-07-17,2022-07-16,2022,138,205,50,44,.532,1.0,-,2,3,6,False,69,
2022-07-17,2022-07-16,2022,134,205,38,54,.413,12.0,11.0,3,9,12,False,59,
2022-07-17,2022-07-16,2022,112,205,34,57,.374,15.5,14.5,4,10,13,False,56,
2022-07-17,2022-07-16,2022,113,205,34,57,.374,15.5,14.5,5,11,14,False,56,
2022-07-17,2022-07-16,2022,119,203,60,30,.667,-,-,1,,1,False,-,62
2022-07-17,2022-07-16,2022,135,203,52,41,.559,9.5,+2.5,2,2,4,False,62,
2022-07-17,2022-07-16,2022,137,203,47,43,.522,13.0,1.0,3,5,8,False,60,
2022-07-17,2022-07-16,2022,115,203,43,49,.467,18.0,6.0,4,7,10,False,54,
2022-07-17,2022-07-16,2022,109,203,39,52,.429,21.5,9.5,5,8,11,False,51,
2022-07-21,2022-07-20,2022,147,201,64,28,.696,-,-,1,,1,False,-,58
2022-07-21,2022-07-20,2022,139,201,51,41,.554,13.0,+1.5,2,1,3,False,58,
2022-07-21,2022-07-20,2022,141,201,50,43,.538,14.5,-,3,3,5,False,56,
2022-07-21,2022-07-20,2022,111,201,48,45,.516,16.5,2.0,4,4,7,False,54,
2022-07-21,2022-07-20,2022,110,201,46,46,.500,18.0,3.5,5,6,9,False,53,
2022-07-21,2022-07-20,2022,142,202,50,44,.532,-,-,1,,6,False,-,69
2022-07-21,2022-07-20,2022,114,202,46,44,.511,2.0,2.5,2,5,8,False,69,
2022-07-21,2022-07-20,2022,145,202,46,46,.500,3.0,3.5,3,7,10,False,67,
2022-07-21,2022-07-20,2022,116,202,37,55,.402,12.0,12.5,4,10,13,False,58,
2022-07-21,2022-07-20,2022,118,202,36,56,.391,13.0,13.5,5,11,14,False,57,
2022-07-21,2022-07-20,2022,117,200,59,32,.648,-,-,1,,2,False,-,62
2022-07-21,2022-07-20,2022,136,200,51,42,.548,9.0,+1.0,2,2,4,False,62,
2022-07-21,2022-07-20,2022,140,200,41,49,.456,17.5,7.5,3,8,11,False,55,
2022-07-21,2022-07-20,2022,108,200,39,53,.424,20.5,10.5,4,9,12,False,51,
2022-07-21,2022-07-20,2022,133,200,32,61,.344,28.0,18.0,5,12,15,False,43,
2022-07-21,2022-07-20,2022,121,204,58,35,.624,-,-,1,,2,False,-,67
2022-07-21,2022-07-20,2022,144,204,56,38,.596,2.5,+6.0,2,1,3,False,67,
2022-07-21,2022-07-20,2022,143,204,49,43,.533,8.5,-,3,3,6,False,62,
2022-07-21,2022-07-20,2022,146,204,43,48,.473,14.0,5.5,4,6,9,False,57,
2022-07-21,2022-07-20,2022,120,204,31,63,.330,27.5,19.0,5,12,15,False,42,
2022-07-21,2022-07-20,2022,158,205,50,43,.538,-,-,1,,5,False,-,69
2022-07-21,2022-07-20,2022,138,205,50,44,.532,0.5,-,2,4,7,False,69,
2022-07-21,2022-07-20,2022,134,205,39,54,.419,11.0,10.5,3,9,12,False,59,
2022-07-21,2022-07-20,2022,112,205,35,57,.380,14.5,14.0,4,10,13,False,56,
2022-07-21,2022-07-20,2022,113,205,34,57,.374,15.0,14.5,5,11,14,False,56,
2022-07-21,2022-07-20,2022,119,203,60,30,.667,-,-,1,,1,False,-,61
2022-07-21,2022-07-20,2022,135,203,52,42,.553,10.0,+2.0,2,2,4,False,61,
2022-07-21,2022-07-20,2022,137,203,48,43,.527,12.5,0.5,3,5,8,False,60,
2022-07-21,2022-07-20,2022,115,203,43,50,.462,18.5,6.5,4,7,10,False,53,
2022-07-21,2022-07-20,2022,109,203,40,52,.435,21.0,9.0,5,8,11,False,51,
2022-07-22,2022-07-21,2022,147,201,64,30,.681,-,-,1,,1,False,-,58
2022-07-22,2022-07-21,2022,139,201,51,41,.554,12.0,+1.5,2,1,3,False,58,
2022-07-22,2022-07-21,2022,141,201,50,43,.538,13.5,-,3,3,5,False,56,
2022-07-22,2022-07-21,2022,111,201,48,45,.516,15.5,2.0,4,4,7,False,54,
2022-07-22,2022-07-21,2022,110,201,46,46,.500,17.0,3.5,5,6,9,False,53,
2022-07-22,2022-07-21,2022,142,202,50,44,.532,-,-,1,,6,False,-,69
2022-07-22,2022-07-21,2022,114,202,46,44,.511,2.0,2.5,2,5,8,False,69,
2022-07-22,2022-07-21,2022,145,202,46,46,.500,3.0,3.5,3,7,10,False,67,
2022-07-22,2022-07-21,2022,116,202,38,56,.404,12.0,12.5,4,10,13,False,57,
2022-07-22,2022-07-21,2022,118,202,36,56,.391,13.0,13.5,5,11,14,False,57,
2022-07-22,2022-07-21,2022,117,200,61,32,.656,-,-,1,,2,False,-,60
2022-07-22,2022-07-21,2022,136,200,51,42,.548,10.0,+1.0,2,2,4,False,60,
2022-07-22,2022-07-21,2022,140,200,42,49,.462,18.0,7.0,3,8,11,False,53,
2022-07-22,2022-07-21,2022,108,200,39,53,.424,21.5,10.5,4,9,12,False,49,
2022-07-22,2022-07-21,2022,133,200,33,62,.347,29.0,18.0,5,12,15,False,40,
2022-07-22,2022-07-21,2022,121,204,58,35,.624,-,-,1,,2,False,-,67
2022-07-22,2022-07-21,2022,144,204,56,38,.596,2.5,+6.0,2,1,3,False,67,
2022-07-22,2022-07-21,2022,143,204,49,43,.533,8.5,-,3,3,6,False,62,
2022-07-22,2022-07-21,2022,146,204,43,49,.467,14.5,6.0,4,6,9,False,56,
2022-07-22,2022-07-21,2022,120,204,31,63,.330,27.5,19.0,5,12,15,False,42,
2022-07-22,2022-07-21,2022,158,205,50,43,.538,-,-,1,,5,False,-,69
2022-07-22,2022-07-21,2022,138,205,50,44,.532,0.5,-,2,4,7,False,69,
2022-07-22,2022-07-21,2022,134,205,39,54,.419,11.0,10.5,3,9,12,False,59,
2022-07-22,2022-07-21,2022,112,205,35,57,.380,14.5,14.0,4,10,13,False,56,
2022-07-22,2022-07-21,2022,113,205,34,57,.374,15.0,14.5,5,11,14,False,56,
2022-07-22,2022-07-21,2022,119,203,61,30,.670,-,-,1,,1,False,-,60
2022-07-22,2022-07-21,2022,135,203,52,42,.553,10.5,+2.0,2,2,4,False,60,
2022-07-22,2022-07-21,2022,137,203,48,44,.522,13.5,1.0,3,5,8,False,58,
2022-07-22,2022-07-21,2022,115,203,43,50,.462,19.0,6.5,4,7,10,False,52,
2022-07-22,2022-07-21,2022,109,203,40,52,.435,21.5,9.0,5,8,11,False,50,
2022-07-23,2022-07-22,2022,147,201,65,30,.684,-,-,1,,1,False,-,57
2022-07-23,2022-07-22,2022,139,201,52,41,.559,12.0,+1.5,2,1,3,False,57,
2022-07-23,2022-07-22,2022,141,201,51,43,.543,13.5,-,3,3,5,False,55,
2022-07-23,2022-07-22,2022,111,201,48,46,.511,16.5,3.0,4,5,8,False,52,
2022-07-23,2022-07-22,2022,110,201,46,47,.495,18.0,4.5,5,6,9,False,51,
2022-07-23,2022-07-22,2022,142,202,50,44,.532,-,-,1,,6,False,-,69
2022-07-23,2022-07-22,2022,114,202,47,44,.516,1.5,2.5,2,4,7,False,69,
2022-07-23,2022-07-22,2022,145,202,46,47,.495,3.5,4.5,3,7,10,False,66,
2022-07-23,2022-07-22,2022,116,202,38,56,.404,12.0,13.0,4,10,13,False,57,
2022-07-23,2022-07-22,2022,118,202,36,57,.387,13.5,14.5,5,11,14,False,56,
2022-07-23,2022-07-22,2022,117,200,62,32,.660,-,-,1,,2,False,-,58
2022-07-23,2022-07-22,2022,136,200,51,43,.543,11.0,-,2,2,4,False,58,
2022-07-23,2022-07-22,2022,140,200,42,50,.457,19.0,8.0,3,8,11,False,51,
2022-07-23,2022-07-22,2022,108,200,39,54,.419,22.5,11.5,4,9,12,False,47,
2022-07-23,2022-07-22,2022,133,200,34,62,.354,29.0,18.0,5,12,15,False,39,
2022-07-23,2022-07-22,2022,121,204,58,36,.617,-,-,1,,2,False,-,67
2022-07-23,2022-07-22,2022,144,204,57,38,.600,1.5,+7.0,2,1,3,False,67,
2022-07-23,2022-07-22,2022,143,204,49,44,.527,8.5,-,3,3,6,False,61,
2022-07-23,2022-07-22,2022,146,204,44,49,.473,13.5,5.0,4,6,9,False,56,
2022-07-23,2022-07-22,2022,120,204,31,64,.326,27.5,19.0,5,12,15,False,41,
2022-07-23,2022-07-22,2022,158,205,51,43,.543,-,-,1,,5,False,-,67
2022-07-23,2022-07-22,2022,138,205,50,45,.526,1.5,-,2,4,7,False,67,
2022-07-23,2022-07-22,2022,134,205,39,55,.415,12.0,10.5,3,9,12,False,57,
2022-07-23,2022-07-22,2022,112,205,36,57,.387,14.5,13.0,4,10,13,False,55,
2022-07-23,2022-07-22,2022,113,205,35,57,.380,15.0,13.5,5,11,14,False,55,
2022-07-23,2022-07-22,2022,119,203,62,30,.674,-,-,1,,1,False,-,59
2022-07-23,2022-07-22,2022,135,203,53,42,.558,10.5,+3.0,2,2,4,False,59,
2022-07-23,2022-07-22,2022,137,203,48,45,.516,14.5,1.0,3,5,8,False,56,
2022-07-23,2022-07-22,2022,115,203,43,51,.457,20.0,6.5,4,7,10,False,50,
2022-07-23,2022-07-22,2022,109,203,41,52,.441,21.5,8.0,5,8,11,False,49,
2022-07-24,2022-07-23,2022,147,201,65,31,.677,-,-,1,,1,False,-,56
2022-07-24,2022-07-23,2022,139,201,52,42,.553,12.0,+1.5,2,1,3,False,56,
2022-07-24,2022-07-23,2022,141,201,52,43,.547,12.5,+1.0,3,2,4,False,55,
2022-07-24,2022-07-23,2022,111,201,48,47,.505,16.5,3.0,4,5,8,False,51,
2022-07-24,2022-07-23,2022,110,201,47,47,.500,17.0,3.5,5,6,9,False,51,
2022-07-24,2022-07-23,2022,142,202,51,44,.537,-,-,1,,5,False,-,67
2022-07-24,2022-07-23,2022,114,202,48,45,.516,2.0,2.0,2,4,7,False,67,
2022-07-24,2022-07-23,2022,145,202,47,48,.495,4.0,4.0,3,7,10,False,64,
2022-07-24,2022-07-23,2022,116,202,38,57,.400,13.0,13.0,4,10,13,False,55,
2022-07-24,2022-07-23,2022,118,202,37,57,.394,13.5,13.5,5,11,14,False,55,
2022-07-24,2022-07-23,2022,117,200,63,32,.663,-,-,1,,2,False,-,56
2022-07-24,2022-07-23,2022,136,200,51,44,.537,12.0,-,2,3,6,False,56,
2022-07-24,2022-07-23,2022,140,200,42,51,.452,20.0,8.0,3,8,11,False,49,
2022-07-24,2022-07-23,2022,108,200,39,55,.415,23.5,11.5,4,9,12,False,45,
2022-07-24,2022-07-23,2022,133,200,35,62,.361,29.0,17.0,5,12,15,False,38,
2022-07-24,2022-07-23,2022,121,204,58,37,.611,-,-,1,,2,False,-,67
2022-07-24,2022-07-23,2022,144,204,58,38,.604,0.5,+7.0,2,1,3,False,67,
2022-07-24,2022-07-23,2022,143,204,49,45,.521,8.5,1.0,3,4,7,False,60,
2022-07-24,2022-07-23,2022,146,204,44,50,.468,13.5,6.0,4,6,9,False,55,
2022-07-24,2022-07-23,2022,120,204,31,65,.323,27.5,20.0,5,12,15,False,40,
2022-07-24,2022-07-23,2022,158,205,52,43,.547,-,-,1,,5,False,-,66
2022-07-24,2022-07-23,2022,138,205,51,45,.531,1.5,-,2,3,6,False,66,
2022-07-24,2022-07-23,2022,134,205,40,55,.421,12.0,10.5,3,9,12,False,56,
2022-07-24,2022-07-23,2022,112,205,37,57,.394,14.5,13.0,4,10,13,False,54,
2022-07-24,2022-07-23,2022,113,205,35,58,.376,16.0,14.5,5,11,14,False,53,
2022-07-24,2022-07-23,2022,119,203,63,30,.677,-,-,1,,1,False,-,58
2022-07-24,2022-07-23,2022,135,203,54,42,.563,10.5,+3.0,2,2,4,False,58,
2022-07-24,2022-07-23,2022,137,203,48,46,.511,15.5,2.0,3,5,8,False,54,
2022-07-24,2022-07-23,2022,115,203,43,52,.453,21.0,7.5,4,7,10,False,48,
2022-07-24,2022-07-23,2022,109,203,42,52,.447,21.5,8.0,5,8,11,False,48,
2022-07-25,2022-07-24,2022,147,201,66,31,.680,-,-,1,,1,False,-,54
2022-07-25,2022-07-24,2022,141,201,53,43,.552,12.5,+2.0,2,1,3,False,54,
2022-07-25,2022-07-24,2022,139,201,52,43,.547,13.0,+1.5,3,2,4,False,54,
2022-07-25,2022-07-24,2022,111,201,48,48,.500,17.5,3.0,4,6,9,False,49,
2022-07-25,2022-07-24,2022,110,201,47,48,.495,18.0,3.5,5,7,10,False,49,
2022-07-25,2022-07-24,2022,142,202,52,44,.542,-,-,1,,5,False,-,65
2022-07-25,2022-07-24,2022,114,202,48,46,.511,3.0,2.0,2,4,7,False,65,
2022-07-25,2022-07-24,2022,145,202,48,48,.500,4.0,3.0,3,5,8,False,63,
2022-07-25,2022-07-24,2022,118,202,38,57,.400,13.5,12.5,4,10,13,False,54,
2022-07-25,2022-07-24,2022,116,202,38,58,.396,14.0,13.0,5,11,14,False,53,
2022-07-25,2022-07-24,2022,117,200,64,32,.667,-,-,1,,2,False,-,54
2022-07-25,2022-07-24,2022,136,200,51,45,.531,13.0,-,2,3,6,False,54,
2022-07-25,2022-07-24,2022,140,200,43,51,.457,20.0,7.0,3,8,11,False,48,
2022-07-25,2022-07-24,2022,108,200,40,55,.421,23.5,10.5,4,9,12,False,44,
2022-07-25,2022-07-24,2022,133,200,35,63,.357,30.0,17.0,5,12,15,False,36,
2022-07-25,2022-07-24,2022,121,204,59,37,.615,-,-,1,,2,False,-,65
2022-07-25,2022-07-24,2022,144,204,58,39,.598,1.5,+7.0,2,1,3,False,65,
2022-07-25,2022-07-24,2022,143,204,49,46,.516,9.5,1.0,3,4,7,False,58,
2022-07-25,2022-07-24,2022,146,204,45,50,.474,13.5,5.0,4,6,9,False,54,
2022-07-25,2022-07-24,2022,120,204,32,65,.330,27.5,19.0,5,12,15,False,39,
2022-07-25,2022-07-24,2022,158,205,53,43,.552,-,-,1,,5,False,-,64
2022-07-25,2022-07-24,2022,138,205,51,46,.526,2.5,-,2,3,6,False,64,
2022-07-25,2022-07-24,2022,134,205,40,56,.417,13.0,10.5,3,9,12,False,54,
2022-07-25,2022-07-24,2022,112,205,38,57,.400,14.5,12.0,4,10,13,False,53,
2022-07-25,2022-07-24,2022,113,205,36,58,.383,16.0,13.5,5,11,14,False,52,
2022-07-25,2022-07-24,2022,119,203,64,30,.681,-,-,1,,1,False,-,56
2022-07-25,2022-07-24,2022,135,203,54,43,.557,11.5,+3.0,2,2,4,False,56,
2022-07-25,2022-07-24,2022,137,203,48,47,.505,16.5,2.0,3,5,8,False,52,
2022-07-25,2022-07-24,2022,115,203,43,53,.448,22.0,7.5,4,7,10,False,46,
2022-07-25,2022-07-24,2022,109,203,42,53,.442,22.5,8.0,5,8,11,False,46,
2022-07-26,2022-07-25,2022,147,201,66,31,.680,-,-,1,,1,False,-,54
2022-07-26,2022-07-25,2022,141,201,53,43,.552,12.5,+1.5,2,1,3,False,54,
2022-07-26,2022-07-25,2022,139,201,52,44,.542,13.5,+0.5,3,2,5,False,53,
2022-07-26,2022-07-25,2022,111,201,49,48,.505,17.0,3.0,4,5,8,False,49,
2022-07-26,2022-07-25,2022,110,201,48,48,.500,17.5,3.5,5,6,9,False,49,
2022-07-26,2022-07-25,2022,142,202,52,44,.542,-,-,1,,4,False,-,64
2022-07-26,2022-07-25,2022,114,202,48,47,.505,3.5,3.0,2,4,7,False,64,
2022-07-26,2022-07-25,2022,145,202,48,48,.500,4.0,3.5,3,7,10,False,63,
2022-07-26,2022-07-25,2022,118,202,39,57,.406,13.0,12.5,4,10,13,False,54,
2022-07-26,2022-07-25,2022,116,202,39,58,.402,13.5,13.0,5,11,14,False,53,
2022-07-26,2022-07-25,2022,117,200,64,33,.660,-,-,1,,2,False,-,54
2022-07-26,2022-07-25,2022,136,200,52,45,.536,12.0,-,2,3,6,False,54,
2022-07-26,2022-07-25,2022,140,200,43,52,.453,20.0,8.0,3,8,11,False,47,
2022-07-26,2022-07-25,2022,108,200,40,56,.417,23.5,11.5,4,9,12,False,43,
2022-07-26,2022-07-25,2022,133,200,36,63,.364,29.0,17.0,5,12,15,False,36,
2022-07-26,2022-07-25,2022,121,204,59,37,.615,-,-,1,,2,False,-,64
2022-07-26,2022-07-25,2022,144,204,58,40,.592,2.0,+6.5,2,1,3,False,64,
2022-07-26,2022-07-25,2022,143,204,50,46,.521,9.0,0.5,3,4,7,False,58,
2022-07-26,2022-07-25,2022,146,204,45,51,.469,14.0,5.5,4,6,9,False,53,
2022-07-26,2022-07-25,2022,120,204,33,65,.337,27.0,18.5,5,12,15,False,39,
2022-07-26,2022-07-25,2022,158,205,53,44,.546,-,-,1,,5,False,-,64
2022-07-26,2022-07-25,2022,138,205,51,46,.526,2.0,-,2,3,6,False,64,
2022-07-26,2022-07-25,2022,134,205,40,57,.412,13.0,11.0,3,9,12,False,53,
2022-07-26,2022-07-25,2022,112,205,39,57,.406,13.5,11.5,4,10,13,False,53,
2022-07-26,2022-07-25,2022,113,205,37,58,.389,15.0,13.0,5,11,14,False,52,
2022-07-26,2022-07-25,2022,119,203,64,31,.674,-,-,1,,1,False,-,55
2022-07-26,2022-07-25,2022,135,203,54,44,.551,11.5,+2.5,2,2,4,False,55,
2022-07-26,2022-07-25,2022,137,203,48,48,.500,16.5,2.5,3,5,8,False,51,
2022-07-26,2022-07-25,2022,115,203,44,53,.454,21.0,7.0,4,7,10,False,46,
2022-07-26,2022-07-25,2022,109,203,43,53,.448,21.5,7.5,5,8,11,False,46,
2022-07-27,2022-07-26,2022,147,201,66,32,.673,-,-,1,,1,False,-,54
2022-07-27,2022-07-26,2022,141,201,54,43,.557,11.5,+2.0,2,1,3,False,54,
2022-07-27,2022-07-26,2022,139,201,52,45,.536,13.5,-,3,3,6,False,52,
2022-07-27,2022-07-26,2022,110,201,49,48,.505,16.5,3.0,4,5,8,False,49,
2022-07-27,2022-07-26,2022,111,201,49,49,.500,17.0,3.5,5,7,10,False,48,
2022-07-27,2022-07-26,2022,142,202,52,45,.536,-,-,1,,5,False,-,64
2022-07-27,2022-07-26,2022,114,202,49,47,.510,2.5,2.5,2,4,7,False,64,
2022-07-27,2022-07-26,2022,145,202,49,48,.505,3.0,3.0,3,6,9,False,63,
2022-07-27,2022-07-26,2022,118,202,39,58,.402,13.0,13.0,4,10,13,False,53,
2022-07-27,2022-07-26,2022,116,202,39,59,.398,13.5,13.5,5,11,14,False,52,
2022-07-27,2022-07-26,2022,117,200,64,34,.653,-,-,1,,2,False,-,54
2022-07-27,2022-07-26,2022,136,200,53,45,.541,11.0,+0.5,2,2,4,False,54,
2022-07-27,2022-07-26,2022,140,200,43,53,.448,20.0,8.5,3,8,11,False,46,
2022-07-27,2022-07-26,2022,108,200,41,56,.423,22.5,11.0,4,9,12,False,43,
2022-07-27,2022-07-26,2022,133,200,37,63,.370,28.0,16.5,5,12,15,False,36,
2022-07-27,2022-07-26,2022,121,204,60,37,.619,-,-,1,,2,False,-,63
2022-07-27,2022-07-26,2022,144,204,59,40,.596,2.0,+7.5,2,1,3,False,63,
2022-07-27,2022-07-26,2022,143,204,50,47,.515,10.0,0.5,3,4,7,False,56,
2022-07-27,2022-07-26,2022,146,204,46,51,.474,14.0,4.5,4,6,9,False,52,
2022-07-27,2022-07-26,2022,120,204,34,65,.343,27.0,17.5,5,12,15,False,38,
2022-07-27,2022-07-26,2022,158,205,54,44,.551,-,-,1,,5,False,-,62
2022-07-27,2022-07-26,2022,138,205,51,47,.520,3.0,-,2,3,6,False,62,
2022-07-27,2022-07-26,2022,112,205,40,57,.412,13.5,10.5,3,9,12,False,52,
2022-07-27,2022-07-26,2022,134,205,40,58,.408,14.0,11.0,4,10,13,False,51,
2022-07-27,2022-07-26,2022,113,205,37,59,.385,16.0,13.0,5,11,14,False,50,
2022-07-27,2022-07-26,2022,119,203,64,32,.667,-,-,1,,1,False,-,55
2022-07-27,2022-07-26,2022,135,203,55,44,.556,10.5,+3.5,2,2,4,False,55,
2022-07-27,2022-07-26,2022,137,203,48,49,.495,16.5,2.5,3,5,8,False,50,
2022-07-27,2022-07-26,2022,109,203,44,53,.454,20.5,6.5,4,7,10,False,46,
2022-07-27,2022-07-26,2022,115,203,44,54,.449,21.0,7.0,5,8,11,False,45,
2022-07-28,2022-07-27,2022,147,201,66,33,.667,-,-,1,,1,False,-,53
2022-07-28,2022-07-27,2022,141,201,54,44,.551,11.5,+1.0,2,1,3,False,53,
2022-07-28,2022-07-27,2022,139,201,53,45,.541,12.5,-,3,3,5,False,52,
2022-07-28,2022-07-27,2022,110,201,49,49,.500,16.5,4.0,4,5,8,False,48,
2022-07-28,2022-07-27,2022,111,201,49,50,.495,17.0,4.5,5,7,10,False,47,
2022-07-28,2022-07-27,2022,142,202,52,46,.531,-,-,1,,6,False,-,64
2022-07-28,2022-07-27,2022,114,202,50,47,.515,1.5,2.5,2,4,7,False,64,
2022-07-28,2022-07-27,2022,145,202,49,49,.500,3.0,4.0,3,6,9,False,62,
2022-07-28,2022-07-27,2022,116,202,40,59,.404,12.5,13.5,4,10,13,False,52,
2022-07-28,2022-07-27,2022,118,202,39,59,.398,13.0,14.0,5,11,14,False,52,
2022-07-28,2022-07-27,2022,117,200,64,35,.646,-,-,1,,2,False,-,54
2022-07-28,2022-07-27,2022,136,200,54,45,.545,10.0,+0.5,2,2,4,False,54,
2022-07-28,2022-07-27,2022,140,200,43,54,.443,20.0,9.5,3,8,11,False,45,
2022-07-28,2022-07-27,2022,108,200,42,56,.429,21.5,11.0,4,9,12,False,43,
2022-07-28,2022-07-27,2022,133,200,38,63,.376,27.0,16.5,5,12,15,False,36,
2022-07-28,2022-07-27,2022,121,204,61,37,.622,-,-,1,,2,False,-,61
2022-07-28,2022-07-27,2022,144,204,59,41,.590,3.0,+6.5,2,1,3,False,61,
2022-07-28,2022-07-27,2022,143,204,51,47,.520,10.0,0.5,3,4,7,False,55,
2022-07-28,2022-07-27,2022,146,204,46,52,.469,15.0,5.5,4,6,9,False,50,
2022-07-28,2022-07-27,2022,120,204,34,66,.340,28.0,18.5,5,12,15,False,36,
2022-07-28,2022-07-27,2022,158,205,55,44,.556,-,-,1,,4,False,-,61
2022-07-28,2022-07-27,2022,138,205,52,47,.525,3.0,-,2,3,6,False,61,
2022-07-28,2022-07-27,2022,112,205,40,57,.412,14.0,11.0,3,9,12,False,51,
2022-07-28,2022-07-27,2022,134,205,40,58,.408,14.5,11.5,4,10,13,False,50,
2022-07-28,2022-07-27,2022,113,205,38,59,.392,16.0,13.0,5,11,14,False,49,
2022-07-28,2022-07-27,2022,119,203,65,32,.670,-,-,1,,1,False,-,53
2022-07-28,2022-07-27,2022,135,203,55,45,.550,11.5,+2.5,2,2,5,False,53,
2022-07-28,2022-07-27,2022,137,203,48,50,.490,17.5,3.5,3,5,8,False,48,
2022-07-28,2022-07-27,2022,109,203,45,53,.459,20.5,6.5,4,7,10,False,45,
2022-07-28,2022-07-27,2022,115,203,45,54,.455,21.0,7.0,5,8,11,False,44,
2022-07-29,2022-07-28,2022,147,201,67,33,.670,-,-,1,,1,False,-,52
2022-07-29,2022-07-28,2022,141,201,55,44,.556,11.5,+2.0,2,1,3,False,52,
2022-07-29,2022-07-28,2022,139,201,53,46,.535,13.5,-,3,3,5,False,50,
2022-07-29,2022-07-28,2022,110,201,50,49,.505,16.5,3.0,4,5,8,False,47,
2022-07-29,2022-07-28,2022,111,201,50,50,.500,17.0,3.5,5,7,10,False,46,
2022-07-29,2022-07-28,2022,142,202,52,46,.531,-,-,1,,6,False,-,63
2022-07-29,2022-07-28,2022,114,202,50,48,.510,2.0,2.5,2,4,7,False,63,
2022-07-29,2022-07-28,2022,145,202,49,49,.500,3.0,3.5,3,6,9,False,62,
2022-07-29,2022-07-28,2022,116,202,40,60,.400,13.0,13.5,4,10,13,False,51,
2022-07-29,2022-07-28,2022,118,202,39,60,.394,13.5,14.0,5,11,14,False,51,
2022-07-29,2022-07-28,2022,117,200,65,35,.650,-,-,1,,2,False,-,52
2022-07-29,2022-07-28,2022,136,200,54,46,.540,11.0,+0.5,2,2,4,False,52,
2022-07-29,2022-07-28,2022,140,200,44,54,.449,20.0,8.5,3,8,11,False,44,
2022-07-29,2022-07-28,2022,108,200,42,57,.424,22.5,11.0,4,9,12,False,41,
2022-07-29,2022-07-28,2022,133,200,38,63,.376,27.5,16.0,5,12,15,False,35,
2022-07-29,2022-07-28,2022,121,204,61,37,.622,-,-,1,,2,False,-,61
2022-07-29,2022-07-28,2022,144,204,59,41,.590,3.0,+6.5,2,1,3,False,61,
2022-07-29,2022-07-28,2022,143,204,52,47,.525,9.5,-,3,3,6,False,55,
2022-07-29,2022-07-28,2022,146,204,47,52,.475,14.5,5.0,4,6,9,False,50,
2022-07-29,2022-07-28,2022,120,204,34,66,.340,28.0,18.5,5,12,15,False,36,
2022-07-29,2022-07-28,2022,158,205,55,44,.556,-,-,1,,4,False,-,61
2022-07-29,2022-07-28,2022,138,205,52,47,.525,3.0,-,2,4,7,False,61,
2022-07-29,2022-07-28,2022,112,205,40,58,.408,14.5,11.5,3,9,12,False,50,
2022-07-29,2022-07-28,2022,134,205,40,59,.404,15.0,12.0,4,10,13,False,49,
2022-07-29,2022-07-28,2022,113,205,38,60,.388,16.5,13.5,5,11,14,False,48,
2022-07-29,2022-07-28,2022,119,203,66,32,.673,-,-,1,,1,False,-,52
2022-07-29,2022-07-28,2022,135,203,55,45,.550,12.0,+2.5,2,2,5,False,52,
2022-07-29,2022-07-28,2022,137,203,49,50,.495,17.5,3.0,3,5,8,False,47,
2022-07-29,2022-07-28,2022,109,203,45,53,.459,21.0,6.5,4,7,10,False,44,
2022-07-29,2022-07-28,2022,115,203,45,55,.450,22.0,7.5,5,8,11,False,42,
2022-07-30,2022-07-29,2022,147,201,68,33,.673,-,-,1,,1,False,-,50
2022-07-30,2022-07-29,2022,141,201,55,45,.550,12.5,+2.0,2,1,3,False,50,
2022-07-30,2022-07-29,2022,139,201,53,47,.530,14.5,-,3,3,5,False,48,
2022-07-30,2022-07-29,2022,110,201,51,49,.510,16.5,2.0,4,5,8,False,46,
2022-07-30,2022-07-29,2022,111,201,50,51,.495,18.0,3.5,5,6,9,False,44,
2022-07-30,2022-07-29,2022,142,202,52,47,.525,-,-,1,,6,False,-,63
2022-07-30,2022-07-29,2022,114,202,51,48,.515,1.0,1.5,2,4,7,False,63,
2022-07-30,2022-07-29,2022,145,202,49,50,.495,3.0,3.5,3,7,10,False,61,
2022-07-30,2022-07-29,2022,116,202,41,60,.406,12.0,12.5,4,10,13,False,51,
2022-07-30,2022-07-29,2022,118,202,39,61,.390,13.5,14.0,5,11,14,False,50,
2022-07-30,2022-07-29,2022,117,200,66,35,.653,-,-,1,,2,False,-,50
2022-07-30,2022-07-29,2022,136,200,54,47,.535,12.0,+0.5,2,2,4,False,50,
2022-07-30,2022-07-29,2022,140,200,45,54,.455,20.0,7.5,3,8,11,False,43,
2022-07-30,2022-07-29,2022,108,200,42,58,.420,23.5,11.0,4,9,12,False,39,
2022-07-30,2022-07-29,2022,133,200,39,63,.382,27.5,15.0,5,12,15,False,34,
2022-07-30,2022-07-29,2022,121,204,62,37,.626,-,-,1,,2,False,-,60
2022-07-30,2022-07-29,2022,144,204,60,41,.594,3.0,+6.5,2,1,3,False,60,
2022-07-30,2022-07-29,2022,143,204,53,47,.530,9.5,-,3,3,6,False,54,
2022-07-30,2022-07-29,2022,146,204,47,53,.470,15.5,6.0,4,6,9,False,48,
2022-07-30,2022-07-29,2022,120,204,34,67,.337,29.0,19.5,5,12,15,False,34,
2022-07-30,2022-07-29,2022,158,205,56,44,.560,-,-,1,,4,False,-,60
2022-07-30,2022-07-29,2022,138,205,53,47,.530,3.0,-,2,4,7,False,60,
2022-07-30,2022-07-29,2022,112,205,41,58,.414,14.5,11.5,3,9,12,False,49,
2022-07-30,2022-07-29,2022,134,205,40,60,.400,16.0,13.0,4,10,13,False,47,
2022-07-30,2022-07-29,2022,113,205,38,61,.384,17.5,14.5,5,11,14,False,46,
2022-07-30,2022-07-29,2022,119,203,67,32,.677,-,-,1,,1,False,-,51
2022-07-30,2022-07-29,2022,135,203,56,45,.554,12.0,+2.5,2,2,5,False,51,
2022-07-30,2022-07-29,2022,137,203,49,51,.490,18.5,4.0,3,5,8,False,45,
2022-07-30,2022-07-29,2022,109,203,45,54,.455,22.0,7.5,4,7,10,False,42,
2022-07-30,2022-07-29,2022,115,203,45,56,.446,23.0,8.5,5,8,11,False,40,
2022-07-31,2022-07-30,2022,147,201,69,33,.676,-,-,1,,1,False,-,49
2022-07-31,2022-07-30,2022,141,201,56,45,.554,12.5,+2.0,2,1,3,False,49,
2022-07-31,2022-07-30,2022,139,201,54,47,.535,14.5,-,3,3,5,False,47,
2022-07-31,2022-07-30,2022,110,201,51,50,.505,17.5,3.0,4,5,8,False,44,
2022-07-31,2022-07-30,2022,111,201,50,52,.490,19.0,4.5,5,7,10,False,42,
2022-07-31,2022-07-30,2022,142,202,53,47,.530,-,-,1,,6,False,-,61
2022-07-31,2022-07-30,2022,114,202,51,49,.510,2.0,2.5,2,4,7,False,61,
2022-07-31,2022-07-30,2022,145,202,50,50,.500,3.0,3.5,3,6,9,False,60,
2022-07-31,2022-07-30,2022,116,202,41,61,.402,13.0,13.5,4,10,13,False,49,
2022-07-31,2022-07-30,2022,118,202,39,62,.386,14.5,15.0,5,11,14,False,48,
2022-07-31,2022-07-30,2022,117,200,66,36,.647,-,-,1,,2,False,-,50
2022-07-31,2022-07-30,2022,136,200,55,47,.539,11.0,+0.5,2,2,4,False,50,
2022-07-31,2022-07-30,2022,140,200,45,55,.450,20.0,8.5,3,8,11,False,42,
2022-07-31,2022-07-30,2022,108,200,43,58,.426,22.5,11.0,4,9,12,False,39,
2022-07-31,2022-07-30,2022,133,200,39,64,.379,27.5,16.0,5,12,15,False,33,
2022-07-31,2022-07-30,2022,121,204,63,37,.630,-,-,1,,2,False,-,59
2022-07-31,2022-07-30,2022,144,204,61,41,.598,3.0,+6.5,2,1,3,False,59,
2022-07-31,2022-07-30,2022,143,204,54,47,.535,9.5,-,3,3,6,False,53,
2022-07-31,2022-07-30,2022,146,204,47,54,.465,16.5,7.0,4,6,9,False,46,
2022-07-31,2022-07-30,2022,120,204,35,67,.343,29.0,19.5,5,12,15,False,33,
2022-07-31,2022-07-30,2022,158,205,57,44,.564,-,-,1,,4,False,-,58
2022-07-31,2022-07-30,2022,138,205,53,48,.525,4.0,1.0,2,4,7,False,58,
2022-07-31,2022-07-30,2022,112,205,41,59,.410,15.5,12.5,3,9,12,False,47,
2022-07-31,2022-07-30,2022,134,205,40,61,.396,17.0,14.0,4,10,13,False,45,
2022-07-31,2022-07-30,2022,113,205,39,61,.390,17.5,14.5,5,11,14,False,45,
2022-07-31,2022-07-30,2022,119,203,67,33,.670,-,-,1,,1,False,-,50
2022-07-31,2022-07-30,2022,135,203,56,46,.549,12.0,+1.5,2,2,5,False,50,
2022-07-31,2022-07-30,2022,137,203,50,51,.495,17.5,4.0,3,5,8,False,45,
2022-07-31,2022-07-30,2022,115,203,46,56,.451,22.0,8.5,4,7,10,False,40,
2022-07-31,2022-07-30,2022,109,203,45,55,.450,22.0,8.5,5,8,11,False,41,
2022-08-01,2022-07-31,2022,147,201,69,34,.670,-,-,1,,1,False,-,49
2022-08-01,2022-07-31,2022,141,201,57,45,.559,11.5,+3.0,2,1,3,False,49,
2022-08-01,2022-07-31,2022,139,201,54,48,.529,14.5,-,3,3,5,False,46,
2022-08-01,2022-07-31,2022,110,201,51,51,.500,17.5,3.0,4,6,9,False,43,
2022-08-01,2022-07-31,2022,111,201,51,52,.495,18.0,3.5,5,7,10,False,42,
2022-08-01,2022-07-31,2022,142,202,53,48,.525,-,-,1,,6,False,-,61
2022-08-01,2022-07-31,2022,114,202,52,49,.515,1.0,1.5,2,4,7,False,61,
2022-08-01,2022-07-31,2022,145,202,51,50,.505,2.0,2.5,3,5,8,False,60,
2022-08-01,2022-07-31,2022,116,202,41,62,.398,13.0,13.5,4,10,13,False,48,
2022-08-01,2022-07-31,2022,118,202,40,62,.392,13.5,14.0,5,11,14,False,48,
2022-08-01,2022-07-31,2022,117,200,67,36,.650,-,-,1,,2,False,-,48
2022-08-01,2022-07-31,2022,136,200,55,48,.534,12.0,+0.5,2,2,4,False,48,
2022-08-01,2022-07-31,2022,140,200,46,55,.455,20.0,7.5,3,8,11,False,41,
2022-08-01,2022-07-31,2022,108,200,43,59,.422,23.5,11.0,4,9,12,False,37,
2022-08-01,2022-07-31,2022,133,200,39,65,.375,28.5,16.0,5,12,15,False,31,
2022-08-01,2022-07-31,2022,121,204,64,37,.634,-,-,1,,2,False,-,58
2022-08-01,2022-07-31,2022,144,204,62,41,.602,3.0,+6.5,2,1,3,False,58,
2022-08-01,2022-07-31,2022,143,204,55,47,.539,9.5,-,3,3,6,False,52,
2022-08-01,2022-07-31,2022,146,204,47,55,.461,17.5,8.0,4,6,9,False,44,
2022-08-01,2022-07-31,2022,120,204,35,68,.340,30.0,20.5,5,12,15,False,31,
2022-08-01,2022-07-31,2022,158,205,57,45,.559,-,-,1,,4,False,-,58
2022-08-01,2022-07-31,2022,138,205,54,48,.529,3.0,1.0,2,4,7,False,58,
2022-08-01,2022-07-31,2022,112,205,41,60,.406,15.5,13.5,3,9,12,False,46,
2022-08-01,2022-07-31,2022,113,205,40,61,.396,16.5,14.5,4,10,13,False,45,
2022-08-01,2022-07-31,2022,134,205,40,62,.392,17.0,15.0,5,11,14,False,44,
2022-08-01,2022-07-31,2022,119,203,68,33,.673,-,-,1,,1,False,-,49
2022-08-01,2022-07-31,2022,135,203,57,46,.553,12.0,+1.5,2,2,5,False,49,
2022-08-01,2022-07-31,2022,137,203,51,51,.500,17.5,4.0,3,5,8,False,44,
2022-08-01,2022-07-31,2022,115,203,46,57,.447,23.0,9.5,4,7,10,False,38,
2022-08-01,2022-07-31,2022,109,203,45,56,.446,23.0,9.5,5,8,11,False,39,
2022-08-02,2022-08-01,2022,147,201,70,34,.673,-,-,1,,1,False,-,48
2022-08-02,2022-08-01,2022,141,201,57,45,.559,12.0,+3.0,2,1,3,False,48,
2022-08-02,2022-08-01,2022,139,201,54,48,.529,15.0,-,3,2,5,False,45,
2022-08-02,2022-08-01,2022,110,201,52,51,.505,17.5,2.5,4,5,8,False,42,
2022-08-02,2022-08-01,2022,111,201,52,52,.500,18.0,3.0,5,7,10,False,41,
2022-08-02,2022-08-01,2022,142,202,54,48,.529,-,-,1,,4,False,-,60
2022-08-02,2022-08-01,2022,114,202,53,49,.520,1.0,1.0,2,4,7,False,60,
2022-08-02,2022-08-01,2022,145,202,51,51,.500,3.0,3.0,3,6,9,False,58,
2022-08-02,2022-08-01,2022,118,202,41,62,.398,13.5,13.5,4,10,13,False,47,
2022-08-02,2022-08-01,2022,116,202,41,63,.394,14.0,14.0,5,11,14,False,46,
2022-08-02,2022-08-01,2022,117,200,67,37,.644,-,-,1,,2,False,-,47
2022-08-02,2022-08-01,2022,136,200,55,49,.529,12.0,-,2,3,6,False,47,
2022-08-02,2022-08-01,2022,140,200,46,56,.451,20.0,8.0,3,8,11,False,40,
2022-08-02,2022-08-01,2022,108,200,43,59,.422,23.0,11.0,4,9,12,False,37,
2022-08-02,2022-08-01,2022,133,200,39,65,.375,28.0,16.0,5,12,15,False,31,
2022-08-02,2022-08-01,2022,121,204,65,37,.637,-,-,1,,2,False,-,57
2022-08-02,2022-08-01,2022,144,204,62,41,.602,3.5,+6.5,2,1,3,False,57,
2022-08-02,2022-08-01,2022,143,204,55,47,.539,10.0,-,3,3,6,False,51,
2022-08-02,2022-08-01,2022,146,204,47,56,.456,18.5,8.5,4,6,9,False,42,
2022-08-02,2022-08-01,2022,120,204,35,69,.337,31.0,21.0,5,12,15,False,29,
2022-08-02,2022-08-01,2022,158,205,57,45,.559,-,-,1,,4,False,-,58
2022-08-02,2022-08-01,2022,138,205,54,48,.529,3.0,1.0,2,4,7,False,58,
2022-08-02,2022-08-01,2022,112,205,41,60,.406,15.5,13.5,3,9,12,False,46,
2022-08-02,2022-08-01,2022,113,205,41,61,.402,16.0,14.0,4,10,13,False,45,
2022-08-02,2022-08-01,2022,134,205,40,62,.392,17.0,15.0,5,11,14,False,44,
2022-08-02,2022-08-01,2022,119,203,69,33,.676,-,-,1,,1,False,-,48
2022-08-02,2022-08-01,2022,135,203,58,46,.558,12.0,+2.0,2,2,5,False,48,
2022-08-02,2022-08-01,2022,137,203,51,52,.495,18.5,4.5,3,5,8,False,42,
2022-08-02,2022-08-01,2022,115,203,46,58,.442,24.0,10.0,4,7,10,False,36,
2022-08-02,2022-08-01,2022,109,203,45,57,.441,24.0,10.0,5,8,11,False,37,
2022-08-03,2022-08-02,2022,147,201,70,35,.667,-,-,1,,1,False,-,48
2022-08-03,2022-08-02,2022,141,201,58,45,.563,11.0,+4.0,2,1,3,False,48,
2022-08-03,2022-08-02,2022,139,201,54,49,.524,15.0,-,3,3,6,False,44,
2022-08-03,2022-08-02,2022,110,201,53,51,.510,16.5,1.5,4,5,8,False,42,
2022-08-03,2022-08-02,2022,111,201,53,52,.505,17.0,2.0,5,7,10,False,41,
2022-08-03,2022-08-02,2022,142,202,54,49,.524,-,-,1,,5,False,-,59
2022-08-03,2022-08-02,2022,114,202,53,50,.515,1.0,1.0,2,4,7,False,59,
2022-08-03,2022-08-02,2022,145,202,52,51,.505,2.0,2.0,3,6,9,False,58,
2022-08-03,2022-08-02,2022,116,202,42,63,.400,13.0,13.0,4,10,13,False,46,
2022-08-03,2022-08-02,2022,118,202,41,63,.394,13.5,13.5,5,11,14,False,46,
2022-08-03,2022-08-02,2022,117,200,67,38,.638,-,-,1,,2,False,-,47
2022-08-03,2022-08-02,2022,136,200,56,49,.533,11.0,+1.0,2,2,4,False,47,
2022-08-03,2022-08-02,2022,140,200,46,57,.447,20.0,8.0,3,8,11,False,39,
2022-08-03,2022-08-02,2022,108,200,44,59,.427,22.0,10.0,4,9,12,False,37,
2022-08-03,2022-08-02,2022,133,200,39,66,.371,28.0,16.0,5,12,15,False,30,
2022-08-03,2022-08-02,2022,121,204,65,38,.631,-,-,1,,2,False,-,57
2022-08-03,2022-08-02,2022,144,204,63,41,.606,2.5,+7.5,2,1,3,False,57,
2022-08-03,2022-08-02,2022,143,204,55,48,.534,10.0,-,3,3,6,False,50,
2022-08-03,2022-08-02,2022,146,204,47,57,.452,18.5,8.5,4,6,9,False,41,
2022-08-03,2022-08-02,2022,120,204,36,69,.343,30.0,20.0,5,12,15,False,29,
2022-08-03,2022-08-02,2022,158,205,57,46,.553,-,-,1,,5,False,-,58
2022-08-03,2022-08-02,2022,138,205,55,48,.534,2.0,-,2,4,7,False,58,
2022-08-03,2022-08-02,2022,113,205,42,61,.408,15.0,13.0,3,9,12,False,45,
2022-08-03,2022-08-02,2022,112,205,41,61,.402,15.5,13.5,4,10,13,False,45,
2022-08-03,2022-08-02,2022,134,205,41,62,.398,16.0,14.0,5,11,14,False,44,
2022-08-03,2022-08-02,2022,119,203,70,33,.680,-,-,1,,1,False,-,47
2022-08-03,2022-08-02,2022,135,203,60,46,.566,11.5,+3.5,2,2,4,False,47,
2022-08-03,2022-08-02,2022,137,203,51,53,.490,19.5,4.5,3,5,8,False,40,
2022-08-03,2022-08-02,2022,109,203,46,57,.447,24.0,9.0,4,7,10,False,36,
2022-08-03,2022-08-02,2022,115,203,46,60,.434,25.5,10.5,5,8,11,False,33,
2022-08-04,2022-08-03,2022,147,201,70,36,.660,-,-,1,,1,False,-,47
2022-08-04,2022-08-03,2022,141,201,58,46,.558,11.0,+3.0,2,1,3,False,47,
2022-08-04,2022-08-03,2022,139,201,55,49,.529,14.0,-,3,3,6,False,44,
2022-08-04,2022-08-03,2022,110,201,54,51,.514,15.5,1.5,4,5,8,False,42,
2022-08-04,2022-08-03,2022,111,201,53,53,.500,17.0,3.0,5,7,10,False,40,
2022-08-04,2022-08-03,2022,142,202,55,49,.529,-,-,1,,5,False,-,58
2022-08-04,2022-08-03,2022,114,202,54,50,.519,1.0,1.0,2,4,7,False,58,
2022-08-04,2022-08-03,2022,145,202,53,51,.510,2.0,2.0,3,6,9,False,57,
2022-08-04,2022-08-03,2022,116,202,42,64,.396,14.0,14.0,4,10,13,False,44,
2022-08-04,2022-08-03,2022,118,202,41,64,.390,14.5,14.5,5,11,14,False,44,
2022-08-04,2022-08-03,2022,117,200,68,38,.642,-,-,1,,2,False,-,46
2022-08-04,2022-08-03,2022,136,200,57,49,.538,11.0,+1.0,2,2,4,False,46,
2022-08-04,2022-08-03,2022,140,200,46,58,.442,21.0,9.0,3,8,11,False,37,
2022-08-04,2022-08-03,2022,108,200,44,60,.423,23.0,11.0,4,9,12,False,35,
2022-08-04,2022-08-03,2022,133,200,40,66,.377,28.0,16.0,5,12,15,False,29,
2022-08-04,2022-08-03,2022,121,204,66,38,.635,-,-,1,,2,False,-,55
2022-08-04,2022-08-03,2022,144,204,63,42,.600,3.5,+6.5,2,1,3,False,55,
2022-08-04,2022-08-03,2022,143,204,56,48,.538,10.0,-,3,3,6,False,49,
2022-08-04,2022-08-03,2022,146,204,48,57,.457,18.5,8.5,4,6,9,False,40,
2022-08-04,2022-08-03,2022,120,204,36,70,.340,31.0,21.0,5,12,15,False,27,
2022-08-04,2022-08-03,2022,158,205,57,47,.548,-,-,1,,5,False,-,58
2022-08-04,2022-08-03,2022,138,205,55,48,.534,1.5,0.5,2,4,7,False,58,
2022-08-04,2022-08-03,2022,113,205,42,62,.404,15.0,14.0,3,9,12,False,44,
2022-08-04,2022-08-03,2022,134,205,42,62,.404,15.0,14.0,4,10,13,False,44,
2022-08-04,2022-08-03,2022,112,205,41,61,.402,15.0,14.0,5,11,14,False,45,
2022-08-04,2022-08-03,2022,119,203,71,33,.683,-,-,1,,1,False,-,46
2022-08-04,2022-08-03,2022,135,203,61,46,.570,11.5,+3.5,2,2,4,False,46,
2022-08-04,2022-08-03,2022,137,203,51,54,.486,20.5,5.5,3,5,8,False,38,
2022-08-04,2022-08-03,2022,109,203,46,58,.442,25.0,10.0,4,7,10,False,34,
2022-08-04,2022-08-03,2022,115,203,46,61,.430,26.5,11.5,5,8,11,False,31,
2022-08-05,2022-08-04,2022,147,201,70,36,.660,-,-,1,,1,False,-,47
2022-08-05,2022-08-04,2022,141,201,59,46,.562,10.5,+3.0,2,1,3,False,47,
2022-08-05,2022-08-04,2022,139,201,56,49,.533,13.5,-,3,3,5,False,44,
2022-08-05,2022-08-04,2022,110,201,54,51,.514,15.5,2.0,4,5,8,False,42,
2022-08-05,2022-08-04,2022,111,201,53,54,.495,17.5,4.0,5,7,10,False,39,
2022-08-05,2022-08-04,2022,142,202,55,50,.524,-,-,1,,6,False,-,57
2022-08-05,2022-08-04,2022,114,202,54,51,.514,1.0,2.0,2,4,7,False,57,
2022-08-05,2022-08-04,2022,145,202,53,52,.505,2.0,3.0,3,6,9,False,56,
2022-08-05,2022-08-04,2022,118,202,42,64,.396,13.5,14.5,4,10,13,False,44,
2022-08-05,2022-08-04,2022,116,202,42,65,.393,14.0,15.0,5,11,14,False,43,
2022-08-05,2022-08-04,2022,117,200,69,38,.645,-,-,1,,2,False,-,45
2022-08-05,2022-08-04,2022,136,200,57,49,.538,11.5,+0.5,2,2,4,False,45,
2022-08-05,2022-08-04,2022,140,200,47,58,.448,21.0,9.0,3,8,11,False,36,
2022-08-05,2022-08-04,2022,108,200,44,61,.419,24.0,12.0,4,9,12,False,33,
2022-08-05,2022-08-04,2022,133,200,41,66,.383,28.0,16.0,5,12,15,False,28,
2022-08-05,2022-08-04,2022,121,204,67,38,.638,-,-,1,,2,False,-,53
2022-08-05,2022-08-04,2022,144,204,63,43,.594,4.5,+5.5,2,1,3,False,53,
2022-08-05,2022-08-04,2022,143,204,57,48,.543,10.0,-,3,3,5,False,48,
2022-08-05,2022-08-04,2022,146,204,48,57,.457,19.0,9.0,4,6,9,False,39,
2022-08-05,2022-08-04,2022,120,204,36,71,.336,32.0,22.0,5,12,15,False,25,
2022-08-05,2022-08-04,2022,138,205,57,48,.543,-,-,1,,6,False,-,44
2022-08-05,2022-08-04,2022,158,205,57,48,.543,-,-,2,4,7,False,-,
2022-08-05,2022-08-04,2022,134,205,43,62,.410,14.0,14.0,3,9,12,False,44,
2022-08-05,2022-08-04,2022,113,205,42,62,.404,14.5,14.5,4,10,13,False,44,
2022-08-05,2022-08-04,2022,112,205,41,63,.394,15.5,15.5,5,11,14,False,43,
2022-08-05,2022-08-04,2022,119,203,72,33,.686,-,-,1,,1,False,-,44
2022-08-05,2022-08-04,2022,135,203,61,47,.565,12.5,+2.5,2,2,4,False,44,
2022-08-05,2022-08-04,2022,137,203,51,55,.481,21.5,6.5,3,5,8,False,36,
2022-08-05,2022-08-04,2022,109,203,46,58,.442,25.5,10.5,4,7,10,False,33,
2022-08-05,2022-08-04,2022,115,203,47,61,.435,26.5,11.5,5,8,11,False,30,
2022-08-06,2022-08-05,2022,147,201,70,37,.654,-,-,1,,1,False,-,46
2022-08-06,2022-08-05,2022,141,201,59,47,.557,10.5,+2.5,2,1,3,False,46,
2022-08-06,2022-08-05,2022,139,201,57,49,.538,12.5,+0.5,3,2,4,False,44,
2022-08-06,2022-08-05,2022,110,201,55,51,.519,14.5,1.5,4,4,7,False,42,
2022-08-06,2022-08-05,2022,111,201,54,54,.500,16.5,3.5,5,7,10,False,39,
2022-08-06,2022-08-05,2022,142,202,56,50,.528,-,-,1,,6,False,-,55
2022-08-06,2022-08-05,2022,114,202,54,52,.509,2.0,2.5,2,5,8,False,55,
2022-08-06,2022-08-05,2022,145,202,54,52,.509,2.0,2.5,3,6,9,False,55,
2022-08-06,2022-08-05,2022,118,202,42,65,.393,14.5,15.0,4,10,13,False,42,
2022-08-06,2022-08-05,2022,116,202,42,66,.389,15.0,15.5,5,11,14,False,41,
2022-08-06,2022-08-05,2022,117,200,70,38,.648,-,-,1,,2,False,-,43
2022-08-06,2022-08-05,2022,136,200,57,50,.533,12.5,-,2,3,5,False,43,
2022-08-06,2022-08-05,2022,140,200,47,59,.443,22.0,9.5,3,8,11,False,34,
2022-08-06,2022-08-05,2022,108,200,45,61,.425,24.0,11.5,4,9,12,False,32,
2022-08-06,2022-08-05,2022,133,200,41,66,.383,28.5,16.0,5,12,15,False,27,
2022-08-06,2022-08-05,2022,121,204,67,39,.632,-,-,1,,2,False,-,53
2022-08-06,2022-08-05,2022,144,204,64,43,.598,3.5,+5.5,2,1,3,False,53,
2022-08-06,2022-08-05,2022,143,204,58,48,.547,9.0,-,3,3,5,False,48,
2022-08-06,2022-08-05,2022,146,204,48,58,.453,19.0,10.0,4,6,9,False,38,
2022-08-06,2022-08-05,2022,120,204,36,72,.333,32.0,23.0,5,12,15,False,24,
2022-08-06,2022-08-05,2022,138,205,58,48,.547,-,-,1,,6,False,-,42
2022-08-06,2022-08-05,2022,158,205,58,48,.547,-,-,2,4,7,False,-,
2022-08-06,2022-08-05,2022,134,205,43,63,.406,15.0,15.0,3,9,12,False,42,
2022-08-06,2022-08-05,2022,112,205,42,63,.400,15.5,15.5,4,10,13,False,42,
2022-08-06,2022-08-05,2022,113,205,42,63,.400,15.5,15.5,5,11,14,False,42,
2022-08-06,2022-08-05,2022,119,203,73,33,.689,-,-,1,,1,False,-,42
2022-08-06,2022-08-05,2022,135,203,61,48,.560,13.5,+1.5,2,2,4,False,42,
2022-08-06,2022-08-05,2022,137,203,51,55,.481,22.0,7.0,3,5,8,False,35,
2022-08-06,2022-08-05,2022,109,203,47,58,.448,25.5,10.5,4,7,10,False,32,
2022-08-06,2022-08-05,2022,115,203,47,62,.431,27.5,12.5,5,8,11,False,28,
2022-08-07,2022-08-06,2022,147,201,70,38,.648,-,-,1,,1,False,-,45
2022-08-07,2022-08-06,2022,141,201,59,48,.551,10.5,+2.0,2,1,3,False,45,
2022-08-07,2022-08-06,2022,139,201,57,50,.533,12.5,-,3,2,5,False,43,
2022-08-07,2022-08-06,2022,110,201,56,51,.523,13.5,1.0,4,4,7,False,42,
2022-08-07,2022-08-06,2022,111,201,54,55,.495,16.5,4.0,5,7,10,False,38,
2022-08-07,2022-08-06,2022,142,202,57,50,.533,-,-,1,,4,False,-,54
2022-08-07,2022-08-06,2022,114,202,55,52,.514,2.0,2.0,2,5,8,False,54,
2022-08-07,2022-08-06,2022,145,202,54,53,.505,3.0,3.0,3,6,9,False,53,
2022-08-07,2022-08-06,2022,118,202,43,65,.398,14.5,14.5,4,10,13,False,41,
2022-08-07,2022-08-06,2022,116,202,43,66,.394,15.0,15.0,5,11,14,False,40,
2022-08-07,2022-08-06,2022,117,200,70,39,.642,-,-,1,,2,False,-,42
2022-08-07,2022-08-06,2022,136,200,58,51,.532,12.0,-,2,3,6,False,42,
2022-08-07,2022-08-06,2022,140,200,48,59,.449,21.0,9.0,3,8,11,False,34,
2022-08-07,2022-08-06,2022,108,200,46,62,.426,23.5,11.5,4,9,12,False,31,
2022-08-07,2022-08-06,2022,133,200,41,67,.380,28.5,16.5,5,12,15,False,26,
2022-08-07,2022-08-06,2022,121,204,69,39,.639,-,-,1,,2,False,-,49
2022-08-07,2022-08-06,2022,144,204,64,45,.587,5.5,+4.0,2,1,3,False,49,
2022-08-07,2022-08-06,2022,143,204,59,48,.551,9.5,-,3,3,5,False,46,
2022-08-07,2022-08-06,2022,146,204,48,59,.449,20.5,11.0,4,6,9,False,35,
2022-08-07,2022-08-06,2022,120,204,36,73,.330,33.5,24.0,5,12,15,False,21,
2022-08-07,2022-08-06,2022,138,205,59,48,.551,-,-,1,,6,False,-,55
2022-08-07,2022-08-06,2022,158,205,58,49,.542,1.0,1.0,2,4,7,False,55,
2022-08-07,2022-08-06,2022,112,205,43,63,.406,15.5,15.5,3,9,12,False,41,
2022-08-07,2022-08-06,2022,113,205,43,63,.406,15.5,15.5,4,10,13,False,41,
2022-08-07,2022-08-06,2022,134,205,43,64,.402,16.0,16.0,5,11,14,False,40,
2022-08-07,2022-08-06,2022,119,203,74,33,.692,-,-,1,,1,False,-,40
2022-08-07,2022-08-06,2022,135,203,61,49,.555,14.5,+0.5,2,2,4,False,40,
2022-08-07,2022-08-06,2022,137,203,52,55,.486,22.0,7.0,3,5,8,False,34,
2022-08-07,2022-08-06,2022,109,203,47,59,.443,26.5,11.5,4,7,10,False,30,
2022-08-07,2022-08-06,2022,115,203,48,62,.436,27.5,12.5,5,8,11,False,27,
2022-08-08,2022-08-07,2022,147,201,70,39,.642,-,-,1,,1,False,-,45
2022-08-08,2022-08-07,2022,141,201,60,48,.556,9.5,+2.0,2,1,3,False,45,
2022-08-08,2022-08-07,2022,139,201,58,50,.537,11.5,-,3,2,4,False,43,
2022-08-08,2022-08-07,2022,110,201,56,52,.519,13.5,2.0,4,5,8,False,41,
2022-08-08,2022-08-07,2022,111,201,54,56,.491,16.5,5.0,5,7,10,False,37,
2022-08-08,2022-08-07,2022,142,202,57,51,.528,-,-,1,,6,False,-,54
2022-08-08,2022-08-07,2022,114,202,56,52,.519,1.0,2.0,2,4,7,False,54,
2022-08-08,2022-08-07,2022,145,202,55,53,.509,2.0,3.0,3,6,9,False,53,
2022-08-08,2022-08-07,2022,118,202,44,65,.404,13.5,14.5,4,10,13,False,41,
2022-08-08,2022-08-07,2022,116,202,43,67,.391,15.0,16.0,5,11,14,False,39,
2022-08-08,2022-08-07,2022,117,200,70,40,.636,-,-,1,,2,False,-,42
2022-08-08,2022-08-07,2022,136,200,59,51,.536,11.0,-,2,3,5,False,42,
2022-08-08,2022-08-07,2022,140,200,48,60,.444,21.0,10.0,3,8,11,False,33,
2022-08-08,2022-08-07,2022,108,200,46,63,.422,23.5,12.5,4,9,12,False,30,
2022-08-08,2022-08-07,2022,133,200,41,68,.376,28.5,17.5,5,12,15,False,25,
2022-08-08,2022-08-07,2022,121,204,70,39,.642,-,-,1,,2,False,-,47
2022-08-08,2022-08-07,2022,144,204,64,46,.582,6.5,+3.5,2,1,3,False,47,
2022-08-08,2022-08-07,2022,143,204,60,48,.556,9.5,+0.5,3,2,4,False,45,
2022-08-08,2022-08-07,2022,146,204,49,59,.454,20.5,10.5,4,6,9,False,34,
2022-08-08,2022-08-07,2022,120,204,36,74,.327,34.5,24.5,5,12,15,False,19,
2022-08-08,2022-08-07,2022,138,205,60,48,.556,-,-,1,,5,False,-,53
2022-08-08,2022-08-07,2022,158,205,58,50,.537,2.0,1.5,2,4,7,False,53,
2022-08-08,2022-08-07,2022,113,205,44,63,.411,15.5,15.0,3,9,12,False,40,
2022-08-08,2022-08-07,2022,134,205,44,64,.407,16.0,15.5,4,10,13,False,39,
2022-08-08,2022-08-07,2022,112,205,43,64,.402,16.5,16.0,5,11,14,False,39,
2022-08-08,2022-08-07,2022,119,203,75,33,.694,-,-,1,,1,False,-,38
2022-08-08,2022-08-07,2022,135,203,61,50,.550,15.5,-,2,3,6,False,38,
2022-08-08,2022-08-07,2022,137,203,53,55,.491,22.0,6.5,3,5,8,False,33,
2022-08-08,2022-08-07,2022,109,203,48,59,.449,26.5,11.0,4,7,10,False,29,
2022-08-08,2022-08-07,2022,115,203,48,63,.432,28.5,13.0,5,8,11,False,25,
2022-08-09,2022-08-08,2022,147,201,71,39,.645,-,-,1,,1,False,-,43
2022-08-09,2022-08-08,2022,141,201,60,49,.550,10.5,+2.0,2,1,3,False,43,
2022-08-09,2022-08-08,2022,139,201,58,50,.537,12.0,+0.5,3,2,4,False,42,
2022-08-09,2022-08-08,2022,110,201,57,52,.523,13.5,1.0,4,4,7,False,40,
2022-08-09,2022-08-08,2022,111,201,54,56,.491,17.0,4.5,5,7,10,False,36,
2022-08-09,2022-08-08,2022,142,202,57,51,.528,-,-,1,,6,False,-,54
2022-08-09,2022-08-08,2022,114,202,56,52,.519,1.0,1.5,2,5,8,False,54,
2022-08-09,2022-08-08,2022,145,202,55,53,.509,2.0,2.5,3,6,9,False,53,
2022-08-09,2022-08-08,2022,118,202,44,65,.404,13.5,14.0,4,10,13,False,41,
2022-08-09,2022-08-08,2022,116,202,43,67,.391,15.0,15.5,5,11,14,False,39,
2022-08-09,2022-08-08,2022,117,200,70,40,.636,-,-,1,,2,False,-,41
2022-08-09,2022-08-08,2022,136,200,59,52,.532,11.5,-,2,3,5,False,41,
2022-08-09,2022-08-08,2022,140,200,48,60,.444,21.0,9.5,3,8,11,False,33,
2022-08-09,2022-08-08,2022,108,200,47,63,.427,23.0,11.5,4,9,12,False,30,
2022-08-09,2022-08-08,2022,133,200,41,69,.373,29.0,17.5,5,12,15,False,24,
2022-08-09,2022-08-08,2022,121,204,71,39,.645,-,-,1,,2,False,-,46
2022-08-09,2022-08-08,2022,144,204,64,46,.582,7.0,+4.0,2,1,3,False,46,
2022-08-09,2022-08-08,2022,143,204,60,48,.556,10.0,+1.0,3,2,4,False,44,
2022-08-09,2022-08-08,2022,146,204,49,59,.454,21.0,10.0,4,7,10,False,33,
2022-08-09,2022-08-08,2022,120,204,36,75,.324,35.5,24.5,5,12,15,False,17,
2022-08-09,2022-08-08,2022,138,205,60,48,.556,-,-,1,,5,False,-,53
2022-08-09,2022-08-08,2022,158,205,58,50,.537,2.0,1.0,2,4,7,False,53,
2022-08-09,2022-08-08,2022,112,205,44,64,.407,16.0,15.0,3,9,12,False,39,
2022-08-09,2022-08-08,2022,113,205,44,64,.407,16.0,15.0,4,10,13,False,39,
2022-08-09,2022-08-08,2022,134,205,44,65,.404,16.5,15.5,5,11,14,False,38,
2022-08-09,2022-08-08,2022,119,203,75,33,.694,-,-,1,,1,False,-,37
2022-08-09,2022-08-08,2022,135,203,61,51,.545,16.0,-,2,3,6,False,37,
2022-08-09,2022-08-08,2022,137,203,54,55,.495,21.5,5.5,3,5,8,False,33,
2022-08-09,2022-08-08,2022,109,203,49,59,.454,26.0,10.0,4,6,9,False,29,
2022-08-09,2022-08-08,2022,115,203,48,63,.432,28.5,12.5,5,8,11,False,25,
2022-08-10,2022-08-09,2022,147,201,71,40,.640,-,-,1,,2,False,-,42
2022-08-10,2022-08-09,2022,141,201,60,50,.545,10.5,+1.5,2,1,3,False,42,
2022-08-10,2022-08-09,2022,139,201,58,51,.532,12.0,-,3,3,5,False,41,
2022-08-10,2022-08-09,2022,110,201,58,52,.527,12.5,0.5,4,4,6,False,40,
2022-08-10,2022-08-09,2022,111,201,54,57,.486,17.0,5.0,5,7,10,False,35,
2022-08-10,2022-08-09,2022,114,202,57,52,.523,-,-,1,,7,False,-,52
2022-08-10,2022-08-09,2022,142,202,57,52,.523,-,1.0,2,5,8,False,-,
2022-08-10,2022-08-09,2022,145,202,56,54,.509,1.5,2.5,3,6,9,False,52,
2022-08-10,2022-08-09,2022,118,202,45,66,.405,13.0,14.0,4,10,13,False,40,
2022-08-10,2022-08-09,2022,116,202,43,68,.387,15.0,16.0,5,11,14,False,38,
2022-08-10,2022-08-09,2022,117,200,71,40,.640,-,-,1,,1,False,-,40
2022-08-10,2022-08-09,2022,136,200,60,52,.536,11.5,+0.5,2,2,4,False,40,
2022-08-10,2022-08-09,2022,140,200,48,61,.440,22.0,10.0,3,8,11,False,31,
2022-08-10,2022-08-09,2022,108,200,48,63,.432,23.0,11.0,4,9,12,False,29,
2022-08-10,2022-08-09,2022,133,200,41,70,.369,30.0,18.0,5,12,15,False,22,
2022-08-10,2022-08-09,2022,121,204,72,39,.649,-,-,1,,2,False,-,45
2022-08-10,2022-08-09,2022,144,204,65,46,.586,7.0,+4.0,2,1,3,False,45,
2022-08-10,2022-08-09,2022,143,204,61,48,.560,10.0,+1.0,3,2,4,False,43,
2022-08-10,2022-08-09,2022,146,204,49,60,.450,22.0,11.0,4,7,10,False,31,
2022-08-10,2022-08-09,2022,120,204,37,75,.330,35.5,24.5,5,12,15,False,16,
2022-08-10,2022-08-09,2022,138,205,60,49,.550,-,-,1,,5,False,-,53
2022-08-10,2022-08-09,2022,158,205,59,50,.541,1.0,1.0,2,4,7,False,53,
2022-08-10,2022-08-09,2022,112,205,44,65,.404,16.0,16.0,3,9,12,False,38,
2022-08-10,2022-08-09,2022,113,205,44,65,.404,16.0,16.0,4,10,13,False,38,
2022-08-10,2022-08-09,2022,134,205,44,66,.400,16.5,16.5,5,11,14,False,37,
2022-08-10,2022-08-09,2022,119,203,76,33,.697,-,-,1,,1,False,-,36
2022-08-10,2022-08-09,2022,135,203,62,51,.549,16.0,-,2,3,6,False,36,
2022-08-10,2022-08-09,2022,137,203,54,56,.491,22.5,6.5,3,5,8,False,31,
2022-08-10,2022-08-09,2022,109,203,50,59,.459,26.0,10.0,4,6,9,False,28,
2022-08-10,2022-08-09,2022,115,203,49,63,.438,28.5,12.5,5,8,11,False,24,
2022-08-11,2022-08-10,2022,147,201,71,41,.634,-,-,1,,2,False,-,42
2022-08-11,2022-08-10,2022,141,201,60,50,.545,10.0,+2.0,2,1,3,False,42,
2022-08-11,2022-08-10,2022,139,201,58,52,.527,12.0,-,3,3,6,False,40,
2022-08-11,2022-08-10,2022,110,201,58,52,.527,12.0,-,4,4,7,False,40,
2022-08-11,2022-08-10,2022,111,201,54,58,.482,17.0,5.0,5,7,10,False,34,
2022-08-11,2022-08-10,2022,114,202,58,52,.527,-,-,1,,5,False,-,52
2022-08-11,2022-08-10,2022,142,202,57,53,.518,1.0,1.0,2,5,8,False,52,
2022-08-11,2022-08-10,2022,145,202,56,55,.505,2.5,2.5,3,6,9,False,50,
2022-08-11,2022-08-10,2022,118,202,46,66,.411,13.0,13.0,4,10,13,False,39,
2022-08-11,2022-08-10,2022,116,202,43,69,.384,16.0,16.0,5,11,14,False,36,
2022-08-11,2022-08-10,2022,117,200,71,41,.634,-,-,1,,1,False,-,40
2022-08-11,2022-08-10,2022,136,200,61,52,.540,10.5,+1.5,2,2,4,False,40,
2022-08-11,2022-08-10,2022,140,200,49,61,.445,21.0,9.0,3,8,11,False,31,
2022-08-11,2022-08-10,2022,108,200,49,63,.438,22.0,10.0,4,9,12,False,29,
2022-08-11,2022-08-10,2022,133,200,41,71,.366,30.0,18.0,5,12,15,False,21,
2022-08-11,2022-08-10,2022,121,204,73,39,.652,-,-,1,,2,False,-,44
2022-08-11,2022-08-10,2022,144,204,66,46,.589,7.0,+4.0,2,1,3,False,44,
2022-08-11,2022-08-10,2022,143,204,62,48,.564,10.0,+1.0,3,2,4,False,42,
2022-08-11,2022-08-10,2022,146,204,49,61,.445,23.0,12.0,4,7,10,False,29,
2022-08-11,2022-08-10,2022,120,204,37,76,.327,36.5,25.5,5,12,15,False,14,
2022-08-11,2022-08-10,2022,138,205,61,49,.555,-,-,1,,5,False,-,52
2022-08-11,2022-08-10,2022,158,205,60,50,.545,1.0,1.0,2,4,7,False,52,
2022-08-11,2022-08-10,2022,112,205,45,65,.409,16.0,16.0,3,9,12,False,37,
2022-08-11,2022-08-10,2022,134,205,45,66,.405,16.5,16.5,4,10,13,False,36,
2022-08-11,2022-08-10,2022,113,205,44,66,.400,17.0,17.0,5,11,14,False,36,
2022-08-11,2022-08-10,2022,119,203,77,33,.700,-,-,1,,1,False,-,35
2022-08-11,2022-08-10,2022,135,203,63,51,.553,16.0,-,2,3,6,False,35,
2022-08-11,2022-08-10,2022,137,203,54,57,.486,23.5,7.5,3,5,8,False,29,
2022-08-11,2022-08-10,2022,109,203,50,60,.455,27.0,11.0,4,6,9,False,26,
2022-08-11,2022-08-10,2022,115,203,49,64,.434,29.5,13.5,5,8,11,False,22,
2022-08-12,2022-08-11,2022,147,201,71,41,.634,-,-,1,,2,False,-,42
2022-08-12,2022-08-11,2022,141,201,60,50,.545,10.0,+2.0,2,1,3,False,42,
2022-08-12,2022-08-11,2022,139,201,58,52,.527,12.0,-,3,3,6,False,40,
2022-08-12,2022-08-11,2022,110,201,58,53,.523,12.5,0.5,4,4,7,False,39,
2022-08-12,2022-08-11,2022,111,201,55,58,.487,16.5,4.5,5,7,10,False,34,
2022-08-12,2022-08-11,2022,114,202,59,52,.532,-,-,1,,5,False,-,51
2022-08-12,2022-08-11,2022,142,202,57,53,.518,1.5,1.0,2,5,8,False,51,
2022-08-12,2022-08-11,2022,145,202,56,56,.500,3.5,3.0,3,6,9,False,48,
2022-08-12,2022-08-11,2022,118,202,47,66,.416,13.0,12.5,4,10,13,False,38,
2022-08-12,2022-08-11,2022,116,202,43,70,.381,17.0,16.5,5,11,14,False,34,
2022-08-12,2022-08-11,2022,117,200,72,41,.637,-,-,1,,1,False,-,39
2022-08-12,2022-08-11,2022,136,200,61,52,.540,11.0,+1.5,2,2,4,False,39,
2022-08-12,2022-08-11,2022,140,200,49,62,.441,22.0,9.5,3,8,11,False,29,
2022-08-12,2022-08-11,2022,108,200,49,63,.438,22.5,10.0,4,9,12,False,28,
2022-08-12,2022-08-11,2022,133,200,41,71,.366,30.5,18.0,5,12,15,False,20,
2022-08-12,2022-08-11,2022,121,204,73,39,.652,-,-,1,,2,False,-,44
2022-08-12,2022-08-11,2022,144,204,66,46,.589,7.0,+4.0,2,1,3,False,44,
2022-08-12,2022-08-11,2022,143,204,62,49,.559,10.5,+0.5,3,2,4,False,41,
2022-08-12,2022-08-11,2022,146,204,50,61,.450,22.5,11.5,4,7,10,False,29,
2022-08-12,2022-08-11,2022,120,204,37,76,.327,36.5,25.5,5,12,15,False,14,
2022-08-12,2022-08-11,2022,138,205,61,50,.550,-,-,1,,6,False,-,52
2022-08-12,2022-08-11,2022,158,205,60,50,.545,0.5,1.0,2,4,7,False,52,
2022-08-12,2022-08-11,2022,112,205,46,65,.414,15.0,15.5,3,9,12,False,37,
2022-08-12,2022-08-11,2022,134,205,45,67,.402,16.5,17.0,4,10,13,False,35,
2022-08-12,2022-08-11,2022,113,205,44,67,.396,17.0,17.5,5,11,14,False,35,
2022-08-12,2022-08-11,2022,119,203,77,33,.700,-,-,1,,1,False,-,35
2022-08-12,2022-08-11,2022,135,203,63,51,.553,16.0,-,2,3,5,False,35,
2022-08-12,2022-08-11,2022,137,203,54,57,.486,23.5,7.5,3,5,8,False,29,
2022-08-12,2022-08-11,2022,109,203,51,60,.459,26.5,10.5,4,6,9,False,26,
2022-08-12,2022-08-11,2022,115,203,50,64,.439,29.0,13.0,5,8,11,False,22,
2022-08-13,2022-08-12,2022,147,201,71,42,.628,-,-,1,,2,False,-,41
2022-08-13,2022-08-12,2022,141,201,60,51,.541,10.0,+1.5,2,2,4,False,41,
2022-08-13,2022-08-12,2022,110,201,59,53,.527,11.5,-,3,3,6,False,39,
2022-08-13,2022-08-12,2022,139,201,58,53,.523,12.0,0.5,4,5,8,False,39,
2022-08-13,2022-08-12,2022,111,201,56,58,.491,15.5,4.0,5,7,10,False,34,
2022-08-13,2022-08-12,2022,114,202,60,52,.536,-,-,1,,5,False,-,50
2022-08-13,2022-08-12,2022,142,202,58,53,.523,1.5,0.5,2,4,7,False,50,
2022-08-13,2022-08-12,2022,145,202,57,56,.504,3.5,2.5,3,6,9,False,47,
2022-08-13,2022-08-12,2022,118,202,47,67,.412,14.0,13.0,4,10,13,False,36,
2022-08-13,2022-08-12,2022,116,202,43,71,.377,18.0,17.0,5,11,14,False,32,
2022-08-13,2022-08-12,2022,117,200,73,41,.640,-,-,1,,1,False,-,38
2022-08-13,2022-08-12,2022,136,200,62,52,.544,11.0,+2.0,2,1,3,False,38,
2022-08-13,2022-08-12,2022,140,200,49,63,.438,23.0,10.0,3,8,11,False,27,
2022-08-13,2022-08-12,2022,108,200,49,64,.434,23.5,10.5,4,9,12,False,26,
2022-08-13,2022-08-12,2022,133,200,41,72,.363,31.5,18.5,5,12,15,False,18,
2022-08-13,2022-08-12,2022,121,204,73,40,.646,-,-,1,,2,False,-,44
2022-08-13,2022-08-12,2022,144,204,67,46,.593,6.0,+4.0,2,1,3,False,44,
2022-08-13,2022-08-12,2022,143,204,63,49,.563,9.5,+0.5,3,2,4,False,41,
2022-08-13,2022-08-12,2022,146,204,50,62,.446,22.5,12.5,4,7,10,False,28,
2022-08-13,2022-08-12,2022,120,204,37,77,.325,36.5,26.5,5,12,15,False,13,
2022-08-13,2022-08-12,2022,138,205,62,50,.554,-,-,1,,6,False,-,50
2022-08-13,2022-08-12,2022,158,205,60,51,.541,1.5,2.0,2,4,7,False,50,
2022-08-13,2022-08-12,2022,112,205,46,65,.414,15.5,16.0,3,9,12,False,36,
2022-08-13,2022-08-12,2022,134,205,45,68,.398,17.5,18.0,4,10,13,False,33,
2022-08-13,2022-08-12,2022,113,205,44,67,.396,17.5,18.0,5,11,14,False,34,
2022-08-13,2022-08-12,2022,119,203,78,33,.703,-,-,1,,1,False,-,34
2022-08-13,2022-08-12,2022,135,203,64,51,.557,16.0,-,2,3,5,False,34,
2022-08-13,2022-08-12,2022,137,203,55,57,.491,23.5,7.5,3,5,8,False,28,
2022-08-13,2022-08-12,2022,109,203,51,61,.455,27.5,11.5,4,6,9,False,24,
2022-08-13,2022-08-12,2022,115,203,51,64,.443,29.0,13.0,5,8,11,False,21,
2022-08-14,2022-08-13,2022,147,201,72,42,.632,-,-,1,,2,False,-,40
2022-08-14,2022-08-13,2022,141,201,61,51,.545,10.0,+2.0,2,1,3,False,40,
2022-08-14,2022-08-13,2022,139,201,59,53,.527,12.0,-,3,3,6,False,38,
2022-08-14,2022-08-13,2022,110,201,59,54,.522,12.5,0.5,4,4,7,False,37,
2022-08-14,2022-08-13,2022,111,201,56,59,.487,16.5,4.5,5,7,10,False,32,
2022-08-14,2022-08-13,2022,114,202,60,53,.531,-,-,1,,5,False,-,49
2022-08-14,2022-08-13,2022,142,202,58,54,.518,1.5,1.0,2,5,8,False,49,
2022-08-14,2022-08-13,2022,145,202,58,56,.509,2.5,2.0,3,6,9,False,47,
2022-08-14,2022-08-13,2022,118,202,47,68,.409,14.0,13.5,4,10,13,False,35,
2022-08-14,2022-08-13,2022,116,202,43,72,.374,18.0,17.5,5,11,14,False,31,
2022-08-14,2022-08-13,2022,117,200,74,41,.643,-,-,1,,1,False,-,36
2022-08-14,2022-08-13,2022,136,200,62,53,.539,12.0,+1.5,2,2,4,False,36,
2022-08-14,2022-08-13,2022,140,200,50,63,.442,23.0,9.5,3,8,11,False,26,
2022-08-14,2022-08-13,2022,108,200,50,64,.439,23.5,10.0,4,9,12,False,25,
2022-08-14,2022-08-13,2022,133,200,41,73,.360,32.5,19.0,5,12,15,False,16,
2022-08-14,2022-08-13,2022,121,204,74,40,.649,-,-,1,,2,False,-,43
2022-08-14,2022-08-13,2022,144,204,69,46,.600,5.5,+5.5,2,1,3,False,43,
2022-08-14,2022-08-13,2022,143,204,63,50,.558,10.5,+0.5,3,2,4,False,39,
2022-08-14,2022-08-13,2022,146,204,50,64,.439,24.0,13.0,4,8,11,False,25,
2022-08-14,2022-08-13,2022,120,204,38,77,.330,36.5,25.5,5,12,15,False,12,
2022-08-14,2022-08-13,2022,138,205,62,51,.549,-,-,1,,6,False,-,50
2022-08-14,2022-08-13,2022,158,205,61,51,.545,0.5,1.0,2,4,7,False,50,
2022-08-14,2022-08-13,2022,112,205,47,65,.420,14.5,15.0,3,9,12,False,36,
2022-08-14,2022-08-13,2022,134,205,45,69,.395,17.5,18.0,4,10,13,False,32,
2022-08-14,2022-08-13,2022,113,205,44,68,.393,17.5,18.0,5,11,14,False,33,
2022-08-14,2022-08-13,2022,119,203,79,33,.705,-,-,1,,1,False,-,32
2022-08-14,2022-08-13,2022,135,203,64,52,.552,17.0,-,2,3,5,False,32,
2022-08-14,2022-08-13,2022,137,203,56,57,.496,23.5,6.5,3,5,8,False,27,
2022-08-14,2022-08-13,2022,109,203,52,61,.460,27.5,10.5,4,6,9,False,23,
2022-08-14,2022-08-13,2022,115,203,51,65,.440,30.0,13.0,5,7,10,False,19,
2022-08-15,2022-08-14,2022,147,201,72,43,.626,-,-,1,,2,False,-,39
2022-08-15,2022-08-14,2022,141,201,61,52,.540,10.0,+1.0,2,1,3,False,39,
2022-08-15,2022-08-14,2022,139,201,60,53,.531,11.0,-,3,3,6,False,38,
2022-08-15,2022-08-14,2022,110,201,59,55,.518,12.5,1.5,4,4,7,False,36,
2022-08-15,2022-08-14,2022,111,201,57,59,.491,15.5,4.5,5,7,10,False,32,
2022-08-15,2022-08-14,2022,114,202,61,53,.535,-,-,1,,4,False,-,47
2022-08-15,2022-08-14,2022,142,202,58,55,.513,2.5,2.0,2,5,8,False,47,
2022-08-15,2022-08-14,2022,145,202,59,56,.513,2.5,2.0,3,6,9,False,46,
2022-08-15,2022-08-14,2022,118,202,48,68,.414,14.0,13.5,4,10,13,False,34,
2022-08-15,2022-08-14,2022,116,202,43,73,.371,19.0,18.5,5,11,14,False,29,
2022-08-15,2022-08-14,2022,117,200,75,41,.647,-,-,1,,1,False,-,34
2022-08-15,2022-08-14,2022,136,200,62,54,.534,13.0,+0.5,2,2,5,False,34,
2022-08-15,2022-08-14,2022,140,200,51,63,.447,23.0,9.5,3,8,11,False,25,
2022-08-15,2022-08-14,2022,108,200,51,64,.443,23.5,10.0,4,9,12,False,24,
2022-08-15,2022-08-14,2022,133,200,41,74,.357,33.5,20.0,5,12,15,False,14,
2022-08-15,2022-08-14,2022,121,204,75,40,.652,-,-,1,,2,False,-,42
2022-08-15,2022-08-14,2022,144,204,70,46,.603,5.5,+6.0,2,1,3,False,42,
2022-08-15,2022-08-14,2022,143,204,63,51,.553,11.5,-,3,3,5,False,37,
2022-08-15,2022-08-14,2022,146,204,50,65,.435,25.0,13.5,4,8,11,False,23,
2022-08-15,2022-08-14,2022,120,204,38,78,.328,37.5,26.0,5,12,15,False,10,
2022-08-15,2022-08-14,2022,138,205,63,51,.553,-,-,1,,6,False,-,48
2022-08-15,2022-08-14,2022,158,205,61,52,.540,1.5,1.5,2,4,7,False,48,
2022-08-15,2022-08-14,2022,112,205,47,66,.416,15.5,15.5,3,9,12,False,34,
2022-08-15,2022-08-14,2022,113,205,45,68,.398,17.5,17.5,4,10,13,False,32,
2022-08-15,2022-08-14,2022,134,205,45,70,.391,18.5,18.5,5,11,14,False,30,
2022-08-15,2022-08-14,2022,119,203,79,34,.699,-,-,1,,1,False,-,32
2022-08-15,2022-08-14,2022,135,203,65,52,.556,16.0,+0.5,2,2,4,False,32,
2022-08-15,2022-08-14,2022,137,203,57,57,.500,22.5,6.0,3,5,8,False,27,
2022-08-15,2022-08-14,2022,109,203,53,61,.465,26.5,10.0,4,6,9,False,23,
2022-08-15,2022-08-14,2022,115,203,51,66,.436,30.0,13.5,5,7,10,False,18,
2022-08-16,2022-08-15,2022,147,201,72,44,.621,-,-,1,,2,False,-,38
2022-08-16,2022-08-15,2022,139,201,61,53,.535,10.0,-,2,2,4,False,38,
2022-08-16,2022-08-15,2022,141,201,61,53,.535,10.0,-,3,3,5,False,38,
2022-08-16,2022-08-15,2022,110,201,60,55,.522,11.5,1.5,4,4,7,False,36,
2022-08-16,2022-08-15,2022,111,201,57,59,.491,15.0,5.0,5,7,10,False,32,
2022-08-16,2022-08-15,2022,114,202,62,54,.534,-,-,1,,6,False,-,46
2022-08-16,2022-08-15,2022,142,202,59,55,.518,2.0,2.0,2,5,8,False,46,
2022-08-16,2022-08-15,2022,145,202,60,56,.517,2.0,2.0,3,6,9,False,45,
2022-08-16,2022-08-15,2022,118,202,48,69,.410,14.5,14.5,4,10,13,False,32,
2022-08-16,2022-08-15,2022,116,202,44,74,.373,19.0,19.0,5,11,14,False,27,
2022-08-16,2022-08-15,2022,117,200,75,42,.641,-,-,1,,1,False,-,34
2022-08-16,2022-08-15,2022,136,200,63,54,.538,12.0,+0.5,2,1,3,False,34,
2022-08-16,2022-08-15,2022,140,200,52,63,.452,22.0,9.5,3,8,11,False,25,
2022-08-16,2022-08-15,2022,108,200,51,65,.440,23.5,11.0,4,9,12,False,23,
2022-08-16,2022-08-15,2022,133,200,41,75,.353,33.5,21.0,5,12,15,False,13,
2022-08-16,2022-08-15,2022,121,204,75,41,.647,-,-,1,,2,False,-,42
2022-08-16,2022-08-15,2022,144,204,71,46,.607,4.5,+6.5,2,1,3,False,42,
2022-08-16,2022-08-15,2022,143,204,64,51,.557,10.5,+0.5,3,2,4,False,37,
2022-08-16,2022-08-15,2022,146,204,51,65,.440,24.0,13.0,4,7,10,False,23,
2022-08-16,2022-08-15,2022,120,204,39,78,.333,36.5,25.5,5,12,15,False,10,
2022-08-16,2022-08-15,2022,138,205,63,51,.553,-,-,1,,5,False,-,47
2022-08-16,2022-08-15,2022,158,205,61,53,.535,2.0,2.0,2,4,7,False,47,
2022-08-16,2022-08-15,2022,112,205,47,67,.412,16.0,16.0,3,9,12,False,33,
2022-08-16,2022-08-15,2022,113,205,45,69,.395,18.0,18.0,4,10,13,False,31,
2022-08-16,2022-08-15,2022,134,205,45,70,.391,18.5,18.5,5,11,14,False,30,
2022-08-16,2022-08-15,2022,119,203,80,34,.702,-,-,1,,1,False,-,30
2022-08-16,2022-08-15,2022,135,203,65,53,.551,17.0,-,2,3,6,False,30,
2022-08-16,2022-08-15,2022,137,203,58,57,.504,22.5,5.5,3,5,8,False,26,
2022-08-16,2022-08-15,2022,109,203,53,62,.461,27.5,10.5,4,6,9,False,21,
2022-08-16,2022-08-15,2022,115,203,51,66,.436,30.5,13.5,5,8,11,False,17,
2022-08-17,2022-08-16,2022,147,201,72,45,.615,-,-,1,,2,False,-,38
2022-08-17,2022-08-16,2022,139,201,62,53,.539,9.0,+1.0,2,2,4,False,38,
2022-08-17,2022-08-16,2022,141,201,61,54,.530,10.0,-,3,3,5,False,37,
2022-08-17,2022-08-16,2022,110,201,61,55,.526,10.5,0.5,4,4,7,False,36,
2022-08-17,2022-08-16,2022,111,201,58,59,.496,14.0,4.0,5,7,10,False,32,
2022-08-17,2022-08-16,2022,114,202,62,55,.530,-,-,1,,6,False,-,46
2022-08-17,2022-08-16,2022,142,202,60,55,.522,1.0,1.0,2,5,8,False,46,
2022-08-17,2022-08-16,2022,145,202,61,56,.521,1.0,1.0,3,6,9,False,45,
2022-08-17,2022-08-16,2022,118,202,48,70,.407,14.5,14.5,4,10,13,False,31,
2022-08-17,2022-08-16,2022,116,202,45,74,.378,18.0,18.0,5,11,14,False,27,
2022-08-17,2022-08-16,2022,117,200,75,43,.636,-,-,1,,1,False,-,34
2022-08-17,2022-08-16,2022,136,200,64,54,.542,11.0,+1.5,2,1,3,False,34,
2022-08-17,2022-08-16,2022,140,200,52,64,.448,22.0,9.5,3,8,11,False,24,
2022-08-17,2022-08-16,2022,108,200,51,66,.436,23.5,11.0,4,9,12,False,22,
2022-08-17,2022-08-16,2022,133,200,42,75,.359,32.5,20.0,5,12,15,False,13,
2022-08-17,2022-08-16,2022,121,204,75,42,.641,-,-,1,,2,False,-,42
2022-08-17,2022-08-16,2022,144,204,72,46,.610,3.5,+7.5,2,1,3,False,42,
2022-08-17,2022-08-16,2022,143,204,65,51,.560,9.5,+1.5,3,2,4,False,37,
2022-08-17,2022-08-16,2022,146,204,52,65,.444,23.0,12.0,4,7,10,False,23,
2022-08-17,2022-08-16,2022,120,204,39,79,.331,36.5,25.5,5,12,15,False,9,
2022-08-17,2022-08-16,2022,138,205,64,51,.557,-,-,1,,5,False,-,46
2022-08-17,2022-08-16,2022,158,205,62,53,.539,2.0,1.0,2,4,7,False,46,
2022-08-17,2022-08-16,2022,112,205,48,67,.417,16.0,15.0,3,9,12,False,32,
2022-08-17,2022-08-16,2022,113,205,45,70,.391,19.0,18.0,4,10,13,False,29,
2022-08-17,2022-08-16,2022,134,205,45,71,.388,19.5,18.5,5,11,14,False,28,
2022-08-17,2022-08-16,2022,119,203,80,35,.696,-,-,1,,1,False,-,29
2022-08-17,2022-08-16,2022,135,203,65,54,.546,17.0,-,2,3,6,False,29,
2022-08-17,2022-08-16,2022,137,203,59,57,.509,21.5,4.5,3,5,8,False,26,
2022-08-17,2022-08-16,2022,109,203,53,63,.457,27.5,10.5,4,6,9,False,20,
2022-08-17,2022-08-16,2022,115,203,51,67,.432,30.5,13.5,5,8,11,False,16,
2022-08-18,2022-08-17,2022,147,201,73,45,.619,-,-,1,,2,False,-,36
2022-08-18,2022-08-17,2022,139,201,62,54,.534,10.0,-,2,2,4,False,36,
2022-08-18,2022-08-17,2022,141,201,62,54,.534,10.0,-,3,3,5,False,36,
2022-08-18,2022-08-17,2022,110,201,61,56,.521,11.5,1.5,4,5,8,False,34,
2022-08-18,2022-08-17,2022,111,201,59,59,.500,14.0,4.0,5,7,10,False,31,
2022-08-18,2022-08-17,2022,114,202,63,55,.534,-,-,1,,6,False,-,45
2022-08-18,2022-08-17,2022,142,202,61,55,.526,1.0,1.0,2,4,7,False,45,
2022-08-18,2022-08-17,2022,145,202,61,57,.517,2.0,2.0,3,6,9,False,43,
2022-08-18,2022-08-17,2022,118,202,48,71,.403,15.5,15.5,4,10,13,False,29,
2022-08-18,2022-08-17,2022,116,202,45,75,.375,19.0,19.0,5,11,14,False,25,
2022-08-18,2022-08-17,2022,117,200,76,43,.639,-,-,1,,1,False,-,33
2022-08-18,2022-08-17,2022,136,200,65,54,.546,11.0,+1.5,2,1,3,False,33,
2022-08-18,2022-08-17,2022,140,200,52,65,.444,23.0,10.5,3,8,11,False,22,
2022-08-18,2022-08-17,2022,108,200,51,67,.432,24.5,12.0,4,9,12,False,20,
2022-08-18,2022-08-17,2022,133,200,43,75,.364,32.5,20.0,5,12,15,False,12,
2022-08-18,2022-08-17,2022,121,204,76,42,.644,-,-,1,,2,False,-,40
2022-08-18,2022-08-17,2022,144,204,72,47,.605,4.5,+6.5,2,1,3,False,40,
2022-08-18,2022-08-17,2022,143,204,65,52,.556,10.5,+0.5,3,2,5,False,35,
2022-08-18,2022-08-17,2022,146,204,52,66,.441,24.0,13.0,4,7,10,False,21,
2022-08-18,2022-08-17,2022,120,204,39,80,.328,37.5,26.5,5,12,15,False,7,
2022-08-18,2022-08-17,2022,138,205,65,51,.560,-,-,1,,4,False,-,44
2022-08-18,2022-08-17,2022,158,205,62,54,.534,3.0,2.0,2,4,7,False,44,
2022-08-18,2022-08-17,2022,112,205,49,67,.422,16.0,15.0,3,9,12,False,31,
2022-08-18,2022-08-17,2022,113,205,46,70,.397,19.0,18.0,4,10,13,False,28,
2022-08-18,2022-08-17,2022,134,205,45,72,.385,20.5,19.5,5,11,14,False,26,
2022-08-18,2022-08-17,2022,119,203,81,35,.698,-,-,1,,1,False,-,28
2022-08-18,2022-08-17,2022,135,203,66,54,.550,17.0,-,2,3,6,False,28,
2022-08-18,2022-08-17,2022,137,203,59,58,.504,22.5,5.5,3,5,8,False,24,
2022-08-18,2022-08-17,2022,109,203,54,63,.462,27.5,10.5,4,6,9,False,19,
2022-08-18,2022-08-17,2022,115,203,51,68,.429,31.5,14.5,5,8,11,False,14,
2022-08-19,2022-08-18,2022,147,201,73,46,.613,-,-,1,,2,False,-,36
2022-08-19,2022-08-18,2022,139,201,63,54,.538,9.0,-,2,2,4,False,36,
2022-08-19,2022-08-18,2022,141,201,63,54,.538,9.0,-,3,3,5,False,36,
2022-08-19,2022-08-18,2022,110,201,61,57,.517,11.5,2.5,4,5,8,False,33,
2022-08-19,2022-08-18,2022,111,201,59,60,.496,14.0,5.0,5,7,10,False,30,
2022-08-19,2022-08-18,2022,114,202,63,55,.534,-,-,1,,6,False,-,45
2022-08-19,2022-08-18,2022,142,202,61,55,.526,1.0,1.5,2,4,7,False,45,
2022-08-19,2022-08-18,2022,145,202,61,58,.513,2.5,3.0,3,6,9,False,42,
2022-08-19,2022-08-18,2022,118,202,48,72,.400,16.0,16.5,4,10,13,False,28,
2022-08-19,2022-08-18,2022,116,202,45,75,.375,19.0,19.5,5,11,14,False,25,
2022-08-19,2022-08-18,2022,117,200,77,43,.642,-,-,1,,1,False,-,32
2022-08-19,2022-08-18,2022,136,200,65,54,.546,11.5,+1.0,2,1,3,False,32,
2022-08-19,2022-08-18,2022,140,200,53,65,.449,23.0,10.5,3,8,11,False,21,
2022-08-19,2022-08-18,2022,108,200,51,67,.432,25.0,12.5,4,9,12,False,19,
2022-08-19,2022-08-18,2022,133,200,43,76,.361,33.5,21.0,5,12,15,False,10,
2022-08-19,2022-08-18,2022,121,204,76,43,.639,-,-,1,,2,False,-,40
2022-08-19,2022-08-18,2022,144,204,73,47,.608,3.5,+7.5,2,1,3,False,40,
2022-08-19,2022-08-18,2022,143,204,65,52,.556,10.0,+1.0,3,2,5,False,35,
2022-08-19,2022-08-18,2022,146,204,52,66,.441,23.5,12.5,4,7,10,False,21,
2022-08-19,2022-08-18,2022,120,204,40,80,.333,36.5,25.5,5,12,15,False,7,
2022-08-19,2022-08-18,2022,138,205,66,51,.564,-,-,1,,4,False,-,43
2022-08-19,2022-08-18,2022,158,205,63,54,.538,3.0,1.0,2,4,7,False,43,
2022-08-19,2022-08-18,2022,112,205,50,67,.427,16.0,14.0,3,8,11,False,30,
2022-08-19,2022-08-18,2022,113,205,46,70,.397,19.5,17.5,4,10,13,False,27,
2022-08-19,2022-08-18,2022,134,205,46,72,.390,20.5,18.5,5,11,14,False,25,
2022-08-19,2022-08-18,2022,119,203,81,36,.692,-,-,1,,1,False,-,27
2022-08-19,2022-08-18,2022,135,203,66,55,.545,17.0,-,2,3,6,False,27,
2022-08-19,2022-08-18,2022,137,203,59,59,.500,22.5,5.5,3,5,8,False,23,
2022-08-19,2022-08-18,2022,109,203,55,63,.466,26.5,9.5,4,6,9,False,19,
2022-08-19,2022-08-18,2022,115,203,51,69,.425,31.5,14.5,5,9,12,False,13,
2022-08-20,2022-08-19,2022,147,201,73,47,.608,-,-,1,,2,False,-,36
2022-08-20,2022-08-19,2022,141,201,64,54,.542,8.0,+1.0,2,2,4,False,36,
2022-08-20,2022-08-19,2022,139,201,63,55,.534,9.0,-,3,3,6,False,35,
2022-08-20,2022-08-19,2022,110,201,62,57,.521,10.5,1.5,4,5,8,False,33,
2022-08-20,2022-08-19,2022,111,201,59,61,.492,14.0,5.0,5,7,10,False,29,
2022-08-20,2022-08-19,2022,114,202,64,55,.538,-,-,1,,5,False,-,44
2022-08-20,2022-08-19,2022,142,202,62,55,.530,1.0,0.5,2,4,7,False,44,
2022-08-20,2022-08-19,2022,145,202,61,59,.508,3.5,3.0,3,6,9,False,40,
2022-08-20,2022-08-19,2022,118,202,49,72,.405,16.0,15.5,4,10,13,False,27,
2022-08-20,2022-08-19,2022,116,202,45,76,.372,20.0,19.5,5,11,14,False,23,
2022-08-20,2022-08-19,2022,117,200,77,44,.636,-,-,1,,1,False,-,32
2022-08-20,2022-08-19,2022,136,200,66,54,.550,10.5,+2.0,2,1,3,False,32,
2022-08-20,2022-08-19,2022,140,200,53,66,.445,23.0,10.5,3,8,11,False,20,
2022-08-20,2022-08-19,2022,108,200,52,67,.437,24.0,11.5,4,9,12,False,19,
2022-08-20,2022-08-19,2022,133,200,43,77,.358,33.5,21.0,5,12,15,False,9,
2022-08-20,2022-08-19,2022,121,204,77,43,.642,-,-,1,,2,False,-,39
2022-08-20,2022-08-19,2022,144,204,74,47,.612,3.5,+8.5,2,1,3,False,39,
2022-08-20,2022-08-19,2022,143,204,65,53,.551,11.0,+1.0,3,2,5,False,33,
2022-08-20,2022-08-19,2022,146,204,52,67,.437,24.5,12.5,4,7,10,False,19,
2022-08-20,2022-08-19,2022,120,204,41,80,.339,36.5,24.5,5,12,15,False,6,
2022-08-20,2022-08-19,2022,138,205,67,51,.568,-,-,1,,4,False,-,41
2022-08-20,2022-08-19,2022,158,205,63,55,.534,4.0,1.0,2,4,7,False,41,
2022-08-20,2022-08-19,2022,112,205,51,67,.432,16.0,13.0,3,8,11,False,29,
2022-08-20,2022-08-19,2022,134,205,47,72,.395,20.5,17.5,4,10,13,False,24,
2022-08-20,2022-08-19,2022,113,205,46,71,.393,20.5,17.5,5,11,14,False,25,
2022-08-20,2022-08-19,2022,119,203,82,36,.695,-,-,1,,1,False,-,25
2022-08-20,2022-08-19,2022,135,203,66,56,.541,18.0,-,2,3,6,False,25,
2022-08-20,2022-08-19,2022,137,203,59,60,.496,23.5,5.5,3,5,8,False,21,
2022-08-20,2022-08-19,2022,109,203,55,64,.462,27.5,9.5,4,6,9,False,17,
2022-08-20,2022-08-19,2022,115,203,52,69,.430,31.5,13.5,5,9,12,False,12,
2022-08-21,2022-08-20,2022,147,201,73,48,.603,-,-,1,,2,False,-,36
2022-08-21,2022-08-20,2022,141,201,65,54,.546,7.0,+1.0,2,1,3,False,36,
2022-08-21,2022-08-20,2022,139,201,64,55,.538,8.0,-,3,3,5,False,35,
2022-08-21,2022-08-20,2022,110,201,62,58,.517,10.5,2.5,4,5,8,False,32,
2022-08-21,2022-08-20,2022,111,201,60,61,.496,13.0,5.0,5,7,10,False,29,
2022-08-21,2022-08-20,2022,114,202,64,56,.533,-,-,1,,6,False,-,43
2022-08-21,2022-08-20,2022,142,202,62,56,.525,1.0,1.5,2,4,7,False,43,
2022-08-21,2022-08-20,2022,145,202,62,59,.512,2.5,3.0,3,6,9,False,40,
2022-08-21,2022-08-20,2022,118,202,49,73,.402,16.0,16.5,4,10,13,False,26,
2022-08-21,2022-08-20,2022,116,202,46,76,.377,19.0,19.5,5,11,14,False,23,
2022-08-21,2022-08-20,2022,117,200,77,45,.631,-,-,1,,1,False,-,31
2022-08-21,2022-08-20,2022,136,200,66,55,.545,10.5,+1.0,2,2,4,False,31,
2022-08-21,2022-08-20,2022,140,200,54,66,.450,22.0,10.5,3,8,11,False,20,
2022-08-21,2022-08-20,2022,108,200,52,68,.433,24.0,12.5,4,9,12,False,18,
2022-08-21,2022-08-20,2022,133,200,44,77,.364,32.5,21.0,5,12,15,False,9,
2022-08-21,2022-08-20,2022,121,204,78,44,.639,-,-,1,,2,False,-,38
2022-08-21,2022-08-20,2022,144,204,75,47,.615,3.0,+8.5,2,1,3,False,38,
2022-08-21,2022-08-20,2022,143,204,66,54,.550,11.0,+0.5,3,2,5,False,31,
2022-08-21,2022-08-20,2022,146,204,52,68,.433,25.0,13.5,4,9,12,False,17,
2022-08-21,2022-08-20,2022,120,204,41,81,.336,37.0,25.5,5,12,15,False,4,
2022-08-21,2022-08-20,2022,138,205,68,51,.571,-,-,1,,4,False,-,39
2022-08-21,2022-08-20,2022,158,205,63,56,.529,5.0,2.0,2,4,7,False,39,
2022-08-21,2022-08-20,2022,112,205,52,67,.437,16.0,13.0,3,7,10,False,28,
2022-08-21,2022-08-20,2022,113,205,47,71,.398,20.5,17.5,4,10,13,False,24,
2022-08-21,2022-08-20,2022,134,205,47,73,.392,21.5,18.5,5,11,14,False,22,
2022-08-21,2022-08-20,2022,119,203,83,36,.697,-,-,1,,1,False,-,24
2022-08-21,2022-08-20,2022,135,203,67,56,.545,18.0,-,2,3,6,False,24,
2022-08-21,2022-08-20,2022,137,203,59,61,.492,24.5,6.5,3,5,8,False,19,
2022-08-21,2022-08-20,2022,109,203,55,65,.458,28.5,10.5,4,6,9,False,15,
2022-08-21,2022-08-20,2022,115,203,53,69,.434,31.5,13.5,5,8,11,False,11,
2022-08-22,2022-08-21,2022,147,201,74,48,.607,-,-,1,,2,False,-,34
2022-08-22,2022-08-21,2022,139,201,65,55,.542,8.0,-,2,1,3,False,34,
2022-08-22,2022-08-21,2022,141,201,65,55,.542,8.0,-,3,2,4,False,34,
2022-08-22,2022-08-21,2022,110,201,63,58,.521,10.5,2.5,4,5,8,False,31,
2022-08-22,2022-08-21,2022,111,201,60,62,.492,14.0,6.0,5,7,10,False,27,
2022-08-22,2022-08-21,2022,114,202,64,56,.533,-,-,1,,6,False,-,42
2022-08-22,2022-08-21,2022,142,202,62,57,.521,1.5,2.5,2,4,7,False,42,
2022-08-22,2022-08-21,2022,145,202,62,59,.512,2.5,3.5,3,6,9,False,40,
2022-08-22,2022-08-21,2022,118,202,49,74,.398,16.5,17.5,4,10,13,False,25,
2022-08-22,2022-08-21,2022,116,202,47,76,.382,18.5,19.5,5,11,14,False,23,
2022-08-22,2022-08-21,2022,117,200,78,45,.634,-,-,1,,1,False,-,29
2022-08-22,2022-08-21,2022,136,200,66,56,.541,11.5,-,2,3,5,False,29,
2022-08-22,2022-08-21,2022,140,200,55,66,.455,22.0,10.5,3,8,11,False,19,
2022-08-22,2022-08-21,2022,108,200,52,69,.430,25.0,13.5,4,9,12,False,16,
2022-08-22,2022-08-21,2022,133,200,45,77,.369,32.5,21.0,5,12,15,False,8,
2022-08-22,2022-08-21,2022,121,204,79,44,.642,-,-,1,,2,False,-,36
2022-08-22,2022-08-21,2022,144,204,75,48,.610,4.0,+8.0,2,1,3,False,36,
2022-08-22,2022-08-21,2022,143,204,66,55,.545,12.0,-,3,3,6,False,29,
2022-08-22,2022-08-21,2022,146,204,52,69,.430,26.0,14.0,4,9,12,False,15,
2022-08-22,2022-08-21,2022,120,204,41,82,.333,38.0,26.0,5,12,15,False,2,
2022-08-22,2022-08-21,2022,138,205,69,51,.575,-,-,1,,4,False,-,38
2022-08-22,2022-08-21,2022,158,205,64,56,.533,5.0,1.5,2,4,7,False,38,
2022-08-22,2022-08-21,2022,112,205,52,68,.433,17.0,13.5,3,7,10,False,26,
2022-08-22,2022-08-21,2022,113,205,48,71,.403,20.5,17.0,4,10,13,False,23,
2022-08-22,2022-08-21,2022,134,205,47,74,.388,22.5,19.0,5,11,14,False,20,
2022-08-22,2022-08-21,2022,119,203,84,36,.700,-,-,1,,1,False,-,23
2022-08-22,2022-08-21,2022,135,203,68,56,.548,18.0,+0.5,2,2,5,False,23,
2022-08-22,2022-08-21,2022,137,203,60,61,.496,24.5,6.0,3,5,8,False,18,
2022-08-22,2022-08-21,2022,109,203,55,66,.455,29.5,11.0,4,6,9,False,13,
2022-08-22,2022-08-21,2022,115,203,53,70,.431,32.5,14.0,5,8,11,False,9,
2022-08-23,2022-08-22,2022,147,201,75,48,.610,-,-,1,,2,False,-,33
2022-08-23,2022-08-22,2022,139,201,66,55,.545,8.0,+0.5,2,1,3,False,33,
2022-08-23,2022-08-22,2022,141,201,65,55,.542,8.5,-,3,2,4,False,33,
2022-08-23,2022-08-22,2022,110,201,63,58,.521,11.0,2.5,4,4,7,False,30,
2022-08-23,2022-08-22,2022,111,201,60,62,.492,14.5,6.0,5,7,10,False,26,
2022-08-23,2022-08-22,2022,114,202,64,56,.533,-,-,1,,6,False,-,41
2022-08-23,2022-08-22,2022,142,202,62,58,.517,2.0,3.0,2,5,8,False,41,
2022-08-23,2022-08-22,2022,145,202,62,60,.508,3.0,4.0,3,6,9,False,39,
2022-08-23,2022-08-22,2022,118,202,50,74,.403,16.0,17.0,4,10,13,False,25,
2022-08-23,2022-08-22,2022,116,202,47,76,.382,18.5,19.5,5,11,14,False,23,
2022-08-23,2022-08-22,2022,117,200,78,45,.634,-,-,1,,1,False,-,29
2022-08-23,2022-08-22,2022,136,200,66,56,.541,11.5,-,2,3,5,False,29,
2022-08-23,2022-08-22,2022,140,200,56,66,.459,21.5,10.0,3,8,11,False,19,
2022-08-23,2022-08-22,2022,108,200,52,70,.426,25.5,14.0,4,9,12,False,15,
2022-08-23,2022-08-22,2022,133,200,45,78,.366,33.0,21.5,5,12,15,False,7,
2022-08-23,2022-08-22,2022,121,204,79,45,.637,-,-,1,,2,False,-,36
2022-08-23,2022-08-22,2022,144,204,76,48,.613,3.0,+8.0,2,1,3,False,36,
2022-08-23,2022-08-22,2022,143,204,67,55,.549,11.0,-,3,2,5,False,29,
2022-08-23,2022-08-22,2022,146,204,53,69,.434,25.0,14.0,4,7,10,False,15,
2022-08-23,2022-08-22,2022,120,204,41,82,.333,37.5,26.5,5,12,15,False,2,
2022-08-23,2022-08-22,2022,138,205,70,51,.579,-,-,1,,4,False,-,37
2022-08-23,2022-08-22,2022,158,205,65,56,.537,5.0,1.5,2,4,7,False,37,
2022-08-23,2022-08-22,2022,112,205,52,69,.430,18.0,14.5,3,9,12,False,24,
2022-08-23,2022-08-22,2022,113,205,48,72,.400,21.5,18.0,4,10,13,False,21,
2022-08-23,2022-08-22,2022,134,205,47,75,.385,23.5,20.0,5,11,14,False,18,
2022-08-23,2022-08-22,2022,119,203,84,37,.694,-,-,1,,1,False,-,23
2022-08-23,2022-08-22,2022,135,203,68,56,.548,17.5,-,2,3,6,False,23,
2022-08-23,2022-08-22,2022,137,203,60,61,.496,24.0,6.5,3,5,8,False,18,
2022-08-23,2022-08-22,2022,109,203,55,66,.455,29.0,11.5,4,6,9,False,13,
2022-08-23,2022-08-22,2022,115,203,53,70,.431,32.0,14.5,5,8,11,False,9,
2022-08-24,2022-08-23,2022,147,201,76,48,.613,-,-,1,,2,False,-,32
2022-08-24,2022-08-23,2022,139,201,67,55,.549,8.0,+0.5,2,1,3,False,32,
2022-08-24,2022-08-23,2022,141,201,66,55,.545,8.5,-,3,2,4,False,32,
2022-08-24,2022-08-23,2022,110,201,64,58,.525,11.0,2.5,4,4,7,False,29,
2022-08-24,2022-08-23,2022,111,201,60,63,.488,15.5,7.0,5,7,10,False,24,
2022-08-24,2022-08-23,2022,114,202,65,56,.537,-,-,1,,6,False,-,39
2022-08-24,2022-08-23,2022,142,202,62,59,.512,3.0,4.0,2,5,8,False,39,
2022-08-24,2022-08-23,2022,145,202,62,61,.504,4.0,5.0,3,6,9,False,37,
2022-08-24,2022-08-23,2022,118,202,50,75,.400,17.0,18.0,4,10,13,False,23,
2022-08-24,2022-08-23,2022,116,202,47,77,.379,19.5,20.5,5,11,14,False,21,
2022-08-24,2022-08-23,2022,117,200,79,45,.637,-,-,1,,1,False,-,28
2022-08-24,2022-08-23,2022,136,200,67,56,.545,11.5,-,2,3,5,False,28,
2022-08-24,2022-08-23,2022,140,200,56,67,.455,22.5,11.0,3,8,11,False,17,
2022-08-24,2022-08-23,2022,108,200,52,71,.423,26.5,15.0,4,9,12,False,13,
2022-08-24,2022-08-23,2022,133,200,45,79,.363,34.0,22.5,5,12,15,False,5,
2022-08-24,2022-08-23,2022,121,204,79,46,.632,-,-,1,,2,False,-,36
2022-08-24,2022-08-23,2022,144,204,77,48,.616,2.0,+9.0,2,1,3,False,36,
2022-08-24,2022-08-23,2022,143,204,68,55,.553,10.0,+1.0,3,2,5,False,29,
2022-08-24,2022-08-23,2022,146,204,54,69,.439,24.0,13.0,4,7,10,False,15,
2022-08-24,2022-08-23,2022,120,204,41,83,.331,37.5,26.5,5,12,15,False,1,
2022-08-24,2022-08-23,2022,138,205,71,52,.577,-,-,1,,4,False,-,35
2022-08-24,2022-08-23,2022,158,205,65,57,.533,5.5,1.5,2,4,7,False,35,
2022-08-24,2022-08-23,2022,112,205,53,70,.431,18.0,14.0,3,9,12,False,22,
2022-08-24,2022-08-23,2022,113,205,48,73,.397,22.0,18.0,4,10,13,False,19,
2022-08-24,2022-08-23,2022,134,205,47,76,.382,24.0,20.0,5,11,14,False,16,
2022-08-24,2022-08-23,2022,119,203,85,37,.697,-,-,1,,1,False,-,21
2022-08-24,2022-08-23,2022,135,203,68,57,.544,18.5,-,2,3,6,False,21,
2022-08-24,2022-08-23,2022,137,203,61,61,.500,24.0,5.5,3,5,8,False,17,
2022-08-24,2022-08-23,2022,109,203,56,66,.459,29.0,10.5,4,6,9,False,12,
2022-08-24,2022-08-23,2022,115,203,54,70,.435,32.0,13.5,5,8,11,False,8,
2022-08-25,2022-08-24,2022,147,201,76,48,.613,-,-,1,,2,False,-,32
2022-08-25,2022-08-24,2022,139,201,68,55,.553,7.5,+1.5,2,1,3,False,32,
2022-08-25,2022-08-24,2022,141,201,67,55,.549,8.0,+1.0,3,2,4,False,32,
2022-08-25,2022-08-24,2022,110,201,64,59,.520,11.5,2.5,4,4,7,False,28,
2022-08-25,2022-08-24,2022,111,201,60,64,.484,16.0,7.0,5,7,10,False,23,
2022-08-25,2022-08-24,2022,114,202,66,56,.541,-,-,1,,5,False,-,37
2022-08-25,2022-08-24,2022,142,202,62,60,.508,4.0,4.0,2,5,8,False,37,
2022-08-25,2022-08-24,2022,145,202,63,61,.508,4.0,4.0,3,6,9,False,36,
2022-08-25,2022-08-24,2022,118,202,51,75,.405,17.0,17.0,4,10,13,False,22,
2022-08-25,2022-08-24,2022,116,202,48,77,.384,19.5,19.5,5,11,14,False,20,
2022-08-25,2022-08-24,2022,117,200,80,45,.640,-,-,1,,1,False,-,26
2022-08-25,2022-08-24,2022,136,200,67,57,.540,12.5,-,2,3,6,False,26,
2022-08-25,2022-08-24,2022,140,200,57,67,.460,22.5,10.0,3,8,11,False,16,
2022-08-25,2022-08-24,2022,108,200,52,72,.419,27.5,15.0,4,9,12,False,11,
2022-08-25,2022-08-24,2022,133,200,46,79,.368,34.0,21.5,5,12,15,False,4,
2022-08-25,2022-08-24,2022,121,204,79,46,.632,-,-,1,,2,False,-,36
2022-08-25,2022-08-24,2022,144,204,78,48,.619,1.5,+10.0,2,1,3,False,36,
2022-08-25,2022-08-24,2022,143,204,69,55,.556,9.5,+2.0,3,2,5,False,29,
2022-08-25,2022-08-24,2022,146,204,54,70,.435,24.5,13.0,4,8,11,False,14,
2022-08-25,2022-08-24,2022,120,204,42,83,.336,37.0,25.5,5,12,15,False,1,
2022-08-25,2022-08-24,2022,138,205,71,53,.573,-,-,1,,4,False,-,34
2022-08-25,2022-08-24,2022,158,205,65,58,.528,5.5,1.5,2,4,7,False,34,
2022-08-25,2022-08-24,2022,112,205,54,70,.435,17.0,13.0,3,7,10,False,22,
2022-08-25,2022-08-24,2022,113,205,48,74,.393,22.0,18.0,4,10,13,False,18,
2022-08-25,2022-08-24,2022,134,205,47,77,.379,24.0,20.0,5,11,14,False,15,
2022-08-25,2022-08-24,2022,119,203,86,37,.699,-,-,1,,1,False,-,19
2022-08-25,2022-08-24,2022,135,203,68,58,.540,19.5,-,2,3,6,False,19,
2022-08-25,2022-08-24,2022,137,203,61,62,.496,25.0,5.5,3,5,8,False,15,
2022-08-25,2022-08-24,2022,109,203,56,67,.455,30.0,10.5,4,6,9,False,10,
2022-08-25,2022-08-24,2022,115,203,54,71,.432,33.0,13.5,5,9,12,False,6,
2022-08-26,2022-08-25,2022,147,201,77,48,.616,-,-,1,,2,False,-,31
2022-08-26,2022-08-25,2022,139,201,69,55,.556,7.5,+1.5,2,1,3,False,31,
2022-08-26,2022-08-25,2022,141,201,68,55,.553,8.0,+1.0,3,2,4,False,31,
2022-08-26,2022-08-25,2022,110,201,65,59,.524,11.5,2.5,4,4,7,False,27,
2022-08-26,2022-08-25,2022,111,201,60,65,.480,17.0,8.0,5,7,10,False,21,
2022-08-26,2022-08-25,2022,114,202,66,57,.537,-,-,1,,6,False,-,36
2022-08-26,2022-08-25,2022,142,202,62,61,.504,4.0,5.0,2,5,8,False,36,
2022-08-26,2022-08-25,2022,145,202,63,62,.504,4.0,5.0,3,6,9,False,35,
2022-08-26,2022-08-25,2022,118,202,51,75,.405,16.5,17.5,4,10,13,False,22,
2022-08-26,2022-08-25,2022,116,202,48,77,.384,19.0,20.0,5,11,14,False,20,
2022-08-26,2022-08-25,2022,117,200,81,45,.643,-,-,1,,1,False,-,25
2022-08-26,2022-08-25,2022,136,200,68,57,.544,12.5,-,2,3,5,False,25,
2022-08-26,2022-08-25,2022,140,200,57,67,.460,23.0,10.5,3,8,11,False,15,
2022-08-26,2022-08-25,2022,108,200,52,73,.416,28.5,16.0,4,9,12,False,9,
2022-08-26,2022-08-25,2022,133,200,46,80,.365,35.0,22.5,5,12,15,False,2,
2022-08-26,2022-08-25,2022,121,204,80,46,.635,-,-,1,,2,False,-,35
2022-08-26,2022-08-25,2022,144,204,78,48,.619,2.0,+10.0,2,1,3,False,35,
2022-08-26,2022-08-25,2022,143,204,70,55,.560,9.5,+2.5,3,2,5,False,28,
2022-08-26,2022-08-25,2022,146,204,54,70,.435,25.0,13.0,4,7,10,False,13,
2022-08-26,2022-08-25,2022,120,204,42,83,.336,37.5,25.5,5,12,15,False,E,
2022-08-26,2022-08-25,2022,138,205,72,53,.576,-,-,1,,4,False,-,33
2022-08-26,2022-08-25,2022,158,205,65,58,.528,6.0,1.5,2,4,7,False,33,
2022-08-26,2022-08-25,2022,112,205,54,71,.432,18.0,13.5,3,8,11,False,20,
2022-08-26,2022-08-25,2022,113,205,48,75,.390,23.0,18.5,4,10,13,False,16,
2022-08-26,2022-08-25,2022,134,205,47,77,.379,24.5,20.0,5,11,14,False,14,
2022-08-26,2022-08-25,2022,119,203,86,37,.699,-,-,1,,1,False,-,19
2022-08-26,2022-08-25,2022,135,203,68,58,.540,19.5,-,2,3,6,False,19,
2022-08-26,2022-08-25,2022,137,203,61,62,.496,25.0,5.5,3,5,8,False,15,
2022-08-26,2022-08-25,2022,109,203,56,67,.455,30.0,10.5,4,6,9,False,10,
2022-08-26,2022-08-25,2022,115,203,54,72,.429,33.5,14.0,5,9,12,False,5,
2022-08-27,2022-08-26,2022,147,201,78,48,.619,-,-,1,,2,False,-,29
2022-08-27,2022-08-26,2022,139,201,69,56,.552,8.5,+0.5,2,1,3,False,29,
2022-08-27,2022-08-26,2022,141,201,68,56,.548,9.0,-,3,2,4,False,29,
2022-08-27,2022-08-26,2022,110,201,66,59,.528,11.5,2.5,4,4,7,False,26,
2022-08-27,2022-08-26,2022,111,201,61,65,.484,17.0,8.0,5,7,10,False,20,
2022-08-27,2022-08-26,2022,114,202,66,58,.532,-,-,1,,6,False,-,36
2022-08-27,2022-08-26,2022,142,202,63,61,.508,3.0,5.0,2,5,8,False,36,
2022-08-27,2022-08-26,2022,145,202,63,63,.500,4.0,6.0,3,6,9,False,34,
2022-08-27,2022-08-26,2022,118,202,51,76,.402,16.5,18.5,4,10,13,False,21,
2022-08-27,2022-08-26,2022,116,202,48,78,.381,19.0,21.0,5,11,14,False,19,
2022-08-27,2022-08-26,2022,117,200,81,46,.638,-,-,1,,1,False,-,25
2022-08-27,2022-08-26,2022,136,200,69,57,.548,11.5,-,2,3,5,False,25,
2022-08-27,2022-08-26,2022,140,200,58,67,.464,22.0,10.5,3,8,11,False,15,
2022-08-27,2022-08-26,2022,108,200,53,73,.421,27.5,16.0,4,9,12,False,9,
2022-08-27,2022-08-26,2022,133,200,46,81,.362,35.0,23.5,5,12,15,False,1,
2022-08-27,2022-08-26,2022,121,204,81,46,.638,-,-,1,,2,False,-,34
2022-08-27,2022-08-26,2022,144,204,79,48,.622,2.0,+10.0,2,1,3,False,34,
2022-08-27,2022-08-26,2022,143,204,71,55,.563,9.5,+2.5,3,2,5,False,27,
2022-08-27,2022-08-26,2022,146,204,54,71,.432,26.0,14.0,4,8,11,False,11,
2022-08-27,2022-08-26,2022,120,204,42,84,.333,38.5,26.5,5,12,15,False,E,
2022-08-27,2022-08-26,2022,138,205,72,54,.571,-,-,1,,4,False,-,32
2022-08-27,2022-08-26,2022,158,205,65,59,.524,6.0,2.5,2,4,7,False,32,
2022-08-27,2022-08-26,2022,112,205,55,71,.437,17.0,13.5,3,7,10,False,20,
2022-08-27,2022-08-26,2022,113,205,49,75,.395,22.0,18.5,4,10,13,False,16,
2022-08-27,2022-08-26,2022,134,205,47,78,.376,24.5,21.0,5,11,14,False,13,
2022-08-27,2022-08-26,2022,119,203,87,37,.702,-,-,1,,1,False,-,18
2022-08-27,2022-08-26,2022,135,203,69,58,.543,19.5,-,2,3,6,False,18,
2022-08-27,2022-08-26,2022,137,203,61,63,.492,26.0,6.5,3,5,8,False,13,
2022-08-27,2022-08-26,2022,109,203,57,67,.460,30.0,10.5,4,6,9,False,9,
2022-08-27,2022-08-26,2022,115,203,54,73,.425,34.5,15.0,5,9,12,False,3,
2022-08-28,2022-08-27,2022,147,201,78,49,.614,-,-,1,,2,False,-,28
2022-08-28,2022-08-27,2022,139,201,69,57,.548,8.5,+0.5,2,1,3,False,28,
2022-08-28,2022-08-27,2022,141,201,68,57,.544,9.0,-,3,2,4,False,28,
2022-08-28,2022-08-27,2022,110,201,67,59,.532,10.5,1.5,4,4,7,False,26,
2022-08-28,2022-08-27,2022,111,201,62,65,.488,16.0,7.0,5,7,10,False,20,
2022-08-28,2022-08-27,2022,114,202,67,58,.536,-,-,1,,6,False,-,35
2022-08-28,2022-08-27,2022,142,202,64,61,.512,3.0,4.0,2,5,8,False,35,
2022-08-28,2022-08-27,2022,145,202,63,64,.496,5.0,6.0,3,6,9,False,32,
2022-08-28,2022-08-27,2022,118,202,51,77,.398,17.5,18.5,4,10,13,False,19,
2022-08-28,2022-08-27,2022,116,202,49,78,.386,19.0,20.0,5,11,14,False,18,
2022-08-28,2022-08-27,2022,117,200,81,47,.633,-,-,1,,1,False,-,24
2022-08-28,2022-08-27,2022,136,200,69,58,.543,11.5,-,2,3,5,False,24,
2022-08-28,2022-08-27,2022,140,200,58,68,.460,22.0,10.5,3,8,11,False,14,
2022-08-28,2022-08-27,2022,108,200,54,73,.425,26.5,15.0,4,9,12,False,9,
2022-08-28,2022-08-27,2022,133,200,47,81,.367,34.0,22.5,5,12,15,False,1,
2022-08-28,2022-08-27,2022,121,204,82,46,.641,-,-,1,,2,False,-,32
2022-08-28,2022-08-27,2022,144,204,79,49,.617,3.0,+9.0,2,1,3,False,32,
2022-08-28,2022-08-27,2022,143,204,72,55,.567,9.5,+2.5,3,2,5,False,26,
2022-08-28,2022-08-27,2022,146,204,55,71,.437,26.0,14.0,4,7,10,False,10,
2022-08-28,2022-08-27,2022,120,204,42,85,.331,39.5,27.5,5,12,15,False,E,
2022-08-28,2022-08-27,2022,138,205,73,54,.575,-,-,1,,4,False,-,31
2022-08-28,2022-08-27,2022,158,205,66,59,.528,6.0,2.5,2,4,7,False,31,
2022-08-28,2022-08-27,2022,112,205,55,72,.433,18.0,14.5,3,8,11,False,18,
2022-08-28,2022-08-27,2022,113,205,50,75,.400,22.0,18.5,4,10,13,False,15,
2022-08-28,2022-08-27,2022,134,205,47,79,.373,25.5,22.0,5,11,14,False,11,
2022-08-28,2022-08-27,2022,119,203,87,38,.696,-,-,1,,1,False,-,18
2022-08-28,2022-08-27,2022,135,203,70,58,.547,18.5,-,2,3,6,False,18,
2022-08-28,2022-08-27,2022,137,203,61,64,.488,26.0,7.5,3,5,8,False,12,
2022-08-28,2022-08-27,2022,109,203,58,67,.464,29.0,10.5,4,6,9,False,9,
2022-08-28,2022-08-27,2022,115,203,54,74,.422,34.5,16.0,5,9,12,False,2,
2022-08-29,2022-08-28,2022,147,201,78,50,.609,-,-,1,,2,False,-,28
2022-08-29,2022-08-28,2022,139,201,70,57,.551,7.5,+1.5,2,1,3,False,28,
2022-08-29,2022-08-28,2022,141,201,68,58,.540,9.0,-,3,3,5,False,27,
2022-08-29,2022-08-28,2022,110,201,67,60,.528,10.5,1.5,4,4,7,False,25,
2022-08-29,2022-08-28,2022,111,201,62,66,.484,16.0,7.0,5,7,10,False,19,
2022-08-29,2022-08-28,2022,114,202,67,59,.532,-,-,1,,6,False,-,35
2022-08-29,2022-08-28,2022,142,202,65,61,.516,2.0,3.0,2,5,8,False,35,
2022-08-29,2022-08-28,2022,145,202,63,65,.492,5.0,6.0,3,6,9,False,31,
2022-08-29,2022-08-28,2022,118,202,52,77,.403,16.5,17.5,4,10,13,False,19,
2022-08-29,2022-08-28,2022,116,202,50,78,.391,18.0,19.0,5,11,14,False,18,
2022-08-29,2022-08-28,2022,117,200,82,47,.636,-,-,1,,1,False,-,23
2022-08-29,2022-08-28,2022,136,200,70,58,.547,11.5,+1.0,2,2,4,False,23,
2022-08-29,2022-08-28,2022,140,200,58,69,.457,23.0,10.5,3,8,11,False,12,
2022-08-29,2022-08-28,2022,108,200,55,73,.430,26.5,14.0,4,9,12,False,8,
2022-08-29,2022-08-28,2022,133,200,48,81,.372,34.0,21.5,5,12,15,False,E,
2022-08-29,2022-08-28,2022,121,204,82,47,.636,-,-,1,,2,False,-,31
2022-08-29,2022-08-28,2022,144,204,79,50,.612,3.0,+9.0,2,1,3,False,31,
2022-08-29,2022-08-28,2022,143,204,72,56,.563,9.5,+2.5,3,2,5,False,25,
2022-08-29,2022-08-28,2022,146,204,55,72,.433,26.0,14.0,4,7,10,False,9,
2022-08-29,2022-08-28,2022,120,204,43,85,.336,38.5,26.5,5,12,15,False,E,
2022-08-29,2022-08-28,2022,138,205,74,54,.578,-,-,1,,4,False,-,30
2022-08-29,2022-08-28,2022,158,205,67,59,.532,6.0,1.5,2,4,7,False,30,
2022-08-29,2022-08-28,2022,112,205,55,73,.430,19.0,14.5,3,8,11,False,16,
2022-08-29,2022-08-28,2022,113,205,50,76,.397,23.0,18.5,4,10,13,False,13,
2022-08-29,2022-08-28,2022,134,205,48,79,.378,25.5,21.0,5,11,14,False,10,
2022-08-29,2022-08-28,2022,119,203,88,38,.698,-,-,1,,1,False,-,16
2022-08-29,2022-08-28,2022,135,203,70,59,.543,19.5,-,2,3,6,False,16,
2022-08-29,2022-08-28,2022,137,203,61,65,.484,27.0,7.5,3,5,8,False,10,
2022-08-29,2022-08-28,2022,109,203,59,67,.468,29.0,9.5,4,6,9,False,8,
2022-08-29,2022-08-28,2022,115,203,55,74,.426,34.5,15.0,5,9,12,False,1,
2022-08-30,2022-08-29,2022,147,201,78,51,.605,-,-,1,,2,False,-,28
2022-08-30,2022-08-29,2022,139,201,70,57,.551,7.0,+1.0,2,1,3,False,28,
2022-08-30,2022-08-29,2022,141,201,69,58,.543,8.0,-,3,3,5,False,27,
2022-08-30,2022-08-29,2022,110,201,67,60,.528,10.0,2.0,4,4,7,False,25,
2022-08-30,2022-08-29,2022,111,201,62,67,.481,16.0,8.0,5,7,10,False,18,
2022-08-30,2022-08-29,2022,114,202,67,59,.532,-,-,1,,6,False,-,35
2022-08-30,2022-08-29,2022,142,202,66,61,.520,1.5,3.0,2,5,8,False,35,
2022-08-30,2022-08-29,2022,145,202,63,65,.492,5.0,6.5,3,6,9,False,31,
2022-08-30,2022-08-29,2022,118,202,52,77,.403,16.5,18.0,4,10,13,False,19,
2022-08-30,2022-08-29,2022,116,202,50,78,.391,18.0,19.5,5,11,14,False,18,
2022-08-30,2022-08-29,2022,117,200,82,47,.636,-,-,1,,1,False,-,23
2022-08-30,2022-08-29,2022,136,200,70,58,.547,11.5,+0.5,2,2,4,False,23,
2022-08-30,2022-08-29,2022,140,200,58,69,.457,23.0,11.0,3,8,11,False,12,
2022-08-30,2022-08-29,2022,108,200,56,73,.434,26.0,14.0,4,9,12,False,8,
2022-08-30,2022-08-29,2022,133,200,48,81,.372,34.0,22.0,5,12,15,False,E,
2022-08-30,2022-08-29,2022,121,204,82,47,.636,-,-,1,,2,False,-,31
2022-08-30,2022-08-29,2022,144,204,79,50,.612,3.0,+8.5,2,1,3,False,31,
2022-08-30,2022-08-29,2022,143,204,72,57,.558,10.0,+1.5,3,2,5,False,24,
2022-08-30,2022-08-29,2022,146,204,55,73,.430,26.5,15.0,4,7,10,False,8,
2022-08-30,2022-08-29,2022,120,204,43,85,.336,38.5,27.0,5,12,15,False,E,
2022-08-30,2022-08-29,2022,138,205,75,54,.581,-,-,1,,4,False,-,29
2022-08-30,2022-08-29,2022,158,205,68,59,.535,6.0,1.5,2,4,7,False,29,
2022-08-30,2022-08-29,2022,112,205,55,74,.426,20.0,15.5,3,8,11,False,14,
2022-08-30,2022-08-29,2022,113,205,50,77,.394,24.0,19.5,4,10,13,False,11,
2022-08-30,2022-08-29,2022,134,205,48,80,.375,26.5,22.0,5,11,14,False,8,
2022-08-30,2022-08-29,2022,119,203,89,38,.701,-,-,1,,1,False,-,15
2022-08-30,2022-08-29,2022,135,203,71,59,.546,19.5,-,2,3,6,False,15,
2022-08-30,2022-08-29,2022,137,203,61,66,.480,28.0,8.5,3,5,8,False,8,
2022-08-30,2022-08-29,2022,109,203,60,67,.472,29.0,9.5,4,6,9,False,7,
2022-08-30,2022-08-29,2022,115,203,55,74,.426,35.0,15.5,5,9,12,False,E,
2022-08-31,2022-08-30,2022,147,201,79,51,.608,-,-,1,,2,False,-,27
2022-08-31,2022-08-30,2022,139,201,71,57,.555,7.0,+1.0,2,1,3,False,27,
2022-08-31,2022-08-30,2022,141,201,70,58,.547,8.0,-,3,3,5,False,26,
2022-08-31,2022-08-30,2022,110,201,67,61,.523,11.0,3.0,4,5,8,False,23,
2022-08-31,2022-08-30,2022,111,201,62,68,.477,17.0,9.0,5,7,10,False,16,
2022-08-31,2022-08-30,2022,114,202,68,59,.535,-,-,1,,6,False,-,34
2022-08-31,2022-08-30,2022,142,202,67,61,.523,1.5,3.0,2,4,7,False,34,
2022-08-31,2022-08-30,2022,145,202,63,66,.488,6.0,7.5,3,6,9,False,29,
2022-08-31,2022-08-30,2022,118,202,53,77,.408,16.5,18.0,4,10,13,False,18,
2022-08-31,2022-08-30,2022,116,202,50,79,.388,19.0,20.5,5,11,14,False,16,
2022-08-31,2022-08-30,2022,117,200,83,47,.638,-,-,1,,1,False,-,22
2022-08-31,2022-08-30,2022,136,200,71,58,.550,11.5,+0.5,2,2,4,False,22,
2022-08-31,2022-08-30,2022,140,200,58,70,.453,24.0,12.0,3,8,11,False,10,
2022-08-31,2022-08-30,2022,108,200,56,74,.431,27.0,15.0,4,9,12,False,6,
2022-08-31,2022-08-30,2022,133,200,49,81,.377,34.0,22.0,5,12,15,False,E,
2022-08-31,2022-08-30,2022,121,204,82,48,.631,-,-,1,,2,False,-,30
2022-08-31,2022-08-30,2022,144,204,79,51,.608,3.0,+7.5,2,1,3,False,30,
2022-08-31,2022-08-30,2022,143,204,72,58,.554,10.0,+0.5,3,2,5,False,23,
2022-08-31,2022-08-30,2022,146,204,55,74,.426,26.5,16.0,4,8,11,False,7,
2022-08-31,2022-08-30,2022,120,204,43,86,.333,38.5,28.0,5,12,15,False,E,
2022-08-31,2022-08-30,2022,138,205,75,55,.577,-,-,1,,4,False,-,28
2022-08-31,2022-08-30,2022,158,205,68,60,.531,6.0,2.5,2,4,7,False,28,
2022-08-31,2022-08-30,2022,112,205,55,75,.423,20.0,16.5,3,9,12,False,13,
2022-08-31,2022-08-30,2022,113,205,51,77,.398,23.0,19.5,4,10,13,False,11,
2022-08-31,2022-08-30,2022,134,205,49,80,.380,25.5,22.0,5,11,14,False,8,
2022-08-31,2022-08-30,2022,119,203,90,38,.703,-,-,1,,1,False,-,14
2022-08-31,2022-08-30,2022,135,203,72,59,.550,19.5,-,2,3,6,False,14,
2022-08-31,2022-08-30,2022,109,203,61,67,.477,29.0,9.5,3,5,8,False,6,
2022-08-31,2022-08-30,2022,137,203,61,67,.477,29.0,9.5,4,6,9,False,6,
2022-08-31,2022-08-30,2022,115,203,56,74,.431,35.0,15.5,5,7,10,False,E,
2022-09-01,2022-08-31,2022,147,201,79,52,.603,-,-,1,,2,False,-,27
2022-09-01,2022-08-31,2022,139,201,72,57,.558,6.0,+2.0,2,1,3,False,27,
2022-09-01,2022-08-31,2022,141,201,70,59,.543,8.0,-,3,3,5,False,25,
2022-09-01,2022-08-31,2022,110,201,68,61,.527,10.0,2.0,4,4,7,False,23,
2022-09-01,2022-08-31,2022,111,201,63,68,.481,16.0,8.0,5,7,10,False,16,
2022-09-01,2022-08-31,2022,114,202,68,60,.531,-,-,1,,6,False,-,33
2022-09-01,2022-08-31,2022,142,202,67,62,.519,1.5,3.0,2,5,8,False,33,
2022-09-01,2022-08-31,2022,145,202,64,66,.492,5.0,6.5,3,6,9,False,29,
2022-09-01,2022-08-31,2022,118,202,53,78,.405,16.5,18.0,4,10,13,False,17,
2022-09-01,2022-08-31,2022,116,202,50,80,.385,19.0,20.5,5,11,14,False,15,
2022-09-01,2022-08-31,2022,117,200,84,47,.641,-,-,1,,1,False,-,21
2022-09-01,2022-08-31,2022,136,200,72,58,.554,11.5,+1.5,2,2,4,False,21,
2022-09-01,2022-08-31,2022,140,200,58,71,.450,25.0,12.0,3,8,11,False,8,
2022-09-01,2022-08-31,2022,108,200,57,74,.435,27.0,14.0,4,9,12,False,5,
2022-09-01,2022-08-31,2022,133,200,49,82,.374,35.0,22.0,5,12,15,False,E,
2022-09-01,2022-08-31,2022,121,204,83,48,.634,-,-,1,,2,False,-,29
2022-09-01,2022-08-31,2022,144,204,80,51,.611,3.0,+7.5,2,1,3,False,29,
2022-09-01,2022-08-31,2022,143,204,73,58,.557,10.0,+0.5,3,2,5,False,22,
2022-09-01,2022-08-31,2022,146,204,55,75,.423,27.5,17.0,4,9,12,False,5,
2022-09-01,2022-08-31,2022,120,204,44,86,.338,38.5,28.0,5,12,15,False,E,
2022-09-01,2022-08-31,2022,138,205,76,55,.580,-,-,1,,4,False,-,27
2022-09-01,2022-08-31,2022,158,205,69,60,.535,6.0,2.5,2,4,7,False,27,
2022-09-01,2022-08-31,2022,112,205,56,75,.427,20.0,16.5,3,7,10,False,12,
2022-09-01,2022-08-31,2022,113,205,51,78,.395,24.0,20.5,4,10,13,False,9,
2022-09-01,2022-08-31,2022,134,205,49,81,.377,26.5,23.0,5,11,14,False,6,
2022-09-01,2022-08-31,2022,119,203,90,39,.698,-,-,1,,1,False,-,14
2022-09-01,2022-08-31,2022,135,203,73,59,.553,18.5,-,2,3,6,False,14,
2022-09-01,2022-08-31,2022,109,203,61,68,.473,29.0,10.5,3,5,8,False,5,
2022-09-01,2022-08-31,2022,137,203,61,68,.473,29.0,10.5,4,6,9,False,5,
2022-09-01,2022-08-31,2022,115,203,56,75,.427,35.0,16.5,5,8,11,False,E,
2022-09-02,2022-09-01,2022,147,201,79,52,.603,-,-,1,,2,False,-,27
2022-09-02,2022-09-01,2022,139,201,72,57,.558,6.0,+2.0,2,1,3,False,27,
2022-09-02,2022-09-01,2022,141,201,70,59,.543,8.0,-,3,3,5,False,25,
2022-09-02,2022-09-01,2022,110,201,69,61,.531,9.5,1.5,4,4,6,False,23,
2022-09-02,2022-09-01,2022,111,201,64,68,.485,15.5,7.5,5,7,10,False,16,
2022-09-02,2022-09-01,2022,114,202,68,61,.527,-,-,1,,7,False,-,33
2022-09-02,2022-09-01,2022,142,202,67,62,.519,1.0,3.0,2,5,8,False,33,
2022-09-02,2022-09-01,2022,145,202,65,66,.496,4.0,6.0,3,6,9,False,29,
2022-09-02,2022-09-01,2022,118,202,53,79,.402,16.5,18.5,4,10,13,False,16,
2022-09-02,2022-09-01,2022,116,202,50,81,.382,19.0,21.0,5,11,14,False,14,
2022-09-02,2022-09-01,2022,117,200,84,47,.641,-,-,1,,1,False,-,21
2022-09-02,2022-09-01,2022,136,200,73,58,.557,11.0,+2.0,2,2,4,False,21,
2022-09-02,2022-09-01,2022,140,200,58,72,.446,25.5,12.5,3,8,11,False,7,
2022-09-02,2022-09-01,2022,108,200,57,74,.435,27.0,14.0,4,9,12,False,5,
2022-09-02,2022-09-01,2022,133,200,49,83,.371,35.5,22.5,5,12,15,False,E,
2022-09-02,2022-09-01,2022,121,204,84,48,.636,-,-,1,,2,False,-,28
2022-09-02,2022-09-01,2022,144,204,81,51,.614,3.0,+8.0,2,1,3,False,28,
2022-09-02,2022-09-01,2022,143,204,73,58,.557,10.5,+0.5,3,2,5,False,21,
2022-09-02,2022-09-01,2022,146,204,55,75,.423,28.0,17.0,4,9,12,False,4,
2022-09-02,2022-09-01,2022,120,204,45,86,.344,38.5,27.5,5,12,15,False,E,
2022-09-02,2022-09-01,2022,138,205,76,55,.580,-,-,1,,4,False,-,26
2022-09-02,2022-09-01,2022,158,205,69,61,.531,6.5,3.0,2,4,7,False,26,
2022-09-02,2022-09-01,2022,112,205,56,75,.427,20.0,16.5,3,7,10,False,12,
2022-09-02,2022-09-01,2022,113,205,51,78,.395,24.0,20.5,4,10,13,False,9,
2022-09-02,2022-09-01,2022,134,205,49,81,.377,26.5,23.0,5,11,14,False,6,
2022-09-02,2022-09-01,2022,119,203,90,40,.692,-,-,1,,1,False,-,14
2022-09-02,2022-09-01,2022,135,203,73,59,.553,18.0,-,2,3,6,False,14,
2022-09-02,2022-09-01,2022,109,203,62,68,.477,28.0,10.0,3,5,8,False,5,
2022-09-02,2022-09-01,2022,137,203,61,68,.473,28.5,10.5,4,6,9,False,5,
2022-09-02,2022-09-01,2022,115,203,56,76,.424,35.0,17.0,5,8,11,False,E,
2022-09-03,2022-09-02,2022,147,201,79,53,.598,-,-,1,,2,False,-,27
2022-09-03,2022-09-02,2022,139,201,73,57,.562,5.0,+2.0,2,1,3,False,27,
2022-09-03,2022-09-02,2022,141,201,71,59,.546,7.0,-,3,3,5,False,25,
2022-09-03,2022-09-02,2022,110,201,70,61,.534,8.5,1.5,4,4,6,False,23,
2022-09-03,2022-09-02,2022,111,201,65,68,.489,14.5,7.5,5,7,10,False,16,
2022-09-03,2022-09-02,2022,114,202,68,62,.523,-,-,1,,7,False,-,32
2022-09-03,2022-09-02,2022,142,202,67,63,.515,1.0,4.0,2,5,8,False,32,
2022-09-03,2022-09-02,2022,145,202,66,66,.500,3.0,6.0,3,6,9,False,29,
2022-09-03,2022-09-02,2022,118,202,53,80,.398,16.5,19.5,4,10,13,False,15,
2022-09-03,2022-09-02,2022,116,202,51,81,.386,18.0,21.0,5,11,14,False,14,
2022-09-03,2022-09-02,2022,117,200,85,47,.644,-,-,1,,1,False,-,20
2022-09-03,2022-09-02,2022,136,200,74,58,.561,11.0,+2.0,2,2,4,False,20,
2022-09-03,2022-09-02,2022,140,200,58,73,.443,26.5,13.5,3,8,11,False,5,
2022-09-03,2022-09-02,2022,108,200,57,75,.432,28.0,15.0,4,9,12,False,3,
2022-09-03,2022-09-02,2022,133,200,49,84,.368,36.5,23.5,5,12,15,False,E,
2022-09-03,2022-09-02,2022,121,204,85,48,.639,-,-,1,,2,False,-,27
2022-09-03,2022-09-02,2022,144,204,82,51,.617,3.0,+8.5,2,1,3,False,27,
2022-09-03,2022-09-02,2022,143,204,73,59,.553,11.5,-,3,3,6,False,19,
2022-09-03,2022-09-02,2022,146,204,55,76,.420,29.0,17.5,4,9,12,False,2,
2022-09-03,2022-09-02,2022,120,204,45,87,.341,39.5,28.0,5,12,15,False,E,
2022-09-03,2022-09-02,2022,138,205,77,55,.583,-,-,1,,4,False,-,24
2022-09-03,2022-09-02,2022,158,205,69,62,.527,7.5,3.5,2,4,7,False,24,
2022-09-03,2022-09-02,2022,112,205,56,76,.424,21.0,17.0,3,7,10,False,10,
2022-09-03,2022-09-02,2022,113,205,52,78,.400,24.0,20.0,4,10,13,False,8,
2022-09-03,2022-09-02,2022,134,205,49,82,.374,27.5,23.5,5,11,14,False,4,
2022-09-03,2022-09-02,2022,119,203,90,41,.687,-,-,1,,1,False,-,14
2022-09-03,2022-09-02,2022,135,203,74,59,.556,17.0,+0.5,2,2,5,False,14,
2022-09-03,2022-09-02,2022,109,203,63,68,.481,27.0,9.5,3,5,8,False,5,
2022-09-03,2022-09-02,2022,137,203,62,68,.477,27.5,10.0,4,6,9,False,5,
2022-09-03,2022-09-02,2022,115,203,56,77,.421,35.0,17.5,5,8,11,False,E,
2022-09-04,2022-09-03,2022,147,201,79,54,.594,-,-,1,,2,False,-,27
2022-09-04,2022-09-03,2022,139,201,74,57,.565,4.0,+2.0,2,1,3,False,27,
2022-09-04,2022-09-03,2022,141,201,72,59,.550,6.0,-,3,3,5,False,25,
2022-09-04,2022-09-03,2022,110,201,71,61,.538,7.5,1.5,4,4,6,False,23,
2022-09-04,2022-09-03,2022,111,201,66,68,.493,13.5,7.5,5,7,10,False,16,
2022-09-04,2022-09-03,2022,114,202,68,63,.519,-,-,1,,7,False,-,31
2022-09-04,2022-09-03,2022,142,202,67,64,.511,1.0,5.0,2,5,8,False,31,
2022-09-04,2022-09-03,2022,145,202,67,66,.504,2.0,6.0,3,6,9,False,29,
2022-09-04,2022-09-03,2022,118,202,54,80,.403,15.5,19.5,4,10,13,False,15,
2022-09-04,2022-09-03,2022,116,202,51,82,.383,18.0,22.0,5,11,14,False,13,
2022-09-04,2022-09-03,2022,117,200,85,48,.639,-,-,1,,1,False,-,20
2022-09-04,2022-09-03,2022,136,200,75,58,.564,10.0,+2.0,2,2,4,False,20,
2022-09-04,2022-09-03,2022,140,200,58,74,.439,26.5,14.5,3,8,11,False,4,
2022-09-04,2022-09-03,2022,108,200,58,75,.436,27.0,15.0,4,9,12,False,3,
2022-09-04,2022-09-03,2022,133,200,49,85,.366,36.5,24.5,5,12,15,False,E,
2022-09-04,2022-09-03,2022,121,204,85,49,.634,-,-,1,,2,False,-,27
2022-09-04,2022-09-03,2022,144,204,83,51,.619,2.0,+9.5,2,1,3,False,27,
2022-09-04,2022-09-03,2022,143,204,73,60,.549,11.5,-,3,3,6,False,18,
2022-09-04,2022-09-03,2022,146,204,55,77,.417,29.0,17.5,4,9,12,False,1,
2022-09-04,2022-09-03,2022,120,204,46,87,.346,38.5,27.0,5,12,15,False,E,
2022-09-04,2022-09-03,2022,138,205,78,55,.586,-,-,1,,4,False,-,23
2022-09-04,2022-09-03,2022,158,205,70,62,.530,7.5,2.5,2,4,7,False,23,
2022-09-04,2022-09-03,2022,112,205,56,77,.421,22.0,17.0,3,8,11,False,8,
2022-09-04,2022-09-03,2022,113,205,52,78,.400,24.5,19.5,4,10,13,False,7,
2022-09-04,2022-09-03,2022,134,205,49,83,.371,28.5,23.5,5,11,14,False,2,
2022-09-04,2022-09-03,2022,119,203,91,41,.689,-,-,1,,1,False,-,12
2022-09-04,2022-09-03,2022,135,203,74,60,.552,18.0,+0.5,2,2,5,False,12,
2022-09-04,2022-09-03,2022,137,203,63,68,.481,27.5,9.0,3,5,8,False,4,
2022-09-04,2022-09-03,2022,109,203,63,69,.477,28.0,9.5,4,6,9,False,3,
2022-09-04,2022-09-03,2022,115,203,56,77,.421,35.5,17.0,5,7,10,False,E,
2022-09-05,2022-09-04,2022,147,201,80,54,.597,-,-,1,,2,False,-,25
2022-09-05,2022-09-04,2022,139,201,74,58,.561,5.0,+1.0,2,2,4,False,25,
2022-09-05,2022-09-04,2022,141,201,73,59,.553,6.0,-,3,3,5,False,24,
2022-09-05,2022-09-04,2022,110,201,71,62,.534,8.5,2.5,4,4,6,False,21,
2022-09-05,2022-09-04,2022,111,201,67,68,.496,13.5,7.5,5,7,10,False,15,
2022-09-05,2022-09-04,2022,114,202,68,64,.515,-,-,1,,7,False,-,28
2022-09-05,2022-09-04,2022,142,202,68,64,.515,-,5.0,2,5,8,False,-,
2022-09-05,2022-09-04,2022,145,202,67,67,.500,2.0,7.0,3,6,9,False,28,
2022-09-05,2022-09-04,2022,118,202,55,80,.407,14.5,19.5,4,10,13,False,15,
2022-09-05,2022-09-04,2022,116,202,51,83,.381,18.0,23.0,5,11,14,False,12,
2022-09-05,2022-09-04,2022,117,200,86,48,.642,-,-,1,,1,False,-,19
2022-09-05,2022-09-04,2022,136,200,76,58,.567,10.0,+2.0,2,1,3,False,19,
2022-09-05,2022-09-04,2022,140,200,58,75,.436,27.5,15.5,3,8,11,False,2,
2022-09-05,2022-09-04,2022,108,200,58,76,.433,28.0,16.0,4,9,12,False,1,
2022-09-05,2022-09-04,2022,133,200,50,85,.370,36.5,24.5,5,12,15,False,E,
2022-09-05,2022-09-04,2022,121,204,85,50,.630,-,-,1,,2,False,-,27
2022-09-05,2022-09-04,2022,144,204,84,51,.622,1.0,+10.5,2,1,3,False,27,
2022-09-05,2022-09-04,2022,143,204,73,61,.545,11.5,-,3,3,6,False,17,
2022-09-05,2022-09-04,2022,146,204,55,78,.414,29.0,17.5,4,9,12,False,E,
2022-09-05,2022-09-04,2022,120,204,47,87,.351,37.5,26.0,5,12,15,False,E,
2022-09-05,2022-09-04,2022,138,205,79,55,.590,-,-,1,,4,False,-,21
2022-09-05,2022-09-04,2022,158,205,70,63,.526,8.5,2.5,2,4,7,False,21,
2022-09-05,2022-09-04,2022,112,205,56,78,.418,23.0,17.0,3,8,11,False,6,
2022-09-05,2022-09-04,2022,113,205,53,79,.402,25.0,19.0,4,10,13,False,5,
2022-09-05,2022-09-04,2022,134,205,49,84,.368,29.5,23.5,5,11,14,False,E,
2022-09-05,2022-09-04,2022,119,203,92,41,.692,-,-,1,,1,False,-,10
2022-09-05,2022-09-04,2022,135,203,74,61,.548,19.0,+0.5,2,2,5,False,10,
2022-09-05,2022-09-04,2022,137,203,64,68,.485,27.5,8.0,3,5,8,False,3,
2022-09-05,2022-09-04,2022,109,203,64,69,.481,28.0,8.5,4,6,9,False,2,
2022-09-05,2022-09-04,2022,115,203,57,78,.422,36.0,16.5,5,7,10,False,E,
2022-09-06,2022-09-05,2022,147,201,81,54,.600,-,-,1,,2,False,-,24
2022-09-06,2022-09-05,2022,139,201,75,58,.564,5.0,+0.5,2,1,3,False,24,
2022-09-06,2022-09-05,2022,141,201,75,59,.560,5.5,-,3,3,5,False,23,
2022-09-06,2022-09-05,2022,110,201,71,64,.526,10.0,4.5,4,4,6,False,18,
2022-09-06,2022-09-05,2022,111,201,67,69,.493,14.5,9.0,5,7,10,False,13,
2022-09-06,2022-09-05,2022,114,202,69,64,.519,-,-,1,,7,False,-,29
2022-09-06,2022-09-05,2022,142,202,68,65,.511,1.0,6.5,2,5,8,False,29,
2022-09-06,2022-09-05,2022,145,202,68,67,.504,2.0,7.5,3,6,9,False,27,
2022-09-06,2022-09-05,2022,118,202,55,81,.404,15.5,21.0,4,10,13,False,13,
2022-09-06,2022-09-05,2022,116,202,51,84,.378,19.0,24.5,5,11,14,False,10,
2022-09-06,2022-09-05,2022,117,200,87,48,.644,-,-,1,,1,False,-,17
2022-09-06,2022-09-05,2022,136,200,76,59,.563,11.0,+0.5,2,2,4,False,17,
2022-09-06,2022-09-05,2022,108,200,59,76,.437,28.0,16.5,3,8,11,False,E,
2022-09-06,2022-09-05,2022,140,200,58,76,.433,28.5,17.0,4,9,12,False,E,
2022-09-06,2022-09-05,2022,133,200,50,85,.370,37.0,25.5,5,12,15,False,E,
2022-09-06,2022-09-05,2022,121,204,85,50,.630,-,-,1,,2,False,-,27
2022-09-06,2022-09-05,2022,144,204,84,51,.622,1.0,+10.5,2,1,3,False,27,
2022-09-06,2022-09-05,2022,143,204,73,61,.545,11.5,-,3,2,5,False,17,
2022-09-06,2022-09-05,2022,146,204,55,78,.414,29.0,17.5,4,9,12,False,E,
2022-09-06,2022-09-05,2022,120,204,48,87,.356,37.0,25.5,5,12,15,False,E,
2022-09-06,2022-09-05,2022,138,205,79,56,.585,-,-,1,,4,False,-,21
2022-09-06,2022-09-05,2022,158,205,71,63,.530,7.5,2.0,2,4,7,False,21,
2022-09-06,2022-09-05,2022,112,205,56,78,.418,22.5,17.0,3,8,11,False,6,
2022-09-06,2022-09-05,2022,113,205,53,79,.402,24.5,19.0,4,10,13,False,5,
2022-09-06,2022-09-05,2022,134,205,49,84,.368,29.0,23.5,5,11,14,False,E,
2022-09-06,2022-09-05,2022,119,203,92,42,.687,-,-,1,,1,False,-,9
2022-09-06,2022-09-05,2022,135,203,74,62,.544,19.0,-,2,3,6,False,9,
2022-09-06,2022-09-05,2022,137,203,65,68,.489,26.5,7.5,3,5,8,False,3,
2022-09-06,2022-09-05,2022,109,203,65,69,.485,27.0,8.0,4,6,9,False,2,
2022-09-06,2022-09-05,2022,115,203,57,79,.419,36.0,17.0,5,7,10,False,E,
2022-09-07,2022-09-06,2022,147,201,81,54,.600,-,-,1,,2,False,-,24
2022-09-07,2022-09-06,2022,139,201,76,58,.567,4.5,+1.5,2,1,3,False,24,
2022-09-07,2022-09-06,2022,141,201,75,60,.556,6.0,-,3,3,5,False,22,
2022-09-07,2022-09-06,2022,110,201,72,64,.529,9.5,3.5,4,4,6,False,18,
2022-09-07,2022-09-06,2022,111,201,67,70,.489,15.0,9.0,5,7,10,False,12,
2022-09-07,2022-09-06,2022,114,202,70,64,.522,-,-,1,,7,False,-,28
2022-09-07,2022-09-06,2022,142,202,68,65,.511,1.5,6.0,2,5,8,False,28,
2022-09-07,2022-09-06,2022,145,202,68,68,.500,3.0,7.5,3,6,9,False,25,
2022-09-07,2022-09-06,2022,118,202,55,82,.401,16.5,21.0,4,10,13,False,11,
2022-09-07,2022-09-06,2022,116,202,51,85,.375,20.0,24.5,5,11,14,False,8,
2022-09-07,2022-09-06,2022,117,200,87,49,.640,-,-,1,,1,False,-,17
2022-09-07,2022-09-06,2022,136,200,77,59,.566,10.0,+1.5,2,2,4,False,17,
2022-09-07,2022-09-06,2022,108,200,60,76,.441,27.0,15.5,3,8,11,False,E,
2022-09-07,2022-09-06,2022,140,200,59,76,.437,27.5,16.0,4,9,12,False,E,
2022-09-07,2022-09-06,2022,133,200,50,86,.368,37.0,25.5,5,12,15,False,E,
2022-09-07,2022-09-06,2022,121,204,85,51,.625,-,-,1,,2,False,-,17
2022-09-07,2022-09-06,2022,144,204,85,51,.625,-,+10.5,2,1,3,False,-,
2022-09-07,2022-09-06,2022,143,204,74,61,.548,10.5,-,3,2,5,False,17,
2022-09-07,2022-09-06,2022,146,204,55,79,.410,29.0,18.5,4,9,12,False,E,
2022-09-07,2022-09-06,2022,120,204,48,88,.353,37.0,26.5,5,12,15,False,E,
2022-09-07,2022-09-06,2022,138,205,80,56,.588,-,-,1,,4,False,-,19
2022-09-07,2022-09-06,2022,158,205,71,64,.526,8.5,3.0,2,4,7,False,19,
2022-09-07,2022-09-06,2022,112,205,57,78,.422,22.5,17.0,3,8,11,False,5,
2022-09-07,2022-09-06,2022,113,205,53,80,.398,25.5,20.0,4,10,13,False,3,
2022-09-07,2022-09-06,2022,134,205,50,84,.373,29.0,23.5,5,11,14,False,E,
2022-09-07,2022-09-06,2022,119,203,93,42,.689,-,-,1,,1,False,-,8
2022-09-07,2022-09-06,2022,135,203,75,62,.547,19.0,-,2,3,6,False,8,
2022-09-07,2022-09-06,2022,137,203,65,69,.485,27.5,8.5,3,5,8,False,1,
2022-09-07,2022-09-06,2022,109,203,65,70,.481,28.0,9.0,4,6,9,False,E,
2022-09-07,2022-09-06,2022,115,203,58,79,.423,36.0,17.0,5,7,10,False,E,
2022-09-08,2022-09-07,2022,147,201,83,54,.606,-,-,1,,2,False,-,22
2022-09-08,2022-09-07,2022,139,201,77,58,.570,5.0,+1.5,2,1,3,False,22,
2022-09-08,2022-09-07,2022,141,201,76,60,.559,6.5,-,3,3,5,False,20,
2022-09-08,2022-09-07,2022,110,201,72,65,.526,11.0,4.5,4,4,6,False,15,
2022-09-08,2022-09-07,2022,111,201,67,71,.486,16.5,10.0,5,7,10,False,9,
2022-09-08,2022-09-07,2022,114,202,70,65,.519,-,-,1,,7,False,-,26
2022-09-08,2022-09-07,2022,142,202,68,67,.504,2.0,7.5,2,5,8,False,26,
2022-09-08,2022-09-07,2022,145,202,69,68,.504,2.0,7.5,3,6,9,False,25,
2022-09-08,2022-09-07,2022,118,202,56,82,.406,15.5,21.0,4,10,13,False,11,
2022-09-08,2022-09-07,2022,116,202,52,85,.380,19.0,24.5,5,11,14,False,8,
2022-09-08,2022-09-07,2022,117,200,88,49,.642,-,-,1,,1,False,-,15
2022-09-08,2022-09-07,2022,136,200,77,60,.562,11.0,+0.5,2,2,4,False,15,
2022-09-08,2022-09-07,2022,108,200,60,77,.438,28.0,16.5,3,8,11,False,E,
2022-09-08,2022-09-07,2022,140,200,59,77,.434,28.5,17.0,4,9,12,False,E,
2022-09-08,2022-09-07,2022,133,200,50,87,.365,38.0,26.5,5,12,15,False,E,
2022-09-08,2022-09-07,2022,121,204,87,51,.630,-,-,1,,2,False,-,25
2022-09-08,2022-09-07,2022,144,204,86,51,.628,0.5,+10.5,2,1,3,False,25,
2022-09-08,2022-09-07,2022,143,204,75,61,.551,11.0,-,3,2,5,False,15,
2022-09-08,2022-09-07,2022,146,204,55,80,.407,30.5,19.5,4,9,12,False,E,
2022-09-08,2022-09-07,2022,120,204,48,89,.350,38.5,27.5,5,12,15,False,E,
2022-09-08,2022-09-07,2022,138,205,81,56,.591,-,-,1,,4,False,-,17
2022-09-08,2022-09-07,2022,158,205,71,65,.522,9.5,4.0,2,4,7,False,17,
2022-09-08,2022-09-07,2022,112,205,57,79,.419,23.5,18.0,3,8,11,False,3,
2022-09-08,2022-09-07,2022,113,205,54,80,.403,25.5,20.0,4,10,13,False,2,
2022-09-08,2022-09-07,2022,134,205,50,86,.368,30.5,25.0,5,11,14,False,E,
2022-09-08,2022-09-07,2022,119,203,94,42,.691,-,-,1,,1,False,-,7
2022-09-08,2022-09-07,2022,135,203,76,62,.551,19.0,-,2,3,6,False,7,
2022-09-08,2022-09-07,2022,137,203,65,70,.481,28.5,9.5,3,5,8,False,E,
2022-09-08,2022-09-07,2022,109,203,65,71,.478,29.0,10.0,4,6,9,False,E,
2022-09-08,2022-09-07,2022,115,203,59,79,.428,36.0,17.0,5,7,10,False,E,
2022-09-09,2022-09-08,2022,147,201,83,55,.601,-,-,1,,2,False,-,22
2022-09-09,2022-09-08,2022,139,201,77,58,.570,4.5,+1.5,2,1,3,False,22,
2022-09-09,2022-09-08,2022,141,201,76,60,.559,6.0,-,3,3,5,False,20,
2022-09-09,2022-09-08,2022,110,201,72,65,.526,10.5,4.5,4,4,6,False,15,
2022-09-09,2022-09-08,2022,111,201,67,71,.486,16.0,10.0,5,7,10,False,9,
2022-09-09,2022-09-08,2022,114,202,70,65,.519,-,-,1,,7,False,-,26
2022-09-09,2022-09-08,2022,142,202,69,67,.507,1.5,7.0,2,5,8,False,26,
2022-09-09,2022-09-08,2022,145,202,70,68,.507,1.5,7.0,3,6,9,False,25,
2022-09-09,2022-09-08,2022,118,202,56,82,.406,15.5,21.0,4,10,13,False,11,
2022-09-09,2022-09-08,2022,116,202,52,85,.380,19.0,24.5,5,11,14,False,8,
2022-09-09,2022-09-08,2022,117,200,88,49,.642,-,-,1,,1,False,-,15
2022-09-09,2022-09-08,2022,136,200,77,60,.562,11.0,+0.5,2,2,4,False,15,
2022-09-09,2022-09-08,2022,108,200,60,77,.438,28.0,16.5,3,8,11,False,E,
2022-09-09,2022-09-08,2022,140,200,59,77,.434,28.5,17.0,4,9,12,False,E,
2022-09-09,2022-09-08,2022,133,200,50,88,.362,38.5,27.0,5,12,15,False,E,
2022-09-09,2022-09-08,2022,121,204,87,51,.630,-,-,1,,2,False,-,25
2022-09-09,2022-09-08,2022,144,204,86,51,.628,0.5,+11.0,2,1,3,False,25,
2022-09-09,2022-09-08,2022,143,204,75,62,.547,11.5,-,3,3,6,False,14,
2022-09-09,2022-09-08,2022,146,204,56,80,.412,30.0,18.5,4,9,12,False,E,
2022-09-09,2022-09-08,2022,120,204,49,89,.355,38.0,26.5,5,12,15,False,E,
2022-09-09,2022-09-08,2022,138,205,81,57,.587,-,-,1,,4,False,-,17
2022-09-09,2022-09-08,2022,158,205,73,65,.529,8.0,2.5,2,4,7,False,17,
2022-09-09,2022-09-08,2022,112,205,57,80,.416,23.5,18.0,3,8,11,False,2,
2022-09-09,2022-09-08,2022,113,205,55,80,.407,24.5,19.0,4,10,13,False,2,
2022-09-09,2022-09-08,2022,134,205,50,86,.368,30.0,24.5,5,11,14,False,E,
2022-09-09,2022-09-08,2022,119,203,94,42,.691,-,-,1,,1,False,-,7
2022-09-09,2022-09-08,2022,135,203,76,62,.551,19.0,+0.5,2,2,5,False,7,
2022-09-09,2022-09-08,2022,109,203,65,71,.478,29.0,9.5,3,5,8,False,E,
2022-09-09,2022-09-08,2022,137,203,65,72,.474,29.5,10.0,4,6,9,False,E,
2022-09-09,2022-09-08,2022,115,203,59,79,.428,36.0,16.5,5,7,10,False,E,
2022-09-10,2022-09-09,2022,147,201,83,56,.597,-,-,1,,2,False,-,22
2022-09-10,2022-09-09,2022,139,201,78,58,.574,3.5,+2.0,2,1,3,False,22,
2022-09-10,2022-09-09,2022,141,201,77,60,.562,5.0,+0.5,3,2,4,False,20,
2022-09-10,2022-09-09,2022,110,201,73,65,.529,9.5,4.0,4,4,6,False,15,
2022-09-10,2022-09-09,2022,111,201,67,72,.482,16.0,10.5,5,7,10,False,8,
2022-09-10,2022-09-09,2022,114,202,71,65,.522,-,-,1,,7,False,-,24
2022-09-10,2022-09-09,2022,145,202,71,68,.511,1.5,6.5,2,5,8,False,24,
2022-09-10,2022-09-09,2022,142,202,69,68,.504,2.5,7.5,3,6,9,False,24,
2022-09-10,2022-09-09,2022,118,202,56,83,.403,16.5,21.5,4,10,13,False,9,
2022-09-10,2022-09-09,2022,116,202,53,85,.384,19.0,24.0,5,11,14,False,7,
2022-09-10,2022-09-09,2022,117,200,89,49,.645,-,-,1,,1,False,-,13
2022-09-10,2022-09-09,2022,136,200,77,61,.558,12.0,-,2,3,5,False,13,
2022-09-10,2022-09-09,2022,108,200,60,78,.435,29.0,17.0,3,8,11,False,E,
2022-09-10,2022-09-09,2022,140,200,59,78,.431,29.5,17.5,4,9,12,False,E,
2022-09-10,2022-09-09,2022,133,200,50,89,.360,39.5,27.5,5,12,15,False,E,
2022-09-10,2022-09-09,2022,144,204,87,51,.630,-,-,1,,2,False,-,24
2022-09-10,2022-09-09,2022,121,204,87,52,.626,0.5,+10.5,2,1,3,False,24,
2022-09-10,2022-09-09,2022,143,204,76,62,.551,11.0,-,3,3,6,False,14,
2022-09-10,2022-09-09,2022,146,204,57,80,.416,29.5,18.5,4,9,12,False,E,
2022-09-10,2022-09-09,2022,120,204,49,90,.353,38.5,27.5,5,12,15,False,E,
2022-09-10,2022-09-09,2022,138,205,81,58,.583,-,-,1,,4,False,-,16
2022-09-10,2022-09-09,2022,158,205,73,66,.525,8.0,3.5,2,4,7,False,16,
2022-09-10,2022-09-09,2022,112,205,58,80,.420,22.5,18.0,3,8,11,False,2,
2022-09-10,2022-09-09,2022,113,205,56,80,.412,23.5,19.0,4,10,13,False,2,
2022-09-10,2022-09-09,2022,134,205,51,86,.372,29.0,24.5,5,11,14,False,E,
2022-09-10,2022-09-09,2022,119,203,94,43,.686,-,-,1,,1,False,-,7
2022-09-10,2022-09-09,2022,135,203,77,62,.554,18.0,+0.5,2,2,5,False,7,
2022-09-10,2022-09-09,2022,109,203,65,72,.474,29.0,10.5,3,5,8,False,E,
2022-09-10,2022-09-09,2022,137,203,65,73,.471,29.5,11.0,4,6,9,False,E,
2022-09-10,2022-09-09,2022,115,203,60,79,.432,35.0,16.5,5,7,10,False,E,
2022-09-11,2022-09-10,2022,147,201,84,56,.600,-,-,1,,2,False,-,20
2022-09-11,2022-09-10,2022,139,201,78,59,.569,4.5,+1.0,2,1,3,False,20,
2022-09-11,2022-09-10,2022,141,201,78,60,.565,5.0,+0.5,3,2,4,False,19,
2022-09-11,2022-09-10,2022,110,201,73,66,.525,10.5,5.0,4,4,7,False,13,
2022-09-11,2022-09-10,2022,111,201,68,72,.486,16.0,10.5,5,7,10,False,7,
2022-09-11,2022-09-10,2022,114,202,72,65,.526,-,-,1,,6,False,-,23
2022-09-11,2022-09-10,2022,145,202,72,68,.514,1.5,6.5,2,5,8,False,23,
2022-09-11,2022-09-10,2022,142,202,69,69,.500,3.5,8.5,3,6,9,False,22,
2022-09-11,2022-09-10,2022,118,202,56,84,.400,17.5,22.5,4,10,13,False,7,
2022-09-11,2022-09-10,2022,116,202,54,85,.388,19.0,24.0,5,11,14,False,6,
2022-09-11,2022-09-10,2022,117,200,89,50,.640,-,-,1,,1,False,-,13
2022-09-11,2022-09-10,2022,136,200,78,61,.561,11.0,-,2,3,5,False,13,
2022-09-11,2022-09-10,2022,108,200,61,78,.439,28.0,17.0,3,8,11,False,E,
2022-09-11,2022-09-10,2022,140,200,59,79,.428,29.5,18.5,4,9,12,False,E,
2022-09-11,2022-09-10,2022,133,200,50,90,.357,39.5,28.5,5,12,15,False,E,
2022-09-11,2022-09-10,2022,121,204,88,52,.629,-,-,1,,2,False,-,23
2022-09-11,2022-09-10,2022,144,204,87,52,.626,0.5,+10.5,2,1,3,False,23,
2022-09-11,2022-09-10,2022,143,204,77,62,.554,10.5,+0.5,3,2,5,False,13,
2022-09-11,2022-09-10,2022,146,204,57,81,.413,30.0,19.0,4,9,12,False,E,
2022-09-11,2022-09-10,2022,120,204,49,91,.350,39.0,28.0,5,12,15,False,E,
2022-09-11,2022-09-10,2022,138,205,82,58,.586,-,-,1,,4,False,-,15
2022-09-11,2022-09-10,2022,158,205,74,66,.529,8.0,3.0,2,4,7,False,15,
2022-09-11,2022-09-10,2022,112,205,58,81,.417,23.5,18.5,3,8,11,False,E,
2022-09-11,2022-09-10,2022,113,205,56,81,.409,24.5,19.5,4,10,13,False,E,
2022-09-11,2022-09-10,2022,134,205,51,87,.370,30.0,25.0,5,11,14,False,E,
2022-09-11,2022-09-10,2022,119,203,95,43,.688,-,-,1,,1,False,-,5
2022-09-11,2022-09-10,2022,135,203,77,63,.550,19.0,-,2,3,6,False,5,
2022-09-11,2022-09-10,2022,137,203,66,73,.475,29.5,10.5,3,5,8,False,E,
2022-09-11,2022-09-10,2022,109,203,65,73,.471,30.0,11.0,4,6,9,False,E,
2022-09-11,2022-09-10,2022,115,203,61,79,.436,35.0,16.0,5,7,10,False,E,
2022-09-12,2022-09-11,2022,147,201,85,56,.603,-,-,1,,2,False,-,18
2022-09-12,2022-09-11,2022,139,201,78,60,.565,5.5,+0.5,2,1,3,False,18,
2022-09-12,2022-09-11,2022,141,201,78,61,.561,6.0,-,3,3,5,False,17,
2022-09-12,2022-09-11,2022,110,201,73,67,.521,11.5,5.5,4,4,7,False,11,
2022-09-12,2022-09-11,2022,111,201,69,72,.489,16.0,10.0,5,7,10,False,6,
2022-09-12,2022-09-11,2022,114,202,73,65,.529,-,-,1,,6,False,-,21
2022-09-12,2022-09-11,2022,145,202,72,69,.511,2.5,7.0,2,5,8,False,21,
2022-09-12,2022-09-11,2022,142,202,69,70,.496,4.5,9.0,3,6,9,False,20,
2022-09-12,2022-09-11,2022,118,202,57,84,.404,17.5,22.0,4,10,13,False,6,
2022-09-12,2022-09-11,2022,116,202,54,86,.386,20.0,24.5,5,11,14,False,4,
2022-09-12,2022-09-11,2022,117,200,90,50,.643,-,-,1,,1,False,-,12
2022-09-12,2022-09-11,2022,136,200,79,61,.564,11.0,+0.5,2,2,4,False,12,
2022-09-12,2022-09-11,2022,108,200,61,79,.436,29.0,17.5,3,8,11,False,E,
2022-09-12,2022-09-11,2022,140,200,60,79,.432,29.5,18.0,4,9,12,False,E,
2022-09-12,2022-09-11,2022,133,200,51,90,.362,39.5,28.0,5,12,15,False,E,
2022-09-12,2022-09-11,2022,121,204,89,52,.631,-,-,1,,2,False,-,21
2022-09-12,2022-09-11,2022,144,204,87,53,.621,1.5,+10.5,2,1,3,False,21,
2022-09-12,2022-09-11,2022,143,204,78,62,.557,10.5,+1.5,3,2,5,False,12,
2022-09-12,2022-09-11,2022,146,204,57,82,.410,31.0,19.0,4,9,12,False,E,
2022-09-12,2022-09-11,2022,120,204,49,92,.348,40.0,28.0,5,12,15,False,E,
2022-09-12,2022-09-11,2022,138,205,83,58,.589,-,-,1,,4,False,-,14
2022-09-12,2022-09-11,2022,158,205,75,66,.532,8.0,2.0,2,4,7,False,14,
2022-09-12,2022-09-11,2022,112,205,58,82,.414,24.5,18.5,3,8,11,False,E,
2022-09-12,2022-09-11,2022,113,205,56,82,.406,25.5,19.5,4,10,13,False,E,
2022-09-12,2022-09-11,2022,134,205,51,88,.367,31.0,25.0,5,11,14,False,E,
2022-09-12,2022-09-11,2022,119,203,96,43,.691,-,-,1,,1,False,-,3
2022-09-12,2022-09-11,2022,135,203,77,64,.546,20.0,-,2,3,6,False,3,
2022-09-12,2022-09-11,2022,137,203,67,73,.479,29.5,9.5,3,5,8,False,E,
2022-09-12,2022-09-11,2022,109,203,66,73,.475,30.0,10.0,4,6,9,False,E,
2022-09-12,2022-09-11,2022,115,203,61,80,.433,36.0,16.0,5,7,10,False,E,
2022-09-13,2022-09-12,2022,147,201,85,56,.603,-,-,1,,2,False,-,17
2022-09-13,2022-09-12,2022,141,201,79,61,.564,5.5,+0.5,2,2,4,False,17,
2022-09-13,2022-09-12,2022,139,201,78,61,.561,6.0,-,3,3,5,False,17,
2022-09-13,2022-09-12,2022,110,201,73,67,.521,11.5,5.5,4,4,7,False,11,
2022-09-13,2022-09-12,2022,111,201,69,72,.489,16.0,10.0,5,7,10,False,6,
2022-09-13,2022-09-12,2022,114,202,74,65,.532,-,-,1,,6,False,-,20
2022-09-13,2022-09-12,2022,145,202,72,69,.511,3.0,7.0,2,5,8,False,20,
2022-09-13,2022-09-12,2022,142,202,69,70,.496,5.0,9.0,3,6,9,False,19,
2022-09-13,2022-09-12,2022,118,202,57,84,.404,18.0,22.0,4,10,13,False,5,
2022-09-13,2022-09-12,2022,116,202,54,87,.383,21.0,25.0,5,11,14,False,2,
2022-09-13,2022-09-12,2022,117,200,91,50,.645,-,-,1,,1,False,-,11
2022-09-13,2022-09-12,2022,136,200,79,61,.564,11.5,+0.5,2,1,3,False,11,
2022-09-13,2022-09-12,2022,140,200,61,80,.433,30.0,18.0,3,8,11,False,E,
2022-09-13,2022-09-12,2022,108,200,61,80,.433,30.0,18.0,4,9,12,False,E,
2022-09-13,2022-09-12,2022,133,200,51,90,.362,40.0,28.0,5,12,15,False,E,
2022-09-13,2022-09-12,2022,121,204,89,53,.627,-,-,1,,2,False,-,20
2022-09-13,2022-09-12,2022,144,204,87,54,.617,1.5,+10.0,2,1,3,False,20,
2022-09-13,2022-09-12,2022,143,204,78,62,.557,10.0,+1.5,3,2,5,False,12,
2022-09-13,2022-09-12,2022,146,204,58,83,.411,30.5,19.0,4,9,12,False,E,
2022-09-13,2022-09-12,2022,120,204,49,92,.348,39.5,28.0,5,12,15,False,E,
2022-09-13,2022-09-12,2022,138,205,83,58,.589,-,-,1,,4,False,-,14
2022-09-13,2022-09-12,2022,158,205,75,66,.532,8.0,2.0,2,4,7,False,14,
2022-09-13,2022-09-12,2022,112,205,59,82,.418,24.0,18.0,3,8,11,False,E,
2022-09-13,2022-09-12,2022,113,205,56,83,.403,26.0,20.0,4,10,13,False,E,
2022-09-13,2022-09-12,2022,134,205,52,88,.371,30.5,24.5,5,11,14,False,E,
2022-09-13,2022-09-12,2022,119,203,97,43,.693,-,-,1,,1,True,-,-
2022-09-13,2022-09-12,2022,135,203,77,64,.546,20.5,-,2,3,6,False,2,
2022-09-13,2022-09-12,2022,137,203,68,73,.482,29.5,9.0,3,5,8,False,E,
2022-09-13,2022-09-12,2022,109,203,66,74,.471,31.0,10.5,4,6,9,False,E,
2022-09-13,2022-09-12,2022,115,203,61,80,.433,36.5,16.0,5,7,10,False,E,
2022-09-14,2022-09-13,2022,147,201,86,56,.606,-,-,1,,2,False,-,15
2022-09-14,2022-09-13,2022,141,201,80,62,.563,6.0,+0.5,2,1,3,False,15,
2022-09-14,2022-09-13,2022,139,201,79,62,.560,6.5,-,3,2,4,False,15,
2022-09-14,2022-09-13,2022,110,201,74,67,.525,11.5,5.0,4,4,7,False,10,
2022-09-14,2022-09-13,2022,111,201,69,73,.486,17.0,10.5,5,7,10,False,4,
2022-09-14,2022-09-13,2022,114,202,75,65,.536,-,-,1,,6,False,-,19
2022-09-14,2022-09-13,2022,145,202,73,69,.514,3.0,6.5,2,5,8,False,19,
2022-09-14,2022-09-13,2022,142,202,70,70,.500,5.0,8.5,3,6,9,False,18,
2022-09-14,2022-09-13,2022,118,202,57,85,.401,19.0,22.5,4,10,13,False,3,
2022-09-14,2022-09-13,2022,116,202,54,88,.380,22.0,25.5,5,11,14,False,E,
2022-09-14,2022-09-13,2022,117,200,92,50,.648,-,-,1,,1,False,-,9
2022-09-14,2022-09-13,2022,136,200,79,62,.560,12.5,-,2,3,5,False,9,
2022-09-14,2022-09-13,2022,140,200,62,80,.437,30.0,17.5,3,8,11,False,E,
2022-09-14,2022-09-13,2022,108,200,61,81,.430,31.0,18.5,4,9,12,False,E,
2022-09-14,2022-09-13,2022,133,200,51,91,.359,41.0,28.5,5,12,15,False,E,
2022-09-14,2022-09-13,2022,121,204,89,54,.622,-,-,1,,2,False,-,20
2022-09-14,2022-09-13,2022,144,204,88,54,.620,0.5,+10.0,2,1,3,False,20,
2022-09-14,2022-09-13,2022,143,204,79,62,.560,9.0,+1.5,3,2,5,False,12,
2022-09-14,2022-09-13,2022,146,204,58,84,.408,30.5,20.0,4,9,12,False,E,
2022-09-14,2022-09-13,2022,120,204,49,93,.345,39.5,29.0,5,12,15,False,E,
2022-09-14,2022-09-13,2022,138,205,83,59,.585,-,-,1,,4,False,-,14
2022-09-14,2022-09-13,2022,158,205,76,66,.535,7.0,2.0,2,4,7,False,14,
2022-09-14,2022-09-13,2022,112,205,60,82,.423,23.0,18.0,3,8,11,False,E,
2022-09-14,2022-09-13,2022,113,205,56,85,.397,26.5,21.5,4,10,13,False,E,
2022-09-14,2022-09-13,2022,134,205,54,88,.380,29.0,24.0,5,11,14,False,E,
2022-09-14,2022-09-13,2022,119,203,98,43,.695,-,-,1,,1,True,-,-
2022-09-14,2022-09-13,2022,135,203,78,64,.549,20.5,-,2,3,6,False,1,
2022-09-14,2022-09-13,2022,137,203,68,74,.479,30.5,10.0,3,5,8,False,E,
2022-09-14,2022-09-13,2022,109,203,66,75,.468,32.0,11.5,4,6,9,False,E,
2022-09-14,2022-09-13,2022,115,203,61,81,.430,37.5,17.0,5,7,10,False,E,
2022-09-15,2022-09-14,2022,147,201,87,56,.608,-,-,1,,2,False,-,14
2022-09-15,2022-09-14,2022,141,201,81,62,.566,6.0,+1.5,2,1,3,False,14,
2022-09-15,2022-09-14,2022,139,201,79,63,.556,7.5,-,3,3,5,False,13,
2022-09-15,2022-09-14,2022,110,201,75,67,.528,11.5,4.0,4,4,7,False,9,
2022-09-15,2022-09-14,2022,111,201,69,74,.483,18.0,10.5,5,7,10,False,2,
2022-09-15,2022-09-14,2022,114,202,76,65,.539,-,-,1,,6,False,-,17
2022-09-15,2022-09-14,2022,145,202,73,70,.510,4.0,6.5,2,5,8,False,17,
2022-09-15,2022-09-14,2022,142,202,71,70,.504,5.0,7.5,3,6,9,False,17,
2022-09-15,2022-09-14,2022,118,202,57,86,.399,20.0,22.5,4,10,13,False,1,
2022-09-15,2022-09-14,2022,116,202,54,89,.378,23.0,25.5,5,11,14,False,E,
2022-09-15,2022-09-14,2022,117,200,93,50,.650,-,-,1,,1,False,-,8
2022-09-15,2022-09-14,2022,136,200,80,62,.563,12.5,+1.0,2,2,4,False,8,
2022-09-15,2022-09-14,2022,140,200,62,81,.434,31.0,17.5,3,8,11,False,E,
2022-09-15,2022-09-14,2022,108,200,61,82,.427,32.0,18.5,4,9,12,False,E,
2022-09-15,2022-09-14,2022,133,200,52,91,.364,41.0,27.5,5,12,15,False,E,
2022-09-15,2022-09-14,2022,121,204,89,55,.618,-,-,1,,2,False,-,19
2022-09-15,2022-09-14,2022,144,204,88,55,.615,0.5,+10.0,2,1,3,False,19,
2022-09-15,2022-09-14,2022,143,204,80,62,.563,8.0,+2.5,3,2,5,False,12,
2022-09-15,2022-09-14,2022,146,204,58,85,.406,30.5,20.0,4,9,12,False,E,
2022-09-15,2022-09-14,2022,120,204,49,94,.343,39.5,29.0,5,12,15,False,E,
2022-09-15,2022-09-14,2022,138,205,84,59,.587,-,-,1,,4,False,-,12
2022-09-15,2022-09-14,2022,158,205,76,67,.531,8.0,2.0,2,4,7,False,12,
2022-09-15,2022-09-14,2022,112,205,61,82,.427,23.0,17.0,3,8,11,False,E,
2022-09-15,2022-09-14,2022,113,205,56,86,.394,27.5,21.5,4,10,13,False,E,
2022-09-15,2022-09-14,2022,134,205,55,88,.385,29.0,23.0,5,11,14,False,E,
2022-09-15,2022-09-14,2022,119,203,98,44,.690,-,-,1,,1,True,-,-
2022-09-15,2022-09-14,2022,135,203,78,65,.545,20.5,-,2,3,6,False,E,
2022-09-15,2022-09-14,2022,137,203,69,74,.483,29.5,9.0,3,5,8,False,E,
2022-09-15,2022-09-14,2022,109,203,67,75,.472,31.0,10.5,4,6,9,False,E,
2022-09-15,2022-09-14,2022,115,203,62,81,.434,36.5,16.0,5,7,10,False,E,
2022-09-16,2022-09-15,2022,147,201,87,56,.608,-,-,1,,2,False,-,13
2022-09-16,2022-09-15,2022,141,201,81,63,.563,6.5,+0.5,2,2,4,False,13,
2022-09-16,2022-09-15,2022,139,201,80,63,.559,7.0,-,3,3,5,False,13,
2022-09-16,2022-09-15,2022,110,201,75,67,.528,11.5,4.5,4,4,7,False,9,
2022-09-16,2022-09-15,2022,111,201,69,74,.483,18.0,11.0,5,7,10,False,2,
2022-09-16,2022-09-15,2022,114,202,76,66,.535,-,-,1,,6,False,-,17
2022-09-16,2022-09-15,2022,145,202,74,70,.514,3.0,6.5,2,5,8,False,17,
2022-09-16,2022-09-15,2022,142,202,72,70,.507,4.0,7.5,3,6,9,False,17,
2022-09-16,2022-09-15,2022,118,202,57,87,.396,20.0,23.5,4,10,13,False,E,
2022-09-16,2022-09-15,2022,116,202,54,89,.378,22.5,26.0,5,11,14,False,E,
2022-09-16,2022-09-15,2022,117,200,94,50,.653,-,-,1,,1,False,-,7
2022-09-16,2022-09-15,2022,136,200,80,62,.563,13.0,+0.5,2,1,3,False,7,
2022-09-16,2022-09-15,2022,140,200,62,81,.434,31.5,18.0,3,8,11,False,E,
2022-09-16,2022-09-15,2022,108,200,61,82,.427,32.5,19.0,4,9,12,False,E,
2022-09-16,2022-09-15,2022,133,200,52,92,.361,42.0,28.5,5,12,15,False,E,
2022-09-16,2022-09-15,2022,121,204,90,55,.621,-,-,1,,2,False,-,18
2022-09-16,2022-09-15,2022,144,204,88,55,.615,1.0,+10.5,2,1,3,False,18,
2022-09-16,2022-09-15,2022,143,204,80,63,.559,9.0,+2.5,3,2,5,False,10,
2022-09-16,2022-09-15,2022,146,204,59,85,.410,30.5,19.0,4,9,12,False,E,
2022-09-16,2022-09-15,2022,120,204,49,94,.343,40.0,28.5,5,12,15,False,E,
2022-09-16,2022-09-15,2022,138,205,84,60,.583,-,-,1,,4,False,-,12
2022-09-16,2022-09-15,2022,158,205,76,67,.531,7.5,1.5,2,4,7,False,12,
2022-09-16,2022-09-15,2022,112,205,61,82,.427,22.5,16.5,3,8,11,False,E,
2022-09-16,2022-09-15,2022,113,205,57,86,.399,26.5,20.5,4,10,13,False,E,
2022-09-16,2022-09-15,2022,134,205,55,89,.382,29.0,23.0,5,11,14,False,E,
2022-09-16,2022-09-15,2022,119,203,98,44,.690,-,-,1,,1,True,-,-
2022-09-16,2022-09-15,2022,135,203,78,66,.542,21.0,-,2,3,6,False,E,
2022-09-16,2022-09-15,2022,137,203,69,74,.483,29.5,8.5,3,5,8,False,E,
2022-09-16,2022-09-15,2022,109,203,68,75,.476,30.5,9.5,4,6,9,False,E,
2022-09-16,2022-09-15,2022,115,203,62,81,.434,36.5,15.5,5,7,10,False,E,
2022-09-17,2022-09-16,2022,147,201,87,57,.604,-,-,1,,2,False,-,13
2022-09-17,2022-09-16,2022,141,201,82,63,.566,5.5,+1.5,2,1,3,False,13,
2022-09-17,2022-09-16,2022,139,201,80,64,.556,7.0,-,3,3,5,False,12,
2022-09-17,2022-09-16,2022,110,201,75,68,.524,11.5,4.5,4,4,7,False,8,
2022-09-17,2022-09-16,2022,111,201,70,74,.486,17.0,10.0,5,7,10,False,2,
2022-09-17,2022-09-16,2022,114,202,77,66,.538,-,-,1,,6,False,-,15
2022-09-17,2022-09-16,2022,145,202,74,71,.510,4.0,6.5,2,5,8,False,15,
2022-09-17,2022-09-16,2022,142,202,72,71,.503,5.0,7.5,3,6,9,False,15,
2022-09-17,2022-09-16,2022,118,202,57,88,.393,21.0,23.5,4,10,13,False,E,
2022-09-17,2022-09-16,2022,116,202,55,89,.382,22.5,25.0,5,11,14,False,E,
2022-09-17,2022-09-16,2022,117,200,95,50,.655,-,-,1,,1,True,-,-
2022-09-17,2022-09-16,2022,136,200,80,63,.559,14.0,+0.5,2,2,4,False,5,
2022-09-17,2022-09-16,2022,140,200,63,81,.438,31.5,17.0,3,8,11,False,E,
2022-09-17,2022-09-16,2022,108,200,62,82,.431,32.5,18.0,4,9,12,False,E,
2022-09-17,2022-09-16,2022,133,200,52,93,.359,43.0,28.5,5,12,15,False,E,
2022-09-17,2022-09-16,2022,121,204,91,55,.623,-,-,1,,2,False,-,17
2022-09-17,2022-09-16,2022,144,204,89,55,.618,1.0,+10.5,2,1,3,False,17,
2022-09-17,2022-09-16,2022,143,204,80,64,.556,10.0,+1.5,3,2,5,False,8,
2022-09-17,2022-09-16,2022,146,204,59,86,.407,31.5,20.0,4,9,12,False,E,
2022-09-17,2022-09-16,2022,120,204,50,94,.347,40.0,28.5,5,12,15,False,E,
2022-09-17,2022-09-16,2022,138,205,85,60,.586,-,-,1,,4,False,-,11
2022-09-17,2022-09-16,2022,158,205,77,67,.535,7.5,1.5,2,4,7,False,11,
2022-09-17,2022-09-16,2022,112,205,62,82,.431,22.5,16.5,3,7,10,False,E,
2022-09-17,2022-09-16,2022,113,205,57,87,.396,27.5,21.5,4,10,13,False,E,
2022-09-17,2022-09-16,2022,134,205,55,90,.379,30.0,24.0,5,11,14,False,E,
2022-09-17,2022-09-16,2022,119,203,99,44,.692,-,-,1,,1,True,-,-
2022-09-17,2022-09-16,2022,135,203,79,66,.545,21.0,-,2,3,6,False,E,
2022-09-17,2022-09-16,2022,137,203,69,75,.479,30.5,9.5,3,5,8,False,E,
2022-09-17,2022-09-16,2022,109,203,68,76,.472,31.5,10.5,4,6,9,False,E,
2022-09-17,2022-09-16,2022,115,203,62,82,.431,37.5,16.5,5,8,11,False,E,
2022-09-18,2022-09-17,2022,147,201,87,58,.600,-,-,1,,2,False,-,13
2022-09-18,2022-09-17,2022,141,201,83,63,.568,4.5,+2.0,2,1,3,False,13,
2022-09-18,2022-09-17,2022,139,201,81,64,.559,6.0,+0.5,3,2,4,False,12,
2022-09-18,2022-09-17,2022,110,201,75,69,.521,11.5,5.0,4,4,7,False,7,
2022-09-18,2022-09-17,2022,111,201,70,75,.483,17.0,10.5,5,7,10,False,1,
2022-09-18,2022-09-17,2022,114,202,79,66,.545,-,-,1,,6,False,-,13
2022-09-18,2022-09-17,2022,145,202,75,71,.514,4.5,6.0,2,5,8,False,13,
2022-09-18,2022-09-17,2022,142,202,72,73,.497,7.0,8.5,3,6,9,False,11,
2022-09-18,2022-09-17,2022,118,202,58,88,.397,21.5,23.0,4,10,13,False,E,
2022-09-18,2022-09-17,2022,116,202,55,90,.379,24.0,25.5,5,11,14,False,E,
2022-09-18,2022-09-17,2022,117,200,95,51,.651,-,-,1,,1,True,-,-
2022-09-18,2022-09-17,2022,136,200,80,64,.556,14.0,-,2,3,5,False,4,
2022-09-18,2022-09-17,2022,140,200,63,82,.434,31.5,17.5,3,8,11,False,E,
2022-09-18,2022-09-17,2022,108,200,63,82,.434,31.5,17.5,4,9,12,False,E,
2022-09-18,2022-09-17,2022,133,200,53,93,.363,42.0,28.0,5,12,15,False,E,
2022-09-18,2022-09-17,2022,121,204,92,55,.626,-,-,1,,2,False,-,16
2022-09-18,2022-09-17,2022,144,204,90,55,.621,1.0,+10.5,2,1,3,False,16,
2022-09-18,2022-09-17,2022,143,204,80,65,.552,11.0,+0.5,3,2,5,False,6,
2022-09-18,2022-09-17,2022,146,204,59,87,.404,32.5,21.0,4,9,12,False,E,
2022-09-18,2022-09-17,2022,120,204,51,94,.352,40.0,28.5,5,12,15,False,E,
2022-09-18,2022-09-17,2022,138,205,87,60,.592,-,-,1,,4,False,-,9
2022-09-18,2022-09-17,2022,158,205,78,67,.538,8.0,1.5,2,4,7,False,9,
2022-09-18,2022-09-17,2022,112,205,62,83,.428,24.0,17.5,3,8,11,False,E,
2022-09-18,2022-09-17,2022,113,205,57,89,.390,29.5,23.0,4,10,13,False,E,
2022-09-18,2022-09-17,2022,134,205,55,91,.377,31.5,25.0,5,11,14,False,E,
2022-09-18,2022-09-17,2022,119,203,100,44,.694,-,-,1,,1,True,-,-
2022-09-18,2022-09-17,2022,135,203,80,66,.548,21.0,-,2,3,6,False,E,
2022-09-18,2022-09-17,2022,137,203,69,76,.476,31.5,10.5,3,5,8,False,E,
2022-09-18,2022-09-17,2022,109,203,68,77,.469,32.5,11.5,4,6,9,False,E,
2022-09-18,2022-09-17,2022,115,203,63,82,.434,37.5,16.5,5,7,10,False,E,
2022-09-19,2022-09-18,2022,147,201,88,58,.603,-,-,1,,2,False,-,11
2022-09-19,2022-09-18,2022,141,201,83,64,.565,5.5,+2.0,2,1,3,False,11,
2022-09-19,2022-09-18,2022,139,201,82,64,.562,6.0,+1.5,3,2,4,False,11,
2022-09-19,2022-09-18,2022,110,201,76,69,.524,11.5,4.0,4,4,7,False,6,
2022-09-19,2022-09-18,2022,111,201,71,75,.486,17.0,9.5,5,7,10,False,E,
2022-09-19,2022-09-18,2022,114,202,79,67,.541,-,-,1,,6,False,-,13
2022-09-19,2022-09-18,2022,145,202,76,71,.517,3.5,5.0,2,5,8,False,13,
2022-09-19,2022-09-18,2022,142,202,73,73,.500,6.0,7.5,3,6,9,False,11,
2022-09-19,2022-09-18,2022,118,202,58,89,.395,21.5,23.0,4,10,13,False,E,
2022-09-19,2022-09-18,2022,116,202,55,91,.377,24.0,25.5,5,11,14,False,E,
2022-09-19,2022-09-18,2022,117,200,96,51,.653,-,-,1,,1,True,-,-
2022-09-19,2022-09-18,2022,136,200,80,65,.552,15.0,-,2,3,5,False,2,
2022-09-19,2022-09-18,2022,108,200,64,82,.438,31.5,16.5,3,8,11,False,E,
2022-09-19,2022-09-18,2022,140,200,63,83,.432,32.5,17.5,4,9,12,False,E,
2022-09-19,2022-09-18,2022,133,200,53,94,.361,43.0,28.0,5,12,15,False,E,
2022-09-19,2022-09-18,2022,121,204,93,55,.628,-,-,1,,2,False,-,15
2022-09-19,2022-09-18,2022,144,204,91,55,.623,1.0,+11.0,2,1,3,False,15,
2022-09-19,2022-09-18,2022,143,204,80,66,.548,12.0,-,3,3,6,False,4,
2022-09-19,2022-09-18,2022,146,204,60,87,.408,32.5,20.5,4,9,12,False,E,
2022-09-19,2022-09-18,2022,120,204,51,95,.349,41.0,29.0,5,12,15,False,E,
2022-09-19,2022-09-18,2022,138,205,87,61,.588,-,-,1,,4,False,-,8
2022-09-19,2022-09-18,2022,158,205,78,68,.534,8.0,2.0,2,4,7,False,8,
2022-09-19,2022-09-18,2022,112,205,62,84,.425,24.0,18.0,3,8,11,False,E,
2022-09-19,2022-09-18,2022,113,205,58,89,.395,28.5,22.5,4,10,13,False,E,
2022-09-19,2022-09-18,2022,134,205,55,92,.374,31.5,25.5,5,11,14,False,E,
2022-09-19,2022-09-18,2022,119,203,101,44,.697,-,-,1,,1,True,-,-
2022-09-19,2022-09-18,2022,135,203,81,66,.551,21.0,+0.5,2,2,5,False,E,
2022-09-19,2022-09-18,2022,137,203,69,77,.473,32.5,11.0,3,5,8,False,E,
2022-09-19,2022-09-18,2022,109,203,68,78,.466,33.5,12.0,4,6,9,False,E,
2022-09-19,2022-09-18,2022,115,203,64,82,.438,37.5,16.0,5,7,10,False,E,
2022-09-20,2022-09-19,2022,147,201,88,58,.603,-,-,1,,2,False,-,11
2022-09-20,2022-09-19,2022,141,201,83,64,.565,5.5,+1.5,2,1,3,False,11,
2022-09-20,2022-09-19,2022,139,201,82,65,.558,6.5,+0.5,3,2,4,False,10,
2022-09-20,2022-09-19,2022,110,201,76,70,.521,12.0,5.0,4,4,7,False,5,
2022-09-20,2022-09-19,2022,111,201,71,75,.486,17.0,10.0,5,7,10,False,E,
2022-09-20,2022-09-19,2022,114,202,80,67,.544,-,-,1,,6,False,-,12
2022-09-20,2022-09-19,2022,145,202,76,71,.517,4.0,5.5,2,5,8,False,12,
2022-09-20,2022-09-19,2022,142,202,73,74,.497,7.0,8.5,3,6,9,False,9,
2022-09-20,2022-09-19,2022,118,202,58,89,.395,22.0,23.5,4,10,13,False,E,
2022-09-20,2022-09-19,2022,116,202,56,91,.381,24.0,25.5,5,11,14,False,E,
2022-09-20,2022-09-19,2022,117,200,97,51,.655,-,-,1,,1,True,-,-
2022-09-20,2022-09-19,2022,136,200,81,65,.555,15.0,-,2,3,5,False,1,
2022-09-20,2022-09-19,2022,108,200,64,83,.435,32.5,17.5,3,8,11,False,E,
2022-09-20,2022-09-19,2022,140,200,63,83,.432,33.0,18.0,4,9,12,False,E,
2022-09-20,2022-09-19,2022,133,200,53,94,.361,43.5,28.5,5,12,15,False,E,
2022-09-20,2022-09-19,2022,121,204,94,55,.631,-,-,1,,2,True,-,-
2022-09-20,2022-09-19,2022,144,204,92,55,.626,1.0,+11.5,2,1,3,False,14,
2022-09-20,2022-09-19,2022,143,204,80,66,.548,12.5,-,3,3,6,False,3,
2022-09-20,2022-09-19,2022,146,204,61,87,.412,32.5,20.0,4,9,12,False,E,
2022-09-20,2022-09-19,2022,120,204,51,96,.347,42.0,29.5,5,12,15,False,E,
2022-09-20,2022-09-19,2022,138,205,87,61,.588,-,-,1,,4,False,-,7
2022-09-20,2022-09-19,2022,158,205,78,69,.531,8.5,2.5,2,4,7,False,7,
2022-09-20,2022-09-19,2022,112,205,62,85,.422,24.5,18.5,3,8,11,False,E,
2022-09-20,2022-09-19,2022,113,205,58,89,.395,28.5,22.5,4,10,13,False,E,
2022-09-20,2022-09-19,2022,134,205,55,92,.374,31.5,25.5,5,11,14,False,E,
2022-09-20,2022-09-19,2022,119,203,102,44,.699,-,-,1,,1,True,-,-
2022-09-20,2022-09-19,2022,135,203,81,66,.551,21.5,+0.5,2,2,5,False,E,
2022-09-20,2022-09-19,2022,137,203,70,77,.476,32.5,10.5,3,5,8,False,E,
2022-09-20,2022-09-19,2022,109,203,68,79,.463,34.5,12.5,4,6,9,False,E,
2022-09-20,2022-09-19,2022,115,203,64,83,.435,38.5,16.5,5,7,10,False,E,
2022-09-21,2022-09-20,2022,147,201,89,58,.605,-,-,1,,2,False,-,10
2022-09-21,2022-09-20,2022,141,201,84,64,.568,5.5,+2.5,2,1,3,False,10,
2022-09-21,2022-09-20,2022,139,201,82,66,.554,7.5,+0.5,3,2,4,False,8,
2022-09-21,2022-09-20,2022,110,201,76,71,.517,13.0,5.0,4,4,7,False,3,
2022-09-21,2022-09-20,2022,111,201,72,75,.490,17.0,9.0,5,7,10,False,E,
2022-09-21,2022-09-20,2022,114,202,81,67,.547,-,-,1,,6,False,-,10
2022-09-21,2022-09-20,2022,145,202,76,72,.514,5.0,5.5,2,5,8,False,10,
2022-09-21,2022-09-20,2022,142,202,73,75,.493,8.0,8.5,3,6,9,False,7,
2022-09-21,2022-09-20,2022,118,202,59,89,.399,22.0,22.5,4,10,13,False,E,
2022-09-21,2022-09-20,2022,116,202,57,91,.385,24.0,24.5,5,11,14,False,E,
2022-09-21,2022-09-20,2022,117,200,98,51,.658,-,-,1,,1,True,-,-
2022-09-21,2022-09-20,2022,136,200,81,66,.551,16.0,-,2,3,5,False,E,
2022-09-21,2022-09-20,2022,108,200,65,83,.439,32.5,16.5,3,8,11,False,E,
2022-09-21,2022-09-20,2022,140,200,63,84,.429,34.0,18.0,4,9,12,False,E,
2022-09-21,2022-09-20,2022,133,200,54,94,.365,43.5,27.5,5,12,15,False,E,
2022-09-21,2022-09-20,2022,121,204,95,55,.633,-,-,1,,2,True,-,-
2022-09-21,2022-09-20,2022,144,204,93,55,.628,1.0,+12.5,2,1,3,True,13,
2022-09-21,2022-09-20,2022,143,204,80,67,.544,13.5,-,3,3,6,False,1,
2022-09-21,2022-09-20,2022,146,204,61,88,.409,33.5,20.0,4,9,12,False,E,
2022-09-21,2022-09-20,2022,120,204,51,97,.345,43.0,29.5,5,12,15,False,E,
2022-09-21,2022-09-20,2022,138,205,87,62,.584,-,-,1,,4,False,-,6
2022-09-21,2022-09-20,2022,158,205,78,70,.527,8.5,2.5,2,4,7,False,6,
2022-09-21,2022-09-20,2022,112,205,63,85,.426,23.5,17.5,3,8,11,False,E,
2022-09-21,2022-09-20,2022,113,205,58,90,.392,28.5,22.5,4,10,13,False,E,
2022-09-21,2022-09-20,2022,134,205,55,93,.372,31.5,25.5,5,11,14,False,E,
2022-09-21,2022-09-20,2022,119,203,103,45,.696,-,-,1,,1,True,-,-
2022-09-21,2022-09-20,2022,135,203,82,66,.554,21.0,+1.5,2,2,5,False,E,
2022-09-21,2022-09-20,2022,137,203,71,77,.480,32.0,9.5,3,5,8,False,E,
2022-09-21,2022-09-20,2022,109,203,69,80,.463,34.5,12.0,4,6,9,False,E,
2022-09-21,2022-09-20,2022,115,203,64,84,.432,39.0,16.5,5,7,10,False,E,
2022-09-22,2022-09-21,2022,147,201,90,58,.608,-,-,1,,2,False,-,8
2022-09-22,2022-09-21,2022,141,201,84,65,.564,6.5,+2.5,2,1,3,False,8,
2022-09-22,2022-09-21,2022,139,201,82,67,.550,8.5,+0.5,3,2,5,False,6,
2022-09-22,2022-09-21,2022,110,201,77,71,.520,13.0,4.0,4,4,7,False,2,
2022-09-22,2022-09-21,2022,111,201,72,76,.486,18.0,9.0,5,7,10,False,E,
2022-09-22,2022-09-21,2022,114,202,82,67,.550,-,-,1,,4,False,-,8
2022-09-22,2022-09-21,2022,145,202,76,73,.510,6.0,5.5,2,5,8,False,8,
2022-09-22,2022-09-21,2022,142,202,73,76,.490,9.0,8.5,3,6,9,False,5,
2022-09-22,2022-09-21,2022,118,202,60,89,.403,22.0,21.5,4,10,13,False,E,
2022-09-22,2022-09-21,2022,116,202,57,92,.383,25.0,24.5,5,11,14,False,E,
2022-09-22,2022-09-21,2022,117,200,99,51,.660,-,-,1,,1,True,-,-
2022-09-22,2022-09-21,2022,136,200,81,67,.547,17.0,-,2,3,6,False,E,
2022-09-22,2022-09-21,2022,108,200,65,84,.436,33.5,16.5,3,8,11,False,E,
2022-09-22,2022-09-21,2022,140,200,64,84,.432,34.0,17.0,4,9,12,False,E,
2022-09-22,2022-09-21,2022,133,200,55,94,.369,43.5,26.5,5,12,15,False,E,
2022-09-22,2022-09-21,2022,121,204,95,56,.629,-,-,1,,2,True,-,-
2022-09-22,2022-09-21,2022,144,204,93,56,.624,1.0,+11.5,2,1,3,True,12,
2022-09-22,2022-09-21,2022,143,204,81,67,.547,12.5,-,3,3,6,False,1,
2022-09-22,2022-09-21,2022,146,204,61,89,.407,33.5,21.0,4,9,12,False,E,
2022-09-22,2022-09-21,2022,120,204,52,97,.349,42.0,29.5,5,12,15,False,E,
2022-09-22,2022-09-21,2022,138,205,87,63,.580,-,-,1,,4,False,-,6
2022-09-22,2022-09-21,2022,158,205,79,70,.530,7.5,2.5,2,4,7,False,6,
2022-09-22,2022-09-21,2022,112,205,64,85,.430,22.5,17.5,3,8,11,False,E,
2022-09-22,2022-09-21,2022,113,205,59,90,.396,27.5,22.5,4,10,13,False,E,
2022-09-22,2022-09-21,2022,134,205,55,94,.369,31.5,26.5,5,11,14,False,E,
2022-09-22,2022-09-21,2022,119,203,103,46,.691,-,-,1,,1,True,-,-
2022-09-22,2022-09-21,2022,135,203,83,66,.557,20.0,+1.5,2,2,5,False,E,
2022-09-22,2022-09-21,2022,137,203,72,77,.483,31.0,9.5,3,5,8,False,E,
2022-09-22,2022-09-21,2022,109,203,70,80,.467,33.5,12.0,4,6,9,False,E,
2022-09-22,2022-09-21,2022,115,203,64,85,.430,39.0,17.5,5,7,10,False,E,
2022-09-23,2022-09-22,2022,147,201,91,58,.611,-,-,1,,2,True,-,-
2022-09-23,2022-09-22,2022,141,201,84,66,.560,7.5,+1.5,2,1,3,False,6,
2022-09-23,2022-09-22,2022,139,201,83,67,.553,8.5,+0.5,3,2,5,False,5,
2022-09-23,2022-09-22,2022,110,201,78,71,.523,13.0,4.0,4,4,7,False,1,
2022-09-23,2022-09-22,2022,111,201,72,77,.483,19.0,10.0,5,7,10,False,E,
2022-09-23,2022-09-22,2022,114,202,83,67,.553,-,-,1,,4,False,-,6
2022-09-23,2022-09-22,2022,145,202,76,74,.507,7.0,6.5,2,5,8,False,6,
2022-09-23,2022-09-22,2022,142,202,73,77,.487,10.0,9.5,3,6,9,False,3,
2022-09-23,2022-09-22,2022,118,202,61,89,.407,22.0,21.5,4,10,13,False,E,
2022-09-23,2022-09-22,2022,116,202,57,92,.383,25.5,25.0,5,11,14,False,E,
2022-09-23,2022-09-22,2022,117,200,99,52,.656,-,-,1,,1,True,-,-
2022-09-23,2022-09-22,2022,136,200,82,67,.550,16.0,-,2,3,6,False,E,
2022-09-23,2022-09-22,2022,140,200,65,84,.436,33.0,17.0,3,8,11,False,E,
2022-09-23,2022-09-22,2022,108,200,65,85,.433,33.5,17.5,4,9,12,False,E,
2022-09-23,2022-09-22,2022,133,200,55,95,.367,43.5,27.5,5,12,15,False,E,
2022-09-23,2022-09-22,2022,121,204,95,56,.629,-,-,1,,2,True,-,-
2022-09-23,2022-09-22,2022,144,204,93,57,.620,1.5,+10.5,2,1,3,True,11,
2022-09-23,2022-09-22,2022,143,204,82,67,.550,12.0,-,3,3,6,False,1,
2022-09-23,2022-09-22,2022,146,204,61,89,.407,33.5,21.5,4,9,12,False,E,
2022-09-23,2022-09-22,2022,120,204,52,97,.349,42.0,30.0,5,12,15,False,E,
2022-09-23,2022-09-22,2022,138,205,88,63,.583,-,-,1,,4,False,-,5
2022-09-23,2022-09-22,2022,158,205,80,70,.533,7.5,2.5,2,4,7,False,5,
2022-09-23,2022-09-22,2022,112,205,65,85,.433,22.5,17.5,3,7,10,False,E,
2022-09-23,2022-09-22,2022,113,205,59,91,.393,28.5,23.5,4,10,13,False,E,
2022-09-23,2022-09-22,2022,134,205,55,95,.367,32.5,27.5,5,11,14,False,E,
2022-09-23,2022-09-22,2022,119,203,104,46,.693,-,-,1,,1,True,-,-
2022-09-23,2022-09-22,2022,135,203,83,67,.553,21.0,+0.5,2,2,5,False,E,
2022-09-23,2022-09-22,2022,137,203,73,77,.487,31.0,9.5,3,5,8,False,E,
2022-09-23,2022-09-22,2022,109,203,70,81,.464,34.5,13.0,4,6,9,False,E,
2022-09-23,2022-09-22,2022,115,203,64,86,.427,40.0,18.5,5,8,11,False,E,
2022-09-24,2022-09-23,2022,147,201,92,58,.613,-,-,1,,2,True,-,-
2022-09-24,2022-09-23,2022,139,201,84,67,.556,8.5,+1.5,2,1,4,False,4,
2022-09-24,2022-09-23,2022,141,201,84,67,.556,8.5,+1.5,3,2,5,False,4,
2022-09-24,2022-09-23,2022,110,201,79,71,.527,13.0,3.0,4,4,7,False,E,
2022-09-24,2022-09-23,2022,111,201,72,78,.480,20.0,10.0,5,7,10,False,E,
2022-09-24,2022-09-23,2022,114,202,84,67,.556,-,-,1,,3,False,-,4
2022-09-24,2022-09-23,2022,145,202,76,75,.503,8.0,6.5,2,5,8,False,4,
2022-09-24,2022-09-23,2022,142,202,73,78,.483,11.0,9.5,3,6,9,False,1,
2022-09-24,2022-09-23,2022,118,202,62,89,.411,22.0,20.5,4,10,13,False,E,
2022-09-24,2022-09-23,2022,116,202,58,92,.387,25.5,24.0,5,11,14,False,E,
2022-09-24,2022-09-23,2022,117,200,99,53,.651,-,-,1,,1,True,-,-
2022-09-24,2022-09-23,2022,136,200,82,68,.547,16.0,-,2,3,6,False,E,
2022-09-24,2022-09-23,2022,108,200,66,85,.437,32.5,16.5,3,8,11,False,E,
2022-09-24,2022-09-23,2022,140,200,65,85,.433,33.0,17.0,4,9,12,False,E,
2022-09-24,2022-09-23,2022,133,200,55,96,.364,43.5,27.5,5,12,15,False,E,
2022-09-24,2022-09-23,2022,121,204,96,56,.632,-,-,1,,2,True,-,-
2022-09-24,2022-09-23,2022,144,204,93,58,.616,2.5,+10.0,2,1,3,True,9,
2022-09-24,2022-09-23,2022,143,204,83,67,.553,12.0,+0.5,3,2,5,False,E,
2022-09-24,2022-09-23,2022,146,204,62,89,.411,33.5,21.0,4,9,12,False,E,
2022-09-24,2022-09-23,2022,120,204,52,98,.347,43.0,30.5,5,12,15,False,E,
2022-09-24,2022-09-23,2022,138,205,89,63,.586,-,-,1,,4,False,-,4
2022-09-24,2022-09-23,2022,158,205,81,70,.536,7.5,2.0,2,4,7,False,4,
2022-09-24,2022-09-23,2022,112,205,66,85,.437,22.5,17.0,3,7,10,False,E,
2022-09-24,2022-09-23,2022,113,205,59,92,.391,29.5,24.0,4,10,13,False,E,
2022-09-24,2022-09-23,2022,134,205,55,96,.364,33.5,28.0,5,11,14,False,E,
2022-09-24,2022-09-23,2022,119,203,104,47,.689,-,-,1,,1,True,-,-
2022-09-24,2022-09-23,2022,135,203,83,68,.550,21.0,-,2,3,6,False,E,
2022-09-24,2022-09-23,2022,137,203,74,77,.490,30.0,9.0,3,5,8,False,E,
2022-09-24,2022-09-23,2022,109,203,70,82,.461,34.5,13.5,4,6,9,False,E,
2022-09-24,2022-09-23,2022,115,203,65,86,.430,39.0,18.0,5,8,11,False,E,
2022-09-25,2022-09-24,2022,147,201,93,58,.616,-,-,1,,2,True,-,-
2022-09-25,2022-09-24,2022,141,201,85,67,.559,8.5,+1.5,2,1,4,False,3,
2022-09-25,2022-09-24,2022,139,201,84,68,.553,9.5,+0.5,3,2,5,False,2,
2022-09-25,2022-09-24,2022,110,201,79,72,.523,14.0,4.0,4,4,7,False,E,
2022-09-25,2022-09-24,2022,111,201,72,79,.477,21.0,11.0,5,7,10,False,E,
2022-09-25,2022-09-24,2022,114,202,85,67,.559,-,-,1,,3,False,-,2
2022-09-25,2022-09-24,2022,145,202,76,76,.500,9.0,7.5,2,5,8,False,2,
2022-09-25,2022-09-24,2022,142,202,74,78,.487,11.0,9.5,3,6,9,False,E,
2022-09-25,2022-09-24,2022,118,202,62,90,.408,23.0,21.5,4,10,13,False,E,
2022-09-25,2022-09-24,2022,116,202,59,92,.391,25.5,24.0,5,11,14,False,E,
2022-09-25,2022-09-24,2022,117,200,100,53,.654,-,-,1,,1,True,-,-
2022-09-25,2022-09-24,2022,136,200,83,68,.550,16.0,-,2,3,6,False,E,
2022-09-25,2022-09-24,2022,108,200,66,86,.434,33.5,17.5,3,8,11,False,E,
2022-09-25,2022-09-24,2022,140,200,65,86,.430,34.0,18.0,4,9,12,False,E,
2022-09-25,2022-09-24,2022,133,200,56,96,.368,43.5,27.5,5,12,15,False,E,
2022-09-25,2022-09-24,2022,121,204,96,57,.627,-,-,1,,2,True,-,-
2022-09-25,2022-09-24,2022,144,204,94,58,.618,1.5,+10.5,2,1,3,True,9,
2022-09-25,2022-09-24,2022,143,204,83,68,.550,12.0,-,3,3,6,False,E,
2022-09-25,2022-09-24,2022,146,204,63,89,.414,32.5,20.5,4,9,12,False,E,
2022-09-25,2022-09-24,2022,120,204,52,99,.344,43.0,31.0,5,12,15,False,E,
2022-09-25,2022-09-24,2022,138,205,89,64,.582,-,-,1,,4,False,-,4
2022-09-25,2022-09-24,2022,158,205,82,70,.539,6.5,1.5,2,4,7,False,4,
2022-09-25,2022-09-24,2022,112,205,66,86,.434,22.5,17.5,3,7,10,False,E,
2022-09-25,2022-09-24,2022,113,205,59,93,.388,29.5,24.5,4,10,13,False,E,
2022-09-25,2022-09-24,2022,134,205,56,96,.368,32.5,27.5,5,11,14,False,E,
2022-09-25,2022-09-24,2022,119,203,105,47,.691,-,-,1,,1,True,-,-
2022-09-25,2022-09-24,2022,135,203,84,68,.553,21.0,+0.5,2,2,5,False,E,
2022-09-25,2022-09-24,2022,137,203,74,78,.487,31.0,9.5,3,5,8,False,E,
2022-09-25,2022-09-24,2022,109,203,71,82,.464,34.5,13.0,4,6,9,False,E,
2022-09-25,2022-09-24,2022,115,203,65,87,.428,40.0,18.5,5,8,11,False,E,
2022-09-26,2022-09-25,2022,147,201,94,58,.618,-,-,1,,2,True,-,-
2022-09-26,2022-09-25,2022,141,201,86,67,.562,8.5,+2.5,2,1,4,False,2,
2022-09-26,2022-09-25,2022,139,201,84,69,.549,10.5,+0.5,3,2,5,False,E,
2022-09-26,2022-09-25,2022,110,201,79,73,.520,15.0,4.0,4,4,7,False,E,
2022-09-26,2022-09-25,2022,111,201,72,80,.474,22.0,11.0,5,7,10,False,E,
2022-09-26,2022-09-25,2022,114,202,86,67,.562,-,-,1,,3,True,-,-
2022-09-26,2022-09-25,2022,145,202,76,77,.497,10.0,7.5,2,5,8,False,E,
2022-09-26,2022-09-25,2022,142,202,74,79,.484,12.0,9.5,3,6,9,False,E,
2022-09-26,2022-09-25,2022,118,202,63,90,.412,23.0,20.5,4,10,13,False,E,
2022-09-26,2022-09-25,2022,116,202,60,92,.395,25.5,23.0,5,11,14,False,E,
2022-09-26,2022-09-25,2022,117,200,101,53,.656,-,-,1,,1,True,-,-
2022-09-26,2022-09-25,2022,136,200,83,69,.546,17.0,-,2,3,6,False,E,
2022-09-26,2022-09-25,2022,108,200,67,86,.438,33.5,16.5,3,8,11,False,E,
2022-09-26,2022-09-25,2022,140,200,65,87,.428,35.0,18.0,4,9,12,False,E,
2022-09-26,2022-09-25,2022,133,200,56,97,.366,44.5,27.5,5,12,15,False,E,
2022-09-26,2022-09-25,2022,121,204,97,57,.630,-,-,1,,2,True,-,-
2022-09-26,2022-09-25,2022,144,204,95,58,.621,1.5,+11.5,2,1,3,True,8,
2022-09-26,2022-09-25,2022,143,204,83,69,.546,13.0,-,3,3,6,False,E,
2022-09-26,2022-09-25,2022,146,204,63,90,.412,33.5,20.5,4,9,12,False,E,
2022-09-26,2022-09-25,2022,120,204,53,99,.349,43.0,30.0,5,12,15,False,E,
2022-09-26,2022-09-25,2022,138,205,89,65,.578,-,-,1,,4,False,-,3
2022-09-26,2022-09-25,2022,158,205,82,71,.536,6.5,1.5,2,4,7,False,3,
2022-09-26,2022-09-25,2022,112,205,67,86,.438,21.5,16.5,3,7,10,False,E,
2022-09-26,2022-09-25,2022,113,205,60,93,.392,28.5,23.5,4,10,13,False,E,
2022-09-26,2022-09-25,2022,134,205,56,97,.366,32.5,27.5,5,11,14,False,E,
2022-09-26,2022-09-25,2022,119,203,106,47,.693,-,-,1,,1,True,-,-
2022-09-26,2022-09-25,2022,135,203,85,68,.556,21.0,+1.5,2,2,5,False,E,
2022-09-26,2022-09-25,2022,137,203,75,78,.490,31.0,8.5,3,5,8,False,E,
2022-09-26,2022-09-25,2022,109,203,71,83,.461,35.5,13.0,4,6,9,False,E,
2022-09-26,2022-09-25,2022,115,203,65,88,.425,41.0,18.5,5,8,11,False,E,
2022-09-27,2022-09-26,2022,147,201,94,59,.614,-,-,1,,2,True,-,-
2022-09-27,2022-09-26,2022,141,201,87,67,.565,7.5,+3.0,2,1,3,False,2,
2022-09-27,2022-09-26,2022,139,201,84,69,.549,10.0,+0.5,3,2,5,False,E,
2022-09-27,2022-09-26,2022,110,201,80,73,.523,14.0,3.5,4,4,7,False,E,
2022-09-27,2022-09-26,2022,111,201,72,81,.471,22.0,11.5,5,7,10,False,E,
2022-09-27,2022-09-26,2022,114,202,86,67,.562,-,-,1,,4,True,-,-
2022-09-27,2022-09-26,2022,145,202,76,77,.497,10.0,7.5,2,5,8,False,E,
2022-09-27,2022-09-26,2022,142,202,74,79,.484,12.0,9.5,3,6,9,False,E,
2022-09-27,2022-09-26,2022,118,202,63,90,.412,23.0,20.5,4,10,13,False,E,
2022-09-27,2022-09-26,2022,116,202,60,92,.395,25.5,23.0,5,11,14,False,E,
2022-09-27,2022-09-26,2022,117,200,101,53,.656,-,-,1,,1,True,-,-
2022-09-27,2022-09-26,2022,136,200,83,69,.546,17.0,-,2,3,6,False,E,
2022-09-27,2022-09-26,2022,108,200,67,86,.438,33.5,16.5,3,8,11,False,E,
2022-09-27,2022-09-26,2022,140,200,65,87,.428,35.0,18.0,4,9,12,False,E,
2022-09-27,2022-09-26,2022,133,200,56,97,.366,44.5,27.5,5,12,15,False,E,
2022-09-27,2022-09-26,2022,121,204,97,57,.630,-,-,1,,2,True,-,-
2022-09-27,2022-09-26,2022,144,204,96,58,.623,1.0,+12.0,2,1,3,True,8,
2022-09-27,2022-09-26,2022,143,204,83,69,.546,13.0,-,3,3,6,False,E,
2022-09-27,2022-09-26,2022,146,204,63,90,.412,33.5,20.5,4,9,12,False,E,
2022-09-27,2022-09-26,2022,120,204,53,100,.346,43.5,30.5,5,12,15,False,E,
2022-09-27,2022-09-26,2022,138,205,89,65,.578,-,-,1,,4,False,-,3
2022-09-27,2022-09-26,2022,158,205,82,71,.536,6.5,1.5,2,4,7,False,3,
2022-09-27,2022-09-26,2022,112,205,67,86,.438,21.5,16.5,3,7,10,False,E,
2022-09-27,2022-09-26,2022,113,205,60,94,.390,29.0,24.0,4,10,13,False,E,
2022-09-27,2022-09-26,2022,134,205,57,97,.370,32.0,27.0,5,11,14,False,E,
2022-09-27,2022-09-26,2022,119,203,106,47,.693,-,-,1,,1,True,-,-
2022-09-27,2022-09-26,2022,135,203,85,68,.556,21.0,+1.5,2,2,5,False,E,
2022-09-27,2022-09-26,2022,137,203,75,78,.490,31.0,8.5,3,5,8,False,E,
2022-09-27,2022-09-26,2022,109,203,71,83,.461,35.5,13.0,4,6,9,False,E,
2022-09-27,2022-09-26,2022,115,203,65,88,.425,41.0,18.5,5,8,11,False,E,
2022-09-28,2022-09-27,2022,147,201,95,59,.617,-,-,1,,2,True,-,-
2022-09-28,2022-09-27,2022,141,201,87,68,.561,8.5,+3.0,2,1,3,False,E,
2022-09-28,2022-09-27,2022,139,201,85,69,.552,10.0,+1.5,3,2,5,False,E,
2022-09-28,2022-09-27,2022,110,201,80,74,.519,15.0,3.5,4,4,7,False,E,
2022-09-28,2022-09-27,2022,111,201,73,81,.474,22.0,10.5,5,7,10,False,E,
2022-09-28,2022-09-27,2022,114,202,86,68,.558,-,-,1,,4,True,-,-
2022-09-28,2022-09-27,2022,145,202,76,78,.494,10.0,7.5,2,5,8,False,E,
2022-09-28,2022-09-27,2022,142,202,75,79,.487,11.0,8.5,3,6,9,False,E,
2022-09-28,2022-09-27,2022,118,202,63,91,.409,23.0,20.5,4,10,13,False,E,
2022-09-28,2022-09-27,2022,116,202,61,92,.399,24.5,22.0,5,11,14,False,E,
2022-09-28,2022-09-27,2022,117,200,102,53,.658,-,-,1,,1,True,-,-
2022-09-28,2022-09-27,2022,136,200,83,70,.542,18.0,-,2,3,6,False,E,
2022-09-28,2022-09-27,2022,108,200,68,86,.442,33.5,15.5,3,8,11,False,E,
2022-09-28,2022-09-27,2022,140,200,66,87,.431,35.0,17.0,4,9,12,False,E,
2022-09-28,2022-09-27,2022,133,200,56,98,.364,45.5,27.5,5,12,15,False,E,
2022-09-28,2022-09-27,2022,121,204,97,58,.626,-,-,1,,2,True,-,-
2022-09-28,2022-09-27,2022,144,204,97,58,.626,-,+13.0,2,1,3,True,-,
2022-09-28,2022-09-27,2022,143,204,83,70,.542,13.0,-,3,3,6,False,E,
2022-09-28,2022-09-27,2022,146,204,64,90,.416,32.5,19.5,4,9,12,False,E,
2022-09-28,2022-09-27,2022,120,204,53,101,.344,43.5,30.5,5,12,15,False,E,
2022-09-28,2022-09-27,2022,138,205,90,65,.581,-,-,1,,4,True,-,-
2022-09-28,2022-09-27,2022,158,205,82,72,.532,7.5,1.5,2,4,7,False,1,
2022-09-28,2022-09-27,2022,112,205,68,86,.442,21.5,15.5,3,7,10,False,E,
2022-09-28,2022-09-27,2022,113,205,60,95,.387,30.0,24.0,4,10,13,False,E,
2022-09-28,2022-09-27,2022,134,205,58,97,.374,32.0,26.0,5,11,14,False,E,
2022-09-28,2022-09-27,2022,119,203,106,48,.688,-,-,1,,1,True,-,-
2022-09-28,2022-09-27,2022,135,203,86,68,.558,20.0,+2.5,2,2,5,False,E,
2022-09-28,2022-09-27,2022,137,203,76,78,.494,30.0,7.5,3,5,8,False,E,
2022-09-28,2022-09-27,2022,109,203,71,84,.458,35.5,13.0,4,6,9,False,E,
2022-09-28,2022-09-27,2022,115,203,65,89,.422,41.0,18.5,5,8,11,False,E,
2022-09-29,2022-09-28,2022,147,201,96,59,.619,-,-,1,,2,True,-,-
2022-09-29,2022-09-28,2022,141,201,87,69,.558,9.5,+2.0,2,1,4,False,E,
2022-09-29,2022-09-28,2022,139,201,85,70,.548,11.0,+0.5,3,2,5,False,E,
2022-09-29,2022-09-28,2022,110,201,80,75,.516,16.0,4.5,4,4,7,False,E,
2022-09-29,2022-09-28,2022,111,201,74,81,.477,22.0,10.5,5,7,10,False,E,
2022-09-29,2022-09-28,2022,114,202,87,68,.561,-,-,1,,3,True,-,-
2022-09-29,2022-09-28,2022,142,202,76,79,.490,11.0,8.5,2,5,8,False,E,
2022-09-29,2022-09-28,2022,145,202,76,79,.490,11.0,8.5,3,6,9,False,E,
2022-09-29,2022-09-28,2022,118,202,63,92,.406,24.0,21.5,4,10,13,False,E,
2022-09-29,2022-09-28,2022,116,202,62,92,.403,24.5,22.0,5,11,14,False,E,
2022-09-29,2022-09-28,2022,117,200,102,54,.654,-,-,1,,1,True,-,-
2022-09-29,2022-09-28,2022,136,200,84,70,.545,17.0,-,2,3,6,False,E,
2022-09-29,2022-09-28,2022,108,200,69,86,.445,32.5,15.5,3,8,11,False,E,
2022-09-29,2022-09-28,2022,140,200,66,88,.429,35.0,18.0,4,9,12,False,E,
2022-09-29,2022-09-28,2022,133,200,56,99,.361,45.5,28.5,5,12,15,False,E,
2022-09-29,2022-09-28,2022,121,204,98,58,.628,-,-,1,,2,True,-,-
2022-09-29,2022-09-28,2022,144,204,97,59,.622,1.0,+13.0,2,1,3,True,6,
2022-09-29,2022-09-28,2022,143,204,83,71,.539,14.0,-,3,3,6,False,E,
2022-09-29,2022-09-28,2022,146,204,64,91,.413,33.5,19.5,4,9,12,False,E,
2022-09-29,2022-09-28,2022,120,204,54,101,.348,43.5,29.5,5,12,15,False,E,
2022-09-29,2022-09-28,2022,138,205,90,66,.577,-,-,1,,4,True,-,-
2022-09-29,2022-09-28,2022,158,205,83,72,.535,6.5,0.5,2,4,7,False,1,
2022-09-29,2022-09-28,2022,112,205,69,86,.445,20.5,14.5,3,7,10,False,E,
2022-09-29,2022-09-28,2022,113,205,60,96,.385,30.0,24.0,4,10,13,False,E,
2022-09-29,2022-09-28,2022,134,205,59,97,.378,31.0,25.0,5,11,14,False,E,
2022-09-29,2022-09-28,2022,119,203,107,48,.690,-,-,1,,1,True,-,-
2022-09-29,2022-09-28,2022,135,203,86,69,.555,21.0,+2.5,2,2,5,False,E,
2022-09-29,2022-09-28,2022,137,203,77,78,.497,30.0,6.5,3,5,8,False,E,
2022-09-29,2022-09-28,2022,109,203,72,84,.462,35.5,12.0,4,6,9,False,E,
2022-09-29,2022-09-28,2022,115,203,65,90,.419,42.0,18.5,5,8,11,False,E,
2022-09-30,2022-09-29,2022,147,201,96,59,.619,-,-,1,,2,True,-,-
2022-09-30,2022-09-29,2022,141,201,87,69,.558,9.5,+2.0,2,1,4,True,E,
2022-09-30,2022-09-29,2022,139,201,85,71,.545,11.5,-,3,3,6,False,E,
2022-09-30,2022-09-29,2022,110,201,80,76,.513,16.5,5.0,4,4,7,False,E,
2022-09-30,2022-09-29,2022,111,201,75,81,.481,21.5,10.0,5,7,10,False,E,
2022-09-30,2022-09-29,2022,114,202,88,68,.564,-,-,1,,3,True,-,-
2022-09-30,2022-09-29,2022,145,202,77,79,.494,11.0,8.0,2,5,8,False,E,
2022-09-30,2022-09-29,2022,142,202,76,80,.487,12.0,9.0,3,6,9,False,E,
2022-09-30,2022-09-29,2022,116,202,63,92,.406,24.5,21.5,4,10,13,False,E,
2022-09-30,2022-09-29,2022,118,202,63,93,.404,25.0,22.0,5,11,14,False,E,
2022-09-30,2022-09-29,2022,117,200,102,54,.654,-,-,1,,1,True,-,-
2022-09-30,2022-09-29,2022,136,200,85,70,.548,16.5,+0.5,2,2,5,False,E,
2022-09-30,2022-09-29,2022,108,200,70,86,.449,32.0,15.0,3,8,11,False,E,
2022-09-30,2022-09-29,2022,140,200,66,89,.426,35.5,18.5,4,9,12,False,E,
2022-09-30,2022-09-29,2022,133,200,56,100,.359,46.0,29.0,5,12,15,False,E,
2022-09-30,2022-09-29,2022,121,204,98,58,.628,-,-,1,,2,True,-,-
2022-09-30,2022-09-29,2022,144,204,97,59,.622,1.0,+13.5,2,1,3,True,6,
2022-09-30,2022-09-29,2022,143,204,83,72,.535,14.5,-,3,3,6,False,E,
2022-09-30,2022-09-29,2022,146,204,65,91,.417,33.0,18.5,4,8,11,False,E,
2022-09-30,2022-09-29,2022,120,204,54,101,.348,43.5,29.0,5,12,15,False,E,
2022-09-30,2022-09-29,2022,138,205,90,66,.577,-,-,1,,4,True,-,-
2022-09-30,2022-09-29,2022,158,205,83,73,.532,7.0,0.5,2,4,7,False,E,
2022-09-30,2022-09-29,2022,112,205,70,86,.449,20.0,13.5,3,7,10,False,E,
2022-09-30,2022-09-29,2022,113,205,60,96,.385,30.0,23.5,4,10,13,False,E,
2022-09-30,2022-09-29,2022,134,205,59,97,.378,31.0,24.5,5,11,14,False,E,
2022-09-30,2022-09-29,2022,119,203,108,48,.692,-,-,1,,1,True,-,-
2022-09-30,2022-09-29,2022,135,203,86,70,.551,22.0,+2.5,2,2,5,False,E,
2022-09-30,2022-09-29,2022,137,203,78,78,.500,30.0,5.5,3,5,8,False,E,
2022-09-30,2022-09-29,2022,109,203,72,84,.462,36.0,11.5,4,6,9,False,E,
2022-09-30,2022-09-29,2022,115,203,65,91,.417,43.0,18.5,5,9,12,False,E,
2022-10-01,2022-09-30,2022,147,201,96,60,.615,-,-,1,,2,True,-,-
2022-10-01,2022-09-30,2022,141,201,88,69,.561,8.5,+2.0,2,1,4,True,E,
2022-10-01,2022-09-30,2022,139,201,86,71,.548,10.5,-,3,3,6,True,E,
2022-10-01,2022-09-30,2022,110,201,81,76,.516,15.5,5.0,4,4,7,False,E,
2022-10-01,2022-09-30,2022,111,201,75,82,.478,21.5,11.0,5,7,10,False,E,
2022-10-01,2022-09-30,2022,114,202,89,68,.567,-,-,1,,3,True,-,-
2022-10-01,2022-09-30,2022,145,202,78,79,.497,11.0,8.0,2,5,8,False,E,
2022-10-01,2022-09-30,2022,142,202,77,80,.490,12.0,9.0,3,6,9,False,E,
2022-10-01,2022-09-30,2022,116,202,63,93,.404,25.5,22.5,4,10,13,False,E,
2022-10-01,2022-09-30,2022,118,202,63,94,.401,26.0,23.0,5,11,14,False,E,
2022-10-01,2022-09-30,2022,117,200,102,55,.650,-,-,1,,1,True,-,-
2022-10-01,2022-09-30,2022,136,200,86,70,.551,15.5,+0.5,2,2,5,True,E,
2022-10-01,2022-09-30,2022,108,200,71,86,.452,31.0,15.0,3,8,11,False,E,
2022-10-01,2022-09-30,2022,140,200,66,90,.423,35.5,19.5,4,9,12,False,E,
2022-10-01,2022-09-30,2022,133,200,56,101,.357,46.0,30.0,5,12,15,False,E,
2022-10-01,2022-09-30,2022,121,204,98,59,.624,-,-,1,,2,True,-,-
2022-10-01,2022-09-30,2022,144,204,98,59,.624,-,+13.5,2,1,3,True,-,
2022-10-01,2022-09-30,2022,143,204,84,72,.538,13.5,-,3,3,6,False,E,
2022-10-01,2022-09-30,2022,146,204,65,92,.414,33.0,19.5,4,8,11,False,E,
2022-10-01,2022-09-30,2022,120,204,54,102,.346,43.5,30.0,5,12,15,False,E,
2022-10-01,2022-09-30,2022,138,205,91,66,.580,-,-,1,,4,True,-,-
2022-10-01,2022-09-30,2022,158,205,84,73,.535,7.0,0.5,2,4,7,False,E,
2022-10-01,2022-09-30,2022,112,205,71,86,.452,20.0,13.5,3,7,10,False,E,
2022-10-01,2022-09-30,2022,113,205,60,97,.382,31.0,24.5,4,10,13,False,E,
2022-10-01,2022-09-30,2022,134,205,59,98,.376,32.0,25.5,5,11,14,False,E,
2022-10-01,2022-09-30,2022,119,203,109,48,.694,-,-,1,,1,True,-,-
2022-10-01,2022-09-30,2022,135,203,86,71,.548,23.0,+1.5,2,2,5,False,E,
2022-10-01,2022-09-30,2022,137,203,79,78,.503,30.0,5.5,3,5,8,False,E,
2022-10-01,2022-09-30,2022,109,203,72,85,.459,37.0,12.5,4,6,9,False,E,
2022-10-01,2022-09-30,2022,115,203,65,92,.414,44.0,19.5,5,9,12,False,E,
2022-10-02,2022-10-01,2022,147,201,97,60,.618,-,-,1,,2,True,-,-
2022-10-02,2022-10-01,2022,141,201,89,69,.563,8.5,+3.0,2,1,4,True,E,
2022-10-02,2022-10-01,2022,139,201,86,72,.544,11.5,-,3,3,6,True,E,
2022-10-02,2022-10-01,2022,110,201,81,77,.513,16.5,5.0,4,4,7,False,E,
2022-10-02,2022-10-01,2022,111,201,75,83,.475,22.5,11.0,5,7,10,False,E,
2022-10-02,2022-10-01,2022,114,202,89,69,.563,-,-,1,,3,True,-,-
2022-10-02,2022-10-01,2022,145,202,78,80,.494,11.0,8.0,2,5,8,False,E,
2022-10-02,2022-10-01,2022,142,202,77,81,.487,12.0,9.0,3,6,9,False,E,
2022-10-02,2022-10-01,2022,116,202,64,93,.408,24.5,21.5,4,10,13,False,E,
2022-10-02,2022-10-01,2022,118,202,64,94,.405,25.0,22.0,5,11,14,False,E,
2022-10-02,2022-10-01,2022,117,200,103,55,.652,-,-,1,,1,True,-,-
2022-10-02,2022-10-01,2022,136,200,87,70,.554,15.5,+1.5,2,2,5,True,E,
2022-10-02,2022-10-01,2022,108,200,72,86,.456,31.0,14.0,3,8,11,False,E,
2022-10-02,2022-10-01,2022,140,200,66,91,.420,36.5,19.5,4,9,12,False,E,
2022-10-02,2022-10-01,2022,133,200,56,102,.354,47.0,30.0,5,12,15,False,E,
2022-10-02,2022-10-01,2022,144,204,99,59,.627,-,-,1,,2,True,-,-
2022-10-02,2022-10-01,2022,121,204,98,60,.620,1.0,+13.0,2,1,3,True,4,
2022-10-02,2022-10-01,2022,143,204,85,73,.538,14.0,-,3,3,6,False,E,
2022-10-02,2022-10-01,2022,146,204,66,92,.418,33.0,19.0,4,8,11,False,E,
2022-10-02,2022-10-01,2022,120,204,55,103,.348,44.0,30.0,5,12,15,False,E,
2022-10-02,2022-10-01,2022,138,205,92,66,.582,-,-,1,,4,True,-,-
2022-10-02,2022-10-01,2022,158,205,84,74,.532,8.0,1.0,2,4,7,False,E,
2022-10-02,2022-10-01,2022,112,205,72,86,.456,20.0,13.0,3,7,10,False,E,
2022-10-02,2022-10-01,2022,113,205,60,98,.380,32.0,25.0,4,10,13,False,E,
2022-10-02,2022-10-01,2022,134,205,59,99,.373,33.0,26.0,5,11,14,False,E,
2022-10-02,2022-10-01,2022,119,203,110,48,.696,-,-,1,,1,True,-,-
2022-10-02,2022-10-01,2022,135,203,87,71,.551,23.0,+2.0,2,2,5,False,E,
2022-10-02,2022-10-01,2022,137,203,79,79,.500,31.0,6.0,3,5,8,False,E,
2022-10-02,2022-10-01,2022,109,203,73,85,.462,37.0,12.0,4,6,9,False,E,
2022-10-02,2022-10-01,2022,115,203,65,93,.411,45.0,20.0,5,9,12,False,E,
2022-10-03,2022-10-02,2022,147,201,97,61,.614,-,-,1,,2,True,-,-
2022-10-03,2022-10-02,2022,141,201,90,69,.566,7.5,+4.0,2,1,4,True,E,
2022-10-03,2022-10-02,2022,139,201,86,73,.541,11.5,-,3,3,6,True,E,
2022-10-03,2022-10-02,2022,110,201,82,77,.516,15.5,4.0,4,4,7,False,E,
2022-10-03,2022-10-02,2022,111,201,75,84,.472,22.5,11.0,5,7,10,False,E,
2022-10-03,2022-10-02,2022,114,202,90,69,.566,-,-,1,,3,True,-,-
2022-10-03,2022-10-02,2022,145,202,79,80,.497,11.0,7.0,2,5,8,False,E,
2022-10-03,2022-10-02,2022,142,202,77,82,.484,13.0,9.0,3,6,9,False,E,
2022-10-03,2022-10-02,2022,116,202,65,93,.411,24.5,20.5,4,10,13,False,E,
2022-10-03,2022-10-02,2022,118,202,64,95,.403,26.0,22.0,5,11,14,False,E,
2022-10-03,2022-10-02,2022,117,200,104,55,.654,-,-,1,,1,True,-,-
2022-10-03,2022-10-02,2022,136,200,87,71,.551,16.5,+1.5,2,2,5,True,E,
2022-10-03,2022-10-02,2022,108,200,73,86,.459,31.0,13.0,3,8,11,False,E,
2022-10-03,2022-10-02,2022,140,200,66,92,.418,37.5,19.5,4,9,12,False,E,
2022-10-03,2022-10-02,2022,133,200,57,102,.358,47.0,29.0,5,12,15,False,E,
2022-10-03,2022-10-02,2022,144,204,100,59,.629,-,-,1,,2,True,-,-
2022-10-03,2022-10-02,2022,121,204,98,61,.616,2.0,+12.0,2,1,3,True,2,
2022-10-03,2022-10-02,2022,143,204,86,73,.541,14.0,-,3,3,6,False,E,
2022-10-03,2022-10-02,2022,146,204,67,92,.421,33.0,19.0,4,8,11,False,E,
2022-10-03,2022-10-02,2022,120,204,55,104,.346,45.0,31.0,5,12,15,False,E,
2022-10-03,2022-10-02,2022,138,205,92,67,.579,-,-,1,,4,True,-,-
2022-10-03,2022-10-02,2022,158,205,84,75,.528,8.0,2.0,2,4,7,False,E,
2022-10-03,2022-10-02,2022,112,205,73,86,.459,19.0,13.0,3,7,10,False,E,
2022-10-03,2022-10-02,2022,134,205,60,99,.377,32.0,26.0,4,10,13,False,E,
2022-10-03,2022-10-02,2022,113,205,60,99,.377,32.0,26.0,5,11,14,False,E,
2022-10-03,2022-10-02,2022,119,203,110,49,.692,-,-,1,,1,True,-,-
2022-10-03,2022-10-02,2022,135,203,87,72,.547,23.0,+1.0,2,2,5,True,E,
2022-10-03,2022-10-02,2022,137,203,80,79,.503,30.0,6.0,3,5,8,False,E,
2022-10-03,2022-10-02,2022,109,203,73,86,.459,37.0,13.0,4,6,9,False,E,
2022-10-03,2022-10-02,2022,115,203,66,93,.415,44.0,20.0,5,9,12,False,E,
2022-10-04,2022-10-03,2022,147,201,98,61,.616,-,-,1,,2,True,-,-
2022-10-04,2022-10-03,2022,141,201,91,69,.569,7.5,+5.0,2,1,3,True,E,
2022-10-04,2022-10-03,2022,139,201,86,74,.538,12.5,-,3,3,6,True,E,
2022-10-04,2022-10-03,2022,110,201,82,78,.513,16.5,4.0,4,4,7,False,E,
2022-10-04,2022-10-03,2022,111,201,76,84,.475,22.5,10.0,5,7,10,False,E,
2022-10-04,2022-10-03,2022,114,202,90,70,.563,-,-,1,,4,True,-,-
2022-10-04,2022-10-03,2022,145,202,80,80,.500,10.0,6.0,2,5,8,False,E,
2022-10-04,2022-10-03,2022,142,202,77,83,.481,13.0,9.0,3,6,9,False,E,
2022-10-04,2022-10-03,2022,116,202,66,93,.415,23.5,19.5,4,9,12,False,E,
2022-10-04,2022-10-03,2022,118,202,65,95,.406,25.0,21.0,5,11,14,False,E,
2022-10-04,2022-10-03,2022,117,200,104,56,.650,-,-,1,,1,True,-,-
2022-10-04,2022-10-03,2022,136,200,87,72,.547,16.5,+1.5,2,2,5,True,E,
2022-10-04,2022-10-03,2022,108,200,73,87,.456,31.0,13.0,3,8,11,False,E,
2022-10-04,2022-10-03,2022,140,200,66,93,.415,37.5,19.5,4,10,13,False,E,
2022-10-04,2022-10-03,2022,133,200,58,102,.363,46.0,28.0,5,12,15,False,E,
2022-10-04,2022-10-03,2022,144,204,100,60,.625,-,-,1,,2,True,-,-
2022-10-04,2022-10-03,2022,121,204,98,61,.616,1.5,+11.5,2,1,3,True,2,
2022-10-04,2022-10-03,2022,143,204,87,73,.544,13.0,-,3,3,6,True,E,
2022-10-04,2022-10-03,2022,146,204,68,92,.425,32.0,19.0,4,8,11,False,E,
2022-10-04,2022-10-03,2022,120,204,55,104,.346,44.5,31.5,5,12,15,False,E,
2022-10-04,2022-10-03,2022,138,205,92,68,.575,-,-,1,,4,True,-,-
2022-10-04,2022-10-03,2022,158,205,85,75,.531,7.0,2.0,2,4,7,False,E,
2022-10-04,2022-10-03,2022,112,205,73,87,.456,19.0,14.0,3,7,10,False,E,
2022-10-04,2022-10-03,2022,134,205,61,99,.381,31.0,26.0,4,10,13,False,E,
2022-10-04,2022-10-03,2022,113,205,61,99,.381,31.0,26.0,5,11,14,False,E,
2022-10-04,2022-10-03,2022,119,203,110,50,.688,-,-,1,,1,True,-,-
2022-10-04,2022-10-03,2022,135,203,88,72,.550,22.0,+1.0,2,2,5,True,E,
2022-10-04,2022-10-03,2022,137,203,80,80,.500,30.0,7.0,3,5,8,False,E,
2022-10-04,2022-10-03,2022,109,203,73,87,.456,37.0,14.0,4,6,9,False,E,
2022-10-04,2022-10-03,2022,115,203,67,93,.419,43.0,20.0,5,9,12,False,E,
2022-10-05,2022-10-04,2022,147,201,99,62,.615,-,-,1,,2,True,-,-
2022-10-05,2022-10-04,2022,141,201,91,69,.569,7.5,+5.5,2,1,3,True,E,
2022-10-05,2022-10-04,2022,139,201,86,75,.534,13.0,-,3,3,6,True,E,
2022-10-05,2022-10-04,2022,110,201,82,78,.513,16.5,3.5,4,4,7,False,E,
2022-10-05,2022-10-04,2022,111,201,77,84,.478,22.0,9.0,5,7,10,False,E,
2022-10-05,2022-10-04,2022,114,202,91,70,.565,-,-,1,,4,True,-,-
2022-10-05,2022-10-04,2022,145,202,81,80,.503,10.0,5.0,2,5,8,False,E,
2022-10-05,2022-10-04,2022,142,202,77,84,.478,14.0,9.0,3,6,9,False,E,
2022-10-05,2022-10-04,2022,116,202,66,95,.410,25.0,20.0,4,10,13,False,E,
2022-10-05,2022-10-04,2022,118,202,65,96,.404,26.0,21.0,5,11,14,False,E,
2022-10-05,2022-10-04,2022,117,200,105,56,.652,-,-,1,,1,True,-,-
2022-10-05,2022-10-04,2022,136,200,89,72,.553,16.0,+3.0,2,2,5,True,E,
2022-10-05,2022-10-04,2022,108,200,73,88,.453,32.0,13.0,3,8,11,False,E,
2022-10-05,2022-10-04,2022,140,200,67,94,.416,38.0,19.0,4,9,12,False,E,
2022-10-05,2022-10-04,2022,133,200,59,102,.366,46.0,27.0,5,12,15,False,E,
2022-10-05,2022-10-04,2022,144,204,101,60,.627,-,-,1,,2,True,-,-
2022-10-05,2022-10-04,2022,121,204,100,61,.621,1.0,+13.0,2,1,3,True,1,
2022-10-05,2022-10-04,2022,143,204,87,74,.540,14.0,-,3,3,6,True,E,
2022-10-05,2022-10-04,2022,146,204,68,93,.422,33.0,19.0,4,8,11,False,E,
2022-10-05,2022-10-04,2022,120,204,55,106,.342,46.0,32.0,5,12,15,False,E,
2022-10-05,2022-10-04,2022,138,205,93,68,.578,-,-,1,,4,True,-,-
2022-10-05,2022-10-04,2022,158,205,86,75,.534,7.0,1.0,2,4,7,False,E,
2022-10-05,2022-10-04,2022,112,205,73,88,.453,20.0,14.0,3,7,10,False,E,
2022-10-05,2022-10-04,2022,113,205,62,99,.385,31.0,25.0,4,10,13,False,E,
2022-10-05,2022-10-04,2022,134,205,61,100,.379,32.0,26.0,5,11,14,False,E,
2022-10-05,2022-10-04,2022,119,203,110,51,.683,-,-,1,,1,True,-,-
2022-10-05,2022-10-04,2022,135,203,89,72,.553,21.0,+2.0,2,2,5,True,E,
2022-10-05,2022-10-04,2022,137,203,80,81,.497,30.0,7.0,3,5,8,False,E,
2022-10-05,2022-10-04,2022,109,203,73,88,.453,37.0,14.0,4,6,9,False,E,
2022-10-05,2022-10-04,2022,115,203,68,93,.422,42.0,19.0,5,9,12,False,E,
