game_date,standings_asof_date,season,team_id,division_id,wins,losses,winning_pct,games_back,wild_card_games_back,division_rank,wild_card_rank,league_rank,clinched,elimination_number,magic_number
2023-03-31,2023-03-30,2023,110,201,1,0,1.000,-,-,1,,1,False,-,161
2023-03-31,2023-03-30,2023,139,201,1,0,1.000,-,-,2,3,6,False,-,
2023-03-31,2023-03-30,2023,147,201,1,0,1.000,-,-,3,4,7,False,-,
2023-03-31,2023-03-30,2023,141,201,1,0,1.000,-,-,4,6,9,False,-,
2023-03-31,2023-03-30,2023,111,201,0,1,.000,1.0,1.0,5,7,10,False,161,
2023-03-31,2023-03-30,2023,142,202,1,0,1.000,-,-,1,,2,False,-,161
2023-03-31,2023-03-30,2023,145,202,1,0,1.000,-,-,2,1,4,False,-,
2023-03-31,2023-03-30,2023,118,202,0,1,.000,1.0,1.0,3,8,11,False,161,
2023-03-31,2023-03-30,2023,114,202,0,1,.000,1.0,1.0,4,10,13,False,161,
2023-03-31,2023-03-30,2023,116,202,0,1,.000,1.0,1.0,5,11,14,False,161,
2023-03-31,2023-03-30,2023,133,200,1,0,1.000,-,-,1,,3,False,-,161
2023-03-31,2023-03-30,2023,136,200,1,0,1.000,-,-,2,2,5,False,-,
2023-03-31,2023-03-30,2023,140,200,1,0,1.000,-,-,3,5,8,False,-,
2023-03-31,2023-03-30,2023,108,200,0,1,.000,1.0,1.0,4,9,12,False,161,
2023-03-31,2023-03-30,2023,117,200,0,1,.000,1.0,1.0,5,12,15,False,161,
2023-03-31,2023-03-30,2023,144,204,1,0,1.000,-,-,1,,1,False,-,161
2023-03-31,2023-03-30,2023,121,204,1,0,1.000,-,-,2,2,5,False,-,
2023-03-31,2023-03-30,2023,146,204,0,1,.000,1.0,1.0,3,6,9,False,161,
2023-03-31,2023-03-30,2023,120,204,0,1,.000,1.0,1.0,4,9,12,False,161,
2023-03-31,2023-03-30,2023,143,204,0,1,.000,1.0,1.0,5,10,13,False,161,
2023-03-31,2023-03-30,2023,112,205,1,0,1.000,-,-,1,,2,False,-,161
2023-03-31,2023-03-30,2023,134,205,1,0,1.000,-,-,2,3,6,False,-,
2023-03-31,2023-03-30,2023,113,205,0,1,.000,1.0,1.0,3,5,8,False,161,
2023-03-31,2023-03-30,2023,158,205,0,1,.000,1.0,1.0,4,7,10,False,161,
2023-03-31,2023-03-30,2023,138,205,0,1,.000,1.0,1.0,5,12,15,False,161,
2023-03-31,2023-03-30,2023,115,203,1,0,1.000,-,-,1,,3,False,-,161
2023-03-31,2023-03-30,2023,119,203,1,0,1.000,-,-,2,1,4,False,-,
2023-03-31,2023-03-30,2023,109,203,0,1,.000,1.0,1.0,3,4,7,False,161,
2023-03-31,2023-03-30,2023,135,203,0,1,.000,1.0,1.0,4,8,11,False,161,
2023-03-31,2023-03-30,2023,137,203,0,1,.000,1.0,1.0,5,11,14,False,161,
2023-04-01,2023-03-31,2023,110,201,1,0,1.000,-,-,1,,1,False,-,161
2023-04-01,2023-03-31,2023,139,201,1,0,1.000,-,-,2,1,4,False,-,
2023-04-01,2023-03-31,2023,147,201,1,0,1.000,-,-,3,2,5,False,-,
2023-04-01,2023-03-31,2023,141,201,1,0,1.000,-,-,4,4,7,False,-,
2023-04-01,2023-03-31,2023,111,201,0,1,.000,1.0,1.0,5,9,12,False,161,
2023-04-01,2023-03-31,2023,142,202,1,0,1.000,-,-,1,,2,False,-,161
2023-04-01,2023-03-31,2023,145,202,1,1,.500,0.5,0.5,2,5,8,False,161,
2023-04-01,2023-03-31,2023,114,202,1,1,.500,0.5,0.5,3,6,9,False,161,
2023-04-01,2023-03-31,2023,118,202,0,1,.000,1.0,1.0,4,10,13,False,161,
2023-04-01,2023-03-31,2023,116,202,0,1,.000,1.0,1.0,5,12,15,False,161,
2023-04-01,2023-03-31,2023,133,200,1,0,1.000,-,-,1,,3,False,-,161
2023-04-01,2023-03-31,2023,140,200,1,0,1.000,-,-,2,3,6,False,-,
2023-04-01,2023-03-31,2023,117,200,1,1,.500,0.5,0.5,3,7,10,False,161,
2023-04-01,2023-03-31,2023,136,200,1,1,.500,0.5,0.5,4,8,11,False,161,
2023-04-01,2023-03-31,2023,108,200,0,1,.000,1.0,1.0,5,11,14,False,161,
2023-04-01,2023-03-31,2023,144,204,1,0,1.000,-,-,1,,2,False,-,161
2023-04-01,2023-03-31,2023,146,204,1,1,.500,0.5,-,2,4,7,False,161,
2023-04-01,2023-03-31,2023,121,204,1,1,.500,0.5,-,3,5,8,False,161,
2023-04-01,2023-03-31,2023,120,204,0,1,.000,1.0,0.5,4,8,11,False,161,
2023-04-01,2023-03-31,2023,143,204,0,1,.000,1.0,0.5,5,9,12,False,161,
2023-04-01,2023-03-31,2023,112,205,1,0,1.000,-,-,1,,3,False,-,161
2023-04-01,2023-03-31,2023,134,205,1,0,1.000,-,+0.5,2,1,4,False,-,
2023-04-01,2023-03-31,2023,113,205,0,1,.000,1.0,0.5,3,6,9,False,161,
2023-04-01,2023-03-31,2023,158,205,0,1,.000,1.0,0.5,4,7,10,False,161,
2023-04-01,2023-03-31,2023,138,205,0,1,.000,1.0,0.5,5,11,14,False,161,
2023-04-01,2023-03-31,2023,115,203,2,0,1.000,-,-,1,,1,False,-,160
2023-04-01,2023-03-31,2023,109,203,1,1,.500,1.0,-,2,2,5,False,160,
2023-04-01,2023-03-31,2023,119,203,1,1,.500,1.0,-,3,3,6,False,160,
2023-04-01,2023-03-31,2023,137,203,0,1,.000,1.5,0.5,4,10,13,False,160,
2023-04-01,2023-03-31,2023,135,203,0,2,.000,2.0,1.0,5,12,15,False,159,
2023-04-02,2023-04-01,2023,139,201,2,0,1.000,-,-,1,,2,False,-,160
2023-04-02,2023-04-01,2023,110,201,1,1,.500,1.0,-,2,3,6,False,160,
2023-04-02,2023-04-01,2023,111,201,1,1,.500,1.0,-,3,4,7,False,160,
2023-04-02,2023-04-01,2023,147,201,1,1,.500,1.0,-,4,7,10,False,160,
2023-04-02,2023-04-01,2023,141,201,1,1,.500,1.0,-,5,8,11,False,160,
2023-04-02,2023-04-01,2023,142,202,2,0,1.000,-,-,1,,1,False,-,160
2023-04-02,2023-04-01,2023,114,202,2,1,.667,0.5,+0.5,2,1,4,False,160,
2023-04-02,2023-04-01,2023,145,202,1,2,.333,1.5,0.5,3,9,12,False,159,
2023-04-02,2023-04-01,2023,118,202,0,2,.000,2.0,1.0,4,11,14,False,159,
2023-04-02,2023-04-01,2023,116,202,0,2,.000,2.0,1.0,5,12,15,False,159,
2023-04-02,2023-04-01,2023,140,200,2,0,1.000,-,-,1,,3,False,-,160
2023-04-02,2023-04-01,2023,117,200,2,1,.667,0.5,+0.5,2,2,5,False,160,
2023-04-02,2023-04-01,2023,108,200,1,1,.500,1.0,-,3,5,8,False,160,
2023-04-02,2023-04-01,2023,133,200,1,1,.500,1.0,-,4,6,9,False,160,
2023-04-02,2023-04-01,2023,136,200,1,2,.333,1.5,0.5,5,10,13,False,159,
2023-04-02,2023-04-01,2023,144,204,2,0,1.000,-,-,1,,1,False,-,160
2023-04-02,2023-04-01,2023,121,204,2,1,.667,0.5,+0.5,2,2,4,False,160,
2023-04-02,2023-04-01,2023,146,204,1,2,.333,1.5,0.5,3,9,12,False,159,
2023-04-02,2023-04-01,2023,120,204,0,2,.000,2.0,1.0,4,11,14,False,159,
2023-04-02,2023-04-01,2023,143,204,0,2,.000,2.0,1.0,5,12,15,False,159,
2023-04-02,2023-04-01,2023,112,205,1,1,.500,-,-,1,,5,False,-,
2023-04-02,2023-04-01,2023,113,205,1,1,.500,-,-,2,3,6,False,-,
2023-04-02,2023-04-01,2023,158,205,1,1,.500,-,-,3,4,7,False,-,
2023-04-02,2023-04-01,2023,134,205,1,1,.500,-,-,4,5,8,False,-,
2023-04-02,2023-04-01,2023,138,205,1,1,.500,-,-,5,7,10,False,-,
2023-04-02,2023-04-01,2023,115,203,2,1,.667,-,-,1,,2,False,-,160
2023-04-02,2023-04-01,2023,119,203,2,1,.667,-,+0.5,2,1,3,False,-,
2023-04-02,2023-04-01,2023,137,203,1,1,.500,0.5,-,3,6,9,False,160,
2023-04-02,2023-04-01,2023,109,203,1,2,.333,1.0,0.5,4,8,11,False,159,
2023-04-02,2023-04-01,2023,135,203,1,2,.333,1.0,0.5,5,10,13,False,159,
2023-04-03,2023-04-02,2023,139,201,3,0,1.000,-,-,1,,2,False,-,159
2023-04-03,2023-04-02,2023,111,201,2,1,.667,1.0,-,2,2,5,False,159,
2023-04-03,2023-04-02,2023,147,201,2,1,.667,1.0,-,3,4,7,False,159,
2023-04-03,2023-04-02,2023,110,201,1,2,.333,2.0,1.0,4,7,10,False,158,
2023-04-03,2023-04-02,2023,141,201,1,2,.333,2.0,1.0,5,9,12,False,158,
2023-04-03,2023-04-02,2023,142,202,3,0,1.000,-,-,1,,1,False,-,159
2023-04-03,2023-04-02,2023,114,202,3,1,.750,0.5,+0.5,2,1,4,False,159,
2023-04-03,2023-04-02,2023,145,202,2,2,.500,1.5,0.5,3,5,8,False,158,
2023-04-03,2023-04-02,2023,118,202,0,3,.000,3.0,2.0,4,11,14,False,157,
2023-04-03,2023-04-02,2023,116,202,0,3,.000,3.0,2.0,5,12,15,False,157,
2023-04-03,2023-04-02,2023,140,200,3,0,1.000,-,-,1,,3,False,-,159
2023-04-03,2023-04-02,2023,108,200,2,1,.667,1.0,-,2,3,6,False,159,
2023-04-03,2023-04-02,2023,117,200,2,2,.500,1.5,0.5,3,6,9,False,158,
2023-04-03,2023-04-02,2023,133,200,1,2,.333,2.0,1.0,4,8,11,False,158,
2023-04-03,2023-04-02,2023,136,200,1,3,.250,2.5,1.5,5,10,13,False,157,
2023-04-03,2023-04-02,2023,121,204,3,1,.750,-,-,1,,1,False,-,159
2023-04-03,2023-04-02,2023,144,204,2,1,.667,0.5,-,2,1,2,False,159,
2023-04-03,2023-04-02,2023,120,204,1,2,.333,1.5,1.0,3,9,12,False,158,
2023-04-03,2023-04-02,2023,146,204,1,3,.250,2.0,1.5,4,11,14,False,157,
2023-04-03,2023-04-02,2023,143,204,0,3,.000,2.5,2.0,5,12,15,False,157,
2023-04-03,2023-04-02,2023,113,205,2,1,.667,-,-,1,,3,False,-,159
2023-04-03,2023-04-02,2023,158,205,2,1,.667,-,-,2,2,4,False,-,
2023-04-03,2023-04-02,2023,138,205,2,1,.667,-,-,3,3,5,False,-,
2023-04-03,2023-04-02,2023,112,205,1,2,.333,1.0,1.0,4,7,10,False,159,
2023-04-03,2023-04-02,2023,134,205,1,2,.333,1.0,1.0,5,8,11,False,159,
2023-04-03,2023-04-02,2023,109,203,2,2,.500,-,-,1,,6,False,-,159
2023-04-03,2023-04-02,2023,115,203,2,2,.500,-,0.5,2,4,7,False,-,
2023-04-03,2023-04-02,2023,119,203,2,2,.500,-,0.5,3,5,8,False,-,
2023-04-03,2023-04-02,2023,135,203,2,2,.500,-,0.5,4,6,9,False,-,
2023-04-03,2023-04-02,2023,137,203,1,2,.333,0.5,1.0,5,10,13,False,159,
2023-04-04,2023-04-03,2023,139,201,4,0,1.000,-,-,1,,2,False,-,158
2023-04-04,2023-04-03,2023,147,201,3,1,.750,1.0,-,2,3,6,False,158,
2023-04-04,2023-04-03,2023,111,201,2,2,.500,2.0,1.0,3,4,7,False,157,
2023-04-04,2023-04-03,2023,110,201,2,2,.500,2.0,1.0,4,5,8,False,157,
2023-04-04,2023-04-03,2023,141,201,1,3,.250,3.0,2.0,5,9,12,False,156,
2023-04-04,2023-04-03,2023,142,202,4,0,1.000,-,-,1,,1,False,-,158
2023-04-04,2023-04-03,2023,114,202,4,1,.800,0.5,+0.5,2,1,3,False,158,
2023-04-04,2023-04-03,2023,145,202,2,3,.400,2.5,1.5,3,6,9,False,156,
2023-04-04,2023-04-03,2023,118,202,1,3,.250,3.0,2.0,4,8,11,False,156,
2023-04-04,2023-04-03,2023,116,202,1,3,.250,3.0,2.0,5,11,14,False,156,
2023-04-04,2023-04-03,2023,108,200,3,1,.750,-,-,1,,4,False,-,157
2023-04-04,2023-04-03,2023,140,200,3,1,.750,-,-,2,2,5,False,-,
2023-04-04,2023-04-03,2023,117,200,2,3,.400,1.5,1.5,3,7,10,False,157,
2023-04-04,2023-04-03,2023,133,200,1,3,.250,2.0,2.0,4,10,13,False,157,
2023-04-04,2023-04-03,2023,136,200,1,4,.200,2.5,2.5,5,12,15,False,156,
2023-04-04,2023-04-03,2023,144,204,3,1,.750,-,-,1,,2,False,-,158
2023-04-04,2023-04-03,2023,121,204,3,2,.600,0.5,-,2,2,4,False,158,
2023-04-04,2023-04-03,2023,120,204,1,3,.250,2.0,1.5,3,9,12,False,157,
2023-04-04,2023-04-03,2023,146,204,1,4,.200,2.5,2.0,4,11,14,False,156,
2023-04-04,2023-04-03,2023,143,204,0,4,.000,3.0,2.5,5,12,15,False,156,
2023-04-04,2023-04-03,2023,113,205,3,1,.750,-,-,1,,1,False,-,158
2023-04-04,2023-04-03,2023,158,205,3,1,.750,-,+0.5,2,1,3,False,-,
2023-04-04,2023-04-03,2023,134,205,2,2,.500,1.0,0.5,3,4,7,False,158,
2023-04-04,2023-04-03,2023,138,205,2,2,.500,1.0,0.5,4,5,8,False,158,
2023-04-04,2023-04-03,2023,112,205,1,3,.250,2.0,1.5,5,10,13,False,157,
2023-04-04,2023-04-03,2023,119,203,3,2,.600,-,-,1,,5,False,-,158
2023-04-04,2023-04-03,2023,135,203,3,2,.600,-,-,2,3,6,False,-,
2023-04-04,2023-04-03,2023,137,203,2,2,.500,0.5,0.5,3,6,9,False,158,
2023-04-04,2023-04-03,2023,109,203,2,3,.400,1.0,1.0,4,7,10,False,157,
2023-04-04,2023-04-03,2023,115,203,2,3,.400,1.0,1.0,5,8,11,False,157,
2023-04-05,2023-04-04,2023,139,201,5,0,1.000,-,-,1,,1,False,-,156
2023-04-05,2023-04-04,2023,110,201,3,2,.600,2.0,-,2,2,4,False,156,
2023-04-05,2023-04-04,2023,147,201,3,2,.600,2.0,-,3,4,7,False,156,
2023-04-05,2023-04-04,2023,111,201,2,3,.400,3.0,1.0,4,5,8,False,155,
2023-04-05,2023-04-04,2023,141,201,2,3,.400,3.0,1.0,5,8,11,False,155,
2023-04-05,2023-04-04,2023,142,202,4,1,.800,-,-,1,,2,False,-,157
2023-04-05,2023-04-04,2023,114,202,4,2,.667,0.5,+0.5,2,1,3,False,157,
2023-04-05,2023-04-04,2023,145,202,2,3,.400,2.0,1.0,3,7,10,False,156,
2023-04-05,2023-04-04,2023,116,202,2,3,.400,2.0,1.0,4,9,12,False,156,
2023-04-05,2023-04-04,2023,118,202,1,4,.200,3.0,2.0,5,12,15,False,155,
2023-04-05,2023-04-04,2023,108,200,3,2,.600,-,-,1,,6,False,-,157
2023-04-05,2023-04-04,2023,140,200,3,2,.600,-,-,2,3,5,False,-,
2023-04-05,2023-04-04,2023,133,200,2,3,.400,1.0,1.0,3,6,9,False,157,
2023-04-05,2023-04-04,2023,136,200,2,4,.333,1.5,1.5,4,10,13,False,156,
2023-04-05,2023-04-04,2023,117,200,2,4,.333,1.5,1.5,5,11,14,False,156,
2023-04-05,2023-04-04,2023,144,204,4,1,.800,-,-,1,,1,False,-,156
2023-04-05,2023-04-04,2023,121,204,3,3,.500,1.5,-,2,5,8,False,156,
2023-04-05,2023-04-04,2023,146,204,2,4,.333,2.5,1.0,3,10,13,False,155,
2023-04-05,2023-04-04,2023,120,204,1,4,.200,3.0,1.5,4,11,14,False,155,
2023-04-05,2023-04-04,2023,143,204,1,4,.200,3.0,1.5,5,12,15,False,155,
2023-04-05,2023-04-04,2023,158,205,4,1,.800,-,-,1,,2,False,-,157
2023-04-05,2023-04-04,2023,113,205,3,2,.600,1.0,+0.5,2,1,4,False,157,
2023-04-05,2023-04-04,2023,134,205,3,2,.600,1.0,+0.5,3,2,5,False,157,
2023-04-05,2023-04-04,2023,112,205,2,3,.400,2.0,0.5,4,7,10,False,156,
2023-04-05,2023-04-04,2023,138,205,2,3,.400,2.0,0.5,5,8,11,False,156,
2023-04-05,2023-04-04,2023,119,203,4,2,.667,-,-,1,,3,False,-,156
2023-04-05,2023-04-04,2023,109,203,3,3,.500,1.0,-,2,3,6,False,156,
2023-04-05,2023-04-04,2023,135,203,3,3,.500,1.0,-,3,4,7,False,156,
2023-04-05,2023-04-04,2023,137,203,2,2,.500,1.0,-,4,6,9,False,157,
2023-04-05,2023-04-04,2023,115,203,2,4,.333,2.0,1.0,5,9,12,False,155,
2023-04-06,2023-04-05,2023,139,201,6,0,1.000,-,-,1,,1,False,-,155
2023-04-06,2023-04-05,2023,147,201,4,2,.667,2.0,-,2,3,6,False,155,
2023-04-06,2023-04-05,2023,110,201,3,3,.500,3.0,1.0,3,4,7,False,154,
2023-04-06,2023-04-05,2023,141,201,3,3,.500,3.0,1.0,4,5,8,False,154,
2023-04-06,2023-04-05,2023,111,201,2,4,.333,4.0,2.0,5,8,11,False,153,
2023-04-06,2023-04-05,2023,114,202,5,2,.714,-,-,1,,2,False,-,156
2023-04-06,2023-04-05,2023,142,202,4,2,.667,0.5,-,2,1,3,False,156,
2023-04-06,2023-04-05,2023,145,202,3,3,.500,1.5,1.0,3,6,9,False,155,
2023-04-06,2023-04-05,2023,116,202,2,4,.333,2.5,2.0,4,10,13,False,154,
2023-04-06,2023-04-05,2023,118,202,1,5,.167,3.5,3.0,5,12,15,False,153,
2023-04-06,2023-04-05,2023,108,200,4,2,.667,-,-,1,,4,False,-,155
2023-04-06,2023-04-05,2023,140,200,4,2,.667,-,-,2,2,5,False,-,
2023-04-06,2023-04-05,2023,117,200,3,4,.429,1.5,1.5,3,7,10,False,155,
2023-04-06,2023-04-05,2023,133,200,2,4,.333,2.0,2.0,4,9,12,False,155,
2023-04-06,2023-04-05,2023,136,200,2,5,.286,2.5,2.5,5,11,14,False,154,
2023-04-06,2023-04-05,2023,144,204,5,1,.833,-,-,1,,1,False,-,154
2023-04-06,2023-04-05,2023,121,204,3,4,.429,2.5,0.5,2,5,8,False,154,
2023-04-06,2023-04-05,2023,146,204,3,4,.429,2.5,0.5,3,6,9,False,154,
2023-04-06,2023-04-05,2023,120,204,1,5,.167,4.0,2.0,4,11,14,False,153,
2023-04-06,2023-04-05,2023,143,204,1,5,.167,4.0,2.0,5,12,15,False,153,
2023-04-06,2023-04-05,2023,158,205,5,1,.833,-,-,1,,2,False,-,156
2023-04-06,2023-04-05,2023,134,205,4,2,.667,1.0,+1.0,2,1,4,False,156,
2023-04-06,2023-04-05,2023,113,205,3,2,.600,1.5,+0.5,3,2,5,False,156,
2023-04-06,2023-04-05,2023,112,205,2,3,.400,2.5,0.5,4,7,10,False,155,
2023-04-06,2023-04-05,2023,138,205,2,4,.333,3.0,1.0,5,10,13,False,154,
2023-04-06,2023-04-05,2023,119,203,4,2,.667,-,-,1,,3,False,-,156
2023-04-06,2023-04-05,2023,109,203,3,3,.500,1.0,-,2,3,6,False,156,
2023-04-06,2023-04-05,2023,135,203,3,3,.500,1.0,-,3,4,7,False,156,
2023-04-06,2023-04-05,2023,137,203,2,3,.400,1.5,0.5,4,8,11,False,156,
2023-04-06,2023-04-05,2023,115,203,2,4,.333,2.0,1.0,5,9,12,False,155,
2023-04-07,2023-04-06,2023,139,201,6,0,1.000,-,-,1,,1,False,-,155
2023-04-07,2023-04-06,2023,147,201,4,2,.667,2.0,-,2,3,6,False,155,
2023-04-07,2023-04-06,2023,141,201,4,3,.571,2.5,0.5,3,4,7,False,154,
2023-04-07,2023-04-06,2023,110,201,3,3,.500,3.0,1.0,4,5,8,False,154,
2023-04-07,2023-04-06,2023,111,201,3,4,.429,3.5,1.5,5,8,11,False,153,
2023-04-07,2023-04-06,2023,114,202,5,2,.714,-,-,1,,2,False,-,156
2023-04-07,2023-04-06,2023,142,202,4,2,.667,0.5,-,2,1,3,False,156,
2023-04-07,2023-04-06,2023,145,202,3,4,.429,2.0,1.5,3,6,9,False,154,
2023-04-07,2023-04-06,2023,116,202,2,5,.286,3.0,2.5,4,11,14,False,153,
2023-04-07,2023-04-06,2023,118,202,1,6,.143,4.0,3.5,5,12,15,False,152,
2023-04-07,2023-04-06,2023,108,200,4,2,.667,-,-,1,,4,False,-,155
2023-04-07,2023-04-06,2023,140,200,4,2,.667,-,-,2,2,5,False,-,
2023-04-07,2023-04-06,2023,117,200,3,4,.429,1.5,1.5,3,7,10,False,155,
2023-04-07,2023-04-06,2023,133,200,2,4,.333,2.0,2.0,4,9,12,False,155,
2023-04-07,2023-04-06,2023,136,200,2,5,.286,2.5,2.5,5,10,13,False,154,
2023-04-07,2023-04-06,2023,144,204,6,1,.857,-,-,1,,1,False,-,153
2023-04-07,2023-04-06,2023,121,204,3,4,.429,3.0,0.5,2,4,7,False,153,
2023-04-07,2023-04-06,2023,146,204,3,4,.429,3.0,0.5,3,8,11,False,153,
2023-04-07,2023-04-06,2023,143,204,1,5,.167,4.5,2.0,4,11,14,False,152,
2023-04-07,2023-04-06,2023,120,204,1,6,.143,5.0,2.5,5,12,15,False,151,
2023-04-07,2023-04-06,2023,158,205,5,1,.833,-,-,1,,2,False,-,156
2023-04-07,2023-04-06,2023,134,205,4,2,.667,1.0,+1.0,2,1,4,False,156,
2023-04-07,2023-04-06,2023,113,205,3,2,.600,1.5,+0.5,3,2,5,False,156,
2023-04-07,2023-04-06,2023,112,205,2,3,.400,2.5,0.5,4,9,12,False,155,
2023-04-07,2023-04-06,2023,138,205,2,4,.333,3.0,1.0,5,10,13,False,154,
2023-04-07,2023-04-06,2023,119,203,5,2,.714,-,-,1,,3,False,-,155
2023-04-07,2023-04-06,2023,137,203,3,3,.500,1.5,-,2,3,6,False,155,
2023-04-07,2023-04-06,2023,135,203,3,4,.429,2.0,0.5,3,5,8,False,154,
2023-04-07,2023-04-06,2023,109,203,3,4,.429,2.0,0.5,4,6,9,False,154,
2023-04-07,2023-04-06,2023,115,203,3,4,.429,2.0,0.5,5,7,10,False,154,
2023-04-08,2023-04-07,2023,139,201,7,0,1.000,-,-,1,,1,False,-,153
2023-04-08,2023-04-07,2023,141,201,5,3,.625,2.5,+0.5,2,1,3,False,153,
2023-04-08,2023-04-07,2023,110,201,4,3,.571,3.0,-,3,3,5,False,153,
2023-04-08,2023-04-07,2023,147,201,4,3,.571,3.0,-,4,5,7,False,153,
2023-04-08,2023-04-07,2023,111,201,3,4,.429,4.0,1.0,5,6,9,False,152,
2023-04-08,2023-04-07,2023,142,202,5,2,.714,-,-,1,,2,False,-,155
2023-04-08,2023-04-07,2023,114,202,5,3,.625,0.5,+0.5,2,2,4,False,155,
2023-04-08,2023-04-07,2023,145,202,3,5,.375,2.5,1.5,3,7,10,False,153,
2023-04-08,2023-04-07,2023,116,202,2,5,.286,3.0,2.0,4,11,14,False,153,
2023-04-08,2023-04-07,2023,118,202,2,6,.250,3.5,2.5,5,12,15,False,152,
2023-04-08,2023-04-07,2023,108,200,4,3,.571,-,-,1,,8,False,-,154
2023-04-08,2023-04-07,2023,140,200,4,3,.571,-,-,2,4,6,False,-,
2023-04-08,2023-04-07,2023,136,200,3,5,.375,1.5,1.5,3,9,12,False,154,
2023-04-08,2023-04-07,2023,117,200,3,5,.375,1.5,1.5,4,8,11,False,154,
2023-04-08,2023-04-07,2023,133,200,2,5,.286,2.0,2.0,5,10,13,False,154,
2023-04-08,2023-04-07,2023,144,204,6,2,.750,-,-,1,,2,False,-,153
2023-04-08,2023-04-07,2023,121,204,4,4,.500,2.0,-,2,6,9,False,153,
2023-04-08,2023-04-07,2023,146,204,3,5,.375,3.0,1.0,3,9,12,False,152,
2023-04-08,2023-04-07,2023,143,204,2,5,.286,3.5,1.5,4,11,14,False,152,
2023-04-08,2023-04-07,2023,120,204,2,6,.250,4.0,2.0,5,12,15,False,151,
2023-04-08,2023-04-07,2023,158,205,6,1,.857,-,-,1,,1,False,-,155
2023-04-08,2023-04-07,2023,134,205,5,2,.714,1.0,+1.5,2,1,3,False,155,
2023-04-08,2023-04-07,2023,113,205,3,3,.500,2.5,-,3,2,5,False,154,
2023-04-08,2023-04-07,2023,112,205,3,3,.500,2.5,-,4,5,8,False,154,
2023-04-08,2023-04-07,2023,138,205,2,5,.286,4.0,1.5,5,10,13,False,152,
2023-04-08,2023-04-07,2023,119,203,5,3,.625,-,-,1,,4,False,-,154
2023-04-08,2023-04-07,2023,109,203,4,4,.500,1.0,-,2,3,6,False,154,
2023-04-08,2023-04-07,2023,135,203,4,4,.500,1.0,-,3,4,7,False,154,
2023-04-08,2023-04-07,2023,137,203,3,4,.429,1.5,0.5,4,7,10,False,154,
2023-04-08,2023-04-07,2023,115,203,3,5,.375,2.0,1.0,5,8,11,False,153,
2023-04-09,2023-04-08,2023,139,201,8,0,1.000,-,-,1,,1,False,-,152
2023-04-09,2023-04-08,2023,147,201,5,3,.625,3.0,+0.5,2,1,4,False,152,
2023-04-09,2023-04-08,2023,141,201,5,4,.556,3.5,-,3,2,5,False,151,
2023-04-09,2023-04-08,2023,111,201,4,4,.500,4.0,0.5,4,4,7,False,151,
2023-04-09,2023-04-08,2023,110,201,4,4,.500,4.0,0.5,5,5,8,False,151,
2023-04-09,2023-04-08,2023,142,202,6,2,.750,-,-,1,,2,False,-,153
2023-04-09,2023-04-08,2023,114,202,5,4,.556,1.5,-,2,3,6,False,153,
2023-04-09,2023-04-08,2023,145,202,4,5,.444,2.5,1.0,3,8,11,False,152,
2023-04-09,2023-04-08,2023,118,202,3,6,.333,3.5,2.0,4,9,12,False,151,
2023-04-09,2023-04-08,2023,116,202,2,6,.250,4.0,2.5,5,12,15,False,151,
2023-04-09,2023-04-08,2023,108,200,5,3,.625,-,-,1,,3,False,-,154
2023-04-09,2023-04-08,2023,140,200,4,4,.500,1.0,0.5,2,6,9,False,154,
2023-04-09,2023-04-08,2023,136,200,4,5,.444,1.5,1.0,3,7,10,False,153,
2023-04-09,2023-04-08,2023,117,200,3,6,.333,2.5,2.0,4,10,13,False,152,
2023-04-09,2023-04-08,2023,133,200,2,6,.250,3.0,2.5,5,11,14,False,152,
2023-04-09,2023-04-08,2023,144,204,6,3,.667,-,-,1,,2,False,-,153
2023-04-09,2023-04-08,2023,121,204,5,4,.556,1.0,-,2,5,8,False,153,
2023-04-09,2023-04-08,2023,143,204,3,5,.375,2.5,1.5,3,8,11,False,152,
2023-04-09,2023-04-08,2023,120,204,3,6,.333,3.0,2.0,4,10,13,False,151,
2023-04-09,2023-04-08,2023,146,204,3,6,.333,3.0,2.0,5,12,15,False,151,
2023-04-09,2023-04-08,2023,158,205,6,2,.750,-,-,1,,1,False,-,154
2023-04-09,2023-04-08,2023,134,205,5,3,.625,1.0,+0.5,2,1,3,False,154,
2023-04-09,2023-04-08,2023,112,205,4,3,.571,1.5,-,3,2,4,False,154,
2023-04-09,2023-04-08,2023,113,205,3,4,.429,2.5,1.0,4,6,9,False,153,
2023-04-09,2023-04-08,2023,138,205,3,5,.375,3.0,1.5,5,7,10,False,152,
2023-04-09,2023-04-08,2023,109,203,5,4,.556,-,-,1,,5,False,-,153
2023-04-09,2023-04-08,2023,135,203,5,4,.556,-,-,2,3,6,False,-,
2023-04-09,2023-04-08,2023,119,203,5,4,.556,-,-,3,4,7,False,-,
2023-04-09,2023-04-08,2023,137,203,3,5,.375,1.5,1.5,4,9,12,False,153,
2023-04-09,2023-04-08,2023,115,203,3,6,.333,2.0,2.0,5,11,14,False,152,
2023-04-10,2023-04-09,2023,139,201,9,0,1.000,-,-,1,,1,False,-,151
2023-04-10,2023-04-09,2023,147,201,6,3,.667,3.0,+0.5,2,1,3,False,151,
2023-04-10,2023-04-09,2023,141,201,6,4,.600,3.5,-,3,2,4,False,150,
2023-04-10,2023-04-09,2023,111,201,5,4,.556,4.0,0.5,4,4,7,False,150,
2023-04-10,2023-04-09,2023,110,201,4,5,.444,5.0,1.5,5,6,9,False,149,
2023-04-10,2023-04-09,2023,142,202,6,3,.667,-,-,1,,2,False,-,153
2023-04-10,2023-04-09,2023,114,202,6,4,.600,0.5,-,2,3,5,False,153,
2023-04-10,2023-04-09,2023,145,202,4,6,.400,2.5,2.0,3,7,10,False,151,
2023-04-10,2023-04-09,2023,118,202,3,7,.300,3.5,3.0,4,10,13,False,150,
2023-04-10,2023-04-09,2023,116,202,2,7,.222,4.0,3.5,5,12,15,False,150,
2023-04-10,2023-04-09,2023,108,200,5,4,.556,-,-,1,,6,False,-,152
2023-04-10,2023-04-09,2023,140,200,5,4,.556,-,0.5,2,5,8,False,-,
2023-04-10,2023-04-09,2023,136,200,4,6,.400,1.5,2.0,3,9,12,False,152,
2023-04-10,2023-04-09,2023,117,200,4,6,.400,1.5,2.0,4,8,11,False,152,
2023-04-10,2023-04-09,2023,133,200,2,7,.222,3.0,3.5,5,11,14,False,151,
2023-04-10,2023-04-09,2023,144,204,6,4,.600,-,-,1,,5,False,-,152
2023-04-10,2023-04-09,2023,121,204,5,5,.500,1.0,-,2,5,8,False,152,
2023-04-10,2023-04-09,2023,146,204,4,6,.400,2.0,1.0,3,9,12,False,151,
2023-04-10,2023-04-09,2023,143,204,3,6,.333,2.5,1.5,4,11,14,False,151,
2023-04-10,2023-04-09,2023,120,204,3,7,.300,3.0,2.0,5,12,15,False,150,
2023-04-10,2023-04-09,2023,158,205,7,2,.778,-,-,1,,1,False,-,153
2023-04-10,2023-04-09,2023,134,205,6,3,.667,1.0,+1.5,2,1,2,False,153,
2023-04-10,2023-04-09,2023,113,205,4,4,.500,2.5,-,3,3,6,False,152,
2023-04-10,2023-04-09,2023,112,205,4,4,.500,2.5,-,4,4,7,False,152,
2023-04-10,2023-04-09,2023,138,205,3,6,.333,4.0,1.5,5,10,13,False,150,
2023-04-10,2023-04-09,2023,109,203,6,4,.600,-,-,1,,4,False,-,152
2023-04-10,2023-04-09,2023,135,203,6,4,.600,-,+1.0,2,2,3,False,-,
2023-04-10,2023-04-09,2023,119,203,5,5,.500,1.0,-,3,6,9,False,152,
2023-04-10,2023-04-09,2023,137,203,4,5,.444,1.5,0.5,4,7,10,False,152,
2023-04-10,2023-04-09,2023,115,203,4,6,.400,2.0,1.0,5,8,11,False,151,
2023-04-11,2023-04-10,2023,139,201,10,0,1.000,-,-,1,,1,False,-,149
2023-04-11,2023-04-10,2023,147,201,6,4,.600,4.0,-,2,2,4,False,149,
2023-04-11,2023-04-10,2023,141,201,6,4,.600,4.0,-,3,3,5,False,149,
2023-04-11,2023-04-10,2023,111,201,5,5,.500,5.0,1.0,4,4,7,False,148,
2023-04-11,2023-04-10,2023,110,201,5,5,.500,5.0,1.0,5,5,8,False,148,
2023-04-11,2023-04-10,2023,114,202,7,4,.636,-,-,1,,2,False,-,152
2023-04-11,2023-04-10,2023,142,202,6,4,.600,0.5,-,2,1,3,False,152,
2023-04-11,2023-04-10,2023,145,202,5,6,.455,2.0,1.5,3,7,10,False,150,
2023-04-11,2023-04-10,2023,118,202,3,8,.273,4.0,3.5,4,10,13,False,148,
2023-04-11,2023-04-10,2023,116,202,2,7,.222,4.0,3.5,5,11,14,False,149,
2023-04-11,2023-04-10,2023,140,200,6,4,.600,-,-,1,,6,False,-,152
2023-04-11,2023-04-10,2023,108,200,5,5,.500,1.0,1.0,2,6,9,False,152,
2023-04-11,2023-04-10,2023,117,200,5,6,.455,1.5,1.5,3,8,11,False,151,
2023-04-11,2023-04-10,2023,136,200,4,7,.364,2.5,2.5,4,9,12,False,150,
2023-04-11,2023-04-10,2023,133,200,2,8,.200,4.0,4.0,5,12,15,False,149,
2023-04-11,2023-04-10,2023,144,204,7,4,.636,-,-,1,,2,False,-,151
2023-04-11,2023-04-10,2023,121,204,6,5,.545,1.0,-,2,3,6,False,151,
2023-04-11,2023-04-10,2023,143,204,4,6,.400,2.5,1.5,3,8,11,False,150,
2023-04-11,2023-04-10,2023,120,204,4,7,.364,3.0,2.0,4,10,13,False,149,
2023-04-11,2023-04-10,2023,146,204,4,7,.364,3.0,2.0,5,11,14,False,149,
2023-04-11,2023-04-10,2023,158,205,7,3,.700,-,-,1,,1,False,-,152
2023-04-11,2023-04-10,2023,134,205,6,4,.600,1.0,+0.5,2,1,4,False,152,
2023-04-11,2023-04-10,2023,112,205,5,4,.556,1.5,-,3,2,5,False,152,
2023-04-11,2023-04-10,2023,113,205,4,5,.444,2.5,1.0,4,7,10,False,151,
2023-04-11,2023-04-10,2023,138,205,3,7,.300,4.0,2.5,5,12,15,False,149,
2023-04-11,2023-04-10,2023,109,203,7,4,.636,-,-,1,,3,False,-,151
2023-04-11,2023-04-10,2023,119,203,6,5,.545,1.0,-,2,5,8,False,151,
2023-04-11,2023-04-10,2023,135,203,6,5,.545,1.0,-,3,4,7,False,151,
2023-04-11,2023-04-10,2023,115,203,5,6,.455,2.0,1.0,4,6,9,False,150,
2023-04-11,2023-04-10,2023,137,203,4,6,.400,2.5,1.5,5,9,12,False,150,
2023-04-12,2023-04-11,2023,139,201,11,0,1.000,-,-,1,,1,False,-,148
2023-04-12,2023-04-11,2023,147,201,7,4,.636,4.0,+0.5,2,1,3,False,148,
2023-04-12,2023-04-11,2023,141,201,7,4,.636,4.0,+0.5,3,2,4,False,148,
2023-04-12,2023-04-11,2023,110,201,6,5,.545,5.0,0.5,4,5,8,False,147,
2023-04-12,2023-04-11,2023,111,201,5,6,.455,6.0,1.5,5,6,9,False,146,
2023-04-12,2023-04-11,2023,142,202,7,4,.636,-,-,1,,2,False,-,151
2023-04-12,2023-04-11,2023,114,202,7,5,.583,0.5,-,2,3,6,False,151,
2023-04-12,2023-04-11,2023,145,202,5,7,.417,2.5,2.0,3,7,10,False,149,
2023-04-12,2023-04-11,2023,118,202,3,9,.250,4.5,4.0,4,10,13,False,147,
2023-04-12,2023-04-11,2023,116,202,2,8,.200,4.5,4.0,5,11,14,False,148,
2023-04-12,2023-04-11,2023,140,200,7,4,.636,-,-,1,,5,False,-,151
2023-04-12,2023-04-11,2023,108,200,6,5,.545,1.0,0.5,2,4,7,False,151,
2023-04-12,2023-04-11,2023,117,200,5,7,.417,2.5,2.0,3,8,11,False,149,
2023-04-12,2023-04-11,2023,136,200,4,8,.333,3.5,3.0,4,9,12,False,148,
2023-04-12,2023-04-11,2023,133,200,2,9,.182,5.0,4.5,5,12,15,False,147,
2023-04-12,2023-04-11,2023,144,204,8,4,.667,-,-,1,,2,False,-,149
2023-04-12,2023-04-11,2023,121,204,6,6,.500,2.0,1.0,2,4,7,False,149,
2023-04-12,2023-04-11,2023,146,204,5,7,.417,3.0,2.0,3,8,11,False,148,
2023-04-12,2023-04-11,2023,143,204,4,7,.364,3.5,2.5,4,10,13,False,148,
2023-04-12,2023-04-11,2023,120,204,4,8,.333,4.0,3.0,5,12,15,False,147,
2023-04-12,2023-04-11,2023,158,205,8,3,.727,-,-,1,,1,False,-,151
2023-04-12,2023-04-11,2023,134,205,7,4,.636,1.0,+0.5,2,1,3,False,151,
2023-04-12,2023-04-11,2023,112,205,6,4,.600,1.5,-,3,2,4,False,151,
2023-04-12,2023-04-11,2023,113,205,4,6,.400,3.5,2.0,4,9,12,False,149,
2023-04-12,2023-04-11,2023,138,205,4,7,.364,4.0,2.5,5,11,14,False,148,
2023-04-12,2023-04-11,2023,109,203,7,5,.583,-,-,1,,5,False,-,150
2023-04-12,2023-04-11,2023,135,203,7,5,.583,-,-,2,3,6,False,-,
2023-04-12,2023-04-11,2023,119,203,6,6,.500,1.0,1.0,3,5,8,False,150,
2023-04-12,2023-04-11,2023,137,203,5,6,.455,1.5,1.5,4,6,9,False,150,
2023-04-12,2023-04-11,2023,115,203,5,7,.417,2.0,2.0,5,7,10,False,149,
2023-04-13,2023-04-12,2023,139,201,12,0,1.000,-,-,1,,1,False,-,147
2023-04-13,2023-04-12,2023,147,201,8,4,.667,4.0,+1.0,2,1,3,False,147,
2023-04-13,2023-04-12,2023,141,201,8,4,.667,4.0,+1.0,3,2,4,False,147,
2023-04-13,2023-04-12,2023,110,201,6,6,.500,6.0,1.0,4,5,8,False,145,
2023-04-13,2023-04-12,2023,111,201,5,7,.417,7.0,2.0,5,7,10,False,144,
2023-04-13,2023-04-12,2023,142,202,8,4,.667,-,-,1,,2,False,-,149
2023-04-13,2023-04-12,2023,114,202,7,6,.538,1.5,0.5,2,4,7,False,149,
2023-04-13,2023-04-12,2023,145,202,5,8,.385,3.5,2.5,3,8,11,False,147,
2023-04-13,2023-04-12,2023,118,202,4,9,.308,4.5,3.5,4,10,13,False,146,
2023-04-13,2023-04-12,2023,116,202,2,9,.182,5.5,4.5,5,12,15,False,146,
2023-04-13,2023-04-12,2023,108,200,7,5,.583,-,-,1,,5,False,-,149
2023-04-13,2023-04-12,2023,140,200,7,5,.583,-,-,2,3,6,False,-,
2023-04-13,2023-04-12,2023,117,200,6,7,.462,1.5,1.5,3,6,9,False,149,
2023-04-13,2023-04-12,2023,136,200,5,8,.385,2.5,2.5,4,9,12,False,148,
2023-04-13,2023-04-12,2023,133,200,3,9,.250,4.0,4.0,5,11,14,False,147,
2023-04-13,2023-04-12,2023,144,204,9,4,.692,-,-,1,,1,False,-,148
2023-04-13,2023-04-12,2023,121,204,7,6,.538,2.0,-,2,3,6,False,148,
2023-04-13,2023-04-12,2023,146,204,6,7,.462,3.0,1.0,3,6,9,False,147,
2023-04-13,2023-04-12,2023,143,204,4,8,.333,4.5,2.5,4,11,14,False,146,
2023-04-13,2023-04-12,2023,120,204,4,9,.308,5.0,3.0,5,12,15,False,145,
2023-04-13,2023-04-12,2023,158,205,8,4,.667,-,-,1,,2,False,-,150
2023-04-13,2023-04-12,2023,134,205,7,5,.583,1.0,+0.5,2,1,4,False,150,
2023-04-13,2023-04-12,2023,112,205,6,5,.545,1.5,-,3,2,5,False,150,
2023-04-13,2023-04-12,2023,138,205,5,7,.417,3.0,1.5,4,8,11,False,148,
2023-04-13,2023-04-12,2023,113,205,4,7,.364,3.5,2.0,5,10,13,False,148,
2023-04-13,2023-04-12,2023,109,203,8,5,.615,-,-,1,,3,False,-,149
2023-04-13,2023-04-12,2023,119,203,7,6,.538,1.0,-,2,5,8,False,149,
2023-04-13,2023-04-12,2023,135,203,7,6,.538,1.0,-,3,4,7,False,149,
2023-04-13,2023-04-12,2023,137,203,5,7,.417,2.5,1.5,4,7,10,False,148,
2023-04-13,2023-04-12,2023,115,203,5,8,.385,3.0,2.0,5,9,12,False,147,
2023-04-14,2023-04-13,2023,139,201,13,0,1.000,-,-,1,,1,False,-,145
2023-04-14,2023-04-13,2023,147,201,8,5,.615,5.0,+0.5,2,1,3,False,145,
2023-04-14,2023-04-13,2023,141,201,8,5,.615,5.0,+0.5,3,2,4,False,145,
2023-04-14,2023-04-13,2023,110,201,7,6,.538,6.0,0.5,4,4,7,False,144,
2023-04-14,2023-04-13,2023,111,201,5,8,.385,8.0,2.5,5,9,12,False,142,
2023-04-14,2023-04-13,2023,142,202,9,4,.692,-,-,1,,2,False,-,148
2023-04-14,2023-04-13,2023,114,202,7,6,.538,2.0,0.5,2,5,8,False,148,
2023-04-14,2023-04-13,2023,145,202,5,8,.385,4.0,2.5,3,7,10,False,146,
2023-04-14,2023-04-13,2023,118,202,4,9,.308,5.0,3.5,4,10,13,False,145,
2023-04-14,2023-04-13,2023,116,202,3,9,.250,5.5,4.0,5,11,14,False,145,
2023-04-14,2023-04-13,2023,108,200,7,5,.583,-,-,1,,5,False,-,149
2023-04-14,2023-04-13,2023,140,200,7,5,.583,-,-,2,3,6,False,-,
2023-04-14,2023-04-13,2023,117,200,6,7,.462,1.5,1.5,3,6,9,False,149,
2023-04-14,2023-04-13,2023,136,200,5,8,.385,2.5,2.5,4,8,11,False,148,
2023-04-14,2023-04-13,2023,133,200,3,10,.231,4.5,4.5,5,12,15,False,146,
2023-04-14,2023-04-13,2023,144,204,9,4,.692,-,-,1,,2,False,-,148
2023-04-14,2023-04-13,2023,121,204,7,6,.538,2.0,-,2,3,6,False,148,
2023-04-14,2023-04-13,2023,146,204,6,7,.462,3.0,1.0,3,6,9,False,147,
2023-04-14,2023-04-13,2023,143,204,4,9,.308,5.0,3.0,4,11,14,False,145,
2023-04-14,2023-04-13,2023,120,204,4,9,.308,5.0,3.0,5,12,15,False,145,
2023-04-14,2023-04-13,2023,158,205,9,4,.692,-,-,1,,1,False,-,149
2023-04-14,2023-04-13,2023,134,205,8,5,.615,1.0,+1.0,2,1,4,False,149,
2023-04-14,2023-04-13,2023,112,205,6,5,.545,2.0,-,3,2,5,False,149,
2023-04-14,2023-04-13,2023,113,205,5,7,.417,3.5,1.5,4,7,10,False,147,
2023-04-14,2023-04-13,2023,138,205,5,8,.385,4.0,2.0,5,9,12,False,146,
2023-04-14,2023-04-13,2023,109,203,8,5,.615,-,-,1,,3,False,-,149
2023-04-14,2023-04-13,2023,119,203,7,6,.538,1.0,-,2,4,7,False,149,
2023-04-14,2023-04-13,2023,135,203,7,7,.500,1.5,0.5,3,5,8,False,148,
2023-04-14,2023-04-13,2023,137,203,5,7,.417,2.5,1.5,4,8,11,False,148,
2023-04-14,2023-04-13,2023,115,203,5,8,.385,3.0,2.0,5,10,13,False,147,
2023-04-15,2023-04-14,2023,139,201,13,1,.929,-,-,1,,1,False,-,145
2023-04-15,2023-04-14,2023,141,201,9,5,.643,4.0,+1.0,2,1,3,False,145,
2023-04-15,2023-04-14,2023,147,201,8,6,.571,5.0,-,3,2,5,False,144,
2023-04-15,2023-04-14,2023,110,201,8,6,.571,5.0,-,4,3,6,False,144,
2023-04-15,2023-04-14,2023,111,201,6,8,.429,7.0,2.0,5,7,10,False,142,
2023-04-15,2023-04-14,2023,142,202,10,4,.714,-,-,1,,2,False,-,147
2023-04-15,2023-04-14,2023,114,202,8,6,.571,2.0,-,2,4,7,False,147,
2023-04-15,2023-04-14,2023,145,202,5,9,.357,5.0,3.0,3,9,12,False,144,
2023-04-15,2023-04-14,2023,116,202,4,9,.308,5.5,3.5,4,10,13,False,144,
2023-04-15,2023-04-14,2023,118,202,4,10,.286,6.0,4.0,5,11,14,False,143,
2023-04-15,2023-04-14,2023,140,200,8,5,.615,-,-,1,,4,False,-,149
2023-04-15,2023-04-14,2023,108,200,7,6,.538,1.0,0.5,2,5,8,False,149,
2023-04-15,2023-04-14,2023,136,200,6,8,.429,2.5,2.0,3,6,9,False,147,
2023-04-15,2023-04-14,2023,117,200,6,8,.429,2.5,2.0,4,8,11,False,147,
2023-04-15,2023-04-14,2023,133,200,3,11,.214,5.5,5.0,5,12,15,False,144,
2023-04-15,2023-04-14,2023,144,204,10,4,.714,-,-,1,,2,False,-,147
2023-04-15,2023-04-14,2023,121,204,8,6,.571,2.0,-,2,2,4,False,147,
2023-04-15,2023-04-14,2023,146,204,7,7,.500,3.0,1.0,3,5,8,False,146,
2023-04-15,2023-04-14,2023,143,204,5,9,.357,5.0,3.0,4,10,13,False,144,
2023-04-15,2023-04-14,2023,120,204,4,10,.286,6.0,4.0,5,12,15,False,143,
2023-04-15,2023-04-14,2023,158,205,10,4,.714,-,-,1,,1,False,-,148
2023-04-15,2023-04-14,2023,112,205,7,5,.583,2.0,-,2,1,3,False,148,
2023-04-15,2023-04-14,2023,134,205,8,6,.571,2.0,-,3,3,6,False,147,
2023-04-15,2023-04-14,2023,138,205,6,8,.429,4.0,2.0,4,7,10,False,145,
2023-04-15,2023-04-14,2023,113,205,5,8,.385,4.5,2.5,5,8,11,False,145,
2023-04-15,2023-04-14,2023,109,203,8,6,.571,-,-,1,,5,False,-,148
2023-04-15,2023-04-14,2023,119,203,7,7,.500,1.0,1.0,2,4,7,False,148,
2023-04-15,2023-04-14,2023,135,203,7,8,.467,1.5,1.5,3,6,9,False,147,
2023-04-15,2023-04-14,2023,137,203,5,8,.385,2.5,2.5,4,9,12,False,147,
2023-04-15,2023-04-14,2023,115,203,5,9,.357,3.0,3.0,5,11,14,False,146,
2023-04-16,2023-04-15,2023,139,201,13,2,.867,-,-,1,,1,False,-,145
2023-04-16,2023-04-15,2023,141,201,10,5,.667,3.0,+1.0,2,1,2,False,145,
2023-04-16,2023-04-15,2023,147,201,9,6,.600,4.0,-,3,2,4,False,144,
2023-04-16,2023-04-15,2023,110,201,8,7,.533,5.0,1.0,4,4,7,False,143,
2023-04-16,2023-04-15,2023,111,201,7,8,.467,6.0,2.0,5,8,11,False,142,
2023-04-16,2023-04-15,2023,142,202,10,5,.667,-,-,1,,3,False,-,147
2023-04-16,2023-04-15,2023,114,202,9,6,.600,1.0,-,2,3,5,False,147,
2023-04-16,2023-04-15,2023,145,202,6,9,.400,4.0,3.0,3,9,12,False,144,
2023-04-16,2023-04-15,2023,116,202,5,9,.357,4.5,3.5,4,10,13,False,144,
2023-04-16,2023-04-15,2023,118,202,4,11,.267,6.0,5.0,5,11,14,False,142,
2023-04-16,2023-04-15,2023,140,200,8,6,.571,-,-,1,,6,False,-,148
2023-04-16,2023-04-15,2023,108,200,7,7,.500,1.0,1.5,2,5,8,False,148,
2023-04-16,2023-04-15,2023,117,200,7,8,.467,1.5,2.0,3,6,9,False,147,
2023-04-16,2023-04-15,2023,136,200,7,8,.467,1.5,2.0,4,7,10,False,147,
2023-04-16,2023-04-15,2023,133,200,3,12,.200,5.5,6.0,5,12,15,False,143,
2023-04-16,2023-04-15,2023,144,204,11,4,.733,-,-,1,,1,False,-,146
2023-04-16,2023-04-15,2023,121,204,9,6,.600,2.0,+1.0,2,1,3,False,146,
2023-04-16,2023-04-15,2023,146,204,8,7,.533,3.0,-,3,4,6,False,145,
2023-04-16,2023-04-15,2023,143,204,5,10,.333,6.0,3.0,4,10,13,False,142,
2023-04-16,2023-04-15,2023,120,204,4,11,.267,7.0,4.0,5,12,15,False,141,
2023-04-16,2023-04-15,2023,158,205,10,5,.667,-,-,1,,2,False,-,147
2023-04-16,2023-04-15,2023,134,205,9,6,.600,1.0,+1.0,2,2,4,False,147,
2023-04-16,2023-04-15,2023,112,205,7,6,.538,2.0,-,3,3,5,False,147,
2023-04-16,2023-04-15,2023,113,205,6,8,.429,3.5,1.5,4,7,10,False,145,
2023-04-16,2023-04-15,2023,138,205,6,9,.400,4.0,2.0,5,8,11,False,144,
2023-04-16,2023-04-15,2023,109,203,8,7,.533,-,-,1,,7,False,-,147
2023-04-16,2023-04-15,2023,119,203,8,7,.533,-,-,2,5,8,False,-,
2023-04-16,2023-04-15,2023,135,203,8,8,.500,0.5,0.5,3,6,9,False,147,
2023-04-16,2023-04-15,2023,137,203,5,9,.357,2.5,2.5,4,9,12,False,146,
2023-04-16,2023-04-15,2023,115,203,5,10,.333,3.0,3.0,5,11,14,False,145,
2023-04-17,2023-04-16,2023,139,201,14,2,.875,-,-,1,,1,False,-,143
2023-04-17,2023-04-16,2023,141,201,10,6,.625,4.0,+1.0,2,2,4,False,143,
2023-04-17,2023-04-16,2023,147,201,10,6,.625,4.0,+1.0,3,1,3,False,143,
2023-04-17,2023-04-16,2023,110,201,9,7,.563,5.0,-,4,3,6,False,142,
2023-04-17,2023-04-16,2023,111,201,8,8,.500,6.0,1.0,5,6,9,False,141,
2023-04-17,2023-04-16,2023,142,202,10,6,.625,-,-,1,,2,False,-,146
2023-04-17,2023-04-16,2023,114,202,9,7,.563,1.0,-,2,4,7,False,146,
2023-04-17,2023-04-16,2023,145,202,6,10,.375,4.0,3.0,3,9,12,False,143,
2023-04-17,2023-04-16,2023,116,202,5,9,.357,4.0,3.0,4,10,13,False,144,
2023-04-17,2023-04-16,2023,118,202,4,12,.250,6.0,5.0,5,11,14,False,141,
2023-04-17,2023-04-16,2023,140,200,9,6,.600,-,-,1,,5,False,-,146
2023-04-17,2023-04-16,2023,136,200,8,8,.500,1.5,1.0,2,5,8,False,146,
2023-04-17,2023-04-16,2023,108,200,7,8,.467,2.0,1.5,3,7,10,False,146,
2023-04-17,2023-04-16,2023,117,200,7,9,.438,2.5,2.0,4,8,11,False,145,
2023-04-17,2023-04-16,2023,133,200,3,13,.188,6.5,6.0,5,12,15,False,141,
2023-04-17,2023-04-16,2023,144,204,12,4,.750,-,-,1,,1,False,-,145
2023-04-17,2023-04-16,2023,121,204,10,6,.625,2.0,+1.0,2,1,3,False,145,
2023-04-17,2023-04-16,2023,146,204,8,8,.500,4.0,1.0,3,5,8,False,143,
2023-04-17,2023-04-16,2023,143,204,6,10,.375,6.0,3.0,4,9,12,False,141,
2023-04-17,2023-04-16,2023,120,204,5,11,.313,7.0,4.0,5,11,14,False,140,
2023-04-17,2023-04-16,2023,158,205,11,5,.688,-,-,1,,2,False,-,146
2023-04-17,2023-04-16,2023,112,205,8,6,.571,2.0,-,2,2,4,False,146,
2023-04-17,2023-04-16,2023,134,205,9,7,.563,2.0,-,3,3,6,False,145,
2023-04-17,2023-04-16,2023,138,205,7,9,.438,4.0,2.0,4,7,10,False,143,
2023-04-17,2023-04-16,2023,113,205,6,9,.400,4.5,2.5,5,8,11,False,143,
2023-04-17,2023-04-16,2023,109,203,9,7,.563,-,-,1,,5,False,-,146
2023-04-17,2023-04-16,2023,119,203,8,8,.500,1.0,1.0,2,4,7,False,146,
2023-04-17,2023-04-16,2023,135,203,8,9,.471,1.5,1.5,3,6,9,False,145,
2023-04-17,2023-04-16,2023,137,203,5,9,.357,3.0,3.0,4,10,13,False,145,
2023-04-17,2023-04-16,2023,115,203,5,11,.313,4.0,4.0,5,12,15,False,143,
2023-04-18,2023-04-17,2023,139,201,14,3,.824,-,-,1,,1,False,-,143
2023-04-18,2023-04-17,2023,147,201,10,6,.625,3.5,+1.0,2,1,3,False,143,
2023-04-18,2023-04-17,2023,141,201,10,7,.588,4.0,+0.5,3,2,5,False,142,
2023-04-18,2023-04-17,2023,110,201,9,7,.563,4.5,-,4,3,6,False,142,
2023-04-18,2023-04-17,2023,111,201,8,9,.471,6.0,1.5,5,8,11,False,140,
2023-04-18,2023-04-17,2023,142,202,10,6,.625,-,-,1,,2,False,-,146
2023-04-18,2023-04-17,2023,114,202,9,7,.563,1.0,-,2,4,7,False,146,
2023-04-18,2023-04-17,2023,145,202,6,10,.375,4.0,3.0,3,9,12,False,143,
2023-04-18,2023-04-17,2023,116,202,5,9,.357,4.0,3.0,4,10,13,False,144,
2023-04-18,2023-04-17,2023,118,202,4,13,.235,6.5,5.5,5,11,14,False,140,
2023-04-18,2023-04-17,2023,140,200,10,6,.625,-,-,1,,4,False,-,145
2023-04-18,2023-04-17,2023,108,200,8,8,.500,2.0,1.0,2,5,8,False,145,
2023-04-18,2023-04-17,2023,117,200,8,9,.471,2.5,1.5,3,6,9,False,144,
2023-04-18,2023-04-17,2023,136,200,8,9,.471,2.5,1.5,4,7,10,False,144,
2023-04-18,2023-04-17,2023,133,200,3,14,.176,7.5,6.5,5,12,15,False,139,
2023-04-18,2023-04-17,2023,144,204,13,4,.765,-,-,1,,1,False,-,144
2023-04-18,2023-04-17,2023,121,204,11,6,.647,2.0,+1.0,2,1,3,False,144,
2023-04-18,2023-04-17,2023,146,204,9,8,.529,4.0,1.0,3,4,7,False,142,
2023-04-18,2023-04-17,2023,143,204,6,10,.375,6.5,3.5,4,9,12,False,140,
2023-04-18,2023-04-17,2023,120,204,5,11,.313,7.5,4.5,5,11,14,False,139,
2023-04-18,2023-04-17,2023,158,205,12,5,.706,-,-,1,,2,False,-,145
2023-04-18,2023-04-17,2023,112,205,9,6,.600,2.0,-,2,2,4,False,145,
2023-04-18,2023-04-17,2023,134,205,10,7,.588,2.0,-,3,3,6,False,144,
2023-04-18,2023-04-17,2023,113,205,7,9,.438,4.5,2.5,4,7,10,False,142,
2023-04-18,2023-04-17,2023,138,205,7,10,.412,5.0,3.0,5,8,11,False,141,
2023-04-18,2023-04-17,2023,109,203,10,7,.588,-,-,1,,5,False,-,144
2023-04-18,2023-04-17,2023,119,203,8,9,.471,2.0,2.0,2,5,8,False,144,
2023-04-18,2023-04-17,2023,135,203,8,10,.444,2.5,2.5,3,6,9,False,143,
2023-04-18,2023-04-17,2023,137,203,5,10,.333,4.0,4.0,4,10,13,False,143,
2023-04-18,2023-04-17,2023,115,203,5,12,.294,5.0,5.0,5,12,15,False,141,
2023-04-19,2023-04-18,2023,139,201,15,3,.833,-,-,1,,1,False,-,141
2023-04-19,2023-04-18,2023,141,201,11,7,.611,4.0,+0.5,2,1,3,False,141,
2023-04-19,2023-04-18,2023,147,201,10,7,.588,4.5,-,3,2,4,False,141,
2023-04-19,2023-04-18,2023,110,201,10,7,.588,4.5,-,4,3,6,False,141,
2023-04-19,2023-04-18,2023,111,201,9,9,.500,6.0,1.5,5,5,8,False,139,
2023-04-19,2023-04-18,2023,142,202,10,7,.588,-,-,1,,5,False,-,144
2023-04-19,2023-04-18,2023,114,202,9,9,.500,1.5,1.5,2,6,9,False,144,
2023-04-19,2023-04-18,2023,116,202,7,9,.438,2.5,2.5,3,9,12,False,144,
2023-04-19,2023-04-18,2023,145,202,7,11,.389,3.5,3.5,4,10,13,False,142,
2023-04-19,2023-04-18,2023,118,202,4,14,.222,6.5,6.5,5,11,14,False,139,
2023-04-19,2023-04-18,2023,140,200,11,6,.647,-,-,1,,2,False,-,144
2023-04-19,2023-04-18,2023,108,200,9,8,.529,2.0,1.0,2,4,7,False,144,
2023-04-19,2023-04-18,2023,136,200,8,10,.444,3.5,2.5,3,7,10,False,142,
2023-04-19,2023-04-18,2023,117,200,8,10,.444,3.5,2.5,4,8,11,False,142,
2023-04-19,2023-04-18,2023,133,200,3,15,.167,8.5,7.5,5,12,15,False,137,
2023-04-19,2023-04-18,2023,144,204,14,4,.778,-,-,1,,1,False,-,142
2023-04-19,2023-04-18,2023,121,204,11,7,.611,3.0,-,2,2,4,False,142,
2023-04-19,2023-04-18,2023,146,204,10,8,.556,4.0,1.0,3,4,7,False,141,
2023-04-19,2023-04-18,2023,143,204,7,11,.389,7.0,4.0,4,9,12,False,138,
2023-04-19,2023-04-18,2023,120,204,5,12,.294,8.5,5.5,5,11,14,False,137,
2023-04-19,2023-04-18,2023,158,205,13,5,.722,-,-,1,,2,False,-,144
2023-04-19,2023-04-18,2023,112,205,10,6,.625,2.0,-,2,1,3,False,144,
2023-04-19,2023-04-18,2023,134,205,11,7,.611,2.0,-,3,3,6,False,143,
2023-04-19,2023-04-18,2023,113,205,7,10,.412,5.5,3.5,4,7,10,False,140,
2023-04-19,2023-04-18,2023,138,205,7,11,.389,6.0,4.0,5,8,11,False,139,
2023-04-19,2023-04-18,2023,109,203,11,7,.611,-,-,1,,5,False,-,143
2023-04-19,2023-04-18,2023,119,203,9,9,.500,2.0,2.0,2,5,8,False,143,
2023-04-19,2023-04-18,2023,135,203,8,11,.421,3.5,3.5,3,6,9,False,141,
2023-04-19,2023-04-18,2023,137,203,5,11,.313,5.0,5.0,4,10,13,False,141,
2023-04-19,2023-04-18,2023,115,203,5,13,.278,6.0,6.0,5,12,15,False,139,
2023-04-20,2023-04-19,2023,139,201,16,3,.842,-,-,1,,1,False,-,140
2023-04-20,2023-04-19,2023,147,201,11,7,.611,4.5,+0.5,2,1,3,False,140,
2023-04-20,2023-04-19,2023,110,201,11,7,.611,4.5,+0.5,3,2,5,False,140,
2023-04-20,2023-04-19,2023,141,201,11,8,.579,5.0,-,4,3,6,False,139,
2023-04-20,2023-04-19,2023,111,201,9,10,.474,7.0,2.0,5,7,10,False,137,
2023-04-20,2023-04-19,2023,142,202,11,7,.611,-,-,1,,4,False,-,143
2023-04-20,2023-04-19,2023,114,202,10,9,.526,1.5,1.0,2,4,7,False,143,
2023-04-20,2023-04-19,2023,116,202,7,10,.412,3.5,3.0,3,9,12,False,142,
2023-04-20,2023-04-19,2023,145,202,7,12,.368,4.5,4.0,4,10,13,False,140,
2023-04-20,2023-04-19,2023,118,202,4,15,.211,7.5,7.0,5,11,14,False,137,
2023-04-20,2023-04-19,2023,140,200,12,6,.667,-,-,1,,2,False,-,142
2023-04-20,2023-04-19,2023,108,200,9,9,.500,3.0,1.5,2,5,8,False,142,
2023-04-20,2023-04-19,2023,117,200,9,10,.474,3.5,2.0,3,6,9,False,141,
2023-04-20,2023-04-19,2023,136,200,8,11,.421,4.5,3.0,4,8,11,False,140,
2023-04-20,2023-04-19,2023,133,200,3,16,.158,9.5,8.0,5,12,15,False,135,
2023-04-20,2023-04-19,2023,144,204,14,5,.737,-,-,1,,2,False,-,142
2023-04-20,2023-04-19,2023,121,204,12,7,.632,2.0,-,2,2,4,False,142,
2023-04-20,2023-04-19,2023,146,204,10,9,.526,4.0,2.0,3,4,7,False,140,
2023-04-20,2023-04-19,2023,143,204,8,11,.421,6.0,4.0,4,8,11,False,138,
2023-04-20,2023-04-19,2023,120,204,5,13,.278,8.5,6.5,5,11,14,False,136,
2023-04-20,2023-04-19,2023,158,205,14,5,.737,-,-,1,,1,False,-,143
2023-04-20,2023-04-19,2023,112,205,11,6,.647,2.0,-,2,1,3,False,143,
2023-04-20,2023-04-19,2023,134,205,12,7,.632,2.0,-,3,3,5,False,142,
2023-04-20,2023-04-19,2023,138,205,8,11,.421,6.0,4.0,4,7,10,False,138,
2023-04-20,2023-04-19,2023,113,205,7,11,.389,6.5,4.5,5,9,12,False,138,
2023-04-20,2023-04-19,2023,109,203,11,8,.579,-,-,1,,6,False,-,142
2023-04-20,2023-04-19,2023,119,203,9,10,.474,2.0,3.0,2,5,8,False,142,
2023-04-20,2023-04-19,2023,135,203,9,11,.450,2.5,3.5,3,6,9,False,141,
2023-04-20,2023-04-19,2023,137,203,6,11,.353,4.0,5.0,4,10,13,False,141,
2023-04-20,2023-04-19,2023,115,203,5,14,.263,6.0,7.0,5,12,15,False,138,
2023-04-21,2023-04-20,2023,139,201,16,3,.842,-,-,1,,1,False,-,140
2023-04-21,2023-04-20,2023,147,201,12,7,.632,4.0,+1.0,2,1,3,False,140,
2023-04-21,2023-04-20,2023,110,201,11,7,.611,4.5,+0.5,3,2,4,False,140,
2023-04-21,2023-04-20,2023,141,201,11,8,.579,5.0,-,4,3,6,False,139,
2023-04-21,2023-04-20,2023,111,201,10,10,.500,6.5,1.5,5,5,8,False,137,
2023-04-21,2023-04-20,2023,142,202,11,8,.579,-,-,1,,5,False,-,143
2023-04-21,2023-04-20,2023,114,202,10,9,.526,1.0,1.0,2,4,7,False,143,
2023-04-21,2023-04-20,2023,116,202,7,10,.412,3.0,3.0,3,9,12,False,142,
2023-04-21,2023-04-20,2023,145,202,7,12,.368,4.0,4.0,4,10,13,False,140,
2023-04-21,2023-04-20,2023,118,202,4,15,.211,7.0,7.0,5,11,14,False,137,
2023-04-21,2023-04-20,2023,140,200,12,6,.667,-,-,1,,2,False,-,141
2023-04-21,2023-04-20,2023,108,200,9,10,.474,3.5,2.0,2,6,9,False,141,
2023-04-21,2023-04-20,2023,117,200,9,10,.474,3.5,2.0,3,7,10,False,141,
2023-04-21,2023-04-20,2023,136,200,8,11,.421,4.5,3.0,4,8,11,False,140,
2023-04-21,2023-04-20,2023,133,200,3,16,.158,9.5,8.0,5,12,15,False,135,
2023-04-21,2023-04-20,2023,144,204,14,5,.737,-,-,1,,2,False,-,142
2023-04-21,2023-04-20,2023,121,204,13,7,.650,1.5,+1.0,2,1,3,False,142,
2023-04-21,2023-04-20,2023,146,204,10,9,.526,4.0,1.5,3,4,7,False,140,
2023-04-21,2023-04-20,2023,143,204,8,12,.400,6.5,4.0,4,8,11,False,137,
2023-04-21,2023-04-20,2023,120,204,5,13,.278,8.5,6.0,5,12,15,False,136,
2023-04-21,2023-04-20,2023,158,205,14,5,.737,-,-,1,,1,False,-,142
2023-04-21,2023-04-20,2023,134,205,13,7,.650,1.5,+1.0,2,2,4,False,142,
2023-04-21,2023-04-20,2023,112,205,11,7,.611,2.5,-,3,3,5,False,142,
2023-04-21,2023-04-20,2023,138,205,8,11,.421,6.0,3.5,4,7,10,False,138,
2023-04-21,2023-04-20,2023,113,205,7,12,.368,7.0,4.5,5,9,12,False,137,
2023-04-21,2023-04-20,2023,109,203,11,9,.550,-,-,1,,6,False,-,142
2023-04-21,2023-04-20,2023,119,203,10,10,.500,1.0,2.0,2,5,8,False,142,
2023-04-21,2023-04-20,2023,135,203,10,11,.476,1.5,2.5,3,6,9,False,141,
2023-04-21,2023-04-20,2023,137,203,6,12,.333,4.0,5.0,4,10,13,False,140,
2023-04-21,2023-04-20,2023,115,203,6,14,.300,5.0,6.0,5,11,14,False,138,
2023-04-22,2023-04-21,2023,139,201,17,3,.850,-,-,1,,1,False,-,139
2023-04-22,2023-04-21,2023,110,201,12,7,.632,4.5,+0.5,2,1,2,False,139,
2023-04-22,2023-04-21,2023,141,201,12,8,.600,5.0,-,3,2,4,False,138,
2023-04-22,2023-04-21,2023,147,201,12,8,.600,5.0,-,4,3,5,False,138,
2023-04-22,2023-04-21,2023,111,201,11,10,.524,6.5,1.5,5,5,8,False,136,
2023-04-22,2023-04-21,2023,142,202,11,9,.550,-,-,1,,6,False,-,143
2023-04-22,2023-04-21,2023,114,202,10,9,.526,0.5,1.5,2,4,7,False,143,
2023-04-22,2023-04-21,2023,116,202,7,11,.389,3.0,4.0,3,9,12,False,141,
2023-04-22,2023-04-21,2023,145,202,7,13,.350,4.0,5.0,4,10,13,False,139,
2023-04-22,2023-04-21,2023,118,202,4,16,.200,7.0,8.0,5,12,15,False,136,
2023-04-22,2023-04-21,2023,140,200,12,7,.632,-,-,1,,3,False,-,141
2023-04-22,2023-04-21,2023,108,200,10,10,.500,2.5,2.0,2,6,9,False,141,
2023-04-22,2023-04-21,2023,117,200,10,10,.500,2.5,2.0,3,7,10,False,141,
2023-04-22,2023-04-21,2023,136,200,9,11,.450,3.5,3.0,4,8,11,False,140,
2023-04-22,2023-04-21,2023,133,200,4,16,.200,8.5,8.0,5,11,14,False,135,
2023-04-22,2023-04-21,2023,144,204,14,6,.700,-,-,1,,2,False,-,142
2023-04-22,2023-04-21,2023,121,204,14,7,.667,0.5,+1.0,2,1,3,False,142,
2023-04-22,2023-04-21,2023,146,204,10,9,.526,3.5,2.0,3,4,7,False,140,
2023-04-22,2023-04-21,2023,143,204,9,12,.429,5.5,4.0,4,7,10,False,137,
2023-04-22,2023-04-21,2023,120,204,6,13,.316,7.5,6.0,5,10,13,False,136,
2023-04-22,2023-04-21,2023,158,205,14,6,.700,-,-,1,,1,False,-,142
2023-04-22,2023-04-21,2023,134,205,14,7,.667,0.5,+1.0,2,2,4,False,142,
2023-04-22,2023-04-21,2023,112,205,12,7,.632,1.5,-,3,3,5,False,142,
2023-04-22,2023-04-21,2023,138,205,8,12,.400,6.0,4.5,4,8,11,False,137,
2023-04-22,2023-04-21,2023,113,205,7,13,.350,7.0,5.5,5,9,12,False,136,
2023-04-22,2023-04-21,2023,109,203,12,9,.571,-,-,1,,6,False,-,140
2023-04-22,2023-04-21,2023,119,203,10,11,.476,2.0,3.0,2,5,8,False,140,
2023-04-22,2023-04-21,2023,135,203,10,12,.455,2.5,3.5,3,6,9,False,139,
2023-04-22,2023-04-21,2023,137,203,6,13,.316,5.0,6.0,4,11,14,False,138,
2023-04-22,2023-04-21,2023,115,203,6,15,.286,6.0,7.0,5,12,15,False,136,
2023-04-23,2023-04-22,2023,139,201,18,3,.857,-,-,1,,1,False,-,138
2023-04-23,2023-04-22,2023,110,201,13,7,.650,4.5,+1.5,2,1,2,False,138,
2023-04-23,2023-04-22,2023,147,201,13,8,.619,5.0,+1.0,3,2,4,False,137,
2023-04-23,2023-04-22,2023,141,201,12,9,.571,6.0,-,4,3,5,False,136,
2023-04-23,2023-04-22,2023,111,201,11,11,.500,7.5,1.5,5,5,8,False,134,
2023-04-23,2023-04-22,2023,142,202,11,10,.524,-,-,1,,6,False,-,141
2023-04-23,2023-04-22,2023,114,202,10,11,.476,1.0,2.0,2,7,10,False,141,
2023-04-23,2023-04-22,2023,116,202,7,12,.368,3.0,4.0,3,9,12,False,140,
2023-04-23,2023-04-22,2023,145,202,7,14,.333,4.0,5.0,4,10,13,False,138,
2023-04-23,2023-04-22,2023,118,202,5,16,.238,6.0,7.0,5,11,14,False,136,
2023-04-23,2023-04-22,2023,140,200,13,7,.650,-,-,1,,3,False,-,140
2023-04-23,2023-04-22,2023,117,200,11,10,.524,2.5,1.0,2,4,7,False,140,
2023-04-23,2023-04-22,2023,108,200,10,11,.476,3.5,2.0,3,6,9,False,139,
2023-04-23,2023-04-22,2023,136,200,10,11,.476,3.5,2.0,4,8,11,False,139,
2023-04-23,2023-04-22,2023,133,200,4,17,.190,9.5,8.0,5,12,15,False,133,
2023-04-23,2023-04-22,2023,144,204,14,7,.667,-,-,1,,3,False,-,141
2023-04-23,2023-04-22,2023,121,204,14,8,.636,0.5,+1.0,2,2,4,False,141,
2023-04-23,2023-04-22,2023,146,204,12,9,.571,2.0,0.5,3,4,6,False,140,
2023-04-23,2023-04-22,2023,143,204,10,12,.455,4.5,3.0,4,7,10,False,137,
2023-04-23,2023-04-22,2023,120,204,7,13,.350,6.5,5.0,5,9,12,False,136,
2023-04-23,2023-04-22,2023,158,205,15,6,.714,-,-,1,,1,False,-,141
2023-04-23,2023-04-22,2023,134,205,15,7,.682,0.5,+2.0,2,1,2,False,141,
2023-04-23,2023-04-22,2023,112,205,12,8,.600,2.5,-,3,3,5,False,140,
2023-04-23,2023-04-22,2023,138,205,8,13,.381,7.0,4.5,4,8,11,False,135,
2023-04-23,2023-04-22,2023,113,205,7,14,.333,8.0,5.5,5,11,14,False,134,
2023-04-23,2023-04-22,2023,109,203,12,10,.545,-,-,1,,7,False,-,140
2023-04-23,2023-04-22,2023,119,203,11,11,.500,1.0,2.0,2,5,8,False,140,
2023-04-23,2023-04-22,2023,135,203,11,12,.478,1.5,2.5,3,6,9,False,139,
2023-04-23,2023-04-22,2023,137,203,7,13,.350,4.0,5.0,4,10,13,False,138,
2023-04-23,2023-04-22,2023,115,203,6,16,.273,6.0,7.0,5,12,15,False,135,
2023-04-24,2023-04-23,2023,139,201,19,3,.864,-,-,1,,1,False,-,137
2023-04-24,2023-04-23,2023,110,201,14,7,.667,4.5,+1.5,2,1,2,False,137,
2023-04-24,2023-04-23,2023,141,201,13,9,.591,6.0,-,3,2,4,False,135,
2023-04-24,2023-04-23,2023,147,201,13,9,.591,6.0,-,4,3,5,False,135,
2023-04-24,2023-04-23,2023,111,201,12,11,.522,7.5,1.5,5,5,8,False,133,
2023-04-24,2023-04-23,2023,142,202,12,10,.545,-,-,1,,6,False,-,140
2023-04-24,2023-04-23,2023,114,202,11,11,.500,1.0,2.0,2,7,10,False,140,
2023-04-24,2023-04-23,2023,116,202,7,13,.350,4.0,5.0,3,9,12,False,138,
2023-04-24,2023-04-23,2023,145,202,7,15,.318,5.0,6.0,4,10,13,False,136,
2023-04-24,2023-04-23,2023,118,202,5,17,.227,7.0,8.0,5,11,14,False,134,
2023-04-24,2023-04-23,2023,140,200,14,7,.667,-,-,1,,3,False,-,139
2023-04-24,2023-04-23,2023,117,200,12,10,.545,2.5,1.0,2,4,7,False,139,
2023-04-24,2023-04-23,2023,108,200,11,11,.500,3.5,2.0,3,6,9,False,138,
2023-04-24,2023-04-23,2023,136,200,10,12,.455,4.5,3.0,4,8,11,False,137,
2023-04-24,2023-04-23,2023,133,200,4,18,.182,10.5,9.0,5,12,15,False,131,
2023-04-24,2023-04-23,2023,144,204,14,8,.636,-,-,1,,3,False,-,140
2023-04-24,2023-04-23,2023,121,204,14,9,.609,0.5,+1.0,2,2,4,False,140,
2023-04-24,2023-04-23,2023,146,204,12,10,.545,2.0,0.5,3,4,6,False,139,
2023-04-24,2023-04-23,2023,143,204,11,12,.478,3.5,2.0,4,7,10,False,137,
2023-04-24,2023-04-23,2023,120,204,7,14,.333,6.5,5.0,5,10,13,False,135,
2023-04-24,2023-04-23,2023,134,205,16,7,.696,-,-,1,,1,False,-,140
2023-04-24,2023-04-23,2023,158,205,15,7,.682,0.5,+2.5,2,1,2,False,140,
2023-04-24,2023-04-23,2023,112,205,12,9,.571,3.0,-,3,3,5,False,138,
2023-04-24,2023-04-23,2023,138,205,9,13,.409,6.5,3.5,4,8,11,False,134,
2023-04-24,2023-04-23,2023,113,205,7,15,.318,8.5,5.5,5,11,14,False,132,
2023-04-24,2023-04-23,2023,109,203,12,11,.522,-,-,1,,7,False,-,139
2023-04-24,2023-04-23,2023,119,203,12,11,.522,-,1.0,2,5,8,False,-,
2023-04-24,2023-04-23,2023,135,203,12,12,.500,0.5,1.5,3,6,9,False,139,
2023-04-24,2023-04-23,2023,137,203,8,13,.381,3.0,4.0,4,9,12,False,138,
2023-04-24,2023-04-23,2023,115,203,6,17,.261,6.0,7.0,5,12,15,False,134,
2023-04-25,2023-04-24,2023,139,201,20,3,.870,-,-,1,,1,False,-,136
2023-04-25,2023-04-24,2023,110,201,15,7,.682,4.5,+2.5,2,1,2,False,136,
2023-04-25,2023-04-24,2023,141,201,14,9,.609,6.0,+1.0,3,2,4,False,134,
2023-04-25,2023-04-24,2023,147,201,13,10,.565,7.0,-,4,3,6,False,133,
2023-04-25,2023-04-24,2023,111,201,12,12,.500,8.5,1.5,5,5,8,False,131,
2023-04-25,2023-04-24,2023,142,202,13,10,.565,-,-,1,,5,False,-,138
2023-04-25,2023-04-24,2023,114,202,11,12,.478,2.0,2.0,2,7,10,False,138,
2023-04-25,2023-04-24,2023,116,202,8,13,.381,4.0,4.0,3,9,12,False,137,
2023-04-25,2023-04-24,2023,145,202,7,16,.304,6.0,6.0,4,10,13,False,134,
2023-04-25,2023-04-24,2023,118,202,5,18,.217,8.0,8.0,5,12,15,False,132,
2023-04-25,2023-04-24,2023,140,200,14,8,.636,-,-,1,,3,False,-,138
2023-04-25,2023-04-24,2023,117,200,12,11,.522,2.5,1.0,2,4,7,False,138,
2023-04-25,2023-04-24,2023,108,200,11,12,.478,3.5,2.0,3,6,9,False,137,
2023-04-25,2023-04-24,2023,136,200,10,12,.455,4.0,2.5,4,8,11,False,137,
2023-04-25,2023-04-24,2023,133,200,5,18,.217,9.5,8.0,5,11,14,False,131,
2023-04-25,2023-04-24,2023,144,204,15,8,.652,-,-,1,,2,False,-,139
2023-04-25,2023-04-24,2023,121,204,14,9,.609,1.0,+1.0,2,2,4,False,139,
2023-04-25,2023-04-24,2023,146,204,12,11,.522,3.0,1.0,3,5,8,False,137,
2023-04-25,2023-04-24,2023,143,204,11,12,.478,4.0,2.0,4,7,10,False,136,
2023-04-25,2023-04-24,2023,120,204,7,14,.333,7.0,5.0,5,11,14,False,134,
2023-04-25,2023-04-24,2023,134,205,16,7,.696,-,-,1,,1,False,-,139
2023-04-25,2023-04-24,2023,158,205,15,8,.652,1.0,+2.0,2,1,3,False,139,
2023-04-25,2023-04-24,2023,112,205,12,9,.571,3.0,-,3,3,5,False,138,
2023-04-25,2023-04-24,2023,138,205,9,14,.391,7.0,4.0,4,9,12,False,133,
2023-04-25,2023-04-24,2023,113,205,8,15,.348,8.0,5.0,5,10,13,False,132,
2023-04-25,2023-04-24,2023,109,203,13,11,.542,-,-,1,,6,False,-,139
2023-04-25,2023-04-24,2023,119,203,12,11,.522,0.5,1.0,2,4,7,False,139,
2023-04-25,2023-04-24,2023,135,203,12,12,.500,1.0,1.5,3,6,9,False,138,
2023-04-25,2023-04-24,2023,137,203,9,13,.409,3.0,3.5,4,8,11,False,137,
2023-04-25,2023-04-24,2023,115,203,7,17,.292,6.0,6.5,5,12,15,False,133,
2023-04-26,2023-04-25,2023,139,201,20,4,.833,-,-,1,,1,False,-,135
2023-04-26,2023-04-25,2023,110,201,15,8,.652,4.5,+2.5,2,1,2,False,135,
2023-04-26,2023-04-25,2023,141,201,15,9,.625,5.0,+2.0,3,2,3,False,134,
2023-04-26,2023-04-25,2023,147,201,13,11,.542,7.0,-,4,3,6,False,132,
2023-04-26,2023-04-25,2023,111,201,13,12,.520,7.5,0.5,5,5,8,False,131,
2023-04-26,2023-04-25,2023,142,202,14,10,.583,-,-,1,,5,False,-,136
2023-04-26,2023-04-25,2023,114,202,11,13,.458,3.0,2.0,2,8,11,False,136,
2023-04-26,2023-04-25,2023,116,202,9,13,.409,4.0,3.0,3,9,12,False,136,
2023-04-26,2023-04-25,2023,145,202,7,17,.292,7.0,6.0,4,10,13,False,132,
2023-04-26,2023-04-25,2023,118,202,6,18,.250,8.0,7.0,5,11,14,False,131,
2023-04-26,2023-04-25,2023,140,200,14,9,.609,-,-,1,,4,False,-,138
2023-04-26,2023-04-25,2023,117,200,13,11,.542,1.5,-,2,4,7,False,138,
2023-04-26,2023-04-25,2023,108,200,12,12,.500,2.5,1.0,3,6,9,False,137,
2023-04-26,2023-04-25,2023,136,200,11,12,.478,3.0,1.5,4,7,10,False,137,
2023-04-26,2023-04-25,2023,133,200,5,19,.208,9.5,8.0,5,12,15,False,130,
2023-04-26,2023-04-25,2023,144,204,16,8,.667,-,-,1,,1,False,-,137
2023-04-26,2023-04-25,2023,121,204,14,10,.583,2.0,-,2,3,5,False,137,
2023-04-26,2023-04-25,2023,146,204,12,12,.500,4.0,2.0,3,5,8,False,135,
2023-04-26,2023-04-25,2023,143,204,11,13,.458,5.0,3.0,4,7,10,False,134,
2023-04-26,2023-04-25,2023,120,204,8,14,.364,7.0,5.0,5,11,14,False,133,
2023-04-26,2023-04-25,2023,134,205,16,8,.667,-,-,1,,2,False,-,138
2023-04-26,2023-04-25,2023,158,205,15,9,.625,1.0,+1.0,2,1,3,False,138,
2023-04-26,2023-04-25,2023,112,205,13,9,.591,2.0,-,3,2,4,False,138,
2023-04-26,2023-04-25,2023,138,205,9,15,.375,7.0,5.0,4,9,12,False,132,
2023-04-26,2023-04-25,2023,113,205,9,15,.375,7.0,5.0,5,10,13,False,132,
2023-04-26,2023-04-25,2023,119,203,13,11,.542,-,-,1,,6,False,-,138
2023-04-26,2023-04-25,2023,109,203,13,12,.520,0.5,1.5,2,4,7,False,138,
2023-04-26,2023-04-25,2023,135,203,12,13,.480,1.5,2.5,3,6,9,False,137,
2023-04-26,2023-04-25,2023,137,203,10,13,.435,2.5,3.5,4,8,11,False,137,
2023-04-26,2023-04-25,2023,115,203,8,17,.320,5.5,6.5,5,12,15,False,133,
2023-04-27,2023-04-26,2023,139,201,20,5,.800,-,-,1,,1,False,-,135
2023-04-27,2023-04-26,2023,110,201,16,8,.667,3.5,+2.5,2,1,2,False,135,
2023-04-27,2023-04-26,2023,141,201,16,9,.640,4.0,+2.0,3,2,3,False,134,
2023-04-27,2023-04-26,2023,147,201,14,11,.560,6.0,-,4,3,6,False,132,
2023-04-27,2023-04-26,2023,111,201,13,13,.500,7.5,1.5,5,6,9,False,130,
2023-04-27,2023-04-26,2023,142,202,14,11,.560,-,-,1,,5,False,-,136
2023-04-27,2023-04-26,2023,114,202,12,13,.480,2.0,2.0,2,7,10,False,136,
2023-04-27,2023-04-26,2023,116,202,9,14,.391,4.0,4.0,3,9,12,False,135,
2023-04-27,2023-04-26,2023,145,202,7,18,.280,7.0,7.0,4,10,13,False,131,
2023-04-27,2023-04-26,2023,118,202,6,19,.240,8.0,8.0,5,11,14,False,130,
2023-04-27,2023-04-26,2023,140,200,14,10,.583,-,-,1,,4,False,-,138
2023-04-27,2023-04-26,2023,117,200,14,11,.560,0.5,-,2,4,7,False,138,
2023-04-27,2023-04-26,2023,108,200,13,12,.520,1.5,1.0,3,5,8,False,137,
2023-04-27,2023-04-26,2023,136,200,11,13,.458,3.0,2.5,4,8,11,False,136,
2023-04-27,2023-04-26,2023,133,200,5,20,.200,9.5,9.0,5,12,15,False,129,
2023-04-27,2023-04-26,2023,144,204,17,8,.680,-,-,1,,1,False,-,135
2023-04-27,2023-04-26,2023,121,204,14,11,.560,3.0,-,2,3,5,False,135,
2023-04-27,2023-04-26,2023,146,204,12,13,.480,5.0,2.0,3,6,9,False,133,
2023-04-27,2023-04-26,2023,143,204,12,13,.480,5.0,2.0,4,7,10,False,133,
2023-04-27,2023-04-26,2023,120,204,9,14,.391,7.0,4.0,5,10,13,False,132,
2023-04-27,2023-04-26,2023,134,205,17,8,.680,-,-,1,,2,False,-,137
2023-04-27,2023-04-26,2023,158,205,16,9,.640,1.0,+2.0,2,1,3,False,137,
2023-04-27,2023-04-26,2023,112,205,13,10,.565,3.0,-,3,2,4,False,136,
2023-04-27,2023-04-26,2023,113,205,10,15,.400,7.0,4.0,4,9,12,False,131,
2023-04-27,2023-04-26,2023,138,205,9,16,.360,8.0,5.0,5,11,14,False,130,
2023-04-27,2023-04-26,2023,109,203,14,12,.538,-,-,1,,6,False,-,137
2023-04-27,2023-04-26,2023,119,203,13,12,.520,0.5,1.0,2,4,7,False,137,
2023-04-27,2023-04-26,2023,135,203,13,13,.500,1.0,1.5,3,5,8,False,136,
2023-04-27,2023-04-26,2023,137,203,11,13,.458,2.0,2.5,4,8,11,False,136,
2023-04-27,2023-04-26,2023,115,203,8,18,.308,6.0,6.5,5,12,15,False,131,
2023-04-28,2023-04-27,2023,139,201,21,5,.808,-,-,1,,1,False,-,134
2023-04-28,2023-04-27,2023,110,201,17,8,.680,3.5,+2.5,2,1,2,False,134,
2023-04-28,2023-04-27,2023,141,201,16,9,.640,4.5,+1.5,3,2,3,False,133,
2023-04-28,2023-04-27,2023,147,201,15,11,.577,6.0,-,4,3,5,False,131,
2023-04-28,2023-04-27,2023,111,201,13,13,.500,8.0,2.0,5,6,9,False,129,
2023-04-28,2023-04-27,2023,142,202,15,11,.577,-,-,1,,4,False,-,135
2023-04-28,2023-04-27,2023,114,202,12,13,.480,2.5,2.5,2,7,10,False,135,
2023-04-28,2023-04-27,2023,116,202,9,15,.375,5.0,5.0,3,9,12,False,133,
2023-04-28,2023-04-27,2023,145,202,7,19,.269,8.0,8.0,4,10,13,False,129,
2023-04-28,2023-04-27,2023,118,202,6,20,.231,9.0,9.0,5,11,14,False,128,
2023-04-28,2023-04-27,2023,140,200,14,11,.560,-,-,1,,6,False,-,137
2023-04-28,2023-04-27,2023,117,200,14,11,.560,-,0.5,2,4,7,False,-,
2023-04-28,2023-04-27,2023,108,200,14,12,.538,0.5,1.0,3,5,8,False,137,
2023-04-28,2023-04-27,2023,136,200,11,14,.440,3.0,3.5,4,8,11,False,135,
2023-04-28,2023-04-27,2023,133,200,5,21,.192,9.5,10.0,5,12,15,False,128,
2023-04-28,2023-04-27,2023,144,204,17,9,.654,-,-,1,,2,False,-,135
2023-04-28,2023-04-27,2023,121,204,15,11,.577,2.0,-,2,3,5,False,135,
2023-04-28,2023-04-27,2023,146,204,13,13,.500,4.0,2.0,3,4,7,False,133,
2023-04-28,2023-04-27,2023,143,204,13,13,.500,4.0,2.0,4,5,8,False,133,
2023-04-28,2023-04-27,2023,120,204,9,15,.375,7.0,5.0,5,11,14,False,131,
2023-04-28,2023-04-27,2023,134,205,18,8,.692,-,-,1,,1,False,-,136
2023-04-28,2023-04-27,2023,158,205,16,9,.640,1.5,+1.5,2,1,3,False,136,
2023-04-28,2023-04-27,2023,112,205,14,10,.583,3.0,-,3,2,4,False,135,
2023-04-28,2023-04-27,2023,113,205,10,15,.400,7.5,4.5,4,9,12,False,130,
2023-04-28,2023-04-27,2023,138,205,10,16,.385,8.0,5.0,5,10,13,False,129,
2023-04-28,2023-04-27,2023,109,203,14,12,.538,-,-,1,,6,False,-,136
2023-04-28,2023-04-27,2023,119,203,13,13,.500,1.0,2.0,2,6,9,False,136,
2023-04-28,2023-04-27,2023,135,203,13,14,.481,1.5,2.5,3,7,10,False,135,
2023-04-28,2023-04-27,2023,137,203,11,14,.440,2.5,3.5,4,8,11,False,135,
2023-04-28,2023-04-27,2023,115,203,8,18,.308,6.0,7.0,5,12,15,False,131,
2023-04-29,2023-04-28,2023,139,201,22,5,.815,-,-,1,,1,False,-,133
2023-04-29,2023-04-28,2023,110,201,17,8,.680,4.0,+3.0,2,1,2,False,133,
2023-04-29,2023-04-28,2023,141,201,17,9,.654,4.5,+2.5,3,2,3,False,132,
2023-04-29,2023-04-28,2023,147,201,15,12,.556,7.0,-,4,3,6,False,129,
2023-04-29,2023-04-28,2023,111,201,13,14,.481,9.0,2.0,5,7,10,False,127,
2023-04-29,2023-04-28,2023,142,202,16,11,.593,-,-,1,,4,False,-,134
2023-04-29,2023-04-28,2023,114,202,13,13,.500,2.5,1.5,2,6,9,False,134,
2023-04-29,2023-04-28,2023,116,202,9,15,.375,5.5,4.5,3,9,12,False,132,
2023-04-29,2023-04-28,2023,145,202,7,20,.259,9.0,8.0,4,10,13,False,127,
2023-04-29,2023-04-28,2023,118,202,6,21,.222,10.0,9.0,5,11,14,False,126,
2023-04-29,2023-04-28,2023,140,200,15,11,.577,-,-,1,,5,False,-,136
2023-04-29,2023-04-28,2023,117,200,14,12,.538,1.0,0.5,2,4,7,False,136,
2023-04-29,2023-04-28,2023,108,200,14,13,.519,1.5,1.0,3,5,8,False,135,
2023-04-29,2023-04-28,2023,136,200,11,15,.423,4.0,3.5,4,8,11,False,133,
2023-04-29,2023-04-28,2023,133,200,5,22,.185,10.5,10.0,5,12,15,False,126,
2023-04-29,2023-04-28,2023,144,204,18,9,.667,-,-,1,,2,False,-,133
2023-04-29,2023-04-28,2023,121,204,15,12,.556,3.0,-,2,3,5,False,133,
2023-04-29,2023-04-28,2023,146,204,14,13,.519,4.0,1.0,3,4,7,False,132,
2023-04-29,2023-04-28,2023,143,204,14,13,.519,4.0,1.0,4,5,8,False,132,
2023-04-29,2023-04-28,2023,120,204,9,15,.375,7.5,4.5,5,10,13,False,130,
2023-04-29,2023-04-28,2023,134,205,18,8,.692,-,-,1,,1,False,-,136
2023-04-29,2023-04-28,2023,158,205,17,9,.654,1.0,+2.5,2,1,3,False,136,
2023-04-29,2023-04-28,2023,112,205,14,11,.560,3.5,-,3,2,4,False,134,
2023-04-29,2023-04-28,2023,113,205,11,15,.423,7.0,3.5,4,9,12,False,130,
2023-04-29,2023-04-28,2023,138,205,10,17,.370,8.5,5.0,5,11,14,False,128,
2023-04-29,2023-04-28,2023,109,203,15,12,.556,-,-,1,,6,False,-,135
2023-04-29,2023-04-28,2023,119,203,14,13,.519,1.0,1.0,2,6,9,False,135,
2023-04-29,2023-04-28,2023,135,203,13,14,.481,2.0,2.0,3,7,10,False,134,
2023-04-29,2023-04-28,2023,137,203,11,14,.440,3.0,3.0,4,8,11,False,134,
2023-04-29,2023-04-28,2023,115,203,8,19,.296,7.0,7.0,5,12,15,False,129,
2023-04-30,2023-04-29,2023,139,201,23,5,.821,-,-,1,,1,False,-,131
2023-04-30,2023-04-29,2023,141,201,18,9,.667,4.5,+3.5,2,1,2,False,131,
2023-04-30,2023-04-29,2023,110,201,18,9,.667,4.5,+3.5,3,2,3,False,131,
2023-04-30,2023-04-29,2023,147,201,15,13,.536,8.0,-,4,3,6,False,127,
2023-04-30,2023-04-29,2023,111,201,14,14,.500,9.0,1.0,5,5,8,False,126,
2023-04-30,2023-04-29,2023,142,202,16,12,.571,-,-,1,,5,False,-,133
2023-04-30,2023-04-29,2023,114,202,13,14,.481,2.5,1.5,2,7,10,False,133,
2023-04-30,2023-04-29,2023,116,202,10,16,.385,5.0,4.0,3,9,12,False,131,
2023-04-30,2023-04-29,2023,145,202,7,21,.250,9.0,8.0,4,10,13,False,126,
2023-04-30,2023-04-29,2023,118,202,7,21,.250,9.0,8.0,5,11,14,False,126,
2023-04-30,2023-04-29,2023,140,200,16,11,.593,-,-,1,,4,False,-,134
2023-04-30,2023-04-29,2023,117,200,14,13,.519,2.0,0.5,2,4,7,False,134,
2023-04-30,2023-04-29,2023,108,200,14,14,.500,2.5,1.0,3,6,9,False,133,
2023-04-30,2023-04-29,2023,136,200,11,16,.407,5.0,3.5,4,8,11,False,131,
2023-04-30,2023-04-29,2023,133,200,5,23,.179,11.5,10.0,5,12,15,False,124,
2023-04-30,2023-04-29,2023,144,204,18,9,.667,-,-,1,,2,False,-,133
2023-04-30,2023-04-29,2023,121,204,15,12,.556,3.0,+0.5,2,2,5,False,133,
2023-04-30,2023-04-29,2023,146,204,15,13,.536,3.5,-,3,4,7,False,132,
2023-04-30,2023-04-29,2023,143,204,15,13,.536,3.5,-,4,5,8,False,132,
2023-04-30,2023-04-29,2023,120,204,9,17,.346,8.5,5.0,5,11,14,False,128,
2023-04-30,2023-04-29,2023,134,205,20,8,.714,-,-,1,,1,False,-,134
2023-04-30,2023-04-29,2023,158,205,18,9,.667,1.5,+3.5,2,1,3,False,134,
2023-04-30,2023-04-29,2023,112,205,14,12,.538,5.0,-,3,3,6,False,131,
2023-04-30,2023-04-29,2023,113,205,12,15,.444,7.5,2.5,4,8,11,False,128,
2023-04-30,2023-04-29,2023,138,205,10,18,.357,10.0,5.0,5,10,13,False,125,
2023-04-30,2023-04-29,2023,109,203,16,12,.571,-,-,1,,4,False,-,134
2023-04-30,2023-04-29,2023,119,203,15,13,.536,1.0,-,2,6,9,False,134,
2023-04-30,2023-04-29,2023,135,203,14,14,.500,2.0,1.0,3,7,10,False,133,
2023-04-30,2023-04-29,2023,137,203,11,15,.423,4.0,3.0,4,9,12,False,132,
2023-04-30,2023-04-29,2023,115,203,8,20,.286,8.0,7.0,5,12,15,False,127,
2023-05-01,2023-04-30,2023,139,201,23,6,.793,-,-,1,,1,False,-,131
2023-05-01,2023-04-30,2023,110,201,19,9,.679,3.5,+4.0,2,1,2,False,131,
2023-05-01,2023-04-30,2023,141,201,18,10,.643,4.5,+3.0,3,2,3,False,130,
2023-05-01,2023-04-30,2023,147,201,15,14,.517,8.0,0.5,4,5,8,False,126,
2023-05-01,2023-04-30,2023,111,201,15,14,.517,8.0,0.5,5,4,7,False,126,
2023-05-01,2023-04-30,2023,142,202,17,12,.586,-,-,1,,5,False,-,131
2023-05-01,2023-04-30,2023,114,202,13,15,.464,3.5,2.0,2,7,10,False,131,
2023-05-01,2023-04-30,2023,116,202,10,17,.370,6.0,4.5,3,9,12,False,129,
2023-05-01,2023-04-30,2023,145,202,8,21,.276,9.0,7.5,4,10,13,False,125,
2023-05-01,2023-04-30,2023,118,202,7,22,.241,10.0,8.5,5,11,14,False,124,
2023-05-01,2023-04-30,2023,140,200,17,11,.607,-,-,1,,4,False,-,133
2023-05-01,2023-04-30,2023,117,200,15,13,.536,2.0,-,2,3,6,False,133,
2023-05-01,2023-04-30,2023,108,200,15,14,.517,2.5,0.5,3,6,9,False,132,
2023-05-01,2023-04-30,2023,136,200,12,16,.429,5.0,3.0,4,8,11,False,130,
2023-05-01,2023-04-30,2023,133,200,6,23,.207,11.5,9.5,5,12,15,False,123,
2023-05-01,2023-04-30,2023,144,204,18,9,.667,-,-,1,,2,False,-,133
2023-05-01,2023-04-30,2023,121,204,15,12,.556,3.0,-,2,2,4,False,133,
2023-05-01,2023-04-30,2023,146,204,16,13,.552,3.0,-,3,3,5,False,132,
2023-05-01,2023-04-30,2023,143,204,15,14,.517,4.0,1.0,4,7,10,False,131,
2023-05-01,2023-04-30,2023,120,204,10,17,.370,8.0,5.0,5,10,13,False,128,
2023-05-01,2023-04-30,2023,134,205,20,9,.690,-,-,1,,1,False,-,133
2023-05-01,2023-04-30,2023,158,205,18,10,.643,1.5,+2.5,2,1,3,False,133,
2023-05-01,2023-04-30,2023,112,205,14,13,.519,5.0,1.0,3,5,8,False,130,
2023-05-01,2023-04-30,2023,113,205,12,16,.429,7.5,3.5,4,8,11,False,127,
2023-05-01,2023-04-30,2023,138,205,10,19,.345,10.0,6.0,5,11,14,False,124,
2023-05-01,2023-04-30,2023,109,203,16,13,.552,-,-,1,,6,False,-,133
2023-05-01,2023-04-30,2023,119,203,16,13,.552,-,-,2,4,7,False,-,
2023-05-01,2023-04-30,2023,135,203,15,14,.517,1.0,1.0,3,6,9,False,133,
2023-05-01,2023-04-30,2023,137,203,11,16,.407,4.0,4.0,4,9,12,False,131,
2023-05-01,2023-04-30,2023,115,203,9,20,.310,7.0,7.0,5,12,15,False,127,
2023-05-02,2023-05-01,2023,139,201,23,6,.793,-,-,1,,1,False,-,131
2023-05-02,2023-05-01,2023,110,201,19,9,.679,3.5,+3.5,2,1,2,False,131,
2023-05-02,2023-05-01,2023,141,201,18,11,.621,5.0,+2.0,3,2,3,False,129,
2023-05-02,2023-05-01,2023,111,201,16,14,.533,7.5,0.5,4,4,7,False,126,
2023-05-02,2023-05-01,2023,147,201,15,15,.500,8.5,1.5,5,6,9,False,125,
2023-05-02,2023-05-01,2023,142,202,17,12,.586,-,-,1,,5,False,-,131
2023-05-02,2023-05-01,2023,114,202,14,15,.483,3.0,2.0,2,7,10,False,131,
2023-05-02,2023-05-01,2023,116,202,10,17,.370,6.0,5.0,3,9,12,False,129,
2023-05-02,2023-05-01,2023,145,202,8,21,.276,9.0,8.0,4,10,13,False,125,
2023-05-02,2023-05-01,2023,118,202,7,22,.241,10.0,9.0,5,11,14,False,124,
2023-05-02,2023-05-01,2023,140,200,17,11,.607,-,-,1,,4,False,-,133
2023-05-02,2023-05-01,2023,117,200,16,13,.552,1.5,-,2,3,6,False,133,
2023-05-02,2023-05-01,2023,108,200,15,14,.517,2.5,1.0,3,5,8,False,132,
2023-05-02,2023-05-01,2023,136,200,12,16,.429,5.0,3.5,4,8,11,False,130,
2023-05-02,2023-05-01,2023,133,200,6,23,.207,11.5,10.0,5,12,15,False,123,
2023-05-02,2023-05-01,2023,144,204,19,10,.655,-,-,1,,2,False,-,131
2023-05-02,2023-05-01,2023,121,204,16,13,.552,3.0,-,2,2,5,False,131,
2023-05-02,2023-05-01,2023,146,204,16,13,.552,3.0,-,3,3,6,False,131,
2023-05-02,2023-05-01,2023,143,204,15,15,.500,4.5,1.5,4,7,10,False,129,
2023-05-02,2023-05-01,2023,120,204,10,18,.357,8.5,5.5,5,10,13,False,126,
2023-05-02,2023-05-01,2023,134,205,20,9,.690,-,-,1,,1,False,-,133
2023-05-02,2023-05-01,2023,158,205,18,10,.643,1.5,+2.5,2,1,3,False,133,
2023-05-02,2023-05-01,2023,112,205,15,13,.536,4.5,0.5,3,5,8,False,130,
2023-05-02,2023-05-01,2023,113,205,12,17,.414,8.0,4.0,4,8,11,False,126,
2023-05-02,2023-05-01,2023,138,205,10,19,.345,10.0,6.0,5,11,14,False,124,
2023-05-02,2023-05-01,2023,119,203,17,13,.567,-,-,1,,4,False,-,133
2023-05-02,2023-05-01,2023,109,203,16,13,.552,0.5,-,2,4,7,False,133,
2023-05-02,2023-05-01,2023,135,203,16,14,.533,1.0,0.5,3,6,9,False,132,
2023-05-02,2023-05-01,2023,137,203,11,17,.393,5.0,4.5,4,9,12,False,129,
2023-05-02,2023-05-01,2023,115,203,9,20,.310,7.5,7.0,5,12,15,False,126,
2023-05-03,2023-05-02,2023,139,201,24,6,.800,-,-,1,,1,False,-,130
2023-05-03,2023-05-02,2023,110,201,20,9,.690,3.5,+4.0,2,1,2,False,130,
2023-05-03,2023-05-02,2023,141,201,18,12,.600,6.0,+1.5,3,2,4,False,127,
2023-05-03,2023-05-02,2023,111,201,17,14,.548,7.5,-,4,3,6,False,125,
2023-05-03,2023-05-02,2023,147,201,16,15,.516,8.5,1.0,5,6,9,False,124,
2023-05-03,2023-05-02,2023,142,202,17,13,.567,-,-,1,,5,False,-,130
2023-05-03,2023-05-02,2023,114,202,14,16,.467,3.0,2.5,2,7,10,False,130,
2023-05-03,2023-05-02,2023,116,202,10,17,.370,5.5,5.0,3,9,12,False,129,
2023-05-03,2023-05-02,2023,145,202,9,21,.300,8.0,7.5,4,10,13,False,125,
2023-05-03,2023-05-02,2023,118,202,7,23,.233,10.0,9.5,5,11,14,False,123,
2023-05-03,2023-05-02,2023,140,200,18,11,.621,-,-,1,,3,False,-,131
2023-05-03,2023-05-02,2023,108,200,16,14,.533,2.5,0.5,2,4,7,False,131,
2023-05-03,2023-05-02,2023,117,200,16,14,.533,2.5,0.5,3,5,8,False,131,
2023-05-03,2023-05-02,2023,136,200,13,16,.448,5.0,3.0,4,8,11,False,129,
2023-05-03,2023-05-02,2023,133,200,6,24,.200,12.5,10.5,5,12,15,False,121,
2023-05-03,2023-05-02,2023,144,204,20,10,.667,-,-,1,,1,False,-,130
2023-05-03,2023-05-02,2023,121,204,16,13,.552,3.5,+0.5,2,2,5,False,130,
2023-05-03,2023-05-02,2023,146,204,16,14,.533,4.0,-,3,3,6,False,129,
2023-05-03,2023-05-02,2023,143,204,15,16,.484,5.5,1.5,4,7,10,False,127,
2023-05-03,2023-05-02,2023,120,204,11,18,.379,8.5,4.5,5,10,13,False,125,
2023-05-03,2023-05-02,2023,134,205,20,10,.667,-,-,1,,2,False,-,132
2023-05-03,2023-05-02,2023,158,205,18,11,.621,1.5,+2.5,2,1,3,False,132,
2023-05-03,2023-05-02,2023,112,205,15,14,.517,4.5,0.5,3,5,8,False,129,
2023-05-03,2023-05-02,2023,113,205,13,17,.433,7.0,3.0,4,8,11,False,126,
2023-05-03,2023-05-02,2023,138,205,10,20,.333,10.0,6.0,5,11,14,False,123,
2023-05-03,2023-05-02,2023,119,203,18,13,.581,-,-,1,,4,False,-,131
2023-05-03,2023-05-02,2023,109,203,16,14,.533,1.5,-,2,4,7,False,131,
2023-05-03,2023-05-02,2023,135,203,16,15,.516,2.0,0.5,3,6,9,False,130,
2023-05-03,2023-05-02,2023,137,203,12,17,.414,5.0,3.5,4,9,12,False,128,
2023-05-03,2023-05-02,2023,115,203,10,20,.333,7.5,6.0,5,12,15,False,125,
2023-05-04,2023-05-03,2023,139,201,25,6,.806,-,-,1,,1,False,-,128
2023-05-04,2023-05-03,2023,110,201,20,10,.667,4.5,+3.0,2,1,2,False,128,
2023-05-04,2023-05-03,2023,141,201,18,13,.581,7.0,+0.5,3,2,4,False,125,
2023-05-04,2023-05-03,2023,111,201,18,14,.563,7.5,-,4,3,5,False,124,
2023-05-04,2023-05-03,2023,147,201,17,15,.531,8.5,1.0,5,5,8,False,123,
2023-05-04,2023-05-03,2023,142,202,17,14,.548,-,-,1,,7,False,-,129
2023-05-04,2023-05-03,2023,114,202,14,17,.452,3.0,3.5,2,8,11,False,129,
2023-05-04,2023-05-03,2023,116,202,12,17,.414,4.0,4.5,3,9,12,False,129,
2023-05-04,2023-05-03,2023,145,202,10,21,.323,7.0,7.5,4,10,13,False,125,
2023-05-04,2023-05-03,2023,118,202,8,23,.258,9.0,9.5,5,11,14,False,123,
2023-05-04,2023-05-03,2023,140,200,18,12,.600,-,-,1,,3,False,-,131
2023-05-04,2023-05-03,2023,108,200,17,14,.548,1.5,0.5,2,4,6,False,131,
2023-05-04,2023-05-03,2023,117,200,16,15,.516,2.5,1.5,3,6,9,False,130,
2023-05-04,2023-05-03,2023,136,200,14,16,.467,4.0,3.0,4,7,10,False,129,
2023-05-04,2023-05-03,2023,133,200,6,25,.194,12.5,11.5,5,12,15,False,120,
2023-05-04,2023-05-03,2023,144,204,21,10,.677,-,-,1,,1,False,-,127
2023-05-04,2023-05-03,2023,121,204,16,15,.516,5.0,0.5,2,4,7,False,127,
2023-05-04,2023-05-03,2023,146,204,16,15,.516,5.0,0.5,3,5,8,False,127,
2023-05-04,2023-05-03,2023,143,204,15,17,.469,6.5,2.0,4,7,10,False,125,
2023-05-04,2023-05-03,2023,120,204,12,18,.400,8.5,4.0,5,10,13,False,124,
2023-05-04,2023-05-03,2023,134,205,20,11,.645,-,-,1,,2,False,-,131
2023-05-04,2023-05-03,2023,158,205,18,12,.600,1.5,+2.0,2,1,3,False,131,
2023-05-04,2023-05-03,2023,112,205,15,15,.500,4.5,1.0,3,6,9,False,128,
2023-05-04,2023-05-03,2023,113,205,13,18,.419,7.0,3.5,4,9,12,False,125,
2023-05-04,2023-05-03,2023,138,205,10,21,.323,10.0,6.5,5,12,15,False,122,
2023-05-04,2023-05-03,2023,119,203,19,13,.594,-,-,1,,4,False,-,130
2023-05-04,2023-05-03,2023,109,203,17,14,.548,1.5,+0.5,2,2,5,False,130,
2023-05-04,2023-05-03,2023,135,203,17,15,.531,2.0,-,3,3,6,False,129,
2023-05-04,2023-05-03,2023,137,203,13,17,.433,5.0,3.0,4,8,11,False,127,
2023-05-04,2023-05-03,2023,115,203,11,20,.355,7.5,5.5,5,11,14,False,124,
2023-05-05,2023-05-04,2023,139,201,26,6,.813,-,-,1,,1,False,-,127
2023-05-05,2023-05-04,2023,110,201,21,10,.677,4.5,+3.5,2,1,2,False,127,
2023-05-05,2023-05-04,2023,111,201,19,14,.576,7.5,+0.5,3,2,4,False,123,
2023-05-05,2023-05-04,2023,141,201,18,14,.563,8.0,-,4,3,5,False,123,
2023-05-05,2023-05-04,2023,147,201,17,15,.531,9.0,1.0,5,5,8,False,122,
2023-05-05,2023-05-04,2023,142,202,18,14,.563,-,-,1,,7,False,-,128
2023-05-05,2023-05-04,2023,114,202,14,17,.452,3.5,3.5,2,8,11,False,128,
2023-05-05,2023-05-04,2023,116,202,13,17,.433,4.0,4.0,3,9,12,False,128,
2023-05-05,2023-05-04,2023,145,202,10,22,.313,8.0,8.0,4,10,13,False,123,
2023-05-05,2023-05-04,2023,118,202,8,24,.250,10.0,10.0,5,11,14,False,121,
2023-05-05,2023-05-04,2023,140,200,18,12,.600,-,-,1,,3,False,-,131
2023-05-05,2023-05-04,2023,108,200,18,14,.563,1.0,-,2,4,6,False,131,
2023-05-05,2023-05-04,2023,117,200,16,15,.516,2.5,1.5,3,6,9,False,130,
2023-05-05,2023-05-04,2023,136,200,15,16,.484,3.5,2.5,4,7,10,False,129,
2023-05-05,2023-05-04,2023,133,200,6,26,.188,13.0,12.0,5,12,15,False,119,
2023-05-05,2023-05-04,2023,144,204,22,10,.688,-,-,1,,1,False,-,125
2023-05-05,2023-05-04,2023,121,204,16,16,.500,6.0,1.0,2,4,7,False,125,
2023-05-05,2023-05-04,2023,146,204,16,16,.500,6.0,1.0,3,5,8,False,125,
2023-05-05,2023-05-04,2023,143,204,15,17,.469,7.0,2.0,4,7,10,False,124,
2023-05-05,2023-05-04,2023,120,204,13,18,.419,8.5,3.5,5,9,12,False,123,
2023-05-05,2023-05-04,2023,134,205,20,12,.625,-,-,1,,2,False,-,130
2023-05-05,2023-05-04,2023,158,205,18,13,.581,1.5,+1.5,2,1,4,False,130,
2023-05-05,2023-05-04,2023,112,205,15,16,.484,4.5,1.5,3,6,9,False,127,
2023-05-05,2023-05-04,2023,113,205,13,18,.419,6.5,3.5,4,10,13,False,125,
2023-05-05,2023-05-04,2023,138,205,10,22,.313,10.0,7.0,5,12,15,False,121,
2023-05-05,2023-05-04,2023,119,203,19,13,.594,-,-,1,,3,False,-,130
2023-05-05,2023-05-04,2023,109,203,17,14,.548,1.5,+0.5,2,2,5,False,130,
2023-05-05,2023-05-04,2023,135,203,17,15,.531,2.0,-,3,3,6,False,129,
2023-05-05,2023-05-04,2023,137,203,13,17,.433,5.0,3.0,4,8,11,False,127,
2023-05-05,2023-05-04,2023,115,203,12,20,.375,7.0,5.0,5,11,14,False,124,
2023-05-06,2023-05-05,2023,139,201,27,6,.818,-,-,1,,1,False,-,126
2023-05-06,2023-05-05,2023,110,201,22,10,.688,4.5,+3.5,2,1,2,False,126,
2023-05-06,2023-05-05,2023,111,201,20,14,.588,7.5,+0.5,3,2,3,False,122,
2023-05-06,2023-05-05,2023,141,201,19,14,.576,8.0,-,4,3,5,False,122,
2023-05-06,2023-05-05,2023,147,201,17,16,.515,10.0,2.0,5,6,9,False,120,
2023-05-06,2023-05-05,2023,142,202,19,14,.576,-,-,1,,7,False,-,127
2023-05-06,2023-05-05,2023,116,202,14,17,.452,4.0,4.0,2,8,11,False,127,
2023-05-06,2023-05-05,2023,114,202,14,18,.438,4.5,4.5,3,9,12,False,126,
2023-05-06,2023-05-05,2023,145,202,11,22,.333,8.0,8.0,4,10,13,False,122,
2023-05-06,2023-05-05,2023,118,202,8,25,.242,11.0,11.0,5,11,14,False,119,
2023-05-06,2023-05-05,2023,140,200,18,13,.581,-,-,1,,4,False,-,131
2023-05-06,2023-05-05,2023,108,200,19,14,.576,-,-,2,4,6,False,131,
2023-05-06,2023-05-05,2023,117,200,17,15,.531,1.5,1.5,3,5,8,False,130,
2023-05-06,2023-05-05,2023,136,200,15,17,.469,3.5,3.5,4,7,10,False,128,
2023-05-06,2023-05-05,2023,133,200,7,26,.212,12.0,12.0,5,12,15,False,119,
2023-05-06,2023-05-05,2023,144,204,22,11,.667,-,-,1,,1,False,-,125
2023-05-06,2023-05-05,2023,121,204,17,16,.515,5.0,1.0,2,4,7,False,125,
2023-05-06,2023-05-05,2023,146,204,16,17,.485,6.0,2.0,3,6,9,False,124,
2023-05-06,2023-05-05,2023,143,204,15,18,.455,7.0,3.0,4,7,10,False,123,
2023-05-06,2023-05-05,2023,120,204,13,19,.406,8.5,4.5,5,9,12,False,122,
2023-05-06,2023-05-05,2023,134,205,20,13,.606,-,-,1,,2,False,-,129
2023-05-06,2023-05-05,2023,158,205,18,14,.563,1.5,+0.5,2,2,5,False,129,
2023-05-06,2023-05-05,2023,112,205,16,16,.500,3.5,1.5,3,5,8,False,127,
2023-05-06,2023-05-05,2023,113,205,13,19,.406,6.5,4.5,4,10,13,False,124,
2023-05-06,2023-05-05,2023,138,205,10,23,.303,10.0,8.0,5,12,15,False,120,
2023-05-06,2023-05-05,2023,119,203,19,14,.576,-,-,1,,3,False,-,130
2023-05-06,2023-05-05,2023,109,203,18,14,.563,0.5,+0.5,2,1,4,False,130,
2023-05-06,2023-05-05,2023,135,203,18,15,.545,1.0,-,3,3,6,False,129,
2023-05-06,2023-05-05,2023,137,203,14,17,.452,4.0,3.0,4,8,11,False,127,
2023-05-06,2023-05-05,2023,115,203,12,21,.364,7.0,6.0,5,11,14,False,123,
2023-05-07,2023-05-06,2023,139,201,27,7,.794,-,-,1,,1,False,-,125
2023-05-07,2023-05-06,2023,110,201,22,11,.667,4.5,+2.5,2,1,2,False,125,
2023-05-07,2023-05-06,2023,111,201,21,14,.600,6.5,+0.5,3,2,3,False,122,
2023-05-07,2023-05-06,2023,141,201,20,14,.588,7.0,-,4,3,5,False,122,
2023-05-07,2023-05-06,2023,147,201,18,16,.529,9.0,2.0,5,5,8,False,120,
2023-05-07,2023-05-06,2023,142,202,19,15,.559,-,-,1,,6,False,-,127
2023-05-07,2023-05-06,2023,116,202,15,17,.469,3.0,4.0,2,8,11,False,127,
2023-05-07,2023-05-06,2023,114,202,15,18,.455,3.5,4.5,3,9,12,False,126,
2023-05-07,2023-05-06,2023,145,202,11,23,.324,8.0,9.0,4,10,13,False,121,
2023-05-07,2023-05-06,2023,118,202,8,26,.235,11.0,12.0,5,12,15,False,118,
2023-05-07,2023-05-06,2023,140,200,19,13,.594,-,-,1,,4,False,-,129
2023-05-07,2023-05-06,2023,108,200,19,15,.559,1.0,1.0,2,4,7,False,129,
2023-05-07,2023-05-06,2023,117,200,17,16,.515,2.5,2.5,3,6,9,False,128,
2023-05-07,2023-05-06,2023,136,200,16,17,.485,3.5,3.5,4,7,10,False,127,
2023-05-07,2023-05-06,2023,133,200,8,26,.235,12.0,12.0,5,11,14,False,118,
2023-05-07,2023-05-06,2023,144,204,23,11,.676,-,-,1,,1,False,-,123
2023-05-07,2023-05-06,2023,121,204,17,17,.500,6.0,1.0,2,5,8,False,123,
2023-05-07,2023-05-06,2023,146,204,16,18,.471,7.0,2.0,3,6,9,False,122,
2023-05-07,2023-05-06,2023,143,204,15,19,.441,8.0,3.0,4,8,11,False,121,
2023-05-07,2023-05-06,2023,120,204,13,20,.394,9.5,4.5,5,10,13,False,120,
2023-05-07,2023-05-06,2023,134,205,20,14,.588,-,-,1,,2,False,-,128
2023-05-07,2023-05-06,2023,158,205,18,15,.545,1.5,+0.5,2,2,5,False,128,
2023-05-07,2023-05-06,2023,112,205,17,16,.515,2.5,0.5,3,4,7,False,127,
2023-05-07,2023-05-06,2023,113,205,14,19,.424,5.5,3.5,4,9,12,False,124,
2023-05-07,2023-05-06,2023,138,205,10,24,.294,10.0,8.0,5,12,15,False,119,
2023-05-07,2023-05-06,2023,119,203,20,14,.588,-,-,1,,3,False,-,129
2023-05-07,2023-05-06,2023,109,203,19,14,.576,0.5,+1.5,2,1,4,False,129,
2023-05-07,2023-05-06,2023,135,203,18,16,.529,2.0,-,3,3,6,False,127,
2023-05-07,2023-05-06,2023,137,203,15,17,.469,4.0,2.0,4,7,10,False,126,
2023-05-07,2023-05-06,2023,115,203,13,21,.382,7.0,5.0,5,11,14,False,122,
2023-05-08,2023-05-07,2023,139,201,28,7,.800,-,-,1,,1,False,-,123
2023-05-08,2023-05-07,2023,110,201,22,12,.647,5.5,+2.0,2,1,2,False,123,
2023-05-08,2023-05-07,2023,141,201,21,14,.600,7.0,+0.5,3,2,4,False,121,
2023-05-08,2023-05-07,2023,111,201,21,15,.583,7.5,-,4,3,5,False,120,
2023-05-08,2023-05-07,2023,147,201,18,17,.514,10.0,2.5,5,5,8,False,118,
2023-05-08,2023-05-07,2023,142,202,19,16,.543,-,-,1,,6,False,-,126
2023-05-08,2023-05-07,2023,114,202,16,18,.471,2.5,4.0,2,8,11,False,126,
2023-05-08,2023-05-07,2023,116,202,15,18,.455,3.0,4.5,3,9,12,False,126,
2023-05-08,2023-05-07,2023,145,202,12,23,.343,7.0,8.5,4,10,13,False,121,
2023-05-08,2023-05-07,2023,118,202,9,26,.257,10.0,11.5,5,11,14,False,118,
2023-05-08,2023-05-07,2023,140,200,20,13,.606,-,-,1,,3,False,-,127
2023-05-08,2023-05-07,2023,108,200,19,16,.543,2.0,1.5,2,4,7,False,127,
2023-05-08,2023-05-07,2023,136,200,17,17,.500,3.5,3.0,3,6,9,False,126,
2023-05-08,2023-05-07,2023,117,200,17,17,.500,3.5,3.0,4,7,10,False,126,
2023-05-08,2023-05-07,2023,133,200,8,27,.229,13.0,12.5,5,12,15,False,116,
2023-05-08,2023-05-07,2023,144,204,24,11,.686,-,-,1,,1,False,-,121
2023-05-08,2023-05-07,2023,121,204,17,18,.486,7.0,1.0,2,5,8,False,121,
2023-05-08,2023-05-07,2023,146,204,17,18,.486,7.0,1.0,3,6,9,False,121,
2023-05-08,2023-05-07,2023,143,204,16,19,.457,8.0,2.0,4,7,10,False,120,
2023-05-08,2023-05-07,2023,120,204,14,20,.412,9.5,3.5,5,9,12,False,119,
2023-05-08,2023-05-07,2023,134,205,20,15,.571,-,-,1,,3,False,-,128
2023-05-08,2023-05-07,2023,158,205,19,15,.559,0.5,+1.5,2,2,5,False,128,
2023-05-08,2023-05-07,2023,112,205,17,17,.500,2.5,0.5,3,4,7,False,126,
2023-05-08,2023-05-07,2023,113,205,14,20,.412,5.5,3.5,4,10,13,False,123,
2023-05-08,2023-05-07,2023,138,205,11,24,.314,9.0,7.0,5,12,15,False,119,
2023-05-08,2023-05-07,2023,119,203,21,14,.600,-,-,1,,2,False,-,127
2023-05-08,2023-05-07,2023,109,203,19,15,.559,1.5,+1.5,2,1,4,False,127,
2023-05-08,2023-05-07,2023,135,203,18,17,.514,3.0,-,3,3,6,False,125,
2023-05-08,2023-05-07,2023,137,203,15,18,.455,5.0,2.0,4,8,11,False,124,
2023-05-08,2023-05-07,2023,115,203,14,21,.400,7.0,4.0,5,11,14,False,121,
2023-05-09,2023-05-08,2023,139,201,29,7,.806,-,-,1,,1,False,-,121
2023-05-09,2023-05-08,2023,110,201,22,13,.629,6.5,+1.5,2,1,2,False,121,
2023-05-09,2023-05-08,2023,141,201,21,14,.600,7.5,+0.5,3,2,4,False,120,
2023-05-09,2023-05-08,2023,111,201,21,15,.583,8.0,-,4,3,5,False,119,
2023-05-09,2023-05-08,2023,147,201,19,17,.528,10.0,2.0,5,5,8,False,117,
2023-05-09,2023-05-08,2023,142,202,19,16,.543,-,-,1,,7,False,-,126
2023-05-09,2023-05-08,2023,116,202,16,18,.471,2.5,4.0,2,8,11,False,126,
2023-05-09,2023-05-08,2023,114,202,16,19,.457,3.0,4.5,3,9,12,False,125,
2023-05-09,2023-05-08,2023,145,202,12,24,.333,7.5,9.0,4,10,13,False,120,
2023-05-09,2023-05-08,2023,118,202,10,26,.278,9.5,11.0,5,11,14,False,118,
2023-05-09,2023-05-08,2023,140,200,21,13,.618,-,-,1,,3,False,-,126
2023-05-09,2023-05-08,2023,108,200,20,16,.556,2.0,1.0,2,4,6,False,126,
2023-05-09,2023-05-08,2023,136,200,17,18,.486,4.5,3.5,3,6,9,False,124,
2023-05-09,2023-05-08,2023,117,200,17,18,.486,4.5,3.5,4,7,10,False,124,
2023-05-09,2023-05-08,2023,133,200,8,28,.222,14.0,13.0,5,12,15,False,114,
2023-05-09,2023-05-08,2023,144,204,24,11,.686,-,-,1,,1,False,-,121
2023-05-09,2023-05-08,2023,121,204,17,18,.486,7.0,1.0,2,4,7,False,121,
2023-05-09,2023-05-08,2023,146,204,17,19,.472,7.5,1.5,3,6,9,False,120,
2023-05-09,2023-05-08,2023,143,204,16,19,.457,8.0,2.0,4,7,10,False,120,
2023-05-09,2023-05-08,2023,120,204,15,20,.429,9.0,3.0,5,9,12,False,119,
2023-05-09,2023-05-08,2023,134,205,21,15,.583,-,-,1,,2,False,-,127
2023-05-09,2023-05-08,2023,158,205,20,15,.571,0.5,+2.0,2,2,5,False,127,
2023-05-09,2023-05-08,2023,112,205,17,18,.486,3.5,1.0,3,5,8,False,124,
2023-05-09,2023-05-08,2023,113,205,14,20,.412,6.0,3.5,4,10,13,False,122,
2023-05-09,2023-05-08,2023,138,205,12,24,.333,9.0,6.5,5,12,15,False,118,
2023-05-09,2023-05-08,2023,119,203,21,15,.583,-,-,1,,3,False,-,127
2023-05-09,2023-05-08,2023,109,203,20,15,.571,0.5,+2.0,2,1,4,False,127,
2023-05-09,2023-05-08,2023,135,203,18,17,.514,2.5,-,3,3,6,False,125,
2023-05-09,2023-05-08,2023,137,203,15,19,.441,5.0,2.5,4,8,11,False,123,
2023-05-09,2023-05-08,2023,115,203,14,22,.389,7.0,4.5,5,11,14,False,120,
2023-05-10,2023-05-09,2023,139,201,29,8,.784,-,-,1,,1,False,-,121
2023-05-10,2023-05-09,2023,110,201,23,13,.639,5.5,+2.5,2,1,2,False,121,
2023-05-10,2023-05-09,2023,141,201,21,15,.583,7.5,+0.5,3,2,4,False,119,
2023-05-10,2023-05-09,2023,111,201,21,16,.568,8.0,-,4,3,5,False,118,
2023-05-10,2023-05-09,2023,147,201,20,17,.541,9.0,1.0,5,4,6,False,117,
2023-05-10,2023-05-09,2023,142,202,19,17,.528,-,-,1,,8,False,-,125
2023-05-10,2023-05-09,2023,114,202,17,19,.472,2.0,3.5,2,8,11,False,125,
2023-05-10,2023-05-09,2023,116,202,16,19,.457,2.5,4.0,3,9,12,False,125,
2023-05-10,2023-05-09,2023,145,202,13,24,.351,6.5,8.0,4,10,13,False,120,
2023-05-10,2023-05-09,2023,118,202,10,27,.270,9.5,11.0,5,11,14,False,117,
2023-05-10,2023-05-09,2023,140,200,21,14,.600,-,-,1,,3,False,-,125
2023-05-10,2023-05-09,2023,108,200,20,17,.541,2.0,1.0,2,5,7,False,125,
2023-05-10,2023-05-09,2023,136,200,18,18,.500,3.5,2.5,3,6,9,False,124,
2023-05-10,2023-05-09,2023,117,200,18,18,.500,3.5,2.5,4,7,10,False,124,
2023-05-10,2023-05-09,2023,133,200,8,29,.216,14.0,13.0,5,12,15,False,113,
2023-05-10,2023-05-09,2023,144,204,25,11,.694,-,-,1,,1,False,-,119
2023-05-10,2023-05-09,2023,146,204,18,19,.486,7.5,1.5,2,4,7,False,119,
2023-05-10,2023-05-09,2023,121,204,17,19,.472,8.0,2.0,3,5,8,False,119,
2023-05-10,2023-05-09,2023,143,204,17,19,.472,8.0,2.0,4,6,9,False,119,
2023-05-10,2023-05-09,2023,120,204,15,21,.417,10.0,4.0,5,10,13,False,117,
2023-05-10,2023-05-09,2023,134,205,21,16,.568,-,-,1,,3,False,-,126
2023-05-10,2023-05-09,2023,158,205,20,16,.556,0.5,+1.0,2,2,5,False,126,
2023-05-10,2023-05-09,2023,112,205,17,19,.472,3.5,2.0,3,7,10,False,123,
2023-05-10,2023-05-09,2023,113,205,15,20,.429,5.0,3.5,4,9,12,False,122,
2023-05-10,2023-05-09,2023,138,205,13,24,.351,8.0,6.5,5,12,15,False,118,
2023-05-10,2023-05-09,2023,119,203,22,15,.595,-,-,1,,2,False,-,125
2023-05-10,2023-05-09,2023,109,203,20,16,.556,1.5,+1.0,2,1,4,False,125,
2023-05-10,2023-05-09,2023,135,203,19,17,.528,2.5,-,3,3,6,False,124,
2023-05-10,2023-05-09,2023,137,203,16,19,.457,5.0,2.5,4,8,11,False,122,
2023-05-10,2023-05-09,2023,115,203,15,22,.405,7.0,4.5,5,11,14,False,119,
2023-05-11,2023-05-10,2023,139,201,29,9,.763,-,-,1,,1,False,-,121
2023-05-11,2023-05-10,2023,110,201,24,13,.649,4.5,+3.0,2,1,2,False,121,
2023-05-11,2023-05-10,2023,111,201,22,16,.579,7.0,+0.5,3,2,4,False,118,
2023-05-11,2023-05-10,2023,141,201,21,16,.568,7.5,-,4,3,5,False,118,
2023-05-11,2023-05-10,2023,147,201,21,17,.553,8.0,0.5,5,4,6,False,117,
2023-05-11,2023-05-10,2023,142,202,20,17,.541,-,-,1,,7,False,-,124
2023-05-11,2023-05-10,2023,116,202,17,19,.472,2.5,3.5,2,8,11,False,124,
2023-05-11,2023-05-10,2023,114,202,17,20,.459,3.0,4.0,3,9,12,False,123,
2023-05-11,2023-05-10,2023,145,202,13,25,.342,7.5,8.5,4,10,13,False,118,
2023-05-11,2023-05-10,2023,118,202,11,27,.289,9.5,10.5,5,11,14,False,116,
2023-05-11,2023-05-10,2023,140,200,22,14,.611,-,-,1,,3,False,-,123
2023-05-11,2023-05-10,2023,108,200,20,18,.526,3.0,1.5,2,5,8,False,123,
2023-05-11,2023-05-10,2023,117,200,19,18,.514,3.5,2.0,3,6,9,False,123,
2023-05-11,2023-05-10,2023,136,200,18,19,.486,4.5,3.0,4,7,10,False,122,
2023-05-11,2023-05-10,2023,133,200,8,30,.211,15.0,13.5,5,12,15,False,111,
2023-05-11,2023-05-10,2023,144,204,25,12,.676,-,-,1,,1,False,-,119
2023-05-11,2023-05-10,2023,146,204,19,19,.500,6.5,0.5,2,4,7,False,119,
2023-05-11,2023-05-10,2023,121,204,18,19,.486,7.0,1.0,3,5,8,False,119,
2023-05-11,2023-05-10,2023,143,204,18,19,.486,7.0,1.0,4,7,10,False,119,
2023-05-11,2023-05-10,2023,120,204,16,21,.432,9.0,3.0,5,9,12,False,117,
2023-05-11,2023-05-10,2023,134,205,21,17,.553,-,-,1,,3,False,-,125
2023-05-11,2023-05-10,2023,158,205,20,17,.541,0.5,+1.0,2,2,5,False,125,
2023-05-11,2023-05-10,2023,112,205,18,19,.486,2.5,1.0,3,6,9,False,123,
2023-05-11,2023-05-10,2023,113,205,15,21,.417,5.0,3.5,4,11,14,False,121,
2023-05-11,2023-05-10,2023,138,205,13,25,.342,8.0,6.5,5,12,15,False,117,
2023-05-11,2023-05-10,2023,119,203,23,15,.605,-,-,1,,2,False,-,123
2023-05-11,2023-05-10,2023,109,203,20,17,.541,2.5,+1.0,2,1,4,False,123,
2023-05-11,2023-05-10,2023,135,203,19,18,.514,3.5,-,3,3,6,False,122,
2023-05-11,2023-05-10,2023,137,203,16,20,.444,6.0,2.5,4,8,11,False,120,
2023-05-11,2023-05-10,2023,115,203,16,22,.421,7.0,3.5,5,10,13,False,118,
2023-05-12,2023-05-11,2023,139,201,30,9,.769,-,-,1,,1,False,-,120
2023-05-12,2023-05-11,2023,110,201,24,13,.649,5.0,+3.0,2,1,2,False,120,
2023-05-12,2023-05-11,2023,111,201,22,16,.579,7.5,+0.5,3,2,4,False,117,
2023-05-12,2023-05-11,2023,141,201,21,16,.568,8.0,-,4,3,5,False,117,
2023-05-12,2023-05-11,2023,147,201,21,18,.538,9.0,1.0,5,4,7,False,115,
2023-05-12,2023-05-11,2023,142,202,21,17,.553,-,-,1,,6,False,-,123
2023-05-12,2023-05-11,2023,116,202,17,19,.472,3.0,3.5,2,8,11,False,123,
2023-05-12,2023-05-11,2023,114,202,17,20,.459,3.5,4.0,3,9,12,False,122,
2023-05-12,2023-05-11,2023,145,202,13,26,.333,8.5,9.0,4,10,13,False,116,
2023-05-12,2023-05-11,2023,118,202,12,27,.308,9.5,10.0,5,11,14,False,115,
2023-05-12,2023-05-11,2023,140,200,23,14,.622,-,-,1,,3,False,-,122
2023-05-12,2023-05-11,2023,108,200,20,18,.526,3.5,1.5,2,5,8,False,122,
2023-05-12,2023-05-11,2023,117,200,19,18,.514,4.0,2.0,3,6,9,False,122,
2023-05-12,2023-05-11,2023,136,200,18,19,.486,5.0,3.0,4,7,10,False,121,
2023-05-12,2023-05-11,2023,133,200,8,31,.205,16.0,14.0,5,12,15,False,109,
2023-05-12,2023-05-11,2023,144,204,25,12,.676,-,-,1,,1,False,-,119
2023-05-12,2023-05-11,2023,146,204,19,19,.500,6.5,-,2,4,7,False,119,
2023-05-12,2023-05-11,2023,143,204,18,19,.486,7.0,0.5,3,6,9,False,119,
2023-05-12,2023-05-11,2023,121,204,18,20,.474,7.5,1.0,4,7,10,False,118,
2023-05-12,2023-05-11,2023,120,204,16,21,.432,9.0,2.5,5,9,12,False,117,
2023-05-12,2023-05-11,2023,134,205,21,17,.553,-,-,1,,3,False,-,125
2023-05-12,2023-05-11,2023,158,205,20,17,.541,0.5,+1.5,2,1,4,False,125,
2023-05-12,2023-05-11,2023,112,205,18,19,.486,2.5,0.5,3,5,8,False,123,
2023-05-12,2023-05-11,2023,113,205,16,21,.432,4.5,2.5,4,10,13,False,121,
2023-05-12,2023-05-11,2023,138,205,13,25,.342,8.0,6.0,5,12,15,False,117,
2023-05-12,2023-05-11,2023,119,203,23,15,.605,-,-,1,,2,False,-,122
2023-05-12,2023-05-11,2023,109,203,20,18,.526,3.0,+1.0,2,2,5,False,122,
2023-05-12,2023-05-11,2023,135,203,19,19,.500,4.0,-,3,3,6,False,121,
2023-05-12,2023-05-11,2023,137,203,17,20,.459,5.5,1.5,4,8,11,False,120,
2023-05-12,2023-05-11,2023,115,203,16,22,.421,7.0,3.0,5,11,14,False,118,
2023-05-13,2023-05-12,2023,139,201,30,10,.750,-,-,1,,1,False,-,120
2023-05-13,2023-05-12,2023,110,201,25,13,.658,4.0,+3.5,2,1,2,False,120,
2023-05-13,2023-05-12,2023,141,201,22,16,.579,7.0,+0.5,3,2,4,False,117,
2023-05-13,2023-05-12,2023,111,201,22,17,.564,7.5,-,4,3,5,False,116,
2023-05-13,2023-05-12,2023,147,201,22,18,.550,8.0,0.5,5,4,6,False,115,
2023-05-13,2023-05-12,2023,142,202,21,18,.538,-,-,1,,7,False,-,122
2023-05-13,2023-05-12,2023,116,202,17,20,.459,3.0,4.0,2,8,11,False,122,
2023-05-13,2023-05-12,2023,114,202,17,21,.447,3.5,4.5,3,9,12,False,121,
2023-05-13,2023-05-12,2023,145,202,13,27,.325,8.5,9.5,4,10,13,False,115,
2023-05-13,2023-05-12,2023,118,202,12,28,.300,9.5,10.5,5,11,14,False,114,
2023-05-13,2023-05-12,2023,140,200,23,15,.605,-,-,1,,3,False,-,122
2023-05-13,2023-05-12,2023,108,200,21,18,.538,2.5,1.0,2,5,8,False,122,
2023-05-13,2023-05-12,2023,117,200,20,18,.526,3.0,1.5,3,6,9,False,122,
2023-05-13,2023-05-12,2023,136,200,19,19,.500,4.0,2.5,4,7,10,False,121,
2023-05-13,2023-05-12,2023,133,200,9,31,.225,15.0,13.5,5,12,15,False,109,
2023-05-13,2023-05-12,2023,144,204,25,13,.658,-,-,1,,1,False,-,119
2023-05-13,2023-05-12,2023,143,204,19,19,.500,6.0,-,2,4,7,False,119,
2023-05-13,2023-05-12,2023,121,204,19,20,.487,6.5,0.5,3,5,8,False,118,
2023-05-13,2023-05-12,2023,146,204,19,20,.487,6.5,0.5,4,7,10,False,118,
2023-05-13,2023-05-12,2023,120,204,16,22,.421,9.0,3.0,5,10,13,False,116,
2023-05-13,2023-05-12,2023,158,205,21,17,.553,-,-,1,,3,False,-,124
2023-05-13,2023-05-12,2023,134,205,21,18,.538,0.5,+1.5,2,1,4,False,124,
2023-05-13,2023-05-12,2023,112,205,19,19,.500,2.0,-,3,3,6,False,123,
2023-05-13,2023-05-12,2023,113,205,17,21,.447,4.0,2.0,4,8,11,False,121,
2023-05-13,2023-05-12,2023,138,205,14,25,.359,7.5,5.5,5,12,15,False,117,
2023-05-13,2023-05-12,2023,119,203,24,15,.615,-,-,1,,2,False,-,121
2023-05-13,2023-05-12,2023,109,203,21,18,.538,3.0,+1.5,2,2,5,False,121,
2023-05-13,2023-05-12,2023,135,203,19,20,.487,5.0,0.5,3,6,9,False,119,
2023-05-13,2023-05-12,2023,137,203,17,21,.447,6.5,2.0,4,9,12,False,118,
2023-05-13,2023-05-12,2023,115,203,16,23,.410,8.0,3.5,5,11,14,False,116,
2023-05-14,2023-05-13,2023,139,201,30,11,.732,-,-,1,,1,False,-,120
2023-05-14,2023-05-13,2023,110,201,26,13,.667,3.0,+4.0,2,1,2,False,120,
2023-05-14,2023-05-13,2023,141,201,23,16,.590,6.0,+1.0,3,2,4,False,117,
2023-05-14,2023-05-13,2023,147,201,23,18,.561,7.0,-,4,3,5,False,115,
2023-05-14,2023-05-13,2023,111,201,22,18,.550,7.5,0.5,5,4,6,False,115,
2023-05-14,2023-05-13,2023,142,202,22,18,.550,-,-,1,,7,False,-,120
2023-05-14,2023-05-13,2023,114,202,18,21,.462,3.5,4.0,2,8,11,False,120,
2023-05-14,2023-05-13,2023,116,202,17,21,.447,4.0,4.5,3,9,12,False,120,
2023-05-14,2023-05-13,2023,145,202,14,27,.341,8.5,9.0,4,10,13,False,114,
2023-05-14,2023-05-13,2023,118,202,12,29,.293,10.5,11.0,5,11,14,False,112,
2023-05-14,2023-05-13,2023,140,200,24,15,.615,-,-,1,,3,False,-,120
2023-05-14,2023-05-13,2023,108,200,21,19,.525,3.5,1.5,2,5,8,False,120,
2023-05-14,2023-05-13,2023,136,200,20,19,.513,4.0,2.0,3,6,9,False,120,
2023-05-14,2023-05-13,2023,117,200,20,19,.513,4.0,2.0,4,7,10,False,120,
2023-05-14,2023-05-13,2023,133,200,9,32,.220,16.0,14.0,5,12,15,False,107,
2023-05-14,2023-05-13,2023,144,204,25,14,.641,-,-,1,,1,False,-,119
2023-05-14,2023-05-13,2023,143,204,20,19,.513,5.0,-,2,3,6,False,119,
2023-05-14,2023-05-13,2023,121,204,19,21,.475,6.5,1.5,3,5,8,False,117,
2023-05-14,2023-05-13,2023,146,204,19,21,.475,6.5,1.5,4,7,10,False,117,
2023-05-14,2023-05-13,2023,120,204,17,22,.436,8.0,3.0,5,9,12,False,116,
2023-05-14,2023-05-13,2023,158,205,22,17,.564,-,-,1,,3,False,-,122
2023-05-14,2023-05-13,2023,134,205,21,19,.525,1.5,+0.5,2,2,5,False,122,
2023-05-14,2023-05-13,2023,112,205,19,20,.487,3.0,1.0,3,4,7,False,121,
2023-05-14,2023-05-13,2023,113,205,18,21,.462,4.0,2.0,4,8,11,False,120,
2023-05-14,2023-05-13,2023,138,205,15,25,.375,7.5,5.5,5,12,15,False,116,
2023-05-14,2023-05-13,2023,119,203,25,15,.625,-,-,1,,2,False,-,120
2023-05-14,2023-05-13,2023,109,203,22,18,.550,3.0,+1.5,2,1,4,False,120,
2023-05-14,2023-05-13,2023,135,203,19,21,.475,6.0,1.5,3,6,9,False,117,
2023-05-14,2023-05-13,2023,137,203,17,22,.436,7.5,3.0,4,10,13,False,116,
2023-05-14,2023-05-13,2023,115,203,16,24,.400,9.0,4.5,5,11,14,False,114,
2023-05-15,2023-05-14,2023,139,201,31,11,.738,-,-,1,,1,False,-,118
2023-05-15,2023-05-14,2023,110,201,26,14,.650,4.0,+4.0,2,1,2,False,118,
2023-05-15,2023-05-14,2023,141,201,24,16,.600,6.0,+2.0,3,2,4,False,116,
2023-05-15,2023-05-14,2023,147,201,23,19,.548,8.0,-,4,3,6,False,113,
2023-05-15,2023-05-14,2023,111,201,22,19,.537,8.5,0.5,5,4,7,False,113,
2023-05-15,2023-05-14,2023,142,202,23,18,.561,-,-,1,,5,False,-,119
2023-05-15,2023-05-14,2023,114,202,19,21,.475,3.5,3.0,2,8,11,False,119,
2023-05-15,2023-05-14,2023,116,202,18,21,.462,4.0,3.5,3,9,12,False,119,
2023-05-15,2023-05-14,2023,145,202,14,28,.333,9.5,9.0,4,10,13,False,112,
2023-05-15,2023-05-14,2023,118,202,12,30,.286,11.5,11.0,5,11,14,False,110,
2023-05-15,2023-05-14,2023,140,200,25,15,.625,-,-,1,,3,False,-,119
2023-05-15,2023-05-14,2023,117,200,21,19,.525,4.0,1.0,2,5,8,False,119,
2023-05-15,2023-05-14,2023,108,200,21,20,.512,4.5,1.5,3,6,9,False,118,
2023-05-15,2023-05-14,2023,136,200,20,20,.500,5.0,2.0,4,7,10,False,118,
2023-05-15,2023-05-14,2023,133,200,9,33,.214,17.0,14.0,5,12,15,False,105,
2023-05-15,2023-05-14,2023,144,204,25,15,.625,-,-,1,,2,False,-,118
2023-05-15,2023-05-14,2023,143,204,20,20,.500,5.0,-,2,3,6,False,118,
2023-05-15,2023-05-14,2023,121,204,20,21,.488,5.5,0.5,3,4,7,False,117,
2023-05-15,2023-05-14,2023,146,204,20,21,.488,5.5,0.5,4,5,8,False,117,
2023-05-15,2023-05-14,2023,120,204,17,23,.425,8.0,3.0,5,9,12,False,115,
2023-05-15,2023-05-14,2023,158,205,23,17,.575,-,-,1,,3,False,-,121
2023-05-15,2023-05-14,2023,134,205,22,19,.537,1.5,+1.5,2,2,5,False,121,
2023-05-15,2023-05-14,2023,112,205,19,21,.475,4.0,1.0,3,6,9,False,119,
2023-05-15,2023-05-14,2023,113,205,18,22,.450,5.0,2.0,4,8,11,False,118,
2023-05-15,2023-05-14,2023,138,205,16,25,.390,7.5,4.5,5,12,15,False,115,
2023-05-15,2023-05-14,2023,119,203,26,15,.634,-,-,1,,1,False,-,119
2023-05-15,2023-05-14,2023,109,203,23,18,.561,3.0,+2.5,2,1,4,False,119,
2023-05-15,2023-05-14,2023,135,203,19,22,.463,7.0,1.5,3,7,10,False,115,
2023-05-15,2023-05-14,2023,137,203,17,23,.425,8.5,3.0,4,10,13,False,114,
2023-05-15,2023-05-14,2023,115,203,17,24,.415,9.0,3.5,5,11,14,False,113,
2023-05-16,2023-05-15,2023,139,201,31,11,.738,-,-,1,,1,False,-,117
2023-05-16,2023-05-15,2023,110,201,26,15,.634,4.5,+3.0,2,1,2,False,117,
2023-05-16,2023-05-15,2023,141,201,24,17,.585,6.5,+1.0,3,2,4,False,115,
2023-05-16,2023-05-15,2023,147,201,24,19,.558,7.5,-,4,3,5,False,113,
2023-05-16,2023-05-15,2023,111,201,22,20,.524,9.0,1.5,5,5,8,False,112,
2023-05-16,2023-05-15,2023,142,202,23,19,.548,-,-,1,,6,False,-,119
2023-05-16,2023-05-15,2023,114,202,19,21,.475,3.0,3.5,2,8,11,False,119,
2023-05-16,2023-05-15,2023,116,202,18,21,.462,3.5,4.0,3,9,12,False,119,
2023-05-16,2023-05-15,2023,145,202,14,28,.333,9.0,9.5,4,10,13,False,112,
2023-05-16,2023-05-15,2023,118,202,12,31,.279,11.5,12.0,5,11,14,False,109,
2023-05-16,2023-05-15,2023,140,200,25,16,.610,-,-,1,,3,False,-,119
2023-05-16,2023-05-15,2023,117,200,22,19,.537,3.0,1.0,2,4,7,False,119,
2023-05-16,2023-05-15,2023,108,200,22,20,.524,3.5,1.5,3,6,9,False,118,
2023-05-16,2023-05-15,2023,136,200,21,20,.512,4.0,2.0,4,7,10,False,118,
2023-05-16,2023-05-15,2023,133,200,9,34,.209,17.0,15.0,5,12,15,False,104,
2023-05-16,2023-05-15,2023,144,204,26,15,.634,-,-,1,,2,False,-,116
2023-05-16,2023-05-15,2023,146,204,20,21,.488,6.0,-,2,3,6,False,116,
2023-05-16,2023-05-15,2023,143,204,20,21,.488,6.0,-,3,4,7,False,116,
2023-05-16,2023-05-15,2023,121,204,20,22,.476,6.5,0.5,4,5,8,False,115,
2023-05-16,2023-05-15,2023,120,204,18,23,.439,8.0,2.0,5,8,11,False,114,
2023-05-16,2023-05-15,2023,158,205,23,18,.561,-,-,1,,4,False,-,121
2023-05-16,2023-05-15,2023,134,205,22,19,.537,1.0,+2.0,2,2,5,False,121,
2023-05-16,2023-05-15,2023,112,205,19,22,.463,4.0,1.0,3,7,10,False,118,
2023-05-16,2023-05-15,2023,113,205,18,23,.439,5.0,2.0,4,10,13,False,117,
2023-05-16,2023-05-15,2023,138,205,17,25,.405,6.5,3.5,5,12,15,False,115,
2023-05-16,2023-05-15,2023,119,203,27,15,.643,-,-,1,,1,False,-,118
2023-05-16,2023-05-15,2023,109,203,24,18,.571,3.0,+3.5,2,1,3,False,118,
2023-05-16,2023-05-15,2023,135,203,20,22,.476,7.0,0.5,3,6,9,False,114,
2023-05-16,2023-05-15,2023,137,203,18,23,.439,8.5,2.0,4,9,12,False,113,
2023-05-16,2023-05-15,2023,115,203,18,24,.429,9.0,2.5,5,11,14,False,112,
2023-05-17,2023-05-16,2023,139,201,32,11,.744,-,-,1,,1,False,-,116
2023-05-17,2023-05-16,2023,110,201,27,15,.643,4.5,+3.0,2,1,2,False,116,
2023-05-17,2023-05-16,2023,141,201,24,18,.571,7.5,-,3,2,4,False,113,
2023-05-17,2023-05-16,2023,147,201,25,19,.568,7.5,-,4,3,5,False,112,
2023-05-17,2023-05-16,2023,111,201,23,20,.535,9.0,1.5,5,5,8,False,111,
2023-05-17,2023-05-16,2023,142,202,24,19,.558,-,-,1,,6,False,-,118
2023-05-17,2023-05-16,2023,116,202,19,21,.475,3.5,4.0,2,8,11,False,118,
2023-05-17,2023-05-16,2023,114,202,19,22,.463,4.0,4.5,3,9,12,False,117,
2023-05-17,2023-05-16,2023,145,202,15,28,.349,9.0,9.5,4,10,13,False,111,
2023-05-17,2023-05-16,2023,118,202,13,31,.295,11.5,12.0,5,11,14,False,108,
2023-05-17,2023-05-16,2023,140,200,26,16,.619,-,-,1,,3,False,-,118
2023-05-17,2023-05-16,2023,117,200,23,19,.548,3.0,1.0,2,4,7,False,118,
2023-05-17,2023-05-16,2023,108,200,22,21,.512,4.5,2.5,3,6,9,False,116,
2023-05-17,2023-05-16,2023,136,200,21,21,.500,5.0,3.0,4,7,10,False,116,
2023-05-17,2023-05-16,2023,133,200,10,34,.227,17.0,15.0,5,12,15,False,103,
2023-05-17,2023-05-16,2023,144,204,26,16,.619,-,-,1,,2,False,-,116
2023-05-17,2023-05-16,2023,146,204,21,21,.500,5.0,-,2,3,6,False,116,
2023-05-17,2023-05-16,2023,143,204,20,22,.476,6.0,1.0,3,4,7,False,115,
2023-05-17,2023-05-16,2023,121,204,20,23,.465,6.5,1.5,4,5,8,False,114,
2023-05-17,2023-05-16,2023,120,204,18,24,.429,8.0,3.0,5,10,13,False,113,
2023-05-17,2023-05-16,2023,158,205,24,18,.571,-,-,1,,3,False,-,119
2023-05-17,2023-05-16,2023,134,205,22,20,.524,2.0,+1.0,2,2,5,False,119,
2023-05-17,2023-05-16,2023,112,205,19,23,.452,5.0,2.0,3,7,10,False,116,
2023-05-17,2023-05-16,2023,113,205,19,23,.452,5.0,2.0,4,8,11,False,116,
2023-05-17,2023-05-16,2023,138,205,17,26,.395,7.5,4.5,5,12,15,False,113,
2023-05-17,2023-05-16,2023,119,203,27,16,.628,-,-,1,,1,False,-,117
2023-05-17,2023-05-16,2023,109,203,24,19,.558,3.0,+2.5,2,1,4,False,117,
2023-05-17,2023-05-16,2023,135,203,20,23,.465,7.0,1.5,3,6,9,False,113,
2023-05-17,2023-05-16,2023,137,203,19,23,.452,7.5,2.0,4,9,12,False,113,
2023-05-17,2023-05-16,2023,115,203,18,25,.419,9.0,3.5,5,11,14,False,111,
2023-05-18,2023-05-17,2023,139,201,32,12,.727,-,-,1,,1,False,-,116
2023-05-18,2023-05-17,2023,110,201,28,15,.651,3.5,+4.0,2,1,2,False,116,
2023-05-18,2023-05-17,2023,141,201,25,18,.581,6.5,+1.0,3,2,4,False,113,
2023-05-18,2023-05-17,2023,147,201,25,20,.556,7.5,-,4,4,6,False,111,
2023-05-18,2023-05-17,2023,111,201,24,20,.545,8.0,0.5,5,5,7,False,111,
2023-05-18,2023-05-17,2023,142,202,24,20,.545,-,-,1,,8,False,-,117
2023-05-18,2023-05-17,2023,116,202,19,22,.463,3.5,4.0,2,8,11,False,117,
2023-05-18,2023-05-17,2023,114,202,19,23,.452,4.0,4.5,3,9,12,False,116,
2023-05-18,2023-05-17,2023,145,202,16,28,.364,8.0,8.5,4,10,13,False,111,
2023-05-18,2023-05-17,2023,118,202,14,31,.311,10.5,11.0,5,11,14,False,108,
2023-05-18,2023-05-17,2023,140,200,26,17,.605,-,-,1,,3,False,-,118
2023-05-18,2023-05-17,2023,117,200,24,19,.558,2.0,-,2,3,5,False,118,
2023-05-18,2023-05-17,2023,108,200,22,22,.500,4.5,2.5,3,6,9,False,115,
2023-05-18,2023-05-17,2023,136,200,21,22,.488,5.0,3.0,4,7,10,False,115,
2023-05-18,2023-05-17,2023,133,200,10,35,.222,17.0,15.0,5,12,15,False,102,
2023-05-18,2023-05-17,2023,144,204,27,16,.628,-,-,1,,2,False,-,115
2023-05-18,2023-05-17,2023,146,204,22,21,.512,5.0,-,2,3,6,False,115,
2023-05-18,2023-05-17,2023,121,204,21,23,.477,6.5,1.5,3,4,7,False,113,
2023-05-18,2023-05-17,2023,143,204,20,23,.465,7.0,2.0,4,6,9,False,113,
2023-05-18,2023-05-17,2023,120,204,18,25,.419,9.0,4.0,5,11,14,False,111,
2023-05-18,2023-05-17,2023,158,205,24,19,.558,-,-,1,,4,False,-,119
2023-05-18,2023-05-17,2023,134,205,23,20,.535,1.0,+1.0,2,2,5,False,119,
2023-05-18,2023-05-17,2023,112,205,19,24,.442,5.0,3.0,3,8,11,False,115,
2023-05-18,2023-05-17,2023,113,205,19,24,.442,5.0,3.0,4,9,12,False,115,
2023-05-18,2023-05-17,2023,138,205,18,26,.409,6.5,4.5,5,12,15,False,113,
2023-05-18,2023-05-17,2023,119,203,28,16,.636,-,-,1,,1,False,-,116
2023-05-18,2023-05-17,2023,109,203,25,19,.568,3.0,+2.5,2,1,3,False,116,
2023-05-18,2023-05-17,2023,137,203,20,23,.465,7.5,2.0,3,5,8,False,112,
2023-05-18,2023-05-17,2023,135,203,20,24,.455,8.0,2.5,4,7,10,False,111,
2023-05-18,2023-05-17,2023,115,203,19,25,.432,9.0,3.5,5,10,13,False,110,
2023-05-19,2023-05-18,2023,139,201,32,13,.711,-,-,1,,1,False,-,115
2023-05-19,2023-05-18,2023,110,201,28,16,.636,3.5,+3.0,2,1,2,False,115,
2023-05-19,2023-05-18,2023,141,201,25,19,.568,6.5,-,3,2,4,False,112,
2023-05-19,2023-05-18,2023,147,201,26,20,.565,6.5,-,4,3,5,False,111,
2023-05-19,2023-05-18,2023,111,201,24,20,.545,7.5,1.0,5,5,7,False,111,
2023-05-19,2023-05-18,2023,142,202,24,20,.545,-,-,1,,8,False,-,116
2023-05-19,2023-05-18,2023,114,202,20,23,.465,3.5,4.5,2,8,11,False,116,
2023-05-19,2023-05-18,2023,116,202,19,22,.463,3.5,4.5,3,9,12,False,117,
2023-05-19,2023-05-18,2023,145,202,16,29,.356,8.5,9.5,4,10,13,False,110,
2023-05-19,2023-05-18,2023,118,202,14,31,.311,10.5,11.5,5,11,14,False,108,
2023-05-19,2023-05-18,2023,140,200,26,17,.605,-,-,1,,3,False,-,118
2023-05-19,2023-05-18,2023,117,200,24,19,.558,2.0,0.5,2,4,6,False,118,
2023-05-19,2023-05-18,2023,108,200,23,22,.511,4.0,2.5,3,6,9,False,115,
2023-05-19,2023-05-18,2023,136,200,21,22,.488,5.0,3.5,4,7,10,False,115,
2023-05-19,2023-05-18,2023,133,200,10,35,.222,17.0,15.5,5,12,15,False,102,
2023-05-19,2023-05-18,2023,144,204,27,16,.628,-,-,1,,1,False,-,115
2023-05-19,2023-05-18,2023,146,204,23,21,.523,4.5,-,2,3,6,False,115,
2023-05-19,2023-05-18,2023,121,204,22,23,.489,6.0,1.5,3,4,7,False,113,
2023-05-19,2023-05-18,2023,143,204,20,23,.465,7.0,2.5,4,6,9,False,113,
2023-05-19,2023-05-18,2023,120,204,18,26,.409,9.5,5.0,5,12,15,False,110,
2023-05-19,2023-05-18,2023,158,205,24,19,.558,-,-,1,,4,False,-,119
2023-05-19,2023-05-18,2023,134,205,23,20,.535,1.0,+0.5,2,2,5,False,119,
2023-05-19,2023-05-18,2023,112,205,19,24,.442,5.0,3.5,3,8,11,False,115,
2023-05-19,2023-05-18,2023,113,205,19,24,.442,5.0,3.5,4,9,12,False,115,
2023-05-19,2023-05-18,2023,138,205,19,26,.422,6.0,4.5,5,11,14,False,113,
2023-05-19,2023-05-18,2023,119,203,28,17,.622,-,-,1,,2,False,-,116
2023-05-19,2023-05-18,2023,109,203,25,19,.568,2.5,+2.0,2,1,3,False,116,
2023-05-19,2023-05-18,2023,137,203,20,23,.465,7.0,2.5,3,5,8,False,112,
2023-05-19,2023-05-18,2023,135,203,20,24,.455,7.5,3.0,4,7,10,False,111,
2023-05-19,2023-05-18,2023,115,203,19,25,.432,8.5,4.0,5,10,13,False,110,
2023-05-20,2023-05-19,2023,139,201,33,13,.717,-,-,1,,1,False,-,114
2023-05-20,2023-05-19,2023,110,201,29,16,.644,3.5,+3.5,2,1,2,False,114,
2023-05-20,2023-05-19,2023,147,201,27,20,.574,6.5,+0.5,3,2,4,False,110,
2023-05-20,2023-05-19,2023,111,201,25,20,.556,7.5,0.5,4,4,6,False,110,
2023-05-20,2023-05-19,2023,141,201,25,20,.556,7.5,0.5,5,5,7,False,110,
2023-05-20,2023-05-19,2023,142,202,24,21,.533,-,-,1,,8,False,-,117
2023-05-20,2023-05-19,2023,116,202,20,22,.476,2.5,4.0,2,8,11,False,117,
2023-05-20,2023-05-19,2023,114,202,20,24,.455,3.5,5.0,3,9,12,False,115,
2023-05-20,2023-05-19,2023,145,202,17,29,.370,7.5,9.0,4,10,13,False,110,
2023-05-20,2023-05-19,2023,118,202,14,32,.304,10.5,12.0,5,11,14,False,107,
2023-05-20,2023-05-19,2023,140,200,27,17,.614,-,-,1,,3,False,-,117
2023-05-20,2023-05-19,2023,117,200,25,19,.568,2.0,-,2,3,5,False,117,
2023-05-20,2023-05-19,2023,108,200,24,22,.522,4.0,2.0,3,6,9,False,114,
2023-05-20,2023-05-19,2023,136,200,21,23,.477,6.0,4.0,4,7,10,False,113,
2023-05-20,2023-05-19,2023,133,200,10,36,.217,18.0,16.0,5,12,15,False,100,
2023-05-20,2023-05-19,2023,144,204,28,16,.636,-,-,1,,1,False,-,113
2023-05-20,2023-05-19,2023,146,204,23,22,.511,5.5,-,2,3,6,False,113,
2023-05-20,2023-05-19,2023,121,204,23,23,.500,6.0,0.5,3,4,7,False,112,
2023-05-20,2023-05-19,2023,143,204,20,24,.455,8.0,2.5,4,7,10,False,111,
2023-05-20,2023-05-19,2023,120,204,18,27,.400,10.5,5.0,5,12,15,False,108,
2023-05-20,2023-05-19,2023,134,205,24,20,.545,-,-,1,,4,False,-,115
2023-05-20,2023-05-19,2023,158,205,24,20,.545,-,+1.5,2,2,5,False,-,
2023-05-20,2023-05-19,2023,112,205,20,24,.455,4.0,2.5,3,6,9,False,115,
2023-05-20,2023-05-19,2023,113,205,19,25,.432,5.0,3.5,4,9,12,False,114,
2023-05-20,2023-05-19,2023,138,205,19,27,.413,6.0,4.5,5,11,14,False,112,
2023-05-20,2023-05-19,2023,119,203,29,17,.630,-,-,1,,2,False,-,114
2023-05-20,2023-05-19,2023,109,203,25,20,.556,3.5,+2.0,2,1,3,False,114,
2023-05-20,2023-05-19,2023,137,203,21,23,.477,7.0,1.5,3,5,8,False,111,
2023-05-20,2023-05-19,2023,135,203,20,25,.444,8.5,3.0,4,8,11,False,109,
2023-05-20,2023-05-19,2023,115,203,19,26,.422,9.5,4.0,5,10,13,False,108,
2023-05-21,2023-05-20,2023,139,201,34,13,.723,-,-,1,,1,False,-,113
2023-05-21,2023-05-20,2023,110,201,30,16,.652,3.5,+3.5,2,1,2,False,113,
2023-05-21,2023-05-20,2023,147,201,28,20,.583,6.5,+0.5,3,2,4,False,109,
2023-05-21,2023-05-20,2023,111,201,26,20,.565,7.5,0.5,4,4,6,False,109,
2023-05-21,2023-05-20,2023,141,201,25,21,.543,8.5,1.5,5,5,8,False,108,
2023-05-21,2023-05-20,2023,142,202,25,21,.543,-,-,1,,7,False,-,115
2023-05-21,2023-05-20,2023,116,202,20,23,.465,3.5,5.0,2,8,11,False,115,
2023-05-21,2023-05-20,2023,114,202,20,24,.455,4.0,5.5,3,9,12,False,114,
2023-05-21,2023-05-20,2023,145,202,18,29,.383,7.5,9.0,4,10,13,False,109,
2023-05-21,2023-05-20,2023,118,202,14,33,.298,11.5,13.0,5,11,14,False,105,
2023-05-21,2023-05-20,2023,140,200,28,17,.622,-,-,1,,3,False,-,116
2023-05-21,2023-05-20,2023,117,200,26,19,.578,2.0,-,2,3,5,False,116,
2023-05-21,2023-05-20,2023,108,200,24,23,.511,5.0,3.0,3,6,9,False,112,
2023-05-21,2023-05-20,2023,136,200,22,23,.489,6.0,4.0,4,7,10,False,112,
2023-05-21,2023-05-20,2023,133,200,10,37,.213,19.0,17.0,5,12,15,False,98,
2023-05-21,2023-05-20,2023,144,204,28,17,.622,-,-,1,,1,False,-,113
2023-05-21,2023-05-20,2023,146,204,24,22,.522,4.5,-,2,3,6,False,113,
2023-05-21,2023-05-20,2023,121,204,23,23,.500,5.5,1.0,3,4,7,False,112,
2023-05-21,2023-05-20,2023,143,204,21,24,.467,7.0,2.5,4,6,9,False,111,
2023-05-21,2023-05-20,2023,120,204,19,27,.413,9.5,5.0,5,11,14,False,108,
2023-05-21,2023-05-20,2023,134,205,24,21,.533,-,-,1,,4,False,-,114
2023-05-21,2023-05-20,2023,158,205,24,21,.533,-,+0.5,2,2,5,False,-,
2023-05-21,2023-05-20,2023,112,205,20,25,.444,4.0,3.5,3,7,10,False,114,
2023-05-21,2023-05-20,2023,138,205,20,27,.426,5.0,4.5,4,9,12,False,112,
2023-05-21,2023-05-20,2023,113,205,19,26,.422,5.0,4.5,5,10,13,False,113,
2023-05-21,2023-05-20,2023,119,203,29,18,.617,-,-,1,,2,False,-,114
2023-05-21,2023-05-20,2023,109,203,26,20,.565,2.5,+2.0,2,1,3,False,114,
2023-05-21,2023-05-20,2023,137,203,21,24,.467,7.0,2.5,3,5,8,False,110,
2023-05-21,2023-05-20,2023,135,203,20,26,.435,8.5,4.0,4,8,11,False,108,
2023-05-21,2023-05-20,2023,115,203,19,27,.413,9.5,5.0,5,12,15,False,107,
2023-05-22,2023-05-21,2023,139,201,34,14,.708,-,-,1,,1,False,-,113
2023-05-22,2023-05-21,2023,110,201,31,16,.660,2.5,+3.5,2,1,2,False,113,
2023-05-22,2023-05-21,2023,147,201,29,20,.592,5.5,+0.5,3,2,4,False,109,
2023-05-22,2023-05-21,2023,111,201,26,21,.553,7.5,1.5,4,4,6,False,108,
2023-05-22,2023-05-21,2023,141,201,25,22,.532,8.5,2.5,5,5,8,False,107,
2023-05-22,2023-05-21,2023,142,202,25,22,.532,-,-,1,,7,False,-,114
2023-05-22,2023-05-21,2023,116,202,20,24,.455,3.5,6.0,2,8,11,False,114,
2023-05-22,2023-05-21,2023,114,202,20,26,.435,4.5,7.0,3,9,12,False,112,
2023-05-22,2023-05-21,2023,145,202,19,29,.396,6.5,9.0,4,10,13,False,109,
2023-05-22,2023-05-21,2023,118,202,14,34,.292,11.5,14.0,5,11,14,False,104,
2023-05-22,2023-05-21,2023,140,200,29,17,.630,-,-,1,,3,False,-,115
2023-05-22,2023-05-21,2023,117,200,27,19,.587,2.0,-,2,3,5,False,115,
2023-05-22,2023-05-21,2023,108,200,25,23,.521,5.0,3.0,3,6,9,False,111,
2023-05-22,2023-05-21,2023,136,200,22,24,.478,7.0,5.0,4,7,10,False,110,
2023-05-22,2023-05-21,2023,133,200,10,38,.208,20.0,18.0,5,12,15,False,96,
2023-05-22,2023-05-21,2023,144,204,29,17,.630,-,-,1,,1,False,-,111
2023-05-22,2023-05-21,2023,121,204,25,23,.521,5.0,-,2,3,6,False,111,
2023-05-22,2023-05-21,2023,146,204,24,23,.511,5.5,0.5,3,4,7,False,111,
2023-05-22,2023-05-21,2023,143,204,22,24,.478,7.0,2.0,4,6,9,False,110,
2023-05-22,2023-05-21,2023,120,204,20,27,.426,9.5,4.5,5,10,13,False,107,
2023-05-22,2023-05-21,2023,158,205,25,21,.543,-,-,1,,4,False,-,116
2023-05-22,2023-05-21,2023,134,205,24,22,.522,1.0,-,2,2,5,False,116,
2023-05-22,2023-05-21,2023,138,205,21,27,.438,5.0,4.0,3,8,11,False,111,
2023-05-22,2023-05-21,2023,112,205,20,26,.435,5.0,4.0,4,9,12,False,112,
2023-05-22,2023-05-21,2023,113,205,19,27,.413,6.0,5.0,5,11,14,False,111,
2023-05-22,2023-05-21,2023,119,203,29,19,.604,-,-,1,,2,False,-,114
2023-05-22,2023-05-21,2023,109,203,27,20,.574,1.5,+2.5,2,1,3,False,114,
2023-05-22,2023-05-21,2023,137,203,22,24,.478,6.0,2.0,3,5,8,False,110,
2023-05-22,2023-05-21,2023,135,203,21,26,.447,7.5,3.5,4,7,10,False,108,
2023-05-22,2023-05-21,2023,115,203,19,28,.404,9.5,5.5,5,12,15,False,106,
2023-05-23,2023-05-22,2023,139,201,35,14,.714,-,-,1,,1,False,-,112
2023-05-23,2023-05-22,2023,110,201,31,16,.660,3.0,+3.0,2,1,2,False,112,
2023-05-23,2023-05-22,2023,147,201,29,20,.592,6.0,-,3,3,5,False,108,
2023-05-23,2023-05-22,2023,111,201,26,22,.542,8.5,2.5,4,4,6,False,106,
2023-05-23,2023-05-22,2023,141,201,25,23,.521,9.5,3.5,5,6,9,False,105,
2023-05-23,2023-05-22,2023,142,202,25,23,.521,-,-,1,,8,False,-,114
2023-05-23,2023-05-22,2023,116,202,21,24,.467,2.5,6.0,2,8,11,False,114,
2023-05-23,2023-05-22,2023,114,202,21,26,.447,3.5,7.0,3,9,12,False,112,
2023-05-23,2023-05-22,2023,145,202,19,30,.388,6.5,10.0,4,10,13,False,108,
2023-05-23,2023-05-22,2023,118,202,14,35,.286,11.5,15.0,5,11,14,False,103,
2023-05-23,2023-05-22,2023,140,200,29,18,.617,-,-,1,,3,False,-,115
2023-05-23,2023-05-22,2023,117,200,28,19,.596,1.0,-,2,2,4,False,115,
2023-05-23,2023-05-22,2023,108,200,26,23,.531,4.0,3.0,3,5,7,False,111,
2023-05-23,2023-05-22,2023,136,200,23,24,.489,6.0,5.0,4,7,10,False,110,
2023-05-23,2023-05-22,2023,133,200,10,39,.204,20.0,19.0,5,12,15,False,95,
2023-05-23,2023-05-22,2023,144,204,29,18,.617,-,-,1,,1,False,-,111
2023-05-23,2023-05-22,2023,121,204,25,23,.521,4.5,-,2,3,6,False,111,
2023-05-23,2023-05-22,2023,146,204,24,24,.500,5.5,1.0,3,4,7,False,110,
2023-05-23,2023-05-22,2023,143,204,22,25,.468,7.0,2.5,4,6,9,False,109,
2023-05-23,2023-05-22,2023,120,204,20,27,.426,9.0,4.5,5,11,14,False,107,
2023-05-23,2023-05-22,2023,134,205,25,22,.532,-,-,1,,4,False,-,112
2023-05-23,2023-05-22,2023,158,205,25,22,.532,-,+0.5,2,2,5,False,-,
2023-05-23,2023-05-22,2023,112,205,20,26,.435,4.5,4.0,3,8,11,False,112,
2023-05-23,2023-05-22,2023,138,205,21,28,.429,5.0,4.5,4,9,12,False,110,
2023-05-23,2023-05-22,2023,113,205,20,27,.426,5.0,4.5,5,10,13,False,111,
2023-05-23,2023-05-22,2023,119,203,30,19,.612,-,-,1,,2,False,-,113
2023-05-23,2023-05-22,2023,109,203,28,20,.583,1.5,+3.0,2,1,3,False,113,
2023-05-23,2023-05-22,2023,137,203,23,24,.489,6.0,1.5,3,5,8,False,109,
2023-05-23,2023-05-22,2023,135,203,21,26,.447,8.0,3.5,4,7,10,False,107,
2023-05-23,2023-05-22,2023,115,203,20,28,.417,9.5,5.0,5,12,15,False,105,
2023-05-24,2023-05-23,2023,139,201,35,15,.700,-,-,1,,1,False,-,111
2023-05-24,2023-05-23,2023,110,201,31,17,.646,3.0,+3.0,2,1,2,False,111,
2023-05-24,2023-05-23,2023,147,201,30,20,.600,5.0,+1.0,3,2,4,False,108,
2023-05-24,2023-05-23,2023,111,201,26,23,.531,8.5,2.5,4,5,7,False,105,
2023-05-24,2023-05-23,2023,141,201,26,23,.531,8.5,2.5,5,6,8,False,105,
2023-05-24,2023-05-23,2023,142,202,25,24,.510,-,-,1,,9,False,-,113
2023-05-24,2023-05-23,2023,116,202,21,25,.457,2.5,6.0,2,8,11,False,113,
2023-05-24,2023-05-23,2023,114,202,21,27,.438,3.5,7.0,3,9,12,False,111,
2023-05-24,2023-05-23,2023,145,202,20,30,.400,5.5,9.0,4,10,13,False,108,
2023-05-24,2023-05-23,2023,118,202,15,35,.300,10.5,14.0,5,11,14,False,103,
2023-05-24,2023-05-23,2023,140,200,30,18,.625,-,-,1,,3,False,-,113
2023-05-24,2023-05-23,2023,117,200,28,20,.583,2.0,-,2,3,5,False,113,
2023-05-24,2023-05-23,2023,108,200,27,23,.540,4.0,2.0,3,4,6,False,110,
2023-05-24,2023-05-23,2023,136,200,24,24,.500,6.0,4.0,4,7,10,False,109,
2023-05-24,2023-05-23,2023,133,200,10,40,.200,21.0,19.0,5,12,15,False,93,
2023-05-24,2023-05-23,2023,144,204,29,19,.604,-,-,1,,2,False,-,110
2023-05-24,2023-05-23,2023,121,204,25,24,.510,4.5,-,2,3,6,False,110,
2023-05-24,2023-05-23,2023,146,204,24,25,.490,5.5,1.0,3,5,8,False,109,
2023-05-24,2023-05-23,2023,143,204,22,26,.458,7.0,2.5,4,7,10,False,108,
2023-05-24,2023-05-23,2023,120,204,20,28,.417,9.0,4.5,5,11,14,False,106,
2023-05-24,2023-05-23,2023,158,205,26,22,.542,-,-,1,,4,False,-,114
2023-05-24,2023-05-23,2023,134,205,25,23,.521,1.0,+0.5,2,2,5,False,114,
2023-05-24,2023-05-23,2023,112,205,21,26,.447,4.5,3.0,3,8,11,False,111,
2023-05-24,2023-05-23,2023,138,205,22,28,.440,5.0,3.5,4,9,12,False,109,
2023-05-24,2023-05-23,2023,113,205,20,28,.417,6.0,4.5,5,12,15,False,109,
2023-05-24,2023-05-23,2023,119,203,31,19,.620,-,-,1,,1,False,-,112
2023-05-24,2023-05-23,2023,109,203,29,20,.592,1.5,+4.0,2,1,3,False,112,
2023-05-24,2023-05-23,2023,137,203,24,24,.500,6.0,0.5,3,4,7,False,108,
2023-05-24,2023-05-23,2023,135,203,22,26,.458,8.0,2.5,4,6,9,False,106,
2023-05-24,2023-05-23,2023,115,203,21,28,.429,9.5,4.0,5,10,13,False,104,
2023-05-25,2023-05-24,2023,139,201,36,15,.706,-,-,1,,1,False,-,110
2023-05-25,2023-05-24,2023,110,201,32,17,.653,3.0,+4.0,2,1,2,False,110,
2023-05-25,2023-05-24,2023,147,201,30,21,.588,6.0,+1.0,3,2,4,False,106,
2023-05-25,2023-05-24,2023,111,201,26,24,.520,9.5,2.5,4,5,7,False,103,
2023-05-25,2023-05-24,2023,141,201,26,24,.520,9.5,2.5,5,6,9,False,103,
2023-05-25,2023-05-24,2023,142,202,26,24,.520,-,-,1,,8,False,-,112
2023-05-25,2023-05-24,2023,116,202,22,25,.468,2.5,5.0,2,8,11,False,112,
2023-05-25,2023-05-24,2023,114,202,21,28,.429,4.5,7.0,3,9,12,False,109,
2023-05-25,2023-05-24,2023,145,202,21,30,.412,5.5,8.0,4,10,13,False,107,
2023-05-25,2023-05-24,2023,118,202,15,36,.294,11.5,14.0,5,11,14,False,101,
2023-05-25,2023-05-24,2023,140,200,31,18,.633,-,-,1,,3,False,-,111
2023-05-25,2023-05-24,2023,117,200,28,21,.571,3.0,-,2,3,5,False,111,
2023-05-25,2023-05-24,2023,108,200,28,23,.549,4.0,1.0,3,4,6,False,109,
2023-05-25,2023-05-24,2023,136,200,25,24,.510,6.0,3.0,4,7,10,False,108,
2023-05-25,2023-05-24,2023,133,200,10,41,.196,22.0,19.0,5,12,15,False,91,
2023-05-25,2023-05-24,2023,144,204,30,19,.612,-,-,1,,1,False,-,108
2023-05-25,2023-05-24,2023,121,204,25,25,.500,5.5,-,2,3,6,False,108,
2023-05-25,2023-05-24,2023,146,204,25,25,.500,5.5,-,3,4,7,False,108,
2023-05-25,2023-05-24,2023,143,204,23,26,.469,7.0,1.5,4,6,9,False,107,
2023-05-25,2023-05-24,2023,120,204,21,28,.429,9.0,3.5,5,11,14,False,105,
2023-05-25,2023-05-24,2023,158,205,27,22,.551,-,-,1,,4,False,-,112
2023-05-25,2023-05-24,2023,134,205,25,24,.510,2.0,+0.5,2,2,5,False,112,
2023-05-25,2023-05-24,2023,112,205,22,26,.458,4.5,2.0,3,7,10,False,110,
2023-05-25,2023-05-24,2023,138,205,22,29,.431,6.0,3.5,4,9,12,False,107,
2023-05-25,2023-05-24,2023,113,205,21,28,.429,6.0,3.5,5,10,13,False,108,
2023-05-25,2023-05-24,2023,119,203,31,20,.608,-,-,1,,2,False,-,111
2023-05-25,2023-05-24,2023,109,203,29,21,.580,1.5,+4.0,2,1,3,False,111,
2023-05-25,2023-05-24,2023,137,203,24,25,.490,6.0,0.5,3,5,8,False,107,
2023-05-25,2023-05-24,2023,135,203,22,27,.449,8.0,2.5,4,8,11,False,105,
2023-05-25,2023-05-24,2023,115,203,21,29,.420,9.5,4.0,5,12,15,False,103,
2023-05-26,2023-05-25,2023,139,201,37,15,.712,-,-,1,,1,False,-,109
2023-05-26,2023-05-25,2023,110,201,33,17,.660,3.0,+4.5,2,1,2,False,109,
2023-05-26,2023-05-25,2023,147,201,30,22,.577,7.0,+0.5,3,2,4,False,104,
2023-05-26,2023-05-25,2023,111,201,26,24,.520,10.0,2.5,4,5,7,False,102,
2023-05-26,2023-05-25,2023,141,201,26,25,.510,10.5,3.0,5,7,10,False,101,
2023-05-26,2023-05-25,2023,142,202,26,24,.520,-,-,1,,9,False,-,112
2023-05-26,2023-05-25,2023,116,202,23,25,.479,2.0,4.5,2,8,11,False,112,
2023-05-26,2023-05-25,2023,114,202,21,28,.429,4.5,7.0,3,9,12,False,109,
2023-05-26,2023-05-25,2023,145,202,21,31,.404,6.0,8.5,4,10,13,False,106,
2023-05-26,2023-05-25,2023,118,202,15,36,.294,11.5,14.0,5,11,14,False,101,
2023-05-26,2023-05-25,2023,140,200,31,18,.633,-,-,1,,3,False,-,111
2023-05-26,2023-05-25,2023,117,200,28,21,.571,3.0,-,2,3,5,False,111,
2023-05-26,2023-05-25,2023,108,200,28,23,.549,4.0,1.0,3,4,6,False,109,
2023-05-26,2023-05-25,2023,136,200,26,24,.520,5.5,2.5,4,6,8,False,108,
2023-05-26,2023-05-25,2023,133,200,10,42,.192,22.5,19.5,5,12,15,False,90,
2023-05-26,2023-05-25,2023,144,204,31,19,.620,-,-,1,,1,False,-,107
2023-05-26,2023-05-25,2023,121,204,26,25,.510,5.5,-,2,3,6,False,107,
2023-05-26,2023-05-25,2023,146,204,25,26,.490,6.5,1.0,3,5,8,False,106,
2023-05-26,2023-05-25,2023,143,204,23,27,.460,8.0,2.5,4,7,10,False,105,
2023-05-26,2023-05-25,2023,120,204,21,29,.420,10.0,4.5,5,11,14,False,103,
2023-05-26,2023-05-25,2023,158,205,27,23,.540,-,-,1,,4,False,-,112
2023-05-26,2023-05-25,2023,134,205,25,24,.510,1.5,-,2,2,5,False,112,
2023-05-26,2023-05-25,2023,112,205,22,27,.449,4.5,3.0,3,8,11,False,109,
2023-05-26,2023-05-25,2023,138,205,23,29,.442,5.0,3.5,4,9,12,False,107,
2023-05-26,2023-05-25,2023,113,205,21,29,.420,6.0,4.5,5,12,15,False,107,
2023-05-26,2023-05-25,2023,119,203,31,20,.608,-,-,1,,2,False,-,111
2023-05-26,2023-05-25,2023,109,203,29,21,.580,1.5,+3.5,2,1,3,False,111,
2023-05-26,2023-05-25,2023,137,203,25,25,.500,5.5,0.5,3,4,7,False,107,
2023-05-26,2023-05-25,2023,135,203,23,27,.460,7.5,2.5,4,6,9,False,105,
2023-05-26,2023-05-25,2023,115,203,22,29,.431,9.0,4.0,5,10,13,False,103,
2023-05-27,2023-05-26,2023,139,201,38,15,.717,-,-,1,,1,False,-,107
2023-05-27,2023-05-26,2023,110,201,33,18,.647,4.0,+4.0,2,1,2,False,107,
2023-05-27,2023-05-26,2023,147,201,30,23,.566,8.0,-,3,3,5,False,102,
2023-05-27,2023-05-26,2023,111,201,27,24,.529,10.0,2.0,4,5,7,False,101,
2023-05-27,2023-05-26,2023,141,201,27,25,.519,10.5,2.5,5,6,8,False,100,
2023-05-27,2023-05-26,2023,142,202,26,25,.510,-,-,1,,10,False,-,111
2023-05-27,2023-05-26,2023,116,202,23,26,.469,2.0,5.0,2,8,11,False,111,
2023-05-27,2023-05-26,2023,114,202,22,28,.440,3.5,6.5,3,9,12,False,109,
2023-05-27,2023-05-26,2023,145,202,22,31,.415,5.0,8.0,4,10,13,False,106,
2023-05-27,2023-05-26,2023,118,202,15,37,.288,11.5,14.5,5,11,14,False,100,
2023-05-27,2023-05-26,2023,140,200,32,18,.640,-,-,1,,3,False,-,110
2023-05-27,2023-05-26,2023,117,200,29,21,.580,3.0,+0.5,2,2,4,False,110,
2023-05-27,2023-05-26,2023,108,200,28,24,.538,5.0,1.5,3,4,6,False,107,
2023-05-27,2023-05-26,2023,136,200,26,25,.510,6.5,3.0,4,7,9,False,106,
2023-05-27,2023-05-26,2023,133,200,10,43,.189,23.5,20.0,5,12,15,False,88,
2023-05-27,2023-05-26,2023,144,204,31,20,.608,-,-,1,,1,False,-,107
2023-05-27,2023-05-26,2023,121,204,27,25,.519,4.5,-,2,3,6,False,107,
2023-05-27,2023-05-26,2023,146,204,26,26,.500,5.5,1.0,3,5,8,False,106,
2023-05-27,2023-05-26,2023,143,204,24,27,.471,7.0,2.5,4,7,10,False,105,
2023-05-27,2023-05-26,2023,120,204,22,29,.431,9.0,4.5,5,11,14,False,103,
2023-05-27,2023-05-26,2023,158,205,27,24,.529,-,-,1,,4,False,-,112
2023-05-27,2023-05-26,2023,134,205,26,24,.520,0.5,-,2,2,5,False,112,
2023-05-27,2023-05-26,2023,112,205,22,28,.440,4.5,4.0,3,8,11,False,108,
2023-05-27,2023-05-26,2023,138,205,23,30,.434,5.0,4.5,4,9,12,False,106,
2023-05-27,2023-05-26,2023,113,205,22,29,.431,5.0,4.5,5,10,13,False,107,
2023-05-27,2023-05-26,2023,119,203,31,21,.596,-,-,1,,2,False,-,110
2023-05-27,2023-05-26,2023,109,203,29,22,.569,1.5,+2.5,2,1,3,False,110,
2023-05-27,2023-05-26,2023,137,203,26,25,.510,4.5,0.5,3,4,7,False,107,
2023-05-27,2023-05-26,2023,135,203,24,27,.471,6.5,2.5,4,6,9,False,105,
2023-05-27,2023-05-26,2023,115,203,22,30,.423,9.0,5.0,5,12,15,False,102,
2023-05-28,2023-05-27,2023,139,201,38,16,.704,-,-,1,,1,False,-,106
2023-05-28,2023-05-27,2023,110,201,33,19,.635,4.0,+3.0,2,1,3,False,106,
2023-05-28,2023-05-27,2023,147,201,31,23,.574,7.0,-,3,3,5,False,102,
2023-05-28,2023-05-27,2023,111,201,28,24,.538,9.0,2.0,4,4,6,False,101,
2023-05-28,2023-05-27,2023,141,201,27,26,.509,10.5,3.5,5,7,10,False,99,
2023-05-28,2023-05-27,2023,142,202,27,25,.519,-,-,1,,9,False,-,110
2023-05-28,2023-05-27,2023,116,202,24,26,.480,2.0,5.0,2,8,11,False,110,
2023-05-28,2023-05-27,2023,114,202,22,29,.431,4.5,7.5,3,9,12,False,107,
2023-05-28,2023-05-27,2023,145,202,22,32,.407,6.0,9.0,4,10,13,False,104,
2023-05-28,2023-05-27,2023,118,202,15,38,.283,12.5,15.5,5,11,14,False,98,
2023-05-28,2023-05-27,2023,140,200,33,18,.647,-,-,1,,2,False,-,109
2023-05-28,2023-05-27,2023,117,200,30,21,.588,3.0,+0.5,2,2,4,False,109,
2023-05-28,2023-05-27,2023,108,200,28,25,.528,6.0,2.5,3,5,7,False,105,
2023-05-28,2023-05-27,2023,136,200,27,25,.519,6.5,3.0,4,6,8,False,105,
2023-05-28,2023-05-27,2023,133,200,10,44,.185,24.5,21.0,5,12,15,False,86,
2023-05-28,2023-05-27,2023,144,204,31,21,.596,-,-,1,,2,False,-,106
2023-05-28,2023-05-27,2023,121,204,27,26,.509,4.5,-,2,4,7,False,106,
2023-05-28,2023-05-27,2023,146,204,27,26,.509,4.5,-,3,5,8,False,106,
2023-05-28,2023-05-27,2023,143,204,25,27,.481,6.0,1.5,4,6,9,False,105,
2023-05-28,2023-05-27,2023,120,204,23,29,.442,8.0,3.5,5,10,13,False,103,
2023-05-28,2023-05-27,2023,158,205,27,25,.519,-,-,1,,5,False,-,111
2023-05-28,2023-05-27,2023,134,205,26,25,.510,0.5,-,2,3,6,False,111,
2023-05-28,2023-05-27,2023,138,205,24,30,.444,4.0,3.5,3,8,11,False,106,
2023-05-28,2023-05-27,2023,113,205,23,29,.442,4.0,3.5,4,9,12,False,107,
2023-05-28,2023-05-27,2023,112,205,22,29,.431,4.5,4.0,5,12,15,False,107,
2023-05-28,2023-05-27,2023,119,203,32,21,.604,-,-,1,,1,False,-,108
2023-05-28,2023-05-27,2023,109,203,29,23,.558,2.5,+2.5,2,1,3,False,108,
2023-05-28,2023-05-27,2023,137,203,27,25,.519,4.5,+0.5,3,2,4,False,106,
2023-05-28,2023-05-27,2023,135,203,24,28,.462,7.5,2.5,4,7,10,False,103,
2023-05-28,2023-05-27,2023,115,203,23,30,.434,9.0,4.0,5,11,14,False,101,
2023-05-29,2023-05-28,2023,139,201,39,16,.709,-,-,1,,1,False,-,105
2023-05-29,2023-05-28,2023,110,201,34,19,.642,4.0,+3.0,2,1,2,False,105,
2023-05-29,2023-05-28,2023,147,201,32,23,.582,7.0,-,3,3,5,False,101,
2023-05-29,2023-05-28,2023,111,201,28,25,.528,10.0,3.0,4,4,6,False,99,
2023-05-29,2023-05-28,2023,141,201,28,26,.519,10.5,3.5,5,6,8,False,98,
2023-05-29,2023-05-28,2023,142,202,27,26,.509,-,-,1,,10,False,-,110
2023-05-29,2023-05-28,2023,116,202,25,26,.490,1.0,5.0,2,8,11,False,110,
2023-05-29,2023-05-28,2023,114,202,23,29,.442,3.5,7.5,3,9,12,False,107,
2023-05-29,2023-05-28,2023,145,202,22,33,.400,6.0,10.0,4,10,13,False,103,
2023-05-29,2023-05-28,2023,118,202,16,38,.296,11.5,15.5,5,11,14,False,98,
2023-05-29,2023-05-28,2023,140,200,33,19,.635,-,-,1,,3,False,-,109
2023-05-29,2023-05-28,2023,117,200,31,21,.596,2.0,+0.5,2,2,4,False,109,
2023-05-29,2023-05-28,2023,136,200,28,25,.528,5.5,3.0,3,5,7,False,105,
2023-05-29,2023-05-28,2023,108,200,28,26,.519,6.0,3.5,4,7,9,False,104,
2023-05-29,2023-05-28,2023,133,200,10,45,.182,24.5,22.0,5,12,15,False,85,
2023-05-29,2023-05-28,2023,144,204,32,21,.604,-,-,1,,1,False,-,105
2023-05-29,2023-05-28,2023,146,204,28,26,.519,4.5,+0.5,2,2,5,False,105,
2023-05-29,2023-05-28,2023,121,204,27,27,.500,5.5,0.5,3,5,8,False,104,
2023-05-29,2023-05-28,2023,143,204,25,28,.472,7.0,2.0,4,6,9,False,103,
2023-05-29,2023-05-28,2023,120,204,23,30,.434,9.0,4.0,5,11,14,False,101,
2023-05-29,2023-05-28,2023,158,205,28,25,.528,-,-,1,,4,False,-,109
2023-05-29,2023-05-28,2023,134,205,26,26,.500,1.5,0.5,2,4,7,False,109,
2023-05-29,2023-05-28,2023,113,205,24,29,.453,4.0,3.0,3,8,11,False,106,
2023-05-29,2023-05-28,2023,138,205,24,31,.436,5.0,4.0,4,10,13,False,104,
2023-05-29,2023-05-28,2023,112,205,22,30,.423,5.5,4.5,5,12,15,False,105,
2023-05-29,2023-05-28,2023,119,203,32,22,.593,-,-,1,,2,False,-,108
2023-05-29,2023-05-28,2023,109,203,30,23,.566,1.5,+3.0,2,1,3,False,108,
2023-05-29,2023-05-28,2023,137,203,27,26,.509,4.5,-,3,3,6,False,105,
2023-05-29,2023-05-28,2023,135,203,24,29,.453,7.5,3.0,4,7,10,False,102,
2023-05-29,2023-05-28,2023,115,203,24,30,.444,8.0,3.5,5,9,12,False,101,
2023-05-30,2023-05-29,2023,139,201,39,17,.696,-,-,1,,1,False,-,104
2023-05-30,2023-05-29,2023,110,201,34,20,.630,4.0,+2.5,2,1,3,False,104,
2023-05-30,2023-05-29,2023,147,201,33,23,.589,6.0,+0.5,3,2,4,False,101,
2023-05-30,2023-05-29,2023,111,201,28,25,.528,9.5,3.0,4,4,6,False,99,
2023-05-30,2023-05-29,2023,141,201,28,26,.519,10.0,3.5,5,6,8,False,98,
2023-05-30,2023-05-29,2023,142,202,28,26,.519,-,-,1,,10,False,-,108
2023-05-30,2023-05-29,2023,116,202,25,27,.481,2.0,5.5,2,8,11,False,108,
2023-05-30,2023-05-29,2023,114,202,24,29,.453,3.5,7.0,3,9,12,False,106,
2023-05-30,2023-05-29,2023,145,202,22,34,.393,7.0,10.5,4,10,13,False,101,
2023-05-30,2023-05-29,2023,118,202,17,38,.309,11.5,15.0,5,11,14,False,97,
2023-05-30,2023-05-29,2023,140,200,34,19,.642,-,-,1,,2,False,-,107
2023-05-30,2023-05-29,2023,117,200,31,22,.585,3.0,-,2,3,5,False,107,
2023-05-30,2023-05-29,2023,108,200,29,26,.527,6.0,3.0,3,5,7,False,103,
2023-05-30,2023-05-29,2023,136,200,28,26,.519,6.5,3.5,4,7,9,False,103,
2023-05-30,2023-05-29,2023,133,200,11,45,.196,24.5,21.5,5,12,15,False,84,
2023-05-30,2023-05-29,2023,144,204,32,22,.593,-,-,1,,2,False,-,105
2023-05-30,2023-05-29,2023,146,204,28,26,.519,4.0,-,2,2,5,False,105,
2023-05-30,2023-05-29,2023,121,204,27,27,.500,5.0,1.0,3,4,7,False,104,
2023-05-30,2023-05-29,2023,143,204,25,28,.472,6.5,2.5,4,6,9,False,103,
2023-05-30,2023-05-29,2023,120,204,23,31,.426,9.0,5.0,5,12,15,False,100,
2023-05-30,2023-05-29,2023,158,205,28,25,.528,-,-,1,,4,False,-,108
2023-05-30,2023-05-29,2023,134,205,26,27,.491,2.0,1.5,2,5,8,False,108,
2023-05-30,2023-05-29,2023,113,205,24,29,.453,4.0,3.5,3,8,11,False,106,
2023-05-30,2023-05-29,2023,112,205,23,30,.434,5.0,4.5,4,10,13,False,105,
2023-05-30,2023-05-29,2023,138,205,24,32,.429,5.5,5.0,5,11,14,False,103,
2023-05-30,2023-05-29,2023,119,203,33,22,.600,-,-,1,,1,False,-,107
2023-05-30,2023-05-29,2023,109,203,31,23,.574,1.5,+3.0,2,1,3,False,107,
2023-05-30,2023-05-29,2023,137,203,28,26,.519,4.5,-,3,3,6,False,104,
2023-05-30,2023-05-29,2023,135,203,24,29,.453,8.0,3.5,4,7,10,False,101,
2023-05-30,2023-05-29,2023,115,203,24,31,.436,9.0,4.5,5,9,12,False,99,
2023-05-31,2023-05-30,2023,139,201,39,18,.684,-,-,1,,1,False,-,104
2023-05-31,2023-05-30,2023,110,201,35,20,.636,3.0,+2.5,2,1,3,False,104,
2023-05-31,2023-05-30,2023,147,201,34,23,.596,5.0,+0.5,3,2,4,False,101,
2023-05-31,2023-05-30,2023,141,201,29,26,.527,9.0,3.5,4,4,6,False,98,
2023-05-31,2023-05-30,2023,111,201,28,26,.519,9.5,4.0,5,5,7,False,98,
2023-05-31,2023-05-30,2023,142,202,28,27,.509,-,-,1,,10,False,-,107
2023-05-31,2023-05-30,2023,116,202,25,28,.472,2.0,6.5,2,8,11,False,107,
2023-05-31,2023-05-30,2023,114,202,24,30,.444,3.5,8.0,3,9,12,False,105,
2023-05-31,2023-05-30,2023,145,202,23,34,.404,6.0,10.5,4,10,13,False,101,
2023-05-31,2023-05-30,2023,118,202,17,39,.304,11.5,16.0,5,11,14,False,96,
2023-05-31,2023-05-30,2023,140,200,35,19,.648,-,-,1,,2,False,-,106
2023-05-31,2023-05-30,2023,117,200,32,22,.593,3.0,-,2,3,5,False,106,
2023-05-31,2023-05-30,2023,108,200,29,27,.518,7.0,4.0,3,6,8,False,101,
2023-05-31,2023-05-30,2023,136,200,28,27,.509,7.5,4.5,4,7,9,False,101,
2023-05-31,2023-05-30,2023,133,200,12,45,.211,24.5,21.5,5,12,15,False,83,
2023-05-31,2023-05-30,2023,144,204,32,23,.582,-,-,1,,2,False,-,104
2023-05-31,2023-05-30,2023,121,204,28,27,.509,4.0,-,2,2,5,False,104,
2023-05-31,2023-05-30,2023,146,204,28,27,.509,4.0,-,3,4,7,False,104,
2023-05-31,2023-05-30,2023,143,204,25,29,.463,6.5,2.5,4,7,10,False,102,
2023-05-31,2023-05-30,2023,120,204,23,32,.418,9.0,5.0,5,12,15,False,99,
2023-05-31,2023-05-30,2023,158,205,28,26,.519,-,-,1,,4,False,-,108
2023-05-31,2023-05-30,2023,134,205,27,27,.500,1.0,0.5,2,5,8,False,108,
2023-05-31,2023-05-30,2023,113,205,25,29,.463,3.0,2.5,3,8,11,False,106,
2023-05-31,2023-05-30,2023,112,205,24,30,.444,4.0,3.5,4,9,12,False,105,
2023-05-31,2023-05-30,2023,138,205,25,32,.439,4.5,4.0,5,10,13,False,103,
2023-05-31,2023-05-30,2023,119,203,34,22,.607,-,-,1,,1,False,-,106
2023-05-31,2023-05-30,2023,109,203,32,23,.582,1.5,+4.0,2,1,3,False,106,
2023-05-31,2023-05-30,2023,137,203,28,27,.509,5.5,-,3,3,6,False,102,
2023-05-31,2023-05-30,2023,135,203,25,29,.463,8.0,2.5,4,6,9,False,100,
2023-05-31,2023-05-30,2023,115,203,24,32,.429,10.0,4.5,5,11,14,False,97,
2023-06-01,2023-05-31,2023,139,201,40,18,.690,-,-,1,,1,False,-,102
2023-06-01,2023-05-31,2023,110,201,35,21,.625,4.0,+2.5,2,1,3,False,102,
2023-06-01,2023-05-31,2023,147,201,34,24,.586,6.0,+0.5,3,2,4,False,99,
2023-06-01,2023-05-31,2023,141,201,29,27,.518,10.0,3.5,4,5,7,False,96,
2023-06-01,2023-05-31,2023,111,201,28,27,.509,10.5,4.0,5,7,10,False,96,
2023-06-01,2023-05-31,2023,142,202,29,27,.518,-,-,1,,9,False,-,106
2023-06-01,2023-05-31,2023,116,202,26,28,.481,2.0,5.5,2,8,11,False,106,
2023-06-01,2023-05-31,2023,114,202,25,30,.455,3.5,7.0,3,9,12,False,104,
2023-06-01,2023-05-31,2023,145,202,23,35,.397,7.0,10.5,4,10,13,False,99,
2023-06-01,2023-05-31,2023,118,202,17,39,.304,12.0,15.5,5,11,14,False,95,
2023-06-01,2023-05-31,2023,140,200,35,20,.636,-,-,1,,2,False,-,105
2023-06-01,2023-05-31,2023,117,200,32,23,.582,3.0,-,2,3,5,False,105,
2023-06-01,2023-05-31,2023,108,200,30,27,.526,6.0,3.0,3,4,6,False,101,
2023-06-01,2023-05-31,2023,136,200,29,27,.518,6.5,3.5,4,6,8,False,101,
2023-06-01,2023-05-31,2023,133,200,12,46,.207,24.5,21.5,5,12,15,False,82,
2023-06-01,2023-05-31,2023,144,204,33,23,.589,-,-,1,,2,False,-,103
2023-06-01,2023-05-31,2023,121,204,29,27,.518,4.0,-,2,2,5,False,103,
2023-06-01,2023-05-31,2023,146,204,29,27,.518,4.0,-,3,3,6,False,103,
2023-06-01,2023-05-31,2023,143,204,25,30,.455,7.5,3.5,4,8,11,False,100,
2023-06-01,2023-05-31,2023,120,204,24,32,.429,9.0,5.0,5,11,14,False,98,
2023-06-01,2023-05-31,2023,158,205,29,26,.527,-,-,1,,4,False,-,107
2023-06-01,2023-05-31,2023,134,205,28,27,.509,1.0,0.5,2,4,7,False,107,
2023-06-01,2023-05-31,2023,113,205,26,29,.473,3.0,2.5,3,6,9,False,105,
2023-06-01,2023-05-31,2023,138,205,25,32,.439,5.0,4.5,4,9,12,False,102,
2023-06-01,2023-05-31,2023,112,205,24,31,.436,5.0,4.5,5,10,13,False,103,
2023-06-01,2023-05-31,2023,119,203,34,23,.596,-,-,1,,1,False,-,106
2023-06-01,2023-05-31,2023,109,203,33,23,.589,0.5,+4.0,2,1,3,False,106,
2023-06-01,2023-05-31,2023,137,203,28,28,.500,5.5,1.0,3,5,8,False,101,
2023-06-01,2023-05-31,2023,135,203,25,30,.455,8.0,3.5,4,7,10,False,99,
2023-06-01,2023-05-31,2023,115,203,24,33,.421,10.0,5.5,5,12,15,False,96,
2023-06-02,2023-06-01,2023,139,201,40,18,.690,-,-,1,,1,False,-,102
2023-06-02,2023-06-01,2023,110,201,35,21,.625,4.0,+2.0,2,1,3,False,102,
2023-06-02,2023-06-01,2023,147,201,34,24,.586,6.0,-,3,3,5,False,99,
2023-06-02,2023-06-01,2023,141,201,30,27,.526,9.5,3.5,4,4,6,False,96,
2023-06-02,2023-06-01,2023,111,201,29,27,.518,10.0,4.0,5,5,8,False,96,
2023-06-02,2023-06-01,2023,142,202,30,27,.526,-,-,1,,7,False,-,105
2023-06-02,2023-06-01,2023,116,202,26,28,.481,2.5,6.0,2,8,11,False,105,
2023-06-02,2023-06-01,2023,114,202,25,31,.446,4.5,8.0,3,9,12,False,102,
2023-06-02,2023-06-01,2023,145,202,23,35,.397,7.5,11.0,4,10,13,False,98,
2023-06-02,2023-06-01,2023,118,202,17,39,.304,12.5,16.0,5,11,14,False,94,
2023-06-02,2023-06-01,2023,140,200,35,20,.636,-,-,1,,2,False,-,105
2023-06-02,2023-06-01,2023,117,200,33,23,.589,2.5,-,2,2,4,False,105,
2023-06-02,2023-06-01,2023,136,200,29,27,.518,6.5,4.0,3,6,9,False,101,
2023-06-02,2023-06-01,2023,108,200,30,28,.517,6.5,4.0,4,7,10,False,100,
2023-06-02,2023-06-01,2023,133,200,12,46,.207,24.5,22.0,5,12,15,False,82,
2023-06-02,2023-06-01,2023,144,204,33,23,.589,-,-,1,,3,False,-,103
2023-06-02,2023-06-01,2023,121,204,30,27,.526,3.5,+1.0,2,2,4,False,103,
2023-06-02,2023-06-01,2023,146,204,29,28,.509,4.5,-,3,4,7,False,102,
2023-06-02,2023-06-01,2023,143,204,25,31,.446,8.0,3.5,4,8,11,False,99,
2023-06-02,2023-06-01,2023,120,204,24,32,.429,9.0,4.5,5,11,14,False,98,
2023-06-02,2023-06-01,2023,158,205,29,27,.518,-,-,1,,5,False,-,107
2023-06-02,2023-06-01,2023,134,205,28,27,.509,0.5,-,2,3,6,False,107,
2023-06-02,2023-06-01,2023,113,205,26,30,.464,3.0,2.5,3,7,10,False,104,
2023-06-02,2023-06-01,2023,138,205,25,32,.439,4.5,4.0,4,9,12,False,102,
2023-06-02,2023-06-01,2023,112,205,24,31,.436,4.5,4.0,5,10,13,False,103,
2023-06-02,2023-06-01,2023,109,203,34,23,.596,-,-,1,,1,False,-,101
2023-06-02,2023-06-01,2023,119,203,34,23,.596,-,+5.0,2,1,2,False,-,
2023-06-02,2023-06-01,2023,137,203,28,28,.500,5.5,0.5,3,5,8,False,101,
2023-06-02,2023-06-01,2023,135,203,26,30,.464,7.5,2.5,4,6,9,False,99,
2023-06-02,2023-06-01,2023,115,203,24,34,.414,10.5,5.5,5,12,15,False,95,
2023-06-03,2023-06-02,2023,139,201,40,18,.690,-,-,1,,1,False,-,102
2023-06-03,2023-06-02,2023,110,201,36,21,.632,3.5,+3.0,2,1,3,False,102,
2023-06-03,2023-06-02,2023,147,201,34,25,.576,6.5,-,3,3,5,False,98,
2023-06-03,2023-06-02,2023,141,201,31,27,.534,9.0,2.5,4,4,6,False,96,
2023-06-03,2023-06-02,2023,111,201,29,27,.518,10.0,3.5,5,5,8,False,96,
2023-06-03,2023-06-02,2023,142,202,31,27,.534,-,-,1,,7,False,-,103
2023-06-03,2023-06-02,2023,116,202,26,29,.473,3.5,6.0,2,8,11,False,103,
2023-06-03,2023-06-02,2023,114,202,25,32,.439,5.5,8.0,3,9,12,False,100,
2023-06-03,2023-06-02,2023,145,202,24,35,.407,7.5,10.0,4,10,13,False,97,
2023-06-03,2023-06-02,2023,118,202,17,40,.298,13.5,16.0,5,11,14,False,92,
2023-06-03,2023-06-02,2023,140,200,36,20,.643,-,-,1,,2,False,-,104
2023-06-03,2023-06-02,2023,117,200,34,23,.596,2.5,+1.0,2,2,4,False,104,
2023-06-03,2023-06-02,2023,136,200,29,28,.509,7.5,4.0,3,6,9,False,99,
2023-06-03,2023-06-02,2023,108,200,30,29,.508,7.5,4.0,4,7,10,False,98,
2023-06-03,2023-06-02,2023,133,200,12,47,.203,25.5,22.0,5,12,15,False,80,
2023-06-03,2023-06-02,2023,144,204,33,24,.579,-,-,1,,3,False,-,102
2023-06-03,2023-06-02,2023,121,204,30,28,.517,3.5,-,2,3,6,False,102,
2023-06-03,2023-06-02,2023,146,204,30,28,.517,3.5,-,3,4,7,False,102,
2023-06-03,2023-06-02,2023,120,204,25,32,.439,8.0,4.5,4,9,12,False,98,
2023-06-03,2023-06-02,2023,143,204,25,32,.439,8.0,4.5,5,10,13,False,98,
2023-06-03,2023-06-02,2023,158,205,30,27,.526,-,-,1,,4,False,-,106
2023-06-03,2023-06-02,2023,134,205,29,27,.518,0.5,-,2,2,5,False,106,
2023-06-03,2023-06-02,2023,113,205,26,31,.456,4.0,3.5,3,7,10,False,102,
2023-06-03,2023-06-02,2023,112,205,25,31,.446,4.5,4.0,4,8,11,False,102,
2023-06-03,2023-06-02,2023,138,205,25,33,.431,5.5,5.0,5,11,14,False,100,
2023-06-03,2023-06-02,2023,109,203,35,23,.603,-,-,1,,1,False,-,99
2023-06-03,2023-06-02,2023,119,203,35,23,.603,-,+5.0,2,1,2,False,-,
2023-06-03,2023-06-02,2023,137,203,28,29,.491,6.5,1.5,3,5,8,False,99,
2023-06-03,2023-06-02,2023,135,203,26,31,.456,8.5,3.5,4,6,9,False,97,
2023-06-03,2023-06-02,2023,115,203,25,34,.424,10.5,5.5,5,12,15,False,94,
2023-06-04,2023-06-03,2023,139,201,41,19,.683,-,-,1,,1,False,-,100
2023-06-04,2023-06-03,2023,110,201,36,22,.621,4.0,+2.0,2,1,3,False,100,
2023-06-04,2023-06-03,2023,147,201,35,25,.583,6.0,-,3,3,5,False,97,
2023-06-04,2023-06-03,2023,141,201,32,27,.542,8.5,2.5,4,4,6,False,95,
2023-06-04,2023-06-03,2023,111,201,30,28,.517,10.0,4.0,5,5,8,False,94,
2023-06-04,2023-06-03,2023,142,202,31,28,.525,-,-,1,,7,False,-,102
2023-06-04,2023-06-03,2023,116,202,26,30,.464,3.5,7.0,2,8,11,False,102,
2023-06-04,2023-06-03,2023,114,202,26,32,.448,4.5,8.0,3,9,12,False,100,
2023-06-04,2023-06-03,2023,145,202,25,35,.417,6.5,10.0,4,10,13,False,97,
2023-06-04,2023-06-03,2023,118,202,17,41,.293,13.5,17.0,5,11,14,False,91,
2023-06-04,2023-06-03,2023,140,200,37,20,.649,-,-,1,,2,False,-,103
2023-06-04,2023-06-03,2023,117,200,35,23,.603,2.5,+1.0,2,2,4,False,103,
2023-06-04,2023-06-03,2023,108,200,30,30,.500,8.5,5.0,3,6,9,False,96,
2023-06-04,2023-06-03,2023,136,200,29,29,.500,8.5,5.0,4,7,10,False,97,
2023-06-04,2023-06-03,2023,133,200,12,48,.200,26.5,23.0,5,12,15,False,78,
2023-06-04,2023-06-03,2023,144,204,34,24,.586,-,-,1,,3,False,-,101
2023-06-04,2023-06-03,2023,146,204,31,28,.525,3.5,-,2,3,6,False,101,
2023-06-04,2023-06-03,2023,121,204,30,29,.508,4.5,1.0,3,4,7,False,100,
2023-06-04,2023-06-03,2023,143,204,26,32,.448,8.0,4.5,4,7,10,False,97,
2023-06-04,2023-06-03,2023,120,204,25,33,.431,9.0,5.5,5,11,14,False,96,
2023-06-04,2023-06-03,2023,158,205,31,27,.534,-,-,1,,4,False,-,105
2023-06-04,2023-06-03,2023,134,205,30,27,.526,0.5,-,2,2,5,False,105,
2023-06-04,2023-06-03,2023,113,205,26,32,.448,5.0,4.5,3,8,11,False,100,
2023-06-04,2023-06-03,2023,112,205,25,32,.439,5.5,5.0,4,9,12,False,100,
2023-06-04,2023-06-03,2023,138,205,25,34,.424,6.5,6.0,5,12,15,False,98,
2023-06-04,2023-06-03,2023,109,203,35,24,.593,-,-,1,,1,False,-,99
2023-06-04,2023-06-03,2023,119,203,35,24,.593,-,+4.0,2,1,2,False,-,
2023-06-04,2023-06-03,2023,137,203,29,29,.500,5.5,1.5,3,5,8,False,99,
2023-06-04,2023-06-03,2023,135,203,27,31,.466,7.5,3.5,4,6,9,False,97,
2023-06-04,2023-06-03,2023,115,203,26,34,.433,9.5,5.5,5,10,13,False,94,
2023-06-05,2023-06-04,2023,139,201,42,19,.689,-,-,1,,1,False,-,99
2023-06-05,2023-06-04,2023,110,201,37,22,.627,4.0,+2.0,2,1,3,False,99,
2023-06-05,2023-06-04,2023,147,201,36,25,.590,6.0,-,3,3,5,False,96,
2023-06-05,2023-06-04,2023,141,201,33,27,.550,8.5,2.5,4,4,6,False,94,
2023-06-05,2023-06-04,2023,111,201,30,29,.508,11.0,5.0,5,5,8,False,92,
2023-06-05,2023-06-04,2023,142,202,31,29,.517,-,-,1,,7,False,-,100
2023-06-05,2023-06-04,2023,114,202,27,32,.458,3.5,8.0,2,8,11,False,100,
2023-06-05,2023-06-04,2023,116,202,26,31,.456,3.5,8.0,3,9,12,False,101,
2023-06-05,2023-06-04,2023,145,202,26,35,.426,5.5,10.0,4,10,13,False,97,
2023-06-05,2023-06-04,2023,118,202,18,41,.305,12.5,17.0,5,11,14,False,91,
2023-06-05,2023-06-04,2023,140,200,38,20,.655,-,-,1,,2,False,-,101
2023-06-05,2023-06-04,2023,117,200,35,24,.593,3.5,-,2,2,4,False,101,
2023-06-05,2023-06-04,2023,108,200,31,30,.508,8.5,5.0,3,6,9,False,95,
2023-06-05,2023-06-04,2023,136,200,29,30,.492,9.5,6.0,4,7,10,False,95,
2023-06-05,2023-06-04,2023,133,200,12,49,.197,27.5,24.0,5,12,15,False,76,
2023-06-05,2023-06-04,2023,144,204,35,24,.593,-,-,1,,1,False,-,100
2023-06-05,2023-06-04,2023,146,204,32,28,.533,3.5,-,2,3,6,False,100,
2023-06-05,2023-06-04,2023,121,204,30,30,.500,5.5,2.0,3,4,7,False,98,
2023-06-05,2023-06-04,2023,143,204,27,32,.458,8.0,4.5,4,7,10,False,96,
2023-06-05,2023-06-04,2023,120,204,25,34,.424,10.0,6.5,5,11,14,False,94,
2023-06-05,2023-06-04,2023,158,205,32,27,.542,-,-,1,,4,False,-,104
2023-06-05,2023-06-04,2023,134,205,31,27,.534,0.5,-,2,2,5,False,104,
2023-06-05,2023-06-04,2023,112,205,26,32,.448,5.5,5.0,3,8,11,False,99,
2023-06-05,2023-06-04,2023,113,205,26,33,.441,6.0,5.5,4,9,12,False,98,
2023-06-05,2023-06-04,2023,138,205,25,35,.417,7.5,7.0,5,12,15,False,96,
2023-06-05,2023-06-04,2023,109,203,35,25,.583,-,-,1,,2,False,-,98
2023-06-05,2023-06-04,2023,119,203,35,25,.583,-,+3.0,2,1,3,False,-,
2023-06-05,2023-06-04,2023,137,203,29,30,.492,5.5,2.5,3,5,8,False,98,
2023-06-05,2023-06-04,2023,135,203,27,32,.458,7.5,4.5,4,6,9,False,96,
2023-06-05,2023-06-04,2023,115,203,26,35,.426,9.5,6.5,5,10,13,False,93,
2023-06-06,2023-06-05,2023,139,201,43,19,.694,-,-,1,,1,False,-,98
2023-06-06,2023-06-05,2023,110,201,37,22,.627,4.5,+2.0,2,1,3,False,98,
2023-06-06,2023-06-05,2023,147,201,36,25,.590,6.5,-,3,3,5,False,95,
2023-06-06,2023-06-05,2023,141,201,33,28,.541,9.5,3.0,4,4,6,False,92,
2023-06-06,2023-06-05,2023,111,201,30,30,.500,12.0,5.5,5,6,9,False,90,
2023-06-06,2023-06-05,2023,142,202,31,29,.517,-,-,1,,7,False,-,100
2023-06-06,2023-06-05,2023,114,202,27,32,.458,3.5,8.0,2,8,11,False,100,
2023-06-06,2023-06-05,2023,116,202,26,32,.448,4.0,8.5,3,9,12,False,100,
2023-06-06,2023-06-05,2023,145,202,26,35,.426,5.5,10.0,4,10,13,False,97,
2023-06-06,2023-06-05,2023,118,202,18,42,.300,13.0,17.5,5,11,14,False,90,
2023-06-06,2023-06-05,2023,140,200,39,20,.661,-,-,1,,2,False,-,100
2023-06-06,2023-06-05,2023,117,200,36,24,.600,3.5,+0.5,2,2,4,False,100,
2023-06-06,2023-06-05,2023,108,200,31,30,.508,9.0,5.0,3,5,8,False,94,
2023-06-06,2023-06-05,2023,136,200,29,30,.492,10.0,6.0,4,7,10,False,94,
2023-06-06,2023-06-05,2023,133,200,12,50,.194,28.5,24.5,5,12,15,False,74,
2023-06-06,2023-06-05,2023,144,204,35,24,.593,-,-,1,,1,False,-,100
2023-06-06,2023-06-05,2023,146,204,33,28,.541,3.0,+0.5,2,2,5,False,100,
2023-06-06,2023-06-05,2023,121,204,30,30,.500,5.5,2.0,3,4,7,False,98,
2023-06-06,2023-06-05,2023,143,204,28,32,.467,7.5,4.0,4,7,10,False,96,
2023-06-06,2023-06-05,2023,120,204,25,34,.424,10.0,6.5,5,11,14,False,94,
2023-06-06,2023-06-05,2023,134,205,32,27,.542,-,-,1,,4,False,-,103
2023-06-06,2023-06-05,2023,158,205,32,28,.533,0.5,-,2,3,6,False,103,
2023-06-06,2023-06-05,2023,113,205,27,33,.450,5.5,5.0,3,8,11,False,98,
2023-06-06,2023-06-05,2023,112,205,26,33,.441,6.0,5.5,4,9,12,False,98,
2023-06-06,2023-06-05,2023,138,205,25,36,.410,8.0,7.5,5,12,15,False,95,
2023-06-06,2023-06-05,2023,109,203,35,25,.583,-,-,1,,2,False,-,98
2023-06-06,2023-06-05,2023,119,203,35,25,.583,-,+3.0,2,1,3,False,-,
2023-06-06,2023-06-05,2023,137,203,29,30,.492,5.5,2.5,3,5,8,False,98,
2023-06-06,2023-06-05,2023,135,203,28,32,.467,7.0,4.0,4,6,9,False,96,
2023-06-06,2023-06-05,2023,115,203,26,35,.426,9.5,6.5,5,10,13,False,93,
2023-06-07,2023-06-06,2023,139,201,44,19,.698,-,-,1,,1,False,-,96
2023-06-07,2023-06-06,2023,110,201,37,23,.617,5.5,+2.0,2,1,3,False,96,
2023-06-07,2023-06-06,2023,147,201,36,26,.581,7.5,-,3,3,5,False,93,
2023-06-07,2023-06-06,2023,141,201,34,28,.548,9.5,2.0,4,4,6,False,91,
2023-06-07,2023-06-06,2023,111,201,31,30,.508,12.0,4.5,5,6,8,False,89,
2023-06-07,2023-06-06,2023,142,202,31,30,.508,-,-,1,,9,False,-,99
2023-06-07,2023-06-06,2023,114,202,27,33,.450,3.5,8.0,2,8,11,False,99,
2023-06-07,2023-06-06,2023,116,202,26,33,.441,4.0,8.5,3,9,12,False,99,
2023-06-07,2023-06-06,2023,145,202,27,35,.435,4.5,9.0,4,10,13,False,97,
2023-06-07,2023-06-06,2023,118,202,18,43,.295,13.0,17.5,5,11,14,False,89,
2023-06-07,2023-06-06,2023,140,200,40,20,.667,-,-,1,,2,False,-,98
2023-06-07,2023-06-06,2023,117,200,36,25,.590,4.5,+0.5,2,2,4,False,98,
2023-06-07,2023-06-06,2023,108,200,32,30,.516,9.0,4.0,3,5,7,False,93,
2023-06-07,2023-06-06,2023,136,200,30,30,.500,10.0,5.0,4,7,10,False,93,
2023-06-07,2023-06-06,2023,133,200,13,50,.206,28.5,23.5,5,12,15,False,73,
2023-06-07,2023-06-06,2023,144,204,36,24,.600,-,-,1,,1,False,-,99
2023-06-07,2023-06-06,2023,146,204,34,28,.548,3.0,+1.0,2,2,4,False,99,
2023-06-07,2023-06-06,2023,121,204,30,31,.492,6.5,2.5,3,5,8,False,96,
2023-06-07,2023-06-06,2023,143,204,29,32,.475,7.5,3.5,4,6,9,False,95,
2023-06-07,2023-06-06,2023,120,204,25,35,.417,11.0,7.0,5,11,14,False,92,
2023-06-07,2023-06-06,2023,158,205,33,28,.541,-,-,1,,5,False,-,102
2023-06-07,2023-06-06,2023,134,205,32,28,.533,0.5,-,2,3,6,False,102,
2023-06-07,2023-06-06,2023,113,205,28,33,.459,5.0,4.5,3,8,11,False,97,
2023-06-07,2023-06-06,2023,112,205,26,34,.433,6.5,6.0,4,9,12,False,96,
2023-06-07,2023-06-06,2023,138,205,25,37,.403,8.5,8.0,5,12,15,False,93,
2023-06-07,2023-06-06,2023,109,203,36,25,.590,-,-,1,,2,False,-,101
2023-06-07,2023-06-06,2023,119,203,35,26,.574,1.0,+2.5,2,1,3,False,101,
2023-06-07,2023-06-06,2023,137,203,30,30,.500,5.5,2.0,3,4,7,False,97,
2023-06-07,2023-06-06,2023,135,203,28,33,.459,8.0,4.5,4,7,10,False,94,
2023-06-07,2023-06-06,2023,115,203,26,36,.419,10.5,7.0,5,10,13,False,91,
2023-06-08,2023-06-07,2023,139,201,45,19,.703,-,-,1,,1,False,-,94
2023-06-08,2023-06-07,2023,110,201,37,24,.607,6.5,+1.5,2,1,3,False,94,
2023-06-08,2023-06-07,2023,147,201,36,26,.581,8.0,-,3,3,5,False,92,
2023-06-08,2023-06-07,2023,141,201,35,28,.556,9.5,1.5,4,4,6,False,90,
2023-06-08,2023-06-07,2023,111,201,31,31,.500,13.0,5.0,5,6,8,False,87,
2023-06-08,2023-06-07,2023,142,202,31,31,.500,-,-,1,,9,False,-,99
2023-06-08,2023-06-07,2023,114,202,28,33,.459,2.5,7.5,2,8,11,False,99,
2023-06-08,2023-06-07,2023,116,202,26,33,.441,3.5,8.5,3,9,12,False,99,
2023-06-08,2023-06-07,2023,145,202,27,35,.435,4.0,9.0,4,10,13,False,97,
2023-06-08,2023-06-07,2023,118,202,18,44,.290,13.0,18.0,5,11,14,False,88,
2023-06-08,2023-06-07,2023,140,200,40,21,.656,-,-,1,,2,False,-,97
2023-06-08,2023-06-07,2023,117,200,36,26,.581,4.5,-,2,2,4,False,97,
2023-06-08,2023-06-07,2023,108,200,33,30,.524,8.0,3.5,3,5,7,False,93,
2023-06-08,2023-06-07,2023,136,200,30,31,.492,10.0,5.5,4,7,10,False,92,
2023-06-08,2023-06-07,2023,133,200,14,50,.219,27.5,23.0,5,12,15,False,73,
2023-06-08,2023-06-07,2023,144,204,37,24,.607,-,-,1,,1,False,-,98
2023-06-08,2023-06-07,2023,146,204,35,28,.556,3.0,+2.0,2,2,4,False,98,
2023-06-08,2023-06-07,2023,121,204,30,32,.484,7.5,2.5,3,5,8,False,94,
2023-06-08,2023-06-07,2023,143,204,29,32,.475,8.0,3.0,4,6,9,False,94,
2023-06-08,2023-06-07,2023,120,204,25,36,.410,12.0,7.0,5,12,15,False,90,
2023-06-08,2023-06-07,2023,158,205,34,28,.548,-,-,1,,5,False,-,100
2023-06-08,2023-06-07,2023,134,205,32,29,.525,1.5,-,2,3,6,False,100,
2023-06-08,2023-06-07,2023,113,205,29,33,.468,5.0,3.5,3,8,11,False,96,
2023-06-08,2023-06-07,2023,112,205,26,35,.426,7.5,6.0,4,9,12,False,94,
2023-06-08,2023-06-07,2023,138,205,26,37,.413,8.5,7.0,5,10,13,False,92,
2023-06-08,2023-06-07,2023,109,203,37,25,.597,-,-,1,,2,False,-,99
2023-06-08,2023-06-07,2023,119,203,35,27,.565,2.0,+2.5,2,1,3,False,99,
2023-06-08,2023-06-07,2023,137,203,31,30,.508,5.5,1.0,3,4,7,False,96,
2023-06-08,2023-06-07,2023,135,203,29,33,.468,8.0,3.5,4,7,10,False,93,
2023-06-08,2023-06-07,2023,115,203,26,37,.413,11.5,7.0,5,11,14,False,89,
2023-06-09,2023-06-08,2023,139,201,46,19,.708,-,-,1,,1,False,-,93
2023-06-09,2023-06-08,2023,110,201,38,24,.613,6.5,+2.5,2,1,3,False,93,
2023-06-09,2023-06-08,2023,147,201,37,27,.578,8.5,+0.5,3,2,4,False,90,
2023-06-09,2023-06-08,2023,141,201,36,28,.563,9.5,0.5,4,4,6,False,89,
2023-06-09,2023-06-08,2023,111,201,31,32,.492,14.0,5.0,5,6,8,False,85,
2023-06-09,2023-06-08,2023,142,202,31,32,.492,-,-,1,,9,False,-,99
2023-06-09,2023-06-08,2023,114,202,29,33,.468,1.5,6.5,2,8,11,False,99,
2023-06-09,2023-06-08,2023,145,202,28,36,.438,3.5,8.5,3,9,12,False,96,
2023-06-09,2023-06-08,2023,116,202,26,34,.433,3.5,8.5,4,10,13,False,98,
2023-06-09,2023-06-08,2023,118,202,18,44,.290,12.5,17.5,5,11,14,False,88,
2023-06-09,2023-06-08,2023,140,200,40,21,.656,-,-,1,,2,False,-,96
2023-06-09,2023-06-08,2023,117,200,36,27,.571,5.0,-,2,3,5,False,96,
2023-06-09,2023-06-08,2023,108,200,34,30,.531,7.5,2.5,3,5,7,False,93,
2023-06-09,2023-06-08,2023,136,200,30,31,.492,10.0,5.0,4,7,10,False,92,
2023-06-09,2023-06-08,2023,133,200,14,50,.219,27.5,22.5,5,12,15,False,73,
2023-06-09,2023-06-08,2023,144,204,38,24,.613,-,-,1,,1,False,-,97
2023-06-09,2023-06-08,2023,146,204,35,28,.556,3.5,+2.0,2,2,4,False,97,
2023-06-09,2023-06-08,2023,143,204,30,32,.484,8.0,2.5,3,5,8,False,93,
2023-06-09,2023-06-08,2023,121,204,30,33,.476,8.5,3.0,4,6,9,False,92,
2023-06-09,2023-06-08,2023,120,204,25,36,.410,12.5,7.0,5,11,14,False,89,
2023-06-09,2023-06-08,2023,158,205,34,29,.540,-,-,1,,5,False,-,100
2023-06-09,2023-06-08,2023,134,205,32,29,.525,1.0,-,2,3,6,False,100,
2023-06-09,2023-06-08,2023,113,205,29,34,.460,5.0,4.0,3,8,11,False,95,
2023-06-09,2023-06-08,2023,112,205,26,36,.419,7.5,6.5,4,9,12,False,93,
2023-06-09,2023-06-08,2023,138,205,26,37,.413,8.0,7.0,5,10,13,False,92,
2023-06-09,2023-06-08,2023,109,203,37,25,.597,-,-,1,,2,False,-,99
2023-06-09,2023-06-08,2023,119,203,36,27,.571,1.5,+3.0,2,1,3,False,99,
2023-06-09,2023-06-08,2023,137,203,32,30,.516,5.0,0.5,3,4,7,False,96,
2023-06-09,2023-06-08,2023,135,203,29,33,.468,8.0,3.5,4,7,10,False,93,
2023-06-09,2023-06-08,2023,115,203,26,38,.406,12.0,7.5,5,12,15,False,88,
2023-06-10,2023-06-09,2023,139,201,47,19,.712,-,-,1,,1,False,-,92
2023-06-10,2023-06-09,2023,110,201,39,24,.619,6.5,+3.5,2,1,3,False,92,
2023-06-10,2023-06-09,2023,147,201,37,28,.569,9.5,+0.5,3,2,4,False,88,
2023-06-10,2023-06-09,2023,141,201,36,29,.554,10.5,0.5,4,4,6,False,87,
2023-06-10,2023-06-09,2023,111,201,32,32,.500,14.0,4.0,5,6,8,False,84,
2023-06-10,2023-06-09,2023,142,202,32,32,.500,-,-,1,,9,False,-,98
2023-06-10,2023-06-09,2023,114,202,30,33,.476,1.5,5.5,2,8,11,False,98,
2023-06-10,2023-06-09,2023,145,202,29,36,.446,3.5,7.5,3,9,12,False,95,
2023-06-10,2023-06-09,2023,116,202,26,35,.426,4.5,8.5,4,10,13,False,96,
2023-06-10,2023-06-09,2023,118,202,18,45,.286,13.5,17.5,5,11,14,False,86,
2023-06-10,2023-06-09,2023,140,200,40,22,.645,-,-,1,,2,False,-,95
2023-06-10,2023-06-09,2023,117,200,36,28,.563,5.0,-,2,3,5,False,95,
2023-06-10,2023-06-09,2023,108,200,35,30,.538,6.5,1.5,3,5,7,False,93,
2023-06-10,2023-06-09,2023,136,200,30,32,.484,10.0,5.0,4,7,10,False,91,
2023-06-10,2023-06-09,2023,133,200,15,50,.231,26.5,21.5,5,12,15,False,73,
2023-06-10,2023-06-09,2023,144,204,39,24,.619,-,-,1,,1,False,-,95
2023-06-10,2023-06-09,2023,146,204,35,29,.547,4.5,+1.0,2,2,4,False,95,
2023-06-10,2023-06-09,2023,143,204,31,32,.492,8.0,2.5,3,5,8,False,92,
2023-06-10,2023-06-09,2023,121,204,30,34,.469,9.5,4.0,4,7,10,False,90,
2023-06-10,2023-06-09,2023,120,204,25,37,.403,13.5,8.0,5,11,14,False,87,
2023-06-10,2023-06-09,2023,134,205,33,29,.532,-,-,1,,5,False,-,100
2023-06-10,2023-06-09,2023,158,205,34,30,.531,-,-,2,3,6,False,100,
2023-06-10,2023-06-09,2023,113,205,29,35,.453,5.0,5.0,3,8,11,False,95,
2023-06-10,2023-06-09,2023,112,205,27,36,.429,6.5,6.5,4,9,12,False,94,
2023-06-10,2023-06-09,2023,138,205,27,37,.422,7.0,7.0,5,10,13,False,93,
2023-06-10,2023-06-09,2023,109,203,38,25,.603,-,-,1,,2,False,-,97
2023-06-10,2023-06-09,2023,119,203,36,28,.563,2.5,+2.0,2,1,3,False,97,
2023-06-10,2023-06-09,2023,137,203,32,31,.508,6.0,1.5,3,4,7,False,94,
2023-06-10,2023-06-09,2023,135,203,30,33,.476,8.0,3.5,4,6,9,False,92,
2023-06-10,2023-06-09,2023,115,203,26,39,.400,13.0,8.5,5,12,15,False,86,
2023-06-11,2023-06-10,2023,139,201,47,20,.701,-,-,1,,1,False,-,92
2023-06-11,2023-06-10,2023,110,201,40,24,.625,5.5,+3.5,2,1,3,False,92,
2023-06-11,2023-06-10,2023,147,201,38,28,.576,8.5,+0.5,3,2,4,False,88,
2023-06-11,2023-06-10,2023,141,201,36,30,.545,10.5,1.5,4,4,6,False,86,
2023-06-11,2023-06-10,2023,111,201,32,33,.492,14.0,5.0,5,6,9,False,83,
2023-06-11,2023-06-10,2023,142,202,33,32,.508,-,-,1,,8,False,-,96
2023-06-11,2023-06-10,2023,114,202,30,34,.469,2.5,6.5,2,8,11,False,96,
2023-06-11,2023-06-10,2023,145,202,29,37,.439,4.5,8.5,3,9,12,False,93,
2023-06-11,2023-06-10,2023,116,202,26,36,.419,5.5,9.5,4,10,13,False,94,
2023-06-11,2023-06-10,2023,118,202,18,46,.281,14.5,18.5,5,11,14,False,84,
2023-06-11,2023-06-10,2023,140,200,41,22,.651,-,-,1,,2,False,-,94
2023-06-11,2023-06-10,2023,117,200,37,28,.569,5.0,-,2,3,5,False,94,
2023-06-11,2023-06-10,2023,108,200,35,31,.530,7.5,2.5,3,5,7,False,91,
2023-06-11,2023-06-10,2023,136,200,31,32,.492,10.0,5.0,4,7,10,False,90,
2023-06-11,2023-06-10,2023,133,200,16,50,.242,26.5,21.5,5,12,15,False,72,
2023-06-11,2023-06-10,2023,144,204,40,24,.625,-,-,1,,1,False,-,94
2023-06-11,2023-06-10,2023,146,204,36,29,.554,4.5,+2.0,2,2,4,False,94,
2023-06-11,2023-06-10,2023,143,204,31,33,.484,9.0,2.5,3,6,9,False,90,
2023-06-11,2023-06-10,2023,121,204,31,34,.477,9.5,3.0,4,7,10,False,89,
2023-06-11,2023-06-10,2023,120,204,25,38,.397,14.5,8.0,5,11,14,False,85,
2023-06-11,2023-06-10,2023,134,205,33,30,.524,-,-,1,,5,False,-,99
2023-06-11,2023-06-10,2023,158,205,34,31,.523,-,-,2,3,6,False,99,
2023-06-11,2023-06-10,2023,113,205,30,35,.462,4.0,4.0,3,8,11,False,95,
2023-06-11,2023-06-10,2023,112,205,28,36,.438,5.5,5.5,4,9,12,False,94,
2023-06-11,2023-06-10,2023,138,205,27,38,.415,7.0,7.0,5,10,13,False,92,
2023-06-11,2023-06-10,2023,109,203,39,25,.609,-,-,1,,2,False,-,96
2023-06-11,2023-06-10,2023,119,203,37,28,.569,2.5,+3.0,2,1,3,False,96,
2023-06-11,2023-06-10,2023,137,203,32,32,.500,7.0,1.5,3,4,7,False,92,
2023-06-11,2023-06-10,2023,135,203,31,33,.484,8.0,2.5,4,5,8,False,91,
2023-06-11,2023-06-10,2023,115,203,26,40,.394,14.0,8.5,5,12,15,False,84,
2023-06-12,2023-06-11,2023,139,201,48,20,.706,-,-,1,,1,False,-,91
2023-06-12,2023-06-11,2023,110,201,41,24,.631,5.5,+4.5,2,1,3,False,91,
2023-06-12,2023-06-11,2023,147,201,38,29,.567,9.5,+0.5,3,2,4,False,86,
2023-06-12,2023-06-11,2023,141,201,37,30,.552,10.5,0.5,4,4,6,False,85,
2023-06-12,2023-06-11,2023,111,201,33,33,.500,14.0,4.0,5,6,8,False,82,
2023-06-12,2023-06-11,2023,142,202,33,33,.500,-,-,1,,9,False,-,96
2023-06-12,2023-06-11,2023,114,202,31,34,.477,1.5,5.5,2,8,11,False,96,
2023-06-12,2023-06-11,2023,145,202,29,38,.433,4.5,8.5,3,9,12,False,92,
2023-06-12,2023-06-11,2023,116,202,26,37,.413,5.5,9.5,4,10,13,False,93,
2023-06-12,2023-06-11,2023,118,202,18,47,.277,14.5,18.5,5,11,14,False,83,
2023-06-12,2023-06-11,2023,140,200,41,23,.641,-,-,1,,2,False,-,93
2023-06-12,2023-06-11,2023,117,200,37,29,.561,5.0,-,2,3,5,False,93,
2023-06-12,2023-06-11,2023,108,200,36,31,.537,6.5,1.5,3,5,7,False,91,
2023-06-12,2023-06-11,2023,136,200,31,33,.484,10.0,5.0,4,7,10,False,89,
2023-06-12,2023-06-11,2023,133,200,17,50,.254,25.5,20.5,5,12,15,False,72,
2023-06-12,2023-06-11,2023,144,204,40,25,.615,-,-,1,,1,False,-,94
2023-06-12,2023-06-11,2023,146,204,37,29,.561,3.5,+3.0,2,2,4,False,94,
2023-06-12,2023-06-11,2023,143,204,32,33,.492,8.0,1.5,3,5,8,False,90,
2023-06-12,2023-06-11,2023,121,204,31,35,.470,9.5,3.0,4,8,11,False,88,
2023-06-12,2023-06-11,2023,120,204,26,38,.406,13.5,7.0,5,11,14,False,85,
2023-06-12,2023-06-11,2023,134,205,34,30,.531,-,-,1,,5,False,-,97
2023-06-12,2023-06-11,2023,158,205,34,32,.515,1.0,-,2,3,6,False,97,
2023-06-12,2023-06-11,2023,113,205,31,35,.470,4.0,3.0,3,7,10,False,94,
2023-06-12,2023-06-11,2023,112,205,28,37,.431,6.5,5.5,4,9,12,False,92,
2023-06-12,2023-06-11,2023,138,205,27,39,.409,8.0,7.0,5,10,13,False,90,
2023-06-12,2023-06-11,2023,109,203,40,25,.615,-,-,1,,2,False,-,94
2023-06-12,2023-06-11,2023,119,203,37,29,.561,3.5,+3.0,2,1,3,False,94,
2023-06-12,2023-06-11,2023,137,203,33,32,.508,7.0,0.5,3,4,7,False,91,
2023-06-12,2023-06-11,2023,135,203,31,34,.477,9.0,2.5,4,6,9,False,89,
2023-06-12,2023-06-11,2023,115,203,27,40,.403,14.0,7.5,5,12,15,False,83,
2023-06-13,2023-06-12,2023,139,201,48,21,.696,-,-,1,,1,False,-,91
2023-06-13,2023-06-12,2023,110,201,41,24,.631,5.0,+4.5,2,1,3,False,91,
2023-06-13,2023-06-12,2023,147,201,38,29,.567,9.0,+0.5,3,2,4,False,86,
2023-06-13,2023-06-12,2023,141,201,37,30,.552,10.0,0.5,4,4,6,False,85,
2023-06-13,2023-06-12,2023,111,201,33,34,.493,14.0,4.5,5,6,9,False,81,
2023-06-13,2023-06-12,2023,142,202,33,33,.500,-,-,1,,8,False,-,96
2023-06-13,2023-06-12,2023,114,202,31,34,.477,1.5,5.5,2,8,11,False,96,
2023-06-13,2023-06-12,2023,145,202,29,38,.433,4.5,8.5,3,9,12,False,92,
2023-06-13,2023-06-12,2023,116,202,27,37,.422,5.0,9.0,4,10,13,False,93,
2023-06-13,2023-06-12,2023,118,202,18,48,.273,15.0,19.0,5,11,14,False,82,
2023-06-13,2023-06-12,2023,140,200,41,24,.631,-,-,1,,2,False,-,93
2023-06-13,2023-06-12,2023,117,200,37,29,.561,4.5,-,2,3,5,False,93,
2023-06-13,2023-06-12,2023,108,200,37,31,.544,5.5,1.0,3,5,7,False,91,
2023-06-13,2023-06-12,2023,136,200,32,33,.492,9.0,4.5,4,7,10,False,89,
2023-06-13,2023-06-12,2023,133,200,18,50,.265,24.5,20.0,5,12,15,False,72,
2023-06-13,2023-06-12,2023,144,204,40,26,.606,-,-,1,,2,False,-,93
2023-06-13,2023-06-12,2023,146,204,37,30,.552,3.5,+2.5,2,2,4,False,93,
2023-06-13,2023-06-12,2023,143,204,32,34,.485,8.0,2.0,3,5,8,False,89,
2023-06-13,2023-06-12,2023,121,204,31,35,.470,9.0,3.0,4,8,11,False,88,
2023-06-13,2023-06-12,2023,120,204,26,38,.406,13.0,7.0,5,11,14,False,85,
2023-06-13,2023-06-12,2023,134,205,34,30,.531,-,-,1,,5,False,-,97
2023-06-13,2023-06-12,2023,158,205,34,32,.515,1.0,-,2,4,7,False,97,
2023-06-13,2023-06-12,2023,113,205,32,35,.478,3.5,2.5,3,6,9,False,94,
2023-06-13,2023-06-12,2023,112,205,28,37,.431,6.5,5.5,4,9,12,False,92,
2023-06-13,2023-06-12,2023,138,205,27,40,.403,8.5,7.5,5,12,15,False,89,
2023-06-13,2023-06-12,2023,109,203,41,25,.621,-,-,1,,1,False,-,93
2023-06-13,2023-06-12,2023,119,203,37,29,.561,4.0,+3.0,2,1,3,False,93,
2023-06-13,2023-06-12,2023,137,203,34,32,.515,7.0,-,3,3,6,False,90,
2023-06-13,2023-06-12,2023,135,203,31,34,.477,9.5,2.5,4,7,10,False,88,
2023-06-13,2023-06-12,2023,115,203,28,40,.412,14.0,7.0,5,10,13,False,82,
2023-06-14,2023-06-13,2023,139,201,48,22,.686,-,-,1,,1,False,-,91
2023-06-14,2023-06-13,2023,110,201,42,24,.636,4.0,+4.5,2,1,2,False,91,
2023-06-14,2023-06-13,2023,147,201,39,29,.574,8.0,+0.5,3,2,4,False,86,
2023-06-14,2023-06-13,2023,141,201,37,31,.544,10.0,1.5,4,5,7,False,84,
2023-06-14,2023-06-13,2023,111,201,33,35,.485,14.0,5.5,5,7,10,False,80,
2023-06-14,2023-06-13,2023,142,202,34,33,.507,-,-,1,,8,False,-,94
2023-06-14,2023-06-13,2023,114,202,31,35,.470,2.5,6.5,2,8,11,False,94,
2023-06-14,2023-06-13,2023,145,202,29,39,.426,5.5,9.5,3,9,12,False,90,
2023-06-14,2023-06-13,2023,116,202,27,37,.422,5.5,9.5,4,10,13,False,92,
2023-06-14,2023-06-13,2023,118,202,18,49,.269,16.0,20.0,5,12,15,False,80,
2023-06-14,2023-06-13,2023,140,200,41,25,.621,-,-,1,,3,False,-,93
2023-06-14,2023-06-13,2023,117,200,38,29,.567,3.5,-,2,3,5,False,93,
2023-06-14,2023-06-13,2023,108,200,38,31,.551,4.5,1.0,3,4,6,False,91,
2023-06-14,2023-06-13,2023,136,200,33,33,.500,8.0,4.5,4,6,9,False,89,
2023-06-14,2023-06-13,2023,133,200,19,50,.275,23.5,20.0,5,11,14,False,72,
2023-06-14,2023-06-13,2023,144,204,40,26,.606,-,-,1,,2,False,-,92
2023-06-14,2023-06-13,2023,146,204,37,31,.544,4.0,+1.5,2,2,4,False,92,
2023-06-14,2023-06-13,2023,143,204,33,34,.493,7.5,2.0,3,5,8,False,89,
2023-06-14,2023-06-13,2023,121,204,31,36,.463,9.5,4.0,4,8,11,False,87,
2023-06-14,2023-06-13,2023,120,204,26,39,.400,13.5,8.0,5,11,14,False,84,
2023-06-14,2023-06-13,2023,134,205,34,31,.523,-,-,1,,5,False,-,96
2023-06-14,2023-06-13,2023,158,205,34,33,.507,1.0,1.0,2,4,7,False,96,
2023-06-14,2023-06-13,2023,113,205,33,35,.485,2.5,2.5,3,6,9,False,94,
2023-06-14,2023-06-13,2023,112,205,29,37,.439,5.5,5.5,4,9,12,False,92,
2023-06-14,2023-06-13,2023,138,205,27,41,.397,8.5,8.5,5,12,15,False,88,
2023-06-14,2023-06-13,2023,109,203,41,26,.612,-,-,1,,1,False,-,93
2023-06-14,2023-06-13,2023,119,203,38,29,.567,3.0,+3.0,2,1,3,False,93,
2023-06-14,2023-06-13,2023,137,203,35,32,.522,6.0,-,3,3,6,False,90,
2023-06-14,2023-06-13,2023,135,203,32,34,.485,8.5,2.5,4,7,10,False,88,
2023-06-14,2023-06-13,2023,115,203,29,40,.420,13.0,7.0,5,10,13,False,82,
2023-06-15,2023-06-14,2023,139,201,49,22,.690,-,-,1,,1,False,-,89
2023-06-15,2023-06-14,2023,110,201,42,25,.627,5.0,+4.0,2,1,3,False,89,
2023-06-15,2023-06-14,2023,147,201,39,30,.565,9.0,-,3,3,5,False,84,
2023-06-15,2023-06-14,2023,141,201,38,31,.551,10.0,1.0,4,4,6,False,83,
2023-06-15,2023-06-14,2023,111,201,34,35,.493,14.0,5.0,5,6,9,False,79,
2023-06-15,2023-06-14,2023,142,202,35,33,.515,-,-,1,,8,False,-,92
2023-06-15,2023-06-14,2023,114,202,31,36,.463,3.5,7.0,2,8,11,False,92,
2023-06-15,2023-06-14,2023,145,202,30,39,.435,5.5,9.0,3,9,12,False,89,
2023-06-15,2023-06-14,2023,116,202,27,39,.409,7.0,10.5,4,10,13,False,89,
2023-06-15,2023-06-14,2023,118,202,18,50,.265,17.0,20.5,5,12,15,False,78,
2023-06-15,2023-06-14,2023,140,200,42,25,.627,-,-,1,,2,False,-,92
2023-06-15,2023-06-14,2023,117,200,39,29,.574,3.5,+0.5,2,2,4,False,92,
2023-06-15,2023-06-14,2023,108,200,38,32,.543,5.5,1.5,3,5,7,False,89,
2023-06-15,2023-06-14,2023,136,200,33,34,.493,9.0,5.0,4,7,10,False,87,
2023-06-15,2023-06-14,2023,133,200,19,51,.271,24.5,20.5,5,11,14,False,70,
2023-06-15,2023-06-14,2023,144,204,42,26,.618,-,-,1,,1,False,-,90
2023-06-15,2023-06-14,2023,146,204,38,31,.551,4.5,+1.5,2,2,4,False,90,
2023-06-15,2023-06-14,2023,143,204,34,34,.500,8.0,2.0,3,5,8,False,87,
2023-06-15,2023-06-14,2023,121,204,32,36,.471,10.0,4.0,4,8,11,False,85,
2023-06-15,2023-06-14,2023,120,204,26,40,.394,15.0,9.0,5,11,14,False,81,
2023-06-15,2023-06-14,2023,134,205,34,32,.515,-,-,1,,6,False,-,95
2023-06-15,2023-06-14,2023,158,205,34,34,.500,1.0,2.0,2,4,7,False,95,
2023-06-15,2023-06-14,2023,113,205,34,35,.493,1.5,2.5,3,6,9,False,94,
2023-06-15,2023-06-14,2023,112,205,30,37,.448,4.5,5.5,4,9,12,False,92,
2023-06-15,2023-06-14,2023,138,205,27,42,.391,8.5,9.5,5,12,15,False,87,
2023-06-15,2023-06-14,2023,109,203,41,27,.603,-,-,1,,2,False,-,92
2023-06-15,2023-06-14,2023,119,203,38,30,.559,3.0,+2.0,2,1,3,False,92,
2023-06-15,2023-06-14,2023,137,203,36,32,.529,5.0,-,3,3,5,False,90,
2023-06-15,2023-06-14,2023,135,203,33,34,.493,7.5,2.5,4,7,10,False,88,
2023-06-15,2023-06-14,2023,115,203,29,41,.414,13.0,8.0,5,10,13,False,81,
2023-06-16,2023-06-15,2023,139,201,50,22,.694,-,-,1,,1,False,-,88
2023-06-16,2023-06-15,2023,110,201,43,25,.632,5.0,+4.5,2,1,2,False,88,
2023-06-16,2023-06-15,2023,147,201,39,30,.565,9.5,-,3,3,5,False,83,
2023-06-16,2023-06-15,2023,141,201,38,32,.543,11.0,1.5,4,5,7,False,81,
2023-06-16,2023-06-15,2023,111,201,34,35,.493,14.5,5.0,5,6,9,False,78,
2023-06-16,2023-06-15,2023,142,202,35,34,.507,-,-,1,,8,False,-,92
2023-06-16,2023-06-15,2023,114,202,32,36,.471,2.5,6.5,2,8,11,False,92,
2023-06-16,2023-06-15,2023,145,202,30,40,.429,5.5,9.5,3,9,12,False,88,
2023-06-16,2023-06-15,2023,116,202,28,39,.418,6.0,10.0,4,10,13,False,89,
2023-06-16,2023-06-15,2023,118,202,18,50,.265,16.5,20.5,5,12,15,False,78,
2023-06-16,2023-06-15,2023,140,200,42,26,.618,-,-,1,,3,False,-,91
2023-06-16,2023-06-15,2023,117,200,39,30,.565,3.5,-,2,2,4,False,91,
2023-06-16,2023-06-15,2023,108,200,39,32,.549,4.5,1.0,3,4,6,False,89,
2023-06-16,2023-06-15,2023,136,200,33,34,.493,8.5,5.0,4,7,10,False,87,
2023-06-16,2023-06-15,2023,133,200,19,52,.268,24.5,21.0,5,11,14,False,69,
2023-06-16,2023-06-15,2023,144,204,43,26,.623,-,-,1,,1,False,-,89
2023-06-16,2023-06-15,2023,146,204,38,31,.551,5.0,+1.5,2,2,4,False,89,
2023-06-16,2023-06-15,2023,143,204,35,34,.507,8.0,1.5,3,4,7,False,86,
2023-06-16,2023-06-15,2023,121,204,32,36,.471,10.5,4.0,4,8,11,False,84,
2023-06-16,2023-06-15,2023,120,204,27,40,.403,15.0,8.5,5,11,14,False,80,
2023-06-16,2023-06-15,2023,134,205,34,33,.507,-,-,1,,6,False,-,95
2023-06-16,2023-06-15,2023,158,205,34,34,.500,0.5,2.0,2,5,8,False,95,
2023-06-16,2023-06-15,2023,113,205,34,35,.493,1.0,2.5,3,6,9,False,94,
2023-06-16,2023-06-15,2023,112,205,31,37,.456,3.5,5.0,4,9,12,False,92,
2023-06-16,2023-06-15,2023,138,205,27,42,.391,8.0,9.5,5,12,15,False,87,
2023-06-16,2023-06-15,2023,109,203,41,28,.594,-,-,1,,2,False,-,92
2023-06-16,2023-06-15,2023,119,203,39,30,.565,2.0,+2.5,2,1,3,False,92,
2023-06-16,2023-06-15,2023,137,203,36,32,.529,4.5,-,3,3,5,False,90,
2023-06-16,2023-06-15,2023,135,203,33,35,.485,7.5,3.0,4,7,10,False,87,
2023-06-16,2023-06-15,2023,115,203,29,42,.408,13.0,8.5,5,10,13,False,80,
2023-06-17,2023-06-16,2023,139,201,51,22,.699,-,-,1,,1,False,-,86
2023-06-17,2023-06-16,2023,110,201,43,26,.623,6.0,+4.5,2,1,2,False,86,
2023-06-17,2023-06-16,2023,147,201,39,31,.557,10.5,-,3,3,5,False,81,
2023-06-17,2023-06-16,2023,141,201,39,32,.549,11.0,0.5,4,5,7,False,80,
2023-06-17,2023-06-16,2023,111,201,35,35,.500,14.5,4.0,5,6,8,False,77,
2023-06-17,2023-06-16,2023,142,202,35,35,.500,-,-,1,,9,False,-,91
2023-06-17,2023-06-16,2023,114,202,32,37,.464,2.5,6.5,2,8,11,False,91,
2023-06-17,2023-06-16,2023,116,202,29,39,.426,5.0,9.0,3,9,12,False,89,
2023-06-17,2023-06-16,2023,145,202,30,41,.423,5.5,9.5,4,10,13,False,87,
2023-06-17,2023-06-16,2023,118,202,18,51,.261,16.5,20.5,5,12,15,False,77,
2023-06-17,2023-06-16,2023,140,200,42,27,.609,-,-,1,,3,False,-,90
2023-06-17,2023-06-16,2023,117,200,39,31,.557,3.5,-,2,2,4,False,90,
2023-06-17,2023-06-16,2023,108,200,40,32,.556,3.5,-,3,4,6,False,89,
2023-06-17,2023-06-16,2023,136,200,34,34,.500,7.5,4.0,4,7,10,False,87,
2023-06-17,2023-06-16,2023,133,200,19,53,.264,24.5,21.0,5,11,14,False,68,
2023-06-17,2023-06-16,2023,144,204,44,26,.629,-,-,1,,1,False,-,88
2023-06-17,2023-06-16,2023,146,204,39,31,.557,5.0,+1.5,2,2,4,False,88,
2023-06-17,2023-06-16,2023,143,204,36,34,.514,8.0,1.5,3,4,6,False,85,
2023-06-17,2023-06-16,2023,121,204,33,36,.478,10.5,4.0,4,7,10,False,83,
2023-06-17,2023-06-16,2023,120,204,27,41,.397,16.0,9.5,5,11,14,False,78,
2023-06-17,2023-06-16,2023,158,205,35,34,.507,-,-,1,,7,False,-,94
2023-06-17,2023-06-16,2023,134,205,34,34,.500,0.5,2.5,2,5,8,False,94,
2023-06-17,2023-06-16,2023,113,205,35,35,.500,0.5,2.5,3,6,9,False,93,
2023-06-17,2023-06-16,2023,112,205,32,37,.464,3.0,5.0,4,9,12,False,91,
2023-06-17,2023-06-16,2023,138,205,27,43,.386,8.5,10.5,5,12,15,False,85,
2023-06-17,2023-06-16,2023,109,203,42,28,.600,-,-,1,,2,False,-,90
2023-06-17,2023-06-16,2023,119,203,39,31,.557,3.0,+1.5,2,1,3,False,90,
2023-06-17,2023-06-16,2023,137,203,37,32,.536,4.5,-,3,3,5,False,89,
2023-06-17,2023-06-16,2023,135,203,33,36,.478,8.5,4.0,4,8,11,False,85,
2023-06-17,2023-06-16,2023,115,203,29,43,.403,14.0,9.5,5,10,13,False,78,
2023-06-18,2023-06-17,2023,139,201,51,23,.689,-,-,1,,1,False,-,85
2023-06-18,2023-06-17,2023,110,201,43,27,.614,6.0,+4.5,2,1,3,False,85,
2023-06-18,2023-06-17,2023,147,201,39,31,.557,10.0,+0.5,3,2,4,False,81,
2023-06-18,2023-06-17,2023,141,201,39,33,.542,11.0,0.5,4,5,7,False,79,
2023-06-18,2023-06-17,2023,111,201,35,35,.500,14.0,3.5,5,6,9,False,77,
2023-06-18,2023-06-17,2023,142,202,36,35,.507,-,-,1,,8,False,-,89
2023-06-18,2023-06-17,2023,114,202,32,38,.457,3.5,6.5,2,8,11,False,89,
2023-06-18,2023-06-17,2023,145,202,31,41,.431,5.5,8.5,3,9,12,False,86,
2023-06-18,2023-06-17,2023,116,202,29,40,.420,6.0,9.0,4,10,13,False,87,
2023-06-18,2023-06-17,2023,118,202,19,51,.271,16.5,19.5,5,11,14,False,76,
2023-06-18,2023-06-17,2023,140,200,43,27,.614,-,-,1,,2,False,-,88
2023-06-18,2023-06-17,2023,117,200,39,32,.549,4.5,-,2,3,5,False,88,
2023-06-18,2023-06-17,2023,108,200,40,33,.548,4.5,-,3,4,6,False,87,
2023-06-18,2023-06-17,2023,136,200,34,35,.493,8.5,4.0,4,7,10,False,85,
2023-06-18,2023-06-17,2023,133,200,19,54,.260,25.5,21.0,5,12,15,False,66,
2023-06-18,2023-06-17,2023,144,204,45,26,.634,-,-,1,,1,False,-,87
2023-06-18,2023-06-17,2023,146,204,40,31,.563,5.0,+1.5,2,1,3,False,87,
2023-06-18,2023-06-17,2023,143,204,37,34,.521,8.0,1.5,3,4,6,False,84,
2023-06-18,2023-06-17,2023,121,204,33,37,.471,11.5,5.0,4,9,12,False,81,
2023-06-18,2023-06-17,2023,120,204,27,42,.391,17.0,10.5,5,12,15,False,76,
2023-06-18,2023-06-17,2023,158,205,36,34,.514,-,-,1,,7,False,-,92
2023-06-18,2023-06-17,2023,113,205,36,35,.507,0.5,2.5,2,5,8,False,92,
2023-06-18,2023-06-17,2023,134,205,34,35,.493,1.5,3.5,3,6,9,False,92,
2023-06-18,2023-06-17,2023,112,205,33,37,.471,3.0,5.0,4,8,11,False,90,
2023-06-18,2023-06-17,2023,138,205,28,43,.394,8.5,10.5,5,11,14,False,84,
2023-06-18,2023-06-17,2023,109,203,43,28,.606,-,-,1,,2,False,-,88
2023-06-18,2023-06-17,2023,119,203,39,32,.549,4.0,+0.5,2,2,4,False,88,
2023-06-18,2023-06-17,2023,137,203,38,32,.543,4.5,-,3,3,5,False,88,
2023-06-18,2023-06-17,2023,135,203,34,36,.486,8.5,4.0,4,7,10,False,84,
2023-06-18,2023-06-17,2023,115,203,29,44,.397,15.0,10.5,5,10,13,False,76,
2023-06-19,2023-06-18,2023,139,201,51,24,.680,-,-,1,,1,False,-,85
2023-06-19,2023-06-18,2023,110,201,44,27,.620,5.0,+5.5,2,1,3,False,85,
2023-06-19,2023-06-18,2023,147,201,39,33,.542,10.5,-,3,4,6,False,79,
2023-06-19,2023-06-18,2023,141,201,39,34,.534,11.0,0.5,4,5,7,False,78,
2023-06-19,2023-06-18,2023,111,201,37,35,.514,12.5,2.0,5,6,8,False,77,
2023-06-19,2023-06-18,2023,142,202,36,36,.500,-,-,1,,10,False,-,89
2023-06-19,2023-06-18,2023,114,202,33,38,.465,2.5,5.5,2,8,11,False,89,
2023-06-19,2023-06-18,2023,116,202,30,40,.429,5.0,8.0,3,9,12,False,87,
2023-06-19,2023-06-18,2023,145,202,31,42,.425,5.5,8.5,4,10,13,False,85,
2023-06-19,2023-06-18,2023,118,202,19,52,.268,16.5,19.5,5,11,14,False,75,
2023-06-19,2023-06-18,2023,140,200,44,27,.620,-,-,1,,2,False,-,86
2023-06-19,2023-06-18,2023,108,200,41,33,.554,4.5,+1.0,2,2,4,False,86,
2023-06-19,2023-06-18,2023,117,200,39,33,.542,5.5,-,3,3,5,False,86,
2023-06-19,2023-06-18,2023,136,200,35,35,.500,8.5,3.0,4,7,9,False,84,
2023-06-19,2023-06-18,2023,133,200,19,55,.257,26.5,21.0,5,12,15,False,64,
2023-06-19,2023-06-18,2023,144,204,46,26,.639,-,-,1,,1,False,-,86
2023-06-19,2023-06-18,2023,146,204,41,31,.569,5.0,+2.0,2,1,3,False,86,
2023-06-19,2023-06-18,2023,143,204,38,34,.528,8.0,1.0,3,4,6,False,83,
2023-06-19,2023-06-18,2023,121,204,33,38,.465,12.5,5.5,4,9,12,False,79,
2023-06-19,2023-06-18,2023,120,204,27,43,.386,18.0,11.0,5,12,15,False,74,
2023-06-19,2023-06-18,2023,158,205,37,34,.521,-,-,1,,7,False,-,91
2023-06-19,2023-06-18,2023,113,205,37,35,.514,0.5,2.0,2,5,8,False,91,
2023-06-19,2023-06-18,2023,134,205,34,36,.486,2.5,4.0,3,7,10,False,90,
2023-06-19,2023-06-18,2023,112,205,33,38,.465,4.0,5.5,4,8,11,False,88,
2023-06-19,2023-06-18,2023,138,205,29,43,.403,8.5,10.0,5,10,13,False,83,
2023-06-19,2023-06-18,2023,109,203,43,29,.597,-,-,1,,2,False,-,88
2023-06-19,2023-06-18,2023,137,203,39,32,.549,3.5,+0.5,2,2,4,False,88,
2023-06-19,2023-06-18,2023,119,203,39,33,.542,4.0,-,3,3,5,False,87,
2023-06-19,2023-06-18,2023,135,203,35,36,.493,7.5,3.5,4,6,9,False,84,
2023-06-19,2023-06-18,2023,115,203,29,45,.392,15.0,11.0,5,11,14,False,75,
2023-06-20,2023-06-19,2023,139,201,51,24,.680,-,-,1,,1,False,-,85
2023-06-20,2023-06-19,2023,110,201,44,27,.620,5.0,+5.5,2,1,3,False,85,
2023-06-20,2023-06-19,2023,147,201,39,33,.542,10.5,-,3,3,5,False,79,
2023-06-20,2023-06-19,2023,141,201,39,35,.527,11.5,1.0,4,5,7,False,77,
2023-06-20,2023-06-19,2023,111,201,38,35,.521,12.0,1.5,5,6,8,False,77,
2023-06-20,2023-06-19,2023,142,202,36,37,.493,-,-,1,,10,False,-,89
2023-06-20,2023-06-19,2023,114,202,33,38,.465,2.0,5.5,2,8,11,False,89,
2023-06-20,2023-06-19,2023,116,202,31,40,.437,4.0,7.5,3,9,12,False,87,
2023-06-20,2023-06-19,2023,145,202,31,43,.419,5.5,9.0,4,10,13,False,84,
2023-06-20,2023-06-19,2023,118,202,19,53,.264,16.5,20.0,5,11,14,False,74,
2023-06-20,2023-06-19,2023,140,200,45,27,.625,-,-,1,,2,False,-,85
2023-06-20,2023-06-19,2023,108,200,41,33,.554,5.0,+1.0,2,2,4,False,85,
2023-06-20,2023-06-19,2023,117,200,39,34,.534,6.5,0.5,3,4,6,False,84,
2023-06-20,2023-06-19,2023,136,200,35,35,.500,9.0,3.0,4,7,9,False,83,
2023-06-20,2023-06-19,2023,133,200,19,55,.257,27.0,21.0,5,12,15,False,63,
2023-06-20,2023-06-19,2023,144,204,46,26,.639,-,-,1,,1,False,-,86
2023-06-20,2023-06-19,2023,146,204,42,31,.575,4.5,+2.5,2,1,3,False,86,
2023-06-20,2023-06-19,2023,143,204,38,34,.528,8.0,1.0,3,4,6,False,83,
2023-06-20,2023-06-19,2023,121,204,34,38,.472,12.0,5.0,4,9,12,False,79,
2023-06-20,2023-06-19,2023,120,204,27,44,.380,18.5,11.5,5,12,15,False,73,
2023-06-20,2023-06-19,2023,113,205,38,35,.521,-,-,1,,7,False,-,90
2023-06-20,2023-06-19,2023,158,205,37,35,.514,0.5,2.0,2,5,8,False,90,
2023-06-20,2023-06-19,2023,134,205,34,37,.479,3.0,4.5,3,7,10,False,88,
2023-06-20,2023-06-19,2023,112,205,34,38,.472,3.5,5.0,4,8,11,False,87,
2023-06-20,2023-06-19,2023,138,205,30,43,.411,8.0,9.5,5,10,13,False,82,
2023-06-20,2023-06-19,2023,109,203,44,29,.603,-,-,1,,2,False,-,87
2023-06-20,2023-06-19,2023,137,203,40,32,.556,3.5,+1.0,2,2,4,False,87,
2023-06-20,2023-06-19,2023,119,203,39,33,.542,4.5,-,3,3,5,False,86,
2023-06-20,2023-06-19,2023,135,203,35,37,.486,8.5,4.0,4,6,9,False,82,
2023-06-20,2023-06-19,2023,115,203,29,46,.387,16.0,11.5,5,11,14,False,73,
2023-06-21,2023-06-20,2023,139,201,51,25,.671,-,-,1,,1,False,-,85
2023-06-21,2023-06-20,2023,110,201,45,27,.625,4.0,+5.5,2,1,2,False,85,
2023-06-21,2023-06-20,2023,147,201,40,33,.548,9.5,-,3,2,4,False,79,
2023-06-21,2023-06-20,2023,141,201,40,35,.533,10.5,1.0,4,5,7,False,77,
2023-06-21,2023-06-20,2023,111,201,39,35,.527,11.0,1.5,5,6,8,False,77,
2023-06-21,2023-06-20,2023,142,202,36,38,.486,-,-,1,,10,False,-,89
2023-06-21,2023-06-20,2023,114,202,34,38,.472,1.0,5.5,2,8,11,False,89,
2023-06-21,2023-06-20,2023,116,202,31,41,.431,4.0,8.5,3,9,12,False,86,
2023-06-21,2023-06-20,2023,145,202,32,43,.427,4.5,9.0,4,10,13,False,84,
2023-06-21,2023-06-20,2023,118,202,20,53,.274,15.5,20.0,5,11,14,False,74,
2023-06-21,2023-06-20,2023,140,200,45,28,.616,-,-,1,,3,False,-,84
2023-06-21,2023-06-20,2023,108,200,41,34,.547,5.0,-,2,3,5,False,84,
2023-06-21,2023-06-20,2023,117,200,40,34,.541,5.5,0.5,3,4,6,False,84,
2023-06-21,2023-06-20,2023,136,200,35,36,.493,9.0,4.0,4,7,9,False,82,
2023-06-21,2023-06-20,2023,133,200,19,56,.253,27.0,22.0,5,12,15,False,62,
2023-06-21,2023-06-20,2023,144,204,47,26,.644,-,-,1,,1,False,-,84
2023-06-21,2023-06-20,2023,146,204,42,32,.568,5.5,+1.5,2,1,3,False,84,
2023-06-21,2023-06-20,2023,143,204,38,35,.521,9.0,2.0,3,5,8,False,81,
2023-06-21,2023-06-20,2023,121,204,34,39,.466,13.0,6.0,4,9,12,False,77,
2023-06-21,2023-06-20,2023,120,204,27,45,.375,19.5,12.5,5,12,15,False,71,
2023-06-21,2023-06-20,2023,113,205,39,35,.527,-,-,1,,6,False,-,89
2023-06-21,2023-06-20,2023,158,205,38,35,.521,0.5,2.0,2,4,7,False,89,
2023-06-21,2023-06-20,2023,112,205,35,38,.479,3.5,5.0,3,6,9,False,86,
2023-06-21,2023-06-20,2023,134,205,34,38,.472,4.0,5.5,4,8,11,False,86,
2023-06-21,2023-06-20,2023,138,205,31,43,.419,8.0,9.5,5,10,13,False,81,
2023-06-21,2023-06-20,2023,109,203,44,30,.595,-,-,1,,2,False,-,87
2023-06-21,2023-06-20,2023,137,203,41,32,.562,2.5,+1.0,2,2,4,False,87,
2023-06-21,2023-06-20,2023,119,203,40,33,.548,3.5,-,3,3,5,False,86,
2023-06-21,2023-06-20,2023,135,203,35,38,.479,8.5,5.0,4,7,10,False,81,
2023-06-21,2023-06-20,2023,115,203,29,47,.382,16.0,12.5,5,11,14,False,72,
2023-06-22,2023-06-21,2023,139,201,52,25,.675,-,-,1,,1,False,-,83
2023-06-22,2023-06-21,2023,110,201,45,28,.616,5.0,+5.0,2,1,3,False,83,
2023-06-22,2023-06-21,2023,147,201,41,33,.554,9.5,+0.5,3,2,4,False,78,
2023-06-22,2023-06-21,2023,141,201,41,35,.539,10.5,0.5,4,4,6,False,76,
2023-06-22,2023-06-21,2023,111,201,39,36,.520,12.0,2.0,5,6,8,False,75,
2023-06-22,2023-06-21,2023,142,202,37,38,.493,-,-,1,,9,False,-,88
2023-06-22,2023-06-21,2023,114,202,35,38,.479,1.0,5.0,2,8,11,False,88,
2023-06-22,2023-06-21,2023,116,202,32,41,.438,4.0,8.0,3,9,12,False,85,
2023-06-22,2023-06-21,2023,145,202,32,44,.421,5.5,9.5,4,10,13,False,82,
2023-06-22,2023-06-21,2023,118,202,20,54,.270,16.5,20.5,5,11,14,False,72,
2023-06-22,2023-06-21,2023,140,200,46,28,.622,-,-,1,,2,False,-,83
2023-06-22,2023-06-21,2023,117,200,41,34,.547,5.5,-,2,3,5,False,83,
2023-06-22,2023-06-21,2023,108,200,41,35,.539,6.0,0.5,3,5,7,False,82,
2023-06-22,2023-06-21,2023,136,200,35,37,.486,10.0,4.5,4,7,10,False,80,
2023-06-22,2023-06-21,2023,133,200,19,57,.250,28.0,22.5,5,12,15,False,60,
2023-06-22,2023-06-21,2023,144,204,47,26,.644,-,-,1,,1,False,-,83
2023-06-22,2023-06-21,2023,146,204,42,33,.560,6.0,+0.5,2,2,4,False,83,
2023-06-22,2023-06-21,2023,143,204,38,35,.521,9.0,2.5,3,4,7,False,81,
2023-06-22,2023-06-21,2023,121,204,34,40,.459,13.5,7.0,4,9,12,False,76,
2023-06-22,2023-06-21,2023,120,204,28,45,.384,19.0,12.5,5,11,14,False,71,
2023-06-22,2023-06-21,2023,113,205,40,35,.533,-,-,1,,6,False,-,87
2023-06-22,2023-06-21,2023,158,205,38,36,.514,1.5,3.0,2,5,8,False,87,
2023-06-22,2023-06-21,2023,112,205,36,38,.486,3.5,5.0,3,6,9,False,85,
2023-06-22,2023-06-21,2023,134,205,34,39,.466,5.0,6.5,4,8,11,False,84,
2023-06-22,2023-06-21,2023,138,205,31,44,.413,9.0,10.5,5,10,13,False,79,
2023-06-22,2023-06-21,2023,109,203,45,30,.600,-,-,1,,2,False,-,86
2023-06-22,2023-06-21,2023,137,203,42,32,.568,2.5,+1.0,2,1,3,False,86,
2023-06-22,2023-06-21,2023,119,203,41,33,.554,3.5,-,3,3,5,False,85,
2023-06-22,2023-06-21,2023,135,203,35,39,.473,9.5,6.0,4,7,10,False,79,
2023-06-22,2023-06-21,2023,115,203,29,48,.377,17.0,13.5,5,12,15,False,70,
2023-06-23,2023-06-22,2023,139,201,52,26,.667,-,-,1,,1,False,-,83
2023-06-23,2023-06-22,2023,110,201,45,28,.616,4.5,+5.0,2,1,3,False,83,
2023-06-23,2023-06-22,2023,147,201,41,34,.547,9.5,-,3,3,5,False,77,
2023-06-23,2023-06-22,2023,141,201,41,35,.539,10.0,0.5,4,4,6,False,76,
2023-06-23,2023-06-22,2023,111,201,39,37,.513,12.0,2.5,5,6,8,False,74,
2023-06-23,2023-06-22,2023,142,202,38,38,.500,-,-,1,,9,False,-,87
2023-06-23,2023-06-22,2023,114,202,36,38,.486,1.0,4.5,2,8,11,False,87,
2023-06-23,2023-06-22,2023,116,202,32,41,.438,4.5,8.0,3,9,12,False,84,
2023-06-23,2023-06-22,2023,145,202,32,44,.421,6.0,9.5,4,10,13,False,81,
2023-06-23,2023-06-22,2023,118,202,21,54,.280,16.5,20.0,5,11,14,False,71,
2023-06-23,2023-06-22,2023,140,200,46,28,.622,-,-,1,,2,False,-,83
2023-06-23,2023-06-22,2023,117,200,41,34,.547,5.5,-,2,2,4,False,83,
2023-06-23,2023-06-22,2023,108,200,41,35,.539,6.0,0.5,3,5,7,False,82,
2023-06-23,2023-06-22,2023,136,200,36,37,.493,9.5,4.0,4,7,10,False,80,
2023-06-23,2023-06-22,2023,133,200,19,58,.247,28.5,23.0,5,12,15,False,59,
2023-06-23,2023-06-22,2023,144,204,48,26,.649,-,-,1,,1,False,-,82
2023-06-23,2023-06-22,2023,146,204,43,33,.566,6.0,+1.0,2,1,3,False,82,
2023-06-23,2023-06-22,2023,143,204,38,36,.514,10.0,3.0,3,5,8,False,79,
2023-06-23,2023-06-22,2023,121,204,34,40,.459,14.0,7.0,4,9,12,False,75,
2023-06-23,2023-06-22,2023,120,204,28,46,.378,20.0,13.0,5,11,14,False,69,
2023-06-23,2023-06-22,2023,113,205,40,35,.533,-,-,1,,6,False,-,87
2023-06-23,2023-06-22,2023,158,205,38,36,.514,1.5,3.0,2,4,7,False,87,
2023-06-23,2023-06-22,2023,112,205,36,38,.486,3.5,5.0,3,6,9,False,85,
2023-06-23,2023-06-22,2023,134,205,34,40,.459,5.5,7.0,4,8,11,False,83,
2023-06-23,2023-06-22,2023,138,205,31,44,.413,9.0,10.5,5,10,13,False,79,
2023-06-23,2023-06-22,2023,109,203,46,30,.605,-,-,1,,2,False,-,84
2023-06-23,2023-06-22,2023,137,203,42,33,.560,3.5,+0.5,2,2,4,False,84,
2023-06-23,2023-06-22,2023,119,203,41,33,.554,4.0,-,3,3,5,False,84,
2023-06-23,2023-06-22,2023,135,203,36,39,.480,9.5,5.5,4,7,10,False,78,
2023-06-23,2023-06-22,2023,115,203,29,48,.377,17.5,13.5,5,12,15,False,69,
2023-06-24,2023-06-23,2023,139,201,53,26,.671,-,-,1,,1,False,-,81
2023-06-24,2023-06-23,2023,110,201,45,29,.608,5.5,+5.0,2,1,3,False,81,
2023-06-24,2023-06-23,2023,147,201,41,35,.539,10.5,-,3,3,5,False,75,
2023-06-24,2023-06-23,2023,141,201,41,36,.532,11.0,0.5,4,4,6,False,74,
2023-06-24,2023-06-23,2023,111,201,40,37,.519,12.0,1.5,5,6,8,False,73,
2023-06-24,2023-06-23,2023,142,202,39,38,.506,-,-,1,,9,False,-,85
2023-06-24,2023-06-23,2023,114,202,36,39,.480,2.0,4.5,2,8,11,False,85,
2023-06-24,2023-06-23,2023,116,202,32,42,.432,5.5,8.0,3,9,12,False,82,
2023-06-24,2023-06-23,2023,145,202,32,45,.416,7.0,9.5,4,10,13,False,79,
2023-06-24,2023-06-23,2023,118,202,21,55,.276,17.5,20.0,5,11,14,False,69,
2023-06-24,2023-06-23,2023,140,200,47,28,.627,-,-,1,,2,False,-,81
2023-06-24,2023-06-23,2023,117,200,41,35,.539,6.5,-,2,2,4,False,81,
2023-06-24,2023-06-23,2023,108,200,41,36,.532,7.0,0.5,3,5,7,False,80,
2023-06-24,2023-06-23,2023,136,200,37,37,.500,9.5,3.0,4,7,10,False,79,
2023-06-24,2023-06-23,2023,133,200,20,58,.256,28.5,22.0,5,12,15,False,58,
2023-06-24,2023-06-23,2023,144,204,48,27,.640,-,-,1,,1,False,-,81
2023-06-24,2023-06-23,2023,146,204,43,34,.558,6.0,-,2,3,5,False,81,
2023-06-24,2023-06-23,2023,143,204,39,36,.520,9.0,3.0,3,5,8,False,79,
2023-06-24,2023-06-23,2023,121,204,34,41,.453,14.0,8.0,4,9,12,False,74,
2023-06-24,2023-06-23,2023,120,204,28,47,.373,20.0,14.0,5,12,15,False,68,
2023-06-24,2023-06-23,2023,113,205,41,35,.539,-,-,1,,6,False,-,86
2023-06-24,2023-06-23,2023,158,205,39,36,.520,1.5,3.0,2,4,7,False,86,
2023-06-24,2023-06-23,2023,112,205,36,38,.486,4.0,5.5,3,7,10,False,84,
2023-06-24,2023-06-23,2023,134,205,35,40,.467,5.5,7.0,4,8,11,False,82,
2023-06-24,2023-06-23,2023,138,205,31,44,.413,9.5,11.0,5,10,13,False,78,
2023-06-24,2023-06-23,2023,109,203,46,31,.597,-,-,1,,2,False,-,84
2023-06-24,2023-06-23,2023,137,203,43,33,.566,2.5,+0.5,2,1,3,False,84,
2023-06-24,2023-06-23,2023,119,203,42,33,.560,3.0,-,3,2,4,False,84,
2023-06-24,2023-06-23,2023,135,203,37,39,.487,8.5,5.5,4,6,9,False,78,
2023-06-24,2023-06-23,2023,115,203,30,48,.385,16.5,13.5,5,11,14,False,69,
2023-06-25,2023-06-24,2023,139,201,53,27,.663,-,-,1,,1,False,-,81
2023-06-25,2023-06-24,2023,110,201,46,29,.613,4.5,+5.5,2,1,3,False,81,
2023-06-25,2023-06-24,2023,147,201,42,35,.545,9.5,+0.5,3,2,4,False,75,
2023-06-25,2023-06-24,2023,141,201,42,36,.538,10.0,-,4,3,5,False,74,
2023-06-25,2023-06-24,2023,111,201,40,38,.513,12.0,2.0,5,6,8,False,72,
2023-06-25,2023-06-24,2023,142,202,39,39,.500,-,-,1,,9,False,-,85
2023-06-25,2023-06-24,2023,114,202,37,39,.487,1.0,4.0,2,8,11,False,85,
2023-06-25,2023-06-24,2023,116,202,33,42,.440,4.5,7.5,3,9,12,False,82,
2023-06-25,2023-06-24,2023,145,202,33,45,.423,6.0,9.0,4,10,13,False,79,
2023-06-25,2023-06-24,2023,118,202,22,55,.286,16.5,19.5,5,11,14,False,69,
2023-06-25,2023-06-24,2023,140,200,47,29,.618,-,-,1,,2,False,-,80
2023-06-25,2023-06-24,2023,108,200,42,36,.538,6.0,-,2,4,6,False,80,
2023-06-25,2023-06-24,2023,117,200,41,36,.532,6.5,0.5,3,5,7,False,80,
2023-06-25,2023-06-24,2023,136,200,37,38,.493,9.5,3.5,4,7,10,False,78,
2023-06-25,2023-06-24,2023,133,200,20,59,.253,28.5,22.5,5,12,15,False,57,
2023-06-25,2023-06-24,2023,144,204,49,27,.645,-,-,1,,1,False,-,80
2023-06-25,2023-06-24,2023,146,204,44,34,.564,6.0,-,2,3,5,False,80,
2023-06-25,2023-06-24,2023,143,204,39,37,.513,10.0,4.0,3,5,8,False,77,
2023-06-25,2023-06-24,2023,121,204,35,41,.461,14.0,8.0,4,9,12,False,73,
2023-06-25,2023-06-24,2023,120,204,29,47,.382,20.0,14.0,5,11,14,False,67,
2023-06-25,2023-06-24,2023,113,205,41,36,.532,-,-,1,,6,False,-,85
2023-06-25,2023-06-24,2023,158,205,39,37,.513,1.5,4.0,2,4,7,False,85,
2023-06-25,2023-06-24,2023,112,205,37,38,.493,3.0,5.5,3,6,9,False,84,
2023-06-25,2023-06-24,2023,134,205,35,41,.461,5.5,8.0,4,8,11,False,81,
2023-06-25,2023-06-24,2023,138,205,31,45,.408,9.5,12.0,5,10,13,False,77,
2023-06-25,2023-06-24,2023,109,203,46,32,.590,-,-,1,,2,False,-,84
2023-06-25,2023-06-24,2023,137,203,44,33,.571,1.5,+0.5,2,1,3,False,84,
2023-06-25,2023-06-24,2023,119,203,43,33,.566,2.0,-,3,2,4,False,84,
2023-06-25,2023-06-24,2023,135,203,37,40,.481,8.5,6.5,4,7,10,False,77,
2023-06-25,2023-06-24,2023,115,203,30,49,.380,16.5,14.5,5,12,15,False,68,
2023-06-26,2023-06-25,2023,139,201,54,27,.667,-,-,1,,1,False,-,80
2023-06-26,2023-06-25,2023,110,201,47,29,.618,4.5,+5.5,2,1,2,False,80,
2023-06-26,2023-06-25,2023,147,201,43,35,.551,9.5,+0.5,3,2,4,False,74,
2023-06-26,2023-06-25,2023,141,201,43,36,.544,10.0,-,4,3,5,False,73,
2023-06-26,2023-06-25,2023,111,201,40,39,.506,13.0,3.0,5,6,8,False,70,
2023-06-26,2023-06-25,2023,142,202,40,39,.506,-,-,1,,9,False,-,83
2023-06-26,2023-06-25,2023,114,202,37,40,.481,2.0,5.0,2,8,11,False,83,
2023-06-26,2023-06-25,2023,116,202,33,43,.434,5.5,8.5,3,9,12,False,80,
2023-06-26,2023-06-25,2023,145,202,34,45,.430,6.0,9.0,4,10,13,False,78,
2023-06-26,2023-06-25,2023,118,202,22,56,.282,17.5,20.5,5,11,14,False,67,
2023-06-26,2023-06-25,2023,140,200,47,30,.610,-,-,1,,3,False,-,80
2023-06-26,2023-06-25,2023,117,200,42,36,.538,5.5,0.5,2,4,6,False,80,
2023-06-26,2023-06-25,2023,108,200,42,37,.532,6.0,1.0,3,5,7,False,79,
2023-06-26,2023-06-25,2023,136,200,37,39,.487,9.5,4.5,4,7,10,False,77,
2023-06-26,2023-06-25,2023,133,200,20,60,.250,28.5,23.5,5,12,15,False,56,
2023-06-26,2023-06-25,2023,144,204,50,27,.649,-,-,1,,1,False,-,79
2023-06-26,2023-06-25,2023,146,204,45,34,.570,6.0,+1.0,2,1,3,False,79,
2023-06-26,2023-06-25,2023,143,204,40,37,.519,10.0,3.0,3,5,8,False,76,
2023-06-26,2023-06-25,2023,121,204,35,42,.455,15.0,8.0,4,9,12,False,71,
2023-06-26,2023-06-25,2023,120,204,30,47,.390,20.0,13.0,5,11,14,False,66,
2023-06-26,2023-06-25,2023,113,205,41,37,.526,-,-,1,,6,False,-,85
2023-06-26,2023-06-25,2023,158,205,40,37,.519,0.5,3.0,2,4,7,False,85,
2023-06-26,2023-06-25,2023,112,205,37,39,.487,3.0,5.5,3,6,9,False,83,
2023-06-26,2023-06-25,2023,134,205,35,42,.455,5.5,8.0,4,8,11,False,80,
2023-06-26,2023-06-25,2023,138,205,32,45,.416,8.5,11.0,5,10,13,False,77,
2023-06-26,2023-06-25,2023,109,203,47,32,.595,-,-,1,,2,False,-,82
2023-06-26,2023-06-25,2023,137,203,44,34,.564,2.5,+0.5,2,2,4,False,82,
2023-06-26,2023-06-25,2023,119,203,43,34,.558,3.0,-,3,3,5,False,82,
2023-06-26,2023-06-25,2023,135,203,37,41,.474,9.5,6.5,4,7,10,False,75,
2023-06-26,2023-06-25,2023,115,203,31,49,.388,16.5,13.5,5,12,15,False,67,
2023-06-27,2023-06-26,2023,139,201,54,27,.667,-,-,1,,1,False,-,80
2023-06-27,2023-06-26,2023,110,201,48,29,.623,4.0,+6.0,2,1,2,False,80,
2023-06-27,2023-06-26,2023,147,201,43,35,.551,9.5,+0.5,3,2,4,False,74,
2023-06-27,2023-06-26,2023,141,201,43,36,.544,10.0,-,4,3,5,False,73,
2023-06-27,2023-06-26,2023,111,201,40,39,.506,13.0,3.0,5,6,8,False,70,
2023-06-27,2023-06-26,2023,142,202,40,40,.500,-,-,1,,9,False,-,83
2023-06-27,2023-06-26,2023,114,202,37,40,.481,1.5,5.0,2,8,11,False,83,
2023-06-27,2023-06-26,2023,116,202,34,43,.442,4.5,8.0,3,9,12,False,80,
2023-06-27,2023-06-26,2023,145,202,34,46,.425,6.0,9.5,4,10,13,False,77,
2023-06-27,2023-06-26,2023,118,202,22,56,.282,17.0,20.5,5,11,14,False,67,
2023-06-27,2023-06-26,2023,140,200,47,31,.603,-,-,1,,3,False,-,80
2023-06-27,2023-06-26,2023,117,200,42,36,.538,5.0,0.5,2,4,6,False,80,
2023-06-27,2023-06-26,2023,108,200,43,37,.538,5.0,0.5,3,5,7,False,79,
2023-06-27,2023-06-26,2023,136,200,38,39,.494,8.5,4.0,4,7,10,False,77,
2023-06-27,2023-06-26,2023,133,200,20,60,.250,28.0,23.5,5,12,15,False,56,
2023-06-27,2023-06-26,2023,144,204,51,27,.654,-,-,1,,1,False,-,78
2023-06-27,2023-06-26,2023,146,204,45,34,.570,6.5,+1.0,2,1,3,False,78,
2023-06-27,2023-06-26,2023,143,204,40,37,.519,10.5,3.0,3,4,7,False,75,
2023-06-27,2023-06-26,2023,121,204,35,43,.449,16.0,8.5,4,9,12,False,69,
2023-06-27,2023-06-26,2023,120,204,30,48,.385,21.0,13.5,5,12,15,False,64,
2023-06-27,2023-06-26,2023,158,205,41,37,.526,-,-,1,,6,False,-,84
2023-06-27,2023-06-26,2023,113,205,41,38,.519,0.5,3.0,2,5,8,False,84,
2023-06-27,2023-06-26,2023,112,205,37,39,.487,3.0,5.5,3,6,9,False,83,
2023-06-27,2023-06-26,2023,134,205,35,42,.455,5.5,8.0,4,8,11,False,80,
2023-06-27,2023-06-26,2023,138,205,32,45,.416,8.5,11.0,5,10,13,False,77,
2023-06-27,2023-06-26,2023,109,203,47,32,.595,-,-,1,,2,False,-,82
2023-06-27,2023-06-26,2023,137,203,44,34,.564,2.5,+0.5,2,2,4,False,82,
2023-06-27,2023-06-26,2023,119,203,43,34,.558,3.0,-,3,3,5,False,82,
2023-06-27,2023-06-26,2023,135,203,37,41,.474,9.5,6.5,4,7,10,False,75,
2023-06-27,2023-06-26,2023,115,203,31,49,.388,16.5,13.5,5,11,14,False,67,
2023-06-28,2023-06-27,2023,139,201,54,28,.659,-,-,1,,1,False,-,79
2023-06-28,2023-06-27,2023,110,201,48,30,.615,4.0,+5.5,2,1,2,False,79,
2023-06-28,2023-06-27,2023,147,201,43,36,.544,9.5,-,3,2,4,False,73,
2023-06-28,2023-06-27,2023,141,201,43,37,.538,10.0,0.5,4,4,6,False,72,
2023-06-28,2023-06-27,2023,111,201,40,40,.500,13.0,3.5,5,6,8,False,69,
2023-06-28,2023-06-27,2023,142,202,40,41,.494,-,-,1,,9,False,-,83
2023-06-28,2023-06-27,2023,114,202,38,40,.487,0.5,4.5,2,7,10,False,83,
2023-06-28,2023-06-27,2023,116,202,34,44,.436,4.5,8.5,3,9,12,False,79,
2023-06-28,2023-06-27,2023,145,202,34,47,.420,6.0,10.0,4,10,13,False,76,
2023-06-28,2023-06-27,2023,118,202,22,57,.278,17.0,21.0,5,11,14,False,66,
2023-06-28,2023-06-27,2023,140,200,48,31,.608,-,-,1,,3,False,-,78
2023-06-28,2023-06-27,2023,108,200,44,37,.543,5.0,-,2,3,5,False,78,
2023-06-28,2023-06-27,2023,117,200,42,37,.532,6.0,1.0,3,5,7,False,78,
2023-06-28,2023-06-27,2023,136,200,38,40,.487,9.5,4.5,4,8,11,False,75,
2023-06-28,2023-06-27,2023,133,200,21,60,.259,28.0,23.0,5,12,15,False,55,
2023-06-28,2023-06-27,2023,144,204,52,27,.658,-,-,1,,1,False,-,77
2023-06-28,2023-06-27,2023,146,204,46,34,.575,6.5,+1.0,2,1,3,False,77,
2023-06-28,2023-06-27,2023,143,204,41,37,.526,10.5,3.0,3,4,6,False,74,
2023-06-28,2023-06-27,2023,121,204,36,43,.456,16.0,8.5,4,9,12,False,68,
2023-06-28,2023-06-27,2023,120,204,31,48,.392,21.0,13.5,5,11,14,False,63,
2023-06-28,2023-06-27,2023,113,205,42,38,.525,-,-,1,,7,False,-,83
2023-06-28,2023-06-27,2023,158,205,41,38,.519,0.5,3.5,2,5,8,False,83,
2023-06-28,2023-06-27,2023,112,205,37,40,.481,3.5,6.5,3,6,9,False,81,
2023-06-28,2023-06-27,2023,134,205,36,42,.462,5.0,8.0,4,8,11,False,79,
2023-06-28,2023-06-27,2023,138,205,33,45,.423,8.0,11.0,5,10,13,False,76,
2023-06-28,2023-06-27,2023,109,203,48,32,.600,-,-,1,,2,False,-,81
2023-06-28,2023-06-27,2023,137,203,45,34,.570,2.5,+0.5,2,2,4,False,81,
2023-06-28,2023-06-27,2023,119,203,44,34,.564,3.0,-,3,3,5,False,81,
2023-06-28,2023-06-27,2023,135,203,37,42,.468,10.5,7.5,4,7,10,False,73,
2023-06-28,2023-06-27,2023,115,203,31,50,.383,17.5,14.5,5,12,15,False,65,
2023-06-29,2023-06-28,2023,139,201,55,28,.663,-,-,1,,1,False,-,77
2023-06-29,2023-06-28,2023,110,201,48,31,.608,5.0,+5.0,2,1,3,False,77,
2023-06-29,2023-06-28,2023,147,201,44,36,.550,9.5,+0.5,3,2,4,False,72,
2023-06-29,2023-06-28,2023,141,201,44,37,.543,10.0,-,4,3,5,False,71,
2023-06-29,2023-06-28,2023,111,201,40,41,.494,14.0,4.0,5,6,8,False,67,
2023-06-29,2023-06-28,2023,114,202,39,40,.494,-,-,1,,9,False,-,82
2023-06-29,2023-06-28,2023,142,202,40,42,.488,0.5,4.5,2,7,10,False,82,
2023-06-29,2023-06-28,2023,116,202,34,45,.430,5.0,9.0,3,9,12,False,79,
2023-06-29,2023-06-28,2023,145,202,35,47,.427,5.5,9.5,4,10,13,False,77,
2023-06-29,2023-06-28,2023,118,202,22,58,.275,17.5,21.5,5,11,14,False,66,
2023-06-29,2023-06-28,2023,140,200,49,31,.613,-,-,1,,2,False,-,77
2023-06-29,2023-06-28,2023,117,200,43,37,.538,6.0,0.5,2,4,6,False,77,
2023-06-29,2023-06-28,2023,108,200,44,38,.537,6.0,0.5,3,5,7,False,76,
2023-06-29,2023-06-28,2023,136,200,38,41,.481,10.5,5.0,4,8,11,False,73,
2023-06-29,2023-06-28,2023,133,200,21,61,.256,29.0,23.5,5,12,15,False,53,
2023-06-29,2023-06-28,2023,144,204,53,27,.663,-,-,1,,1,False,-,76
2023-06-29,2023-06-28,2023,146,204,47,34,.580,6.5,+2.0,2,1,3,False,76,
2023-06-29,2023-06-28,2023,143,204,42,37,.532,10.5,2.0,3,4,6,False,73,
2023-06-29,2023-06-28,2023,121,204,36,44,.450,17.0,8.5,4,9,12,False,66,
2023-06-29,2023-06-28,2023,120,204,32,48,.400,21.0,12.5,5,11,14,False,62,
2023-06-29,2023-06-28,2023,113,205,43,38,.531,-,-,1,,7,False,-,82
2023-06-29,2023-06-28,2023,158,205,42,38,.525,0.5,2.5,2,5,8,False,82,
2023-06-29,2023-06-28,2023,112,205,37,41,.474,4.5,6.5,3,6,9,False,79,
2023-06-29,2023-06-28,2023,134,205,37,42,.468,5.0,7.0,4,7,10,False,78,
2023-06-29,2023-06-28,2023,138,205,33,46,.418,9.0,11.0,5,10,13,False,74,
2023-06-29,2023-06-28,2023,109,203,48,33,.593,-,-,1,,2,False,-,80
2023-06-29,2023-06-28,2023,137,203,45,35,.563,2.5,+0.5,2,2,4,False,80,
2023-06-29,2023-06-28,2023,119,203,44,35,.557,3.0,-,3,3,5,False,80,
2023-06-29,2023-06-28,2023,135,203,37,43,.463,10.5,7.5,4,8,11,False,72,
2023-06-29,2023-06-28,2023,115,203,32,50,.390,16.5,13.5,5,12,15,False,65,
2023-06-30,2023-06-29,2023,139,201,56,28,.667,-,-,1,,1,False,-,76
2023-06-30,2023-06-29,2023,110,201,48,31,.608,5.5,+4.5,2,1,2,False,76,
2023-06-30,2023-06-29,2023,147,201,45,36,.556,9.5,+0.5,3,2,4,False,71,
2023-06-30,2023-06-29,2023,141,201,45,37,.549,10.0,-,4,3,5,False,70,
2023-06-30,2023-06-29,2023,111,201,40,42,.488,15.0,5.0,5,6,8,False,65,
2023-06-30,2023-06-29,2023,142,202,40,42,.488,-,-,1,,9,False,-,82
2023-06-30,2023-06-29,2023,114,202,39,41,.488,-,5.0,2,7,10,False,82,
2023-06-30,2023-06-29,2023,116,202,35,45,.438,4.0,9.0,3,9,12,False,78,
2023-06-30,2023-06-29,2023,145,202,36,47,.434,4.5,9.5,4,10,13,False,76,
2023-06-30,2023-06-29,2023,118,202,23,58,.284,16.5,21.5,5,11,14,False,65,
2023-06-30,2023-06-29,2023,140,200,49,32,.605,-,-,1,,3,False,-,77
2023-06-30,2023-06-29,2023,117,200,44,37,.543,5.0,0.5,2,4,6,False,77,
2023-06-30,2023-06-29,2023,108,200,44,39,.530,6.0,1.5,3,5,7,False,75,
2023-06-30,2023-06-29,2023,136,200,38,41,.481,10.0,5.5,4,8,11,False,73,
2023-06-30,2023-06-29,2023,133,200,21,62,.253,29.0,24.5,5,12,15,False,52,
2023-06-30,2023-06-29,2023,144,204,53,27,.663,-,-,1,,1,False,-,76
2023-06-30,2023-06-29,2023,146,204,48,34,.585,6.0,+2.5,2,1,2,False,76,
2023-06-30,2023-06-29,2023,143,204,43,37,.538,10.0,1.5,3,4,6,False,73,
2023-06-30,2023-06-29,2023,121,204,36,45,.444,17.5,9.0,4,9,12,False,65,
2023-06-30,2023-06-29,2023,120,204,32,48,.400,21.0,12.5,5,11,14,False,62,
2023-06-30,2023-06-29,2023,158,205,43,38,.531,-,-,1,,7,False,-,78
2023-06-30,2023-06-29,2023,113,205,43,38,.531,-,2.0,2,5,8,False,-,
2023-06-30,2023-06-29,2023,134,205,38,42,.475,4.5,6.5,3,6,9,False,78,
2023-06-30,2023-06-29,2023,112,205,37,42,.468,5.0,7.0,4,7,10,False,78,
2023-06-30,2023-06-29,2023,138,205,33,47,.413,9.5,11.5,5,10,13,False,73,
2023-06-30,2023-06-29,2023,109,203,48,34,.585,-,-,1,,3,False,-,80
2023-06-30,2023-06-29,2023,119,203,45,35,.563,2.0,+0.5,2,2,4,False,80,
2023-06-30,2023-06-29,2023,137,203,45,36,.556,2.5,-,3,3,5,False,79,
2023-06-30,2023-06-29,2023,135,203,37,44,.457,10.5,8.0,4,8,11,False,71,
2023-06-30,2023-06-29,2023,115,203,32,51,.386,16.5,14.0,5,12,15,False,64,
2023-07-01,2023-06-30,2023,139,201,57,28,.671,-,-,1,,1,False,-,74
2023-07-01,2023-06-30,2023,110,201,48,32,.600,6.5,+4.0,2,1,2,False,74,
2023-07-01,2023-06-30,2023,147,201,45,36,.556,10.0,+0.5,3,2,4,False,70,
2023-07-01,2023-06-30,2023,141,201,45,38,.542,11.0,0.5,4,4,6,False,68,
2023-07-01,2023-06-30,2023,111,201,41,42,.494,15.0,4.5,5,6,8,False,64,
2023-07-01,2023-06-30,2023,142,202,41,42,.494,-,-,1,,9,False,-,80
2023-07-01,2023-06-30,2023,114,202,39,42,.481,1.0,5.5,2,7,10,False,80,
2023-07-01,2023-06-30,2023,116,202,35,46,.432,5.0,9.5,3,9,12,False,76,
2023-07-01,2023-06-30,2023,145,202,36,48,.429,5.5,10.0,4,10,13,False,74,
2023-07-01,2023-06-30,2023,118,202,23,59,.280,17.5,22.0,5,11,14,False,63,
2023-07-01,2023-06-30,2023,140,200,49,33,.598,-,-,1,,3,False,-,77
2023-07-01,2023-06-30,2023,117,200,45,37,.549,4.0,-,2,3,5,False,77,
2023-07-01,2023-06-30,2023,108,200,44,40,.524,6.0,2.0,3,5,7,False,74,
2023-07-01,2023-06-30,2023,136,200,38,42,.475,10.0,6.0,4,8,11,False,72,
2023-07-01,2023-06-30,2023,133,200,22,62,.262,28.0,24.0,5,12,15,False,52,
2023-07-01,2023-06-30,2023,144,204,54,27,.667,-,-,1,,1,False,-,74
2023-07-01,2023-06-30,2023,146,204,48,35,.578,7.0,+1.5,2,1,3,False,74,
2023-07-01,2023-06-30,2023,143,204,43,38,.531,11.0,2.5,3,4,7,False,71,
2023-07-01,2023-06-30,2023,121,204,36,46,.439,18.5,10.0,4,9,12,False,63,
2023-07-01,2023-06-30,2023,120,204,33,48,.407,21.0,12.5,5,11,14,False,61,
2023-07-01,2023-06-30,2023,113,205,44,38,.537,-,-,1,,6,False,-,80
2023-07-01,2023-06-30,2023,158,205,43,39,.524,1.0,3.0,2,5,8,False,80,
2023-07-01,2023-06-30,2023,134,205,39,42,.481,4.5,6.5,3,6,9,False,77,
2023-07-01,2023-06-30,2023,112,205,38,42,.475,5.0,7.0,4,7,10,False,77,
2023-07-01,2023-06-30,2023,138,205,33,47,.413,10.0,12.0,5,10,13,False,72,
2023-07-01,2023-06-30,2023,109,203,49,34,.590,-,-,1,,2,False,-,79
2023-07-01,2023-06-30,2023,119,203,46,35,.568,2.0,+0.5,2,2,4,False,79,
2023-07-01,2023-06-30,2023,137,203,46,36,.561,2.5,-,3,3,5,False,78,
2023-07-01,2023-06-30,2023,135,203,37,45,.451,11.5,9.0,4,8,11,False,69,
2023-07-01,2023-06-30,2023,115,203,33,51,.393,16.5,14.0,5,12,15,False,63,
2023-07-02,2023-07-01,2023,139,201,57,29,.663,-,-,1,,1,False,-,73
2023-07-02,2023-07-01,2023,110,201,48,33,.593,6.5,+4.0,2,1,3,False,73,
2023-07-02,2023-07-01,2023,147,201,46,37,.554,9.5,+1.0,3,2,4,False,69,
2023-07-02,2023-07-01,2023,141,201,45,39,.536,11.0,0.5,4,4,6,False,67,
2023-07-02,2023-07-01,2023,111,201,42,42,.500,14.0,3.5,5,6,8,False,64,
2023-07-02,2023-07-01,2023,142,202,42,42,.500,-,-,1,,9,False,-,79
2023-07-02,2023-07-01,2023,114,202,40,42,.488,1.0,4.5,2,7,10,False,79,
2023-07-02,2023-07-01,2023,116,202,36,46,.439,5.0,8.5,3,9,12,False,75,
2023-07-02,2023-07-01,2023,145,202,36,49,.424,6.5,10.0,4,10,13,False,72,
2023-07-02,2023-07-01,2023,118,202,24,59,.289,17.5,21.0,5,11,14,False,62,
2023-07-02,2023-07-01,2023,140,200,50,33,.602,-,-,1,,2,False,-,75
2023-07-02,2023-07-01,2023,117,200,45,38,.542,5.0,-,2,3,5,False,75,
2023-07-02,2023-07-01,2023,108,200,44,41,.518,7.0,2.0,3,5,7,False,72,
2023-07-02,2023-07-01,2023,136,200,39,42,.481,10.0,5.0,4,8,11,False,71,
2023-07-02,2023-07-01,2023,133,200,23,62,.271,28.0,23.0,5,12,15,False,51,
2023-07-02,2023-07-01,2023,144,204,55,27,.671,-,-,1,,1,False,-,72
2023-07-02,2023-07-01,2023,146,204,48,36,.571,8.0,+1.5,2,1,3,False,72,
2023-07-02,2023-07-01,2023,143,204,44,38,.537,11.0,1.5,3,4,6,False,70,
2023-07-02,2023-07-01,2023,121,204,37,46,.446,18.5,9.0,4,9,12,False,62,
2023-07-02,2023-07-01,2023,120,204,33,49,.402,22.0,12.5,5,11,14,False,59,
2023-07-02,2023-07-01,2023,158,205,44,39,.530,-,-,1,,7,False,-,76
2023-07-02,2023-07-01,2023,113,205,44,39,.530,-,2.0,2,5,8,False,-,
2023-07-02,2023-07-01,2023,134,205,39,43,.476,4.5,6.5,3,6,9,False,76,
2023-07-02,2023-07-01,2023,112,205,38,43,.469,5.0,7.0,4,7,10,False,76,
2023-07-02,2023-07-01,2023,138,205,34,48,.415,9.5,11.5,5,10,13,False,71,
2023-07-02,2023-07-01,2023,109,203,50,34,.595,-,-,1,,2,False,-,77
2023-07-02,2023-07-01,2023,119,203,46,36,.561,3.0,+0.5,2,2,4,False,77,
2023-07-02,2023-07-01,2023,137,203,46,37,.554,3.5,-,3,3,5,False,76,
2023-07-02,2023-07-01,2023,135,203,38,45,.458,11.5,8.0,4,8,11,False,68,
2023-07-02,2023-07-01,2023,115,203,33,52,.388,17.5,14.0,5,12,15,False,61,
2023-07-03,2023-07-02,2023,139,201,57,30,.655,-,-,1,,1,False,-,73
2023-07-03,2023-07-02,2023,110,201,49,33,.598,5.5,+4.0,2,1,2,False,73,
2023-07-03,2023-07-02,2023,147,201,46,38,.548,9.5,-,3,3,5,False,68,
2023-07-03,2023-07-02,2023,141,201,45,40,.529,11.0,1.5,4,4,6,False,66,
2023-07-03,2023-07-02,2023,111,201,43,42,.506,13.0,3.5,5,6,8,False,64,
2023-07-03,2023-07-02,2023,142,202,42,43,.494,-,-,1,,9,False,-,79
2023-07-03,2023-07-02,2023,114,202,41,42,.494,-,4.5,2,7,10,False,79,
2023-07-03,2023-07-02,2023,116,202,37,46,.446,4.0,8.5,3,9,12,False,75,
2023-07-03,2023-07-02,2023,145,202,37,49,.430,5.5,10.0,4,10,13,False,72,
2023-07-03,2023-07-02,2023,118,202,25,59,.298,16.5,21.0,5,11,14,False,62,
2023-07-03,2023-07-02,2023,140,200,50,34,.595,-,-,1,,3,False,-,75
2023-07-03,2023-07-02,2023,117,200,46,38,.548,4.0,-,2,2,4,False,75,
2023-07-03,2023-07-02,2023,108,200,45,41,.523,6.0,2.0,3,5,7,False,72,
2023-07-03,2023-07-02,2023,136,200,40,42,.488,9.0,5.0,4,8,11,False,71,
2023-07-03,2023-07-02,2023,133,200,23,63,.267,28.0,24.0,5,12,15,False,50,
2023-07-03,2023-07-02,2023,144,204,56,27,.675,-,-,1,,1,False,-,70
2023-07-03,2023-07-02,2023,146,204,48,37,.565,9.0,+1.5,2,1,3,False,70,
2023-07-03,2023-07-02,2023,143,204,44,39,.530,12.0,1.5,3,5,8,False,68,
2023-07-03,2023-07-02,2023,121,204,38,46,.452,18.5,8.0,4,8,11,False,61,
2023-07-03,2023-07-02,2023,120,204,34,49,.410,22.0,11.5,5,11,14,False,58,
2023-07-03,2023-07-02,2023,158,205,45,39,.536,-,-,1,,6,False,-,74
2023-07-03,2023-07-02,2023,113,205,45,39,.536,-,1.0,2,4,7,False,-,
2023-07-03,2023-07-02,2023,134,205,39,44,.470,5.5,6.5,3,6,9,False,74,
2023-07-03,2023-07-02,2023,112,205,38,44,.463,6.0,7.0,4,7,10,False,74,
2023-07-03,2023-07-02,2023,138,205,35,48,.422,9.5,10.5,5,10,13,False,70,
2023-07-03,2023-07-02,2023,109,203,50,35,.588,-,-,1,,2,False,-,76
2023-07-03,2023-07-02,2023,119,203,46,37,.554,3.0,+0.5,2,2,4,False,76,
2023-07-03,2023-07-02,2023,137,203,46,38,.548,3.5,-,3,3,5,False,75,
2023-07-03,2023-07-02,2023,135,203,38,46,.452,11.5,8.0,4,9,12,False,67,
2023-07-03,2023-07-02,2023,115,203,33,53,.384,17.5,14.0,5,12,15,False,60,
2023-07-04,2023-07-03,2023,139,201,57,30,.655,-,-,1,,1,False,-,72
2023-07-04,2023-07-03,2023,110,201,49,34,.590,6.0,+3.0,2,1,2,False,72,
2023-07-04,2023-07-03,2023,147,201,47,38,.553,9.0,-,3,3,5,False,68,
2023-07-04,2023-07-03,2023,141,201,45,40,.529,11.0,2.0,4,4,6,False,66,
2023-07-04,2023-07-03,2023,111,201,43,42,.506,13.0,4.0,5,6,8,False,64,
2023-07-04,2023-07-03,2023,142,202,43,43,.500,-,-,1,,9,False,-,77
2023-07-04,2023-07-03,2023,114,202,41,43,.488,1.0,5.5,2,8,11,False,77,
2023-07-04,2023-07-03,2023,116,202,37,46,.446,4.5,9.0,3,9,12,False,74,
2023-07-04,2023-07-03,2023,145,202,37,49,.430,6.0,10.5,4,10,13,False,71,
2023-07-04,2023-07-03,2023,118,202,25,60,.294,17.5,22.0,5,11,14,False,60,
2023-07-04,2023-07-03,2023,140,200,50,35,.588,-,-,1,,3,False,-,75
2023-07-04,2023-07-03,2023,117,200,47,38,.553,3.0,-,2,2,4,False,75,
2023-07-04,2023-07-03,2023,108,200,45,42,.517,6.0,3.0,3,5,7,False,71,
2023-07-04,2023-07-03,2023,136,200,41,42,.494,8.0,5.0,4,7,10,False,71,
2023-07-04,2023-07-03,2023,133,200,23,63,.267,27.5,24.5,5,12,15,False,50,
2023-07-04,2023-07-03,2023,144,204,57,27,.679,-,-,1,,1,False,-,69
2023-07-04,2023-07-03,2023,146,204,49,37,.570,9.0,+2.5,2,1,3,False,69,
2023-07-04,2023-07-03,2023,143,204,44,39,.530,12.5,1.0,3,5,8,False,67,
2023-07-04,2023-07-03,2023,121,204,38,46,.452,19.0,7.5,4,9,12,False,60,
2023-07-04,2023-07-03,2023,120,204,34,50,.405,23.0,11.5,5,11,14,False,56,
2023-07-04,2023-07-03,2023,158,205,46,39,.541,-,-,1,,6,False,-,72
2023-07-04,2023-07-03,2023,113,205,46,39,.541,-,-,2,4,7,False,-,
2023-07-04,2023-07-03,2023,134,205,39,45,.464,6.5,6.5,3,6,9,False,72,
2023-07-04,2023-07-03,2023,112,205,38,45,.458,7.0,7.0,4,8,11,False,72,
2023-07-04,2023-07-03,2023,138,205,35,49,.417,10.5,10.5,5,10,13,False,68,
2023-07-04,2023-07-03,2023,109,203,50,35,.588,-,-,1,,2,False,-,76
2023-07-04,2023-07-03,2023,119,203,47,37,.560,2.5,+1.5,2,2,4,False,76,
2023-07-04,2023-07-03,2023,137,203,46,39,.541,4.0,-,3,3,5,False,74,
2023-07-04,2023-07-03,2023,135,203,39,46,.459,11.0,7.0,4,7,10,False,67,
2023-07-04,2023-07-03,2023,115,203,33,53,.384,17.5,13.5,5,12,15,False,60,
2023-07-05,2023-07-04,2023,139,201,57,31,.648,-,-,1,,1,False,-,71
2023-07-05,2023-07-04,2023,110,201,49,35,.583,6.0,+2.0,2,1,3,False,71,
2023-07-05,2023-07-04,2023,147,201,48,38,.558,8.0,-,3,3,5,False,68,
2023-07-05,2023-07-04,2023,141,201,46,40,.535,10.0,2.0,4,4,6,False,66,
2023-07-05,2023-07-04,2023,111,201,43,43,.500,13.0,5.0,5,6,9,False,63,
2023-07-05,2023-07-04,2023,142,202,44,43,.506,-,-,1,,8,False,-,76
2023-07-05,2023-07-04,2023,114,202,42,43,.494,1.0,5.5,2,8,11,False,76,
2023-07-05,2023-07-04,2023,116,202,37,47,.440,5.5,10.0,3,9,12,False,72,
2023-07-05,2023-07-04,2023,145,202,37,50,.425,7.0,11.5,4,10,13,False,69,
2023-07-05,2023-07-04,2023,118,202,25,61,.291,18.5,23.0,5,11,14,False,58,
2023-07-05,2023-07-04,2023,140,200,51,35,.593,-,-,1,,2,False,-,74
2023-07-05,2023-07-04,2023,117,200,48,38,.558,3.0,-,2,2,4,False,74,
2023-07-05,2023-07-04,2023,108,200,45,43,.511,7.0,4.0,3,5,7,False,69,
2023-07-05,2023-07-04,2023,136,200,42,42,.500,8.0,5.0,4,7,10,False,70,
2023-07-05,2023-07-04,2023,133,200,24,63,.276,27.5,24.5,5,12,15,False,49,
2023-07-05,2023-07-04,2023,144,204,57,28,.671,-,-,1,,1,False,-,69
2023-07-05,2023-07-04,2023,146,204,50,37,.575,8.0,+3.5,2,1,3,False,69,
2023-07-05,2023-07-04,2023,143,204,45,39,.536,11.5,-,3,3,6,False,67,
2023-07-05,2023-07-04,2023,121,204,39,46,.459,18.0,6.5,4,9,12,False,60,
2023-07-05,2023-07-04,2023,120,204,34,51,.400,23.0,11.5,5,11,14,False,55,
2023-07-05,2023-07-04,2023,113,205,47,39,.547,-,-,1,,5,False,-,76
2023-07-05,2023-07-04,2023,158,205,46,40,.535,1.0,-,2,5,8,False,76,
2023-07-05,2023-07-04,2023,134,205,40,45,.471,6.5,5.5,3,6,9,False,71,
2023-07-05,2023-07-04,2023,112,205,39,45,.464,7.0,6.0,4,8,11,False,71,
2023-07-05,2023-07-04,2023,138,205,35,50,.412,11.5,10.5,5,10,13,False,66,
2023-07-05,2023-07-04,2023,109,203,50,36,.581,-,-,1,,2,False,-,75
2023-07-05,2023-07-04,2023,119,203,47,38,.553,2.5,+1.5,2,2,4,False,75,
2023-07-05,2023-07-04,2023,137,203,46,40,.535,4.0,-,3,4,7,False,73,
2023-07-05,2023-07-04,2023,135,203,40,46,.465,10.0,6.0,4,7,10,False,67,
2023-07-05,2023-07-04,2023,115,203,33,54,.379,17.5,13.5,5,12,15,False,59,
2023-07-06,2023-07-05,2023,139,201,57,32,.640,-,-,1,,1,False,-,71
2023-07-06,2023-07-05,2023,110,201,50,35,.588,5.0,+3.0,2,1,2,False,71,
2023-07-06,2023-07-05,2023,147,201,48,39,.552,8.0,-,3,3,5,False,67,
2023-07-06,2023-07-05,2023,141,201,46,40,.535,9.5,1.5,4,4,6,False,66,
2023-07-06,2023-07-05,2023,111,201,44,43,.506,12.0,4.0,5,5,8,False,63,
2023-07-06,2023-07-05,2023,142,202,45,43,.511,-,-,1,,7,False,-,74
2023-07-06,2023-07-05,2023,114,202,42,44,.488,2.0,5.5,2,8,11,False,74,
2023-07-06,2023-07-05,2023,116,202,37,48,.435,6.5,10.0,3,9,12,False,70,
2023-07-06,2023-07-05,2023,145,202,37,50,.425,7.5,11.0,4,10,13,False,68,
2023-07-06,2023-07-05,2023,118,202,25,62,.287,19.5,23.0,5,11,14,False,56,
2023-07-06,2023-07-05,2023,140,200,51,36,.586,-,-,1,,3,False,-,74
2023-07-06,2023-07-05,2023,117,200,49,38,.563,2.0,+1.0,2,2,4,False,74,
2023-07-06,2023-07-05,2023,108,200,45,44,.506,7.0,4.0,3,6,9,False,68,
2023-07-06,2023-07-05,2023,136,200,42,43,.494,8.0,5.0,4,7,10,False,69,
2023-07-06,2023-07-05,2023,133,200,25,63,.284,26.5,23.5,5,12,15,False,49,
2023-07-06,2023-07-05,2023,144,204,58,28,.674,-,-,1,,1,False,-,68
2023-07-06,2023-07-05,2023,146,204,51,37,.580,8.0,+3.5,2,1,2,False,68,
2023-07-06,2023-07-05,2023,143,204,46,39,.541,11.5,-,3,3,6,False,66,
2023-07-06,2023-07-05,2023,121,204,40,46,.465,18.0,6.5,4,9,12,False,59,
2023-07-06,2023-07-05,2023,120,204,34,52,.395,24.0,12.5,5,11,14,False,53,
2023-07-06,2023-07-05,2023,113,205,48,39,.552,-,-,1,,5,False,-,74
2023-07-06,2023-07-05,2023,158,205,46,41,.529,2.0,1.0,2,5,8,False,74,
2023-07-06,2023-07-05,2023,112,205,40,45,.471,7.0,6.0,3,7,10,False,70,
2023-07-06,2023-07-05,2023,134,205,40,46,.465,7.5,6.5,4,8,11,False,69,
2023-07-06,2023-07-05,2023,138,205,35,51,.407,12.5,11.5,5,10,13,False,64,
2023-07-06,2023-07-05,2023,109,203,50,37,.575,-,-,1,,3,False,-,75
2023-07-06,2023-07-05,2023,119,203,48,38,.558,1.5,+1.5,2,2,4,False,75,
2023-07-06,2023-07-05,2023,137,203,47,40,.540,3.0,-,3,4,7,False,73,
2023-07-06,2023-07-05,2023,135,203,41,46,.471,9.0,6.0,4,6,9,False,67,
2023-07-06,2023-07-05,2023,115,203,33,55,.375,17.5,14.5,5,12,15,False,58,
2023-07-07,2023-07-06,2023,139,201,57,33,.633,-,-,1,,1,False,-,71
2023-07-07,2023-07-06,2023,110,201,51,35,.593,4.0,+4.0,2,1,2,False,71,
2023-07-07,2023-07-06,2023,147,201,48,40,.545,8.0,-,3,3,5,False,66,
2023-07-07,2023-07-06,2023,141,201,48,40,.545,8.0,-,4,4,6,False,66,
2023-07-07,2023-07-06,2023,111,201,45,43,.511,11.0,3.0,5,5,7,False,63,
2023-07-07,2023-07-06,2023,142,202,45,43,.511,-,-,1,,8,False,-,74
2023-07-07,2023-07-06,2023,114,202,43,44,.494,1.5,4.5,2,8,11,False,74,
2023-07-07,2023-07-06,2023,116,202,38,48,.442,6.0,9.0,3,9,12,False,70,
2023-07-07,2023-07-06,2023,145,202,37,52,.416,8.5,11.5,4,10,13,False,66,
2023-07-07,2023-07-06,2023,118,202,25,63,.284,20.0,23.0,5,11,14,False,55,
2023-07-07,2023-07-06,2023,140,200,51,37,.580,-,-,1,,3,False,-,73
2023-07-07,2023-07-06,2023,117,200,49,39,.557,2.0,+1.0,2,2,4,False,73,
2023-07-07,2023-07-06,2023,108,200,45,44,.506,6.5,3.5,3,6,9,False,68,
2023-07-07,2023-07-06,2023,136,200,43,43,.500,7.0,4.0,4,7,10,False,69,
2023-07-07,2023-07-06,2023,133,200,25,64,.281,26.5,23.5,5,12,15,False,48,
2023-07-07,2023-07-06,2023,144,204,58,28,.674,-,-,1,,1,False,-,67
2023-07-07,2023-07-06,2023,146,204,51,38,.573,8.5,+2.5,2,1,2,False,67,
2023-07-07,2023-07-06,2023,143,204,47,39,.547,11.0,-,3,3,6,False,66,
2023-07-07,2023-07-06,2023,121,204,41,46,.471,17.5,6.5,4,6,9,False,59,
2023-07-07,2023-07-06,2023,120,204,34,53,.391,24.5,13.5,5,11,14,False,52,
2023-07-07,2023-07-06,2023,113,205,49,39,.557,-,-,1,,5,False,-,73
2023-07-07,2023-07-06,2023,158,205,47,41,.534,2.0,1.0,2,5,8,False,73,
2023-07-07,2023-07-06,2023,112,205,40,46,.465,8.0,7.0,3,8,11,False,68,
2023-07-07,2023-07-06,2023,134,205,40,47,.460,8.5,7.5,4,9,12,False,67,
2023-07-07,2023-07-06,2023,138,205,36,51,.414,12.5,11.5,5,10,13,False,63,
2023-07-07,2023-07-06,2023,109,203,50,38,.568,-,-,1,,3,False,-,75
2023-07-07,2023-07-06,2023,119,203,49,38,.563,0.5,+1.5,2,2,4,False,75,
2023-07-07,2023-07-06,2023,137,203,47,40,.540,2.5,0.5,3,4,7,False,73,
2023-07-07,2023-07-06,2023,135,203,41,46,.471,8.5,6.5,4,7,10,False,67,
2023-07-07,2023-07-06,2023,115,203,33,55,.375,17.0,15.0,5,12,15,False,58,
2023-07-08,2023-07-07,2023,139,201,57,34,.626,-,-,1,,1,False,-,71
2023-07-08,2023-07-07,2023,110,201,52,35,.598,3.0,+4.0,2,1,2,False,71,
2023-07-08,2023-07-07,2023,141,201,49,40,.551,7.0,-,3,2,4,False,66,
2023-07-08,2023-07-07,2023,147,201,48,41,.539,8.0,1.0,4,4,6,False,65,
2023-07-08,2023-07-07,2023,111,201,46,43,.517,10.0,3.0,5,5,7,False,63,
2023-07-08,2023-07-07,2023,142,202,45,44,.506,-,-,1,,9,False,-,74
2023-07-08,2023-07-07,2023,114,202,44,44,.500,0.5,4.5,2,7,10,False,74,
2023-07-08,2023-07-07,2023,116,202,38,49,.437,6.0,10.0,3,9,12,False,69,
2023-07-08,2023-07-07,2023,145,202,38,52,.422,7.5,11.5,4,10,13,False,66,
2023-07-08,2023-07-07,2023,118,202,25,64,.281,20.0,24.0,5,11,14,False,54,
2023-07-08,2023-07-07,2023,140,200,52,37,.584,-,-,1,,3,False,-,71
2023-07-08,2023-07-07,2023,117,200,49,40,.551,3.0,-,2,3,5,False,71,
2023-07-08,2023-07-07,2023,136,200,44,43,.506,7.0,4.0,3,6,8,False,68,
2023-07-08,2023-07-07,2023,108,200,45,45,.500,7.5,4.5,4,8,11,False,66,
2023-07-08,2023-07-07,2023,133,200,25,65,.278,27.5,24.5,5,12,15,False,46,
2023-07-08,2023-07-07,2023,144,204,59,28,.678,-,-,1,,1,False,-,65
2023-07-08,2023-07-07,2023,146,204,51,39,.567,9.5,+1.5,2,2,4,False,65,
2023-07-08,2023-07-07,2023,143,204,48,39,.552,11.0,-,3,3,5,False,65,
2023-07-08,2023-07-07,2023,121,204,42,46,.477,17.5,6.5,4,6,9,False,58,
2023-07-08,2023-07-07,2023,120,204,34,54,.386,25.5,14.5,5,11,14,False,50,
2023-07-08,2023-07-07,2023,113,205,49,40,.551,-,-,1,,6,False,-,73
2023-07-08,2023-07-07,2023,158,205,48,41,.539,1.0,1.0,2,4,7,False,73,
2023-07-08,2023-07-07,2023,112,205,41,46,.471,7.0,7.0,3,7,10,False,68,
2023-07-08,2023-07-07,2023,134,205,40,48,.455,8.5,8.5,4,9,12,False,66,
2023-07-08,2023-07-07,2023,138,205,36,52,.409,12.5,12.5,5,10,13,False,62,
2023-07-08,2023-07-07,2023,109,203,51,38,.573,-,-,1,,2,False,-,74
2023-07-08,2023-07-07,2023,119,203,50,38,.568,0.5,+1.5,2,1,3,False,74,
2023-07-08,2023-07-07,2023,137,203,47,41,.534,3.5,1.5,3,5,8,False,71,
2023-07-08,2023-07-07,2023,135,203,41,47,.466,9.5,7.5,4,8,11,False,65,
2023-07-08,2023-07-07,2023,115,203,34,55,.382,17.0,15.0,5,12,15,False,57,
2023-07-09,2023-07-08,2023,139,201,57,35,.620,-,-,1,,1,False,-,71
2023-07-09,2023-07-08,2023,110,201,53,35,.602,2.0,+5.0,2,1,2,False,71,
2023-07-09,2023-07-08,2023,147,201,49,41,.544,7.0,-,3,3,5,False,65,
2023-07-09,2023-07-08,2023,141,201,49,41,.544,7.0,-,4,4,6,False,65,
2023-07-09,2023-07-08,2023,111,201,47,43,.522,9.0,2.0,5,5,7,False,63,
2023-07-09,2023-07-08,2023,114,202,45,44,.506,-,-,1,,8,False,-,73
2023-07-09,2023-07-08,2023,142,202,45,45,.500,0.5,4.0,2,6,9,False,73,
2023-07-09,2023-07-08,2023,116,202,39,49,.443,5.5,9.0,3,9,12,False,69,
2023-07-09,2023-07-08,2023,145,202,38,53,.418,8.0,11.5,4,10,13,False,65,
2023-07-09,2023-07-08,2023,118,202,25,65,.278,20.5,24.0,5,11,14,False,53,
2023-07-09,2023-07-08,2023,140,200,52,38,.578,-,-,1,,3,False,-,71
2023-07-09,2023-07-08,2023,117,200,50,40,.556,2.0,+1.0,2,2,4,False,71,
2023-07-09,2023-07-08,2023,136,200,44,44,.500,7.0,4.0,3,7,10,False,67,
2023-07-09,2023-07-08,2023,108,200,45,46,.495,7.5,4.5,4,8,11,False,65,
2023-07-09,2023-07-08,2023,133,200,25,66,.275,27.5,24.5,5,12,15,False,45,
2023-07-09,2023-07-08,2023,144,204,60,28,.682,-,-,1,,1,False,-,64
2023-07-09,2023-07-08,2023,146,204,52,39,.571,9.5,+2.5,2,2,4,False,64,
2023-07-09,2023-07-08,2023,143,204,48,40,.545,12.0,-,3,3,6,False,63,
2023-07-09,2023-07-08,2023,121,204,42,47,.472,18.5,6.5,4,6,9,False,56,
2023-07-09,2023-07-08,2023,120,204,35,54,.393,25.5,13.5,5,11,14,False,49,
2023-07-09,2023-07-08,2023,113,205,50,40,.556,-,-,1,,5,False,-,71
2023-07-09,2023-07-08,2023,158,205,48,42,.533,2.0,1.0,2,5,8,False,71,
2023-07-09,2023-07-08,2023,112,205,41,47,.466,8.0,7.0,3,8,11,False,66,
2023-07-09,2023-07-08,2023,134,205,40,49,.449,9.5,8.5,4,9,12,False,64,
2023-07-09,2023-07-08,2023,138,205,37,52,.416,12.5,11.5,5,10,13,False,61,
2023-07-09,2023-07-08,2023,109,203,52,38,.578,-,-,1,,2,False,-,73
2023-07-09,2023-07-08,2023,119,203,51,38,.573,0.5,+2.5,2,1,3,False,73,
2023-07-09,2023-07-08,2023,137,203,48,41,.539,3.5,0.5,3,4,7,False,70,
2023-07-09,2023-07-08,2023,135,203,42,47,.472,9.5,6.5,4,7,10,False,64,
2023-07-09,2023-07-08,2023,115,203,34,56,.378,18.0,15.0,5,12,15,False,55,
2023-07-14,2023-07-13,2023,139,201,58,35,.624,-,-,1,,1,False,-,70
2023-07-14,2023-07-13,2023,110,201,54,35,.607,2.0,+5.0,2,1,2,False,70,
2023-07-14,2023-07-13,2023,141,201,50,41,.549,7.0,-,3,2,4,False,64,
2023-07-14,2023-07-13,2023,147,201,49,42,.538,8.0,1.0,4,4,6,False,63,
2023-07-14,2023-07-13,2023,111,201,48,43,.527,9.0,2.0,5,5,7,False,62,
2023-07-14,2023-07-13,2023,114,202,45,45,.500,-,-,1,,9,False,-,72
2023-07-14,2023-07-13,2023,142,202,45,46,.495,0.5,5.0,2,8,11,False,72,
2023-07-14,2023-07-13,2023,116,202,39,50,.438,5.5,10.0,3,9,12,False,68,
2023-07-14,2023-07-13,2023,145,202,38,54,.413,8.0,12.5,4,10,13,False,64,
2023-07-14,2023-07-13,2023,118,202,26,65,.286,19.5,24.0,5,11,14,False,53,
2023-07-14,2023-07-13,2023,140,200,52,39,.571,-,-,1,,3,False,-,70
2023-07-14,2023-07-13,2023,117,200,50,41,.549,2.0,-,2,3,5,False,70,
2023-07-14,2023-07-13,2023,136,200,45,44,.506,6.0,4.0,3,6,8,False,67,
2023-07-14,2023-07-13,2023,108,200,45,46,.495,7.0,5.0,4,7,10,False,65,
2023-07-14,2023-07-13,2023,133,200,25,67,.272,27.5,25.5,5,12,15,False,44,
2023-07-14,2023-07-13,2023,144,204,60,29,.674,-,-,1,,1,False,-,64
2023-07-14,2023-07-13,2023,146,204,53,39,.576,8.5,+3.0,2,1,2,False,64,
2023-07-14,2023-07-13,2023,143,204,48,41,.539,12.0,0.5,3,4,7,False,62,
2023-07-14,2023-07-13,2023,121,204,42,48,.467,18.5,7.0,4,8,11,False,55,
2023-07-14,2023-07-13,2023,120,204,36,54,.400,24.5,13.0,5,11,14,False,49,
2023-07-14,2023-07-13,2023,113,205,50,41,.549,-,-,1,,5,False,-,71
2023-07-14,2023-07-13,2023,158,205,49,42,.538,1.0,0.5,2,5,8,False,71,
2023-07-14,2023-07-13,2023,112,205,42,47,.472,7.0,6.5,3,7,10,False,66,
2023-07-14,2023-07-13,2023,134,205,41,49,.456,8.5,8.0,4,9,12,False,64,
2023-07-14,2023-07-13,2023,138,205,38,52,.422,11.5,11.0,5,10,13,False,61,
2023-07-14,2023-07-13,2023,119,203,51,38,.573,-,-,1,,3,False,-,73
2023-07-14,2023-07-13,2023,109,203,52,39,.571,-,+2.5,2,2,4,False,73,
2023-07-14,2023-07-13,2023,137,203,49,41,.544,2.5,-,3,3,6,False,71,
2023-07-14,2023-07-13,2023,135,203,43,47,.478,8.5,6.0,4,6,9,False,65,
2023-07-14,2023-07-13,2023,115,203,34,57,.374,18.0,15.5,5,12,15,False,55,
2023-07-15,2023-07-14,2023,139,201,58,35,.624,-,-,1,,1,False,-,70
2023-07-15,2023-07-14,2023,110,201,55,35,.611,1.5,+5.0,2,1,2,False,70,
2023-07-15,2023-07-14,2023,141,201,51,41,.554,6.5,-,3,2,4,False,64,
2023-07-15,2023-07-14,2023,111,201,49,43,.533,8.5,2.0,4,4,6,False,62,
2023-07-15,2023-07-14,2023,147,201,49,43,.533,8.5,2.0,5,5,7,False,62,
2023-07-15,2023-07-14,2023,142,202,46,46,.500,-,-,1,,8,False,-,71
2023-07-15,2023-07-14,2023,114,202,45,46,.495,0.5,5.5,2,7,10,False,71,
2023-07-15,2023-07-14,2023,116,202,40,50,.444,5.0,10.0,3,9,12,False,67,
2023-07-15,2023-07-14,2023,145,202,38,55,.409,8.5,13.5,4,10,13,False,62,
2023-07-15,2023-07-14,2023,118,202,26,65,.286,19.5,24.5,5,11,14,False,52,
2023-07-15,2023-07-14,2023,140,200,53,39,.576,-,-,1,,3,False,-,69
2023-07-15,2023-07-14,2023,117,200,51,41,.554,2.0,-,2,3,5,False,69,
2023-07-15,2023-07-14,2023,136,200,45,45,.500,7.0,5.0,3,6,9,False,65,
2023-07-15,2023-07-14,2023,108,200,45,47,.489,8.0,6.0,4,8,11,False,63,
2023-07-15,2023-07-14,2023,133,200,25,68,.269,28.5,26.5,5,12,15,False,42,
2023-07-15,2023-07-14,2023,144,204,61,29,.678,-,-,1,,1,False,-,62
2023-07-15,2023-07-14,2023,146,204,53,40,.570,9.5,+2.0,2,1,3,False,62,
2023-07-15,2023-07-14,2023,143,204,48,42,.533,13.0,1.5,3,5,8,False,60,
2023-07-15,2023-07-14,2023,121,204,42,49,.462,19.5,8.0,4,8,11,False,53,
2023-07-15,2023-07-14,2023,120,204,37,54,.407,24.5,13.0,5,11,14,False,48,
2023-07-15,2023-07-14,2023,158,205,50,42,.543,-,-,1,,6,False,-,65
2023-07-15,2023-07-14,2023,113,205,50,42,.543,-,0.5,2,4,7,False,-,
2023-07-15,2023-07-14,2023,112,205,42,48,.467,7.0,7.5,3,7,10,False,65,
2023-07-15,2023-07-14,2023,134,205,41,50,.451,8.5,9.0,4,9,12,False,63,
2023-07-15,2023-07-14,2023,138,205,38,53,.418,11.5,12.0,5,10,13,False,60,
2023-07-15,2023-07-14,2023,119,203,52,38,.578,-,-,1,,2,False,-,71
2023-07-15,2023-07-14,2023,109,203,52,40,.565,1.0,+1.5,2,2,4,False,71,
2023-07-15,2023-07-14,2023,137,203,50,41,.549,2.5,-,3,3,5,False,70,
2023-07-15,2023-07-14,2023,135,203,44,47,.484,8.5,6.0,4,6,9,False,64,
2023-07-15,2023-07-14,2023,115,203,35,57,.380,18.0,15.5,5,12,15,False,54,
2023-07-16,2023-07-15,2023,139,201,60,35,.632,-,-,1,,1,False,-,68
2023-07-16,2023-07-15,2023,110,201,56,35,.615,2.0,+6.0,2,1,2,False,68,
2023-07-16,2023-07-15,2023,141,201,52,41,.559,7.0,+1.0,3,2,4,False,62,
2023-07-16,2023-07-15,2023,147,201,50,43,.538,9.0,1.0,4,4,6,False,60,
2023-07-16,2023-07-15,2023,111,201,49,44,.527,10.0,2.0,5,5,7,False,59,
2023-07-16,2023-07-15,2023,142,202,47,46,.505,-,-,1,,8,False,-,69
2023-07-16,2023-07-15,2023,114,202,45,47,.489,1.5,5.5,2,8,11,False,69,
2023-07-16,2023-07-15,2023,116,202,41,50,.451,5.0,9.0,3,9,12,False,66,
2023-07-16,2023-07-15,2023,145,202,39,55,.415,8.5,12.5,4,10,13,False,61,
2023-07-16,2023-07-15,2023,118,202,26,67,.280,21.0,25.0,5,11,14,False,49,
2023-07-16,2023-07-15,2023,140,200,54,39,.581,-,-,1,,3,False,-,67
2023-07-16,2023-07-15,2023,117,200,51,42,.548,3.0,-,2,3,5,False,67,
2023-07-16,2023-07-15,2023,108,200,46,47,.495,8.0,5.0,3,6,9,False,62,
2023-07-16,2023-07-15,2023,136,200,45,46,.495,8.0,5.0,4,7,10,False,63,
2023-07-16,2023-07-15,2023,133,200,25,69,.266,29.5,26.5,5,12,15,False,40,
2023-07-16,2023-07-15,2023,144,204,61,30,.670,-,-,1,,1,False,-,61
2023-07-16,2023-07-15,2023,146,204,53,41,.564,9.5,+1.0,2,1,3,False,61,
2023-07-16,2023-07-15,2023,143,204,50,42,.543,11.5,1.0,3,4,7,False,60,
2023-07-16,2023-07-15,2023,121,204,42,50,.457,19.5,9.0,4,8,11,False,52,
2023-07-16,2023-07-15,2023,120,204,37,55,.402,24.5,14.0,5,11,14,False,47,
2023-07-16,2023-07-15,2023,158,205,51,42,.548,-,-,1,,6,False,-,69
2023-07-16,2023-07-15,2023,113,205,50,43,.538,1.0,1.5,2,5,8,False,69,
2023-07-16,2023-07-15,2023,112,205,43,48,.473,7.0,7.5,3,7,10,False,64,
2023-07-16,2023-07-15,2023,134,205,41,51,.446,9.5,10.0,4,9,12,False,61,
2023-07-16,2023-07-15,2023,138,205,39,53,.424,11.5,12.0,5,10,13,False,59,
2023-07-16,2023-07-15,2023,119,203,53,38,.582,-,-,1,,2,False,-,69
2023-07-16,2023-07-15,2023,109,203,52,41,.559,2.0,+0.5,2,2,4,False,69,
2023-07-16,2023-07-15,2023,137,203,51,41,.554,2.5,-,3,3,5,False,69,
2023-07-16,2023-07-15,2023,135,203,44,49,.473,10.0,7.5,4,6,9,False,61,
2023-07-16,2023-07-15,2023,115,203,35,58,.376,19.0,16.5,5,12,15,False,52,
2023-07-17,2023-07-16,2023,139,201,60,36,.625,-,-,1,,1,False,-,68
2023-07-17,2023-07-16,2023,110,201,57,35,.620,1.0,+6.0,2,1,2,False,68,
2023-07-17,2023-07-16,2023,141,201,53,41,.564,6.0,+1.0,3,2,4,False,62,
2023-07-17,2023-07-16,2023,111,201,50,44,.532,9.0,2.0,4,4,6,False,59,
2023-07-17,2023-07-16,2023,147,201,50,44,.532,9.0,2.0,5,5,7,False,59,
2023-07-17,2023-07-16,2023,142,202,48,46,.511,-,-,1,,8,False,-,67
2023-07-17,2023-07-16,2023,114,202,45,48,.484,2.5,6.5,2,8,11,False,67,
2023-07-17,2023-07-16,2023,116,202,41,51,.446,6.0,10.0,3,9,12,False,64,
2023-07-17,2023-07-16,2023,145,202,40,55,.421,8.5,12.5,4,10,13,False,60,
2023-07-17,2023-07-16,2023,118,202,27,67,.287,21.0,25.0,5,11,14,False,48,
2023-07-17,2023-07-16,2023,140,200,55,39,.585,-,-,1,,3,False,-,66
2023-07-17,2023-07-16,2023,117,200,52,42,.553,3.0,-,2,3,5,False,66,
2023-07-17,2023-07-16,2023,136,200,46,46,.500,8.0,5.0,3,6,9,False,62,
2023-07-17,2023-07-16,2023,108,200,46,48,.489,9.0,6.0,4,7,10,False,60,
2023-07-17,2023-07-16,2023,133,200,25,70,.263,30.5,27.5,5,12,15,False,38,
2023-07-17,2023-07-16,2023,144,204,61,31,.663,-,-,1,,1,False,-,60
2023-07-17,2023-07-16,2023,146,204,53,42,.558,9.5,+0.5,2,2,4,False,60,
2023-07-17,2023-07-16,2023,143,204,51,42,.548,10.5,0.5,3,4,7,False,60,
2023-07-17,2023-07-16,2023,121,204,43,50,.462,18.5,8.5,4,8,11,False,52,
2023-07-17,2023-07-16,2023,120,204,37,56,.398,24.5,14.5,5,11,14,False,46,
2023-07-17,2023-07-16,2023,158,205,52,42,.553,-,-,1,,6,False,-,67
2023-07-17,2023-07-16,2023,113,205,50,44,.532,2.0,2.0,2,5,8,False,67,
2023-07-17,2023-07-16,2023,112,205,43,49,.467,8.0,8.0,3,7,10,False,62,
2023-07-17,2023-07-16,2023,134,205,41,52,.441,10.5,10.5,4,9,12,False,59,
2023-07-17,2023-07-16,2023,138,205,40,53,.430,11.5,11.5,5,10,13,False,58,
2023-07-17,2023-07-16,2023,119,203,53,39,.576,-,-,1,,2,False,-,69
2023-07-17,2023-07-16,2023,137,203,52,41,.559,1.5,+0.5,2,1,3,False,69,
2023-07-17,2023-07-16,2023,109,203,52,42,.553,2.0,-,3,3,5,False,68,
2023-07-17,2023-07-16,2023,135,203,44,50,.468,10.0,8.0,4,6,9,False,60,
2023-07-17,2023-07-16,2023,115,203,36,58,.383,18.0,16.0,5,12,15,False,52,
2023-07-18,2023-07-17,2023,139,201,60,37,.619,-,-,1,,1,False,-,67
2023-07-18,2023-07-17,2023,110,201,57,36,.613,1.0,+5.5,2,1,2,False,67,
2023-07-18,2023-07-17,2023,141,201,53,41,.564,5.5,+1.0,3,2,4,False,62,
2023-07-18,2023-07-17,2023,111,201,51,44,.537,8.0,1.5,4,4,6,False,59,
2023-07-18,2023-07-17,2023,147,201,50,45,.526,9.0,2.5,5,5,7,False,58,
2023-07-18,2023-07-17,2023,142,202,48,47,.505,-,-,1,,9,False,-,67
2023-07-18,2023-07-17,2023,114,202,46,48,.489,1.5,6.0,2,8,11,False,67,
2023-07-18,2023-07-17,2023,116,202,42,51,.452,5.0,9.5,3,9,12,False,64,
2023-07-18,2023-07-17,2023,145,202,40,55,.421,8.0,12.5,4,10,13,False,60,
2023-07-18,2023-07-17,2023,118,202,27,68,.284,21.0,25.5,5,11,14,False,47,
2023-07-18,2023-07-17,2023,140,200,56,39,.589,-,-,1,,3,False,-,65
2023-07-18,2023-07-17,2023,117,200,52,42,.553,3.5,-,2,3,5,False,65,
2023-07-18,2023-07-17,2023,136,200,47,46,.505,8.0,4.5,3,6,8,False,61,
2023-07-18,2023-07-17,2023,108,200,47,48,.495,9.0,5.5,4,7,10,False,59,
2023-07-18,2023-07-17,2023,133,200,25,71,.260,31.5,28.0,5,12,15,False,36,
2023-07-18,2023-07-17,2023,144,204,61,31,.663,-,-,1,,1,False,-,59
2023-07-18,2023-07-17,2023,146,204,53,43,.552,10.0,-,2,3,6,False,59,
2023-07-18,2023-07-17,2023,143,204,51,42,.548,10.5,0.5,3,4,7,False,60,
2023-07-18,2023-07-17,2023,121,204,43,50,.462,18.5,8.5,4,8,11,False,52,
2023-07-18,2023-07-17,2023,120,204,38,56,.404,24.0,14.0,5,11,14,False,46,
2023-07-18,2023-07-17,2023,158,205,52,42,.553,-,-,1,,5,False,-,66
2023-07-18,2023-07-17,2023,113,205,50,45,.526,2.5,2.5,2,5,8,False,66,
2023-07-18,2023-07-17,2023,112,205,43,50,.462,8.5,8.5,3,7,10,False,61,
2023-07-18,2023-07-17,2023,134,205,41,53,.436,11.0,11.0,4,9,12,False,58,
2023-07-18,2023-07-17,2023,138,205,41,53,.436,11.0,11.0,5,10,13,False,58,
2023-07-18,2023-07-17,2023,119,203,54,39,.581,-,-,1,,2,False,-,68
2023-07-18,2023-07-17,2023,137,203,53,41,.564,1.5,+1.0,2,1,3,False,68,
2023-07-18,2023-07-17,2023,109,203,52,42,.553,2.5,-,3,2,4,False,67,
2023-07-18,2023-07-17,2023,135,203,44,50,.468,10.5,8.0,4,6,9,False,59,
2023-07-18,2023-07-17,2023,115,203,36,58,.383,18.5,16.0,5,12,15,False,51,
2023-07-19,2023-07-18,2023,139,201,60,38,.612,-,-,1,,1,False,-,66
2023-07-19,2023-07-18,2023,110,201,57,37,.606,1.0,+5.5,2,1,2,False,66,
2023-07-19,2023-07-18,2023,141,201,53,42,.558,5.5,+1.0,3,2,4,False,61,
2023-07-19,2023-07-18,2023,111,201,51,45,.531,8.0,1.5,4,4,6,False,58,
2023-07-19,2023-07-18,2023,147,201,50,46,.521,9.0,2.5,5,5,7,False,57,
2023-07-19,2023-07-18,2023,142,202,49,47,.510,-,-,1,,8,False,-,66
2023-07-19,2023-07-18,2023,114,202,47,48,.495,1.5,5.0,2,8,11,False,66,
2023-07-19,2023-07-18,2023,116,202,42,52,.447,6.0,9.5,3,9,12,False,62,
2023-07-19,2023-07-18,2023,145,202,40,56,.417,9.0,12.5,4,10,13,False,58,
2023-07-19,2023-07-18,2023,118,202,28,68,.292,21.0,24.5,5,11,14,False,46,
2023-07-19,2023-07-18,2023,140,200,57,39,.594,-,-,1,,3,False,-,63
2023-07-19,2023-07-18,2023,117,200,52,43,.547,4.5,-,2,3,5,False,63,
2023-07-19,2023-07-18,2023,108,200,48,48,.500,9.0,4.5,3,6,9,False,58,
2023-07-19,2023-07-18,2023,136,200,47,47,.500,9.0,4.5,4,7,10,False,59,
2023-07-19,2023-07-18,2023,133,200,26,71,.268,31.5,27.0,5,12,15,False,35,
2023-07-19,2023-07-18,2023,144,204,61,32,.656,-,-,1,,1,False,-,60
2023-07-19,2023-07-18,2023,143,204,52,42,.553,9.5,-,2,3,5,False,60,
2023-07-19,2023-07-18,2023,146,204,53,44,.546,10.0,0.5,3,4,7,False,58,
2023-07-19,2023-07-18,2023,121,204,44,50,.468,17.5,8.0,4,8,11,False,52,
2023-07-19,2023-07-18,2023,120,204,38,57,.400,24.0,14.5,5,11,14,False,45,
2023-07-19,2023-07-18,2023,158,205,52,43,.547,-,-,1,,6,False,-,65
2023-07-19,2023-07-18,2023,113,205,50,46,.521,2.5,3.0,2,5,8,False,65,
2023-07-19,2023-07-18,2023,112,205,44,50,.468,7.5,8.0,3,7,10,False,61,
2023-07-19,2023-07-18,2023,138,205,42,53,.442,10.0,10.5,4,9,12,False,58,
2023-07-19,2023-07-18,2023,134,205,41,54,.432,11.0,11.5,5,10,13,False,57,
2023-07-19,2023-07-18,2023,119,203,55,39,.585,-,-,1,,2,False,-,67
2023-07-19,2023-07-18,2023,137,203,54,41,.568,1.5,+1.5,2,1,3,False,67,
2023-07-19,2023-07-18,2023,109,203,53,42,.558,2.5,+0.5,3,2,4,False,66,
2023-07-19,2023-07-18,2023,135,203,45,50,.474,10.5,7.5,4,6,9,False,58,
2023-07-19,2023-07-18,2023,115,203,37,58,.389,18.5,15.5,5,12,15,False,50,
2023-07-20,2023-07-19,2023,110,201,58,37,.611,-,-,1,,1,False,-,66
2023-07-20,2023-07-19,2023,139,201,60,39,.606,-,+5.5,2,1,2,False,66,
2023-07-20,2023-07-19,2023,141,201,53,43,.552,5.5,-,3,2,4,False,62,
2023-07-20,2023-07-19,2023,111,201,51,46,.526,8.0,2.5,4,4,6,False,59,
2023-07-20,2023-07-19,2023,147,201,50,47,.515,9.0,3.5,5,5,8,False,58,
2023-07-20,2023-07-19,2023,142,202,50,47,.515,-,-,1,,7,False,-,64
2023-07-20,2023-07-19,2023,114,202,47,49,.490,2.5,6.0,2,8,11,False,64,
2023-07-20,2023-07-19,2023,116,202,43,52,.453,6.0,9.5,3,9,12,False,61,
2023-07-20,2023-07-19,2023,145,202,40,57,.412,10.0,13.5,4,10,13,False,56,
2023-07-20,2023-07-19,2023,118,202,28,69,.289,22.0,25.5,5,11,14,False,44,
2023-07-20,2023-07-19,2023,140,200,58,39,.598,-,-,1,,3,False,-,62
2023-07-20,2023-07-19,2023,117,200,53,43,.552,4.5,-,2,3,5,False,62,
2023-07-20,2023-07-19,2023,108,200,49,48,.505,9.0,4.5,3,6,9,False,57,
2023-07-20,2023-07-19,2023,136,200,47,48,.495,10.0,5.5,4,7,10,False,57,
2023-07-20,2023-07-19,2023,133,200,27,71,.276,31.5,27.0,5,12,15,False,34,
2023-07-20,2023-07-19,2023,144,204,61,33,.649,-,-,1,,1,False,-,59
2023-07-20,2023-07-19,2023,143,204,52,43,.547,9.5,-,2,3,6,False,59,
2023-07-20,2023-07-19,2023,146,204,53,45,.541,10.0,0.5,3,4,7,False,57,
2023-07-20,2023-07-19,2023,121,204,45,50,.474,16.5,7.0,4,8,11,False,52,
2023-07-20,2023-07-19,2023,120,204,38,58,.396,24.0,14.5,5,11,14,False,44,
2023-07-20,2023-07-19,2023,158,205,53,43,.552,-,-,1,,5,False,-,64
2023-07-20,2023-07-19,2023,113,205,51,46,.526,2.5,2.0,2,5,8,False,64,
2023-07-20,2023-07-19,2023,112,205,45,50,.474,7.5,7.0,3,7,10,False,60,
2023-07-20,2023-07-19,2023,138,205,43,53,.448,10.0,9.5,4,9,12,False,57,
2023-07-20,2023-07-19,2023,134,205,42,54,.438,11.0,10.5,5,10,13,False,56,
2023-07-20,2023-07-19,2023,119,203,55,40,.579,-,-,1,,2,False,-,66
2023-07-20,2023-07-19,2023,109,203,54,42,.563,1.5,+1.5,2,1,3,False,66,
2023-07-20,2023-07-19,2023,137,203,54,42,.563,1.5,+1.5,3,2,4,False,66,
2023-07-20,2023-07-19,2023,135,203,46,50,.479,9.5,6.5,4,6,9,False,58,
2023-07-20,2023-07-19,2023,115,203,37,59,.385,18.5,15.5,5,12,15,False,49,
2023-07-21,2023-07-20,2023,110,201,59,37,.615,-,-,1,,1,False,-,64
2023-07-21,2023-07-20,2023,139,201,60,40,.600,1.0,+4.5,2,1,2,False,64,
2023-07-21,2023-07-20,2023,141,201,54,43,.557,5.5,-,3,2,4,False,61,
2023-07-21,2023-07-20,2023,111,201,51,46,.526,8.5,3.0,4,4,6,False,58,
2023-07-21,2023-07-20,2023,147,201,50,47,.515,9.5,4.0,5,5,7,False,57,
2023-07-21,2023-07-20,2023,142,202,50,48,.510,-,-,1,,8,False,-,64
2023-07-21,2023-07-20,2023,114,202,47,49,.490,2.0,6.5,2,8,11,False,64,
2023-07-21,2023-07-20,2023,116,202,44,52,.458,5.0,9.5,3,9,12,False,61,
2023-07-21,2023-07-20,2023,145,202,41,57,.418,9.0,13.5,4,10,13,False,56,
2023-07-21,2023-07-20,2023,118,202,28,70,.286,22.0,26.5,5,11,14,False,43,
2023-07-21,2023-07-20,2023,140,200,58,39,.598,-,-,1,,3,False,-,62
2023-07-21,2023-07-20,2023,117,200,54,43,.557,4.0,-,2,3,5,False,62,
2023-07-21,2023-07-20,2023,108,200,49,48,.505,9.0,5.0,3,6,9,False,57,
2023-07-21,2023-07-20,2023,136,200,48,48,.500,9.5,5.5,4,7,10,False,57,
2023-07-21,2023-07-20,2023,133,200,27,72,.273,32.0,28.0,5,12,15,False,33,
2023-07-21,2023-07-20,2023,144,204,62,33,.653,-,-,1,,1,False,-,57
2023-07-21,2023-07-20,2023,143,204,52,44,.542,10.5,-,2,3,6,False,57,
2023-07-21,2023-07-20,2023,146,204,53,45,.541,10.5,-,3,4,7,False,56,
2023-07-21,2023-07-20,2023,121,204,45,51,.469,17.5,7.0,4,8,11,False,50,
2023-07-21,2023-07-20,2023,120,204,38,58,.396,24.5,14.0,5,11,14,False,43,
2023-07-21,2023-07-20,2023,158,205,54,43,.557,-,-,1,,5,False,-,63
2023-07-21,2023-07-20,2023,113,205,52,46,.531,2.5,1.0,2,5,8,False,63,
2023-07-21,2023-07-20,2023,112,205,45,51,.469,8.5,7.0,3,7,10,False,58,
2023-07-21,2023-07-20,2023,138,205,44,53,.454,10.0,8.5,4,9,12,False,56,
2023-07-21,2023-07-20,2023,134,205,42,54,.438,11.5,10.0,5,10,13,False,55,
2023-07-21,2023-07-20,2023,119,203,55,40,.579,-,-,1,,2,False,-,65
2023-07-21,2023-07-20,2023,109,203,54,43,.557,2.0,+1.5,2,1,3,False,65,
2023-07-21,2023-07-20,2023,137,203,54,43,.557,2.0,+1.5,3,2,4,False,65,
2023-07-21,2023-07-20,2023,135,203,46,51,.474,10.0,6.5,4,6,9,False,57,
2023-07-21,2023-07-20,2023,115,203,37,59,.385,18.5,15.0,5,12,15,False,49,
2023-07-22,2023-07-21,2023,110,201,59,38,.608,-,-,1,,1,False,-,64
2023-07-22,2023-07-21,2023,139,201,61,40,.604,-,+5.5,2,1,2,False,64,
2023-07-22,2023-07-21,2023,141,201,54,44,.551,5.5,-,3,3,5,False,60,
2023-07-22,2023-07-21,2023,111,201,51,47,.520,8.5,3.0,4,4,6,False,57,
2023-07-22,2023-07-21,2023,147,201,51,47,.520,8.5,3.0,5,5,7,False,57,
2023-07-22,2023-07-21,2023,142,202,51,48,.515,-,-,1,,8,False,-,63
2023-07-22,2023-07-21,2023,114,202,48,49,.495,2.0,5.5,2,8,11,False,63,
2023-07-22,2023-07-21,2023,116,202,44,53,.454,6.0,9.5,3,9,12,False,59,
2023-07-22,2023-07-21,2023,145,202,41,58,.414,10.0,13.5,4,10,13,False,54,
2023-07-22,2023-07-21,2023,118,202,28,71,.283,23.0,26.5,5,11,14,False,41,
2023-07-22,2023-07-21,2023,140,200,58,40,.592,-,-,1,,3,False,-,62
2023-07-22,2023-07-21,2023,117,200,55,43,.561,3.0,+1.0,2,2,4,False,62,
2023-07-22,2023-07-21,2023,108,200,50,48,.510,8.0,4.0,3,6,9,False,57,
2023-07-22,2023-07-21,2023,136,200,49,48,.505,8.5,4.5,4,7,10,False,57,
2023-07-22,2023-07-21,2023,133,200,27,73,.270,32.0,28.0,5,12,15,False,32,
2023-07-22,2023-07-21,2023,144,204,63,33,.656,-,-,1,,1,False,-,55
2023-07-22,2023-07-21,2023,143,204,52,45,.536,11.5,-,2,3,6,False,55,
2023-07-22,2023-07-21,2023,146,204,53,46,.535,11.5,-,3,5,8,False,54,
2023-07-22,2023-07-21,2023,121,204,46,51,.474,17.5,6.0,4,8,11,False,49,
2023-07-22,2023-07-21,2023,120,204,39,58,.402,24.5,13.0,5,11,14,False,42,
2023-07-22,2023-07-21,2023,158,205,54,44,.551,-,-,1,,5,False,-,63
2023-07-22,2023-07-21,2023,113,205,53,46,.535,1.5,-,2,4,7,False,63,
2023-07-22,2023-07-21,2023,112,205,46,51,.474,7.5,6.0,3,7,10,False,58,
2023-07-22,2023-07-21,2023,138,205,44,54,.449,10.0,8.5,4,9,12,False,55,
2023-07-22,2023-07-21,2023,134,205,42,55,.433,11.5,10.0,5,10,13,False,54,
2023-07-22,2023-07-21,2023,119,203,56,40,.583,-,-,1,,2,False,-,63
2023-07-22,2023-07-21,2023,109,203,54,44,.551,3.0,+1.5,2,1,3,False,63,
2023-07-22,2023-07-21,2023,137,203,54,44,.551,3.0,+1.5,3,2,4,False,63,
2023-07-22,2023-07-21,2023,135,203,47,51,.480,10.0,5.5,4,6,9,False,56,
2023-07-22,2023-07-21,2023,115,203,38,59,.392,18.5,14.0,5,12,15,False,48,
2023-07-23,2023-07-22,2023,110,201,60,38,.612,-,-,1,,1,False,-,62
2023-07-23,2023-07-22,2023,139,201,61,41,.598,1.0,+5.5,2,1,2,False,62,
2023-07-23,2023-07-22,2023,141,201,54,45,.545,6.5,-,3,3,5,False,58,
2023-07-23,2023-07-22,2023,111,201,52,47,.525,8.5,2.0,4,4,6,False,56,
2023-07-23,2023-07-22,2023,147,201,52,47,.525,8.5,2.0,5,5,7,False,56,
2023-07-23,2023-07-22,2023,142,202,52,48,.520,-,-,1,,8,False,-,62
2023-07-23,2023-07-22,2023,114,202,49,49,.500,2.0,4.5,2,8,11,False,62,
2023-07-23,2023-07-22,2023,116,202,44,54,.449,7.0,9.5,3,9,12,False,57,
2023-07-23,2023-07-22,2023,145,202,41,59,.410,11.0,13.5,4,10,13,False,52,
2023-07-23,2023-07-22,2023,118,202,28,72,.280,24.0,26.5,5,11,14,False,39,
2023-07-23,2023-07-22,2023,140,200,58,41,.586,-,-,1,,3,False,-,61
2023-07-23,2023-07-22,2023,117,200,55,44,.556,3.0,+1.0,2,2,4,False,61,
2023-07-23,2023-07-22,2023,136,200,50,48,.510,7.5,3.5,3,6,9,False,57,
2023-07-23,2023-07-22,2023,108,200,50,49,.505,8.0,4.0,4,7,10,False,56,
2023-07-23,2023-07-22,2023,133,200,28,73,.277,31.0,27.0,5,12,15,False,32,
2023-07-23,2023-07-22,2023,144,204,63,34,.649,-,-,1,,1,False,-,54
2023-07-23,2023-07-22,2023,143,204,52,46,.531,11.5,1.0,2,4,7,False,54,
2023-07-23,2023-07-22,2023,146,204,53,47,.530,11.5,1.0,3,5,8,False,53,
2023-07-23,2023-07-22,2023,121,204,46,52,.469,17.5,7.0,4,8,11,False,48,
2023-07-23,2023-07-22,2023,120,204,40,58,.408,23.5,13.0,5,11,14,False,42,
2023-07-23,2023-07-22,2023,158,205,55,44,.556,-,-,1,,3,False,-,62
2023-07-23,2023-07-22,2023,113,205,54,46,.540,1.5,-,2,3,6,False,62,
2023-07-23,2023-07-22,2023,112,205,47,51,.480,7.5,6.0,3,7,10,False,57,
2023-07-23,2023-07-22,2023,138,205,44,55,.444,11.0,9.5,4,9,12,False,53,
2023-07-23,2023-07-22,2023,134,205,43,55,.439,11.5,10.0,5,10,13,False,53,
2023-07-23,2023-07-22,2023,119,203,57,40,.588,-,-,1,,2,False,-,61
2023-07-23,2023-07-22,2023,109,203,54,45,.545,4.0,+0.5,2,1,4,False,61,
2023-07-23,2023-07-22,2023,137,203,54,45,.545,4.0,+0.5,3,2,5,False,61,
2023-07-23,2023-07-22,2023,135,203,48,51,.485,10.0,5.5,4,6,9,False,55,
2023-07-23,2023-07-22,2023,115,203,39,59,.398,18.5,14.0,5,12,15,False,47,
2023-07-24,2023-07-23,2023,110,201,61,38,.616,-,-,1,,1,False,-,60
2023-07-24,2023-07-23,2023,139,201,61,42,.592,2.0,+4.5,2,1,2,False,60,
2023-07-24,2023-07-23,2023,141,201,55,45,.550,6.5,-,3,3,5,False,57,
2023-07-24,2023-07-23,2023,111,201,53,47,.530,8.5,2.0,4,4,6,False,55,
2023-07-24,2023-07-23,2023,147,201,53,47,.530,8.5,2.0,5,5,7,False,55,
2023-07-24,2023-07-23,2023,142,202,53,48,.525,-,-,1,,8,False,-,60
2023-07-24,2023-07-23,2023,114,202,49,50,.495,3.0,5.5,2,8,11,False,60,
2023-07-24,2023-07-23,2023,116,202,45,54,.455,7.0,9.5,3,9,12,False,56,
2023-07-24,2023-07-23,2023,145,202,41,60,.406,12.0,14.5,4,10,13,False,50,
2023-07-24,2023-07-23,2023,118,202,28,73,.277,25.0,27.5,5,11,14,False,37,
2023-07-24,2023-07-23,2023,140,200,59,41,.590,-,-,1,,3,False,-,60
2023-07-24,2023-07-23,2023,117,200,56,44,.560,3.0,+1.0,2,2,4,False,60,
2023-07-24,2023-07-23,2023,108,200,51,49,.510,8.0,4.0,3,6,9,False,55,
2023-07-24,2023-07-23,2023,136,200,50,49,.505,8.5,4.5,4,7,10,False,55,
2023-07-24,2023-07-23,2023,133,200,28,74,.275,32.0,28.0,5,12,15,False,30,
2023-07-24,2023-07-23,2023,144,204,64,34,.653,-,-,1,,1,False,-,53
2023-07-24,2023-07-23,2023,143,204,53,46,.535,11.5,0.5,2,4,7,False,53,
2023-07-24,2023-07-23,2023,146,204,54,47,.535,11.5,0.5,3,5,8,False,52,
2023-07-24,2023-07-23,2023,121,204,46,53,.465,18.5,7.5,4,8,11,False,46,
2023-07-24,2023-07-23,2023,120,204,41,58,.414,23.5,12.5,5,11,14,False,41,
2023-07-24,2023-07-23,2023,158,205,55,45,.550,-,-,1,,3,False,-,62
2023-07-24,2023-07-23,2023,113,205,55,46,.545,0.5,+0.5,2,1,4,False,62,
2023-07-24,2023-07-23,2023,112,205,48,51,.485,6.5,5.5,3,6,9,False,57,
2023-07-24,2023-07-23,2023,138,205,44,56,.440,11.0,10.0,4,9,12,False,52,
2023-07-24,2023-07-23,2023,134,205,43,56,.434,11.5,10.5,5,10,13,False,52,
2023-07-24,2023-07-23,2023,119,203,57,41,.582,-,-,1,,2,False,-,60
2023-07-24,2023-07-23,2023,109,203,54,46,.540,4.0,-,2,2,5,False,60,
2023-07-24,2023-07-23,2023,137,203,54,46,.540,4.0,-,3,3,6,False,60,
2023-07-24,2023-07-23,2023,135,203,48,52,.480,10.0,6.0,4,7,10,False,54,
2023-07-24,2023-07-23,2023,115,203,39,60,.394,18.5,14.5,5,12,15,False,46,
2023-07-25,2023-07-24,2023,110,201,62,38,.620,-,-,1,,1,False,-,59
2023-07-25,2023-07-24,2023,139,201,61,42,.592,2.5,+4.0,2,1,2,False,59,
2023-07-25,2023-07-24,2023,141,201,56,45,.554,6.5,-,3,3,5,False,56,
2023-07-25,2023-07-24,2023,111,201,53,47,.530,9.0,2.5,4,4,6,False,54,
2023-07-25,2023-07-24,2023,147,201,53,47,.530,9.0,2.5,5,5,7,False,54,
2023-07-25,2023-07-24,2023,142,202,54,48,.529,-,-,1,,8,False,-,58
2023-07-25,2023-07-24,2023,114,202,49,51,.490,4.0,6.5,2,8,11,False,58,
2023-07-25,2023-07-24,2023,116,202,46,54,.460,7.0,9.5,3,9,12,False,55,
2023-07-25,2023-07-24,2023,145,202,41,60,.406,12.5,15.0,4,10,13,False,49,
2023-07-25,2023-07-24,2023,118,202,29,73,.284,25.0,27.5,5,11,14,False,36,
2023-07-25,2023-07-24,2023,140,200,59,42,.584,-,-,1,,3,False,-,60
2023-07-25,2023-07-24,2023,117,200,57,44,.564,2.0,+1.0,2,2,4,False,60,
2023-07-25,2023-07-24,2023,108,200,51,49,.510,7.5,4.5,3,6,9,False,55,
2023-07-25,2023-07-24,2023,136,200,50,50,.500,8.5,5.5,4,7,10,False,54,
2023-07-25,2023-07-24,2023,133,200,28,74,.275,31.5,28.5,5,12,15,False,30,
2023-07-25,2023-07-24,2023,144,204,64,34,.653,-,-,1,,1,False,-,52
2023-07-25,2023-07-24,2023,146,204,54,47,.535,11.5,-,2,2,5,False,52,
2023-07-25,2023-07-24,2023,143,204,53,47,.530,12.0,0.5,3,5,8,False,52,
2023-07-25,2023-07-24,2023,121,204,46,53,.465,18.5,7.0,4,8,11,False,46,
2023-07-25,2023-07-24,2023,120,204,41,59,.410,24.0,12.5,5,11,14,False,40,
2023-07-25,2023-07-24,2023,158,205,56,45,.554,-,-,1,,3,False,-,60
2023-07-25,2023-07-24,2023,113,205,55,47,.539,1.5,+0.5,2,1,4,False,60,
2023-07-25,2023-07-24,2023,112,205,48,51,.485,7.0,5.0,3,6,9,False,56,
2023-07-25,2023-07-24,2023,138,205,45,56,.446,11.0,9.0,4,9,12,False,51,
2023-07-25,2023-07-24,2023,134,205,44,56,.440,11.5,9.5,5,10,13,False,51,
2023-07-25,2023-07-24,2023,119,203,57,42,.576,-,-,1,,2,False,-,59
2023-07-25,2023-07-24,2023,109,203,54,47,.535,4.0,-,2,3,6,False,59,
2023-07-25,2023-07-24,2023,137,203,54,47,.535,4.0,-,3,4,7,False,59,
2023-07-25,2023-07-24,2023,135,203,48,53,.475,10.0,6.0,4,7,10,False,53,
2023-07-25,2023-07-24,2023,115,203,40,60,.400,17.5,13.5,5,12,15,False,46,
2023-07-26,2023-07-25,2023,110,201,62,39,.614,-,-,1,,1,False,-,59
2023-07-26,2023-07-25,2023,139,201,62,42,.596,1.5,+5.0,2,1,2,False,59,
2023-07-26,2023-07-25,2023,141,201,56,46,.549,6.5,-,3,3,5,False,55,
2023-07-26,2023-07-25,2023,111,201,54,47,.535,8.0,1.5,4,4,6,False,54,
2023-07-26,2023-07-25,2023,147,201,53,48,.525,9.0,2.5,5,5,7,False,53,
2023-07-26,2023-07-25,2023,142,202,54,49,.524,-,-,1,,8,False,-,58
2023-07-26,2023-07-25,2023,114,202,50,51,.495,3.0,5.5,2,8,11,False,58,
2023-07-26,2023-07-25,2023,116,202,46,55,.455,7.0,9.5,3,9,12,False,54,
2023-07-26,2023-07-25,2023,145,202,41,61,.402,12.5,15.0,4,10,13,False,48,
2023-07-26,2023-07-25,2023,118,202,29,74,.282,25.0,27.5,5,11,14,False,35,
2023-07-26,2023-07-25,2023,140,200,59,43,.578,-,-,1,,3,False,-,60
2023-07-26,2023-07-25,2023,117,200,58,44,.569,1.0,+2.0,2,2,4,False,60,
2023-07-26,2023-07-25,2023,108,200,52,49,.515,6.5,3.5,3,6,9,False,55,
2023-07-26,2023-07-25,2023,136,200,51,50,.505,7.5,4.5,4,7,10,False,54,
2023-07-26,2023-07-25,2023,133,200,28,75,.272,31.5,28.5,5,12,15,False,29,
2023-07-26,2023-07-25,2023,144,204,64,35,.646,-,-,1,,1,False,-,52
2023-07-26,2023-07-25,2023,143,204,54,47,.535,11.0,0.5,2,4,7,False,52,
2023-07-26,2023-07-25,2023,146,204,54,48,.529,11.5,1.0,3,5,8,False,51,
2023-07-26,2023-07-25,2023,121,204,47,53,.470,17.5,7.0,4,8,11,False,46,
2023-07-26,2023-07-25,2023,120,204,42,59,.416,23.0,12.5,5,11,14,False,40,
2023-07-26,2023-07-25,2023,158,205,56,46,.549,-,-,1,,3,False,-,60
2023-07-26,2023-07-25,2023,113,205,56,47,.544,0.5,+0.5,2,1,4,False,60,
2023-07-26,2023-07-25,2023,112,205,49,51,.490,6.0,5.0,3,6,9,False,56,
2023-07-26,2023-07-25,2023,138,205,45,57,.441,11.0,10.0,4,9,12,False,50,
2023-07-26,2023-07-25,2023,134,205,44,57,.436,11.5,10.5,5,10,13,False,50,
2023-07-26,2023-07-25,2023,119,203,58,42,.580,-,-,1,,2,False,-,58
2023-07-26,2023-07-25,2023,109,203,55,47,.539,4.0,-,2,2,5,False,58,
2023-07-26,2023-07-25,2023,137,203,55,47,.539,4.0,-,3,3,6,False,58,
2023-07-26,2023-07-25,2023,135,203,49,53,.480,10.0,6.0,4,7,10,False,52,
2023-07-26,2023-07-25,2023,115,203,40,61,.396,18.5,14.5,5,12,15,False,44,
2023-07-27,2023-07-26,2023,110,201,62,40,.608,-,-,1,,1,False,-,58
2023-07-27,2023-07-26,2023,139,201,62,43,.590,1.5,+4.0,2,1,2,False,58,
2023-07-27,2023-07-26,2023,141,201,57,46,.553,5.5,-,3,3,5,False,55,
2023-07-27,2023-07-26,2023,111,201,55,47,.539,7.0,1.5,4,4,6,False,54,
2023-07-27,2023-07-26,2023,147,201,54,48,.529,8.0,2.5,5,5,7,False,53,
2023-07-27,2023-07-26,2023,142,202,54,50,.519,-,-,1,,8,False,-,58
2023-07-27,2023-07-26,2023,114,202,51,51,.500,2.0,5.5,2,8,11,False,58,
2023-07-27,2023-07-26,2023,116,202,46,55,.455,6.5,10.0,3,9,12,False,54,
2023-07-27,2023-07-26,2023,145,202,41,62,.398,12.5,16.0,4,10,13,False,47,
2023-07-27,2023-07-26,2023,118,202,29,75,.279,25.0,28.5,5,11,14,False,34,
2023-07-27,2023-07-26,2023,140,200,60,43,.583,-,-,1,,3,False,-,58
2023-07-27,2023-07-26,2023,117,200,58,45,.563,2.0,+1.0,2,2,4,False,58,
2023-07-27,2023-07-26,2023,108,200,52,49,.515,7.0,4.0,3,6,9,False,54,
2023-07-27,2023-07-26,2023,136,200,52,50,.510,7.5,4.5,4,7,10,False,53,
2023-07-27,2023-07-26,2023,133,200,28,76,.269,32.5,29.5,5,12,15,False,27,
2023-07-27,2023-07-26,2023,144,204,64,36,.640,-,-,1,,1,False,-,52
2023-07-27,2023-07-26,2023,143,204,55,47,.539,10.0,-,2,2,5,False,52,
2023-07-27,2023-07-26,2023,146,204,55,48,.534,10.5,0.5,3,4,7,False,51,
2023-07-27,2023-07-26,2023,121,204,47,54,.465,17.5,7.5,4,8,11,False,45,
2023-07-27,2023-07-26,2023,120,204,43,59,.422,22.0,12.0,5,11,14,False,40,
2023-07-27,2023-07-26,2023,158,205,57,46,.553,-,-,1,,3,False,-,58
2023-07-27,2023-07-26,2023,113,205,56,48,.538,1.5,-,2,3,6,False,58,
2023-07-27,2023-07-26,2023,112,205,50,51,.495,6.0,4.5,3,6,9,False,55,
2023-07-27,2023-07-26,2023,138,205,46,57,.447,11.0,9.5,4,9,12,False,49,
2023-07-27,2023-07-26,2023,134,205,45,57,.441,11.5,10.0,5,10,13,False,49,
2023-07-27,2023-07-26,2023,119,203,58,43,.574,-,-,1,,2,False,-,58
2023-07-27,2023-07-26,2023,137,203,56,47,.544,3.0,+0.5,2,1,4,False,58,
2023-07-27,2023-07-26,2023,109,203,55,48,.534,4.0,0.5,3,5,8,False,57,
2023-07-27,2023-07-26,2023,135,203,49,54,.476,10.0,6.5,4,7,10,False,51,
2023-07-27,2023-07-26,2023,115,203,40,62,.392,18.5,15.0,5,12,15,False,43,
2023-07-28,2023-07-27,2023,110,201,62,40,.608,-,-,1,,1,False,-,58
2023-07-28,2023-07-27,2023,139,201,62,43,.590,1.5,+4.0,2,1,2,False,58,
2023-07-28,2023-07-27,2023,141,201,57,46,.553,5.5,-,3,3,5,False,55,
2023-07-28,2023-07-27,2023,111,201,55,47,.539,7.0,1.5,4,4,6,False,54,
2023-07-28,2023-07-27,2023,147,201,54,48,.529,8.0,2.5,5,5,7,False,53,
2023-07-28,2023-07-27,2023,142,202,54,50,.519,-,-,1,,9,False,-,58
2023-07-28,2023-07-27,2023,114,202,52,51,.505,1.5,5.0,2,8,11,False,58,
2023-07-28,2023-07-27,2023,116,202,46,57,.447,7.5,11.0,3,9,12,False,52,
2023-07-28,2023-07-27,2023,145,202,41,63,.394,13.0,16.5,4,10,13,False,46,
2023-07-28,2023-07-27,2023,118,202,29,75,.279,25.0,28.5,5,11,14,False,34,
2023-07-28,2023-07-27,2023,140,200,60,43,.583,-,-,1,,3,False,-,58
2023-07-28,2023-07-27,2023,117,200,58,45,.563,2.0,+1.0,2,2,4,False,58,
2023-07-28,2023-07-27,2023,108,200,54,49,.524,6.0,3.0,3,6,8,False,54,
2023-07-28,2023-07-27,2023,136,200,52,50,.510,7.5,4.5,4,7,10,False,53,
2023-07-28,2023-07-27,2023,133,200,28,76,.269,32.5,29.5,5,12,15,False,27,
2023-07-28,2023-07-27,2023,144,204,64,36,.640,-,-,1,,1,False,-,52
2023-07-28,2023-07-27,2023,143,204,55,47,.539,10.0,-,2,2,5,False,52,
2023-07-28,2023-07-27,2023,146,204,55,48,.534,10.5,0.5,3,4,7,False,51,
2023-07-28,2023-07-27,2023,121,204,48,54,.471,17.0,7.0,4,8,11,False,45,
2023-07-28,2023-07-27,2023,120,204,43,60,.417,22.5,12.5,5,11,14,False,39,
2023-07-28,2023-07-27,2023,158,205,57,46,.553,-,-,1,,3,False,-,58
2023-07-28,2023-07-27,2023,113,205,56,48,.538,1.5,-,2,3,6,False,58,
2023-07-28,2023-07-27,2023,112,205,51,51,.500,5.5,4.0,3,6,9,False,55,
2023-07-28,2023-07-27,2023,138,205,46,58,.442,11.5,10.0,4,9,12,False,48,
2023-07-28,2023-07-27,2023,134,205,45,57,.441,11.5,10.0,5,10,13,False,49,
2023-07-28,2023-07-27,2023,119,203,58,43,.574,-,-,1,,2,False,-,58
2023-07-28,2023-07-27,2023,137,203,56,47,.544,3.0,+0.5,2,1,4,False,58,
2023-07-28,2023-07-27,2023,109,203,55,48,.534,4.0,0.5,3,5,8,False,57,
2023-07-28,2023-07-27,2023,135,203,49,54,.476,10.0,6.5,4,7,10,False,51,
2023-07-28,2023-07-27,2023,115,203,40,62,.392,18.5,15.0,5,12,15,False,43,
2023-07-29,2023-07-28,2023,110,201,63,40,.612,-,-,1,,1,False,-,57
2023-07-29,2023-07-28,2023,139,201,63,43,.594,1.5,+4.0,2,1,2,False,57,
2023-07-29,2023-07-28,2023,141,201,58,46,.558,5.5,-,3,2,4,False,54,
2023-07-29,2023-07-28,2023,111,201,56,47,.544,7.0,1.5,4,4,6,False,53,
2023-07-29,2023-07-28,2023,147,201,54,49,.524,9.0,3.5,5,5,7,False,51,
2023-07-29,2023-07-28,2023,142,202,54,51,.514,-,-,1,,10,False,-,57
2023-07-29,2023-07-28,2023,114,202,52,52,.500,1.5,6.0,2,8,11,False,57,
2023-07-29,2023-07-28,2023,116,202,46,58,.442,7.5,12.0,3,9,12,False,51,
2023-07-29,2023-07-28,2023,145,202,42,63,.400,12.0,16.5,4,10,13,False,46,
2023-07-29,2023-07-28,2023,118,202,30,75,.286,24.0,28.5,5,11,14,False,34,
2023-07-29,2023-07-28,2023,140,200,60,44,.577,-,-,1,,3,False,-,57
2023-07-29,2023-07-28,2023,117,200,58,46,.558,2.0,-,2,3,5,False,57,
2023-07-29,2023-07-28,2023,108,200,54,50,.519,6.0,4.0,3,6,8,False,53,
2023-07-29,2023-07-28,2023,136,200,53,50,.515,6.5,4.5,4,7,9,False,53,
2023-07-29,2023-07-28,2023,133,200,29,76,.276,31.5,29.5,5,12,15,False,27,
2023-07-29,2023-07-28,2023,144,204,65,36,.644,-,-,1,,1,False,-,51
2023-07-29,2023-07-28,2023,143,204,56,47,.544,10.0,+0.5,2,1,4,False,51,
2023-07-29,2023-07-28,2023,146,204,56,48,.538,10.5,-,3,4,7,False,50,
2023-07-29,2023-07-28,2023,121,204,49,54,.476,17.0,6.5,4,8,11,False,44,
2023-07-29,2023-07-28,2023,120,204,43,61,.413,23.5,13.0,5,11,14,False,37,
2023-07-29,2023-07-28,2023,158,205,57,47,.548,-,-,1,,3,False,-,58
2023-07-29,2023-07-28,2023,113,205,57,48,.543,0.5,+0.5,2,2,5,False,58,
2023-07-29,2023-07-28,2023,112,205,52,51,.505,4.5,3.5,3,6,9,False,55,
2023-07-29,2023-07-28,2023,138,205,46,59,.438,11.5,10.5,4,9,12,False,47,
2023-07-29,2023-07-28,2023,134,205,45,58,.437,11.5,10.5,5,10,13,False,48,
2023-07-29,2023-07-28,2023,119,203,58,44,.569,-,-,1,,2,False,-,57
2023-07-29,2023-07-28,2023,137,203,56,48,.538,3.0,-,2,3,6,False,57,
2023-07-29,2023-07-28,2023,109,203,55,49,.529,4.0,1.0,3,5,8,False,56,
2023-07-29,2023-07-28,2023,135,203,50,54,.481,9.0,6.0,4,7,10,False,51,
2023-07-29,2023-07-28,2023,115,203,40,63,.388,18.5,15.5,5,12,15,False,42,
2023-07-30,2023-07-29,2023,110,201,63,41,.606,-,-,1,,1,False,-,56
2023-07-30,2023-07-29,2023,139,201,63,44,.589,1.5,+3.0,2,1,2,False,56,
2023-07-30,2023-07-29,2023,141,201,59,46,.562,4.5,-,3,2,4,False,54,
2023-07-30,2023-07-29,2023,111,201,56,48,.538,7.0,2.5,4,4,6,False,52,
2023-07-30,2023-07-29,2023,147,201,55,49,.529,8.0,3.5,5,5,7,False,51,
2023-07-30,2023-07-29,2023,142,202,54,52,.509,-,-,1,,10,False,-,56
2023-07-30,2023-07-29,2023,114,202,52,53,.495,1.5,7.0,2,8,11,False,56,
2023-07-30,2023-07-29,2023,116,202,47,58,.448,6.5,12.0,3,9,12,False,51,
2023-07-30,2023-07-29,2023,145,202,43,63,.406,11.0,16.5,4,10,13,False,46,
2023-07-30,2023-07-29,2023,118,202,31,75,.292,23.0,28.5,5,11,14,False,34,
2023-07-30,2023-07-29,2023,140,200,60,45,.571,-,-,1,,3,False,-,57
2023-07-30,2023-07-29,2023,117,200,59,46,.562,1.0,-,2,3,5,False,57,
2023-07-30,2023-07-29,2023,108,200,54,51,.514,6.0,5.0,3,6,8,False,52,
2023-07-30,2023-07-29,2023,136,200,53,51,.510,6.5,5.5,4,7,9,False,52,
2023-07-30,2023-07-29,2023,133,200,30,76,.283,30.5,29.5,5,12,15,False,27,
2023-07-30,2023-07-29,2023,144,204,66,36,.647,-,-,1,,1,False,-,49
2023-07-30,2023-07-29,2023,143,204,56,48,.538,11.0,-,2,2,5,False,49,
2023-07-30,2023-07-29,2023,146,204,56,49,.533,11.5,0.5,3,4,7,False,48,
2023-07-30,2023-07-29,2023,121,204,49,55,.471,18.0,7.0,4,8,11,False,42,
2023-07-30,2023-07-29,2023,120,204,44,61,.419,23.5,12.5,5,11,14,False,36,
2023-07-30,2023-07-29,2023,158,205,57,48,.543,-,-,1,,4,False,-,57
2023-07-30,2023-07-29,2023,113,205,57,49,.538,0.5,-,2,3,6,False,57,
2023-07-30,2023-07-29,2023,112,205,53,51,.510,3.5,3.0,3,6,9,False,55,
2023-07-30,2023-07-29,2023,134,205,46,58,.442,10.5,10.0,4,9,12,False,48,
2023-07-30,2023-07-29,2023,138,205,46,60,.434,11.5,11.0,5,10,13,False,46,
2023-07-30,2023-07-29,2023,119,203,59,44,.573,-,-,1,,2,False,-,56
2023-07-30,2023-07-29,2023,137,203,57,48,.543,3.0,+0.5,2,1,3,False,56,
2023-07-30,2023-07-29,2023,109,203,56,49,.533,4.0,0.5,3,5,8,False,55,
2023-07-30,2023-07-29,2023,135,203,51,54,.486,9.0,5.5,4,7,10,False,50,
2023-07-30,2023-07-29,2023,115,203,40,64,.385,19.5,16.0,5,12,15,False,40,
2023-07-31,2023-07-30,2023,110,201,64,41,.610,-,-,1,,1,False,-,55
2023-07-31,2023-07-30,2023,139,201,64,44,.593,1.5,+4.0,2,1,2,False,55,
2023-07-31,2023-07-30,2023,141,201,59,47,.557,5.5,-,3,2,4,False,52,
2023-07-31,2023-07-30,2023,111,201,56,49,.533,8.0,2.5,4,4,6,False,50,
2023-07-31,2023-07-30,2023,147,201,55,50,.524,9.0,3.5,5,5,7,False,49,
2023-07-31,2023-07-30,2023,142,202,54,53,.505,-,-,1,,10,False,-,56
2023-07-31,2023-07-30,2023,114,202,53,53,.500,0.5,6.0,2,8,11,False,56,
2023-07-31,2023-07-30,2023,116,202,47,59,.443,6.5,12.0,3,9,12,False,50,
2023-07-31,2023-07-30,2023,145,202,43,64,.402,11.0,16.5,4,10,13,False,45,
2023-07-31,2023-07-30,2023,118,202,32,75,.299,22.0,27.5,5,11,14,False,34,
2023-07-31,2023-07-30,2023,140,200,60,46,.566,-,-,1,,3,False,-,56
2023-07-31,2023-07-30,2023,117,200,59,47,.557,1.0,-,2,3,5,False,56,
2023-07-31,2023-07-30,2023,108,200,55,51,.519,5.0,4.0,3,6,8,False,52,
2023-07-31,2023-07-30,2023,136,200,54,51,.514,5.5,4.5,4,7,9,False,52,
2023-07-31,2023-07-30,2023,133,200,30,77,.280,30.5,29.5,5,12,15,False,26,
2023-07-31,2023-07-30,2023,144,204,67,36,.650,-,-,1,,1,False,-,47
2023-07-31,2023-07-30,2023,146,204,57,49,.538,11.5,-,2,3,6,False,47,
2023-07-31,2023-07-30,2023,143,204,56,49,.533,12.0,0.5,3,4,7,False,47,
2023-07-31,2023-07-30,2023,121,204,50,55,.476,18.0,6.5,4,8,11,False,41,
2023-07-31,2023-07-30,2023,120,204,44,62,.415,24.5,13.0,5,11,14,False,34,
2023-07-31,2023-07-30,2023,113,205,58,49,.542,-,-,1,,4,False,-,56
2023-07-31,2023-07-30,2023,158,205,57,49,.538,0.5,-,2,2,5,False,56,
2023-07-31,2023-07-30,2023,112,205,53,52,.505,4.0,3.5,3,6,9,False,53,
2023-07-31,2023-07-30,2023,134,205,47,58,.448,10.0,9.5,4,9,12,False,47,
2023-07-31,2023-07-30,2023,138,205,47,60,.439,11.0,10.5,5,10,13,False,45,
2023-07-31,2023-07-30,2023,119,203,59,45,.567,-,-,1,,2,False,-,56
2023-07-31,2023-07-30,2023,137,203,58,48,.547,2.0,+1.0,2,1,3,False,56,
2023-07-31,2023-07-30,2023,109,203,56,50,.528,4.0,1.0,3,5,8,False,54,
2023-07-31,2023-07-30,2023,135,203,52,54,.491,8.0,5.0,4,7,10,False,50,
2023-07-31,2023-07-30,2023,115,203,41,64,.390,18.5,15.5,5,12,15,False,40,
2023-08-01,2023-07-31,2023,110,201,65,41,.613,-,-,1,,1,False,-,54
2023-08-01,2023-07-31,2023,139,201,65,44,.596,1.5,+5.0,2,1,2,False,54,
2023-08-01,2023-07-31,2023,141,201,59,48,.551,6.5,-,3,3,5,False,50,
2023-08-01,2023-07-31,2023,111,201,56,50,.528,9.0,2.5,4,4,6,False,48,
2023-08-01,2023-07-31,2023,147,201,55,51,.519,10.0,3.5,5,6,8,False,47,
2023-08-01,2023-07-31,2023,142,202,54,53,.505,-,-,1,,10,False,-,55
2023-08-01,2023-07-31,2023,114,202,53,54,.495,1.0,6.0,2,8,11,False,55,
2023-08-01,2023-07-31,2023,116,202,47,59,.443,6.5,11.5,3,9,12,False,50,
2023-08-01,2023-07-31,2023,145,202,43,64,.402,11.0,16.0,4,10,13,False,45,
2023-08-01,2023-07-31,2023,118,202,32,75,.299,22.0,27.0,5,11,14,False,34,
2023-08-01,2023-07-31,2023,140,200,60,46,.566,-,-,1,,3,False,-,56
2023-08-01,2023-07-31,2023,117,200,60,47,.561,0.5,+1.0,2,2,4,False,56,
2023-08-01,2023-07-31,2023,108,200,56,51,.523,4.5,3.0,3,5,7,False,52,
2023-08-01,2023-07-31,2023,136,200,55,51,.519,5.0,3.5,4,7,9,False,52,
2023-08-01,2023-07-31,2023,133,200,30,77,.280,30.5,29.0,5,12,15,False,26,
2023-08-01,2023-07-31,2023,144,204,67,37,.644,-,-,1,,1,False,-,47
2023-08-01,2023-07-31,2023,143,204,57,49,.538,11.0,+0.5,2,2,5,False,47,
2023-08-01,2023-07-31,2023,146,204,57,50,.533,11.5,-,3,3,6,False,46,
2023-08-01,2023-07-31,2023,121,204,50,55,.476,17.5,6.0,4,8,11,False,41,
2023-08-01,2023-07-31,2023,120,204,45,62,.421,23.5,12.0,5,11,14,False,34,
2023-08-01,2023-07-31,2023,113,205,59,49,.546,-,-,1,,3,False,-,54
2023-08-01,2023-07-31,2023,158,205,57,50,.533,1.5,-,2,5,8,False,54,
2023-08-01,2023-07-31,2023,112,205,53,53,.500,5.0,3.5,3,6,9,False,51,
2023-08-01,2023-07-31,2023,134,205,47,58,.448,10.5,9.0,4,9,12,False,46,
2023-08-01,2023-07-31,2023,138,205,47,60,.439,11.5,10.0,5,10,13,False,44,
2023-08-01,2023-07-31,2023,119,203,59,45,.567,-,-,1,,2,False,-,55
2023-08-01,2023-07-31,2023,137,203,58,49,.542,2.5,+1.0,2,1,4,False,55,
2023-08-01,2023-07-31,2023,109,203,57,50,.533,3.5,-,3,4,7,False,54,
2023-08-01,2023-07-31,2023,135,203,52,55,.486,8.5,5.0,4,7,10,False,49,
2023-08-01,2023-07-31,2023,115,203,42,64,.396,18.0,14.5,5,12,15,False,40,
2023-08-02,2023-08-01,2023,110,201,66,41,.617,-,-,1,,1,False,-,53
2023-08-02,2023-08-01,2023,139,201,66,44,.600,1.5,+6.0,2,1,2,False,53,
2023-08-02,2023-08-01,2023,141,201,59,49,.546,7.5,-,3,3,5,False,48,
2023-08-02,2023-08-01,2023,111,201,57,50,.533,9.0,1.5,4,4,6,False,47,
2023-08-02,2023-08-01,2023,147,201,55,52,.514,11.0,3.5,5,6,8,False,45,
2023-08-02,2023-08-01,2023,142,202,55,53,.509,-,-,1,,10,False,-,53
2023-08-02,2023-08-01,2023,114,202,53,55,.491,2.0,6.0,2,8,11,False,53,
2023-08-02,2023-08-01,2023,116,202,47,60,.439,7.5,11.5,3,9,12,False,48,
2023-08-02,2023-08-01,2023,145,202,43,65,.398,12.0,16.0,4,10,13,False,43,
2023-08-02,2023-08-01,2023,118,202,33,75,.306,22.0,26.0,5,11,14,False,33,
2023-08-02,2023-08-01,2023,140,200,61,46,.570,-,-,1,,3,False,-,55
2023-08-02,2023-08-01,2023,117,200,61,47,.565,0.5,+2.0,2,2,4,False,55,
2023-08-02,2023-08-01,2023,108,200,56,52,.519,5.5,3.0,3,5,7,False,50,
2023-08-02,2023-08-01,2023,136,200,55,52,.514,6.0,3.5,4,7,9,False,50,
2023-08-02,2023-08-01,2023,133,200,30,78,.278,31.5,29.0,5,12,15,False,24,
2023-08-02,2023-08-01,2023,144,204,68,37,.648,-,-,1,,1,False,-,46
2023-08-02,2023-08-01,2023,143,204,58,49,.542,11.0,+0.5,2,2,4,False,46,
2023-08-02,2023-08-01,2023,146,204,57,51,.528,12.5,1.0,3,4,7,False,44,
2023-08-02,2023-08-01,2023,121,204,50,56,.472,18.5,7.0,4,8,11,False,39,
2023-08-02,2023-08-01,2023,120,204,45,63,.417,24.5,13.0,5,11,14,False,32,
2023-08-02,2023-08-01,2023,113,205,59,50,.541,-,-,1,,5,False,-,54
2023-08-02,2023-08-01,2023,158,205,58,50,.537,0.5,-,2,3,6,False,54,
2023-08-02,2023-08-01,2023,112,205,54,53,.505,4.0,3.5,3,6,9,False,51,
2023-08-02,2023-08-01,2023,134,205,48,58,.453,9.5,9.0,4,9,12,False,46,
2023-08-02,2023-08-01,2023,138,205,47,61,.435,11.5,11.0,5,10,13,False,43,
2023-08-02,2023-08-01,2023,119,203,60,45,.571,-,-,1,,2,False,-,54
2023-08-02,2023-08-01,2023,137,203,59,49,.546,2.5,+1.0,2,1,3,False,54,
2023-08-02,2023-08-01,2023,109,203,57,51,.528,4.5,1.0,3,5,8,False,52,
2023-08-02,2023-08-01,2023,135,203,53,55,.491,8.5,5.0,4,7,10,False,48,
2023-08-02,2023-08-01,2023,115,203,42,65,.393,19.0,15.5,5,12,15,False,38,
2023-08-03,2023-08-02,2023,110,201,66,42,.611,-,-,1,,1,False,-,52
2023-08-03,2023-08-02,2023,139,201,66,45,.595,1.5,+5.0,2,1,2,False,52,
2023-08-03,2023-08-02,2023,141,201,60,49,.550,6.5,-,3,3,5,False,48,
2023-08-03,2023-08-02,2023,111,201,57,51,.528,9.0,2.5,4,4,6,False,46,
2023-08-03,2023-08-02,2023,147,201,56,52,.519,10.0,3.5,5,5,7,False,45,
2023-08-03,2023-08-02,2023,142,202,55,54,.505,-,-,1,,10,False,-,52
2023-08-03,2023-08-02,2023,114,202,53,56,.486,2.0,7.0,2,8,11,False,52,
2023-08-03,2023-08-02,2023,116,202,48,60,.444,6.5,11.5,3,9,12,False,48,
2023-08-03,2023-08-02,2023,145,202,43,66,.394,12.0,17.0,4,10,13,False,42,
2023-08-03,2023-08-02,2023,118,202,34,75,.312,21.0,26.0,5,11,14,False,33,
2023-08-03,2023-08-02,2023,140,200,62,46,.574,-,-,1,,3,False,-,54
2023-08-03,2023-08-02,2023,117,200,62,47,.569,0.5,+2.0,2,2,4,False,54,
2023-08-03,2023-08-02,2023,136,200,56,52,.519,6.0,3.5,3,6,8,False,49,
2023-08-03,2023-08-02,2023,108,200,56,53,.514,6.5,4.0,4,7,9,False,48,
2023-08-03,2023-08-02,2023,133,200,30,79,.275,32.5,30.0,5,12,15,False,22,
2023-08-03,2023-08-02,2023,144,204,69,37,.651,-,-,1,,1,False,-,44
2023-08-03,2023-08-02,2023,143,204,58,50,.537,12.0,+0.5,2,2,4,False,44,
2023-08-03,2023-08-02,2023,146,204,58,51,.532,12.5,-,3,4,7,False,43,
2023-08-03,2023-08-02,2023,121,204,50,57,.467,19.5,7.0,4,8,11,False,37,
2023-08-03,2023-08-02,2023,120,204,46,63,.422,24.5,12.0,5,11,14,False,31,
2023-08-03,2023-08-02,2023,113,205,59,51,.536,-,-,1,,5,False,-,53
2023-08-03,2023-08-02,2023,158,205,58,51,.532,0.5,-,2,3,6,False,53,
2023-08-03,2023-08-02,2023,112,205,55,53,.509,3.0,2.5,3,6,9,False,51,
2023-08-03,2023-08-02,2023,134,205,48,59,.449,9.5,9.0,4,9,12,False,45,
2023-08-03,2023-08-02,2023,138,205,48,61,.440,10.5,10.0,5,10,13,False,43,
2023-08-03,2023-08-02,2023,119,203,61,45,.575,-,-,1,,2,False,-,53
2023-08-03,2023-08-02,2023,137,203,60,49,.550,2.5,+2.0,2,1,3,False,53,
2023-08-03,2023-08-02,2023,109,203,57,52,.523,5.5,1.0,3,5,8,False,50,
2023-08-03,2023-08-02,2023,135,203,54,55,.495,8.5,4.0,4,7,10,False,47,
2023-08-03,2023-08-02,2023,115,203,42,66,.389,20.0,15.5,5,12,15,False,36,
2023-08-04,2023-08-03,2023,110,201,67,42,.615,-,-,1,,1,False,-,51
2023-08-04,2023-08-03,2023,139,201,66,45,.595,2.0,+5.5,2,1,2,False,51,
2023-08-04,2023-08-03,2023,141,201,60,50,.545,7.5,-,3,3,5,False,46,
2023-08-04,2023-08-03,2023,111,201,57,51,.528,9.5,2.0,4,4,6,False,45,
2023-08-04,2023-08-03,2023,147,201,57,52,.523,10.0,2.5,5,5,7,False,44,
2023-08-04,2023-08-03,2023,142,202,56,54,.509,-,-,1,,10,False,-,51
2023-08-04,2023-08-03,2023,114,202,53,56,.486,2.5,6.5,2,8,11,False,51,
2023-08-04,2023-08-03,2023,116,202,48,60,.444,7.0,11.0,3,9,12,False,47,
2023-08-04,2023-08-03,2023,145,202,43,67,.391,13.0,17.0,4,10,13,False,40,
2023-08-04,2023-08-03,2023,118,202,35,75,.318,21.0,25.0,5,11,14,False,32,
2023-08-04,2023-08-03,2023,140,200,63,46,.578,-,-,1,,3,False,-,52
2023-08-04,2023-08-03,2023,117,200,62,48,.564,1.5,+2.0,2,2,4,False,52,
2023-08-04,2023-08-03,2023,136,200,57,52,.523,6.0,2.5,3,6,8,False,48,
2023-08-04,2023-08-03,2023,108,200,56,54,.509,7.5,4.0,4,7,9,False,46,
2023-08-04,2023-08-03,2023,133,200,30,80,.273,33.5,30.0,5,12,15,False,20,
2023-08-04,2023-08-03,2023,144,204,69,37,.651,-,-,1,,1,False,-,44
2023-08-04,2023-08-03,2023,143,204,59,50,.541,11.5,+1.0,2,2,4,False,44,
2023-08-04,2023-08-03,2023,146,204,58,52,.527,13.0,0.5,3,4,7,False,42,
2023-08-04,2023-08-03,2023,121,204,50,58,.463,20.0,7.5,4,8,11,False,36,
2023-08-04,2023-08-03,2023,120,204,46,63,.422,24.5,12.0,5,11,14,False,31,
2023-08-04,2023-08-03,2023,158,205,59,51,.536,-,-,1,,5,False,-,52
2023-08-04,2023-08-03,2023,113,205,59,52,.532,0.5,-,2,3,6,False,52,
2023-08-04,2023-08-03,2023,112,205,56,53,.514,2.5,2.0,3,6,9,False,51,
2023-08-04,2023-08-03,2023,134,205,48,60,.444,10.0,9.5,4,9,12,False,44,
2023-08-04,2023-08-03,2023,138,205,48,62,.436,11.0,10.5,5,10,13,False,42,
2023-08-04,2023-08-03,2023,119,203,62,45,.579,-,-,1,,2,False,-,52
2023-08-04,2023-08-03,2023,137,203,61,49,.555,2.5,+2.5,2,1,3,False,52,
2023-08-04,2023-08-03,2023,109,203,57,53,.518,6.5,1.5,3,5,8,False,48,
2023-08-04,2023-08-03,2023,135,203,54,55,.495,9.0,4.0,4,7,10,False,46,
2023-08-04,2023-08-03,2023,115,203,42,66,.389,20.5,15.5,5,12,15,False,35,
2023-08-05,2023-08-04,2023,110,201,68,42,.618,-,-,1,,1,False,-,50
2023-08-05,2023-08-04,2023,139,201,67,45,.598,2.0,+5.5,2,1,2,False,50,
2023-08-05,2023-08-04,2023,141,201,61,50,.550,7.5,-,3,3,5,False,45,
2023-08-05,2023-08-04,2023,111,201,57,52,.523,10.5,3.0,4,5,7,False,43,
2023-08-05,2023-08-04,2023,147,201,57,53,.518,11.0,3.5,5,6,8,False,42,
2023-08-05,2023-08-04,2023,142,202,57,54,.514,-,-,1,,9,False,-,50
2023-08-05,2023-08-04,2023,114,202,54,56,.491,2.5,6.5,2,8,11,False,50,
2023-08-05,2023-08-04,2023,116,202,48,61,.440,8.0,12.0,3,9,12,False,45,
2023-08-05,2023-08-04,2023,145,202,43,68,.387,14.0,18.0,4,10,13,False,38,
2023-08-05,2023-08-04,2023,118,202,36,75,.324,21.0,25.0,5,11,14,False,31,
2023-08-05,2023-08-04,2023,140,200,64,46,.582,-,-,1,,3,False,-,51
2023-08-05,2023-08-04,2023,117,200,63,48,.568,1.5,+2.0,2,2,4,False,51,
2023-08-05,2023-08-04,2023,136,200,58,52,.527,6.0,2.5,3,4,6,False,47,
2023-08-05,2023-08-04,2023,108,200,56,55,.505,8.5,5.0,4,7,10,False,44,
2023-08-05,2023-08-04,2023,133,200,30,80,.273,34.0,30.5,5,12,15,False,19,
2023-08-05,2023-08-04,2023,144,204,70,37,.654,-,-,1,,1,False,-,42
2023-08-05,2023-08-04,2023,143,204,59,51,.536,12.5,+1.0,2,2,4,False,42,
2023-08-05,2023-08-04,2023,146,204,58,53,.523,14.0,0.5,3,4,7,False,40,
2023-08-05,2023-08-04,2023,121,204,50,59,.459,21.0,7.5,4,8,11,False,34,
2023-08-05,2023-08-04,2023,120,204,47,63,.427,24.5,11.0,5,11,14,False,30,
2023-08-05,2023-08-04,2023,158,205,59,52,.532,-,-,1,,5,False,-,51
2023-08-05,2023-08-04,2023,113,205,59,53,.527,0.5,-,2,3,6,False,51,
2023-08-05,2023-08-04,2023,112,205,56,54,.509,2.5,2.0,3,6,9,False,50,
2023-08-05,2023-08-04,2023,134,205,49,60,.450,9.0,8.5,4,9,12,False,44,
2023-08-05,2023-08-04,2023,138,205,48,63,.432,11.0,10.5,5,10,13,False,41,
2023-08-05,2023-08-04,2023,119,203,63,45,.583,-,-,1,,2,False,-,51
2023-08-05,2023-08-04,2023,137,203,61,49,.555,3.0,+3.0,2,1,3,False,51,
2023-08-05,2023-08-04,2023,109,203,57,54,.514,7.5,1.5,3,5,8,False,46,
2023-08-05,2023-08-04,2023,135,203,54,56,.491,10.0,4.0,4,7,10,False,44,
2023-08-05,2023-08-04,2023,115,203,43,66,.394,20.5,14.5,5,12,15,False,34,
2023-08-06,2023-08-05,2023,110,201,69,42,.622,-,-,1,,1,False,-,48
2023-08-06,2023-08-05,2023,139,201,67,46,.593,3.0,+4.5,2,1,2,False,48,
2023-08-06,2023-08-05,2023,141,201,62,50,.554,7.5,-,3,3,5,False,44,
2023-08-06,2023-08-05,2023,147,201,58,53,.523,11.0,3.5,4,5,7,False,41,
2023-08-06,2023-08-05,2023,111,201,57,53,.518,11.5,4.0,5,6,8,False,41,
2023-08-06,2023-08-05,2023,142,202,58,54,.518,-,-,1,,9,False,-,48
2023-08-06,2023-08-05,2023,114,202,54,57,.486,3.5,7.5,2,8,11,False,48,
2023-08-06,2023-08-05,2023,116,202,49,61,.445,8.0,12.0,3,9,12,False,44,
2023-08-06,2023-08-05,2023,145,202,44,68,.393,14.0,18.0,4,10,13,False,37,
2023-08-06,2023-08-05,2023,118,202,36,76,.321,22.0,26.0,5,11,14,False,29,
2023-08-06,2023-08-05,2023,140,200,65,46,.586,-,-,1,,3,False,-,49
2023-08-06,2023-08-05,2023,117,200,63,49,.563,2.5,+1.0,2,2,4,False,49,
2023-08-06,2023-08-05,2023,136,200,59,52,.532,6.0,2.5,3,4,6,False,46,
2023-08-06,2023-08-05,2023,108,200,56,56,.500,9.5,6.0,4,7,10,False,42,
2023-08-06,2023-08-05,2023,133,200,31,80,.279,34.0,30.5,5,12,15,False,18,
2023-08-06,2023-08-05,2023,144,204,70,38,.648,-,-,1,,1,False,-,42
2023-08-06,2023-08-05,2023,143,204,60,51,.541,11.5,+2.0,2,2,4,False,42,
2023-08-06,2023-08-05,2023,146,204,58,54,.518,14.0,0.5,3,4,7,False,39,
2023-08-06,2023-08-05,2023,121,204,50,60,.455,21.0,7.5,4,8,11,False,33,
2023-08-06,2023-08-05,2023,120,204,48,63,.432,23.5,10.0,5,11,14,False,30,
2023-08-06,2023-08-05,2023,158,205,60,52,.536,-,-,1,,5,False,-,49
2023-08-06,2023-08-05,2023,113,205,59,54,.522,1.5,-,2,3,6,False,49,
2023-08-06,2023-08-05,2023,112,205,57,54,.514,2.5,1.0,3,5,8,False,49,
2023-08-06,2023-08-05,2023,134,205,49,61,.445,10.0,8.5,4,9,12,False,42,
2023-08-06,2023-08-05,2023,138,205,49,63,.438,11.0,9.5,5,10,13,False,40,
2023-08-06,2023-08-05,2023,119,203,63,46,.578,-,-,1,,2,False,-,50
2023-08-06,2023-08-05,2023,137,203,61,50,.550,3.0,+3.0,2,1,3,False,50,
2023-08-06,2023-08-05,2023,109,203,57,55,.509,7.5,1.5,3,6,9,False,45,
2023-08-06,2023-08-05,2023,135,203,55,56,.495,9.0,3.0,4,7,10,False,44,
2023-08-06,2023-08-05,2023,115,203,43,67,.391,20.5,14.5,5,12,15,False,33,
2023-08-07,2023-08-06,2023,110,201,70,42,.625,-,-,1,,1,False,-,47
2023-08-07,2023-08-06,2023,139,201,68,46,.596,3.0,+4.5,2,1,2,False,47,
2023-08-07,2023-08-06,2023,141,201,63,50,.558,7.5,-,3,3,5,False,43,
2023-08-07,2023-08-06,2023,147,201,58,54,.518,12.0,4.5,4,5,8,False,39,
2023-08-07,2023-08-06,2023,111,201,57,54,.514,12.5,5.0,5,6,9,False,39,
2023-08-07,2023-08-06,2023,142,202,59,54,.522,-,-,1,,7,False,-,46
2023-08-07,2023-08-06,2023,114,202,54,58,.482,4.5,8.5,2,8,11,False,46,
2023-08-07,2023-08-06,2023,116,202,49,62,.441,9.0,13.0,3,9,12,False,42,
2023-08-07,2023-08-06,2023,145,202,45,68,.398,14.0,18.0,4,10,13,False,36,
2023-08-07,2023-08-06,2023,118,202,36,77,.319,23.0,27.0,5,11,14,False,27,
2023-08-07,2023-08-06,2023,140,200,66,46,.589,-,-,1,,3,False,-,48
2023-08-07,2023-08-06,2023,117,200,64,49,.566,2.5,+1.0,2,2,4,False,48,
2023-08-07,2023-08-06,2023,136,200,60,52,.536,6.0,2.5,3,4,6,False,45,
2023-08-07,2023-08-06,2023,108,200,56,57,.496,10.5,7.0,4,7,10,False,40,
2023-08-07,2023-08-06,2023,133,200,32,80,.286,34.0,30.5,5,12,15,False,17,
2023-08-07,2023-08-06,2023,144,204,70,39,.642,-,-,1,,1,False,-,42
2023-08-07,2023-08-06,2023,143,204,61,51,.545,10.5,+3.0,2,2,4,False,42,
2023-08-07,2023-08-06,2023,146,204,58,55,.513,14.0,0.5,3,5,8,False,38,
2023-08-07,2023-08-06,2023,121,204,50,61,.450,21.0,7.5,4,9,12,False,32,
2023-08-07,2023-08-06,2023,120,204,49,63,.438,22.5,9.0,5,10,13,False,30,
2023-08-07,2023-08-06,2023,158,205,60,53,.531,-,-,1,,5,False,-,49
2023-08-07,2023-08-06,2023,112,205,58,54,.518,1.5,-,2,3,6,False,49,
2023-08-07,2023-08-06,2023,113,205,59,55,.518,1.5,-,3,4,7,False,48,
2023-08-07,2023-08-06,2023,134,205,50,61,.450,9.0,7.5,4,8,11,False,42,
2023-08-07,2023-08-06,2023,138,205,49,64,.434,11.0,9.5,5,11,14,False,39,
2023-08-07,2023-08-06,2023,119,203,64,46,.582,-,-,1,,2,False,-,48
2023-08-07,2023-08-06,2023,137,203,61,51,.545,4.0,+3.0,2,1,3,False,48,
2023-08-07,2023-08-06,2023,109,203,57,56,.504,8.5,1.5,3,6,9,False,43,
2023-08-07,2023-08-06,2023,135,203,55,57,.491,10.0,3.0,4,7,10,False,42,
2023-08-07,2023-08-06,2023,115,203,44,67,.396,20.5,13.5,5,12,15,False,32,
2023-08-08,2023-08-07,2023,110,201,70,42,.625,-,-,1,,1,False,-,47
2023-08-08,2023-08-07,2023,139,201,68,46,.596,3.0,+4.0,2,1,2,False,47,
2023-08-08,2023-08-07,2023,141,201,64,50,.561,7.0,-,3,3,5,False,43,
2023-08-08,2023-08-07,2023,111,201,58,54,.518,12.0,5.0,4,5,8,False,39,
2023-08-08,2023-08-07,2023,147,201,58,55,.513,12.5,5.5,5,6,9,False,38,
2023-08-08,2023-08-07,2023,142,202,60,54,.526,-,-,1,,7,False,-,44
2023-08-08,2023-08-07,2023,114,202,54,59,.478,5.5,9.5,2,8,11,False,44,
2023-08-08,2023-08-07,2023,116,202,49,63,.438,10.0,14.0,3,9,12,False,40,
2023-08-08,2023-08-07,2023,145,202,46,68,.404,14.0,18.0,4,10,13,False,35,
2023-08-08,2023-08-07,2023,118,202,36,78,.316,24.0,28.0,5,11,14,False,25,
2023-08-08,2023-08-07,2023,140,200,67,46,.593,-,-,1,,3,False,-,47
2023-08-08,2023-08-07,2023,117,200,64,49,.566,3.0,+0.5,2,2,4,False,47,
2023-08-08,2023-08-07,2023,136,200,60,52,.536,6.5,3.0,3,4,6,False,44,
2023-08-08,2023-08-07,2023,108,200,56,58,.491,11.5,8.0,4,7,10,False,38,
2023-08-08,2023-08-07,2023,133,200,32,81,.283,35.0,31.5,5,12,15,False,15,
2023-08-08,2023-08-07,2023,144,204,70,40,.636,-,-,1,,1,False,-,42
2023-08-08,2023-08-07,2023,143,204,61,51,.545,10.0,+2.5,2,2,4,False,42,
2023-08-08,2023-08-07,2023,146,204,58,56,.509,14.0,1.5,3,5,8,False,37,
2023-08-08,2023-08-07,2023,121,204,51,61,.455,20.0,7.5,4,9,12,False,32,
2023-08-08,2023-08-07,2023,120,204,49,63,.438,22.0,9.5,5,10,13,False,30,
2023-08-08,2023-08-07,2023,158,205,61,53,.535,-,-,1,,5,False,-,47
2023-08-08,2023-08-07,2023,113,205,60,55,.522,1.5,-,2,3,6,False,47,
2023-08-08,2023-08-07,2023,112,205,58,55,.513,2.5,1.0,3,4,7,False,47,
2023-08-08,2023-08-07,2023,134,205,51,61,.455,9.0,7.5,4,8,11,False,41,
2023-08-08,2023-08-07,2023,138,205,49,64,.434,11.5,10.0,5,11,14,False,38,
2023-08-08,2023-08-07,2023,119,203,65,46,.586,-,-,1,,2,False,-,47
2023-08-08,2023-08-07,2023,137,203,62,51,.549,4.0,+3.0,2,1,3,False,47,
2023-08-08,2023-08-07,2023,109,203,57,56,.504,9.0,2.0,3,6,9,False,42,
2023-08-08,2023-08-07,2023,135,203,55,58,.487,11.0,4.0,4,7,10,False,40,
2023-08-08,2023-08-07,2023,115,203,44,68,.393,21.5,14.5,5,12,15,False,30,
2023-08-09,2023-08-08,2023,110,201,70,43,.619,-,-,1,,1,False,-,47
2023-08-09,2023-08-08,2023,139,201,69,46,.600,2.0,+5.0,2,1,2,False,47,
2023-08-09,2023-08-08,2023,141,201,64,51,.557,7.0,-,3,3,5,False,42,
2023-08-09,2023-08-08,2023,147,201,59,55,.518,11.5,4.5,4,5,8,False,38,
2023-08-09,2023-08-08,2023,111,201,58,55,.513,12.0,5.0,5,6,9,False,38,
2023-08-09,2023-08-08,2023,142,202,60,55,.522,-,-,1,,7,False,-,44
2023-08-09,2023-08-08,2023,114,202,55,59,.482,4.5,8.5,2,8,11,False,44,
2023-08-09,2023-08-08,2023,116,202,50,63,.442,9.0,13.0,3,9,12,False,40,
2023-08-09,2023-08-08,2023,145,202,46,69,.400,14.0,18.0,4,10,13,False,34,
2023-08-09,2023-08-08,2023,118,202,37,78,.322,23.0,27.0,5,11,14,False,25,
2023-08-09,2023-08-08,2023,140,200,68,46,.596,-,-,1,,3,False,-,46
2023-08-09,2023-08-08,2023,117,200,65,49,.570,3.0,+1.5,2,2,4,False,46,
2023-08-09,2023-08-08,2023,136,200,61,52,.540,6.5,2.0,3,4,6,False,43,
2023-08-09,2023-08-08,2023,108,200,57,58,.496,11.5,7.0,4,7,10,False,37,
2023-08-09,2023-08-08,2023,133,200,32,82,.281,36.0,31.5,5,12,15,False,13,
2023-08-09,2023-08-08,2023,144,204,71,40,.640,-,-,1,,1,False,-,40
2023-08-09,2023-08-08,2023,143,204,62,52,.544,10.5,+3.0,2,2,4,False,40,
2023-08-09,2023-08-08,2023,146,204,59,56,.513,14.0,0.5,3,5,8,False,36,
2023-08-09,2023-08-08,2023,121,204,51,62,.451,21.0,7.5,4,9,12,False,30,
2023-08-09,2023-08-08,2023,120,204,50,64,.439,22.5,9.0,5,10,13,False,28,
2023-08-09,2023-08-08,2023,158,205,61,54,.530,-,-,1,,5,False,-,47
2023-08-09,2023-08-08,2023,112,205,59,55,.518,1.5,-,2,3,6,False,47,
2023-08-09,2023-08-08,2023,113,205,60,56,.517,1.5,-,3,4,7,False,46,
2023-08-09,2023-08-08,2023,134,205,51,62,.451,9.0,7.5,4,8,11,False,40,
2023-08-09,2023-08-08,2023,138,205,49,65,.430,11.5,10.0,5,11,14,False,37,
2023-08-09,2023-08-08,2023,119,203,66,46,.589,-,-,1,,2,False,-,45
2023-08-09,2023-08-08,2023,137,203,62,52,.544,5.0,+3.0,2,1,3,False,45,
2023-08-09,2023-08-08,2023,109,203,57,57,.500,10.0,2.0,3,6,9,False,40,
2023-08-09,2023-08-08,2023,135,203,55,59,.482,12.0,4.0,4,7,10,False,38,
2023-08-09,2023-08-08,2023,115,203,45,68,.398,21.5,13.5,5,12,15,False,29,
2023-08-10,2023-08-09,2023,110,201,70,44,.614,-,-,1,,1,False,-,46
2023-08-10,2023-08-09,2023,139,201,69,47,.595,2.0,+4.0,2,1,2,False,46,
2023-08-10,2023-08-09,2023,141,201,65,51,.560,6.0,-,3,3,5,False,42,
2023-08-10,2023-08-09,2023,111,201,59,55,.518,11.0,5.0,4,5,7,False,38,
2023-08-10,2023-08-09,2023,147,201,59,56,.513,11.5,5.5,5,6,9,False,37,
2023-08-10,2023-08-09,2023,142,202,60,56,.517,-,-,1,,8,False,-,43
2023-08-10,2023-08-09,2023,114,202,55,60,.478,4.5,9.5,2,8,11,False,43,
2023-08-10,2023-08-09,2023,116,202,51,63,.447,8.0,13.0,3,9,12,False,40,
2023-08-10,2023-08-09,2023,145,202,47,69,.405,13.0,18.0,4,10,13,False,34,
2023-08-10,2023-08-09,2023,118,202,37,79,.319,23.0,28.0,5,11,14,False,24,
2023-08-10,2023-08-09,2023,140,200,68,47,.591,-,-,1,,3,False,-,46
2023-08-10,2023-08-09,2023,117,200,66,49,.574,2.0,+1.5,2,2,4,False,46,
2023-08-10,2023-08-09,2023,136,200,62,52,.544,5.5,2.0,3,4,6,False,43,
2023-08-10,2023-08-09,2023,108,200,58,58,.500,10.5,7.0,4,7,10,False,37,
2023-08-10,2023-08-09,2023,133,200,33,82,.287,35.0,31.5,5,12,15,False,13,
2023-08-10,2023-08-09,2023,144,204,72,40,.643,-,-,1,,1,False,-,39
2023-08-10,2023-08-09,2023,143,204,63,52,.548,10.5,+3.5,2,1,3,False,39,
2023-08-10,2023-08-09,2023,146,204,60,56,.517,14.0,-,3,3,6,False,35,
2023-08-10,2023-08-09,2023,121,204,52,62,.456,21.0,7.0,4,8,11,False,29,
2023-08-10,2023-08-09,2023,120,204,50,65,.435,23.5,9.5,5,11,14,False,26,
2023-08-10,2023-08-09,2023,158,205,62,54,.534,-,-,1,,5,False,-,45
2023-08-10,2023-08-09,2023,112,205,59,56,.513,2.5,0.5,2,4,7,False,45,
2023-08-10,2023-08-09,2023,113,205,60,57,.513,2.5,0.5,3,5,8,False,44,
2023-08-10,2023-08-09,2023,134,205,51,63,.447,10.0,8.0,4,9,12,False,38,
2023-08-10,2023-08-09,2023,138,205,50,65,.435,11.5,9.5,5,10,13,False,36,
2023-08-10,2023-08-09,2023,119,203,67,46,.593,-,-,1,,2,False,-,43
2023-08-10,2023-08-09,2023,137,203,62,53,.539,6.0,+2.5,2,2,4,False,43,
2023-08-10,2023-08-09,2023,109,203,57,58,.496,11.0,2.5,3,6,9,False,38,
2023-08-10,2023-08-09,2023,135,203,55,60,.478,13.0,4.5,4,7,10,False,36,
2023-08-10,2023-08-09,2023,115,203,45,69,.395,22.5,14.0,5,12,15,False,27,
2023-08-11,2023-08-10,2023,110,201,71,44,.617,-,-,1,,1,False,-,44
2023-08-11,2023-08-10,2023,139,201,69,48,.590,3.0,+4.0,2,1,3,False,44,
2023-08-11,2023-08-10,2023,141,201,65,52,.556,7.0,-,3,3,5,False,40,
2023-08-11,2023-08-10,2023,111,201,60,55,.522,11.0,4.0,4,5,7,False,37,
2023-08-11,2023-08-10,2023,147,201,59,56,.513,12.0,5.0,5,6,8,False,36,
2023-08-11,2023-08-10,2023,142,202,60,57,.513,-,-,1,,9,False,-,43
2023-08-11,2023-08-10,2023,114,202,56,60,.483,3.5,8.5,2,8,11,False,43,
2023-08-11,2023-08-10,2023,116,202,52,63,.452,7.0,12.0,3,9,12,False,40,
2023-08-11,2023-08-10,2023,145,202,47,69,.405,12.5,17.5,4,10,13,False,34,
2023-08-11,2023-08-10,2023,118,202,37,80,.316,23.0,28.0,5,11,14,False,23,
2023-08-11,2023-08-10,2023,140,200,68,47,.591,-,-,1,,2,False,-,45
2023-08-11,2023-08-10,2023,117,200,66,50,.569,2.5,+1.5,2,2,4,False,45,
2023-08-11,2023-08-10,2023,136,200,62,52,.544,5.5,1.5,3,4,6,False,43,
2023-08-11,2023-08-10,2023,108,200,58,58,.500,10.5,6.5,4,7,10,False,37,
2023-08-11,2023-08-10,2023,133,200,33,82,.287,35.0,31.0,5,12,15,False,13,
2023-08-11,2023-08-10,2023,144,204,72,41,.637,-,-,1,,1,False,-,39
2023-08-11,2023-08-10,2023,143,204,64,52,.552,9.5,+4.0,2,1,3,False,39,
2023-08-11,2023-08-10,2023,146,204,60,56,.517,13.5,-,3,3,6,False,35,
2023-08-11,2023-08-10,2023,121,204,52,62,.456,20.5,7.0,4,8,11,False,29,
2023-08-11,2023-08-10,2023,120,204,50,66,.431,23.5,10.0,5,11,14,False,25,
2023-08-11,2023-08-10,2023,158,205,62,54,.534,-,-,1,,5,False,-,45
2023-08-11,2023-08-10,2023,112,205,59,56,.513,2.5,0.5,2,4,7,False,45,
2023-08-11,2023-08-10,2023,113,205,60,57,.513,2.5,0.5,3,5,8,False,44,
2023-08-11,2023-08-10,2023,134,205,52,63,.452,9.5,7.5,4,9,12,False,38,
2023-08-11,2023-08-10,2023,138,205,51,65,.440,11.0,9.0,5,10,13,False,36,
2023-08-11,2023-08-10,2023,119,203,68,46,.596,-,-,1,,2,False,-,42
2023-08-11,2023-08-10,2023,137,203,62,53,.539,6.5,+2.5,2,2,4,False,42,
2023-08-11,2023-08-10,2023,109,203,57,58,.496,11.5,2.5,3,6,9,False,37,
2023-08-11,2023-08-10,2023,135,203,55,60,.478,13.5,4.5,4,7,10,False,35,
2023-08-11,2023-08-10,2023,115,203,45,70,.391,23.5,14.5,5,12,15,False,25,
2023-08-12,2023-08-11,2023,110,201,71,45,.612,-,-,1,,1,False,-,44
2023-08-12,2023-08-11,2023,139,201,70,48,.593,2.0,+5.0,2,1,3,False,44,
2023-08-12,2023-08-11,2023,141,201,65,53,.551,7.0,-,3,3,5,False,39,
2023-08-12,2023-08-11,2023,111,201,61,55,.526,10.0,3.0,4,5,7,False,37,
2023-08-12,2023-08-11,2023,147,201,60,56,.517,11.0,4.0,5,6,8,False,36,
2023-08-12,2023-08-11,2023,142,202,60,58,.508,-,-,1,,9,False,-,42
2023-08-12,2023-08-11,2023,114,202,56,61,.479,3.5,8.5,2,8,11,False,42,
2023-08-12,2023-08-11,2023,116,202,52,64,.448,7.0,12.0,3,9,12,False,39,
2023-08-12,2023-08-11,2023,145,202,47,70,.402,12.5,17.5,4,10,13,False,33,
2023-08-12,2023-08-11,2023,118,202,38,80,.322,22.0,27.0,5,11,14,False,23,
2023-08-12,2023-08-11,2023,140,200,69,47,.595,-,-,1,,2,False,-,44
2023-08-12,2023-08-11,2023,117,200,67,50,.573,2.5,+2.5,2,2,4,False,44,
2023-08-12,2023-08-11,2023,136,200,63,52,.548,5.5,0.5,3,4,6,False,42,
2023-08-12,2023-08-11,2023,108,200,58,59,.496,11.5,6.5,4,7,10,False,35,
2023-08-12,2023-08-11,2023,133,200,33,83,.284,36.0,31.0,5,12,15,False,11,
2023-08-12,2023-08-11,2023,144,204,73,41,.640,-,-,1,,1,False,-,38
2023-08-12,2023-08-11,2023,143,204,65,52,.556,9.5,+4.5,2,1,3,False,38,
2023-08-12,2023-08-11,2023,146,204,60,57,.513,14.5,0.5,3,5,8,False,33,
2023-08-12,2023-08-11,2023,121,204,52,63,.452,21.5,7.5,4,8,11,False,27,
2023-08-12,2023-08-11,2023,120,204,51,66,.436,23.5,9.5,5,11,14,False,24,
2023-08-12,2023-08-11,2023,158,205,63,54,.538,-,-,1,,4,False,-,44
2023-08-12,2023-08-11,2023,112,205,60,56,.517,2.5,-,2,3,6,False,44,
2023-08-12,2023-08-11,2023,113,205,61,57,.517,2.5,-,3,4,7,False,43,
2023-08-12,2023-08-11,2023,134,205,52,64,.448,10.5,8.0,4,9,12,False,36,
2023-08-12,2023-08-11,2023,138,205,51,66,.436,12.0,9.5,5,10,13,False,34,
2023-08-12,2023-08-11,2023,119,203,69,46,.600,-,-,1,,2,False,-,40
2023-08-12,2023-08-11,2023,137,203,62,54,.534,7.5,+2.0,2,2,5,False,40,
2023-08-12,2023-08-11,2023,109,203,57,59,.491,12.5,3.0,3,6,9,False,35,
2023-08-12,2023-08-11,2023,135,203,56,60,.483,13.5,4.0,4,7,10,False,34,
2023-08-12,2023-08-11,2023,115,203,45,71,.388,24.5,15.0,5,12,15,False,23,
2023-08-13,2023-08-12,2023,110,201,72,45,.615,-,-,1,,1,False,-,43
2023-08-13,2023-08-12,2023,139,201,71,48,.597,2.0,+6.0,2,1,3,False,43,
2023-08-13,2023-08-12,2023,141,201,65,54,.546,8.0,-,3,3,5,False,37,
2023-08-13,2023-08-12,2023,111,201,61,56,.521,11.0,3.0,4,5,7,False,35,
2023-08-13,2023-08-12,2023,147,201,60,57,.513,12.0,4.0,5,6,8,False,34,
2023-08-13,2023-08-12,2023,142,202,61,58,.513,-,-,1,,9,False,-,40
2023-08-13,2023-08-12,2023,114,202,56,62,.475,4.5,8.5,2,8,11,False,40,
2023-08-13,2023-08-12,2023,116,202,53,64,.453,7.0,11.0,3,9,12,False,38,
2023-08-13,2023-08-12,2023,145,202,47,71,.398,13.5,17.5,4,10,13,False,31,
2023-08-13,2023-08-12,2023,118,202,38,81,.319,23.0,27.0,5,11,14,False,21,
2023-08-13,2023-08-12,2023,140,200,70,47,.598,-,-,1,,2,False,-,43
2023-08-13,2023-08-12,2023,117,200,68,50,.576,2.5,+3.5,2,2,4,False,43,
2023-08-13,2023-08-12,2023,136,200,63,53,.543,6.5,0.5,3,4,6,False,40,
2023-08-13,2023-08-12,2023,108,200,58,60,.492,12.5,6.5,4,7,10,False,33,
2023-08-13,2023-08-12,2023,133,200,33,84,.282,37.0,31.0,5,12,15,False,9,
2023-08-13,2023-08-12,2023,144,204,75,41,.647,-,-,1,,1,False,-,35
2023-08-13,2023-08-12,2023,143,204,65,53,.551,11.0,+3.5,2,1,3,False,35,
2023-08-13,2023-08-12,2023,146,204,61,57,.517,15.0,0.5,3,4,7,False,31,
2023-08-13,2023-08-12,2023,121,204,52,65,.444,23.5,9.0,4,9,12,False,23,
2023-08-13,2023-08-12,2023,120,204,52,66,.441,24.0,9.5,5,11,14,False,22,
2023-08-13,2023-08-12,2023,158,205,64,54,.542,-,-,1,,4,False,-,43
2023-08-13,2023-08-12,2023,112,205,61,56,.521,2.5,-,2,3,6,False,43,
2023-08-13,2023-08-12,2023,113,205,61,57,.517,3.0,0.5,3,5,8,False,42,
2023-08-13,2023-08-12,2023,134,205,52,64,.448,11.0,8.5,4,8,11,False,35,
2023-08-13,2023-08-12,2023,138,205,52,66,.441,12.0,9.5,5,10,13,False,33,
2023-08-13,2023-08-12,2023,119,203,70,46,.603,-,-,1,,2,False,-,38
2023-08-13,2023-08-12,2023,137,203,62,55,.530,8.5,+1.0,2,2,5,False,38,
2023-08-13,2023-08-12,2023,109,203,58,59,.496,12.5,3.0,3,6,9,False,34,
2023-08-13,2023-08-12,2023,135,203,56,61,.479,14.5,5.0,4,7,10,False,32,
2023-08-13,2023-08-12,2023,115,203,45,72,.385,25.5,16.0,5,12,15,False,21,
2023-08-14,2023-08-13,2023,110,201,73,45,.619,-,-,1,,1,False,-,41
2023-08-14,2023-08-13,2023,139,201,71,49,.592,3.0,+5.0,2,1,3,False,41,
2023-08-14,2023-08-13,2023,141,201,66,54,.550,8.0,-,3,3,5,False,36,
2023-08-14,2023-08-13,2023,111,201,62,56,.525,11.0,3.0,4,5,7,False,34,
2023-08-14,2023-08-13,2023,147,201,60,58,.508,13.0,5.0,5,6,9,False,32,
2023-08-14,2023-08-13,2023,142,202,62,58,.517,-,-,1,,8,False,-,39
2023-08-14,2023-08-13,2023,114,202,57,62,.479,4.5,8.5,2,8,11,False,39,
2023-08-14,2023-08-13,2023,116,202,53,65,.449,8.0,12.0,3,9,12,False,36,
2023-08-14,2023-08-13,2023,145,202,47,72,.395,14.5,18.5,4,10,13,False,29,
2023-08-14,2023-08-13,2023,118,202,38,81,.319,23.5,27.5,5,11,14,False,20,
2023-08-14,2023-08-13,2023,140,200,70,48,.593,-,-,1,,2,False,-,42
2023-08-14,2023-08-13,2023,117,200,68,51,.571,2.5,+2.5,2,2,4,False,42,
2023-08-14,2023-08-13,2023,136,200,63,54,.538,6.5,1.5,3,4,6,False,39,
2023-08-14,2023-08-13,2023,108,200,59,60,.496,11.5,6.5,4,7,10,False,33,
2023-08-14,2023-08-13,2023,133,200,33,85,.280,37.0,32.0,5,12,15,False,8,
2023-08-14,2023-08-13,2023,144,204,75,42,.641,-,-,1,,1,False,-,34
2023-08-14,2023-08-13,2023,143,204,65,54,.546,11.0,+3.0,2,1,4,False,34,
2023-08-14,2023-08-13,2023,146,204,62,57,.521,14.0,-,3,3,6,False,31,
2023-08-14,2023-08-13,2023,121,204,53,65,.449,22.5,8.5,4,9,12,False,23,
2023-08-14,2023-08-13,2023,120,204,53,66,.445,23.0,9.0,5,10,13,False,22,
2023-08-14,2023-08-13,2023,158,205,65,54,.546,-,-,1,,3,False,-,41
2023-08-14,2023-08-13,2023,112,205,61,57,.517,3.5,0.5,2,4,7,False,41,
2023-08-14,2023-08-13,2023,113,205,62,58,.517,3.5,0.5,3,5,8,False,40,
2023-08-14,2023-08-13,2023,134,205,53,65,.449,11.5,8.5,4,8,11,False,33,
2023-08-14,2023-08-13,2023,138,205,52,66,.441,12.5,9.5,5,11,14,False,32,
2023-08-14,2023-08-13,2023,119,203,71,46,.607,-,-,1,,2,False,-,37
2023-08-14,2023-08-13,2023,137,203,63,55,.534,8.5,+1.5,2,2,5,False,37,
2023-08-14,2023-08-13,2023,109,203,59,59,.500,12.5,2.5,3,6,9,False,33,
2023-08-14,2023-08-13,2023,135,203,56,62,.475,15.5,5.5,4,7,10,False,30,
2023-08-14,2023-08-13,2023,115,203,45,73,.381,26.5,16.5,5,12,15,False,19,
2023-08-15,2023-08-14,2023,110,201,74,45,.622,-,-,1,,1,False,-,40
2023-08-15,2023-08-14,2023,139,201,72,49,.595,3.0,+5.5,2,1,3,False,40,
2023-08-15,2023-08-14,2023,141,201,66,54,.550,8.5,-,3,3,5,False,35,
2023-08-15,2023-08-14,2023,111,201,62,56,.525,11.5,3.0,4,5,7,False,33,
2023-08-15,2023-08-14,2023,147,201,60,59,.504,14.0,5.5,5,6,9,False,30,
2023-08-15,2023-08-14,2023,142,202,62,58,.517,-,-,1,,8,False,-,39
2023-08-15,2023-08-14,2023,114,202,57,62,.479,4.5,8.5,2,8,11,False,39,
2023-08-15,2023-08-14,2023,116,202,53,65,.449,8.0,12.0,3,9,12,False,36,
2023-08-15,2023-08-14,2023,145,202,47,72,.395,14.5,18.5,4,10,13,False,29,
2023-08-15,2023-08-14,2023,118,202,39,81,.325,23.0,27.0,5,11,14,False,20,
2023-08-15,2023-08-14,2023,140,200,71,48,.597,-,-,1,,2,False,-,40
2023-08-15,2023-08-14,2023,117,200,68,52,.567,3.5,+2.0,2,2,4,False,40,
2023-08-15,2023-08-14,2023,136,200,63,55,.534,7.5,2.0,3,4,6,False,37,
2023-08-15,2023-08-14,2023,108,200,59,61,.492,12.5,7.0,4,7,10,False,31,
2023-08-15,2023-08-14,2023,133,200,33,86,.277,38.0,32.5,5,12,15,False,6,
2023-08-15,2023-08-14,2023,144,204,76,42,.644,-,-,1,,1,False,-,33
2023-08-15,2023-08-14,2023,143,204,65,54,.546,11.5,+2.5,2,1,4,False,33,
2023-08-15,2023-08-14,2023,146,204,63,57,.525,14.0,-,3,3,6,False,30,
2023-08-15,2023-08-14,2023,121,204,54,65,.454,22.5,8.5,4,8,11,False,22,
2023-08-15,2023-08-14,2023,120,204,53,66,.445,23.5,9.5,5,11,14,False,21,
2023-08-15,2023-08-14,2023,158,205,65,54,.546,-,-,1,,3,False,-,41
2023-08-15,2023-08-14,2023,112,205,61,57,.517,3.5,1.0,2,4,7,False,41,
2023-08-15,2023-08-14,2023,113,205,62,58,.517,3.5,1.0,3,5,8,False,40,
2023-08-15,2023-08-14,2023,134,205,53,66,.445,12.0,9.5,4,9,12,False,32,
2023-08-15,2023-08-14,2023,138,205,53,66,.445,12.0,9.5,5,10,13,False,32,
2023-08-15,2023-08-14,2023,119,203,71,46,.607,-,-,1,,2,False,-,36
2023-08-15,2023-08-14,2023,137,203,63,56,.529,9.0,+0.5,2,2,5,False,36,
2023-08-15,2023-08-14,2023,109,203,59,60,.496,13.0,3.5,3,6,9,False,32,
2023-08-15,2023-08-14,2023,135,203,56,63,.471,16.0,6.5,4,7,10,False,29,
2023-08-15,2023-08-14,2023,115,203,46,73,.387,26.0,16.5,5,12,15,False,19,
2023-08-16,2023-08-15,2023,110,201,74,46,.617,-,-,1,,1,False,-,39
2023-08-16,2023-08-15,2023,139,201,72,50,.590,3.0,+4.5,2,1,3,False,39,
2023-08-16,2023-08-15,2023,141,201,67,54,.554,7.5,-,3,3,5,False,35,
2023-08-16,2023-08-15,2023,111,201,63,56,.529,10.5,3.0,4,5,7,False,33,
2023-08-16,2023-08-15,2023,147,201,60,60,.500,14.0,6.5,5,6,9,False,29,
2023-08-16,2023-08-15,2023,142,202,63,58,.521,-,-,1,,8,False,-,38
2023-08-16,2023-08-15,2023,114,202,58,62,.483,4.5,8.5,2,8,11,False,38,
2023-08-16,2023-08-15,2023,116,202,53,66,.445,9.0,13.0,3,9,12,False,34,
2023-08-16,2023-08-15,2023,145,202,48,72,.400,14.5,18.5,4,10,13,False,28,
2023-08-16,2023-08-15,2023,118,202,39,82,.322,24.0,28.0,5,11,14,False,18,
2023-08-16,2023-08-15,2023,140,200,72,48,.600,-,-,1,,2,False,-,39
2023-08-16,2023-08-15,2023,117,200,69,52,.570,3.5,+2.0,2,2,4,False,39,
2023-08-16,2023-08-15,2023,136,200,64,55,.538,7.5,2.0,3,4,6,False,36,
2023-08-16,2023-08-15,2023,108,200,59,62,.488,13.5,8.0,4,7,10,False,29,
2023-08-16,2023-08-15,2023,133,200,33,87,.275,39.0,33.5,5,12,15,False,4,
2023-08-16,2023-08-15,2023,144,204,77,42,.647,-,-,1,,1,False,-,31
2023-08-16,2023-08-15,2023,143,204,65,55,.542,12.5,+2.5,2,1,4,False,31,
2023-08-16,2023-08-15,2023,146,204,63,58,.521,15.0,-,3,3,6,False,28,
2023-08-16,2023-08-15,2023,121,204,54,66,.450,23.5,8.5,4,10,13,False,20,
2023-08-16,2023-08-15,2023,120,204,53,67,.442,24.5,9.5,5,11,14,False,19,
2023-08-16,2023-08-15,2023,158,205,65,55,.542,-,-,1,,3,False,-,40
2023-08-16,2023-08-15,2023,112,205,61,58,.513,3.5,1.0,2,4,7,False,40,
2023-08-16,2023-08-15,2023,113,205,62,59,.512,3.5,1.0,3,5,8,False,39,
2023-08-16,2023-08-15,2023,134,205,54,66,.450,11.0,8.5,4,8,11,False,32,
2023-08-16,2023-08-15,2023,138,205,54,66,.450,11.0,8.5,5,9,12,False,32,
2023-08-16,2023-08-15,2023,119,203,72,46,.610,-,-,1,,2,False,-,35
2023-08-16,2023-08-15,2023,137,203,64,56,.533,9.0,+1.5,2,2,5,False,35,
2023-08-16,2023-08-15,2023,109,203,60,60,.500,13.0,2.5,3,6,9,False,31,
2023-08-16,2023-08-15,2023,135,203,57,63,.475,16.0,5.5,4,7,10,False,28,
2023-08-16,2023-08-15,2023,115,203,46,74,.383,27.0,16.5,5,12,15,False,17,
2023-08-17,2023-08-16,2023,110,201,74,47,.612,-,-,1,,1,False,-,39
2023-08-17,2023-08-16,2023,139,201,73,50,.593,2.0,+5.5,2,1,3,False,39,
2023-08-17,2023-08-16,2023,141,201,67,55,.549,7.5,-,3,3,5,False,34,
2023-08-17,2023-08-16,2023,111,201,63,57,.525,10.5,3.0,4,5,7,False,32,
2023-08-17,2023-08-16,2023,147,201,60,61,.496,14.0,6.5,5,6,9,False,28,
2023-08-17,2023-08-16,2023,142,202,63,59,.516,-,-,1,,8,False,-,37
2023-08-17,2023-08-16,2023,114,202,58,63,.479,4.5,8.5,2,8,11,False,37,
2023-08-17,2023-08-16,2023,116,202,54,66,.450,8.0,12.0,3,9,12,False,34,
2023-08-17,2023-08-16,2023,145,202,48,73,.397,14.5,18.5,4,10,13,False,27,
2023-08-17,2023-08-16,2023,118,202,39,83,.320,24.0,28.0,5,11,14,False,17,
2023-08-17,2023-08-16,2023,140,200,72,49,.595,-,-,1,,2,False,-,39
2023-08-17,2023-08-16,2023,117,200,70,52,.574,2.5,+3.0,2,2,4,False,39,
2023-08-17,2023-08-16,2023,136,200,65,55,.542,6.5,1.0,3,4,6,False,36,
2023-08-17,2023-08-16,2023,108,200,60,62,.492,12.5,7.0,4,7,10,False,29,
2023-08-17,2023-08-16,2023,133,200,34,87,.281,38.0,32.5,5,12,15,False,4,
2023-08-17,2023-08-16,2023,144,204,78,42,.650,-,-,1,,1,False,-,30
2023-08-17,2023-08-16,2023,143,204,66,55,.545,12.5,+3.5,2,1,3,False,30,
2023-08-17,2023-08-16,2023,146,204,63,59,.516,16.0,-,3,4,7,False,26,
2023-08-17,2023-08-16,2023,121,204,55,66,.455,23.5,7.5,4,8,11,False,19,
2023-08-17,2023-08-16,2023,120,204,54,67,.446,24.5,8.5,5,11,14,False,18,
2023-08-17,2023-08-16,2023,158,205,65,56,.537,-,-,1,,4,False,-,40
2023-08-17,2023-08-16,2023,112,205,62,58,.517,2.5,-,2,3,6,False,40,
2023-08-17,2023-08-16,2023,113,205,63,59,.516,2.5,-,3,5,8,False,39,
2023-08-17,2023-08-16,2023,134,205,54,67,.446,11.0,8.5,4,9,12,False,31,
2023-08-17,2023-08-16,2023,138,205,54,67,.446,11.0,8.5,5,10,13,False,31,
2023-08-17,2023-08-16,2023,119,203,73,46,.613,-,-,1,,2,False,-,33
2023-08-17,2023-08-16,2023,137,203,64,57,.529,10.0,+1.5,2,2,5,False,33,
2023-08-17,2023-08-16,2023,109,203,61,60,.504,13.0,1.5,3,6,9,False,30,
2023-08-17,2023-08-16,2023,135,203,58,63,.479,16.0,4.5,4,7,10,False,27,
2023-08-17,2023-08-16,2023,115,203,46,75,.380,28.0,16.5,5,12,15,False,15,
2023-08-18,2023-08-17,2023,110,201,74,47,.612,-,-,1,,1,False,-,39
2023-08-18,2023-08-17,2023,139,201,73,50,.593,2.0,+5.5,2,1,3,False,39,
2023-08-18,2023-08-17,2023,141,201,67,55,.549,7.5,-,3,3,5,False,34,
2023-08-18,2023-08-17,2023,111,201,63,58,.521,11.0,3.5,4,5,7,False,31,
2023-08-18,2023-08-17,2023,147,201,60,61,.496,14.0,6.5,5,6,9,False,28,
2023-08-18,2023-08-17,2023,142,202,63,59,.516,-,-,1,,8,False,-,37
2023-08-18,2023-08-17,2023,114,202,58,63,.479,4.5,8.5,2,8,11,False,37,
2023-08-18,2023-08-17,2023,116,202,54,66,.450,8.0,12.0,3,9,12,False,34,
2023-08-18,2023-08-17,2023,145,202,48,73,.397,14.5,18.5,4,10,13,False,27,
2023-08-18,2023-08-17,2023,118,202,39,84,.317,24.5,28.5,5,11,14,False,16,
2023-08-18,2023-08-17,2023,140,200,72,49,.595,-,-,1,,2,False,-,39
2023-08-18,2023-08-17,2023,117,200,70,52,.574,2.5,+3.0,2,2,4,False,39,
2023-08-18,2023-08-17,2023,136,200,66,55,.545,6.0,0.5,3,4,6,False,36,
2023-08-18,2023-08-17,2023,108,200,60,62,.492,12.5,7.0,4,7,10,False,29,
2023-08-18,2023-08-17,2023,133,200,34,87,.281,38.0,32.5,5,12,15,False,4,
2023-08-18,2023-08-17,2023,144,204,78,42,.650,-,-,1,,1,False,-,30
2023-08-18,2023-08-17,2023,143,204,66,55,.545,12.5,+3.5,2,1,3,False,30,
2023-08-18,2023-08-17,2023,146,204,63,59,.516,16.0,-,3,4,7,False,26,
2023-08-18,2023-08-17,2023,121,204,56,66,.459,23.0,7.0,4,8,11,False,19,
2023-08-18,2023-08-17,2023,120,204,55,67,.451,24.0,8.0,5,9,12,False,18,
2023-08-18,2023-08-17,2023,158,205,65,57,.533,-,-,1,,4,False,-,40
2023-08-18,2023-08-17,2023,112,205,62,58,.517,2.0,-,2,3,6,False,40,
2023-08-18,2023-08-17,2023,113,205,63,59,.516,2.0,-,3,5,8,False,39,
2023-08-18,2023-08-17,2023,134,205,54,67,.446,10.5,8.5,4,10,13,False,31,
2023-08-18,2023-08-17,2023,138,205,54,68,.443,11.0,9.0,5,11,14,False,30,
2023-08-18,2023-08-17,2023,119,203,74,46,.617,-,-,1,,2,False,-,32
2023-08-18,2023-08-17,2023,137,203,64,57,.529,10.5,+1.5,2,2,5,False,32,
2023-08-18,2023-08-17,2023,109,203,62,60,.508,13.0,1.0,3,6,9,False,29,
2023-08-18,2023-08-17,2023,135,203,58,64,.475,17.0,5.0,4,7,10,False,25,
2023-08-18,2023-08-17,2023,115,203,46,75,.380,28.5,16.5,5,12,15,False,14,
2023-08-19,2023-08-18,2023,110,201,75,47,.615,-,-,1,,1,False,-,38
2023-08-19,2023-08-18,2023,139,201,74,50,.597,2.0,+6.0,2,1,2,False,38,
2023-08-19,2023-08-18,2023,141,201,67,56,.545,8.5,0.5,3,4,6,False,32,
2023-08-19,2023-08-18,2023,111,201,64,58,.525,11.0,3.0,4,5,7,False,30,
2023-08-19,2023-08-18,2023,147,201,60,62,.492,15.0,7.0,5,6,9,False,26,
2023-08-19,2023-08-18,2023,142,202,64,59,.520,-,-,1,,8,False,-,35
2023-08-19,2023-08-18,2023,114,202,59,64,.480,5.0,8.5,2,8,11,False,35,
2023-08-19,2023-08-18,2023,116,202,55,67,.451,8.5,12.0,3,9,12,False,32,
2023-08-19,2023-08-18,2023,145,202,48,74,.393,15.5,19.0,4,10,13,False,25,
2023-08-19,2023-08-18,2023,118,202,40,84,.323,24.5,28.0,5,11,14,False,15,
2023-08-19,2023-08-18,2023,140,200,72,50,.590,-,-,1,,3,False,-,38
2023-08-19,2023-08-18,2023,117,200,70,53,.569,2.5,+2.5,2,2,4,False,38,
2023-08-19,2023-08-18,2023,136,200,67,55,.549,5.0,-,3,3,5,False,36,
2023-08-19,2023-08-18,2023,108,200,60,63,.488,12.5,7.5,4,7,10,False,28,
2023-08-19,2023-08-18,2023,133,200,34,88,.279,38.0,33.0,5,12,15,False,3,
2023-08-19,2023-08-18,2023,144,204,79,42,.653,-,-,1,,1,False,-,28
2023-08-19,2023-08-18,2023,143,204,66,56,.541,13.5,+2.5,2,1,3,False,28,
2023-08-19,2023-08-18,2023,146,204,64,59,.520,16.0,-,3,3,6,False,25,
2023-08-19,2023-08-18,2023,121,204,57,66,.463,23.0,7.0,4,8,11,False,18,
2023-08-19,2023-08-18,2023,120,204,56,67,.455,24.0,8.0,5,9,12,False,17,
2023-08-19,2023-08-18,2023,158,205,66,57,.537,-,-,1,,4,False,-,38
2023-08-19,2023-08-18,2023,113,205,64,59,.520,2.0,-,2,4,7,False,38,
2023-08-19,2023-08-18,2023,112,205,62,59,.512,3.0,1.0,3,5,8,False,38,
2023-08-19,2023-08-18,2023,134,205,54,68,.443,11.5,9.5,4,10,13,False,29,
2023-08-19,2023-08-18,2023,138,205,54,69,.439,12.0,10.0,5,11,14,False,28,
2023-08-19,2023-08-18,2023,119,203,74,47,.612,-,-,1,,2,False,-,31
2023-08-19,2023-08-18,2023,137,203,64,58,.525,10.5,+0.5,2,2,5,False,31,
2023-08-19,2023-08-18,2023,109,203,62,61,.504,13.0,2.0,3,6,9,False,28,
2023-08-19,2023-08-18,2023,135,203,59,64,.480,16.0,5.0,4,7,10,False,25,
2023-08-19,2023-08-18,2023,115,203,47,75,.385,27.5,16.5,5,12,15,False,14,
2023-08-20,2023-08-19,2023,110,201,76,47,.618,-,-,1,,1,False,-,36
2023-08-20,2023-08-19,2023,139,201,75,51,.595,2.5,+5.5,2,1,2,False,36,
2023-08-20,2023-08-19,2023,141,201,68,56,.548,8.5,0.5,3,4,6,False,31,
2023-08-20,2023-08-19,2023,111,201,65,58,.528,11.0,3.0,4,5,7,False,29,
2023-08-20,2023-08-19,2023,147,201,60,63,.488,16.0,8.0,5,7,10,False,24,
2023-08-20,2023-08-19,2023,142,202,64,60,.516,-,-,1,,8,False,-,34
2023-08-20,2023-08-19,2023,114,202,59,65,.476,5.0,9.5,2,8,11,False,34,
2023-08-20,2023-08-19,2023,116,202,56,67,.455,7.5,12.0,3,9,12,False,32,
2023-08-20,2023-08-19,2023,145,202,48,75,.390,15.5,20.0,4,10,13,False,24,
2023-08-20,2023-08-19,2023,118,202,40,85,.320,24.5,29.0,5,11,14,False,14,
2023-08-20,2023-08-19,2023,140,200,72,51,.585,-,-,1,,3,False,-,37
2023-08-20,2023-08-19,2023,117,200,70,54,.565,2.5,+1.5,2,2,4,False,37,
2023-08-20,2023-08-19,2023,136,200,68,55,.553,4.0,-,3,3,5,False,36,
2023-08-20,2023-08-19,2023,108,200,61,64,.488,12.0,8.0,4,6,9,False,27,
2023-08-20,2023-08-19,2023,133,200,34,89,.276,38.0,34.0,5,12,15,False,2,
2023-08-20,2023-08-19,2023,144,204,80,42,.656,-,-,1,,1,False,-,27
2023-08-20,2023-08-19,2023,143,204,67,56,.545,13.5,+3.5,2,1,3,False,27,
2023-08-20,2023-08-19,2023,146,204,64,61,.512,17.5,0.5,3,5,8,False,22,
2023-08-20,2023-08-19,2023,121,204,58,66,.468,23.0,6.0,4,8,11,False,17,
2023-08-20,2023-08-19,2023,120,204,56,68,.452,25.0,8.0,5,9,12,False,15,
2023-08-20,2023-08-19,2023,158,205,67,57,.540,-,-,1,,4,False,-,37
2023-08-20,2023-08-19,2023,112,205,63,59,.516,3.0,-,2,3,6,False,37,
2023-08-20,2023-08-19,2023,113,205,64,60,.516,3.0,-,3,4,7,False,36,
2023-08-20,2023-08-19,2023,134,205,55,68,.447,11.5,8.5,4,10,13,False,28,
2023-08-20,2023-08-19,2023,138,205,54,70,.435,13.0,10.0,5,11,14,False,26,
2023-08-20,2023-08-19,2023,119,203,76,47,.618,-,-,1,,2,False,-,28
2023-08-20,2023-08-19,2023,137,203,64,59,.520,12.0,+0.5,2,2,5,False,28,
2023-08-20,2023-08-19,2023,109,203,64,61,.512,13.0,0.5,3,6,9,False,26,
2023-08-20,2023-08-19,2023,135,203,59,66,.472,18.0,5.5,4,7,10,False,21,
2023-08-20,2023-08-19,2023,115,203,48,75,.390,28.0,15.5,5,12,15,False,12,
2023-08-21,2023-08-20,2023,110,201,77,47,.621,-,-,1,,1,False,-,35
2023-08-21,2023-08-20,2023,139,201,75,51,.595,3.0,+5.0,2,1,2,False,35,
2023-08-21,2023-08-20,2023,141,201,69,56,.552,8.5,0.5,3,4,6,False,30,
2023-08-21,2023-08-20,2023,111,201,66,58,.532,11.0,3.0,4,5,7,False,28,
2023-08-21,2023-08-20,2023,147,201,60,64,.484,17.0,9.0,5,7,10,False,22,
2023-08-21,2023-08-20,2023,142,202,65,60,.520,-,-,1,,8,False,-,32
2023-08-21,2023-08-20,2023,114,202,59,66,.472,6.0,10.5,2,8,11,False,32,
2023-08-21,2023-08-20,2023,116,202,57,67,.460,7.5,12.0,3,9,12,False,31,
2023-08-21,2023-08-20,2023,145,202,49,75,.395,15.5,20.0,4,10,13,False,23,
2023-08-21,2023-08-20,2023,118,202,40,86,.317,25.5,30.0,5,11,14,False,12,
2023-08-21,2023-08-20,2023,140,200,72,52,.581,-,-,1,,3,False,-,36
2023-08-21,2023-08-20,2023,117,200,70,55,.560,2.5,+0.5,2,2,4,False,36,
2023-08-21,2023-08-20,2023,136,200,69,55,.556,3.0,-,3,3,5,False,36,
2023-08-21,2023-08-20,2023,108,200,61,64,.488,11.5,8.5,4,6,9,False,27,
2023-08-21,2023-08-20,2023,133,200,34,90,.274,38.0,35.0,5,12,15,False,1,
2023-08-21,2023-08-20,2023,144,204,80,43,.650,-,-,1,,1,False,-,26
2023-08-21,2023-08-20,2023,143,204,67,57,.540,13.5,+2.5,2,1,4,False,26,
2023-08-21,2023-08-20,2023,146,204,64,61,.512,17.0,1.0,3,5,8,False,22,
2023-08-21,2023-08-20,2023,121,204,58,67,.464,23.0,7.0,4,8,11,False,16,
2023-08-21,2023-08-20,2023,120,204,57,68,.456,24.0,8.0,5,9,12,False,15,
2023-08-21,2023-08-20,2023,158,205,68,57,.544,-,-,1,,3,False,-,36
2023-08-21,2023-08-20,2023,112,205,64,59,.520,3.0,-,2,3,6,False,36,
2023-08-21,2023-08-20,2023,113,205,64,61,.512,4.0,1.0,3,4,7,False,34,
2023-08-21,2023-08-20,2023,134,205,55,69,.444,12.5,9.5,4,10,13,False,26,
2023-08-21,2023-08-20,2023,138,205,55,70,.440,13.0,10.0,5,11,14,False,25,
2023-08-21,2023-08-20,2023,119,203,76,47,.618,-,-,1,,2,False,-,28
2023-08-21,2023-08-20,2023,137,203,65,59,.524,11.5,+0.5,2,2,5,False,28,
2023-08-21,2023-08-20,2023,109,203,64,61,.512,13.0,1.0,3,6,9,False,26,
2023-08-21,2023-08-20,2023,135,203,59,66,.472,18.0,6.0,4,7,10,False,21,
2023-08-21,2023-08-20,2023,115,203,48,76,.387,28.5,16.5,5,12,15,False,11,
2023-08-22,2023-08-21,2023,110,201,77,47,.621,-,-,1,,1,False,-,35
2023-08-22,2023-08-21,2023,139,201,75,51,.595,3.0,+4.5,2,1,2,False,35,
2023-08-22,2023-08-21,2023,141,201,69,56,.552,8.5,1.0,3,4,6,False,30,
2023-08-22,2023-08-21,2023,111,201,66,59,.528,11.5,4.0,4,5,7,False,27,
2023-08-22,2023-08-21,2023,147,201,60,64,.484,17.0,9.5,5,7,10,False,22,
2023-08-22,2023-08-21,2023,142,202,65,60,.520,-,-,1,,8,False,-,32
2023-08-22,2023-08-21,2023,114,202,59,66,.472,6.0,11.0,2,8,11,False,32,
2023-08-22,2023-08-21,2023,116,202,57,68,.456,8.0,13.0,3,9,12,False,30,
2023-08-22,2023-08-21,2023,145,202,49,76,.392,16.0,21.0,4,10,13,False,22,
2023-08-22,2023-08-21,2023,118,202,40,87,.315,26.0,31.0,5,11,14,False,11,
2023-08-22,2023-08-21,2023,140,200,72,53,.576,-,-,1,,3,False,-,36
2023-08-22,2023-08-21,2023,117,200,71,55,.563,1.5,+0.5,2,2,4,False,36,
2023-08-22,2023-08-21,2023,136,200,70,55,.560,2.0,-,3,3,5,False,36,
2023-08-22,2023-08-21,2023,108,200,61,64,.488,11.0,9.0,4,6,9,False,27,
2023-08-22,2023-08-21,2023,133,200,35,90,.280,37.0,35.0,5,12,15,False,1,
2023-08-22,2023-08-21,2023,144,204,80,44,.645,-,-,1,,1,False,-,26
2023-08-22,2023-08-21,2023,143,204,68,57,.544,12.5,+3.0,2,1,4,False,26,
2023-08-22,2023-08-21,2023,146,204,64,62,.508,17.0,1.5,3,6,9,False,21,
2023-08-22,2023-08-21,2023,121,204,59,67,.468,22.0,6.5,4,8,11,False,16,
2023-08-22,2023-08-21,2023,120,204,57,68,.456,23.5,8.0,5,9,12,False,15,
2023-08-22,2023-08-21,2023,158,205,68,57,.544,-,-,1,,3,False,-,36
2023-08-22,2023-08-21,2023,112,205,65,59,.524,2.5,+0.5,2,2,5,False,36,
2023-08-22,2023-08-21,2023,113,205,64,61,.512,4.0,1.0,3,5,8,False,34,
2023-08-22,2023-08-21,2023,134,205,56,69,.448,12.0,9.0,4,10,13,False,26,
2023-08-22,2023-08-21,2023,138,205,55,71,.437,13.5,10.5,5,11,14,False,24,
2023-08-22,2023-08-21,2023,119,203,76,47,.618,-,-,1,,2,False,-,27
2023-08-22,2023-08-21,2023,137,203,65,60,.520,12.0,-,2,3,6,False,27,
2023-08-22,2023-08-21,2023,109,203,65,61,.516,12.5,0.5,3,4,7,False,26,
2023-08-22,2023-08-21,2023,135,203,60,66,.476,17.5,5.5,4,7,10,False,21,
2023-08-22,2023-08-21,2023,115,203,48,76,.387,28.5,16.5,5,12,15,False,11,
2023-08-23,2023-08-22,2023,110,201,77,48,.616,-,-,1,,1,False,-,35
2023-08-23,2023-08-22,2023,139,201,76,51,.598,2.0,+4.5,2,1,2,False,35,
2023-08-23,2023-08-22,2023,141,201,70,56,.556,7.5,1.0,3,4,6,False,30,
2023-08-23,2023-08-22,2023,111,201,66,60,.524,11.5,5.0,4,5,7,False,26,
2023-08-23,2023-08-22,2023,147,201,60,65,.480,17.0,10.5,5,7,10,False,21,
2023-08-23,2023-08-22,2023,142,202,65,61,.516,-,-,1,,8,False,-,32
2023-08-23,2023-08-22,2023,114,202,60,66,.476,5.0,11.0,2,8,11,False,32,
2023-08-23,2023-08-22,2023,116,202,58,68,.460,7.0,13.0,3,9,12,False,30,
2023-08-23,2023-08-22,2023,145,202,49,77,.389,16.0,22.0,4,10,13,False,21,
2023-08-23,2023-08-22,2023,118,202,40,88,.313,26.0,32.0,5,11,14,False,10,
2023-08-23,2023-08-22,2023,140,200,72,54,.571,-,-,1,,3,False,-,36
2023-08-23,2023-08-22,2023,117,200,72,55,.567,0.5,+0.5,2,2,4,False,36,
2023-08-23,2023-08-22,2023,136,200,71,55,.563,1.0,-,3,3,5,False,36,
2023-08-23,2023-08-22,2023,108,200,61,65,.484,11.0,10.0,4,6,9,False,26,
2023-08-23,2023-08-22,2023,133,200,36,90,.286,36.0,35.0,5,12,15,False,1,
2023-08-23,2023-08-22,2023,144,204,81,44,.648,-,-,1,,1,False,-,25
2023-08-23,2023-08-22,2023,143,204,69,57,.548,12.5,+3.5,2,1,4,False,25,
2023-08-23,2023-08-22,2023,146,204,65,62,.512,17.0,1.0,3,6,9,False,20,
2023-08-23,2023-08-22,2023,121,204,59,68,.465,23.0,7.0,4,8,11,False,14,
2023-08-23,2023-08-22,2023,120,204,58,68,.460,23.5,7.5,5,9,12,False,14,
2023-08-23,2023-08-22,2023,158,205,69,57,.548,-,-,1,,3,False,-,34
2023-08-23,2023-08-22,2023,112,205,65,60,.520,3.5,-,2,2,5,False,34,
2023-08-23,2023-08-22,2023,113,205,65,61,.516,4.0,0.5,3,5,8,False,33,
2023-08-23,2023-08-22,2023,134,205,57,69,.452,12.0,8.5,4,10,13,False,25,
2023-08-23,2023-08-22,2023,138,205,55,72,.433,14.5,11.0,5,11,14,False,22,
2023-08-23,2023-08-22,2023,119,203,76,48,.613,-,-,1,,2,False,-,26
2023-08-23,2023-08-22,2023,109,203,66,61,.520,11.5,-,2,3,6,False,26,
2023-08-23,2023-08-22,2023,137,203,65,61,.516,12.0,0.5,3,4,7,False,26,
2023-08-23,2023-08-22,2023,135,203,60,67,.472,17.5,6.0,4,7,10,False,20,
2023-08-23,2023-08-22,2023,115,203,48,77,.384,28.5,17.0,5,12,15,False,10,
2023-08-24,2023-08-23,2023,110,201,78,48,.619,-,-,1,,1,False,-,34
2023-08-24,2023-08-23,2023,139,201,77,51,.602,2.0,+5.5,2,1,2,False,34,
2023-08-24,2023-08-23,2023,141,201,70,57,.551,8.5,1.0,3,4,6,False,28,
2023-08-24,2023-08-23,2023,111,201,67,60,.528,11.5,4.0,4,5,7,False,25,
2023-08-24,2023-08-23,2023,147,201,61,65,.484,17.0,9.5,5,6,9,False,20,
2023-08-24,2023-08-23,2023,142,202,65,62,.512,-,-,1,,8,False,-,31
2023-08-24,2023-08-23,2023,114,202,60,67,.472,5.0,11.0,2,8,11,False,31,
2023-08-24,2023-08-23,2023,116,202,58,69,.457,7.0,13.0,3,9,12,False,29,
2023-08-24,2023-08-23,2023,145,202,50,77,.394,15.0,21.0,4,10,13,False,21,
2023-08-24,2023-08-23,2023,118,202,41,88,.318,25.0,31.0,5,11,14,False,10,
2023-08-24,2023-08-23,2023,140,200,72,54,.571,-,-,1,,3,False,-,35
2023-08-24,2023-08-23,2023,117,200,72,56,.563,1.0,+0.5,2,2,4,False,35,
2023-08-24,2023-08-23,2023,136,200,71,56,.559,1.5,-,3,3,5,False,35,
2023-08-24,2023-08-23,2023,108,200,61,67,.477,12.0,10.5,4,7,10,False,24,
2023-08-24,2023-08-23,2023,133,200,36,91,.283,36.5,35.0,5,12,15,False,E,
2023-08-24,2023-08-23,2023,144,204,82,44,.651,-,-,1,,1,False,-,23
2023-08-24,2023-08-23,2023,143,204,69,58,.543,13.5,+2.5,2,1,4,False,23,
2023-08-24,2023-08-23,2023,146,204,65,63,.508,18.0,2.0,3,6,9,False,18,
2023-08-24,2023-08-23,2023,121,204,59,69,.461,24.0,8.0,4,8,11,False,12,
2023-08-24,2023-08-23,2023,120,204,58,69,.457,24.5,8.5,5,9,12,False,12,
2023-08-24,2023-08-23,2023,158,205,70,57,.551,-,-,1,,3,False,-,33
2023-08-24,2023-08-23,2023,112,205,66,60,.524,3.5,-,2,2,5,False,33,
2023-08-24,2023-08-23,2023,113,205,67,61,.523,3.5,-,3,3,6,False,32,
2023-08-24,2023-08-23,2023,134,205,57,70,.449,13.0,9.5,4,10,13,False,23,
2023-08-24,2023-08-23,2023,138,205,56,72,.438,14.5,11.0,5,11,14,False,21,
2023-08-24,2023-08-23,2023,119,203,77,48,.616,-,-,1,,2,False,-,25
2023-08-24,2023-08-23,2023,137,203,66,61,.520,12.0,0.5,2,4,7,False,25,
2023-08-24,2023-08-23,2023,109,203,66,61,.520,12.0,0.5,3,5,8,False,25,
2023-08-24,2023-08-23,2023,135,203,61,67,.477,17.5,6.0,4,7,10,False,19,
2023-08-24,2023-08-23,2023,115,203,48,78,.381,29.5,18.0,5,12,15,False,8,
2023-08-25,2023-08-24,2023,110,201,79,48,.622,-,-,1,,1,False,-,33
2023-08-25,2023-08-24,2023,139,201,78,51,.605,2.0,+6.0,2,1,2,False,33,
2023-08-25,2023-08-24,2023,141,201,70,58,.547,9.5,1.5,3,4,6,False,26,
2023-08-25,2023-08-24,2023,111,201,68,60,.531,11.5,3.5,4,5,7,False,24,
2023-08-25,2023-08-24,2023,147,201,61,66,.480,18.0,10.0,5,6,9,False,18,
2023-08-25,2023-08-24,2023,142,202,66,62,.516,-,-,1,,8,False,-,29
2023-08-25,2023-08-24,2023,114,202,60,68,.469,6.0,11.5,2,8,11,False,29,
2023-08-25,2023-08-24,2023,116,202,58,69,.457,7.5,13.0,3,9,12,False,28,
2023-08-25,2023-08-24,2023,145,202,50,78,.391,16.0,21.5,4,10,13,False,19,
2023-08-25,2023-08-24,2023,118,202,41,88,.318,25.5,31.0,5,11,14,False,9,
2023-08-25,2023-08-24,2023,140,200,72,55,.567,-,-,1,,3,False,-,35
2023-08-25,2023-08-24,2023,136,200,71,56,.559,1.0,-,2,2,4,False,35,
2023-08-25,2023-08-24,2023,117,200,72,57,.558,1.0,-,3,3,5,False,34,
2023-08-25,2023-08-24,2023,108,200,61,67,.477,11.5,10.5,4,7,10,False,24,
2023-08-25,2023-08-24,2023,133,200,37,91,.289,35.5,34.5,5,12,15,False,E,
2023-08-25,2023-08-24,2023,144,204,82,44,.651,-,-,1,,1,False,-,23
2023-08-25,2023-08-24,2023,143,204,69,58,.543,13.5,+2.5,2,1,4,False,23,
2023-08-25,2023-08-24,2023,146,204,65,63,.508,18.0,2.0,3,6,9,False,18,
2023-08-25,2023-08-24,2023,121,204,59,69,.461,24.0,8.0,4,8,11,False,12,
2023-08-25,2023-08-24,2023,120,204,59,69,.461,24.0,8.0,5,9,12,False,12,
2023-08-25,2023-08-24,2023,158,205,70,57,.551,-,-,1,,3,False,-,33
2023-08-25,2023-08-24,2023,112,205,67,60,.528,3.0,+0.5,2,2,5,False,33,
2023-08-25,2023-08-24,2023,113,205,67,62,.519,4.0,0.5,3,5,8,False,31,
2023-08-25,2023-08-24,2023,134,205,57,71,.445,13.5,10.0,4,10,13,False,22,
2023-08-25,2023-08-24,2023,138,205,56,72,.438,14.5,11.0,5,11,14,False,21,
2023-08-25,2023-08-24,2023,119,203,78,48,.619,-,-,1,,2,False,-,24
2023-08-25,2023-08-24,2023,109,203,67,61,.523,12.0,-,2,3,6,False,24,
2023-08-25,2023-08-24,2023,137,203,66,61,.520,12.5,0.5,3,4,7,False,24,
2023-08-25,2023-08-24,2023,135,203,61,67,.477,18.0,6.0,4,7,10,False,18,
2023-08-25,2023-08-24,2023,115,203,48,79,.378,30.5,18.5,5,12,15,False,6,
2023-08-26,2023-08-25,2023,110,201,80,48,.625,-,-,1,,1,False,-,31
2023-08-26,2023-08-25,2023,139,201,78,52,.600,3.0,+6.0,2,1,2,False,31,
2023-08-26,2023-08-25,2023,141,201,70,59,.543,10.5,1.5,3,4,6,False,24,
2023-08-26,2023-08-25,2023,111,201,68,61,.527,12.5,3.5,4,5,7,False,22,
2023-08-26,2023-08-25,2023,147,201,62,66,.484,18.0,9.0,5,6,9,False,17,
2023-08-26,2023-08-25,2023,142,202,67,62,.519,-,-,1,,8,False,-,28
2023-08-26,2023-08-25,2023,114,202,61,68,.473,6.0,10.5,2,8,11,False,28,
2023-08-26,2023-08-25,2023,116,202,59,69,.461,7.5,12.0,3,9,12,False,27,
2023-08-26,2023-08-25,2023,145,202,50,79,.388,17.0,21.5,4,10,13,False,17,
2023-08-26,2023-08-25,2023,118,202,41,89,.315,26.5,31.0,5,11,14,False,7,
2023-08-26,2023-08-25,2023,140,200,72,56,.563,-,-,1,,3,False,-,33
2023-08-26,2023-08-25,2023,136,200,72,56,.563,-,+1.0,2,2,4,False,-,
2023-08-26,2023-08-25,2023,117,200,72,58,.554,1.0,-,3,3,5,False,33,
2023-08-26,2023-08-25,2023,108,200,62,67,.481,10.5,9.5,4,7,10,False,24,
2023-08-26,2023-08-25,2023,133,200,38,91,.295,34.5,33.5,5,12,15,False,E,
2023-08-26,2023-08-25,2023,144,204,83,44,.654,-,-,1,,1,False,-,22
2023-08-26,2023-08-25,2023,143,204,70,58,.547,13.5,+3.0,2,1,4,False,22,
2023-08-26,2023-08-25,2023,146,204,65,64,.504,19.0,2.5,3,6,9,False,16,
2023-08-26,2023-08-25,2023,120,204,60,69,.465,24.0,7.5,4,8,11,False,11,
2023-08-26,2023-08-25,2023,121,204,59,70,.457,25.0,8.5,5,9,12,False,10,
2023-08-26,2023-08-25,2023,158,205,71,57,.555,-,-,1,,3,False,-,31
2023-08-26,2023-08-25,2023,112,205,67,61,.523,4.0,-,2,3,6,False,31,
2023-08-26,2023-08-25,2023,113,205,67,63,.515,5.0,1.0,3,5,8,False,29,
2023-08-26,2023-08-25,2023,134,205,58,71,.450,13.5,9.5,4,10,13,False,21,
2023-08-26,2023-08-25,2023,138,205,56,73,.434,15.5,11.5,5,11,14,False,19,
2023-08-26,2023-08-25,2023,119,203,79,48,.622,-,-,1,,2,False,-,23
2023-08-26,2023-08-25,2023,109,203,68,61,.527,12.0,+0.5,2,2,5,False,23,
2023-08-26,2023-08-25,2023,137,203,66,62,.516,13.5,1.0,3,4,7,False,22,
2023-08-26,2023-08-25,2023,135,203,61,68,.473,19.0,6.5,4,7,10,False,16,
2023-08-26,2023-08-25,2023,115,203,48,80,.375,31.5,19.0,5,12,15,False,4,
2023-08-27,2023-08-26,2023,110,201,81,48,.628,-,-,1,,1,False,-,30
2023-08-27,2023-08-26,2023,139,201,79,52,.603,3.0,+6.0,2,1,2,False,30,
2023-08-27,2023-08-26,2023,141,201,71,59,.546,10.5,1.5,3,4,6,False,23,
2023-08-27,2023-08-26,2023,111,201,69,61,.531,12.5,3.5,4,5,7,False,21,
2023-08-27,2023-08-26,2023,147,201,62,67,.481,19.0,10.0,5,7,10,False,15,
2023-08-27,2023-08-26,2023,142,202,67,63,.515,-,-,1,,8,False,-,27
2023-08-27,2023-08-26,2023,114,202,61,69,.469,6.0,11.5,2,8,11,False,27,
2023-08-27,2023-08-26,2023,116,202,59,70,.457,7.5,13.0,3,9,12,False,26,
2023-08-27,2023-08-26,2023,145,202,51,79,.392,16.0,21.5,4,10,13,False,17,
2023-08-27,2023-08-26,2023,118,202,41,90,.313,26.5,32.0,5,11,14,False,6,
2023-08-27,2023-08-26,2023,140,200,73,56,.566,-,-,1,,3,False,-,32
2023-08-27,2023-08-26,2023,136,200,73,56,.566,-,+1.0,2,2,4,False,-,
2023-08-27,2023-08-26,2023,117,200,73,58,.557,1.0,-,3,3,5,False,32,
2023-08-27,2023-08-26,2023,108,200,63,67,.485,10.5,9.5,4,6,9,False,23,
2023-08-27,2023-08-26,2023,133,200,38,92,.292,35.5,34.5,5,12,15,False,E,
2023-08-27,2023-08-26,2023,144,204,84,44,.656,-,-,1,,1,False,-,21
2023-08-27,2023-08-26,2023,143,204,71,58,.550,13.5,+3.5,2,1,4,False,21,
2023-08-27,2023-08-26,2023,146,204,65,65,.500,20.0,3.0,3,6,9,False,14,
2023-08-27,2023-08-26,2023,120,204,61,69,.469,24.0,7.0,4,8,11,False,10,
2023-08-27,2023-08-26,2023,121,204,59,71,.454,26.0,9.0,5,9,12,False,8,
2023-08-27,2023-08-26,2023,158,205,72,57,.558,-,-,1,,3,False,-,30
2023-08-27,2023-08-26,2023,112,205,68,61,.527,4.0,+0.5,2,2,5,False,30,
2023-08-27,2023-08-26,2023,113,205,68,63,.519,5.0,0.5,3,4,7,False,28,
2023-08-27,2023-08-26,2023,134,205,58,72,.446,14.5,10.0,4,10,13,False,19,
2023-08-27,2023-08-26,2023,138,205,56,74,.431,16.5,12.0,5,11,14,False,17,
2023-08-27,2023-08-26,2023,119,203,79,49,.617,-,-,1,,2,False,-,22
2023-08-27,2023-08-26,2023,109,203,68,62,.523,12.0,-,2,3,6,False,22,
2023-08-27,2023-08-26,2023,137,203,66,63,.512,13.5,1.5,3,5,8,False,21,
2023-08-27,2023-08-26,2023,135,203,61,69,.469,19.0,7.0,4,7,10,False,15,
2023-08-27,2023-08-26,2023,115,203,48,81,.372,31.5,19.5,5,12,15,False,3,
2023-08-28,2023-08-27,2023,110,201,81,49,.623,-,-,1,,1,False,-,30
2023-08-28,2023-08-27,2023,139,201,80,52,.606,2.0,+6.0,2,1,2,False,30,
2023-08-28,2023-08-27,2023,141,201,71,60,.542,10.5,2.5,3,4,6,False,22,
2023-08-28,2023-08-27,2023,111,201,69,62,.527,12.5,4.5,4,5,7,False,20,
2023-08-28,2023-08-27,2023,147,201,62,68,.477,19.0,11.0,5,7,10,False,14,
2023-08-28,2023-08-27,2023,142,202,68,63,.519,-,-,1,,8,False,-,26
2023-08-28,2023-08-27,2023,114,202,62,69,.473,6.0,11.5,2,8,11,False,26,
2023-08-28,2023-08-27,2023,116,202,59,71,.454,8.5,14.0,3,9,12,False,24,
2023-08-28,2023-08-27,2023,145,202,52,79,.397,16.0,21.5,4,10,13,False,16,
2023-08-28,2023-08-27,2023,118,202,41,91,.311,27.5,33.0,5,11,14,False,4,
2023-08-28,2023-08-27,2023,136,200,74,56,.569,-,-,1,,3,False,-,32
2023-08-28,2023-08-27,2023,140,200,73,57,.562,1.0,-,2,2,4,False,32,
2023-08-28,2023-08-27,2023,117,200,74,58,.561,1.0,-,3,3,5,False,31,
2023-08-28,2023-08-27,2023,108,200,63,68,.481,11.5,10.5,4,6,9,False,21,
2023-08-28,2023-08-27,2023,133,200,38,93,.290,36.5,35.5,5,12,15,False,E,
2023-08-28,2023-08-27,2023,144,204,84,45,.651,-,-,1,,1,False,-,21
2023-08-28,2023-08-27,2023,143,204,72,58,.554,12.5,+3.5,2,1,4,False,21,
2023-08-28,2023-08-27,2023,146,204,66,65,.504,19.0,3.0,3,6,9,False,14,
2023-08-28,2023-08-27,2023,120,204,61,70,.466,24.0,8.0,4,8,11,False,9,
2023-08-28,2023-08-27,2023,121,204,60,71,.458,25.0,9.0,5,9,12,False,8,
2023-08-28,2023-08-27,2023,158,205,73,57,.562,-,-,1,,3,False,-,29
2023-08-28,2023-08-27,2023,112,205,69,61,.531,4.0,+0.5,2,2,5,False,29,
2023-08-28,2023-08-27,2023,113,205,68,64,.515,6.0,1.5,3,5,8,False,26,
2023-08-28,2023-08-27,2023,134,205,58,73,.443,15.5,11.0,4,10,13,False,17,
2023-08-28,2023-08-27,2023,138,205,56,75,.427,17.5,13.0,5,11,14,False,15,
2023-08-28,2023-08-27,2023,119,203,80,49,.620,-,-,1,,2,False,-,21
2023-08-28,2023-08-27,2023,109,203,69,62,.527,12.0,-,2,3,6,False,21,
2023-08-28,2023-08-27,2023,137,203,67,63,.515,13.5,1.5,3,4,7,False,20,
2023-08-28,2023-08-27,2023,135,203,61,70,.466,20.0,8.0,4,7,10,False,13,
2023-08-28,2023-08-27,2023,115,203,49,81,.377,31.5,19.5,5,12,15,False,2,
2023-08-29,2023-08-28,2023,110,201,82,49,.626,-,-,1,,1,False,-,29
2023-08-29,2023-08-28,2023,139,201,80,52,.606,2.5,+5.5,2,1,2,False,29,
2023-08-29,2023-08-28,2023,141,201,72,60,.545,10.5,2.5,3,4,6,False,21,
2023-08-29,2023-08-28,2023,111,201,69,63,.523,13.5,5.5,4,5,7,False,18,
2023-08-29,2023-08-28,2023,147,201,63,68,.481,19.0,11.0,5,6,9,False,13,
2023-08-29,2023-08-28,2023,142,202,69,63,.523,-,-,1,,8,False,-,24
2023-08-29,2023-08-28,2023,114,202,62,70,.470,7.0,12.5,2,8,11,False,24,
2023-08-29,2023-08-28,2023,116,202,59,72,.450,9.5,15.0,3,9,12,False,22,
2023-08-29,2023-08-28,2023,145,202,52,80,.394,17.0,22.5,4,10,13,False,14,
2023-08-29,2023-08-28,2023,118,202,41,92,.308,28.5,34.0,5,11,14,False,2,
2023-08-29,2023-08-28,2023,136,200,75,56,.573,-,-,1,,3,False,-,31
2023-08-29,2023-08-28,2023,140,200,74,57,.565,1.0,-,2,2,4,False,31,
2023-08-29,2023-08-28,2023,117,200,75,58,.564,1.0,-,3,3,5,False,30,
2023-08-29,2023-08-28,2023,108,200,63,69,.477,12.5,11.5,4,7,10,False,19,
2023-08-29,2023-08-28,2023,133,200,38,94,.288,37.5,36.5,5,12,15,False,E,
2023-08-29,2023-08-28,2023,144,204,85,45,.654,-,-,1,,1,False,-,20
2023-08-29,2023-08-28,2023,143,204,73,58,.557,12.5,+4.5,2,1,4,False,20,
2023-08-29,2023-08-28,2023,146,204,66,65,.504,19.5,2.5,3,6,9,False,13,
2023-08-29,2023-08-28,2023,120,204,61,71,.462,25.0,8.0,4,8,11,False,7,
2023-08-29,2023-08-28,2023,121,204,60,72,.455,26.0,9.0,5,9,12,False,6,
2023-08-29,2023-08-28,2023,158,205,74,57,.565,-,-,1,,3,False,-,27
2023-08-29,2023-08-28,2023,112,205,69,62,.527,5.0,+0.5,2,2,5,False,27,
2023-08-29,2023-08-28,2023,113,205,68,65,.511,7.0,1.5,3,5,8,False,24,
2023-08-29,2023-08-28,2023,134,205,59,73,.447,15.5,10.0,4,10,13,False,16,
2023-08-29,2023-08-28,2023,138,205,56,76,.424,18.5,13.0,5,11,14,False,13,
2023-08-29,2023-08-28,2023,119,203,81,49,.623,-,-,1,,2,False,-,19
2023-08-29,2023-08-28,2023,109,203,69,63,.523,13.0,-,2,3,6,False,19,
2023-08-29,2023-08-28,2023,137,203,68,63,.519,13.5,0.5,3,4,7,False,19,
2023-08-29,2023-08-28,2023,135,203,62,70,.470,20.0,7.0,4,7,10,False,12,
2023-08-29,2023-08-28,2023,115,203,49,82,.374,32.5,19.5,5,12,15,False,E,
2023-08-30,2023-08-29,2023,110,201,83,49,.629,-,-,1,,1,False,-,28
2023-08-30,2023-08-29,2023,139,201,81,52,.609,2.5,+5.5,2,1,2,False,28,
2023-08-30,2023-08-29,2023,141,201,72,61,.541,11.5,3.5,3,4,6,False,19,
2023-08-30,2023-08-29,2023,111,201,69,64,.519,14.5,6.5,4,5,7,False,16,
2023-08-30,2023-08-29,2023,147,201,64,68,.485,19.0,11.0,5,6,9,False,12,
2023-08-30,2023-08-29,2023,142,202,69,64,.519,-,-,1,,8,False,-,24
2023-08-30,2023-08-29,2023,114,202,63,70,.474,6.0,12.5,2,7,10,False,24,
2023-08-30,2023-08-29,2023,116,202,59,73,.447,9.5,16.0,3,9,12,False,21,
2023-08-30,2023-08-29,2023,145,202,52,81,.391,17.0,23.5,4,10,13,False,13,
2023-08-30,2023-08-29,2023,118,202,41,93,.306,28.5,35.0,5,11,14,False,1,
2023-08-30,2023-08-29,2023,140,200,75,57,.568,-,-,1,,3,False,-,30
2023-08-30,2023-08-29,2023,136,200,75,57,.568,-,-,2,2,4,False,-,
2023-08-30,2023-08-29,2023,117,200,76,58,.567,-,-,3,3,5,False,30,
2023-08-30,2023-08-29,2023,108,200,63,70,.474,12.5,12.5,4,8,11,False,18,
2023-08-30,2023-08-29,2023,133,200,39,94,.293,36.5,36.5,5,12,15,False,E,
2023-08-30,2023-08-29,2023,144,204,86,45,.656,-,-,1,,1,False,-,19
2023-08-30,2023-08-29,2023,143,204,74,58,.561,12.5,+5.0,2,1,4,False,19,
2023-08-30,2023-08-29,2023,146,204,66,66,.500,20.5,3.0,3,6,9,False,11,
2023-08-30,2023-08-29,2023,120,204,62,71,.466,25.0,7.5,4,8,11,False,6,
2023-08-30,2023-08-29,2023,121,204,60,73,.451,27.0,9.5,5,9,12,False,4,
2023-08-30,2023-08-29,2023,158,205,74,58,.561,-,-,1,,3,False,-,27
2023-08-30,2023-08-29,2023,112,205,70,62,.530,4.0,+1.0,2,2,5,False,27,
2023-08-30,2023-08-29,2023,113,205,68,66,.507,7.0,2.0,3,5,8,False,23,
2023-08-30,2023-08-29,2023,134,205,60,73,.451,14.5,9.5,4,10,13,False,16,
2023-08-30,2023-08-29,2023,138,205,57,76,.429,17.5,12.5,5,11,14,False,13,
2023-08-30,2023-08-29,2023,119,203,82,49,.626,-,-,1,,2,False,-,18
2023-08-30,2023-08-29,2023,137,203,69,63,.523,13.5,-,2,3,6,False,18,
2023-08-30,2023-08-29,2023,109,203,69,64,.519,14.0,0.5,3,4,7,False,17,
2023-08-30,2023-08-29,2023,135,203,62,71,.466,21.0,7.5,4,7,10,False,10,
2023-08-30,2023-08-29,2023,115,203,49,83,.371,33.5,20.0,5,12,15,False,E,
2023-08-31,2023-08-30,2023,110,201,83,50,.624,-,-,1,,1,False,-,28
2023-08-31,2023-08-30,2023,139,201,82,52,.612,1.5,+6.5,2,1,2,False,28,
2023-08-31,2023-08-30,2023,141,201,73,61,.545,10.5,2.5,3,4,6,False,19,
2023-08-31,2023-08-30,2023,111,201,69,65,.515,14.5,6.5,4,5,7,False,15,
2023-08-31,2023-08-30,2023,147,201,65,68,.489,18.0,10.0,5,6,9,False,12,
2023-08-31,2023-08-30,2023,142,202,69,65,.515,-,-,1,,8,False,-,24
2023-08-31,2023-08-30,2023,114,202,64,70,.478,5.0,11.5,2,7,10,False,24,
2023-08-31,2023-08-30,2023,116,202,59,74,.444,9.5,16.0,3,9,12,False,20,
2023-08-31,2023-08-30,2023,145,202,53,81,.396,16.0,22.5,4,10,13,False,13,
2023-08-31,2023-08-30,2023,118,202,41,94,.304,28.5,35.0,5,11,14,False,E,
2023-08-31,2023-08-30,2023,136,200,76,57,.571,-,-,1,,3,False,-,29
2023-08-31,2023-08-30,2023,117,200,77,58,.570,-,+1.0,2,2,4,False,29,
2023-08-31,2023-08-30,2023,140,200,75,58,.564,1.0,-,3,3,5,False,29,
2023-08-31,2023-08-30,2023,108,200,64,70,.478,12.5,11.5,4,8,11,False,17,
2023-08-31,2023-08-30,2023,133,200,39,95,.291,37.5,36.5,5,12,15,False,E,
2023-08-31,2023-08-30,2023,144,204,87,45,.659,-,-,1,,1,False,-,17
2023-08-31,2023-08-30,2023,143,204,74,59,.556,13.5,+5.0,2,1,4,False,17,
2023-08-31,2023-08-30,2023,146,204,66,67,.496,21.5,3.0,3,6,9,False,9,
2023-08-31,2023-08-30,2023,120,204,62,72,.463,26.0,7.5,4,8,11,False,4,
2023-08-31,2023-08-30,2023,121,204,61,73,.455,27.0,8.5,5,9,12,False,3,
2023-08-31,2023-08-30,2023,158,205,74,59,.556,-,-,1,,3,False,-,27
2023-08-31,2023-08-30,2023,112,205,71,62,.534,3.0,+2.0,2,2,5,False,27,
2023-08-31,2023-08-30,2023,113,205,69,66,.511,6.0,1.0,3,5,8,False,23,
2023-08-31,2023-08-30,2023,134,205,61,73,.455,13.5,8.5,4,10,13,False,16,
2023-08-31,2023-08-30,2023,138,205,58,76,.433,16.5,11.5,5,11,14,False,13,
2023-08-31,2023-08-30,2023,119,203,83,49,.629,-,-,1,,2,False,-,16
2023-08-31,2023-08-30,2023,137,203,69,64,.519,14.5,-,2,3,6,False,16,
2023-08-31,2023-08-30,2023,109,203,69,65,.515,15.0,0.5,3,4,7,False,15,
2023-08-31,2023-08-30,2023,135,203,62,72,.463,22.0,7.5,4,7,10,False,8,
2023-08-31,2023-08-30,2023,115,203,49,84,.368,34.5,20.0,5,12,15,False,E,
2023-09-01,2023-08-31,2023,110,201,83,50,.624,-,-,1,,1,False,-,28
2023-09-01,2023-08-31,2023,139,201,82,52,.612,1.5,+6.5,2,1,2,False,28,
2023-09-01,2023-08-31,2023,141,201,73,61,.545,10.5,2.5,3,4,6,False,19,
2023-09-01,2023-08-31,2023,111,201,69,65,.515,14.5,6.5,4,5,7,False,15,
2023-09-01,2023-08-31,2023,147,201,65,69,.485,18.5,10.5,5,6,9,False,11,
2023-09-01,2023-08-31,2023,142,202,69,65,.515,-,-,1,,8,False,-,24
2023-09-01,2023-08-31,2023,114,202,64,70,.478,5.0,11.5,2,7,10,False,24,
2023-09-01,2023-08-31,2023,116,202,60,74,.448,9.0,15.5,3,9,12,False,20,
2023-09-01,2023-08-31,2023,145,202,53,81,.396,16.0,22.5,4,10,13,False,13,
2023-09-01,2023-08-31,2023,118,202,41,94,.304,28.5,35.0,5,11,14,False,E,
2023-09-01,2023-08-31,2023,136,200,76,57,.571,-,-,1,,3,False,-,29
2023-09-01,2023-08-31,2023,117,200,77,58,.570,-,+1.0,2,2,4,False,29,
2023-09-01,2023-08-31,2023,140,200,75,58,.564,1.0,-,3,3,5,False,29,
2023-09-01,2023-08-31,2023,108,200,64,70,.478,12.5,11.5,4,8,11,False,17,
2023-09-01,2023-08-31,2023,133,200,39,95,.291,37.5,36.5,5,12,15,False,E,
2023-09-01,2023-08-31,2023,144,204,88,45,.662,-,-,1,,1,False,-,16
2023-09-01,2023-08-31,2023,143,204,74,59,.556,14.0,+4.5,2,1,4,False,16,
2023-09-01,2023-08-31,2023,146,204,67,67,.500,21.5,3.0,3,6,9,False,8,
2023-09-01,2023-08-31,2023,120,204,62,73,.459,27.0,8.5,4,8,11,False,2,
2023-09-01,2023-08-31,2023,121,204,61,73,.455,27.5,9.0,5,9,12,False,2,
2023-09-01,2023-08-31,2023,158,205,74,59,.556,-,-,1,,3,False,-,27
2023-09-01,2023-08-31,2023,112,205,71,62,.534,3.0,+1.5,2,2,5,False,27,
2023-09-01,2023-08-31,2023,113,205,69,66,.511,6.0,1.5,3,5,8,False,23,
2023-09-01,2023-08-31,2023,134,205,61,73,.455,13.5,9.0,4,10,13,False,16,
2023-09-01,2023-08-31,2023,138,205,58,76,.433,16.5,12.0,5,11,14,False,13,
2023-09-01,2023-08-31,2023,119,203,83,50,.624,-,-,1,,2,False,-,16
2023-09-01,2023-08-31,2023,137,203,70,64,.522,13.5,-,2,3,6,False,16,
2023-09-01,2023-08-31,2023,109,203,69,65,.515,14.5,1.0,3,4,7,False,15,
2023-09-01,2023-08-31,2023,135,203,62,73,.459,22.0,8.5,4,7,10,False,7,
2023-09-01,2023-08-31,2023,115,203,49,84,.368,34.0,20.5,5,12,15,False,E,
2023-09-02,2023-09-01,2023,110,201,83,51,.619,-,-,1,,1,False,-,27
2023-09-02,2023-09-01,2023,139,201,82,53,.607,1.5,+6.5,2,1,2,False,27,
2023-09-02,2023-09-01,2023,141,201,74,61,.548,9.5,1.5,3,4,6,False,19,
2023-09-02,2023-09-01,2023,111,201,69,66,.511,14.5,6.5,4,5,8,False,14,
2023-09-02,2023-09-01,2023,147,201,66,69,.489,17.5,9.5,5,6,9,False,11,
2023-09-02,2023-09-01,2023,142,202,70,65,.519,-,-,1,,7,False,-,23
2023-09-02,2023-09-01,2023,114,202,65,70,.481,5.0,10.5,2,7,10,False,23,
2023-09-02,2023-09-01,2023,116,202,61,74,.452,9.0,14.5,3,9,12,False,19,
2023-09-02,2023-09-01,2023,145,202,53,82,.393,17.0,22.5,4,10,13,False,11,
2023-09-02,2023-09-01,2023,118,202,42,94,.309,28.5,34.0,5,11,14,False,E,
2023-09-02,2023-09-01,2023,136,200,76,58,.567,-,-,1,,3,False,-,28
2023-09-02,2023-09-01,2023,117,200,77,59,.566,-,+1.0,2,2,4,False,28,
2023-09-02,2023-09-01,2023,140,200,75,59,.560,1.0,-,3,3,5,False,28,
2023-09-02,2023-09-01,2023,108,200,64,71,.474,12.5,11.5,4,8,11,False,16,
2023-09-02,2023-09-01,2023,133,200,40,95,.296,36.5,35.5,5,12,15,False,E,
2023-09-02,2023-09-01,2023,144,204,89,45,.664,-,-,1,,1,False,-,14
2023-09-02,2023-09-01,2023,143,204,74,60,.552,15.0,+4.5,2,1,4,False,14,
2023-09-02,2023-09-01,2023,146,204,68,67,.504,21.5,2.0,3,6,9,False,7,
2023-09-02,2023-09-01,2023,121,204,62,73,.459,27.5,8.0,4,8,11,False,1,
2023-09-02,2023-09-01,2023,120,204,62,74,.456,28.0,8.5,5,10,13,False,E,
2023-09-02,2023-09-01,2023,158,205,75,59,.560,-,-,1,,3,False,-,25
2023-09-02,2023-09-01,2023,112,205,72,63,.533,3.5,+2.0,2,2,5,False,25,
2023-09-02,2023-09-01,2023,113,205,70,67,.511,6.5,1.0,3,5,8,False,21,
2023-09-02,2023-09-01,2023,134,205,62,73,.459,13.5,8.0,4,9,12,False,15,
2023-09-02,2023-09-01,2023,138,205,58,77,.430,17.5,12.0,5,11,14,False,11,
2023-09-02,2023-09-01,2023,119,203,83,51,.619,-,-,1,,2,False,-,15
2023-09-02,2023-09-01,2023,137,203,70,65,.519,13.5,-,2,3,6,False,15,
2023-09-02,2023-09-01,2023,109,203,70,65,.519,13.5,-,3,4,7,False,15,
2023-09-02,2023-09-01,2023,135,203,63,73,.463,21.0,7.5,4,7,10,False,7,
2023-09-02,2023-09-01,2023,115,203,49,85,.366,34.0,20.5,5,12,15,False,E,
2023-09-03,2023-09-02,2023,110,201,84,51,.622,-,-,1,,1,False,-,25
2023-09-03,2023-09-02,2023,139,201,82,54,.603,2.5,+6.5,2,1,2,False,25,
2023-09-03,2023-09-02,2023,141,201,74,62,.544,10.5,1.5,3,4,6,False,17,
2023-09-03,2023-09-02,2023,111,201,70,66,.515,14.5,5.5,4,5,8,False,13,
2023-09-03,2023-09-02,2023,147,201,67,69,.493,17.5,8.5,5,6,9,False,10,
2023-09-03,2023-09-02,2023,142,202,71,65,.522,-,-,1,,7,False,-,22
2023-09-03,2023-09-02,2023,114,202,66,70,.485,5.0,9.5,2,7,10,False,22,
2023-09-03,2023-09-02,2023,116,202,62,74,.456,9.0,13.5,3,9,12,False,18,
2023-09-03,2023-09-02,2023,145,202,53,83,.390,18.0,22.5,4,10,13,False,9,
2023-09-03,2023-09-02,2023,118,202,42,95,.307,29.5,34.0,5,11,14,False,E,
2023-09-03,2023-09-02,2023,136,200,77,58,.570,-,-,1,,3,False,-,26
2023-09-03,2023-09-02,2023,117,200,77,60,.562,1.0,+1.0,2,2,4,False,26,
2023-09-03,2023-09-02,2023,140,200,75,60,.556,2.0,-,3,3,5,False,26,
2023-09-03,2023-09-02,2023,108,200,64,72,.471,13.5,11.5,4,8,11,False,14,
2023-09-03,2023-09-02,2023,133,200,41,95,.301,36.5,34.5,5,12,15,False,E,
2023-09-03,2023-09-02,2023,144,204,90,45,.667,-,-,1,,1,False,-,12
2023-09-03,2023-09-02,2023,143,204,74,61,.548,16.0,+4.5,2,1,4,False,12,
2023-09-03,2023-09-02,2023,146,204,69,67,.507,21.5,1.0,3,6,9,False,6,
2023-09-03,2023-09-02,2023,121,204,62,74,.456,28.5,8.0,4,9,12,False,E,
2023-09-03,2023-09-02,2023,120,204,62,75,.453,29.0,8.5,5,10,13,False,E,
2023-09-03,2023-09-02,2023,158,205,76,59,.563,-,-,1,,3,False,-,23
2023-09-03,2023-09-02,2023,112,205,72,64,.529,4.5,+2.0,2,2,5,False,23,
2023-09-03,2023-09-02,2023,113,205,71,67,.514,6.5,-,3,5,8,False,20,
2023-09-03,2023-09-02,2023,134,205,63,73,.463,13.5,7.0,4,8,11,False,14,
2023-09-03,2023-09-02,2023,138,205,58,78,.426,18.5,12.0,5,11,14,False,9,
2023-09-03,2023-09-02,2023,119,203,83,52,.615,-,-,1,,2,False,-,14
2023-09-03,2023-09-02,2023,137,203,70,66,.515,13.5,-,2,3,6,False,14,
2023-09-03,2023-09-02,2023,109,203,70,66,.515,13.5,-,3,4,7,False,14,
2023-09-03,2023-09-02,2023,135,203,64,73,.467,20.0,6.5,4,7,10,False,7,
2023-09-03,2023-09-02,2023,115,203,50,85,.370,33.0,19.5,5,12,15,False,E,
2023-09-04,2023-09-03,2023,110,201,85,51,.625,-,-,1,,1,False,-,24
2023-09-04,2023-09-03,2023,139,201,83,54,.606,2.5,+6.5,2,1,2,False,24,
2023-09-04,2023-09-03,2023,141,201,75,62,.547,10.5,1.5,3,4,6,False,16,
2023-09-04,2023-09-03,2023,111,201,71,66,.518,14.5,5.5,4,5,7,False,12,
2023-09-04,2023-09-03,2023,147,201,68,69,.496,17.5,8.5,5,6,9,False,9,
2023-09-04,2023-09-03,2023,142,202,71,66,.518,-,-,1,,8,False,-,21
2023-09-04,2023-09-03,2023,114,202,66,71,.482,5.0,10.5,2,7,10,False,21,
2023-09-04,2023-09-03,2023,116,202,63,74,.460,8.0,13.5,3,9,12,False,18,
2023-09-04,2023-09-03,2023,145,202,53,84,.387,18.0,23.5,4,10,13,False,8,
2023-09-04,2023-09-03,2023,118,202,42,96,.304,29.5,35.0,5,12,15,False,E,
2023-09-04,2023-09-03,2023,136,200,77,59,.566,-,-,1,,3,False,-,26
2023-09-04,2023-09-03,2023,140,200,76,60,.559,1.0,-,2,2,4,False,26,
2023-09-04,2023-09-03,2023,117,200,77,61,.558,1.0,-,3,3,5,False,25,
2023-09-04,2023-09-03,2023,108,200,64,73,.467,13.5,12.5,4,8,11,False,13,
2023-09-04,2023-09-03,2023,133,200,42,95,.307,35.5,34.5,5,11,14,False,E,
2023-09-04,2023-09-03,2023,144,204,90,46,.662,-,-,1,,1,False,-,12
2023-09-04,2023-09-03,2023,143,204,75,61,.551,15.0,+5.5,2,1,4,False,12,
2023-09-04,2023-09-03,2023,146,204,70,67,.511,20.5,-,3,3,6,False,6,
2023-09-04,2023-09-03,2023,121,204,63,74,.460,27.5,7.0,4,8,11,False,E,
2023-09-04,2023-09-03,2023,120,204,62,76,.449,29.0,8.5,5,10,13,False,E,
2023-09-04,2023-09-03,2023,158,205,76,60,.559,-,-,1,,3,False,-,23
2023-09-04,2023-09-03,2023,112,205,73,64,.533,3.5,+3.0,2,2,5,False,23,
2023-09-04,2023-09-03,2023,113,205,71,68,.511,6.5,-,3,6,9,False,19,
2023-09-04,2023-09-03,2023,134,205,63,74,.460,13.5,7.0,4,9,12,False,13,
2023-09-04,2023-09-03,2023,138,205,59,78,.431,17.5,11.0,5,11,14,False,9,
2023-09-04,2023-09-03,2023,119,203,84,52,.618,-,-,1,,2,False,-,12
2023-09-04,2023-09-03,2023,137,203,70,67,.511,14.5,-,2,4,7,False,12,
2023-09-04,2023-09-03,2023,109,203,70,67,.511,14.5,-,3,5,8,False,12,
2023-09-04,2023-09-03,2023,135,203,65,73,.471,20.0,5.5,4,7,10,False,6,
2023-09-04,2023-09-03,2023,115,203,50,86,.368,34.0,19.5,5,12,15,False,E,
2023-09-05,2023-09-04,2023,110,201,86,51,.628,-,-,1,,1,False,-,22
2023-09-05,2023-09-04,2023,139,201,83,55,.601,3.5,+6.5,2,1,2,False,22,
2023-09-05,2023-09-04,2023,141,201,76,62,.551,10.5,0.5,3,4,6,False,15,
2023-09-05,2023-09-04,2023,111,201,72,66,.522,14.5,4.5,4,5,7,False,11,
2023-09-05,2023-09-04,2023,147,201,68,69,.496,18.0,8.0,5,6,9,False,8,
2023-09-05,2023-09-04,2023,142,202,72,66,.522,-,-,1,,8,False,-,19
2023-09-05,2023-09-04,2023,114,202,66,72,.478,6.0,10.5,2,7,10,False,19,
2023-09-05,2023-09-04,2023,116,202,63,74,.460,8.5,13.0,3,9,12,False,17,
2023-09-05,2023-09-04,2023,145,202,53,85,.384,19.0,23.5,4,10,13,False,6,
2023-09-05,2023-09-04,2023,118,202,43,96,.309,29.5,34.0,5,11,14,False,E,
2023-09-05,2023-09-04,2023,136,200,77,60,.562,-,-,1,,3,False,-,25
2023-09-05,2023-09-04,2023,117,200,78,61,.561,-,+1.0,2,2,4,False,25,
2023-09-05,2023-09-04,2023,140,200,76,61,.555,1.0,-,3,3,5,False,25,
2023-09-05,2023-09-04,2023,108,200,64,74,.464,13.5,12.5,4,8,11,False,12,
2023-09-05,2023-09-04,2023,133,200,42,96,.304,35.5,34.5,5,12,15,False,E,
2023-09-05,2023-09-04,2023,144,204,90,46,.662,-,-,1,,1,False,-,12
2023-09-05,2023-09-04,2023,143,204,76,61,.555,14.5,+5.5,2,1,4,False,12,
2023-09-05,2023-09-04,2023,146,204,70,67,.511,20.5,0.5,3,5,8,False,6,
2023-09-05,2023-09-04,2023,121,204,63,74,.460,27.5,7.5,4,9,12,False,E,
2023-09-05,2023-09-04,2023,120,204,62,76,.449,29.0,9.0,5,10,13,False,E,
2023-09-05,2023-09-04,2023,158,205,76,61,.555,-,-,1,,3,False,-,23
2023-09-05,2023-09-04,2023,112,205,74,64,.536,2.5,+3.0,2,2,5,False,23,
2023-09-05,2023-09-04,2023,113,205,72,68,.514,5.5,-,3,4,7,False,19,
2023-09-05,2023-09-04,2023,134,205,64,74,.464,12.5,7.0,4,8,11,False,13,
2023-09-05,2023-09-04,2023,138,205,59,78,.431,17.0,11.5,5,11,14,False,9,
2023-09-05,2023-09-04,2023,119,203,84,52,.618,-,-,1,,2,False,-,12
2023-09-05,2023-09-04,2023,109,203,71,67,.514,14.0,-,2,3,6,False,12,
2023-09-05,2023-09-04,2023,137,203,70,68,.507,15.0,1.0,3,6,9,False,11,
2023-09-05,2023-09-04,2023,135,203,65,74,.468,20.5,6.5,4,7,10,False,5,
2023-09-05,2023-09-04,2023,115,203,50,87,.365,34.5,20.5,5,12,15,False,E,
2023-09-06,2023-09-05,2023,110,201,87,51,.630,-,-,1,,1,False,-,21
2023-09-06,2023-09-05,2023,139,201,84,55,.604,3.5,+7.0,2,1,2,False,21,
2023-09-06,2023-09-05,2023,141,201,77,62,.554,10.5,-,3,3,5,False,14,
2023-09-06,2023-09-05,2023,111,201,72,67,.518,15.5,5.0,4,5,8,False,9,
2023-09-06,2023-09-05,2023,147,201,69,69,.500,18.0,7.5,5,6,9,False,7,
2023-09-06,2023-09-05,2023,142,202,73,66,.525,-,-,1,,7,False,-,17
2023-09-06,2023-09-05,2023,114,202,66,73,.475,7.0,11.0,2,7,10,False,17,
2023-09-06,2023-09-05,2023,116,202,63,75,.457,9.5,13.5,3,9,12,False,15,
2023-09-06,2023-09-05,2023,145,202,53,86,.381,20.0,24.0,4,10,13,False,4,
2023-09-06,2023-09-05,2023,118,202,44,96,.314,29.5,33.5,5,11,14,False,E,
2023-09-06,2023-09-05,2023,117,200,79,61,.564,-,-,1,,3,False,-,23
2023-09-06,2023-09-05,2023,136,200,77,61,.558,1.0,+0.5,2,2,4,False,23,
2023-09-06,2023-09-05,2023,140,200,76,62,.551,2.0,0.5,3,4,6,False,22,
2023-09-06,2023-09-05,2023,108,200,64,75,.460,14.5,13.0,4,8,11,False,9,
2023-09-06,2023-09-05,2023,133,200,42,97,.302,36.5,35.0,5,12,15,False,E,
2023-09-06,2023-09-05,2023,144,204,90,47,.657,-,-,1,,1,False,-,11
2023-09-06,2023-09-05,2023,143,204,76,62,.551,14.5,+4.5,2,1,4,False,11,
2023-09-06,2023-09-05,2023,146,204,71,67,.514,19.5,0.5,3,4,7,False,6,
2023-09-06,2023-09-05,2023,121,204,64,74,.464,26.5,7.5,4,8,11,False,E,
2023-09-06,2023-09-05,2023,120,204,62,77,.446,29.0,10.0,5,10,13,False,E,
2023-09-06,2023-09-05,2023,158,205,77,61,.558,-,-,1,,3,False,-,22
2023-09-06,2023-09-05,2023,112,205,75,64,.540,2.5,+3.0,2,2,5,False,22,
2023-09-06,2023-09-05,2023,113,205,73,68,.518,5.5,-,3,3,6,False,18,
2023-09-06,2023-09-05,2023,134,205,64,75,.460,13.5,8.0,4,9,12,False,11,
2023-09-06,2023-09-05,2023,138,205,60,78,.435,17.0,11.5,5,11,14,False,8,
2023-09-06,2023-09-05,2023,119,203,84,53,.613,-,-,1,,2,False,-,11
2023-09-06,2023-09-05,2023,109,203,71,68,.511,14.0,1.0,2,5,8,False,11,
2023-09-06,2023-09-05,2023,137,203,70,69,.504,15.0,2.0,3,6,9,False,10,
2023-09-06,2023-09-05,2023,135,203,66,74,.471,19.5,6.5,4,7,10,False,5,
2023-09-06,2023-09-05,2023,115,203,51,87,.370,33.5,20.5,5,12,15,False,E,
2023-09-07,2023-09-06,2023,110,201,88,51,.633,-,-,1,,1,False,-,20
2023-09-07,2023-09-06,2023,139,201,85,55,.607,3.5,+8.0,2,1,2,False,20,
2023-09-07,2023-09-06,2023,141,201,77,63,.550,11.5,-,3,3,5,False,12,
2023-09-07,2023-09-06,2023,111,201,72,68,.514,16.5,5.0,4,5,8,False,7,
2023-09-07,2023-09-06,2023,147,201,70,69,.504,18.0,6.5,5,6,9,False,6,
2023-09-07,2023-09-06,2023,142,202,73,67,.521,-,-,1,,7,False,-,17
2023-09-07,2023-09-06,2023,114,202,67,73,.479,6.0,10.0,2,7,10,False,17,
2023-09-07,2023-09-06,2023,116,202,63,76,.453,9.5,13.5,3,9,12,False,14,
2023-09-07,2023-09-06,2023,145,202,54,86,.386,19.0,23.0,4,10,13,False,4,
2023-09-07,2023-09-06,2023,118,202,44,97,.312,29.5,33.5,5,11,14,False,E,
2023-09-07,2023-09-06,2023,117,200,80,61,.567,-,-,1,,3,False,-,22
2023-09-07,2023-09-06,2023,136,200,78,61,.561,1.0,+1.5,2,2,4,False,22,
2023-09-07,2023-09-06,2023,140,200,76,63,.547,3.0,0.5,3,4,6,False,20,
2023-09-07,2023-09-06,2023,108,200,64,76,.457,15.5,13.0,4,8,11,False,7,
2023-09-07,2023-09-06,2023,133,200,43,97,.307,36.5,34.0,5,12,15,False,E,
2023-09-07,2023-09-06,2023,144,204,90,48,.652,-,-,1,,1,False,-,11
2023-09-07,2023-09-06,2023,143,204,77,62,.554,13.5,+5.0,2,1,4,False,11,
2023-09-07,2023-09-06,2023,146,204,72,67,.518,18.5,-,3,3,6,False,6,
2023-09-07,2023-09-06,2023,121,204,64,75,.460,26.5,8.0,4,9,12,False,E,
2023-09-07,2023-09-06,2023,120,204,63,77,.450,28.0,9.5,5,10,13,False,E,
2023-09-07,2023-09-06,2023,158,205,77,62,.554,-,-,1,,3,False,-,22
2023-09-07,2023-09-06,2023,112,205,76,64,.543,1.5,+3.5,2,2,5,False,22,
2023-09-07,2023-09-06,2023,113,205,73,69,.514,5.5,0.5,3,5,8,False,17,
2023-09-07,2023-09-06,2023,134,205,65,75,.464,12.5,7.5,4,8,11,False,11,
2023-09-07,2023-09-06,2023,138,205,61,78,.439,16.0,11.0,5,11,14,False,8,
2023-09-07,2023-09-06,2023,119,203,84,54,.609,-,-,1,,2,False,-,11
2023-09-07,2023-09-06,2023,109,203,72,68,.514,13.0,0.5,2,4,7,False,11,
2023-09-07,2023-09-06,2023,137,203,70,70,.500,15.0,2.5,3,6,9,False,9,
2023-09-07,2023-09-06,2023,135,203,66,75,.468,19.5,7.0,4,7,10,False,4,
2023-09-07,2023-09-06,2023,115,203,51,88,.367,33.5,21.0,5,12,15,False,E,
2023-09-08,2023-09-07,2023,110,201,88,51,.633,-,-,1,,1,False,-,19
2023-09-08,2023-09-07,2023,139,201,85,56,.603,4.0,+7.5,2,1,2,False,19,
2023-09-08,2023-09-07,2023,141,201,77,63,.550,11.5,-,3,3,5,False,12,
2023-09-08,2023-09-07,2023,111,201,72,68,.514,16.5,5.0,4,5,8,False,7,
2023-09-08,2023-09-07,2023,147,201,70,70,.500,18.5,7.0,5,6,9,False,5,
2023-09-08,2023-09-07,2023,142,202,73,67,.521,-,-,1,,7,False,-,16
2023-09-08,2023-09-07,2023,114,202,67,74,.475,6.5,10.5,2,7,10,False,16,
2023-09-08,2023-09-07,2023,116,202,64,76,.457,9.0,13.0,3,9,12,False,14,
2023-09-08,2023-09-07,2023,145,202,54,86,.386,19.0,23.0,4,10,13,False,4,
2023-09-08,2023-09-07,2023,118,202,44,97,.312,29.5,33.5,5,11,14,False,E,
2023-09-08,2023-09-07,2023,117,200,80,61,.567,-,-,1,,3,False,-,22
2023-09-08,2023-09-07,2023,136,200,79,61,.564,0.5,+2.0,2,2,4,False,22,
2023-09-08,2023-09-07,2023,140,200,76,63,.547,3.0,0.5,3,4,6,False,20,
2023-09-08,2023-09-07,2023,108,200,65,76,.461,15.0,12.5,4,8,11,False,7,
2023-09-08,2023-09-07,2023,133,200,43,97,.307,36.5,34.0,5,12,15,False,E,
2023-09-08,2023-09-07,2023,144,204,91,48,.655,-,-,1,,1,False,-,10
2023-09-08,2023-09-07,2023,143,204,77,62,.554,14.0,+5.0,2,1,4,False,10,
2023-09-08,2023-09-07,2023,146,204,72,68,.514,19.5,0.5,3,4,7,False,4,
2023-09-08,2023-09-07,2023,121,204,64,75,.460,27.0,8.0,4,9,12,False,E,
2023-09-08,2023-09-07,2023,120,204,63,77,.450,28.5,9.5,5,10,13,False,E,
2023-09-08,2023-09-07,2023,158,205,77,62,.554,-,-,1,,3,False,-,21
2023-09-08,2023-09-07,2023,112,205,76,65,.539,2.0,+3.0,2,2,5,False,21,
2023-09-08,2023-09-07,2023,113,205,73,69,.514,5.5,0.5,3,5,8,False,17,
2023-09-08,2023-09-07,2023,134,205,65,75,.464,12.5,7.5,4,8,11,False,11,
2023-09-08,2023-09-07,2023,138,205,61,79,.436,16.5,11.5,5,11,14,False,7,
2023-09-08,2023-09-07,2023,119,203,85,54,.612,-,-,1,,2,False,-,10
2023-09-08,2023-09-07,2023,109,203,73,68,.518,13.0,-,2,3,6,False,10,
2023-09-08,2023-09-07,2023,137,203,70,70,.500,15.5,2.5,3,6,9,False,8,
2023-09-08,2023-09-07,2023,135,203,66,75,.468,20.0,7.0,4,7,10,False,3,
2023-09-08,2023-09-07,2023,115,203,51,88,.367,34.0,21.0,5,12,15,False,E,
2023-09-09,2023-09-08,2023,110,201,89,51,.636,-,-,1,,1,False,-,18
2023-09-09,2023-09-08,2023,139,201,86,56,.606,4.0,+7.5,2,1,2,False,18,
2023-09-09,2023-09-08,2023,141,201,78,63,.553,11.5,-,3,3,5,False,11,
2023-09-09,2023-09-08,2023,111,201,72,69,.511,17.5,6.0,4,5,8,False,5,
2023-09-09,2023-09-08,2023,147,201,70,71,.496,19.5,8.0,5,6,9,False,3,
2023-09-09,2023-09-08,2023,142,202,74,67,.525,-,-,1,,7,False,-,15
2023-09-09,2023-09-08,2023,114,202,68,74,.479,6.5,10.5,2,7,10,False,15,
2023-09-09,2023-09-08,2023,116,202,64,77,.454,10.0,14.0,3,9,12,False,12,
2023-09-09,2023-09-08,2023,145,202,55,86,.390,19.0,23.0,4,10,13,False,3,
2023-09-09,2023-09-08,2023,118,202,44,98,.310,30.5,34.5,5,12,15,False,E,
2023-09-09,2023-09-08,2023,117,200,80,62,.563,-,-,1,,3,False,-,21
2023-09-09,2023-09-08,2023,136,200,79,62,.560,0.5,+1.0,2,2,4,False,21,
2023-09-09,2023-09-08,2023,140,200,76,64,.543,3.0,1.5,3,4,6,False,19,
2023-09-09,2023-09-08,2023,108,200,65,77,.458,15.0,13.5,4,8,11,False,6,
2023-09-09,2023-09-08,2023,133,200,44,97,.312,35.5,34.0,5,11,14,False,E,
2023-09-09,2023-09-08,2023,144,204,92,48,.657,-,-,1,,1,False,-,8
2023-09-09,2023-09-08,2023,143,204,77,63,.550,15.0,+4.0,2,1,4,False,8,
2023-09-09,2023-09-08,2023,146,204,73,68,.518,19.5,0.5,3,4,7,False,3,
2023-09-09,2023-09-08,2023,121,204,64,76,.457,28.0,9.0,4,9,12,False,E,
2023-09-09,2023-09-08,2023,120,204,63,78,.447,29.5,10.5,5,10,13,False,E,
2023-09-09,2023-09-08,2023,158,205,78,62,.557,-,-,1,,3,False,-,19
2023-09-09,2023-09-08,2023,112,205,76,66,.535,3.0,+2.0,2,2,5,False,19,
2023-09-09,2023-09-08,2023,113,205,73,70,.510,6.5,1.5,3,5,8,False,15,
2023-09-09,2023-09-08,2023,134,205,65,76,.461,13.5,8.5,4,8,11,False,9,
2023-09-09,2023-09-08,2023,138,205,62,79,.440,16.5,11.5,5,11,14,False,6,
2023-09-09,2023-09-08,2023,119,203,86,54,.614,-,-,1,,2,False,-,9
2023-09-09,2023-09-08,2023,109,203,74,68,.521,13.0,-,2,3,6,False,9,
2023-09-09,2023-09-08,2023,137,203,71,70,.504,15.5,2.5,3,6,9,False,7,
2023-09-09,2023-09-08,2023,135,203,67,75,.472,20.0,7.0,4,7,10,False,2,
2023-09-09,2023-09-08,2023,115,203,51,89,.364,35.0,22.0,5,12,15,False,E,
2023-09-10,2023-09-09,2023,110,201,90,51,.638,-,-,1,,1,False,-,17
2023-09-10,2023-09-09,2023,139,201,87,56,.608,4.0,+7.5,2,1,2,False,17,
2023-09-10,2023-09-09,2023,141,201,79,63,.556,11.5,-,3,3,5,False,10,
2023-09-10,2023-09-09,2023,111,201,72,70,.507,18.5,7.0,4,5,8,False,3,
2023-09-10,2023-09-09,2023,147,201,70,72,.493,20.5,9.0,5,6,9,False,1,
2023-09-10,2023-09-09,2023,142,202,75,67,.528,-,-,1,,7,False,-,13
2023-09-10,2023-09-09,2023,114,202,68,75,.476,7.5,11.5,2,7,10,False,13,
2023-09-10,2023-09-09,2023,116,202,65,77,.458,10.0,14.0,3,9,12,False,11,
2023-09-10,2023-09-09,2023,145,202,55,87,.387,20.0,24.0,4,10,13,False,1,
2023-09-10,2023-09-09,2023,118,202,44,99,.308,31.5,35.5,5,12,15,False,E,
2023-09-10,2023-09-09,2023,117,200,81,62,.566,-,-,1,,3,False,-,19
2023-09-10,2023-09-09,2023,136,200,79,63,.556,1.5,-,2,2,4,False,19,
2023-09-10,2023-09-09,2023,140,200,77,64,.546,3.0,1.5,3,4,6,False,18,
2023-09-10,2023-09-09,2023,108,200,66,77,.462,15.0,13.5,4,8,11,False,5,
2023-09-10,2023-09-09,2023,133,200,44,98,.310,36.5,35.0,5,11,14,False,E,
2023-09-10,2023-09-09,2023,144,204,92,49,.652,-,-,1,,1,False,-,8
2023-09-10,2023-09-09,2023,143,204,78,63,.553,14.0,+4.0,2,1,4,False,8,
2023-09-10,2023-09-09,2023,146,204,73,69,.514,19.5,1.5,3,4,7,False,2,
2023-09-10,2023-09-09,2023,121,204,64,77,.454,28.0,10.0,4,9,12,False,E,
2023-09-10,2023-09-09,2023,120,204,64,78,.451,28.5,10.5,5,10,13,False,E,
2023-09-10,2023-09-09,2023,158,205,79,62,.560,-,-,1,,3,False,-,17
2023-09-10,2023-09-09,2023,112,205,76,67,.531,4.0,+1.0,2,2,5,False,17,
2023-09-10,2023-09-09,2023,113,205,73,71,.507,7.5,2.5,3,6,9,False,13,
2023-09-10,2023-09-09,2023,134,205,66,76,.465,13.5,8.5,4,8,11,False,8,
2023-09-10,2023-09-09,2023,138,205,63,79,.444,16.5,11.5,5,11,14,False,5,
2023-09-10,2023-09-09,2023,119,203,86,55,.610,-,-,1,,2,False,-,9
2023-09-10,2023-09-09,2023,109,203,75,68,.524,12.0,-,2,3,6,False,9,
2023-09-10,2023-09-09,2023,137,203,72,70,.507,14.5,2.5,3,5,8,False,7,
2023-09-10,2023-09-09,2023,135,203,67,76,.469,20.0,8.0,4,7,10,False,1,
2023-09-10,2023-09-09,2023,115,203,51,90,.362,35.0,23.0,5,12,15,False,E,
2023-09-11,2023-09-10,2023,110,201,90,52,.634,-,-,1,,1,False,-,17
2023-09-11,2023-09-10,2023,139,201,88,56,.611,3.0,+8.5,2,1,2,False,17,
2023-09-11,2023-09-10,2023,141,201,80,63,.559,10.5,+1.0,3,2,4,False,10,
2023-09-11,2023-09-10,2023,111,201,73,70,.510,17.5,6.0,4,5,8,False,3,
2023-09-11,2023-09-10,2023,147,201,71,72,.497,19.5,8.0,5,6,9,False,1,
2023-09-11,2023-09-10,2023,142,202,75,68,.524,-,-,1,,7,False,-,12
2023-09-11,2023-09-10,2023,114,202,68,76,.472,7.5,11.5,2,7,10,False,12,
2023-09-11,2023-09-10,2023,116,202,66,77,.462,9.0,13.0,3,9,12,False,11,
2023-09-11,2023-09-10,2023,145,202,55,88,.385,20.0,24.0,4,10,13,False,E,
2023-09-11,2023-09-10,2023,118,202,44,100,.306,31.5,35.5,5,12,15,False,E,
2023-09-11,2023-09-10,2023,117,200,82,62,.569,-,-,1,,3,False,-,17
2023-09-11,2023-09-10,2023,136,200,79,64,.552,2.5,-,2,3,5,False,17,
2023-09-11,2023-09-10,2023,140,200,78,64,.549,3.0,0.5,3,4,6,False,17,
2023-09-11,2023-09-10,2023,108,200,67,77,.465,15.0,12.5,4,8,11,False,4,
2023-09-11,2023-09-10,2023,133,200,44,99,.308,37.5,35.0,5,11,14,False,E,
2023-09-11,2023-09-10,2023,144,204,93,49,.655,-,-,1,,1,True,-,-
2023-09-11,2023-09-10,2023,143,204,78,64,.549,15.0,+4.0,2,1,4,False,6,
2023-09-11,2023-09-10,2023,146,204,74,69,.517,19.5,0.5,3,4,7,False,1,
2023-09-11,2023-09-10,2023,121,204,65,77,.458,28.0,9.0,4,9,12,False,E,
2023-09-11,2023-09-10,2023,120,204,64,79,.448,29.5,10.5,5,10,13,False,E,
2023-09-11,2023-09-10,2023,158,205,79,63,.556,-,-,1,,3,False,-,17
2023-09-11,2023-09-10,2023,112,205,77,67,.535,3.0,+2.0,2,2,5,False,17,
2023-09-11,2023-09-10,2023,113,205,74,71,.510,6.5,1.5,3,6,9,False,13,
2023-09-11,2023-09-10,2023,134,205,66,77,.462,13.5,8.5,4,8,11,False,7,
2023-09-11,2023-09-10,2023,138,205,63,80,.441,16.5,11.5,5,11,14,False,4,
2023-09-11,2023-09-10,2023,119,203,87,55,.613,-,-,1,,2,False,-,7
2023-09-11,2023-09-10,2023,109,203,75,69,.521,13.0,-,2,3,6,False,7,
2023-09-11,2023-09-10,2023,137,203,73,70,.510,14.5,1.5,3,5,8,False,6,
2023-09-11,2023-09-10,2023,135,203,67,77,.465,21.0,8.0,4,7,10,False,E,
2023-09-11,2023-09-10,2023,115,203,51,91,.359,36.0,23.0,5,12,15,False,E,
2023-09-12,2023-09-11,2023,110,201,91,52,.636,-,-,1,,1,False,-,16
2023-09-12,2023-09-11,2023,139,201,89,56,.614,3.0,+9.0,2,1,2,False,16,
2023-09-12,2023-09-11,2023,141,201,80,64,.556,11.5,+0.5,3,2,4,False,8,
2023-09-12,2023-09-11,2023,111,201,73,70,.510,18.0,6.0,4,5,8,False,2,
2023-09-12,2023-09-11,2023,147,201,71,72,.497,20.0,8.0,5,6,9,False,E,
2023-09-12,2023-09-11,2023,142,202,75,69,.521,-,-,1,,7,False,-,11
2023-09-12,2023-09-11,2023,114,202,68,77,.469,7.5,12.0,2,8,11,False,11,
2023-09-12,2023-09-11,2023,116,202,66,77,.462,8.5,13.0,3,9,12,False,11,
2023-09-12,2023-09-11,2023,145,202,55,88,.385,19.5,24.0,4,10,13,False,E,
2023-09-12,2023-09-11,2023,118,202,44,100,.306,31.0,35.5,5,12,15,False,E,
2023-09-12,2023-09-11,2023,117,200,82,63,.566,-,-,1,,3,False,-,17
2023-09-12,2023-09-11,2023,140,200,79,64,.552,2.0,-,2,3,5,False,17,
2023-09-12,2023-09-11,2023,136,200,79,65,.549,2.5,0.5,3,4,6,False,16,
2023-09-12,2023-09-11,2023,108,200,68,77,.469,14.0,12.0,4,7,10,False,4,
2023-09-12,2023-09-11,2023,133,200,45,99,.313,36.5,34.5,5,11,14,False,E,
2023-09-12,2023-09-11,2023,144,204,94,50,.653,-,-,1,,1,True,-,-
2023-09-12,2023-09-11,2023,143,204,79,65,.549,15.0,+3.5,2,1,4,False,4,
2023-09-12,2023-09-11,2023,146,204,74,70,.514,20.0,1.5,3,5,8,False,E,
2023-09-12,2023-09-11,2023,121,204,65,78,.455,28.5,10.0,4,9,12,False,E,
2023-09-12,2023-09-11,2023,120,204,65,79,.451,29.0,10.5,5,10,13,False,E,
2023-09-12,2023-09-11,2023,158,205,80,63,.559,-,-,1,,3,False,-,16
2023-09-12,2023-09-11,2023,112,205,78,67,.538,3.0,+2.0,2,2,5,False,16,
2023-09-12,2023-09-11,2023,113,205,74,71,.510,7.0,2.0,3,6,9,False,12,
2023-09-12,2023-09-11,2023,134,205,66,78,.458,14.5,9.5,4,8,11,False,5,
2023-09-12,2023-09-11,2023,138,205,63,81,.438,17.5,12.5,5,11,14,False,2,
2023-09-12,2023-09-11,2023,119,203,87,56,.608,-,-,1,,2,False,-,7
2023-09-12,2023-09-11,2023,109,203,76,69,.524,12.0,-,2,3,6,False,7,
2023-09-12,2023-09-11,2023,137,203,74,70,.514,13.5,1.5,3,4,7,False,6,
2023-09-12,2023-09-11,2023,135,203,68,77,.469,20.0,8.0,4,7,10,False,E,
2023-09-12,2023-09-11,2023,115,203,51,92,.357,36.0,24.0,5,12,15,False,E,
2023-09-13,2023-09-12,2023,110,201,91,53,.632,-,-,1,,1,False,-,15
2023-09-13,2023-09-12,2023,139,201,89,57,.610,3.0,+8.5,2,1,2,False,15,
2023-09-13,2023-09-12,2023,141,201,80,65,.552,11.5,-,3,4,6,False,7,
2023-09-13,2023-09-12,2023,111,201,73,72,.503,18.5,7.0,4,5,8,False,E,
2023-09-13,2023-09-12,2023,147,201,73,72,.503,18.5,7.0,5,6,9,False,E,
2023-09-13,2023-09-12,2023,142,202,76,69,.524,-,-,1,,7,False,-,10
2023-09-13,2023-09-12,2023,114,202,69,77,.473,7.5,11.5,2,7,10,False,10,
2023-09-13,2023-09-12,2023,116,202,66,78,.458,9.5,13.5,3,9,12,False,9,
2023-09-13,2023-09-12,2023,145,202,56,89,.386,20.0,24.0,4,10,13,False,E,
2023-09-13,2023-09-12,2023,118,202,45,101,.308,31.5,35.5,5,12,15,False,E,
2023-09-13,2023-09-12,2023,117,200,82,64,.562,-,-,1,,3,False,-,17
2023-09-13,2023-09-12,2023,140,200,80,64,.556,1.0,+0.5,2,2,4,False,17,
2023-09-13,2023-09-12,2023,136,200,80,65,.552,1.5,-,3,3,5,False,16,
2023-09-13,2023-09-12,2023,108,200,68,78,.466,14.0,12.5,4,8,11,False,3,
2023-09-13,2023-09-12,2023,133,200,46,99,.317,35.5,34.0,5,11,14,False,E,
2023-09-13,2023-09-12,2023,144,204,95,50,.655,-,-,1,,1,True,-,-
2023-09-13,2023-09-12,2023,143,204,79,66,.545,16.0,+3.5,2,1,4,False,2,
2023-09-13,2023-09-12,2023,146,204,74,71,.510,21.0,1.5,3,6,9,False,E,
2023-09-13,2023-09-12,2023,121,204,66,78,.458,28.5,9.0,4,9,12,False,E,
2023-09-13,2023-09-12,2023,120,204,65,80,.448,30.0,10.5,5,10,13,False,E,
2023-09-13,2023-09-12,2023,158,205,81,63,.563,-,-,1,,3,False,-,14
2023-09-13,2023-09-12,2023,112,205,78,68,.534,4.0,+2.0,2,2,5,False,14,
2023-09-13,2023-09-12,2023,113,205,75,71,.514,7.0,1.0,3,4,7,False,11,
2023-09-13,2023-09-12,2023,134,205,67,78,.462,14.5,8.5,4,8,11,False,4,
2023-09-13,2023-09-12,2023,138,205,64,81,.441,17.5,11.5,5,11,14,False,1,
2023-09-13,2023-09-12,2023,119,203,88,56,.611,-,-,1,,2,False,-,5
2023-09-13,2023-09-12,2023,109,203,76,70,.521,13.0,-,2,3,6,False,5,
2023-09-13,2023-09-12,2023,137,203,74,71,.510,14.5,1.5,3,5,8,False,4,
2023-09-13,2023-09-12,2023,135,203,68,78,.466,21.0,8.0,4,7,10,False,E,
2023-09-13,2023-09-12,2023,115,203,52,92,.361,36.0,23.0,5,12,15,False,E,
2023-09-14,2023-09-13,2023,110,201,91,54,.628,-,-,1,,1,False,-,15
2023-09-14,2023-09-13,2023,139,201,90,57,.612,2.0,+8.5,2,1,2,False,15,
2023-09-14,2023-09-13,2023,141,201,80,66,.548,11.5,1.0,3,4,6,False,6,
2023-09-14,2023-09-13,2023,111,201,73,72,.503,18.0,7.5,4,5,8,False,E,
2023-09-14,2023-09-13,2023,147,201,73,72,.503,18.0,7.5,5,6,9,False,E,
2023-09-14,2023-09-13,2023,142,202,76,70,.521,-,-,1,,7,False,-,9
2023-09-14,2023-09-13,2023,114,202,69,78,.469,7.5,12.5,2,7,10,False,9,
2023-09-14,2023-09-13,2023,116,202,66,79,.455,9.5,14.5,3,9,12,False,8,
2023-09-14,2023-09-13,2023,145,202,56,90,.384,20.0,25.0,4,10,13,False,E,
2023-09-14,2023-09-13,2023,118,202,46,101,.313,30.5,35.5,5,12,15,False,E,
2023-09-14,2023-09-13,2023,117,200,83,64,.565,-,-,1,,3,False,-,16
2023-09-14,2023-09-13,2023,140,200,81,64,.559,1.0,+0.5,2,2,4,False,16,
2023-09-14,2023-09-13,2023,136,200,81,65,.555,1.5,-,3,3,5,False,15,
2023-09-14,2023-09-13,2023,108,200,68,79,.463,15.0,13.5,4,8,11,False,1,
2023-09-14,2023-09-13,2023,133,200,46,100,.315,36.5,35.0,5,11,14,False,E,
2023-09-14,2023-09-13,2023,144,204,96,50,.658,-,-,1,,1,True,-,-
2023-09-14,2023-09-13,2023,143,204,79,67,.541,17.0,+3.5,2,1,4,False,E,
2023-09-14,2023-09-13,2023,146,204,75,71,.514,21.0,0.5,3,6,9,False,E,
2023-09-14,2023-09-13,2023,121,204,67,78,.462,28.5,8.0,4,9,12,False,E,
2023-09-14,2023-09-13,2023,120,204,65,81,.445,31.0,10.5,5,11,14,False,E,
2023-09-14,2023-09-13,2023,158,205,81,64,.559,-,-,1,,3,False,-,13
2023-09-14,2023-09-13,2023,112,205,78,69,.531,4.0,+2.0,2,2,5,False,13,
2023-09-14,2023-09-13,2023,113,205,76,71,.517,6.0,-,3,3,6,False,11,
2023-09-14,2023-09-13,2023,134,205,68,78,.466,13.5,7.5,4,8,11,False,4,
2023-09-14,2023-09-13,2023,138,205,65,81,.445,16.5,10.5,5,10,13,False,1,
2023-09-14,2023-09-13,2023,119,203,88,57,.607,-,-,1,,2,False,-,4
2023-09-14,2023-09-13,2023,109,203,76,71,.517,13.0,-,2,4,7,False,4,
2023-09-14,2023-09-13,2023,137,203,75,71,.514,13.5,0.5,3,5,8,False,4,
2023-09-14,2023-09-13,2023,135,203,69,78,.469,20.0,7.0,4,7,10,False,E,
2023-09-14,2023-09-13,2023,115,203,53,92,.366,35.0,22.0,5,12,15,False,E,
2023-09-15,2023-09-14,2023,110,201,91,55,.623,-,-,1,,1,False,-,15
2023-09-15,2023-09-14,2023,139,201,91,57,.615,1.0,+9.0,2,1,2,False,15,
2023-09-15,2023-09-14,2023,141,201,80,67,.544,11.5,1.5,3,4,6,False,5,
2023-09-15,2023-09-14,2023,111,201,74,73,.503,17.5,7.5,4,5,8,False,E,
2023-09-15,2023-09-14,2023,147,201,74,73,.503,17.5,7.5,5,6,9,False,E,
2023-09-15,2023-09-14,2023,142,202,77,70,.524,-,-,1,,7,False,-,8
2023-09-15,2023-09-14,2023,114,202,69,78,.469,8.0,12.5,2,7,10,False,8,
2023-09-15,2023-09-14,2023,116,202,67,79,.459,9.5,14.0,3,9,12,False,7,
2023-09-15,2023-09-14,2023,145,202,56,91,.381,21.0,25.5,4,10,13,False,E,
2023-09-15,2023-09-14,2023,118,202,46,101,.313,31.0,35.5,5,12,15,False,E,
2023-09-15,2023-09-14,2023,117,200,83,64,.565,-,-,1,,3,False,-,16
2023-09-15,2023-09-14,2023,140,200,82,64,.562,0.5,+1.0,2,2,4,False,16,
2023-09-15,2023-09-14,2023,136,200,81,65,.555,1.5,-,3,3,5,False,15,
2023-09-15,2023-09-14,2023,108,200,68,79,.463,15.0,13.5,4,8,11,False,1,
2023-09-15,2023-09-14,2023,133,200,46,100,.315,36.5,35.0,5,11,14,False,E,
2023-09-15,2023-09-14,2023,144,204,96,50,.658,-,-,1,,1,True,-,-
2023-09-15,2023-09-14,2023,143,204,79,67,.541,17.0,+4.0,2,1,4,False,E,
2023-09-15,2023-09-14,2023,146,204,75,72,.510,21.5,0.5,3,6,9,False,E,
2023-09-15,2023-09-14,2023,121,204,68,78,.466,28.0,7.0,4,9,12,False,E,
2023-09-15,2023-09-14,2023,120,204,65,82,.442,31.5,10.5,5,11,14,False,E,
2023-09-15,2023-09-14,2023,158,205,82,64,.562,-,-,1,,3,False,-,12
2023-09-15,2023-09-14,2023,112,205,78,69,.531,4.5,+2.5,2,2,5,False,12,
2023-09-15,2023-09-14,2023,113,205,76,72,.514,7.0,-,3,4,7,False,9,
2023-09-15,2023-09-14,2023,134,205,69,78,.469,13.5,6.5,4,7,10,False,3,
2023-09-15,2023-09-14,2023,138,205,65,81,.445,17.0,10.0,5,10,13,False,E,
2023-09-15,2023-09-14,2023,119,203,88,57,.607,-,-,1,,2,False,-,4
2023-09-15,2023-09-14,2023,137,203,75,71,.514,13.5,-,2,3,6,False,4,
2023-09-15,2023-09-14,2023,109,203,76,72,.514,13.5,-,3,5,8,False,3,
2023-09-15,2023-09-14,2023,135,203,69,78,.469,20.0,6.5,4,8,11,False,E,
2023-09-15,2023-09-14,2023,115,203,53,92,.366,35.0,21.5,5,12,15,False,E,
2023-09-16,2023-09-15,2023,110,201,91,56,.619,-,-,1,,1,False,-,15
2023-09-16,2023-09-15,2023,139,201,92,57,.617,-,+10.0,2,1,2,False,15,
2023-09-16,2023-09-15,2023,141,201,81,67,.547,10.5,0.5,3,4,6,False,5,
2023-09-16,2023-09-15,2023,147,201,75,73,.507,16.5,6.5,4,5,8,False,E,
2023-09-16,2023-09-15,2023,111,201,74,74,.500,17.5,7.5,5,6,9,False,E,
2023-09-16,2023-09-15,2023,142,202,78,70,.527,-,-,1,,7,False,-,7
2023-09-16,2023-09-15,2023,114,202,70,78,.473,8.0,11.5,2,7,10,False,7,
2023-09-16,2023-09-15,2023,116,202,68,79,.463,9.5,13.0,3,8,11,False,6,
2023-09-16,2023-09-15,2023,145,202,56,92,.378,22.0,25.5,4,10,13,False,E,
2023-09-16,2023-09-15,2023,118,202,47,101,.318,31.0,34.5,5,11,14,False,E,
2023-09-16,2023-09-15,2023,117,200,83,65,.561,-,-,1,,3,False,-,15
2023-09-16,2023-09-15,2023,140,200,82,65,.558,0.5,+1.0,2,2,4,False,15,
2023-09-16,2023-09-15,2023,136,200,81,66,.551,1.5,-,3,3,5,False,14,
2023-09-16,2023-09-15,2023,108,200,68,80,.459,15.0,13.5,4,9,12,False,E,
2023-09-16,2023-09-15,2023,133,200,46,101,.313,36.5,35.0,5,12,15,False,E,
2023-09-16,2023-09-15,2023,144,204,96,51,.653,-,-,1,,1,True,-,-
2023-09-16,2023-09-15,2023,143,204,80,67,.544,16.0,+4.0,2,1,4,False,E,
2023-09-16,2023-09-15,2023,146,204,76,72,.514,20.5,0.5,3,5,8,False,E,
2023-09-16,2023-09-15,2023,121,204,68,79,.463,28.0,8.0,4,9,12,False,E,
2023-09-16,2023-09-15,2023,120,204,65,83,.439,31.5,11.5,5,11,14,False,E,
2023-09-16,2023-09-15,2023,158,205,83,64,.565,-,-,1,,3,False,-,10
2023-09-16,2023-09-15,2023,112,205,78,70,.527,5.5,+1.5,2,2,5,False,10,
2023-09-16,2023-09-15,2023,113,205,77,72,.517,7.0,-,3,3,6,False,8,
2023-09-16,2023-09-15,2023,134,205,69,79,.466,14.5,7.5,4,8,11,False,1,
2023-09-16,2023-09-15,2023,138,205,65,82,.442,18.0,11.0,5,10,13,False,E,
2023-09-16,2023-09-15,2023,119,203,89,57,.610,-,-,1,,2,False,-,2
2023-09-16,2023-09-15,2023,109,203,77,72,.517,13.5,-,2,4,7,False,2,
2023-09-16,2023-09-15,2023,137,203,75,72,.510,14.5,1.0,3,6,9,False,2,
2023-09-16,2023-09-15,2023,135,203,70,78,.473,20.0,6.5,4,7,10,False,E,
2023-09-16,2023-09-15,2023,115,203,54,92,.370,35.0,21.5,5,12,15,False,E,
2023-09-17,2023-09-16,2023,110,201,92,56,.622,-,-,1,,1,False,-,13
2023-09-17,2023-09-16,2023,139,201,92,58,.613,1.0,+9.5,2,1,2,False,13,
2023-09-17,2023-09-16,2023,141,201,82,67,.550,10.5,-,3,3,5,False,4,
2023-09-17,2023-09-16,2023,147,201,76,73,.510,16.5,6.0,4,5,8,False,E,
2023-09-17,2023-09-16,2023,111,201,74,75,.497,18.5,8.0,5,6,9,False,E,
2023-09-17,2023-09-16,2023,142,202,78,71,.523,-,-,1,,7,False,-,7
2023-09-17,2023-09-16,2023,114,202,71,78,.477,7.0,11.0,2,7,10,False,7,
2023-09-17,2023-09-16,2023,116,202,69,79,.466,8.5,12.5,3,8,11,False,6,
2023-09-17,2023-09-16,2023,145,202,57,92,.383,21.0,25.0,4,10,13,False,E,
2023-09-17,2023-09-16,2023,118,202,48,101,.322,30.0,34.0,5,11,14,False,E,
2023-09-17,2023-09-16,2023,117,200,83,66,.557,-,-,1,,3,False,-,14
2023-09-17,2023-09-16,2023,140,200,82,66,.554,0.5,+0.5,2,2,4,False,14,
2023-09-17,2023-09-16,2023,136,200,81,67,.547,1.5,0.5,3,4,6,False,13,
2023-09-17,2023-09-16,2023,108,200,68,81,.456,15.0,14.0,4,9,12,False,E,
2023-09-17,2023-09-16,2023,133,200,46,102,.311,36.5,35.5,5,12,15,False,E,
2023-09-17,2023-09-16,2023,144,204,96,52,.649,-,-,1,,1,True,-,-
2023-09-17,2023-09-16,2023,143,204,81,67,.547,15.0,+4.0,2,1,4,False,E,
2023-09-17,2023-09-16,2023,146,204,77,72,.517,19.5,0.5,3,5,8,False,E,
2023-09-17,2023-09-16,2023,121,204,68,80,.459,28.0,9.0,4,9,12,False,E,
2023-09-17,2023-09-16,2023,120,204,65,84,.436,31.5,12.5,5,11,14,False,E,
2023-09-17,2023-09-16,2023,158,205,84,64,.568,-,-,1,,3,False,-,8
2023-09-17,2023-09-16,2023,112,205,78,71,.523,6.5,+0.5,2,2,5,False,8,
2023-09-17,2023-09-16,2023,113,205,78,72,.520,7.0,-,3,3,6,False,7,
2023-09-17,2023-09-16,2023,134,205,69,80,.463,15.5,8.5,4,8,11,False,E,
2023-09-17,2023-09-16,2023,138,205,65,83,.439,19.0,12.0,5,10,13,False,E,
2023-09-17,2023-09-16,2023,119,203,90,57,.612,-,-,1,,2,True,-,-
2023-09-17,2023-09-16,2023,109,203,78,72,.520,13.5,-,2,4,7,False,1,
2023-09-17,2023-09-16,2023,137,203,75,74,.503,16.0,2.5,3,6,9,False,E,
2023-09-17,2023-09-16,2023,135,203,71,78,.477,20.0,6.5,4,7,10,False,E,
2023-09-17,2023-09-16,2023,115,203,56,92,.378,34.5,21.0,5,12,15,False,E,
2023-09-18,2023-09-17,2023,110,201,93,56,.624,-,-,1,,1,True,-,-
2023-09-18,2023-09-17,2023,139,201,92,59,.609,2.0,+9.0,2,1,2,True,11,
2023-09-18,2023-09-17,2023,141,201,83,67,.553,10.5,+0.5,3,2,4,False,3,
2023-09-18,2023-09-17,2023,147,201,76,74,.507,17.5,6.5,4,5,8,False,E,
2023-09-18,2023-09-17,2023,111,201,74,76,.493,19.5,8.5,5,6,9,False,E,
2023-09-18,2023-09-17,2023,142,202,79,71,.527,-,-,1,,7,False,-,6
2023-09-18,2023-09-17,2023,114,202,72,78,.480,7.0,10.5,2,7,10,False,6,
2023-09-18,2023-09-17,2023,116,202,70,79,.470,8.5,12.0,3,8,11,False,5,
2023-09-18,2023-09-17,2023,145,202,57,93,.380,22.0,25.5,4,10,13,False,E,
2023-09-18,2023-09-17,2023,118,202,48,102,.320,31.0,34.5,5,11,14,False,E,
2023-09-18,2023-09-17,2023,117,200,84,66,.560,-,-,1,,3,False,-,12
2023-09-18,2023-09-17,2023,140,200,82,67,.550,1.5,-,2,3,5,False,12,
2023-09-18,2023-09-17,2023,136,200,81,68,.544,2.5,1.0,3,4,6,False,11,
2023-09-18,2023-09-17,2023,108,200,68,82,.453,16.0,14.5,4,9,12,False,E,
2023-09-18,2023-09-17,2023,133,200,46,103,.309,37.5,36.0,5,12,15,False,E,
2023-09-18,2023-09-17,2023,144,204,96,53,.644,-,-,1,,1,True,-,-
2023-09-18,2023-09-17,2023,143,204,81,68,.544,15.0,+3.5,2,1,4,False,E,
2023-09-18,2023-09-17,2023,146,204,78,72,.520,18.5,-,3,3,6,False,E,
2023-09-18,2023-09-17,2023,121,204,69,80,.463,27.0,8.5,4,9,12,False,E,
2023-09-18,2023-09-17,2023,120,204,66,84,.440,30.5,12.0,5,11,14,False,E,
2023-09-18,2023-09-17,2023,158,205,84,65,.564,-,-,1,,3,False,-,7
2023-09-18,2023-09-17,2023,112,205,78,72,.520,6.5,-,2,4,7,False,7,
2023-09-18,2023-09-17,2023,113,205,78,73,.517,7.0,0.5,3,5,8,False,6,
2023-09-18,2023-09-17,2023,134,205,70,80,.467,14.5,8.0,4,8,11,False,E,
2023-09-18,2023-09-17,2023,138,205,66,83,.443,18.0,11.5,5,10,13,False,E,
2023-09-18,2023-09-17,2023,119,203,91,57,.615,-,-,1,,2,True,-,-
2023-09-18,2023-09-17,2023,109,203,79,72,.523,13.5,+0.5,2,2,5,False,E,
2023-09-18,2023-09-17,2023,137,203,76,74,.507,16.0,2.0,3,6,9,False,E,
2023-09-18,2023-09-17,2023,135,203,72,78,.480,20.0,6.0,4,7,10,False,E,
2023-09-18,2023-09-17,2023,115,203,56,93,.376,35.5,21.5,5,12,15,False,E,
2023-09-19,2023-09-18,2023,110,201,94,56,.627,-,-,1,,1,True,-,-
2023-09-19,2023-09-18,2023,139,201,92,59,.609,2.5,+9.5,2,1,2,True,10,
2023-09-19,2023-09-18,2023,141,201,83,67,.553,11.0,+1.0,3,2,4,False,2,
2023-09-19,2023-09-18,2023,147,201,76,74,.507,18.0,6.0,4,5,8,False,E,
2023-09-19,2023-09-18,2023,111,201,75,76,.497,19.5,7.5,5,6,9,False,E,
2023-09-19,2023-09-18,2023,142,202,79,72,.523,-,-,1,,7,False,-,5
2023-09-19,2023-09-18,2023,114,202,72,79,.477,7.0,10.5,2,7,10,False,5,
2023-09-19,2023-09-18,2023,116,202,70,80,.467,8.5,12.0,3,8,11,False,4,
2023-09-19,2023-09-18,2023,145,202,58,93,.384,21.0,24.5,4,10,13,False,E,
2023-09-19,2023-09-18,2023,118,202,49,102,.325,30.0,33.5,5,11,14,False,E,
2023-09-19,2023-09-18,2023,117,200,84,67,.556,-,-,1,,3,False,-,11
2023-09-19,2023-09-18,2023,140,200,82,68,.547,1.5,-,2,3,5,False,11,
2023-09-19,2023-09-18,2023,136,200,82,68,.547,1.5,-,3,4,6,False,11,
2023-09-19,2023-09-18,2023,108,200,68,82,.453,15.5,14.0,4,9,12,False,E,
2023-09-19,2023-09-18,2023,133,200,46,104,.307,37.5,36.0,5,12,15,False,E,
2023-09-19,2023-09-18,2023,144,204,96,54,.640,-,-,1,,1,True,-,-
2023-09-19,2023-09-18,2023,143,204,82,68,.547,14.0,+4.0,2,1,4,False,E,
2023-09-19,2023-09-18,2023,146,204,78,73,.517,18.5,0.5,3,5,8,False,E,
2023-09-19,2023-09-18,2023,121,204,70,80,.467,26.0,8.0,4,8,11,False,E,
2023-09-19,2023-09-18,2023,120,204,66,85,.437,30.5,12.5,5,11,14,False,E,
2023-09-19,2023-09-18,2023,158,205,84,66,.560,-,-,1,,3,False,-,7
2023-09-19,2023-09-18,2023,112,205,78,72,.520,6.0,-,2,3,6,False,7,
2023-09-19,2023-09-18,2023,113,205,79,73,.520,6.0,-,3,4,7,False,6,
2023-09-19,2023-09-18,2023,134,205,70,80,.467,14.0,8.0,4,9,12,False,E,
2023-09-19,2023-09-18,2023,138,205,67,83,.447,17.0,11.0,5,10,13,False,E,
2023-09-19,2023-09-18,2023,119,203,92,57,.617,-,-,1,,2,True,-,-
2023-09-19,2023-09-18,2023,109,203,79,72,.523,14.0,+0.5,2,2,5,False,E,
2023-09-19,2023-09-18,2023,137,203,76,74,.507,16.5,2.0,3,6,9,False,E,
2023-09-19,2023-09-18,2023,135,203,73,78,.483,20.0,5.5,4,7,10,False,E,
2023-09-19,2023-09-18,2023,115,203,56,94,.373,36.5,22.0,5,12,15,False,E,
2023-09-20,2023-09-19,2023,110,201,95,56,.629,-,-,1,,1,True,-,-
2023-09-20,2023-09-19,2023,139,201,93,59,.612,2.5,+9.5,2,1,2,True,9,
2023-09-20,2023-09-19,2023,141,201,84,67,.556,11.0,+1.0,3,2,3,False,1,
2023-09-20,2023-09-19,2023,147,201,76,75,.503,19.0,7.0,4,5,8,False,E,
2023-09-20,2023-09-19,2023,111,201,75,77,.493,20.5,8.5,5,6,9,False,E,
2023-09-20,2023-09-19,2023,142,202,80,72,.526,-,-,1,,7,False,-,3
2023-09-20,2023-09-19,2023,114,202,72,80,.474,8.0,11.5,2,7,10,False,3,
2023-09-20,2023-09-19,2023,116,202,70,81,.464,9.5,13.0,3,8,11,False,2,
2023-09-20,2023-09-19,2023,145,202,58,94,.382,22.0,25.5,4,10,13,False,E,
2023-09-20,2023-09-19,2023,118,202,50,102,.329,30.0,33.5,5,11,14,False,E,
2023-09-20,2023-09-19,2023,117,200,84,68,.553,-,-,1,,4,False,-,11
2023-09-20,2023-09-19,2023,140,200,83,68,.550,0.5,-,2,3,5,False,11,
2023-09-20,2023-09-19,2023,136,200,83,68,.550,0.5,-,3,4,6,False,11,
2023-09-20,2023-09-19,2023,108,200,68,83,.450,15.5,15.0,4,9,12,False,E,
2023-09-20,2023-09-19,2023,133,200,46,105,.305,37.5,37.0,5,12,15,False,E,
2023-09-20,2023-09-19,2023,144,204,97,54,.642,-,-,1,,1,True,-,-
2023-09-20,2023-09-19,2023,143,204,82,69,.543,15.0,+3.0,2,1,4,False,E,
2023-09-20,2023-09-19,2023,146,204,79,73,.520,18.5,0.5,3,4,7,False,E,
2023-09-20,2023-09-19,2023,121,204,70,81,.464,27.0,9.0,4,8,11,False,E,
2023-09-20,2023-09-19,2023,120,204,67,85,.441,30.5,12.5,5,11,14,False,E,
2023-09-20,2023-09-19,2023,158,205,85,66,.563,-,-,1,,3,False,-,6
2023-09-20,2023-09-19,2023,112,205,79,72,.523,6.0,-,2,3,6,False,6,
2023-09-20,2023-09-19,2023,113,205,79,74,.516,7.0,1.0,3,5,8,False,4,
2023-09-20,2023-09-19,2023,134,205,70,81,.464,15.0,9.0,4,9,12,False,E,
2023-09-20,2023-09-19,2023,138,205,67,84,.444,18.0,12.0,5,10,13,False,E,
2023-09-20,2023-09-19,2023,119,203,93,57,.620,-,-,1,,2,True,-,-
2023-09-20,2023-09-19,2023,109,203,80,72,.526,14.0,+0.5,2,2,5,False,E,
2023-09-20,2023-09-19,2023,137,203,76,75,.503,17.5,3.0,3,6,9,False,E,
2023-09-20,2023-09-19,2023,135,203,74,78,.487,20.0,5.5,4,7,10,False,E,
2023-09-20,2023-09-19,2023,115,203,56,95,.371,37.5,23.0,5,12,15,False,E,
2023-09-21,2023-09-20,2023,110,201,95,57,.625,-,-,1,,1,True,-,-
2023-09-21,2023-09-20,2023,139,201,93,60,.608,2.5,+8.5,2,1,2,True,8,
2023-09-21,2023-09-20,2023,141,201,85,67,.559,10.0,+1.0,3,2,3,False,1,
2023-09-21,2023-09-20,2023,147,201,76,76,.500,19.0,8.0,4,5,8,False,E,
2023-09-21,2023-09-20,2023,111,201,75,78,.490,20.5,9.5,5,6,9,False,E,
2023-09-21,2023-09-20,2023,142,202,81,72,.529,-,-,1,,7,False,-,1
2023-09-21,2023-09-20,2023,114,202,72,81,.471,9.0,12.5,2,7,10,False,1,
2023-09-21,2023-09-20,2023,116,202,71,81,.467,9.5,13.0,3,8,11,False,1,
2023-09-21,2023-09-20,2023,145,202,58,95,.379,23.0,26.5,4,10,13,False,E,
2023-09-21,2023-09-20,2023,118,202,51,102,.333,30.0,33.5,5,11,14,False,E,
2023-09-21,2023-09-20,2023,117,200,85,68,.556,-,-,1,,4,False,-,10
2023-09-21,2023-09-20,2023,140,200,84,68,.553,0.5,-,2,3,5,False,10,
2023-09-21,2023-09-20,2023,136,200,84,68,.553,0.5,-,3,4,6,False,10,
2023-09-21,2023-09-20,2023,108,200,69,83,.454,15.5,15.0,4,9,12,False,E,
2023-09-21,2023-09-20,2023,133,200,46,106,.303,38.5,38.0,5,12,15,False,E,
2023-09-21,2023-09-20,2023,144,204,97,55,.638,-,-,1,,1,True,-,-
2023-09-21,2023-09-20,2023,143,204,83,69,.546,14.0,+4.0,2,1,4,False,E,
2023-09-21,2023-09-20,2023,146,204,79,74,.516,18.5,0.5,3,4,7,False,E,
2023-09-21,2023-09-20,2023,121,204,71,81,.467,26.0,8.0,4,8,11,False,E,
2023-09-21,2023-09-20,2023,120,204,68,85,.444,29.5,11.5,5,10,13,False,E,
2023-09-21,2023-09-20,2023,158,205,86,66,.566,-,-,1,,3,False,-,4
2023-09-21,2023-09-20,2023,112,205,79,73,.520,7.0,-,2,3,6,False,4,
2023-09-21,2023-09-20,2023,113,205,79,75,.513,8.0,1.0,3,5,8,False,2,
2023-09-21,2023-09-20,2023,134,205,71,81,.467,15.0,8.0,4,9,12,False,E,
2023-09-21,2023-09-20,2023,138,205,67,85,.441,19.0,12.0,5,11,14,False,E,
2023-09-21,2023-09-20,2023,119,203,93,58,.616,-,-,1,,2,True,-,-
2023-09-21,2023-09-20,2023,109,203,81,72,.529,13.0,+1.5,2,2,5,False,E,
2023-09-21,2023-09-20,2023,137,203,76,76,.500,17.5,3.0,3,6,9,False,E,
2023-09-21,2023-09-20,2023,135,203,75,78,.490,19.0,4.5,4,7,10,False,E,
2023-09-21,2023-09-20,2023,115,203,56,96,.368,37.5,23.0,5,12,15,False,E,
2023-09-22,2023-09-21,2023,110,201,95,58,.621,-,-,1,,1,True,-,-
2023-09-22,2023-09-21,2023,139,201,94,60,.610,1.5,+9.0,2,1,2,True,8,
2023-09-22,2023-09-21,2023,141,201,85,68,.556,10.0,+0.5,3,2,3,False,E,
2023-09-22,2023-09-21,2023,147,201,77,76,.503,18.0,7.5,4,5,8,False,E,
2023-09-22,2023-09-21,2023,111,201,75,78,.490,20.0,9.5,5,6,9,False,E,
2023-09-22,2023-09-21,2023,142,202,81,72,.529,-,-,1,,7,False,-,1
2023-09-22,2023-09-21,2023,114,202,73,81,.474,8.5,12.0,2,7,10,False,1,
2023-09-22,2023-09-21,2023,116,202,72,81,.471,9.0,12.5,3,8,11,False,1,
2023-09-22,2023-09-21,2023,145,202,58,95,.379,23.0,26.5,4,10,13,False,E,
2023-09-22,2023-09-21,2023,118,202,51,102,.333,30.0,33.5,5,11,14,False,E,
2023-09-22,2023-09-21,2023,117,200,85,68,.556,-,-,1,,4,False,-,10
2023-09-22,2023-09-21,2023,140,200,84,68,.553,0.5,-,2,3,5,False,10,
2023-09-22,2023-09-21,2023,136,200,84,68,.553,0.5,-,3,4,6,False,10,
2023-09-22,2023-09-21,2023,108,200,69,84,.451,16.0,15.5,4,9,12,False,E,
2023-09-22,2023-09-21,2023,133,200,46,107,.301,39.0,38.5,5,12,15,False,E,
2023-09-22,2023-09-21,2023,144,204,98,55,.641,-,-,1,,1,True,-,-
2023-09-22,2023-09-21,2023,143,204,84,69,.549,14.0,+5.0,2,1,4,False,E,
2023-09-22,2023-09-21,2023,146,204,79,74,.516,19.0,-,3,3,6,False,E,
2023-09-22,2023-09-21,2023,121,204,71,82,.464,27.0,8.0,4,9,12,False,E,
2023-09-22,2023-09-21,2023,120,204,68,86,.442,30.5,11.5,5,10,13,False,E,
2023-09-22,2023-09-21,2023,158,205,87,66,.569,-,-,1,,3,False,-,2
2023-09-22,2023-09-21,2023,112,205,79,74,.516,8.0,-,2,4,7,False,2,
2023-09-22,2023-09-21,2023,113,205,79,75,.513,8.5,0.5,3,5,8,False,1,
2023-09-22,2023-09-21,2023,134,205,72,81,.471,15.0,7.0,4,8,11,False,E,
2023-09-22,2023-09-21,2023,138,205,67,86,.438,20.0,12.0,5,11,14,False,E,
2023-09-22,2023-09-21,2023,119,203,94,58,.618,-,-,1,,2,True,-,-
2023-09-22,2023-09-21,2023,109,203,81,72,.529,13.5,+2.0,2,2,5,False,E,
2023-09-22,2023-09-21,2023,137,203,76,77,.497,18.5,3.0,3,6,9,False,E,
2023-09-22,2023-09-21,2023,135,203,75,78,.490,19.5,4.0,4,7,10,False,E,
2023-09-22,2023-09-21,2023,115,203,56,96,.368,38.0,22.5,5,12,15,False,E,
2023-09-23,2023-09-22,2023,110,201,95,59,.617,-,-,1,,1,True,-,-
2023-09-23,2023-09-22,2023,139,201,94,61,.606,1.5,+8.5,2,1,2,True,7,
2023-09-23,2023-09-22,2023,141,201,86,68,.558,9.0,+1.0,3,2,3,False,E,
2023-09-23,2023-09-22,2023,147,201,78,76,.506,17.0,7.0,4,5,8,False,E,
2023-09-23,2023-09-22,2023,111,201,76,78,.494,19.0,9.0,5,6,9,False,E,
2023-09-23,2023-09-22,2023,142,202,82,72,.532,-,-,1,,7,True,-,-
2023-09-23,2023-09-22,2023,114,202,74,81,.477,8.5,11.5,2,7,10,False,E,
2023-09-23,2023-09-22,2023,116,202,72,82,.468,10.0,13.0,3,8,11,False,E,
2023-09-23,2023-09-22,2023,145,202,58,96,.377,24.0,27.0,4,10,13,False,E,
2023-09-23,2023-09-22,2023,118,202,52,102,.338,30.0,33.0,5,11,14,False,E,
2023-09-23,2023-09-22,2023,140,200,85,68,.556,-,-,1,,4,False,-,9
2023-09-23,2023-09-22,2023,117,200,85,69,.552,0.5,-,2,3,5,False,9,
2023-09-23,2023-09-22,2023,136,200,84,69,.549,1.0,0.5,3,4,6,False,9,
2023-09-23,2023-09-22,2023,108,200,69,85,.448,16.5,16.0,4,9,12,False,E,
2023-09-23,2023-09-22,2023,133,200,47,107,.305,38.5,38.0,5,12,15,False,E,
2023-09-23,2023-09-22,2023,144,204,99,55,.643,-,-,1,,1,True,-,-
2023-09-23,2023-09-22,2023,143,204,85,69,.552,14.0,+5.0,2,1,4,False,E,
2023-09-23,2023-09-22,2023,146,204,79,75,.513,20.0,1.0,3,4,7,False,E,
2023-09-23,2023-09-22,2023,121,204,71,83,.461,28.0,9.0,4,9,12,False,E,
2023-09-23,2023-09-22,2023,120,204,68,87,.439,31.5,12.5,5,10,13,False,E,
2023-09-23,2023-09-22,2023,158,205,88,66,.571,-,-,1,,3,True,-,-
2023-09-23,2023-09-22,2023,112,205,80,74,.519,8.0,-,2,3,6,False,1,
2023-09-23,2023-09-22,2023,113,205,79,76,.510,9.5,1.5,3,5,8,False,E,
2023-09-23,2023-09-22,2023,134,205,73,81,.474,15.0,7.0,4,8,11,False,E,
2023-09-23,2023-09-22,2023,138,205,67,87,.435,21.0,13.0,5,11,14,False,E,
2023-09-23,2023-09-22,2023,119,203,94,59,.614,-,-,1,,2,True,-,-
2023-09-23,2023-09-22,2023,109,203,81,73,.526,13.5,+1.0,2,2,5,False,E,
2023-09-23,2023-09-22,2023,137,203,77,77,.500,17.5,3.0,3,6,9,False,E,
2023-09-23,2023-09-22,2023,135,203,76,78,.494,18.5,4.0,4,7,10,False,E,
2023-09-23,2023-09-22,2023,115,203,56,97,.366,38.0,23.5,5,12,15,False,E,
2023-09-24,2023-09-23,2023,110,201,96,59,.619,-,-,1,,1,True,-,-
2023-09-24,2023-09-23,2023,139,201,95,61,.609,1.5,+9.5,2,1,2,True,6,
2023-09-24,2023-09-23,2023,141,201,86,69,.555,10.0,+1.0,3,2,4,False,E,
2023-09-24,2023-09-23,2023,147,201,78,76,.506,17.5,6.5,4,5,8,False,E,
2023-09-24,2023-09-23,2023,111,201,76,79,.490,20.0,9.0,5,6,9,False,E,
2023-09-24,2023-09-23,2023,142,202,82,73,.529,-,-,1,,7,True,-,-
2023-09-24,2023-09-23,2023,114,202,74,82,.474,8.5,11.5,2,7,10,False,E,
2023-09-24,2023-09-23,2023,116,202,72,83,.465,10.0,13.0,3,8,11,False,E,
2023-09-24,2023-09-23,2023,145,202,59,96,.381,23.0,26.0,4,10,13,False,E,
2023-09-24,2023-09-23,2023,118,202,53,102,.342,29.0,32.0,5,11,14,False,E,
2023-09-24,2023-09-23,2023,140,200,86,68,.558,-,-,1,,3,False,-,7
2023-09-24,2023-09-23,2023,117,200,85,70,.548,1.5,-,2,3,5,False,7,
2023-09-24,2023-09-23,2023,136,200,84,70,.545,2.0,0.5,3,4,6,False,7,
2023-09-24,2023-09-23,2023,108,200,70,85,.452,16.5,15.0,4,9,12,False,E,
2023-09-24,2023-09-23,2023,133,200,48,107,.310,38.5,37.0,5,12,15,False,E,
2023-09-24,2023-09-23,2023,144,204,99,55,.643,-,-,1,,1,True,-,-
2023-09-24,2023-09-23,2023,143,204,86,69,.555,13.5,+5.0,2,1,4,False,E,
2023-09-24,2023-09-23,2023,146,204,80,75,.516,19.5,1.0,3,4,7,False,E,
2023-09-24,2023-09-23,2023,121,204,71,84,.458,28.5,10.0,4,9,12,False,E,
2023-09-24,2023-09-23,2023,120,204,68,87,.439,31.5,13.0,5,11,14,False,E,
2023-09-24,2023-09-23,2023,158,205,88,67,.568,-,-,1,,3,True,-,-
2023-09-24,2023-09-23,2023,112,205,81,74,.523,7.0,-,2,3,6,False,1,
2023-09-24,2023-09-23,2023,113,205,79,77,.506,9.5,2.5,3,5,8,False,E,
2023-09-24,2023-09-23,2023,134,205,74,81,.477,14.0,7.0,4,8,11,False,E,
2023-09-24,2023-09-23,2023,138,205,68,87,.439,20.0,13.0,5,10,13,False,E,
2023-09-24,2023-09-23,2023,119,203,95,59,.617,-,-,1,,2,True,-,-
2023-09-24,2023-09-23,2023,109,203,81,73,.526,14.0,+0.5,2,2,5,False,E,
2023-09-24,2023-09-23,2023,137,203,77,78,.497,18.5,4.0,3,6,9,False,E,
2023-09-24,2023-09-23,2023,135,203,76,79,.490,19.5,5.0,4,7,10,False,E,
2023-09-24,2023-09-23,2023,115,203,56,98,.364,39.0,24.5,5,12,15,False,E,
2023-09-25,2023-09-24,2023,110,201,97,59,.622,-,-,1,,1,True,-,-
2023-09-25,2023-09-24,2023,139,201,95,62,.605,2.5,+9.5,2,1,2,True,4,
2023-09-25,2023-09-24,2023,141,201,87,69,.558,10.0,+2.0,3,2,4,False,E,
2023-09-25,2023-09-24,2023,147,201,78,77,.503,18.5,6.5,4,5,8,False,E,
2023-09-25,2023-09-24,2023,111,201,76,80,.487,21.0,9.0,5,6,9,False,E,
2023-09-25,2023-09-24,2023,142,202,83,73,.532,-,-,1,,7,True,-,-
2023-09-25,2023-09-24,2023,114,202,74,83,.471,9.5,11.5,2,7,10,False,E,
2023-09-25,2023-09-24,2023,116,202,73,83,.468,10.0,12.0,3,8,11,False,E,
2023-09-25,2023-09-24,2023,145,202,60,96,.385,23.0,25.0,4,10,13,False,E,
2023-09-25,2023-09-24,2023,118,202,54,102,.346,29.0,31.0,5,11,14,False,E,
2023-09-25,2023-09-24,2023,140,200,87,68,.561,-,-,1,,3,False,-,5
2023-09-25,2023-09-24,2023,117,200,85,71,.545,2.5,-,2,3,5,False,5,
2023-09-25,2023-09-24,2023,136,200,84,71,.542,3.0,0.5,3,4,6,False,5,
2023-09-25,2023-09-24,2023,108,200,70,86,.449,17.5,15.0,4,9,12,False,E,
2023-09-25,2023-09-24,2023,133,200,48,108,.308,39.5,37.0,5,12,15,False,E,
2023-09-25,2023-09-24,2023,144,204,100,56,.641,-,-,1,,1,True,-,-
2023-09-25,2023-09-24,2023,143,204,87,69,.558,13.0,+5.0,2,1,4,False,E,
2023-09-25,2023-09-24,2023,146,204,81,75,.519,19.0,1.0,3,4,7,False,E,
2023-09-25,2023-09-24,2023,121,204,71,85,.455,29.0,11.0,4,9,12,False,E,
2023-09-25,2023-09-24,2023,120,204,69,88,.439,31.5,13.5,5,10,13,False,E,
2023-09-25,2023-09-24,2023,158,205,88,68,.564,-,-,1,,3,True,-,-
2023-09-25,2023-09-24,2023,112,205,82,74,.526,6.0,-,2,3,6,False,1,
2023-09-25,2023-09-24,2023,113,205,80,77,.510,8.5,2.5,3,5,8,False,E,
2023-09-25,2023-09-24,2023,134,205,74,82,.474,14.0,8.0,4,8,11,False,E,
2023-09-25,2023-09-24,2023,138,205,68,88,.436,20.0,14.0,5,11,14,False,E,
2023-09-25,2023-09-24,2023,119,203,96,59,.619,-,-,1,,2,True,-,-
2023-09-25,2023-09-24,2023,109,203,82,73,.529,14.0,+0.5,2,2,5,False,E,
2023-09-25,2023-09-24,2023,135,203,77,79,.494,19.5,5.0,3,6,9,False,E,
2023-09-25,2023-09-24,2023,137,203,77,79,.494,19.5,5.0,4,7,10,False,E,
2023-09-25,2023-09-24,2023,115,203,56,99,.361,40.0,25.5,5,12,15,False,E,
2023-09-26,2023-09-25,2023,110,201,97,59,.622,-,-,1,,1,True,-,-
2023-09-26,2023-09-25,2023,139,201,95,62,.605,2.5,+9.0,2,1,2,True,4,
2023-09-26,2023-09-25,2023,141,201,87,69,.558,10.0,+1.5,3,2,4,False,E,
2023-09-26,2023-09-25,2023,147,201,79,77,.506,18.0,6.5,4,5,8,False,E,
2023-09-26,2023-09-25,2023,111,201,76,80,.487,21.0,9.5,5,6,9,False,E,
2023-09-26,2023-09-25,2023,142,202,83,73,.532,-,-,1,,7,True,-,-
2023-09-26,2023-09-25,2023,114,202,74,83,.471,9.5,12.0,2,7,10,False,E,
2023-09-26,2023-09-25,2023,116,202,73,83,.468,10.0,12.5,3,8,11,False,E,
2023-09-26,2023-09-25,2023,145,202,60,96,.385,23.0,25.5,4,10,13,False,E,
2023-09-26,2023-09-25,2023,118,202,54,102,.346,29.0,31.5,5,11,14,False,E,
2023-09-26,2023-09-25,2023,140,200,88,68,.564,-,-,1,,3,False,-,4
2023-09-26,2023-09-25,2023,117,200,86,71,.548,2.5,-,2,3,5,False,4,
2023-09-26,2023-09-25,2023,136,200,84,72,.538,4.0,1.5,3,4,6,False,3,
2023-09-26,2023-09-25,2023,108,200,70,87,.446,18.5,16.0,4,9,12,False,E,
2023-09-26,2023-09-25,2023,133,200,48,108,.308,40.0,37.5,5,12,15,False,E,
2023-09-26,2023-09-25,2023,144,204,100,56,.641,-,-,1,,1,True,-,-
2023-09-26,2023-09-25,2023,143,204,87,69,.558,13.0,+5.0,2,1,4,False,E,
2023-09-26,2023-09-25,2023,146,204,81,75,.519,19.0,1.0,3,4,7,False,E,
2023-09-26,2023-09-25,2023,121,204,71,85,.455,29.0,11.0,4,9,12,False,E,
2023-09-26,2023-09-25,2023,120,204,69,88,.439,31.5,13.5,5,10,13,False,E,
2023-09-26,2023-09-25,2023,158,205,88,68,.564,-,-,1,,3,True,-,-
2023-09-26,2023-09-25,2023,112,205,82,74,.526,6.0,-,2,3,6,False,1,
2023-09-26,2023-09-25,2023,113,205,80,77,.510,8.5,2.5,3,5,8,False,E,
2023-09-26,2023-09-25,2023,134,205,74,82,.474,14.0,8.0,4,8,11,False,E,
2023-09-26,2023-09-25,2023,138,205,68,88,.436,20.0,14.0,5,11,14,False,E,
2023-09-26,2023-09-25,2023,119,203,96,59,.619,-,-,1,,2,True,-,-
2023-09-26,2023-09-25,2023,109,203,82,74,.526,14.5,-,2,2,5,False,E,
2023-09-26,2023-09-25,2023,137,203,78,79,.497,19.0,4.5,3,6,9,False,E,
2023-09-26,2023-09-25,2023,135,203,77,80,.490,20.0,5.5,4,7,10,False,E,
2023-09-26,2023-09-25,2023,115,203,56,99,.361,40.0,25.5,5,12,15,False,E,
2023-09-27,2023-09-26,2023,110,201,98,59,.624,-,-,1,,1,True,-,-
2023-09-27,2023-09-26,2023,139,201,96,62,.608,2.5,+10.0,2,1,2,True,3,
2023-09-27,2023-09-26,2023,141,201,87,70,.554,11.0,+1.5,3,2,4,False,E,
2023-09-27,2023-09-26,2023,147,201,80,77,.510,18.0,5.5,4,5,8,False,E,
2023-09-27,2023-09-26,2023,111,201,76,81,.484,22.0,9.5,5,6,9,False,E,
2023-09-27,2023-09-26,2023,142,202,84,73,.535,-,-,1,,7,True,-,-
2023-09-27,2023-09-26,2023,116,202,74,83,.471,10.0,11.5,2,7,10,False,E,
2023-09-27,2023-09-26,2023,114,202,74,84,.468,10.5,12.0,3,8,11,False,E,
2023-09-27,2023-09-26,2023,145,202,60,97,.382,24.0,25.5,4,10,13,False,E,
2023-09-27,2023-09-26,2023,118,202,54,103,.344,30.0,31.5,5,11,14,False,E,
2023-09-27,2023-09-26,2023,140,200,88,69,.561,-,-,1,,3,False,-,3
2023-09-27,2023-09-26,2023,117,200,86,72,.544,2.5,-,2,3,5,False,3,
2023-09-27,2023-09-26,2023,136,200,85,72,.541,3.0,0.5,3,4,6,False,3,
2023-09-27,2023-09-26,2023,108,200,71,87,.449,17.5,15.0,4,9,12,False,E,
2023-09-27,2023-09-26,2023,133,200,48,109,.306,40.0,37.5,5,12,15,False,E,
2023-09-27,2023-09-26,2023,144,204,101,56,.643,-,-,1,,1,True,-,-
2023-09-27,2023-09-26,2023,143,204,88,69,.561,13.0,+6.0,2,1,4,True,E,
2023-09-27,2023-09-26,2023,146,204,81,75,.519,19.5,0.5,3,4,7,False,E,
2023-09-27,2023-09-26,2023,121,204,71,85,.455,29.5,10.5,4,9,12,False,E,
2023-09-27,2023-09-26,2023,120,204,69,89,.437,32.5,13.5,5,11,14,False,E,
2023-09-27,2023-09-26,2023,158,205,88,69,.561,-,-,1,,3,True,-,-
2023-09-27,2023-09-26,2023,112,205,82,75,.522,6.0,-,2,3,6,False,E,
2023-09-27,2023-09-26,2023,113,205,81,77,.513,7.5,1.5,3,5,8,False,E,
2023-09-27,2023-09-26,2023,134,205,74,83,.471,14.0,8.0,4,8,11,False,E,
2023-09-27,2023-09-26,2023,138,205,69,88,.439,19.0,13.0,5,10,13,False,E,
2023-09-27,2023-09-26,2023,119,203,97,60,.618,-,-,1,,2,True,-,-
2023-09-27,2023-09-26,2023,109,203,83,74,.529,14.0,+1.0,2,2,5,False,E,
2023-09-27,2023-09-26,2023,135,203,78,80,.494,19.5,4.5,3,6,9,False,E,
2023-09-27,2023-09-26,2023,137,203,78,80,.494,19.5,4.5,4,7,10,False,E,
2023-09-27,2023-09-26,2023,115,203,57,100,.363,40.0,25.0,5,12,15,False,E,
2023-09-28,2023-09-27,2023,110,201,99,59,.627,-,-,1,,1,True,-,-
2023-09-28,2023-09-27,2023,139,201,97,62,.610,2.5,+10.0,2,1,2,True,2,
2023-09-28,2023-09-27,2023,141,201,87,71,.551,12.0,+0.5,3,2,4,False,E,
2023-09-28,2023-09-27,2023,147,201,81,77,.513,18.0,5.5,4,5,8,False,E,
2023-09-28,2023-09-27,2023,111,201,76,82,.481,23.0,10.5,5,6,9,False,E,
2023-09-28,2023-09-27,2023,142,202,85,73,.538,-,-,1,,7,True,-,-
2023-09-28,2023-09-27,2023,116,202,75,83,.475,10.0,11.5,2,7,10,False,E,
2023-09-28,2023-09-27,2023,114,202,75,84,.472,10.5,12.0,3,8,11,False,E,
2023-09-28,2023-09-27,2023,145,202,60,98,.380,25.0,26.5,4,10,13,False,E,
2023-09-28,2023-09-27,2023,118,202,54,104,.342,31.0,32.5,5,11,14,False,E,
2023-09-28,2023-09-27,2023,140,200,89,69,.563,-,-,1,,3,False,-,2
2023-09-28,2023-09-27,2023,117,200,87,72,.547,2.5,-,2,3,5,False,2,
2023-09-28,2023-09-27,2023,136,200,85,73,.538,4.0,1.5,3,4,6,False,1,
2023-09-28,2023-09-27,2023,108,200,71,88,.447,18.5,16.0,4,9,12,False,E,
2023-09-28,2023-09-27,2023,133,200,48,110,.304,41.0,38.5,5,12,15,False,E,
2023-09-28,2023-09-27,2023,144,204,102,56,.646,-,-,1,,1,True,-,-
2023-09-28,2023-09-27,2023,143,204,89,69,.563,13.0,+7.0,2,1,4,True,E,
2023-09-28,2023-09-27,2023,146,204,82,76,.519,20.0,-,3,3,6,False,E,
2023-09-28,2023-09-27,2023,121,204,72,86,.456,30.0,10.0,4,9,12,False,E,
2023-09-28,2023-09-27,2023,120,204,69,90,.434,33.5,13.5,5,11,14,False,E,
2023-09-28,2023-09-27,2023,158,205,89,69,.563,-,-,1,,3,True,-,-
2023-09-28,2023-09-27,2023,112,205,82,76,.519,7.0,-,2,4,7,False,E,
2023-09-28,2023-09-27,2023,113,205,81,78,.509,8.5,1.5,3,5,8,False,E,
2023-09-28,2023-09-27,2023,134,205,74,84,.468,15.0,8.0,4,8,11,False,E,
2023-09-28,2023-09-27,2023,138,205,69,89,.437,20.0,13.0,5,10,13,False,E,
2023-09-28,2023-09-27,2023,119,203,98,60,.620,-,-,1,,2,True,-,-
2023-09-28,2023-09-27,2023,109,203,84,74,.532,14.0,+2.0,2,2,5,False,E,
2023-09-28,2023-09-27,2023,135,203,79,80,.497,19.5,3.5,3,6,9,False,E,
2023-09-28,2023-09-27,2023,137,203,78,81,.491,20.5,4.5,4,7,10,False,E,
2023-09-28,2023-09-27,2023,115,203,57,101,.361,41.0,25.0,5,12,15,False,E,
2023-09-29,2023-09-28,2023,110,201,100,59,.629,-,-,1,,1,True,-,-
2023-09-29,2023-09-28,2023,139,201,97,62,.610,3.0,+10.0,2,1,2,True,1,
2023-09-29,2023-09-28,2023,141,201,88,71,.553,12.0,+1.0,3,2,4,False,E,
2023-09-29,2023-09-28,2023,147,201,81,78,.509,19.0,6.0,4,5,8,False,E,
2023-09-29,2023-09-28,2023,111,201,76,83,.478,24.0,11.0,5,6,9,False,E,
2023-09-29,2023-09-28,2023,142,202,85,74,.535,-,-,1,,7,True,-,-
2023-09-29,2023-09-28,2023,116,202,76,83,.478,9.0,11.0,2,7,10,False,E,
2023-09-29,2023-09-28,2023,114,202,75,84,.472,10.0,12.0,3,8,11,False,E,
2023-09-29,2023-09-28,2023,145,202,61,98,.384,24.0,26.0,4,10,13,False,E,
2023-09-29,2023-09-28,2023,118,202,54,105,.340,31.0,33.0,5,11,14,False,E,
2023-09-29,2023-09-28,2023,140,200,89,70,.560,-,-,1,,3,False,-,2
2023-09-29,2023-09-28,2023,117,200,87,72,.547,2.0,-,2,3,5,False,2,
2023-09-29,2023-09-28,2023,136,200,86,73,.541,3.0,1.0,3,4,6,False,1,
2023-09-29,2023-09-28,2023,108,200,71,88,.447,18.0,16.0,4,9,12,False,E,
2023-09-29,2023-09-28,2023,133,200,49,110,.308,40.0,38.0,5,12,15,False,E,
2023-09-29,2023-09-28,2023,144,204,103,56,.648,-,-,1,,1,True,-,-
2023-09-29,2023-09-28,2023,143,204,89,70,.560,14.0,+7.0,2,1,4,True,E,
2023-09-29,2023-09-28,2023,146,204,82,77,.516,21.0,-,3,3,6,False,E,
2023-09-29,2023-09-28,2023,121,204,73,86,.459,30.0,9.0,4,9,12,False,E,
2023-09-29,2023-09-28,2023,120,204,69,90,.434,34.0,13.0,5,11,14,False,E,
2023-09-29,2023-09-28,2023,158,205,90,69,.566,-,-,1,,3,True,-,-
2023-09-29,2023-09-28,2023,112,205,82,77,.516,8.0,-,2,4,7,False,E,
2023-09-29,2023-09-28,2023,113,205,81,78,.509,9.0,1.0,3,5,8,False,E,
2023-09-29,2023-09-28,2023,134,205,75,84,.472,15.0,7.0,4,8,11,False,E,
2023-09-29,2023-09-28,2023,138,205,69,90,.434,21.0,13.0,5,10,13,False,E,
2023-09-29,2023-09-28,2023,119,203,98,61,.616,-,-,1,,2,True,-,-
2023-09-29,2023-09-28,2023,109,203,84,75,.528,14.0,+2.0,2,2,5,False,E,
2023-09-29,2023-09-28,2023,135,203,79,80,.497,19.0,3.0,3,6,9,False,E,
2023-09-29,2023-09-28,2023,137,203,78,81,.491,20.0,4.0,4,7,10,False,E,
2023-09-29,2023-09-28,2023,115,203,58,101,.365,40.0,24.0,5,12,15,False,E,
2023-09-30,2023-09-29,2023,110,201,100,60,.625,-,-,1,,1,True,-,-
2023-09-30,2023-09-29,2023,139,201,97,63,.606,3.0,+9.0,2,1,2,True,E,
2023-09-30,2023-09-29,2023,141,201,89,71,.556,11.0,+1.0,3,2,4,False,E,
2023-09-30,2023-09-29,2023,147,201,81,79,.506,19.0,7.0,4,5,8,False,E,
2023-09-30,2023-09-29,2023,111,201,77,83,.481,23.0,11.0,5,6,9,False,E,
2023-09-30,2023-09-29,2023,142,202,86,74,.538,-,-,1,,7,True,-,-
2023-09-30,2023-09-29,2023,116,202,76,84,.475,10.0,12.0,2,7,10,False,E,
2023-09-30,2023-09-29,2023,114,202,76,84,.475,10.0,12.0,3,8,11,False,E,
2023-09-30,2023-09-29,2023,145,202,61,99,.381,25.0,27.0,4,10,13,False,E,
2023-09-30,2023-09-29,2023,118,202,55,105,.344,31.0,33.0,5,11,14,False,E,
2023-09-30,2023-09-29,2023,140,200,89,71,.556,-,-,1,,3,False,-,2
2023-09-30,2023-09-29,2023,117,200,88,72,.550,1.0,-,2,3,5,False,2,
2023-09-30,2023-09-29,2023,136,200,87,73,.544,2.0,1.0,3,4,6,False,1,
2023-09-30,2023-09-29,2023,108,200,72,88,.450,17.0,16.0,4,9,12,False,E,
2023-09-30,2023-09-29,2023,133,200,49,111,.306,40.0,39.0,5,12,15,False,E,
2023-09-30,2023-09-29,2023,144,204,103,57,.644,-,-,1,,1,True,-,-
2023-09-30,2023-09-29,2023,143,204,89,70,.560,13.5,+6.5,2,1,4,True,E,
2023-09-30,2023-09-29,2023,146,204,83,77,.519,20.0,-,3,3,6,False,E,
2023-09-30,2023-09-29,2023,121,204,73,86,.459,29.5,9.5,4,9,12,False,E,
2023-09-30,2023-09-29,2023,120,204,70,90,.438,33.0,13.0,5,10,13,False,E,
2023-09-30,2023-09-29,2023,158,205,91,69,.569,-,-,1,,3,True,-,-
2023-09-30,2023-09-29,2023,113,205,82,78,.513,9.0,1.0,2,4,7,False,E,
2023-09-30,2023-09-29,2023,112,205,82,78,.513,9.0,1.0,3,5,8,False,E,
2023-09-30,2023-09-29,2023,134,205,75,85,.469,16.0,8.0,4,8,11,False,E,
2023-09-30,2023-09-29,2023,138,205,69,91,.431,22.0,14.0,5,11,14,False,E,
2023-09-30,2023-09-29,2023,119,203,99,61,.619,-,-,1,,2,True,-,-
2023-09-30,2023-09-29,2023,109,203,84,76,.525,15.0,+1.0,2,2,5,False,E,
2023-09-30,2023-09-29,2023,135,203,80,80,.500,19.0,3.0,3,6,9,False,E,
2023-09-30,2023-09-29,2023,137,203,78,82,.488,21.0,5.0,4,7,10,False,E,
2023-09-30,2023-09-29,2023,115,203,58,102,.363,41.0,25.0,5,12,15,False,E,
2023-10-01,2023-09-30,2023,110,201,101,60,.627,-,-,1,,1,True,-,-
2023-10-01,2023-09-30,2023,139,201,98,63,.609,3.0,+9.0,2,1,2,True,E,
2023-10-01,2023-09-30,2023,141,201,89,72,.553,12.0,-,3,2,4,True,E,
2023-10-01,2023-09-30,2023,147,201,82,79,.509,19.0,7.0,4,5,8,False,E,
2023-10-01,2023-09-30,2023,111,201,77,84,.478,24.0,12.0,5,6,9,False,E,
2023-10-01,2023-09-30,2023,142,202,87,74,.540,-,-,1,,7,True,-,-
2023-10-01,2023-09-30,2023,116,202,77,84,.478,10.0,12.0,2,7,10,False,E,
2023-10-01,2023-09-30,2023,114,202,76,85,.472,11.0,13.0,3,8,11,False,E,
2023-10-01,2023-09-30,2023,145,202,61,100,.379,26.0,28.0,4,10,13,False,E,
2023-10-01,2023-09-30,2023,118,202,55,106,.342,32.0,34.0,5,11,14,False,E,
2023-10-01,2023-09-30,2023,140,200,90,71,.559,-,-,1,,3,True,-,-
2023-10-01,2023-09-30,2023,117,200,89,72,.553,1.0,-,2,3,5,True,1,
2023-10-01,2023-09-30,2023,136,200,87,74,.540,3.0,2.0,3,4,6,False,E,
2023-10-01,2023-09-30,2023,108,200,72,89,.447,18.0,17.0,4,9,12,False,E,
2023-10-01,2023-09-30,2023,133,200,50,111,.311,40.0,39.0,5,12,15,False,E,
2023-10-01,2023-09-30,2023,144,204,104,57,.646,-,-,1,,1,True,-,-
2023-10-01,2023-09-30,2023,143,204,89,72,.553,15.0,+5.0,2,1,4,True,E,
2023-10-01,2023-09-30,2023,146,204,84,77,.522,20.0,-,3,2,5,True,E,
2023-10-01,2023-09-30,2023,121,204,75,86,.466,29.0,9.0,4,8,11,False,E,
2023-10-01,2023-09-30,2023,120,204,70,91,.435,34.0,14.0,5,11,14,False,E,
2023-10-01,2023-09-30,2023,158,205,91,70,.565,-,-,1,,3,True,-,-
2023-10-01,2023-09-30,2023,112,205,83,78,.516,8.0,1.0,2,4,7,False,E,
2023-10-01,2023-09-30,2023,113,205,82,79,.509,9.0,2.0,3,5,8,False,E,
2023-10-01,2023-09-30,2023,134,205,75,86,.466,16.0,9.0,4,9,12,False,E,
2023-10-01,2023-09-30,2023,138,205,70,91,.435,21.0,14.0,5,10,13,False,E,
2023-10-01,2023-09-30,2023,119,203,99,62,.615,-,-,1,,2,True,-,-
2023-10-01,2023-09-30,2023,109,203,84,77,.522,15.0,-,2,3,6,True,E,
2023-10-01,2023-09-30,2023,135,203,81,80,.503,18.0,3.0,3,6,9,False,E,
2023-10-01,2023-09-30,2023,137,203,79,82,.491,20.0,5.0,4,7,10,False,E,
2023-10-01,2023-09-30,2023,115,203,58,103,.360,41.0,26.0,5,12,15,False,E,
