game_date,standings_asof_date,season,team_id,division_id,wins,losses,winning_pct,games_back,wild_card_games_back,division_rank,wild_card_rank,league_rank,clinched,elimination_number,magic_number
2026-03-26,2026-03-25,2026,147,201,1,0,1.000,-,-,1,,1,False,-,162
2026-03-26,2026-03-25,2026,110,201,0,0,.000,0.5,-,2,1,3,False,162,
2026-03-26,2026-03-25,2026,111,201,0,0,.000,0.5,-,3,2,4,False,162,
2026-03-26,2026-03-25,2026,139,201,0,0,.000,0.5,-,4,10,13,False,162,
2026-03-26,2026-03-25,2026,141,201,0,0,.000,0.5,-,5,12,15,False,162,
2026-03-26,2026-03-25,2026,145,202,0,0,.000,-,-,1,,5,False,-,
2026-03-26,2026-03-25,2026,114,202,0,0,.000,-,-,2,3,6,False,-,
2026-03-26,2026-03-25,2026,116,202,0,0,.000,-,-,3,4,7,False,-,
2026-03-26,2026-03-25,2026,118,202,0,0,.000,-,-,4,6,9,False,-,
2026-03-26,2026-03-25,2026,142,202,0,0,.000,-,-,5,8,11,False,-,
2026-03-26,2026-03-25,2026,133,200,0,0,.000,-,-,1,,2,False,-,
2026-03-26,2026-03-25,2026,117,200,0,0,.000,-,-,2,5,8,False,-,
2026-03-26,2026-03-25,2026,108,200,0,0,.000,-,-,3,7,10,False,-,
2026-03-26,2026-03-25,2026,136,200,0,0,.000,-,-,4,9,12,False,-,
2026-03-26,2026-03-25,2026,140,200,0,0,.000,-,-,5,11,14,False,-,
2026-03-26,2026-03-25,2026,144,204,0,0,.000,-,-,1,,2,False,-,
2026-03-26,2026-03-25,2026,146,204,0,0,.000,-,-,2,4,7,False,-,
2026-03-26,2026-03-25,2026,121,204,0,0,.000,-,-,3,6,9,False,-,
2026-03-26,2026-03-25,2026,143,204,0,0,.000,-,-,4,7,10,False,-,
2026-03-26,2026-03-25,2026,120,204,0,0,.000,-,-,5,11,14,False,-,
2026-03-26,2026-03-25,2026,112,205,0,0,.000,-,-,1,,3,False,-,
2026-03-26,2026-03-25,2026,113,205,0,0,.000,-,-,2,1,4,False,-,
2026-03-26,2026-03-25,2026,158,205,0,0,.000,-,-,3,5,8,False,-,
2026-03-26,2026-03-25,2026,134,205,0,0,.000,-,-,4,8,11,False,-,
2026-03-26,2026-03-25,2026,138,205,0,0,.000,-,-,5,10,13,False,-,
2026-03-26,2026-03-25,2026,109,203,0,0,.000,-,-,1,,1,False,163,163
2026-03-26,2026-03-25,2026,115,203,0,0,.000,-,-,2,2,5,False,163,
2026-03-26,2026-03-25,2026,119,203,0,0,.000,-,-,3,3,6,False,163,
2026-03-26,2026-03-25,2026,135,203,0,0,.000,-,-,4,9,12,False,163,
2026-03-26,2026-03-25,2026,137,203,0,1,.000,0.5,0.5,5,12,15,False,-,
2026-03-27,2026-03-26,2026,110,201,1,0,1.000,-,-,1,,2,False,-,162
2026-03-27,2026-03-26,2026,111,201,1,0,1.000,-,-,2,1,4,False,-,
2026-03-27,2026-03-26,2026,147,201,1,0,1.000,-,-,3,3,6,False,-,
2026-03-27,2026-03-26,2026,141,201,0,0,.000,0.5,0.5,4,6,9,False,162,
2026-03-27,2026-03-26,2026,139,201,0,1,.000,1.0,1.0,5,11,14,False,161,
2026-03-27,2026-03-26,2026,114,202,1,0,1.000,-,-,1,,3,False,-,162
2026-03-27,2026-03-26,2026,116,202,1,0,1.000,-,-,2,2,5,False,-,
2026-03-27,2026-03-26,2026,118,202,0,0,.000,0.5,0.5,3,5,8,False,162,
2026-03-27,2026-03-26,2026,142,202,0,1,.000,1.0,1.0,4,8,11,False,161,
2026-03-27,2026-03-26,2026,145,202,0,1,.000,1.0,1.0,5,10,13,False,161,
2026-03-27,2026-03-26,2026,108,200,1,0,1.000,-,-,1,,1,False,-,162
2026-03-27,2026-03-26,2026,133,200,0,0,.000,0.5,0.5,2,4,7,False,162,
2026-03-27,2026-03-26,2026,117,200,0,1,.000,1.0,1.0,3,7,10,False,161,
2026-03-27,2026-03-26,2026,136,200,0,1,.000,1.0,1.0,4,9,12,False,161,
2026-03-27,2026-03-26,2026,140,200,0,1,.000,1.0,1.0,5,12,15,False,161,
2026-03-27,2026-03-26,2026,121,204,1,0,1.000,-,-,1,,2,False,-,162
2026-03-27,2026-03-26,2026,120,204,1,0,1.000,-,-,2,1,3,False,-,
2026-03-27,2026-03-26,2026,143,204,1,0,1.000,-,-,3,2,5,False,-,
2026-03-27,2026-03-26,2026,144,204,0,0,.000,0.5,0.5,4,4,7,False,162,
2026-03-27,2026-03-26,2026,146,204,0,0,.000,0.5,0.5,5,6,9,False,162,
2026-03-27,2026-03-26,2026,158,205,1,0,1.000,-,-,1,,4,False,-,161
2026-03-27,2026-03-26,2026,138,205,1,0,1.000,-,-,2,3,6,False,-,
2026-03-27,2026-03-26,2026,112,205,0,1,.000,1.0,1.0,3,8,11,False,161,
2026-03-27,2026-03-26,2026,134,205,0,1,.000,1.0,1.0,4,9,12,False,161,
2026-03-27,2026-03-26,2026,113,205,0,1,.000,1.0,1.0,5,10,13,False,161,
2026-03-27,2026-03-26,2026,119,203,1,0,1.000,-,-,1,,1,False,-,162
2026-03-27,2026-03-26,2026,115,203,0,0,.000,0.5,0.5,2,5,8,False,162,
2026-03-27,2026-03-26,2026,109,203,0,1,.000,1.0,1.0,3,7,10,False,161,
2026-03-27,2026-03-26,2026,135,203,0,1,.000,1.0,1.0,4,11,14,False,161,
2026-03-27,2026-03-26,2026,137,203,0,1,.000,1.0,1.0,5,12,15,False,161,
2026-03-28,2026-03-27,2026,147,201,2,0,1.000,-,-,1,,3,False,-,160
2026-03-28,2026-03-27,2026,110,201,1,0,1.000,0.5,-,2,1,4,False,-,
2026-03-28,2026-03-27,2026,141,201,1,0,1.000,0.5,-,3,2,5,False,-,
2026-03-28,2026-03-27,2026,111,201,1,0,1.000,0.5,-,4,3,6,False,-,
2026-03-28,2026-03-27,2026,139,201,0,1,.000,1.5,1.0,5,10,13,False,160,
2026-03-28,2026-03-27,2026,116,202,2,0,1.000,-,-,1,,2,False,-,160
2026-03-28,2026-03-27,2026,114,202,1,1,.500,1.0,0.5,2,4,7,False,160,
2026-03-28,2026-03-27,2026,142,202,0,1,.000,1.5,1.0,3,7,10,False,160,
2026-03-28,2026-03-27,2026,145,202,0,1,.000,1.5,1.0,4,8,11,False,160,
2026-03-28,2026-03-27,2026,118,202,0,1,.000,1.5,1.0,5,9,12,False,160,
2026-03-28,2026-03-27,2026,108,200,2,0,1.000,-,-,1,,1,False,-,160
2026-03-28,2026-03-27,2026,136,200,1,1,.500,1.0,0.5,2,5,8,False,160,
2026-03-28,2026-03-27,2026,133,200,0,1,.000,1.5,1.0,3,6,9,False,160,
2026-03-28,2026-03-27,2026,140,200,0,1,.000,1.5,1.0,4,11,14,False,160,
2026-03-28,2026-03-27,2026,117,200,0,2,.000,2.0,1.5,5,12,15,False,159,
2026-03-28,2026-03-27,2026,146,204,1,0,1.000,-,-,1,,2,False,-,
2026-03-28,2026-03-27,2026,121,204,1,0,1.000,-,-,2,1,3,False,-,
2026-03-28,2026-03-27,2026,120,204,1,0,1.000,-,-,3,2,4,False,-,
2026-03-28,2026-03-27,2026,144,204,1,0,1.000,-,-,4,3,5,False,-,
2026-03-28,2026-03-27,2026,143,204,1,0,1.000,-,-,5,4,7,False,-,
2026-03-28,2026-03-27,2026,158,205,1,0,1.000,-,-,1,,6,False,-,161
2026-03-28,2026-03-27,2026,138,205,1,0,1.000,-,-,2,5,8,False,-,
2026-03-28,2026-03-27,2026,112,205,0,1,.000,1.0,1.0,3,6,9,False,161,
2026-03-28,2026-03-27,2026,134,205,0,1,.000,1.0,1.0,4,8,11,False,161,
2026-03-28,2026-03-27,2026,113,205,0,1,.000,1.0,1.0,5,9,12,False,161,
2026-03-28,2026-03-27,2026,119,203,2,0,1.000,-,-,1,,1,False,-,160
2026-03-28,2026-03-27,2026,115,203,0,1,.000,1.5,1.0,2,7,10,False,160,
2026-03-28,2026-03-27,2026,109,203,0,2,.000,2.0,1.5,3,10,13,False,159,
2026-03-28,2026-03-27,2026,135,203,0,2,.000,2.0,1.5,4,11,14,False,159,
2026-03-28,2026-03-27,2026,137,203,0,2,.000,2.0,1.5,5,12,15,False,159,
2026-03-29,2026-03-28,2026,147,201,3,0,1.000,-,-,1,,1,False,-,159
2026-03-29,2026-03-28,2026,141,201,2,0,1.000,0.5,+1.0,2,1,2,False,-,
2026-03-29,2026-03-28,2026,110,201,1,1,.500,1.5,-,3,3,6,False,159,
2026-03-29,2026-03-28,2026,111,201,1,1,.500,1.5,-,4,5,8,False,159,
2026-03-29,2026-03-28,2026,139,201,0,2,.000,2.5,1.0,5,12,15,False,158,
2026-03-29,2026-03-28,2026,114,202,2,1,.667,-,-,1,,4,False,-,160
2026-03-29,2026-03-28,2026,116,202,2,1,.667,-,+0.5,2,2,5,False,-,
2026-03-29,2026-03-28,2026,142,202,1,1,.500,0.5,-,3,4,7,False,160,
2026-03-29,2026-03-28,2026,145,202,0,2,.000,1.5,1.0,4,10,13,False,159,
2026-03-29,2026-03-28,2026,118,202,0,2,.000,1.5,1.0,5,11,14,False,159,
2026-03-29,2026-03-28,2026,108,200,2,1,.667,-,-,1,,3,False,-,160
2026-03-29,2026-03-28,2026,140,200,1,1,.500,0.5,-,2,6,9,False,160,
2026-03-29,2026-03-28,2026,117,200,1,2,.333,1.0,0.5,3,7,10,False,159,
2026-03-29,2026-03-28,2026,136,200,1,2,.333,1.0,0.5,4,8,11,False,159,
2026-03-29,2026-03-28,2026,133,200,0,2,.000,1.5,1.0,5,9,12,False,159,
2026-03-29,2026-03-28,2026,146,204,2,0,1.000,-,-,1,,2,False,-,160
2026-03-29,2026-03-28,2026,121,204,2,0,1.000,-,-,2,1,3,False,-,
2026-03-29,2026-03-28,2026,144,204,2,0,1.000,-,-,3,2,4,False,-,
2026-03-29,2026-03-28,2026,120,204,1,1,.500,1.0,1.0,4,5,8,False,160,
2026-03-29,2026-03-28,2026,143,204,1,1,.500,1.0,1.0,5,7,10,False,160,
2026-03-29,2026-03-28,2026,158,205,2,0,1.000,-,-,1,,5,False,-,160
2026-03-29,2026-03-28,2026,138,205,2,0,1.000,-,-,2,3,6,False,-,
2026-03-29,2026-03-28,2026,112,205,1,1,.500,1.0,1.0,3,4,7,False,160,
2026-03-29,2026-03-28,2026,113,205,1,1,.500,1.0,1.0,4,6,9,False,160,
2026-03-29,2026-03-28,2026,134,205,0,2,.000,2.0,2.0,5,10,13,False,159,
2026-03-29,2026-03-28,2026,119,203,3,0,1.000,-,-,1,,1,False,-,158
2026-03-29,2026-03-28,2026,135,203,1,2,.333,2.0,1.5,2,8,11,False,158,
2026-03-29,2026-03-28,2026,115,203,0,2,.000,2.5,2.0,3,9,12,False,158,
2026-03-29,2026-03-28,2026,109,203,0,3,.000,3.0,2.5,4,11,14,False,157,
2026-03-29,2026-03-28,2026,137,203,0,3,.000,3.0,2.5,5,12,15,False,157,
2026-03-30,2026-03-29,2026,141,201,3,0,1.000,-,-,1,,1,False,-,159
2026-03-30,2026-03-29,2026,147,201,3,0,1.000,-,+1.5,2,1,2,False,-,
2026-03-30,2026-03-29,2026,110,201,2,1,.667,1.0,+0.5,3,2,3,False,159,
2026-03-30,2026-03-29,2026,111,201,1,2,.333,2.0,0.5,4,8,11,False,158,
2026-03-30,2026-03-29,2026,139,201,1,2,.333,2.0,0.5,5,10,13,False,158,
2026-03-30,2026-03-29,2026,116,202,2,1,.667,-,-,1,,4,False,-,159
2026-03-30,2026-03-29,2026,114,202,2,2,.500,0.5,-,2,5,8,False,159,
2026-03-30,2026-03-29,2026,142,202,1,2,.333,1.0,0.5,3,7,10,False,159,
2026-03-30,2026-03-29,2026,118,202,1,2,.333,1.0,0.5,4,9,12,False,159,
2026-03-30,2026-03-29,2026,145,202,0,3,.000,2.0,1.5,5,12,15,False,158,
2026-03-30,2026-03-29,2026,140,200,2,1,.667,-,-,1,,5,False,-,159
2026-03-30,2026-03-29,2026,117,200,2,2,.500,0.5,-,2,3,6,False,159,
2026-03-30,2026-03-29,2026,108,200,2,2,.500,0.5,-,3,4,7,False,159,
2026-03-30,2026-03-29,2026,136,200,2,2,.500,0.5,-,4,6,9,False,159,
2026-03-30,2026-03-29,2026,133,200,0,3,.000,2.0,1.5,5,11,14,False,158,
2026-03-30,2026-03-29,2026,146,204,3,0,1.000,-,-,1,,2,False,-,159
2026-03-30,2026-03-29,2026,121,204,2,1,.667,1.0,-,2,1,4,False,159,
2026-03-30,2026-03-29,2026,120,204,2,1,.667,1.0,-,3,2,5,False,159,
2026-03-30,2026-03-29,2026,144,204,2,1,.667,1.0,-,4,3,6,False,159,
2026-03-30,2026-03-29,2026,143,204,1,2,.333,2.0,1.0,5,8,11,False,158,
2026-03-30,2026-03-29,2026,158,205,3,0,1.000,-,-,1,,3,False,-,159
2026-03-30,2026-03-29,2026,113,205,2,1,.667,1.0,-,2,4,7,False,159,
2026-03-30,2026-03-29,2026,138,205,2,1,.667,1.0,-,3,5,8,False,159,
2026-03-30,2026-03-29,2026,112,205,1,2,.333,2.0,1.0,4,6,9,False,158,
2026-03-30,2026-03-29,2026,134,205,1,2,.333,2.0,1.0,5,7,10,False,158,
2026-03-30,2026-03-29,2026,119,203,3,0,1.000,-,-,1,,1,False,-,158
2026-03-30,2026-03-29,2026,135,203,1,2,.333,2.0,1.0,2,9,12,False,158,
2026-03-30,2026-03-29,2026,109,203,0,3,.000,3.0,2.0,3,10,13,False,157,
2026-03-30,2026-03-29,2026,115,203,0,3,.000,3.0,2.0,4,11,14,False,157,
2026-03-30,2026-03-29,2026,137,203,0,3,.000,3.0,2.0,5,12,15,False,157,
2026-03-31,2026-03-30,2026,141,201,3,1,.750,-,-,1,,1,False,-,158
2026-03-31,2026-03-30,2026,147,201,3,1,.750,-,+0.5,2,1,3,False,-,
2026-03-31,2026-03-30,2026,110,201,2,2,.500,1.0,0.5,3,5,8,False,158,
2026-03-31,2026-03-30,2026,139,201,2,2,.500,1.0,0.5,4,7,10,False,158,
2026-03-31,2026-03-30,2026,111,201,1,3,.250,2.0,1.5,5,10,13,False,157,
2026-03-31,2026-03-30,2026,114,202,3,2,.600,-,-,1,,5,False,-,158
2026-03-31,2026-03-30,2026,118,202,2,2,.500,0.5,0.5,2,4,7,False,158,
2026-03-31,2026-03-30,2026,116,202,2,2,.500,0.5,0.5,3,6,9,False,158,
2026-03-31,2026-03-30,2026,142,202,1,3,.250,1.5,1.5,4,9,12,False,157,
2026-03-31,2026-03-30,2026,145,202,1,3,.250,1.5,1.5,5,11,14,False,157,
2026-03-31,2026-03-30,2026,140,200,3,1,.750,-,-,1,,2,False,-,158
2026-03-31,2026-03-30,2026,117,200,3,2,.600,0.5,-,2,3,6,False,158,
2026-03-31,2026-03-30,2026,136,200,3,2,.600,0.5,-,3,2,4,False,158,
2026-03-31,2026-03-30,2026,108,200,2,3,.400,1.5,1.0,4,8,11,False,157,
2026-03-31,2026-03-30,2026,133,200,0,4,.000,3.0,2.5,5,12,15,False,156,
2026-03-31,2026-03-30,2026,120,204,3,1,.750,-,-,1,,3,False,-,157
2026-03-31,2026-03-30,2026,146,204,3,1,.750,-,-,2,1,4,False,-,
2026-03-31,2026-03-30,2026,121,204,3,1,.750,-,-,3,2,5,False,-,
2026-03-31,2026-03-30,2026,144,204,3,1,.750,-,-,4,3,6,False,-,
2026-03-31,2026-03-30,2026,143,204,1,3,.250,2.0,2.0,5,9,12,False,157,
2026-03-31,2026-03-30,2026,113,205,3,1,.750,-,-,1,,2,False,-,158
2026-03-31,2026-03-30,2026,158,205,3,1,.750,-,-,2,4,7,False,-,
2026-03-31,2026-03-30,2026,112,205,2,2,.500,1.0,1.0,3,5,8,False,158,
2026-03-31,2026-03-30,2026,138,205,2,2,.500,1.0,1.0,4,6,9,False,158,
2026-03-31,2026-03-30,2026,134,205,1,3,.250,2.0,2.0,5,8,11,False,157,
2026-03-31,2026-03-30,2026,119,203,3,1,.750,-,-,1,,1,False,-,157
2026-03-31,2026-03-30,2026,137,203,1,3,.250,2.0,2.0,2,7,10,False,157,
2026-03-31,2026-03-30,2026,135,203,1,3,.250,2.0,2.0,3,10,13,False,157,
2026-03-31,2026-03-30,2026,109,203,1,3,.250,2.0,2.0,4,11,14,False,157,
2026-03-31,2026-03-30,2026,115,203,1,3,.250,2.0,2.0,5,12,15,False,157,
2026-04-01,2026-03-31,2026,141,201,4,1,.800,-,-,1,,1,False,-,156
2026-04-01,2026-03-31,2026,147,201,4,1,.800,-,+1.5,2,1,3,False,-,
2026-04-01,2026-03-31,2026,110,201,2,3,.400,2.0,0.5,3,6,9,False,156,
2026-04-01,2026-03-31,2026,139,201,2,3,.400,2.0,0.5,4,8,11,False,156,
2026-04-01,2026-03-31,2026,111,201,1,4,.200,3.0,1.5,5,10,13,False,155,
2026-04-01,2026-03-31,2026,118,202,2,2,.500,-,-,1,,7,False,-,157
2026-04-01,2026-03-31,2026,114,202,3,3,.500,-,-,2,3,5,False,-,
2026-04-01,2026-03-31,2026,116,202,2,3,.400,0.5,0.5,3,7,10,False,157,
2026-04-01,2026-03-31,2026,142,202,1,3,.250,1.0,1.0,4,9,12,False,157,
2026-04-01,2026-03-31,2026,145,202,1,4,.200,1.5,1.5,5,12,15,False,156,
2026-04-01,2026-03-31,2026,140,200,4,1,.800,-,-,1,,2,False,-,157
2026-04-01,2026-03-31,2026,117,200,4,2,.667,0.5,+1.0,2,2,4,False,157,
2026-04-01,2026-03-31,2026,108,200,3,3,.500,1.5,-,3,5,8,False,156,
2026-04-01,2026-03-31,2026,136,200,3,3,.500,1.5,-,4,4,6,False,156,
2026-04-01,2026-03-31,2026,133,200,1,4,.200,3.0,1.5,5,11,14,False,155,
2026-04-01,2026-03-31,2026,146,204,4,1,.800,-,-,1,,2,False,-,157
2026-04-01,2026-03-31,2026,120,204,3,2,.600,1.0,-,2,3,6,False,157,
2026-04-01,2026-03-31,2026,121,204,3,2,.600,1.0,-,3,1,4,False,157,
2026-04-01,2026-03-31,2026,144,204,3,2,.600,1.0,-,4,5,8,False,157,
2026-04-01,2026-03-31,2026,143,204,2,3,.400,2.0,1.0,5,7,10,False,156,
2026-04-01,2026-03-31,2026,158,205,4,1,.800,-,-,1,,3,False,-,157
2026-04-01,2026-03-31,2026,113,205,3,2,.600,1.0,-,2,4,7,False,157,
2026-04-01,2026-03-31,2026,138,205,3,2,.600,1.0,-,3,2,5,False,157,
2026-04-01,2026-03-31,2026,134,205,2,3,.400,2.0,1.0,4,8,11,False,156,
2026-04-01,2026-03-31,2026,112,205,2,3,.400,2.0,1.0,5,10,13,False,156,
2026-04-01,2026-03-31,2026,119,203,4,1,.800,-,-,1,,1,False,-,156
2026-04-01,2026-03-31,2026,137,203,2,3,.400,2.0,1.0,2,6,9,False,156,
2026-04-01,2026-03-31,2026,109,203,2,3,.400,2.0,1.0,3,9,12,False,156,
2026-04-01,2026-03-31,2026,135,203,1,4,.200,3.0,2.0,4,11,14,False,155,
2026-04-01,2026-03-31,2026,115,203,1,4,.200,3.0,2.0,5,12,15,False,155,
2026-04-02,2026-04-01,2026,147,201,5,1,.833,-,-,1,,1,False,-,156
2026-04-02,2026-04-01,2026,141,201,4,2,.667,1.0,+0.5,2,1,3,False,156,
2026-04-02,2026-04-01,2026,110,201,3,3,.500,2.0,0.5,3,4,7,False,155,
2026-04-02,2026-04-01,2026,139,201,2,4,.333,3.0,1.5,4,8,11,False,154,
2026-04-02,2026-04-01,2026,111,201,1,5,.167,4.0,2.5,5,11,14,False,153,
2026-04-02,2026-04-01,2026,118,202,3,2,.600,-,-,1,,5,False,-,157
2026-04-02,2026-04-01,2026,114,202,4,3,.571,-,-,2,3,6,False,157,
2026-04-02,2026-04-01,2026,116,202,2,4,.333,1.5,1.5,3,7,10,False,156,
2026-04-02,2026-04-01,2026,142,202,1,4,.200,2.0,2.0,4,9,12,False,156,
2026-04-02,2026-04-01,2026,145,202,1,5,.167,2.5,2.5,5,12,15,False,155,
2026-04-02,2026-04-01,2026,117,200,5,2,.714,-,-,1,,2,False,-,156
2026-04-02,2026-04-01,2026,140,200,4,2,.667,0.5,+0.5,2,2,4,False,156,
2026-04-02,2026-04-01,2026,108,200,3,4,.429,2.0,1.0,3,5,8,False,154,
2026-04-02,2026-04-01,2026,136,200,3,4,.429,2.0,1.0,4,6,9,False,154,
2026-04-02,2026-04-01,2026,133,200,1,5,.167,3.5,2.5,5,10,13,False,153,
2026-04-02,2026-04-01,2026,146,204,5,1,.833,-,-,1,,1,False,-,156
2026-04-02,2026-04-01,2026,144,204,4,2,.667,1.0,+1.0,2,2,5,False,156,
2026-04-02,2026-04-01,2026,143,204,3,3,.500,2.0,-,3,3,6,False,155,
2026-04-02,2026-04-01,2026,120,204,3,3,.500,2.0,-,4,6,9,False,155,
2026-04-02,2026-04-01,2026,121,204,3,3,.500,2.0,-,5,4,7,False,155,
2026-04-02,2026-04-01,2026,158,205,5,1,.833,-,-,1,,2,False,-,156
2026-04-02,2026-04-01,2026,138,205,4,2,.667,1.0,+1.0,2,1,4,False,156,
2026-04-02,2026-04-01,2026,134,205,3,3,.500,2.0,-,3,5,8,False,155,
2026-04-02,2026-04-01,2026,113,205,3,3,.500,2.0,-,4,7,10,False,155,
2026-04-02,2026-04-01,2026,112,205,3,3,.500,2.0,-,5,9,12,False,155,
2026-04-02,2026-04-01,2026,119,203,4,2,.667,-,-,1,,3,False,-,156
2026-04-02,2026-04-01,2026,109,203,3,3,.500,1.0,-,2,8,11,False,156,
2026-04-02,2026-04-01,2026,137,203,2,4,.333,2.0,1.0,3,10,13,False,155,
2026-04-02,2026-04-01,2026,135,203,2,4,.333,2.0,1.0,4,11,14,False,155,
2026-04-02,2026-04-01,2026,115,203,2,4,.333,2.0,1.0,5,12,15,False,155,
2026-04-03,2026-04-02,2026,147,201,5,1,.833,-,-,1,,1,False,-,156
2026-04-03,2026-04-02,2026,141,201,4,2,.667,1.0,+1.0,2,1,3,False,156,
2026-04-03,2026-04-02,2026,110,201,3,3,.500,2.0,-,3,4,7,False,155,
2026-04-03,2026-04-02,2026,139,201,2,4,.333,3.0,1.0,4,9,12,False,154,
2026-04-03,2026-04-02,2026,111,201,1,5,.167,4.0,2.0,5,11,14,False,153,
2026-04-03,2026-04-02,2026,114,202,4,3,.571,-,-,1,,5,False,-,156
2026-04-03,2026-04-02,2026,118,202,3,3,.500,0.5,-,2,3,6,False,156,
2026-04-03,2026-04-02,2026,142,202,2,4,.333,1.5,1.0,3,7,10,False,155,
2026-04-03,2026-04-02,2026,116,202,2,4,.333,1.5,1.0,4,8,11,False,155,
2026-04-03,2026-04-02,2026,145,202,1,5,.167,2.5,2.0,5,12,15,False,154,
2026-04-03,2026-04-02,2026,117,200,5,2,.714,-,-,1,,2,False,-,156
2026-04-03,2026-04-02,2026,140,200,4,2,.667,0.5,+1.0,2,2,4,False,156,
2026-04-03,2026-04-02,2026,108,200,3,4,.429,2.0,0.5,3,5,8,False,154,
2026-04-03,2026-04-02,2026,136,200,3,4,.429,2.0,0.5,4,6,9,False,154,
2026-04-03,2026-04-02,2026,133,200,1,5,.167,3.5,2.0,5,10,13,False,153,
2026-04-03,2026-04-02,2026,146,204,5,1,.833,-,-,1,,1,False,-,156
2026-04-03,2026-04-02,2026,144,204,5,2,.714,0.5,+1.5,2,1,3,False,156,
2026-04-03,2026-04-02,2026,143,204,3,3,.500,2.0,-,3,3,6,False,155,
2026-04-03,2026-04-02,2026,120,204,3,3,.500,2.0,-,4,5,8,False,155,
2026-04-03,2026-04-02,2026,121,204,3,4,.429,2.5,0.5,5,10,13,False,154,
2026-04-03,2026-04-02,2026,158,205,5,1,.833,-,-,1,,2,False,-,156
2026-04-03,2026-04-02,2026,138,205,4,2,.667,1.0,+1.0,2,2,5,False,156,
2026-04-03,2026-04-02,2026,134,205,3,3,.500,2.0,-,3,4,7,False,155,
2026-04-03,2026-04-02,2026,113,205,3,3,.500,2.0,-,4,6,9,False,155,
2026-04-03,2026-04-02,2026,112,205,3,3,.500,2.0,-,5,7,10,False,155,
2026-04-03,2026-04-02,2026,119,203,4,2,.667,-,-,1,,4,False,-,155
2026-04-03,2026-04-02,2026,137,203,3,4,.429,1.5,0.5,2,8,11,False,155,
2026-04-03,2026-04-02,2026,109,203,3,4,.429,1.5,0.5,3,9,12,False,155,
2026-04-03,2026-04-02,2026,135,203,2,4,.333,2.0,1.0,4,11,14,False,155,
2026-04-03,2026-04-02,2026,115,203,2,4,.333,2.0,1.0,5,12,15,False,155,
2026-04-04,2026-04-03,2026,147,201,6,1,.857,-,-,1,,1,False,-,154
2026-04-04,2026-04-03,2026,141,201,4,3,.571,2.0,+0.5,2,1,4,False,154,
2026-04-04,2026-04-03,2026,110,201,3,4,.429,3.0,0.5,3,5,8,False,153,
2026-04-04,2026-04-03,2026,139,201,2,5,.286,4.0,1.5,4,11,14,False,152,
2026-04-04,2026-04-03,2026,111,201,2,5,.286,4.0,1.5,5,12,15,False,152,
2026-04-04,2026-04-03,2026,114,202,5,3,.625,-,-,1,,3,False,-,155
2026-04-04,2026-04-03,2026,118,202,3,3,.500,1.0,-,2,4,7,False,155,
2026-04-04,2026-04-03,2026,142,202,3,4,.429,1.5,0.5,3,6,9,False,154,
2026-04-04,2026-04-03,2026,116,202,3,4,.429,1.5,0.5,4,7,10,False,154,
2026-04-04,2026-04-03,2026,145,202,2,5,.286,2.5,1.5,5,10,13,False,153,
2026-04-04,2026-04-03,2026,117,200,5,3,.625,-,-,1,,2,False,-,155
2026-04-04,2026-04-03,2026,140,200,4,3,.571,0.5,+0.5,2,2,5,False,155,
2026-04-04,2026-04-03,2026,136,200,4,4,.500,1.0,-,3,3,6,False,154,
2026-04-04,2026-04-03,2026,108,200,3,5,.375,2.0,1.0,4,8,11,False,153,
2026-04-04,2026-04-03,2026,133,200,2,5,.286,2.5,1.5,5,9,12,False,153,
2026-04-04,2026-04-03,2026,144,204,6,2,.750,-,-,1,,2,False,-,155
2026-04-04,2026-04-03,2026,146,204,5,2,.714,0.5,+1.0,2,1,4,False,155,
2026-04-04,2026-04-03,2026,143,204,4,3,.571,1.5,-,3,3,6,False,154,
2026-04-04,2026-04-03,2026,121,204,4,4,.500,2.0,0.5,4,6,9,False,153,
2026-04-04,2026-04-03,2026,120,204,3,4,.429,2.5,1.0,5,7,10,False,153,
2026-04-04,2026-04-03,2026,158,205,5,1,.833,-,-,1,,1,False,-,155
2026-04-04,2026-04-03,2026,134,205,4,3,.571,1.5,-,2,2,5,False,155,
2026-04-04,2026-04-03,2026,113,205,4,3,.571,1.5,-,3,4,7,False,155,
2026-04-04,2026-04-03,2026,138,205,4,3,.571,1.5,-,4,5,8,False,155,
2026-04-04,2026-04-03,2026,112,205,3,4,.429,2.5,1.0,5,8,11,False,154,
2026-04-04,2026-04-03,2026,119,203,5,2,.714,-,-,1,,3,False,-,153
2026-04-04,2026-04-03,2026,137,203,3,5,.375,2.5,1.5,2,9,12,False,153,
2026-04-04,2026-04-03,2026,109,203,3,5,.375,2.5,1.5,3,10,13,False,153,
2026-04-04,2026-04-03,2026,135,203,2,5,.286,3.0,2.0,4,11,14,False,153,
2026-04-04,2026-04-03,2026,115,203,2,5,.286,3.0,2.0,5,12,15,False,153,
2026-04-05,2026-04-04,2026,147,201,7,1,.875,-,-,1,,1,False,-,129
2026-04-05,2026-04-04,2026,141,201,4,4,.500,3.0,-,2,3,6,False,129,
2026-04-05,2026-04-04,2026,110,201,3,5,.375,4.0,1.0,3,7,10,False,128,
2026-04-05,2026-04-04,2026,139,201,3,5,.375,4.0,1.0,4,9,12,False,128,
2026-04-05,2026-04-04,2026,111,201,2,6,.250,5.0,2.0,5,12,15,False,127,
2026-04-05,2026-04-04,2026,114,202,5,3,.625,-,-,1,,3,False,-,129
2026-04-05,2026-04-04,2026,118,202,4,4,.500,1.0,-,2,1,4,False,129,
2026-04-05,2026-04-04,2026,116,202,4,4,.500,1.0,-,3,4,7,False,129,
2026-04-05,2026-04-04,2026,142,202,3,5,.375,2.0,1.0,4,8,11,False,128,
2026-04-05,2026-04-04,2026,145,202,3,5,.375,2.0,1.0,5,10,13,False,128,
2026-04-05,2026-04-04,2026,117,200,6,3,.667,-,-,1,,2,False,-,130
2026-04-05,2026-04-04,2026,140,200,4,4,.500,1.5,-,2,2,5,False,130,
2026-04-05,2026-04-04,2026,108,200,4,5,.444,2.0,0.5,3,5,8,False,129,
2026-04-05,2026-04-04,2026,136,200,4,5,.444,2.0,0.5,4,6,9,False,129,
2026-04-05,2026-04-04,2026,133,200,2,6,.250,3.5,2.0,5,11,14,False,128,
2026-04-05,2026-04-04,2026,144,204,6,3,.667,-,-,1,,3,False,-,129
2026-04-05,2026-04-04,2026,143,204,5,3,.625,0.5,-,2,2,5,False,129,
2026-04-05,2026-04-04,2026,146,204,5,3,.625,0.5,-,3,4,7,False,129,
2026-04-05,2026-04-04,2026,121,204,5,4,.556,1.0,0.5,4,5,8,False,128,
2026-04-05,2026-04-04,2026,120,204,3,5,.375,2.5,2.0,5,9,12,False,127,
2026-04-05,2026-04-04,2026,158,205,6,2,.750,-,-,1,,2,False,-,130
2026-04-05,2026-04-04,2026,134,205,5,3,.625,1.0,-,2,1,4,False,130,
2026-04-05,2026-04-04,2026,113,205,5,3,.625,1.0,-,3,3,6,False,129,
2026-04-05,2026-04-04,2026,138,205,4,4,.500,2.0,1.0,4,6,9,False,128,
2026-04-05,2026-04-04,2026,112,205,3,4,.429,2.5,1.5,5,8,11,False,129,
2026-04-05,2026-04-04,2026,119,203,6,2,.750,-,-,1,,1,False,-,129
2026-04-05,2026-04-04,2026,109,203,4,5,.444,2.5,1.5,2,7,10,False,129,
2026-04-05,2026-04-04,2026,135,203,3,5,.375,3.0,2.0,3,10,13,False,129,
2026-04-05,2026-04-04,2026,137,203,3,6,.333,3.5,2.5,4,11,14,False,128,
2026-04-05,2026-04-04,2026,115,203,2,6,.250,4.0,3.0,5,12,15,False,128,
2026-04-06,2026-04-05,2026,147,201,7,2,.778,-,-,1,,1,False,-,151
2026-04-06,2026-04-05,2026,139,201,4,5,.444,3.0,-,2,4,7,False,151,
2026-04-06,2026-04-05,2026,141,201,4,5,.444,3.0,-,3,6,9,False,151,
2026-04-06,2026-04-05,2026,110,201,3,6,.333,4.0,1.0,4,9,12,False,150,
2026-04-06,2026-04-05,2026,111,201,2,7,.222,5.0,2.0,5,12,15,False,149,
2026-04-06,2026-04-05,2026,114,202,6,4,.600,-,-,1,,3,False,-,152
2026-04-06,2026-04-05,2026,118,202,4,5,.444,1.5,-,2,3,6,False,152,
2026-04-06,2026-04-05,2026,145,202,4,5,.444,1.5,-,3,2,5,False,152,
2026-04-06,2026-04-05,2026,116,202,4,5,.444,1.5,-,4,7,10,False,152,
2026-04-06,2026-04-05,2026,142,202,3,6,.333,2.5,1.0,5,11,14,False,151,
2026-04-06,2026-04-05,2026,117,200,6,4,.600,-,-,1,,2,False,-,152
2026-04-06,2026-04-05,2026,108,200,5,5,.500,1.0,+0.5,2,1,4,False,152,
2026-04-06,2026-04-05,2026,140,200,4,5,.444,1.5,-,3,5,8,False,152,
2026-04-06,2026-04-05,2026,136,200,4,6,.400,2.0,0.5,4,8,11,False,151,
2026-04-06,2026-04-05,2026,133,200,3,6,.333,2.5,1.0,5,10,13,False,151,
2026-04-06,2026-04-05,2026,146,204,6,3,.667,-,-,1,,5,False,-,153
2026-04-06,2026-04-05,2026,121,204,6,4,.600,0.5,-,2,3,6,False,153,
2026-04-06,2026-04-05,2026,144,204,6,4,.600,0.5,-,3,4,7,False,153,
2026-04-06,2026-04-05,2026,143,204,5,4,.556,1.0,0.5,4,5,8,False,153,
2026-04-06,2026-04-05,2026,120,204,3,6,.333,3.0,2.5,5,10,13,False,151,
2026-04-06,2026-04-05,2026,158,205,7,2,.778,-,-,1,,2,False,-,153
2026-04-06,2026-04-05,2026,134,205,6,3,.667,1.0,+0.5,2,1,3,False,153,
2026-04-06,2026-04-05,2026,113,205,6,3,.667,1.0,+0.5,3,2,4,False,153,
2026-04-06,2026-04-05,2026,138,205,5,4,.556,2.0,0.5,4,6,9,False,152,
2026-04-06,2026-04-05,2026,112,205,4,5,.444,3.0,1.5,5,9,12,False,151,
2026-04-06,2026-04-05,2026,119,203,7,2,.778,-,-,1,,1,False,-,151
2026-04-06,2026-04-05,2026,109,203,5,5,.500,2.5,1.0,2,7,10,False,151,
2026-04-06,2026-04-05,2026,135,203,4,5,.444,3.0,1.5,3,8,11,False,151,
2026-04-06,2026-04-05,2026,115,203,3,6,.333,4.0,2.5,4,11,14,False,150,
2026-04-06,2026-04-05,2026,137,203,3,7,.300,4.5,3.0,5,12,15,False,149,
2026-04-07,2026-04-06,2026,147,201,7,2,.778,-,-,1,,1,False,-,151
2026-04-07,2026-04-06,2026,139,201,5,5,.500,2.5,-,2,4,7,False,151,
2026-04-07,2026-04-06,2026,110,201,4,6,.400,3.5,1.0,3,6,9,False,150,
2026-04-07,2026-04-06,2026,141,201,4,6,.400,3.5,1.0,4,9,12,False,150,
2026-04-07,2026-04-06,2026,111,201,2,8,.200,5.5,3.0,5,12,15,False,148,
2026-04-07,2026-04-06,2026,114,202,6,5,.545,-,-,1,,4,False,-,152
2026-04-07,2026-04-06,2026,118,202,5,5,.500,0.5,-,2,3,6,False,152,
2026-04-07,2026-04-06,2026,142,202,4,6,.400,1.5,1.0,3,7,10,False,151,
2026-04-07,2026-04-06,2026,116,202,4,6,.400,1.5,1.0,4,8,11,False,151,
2026-04-07,2026-04-06,2026,145,202,4,6,.400,1.5,1.0,5,5,8,False,151,
2026-04-07,2026-04-06,2026,108,200,6,5,.545,-,-,1,,2,False,-,152
2026-04-07,2026-04-06,2026,117,200,6,5,.545,-,+0.5,2,1,3,False,-,
2026-04-07,2026-04-06,2026,140,200,5,5,.500,0.5,-,3,2,5,False,152,
2026-04-07,2026-04-06,2026,136,200,4,7,.364,2.0,1.5,4,10,13,False,150,
2026-04-07,2026-04-06,2026,133,200,3,6,.333,2.0,1.5,5,11,14,False,151,
2026-04-07,2026-04-06,2026,143,204,6,4,.600,-,-,1,,5,False,-,152
2026-04-07,2026-04-06,2026,146,204,6,4,.600,-,-,2,4,7,False,-,
2026-04-07,2026-04-06,2026,121,204,6,4,.600,-,-,3,2,4,False,-,
2026-04-07,2026-04-06,2026,144,204,6,5,.545,0.5,0.5,4,5,8,False,152,
2026-04-07,2026-04-06,2026,120,204,4,6,.400,2.0,2.0,5,9,12,False,151,
2026-04-07,2026-04-06,2026,158,205,8,2,.800,-,-,1,,2,False,-,152
2026-04-07,2026-04-06,2026,113,205,7,3,.700,1.0,+1.0,2,1,3,False,152,
2026-04-07,2026-04-06,2026,134,205,6,4,.600,2.0,-,3,3,6,False,151,
2026-04-07,2026-04-06,2026,138,205,5,5,.500,3.0,1.0,4,8,11,False,150,
2026-04-07,2026-04-06,2026,112,205,4,6,.400,4.0,2.0,5,10,13,False,149,
2026-04-07,2026-04-06,2026,119,203,8,2,.800,-,-,1,,1,False,-,150
2026-04-07,2026-04-06,2026,135,203,5,5,.500,3.0,1.0,2,6,9,False,150,
2026-04-07,2026-04-06,2026,109,203,5,5,.500,3.0,1.0,3,7,10,False,150,
2026-04-07,2026-04-06,2026,115,203,4,6,.400,4.0,2.0,4,11,14,False,149,
2026-04-07,2026-04-06,2026,137,203,3,8,.273,5.5,3.5,5,12,15,False,147,
2026-04-08,2026-04-07,2026,147,201,8,2,.800,-,-,1,,1,False,-,149
2026-04-08,2026-04-07,2026,139,201,5,6,.455,3.5,-,2,4,7,False,149,
2026-04-08,2026-04-07,2026,110,201,5,6,.455,3.5,-,3,5,8,False,149,
2026-04-08,2026-04-07,2026,141,201,4,7,.364,4.5,1.0,4,9,12,False,148,
2026-04-08,2026-04-07,2026,111,201,3,8,.273,5.5,2.0,5,12,15,False,147,
2026-04-08,2026-04-07,2026,114,202,7,5,.583,-,-,1,,2,False,-,150
2026-04-08,2026-04-07,2026,118,202,5,6,.455,1.5,-,2,3,6,False,150,
2026-04-08,2026-04-07,2026,142,202,5,6,.455,1.5,-,3,6,9,False,150,
2026-04-08,2026-04-07,2026,116,202,4,7,.364,2.5,1.0,4,8,11,False,149,
2026-04-08,2026-04-07,2026,145,202,4,7,.364,2.5,1.0,5,7,10,False,149,
2026-04-08,2026-04-07,2026,140,200,6,5,.545,-,-,1,,3,False,-,151
2026-04-08,2026-04-07,2026,108,200,6,6,.500,0.5,+0.5,2,1,4,False,151,
2026-04-08,2026-04-07,2026,117,200,6,6,.500,0.5,+0.5,3,2,5,False,151,
2026-04-08,2026-04-07,2026,136,200,4,8,.333,2.5,1.5,4,10,13,False,149,
2026-04-08,2026-04-07,2026,133,200,3,7,.300,2.5,1.5,5,11,14,False,150,
2026-04-08,2026-04-07,2026,121,204,7,4,.636,-,-,1,,4,False,-,151
2026-04-08,2026-04-07,2026,144,204,7,5,.583,0.5,-,2,3,6,False,151,
2026-04-08,2026-04-07,2026,143,204,6,5,.545,1.0,0.5,3,4,7,False,151,
2026-04-08,2026-04-07,2026,146,204,6,5,.545,1.0,0.5,4,5,8,False,151,
2026-04-08,2026-04-07,2026,120,204,4,7,.364,3.0,2.5,5,11,14,False,149,
2026-04-08,2026-04-07,2026,113,205,8,3,.727,-,-,1,,2,False,-,151
2026-04-08,2026-04-07,2026,158,205,8,3,.727,-,+1.5,2,1,3,False,-,
2026-04-08,2026-04-07,2026,134,205,7,4,.636,1.0,+0.5,3,2,5,False,151,
2026-04-08,2026-04-07,2026,138,205,6,5,.545,2.0,0.5,4,6,9,False,150,
2026-04-08,2026-04-07,2026,112,205,5,6,.455,3.0,1.5,5,9,12,False,149,
2026-04-08,2026-04-07,2026,119,203,9,2,.818,-,-,1,,1,False,-,148
2026-04-08,2026-04-07,2026,135,203,5,6,.455,4.0,1.5,2,7,10,False,148,
2026-04-08,2026-04-07,2026,109,203,5,6,.455,4.0,1.5,3,8,11,False,148,
2026-04-08,2026-04-07,2026,115,203,5,6,.455,4.0,1.5,4,10,13,False,148,
2026-04-08,2026-04-07,2026,137,203,4,8,.333,5.5,3.0,5,12,15,False,146,
2026-04-09,2026-04-08,2026,147,201,8,3,.727,-,-,1,,1,False,-,149
2026-04-09,2026-04-08,2026,110,201,6,6,.500,2.5,+0.5,2,1,4,False,149,
2026-04-09,2026-04-08,2026,139,201,5,7,.417,3.5,0.5,3,6,9,False,148,
2026-04-09,2026-04-08,2026,141,201,5,7,.417,3.5,0.5,4,7,10,False,148,
2026-04-09,2026-04-08,2026,111,201,4,8,.333,4.5,1.5,5,11,14,False,147,
2026-04-09,2026-04-08,2026,114,202,8,5,.615,-,-,1,,2,False,-,149
2026-04-09,2026-04-08,2026,142,202,6,6,.500,1.5,+0.5,2,2,5,False,149,
2026-04-09,2026-04-08,2026,118,202,5,7,.417,2.5,0.5,3,5,8,False,148,
2026-04-09,2026-04-08,2026,116,202,4,8,.333,3.5,1.5,4,9,12,False,147,
2026-04-09,2026-04-08,2026,145,202,4,8,.333,3.5,1.5,5,10,13,False,147,
2026-04-09,2026-04-08,2026,140,200,7,5,.583,-,-,1,,3,False,-,149
2026-04-09,2026-04-08,2026,108,200,6,7,.462,1.5,-,2,3,6,False,149,
2026-04-09,2026-04-08,2026,117,200,6,7,.462,1.5,-,3,4,7,False,149,
2026-04-09,2026-04-08,2026,133,200,4,7,.364,2.5,1.0,4,8,11,False,149,
2026-04-09,2026-04-08,2026,136,200,4,9,.308,3.5,2.0,5,12,15,False,147,
2026-04-09,2026-04-08,2026,144,204,8,5,.615,-,-,1,,4,False,-,150
2026-04-09,2026-04-08,2026,146,204,7,5,.583,0.5,-,2,5,8,False,150,
2026-04-09,2026-04-08,2026,121,204,7,5,.583,0.5,-,3,3,6,False,150,
2026-04-09,2026-04-08,2026,143,204,6,6,.500,1.5,1.0,4,6,9,False,149,
2026-04-09,2026-04-08,2026,120,204,4,8,.333,3.5,3.0,5,12,15,False,147,
2026-04-09,2026-04-08,2026,113,205,8,4,.667,-,-,1,,2,False,-,150
2026-04-09,2026-04-08,2026,158,205,8,4,.667,-,+1.0,2,1,3,False,-,
2026-04-09,2026-04-08,2026,134,205,7,5,.583,1.0,-,3,4,7,False,150,
2026-04-09,2026-04-08,2026,138,205,7,5,.583,1.0,-,4,2,5,False,150,
2026-04-09,2026-04-08,2026,112,205,6,6,.500,2.0,1.0,5,9,12,False,149,
2026-04-09,2026-04-08,2026,119,203,9,3,.750,-,-,1,,1,False,-,148
2026-04-09,2026-04-08,2026,135,203,6,6,.500,3.0,1.0,2,7,10,False,148,
2026-04-09,2026-04-08,2026,109,203,6,6,.500,3.0,1.0,3,8,11,False,148,
2026-04-09,2026-04-08,2026,115,203,6,6,.500,3.0,1.0,4,10,13,False,148,
2026-04-09,2026-04-08,2026,137,203,5,8,.385,4.5,2.5,5,11,14,False,146,
2026-04-10,2026-04-09,2026,147,201,8,4,.667,-,-,1,,1,False,-,149
2026-04-10,2026-04-09,2026,110,201,6,6,.500,2.0,+0.5,2,2,5,False,149,
2026-04-10,2026-04-09,2026,139,201,5,7,.417,3.0,0.5,3,7,10,False,148,
2026-04-10,2026-04-09,2026,141,201,5,7,.417,3.0,0.5,4,5,8,False,148,
2026-04-10,2026-04-09,2026,111,201,4,8,.333,4.0,1.5,5,10,13,False,147,
2026-04-10,2026-04-09,2026,114,202,8,5,.615,-,-,1,,2,False,-,149
2026-04-10,2026-04-09,2026,142,202,7,6,.538,1.0,+1.0,2,1,4,False,149,
2026-04-10,2026-04-09,2026,145,202,5,8,.385,3.0,1.0,3,8,11,False,147,
2026-04-10,2026-04-09,2026,118,202,5,8,.385,3.0,1.0,4,9,12,False,147,
2026-04-10,2026-04-09,2026,116,202,4,9,.308,4.0,2.0,5,12,15,False,146,
2026-04-10,2026-04-09,2026,140,200,7,5,.583,-,-,1,,3,False,-,149
2026-04-10,2026-04-09,2026,108,200,6,7,.462,1.5,-,2,3,6,False,149,
2026-04-10,2026-04-09,2026,117,200,6,7,.462,1.5,-,3,4,7,False,149,
2026-04-10,2026-04-09,2026,133,200,5,7,.417,2.0,0.5,4,6,9,False,149,
2026-04-10,2026-04-09,2026,136,200,4,9,.308,3.5,2.0,5,11,14,False,147,
2026-04-10,2026-04-09,2026,146,204,8,5,.615,-,-,1,,4,False,-,149
2026-04-10,2026-04-09,2026,144,204,8,5,.615,-,+0.5,2,2,5,False,-,
2026-04-10,2026-04-09,2026,121,204,7,6,.538,1.0,0.5,3,7,10,False,149,
2026-04-10,2026-04-09,2026,143,204,6,6,.500,1.5,1.0,4,8,11,False,149,
2026-04-10,2026-04-09,2026,120,204,4,8,.333,3.5,3.0,5,12,15,False,147,
2026-04-10,2026-04-09,2026,158,205,8,4,.667,-,-,1,,2,False,-,150
2026-04-10,2026-04-09,2026,113,205,8,5,.615,0.5,+0.5,2,1,3,False,150,
2026-04-10,2026-04-09,2026,134,205,7,5,.583,1.0,-,3,3,6,False,150,
2026-04-10,2026-04-09,2026,138,205,7,5,.583,1.0,-,4,4,7,False,150,
2026-04-10,2026-04-09,2026,112,205,6,6,.500,2.0,1.0,5,9,12,False,149,
2026-04-10,2026-04-09,2026,119,203,9,3,.750,-,-,1,,1,False,-,148
2026-04-10,2026-04-09,2026,135,203,7,6,.538,2.5,0.5,2,6,9,False,148,
2026-04-10,2026-04-09,2026,109,203,7,6,.538,2.5,0.5,3,5,8,False,148,
2026-04-10,2026-04-09,2026,115,203,6,7,.462,3.5,1.5,4,10,13,False,147,
2026-04-10,2026-04-09,2026,137,203,5,8,.385,4.5,2.5,5,11,14,False,146,
2026-04-11,2026-04-10,2026,147,201,8,5,.615,-,-,1,,1,False,-,148
2026-04-11,2026-04-10,2026,139,201,6,7,.462,2.0,-,2,4,7,False,148,
2026-04-11,2026-04-10,2026,110,201,6,7,.462,2.0,-,3,6,9,False,148,
2026-04-11,2026-04-10,2026,141,201,6,7,.462,2.0,-,4,3,6,False,148,
2026-04-11,2026-04-10,2026,111,201,4,9,.308,4.0,2.0,5,12,15,False,146,
2026-04-11,2026-04-10,2026,114,202,8,6,.571,-,-,1,,2,False,-,148
2026-04-11,2026-04-10,2026,142,202,7,7,.500,1.0,+0.5,2,1,4,False,148,
2026-04-11,2026-04-10,2026,118,202,6,8,.429,2.0,0.5,3,7,10,False,147,
2026-04-11,2026-04-10,2026,145,202,5,9,.357,3.0,1.5,4,9,12,False,146,
2026-04-11,2026-04-10,2026,116,202,5,9,.357,3.0,1.5,5,11,14,False,146,
2026-04-11,2026-04-10,2026,140,200,7,6,.538,-,-,1,,3,False,-,149
2026-04-11,2026-04-10,2026,108,200,7,7,.500,0.5,+0.5,2,2,5,False,149,
2026-04-11,2026-04-10,2026,133,200,6,7,.462,1.0,-,3,5,8,False,149,
2026-04-11,2026-04-10,2026,117,200,6,8,.429,1.5,0.5,4,8,11,False,148,
2026-04-11,2026-04-10,2026,136,200,5,9,.357,2.5,1.5,5,10,13,False,147,
2026-04-11,2026-04-10,2026,144,204,9,5,.643,-,-,1,,2,False,-,148
2026-04-11,2026-04-10,2026,146,204,8,6,.571,1.0,-,2,4,7,False,148,
2026-04-11,2026-04-10,2026,121,204,7,7,.500,2.0,1.0,3,7,10,False,147,
2026-04-11,2026-04-10,2026,143,204,6,7,.462,2.5,1.5,4,8,11,False,147,
2026-04-11,2026-04-10,2026,120,204,5,8,.385,3.5,2.5,5,12,15,False,146,
2026-04-11,2026-04-10,2026,134,205,8,5,.615,-,-,1,,3,False,-,149
2026-04-11,2026-04-10,2026,138,205,8,5,.615,-,+0.5,2,1,4,False,-,
2026-04-11,2026-04-10,2026,158,205,8,5,.615,-,+0.5,3,2,5,False,-,
2026-04-11,2026-04-10,2026,113,205,8,6,.571,0.5,-,4,3,6,False,149,
2026-04-11,2026-04-10,2026,112,205,6,7,.462,2.0,1.5,5,9,12,False,148,
2026-04-11,2026-04-10,2026,119,203,10,3,.769,-,-,1,,1,False,-,147
2026-04-11,2026-04-10,2026,135,203,8,6,.571,2.5,-,2,5,8,False,147,
2026-04-11,2026-04-10,2026,109,203,8,6,.571,2.5,-,3,6,9,False,147,
2026-04-11,2026-04-10,2026,137,203,6,8,.429,4.5,2.0,4,10,13,False,145,
2026-04-11,2026-04-10,2026,115,203,6,8,.429,4.5,2.0,5,11,14,False,145,
2026-04-12,2026-04-11,2026,147,201,8,6,.571,-,-,1,,2,False,-,148
2026-04-12,2026-04-11,2026,139,201,7,7,.500,1.0,-,2,2,5,False,148,
2026-04-12,2026-04-11,2026,110,201,7,7,.500,1.0,-,3,4,7,False,148,
2026-04-12,2026-04-11,2026,141,201,6,8,.429,2.0,1.0,4,7,10,False,147,
2026-04-12,2026-04-11,2026,111,201,5,9,.357,3.0,2.0,5,11,14,False,146,
2026-04-12,2026-04-11,2026,114,202,9,6,.600,-,-,1,,1,False,-,147
2026-04-12,2026-04-11,2026,142,202,8,7,.533,1.0,+0.5,2,1,3,False,147,
2026-04-12,2026-04-11,2026,118,202,7,8,.467,2.0,0.5,3,6,9,False,146,
2026-04-12,2026-04-11,2026,116,202,6,9,.400,3.0,1.5,4,10,13,False,145,
2026-04-12,2026-04-11,2026,145,202,5,10,.333,4.0,2.5,5,12,15,False,144,
2026-04-12,2026-04-11,2026,140,200,7,7,.500,-,-,1,,4,False,-,148
2026-04-12,2026-04-11,2026,133,200,7,7,.500,-,-,2,3,6,False,-,
2026-04-12,2026-04-11,2026,108,200,7,8,.467,0.5,0.5,3,5,8,False,148,
2026-04-12,2026-04-11,2026,136,200,6,9,.400,1.5,1.5,4,8,11,False,147,
2026-04-12,2026-04-11,2026,117,200,6,9,.400,1.5,1.5,5,9,12,False,147,
2026-04-12,2026-04-11,2026,144,204,9,6,.600,-,-,1,,5,False,-,147
2026-04-12,2026-04-11,2026,146,204,8,7,.533,1.0,0.5,2,6,9,False,147,
2026-04-12,2026-04-11,2026,143,204,7,7,.500,1.5,1.0,3,7,10,False,147,
2026-04-12,2026-04-11,2026,121,204,7,8,.467,2.0,1.5,4,8,11,False,146,
2026-04-12,2026-04-11,2026,120,204,6,8,.429,2.5,2.0,5,9,12,False,146,
2026-04-12,2026-04-11,2026,134,205,9,5,.643,-,-,1,,2,False,-,148
2026-04-12,2026-04-11,2026,113,205,9,6,.600,0.5,+0.5,2,2,4,False,148,
2026-04-12,2026-04-11,2026,138,205,8,6,.571,1.0,-,3,3,6,False,148,
2026-04-12,2026-04-11,2026,158,205,8,6,.571,1.0,-,4,4,7,False,148,
2026-04-12,2026-04-11,2026,112,205,6,8,.429,3.0,2.0,5,10,13,False,146,
2026-04-12,2026-04-11,2026,119,203,11,3,.786,-,-,1,,1,False,-,146
2026-04-12,2026-04-11,2026,135,203,9,6,.600,2.5,+0.5,2,1,3,False,146,
2026-04-12,2026-04-11,2026,109,203,8,7,.533,3.5,0.5,3,5,8,False,145,
2026-04-12,2026-04-11,2026,137,203,6,9,.400,5.5,2.5,4,11,14,False,143,
2026-04-12,2026-04-11,2026,115,203,6,9,.400,5.5,2.5,5,12,15,False,143,
2026-04-13,2026-04-12,2026,139,201,8,7,.533,-,-,1,,3,False,-,146
2026-04-13,2026-04-12,2026,147,201,8,7,.533,-,-,2,3,6,False,-,
2026-04-13,2026-04-12,2026,110,201,8,7,.533,-,-,3,4,7,False,-,
2026-04-13,2026-04-12,2026,141,201,6,9,.400,2.0,2.0,4,9,12,False,146,
2026-04-13,2026-04-12,2026,111,201,6,9,.400,2.0,2.0,5,10,13,False,146,
2026-04-13,2026-04-12,2026,142,202,9,7,.563,-,-,1,,1,False,-,145
2026-04-13,2026-04-12,2026,114,202,9,7,.563,-,+0.5,2,1,2,False,-,
2026-04-13,2026-04-12,2026,118,202,7,9,.438,2.0,1.5,3,6,9,False,145,
2026-04-13,2026-04-12,2026,116,202,7,9,.438,2.0,1.5,4,8,11,False,145,
2026-04-13,2026-04-12,2026,145,202,6,10,.375,3.0,2.5,5,11,14,False,144,
2026-04-13,2026-04-12,2026,140,200,8,7,.533,-,-,1,,4,False,-,147
2026-04-13,2026-04-12,2026,133,200,8,7,.533,-,-,2,2,5,False,-,
2026-04-13,2026-04-12,2026,108,200,8,8,.500,0.5,0.5,3,5,8,False,147,
2026-04-13,2026-04-12,2026,136,200,7,9,.438,1.5,1.5,4,7,10,False,146,
2026-04-13,2026-04-12,2026,117,200,6,10,.375,2.5,2.5,5,12,15,False,145,
2026-04-13,2026-04-12,2026,144,204,10,6,.625,-,-,1,,3,False,-,145
2026-04-13,2026-04-12,2026,146,204,8,8,.500,2.0,1.0,2,6,9,False,145,
2026-04-13,2026-04-12,2026,143,204,7,8,.467,2.5,1.5,3,7,10,False,145,
2026-04-13,2026-04-12,2026,120,204,7,8,.467,2.5,1.5,4,8,11,False,145,
2026-04-13,2026-04-12,2026,121,204,7,9,.438,3.0,2.0,5,10,13,False,144,
2026-04-13,2026-04-12,2026,134,205,9,6,.600,-,-,1,,4,False,-,147
2026-04-13,2026-04-12,2026,113,205,9,7,.563,0.5,-,2,2,5,False,147,
2026-04-13,2026-04-12,2026,138,205,8,7,.533,1.0,0.5,3,4,7,False,147,
2026-04-13,2026-04-12,2026,158,205,8,7,.533,1.0,0.5,4,5,8,False,147,
2026-04-13,2026-04-12,2026,112,205,7,8,.467,2.0,1.5,5,9,12,False,146,
2026-04-13,2026-04-12,2026,119,203,11,4,.733,-,-,1,,1,False,-,146
2026-04-13,2026-04-12,2026,135,203,10,6,.625,1.5,+1.0,2,1,2,False,146,
2026-04-13,2026-04-12,2026,109,203,9,7,.563,2.5,-,3,3,6,False,145,
2026-04-13,2026-04-12,2026,137,203,6,10,.375,5.5,3.0,4,11,14,False,142,
2026-04-13,2026-04-12,2026,115,203,6,10,.375,5.5,3.0,5,12,15,False,142,
2026-04-14,2026-04-13,2026,147,201,9,7,.563,-,-,1,,4,False,-,147
2026-04-14,2026-04-13,2026,110,201,9,7,.563,-,+0.5,2,2,5,False,-,
2026-04-14,2026-04-13,2026,139,201,8,7,.533,0.5,-,3,3,6,False,147,
2026-04-14,2026-04-13,2026,141,201,6,9,.400,2.5,2.0,4,9,12,False,145,
2026-04-14,2026-04-13,2026,111,201,6,10,.375,3.0,2.5,5,11,14,False,144,
2026-04-14,2026-04-13,2026,142,202,10,7,.588,-,-,1,,1,False,-,144
2026-04-14,2026-04-13,2026,114,202,10,7,.588,-,+1.0,2,1,2,False,-,
2026-04-14,2026-04-13,2026,118,202,7,9,.438,2.5,1.5,3,7,10,False,144,
2026-04-14,2026-04-13,2026,116,202,7,9,.438,2.5,1.5,4,8,11,False,144,
2026-04-14,2026-04-13,2026,145,202,6,10,.375,3.5,2.5,5,10,13,False,143,
2026-04-14,2026-04-13,2026,140,200,9,7,.563,-,-,1,,3,False,-,146
2026-04-14,2026-04-13,2026,133,200,8,8,.500,1.0,0.5,2,4,7,False,146,
2026-04-14,2026-04-13,2026,108,200,8,9,.471,1.5,1.0,3,5,8,False,145,
2026-04-14,2026-04-13,2026,136,200,8,9,.471,1.5,1.0,4,6,9,False,145,
2026-04-14,2026-04-13,2026,117,200,6,11,.353,3.5,3.0,5,12,15,False,143,
2026-04-14,2026-04-13,2026,144,204,10,7,.588,-,-,1,,4,False,-,145
2026-04-14,2026-04-13,2026,146,204,9,8,.529,1.0,-,2,4,7,False,145,
2026-04-14,2026-04-13,2026,143,204,8,8,.500,1.5,0.5,3,6,9,False,145,
2026-04-14,2026-04-13,2026,120,204,7,9,.438,2.5,1.5,4,8,11,False,144,
2026-04-14,2026-04-13,2026,121,204,7,10,.412,3.0,2.0,5,10,13,False,143,
2026-04-14,2026-04-13,2026,134,205,10,6,.625,-,-,1,,3,False,-,146
2026-04-14,2026-04-13,2026,113,205,9,7,.563,1.0,+0.5,2,2,5,False,146,
2026-04-14,2026-04-13,2026,158,205,8,7,.533,1.5,-,3,3,6,False,146,
2026-04-14,2026-04-13,2026,138,205,8,8,.500,2.0,0.5,4,7,10,False,145,
2026-04-14,2026-04-13,2026,112,205,7,9,.438,3.0,1.5,5,9,12,False,144,
2026-04-14,2026-04-13,2026,119,203,12,4,.750,-,-,1,,1,False,-,145
2026-04-14,2026-04-13,2026,135,203,10,6,.625,2.0,+1.5,2,1,2,False,145,
2026-04-14,2026-04-13,2026,109,203,9,8,.529,3.5,-,3,5,8,False,143,
2026-04-14,2026-04-13,2026,137,203,6,10,.375,6.0,2.5,4,11,14,False,141,
2026-04-14,2026-04-13,2026,115,203,6,10,.375,6.0,2.5,5,12,15,False,141,
2026-04-15,2026-04-14,2026,139,201,9,7,.563,-,-,1,,2,False,-,146
2026-04-15,2026-04-14,2026,147,201,9,8,.529,0.5,-,2,3,6,False,146,
2026-04-15,2026-04-14,2026,110,201,9,8,.529,0.5,-,3,4,7,False,146,
2026-04-15,2026-04-14,2026,141,201,7,9,.438,2.0,1.5,4,8,11,False,145,
2026-04-15,2026-04-14,2026,111,201,6,11,.353,3.5,3.0,5,12,15,False,143,
2026-04-15,2026-04-14,2026,142,202,11,7,.611,-,-,1,,1,False,-,144
2026-04-15,2026-04-14,2026,114,202,10,8,.556,1.0,+0.5,2,1,3,False,144,
2026-04-15,2026-04-14,2026,116,202,8,9,.471,2.5,1.0,3,6,9,False,143,
2026-04-15,2026-04-14,2026,118,202,7,10,.412,3.5,2.0,4,9,12,False,142,
2026-04-15,2026-04-14,2026,145,202,6,11,.353,4.5,3.0,5,11,14,False,141,
2026-04-15,2026-04-14,2026,140,200,9,8,.529,-,-,1,,4,False,-,145
2026-04-15,2026-04-14,2026,133,200,9,8,.529,-,-,2,2,5,False,-,
2026-04-15,2026-04-14,2026,108,200,9,9,.500,0.5,0.5,3,5,8,False,145,
2026-04-15,2026-04-14,2026,136,200,8,10,.444,1.5,1.5,4,7,10,False,144,
2026-04-15,2026-04-14,2026,117,200,7,11,.389,2.5,2.5,5,10,13,False,143,
2026-04-15,2026-04-14,2026,144,204,11,7,.611,-,-,1,,3,False,-,143
2026-04-15,2026-04-14,2026,146,204,9,9,.500,2.0,1.0,2,5,8,False,143,
2026-04-15,2026-04-14,2026,143,204,8,9,.471,2.5,1.5,3,7,10,False,143,
2026-04-15,2026-04-14,2026,120,204,8,9,.471,2.5,1.5,4,8,11,False,143,
2026-04-15,2026-04-14,2026,121,204,7,11,.389,4.0,3.0,5,10,13,False,141,
2026-04-15,2026-04-14,2026,134,205,10,7,.588,-,-,1,,4,False,-,145
2026-04-15,2026-04-14,2026,113,205,10,7,.588,-,+0.5,2,2,5,False,-,
2026-04-15,2026-04-14,2026,138,205,9,8,.529,1.0,0.5,3,4,7,False,145,
2026-04-15,2026-04-14,2026,158,205,8,8,.500,1.5,1.0,4,6,9,False,145,
2026-04-15,2026-04-14,2026,112,205,8,9,.471,2.0,1.5,5,9,12,False,144,
2026-04-15,2026-04-14,2026,119,203,13,4,.765,-,-,1,,1,False,-,144
2026-04-15,2026-04-14,2026,135,203,11,6,.647,2.0,+1.5,2,1,2,False,144,
2026-04-15,2026-04-14,2026,109,203,10,8,.556,3.5,-,3,3,6,False,142,
2026-04-15,2026-04-14,2026,137,203,6,11,.353,7.0,3.5,4,11,14,False,139,
2026-04-15,2026-04-14,2026,115,203,6,11,.353,7.0,3.5,5,12,15,False,139,
2026-04-16,2026-04-15,2026,139,201,10,7,.588,-,-,1,,1,False,-,145
2026-04-16,2026-04-15,2026,147,201,10,8,.556,0.5,+1.0,2,1,4,False,145,
2026-04-16,2026-04-15,2026,110,201,9,9,.500,1.5,-,3,5,8,False,144,
2026-04-16,2026-04-15,2026,141,201,7,10,.412,3.0,1.5,4,9,12,False,143,
2026-04-16,2026-04-15,2026,111,201,7,11,.389,3.5,2.0,5,11,14,False,142,
2026-04-16,2026-04-15,2026,142,202,11,8,.579,-,-,1,,2,False,-,143
2026-04-16,2026-04-15,2026,114,202,10,9,.526,1.0,+0.5,2,2,5,False,143,
2026-04-16,2026-04-15,2026,116,202,9,9,.500,1.5,-,3,4,7,False,143,
2026-04-16,2026-04-15,2026,118,202,7,11,.389,3.5,2.0,4,10,13,False,141,
2026-04-16,2026-04-15,2026,145,202,6,12,.333,4.5,3.0,5,12,15,False,140,
2026-04-16,2026-04-15,2026,133,200,10,8,.556,-,-,1,,3,False,-,144
2026-04-16,2026-04-15,2026,140,200,9,9,.500,1.0,-,2,3,6,False,144,
2026-04-16,2026-04-15,2026,108,200,9,10,.474,1.5,0.5,3,6,9,False,143,
2026-04-16,2026-04-15,2026,136,200,8,11,.421,2.5,1.5,4,7,10,False,142,
2026-04-16,2026-04-15,2026,117,200,8,11,.421,2.5,1.5,5,8,11,False,142,
2026-04-16,2026-04-15,2026,144,204,12,7,.632,-,-,1,,3,False,-,141
2026-04-16,2026-04-15,2026,146,204,9,10,.474,3.0,2.0,2,7,10,False,141,
2026-04-16,2026-04-15,2026,143,204,8,10,.444,3.5,2.5,3,8,11,False,141,
2026-04-16,2026-04-15,2026,120,204,8,10,.444,3.5,2.5,4,9,12,False,141,
2026-04-16,2026-04-15,2026,121,204,7,12,.368,5.0,4.0,5,10,13,False,139,
2026-04-16,2026-04-15,2026,134,205,11,7,.611,-,-,1,,4,False,-,144
2026-04-16,2026-04-15,2026,113,205,11,7,.611,-,+0.5,2,2,5,False,-,
2026-04-16,2026-04-15,2026,138,205,10,8,.556,1.0,0.5,3,4,7,False,144,
2026-04-16,2026-04-15,2026,158,205,9,8,.529,1.5,1.0,4,5,8,False,144,
2026-04-16,2026-04-15,2026,112,205,9,9,.500,2.0,1.5,5,6,9,False,143,
2026-04-16,2026-04-15,2026,119,203,14,4,.778,-,-,1,,1,False,-,143
2026-04-16,2026-04-15,2026,135,203,12,6,.667,2.0,+1.5,2,1,2,False,143,
2026-04-16,2026-04-15,2026,109,203,11,8,.579,3.5,-,3,3,6,False,141,
2026-04-16,2026-04-15,2026,137,203,6,12,.333,8.0,4.5,4,11,14,False,137,
2026-04-16,2026-04-15,2026,115,203,6,12,.333,8.0,4.5,5,12,15,False,137,
2026-04-17,2026-04-16,2026,139,201,11,7,.611,-,-,1,,1,False,-,143
2026-04-17,2026-04-16,2026,147,201,10,9,.526,1.5,-,2,4,7,False,143,
2026-04-17,2026-04-16,2026,110,201,9,10,.474,2.5,1.0,3,6,9,False,142,
2026-04-17,2026-04-16,2026,141,201,7,11,.389,4.0,2.5,4,9,12,False,141,
2026-04-17,2026-04-16,2026,111,201,7,11,.389,4.0,2.5,5,10,13,False,141,
2026-04-17,2026-04-16,2026,142,202,11,8,.579,-,-,1,,2,False,-,143
2026-04-17,2026-04-16,2026,114,202,11,9,.550,0.5,+0.5,2,1,3,False,143,
2026-04-17,2026-04-16,2026,116,202,10,9,.526,1.0,-,3,3,6,False,143,
2026-04-17,2026-04-16,2026,118,202,7,12,.368,4.0,3.0,4,11,14,False,140,
2026-04-17,2026-04-16,2026,145,202,6,13,.316,5.0,4.0,5,12,15,False,139,
2026-04-17,2026-04-16,2026,140,200,10,9,.526,-,-,1,,5,False,-,143
2026-04-17,2026-04-16,2026,133,200,10,9,.526,-,-,2,2,4,False,-,
2026-04-17,2026-04-16,2026,108,200,10,10,.500,0.5,0.5,3,5,8,False,143,
2026-04-17,2026-04-16,2026,136,200,8,12,.400,2.5,2.5,4,7,10,False,141,
2026-04-17,2026-04-16,2026,117,200,8,12,.400,2.5,2.5,5,8,11,False,141,
2026-04-17,2026-04-16,2026,144,204,12,7,.632,-,-,1,,3,False,-,141
2026-04-17,2026-04-16,2026,146,204,9,10,.474,3.0,2.0,2,7,10,False,141,
2026-04-17,2026-04-16,2026,120,204,9,10,.474,3.0,2.0,3,8,11,False,141,
2026-04-17,2026-04-16,2026,143,204,8,10,.444,3.5,2.5,4,9,12,False,141,
2026-04-17,2026-04-16,2026,121,204,7,12,.368,5.0,4.0,5,10,13,False,139,
2026-04-17,2026-04-16,2026,134,205,11,8,.579,-,-,1,,4,False,-,144
2026-04-17,2026-04-16,2026,113,205,11,8,.579,-,-,2,2,5,False,-,
2026-04-17,2026-04-16,2026,138,205,10,8,.556,0.5,0.5,3,4,7,False,144,
2026-04-17,2026-04-16,2026,158,205,10,8,.556,0.5,0.5,4,5,8,False,144,
2026-04-17,2026-04-16,2026,112,205,9,9,.500,1.5,1.5,5,6,9,False,143,
2026-04-17,2026-04-16,2026,119,203,14,4,.778,-,-,1,,1,False,-,143
2026-04-17,2026-04-16,2026,135,203,13,6,.684,1.5,+2.0,2,1,2,False,143,
2026-04-17,2026-04-16,2026,109,203,11,8,.579,3.5,-,3,3,6,False,141,
2026-04-17,2026-04-16,2026,137,203,7,12,.368,7.5,4.0,4,11,14,False,137,
2026-04-17,2026-04-16,2026,115,203,7,12,.368,7.5,4.0,5,12,15,False,137,
2026-04-18,2026-04-17,2026,139,201,11,8,.579,-,-,1,,1,False,-,143
2026-04-18,2026-04-17,2026,147,201,11,9,.550,0.5,+0.5,2,1,4,False,143,
2026-04-18,2026-04-17,2026,110,201,10,10,.500,1.5,0.5,3,6,9,False,142,
2026-04-18,2026-04-17,2026,111,201,8,11,.421,3.0,2.0,4,7,10,False,141,
2026-04-18,2026-04-17,2026,141,201,7,12,.368,4.0,3.0,5,10,13,False,140,
2026-04-18,2026-04-17,2026,142,202,11,9,.550,-,-,1,,3,False,-,142
2026-04-18,2026-04-17,2026,114,202,11,10,.524,0.5,-,2,2,5,False,142,
2026-04-18,2026-04-17,2026,116,202,10,10,.500,1.0,0.5,3,5,8,False,142,
2026-04-18,2026-04-17,2026,145,202,7,13,.350,4.0,3.5,4,11,14,False,139,
2026-04-18,2026-04-17,2026,118,202,7,13,.350,4.0,3.5,5,12,15,False,139,
2026-04-18,2026-04-17,2026,140,200,11,9,.550,-,-,1,,2,False,-,142
2026-04-18,2026-04-17,2026,108,200,11,10,.524,0.5,-,2,3,6,False,142,
2026-04-18,2026-04-17,2026,133,200,10,10,.500,1.0,0.5,3,4,7,False,142,
2026-04-18,2026-04-17,2026,136,200,8,13,.381,3.5,3.0,4,8,11,False,139,
2026-04-18,2026-04-17,2026,117,200,8,13,.381,3.5,3.0,5,9,12,False,139,
2026-04-18,2026-04-17,2026,144,204,13,7,.650,-,-,1,,2,False,-,139
2026-04-18,2026-04-17,2026,146,204,9,11,.450,4.0,3.0,2,7,10,False,139,
2026-04-18,2026-04-17,2026,120,204,9,11,.450,4.0,3.0,3,8,11,False,139,
2026-04-18,2026-04-17,2026,143,204,8,11,.421,4.5,3.5,4,9,12,False,139,
2026-04-18,2026-04-17,2026,121,204,7,13,.350,6.0,5.0,5,12,15,False,137,
2026-04-18,2026-04-17,2026,134,205,12,8,.600,-,-,1,,4,False,-,143
2026-04-18,2026-04-17,2026,113,205,12,8,.600,-,-,2,2,5,False,-,
2026-04-18,2026-04-17,2026,138,205,11,8,.579,0.5,0.5,3,4,7,False,143,
2026-04-18,2026-04-17,2026,158,205,11,8,.579,0.5,0.5,4,5,8,False,143,
2026-04-18,2026-04-17,2026,112,205,10,9,.526,1.5,1.5,5,6,9,False,142,
2026-04-18,2026-04-17,2026,119,203,15,4,.789,-,-,1,,1,False,-,141
2026-04-18,2026-04-17,2026,135,203,13,7,.650,2.5,+1.0,2,1,3,False,141,
2026-04-18,2026-04-17,2026,109,203,12,8,.600,3.5,-,3,3,6,False,140,
2026-04-18,2026-04-17,2026,137,203,8,12,.400,7.5,4.0,4,10,13,False,136,
2026-04-18,2026-04-17,2026,115,203,7,13,.350,8.5,5.0,5,11,14,False,135,
2026-04-19,2026-04-18,2026,139,201,12,8,.600,-,-,1,,1,False,-,142
2026-04-19,2026-04-18,2026,147,201,12,9,.571,0.5,+1.0,2,1,2,False,142,
2026-04-19,2026-04-18,2026,110,201,10,11,.476,2.5,1.0,3,6,9,False,140,
2026-04-19,2026-04-18,2026,111,201,8,12,.400,4.0,2.5,4,8,11,False,139,
2026-04-19,2026-04-18,2026,141,201,7,13,.350,5.0,3.5,5,10,13,False,138,
2026-04-19,2026-04-18,2026,114,202,12,10,.545,-,-,1,,3,False,-,141
2026-04-19,2026-04-18,2026,142,202,11,10,.524,0.5,-,2,2,4,False,141,
2026-04-19,2026-04-18,2026,116,202,11,10,.524,0.5,-,3,4,7,False,141,
2026-04-19,2026-04-18,2026,145,202,7,14,.333,4.5,4.0,4,11,14,False,137,
2026-04-19,2026-04-18,2026,118,202,7,14,.333,4.5,4.0,5,12,15,False,137,
2026-04-19,2026-04-18,2026,140,200,11,10,.524,-,-,1,,5,False,-,141
2026-04-19,2026-04-18,2026,133,200,11,10,.524,-,-,2,3,6,False,-,
2026-04-19,2026-04-18,2026,108,200,11,11,.500,0.5,0.5,3,5,8,False,141,
2026-04-19,2026-04-18,2026,136,200,9,13,.409,2.5,2.5,4,7,10,False,139,
2026-04-19,2026-04-18,2026,117,200,8,14,.364,3.5,3.5,5,9,12,False,138,
2026-04-19,2026-04-18,2026,144,204,14,7,.667,-,-,1,,2,False,-,137
2026-04-19,2026-04-18,2026,146,204,9,12,.429,5.0,3.5,2,8,11,False,137,
2026-04-19,2026-04-18,2026,120,204,9,12,.429,5.0,3.5,3,9,12,False,137,
2026-04-19,2026-04-18,2026,143,204,8,12,.400,5.5,4.0,4,10,13,False,137,
2026-04-19,2026-04-18,2026,121,204,7,14,.333,7.0,5.5,5,12,15,False,135,
2026-04-19,2026-04-18,2026,113,205,13,8,.619,-,-,1,,4,False,-,142
2026-04-19,2026-04-18,2026,138,205,12,8,.600,0.5,-,2,3,6,False,142,
2026-04-19,2026-04-18,2026,158,205,12,8,.600,0.5,-,3,4,7,False,142,
2026-04-19,2026-04-18,2026,134,205,12,9,.571,1.0,0.5,4,5,8,False,141,
2026-04-19,2026-04-18,2026,112,205,11,9,.550,1.5,1.0,5,6,9,False,141,
2026-04-19,2026-04-18,2026,119,203,15,5,.750,-,-,1,,1,False,-,141
2026-04-19,2026-04-18,2026,135,203,14,7,.667,1.5,+1.5,2,1,3,False,141,
2026-04-19,2026-04-18,2026,109,203,13,8,.619,2.5,+0.5,3,2,5,False,140,
2026-04-19,2026-04-18,2026,137,203,9,12,.429,6.5,3.5,4,7,10,False,136,
2026-04-19,2026-04-18,2026,115,203,8,13,.381,7.5,4.5,5,11,14,False,135,
2026-04-20,2026-04-19,2026,147,201,13,9,.591,-,-,1,,1,False,-,141
2026-04-20,2026-04-19,2026,139,201,12,9,.571,0.5,+1.5,2,1,2,False,141,
2026-04-20,2026-04-19,2026,110,201,10,12,.455,3.0,1.0,3,6,9,False,138,
2026-04-20,2026-04-19,2026,141,201,8,13,.381,4.5,2.5,4,8,11,False,137,
2026-04-20,2026-04-19,2026,111,201,8,13,.381,4.5,2.5,5,9,12,False,137,
2026-04-20,2026-04-19,2026,114,202,13,10,.565,-,-,1,,3,False,-,140
2026-04-20,2026-04-19,2026,116,202,12,10,.545,0.5,+1.0,2,2,4,False,140,
2026-04-20,2026-04-19,2026,142,202,11,11,.500,1.5,-,3,4,7,False,139,
2026-04-20,2026-04-19,2026,145,202,8,14,.364,4.5,3.0,4,10,13,False,136,
2026-04-20,2026-04-19,2026,118,202,7,15,.318,5.5,4.0,5,12,15,False,135,
2026-04-20,2026-04-19,2026,140,200,11,11,.500,-,-,1,,5,False,-,140
2026-04-20,2026-04-19,2026,133,200,11,11,.500,-,-,2,3,6,False,-,
2026-04-20,2026-04-19,2026,108,200,11,12,.478,0.5,0.5,3,5,8,False,140,
2026-04-20,2026-04-19,2026,136,200,10,13,.435,1.5,1.5,4,7,10,False,139,
2026-04-20,2026-04-19,2026,117,200,8,15,.348,3.5,3.5,5,11,14,False,137,
2026-04-20,2026-04-19,2026,144,204,15,7,.682,-,-,1,,2,False,-,136
2026-04-20,2026-04-19,2026,146,204,10,12,.455,5.0,3.0,2,7,10,False,136,
2026-04-20,2026-04-19,2026,120,204,10,12,.455,5.0,3.0,3,8,11,False,136,
2026-04-20,2026-04-19,2026,143,204,8,13,.381,6.5,4.5,4,11,14,False,135,
2026-04-20,2026-04-19,2026,121,204,7,15,.318,8.0,6.0,5,12,15,False,133,
2026-04-20,2026-04-19,2026,113,205,14,8,.636,-,-,1,,4,False,-,141
2026-04-20,2026-04-19,2026,138,205,13,8,.619,0.5,+0.5,2,2,5,False,141,
2026-04-20,2026-04-19,2026,134,205,13,9,.591,1.0,-,3,3,6,False,140,
2026-04-20,2026-04-19,2026,112,205,12,9,.571,1.5,0.5,4,5,8,False,140,
2026-04-20,2026-04-19,2026,158,205,12,9,.571,1.5,0.5,5,6,9,False,140,
2026-04-20,2026-04-19,2026,119,203,15,6,.714,-,-,1,,1,False,-,141
2026-04-20,2026-04-19,2026,135,203,15,7,.682,0.5,+2.0,2,1,3,False,141,
2026-04-20,2026-04-19,2026,109,203,13,9,.591,2.5,-,3,4,7,False,139,
2026-04-20,2026-04-19,2026,137,203,9,13,.409,6.5,4.0,4,9,12,False,135,
2026-04-20,2026-04-19,2026,115,203,9,13,.409,6.5,4.0,5,10,13,False,135,
2026-04-21,2026-04-20,2026,147,201,13,9,.591,-,-,1,,1,False,-,140
2026-04-21,2026-04-20,2026,139,201,12,10,.545,1.0,+1.0,2,1,2,False,140,
2026-04-21,2026-04-20,2026,110,201,11,12,.478,2.5,0.5,3,5,8,False,138,
2026-04-21,2026-04-20,2026,141,201,9,13,.409,4.0,2.0,4,8,11,False,137,
2026-04-21,2026-04-20,2026,111,201,9,13,.409,4.0,2.0,5,9,12,False,137,
2026-04-21,2026-04-20,2026,114,202,13,11,.542,-,-,1,,3,False,-,139
2026-04-21,2026-04-20,2026,116,202,12,11,.522,0.5,+0.5,2,2,5,False,139,
2026-04-21,2026-04-20,2026,142,202,11,11,.500,1.0,-,3,3,6,False,139,
2026-04-21,2026-04-20,2026,145,202,8,14,.364,4.0,3.0,4,11,14,False,136,
2026-04-21,2026-04-20,2026,118,202,7,16,.304,5.5,4.5,5,12,15,False,134,
2026-04-21,2026-04-20,2026,133,200,12,11,.522,-,-,1,,4,False,-,140
2026-04-21,2026-04-20,2026,140,200,11,11,.500,0.5,-,2,4,7,False,140,
2026-04-21,2026-04-20,2026,108,200,11,13,.458,1.5,1.0,3,6,9,False,138,
2026-04-21,2026-04-20,2026,136,200,10,14,.417,2.5,2.0,4,7,10,False,137,
2026-04-21,2026-04-20,2026,117,200,9,15,.375,3.5,3.0,5,10,13,False,136,
2026-04-21,2026-04-20,2026,144,204,16,7,.696,-,-,1,,2,False,-,135
2026-04-21,2026-04-20,2026,146,204,11,12,.478,5.0,2.5,2,7,10,False,135,
2026-04-21,2026-04-20,2026,120,204,10,13,.435,6.0,3.5,3,8,11,False,134,
2026-04-21,2026-04-20,2026,143,204,8,14,.364,7.5,5.0,4,11,14,False,133,
2026-04-21,2026-04-20,2026,121,204,7,15,.318,8.5,6.0,5,12,15,False,132,
2026-04-21,2026-04-20,2026,113,205,15,8,.652,-,-,1,,4,False,-,139
2026-04-21,2026-04-20,2026,134,205,13,9,.591,1.5,-,2,2,5,False,139,
2026-04-21,2026-04-20,2026,112,205,13,9,.591,1.5,-,3,3,6,False,139,
2026-04-21,2026-04-20,2026,138,205,13,9,.591,1.5,-,4,5,8,False,139,
2026-04-21,2026-04-20,2026,158,205,12,9,.571,2.0,0.5,5,6,9,False,139,
2026-04-21,2026-04-20,2026,119,203,16,6,.727,-,-,1,,1,False,-,140
2026-04-21,2026-04-20,2026,135,203,15,7,.682,1.0,+2.0,2,1,3,False,140,
2026-04-21,2026-04-20,2026,109,203,13,9,.591,3.0,-,3,4,7,False,138,
2026-04-21,2026-04-20,2026,137,203,9,13,.409,7.0,4.0,4,9,12,False,134,
2026-04-21,2026-04-20,2026,115,203,9,14,.391,7.5,4.5,5,10,13,False,133,
2026-04-22,2026-04-21,2026,147,201,14,9,.609,-,-,1,,1,False,-,138
2026-04-22,2026-04-21,2026,139,201,12,11,.522,2.0,-,2,1,4,False,138,
2026-04-22,2026-04-21,2026,110,201,11,13,.458,3.5,1.5,3,5,8,False,136,
2026-04-22,2026-04-21,2026,141,201,10,13,.435,4.0,2.0,4,7,10,False,136,
2026-04-22,2026-04-21,2026,111,201,9,14,.391,5.0,3.0,5,10,13,False,135,
2026-04-22,2026-04-21,2026,114,202,14,11,.560,-,-,1,,2,False,-,138
2026-04-22,2026-04-21,2026,142,202,12,11,.522,1.0,-,2,2,5,False,138,
2026-04-22,2026-04-21,2026,116,202,12,12,.500,1.5,0.5,3,4,7,False,137,
2026-04-22,2026-04-21,2026,145,202,9,14,.391,4.0,3.0,4,9,12,False,135,
2026-04-22,2026-04-21,2026,118,202,8,16,.333,5.5,4.5,5,12,15,False,133,
2026-04-22,2026-04-21,2026,133,200,13,11,.542,-,-,1,,3,False,-,139
2026-04-22,2026-04-21,2026,140,200,12,11,.522,0.5,-,2,3,6,False,139,
2026-04-22,2026-04-21,2026,108,200,11,14,.440,2.5,2.0,3,6,9,False,136,
2026-04-22,2026-04-21,2026,136,200,10,15,.400,3.5,3.0,4,8,11,False,135,
2026-04-22,2026-04-21,2026,117,200,9,16,.360,4.5,4.0,5,11,14,False,134,
2026-04-22,2026-04-21,2026,144,204,16,8,.667,-,-,1,,3,False,-,134
2026-04-22,2026-04-21,2026,120,204,11,13,.458,5.0,3.5,2,7,10,False,134,
2026-04-22,2026-04-21,2026,146,204,11,13,.458,5.0,3.5,3,8,11,False,134,
2026-04-22,2026-04-21,2026,143,204,8,15,.348,7.5,6.0,4,11,14,False,132,
2026-04-22,2026-04-21,2026,121,204,7,16,.304,8.5,7.0,5,12,15,False,131,
2026-04-22,2026-04-21,2026,113,205,16,8,.667,-,-,1,,4,False,-,138
2026-04-22,2026-04-21,2026,112,205,14,9,.609,1.5,-,2,2,5,False,138,
2026-04-22,2026-04-21,2026,138,205,14,9,.609,1.5,-,3,3,6,False,138,
2026-04-22,2026-04-21,2026,158,205,13,9,.591,2.0,0.5,4,4,7,False,138,
2026-04-22,2026-04-21,2026,134,205,13,10,.565,2.5,1.0,5,5,8,False,137,
2026-04-22,2026-04-21,2026,135,203,16,7,.696,-,-,1,,1,False,-,137
2026-04-22,2026-04-21,2026,119,203,16,7,.696,-,+2.0,2,1,2,False,-,
2026-04-22,2026-04-21,2026,109,203,13,10,.565,3.0,1.0,3,6,9,False,137,
2026-04-22,2026-04-21,2026,137,203,10,13,.435,6.0,4.0,4,9,12,False,134,
2026-04-22,2026-04-21,2026,115,203,9,15,.375,7.5,5.5,5,10,13,False,132,
2026-04-23,2026-04-22,2026,147,201,15,9,.625,-,-,1,,1,False,-,137
2026-04-23,2026-04-22,2026,139,201,13,11,.542,2.0,+1.0,2,1,2,False,137,
2026-04-23,2026-04-22,2026,110,201,12,13,.480,3.5,0.5,3,5,8,False,135,
2026-04-23,2026-04-22,2026,141,201,10,14,.417,5.0,2.0,4,8,11,False,134,
2026-04-23,2026-04-22,2026,111,201,9,15,.375,6.0,3.0,5,11,14,False,133,
2026-04-23,2026-04-22,2026,114,202,14,12,.538,-,-,1,,3,False,-,137
2026-04-23,2026-04-22,2026,116,202,13,12,.520,0.5,+0.5,2,2,5,False,137,
2026-04-23,2026-04-22,2026,142,202,12,12,.500,1.0,-,3,3,6,False,137,
2026-04-23,2026-04-22,2026,145,202,9,15,.375,4.0,3.0,4,10,13,False,134,
2026-04-23,2026-04-22,2026,118,202,8,17,.320,5.5,4.5,5,12,15,False,132,
2026-04-23,2026-04-22,2026,133,200,13,12,.520,-,-,1,,4,False,-,138
2026-04-23,2026-04-22,2026,140,200,12,12,.500,0.5,-,2,4,7,False,138,
2026-04-23,2026-04-22,2026,108,200,12,14,.462,1.5,1.0,3,6,9,False,136,
2026-04-23,2026-04-22,2026,136,200,11,15,.423,2.5,2.0,4,7,10,False,135,
2026-04-23,2026-04-22,2026,117,200,10,16,.385,3.5,3.0,5,9,12,False,134,
2026-04-23,2026-04-22,2026,144,204,17,8,.680,-,-,1,,1,False,-,133
2026-04-23,2026-04-22,2026,146,204,12,13,.480,5.0,2.5,2,7,10,False,133,
2026-04-23,2026-04-22,2026,120,204,11,14,.440,6.0,3.5,3,9,12,False,132,
2026-04-23,2026-04-22,2026,143,204,8,16,.333,8.5,6.0,4,11,14,False,130,
2026-04-23,2026-04-22,2026,121,204,8,16,.333,8.5,6.0,5,12,15,False,130,
2026-04-23,2026-04-22,2026,113,205,16,9,.640,-,-,1,,4,False,-,138
2026-04-23,2026-04-22,2026,112,205,15,9,.625,0.5,+1.0,2,2,5,False,138,
2026-04-23,2026-04-22,2026,134,205,14,10,.583,1.5,-,3,3,6,False,137,
2026-04-23,2026-04-22,2026,138,205,14,10,.583,1.5,-,4,5,8,False,137,
2026-04-23,2026-04-22,2026,158,205,13,10,.565,2.0,0.5,5,6,9,False,137,
2026-04-23,2026-04-22,2026,135,203,16,8,.667,-,-,1,,2,False,-,137
2026-04-23,2026-04-22,2026,119,203,16,8,.667,-,+2.0,2,1,3,False,-,
2026-04-23,2026-04-22,2026,109,203,14,10,.583,2.0,-,3,4,7,False,137,
2026-04-23,2026-04-22,2026,137,203,11,13,.458,5.0,3.0,4,8,11,False,134,
2026-04-23,2026-04-22,2026,115,203,10,15,.400,6.5,4.5,5,10,13,False,132,
2026-04-24,2026-04-23,2026,147,201,16,9,.640,-,-,1,,1,False,-,136
2026-04-24,2026-04-23,2026,139,201,13,11,.542,2.5,+0.5,2,1,2,False,136,
2026-04-24,2026-04-23,2026,110,201,12,13,.480,4.0,1.0,3,4,7,False,134,
2026-04-24,2026-04-23,2026,141,201,10,14,.417,5.5,2.5,4,8,11,False,133,
2026-04-24,2026-04-23,2026,111,201,9,16,.360,7.0,4.0,5,11,14,False,131,
2026-04-24,2026-04-23,2026,114,202,14,12,.538,-,-,1,,3,False,-,136
2026-04-24,2026-04-23,2026,116,202,14,12,.538,-,+0.5,2,2,4,False,-,
2026-04-24,2026-04-23,2026,142,202,12,13,.480,1.5,1.0,3,5,8,False,136,
2026-04-24,2026-04-23,2026,145,202,10,15,.400,3.5,3.0,4,9,12,False,134,
2026-04-24,2026-04-23,2026,118,202,8,17,.320,5.5,5.0,5,12,15,False,132,
2026-04-24,2026-04-23,2026,140,200,13,12,.520,-,-,1,,5,False,-,136
2026-04-24,2026-04-23,2026,133,200,13,12,.520,-,-,2,3,6,False,-,
2026-04-24,2026-04-23,2026,108,200,12,14,.462,1.5,1.5,3,6,9,False,136,
2026-04-24,2026-04-23,2026,136,200,11,15,.423,2.5,2.5,4,7,10,False,135,
2026-04-24,2026-04-23,2026,117,200,10,16,.385,3.5,3.5,5,10,13,False,134,
2026-04-24,2026-04-23,2026,144,204,18,8,.692,-,-,1,,1,False,-,132
2026-04-24,2026-04-23,2026,146,204,12,13,.480,5.5,2.5,2,7,10,False,132,
2026-04-24,2026-04-23,2026,120,204,11,15,.423,7.0,4.0,3,9,12,False,130,
2026-04-24,2026-04-23,2026,121,204,9,16,.360,8.5,5.5,4,11,14,False,129,
2026-04-24,2026-04-23,2026,143,204,8,17,.320,9.5,6.5,5,12,15,False,128,
2026-04-24,2026-04-23,2026,112,205,16,9,.640,-,-,1,,4,False,-,137
2026-04-24,2026-04-23,2026,113,205,16,9,.640,-,+1.5,2,2,5,False,-,
2026-04-24,2026-04-23,2026,138,205,14,10,.583,1.5,-,3,3,6,False,137,
2026-04-24,2026-04-23,2026,134,205,14,11,.560,2.0,0.5,4,4,7,False,136,
2026-04-24,2026-04-23,2026,158,205,13,11,.542,2.5,1.0,5,6,9,False,136,
2026-04-24,2026-04-23,2026,135,203,17,8,.680,-,-,1,,2,False,-,135
2026-04-24,2026-04-23,2026,119,203,17,8,.680,-,+2.5,2,1,3,False,-,
2026-04-24,2026-04-23,2026,109,203,14,11,.560,3.0,0.5,3,5,8,False,135,
2026-04-24,2026-04-23,2026,137,203,11,14,.440,6.0,3.5,4,8,11,False,132,
2026-04-24,2026-04-23,2026,115,203,10,16,.385,7.5,5.0,5,10,13,False,130,
2026-04-25,2026-04-24,2026,147,201,17,9,.654,-,-,1,,1,False,-,135
2026-04-25,2026-04-24,2026,139,201,14,11,.560,2.5,+1.5,2,1,2,False,135,
2026-04-25,2026-04-24,2026,110,201,13,13,.500,4.0,-,3,4,7,False,133,
2026-04-25,2026-04-24,2026,141,201,10,15,.400,6.5,2.5,4,9,12,False,131,
2026-04-25,2026-04-24,2026,111,201,9,17,.346,8.0,4.0,5,12,15,False,129,
2026-04-25,2026-04-24,2026,114,202,15,12,.556,-,-,1,,3,False,-,135
2026-04-25,2026-04-24,2026,116,202,14,13,.519,1.0,+0.5,2,2,5,False,135,
2026-04-25,2026-04-24,2026,142,202,12,14,.462,2.5,1.0,3,5,8,False,134,
2026-04-25,2026-04-24,2026,145,202,11,15,.423,3.5,2.0,4,8,11,False,133,
2026-04-25,2026-04-24,2026,118,202,9,17,.346,5.5,4.0,5,11,14,False,131,
2026-04-25,2026-04-24,2026,133,200,14,12,.538,-,-,1,,4,False,-,136
2026-04-25,2026-04-24,2026,140,200,13,13,.500,1.0,-,2,3,6,False,136,
2026-04-25,2026-04-24,2026,108,200,12,15,.444,2.5,1.5,3,6,9,False,134,
2026-04-25,2026-04-24,2026,136,200,12,15,.444,2.5,1.5,4,7,10,False,134,
2026-04-25,2026-04-24,2026,117,200,10,17,.370,4.5,3.5,5,10,13,False,132,
2026-04-25,2026-04-24,2026,144,204,19,8,.704,-,-,1,,1,False,-,131
2026-04-25,2026-04-24,2026,146,204,13,13,.500,5.5,2.0,2,7,10,False,131,
2026-04-25,2026-04-24,2026,120,204,11,16,.407,8.0,4.5,3,9,12,False,128,
2026-04-25,2026-04-24,2026,121,204,9,17,.346,9.5,6.0,4,11,14,False,127,
2026-04-25,2026-04-24,2026,143,204,8,18,.308,10.5,7.0,5,12,15,False,126,
2026-04-25,2026-04-24,2026,112,205,17,9,.654,-,-,1,,3,False,-,135
2026-04-25,2026-04-24,2026,113,205,17,9,.654,-,+2.0,2,2,5,False,-,
2026-04-25,2026-04-24,2026,134,205,15,11,.577,2.0,-,3,3,6,False,135,
2026-04-25,2026-04-24,2026,138,205,14,11,.560,2.5,0.5,4,5,8,False,135,
2026-04-25,2026-04-24,2026,158,205,13,12,.520,3.5,1.5,5,6,9,False,134,
2026-04-25,2026-04-24,2026,135,203,17,8,.680,-,-,1,,2,False,-,137
2026-04-25,2026-04-24,2026,119,203,17,9,.654,0.5,+2.0,2,1,4,False,137,
2026-04-25,2026-04-24,2026,109,203,14,11,.560,3.0,0.5,3,4,7,False,135,
2026-04-25,2026-04-24,2026,137,203,11,15,.423,6.5,4.0,4,8,11,False,131,
2026-04-25,2026-04-24,2026,115,203,11,16,.407,7.0,4.5,5,10,13,False,130,
2026-04-26,2026-04-25,2026,147,201,18,9,.667,-,-,1,,1,False,-,134
2026-04-26,2026-04-25,2026,139,201,15,11,.577,2.5,+2.0,2,1,2,False,134,
2026-04-26,2026-04-25,2026,110,201,13,14,.481,5.0,0.5,3,4,7,False,131,
2026-04-26,2026-04-25,2026,141,201,11,15,.423,6.5,2.0,4,8,11,False,130,
2026-04-26,2026-04-25,2026,111,201,10,17,.370,8.0,3.5,5,11,14,False,128,
2026-04-26,2026-04-25,2026,114,202,15,13,.536,-,-,1,,3,False,-,134
2026-04-26,2026-04-25,2026,116,202,14,14,.500,1.0,-,2,3,6,False,134,
2026-04-26,2026-04-25,2026,142,202,12,15,.444,2.5,1.5,3,6,9,False,133,
2026-04-26,2026-04-25,2026,145,202,11,16,.407,3.5,2.5,4,9,12,False,132,
2026-04-26,2026-04-25,2026,118,202,10,17,.370,4.5,3.5,5,10,13,False,131,
2026-04-26,2026-04-25,2026,140,200,14,13,.519,-,-,1,,4,False,-,134
2026-04-26,2026-04-25,2026,133,200,14,13,.519,-,+0.5,2,2,5,False,-,
2026-04-26,2026-04-25,2026,136,200,13,15,.464,1.5,1.0,3,5,8,False,134,
2026-04-26,2026-04-25,2026,108,200,12,16,.429,2.5,2.0,4,7,10,False,133,
2026-04-26,2026-04-25,2026,117,200,10,18,.357,4.5,4.0,5,12,15,False,131,
2026-04-26,2026-04-25,2026,144,204,19,9,.679,-,-,1,,2,False,-,130
2026-04-26,2026-04-25,2026,146,204,13,14,.481,5.5,3.0,2,7,10,False,130,
2026-04-26,2026-04-25,2026,120,204,12,16,.429,7.0,4.5,3,9,12,False,128,
2026-04-26,2026-04-25,2026,121,204,9,17,.346,9.0,6.5,4,11,14,False,127,
2026-04-26,2026-04-25,2026,143,204,9,18,.333,9.5,7.0,5,12,15,False,126,
2026-04-26,2026-04-25,2026,113,205,18,9,.667,-,-,1,,4,False,-,135
2026-04-26,2026-04-25,2026,112,205,17,10,.630,1.0,+1.0,2,2,5,False,135,
2026-04-26,2026-04-25,2026,134,205,16,11,.593,2.0,-,3,3,6,False,134,
2026-04-26,2026-04-25,2026,138,205,14,12,.538,3.5,1.5,4,5,8,False,133,
2026-04-26,2026-04-25,2026,158,205,13,13,.500,4.5,2.5,5,6,9,False,132,
2026-04-26,2026-04-25,2026,135,203,18,8,.692,-,-,1,,1,False,-,136
2026-04-26,2026-04-25,2026,119,203,18,9,.667,0.5,+2.0,2,1,3,False,136,
2026-04-26,2026-04-25,2026,109,203,14,12,.538,4.0,1.5,3,4,7,False,133,
2026-04-26,2026-04-25,2026,137,203,12,15,.444,6.5,4.0,4,8,11,False,130,
2026-04-26,2026-04-25,2026,115,203,11,16,.407,7.5,5.0,5,10,13,False,129,
2026-04-27,2026-04-26,2026,147,201,18,10,.643,-,-,1,,1,False,-,134
2026-04-27,2026-04-26,2026,139,201,16,11,.593,1.5,+2.5,2,1,2,False,134,
2026-04-27,2026-04-26,2026,110,201,13,15,.464,5.0,1.0,3,5,8,False,130,
2026-04-27,2026-04-26,2026,141,201,12,15,.444,5.5,1.5,4,6,9,False,130,
2026-04-27,2026-04-26,2026,111,201,11,17,.393,7.0,3.0,5,11,14,False,128,
2026-04-27,2026-04-26,2026,114,202,15,14,.517,-,-,1,,4,False,-,132
2026-04-27,2026-04-26,2026,116,202,15,14,.517,-,+0.5,2,2,5,False,-,
2026-04-27,2026-04-26,2026,142,202,12,16,.429,2.5,2.0,3,7,10,False,132,
2026-04-27,2026-04-26,2026,145,202,11,17,.393,3.5,3.0,4,9,12,False,131,
2026-04-27,2026-04-26,2026,118,202,11,17,.393,3.5,3.0,5,10,13,False,131,
2026-04-27,2026-04-26,2026,133,200,15,13,.536,-,-,1,,3,False,-,134
2026-04-27,2026-04-26,2026,140,200,14,14,.500,1.0,-,2,3,6,False,134,
2026-04-27,2026-04-26,2026,136,200,14,15,.483,1.5,0.5,3,4,7,False,133,
2026-04-27,2026-04-26,2026,108,200,12,17,.414,3.5,2.5,4,8,11,False,131,
2026-04-27,2026-04-26,2026,117,200,11,18,.379,4.5,3.5,5,12,15,False,130,
2026-04-27,2026-04-26,2026,144,204,20,9,.690,-,-,1,,1,False,-,128
2026-04-27,2026-04-26,2026,146,204,13,15,.464,6.5,3.0,2,8,11,False,128,
2026-04-27,2026-04-26,2026,120,204,13,16,.448,7.0,3.5,3,9,12,False,127,
2026-04-27,2026-04-26,2026,143,204,9,19,.321,10.5,7.0,4,11,14,False,124,
2026-04-27,2026-04-26,2026,121,204,9,19,.321,10.5,7.0,5,12,15,False,124,
2026-04-27,2026-04-26,2026,113,205,18,10,.643,-,-,1,,4,False,-,134
2026-04-27,2026-04-26,2026,112,205,17,11,.607,1.0,+1.0,2,2,5,False,134,
2026-04-27,2026-04-26,2026,134,205,16,12,.571,2.0,-,3,3,6,False,133,
2026-04-27,2026-04-26,2026,158,205,14,13,.519,3.5,1.5,4,5,8,False,132,
2026-04-27,2026-04-26,2026,138,205,14,13,.519,3.5,1.5,5,6,9,False,132,
2026-04-27,2026-04-26,2026,119,203,19,9,.679,-,-,1,,2,False,-,135
2026-04-27,2026-04-26,2026,135,203,18,9,.667,0.5,+2.5,2,1,3,False,135,
2026-04-27,2026-04-26,2026,109,203,15,12,.556,3.5,0.5,3,4,7,False,132,
2026-04-27,2026-04-26,2026,137,203,13,15,.464,6.0,3.0,4,7,10,False,129,
2026-04-27,2026-04-26,2026,115,203,13,16,.448,6.5,3.5,5,10,13,False,128,
2026-04-28,2026-04-27,2026,147,201,19,10,.655,-,-,1,,1,False,-,133
2026-04-28,2026-04-27,2026,139,201,17,11,.607,1.5,+3.5,2,1,2,False,133,
2026-04-28,2026-04-27,2026,110,201,13,15,.464,5.5,0.5,3,5,8,False,129,
2026-04-28,2026-04-27,2026,141,201,12,16,.429,6.5,1.5,4,7,10,False,128,
2026-04-28,2026-04-27,2026,111,201,12,17,.414,7.0,2.0,5,9,12,False,127,
2026-04-28,2026-04-27,2026,116,202,15,14,.517,-,-,1,,4,False,-,133
2026-04-28,2026-04-27,2026,114,202,15,15,.500,0.5,+0.5,2,2,5,False,133,
2026-04-28,2026-04-27,2026,142,202,13,16,.448,2.0,1.0,3,6,9,False,132,
2026-04-28,2026-04-27,2026,145,202,12,17,.414,3.0,2.0,4,8,11,False,131,
2026-04-28,2026-04-27,2026,118,202,11,17,.393,3.5,2.5,5,11,14,False,131,
2026-04-28,2026-04-27,2026,133,200,15,13,.536,-,-,1,,3,False,-,133
2026-04-28,2026-04-27,2026,140,200,14,15,.483,1.5,-,2,3,6,False,133,
2026-04-28,2026-04-27,2026,136,200,14,16,.467,2.0,0.5,3,4,7,False,132,
2026-04-28,2026-04-27,2026,108,200,12,18,.400,4.0,2.5,4,10,13,False,130,
2026-04-28,2026-04-27,2026,117,200,11,18,.379,4.5,3.0,5,12,15,False,130,
2026-04-28,2026-04-27,2026,144,204,20,9,.690,-,-,1,,1,False,-,127
2026-04-28,2026-04-27,2026,146,204,13,16,.448,7.0,3.0,2,8,11,False,127,
2026-04-28,2026-04-27,2026,120,204,13,16,.448,7.0,3.0,3,9,12,False,127,
2026-04-28,2026-04-27,2026,143,204,9,19,.321,10.5,6.5,4,11,14,False,124,
2026-04-28,2026-04-27,2026,121,204,9,19,.321,10.5,6.5,5,12,15,False,124,
2026-04-28,2026-04-27,2026,113,205,18,10,.643,-,-,1,,4,False,-,133
2026-04-28,2026-04-27,2026,112,205,17,12,.586,1.5,+1.0,2,2,5,False,133,
2026-04-28,2026-04-27,2026,134,205,16,13,.552,2.5,-,3,4,7,False,132,
2026-04-28,2026-04-27,2026,138,205,15,13,.536,3.0,0.5,4,5,8,False,132,
2026-04-28,2026-04-27,2026,158,205,14,13,.519,3.5,1.0,5,6,9,False,132,
2026-04-28,2026-04-27,2026,119,203,20,9,.690,-,-,1,,2,False,-,134
2026-04-28,2026-04-27,2026,135,203,19,9,.679,0.5,+3.5,2,1,3,False,134,
2026-04-28,2026-04-27,2026,109,203,15,12,.556,4.0,-,3,3,6,False,131,
2026-04-28,2026-04-27,2026,137,203,13,15,.464,6.5,2.5,4,7,10,False,128,
2026-04-28,2026-04-27,2026,115,203,13,16,.448,7.0,3.0,5,10,13,False,127,
2026-04-29,2026-04-28,2026,147,201,20,10,.667,-,-,1,,1,False,-,132
2026-04-29,2026-04-28,2026,139,201,18,11,.621,1.5,+4.0,2,1,2,False,132,
2026-04-29,2026-04-28,2026,110,201,14,15,.483,5.5,-,3,4,7,False,128,
2026-04-29,2026-04-28,2026,141,201,13,16,.448,6.5,1.0,4,6,9,False,127,
2026-04-29,2026-04-28,2026,111,201,12,18,.400,8.0,2.5,5,10,13,False,125,
2026-04-29,2026-04-28,2026,116,202,15,15,.500,-,-,1,,4,False,-,132
2026-04-29,2026-04-28,2026,114,202,15,16,.484,0.5,-,2,2,5,False,132,
2026-04-29,2026-04-28,2026,142,202,13,17,.433,2.0,1.5,3,7,10,False,131,
2026-04-29,2026-04-28,2026,145,202,13,17,.433,2.0,1.5,4,8,11,False,131,
2026-04-29,2026-04-28,2026,118,202,12,17,.414,2.5,2.0,5,9,12,False,131,
2026-04-29,2026-04-28,2026,133,200,15,14,.517,-,-,1,,3,False,-,132
2026-04-29,2026-04-28,2026,136,200,15,16,.484,1.0,-,2,3,6,False,132,
2026-04-29,2026-04-28,2026,140,200,14,16,.467,1.5,0.5,3,5,8,False,132,
2026-04-29,2026-04-28,2026,108,200,12,19,.387,4.0,3.0,4,11,14,False,129,
2026-04-29,2026-04-28,2026,117,200,11,19,.367,4.5,3.5,5,12,15,False,129,
2026-04-29,2026-04-28,2026,144,204,21,9,.700,-,-,1,,1,False,-,126
2026-04-29,2026-04-28,2026,146,204,14,16,.467,7.0,2.5,2,7,10,False,126,
2026-04-29,2026-04-28,2026,120,204,13,17,.433,8.0,3.5,3,10,13,False,125,
2026-04-29,2026-04-28,2026,121,204,10,19,.345,10.5,6.0,4,11,14,False,123,
2026-04-29,2026-04-28,2026,143,204,10,19,.345,10.5,6.0,5,12,15,False,123,
2026-04-29,2026-04-28,2026,113,205,19,10,.655,-,-,1,,4,False,-,132
2026-04-29,2026-04-28,2026,112,205,18,12,.600,1.5,+1.5,2,2,5,False,132,
2026-04-29,2026-04-28,2026,138,205,16,13,.552,3.0,-,3,3,6,False,131,
2026-04-29,2026-04-28,2026,158,205,15,13,.536,3.5,0.5,4,4,7,False,131,
2026-04-29,2026-04-28,2026,134,205,16,14,.533,3.5,0.5,5,6,9,False,130,
2026-04-29,2026-04-28,2026,119,203,20,10,.667,-,-,1,,2,False,-,133
2026-04-29,2026-04-28,2026,135,203,19,10,.655,0.5,+3.0,2,1,3,False,133,
2026-04-29,2026-04-28,2026,109,203,15,13,.536,4.0,0.5,3,5,8,False,130,
2026-04-29,2026-04-28,2026,137,203,13,16,.448,6.5,3.0,4,8,11,False,127,
2026-04-29,2026-04-28,2026,115,203,13,17,.433,7.0,3.5,5,9,12,False,126,
2026-04-30,2026-04-29,2026,147,201,20,11,.645,-,-,1,,1,False,-,131
2026-04-30,2026-04-29,2026,139,201,18,12,.600,1.5,+3.5,2,1,2,False,131,
2026-04-30,2026-04-29,2026,110,201,14,15,.483,5.0,-,3,5,8,False,128,
2026-04-30,2026-04-29,2026,141,201,14,16,.467,5.5,0.5,4,6,9,False,127,
2026-04-30,2026-04-29,2026,111,201,12,19,.387,8.0,3.0,5,10,13,False,124,
2026-04-30,2026-04-29,2026,114,202,16,16,.500,-,-,1,,4,False,-,131
2026-04-30,2026-04-29,2026,116,202,15,16,.484,0.5,-,2,4,7,False,131,
2026-04-30,2026-04-29,2026,145,202,14,17,.452,1.5,1.0,3,7,10,False,130,
2026-04-30,2026-04-29,2026,142,202,13,18,.419,2.5,2.0,4,8,11,False,129,
2026-04-30,2026-04-29,2026,118,202,12,18,.400,3.0,2.5,5,9,12,False,129,
2026-04-30,2026-04-29,2026,133,200,16,14,.533,-,-,1,,3,False,-,131
2026-04-30,2026-04-29,2026,136,200,16,16,.500,1.0,+0.5,2,2,5,False,131,
2026-04-30,2026-04-29,2026,140,200,15,16,.484,1.5,-,3,3,6,False,131,
2026-04-30,2026-04-29,2026,108,200,12,20,.375,5.0,3.5,4,11,14,False,127,
2026-04-30,2026-04-29,2026,117,200,11,19,.367,5.0,3.5,5,12,15,False,128,
2026-04-30,2026-04-29,2026,144,204,22,9,.710,-,-,1,,1,False,-,125
2026-04-30,2026-04-29,2026,146,204,15,16,.484,7.0,2.5,2,7,10,False,125,
2026-04-30,2026-04-29,2026,120,204,14,17,.452,8.0,3.5,3,8,11,False,124,
2026-04-30,2026-04-29,2026,143,204,10,19,.345,11.0,6.5,4,11,14,False,122,
2026-04-30,2026-04-29,2026,121,204,10,20,.333,11.5,7.0,5,12,15,False,121,
2026-04-30,2026-04-29,2026,113,205,19,11,.633,-,-,1,,4,False,-,132
2026-04-30,2026-04-29,2026,112,205,19,12,.613,0.5,+1.5,2,2,5,False,132,
2026-04-30,2026-04-29,2026,138,205,17,13,.567,2.0,-,3,3,6,False,131,
2026-04-30,2026-04-29,2026,158,205,15,14,.517,3.5,1.5,4,5,8,False,130,
2026-04-30,2026-04-29,2026,134,205,16,15,.516,3.5,1.5,5,6,9,False,129,
2026-04-30,2026-04-29,2026,119,203,20,11,.645,-,-,1,,2,False,-,132
2026-04-30,2026-04-29,2026,135,203,19,11,.633,0.5,+2.0,2,1,3,False,132,
2026-04-30,2026-04-29,2026,109,203,16,13,.552,3.0,0.5,3,4,7,False,130,
2026-04-30,2026-04-29,2026,115,203,14,17,.452,6.0,3.5,4,9,12,False,126,
2026-04-30,2026-04-29,2026,137,203,13,16,.448,6.0,3.5,5,10,13,False,127,
2026-05-01,2026-04-30,2026,147,201,20,11,.645,-,-,1,,1,False,-,131
2026-05-01,2026-04-30,2026,139,201,18,12,.600,1.5,+3.0,2,1,2,False,131,
2026-05-01,2026-04-30,2026,110,201,15,16,.484,5.0,0.5,3,5,8,False,127,
2026-05-01,2026-04-30,2026,141,201,14,17,.452,6.0,1.5,4,7,10,False,126,
2026-05-01,2026-04-30,2026,111,201,12,19,.387,8.0,3.5,5,10,13,False,124,
2026-05-01,2026-04-30,2026,114,202,16,16,.500,-,-,1,,4,False,-,130
2026-05-01,2026-04-30,2026,116,202,16,16,.500,-,-,2,3,6,False,-,
2026-05-01,2026-04-30,2026,145,202,14,17,.452,1.5,1.5,3,6,9,False,130,
2026-05-01,2026-04-30,2026,142,202,14,18,.438,2.0,2.0,4,8,11,False,129,
2026-05-01,2026-04-30,2026,118,202,12,19,.387,3.5,3.5,5,9,12,False,128,
2026-05-01,2026-04-30,2026,133,200,17,14,.548,-,-,1,,3,False,-,130
2026-05-01,2026-04-30,2026,136,200,16,16,.500,1.5,-,2,2,5,False,130,
2026-05-01,2026-04-30,2026,140,200,15,16,.484,2.0,0.5,3,4,7,False,130,
2026-05-01,2026-04-30,2026,108,200,12,20,.375,5.5,4.0,4,11,14,False,126,
2026-05-01,2026-04-30,2026,117,200,12,20,.375,5.5,4.0,5,12,15,False,126,
2026-05-01,2026-04-30,2026,144,204,22,10,.688,-,-,1,,1,False,-,125
2026-05-01,2026-04-30,2026,146,204,15,16,.484,6.5,3.0,2,7,10,False,125,
2026-05-01,2026-04-30,2026,120,204,15,17,.469,7.0,3.5,3,8,11,False,124,
2026-05-01,2026-04-30,2026,143,204,12,19,.387,9.5,6.0,4,11,14,False,122,
2026-05-01,2026-04-30,2026,121,204,10,21,.323,11.5,8.0,5,12,15,False,120,
2026-05-01,2026-04-30,2026,113,205,20,11,.645,-,-,1,,3,False,-,131
2026-05-01,2026-04-30,2026,112,205,19,12,.613,1.0,+1.0,2,2,5,False,131,
2026-05-01,2026-04-30,2026,138,205,18,13,.581,2.0,-,3,3,6,False,130,
2026-05-01,2026-04-30,2026,158,205,16,14,.533,3.5,1.5,4,4,7,False,129,
2026-05-01,2026-04-30,2026,134,205,16,16,.500,4.5,2.5,5,6,9,False,127,
2026-05-01,2026-04-30,2026,119,203,20,11,.645,-,-,1,,2,False,-,132
2026-05-01,2026-04-30,2026,135,203,19,11,.633,0.5,+1.5,2,1,4,False,132,
2026-05-01,2026-04-30,2026,109,203,16,14,.533,3.5,1.5,3,5,8,False,129,
2026-05-01,2026-04-30,2026,115,203,14,18,.438,6.5,4.5,4,9,12,False,125,
2026-05-01,2026-04-30,2026,137,203,13,18,.419,7.0,5.0,5,10,13,False,125,
2026-05-02,2026-05-01,2026,147,201,21,11,.656,-,-,1,,1,False,-,110
2026-05-02,2026-05-01,2026,139,201,19,12,.613,1.5,+4.0,2,1,2,False,110,
2026-05-02,2026-05-01,2026,141,201,15,17,.469,6.0,0.5,3,7,10,False,105,
2026-05-02,2026-05-01,2026,110,201,15,17,.469,6.0,0.5,4,5,8,False,105,
2026-05-02,2026-05-01,2026,111,201,13,19,.406,8.0,2.5,5,10,13,False,104,
2026-05-02,2026-05-01,2026,114,202,17,16,.515,-,-,1,,4,False,-,108
2026-05-02,2026-05-01,2026,116,202,16,17,.485,1.0,-,2,4,7,False,108,
2026-05-02,2026-05-01,2026,145,202,15,17,.469,1.5,0.5,3,6,9,False,108,
2026-05-02,2026-05-01,2026,142,202,14,19,.424,3.0,2.0,4,8,11,False,106,
2026-05-02,2026-05-01,2026,118,202,13,19,.406,3.5,2.5,5,9,12,False,106,
2026-05-02,2026-05-01,2026,133,200,17,15,.531,-,-,1,,3,False,-,112
2026-05-02,2026-05-01,2026,140,200,16,16,.500,1.0,+0.5,2,2,5,False,112,
2026-05-02,2026-05-01,2026,136,200,16,17,.485,1.5,-,3,3,6,False,111,
2026-05-02,2026-05-01,2026,108,200,12,21,.364,5.5,4.0,4,11,14,False,107,
2026-05-02,2026-05-01,2026,117,200,12,21,.364,5.5,4.0,5,12,15,False,107,
2026-05-02,2026-05-01,2026,144,204,23,10,.697,-,-,1,,1,False,-,108
2026-05-02,2026-05-01,2026,146,204,15,17,.469,7.5,4.0,2,7,10,False,108,
2026-05-02,2026-05-01,2026,120,204,15,18,.455,8.0,4.5,3,8,11,False,107,
2026-05-02,2026-05-01,2026,143,204,13,19,.406,9.5,6.0,4,10,13,False,106,
2026-05-02,2026-05-01,2026,121,204,11,21,.344,11.5,8.0,5,12,15,False,104,
2026-05-02,2026-05-01,2026,112,205,20,12,.625,-,-,1,,3,False,-,108
2026-05-02,2026-05-01,2026,113,205,20,12,.625,-,+1.0,2,1,4,False,-,
2026-05-02,2026-05-01,2026,138,205,19,13,.594,1.0,-,3,3,6,False,108,
2026-05-02,2026-05-01,2026,158,205,17,14,.548,2.5,1.5,4,4,7,False,107,
2026-05-02,2026-05-01,2026,134,205,17,16,.515,3.5,2.5,5,6,9,False,105,
2026-05-02,2026-05-01,2026,119,203,20,12,.625,-,-,1,,2,False,-,112
2026-05-02,2026-05-01,2026,135,203,19,12,.613,0.5,+0.5,2,2,5,False,112,
2026-05-02,2026-05-01,2026,109,203,16,15,.516,3.5,2.5,3,5,8,False,109,
2026-05-02,2026-05-01,2026,115,203,14,19,.424,6.5,5.5,4,9,12,False,105,
2026-05-02,2026-05-01,2026,137,203,13,19,.406,7.0,6.0,5,11,14,False,106,
2026-05-03,2026-05-02,2026,147,201,22,11,.667,-,-,1,,1,False,-,110
2026-05-03,2026-05-02,2026,139,201,20,12,.625,1.5,+4.5,2,1,2,False,110,
2026-05-03,2026-05-02,2026,141,201,16,17,.485,6.0,-,3,4,7,False,105,
2026-05-03,2026-05-02,2026,110,201,15,18,.455,7.0,1.0,4,7,10,False,104,
2026-05-03,2026-05-02,2026,111,201,13,20,.394,9.0,3.0,5,10,13,False,102,
2026-05-03,2026-05-02,2026,114,202,18,16,.529,-,-,1,,3,False,-,107
2026-05-03,2026-05-02,2026,116,202,17,17,.500,1.0,+0.5,2,2,5,False,107,
2026-05-03,2026-05-02,2026,145,202,16,17,.485,1.5,-,3,3,6,False,107,
2026-05-03,2026-05-02,2026,118,202,14,19,.424,3.5,2.0,4,8,11,False,105,
2026-05-03,2026-05-02,2026,142,202,14,20,.412,4.0,2.5,5,9,12,False,104,
2026-05-03,2026-05-02,2026,133,200,17,16,.515,-,-,1,,4,False,-,110
2026-05-03,2026-05-02,2026,140,200,16,17,.485,1.0,-,2,5,8,False,110,
2026-05-03,2026-05-02,2026,136,200,16,18,.471,1.5,0.5,3,6,9,False,110,
2026-05-03,2026-05-02,2026,108,200,13,21,.382,4.5,3.5,4,11,14,False,106,
2026-05-03,2026-05-02,2026,117,200,13,21,.382,4.5,3.5,5,12,15,False,106,
2026-05-03,2026-05-02,2026,144,204,24,10,.706,-,-,1,,1,False,-,108
2026-05-03,2026-05-02,2026,146,204,16,17,.485,7.5,3.5,2,7,10,False,108,
2026-05-03,2026-05-02,2026,120,204,15,19,.441,9.0,5.0,3,8,11,False,106,
2026-05-03,2026-05-02,2026,143,204,13,20,.394,10.5,6.5,4,10,13,False,105,
2026-05-03,2026-05-02,2026,121,204,11,22,.333,12.5,8.5,5,12,15,False,103,
2026-05-03,2026-05-02,2026,112,205,21,12,.636,-,-,1,,2,False,-,107
2026-05-03,2026-05-02,2026,138,205,20,13,.606,1.0,+0.5,2,1,3,False,107,
2026-05-03,2026-05-02,2026,113,205,20,13,.606,1.0,+0.5,3,2,5,False,107,
2026-05-03,2026-05-02,2026,158,205,18,14,.563,2.5,1.0,4,4,7,False,106,
2026-05-03,2026-05-02,2026,134,205,18,16,.529,3.5,2.0,5,5,8,False,104,
2026-05-03,2026-05-02,2026,119,203,20,13,.606,-,-,1,,4,False,-,111
2026-05-03,2026-05-02,2026,135,203,19,13,.594,0.5,-,2,3,6,False,111,
2026-05-03,2026-05-02,2026,109,203,16,16,.500,3.5,3.0,3,6,9,False,108,
2026-05-03,2026-05-02,2026,115,203,14,20,.412,6.5,6.0,4,9,12,False,104,
2026-05-03,2026-05-02,2026,137,203,13,20,.394,7.0,6.5,5,11,14,False,105,
2026-05-04,2026-05-03,2026,147,201,23,11,.676,-,-,1,,1,False,-,110
2026-05-04,2026-05-03,2026,139,201,21,12,.636,1.5,+5.5,2,1,2,False,110,
2026-05-04,2026-05-03,2026,141,201,16,18,.471,7.0,-,3,4,7,False,104,
2026-05-04,2026-05-03,2026,110,201,15,19,.441,8.0,1.0,4,7,10,False,103,
2026-05-04,2026-05-03,2026,111,201,13,21,.382,10.0,3.0,5,11,14,False,101,
2026-05-04,2026-05-03,2026,114,202,18,17,.514,-,-,1,,4,False,-,105
2026-05-04,2026-05-03,2026,116,202,18,17,.514,-,+1.5,2,2,5,False,-,
2026-05-04,2026-05-03,2026,145,202,16,18,.471,1.5,-,3,3,6,False,105,
2026-05-04,2026-05-03,2026,118,202,15,19,.441,2.5,1.0,4,8,11,False,105,
2026-05-04,2026-05-03,2026,142,202,15,20,.429,3.0,1.5,5,9,12,False,104,
2026-05-04,2026-05-03,2026,133,200,18,16,.529,-,-,1,,3,False,-,109
2026-05-04,2026-05-03,2026,140,200,16,18,.471,2.0,-,2,5,8,False,109,
2026-05-04,2026-05-03,2026,136,200,16,19,.457,2.5,0.5,3,6,9,False,108,
2026-05-04,2026-05-03,2026,117,200,14,21,.400,4.5,2.5,4,10,13,False,106,
2026-05-04,2026-05-03,2026,108,200,13,22,.371,5.5,3.5,5,12,15,False,105,
2026-05-04,2026-05-03,2026,144,204,25,10,.714,-,-,1,,1,False,-,106
2026-05-04,2026-05-03,2026,146,204,16,18,.471,8.5,4.0,2,7,10,False,106,
2026-05-04,2026-05-03,2026,120,204,16,19,.457,9.0,4.5,3,8,11,False,105,
2026-05-04,2026-05-03,2026,143,204,14,20,.412,10.5,6.0,4,9,12,False,104,
2026-05-04,2026-05-03,2026,121,204,12,22,.353,12.5,8.0,5,12,15,False,102,
2026-05-04,2026-05-03,2026,112,205,22,12,.647,-,-,1,,2,False,-,106
2026-05-04,2026-05-03,2026,138,205,20,14,.588,2.0,-,2,2,5,False,106,
2026-05-04,2026-05-03,2026,113,205,20,14,.588,2.0,-,3,3,6,False,106,
2026-05-04,2026-05-03,2026,158,205,18,15,.545,3.5,1.5,4,4,7,False,105,
2026-05-04,2026-05-03,2026,134,205,19,16,.543,3.5,1.5,5,5,8,False,104,
2026-05-04,2026-05-03,2026,119,203,21,13,.618,-,-,1,,3,False,-,111
2026-05-04,2026-05-03,2026,135,203,20,13,.606,0.5,+0.5,2,1,4,False,111,
2026-05-04,2026-05-03,2026,109,203,16,17,.485,4.5,3.5,3,6,9,False,107,
2026-05-04,2026-05-03,2026,115,203,14,21,.400,7.5,6.5,4,10,13,False,103,
2026-05-04,2026-05-03,2026,137,203,13,21,.382,8.0,7.0,5,11,14,False,103,
2026-05-05,2026-05-04,2026,147,201,24,11,.686,-,-,1,,1,False,-,110
2026-05-05,2026-05-04,2026,139,201,22,12,.647,1.5,+5.5,2,1,2,False,110,
2026-05-05,2026-05-04,2026,141,201,16,19,.457,8.0,1.0,3,6,9,False,103,
2026-05-05,2026-05-04,2026,110,201,15,20,.429,9.0,2.0,4,8,11,False,102,
2026-05-05,2026-05-04,2026,111,201,14,21,.400,10.0,3.0,5,10,13,False,101,
2026-05-05,2026-05-04,2026,114,202,18,18,.500,-,-,1,,4,False,-,105
2026-05-05,2026-05-04,2026,116,202,18,18,.500,-,+0.5,2,2,5,False,-,
2026-05-05,2026-05-04,2026,145,202,17,18,.486,0.5,-,3,3,6,False,105,
2026-05-05,2026-05-04,2026,118,202,16,19,.457,1.5,1.0,4,7,10,False,104,
2026-05-05,2026-05-04,2026,142,202,15,20,.429,2.5,2.0,5,9,12,False,103,
2026-05-05,2026-05-04,2026,133,200,18,16,.529,-,-,1,,3,False,-,108
2026-05-05,2026-05-04,2026,136,200,17,19,.472,2.0,0.5,2,4,7,False,108,
2026-05-05,2026-05-04,2026,140,200,16,18,.471,2.0,0.5,3,5,8,False,109,
2026-05-05,2026-05-04,2026,117,200,14,22,.389,5.0,3.5,4,11,14,False,105,
2026-05-05,2026-05-04,2026,108,200,13,23,.361,6.0,4.5,5,12,15,False,104,
2026-05-05,2026-05-04,2026,144,204,25,11,.694,-,-,1,,1,False,-,105
2026-05-05,2026-05-04,2026,120,204,16,19,.457,8.5,4.0,2,7,10,False,105,
2026-05-05,2026-05-04,2026,146,204,16,19,.457,8.5,4.0,3,8,11,False,105,
2026-05-05,2026-05-04,2026,143,204,15,20,.429,9.5,5.0,4,9,12,False,104,
2026-05-05,2026-05-04,2026,121,204,13,22,.371,11.5,7.0,5,12,15,False,102,
2026-05-05,2026-05-04,2026,112,205,23,12,.657,-,-,1,,2,False,-,106
2026-05-05,2026-05-04,2026,138,205,21,14,.600,2.0,+1.0,2,1,4,False,106,
2026-05-05,2026-05-04,2026,113,205,20,15,.571,3.0,-,3,3,6,False,105,
2026-05-05,2026-05-04,2026,134,205,19,16,.543,4.0,1.0,4,4,7,False,104,
2026-05-05,2026-05-04,2026,158,205,18,16,.529,4.5,1.5,5,5,8,False,104,
2026-05-05,2026-05-04,2026,119,203,22,13,.629,-,-,1,,3,False,-,110
2026-05-05,2026-05-04,2026,135,203,20,14,.588,1.5,+0.5,2,2,5,False,110,
2026-05-05,2026-05-04,2026,109,203,16,17,.485,5.0,3.0,3,6,9,False,107,
2026-05-05,2026-05-04,2026,137,203,14,21,.400,8.0,6.0,4,10,13,False,103,
2026-05-05,2026-05-04,2026,115,203,14,22,.389,8.5,6.5,5,11,14,False,102,
2026-05-06,2026-05-05,2026,147,201,25,11,.694,-,-,1,,1,False,-,109
2026-05-06,2026-05-05,2026,139,201,23,12,.657,1.5,+6.5,2,1,2,False,109,
2026-05-06,2026-05-05,2026,141,201,16,20,.444,9.0,1.0,3,9,12,False,101,
2026-05-06,2026-05-05,2026,110,201,16,20,.444,9.0,1.0,4,7,10,False,101,
2026-05-06,2026-05-05,2026,111,201,15,21,.417,10.0,2.0,5,10,13,False,100,
2026-05-06,2026-05-05,2026,116,202,18,19,.486,-,-,1,,4,False,-,104
2026-05-06,2026-05-05,2026,114,202,18,19,.486,-,+0.5,2,2,5,False,-,
2026-05-06,2026-05-05,2026,145,202,17,19,.472,0.5,-,3,3,6,False,104,
2026-05-06,2026-05-05,2026,118,202,17,19,.472,0.5,-,4,4,7,False,104,
2026-05-06,2026-05-05,2026,142,202,16,20,.444,1.5,1.0,5,8,11,False,103,
2026-05-06,2026-05-05,2026,133,200,18,17,.514,-,-,1,,3,False,-,107
2026-05-06,2026-05-05,2026,136,200,17,20,.459,2.0,0.5,2,5,8,False,107,
2026-05-06,2026-05-05,2026,140,200,16,19,.457,2.0,0.5,3,6,9,False,108,
2026-05-06,2026-05-05,2026,117,200,15,22,.405,4.0,2.5,4,11,14,False,104,
2026-05-06,2026-05-05,2026,108,200,14,23,.378,5.0,3.5,5,12,15,False,103,
2026-05-06,2026-05-05,2026,144,204,26,11,.703,-,-,1,,1,False,-,104
2026-05-06,2026-05-05,2026,143,204,16,20,.444,9.5,4.0,2,7,10,False,104,
2026-05-06,2026-05-05,2026,120,204,16,20,.444,9.5,4.0,3,8,11,False,104,
2026-05-06,2026-05-05,2026,146,204,16,20,.444,9.5,4.0,4,9,12,False,104,
2026-05-06,2026-05-05,2026,121,204,13,22,.371,12.0,6.5,5,12,15,False,102,
2026-05-06,2026-05-05,2026,112,205,24,12,.667,-,-,1,,2,False,-,106
2026-05-06,2026-05-05,2026,138,205,21,14,.600,2.5,+1.5,2,1,4,False,106,
2026-05-06,2026-05-05,2026,113,205,20,16,.556,4.0,-,3,3,6,False,104,
2026-05-06,2026-05-05,2026,158,205,18,16,.529,5.0,1.0,4,4,7,False,104,
2026-05-06,2026-05-05,2026,134,205,19,17,.528,5.0,1.0,5,5,8,False,103,
2026-05-06,2026-05-05,2026,119,203,22,14,.611,-,-,1,,3,False,-,110
2026-05-06,2026-05-05,2026,135,203,21,14,.600,0.5,+1.5,2,2,5,False,110,
2026-05-06,2026-05-05,2026,109,203,17,17,.500,4.0,2.0,3,6,9,False,107,
2026-05-06,2026-05-05,2026,137,203,14,22,.389,8.0,6.0,4,10,13,False,102,
2026-05-06,2026-05-05,2026,115,203,14,22,.389,8.0,6.0,5,11,14,False,102,
2026-05-07,2026-05-06,2026,147,201,25,12,.676,-,-,1,,1,False,-,109
2026-05-07,2026-05-06,2026,139,201,24,12,.667,0.5,+7.0,2,1,2,False,109,
2026-05-07,2026-05-06,2026,110,201,17,20,.459,8.0,0.5,3,5,8,False,101,
2026-05-07,2026-05-06,2026,141,201,16,21,.432,9.0,1.5,4,9,12,False,100,
2026-05-07,2026-05-06,2026,111,201,16,21,.432,9.0,1.5,5,10,13,False,100,
2026-05-07,2026-05-06,2026,114,202,19,19,.500,-,-,1,,3,False,-,103
2026-05-07,2026-05-06,2026,116,202,18,20,.474,1.0,-,2,3,6,False,103,
2026-05-07,2026-05-06,2026,145,202,17,20,.459,1.5,0.5,3,6,9,False,103,
2026-05-07,2026-05-06,2026,118,202,17,20,.459,1.5,0.5,4,7,10,False,103,
2026-05-07,2026-05-06,2026,142,202,16,21,.432,2.5,1.5,5,8,11,False,102,
2026-05-07,2026-05-06,2026,133,200,18,18,.500,-,-,1,,4,False,-,106
2026-05-07,2026-05-06,2026,136,200,18,20,.474,1.0,-,2,2,5,False,106,
2026-05-07,2026-05-06,2026,140,200,17,19,.472,1.0,-,3,4,7,False,107,
2026-05-07,2026-05-06,2026,108,200,15,23,.395,4.0,3.0,4,11,14,False,103,
2026-05-07,2026-05-06,2026,117,200,15,23,.395,4.0,3.0,5,12,15,False,103,
2026-05-07,2026-05-06,2026,144,204,26,12,.684,-,-,1,,1,False,-,103
2026-05-07,2026-05-06,2026,143,204,17,20,.459,8.5,3.0,2,7,10,False,103,
2026-05-07,2026-05-06,2026,120,204,17,20,.459,8.5,3.0,3,8,11,False,103,
2026-05-07,2026-05-06,2026,146,204,16,21,.432,9.5,4.0,4,9,12,False,102,
2026-05-07,2026-05-06,2026,121,204,14,22,.389,11.0,5.5,5,10,13,False,101,
2026-05-07,2026-05-06,2026,112,205,25,12,.676,-,-,1,,2,False,-,105
2026-05-07,2026-05-06,2026,138,205,21,15,.583,3.5,+1.5,2,2,5,False,105,
2026-05-07,2026-05-06,2026,158,205,19,16,.543,5.0,-,3,3,6,False,104,
2026-05-07,2026-05-06,2026,134,205,20,17,.541,5.0,-,4,4,7,False,103,
2026-05-07,2026-05-06,2026,113,205,20,17,.541,5.0,-,5,5,8,False,103,
2026-05-07,2026-05-06,2026,119,203,23,14,.622,-,-,1,,3,False,-,109
2026-05-07,2026-05-06,2026,135,203,22,14,.611,0.5,+2.5,2,1,4,False,109,
2026-05-07,2026-05-06,2026,109,203,17,18,.486,5.0,2.0,3,6,9,False,105,
2026-05-07,2026-05-06,2026,137,203,14,23,.378,9.0,6.0,4,11,14,False,101,
2026-05-07,2026-05-06,2026,115,203,14,23,.378,9.0,6.0,5,12,15,False,101,
2026-05-08,2026-05-07,2026,147,201,26,12,.684,-,-,1,,1,False,-,108
2026-05-08,2026-05-07,2026,139,201,25,12,.676,0.5,+7.5,2,1,2,False,108,
2026-05-08,2026-05-07,2026,110,201,17,21,.447,9.0,1.0,3,6,9,False,99,
2026-05-08,2026-05-07,2026,141,201,16,21,.432,9.5,1.5,4,8,11,False,100,
2026-05-08,2026-05-07,2026,111,201,16,22,.421,10.0,2.0,5,10,13,False,99,
2026-05-08,2026-05-07,2026,114,202,20,19,.513,-,-,1,,4,False,-,103
2026-05-08,2026-05-07,2026,116,202,18,20,.474,1.5,-,2,3,6,False,103,
2026-05-08,2026-05-07,2026,145,202,17,20,.459,2.0,0.5,3,5,8,False,103,
2026-05-08,2026-05-07,2026,118,202,17,21,.447,2.5,1.0,4,7,10,False,102,
2026-05-08,2026-05-07,2026,142,202,16,22,.421,3.5,2.0,5,9,12,False,101,
2026-05-08,2026-05-07,2026,133,200,19,18,.514,-,-,1,,3,False,-,106
2026-05-08,2026-05-07,2026,136,200,18,20,.474,1.5,-,2,2,5,False,106,
2026-05-08,2026-05-07,2026,140,200,17,20,.459,2.0,0.5,3,4,7,False,106,
2026-05-08,2026-05-07,2026,108,200,15,23,.395,4.5,3.0,4,11,14,False,103,
2026-05-08,2026-05-07,2026,117,200,15,23,.395,4.5,3.0,5,12,15,False,103,
2026-05-08,2026-05-07,2026,144,204,26,12,.684,-,-,1,,1,False,-,103
2026-05-08,2026-05-07,2026,120,204,18,20,.474,8.0,3.0,2,6,9,False,103,
2026-05-08,2026-05-07,2026,143,204,17,21,.447,9.0,4.0,3,8,11,False,102,
2026-05-08,2026-05-07,2026,146,204,17,21,.447,9.0,4.0,4,9,12,False,102,
2026-05-08,2026-05-07,2026,121,204,14,23,.378,11.5,6.5,5,11,14,False,100,
2026-05-08,2026-05-07,2026,112,205,26,12,.684,-,-,1,,2,False,-,104
2026-05-08,2026-05-07,2026,138,205,22,15,.595,3.5,+1.5,2,1,4,False,104,
2026-05-08,2026-05-07,2026,134,205,21,17,.553,5.0,-,3,3,6,False,102,
2026-05-08,2026-05-07,2026,158,205,19,16,.543,5.5,0.5,4,4,7,False,103,
2026-05-08,2026-05-07,2026,113,205,20,18,.526,6.0,1.0,5,5,8,False,101,
2026-05-08,2026-05-07,2026,119,203,23,14,.622,-,-,1,,3,False,-,108
2026-05-08,2026-05-07,2026,135,203,22,15,.595,1.0,+1.5,2,2,5,False,108,
2026-05-08,2026-05-07,2026,109,203,17,19,.472,5.5,3.0,3,7,10,False,104,
2026-05-08,2026-05-07,2026,115,203,15,23,.395,8.5,6.0,4,10,13,False,100,
2026-05-08,2026-05-07,2026,137,203,14,23,.378,9.0,6.5,5,12,15,False,100,
2026-05-09,2026-05-08,2026,147,201,26,13,.667,-,-,1,,1,False,-,107
2026-05-09,2026-05-08,2026,139,201,25,13,.658,0.5,+7.5,2,1,2,False,107,
2026-05-09,2026-05-08,2026,141,201,17,21,.447,8.5,0.5,3,7,10,False,99,
2026-05-09,2026-05-08,2026,111,201,17,22,.436,9.0,1.0,4,8,11,False,98,
2026-05-09,2026-05-08,2026,110,201,17,22,.436,9.0,1.0,5,9,12,False,98,
2026-05-09,2026-05-08,2026,114,202,21,19,.525,-,-,1,,4,False,-,102
2026-05-09,2026-05-08,2026,116,202,18,21,.462,2.5,-,2,3,6,False,102,
2026-05-09,2026-05-08,2026,118,202,18,21,.462,2.5,-,3,4,7,False,102,
2026-05-09,2026-05-08,2026,145,202,17,21,.447,3.0,0.5,4,5,8,False,102,
2026-05-09,2026-05-08,2026,142,202,16,23,.410,4.5,2.0,5,10,13,False,100,
2026-05-09,2026-05-08,2026,133,200,20,18,.526,-,-,1,,3,False,-,105
2026-05-09,2026-05-08,2026,136,200,19,20,.487,1.5,+1.0,2,2,5,False,105,
2026-05-09,2026-05-08,2026,140,200,17,21,.447,3.0,0.5,3,6,9,False,104,
2026-05-09,2026-05-08,2026,117,200,16,23,.410,4.5,2.0,4,11,14,False,102,
2026-05-09,2026-05-08,2026,108,200,15,24,.385,5.5,3.0,5,12,15,False,101,
2026-05-09,2026-05-08,2026,144,204,26,13,.667,-,-,1,,2,False,-,102
2026-05-09,2026-05-08,2026,120,204,19,20,.487,7.0,2.5,2,6,9,False,102,
2026-05-09,2026-05-08,2026,143,204,17,22,.436,9.0,4.5,3,8,11,False,101,
2026-05-09,2026-05-08,2026,146,204,17,22,.436,9.0,4.5,4,9,12,False,100,
2026-05-09,2026-05-08,2026,121,204,15,23,.395,10.5,6.0,5,11,14,False,99,
2026-05-09,2026-05-08,2026,112,205,27,12,.692,-,-,1,,1,False,-,104
2026-05-09,2026-05-08,2026,138,205,23,15,.605,3.5,+2.0,2,1,4,False,104,
2026-05-09,2026-05-08,2026,158,205,20,16,.556,5.5,-,3,3,6,False,103,
2026-05-09,2026-05-08,2026,134,205,21,18,.538,6.0,0.5,4,4,7,False,101,
2026-05-09,2026-05-08,2026,113,205,20,19,.513,7.0,1.5,5,5,8,False,100,
2026-05-09,2026-05-08,2026,119,203,24,14,.632,-,-,1,,3,False,-,107
2026-05-09,2026-05-08,2026,135,203,22,16,.579,2.0,+1.0,2,2,5,False,107,
2026-05-09,2026-05-08,2026,109,203,17,20,.459,6.5,3.5,3,7,10,False,103,
2026-05-09,2026-05-08,2026,115,203,16,23,.410,8.5,5.5,4,10,13,False,100,
2026-05-09,2026-05-08,2026,137,203,15,23,.395,9.0,6.0,5,12,15,False,100,
2026-05-10,2026-05-09,2026,139,201,25,13,.658,-,-,1,,1,False,-,106
2026-05-10,2026-05-09,2026,147,201,26,14,.650,-,+7.0,2,1,2,False,106,
2026-05-10,2026-05-09,2026,141,201,18,21,.462,7.5,0.5,3,6,9,False,99,
2026-05-10,2026-05-09,2026,111,201,17,22,.436,8.5,1.5,4,8,11,False,98,
2026-05-10,2026-05-09,2026,110,201,17,23,.425,9.0,2.0,5,9,12,False,97,
2026-05-10,2026-05-09,2026,114,202,21,20,.512,-,-,1,,4,False,-,102
2026-05-10,2026-05-09,2026,118,202,19,21,.475,1.5,-,2,2,5,False,102,
2026-05-10,2026-05-09,2026,145,202,18,21,.462,2.0,0.5,3,4,7,False,102,
2026-05-10,2026-05-09,2026,116,202,18,22,.450,2.5,1.0,4,7,10,False,101,
2026-05-10,2026-05-09,2026,142,202,17,23,.425,3.5,2.0,5,10,13,False,100,
2026-05-10,2026-05-09,2026,133,200,21,18,.538,-,-,1,,3,False,-,104
2026-05-10,2026-05-09,2026,136,200,19,21,.475,2.5,-,2,3,6,False,104,
2026-05-10,2026-05-09,2026,140,200,18,21,.462,3.0,0.5,3,5,8,False,104,
2026-05-10,2026-05-09,2026,117,200,16,24,.400,5.5,3.0,4,11,14,False,101,
2026-05-10,2026-05-09,2026,108,200,15,25,.375,6.5,4.0,5,12,15,False,100,
2026-05-10,2026-05-09,2026,144,204,27,13,.675,-,-,1,,1,False,-,101
2026-05-10,2026-05-09,2026,120,204,19,21,.475,8.0,3.5,2,6,9,False,101,
2026-05-10,2026-05-09,2026,143,204,18,22,.450,9.0,4.5,3,8,11,False,100,
2026-05-10,2026-05-09,2026,146,204,18,22,.450,9.0,4.5,4,9,12,False,100,
2026-05-10,2026-05-09,2026,121,204,15,24,.385,11.5,7.0,5,11,14,False,98,
2026-05-10,2026-05-09,2026,112,205,27,13,.675,-,-,1,,2,False,-,102
2026-05-10,2026-05-09,2026,138,205,23,16,.590,3.5,+1.0,2,1,4,False,102,
2026-05-10,2026-05-09,2026,158,205,21,16,.568,4.5,-,3,3,6,False,102,
2026-05-10,2026-05-09,2026,134,205,22,18,.550,5.0,0.5,4,4,7,False,100,
2026-05-10,2026-05-09,2026,113,205,21,19,.525,6.0,1.5,5,5,8,False,99,
2026-05-10,2026-05-09,2026,119,203,24,15,.615,-,-,1,,3,False,-,106
2026-05-10,2026-05-09,2026,135,203,23,16,.590,1.0,+1.0,2,2,5,False,106,
2026-05-10,2026-05-09,2026,109,203,18,20,.474,5.5,3.5,3,7,10,False,102,
2026-05-10,2026-05-09,2026,115,203,16,24,.400,8.5,6.5,4,10,13,False,98,
2026-05-10,2026-05-09,2026,137,203,15,24,.385,9.0,7.0,5,12,15,False,98,
2026-05-11,2026-05-10,2026,139,201,26,13,.667,-,-,1,,1,False,-,105
2026-05-11,2026-05-10,2026,147,201,26,15,.634,1.0,+6.5,2,1,2,False,105,
2026-05-11,2026-05-10,2026,141,201,18,22,.450,8.5,1.0,3,7,10,False,98,
2026-05-11,2026-05-10,2026,110,201,18,23,.439,9.0,1.5,4,8,11,False,97,
2026-05-11,2026-05-10,2026,111,201,17,23,.425,9.5,2.0,5,10,13,False,97,
2026-05-11,2026-05-10,2026,114,202,21,21,.500,-,-,1,,4,False,-,102
2026-05-11,2026-05-10,2026,145,202,19,21,.475,1.0,-,2,3,6,False,102,
2026-05-11,2026-05-10,2026,116,202,19,22,.463,1.5,0.5,3,4,7,False,101,
2026-05-11,2026-05-10,2026,118,202,19,22,.463,1.5,0.5,4,5,8,False,101,
2026-05-11,2026-05-10,2026,142,202,18,23,.439,2.5,1.5,5,9,12,False,100,
2026-05-11,2026-05-10,2026,133,200,21,19,.525,-,-,1,,3,False,-,103
2026-05-11,2026-05-10,2026,140,200,19,21,.475,2.0,-,2,2,5,False,103,
2026-05-11,2026-05-10,2026,136,200,19,22,.463,2.5,0.5,3,6,9,False,102,
2026-05-11,2026-05-10,2026,108,200,16,25,.390,5.5,3.5,4,11,14,False,99,
2026-05-11,2026-05-10,2026,117,200,16,25,.390,5.5,3.5,5,12,15,False,99,
2026-05-11,2026-05-10,2026,144,204,28,13,.683,-,-,1,,1,False,-,100
2026-05-11,2026-05-10,2026,143,204,19,22,.463,9.0,4.5,2,7,10,False,100,
2026-05-11,2026-05-10,2026,146,204,19,22,.463,9.0,4.5,3,8,11,False,100,
2026-05-11,2026-05-10,2026,120,204,19,22,.463,9.0,4.5,4,9,12,False,100,
2026-05-11,2026-05-10,2026,121,204,15,25,.375,12.5,8.0,5,12,15,False,97,
2026-05-11,2026-05-10,2026,112,205,27,14,.659,-,-,1,,2,False,-,102
2026-05-11,2026-05-10,2026,158,205,22,16,.579,3.5,-,2,2,5,False,102,
2026-05-11,2026-05-10,2026,138,205,23,17,.575,3.5,-,3,3,6,False,101,
2026-05-11,2026-05-10,2026,134,205,22,19,.537,5.0,1.5,4,4,7,False,99,
2026-05-11,2026-05-10,2026,113,205,22,19,.537,5.0,1.5,5,5,8,False,99,
2026-05-11,2026-05-10,2026,135,203,24,16,.600,-,-,1,,3,False,-,102
2026-05-11,2026-05-10,2026,119,203,24,16,.600,-,+1.0,2,1,4,False,-,
2026-05-11,2026-05-10,2026,109,203,19,20,.487,4.5,3.5,3,6,9,False,102,
2026-05-11,2026-05-10,2026,137,203,16,24,.400,8.0,7.0,4,10,13,False,98,
2026-05-11,2026-05-10,2026,115,203,16,25,.390,8.5,7.5,5,11,14,False,97,
2026-05-12,2026-05-11,2026,139,201,27,13,.675,-,-,1,,1,False,-,104
2026-05-12,2026-05-11,2026,147,201,26,16,.619,2.0,+6.0,2,1,2,False,104,
2026-05-12,2026-05-11,2026,110,201,19,23,.452,9.0,1.0,3,7,10,False,97,
2026-05-12,2026-05-11,2026,141,201,18,23,.439,9.5,1.5,4,9,12,False,97,
2026-05-12,2026-05-11,2026,111,201,17,23,.425,10.0,2.0,5,10,13,False,97,
2026-05-12,2026-05-11,2026,114,202,22,21,.512,-,-,1,,4,False,-,101
2026-05-12,2026-05-11,2026,145,202,19,21,.475,1.5,-,2,3,6,False,101,
2026-05-12,2026-05-11,2026,116,202,19,22,.463,2.0,0.5,3,4,7,False,100,
2026-05-12,2026-05-11,2026,118,202,19,22,.463,2.0,0.5,4,6,9,False,101,
2026-05-12,2026-05-11,2026,142,202,18,23,.439,3.0,1.5,5,8,11,False,100,
2026-05-12,2026-05-11,2026,133,200,21,19,.525,-,-,1,,3,False,-,102
2026-05-12,2026-05-11,2026,136,200,20,22,.476,2.0,-,2,2,5,False,102,
2026-05-12,2026-05-11,2026,140,200,19,22,.463,2.5,0.5,3,5,8,False,102,
2026-05-12,2026-05-11,2026,108,200,16,26,.381,6.0,4.0,4,11,14,False,98,
2026-05-12,2026-05-11,2026,117,200,16,26,.381,6.0,4.0,5,12,15,False,98,
2026-05-12,2026-05-11,2026,144,204,28,13,.683,-,-,1,,1,False,-,100
2026-05-12,2026-05-11,2026,143,204,19,22,.463,9.0,4.5,2,7,10,False,100,
2026-05-12,2026-05-11,2026,146,204,19,22,.463,9.0,4.5,3,8,11,False,100,
2026-05-12,2026-05-11,2026,120,204,19,22,.463,9.0,4.5,4,9,12,False,100,
2026-05-12,2026-05-11,2026,121,204,15,25,.375,12.5,8.0,5,12,15,False,97,
2026-05-12,2026-05-11,2026,112,205,27,14,.659,-,-,1,,2,False,-,102
2026-05-12,2026-05-11,2026,158,205,22,16,.579,3.5,-,2,2,5,False,102,
2026-05-12,2026-05-11,2026,138,205,23,17,.575,3.5,-,3,3,6,False,101,
2026-05-12,2026-05-11,2026,134,205,22,19,.537,5.0,1.5,4,4,7,False,99,
2026-05-12,2026-05-11,2026,113,205,22,19,.537,5.0,1.5,5,5,8,False,99,
2026-05-12,2026-05-11,2026,135,203,24,16,.600,-,-,1,,3,False,-,104
2026-05-12,2026-05-11,2026,119,203,24,17,.585,0.5,+0.5,2,1,4,False,104,
2026-05-12,2026-05-11,2026,109,203,20,20,.500,4.0,3.0,3,6,9,False,101,
2026-05-12,2026-05-11,2026,137,203,17,24,.415,7.5,6.5,4,10,13,False,98,
2026-05-12,2026-05-11,2026,115,203,16,25,.390,8.5,7.5,5,11,14,False,97,
2026-05-13,2026-05-12,2026,139,201,28,13,.683,-,-,1,,1,False,-,104
2026-05-13,2026-05-12,2026,147,201,27,16,.628,2.0,+6.0,2,1,2,False,104,
2026-05-13,2026-05-12,2026,110,201,19,24,.442,10.0,2.0,3,8,11,False,96,
2026-05-13,2026-05-12,2026,141,201,18,24,.429,10.5,2.5,4,9,12,False,96,
2026-05-13,2026-05-12,2026,111,201,17,24,.415,11.0,3.0,5,10,13,False,96,
2026-05-13,2026-05-12,2026,114,202,23,21,.523,-,-,1,,3,False,-,101
2026-05-13,2026-05-12,2026,145,202,20,21,.488,1.5,-,2,3,6,False,101,
2026-05-13,2026-05-12,2026,142,202,19,23,.452,3.0,1.5,3,5,8,False,99,
2026-05-13,2026-05-12,2026,116,202,19,23,.452,3.0,1.5,4,6,9,False,99,
2026-05-13,2026-05-12,2026,118,202,19,23,.452,3.0,1.5,5,7,10,False,99,
2026-05-13,2026-05-12,2026,133,200,21,20,.512,-,-,1,,4,False,-,102
2026-05-13,2026-05-12,2026,136,200,21,22,.488,1.0,-,2,2,5,False,102,
2026-05-13,2026-05-12,2026,140,200,20,22,.476,1.5,0.5,3,4,7,False,102,
2026-05-13,2026-05-12,2026,108,200,16,27,.372,6.0,5.0,4,11,14,False,97,
2026-05-13,2026-05-12,2026,117,200,16,27,.372,6.0,5.0,5,12,15,False,97,
2026-05-13,2026-05-12,2026,144,204,29,13,.690,-,-,1,,1,False,-,99
2026-05-13,2026-05-12,2026,143,204,20,22,.476,9.0,4.0,2,7,10,False,99,
2026-05-13,2026-05-12,2026,120,204,20,22,.476,9.0,4.0,3,8,11,False,99,
2026-05-13,2026-05-12,2026,146,204,19,23,.452,10.0,5.0,4,9,12,False,98,
2026-05-13,2026-05-12,2026,121,204,16,25,.390,12.5,7.5,5,11,14,False,96,
2026-05-13,2026-05-12,2026,112,205,27,15,.643,-,-,1,,2,False,-,101
2026-05-13,2026-05-12,2026,158,205,23,16,.590,2.5,+0.5,2,1,3,False,101,
2026-05-13,2026-05-12,2026,138,205,24,17,.585,2.5,+0.5,3,2,4,False,100,
2026-05-13,2026-05-12,2026,134,205,23,19,.548,4.0,1.0,4,4,7,False,98,
2026-05-13,2026-05-12,2026,113,205,22,20,.524,5.0,2.0,5,5,8,False,97,
2026-05-13,2026-05-12,2026,135,203,24,17,.585,-,-,1,,5,False,-,103
2026-05-13,2026-05-12,2026,119,203,24,18,.571,0.5,-,2,3,6,False,103,
2026-05-13,2026-05-12,2026,109,203,20,21,.488,4.0,3.5,3,6,9,False,100,
2026-05-13,2026-05-12,2026,137,203,18,24,.429,6.5,6.0,4,10,13,False,98,
2026-05-13,2026-05-12,2026,115,203,16,26,.381,8.5,8.0,5,12,15,False,96,
2026-05-14,2026-05-13,2026,139,201,28,14,.667,-,-,1,,1,False,-,103
2026-05-14,2026-05-13,2026,147,201,27,17,.614,2.0,+5.5,2,1,2,False,103,
2026-05-14,2026-05-13,2026,110,201,20,24,.455,9.0,1.5,3,5,8,False,96,
2026-05-14,2026-05-13,2026,141,201,19,24,.442,9.5,2.0,4,9,12,False,96,
2026-05-14,2026-05-13,2026,111,201,18,24,.429,10.0,2.5,5,10,13,False,96,
2026-05-14,2026-05-13,2026,114,202,24,21,.533,-,-,1,,3,False,-,101
2026-05-14,2026-05-13,2026,145,202,21,21,.500,1.5,+0.5,2,2,5,False,101,
2026-05-14,2026-05-13,2026,142,202,19,24,.442,4.0,2.0,3,6,9,False,98,
2026-05-14,2026-05-13,2026,116,202,19,24,.442,4.0,2.0,4,7,10,False,98,
2026-05-14,2026-05-13,2026,118,202,19,24,.442,4.0,2.0,5,8,11,False,98,
2026-05-14,2026-05-13,2026,133,200,22,20,.524,-,-,1,,4,False,-,102
2026-05-14,2026-05-13,2026,140,200,21,22,.488,1.5,-,2,3,6,False,102,
2026-05-14,2026-05-13,2026,136,200,21,23,.477,2.0,0.5,3,4,7,False,101,
2026-05-14,2026-05-13,2026,117,200,17,27,.386,6.0,4.5,4,11,14,False,97,
2026-05-14,2026-05-13,2026,108,200,16,28,.364,7.0,5.5,5,12,15,False,96,
2026-05-14,2026-05-13,2026,144,204,30,13,.698,-,-,1,,1,False,-,98
2026-05-14,2026-05-13,2026,120,204,21,22,.488,9.0,3.5,2,6,9,False,98,
2026-05-14,2026-05-13,2026,143,204,20,23,.465,10.0,4.5,3,8,11,False,97,
2026-05-14,2026-05-13,2026,146,204,20,23,.465,10.0,4.5,4,9,12,False,97,
2026-05-14,2026-05-13,2026,121,204,17,25,.405,12.5,7.0,5,11,14,False,95,
2026-05-14,2026-05-13,2026,112,205,27,16,.628,-,-,1,,2,False,-,100
2026-05-14,2026-05-13,2026,158,205,23,17,.575,2.5,-,2,2,5,False,100,
2026-05-14,2026-05-13,2026,138,205,24,18,.571,2.5,-,3,3,6,False,99,
2026-05-14,2026-05-13,2026,134,205,23,20,.535,4.0,1.5,4,4,7,False,97,
2026-05-14,2026-05-13,2026,113,205,22,21,.512,5.0,2.5,5,5,8,False,96,
2026-05-14,2026-05-13,2026,135,203,25,17,.595,-,-,1,,3,False,-,103
2026-05-14,2026-05-13,2026,119,203,25,18,.581,0.5,+0.5,2,1,4,False,103,
2026-05-14,2026-05-13,2026,109,203,20,22,.476,5.0,4.0,3,7,10,False,99,
2026-05-14,2026-05-13,2026,137,203,18,25,.419,7.5,6.5,4,10,13,False,96,
2026-05-14,2026-05-13,2026,115,203,17,26,.395,8.5,7.5,5,12,15,False,95,
2026-05-15,2026-05-14,2026,139,201,28,14,.667,-,-,1,,1,False,-,103
2026-05-15,2026-05-14,2026,147,201,27,17,.614,2.0,+5.5,2,1,2,False,103,
2026-05-15,2026-05-14,2026,110,201,20,24,.455,9.0,1.5,3,5,8,False,96,
2026-05-15,2026-05-14,2026,141,201,19,24,.442,9.5,2.0,4,7,10,False,96,
2026-05-15,2026-05-14,2026,111,201,18,25,.419,10.5,3.0,5,10,13,False,95,
2026-05-15,2026-05-14,2026,114,202,24,21,.533,-,-,1,,3,False,-,101
2026-05-15,2026-05-14,2026,145,202,22,21,.512,1.0,+1.0,2,2,4,False,101,
2026-05-15,2026-05-14,2026,142,202,20,24,.455,3.5,1.5,3,6,9,False,98,
2026-05-15,2026-05-14,2026,116,202,19,25,.432,4.5,2.5,4,8,11,False,97,
2026-05-15,2026-05-14,2026,118,202,19,25,.432,4.5,2.5,5,9,12,False,97,
2026-05-15,2026-05-14,2026,133,200,22,21,.512,-,-,1,,5,False,-,101
2026-05-15,2026-05-14,2026,136,200,22,23,.489,1.0,-,2,3,6,False,101,
2026-05-15,2026-05-14,2026,140,200,21,22,.488,1.0,-,3,4,7,False,102,
2026-05-15,2026-05-14,2026,117,200,17,28,.378,6.0,5.0,4,11,14,False,96,
2026-05-15,2026-05-14,2026,108,200,16,28,.364,6.5,5.5,5,12,15,False,96,
2026-05-15,2026-05-14,2026,144,204,30,14,.682,-,-,1,,1,False,-,97
2026-05-15,2026-05-14,2026,143,204,21,23,.477,9.0,4.5,2,6,9,False,97,
2026-05-15,2026-05-14,2026,120,204,21,23,.477,9.0,4.5,3,7,10,False,97,
2026-05-15,2026-05-14,2026,146,204,20,24,.455,10.0,5.5,4,9,12,False,96,
2026-05-15,2026-05-14,2026,121,204,18,25,.419,11.5,7.0,5,10,13,False,95,
2026-05-15,2026-05-14,2026,112,205,28,16,.636,-,-,1,,2,False,-,99
2026-05-15,2026-05-14,2026,158,205,24,17,.585,2.5,-,2,1,4,False,99,
2026-05-15,2026-05-14,2026,138,205,25,18,.581,2.5,-,3,2,5,False,98,
2026-05-15,2026-05-14,2026,134,205,24,20,.545,4.0,1.5,4,4,7,False,96,
2026-05-15,2026-05-14,2026,113,205,23,21,.523,5.0,2.5,5,5,8,False,95,
2026-05-15,2026-05-14,2026,119,203,26,18,.591,-,-,1,,3,False,-,103
2026-05-15,2026-05-14,2026,135,203,25,18,.581,0.5,-,2,3,6,False,103,
2026-05-15,2026-05-14,2026,109,203,20,22,.476,5.0,4.5,3,8,11,False,99,
2026-05-15,2026-05-14,2026,137,203,18,26,.409,8.0,7.5,4,11,14,False,95,
2026-05-15,2026-05-14,2026,115,203,17,27,.386,9.0,8.5,5,12,15,False,94,
2026-05-16,2026-05-15,2026,139,201,29,14,.674,-,-,1,,1,False,-,102
2026-05-16,2026-05-15,2026,147,201,28,17,.622,2.0,+6.5,2,1,2,False,102,
2026-05-16,2026-05-15,2026,110,201,20,25,.444,10.0,1.5,3,7,10,False,94,
2026-05-16,2026-05-15,2026,141,201,19,25,.432,10.5,2.0,4,8,11,False,94,
2026-05-16,2026-05-15,2026,111,201,18,26,.409,11.5,3.0,5,10,13,False,93,
2026-05-16,2026-05-15,2026,114,202,24,22,.522,-,-,1,,4,False,-,99
2026-05-16,2026-05-15,2026,145,202,22,22,.500,1.0,+1.0,2,2,5,False,99,
2026-05-16,2026-05-15,2026,142,202,20,25,.444,3.5,1.5,3,5,8,False,97,
2026-05-16,2026-05-15,2026,116,202,20,25,.444,3.5,1.5,4,6,9,False,96,
2026-05-16,2026-05-15,2026,118,202,19,26,.422,4.5,2.5,5,9,12,False,96,
2026-05-16,2026-05-15,2026,133,200,23,21,.523,-,-,1,,3,False,-,100
2026-05-16,2026-05-15,2026,136,200,22,24,.478,2.0,-,2,3,6,False,100,
2026-05-16,2026-05-15,2026,140,200,21,23,.477,2.0,-,3,4,7,False,100,
2026-05-16,2026-05-15,2026,117,200,18,28,.391,6.0,4.0,4,11,14,False,95,
2026-05-16,2026-05-15,2026,108,200,16,29,.356,7.5,5.5,5,12,15,False,94,
2026-05-16,2026-05-15,2026,144,204,31,14,.689,-,-,1,,1,False,-,96
2026-05-16,2026-05-15,2026,143,204,22,23,.489,9.0,4.5,2,6,9,False,96,
2026-05-16,2026-05-15,2026,120,204,22,23,.489,9.0,4.5,3,7,10,False,96,
2026-05-16,2026-05-15,2026,146,204,20,25,.444,11.0,6.5,4,9,12,False,94,
2026-05-16,2026-05-15,2026,121,204,18,26,.409,12.5,8.0,5,10,13,False,93,
2026-05-16,2026-05-15,2026,112,205,29,16,.644,-,-,1,,2,False,-,98
2026-05-16,2026-05-15,2026,158,205,25,17,.595,2.5,-,2,1,4,False,98,
2026-05-16,2026-05-15,2026,138,205,26,18,.591,2.5,-,3,2,5,False,97,
2026-05-16,2026-05-15,2026,134,205,24,21,.533,5.0,2.5,4,4,7,False,94,
2026-05-16,2026-05-15,2026,113,205,24,21,.533,5.0,2.5,5,5,8,False,94,
2026-05-16,2026-05-15,2026,119,203,27,18,.600,-,-,1,,3,False,-,103
2026-05-16,2026-05-15,2026,135,203,26,18,.591,0.5,-,2,3,6,False,103,
2026-05-16,2026-05-15,2026,109,203,21,22,.488,5.0,4.5,3,8,11,False,99,
2026-05-16,2026-05-15,2026,137,203,18,27,.400,9.0,8.5,4,11,14,False,94,
2026-05-16,2026-05-15,2026,115,203,17,28,.378,10.0,9.5,5,12,15,False,93,
2026-05-17,2026-05-16,2026,139,201,29,15,.659,-,-,1,,1,False,-,101
2026-05-17,2026-05-16,2026,147,201,28,18,.609,2.0,+6.5,2,1,2,False,101,
2026-05-17,2026-05-16,2026,141,201,20,25,.444,9.5,1.0,3,5,8,False,94,
2026-05-17,2026-05-16,2026,110,201,20,26,.435,10.0,1.5,4,8,11,False,93,
2026-05-17,2026-05-16,2026,111,201,19,26,.422,10.5,2.0,5,9,12,False,93,
2026-05-17,2026-05-16,2026,114,202,25,22,.532,-,-,1,,3,False,-,99
2026-05-17,2026-05-16,2026,145,202,23,22,.511,1.0,+2.0,2,2,4,False,99,
2026-05-17,2026-05-16,2026,142,202,20,26,.435,4.5,1.5,3,6,9,False,95,
2026-05-17,2026-05-16,2026,116,202,20,26,.435,4.5,1.5,4,7,10,False,95,
2026-05-17,2026-05-16,2026,118,202,19,27,.413,5.5,2.5,5,10,13,False,94,
2026-05-17,2026-05-16,2026,133,200,23,22,.511,-,-,1,,5,False,-,99
2026-05-17,2026-05-16,2026,136,200,22,25,.468,2.0,-,2,3,6,False,99,
2026-05-17,2026-05-16,2026,140,200,21,24,.467,2.0,-,3,4,7,False,99,
2026-05-17,2026-05-16,2026,117,200,19,28,.404,5.0,3.0,4,11,14,False,95,
2026-05-17,2026-05-16,2026,108,200,16,30,.348,7.5,5.5,5,12,15,False,93,
2026-05-17,2026-05-16,2026,144,204,31,15,.674,-,-,1,,1,False,-,95
2026-05-17,2026-05-16,2026,143,204,23,23,.500,8.0,4.5,2,6,9,False,95,
2026-05-17,2026-05-16,2026,120,204,23,23,.500,8.0,4.5,3,7,10,False,95,
2026-05-17,2026-05-16,2026,146,204,21,25,.457,10.0,6.5,4,9,12,False,93,
2026-05-17,2026-05-16,2026,121,204,19,26,.422,11.5,8.0,5,10,13,False,92,
2026-05-17,2026-05-16,2026,112,205,29,17,.630,-,-,1,,2,False,-,98
2026-05-17,2026-05-16,2026,158,205,26,17,.605,1.5,-,2,1,4,False,98,
2026-05-17,2026-05-16,2026,138,205,27,18,.600,1.5,-,3,2,5,False,97,
2026-05-17,2026-05-16,2026,134,205,24,22,.522,5.0,3.5,4,4,7,False,93,
2026-05-17,2026-05-16,2026,113,205,24,22,.522,5.0,3.5,5,5,8,False,93,
2026-05-17,2026-05-16,2026,119,203,28,18,.609,-,-,1,,3,False,-,102
2026-05-17,2026-05-16,2026,135,203,27,18,.600,0.5,-,2,3,6,False,102,
2026-05-17,2026-05-16,2026,109,203,21,23,.477,6.0,5.5,3,8,11,False,97,
2026-05-17,2026-05-16,2026,137,203,19,27,.413,9.0,8.5,4,11,14,False,93,
2026-05-17,2026-05-16,2026,115,203,18,28,.391,10.0,9.5,5,12,15,False,92,
2026-05-18,2026-05-17,2026,139,201,30,15,.667,-,-,1,,1,False,-,99
2026-05-18,2026-05-17,2026,147,201,28,19,.596,3.0,+5.5,2,1,2,False,99,
2026-05-18,2026-05-17,2026,141,201,21,25,.457,9.5,1.0,3,5,8,False,93,
2026-05-18,2026-05-17,2026,110,201,21,26,.447,10.0,1.5,4,6,9,False,92,
2026-05-18,2026-05-17,2026,111,201,19,27,.413,11.5,3.0,5,10,13,False,91,
2026-05-18,2026-05-17,2026,114,202,26,22,.542,-,-,1,,3,False,-,98
2026-05-18,2026-05-17,2026,145,202,24,22,.522,1.0,+2.0,2,2,4,False,98,
2026-05-18,2026-05-17,2026,142,202,21,26,.447,4.5,1.5,3,7,10,False,94,
2026-05-18,2026-05-17,2026,116,202,20,27,.426,5.5,2.5,4,8,11,False,93,
2026-05-18,2026-05-17,2026,118,202,20,27,.426,5.5,2.5,5,9,12,False,93,
2026-05-18,2026-05-17,2026,133,200,23,23,.500,-,-,1,,5,False,-,99
2026-05-18,2026-05-17,2026,140,200,22,24,.478,1.0,-,2,3,6,False,99,
2026-05-18,2026-05-17,2026,136,200,22,26,.458,2.0,1.0,3,4,7,False,98,
2026-05-18,2026-05-17,2026,117,200,19,29,.396,5.0,4.0,4,11,14,False,94,
2026-05-18,2026-05-17,2026,108,200,16,31,.340,7.5,6.5,5,12,15,False,92,
2026-05-18,2026-05-17,2026,144,204,32,15,.681,-,-,1,,1,False,-,95
2026-05-18,2026-05-17,2026,143,204,24,23,.511,8.0,3.5,2,4,7,False,95,
2026-05-18,2026-05-17,2026,120,204,23,24,.489,9.0,4.5,3,7,10,False,94,
2026-05-18,2026-05-17,2026,146,204,21,26,.447,11.0,6.5,4,9,12,False,92,
2026-05-18,2026-05-17,2026,121,204,20,26,.435,11.5,7.0,5,10,13,False,92,
2026-05-18,2026-05-17,2026,112,205,29,18,.617,-,-,1,,3,False,-,97
2026-05-18,2026-05-17,2026,158,205,26,18,.591,1.5,-,2,2,5,False,97,
2026-05-18,2026-05-17,2026,138,205,27,19,.587,1.5,-,3,3,6,False,96,
2026-05-18,2026-05-17,2026,134,205,24,23,.511,5.0,3.5,4,5,8,False,92,
2026-05-18,2026-05-17,2026,113,205,24,23,.511,5.0,3.5,5,6,9,False,92,
2026-05-18,2026-05-17,2026,119,203,29,18,.617,-,-,1,,2,False,-,101
2026-05-18,2026-05-17,2026,135,203,28,18,.609,0.5,+1.0,2,1,4,False,101,
2026-05-18,2026-05-17,2026,109,203,22,23,.489,6.0,4.5,3,8,11,False,96,
2026-05-18,2026-05-17,2026,137,203,20,27,.426,9.0,7.5,4,11,14,False,93,
2026-05-18,2026-05-17,2026,115,203,18,29,.383,11.0,9.5,5,12,15,False,91,
2026-05-19,2026-05-18,2026,139,201,31,15,.674,-,-,1,,1,False,-,99
2026-05-19,2026-05-18,2026,147,201,29,19,.604,3.0,+6.5,2,1,2,False,99,
2026-05-19,2026-05-18,2026,141,201,21,26,.447,10.5,1.0,3,6,9,False,92,
2026-05-19,2026-05-18,2026,110,201,21,27,.438,11.0,1.5,4,7,10,False,91,
2026-05-19,2026-05-18,2026,111,201,20,27,.426,11.5,2.0,5,8,11,False,91,
2026-05-19,2026-05-18,2026,114,202,27,22,.551,-,-,1,,3,False,-,97
2026-05-19,2026-05-18,2026,145,202,24,23,.511,2.0,+2.0,2,2,4,False,97,
2026-05-19,2026-05-18,2026,142,202,22,26,.458,4.5,0.5,3,5,8,False,94,
2026-05-19,2026-05-18,2026,116,202,20,28,.417,6.5,2.5,4,9,12,False,92,
2026-05-19,2026-05-18,2026,118,202,20,28,.417,6.5,2.5,5,10,13,False,92,
2026-05-19,2026-05-18,2026,133,200,23,24,.489,-,-,1,,5,False,-,97
2026-05-19,2026-05-18,2026,136,200,23,26,.469,1.0,-,2,3,6,False,97,
2026-05-19,2026-05-18,2026,140,200,22,25,.468,1.0,-,3,4,7,False,98,
2026-05-19,2026-05-18,2026,117,200,19,30,.388,5.0,4.0,4,11,14,False,93,
2026-05-19,2026-05-18,2026,108,200,17,31,.354,6.5,5.5,5,12,15,False,92,
2026-05-19,2026-05-18,2026,144,204,32,16,.667,-,-,1,,1,False,-,94
2026-05-19,2026-05-18,2026,143,204,25,23,.521,7.0,3.0,2,4,7,False,94,
2026-05-19,2026-05-18,2026,120,204,23,25,.479,9.0,5.0,3,8,11,False,92,
2026-05-19,2026-05-18,2026,146,204,22,26,.458,10.0,6.0,4,9,12,False,92,
2026-05-19,2026-05-18,2026,121,204,21,26,.447,10.5,6.5,5,10,13,False,91,
2026-05-19,2026-05-18,2026,112,205,29,19,.604,-,-,1,,4,False,-,97
2026-05-19,2026-05-18,2026,158,205,27,18,.600,0.5,+0.5,2,2,5,False,97,
2026-05-19,2026-05-18,2026,138,205,27,19,.587,1.0,-,3,3,6,False,96,
2026-05-19,2026-05-18,2026,134,205,24,23,.511,4.5,3.5,4,5,8,False,92,
2026-05-19,2026-05-18,2026,113,205,24,24,.500,5.0,4.0,5,7,10,False,91,
2026-05-19,2026-05-18,2026,135,203,29,18,.617,-,-,1,,2,False,-,100
2026-05-19,2026-05-18,2026,119,203,29,19,.604,0.5,+1.0,2,1,3,False,100,
2026-05-19,2026-05-18,2026,109,203,23,23,.500,5.5,4.0,3,6,9,False,96,
2026-05-19,2026-05-18,2026,137,203,20,28,.417,9.5,8.0,4,11,14,False,91,
2026-05-19,2026-05-18,2026,115,203,19,29,.396,10.5,9.0,5,12,15,False,90,
2026-05-20,2026-05-19,2026,139,201,32,15,.681,-,-,1,,1,False,-,99
2026-05-20,2026-05-19,2026,147,201,30,19,.612,3.0,+6.5,2,1,2,False,99,
2026-05-20,2026-05-19,2026,141,201,21,27,.438,11.5,2.0,3,6,9,False,91,
2026-05-20,2026-05-19,2026,111,201,21,27,.438,11.5,2.0,4,7,10,False,91,
2026-05-20,2026-05-19,2026,110,201,21,28,.429,12.0,2.5,5,8,11,False,90,
2026-05-20,2026-05-19,2026,114,202,28,22,.560,-,-,1,,3,False,-,97
2026-05-20,2026-05-19,2026,145,202,25,23,.521,2.0,+2.0,2,2,4,False,97,
2026-05-20,2026-05-19,2026,142,202,22,27,.449,5.5,1.5,3,5,8,False,93,
2026-05-20,2026-05-19,2026,116,202,20,29,.408,7.5,3.5,4,9,12,False,91,
2026-05-20,2026-05-19,2026,118,202,20,29,.408,7.5,3.5,5,10,13,False,91,
2026-05-20,2026-05-19,2026,133,200,24,24,.500,-,-,1,,5,False,-,98
2026-05-20,2026-05-19,2026,140,200,23,25,.479,1.0,-,2,3,6,False,98,
2026-05-20,2026-05-19,2026,136,200,23,27,.460,2.0,1.0,3,4,7,False,96,
2026-05-20,2026-05-19,2026,117,200,20,30,.400,5.0,4.0,4,11,14,False,93,
2026-05-20,2026-05-19,2026,108,200,17,32,.347,7.5,6.5,5,12,15,False,91,
2026-05-20,2026-05-19,2026,144,204,33,16,.673,-,-,1,,1,False,-,93
2026-05-20,2026-05-19,2026,143,204,25,24,.510,8.0,4.0,2,5,8,False,93,
2026-05-20,2026-05-19,2026,120,204,24,25,.490,9.0,5.0,3,8,11,False,92,
2026-05-20,2026-05-19,2026,146,204,22,27,.449,11.0,7.0,4,9,12,False,91,
2026-05-20,2026-05-19,2026,121,204,21,27,.438,11.5,7.5,5,10,13,False,90,
2026-05-20,2026-05-19,2026,158,205,28,18,.609,-,-,1,,3,False,-,96
2026-05-20,2026-05-19,2026,138,205,28,19,.596,0.5,-,2,2,5,False,96,
2026-05-20,2026-05-19,2026,112,205,29,20,.592,0.5,-,3,3,6,False,95,
2026-05-20,2026-05-19,2026,113,205,25,24,.510,4.5,4.0,4,6,9,False,91,
2026-05-20,2026-05-19,2026,134,205,24,24,.500,5.0,4.5,5,7,10,False,91,
2026-05-20,2026-05-19,2026,119,203,30,19,.612,-,-,1,,2,False,-,100
2026-05-20,2026-05-19,2026,135,203,29,19,.604,0.5,+0.5,2,1,4,False,100,
2026-05-20,2026-05-19,2026,109,203,24,23,.511,5.0,4.0,3,4,7,False,96,
2026-05-20,2026-05-19,2026,137,203,20,29,.408,10.0,9.0,4,11,14,False,90,
2026-05-20,2026-05-19,2026,115,203,19,30,.388,11.0,10.0,5,12,15,False,89,
2026-05-21,2026-05-20,2026,139,201,33,15,.688,-,-,1,,1,False,-,98
2026-05-21,2026-05-20,2026,147,201,30,20,.600,4.0,+5.5,2,1,2,False,98,
2026-05-21,2026-05-20,2026,141,201,22,27,.449,11.5,2.0,3,6,9,False,91,
2026-05-21,2026-05-20,2026,111,201,22,27,.449,11.5,2.0,4,7,10,False,91,
2026-05-21,2026-05-20,2026,110,201,21,29,.420,13.0,3.5,5,8,11,False,89,
2026-05-21,2026-05-20,2026,114,202,29,22,.569,-,-,1,,3,False,-,96
2026-05-21,2026-05-20,2026,145,202,25,24,.510,3.0,+1.0,2,2,4,False,96,
2026-05-21,2026-05-20,2026,142,202,23,27,.460,5.5,1.5,3,5,8,False,93,
2026-05-21,2026-05-20,2026,116,202,20,30,.400,8.5,4.5,4,9,12,False,90,
2026-05-21,2026-05-20,2026,118,202,20,30,.400,8.5,4.5,5,10,13,False,90,
2026-05-21,2026-05-20,2026,133,200,25,24,.510,-,-,1,,5,False,-,97
2026-05-21,2026-05-20,2026,140,200,24,25,.490,1.0,-,2,3,6,False,97,
2026-05-21,2026-05-20,2026,136,200,24,27,.471,2.0,1.0,3,4,7,False,95,
2026-05-21,2026-05-20,2026,117,200,20,31,.392,6.0,5.0,4,11,14,False,91,
2026-05-21,2026-05-20,2026,108,200,17,33,.340,8.5,7.5,5,12,15,False,90,
2026-05-21,2026-05-20,2026,144,204,34,16,.680,-,-,1,,1,False,-,92
2026-05-21,2026-05-20,2026,143,204,25,25,.500,9.0,4.0,2,7,10,False,92,
2026-05-21,2026-05-20,2026,120,204,25,25,.500,9.0,4.0,3,8,11,False,92,
2026-05-21,2026-05-20,2026,146,204,22,28,.440,12.0,7.0,4,9,12,False,90,
2026-05-21,2026-05-20,2026,121,204,21,28,.429,12.5,7.5,5,10,13,False,89,
2026-05-21,2026-05-20,2026,158,205,29,18,.617,-,-,1,,3,False,-,94
2026-05-21,2026-05-20,2026,138,205,28,20,.583,1.5,-,2,2,5,False,94,
2026-05-21,2026-05-20,2026,112,205,29,21,.580,1.5,-,3,3,6,False,93,
2026-05-21,2026-05-20,2026,113,205,26,24,.520,4.5,3.0,4,5,8,False,90,
2026-05-21,2026-05-20,2026,134,205,25,24,.510,5.0,3.5,5,6,9,False,91,
2026-05-21,2026-05-20,2026,119,203,31,19,.620,-,-,1,,2,False,-,99
2026-05-21,2026-05-20,2026,135,203,29,20,.592,1.5,+0.5,2,1,4,False,99,
2026-05-21,2026-05-20,2026,109,203,25,23,.521,5.0,3.0,3,4,7,False,96,
2026-05-21,2026-05-20,2026,137,203,20,30,.400,11.0,9.0,4,11,14,False,89,
2026-05-21,2026-05-20,2026,115,203,19,31,.380,12.0,10.0,5,12,15,False,88,
2026-05-22,2026-05-21,2026,139,201,33,15,.688,-,-,1,,1,False,-,97
2026-05-22,2026-05-21,2026,147,201,30,21,.588,4.5,+5.0,2,1,2,False,97,
2026-05-22,2026-05-21,2026,141,201,23,27,.460,11.0,1.5,3,6,9,False,91,
2026-05-22,2026-05-21,2026,111,201,22,27,.449,11.5,2.0,4,7,10,False,91,
2026-05-22,2026-05-21,2026,110,201,21,29,.420,13.0,3.5,5,8,11,False,89,
2026-05-22,2026-05-21,2026,114,202,30,22,.577,-,-,1,,3,False,-,96
2026-05-22,2026-05-21,2026,145,202,25,24,.510,3.5,+1.0,2,2,5,False,96,
2026-05-22,2026-05-21,2026,142,202,23,27,.460,6.0,1.5,3,5,8,False,93,
2026-05-22,2026-05-21,2026,118,202,20,30,.400,9.0,4.5,4,9,12,False,90,
2026-05-22,2026-05-21,2026,116,202,20,31,.392,9.5,5.0,5,11,14,False,89,
2026-05-22,2026-05-21,2026,133,200,26,24,.520,-,-,1,,4,False,-,97
2026-05-22,2026-05-21,2026,140,200,24,25,.490,1.5,-,2,3,6,False,97,
2026-05-22,2026-05-21,2026,136,200,24,27,.471,2.5,1.0,3,4,7,False,95,
2026-05-22,2026-05-21,2026,117,200,20,31,.392,6.5,5.0,4,10,13,False,91,
2026-05-22,2026-05-21,2026,108,200,17,34,.333,9.5,8.0,5,12,15,False,89,
2026-05-22,2026-05-21,2026,144,204,35,16,.686,-,-,1,,1,False,-,92
2026-05-22,2026-05-21,2026,143,204,25,25,.500,9.5,3.5,2,7,10,False,92,
2026-05-22,2026-05-21,2026,120,204,25,26,.490,10.0,4.0,3,8,11,False,91,
2026-05-22,2026-05-21,2026,121,204,22,28,.440,12.5,6.5,4,9,12,False,89,
2026-05-22,2026-05-21,2026,146,204,22,29,.431,13.0,7.0,5,10,13,False,89,
2026-05-22,2026-05-21,2026,158,205,29,18,.617,-,-,1,,3,False,-,93
2026-05-22,2026-05-21,2026,112,205,29,21,.580,1.5,+0.5,2,2,5,False,93,
2026-05-22,2026-05-21,2026,138,205,28,21,.571,2.0,-,3,3,6,False,93,
2026-05-22,2026-05-21,2026,134,205,26,24,.520,4.5,2.5,4,5,8,False,91,
2026-05-22,2026-05-21,2026,113,205,26,24,.520,4.5,2.5,5,6,9,False,90,
2026-05-22,2026-05-21,2026,119,203,31,19,.620,-,-,1,,2,False,-,99
2026-05-22,2026-05-21,2026,135,203,29,20,.592,1.5,+1.0,2,1,4,False,99,
2026-05-22,2026-05-21,2026,109,203,26,23,.531,4.5,2.0,3,4,7,False,96,
2026-05-22,2026-05-21,2026,137,203,20,30,.400,11.0,8.5,4,11,14,False,89,
2026-05-22,2026-05-21,2026,115,203,19,32,.373,12.5,10.0,5,12,15,False,87,
2026-05-23,2026-05-22,2026,139,201,34,15,.694,-,-,1,,1,False,-,95
2026-05-23,2026-05-22,2026,147,201,30,22,.577,5.5,+5.0,2,1,3,False,95,
2026-05-23,2026-05-22,2026,141,201,24,27,.471,11.0,0.5,3,6,9,False,90,
2026-05-23,2026-05-22,2026,111,201,22,28,.440,12.5,2.0,4,7,10,False,89,
2026-05-23,2026-05-22,2026,110,201,22,29,.431,13.0,2.5,5,8,11,False,88,
2026-05-23,2026-05-22,2026,114,202,31,22,.585,-,-,1,,2,False,-,95
2026-05-23,2026-05-22,2026,145,202,26,24,.520,3.5,+2.0,2,2,4,False,95,
2026-05-23,2026-05-22,2026,142,202,24,27,.471,6.0,0.5,3,5,8,False,92,
2026-05-23,2026-05-22,2026,118,202,20,31,.392,10.0,4.5,4,10,13,False,88,
2026-05-23,2026-05-22,2026,116,202,20,32,.385,10.5,5.0,5,11,14,False,87,
2026-05-23,2026-05-22,2026,133,200,26,25,.510,-,-,1,,5,False,-,95
2026-05-23,2026-05-22,2026,136,200,25,27,.481,1.5,-,2,3,6,False,95,
2026-05-23,2026-05-22,2026,140,200,24,26,.480,1.5,-,3,4,7,False,96,
2026-05-23,2026-05-22,2026,117,200,21,31,.404,5.5,4.0,4,9,12,False,91,
2026-05-23,2026-05-22,2026,108,200,18,34,.346,8.5,7.0,5,12,15,False,88,
2026-05-23,2026-05-22,2026,144,204,36,16,.692,-,-,1,,1,False,-,91
2026-05-23,2026-05-22,2026,143,204,25,26,.490,10.5,4.0,2,7,10,False,91,
2026-05-23,2026-05-22,2026,120,204,25,27,.481,11.0,4.5,3,8,11,False,90,
2026-05-23,2026-05-22,2026,146,204,23,29,.442,13.0,6.5,4,9,12,False,89,
2026-05-23,2026-05-22,2026,121,204,22,29,.431,13.5,7.0,5,10,13,False,88,
2026-05-23,2026-05-22,2026,158,205,30,18,.625,-,-,1,,2,False,-,93
2026-05-23,2026-05-22,2026,138,205,28,21,.571,2.5,-,2,2,5,False,93,
2026-05-23,2026-05-22,2026,112,205,29,22,.569,2.5,-,3,3,6,False,92,
2026-05-23,2026-05-22,2026,113,205,26,24,.520,5.0,2.5,4,5,8,False,90,
2026-05-23,2026-05-22,2026,134,205,26,25,.510,5.5,3.0,5,6,9,False,89,
2026-05-23,2026-05-22,2026,119,203,31,20,.608,-,-,1,,3,False,-,99
2026-05-23,2026-05-22,2026,135,203,30,20,.600,0.5,+1.5,2,1,4,False,99,
2026-05-23,2026-05-22,2026,109,203,26,24,.520,4.5,2.5,3,4,7,False,95,
2026-05-23,2026-05-22,2026,137,203,20,31,.392,11.0,9.0,4,11,14,False,88,
2026-05-23,2026-05-22,2026,115,203,20,32,.385,11.5,9.5,5,12,15,False,87,
2026-05-24,2026-05-23,2026,139,201,34,15,.694,-,-,1,,1,False,-,95
2026-05-24,2026-05-23,2026,147,201,30,22,.577,5.5,+5.0,2,1,2,False,95,
2026-05-24,2026-05-23,2026,141,201,25,27,.481,10.5,-,3,4,7,False,90,
2026-05-24,2026-05-23,2026,111,201,22,29,.431,13.0,2.5,4,7,10,False,88,
2026-05-24,2026-05-23,2026,110,201,22,29,.431,13.0,2.5,5,8,11,False,88,
2026-05-24,2026-05-23,2026,114,202,31,23,.574,-,-,1,,3,False,-,94
2026-05-24,2026-05-23,2026,145,202,26,25,.510,3.5,+1.5,2,2,4,False,94,
2026-05-24,2026-05-23,2026,142,202,25,27,.481,5.0,-,3,3,6,False,92,
2026-05-24,2026-05-23,2026,118,202,21,31,.404,9.0,4.0,4,10,13,False,88,
2026-05-24,2026-05-23,2026,116,202,20,32,.385,10.0,5.0,5,11,14,False,87,
2026-05-24,2026-05-23,2026,133,200,26,26,.500,-,-,1,,5,False,-,94
2026-05-24,2026-05-23,2026,136,200,25,28,.472,1.5,0.5,2,5,8,False,94,
2026-05-24,2026-05-23,2026,140,200,24,27,.471,1.5,0.5,3,6,9,False,95,
2026-05-24,2026-05-23,2026,117,200,22,31,.415,4.5,3.5,4,9,12,False,91,
2026-05-24,2026-05-23,2026,108,200,19,34,.358,7.5,6.5,5,12,15,False,88,
2026-05-24,2026-05-23,2026,144,204,36,17,.679,-,-,1,,1,False,-,91
2026-05-24,2026-05-23,2026,143,204,26,26,.500,9.5,3.0,2,6,9,False,91,
2026-05-24,2026-05-23,2026,120,204,26,27,.491,10.0,3.5,3,8,11,False,90,
2026-05-24,2026-05-23,2026,146,204,24,29,.453,12.0,5.5,4,9,12,False,88,
2026-05-24,2026-05-23,2026,121,204,22,30,.423,13.5,7.0,5,10,13,False,87,
2026-05-24,2026-05-23,2026,158,205,30,19,.612,-,-,1,,3,False,-,92
2026-05-24,2026-05-23,2026,138,205,29,22,.569,2.0,+0.5,2,2,5,False,92,
2026-05-24,2026-05-23,2026,112,205,29,23,.558,2.5,-,3,3,6,False,91,
2026-05-24,2026-05-23,2026,113,205,27,25,.519,4.5,2.0,4,5,8,False,89,
2026-05-24,2026-05-23,2026,134,205,26,26,.500,5.5,3.0,5,7,10,False,88,
2026-05-24,2026-05-23,2026,119,203,32,20,.615,-,-,1,,2,False,-,98
2026-05-24,2026-05-23,2026,135,203,31,20,.608,0.5,+2.5,2,1,4,False,98,
2026-05-24,2026-05-23,2026,109,203,27,24,.529,4.5,1.5,3,4,7,False,94,
2026-05-24,2026-05-23,2026,137,203,21,31,.404,11.0,8.0,4,11,14,False,88,
2026-05-24,2026-05-23,2026,115,203,20,33,.377,12.5,9.5,5,12,15,False,86,
2026-05-25,2026-05-24,2026,139,201,34,16,.680,-,-,1,,1,False,-,95
2026-05-25,2026-05-24,2026,147,201,31,22,.585,4.5,+5.0,2,1,2,False,95,
2026-05-25,2026-05-24,2026,141,201,25,28,.472,10.5,1.0,3,4,7,False,89,
2026-05-25,2026-05-24,2026,110,201,23,30,.434,12.5,3.0,4,7,10,False,87,
2026-05-25,2026-05-24,2026,111,201,22,30,.423,13.0,3.5,5,9,12,False,87,
2026-05-25,2026-05-24,2026,114,202,32,23,.582,-,-,1,,3,False,-,92
2026-05-25,2026-05-24,2026,145,202,26,26,.500,4.5,+0.5,2,2,5,False,92,
2026-05-25,2026-05-24,2026,142,202,26,27,.491,5.0,-,3,3,6,False,91,
2026-05-25,2026-05-24,2026,118,202,22,31,.415,9.0,4.0,4,10,13,False,87,
2026-05-25,2026-05-24,2026,116,202,21,33,.389,10.5,5.5,5,11,14,False,85,
2026-05-25,2026-05-24,2026,133,200,27,26,.509,-,-,1,,4,False,-,92
2026-05-25,2026-05-24,2026,136,200,25,29,.463,2.5,1.5,2,5,8,False,92,
2026-05-25,2026-05-24,2026,140,200,24,28,.462,2.5,1.5,3,6,9,False,93,
2026-05-25,2026-05-24,2026,117,200,23,31,.426,4.5,3.5,4,8,11,False,90,
2026-05-25,2026-05-24,2026,108,200,20,34,.370,7.5,6.5,5,12,15,False,88,
2026-05-25,2026-05-24,2026,144,204,36,18,.667,-,-,1,,1,False,-,90
2026-05-25,2026-05-24,2026,120,204,27,27,.500,9.0,2.5,2,7,10,False,90,
2026-05-25,2026-05-24,2026,143,204,26,27,.491,9.5,3.0,3,8,11,False,90,
2026-05-25,2026-05-24,2026,146,204,25,29,.463,11.0,4.5,4,9,12,False,88,
2026-05-25,2026-05-24,2026,121,204,22,31,.415,13.5,7.0,5,10,13,False,86,
2026-05-25,2026-05-24,2026,158,205,30,20,.600,-,-,1,,3,False,-,92
2026-05-25,2026-05-24,2026,138,205,29,22,.569,1.5,+1.0,2,2,5,False,92,
2026-05-25,2026-05-24,2026,112,205,29,24,.547,2.5,-,3,3,6,False,90,
2026-05-25,2026-05-24,2026,113,205,27,25,.519,4.0,1.5,4,5,8,False,89,
2026-05-25,2026-05-24,2026,134,205,27,26,.509,4.5,2.0,5,6,9,False,88,
2026-05-25,2026-05-24,2026,119,203,33,20,.623,-,-,1,,2,False,-,97
2026-05-25,2026-05-24,2026,135,203,31,21,.596,1.5,+2.5,2,1,4,False,97,
2026-05-25,2026-05-24,2026,109,203,28,24,.538,4.5,0.5,3,4,7,False,94,
2026-05-25,2026-05-24,2026,137,203,22,31,.415,11.0,7.0,4,11,14,False,87,
2026-05-25,2026-05-24,2026,115,203,20,34,.370,13.5,9.5,5,12,15,False,84,
2026-05-26,2026-05-25,2026,139,201,34,17,.667,-,-,1,,1,False,-,95
2026-05-26,2026-05-25,2026,147,201,32,22,.593,3.5,+6.0,2,1,2,False,95,
2026-05-26,2026-05-25,2026,141,201,25,29,.463,10.5,1.0,3,5,8,False,88,
2026-05-26,2026-05-25,2026,110,201,24,30,.444,11.5,2.0,4,7,10,False,87,
2026-05-26,2026-05-25,2026,111,201,22,30,.423,12.5,3.0,5,9,12,False,87,
2026-05-26,2026-05-25,2026,114,202,32,24,.571,-,-,1,,3,False,-,92
2026-05-26,2026-05-25,2026,145,202,27,26,.509,3.5,+1.5,2,2,4,False,92,
2026-05-26,2026-05-25,2026,142,202,26,28,.481,5.0,-,3,3,6,False,90,
2026-05-26,2026-05-25,2026,118,202,22,32,.407,9.0,4.0,4,10,13,False,86,
2026-05-26,2026-05-25,2026,116,202,21,33,.389,10.0,5.0,5,11,14,False,85,
2026-05-26,2026-05-25,2026,133,200,27,27,.500,-,-,1,,5,False,-,92
2026-05-26,2026-05-25,2026,136,200,26,29,.473,1.5,0.5,2,4,7,False,92,
2026-05-26,2026-05-25,2026,140,200,24,29,.453,2.5,1.5,3,6,9,False,92,
2026-05-26,2026-05-25,2026,117,200,24,31,.436,3.5,2.5,4,8,11,False,90,
2026-05-26,2026-05-25,2026,108,200,20,34,.370,7.0,6.0,5,12,15,False,88,
2026-05-26,2026-05-25,2026,144,204,36,18,.667,-,-,1,,1,False,-,90
2026-05-26,2026-05-25,2026,120,204,28,27,.509,8.5,2.0,2,7,10,False,90,
2026-05-26,2026-05-25,2026,143,204,27,27,.500,9.0,2.5,3,8,11,False,90,
2026-05-26,2026-05-25,2026,146,204,26,29,.473,10.5,4.0,4,9,12,False,88,
2026-05-26,2026-05-25,2026,121,204,22,32,.407,14.0,7.5,5,10,13,False,85,
2026-05-26,2026-05-25,2026,158,205,31,20,.608,-,-,1,,3,False,-,91
2026-05-26,2026-05-25,2026,138,205,29,23,.558,2.5,+0.5,2,2,5,False,91,
2026-05-26,2026-05-25,2026,112,205,29,25,.537,3.5,0.5,3,4,7,False,89,
2026-05-26,2026-05-25,2026,113,205,28,25,.528,4.0,1.0,4,5,8,False,89,
2026-05-26,2026-05-25,2026,134,205,28,26,.519,4.5,1.5,5,6,9,False,88,
2026-05-26,2026-05-25,2026,119,203,34,20,.630,-,-,1,,2,False,-,96
2026-05-26,2026-05-25,2026,135,203,31,22,.585,2.5,+2.0,2,1,4,False,96,
2026-05-26,2026-05-25,2026,109,203,29,24,.547,4.5,-,3,3,6,False,94,
2026-05-26,2026-05-25,2026,137,203,22,32,.407,12.0,7.5,4,11,14,False,86,
2026-05-26,2026-05-25,2026,115,203,20,35,.364,14.5,10.0,5,12,15,False,83,
2026-05-27,2026-05-26,2026,139,201,34,18,.654,-,-,1,,1,False,-,94
2026-05-27,2026-05-26,2026,147,201,33,22,.600,2.5,+6.0,2,1,2,False,94,
2026-05-27,2026-05-26,2026,141,201,26,29,.473,9.5,1.0,3,5,8,False,87,
2026-05-27,2026-05-26,2026,110,201,25,30,.455,10.5,2.0,4,7,10,False,86,
2026-05-27,2026-05-26,2026,111,201,22,31,.415,12.5,4.0,5,9,12,False,85,
2026-05-27,2026-05-26,2026,114,202,32,25,.561,-,-,1,,3,False,-,91
2026-05-27,2026-05-26,2026,145,202,27,27,.500,3.5,+0.5,2,2,4,False,91,
2026-05-27,2026-05-26,2026,142,202,27,28,.491,4.0,-,3,3,5,False,90,
2026-05-27,2026-05-26,2026,118,202,22,33,.400,9.0,5.0,4,10,13,False,85,
2026-05-27,2026-05-26,2026,116,202,21,34,.382,10.0,6.0,5,12,15,False,84,
2026-05-27,2026-05-26,2026,133,200,27,28,.491,-,-,1,,6,False,-,92
2026-05-27,2026-05-26,2026,136,200,27,29,.482,0.5,0.5,2,4,7,False,92,
2026-05-27,2026-05-26,2026,140,200,25,29,.463,1.5,1.5,3,6,9,False,92,
2026-05-27,2026-05-26,2026,117,200,24,32,.429,3.5,3.5,4,8,11,False,89,
2026-05-27,2026-05-26,2026,108,200,21,34,.382,6.0,6.0,5,11,14,False,87,
2026-05-27,2026-05-26,2026,144,204,37,18,.673,-,-,1,,1,False,-,89
2026-05-27,2026-05-26,2026,120,204,29,27,.518,8.5,1.5,2,7,10,False,89,
2026-05-27,2026-05-26,2026,143,204,28,27,.509,9.0,2.0,3,8,11,False,89,
2026-05-27,2026-05-26,2026,146,204,26,30,.464,11.5,4.5,4,9,12,False,86,
2026-05-27,2026-05-26,2026,121,204,22,33,.400,15.0,8.0,5,10,13,False,83,
2026-05-27,2026-05-26,2026,158,205,32,20,.615,-,-,1,,3,False,-,90
2026-05-27,2026-05-26,2026,138,205,29,24,.547,3.5,-,2,3,6,False,90,
2026-05-27,2026-05-26,2026,113,205,29,25,.537,4.0,0.5,3,4,7,False,89,
2026-05-27,2026-05-26,2026,134,205,29,26,.527,4.5,1.0,4,5,8,False,88,
2026-05-27,2026-05-26,2026,112,205,29,26,.527,4.5,1.0,5,6,9,False,88,
2026-05-27,2026-05-26,2026,119,203,35,20,.636,-,-,1,,2,False,-,95
2026-05-27,2026-05-26,2026,135,203,31,23,.574,3.5,+1.5,2,1,4,False,95,
2026-05-27,2026-05-26,2026,109,203,30,24,.556,4.5,+0.5,3,2,5,False,94,
2026-05-27,2026-05-26,2026,137,203,22,33,.400,13.0,8.0,4,11,14,False,85,
2026-05-27,2026-05-26,2026,115,203,20,36,.357,15.5,10.5,5,12,15,False,82,
2026-05-28,2026-05-27,2026,139,201,34,19,.642,-,-,1,,1,False,-,94
2026-05-28,2026-05-27,2026,147,201,34,22,.607,1.5,+7.0,2,1,2,False,94,
2026-05-28,2026-05-27,2026,141,201,27,29,.482,8.5,-,3,3,6,False,87,
2026-05-28,2026-05-27,2026,110,201,26,30,.464,9.5,1.0,4,6,9,False,86,
2026-05-28,2026-05-27,2026,111,201,23,31,.426,11.5,3.0,5,9,12,False,85,
2026-05-28,2026-05-27,2026,114,202,33,25,.569,-,-,1,,3,False,-,90
2026-05-28,2026-05-27,2026,145,202,28,27,.509,3.5,+1.5,2,2,4,False,90,
2026-05-28,2026-05-27,2026,142,202,27,29,.482,5.0,-,3,4,7,False,88,
2026-05-28,2026-05-27,2026,116,202,22,34,.393,10.0,5.0,4,10,13,False,83,
2026-05-28,2026-05-27,2026,118,202,22,34,.393,10.0,5.0,5,11,14,False,84,
2026-05-28,2026-05-27,2026,136,200,28,29,.491,-,-,1,,5,False,-,92
2026-05-28,2026-05-27,2026,133,200,27,29,.482,0.5,-,2,5,8,False,92,
2026-05-28,2026-05-27,2026,140,200,25,30,.455,2.0,1.5,3,7,10,False,91,
2026-05-28,2026-05-27,2026,117,200,25,32,.439,3.0,2.5,4,8,11,False,89,
2026-05-28,2026-05-27,2026,108,200,21,35,.375,6.5,6.0,5,12,15,False,86,
2026-05-28,2026-05-27,2026,144,204,37,19,.661,-,-,1,,1,False,-,89
2026-05-28,2026-05-27,2026,143,204,29,27,.518,8.0,1.0,2,6,9,False,89,
2026-05-28,2026-05-27,2026,120,204,29,28,.509,8.5,1.5,3,8,11,False,88,
2026-05-28,2026-05-27,2026,146,204,26,31,.456,11.5,4.5,4,9,12,False,85,
2026-05-28,2026-05-27,2026,121,204,23,33,.411,14.0,7.0,5,10,13,False,83,
2026-05-28,2026-05-27,2026,158,205,33,20,.623,-,-,1,,3,False,-,89
2026-05-28,2026-05-27,2026,138,205,29,25,.537,4.5,-,2,3,6,False,89,
2026-05-28,2026-05-27,2026,112,205,30,26,.536,4.5,-,3,4,7,False,88,
2026-05-28,2026-05-27,2026,113,205,29,26,.527,5.0,0.5,4,5,8,False,88,
2026-05-28,2026-05-27,2026,134,205,29,27,.518,5.5,1.0,5,7,10,False,87,
2026-05-28,2026-05-27,2026,119,203,36,20,.643,-,-,1,,2,False,-,94
2026-05-28,2026-05-27,2026,109,203,31,24,.564,4.5,+1.5,2,1,4,False,94,
2026-05-28,2026-05-27,2026,135,203,31,24,.564,4.5,+1.5,3,2,5,False,94,
2026-05-28,2026-05-27,2026,137,203,22,34,.393,14.0,8.0,4,11,14,False,84,
2026-05-28,2026-05-27,2026,115,203,20,37,.351,16.5,10.5,5,12,15,False,81,
2026-05-29,2026-05-28,2026,139,201,34,19,.642,-,-,1,,1,False,-,94
2026-05-29,2026-05-28,2026,147,201,34,22,.607,1.5,+6.5,2,1,2,False,94,
2026-05-29,2026-05-28,2026,141,201,28,29,.491,8.0,-,3,3,6,False,87,
2026-05-29,2026-05-28,2026,110,201,26,31,.456,10.0,2.0,4,6,9,False,85,
2026-05-29,2026-05-28,2026,111,201,23,32,.418,12.0,4.0,5,9,12,False,84,
2026-05-29,2026-05-28,2026,114,202,33,25,.569,-,-,1,,3,False,-,90
2026-05-29,2026-05-28,2026,145,202,29,27,.518,3.0,+1.5,2,2,4,False,90,
2026-05-29,2026-05-28,2026,142,202,27,30,.474,5.5,1.0,3,5,8,False,87,
2026-05-29,2026-05-28,2026,118,202,22,34,.393,10.0,5.5,4,10,13,False,84,
2026-05-29,2026-05-28,2026,116,202,22,35,.386,10.5,6.0,5,12,15,False,82,
2026-05-29,2026-05-28,2026,136,200,28,29,.491,-,-,1,,5,False,-,92
2026-05-29,2026-05-28,2026,133,200,27,29,.482,0.5,0.5,2,4,7,False,92,
2026-05-29,2026-05-28,2026,117,200,26,32,.448,2.5,2.5,3,7,10,False,89,
2026-05-29,2026-05-28,2026,140,200,25,31,.446,2.5,2.5,4,8,11,False,90,
2026-05-29,2026-05-28,2026,108,200,22,35,.386,6.0,6.0,5,11,14,False,86,
2026-05-29,2026-05-28,2026,144,204,38,19,.667,-,-,1,,1,False,-,88
2026-05-29,2026-05-28,2026,143,204,29,27,.518,8.5,1.5,2,6,9,False,88,
2026-05-29,2026-05-28,2026,120,204,29,28,.509,9.0,2.0,3,8,11,False,87,
2026-05-29,2026-05-28,2026,146,204,26,31,.456,12.0,5.0,4,9,12,False,85,
2026-05-29,2026-05-28,2026,121,204,23,33,.411,14.5,7.5,5,10,13,False,82,
2026-05-29,2026-05-28,2026,158,205,33,20,.623,-,-,1,,3,False,-,88
2026-05-29,2026-05-28,2026,112,205,31,26,.544,4.0,-,2,3,6,False,88,
2026-05-29,2026-05-28,2026,138,205,29,25,.537,4.5,0.5,3,4,7,False,89,
2026-05-29,2026-05-28,2026,113,205,29,26,.527,5.0,1.0,4,5,8,False,88,
2026-05-29,2026-05-28,2026,134,205,29,28,.509,6.0,2.0,5,7,10,False,86,
2026-05-29,2026-05-28,2026,119,203,36,20,.643,-,-,1,,2,False,-,94
2026-05-29,2026-05-28,2026,109,203,31,24,.564,4.5,+1.0,2,1,4,False,94,
2026-05-29,2026-05-28,2026,135,203,31,24,.564,4.5,+1.0,3,2,5,False,94,
2026-05-29,2026-05-28,2026,137,203,22,34,.393,14.0,8.5,4,11,14,False,84,
2026-05-29,2026-05-28,2026,115,203,20,37,.351,16.5,11.0,5,12,15,False,81,
2026-05-30,2026-05-29,2026,139,201,35,19,.648,-,-,1,,1,False,-,93
2026-05-30,2026-05-29,2026,147,201,35,22,.614,1.5,+6.5,2,1,2,False,93,
2026-05-30,2026-05-29,2026,141,201,29,29,.500,8.0,-,3,3,6,False,86,
2026-05-30,2026-05-29,2026,110,201,26,32,.448,11.0,3.0,4,7,10,False,83,
2026-05-30,2026-05-29,2026,111,201,23,33,.411,13.0,5.0,5,9,12,False,82,
2026-05-30,2026-05-29,2026,114,202,34,25,.576,-,-,1,,3,False,-,90
2026-05-30,2026-05-29,2026,145,202,30,27,.526,3.0,+1.5,2,2,4,False,90,
2026-05-30,2026-05-29,2026,142,202,27,31,.466,6.5,2.0,3,5,8,False,86,
2026-05-30,2026-05-29,2026,118,202,22,35,.386,11.0,6.5,4,10,13,False,82,
2026-05-30,2026-05-29,2026,116,202,22,36,.379,11.5,7.0,5,12,15,False,81,
2026-05-30,2026-05-29,2026,136,200,29,29,.500,-,-,1,,5,False,-,91
2026-05-30,2026-05-29,2026,133,200,27,30,.474,1.5,1.5,2,4,7,False,91,
2026-05-30,2026-05-29,2026,140,200,26,31,.456,2.5,2.5,3,6,9,False,90,
2026-05-30,2026-05-29,2026,117,200,26,33,.441,3.5,3.5,4,8,11,False,88,
2026-05-30,2026-05-29,2026,108,200,22,36,.379,7.0,7.0,5,11,14,False,85,
2026-05-30,2026-05-29,2026,144,204,39,19,.672,-,-,1,,1,False,-,87
2026-05-30,2026-05-29,2026,143,204,29,28,.509,9.5,2.0,2,7,10,False,87,
2026-05-30,2026-05-29,2026,120,204,29,29,.500,10.0,2.5,3,8,11,False,86,
2026-05-30,2026-05-29,2026,146,204,26,32,.448,13.0,5.5,4,9,12,False,83,
2026-05-30,2026-05-29,2026,121,204,24,33,.421,14.5,7.0,5,10,13,False,82,
2026-05-30,2026-05-29,2026,158,205,34,20,.630,-,-,1,,3,False,-,88
2026-05-30,2026-05-29,2026,138,205,30,25,.545,4.5,-,2,3,6,False,88,
2026-05-30,2026-05-29,2026,112,205,31,27,.534,5.0,0.5,3,4,7,False,86,
2026-05-30,2026-05-29,2026,113,205,29,27,.518,6.0,1.5,4,5,8,False,86,
2026-05-30,2026-05-29,2026,134,205,30,28,.517,6.0,1.5,5,6,9,False,85,
2026-05-30,2026-05-29,2026,119,203,37,20,.649,-,-,1,,2,False,-,94
2026-05-30,2026-05-29,2026,135,203,32,24,.571,4.5,+1.5,2,1,4,False,94,
2026-05-30,2026-05-29,2026,109,203,31,25,.554,5.5,+0.5,3,2,5,False,93,
2026-05-30,2026-05-29,2026,137,203,22,35,.386,15.0,9.0,4,11,14,False,83,
2026-05-30,2026-05-29,2026,115,203,21,37,.362,16.5,10.5,5,12,15,False,81,
2026-05-31,2026-05-30,2026,139,201,35,20,.636,-,-,1,,1,False,-,92
2026-05-31,2026-05-30,2026,147,201,35,23,.603,1.5,+6.5,2,1,2,False,92,
2026-05-31,2026-05-30,2026,141,201,29,30,.492,8.0,-,3,3,6,False,85,
2026-05-31,2026-05-30,2026,110,201,27,32,.458,10.0,2.0,4,6,9,False,83,
2026-05-31,2026-05-30,2026,111,201,24,33,.421,12.0,4.0,5,9,12,False,82,
2026-05-31,2026-05-30,2026,114,202,34,26,.567,-,-,1,,3,False,-,90
2026-05-31,2026-05-30,2026,145,202,31,27,.534,2.0,+2.5,2,2,4,False,90,
2026-05-31,2026-05-30,2026,142,202,27,32,.458,6.5,2.0,3,7,10,False,85,
2026-05-31,2026-05-30,2026,118,202,22,36,.379,11.0,6.5,4,11,14,False,81,
2026-05-31,2026-05-30,2026,116,202,22,37,.373,11.5,7.0,5,12,15,False,80,
2026-05-31,2026-05-30,2026,136,200,30,29,.508,-,-,1,,5,False,-,90
2026-05-31,2026-05-30,2026,133,200,28,30,.483,1.5,0.5,2,4,7,False,90,
2026-05-31,2026-05-30,2026,140,200,27,31,.466,2.5,1.5,3,5,8,False,89,
2026-05-31,2026-05-30,2026,117,200,27,33,.450,3.5,2.5,4,8,11,False,87,
2026-05-31,2026-05-30,2026,108,200,23,36,.390,7.0,6.0,5,10,13,False,84,
2026-05-31,2026-05-30,2026,144,204,40,19,.678,-,-,1,,1,False,-,87
2026-05-31,2026-05-30,2026,143,204,30,28,.517,9.5,1.5,2,6,9,False,87,
2026-05-31,2026-05-30,2026,120,204,30,29,.508,10.0,2.0,3,8,11,False,86,
2026-05-31,2026-05-30,2026,146,204,26,33,.441,14.0,6.0,4,9,12,False,82,
2026-05-31,2026-05-30,2026,121,204,25,33,.431,14.5,6.5,5,10,13,False,82,
2026-05-31,2026-05-30,2026,158,205,34,21,.618,-,-,1,,3,False,-,86
2026-05-31,2026-05-30,2026,112,205,32,27,.542,4.0,-,2,3,6,False,86,
2026-05-31,2026-05-30,2026,138,205,30,26,.536,4.5,0.5,3,4,7,False,87,
2026-05-31,2026-05-30,2026,134,205,31,28,.525,5.0,1.0,4,5,8,False,85,
2026-05-31,2026-05-30,2026,113,205,29,28,.509,6.0,2.0,5,7,10,False,85,
2026-05-31,2026-05-30,2026,119,203,37,21,.638,-,-,1,,2,False,-,93
2026-05-31,2026-05-30,2026,135,203,32,25,.561,4.5,+1.0,2,1,4,False,93,
2026-05-31,2026-05-30,2026,109,203,31,26,.544,5.5,-,3,2,5,False,92,
2026-05-31,2026-05-30,2026,137,203,22,36,.379,15.0,9.5,4,11,14,False,82,
2026-05-31,2026-05-30,2026,115,203,22,37,.373,15.5,10.0,5,12,15,False,81,
2026-06-01,2026-05-31,2026,139,201,36,20,.643,-,-,1,,1,False,-,91
2026-06-01,2026-05-31,2026,147,201,36,23,.610,1.5,+7.5,2,1,2,False,91,
2026-06-01,2026-05-31,2026,141,201,29,31,.483,9.0,-,3,3,6,False,83,
2026-06-01,2026-05-31,2026,110,201,28,32,.467,10.0,1.0,4,6,9,False,83,
2026-06-01,2026-05-31,2026,111,201,25,33,.431,12.0,3.0,5,9,12,False,81,
2026-06-01,2026-05-31,2026,114,202,34,27,.557,-,-,1,,3,False,-,90
2026-06-01,2026-05-31,2026,145,202,32,27,.542,1.0,+3.5,2,2,4,False,90,
2026-06-01,2026-05-31,2026,142,202,27,33,.450,6.5,2.0,3,7,10,False,84,
2026-06-01,2026-05-31,2026,118,202,22,37,.373,11.0,6.5,4,11,14,False,80,
2026-06-01,2026-05-31,2026,116,202,22,38,.367,11.5,7.0,5,12,15,False,79,
2026-06-01,2026-05-31,2026,136,200,31,29,.517,-,-,1,,5,False,-,88
2026-06-01,2026-05-31,2026,133,200,28,31,.475,2.5,0.5,2,4,7,False,88,
2026-06-01,2026-05-31,2026,140,200,28,31,.475,2.5,0.5,3,5,8,False,88,
2026-06-01,2026-05-31,2026,117,200,27,34,.443,4.5,2.5,4,8,11,False,85,
2026-06-01,2026-05-31,2026,108,200,23,37,.383,8.0,6.0,5,10,13,False,82,
2026-06-01,2026-05-31,2026,144,204,40,20,.667,-,-,1,,1,False,-,85
2026-06-01,2026-05-31,2026,120,204,31,29,.517,9.0,1.0,2,7,10,False,85,
2026-06-01,2026-05-31,2026,143,204,30,29,.508,9.5,1.5,3,8,11,False,85,
2026-06-01,2026-05-31,2026,121,204,26,33,.441,13.5,5.5,4,9,12,False,82,
2026-06-01,2026-05-31,2026,146,204,26,34,.433,14.0,6.0,5,10,13,False,81,
2026-06-01,2026-05-31,2026,158,205,35,21,.625,-,-,1,,3,False,-,87
2026-06-01,2026-05-31,2026,138,205,31,26,.544,4.5,+0.5,2,2,5,False,87,
2026-06-01,2026-05-31,2026,134,205,32,28,.533,5.0,-,3,4,7,False,85,
2026-06-01,2026-05-31,2026,112,205,32,28,.533,5.0,-,4,5,8,False,84,
2026-06-01,2026-05-31,2026,113,205,30,28,.517,6.0,1.0,5,6,9,False,84,
2026-06-01,2026-05-31,2026,119,203,38,21,.644,-,-,1,,2,False,-,91
2026-06-01,2026-05-31,2026,135,203,32,26,.552,5.5,+1.0,2,1,4,False,91,
2026-06-01,2026-05-31,2026,109,203,31,27,.534,6.5,-,3,3,6,False,90,
2026-06-01,2026-05-31,2026,137,203,23,36,.390,15.0,8.5,4,11,14,False,81,
2026-06-01,2026-05-31,2026,115,203,22,38,.367,16.5,10.0,5,12,15,False,80,
2026-06-02,2026-06-01,2026,139,201,36,21,.632,-,-,1,,1,False,-,91
2026-06-02,2026-06-01,2026,147,201,36,23,.610,1.0,+7.5,2,1,2,False,91,
2026-06-02,2026-06-01,2026,141,201,29,31,.483,8.5,-,3,3,6,False,83,
2026-06-02,2026-06-01,2026,110,201,28,32,.467,9.5,1.0,4,6,9,False,83,
2026-06-02,2026-06-01,2026,111,201,25,33,.431,11.5,3.0,5,9,12,False,81,
2026-06-02,2026-06-01,2026,114,202,34,27,.557,-,-,1,,3,False,-,89
2026-06-02,2026-06-01,2026,145,202,32,28,.533,1.5,+3.0,2,2,4,False,89,
2026-06-02,2026-06-01,2026,142,202,28,33,.459,6.0,1.5,3,7,10,False,84,
2026-06-02,2026-06-01,2026,118,202,23,37,.383,10.5,6.0,4,10,13,False,80,
2026-06-02,2026-06-01,2026,116,202,23,38,.377,11.0,6.5,5,12,15,False,79,
2026-06-02,2026-06-01,2026,136,200,32,29,.525,-,-,1,,5,False,-,88
2026-06-02,2026-06-01,2026,140,200,29,31,.483,2.5,-,2,4,7,False,88,
2026-06-02,2026-06-01,2026,133,200,28,31,.475,3.0,0.5,3,5,8,False,88,
2026-06-02,2026-06-01,2026,117,200,27,34,.443,5.0,2.5,4,8,11,False,85,
2026-06-02,2026-06-01,2026,108,200,23,38,.377,9.0,6.5,5,11,14,False,81,
2026-06-02,2026-06-01,2026,144,204,40,20,.667,-,-,1,,1,False,-,85
2026-06-02,2026-06-01,2026,143,204,30,29,.508,9.5,1.5,2,7,10,False,85,
2026-06-02,2026-06-01,2026,120,204,31,30,.508,9.5,1.5,3,8,11,False,84,
2026-06-02,2026-06-01,2026,146,204,27,34,.443,13.5,5.5,4,9,12,False,81,
2026-06-02,2026-06-01,2026,121,204,26,34,.433,14.0,6.0,5,10,13,False,81,
2026-06-02,2026-06-01,2026,158,205,36,21,.632,-,-,1,,3,False,-,85
2026-06-02,2026-06-01,2026,138,205,31,27,.534,5.5,-,2,3,6,False,85,
2026-06-02,2026-06-01,2026,134,205,32,28,.533,5.5,-,3,4,7,False,84,
2026-06-02,2026-06-01,2026,112,205,32,28,.533,5.5,-,4,5,8,False,84,
2026-06-02,2026-06-01,2026,113,205,30,29,.508,7.0,1.5,5,6,9,False,83,
2026-06-02,2026-06-01,2026,119,203,38,22,.633,-,-,1,,2,False,-,91
2026-06-02,2026-06-01,2026,135,203,32,26,.552,5.0,+1.0,2,1,4,False,91,
2026-06-02,2026-06-01,2026,109,203,32,27,.542,5.5,+0.5,3,2,5,False,90,
2026-06-02,2026-06-01,2026,137,203,23,37,.383,15.0,9.0,4,11,14,False,80,
2026-06-02,2026-06-01,2026,115,203,23,38,.377,15.5,9.5,5,12,15,False,79,
2026-06-03,2026-06-02,2026,139,201,36,22,.621,-,-,1,,1,False,-,90
2026-06-03,2026-06-02,2026,147,201,36,24,.600,1.0,+6.5,2,1,2,False,90,
2026-06-03,2026-06-02,2026,110,201,29,32,.475,8.5,1.0,3,5,8,False,83,
2026-06-03,2026-06-02,2026,141,201,29,32,.475,8.5,1.0,4,6,9,False,82,
2026-06-03,2026-06-02,2026,111,201,25,34,.424,11.5,4.0,5,9,12,False,80,
2026-06-03,2026-06-02,2026,114,202,35,27,.565,-,-,1,,3,False,-,87
2026-06-03,2026-06-02,2026,145,202,32,29,.525,2.5,+2.0,2,2,5,False,87,
2026-06-03,2026-06-02,2026,142,202,29,33,.468,6.0,1.5,3,7,10,False,83,
2026-06-03,2026-06-02,2026,116,202,24,38,.387,11.0,6.5,4,10,13,False,78,
2026-06-03,2026-06-02,2026,118,202,23,38,.377,11.5,7.0,5,11,14,False,79,
2026-06-03,2026-06-02,2026,136,200,33,29,.532,-,-,1,,4,False,-,87
2026-06-03,2026-06-02,2026,140,200,30,31,.492,2.5,-,2,3,6,False,87,
2026-06-03,2026-06-02,2026,133,200,29,31,.483,3.0,0.5,3,4,7,False,87,
2026-06-03,2026-06-02,2026,117,200,27,35,.435,6.0,3.5,4,8,11,False,83,
2026-06-03,2026-06-02,2026,108,200,23,39,.371,10.0,7.5,5,12,15,False,79,
2026-06-03,2026-06-02,2026,144,204,41,20,.672,-,-,1,,1,False,-,85
2026-06-03,2026-06-02,2026,143,204,31,29,.517,9.5,1.0,2,7,10,False,85,
2026-06-03,2026-06-02,2026,120,204,31,31,.500,10.5,2.0,3,8,11,False,83,
2026-06-03,2026-06-02,2026,146,204,28,34,.452,13.5,5.0,4,9,12,False,80,
2026-06-03,2026-06-02,2026,121,204,26,35,.426,15.0,6.5,5,10,13,False,79,
2026-06-03,2026-06-02,2026,158,205,37,21,.638,-,-,1,,3,False,-,84
2026-06-03,2026-06-02,2026,134,205,33,28,.541,5.5,+0.5,2,2,5,False,84,
2026-06-03,2026-06-02,2026,138,205,31,28,.525,6.5,0.5,3,4,7,False,84,
2026-06-03,2026-06-02,2026,112,205,32,29,.525,6.5,0.5,4,5,8,False,83,
2026-06-03,2026-06-02,2026,113,205,31,29,.517,7.0,1.0,5,6,9,False,83,
2026-06-03,2026-06-02,2026,119,203,39,22,.639,-,-,1,,2,False,-,90
2026-06-03,2026-06-02,2026,135,203,32,27,.542,6.0,+0.5,2,1,4,False,90,
2026-06-03,2026-06-02,2026,109,203,32,28,.533,6.5,-,3,3,6,False,89,
2026-06-03,2026-06-02,2026,115,203,24,38,.387,15.5,9.0,4,11,14,False,79,
2026-06-03,2026-06-02,2026,137,203,23,38,.377,16.0,9.5,5,12,15,False,79,
2026-06-04,2026-06-03,2026,139,201,36,23,.610,-,-,1,,1,False,-,89
2026-06-04,2026-06-03,2026,147,201,36,25,.590,1.0,+6.0,2,1,2,False,89,
2026-06-04,2026-06-03,2026,141,201,29,33,.468,8.5,1.5,3,5,8,False,81,
2026-06-04,2026-06-03,2026,110,201,29,33,.468,8.5,1.5,4,6,9,False,82,
2026-06-04,2026-06-03,2026,111,201,26,34,.433,10.5,3.5,5,9,12,False,80,
2026-06-04,2026-06-03,2026,114,202,36,27,.571,-,-,1,,3,False,-,87
2026-06-04,2026-06-03,2026,145,202,33,29,.532,2.5,+2.5,2,2,4,False,87,
2026-06-04,2026-06-03,2026,142,202,29,34,.460,7.0,2.0,3,7,10,False,82,
2026-06-04,2026-06-03,2026,116,202,25,38,.397,11.0,6.0,4,10,13,False,78,
2026-06-04,2026-06-03,2026,118,202,24,38,.387,11.5,6.5,5,11,14,False,78,
2026-06-04,2026-06-03,2026,136,200,33,30,.524,-,-,1,,5,False,-,87
2026-06-04,2026-06-03,2026,133,200,30,31,.492,2.0,-,2,3,6,False,87,
2026-06-04,2026-06-03,2026,140,200,30,32,.484,2.5,0.5,3,4,7,False,86,
2026-06-04,2026-06-03,2026,117,200,28,35,.444,5.0,3.0,4,8,11,False,83,
2026-06-04,2026-06-03,2026,108,200,24,39,.381,9.0,7.0,5,12,15,False,79,
2026-06-04,2026-06-03,2026,144,204,42,20,.677,-,-,1,,1,False,-,84
2026-06-04,2026-06-03,2026,143,204,32,29,.525,9.5,0.5,2,5,8,False,84,
2026-06-04,2026-06-03,2026,120,204,31,32,.492,11.5,2.5,3,8,11,False,81,
2026-06-04,2026-06-03,2026,146,204,29,34,.460,13.5,4.5,4,9,12,False,80,
2026-06-04,2026-06-03,2026,121,204,27,35,.435,15.0,6.0,5,10,13,False,79,
2026-06-04,2026-06-03,2026,158,205,37,22,.627,-,-,1,,3,False,-,84
2026-06-04,2026-06-03,2026,138,205,32,28,.533,5.5,-,2,2,5,False,84,
2026-06-04,2026-06-03,2026,134,205,33,29,.532,5.5,-,3,3,6,False,83,
2026-06-04,2026-06-03,2026,112,205,32,30,.516,6.5,1.0,4,6,9,False,81,
2026-06-04,2026-06-03,2026,113,205,31,30,.508,7.0,1.5,5,7,10,False,81,
2026-06-04,2026-06-03,2026,119,203,40,22,.645,-,-,1,,2,False,-,89
2026-06-04,2026-06-03,2026,135,203,32,28,.533,7.0,-,2,1,4,False,89,
2026-06-04,2026-06-03,2026,109,203,32,29,.525,7.5,0.5,3,4,7,False,88,
2026-06-04,2026-06-03,2026,137,203,24,38,.387,16.0,9.0,4,11,14,False,79,
2026-06-04,2026-06-03,2026,115,203,24,39,.381,16.5,9.5,5,12,15,False,78,
2026-06-05,2026-06-04,2026,139,201,36,23,.610,-,-,1,,1,False,-,89
2026-06-05,2026-06-04,2026,147,201,37,25,.597,0.5,+7.0,2,1,2,False,89,
2026-06-05,2026-06-04,2026,110,201,30,33,.476,8.0,0.5,3,5,8,False,81,
2026-06-05,2026-06-04,2026,141,201,30,33,.476,8.0,0.5,4,6,9,False,81,
2026-06-05,2026-06-04,2026,111,201,26,35,.426,11.0,3.5,5,9,12,False,79,
2026-06-05,2026-06-04,2026,114,202,36,28,.563,-,-,1,,3,False,-,87
2026-06-05,2026-06-04,2026,145,202,33,29,.532,2.0,+3.0,2,2,4,False,87,
2026-06-05,2026-06-04,2026,142,202,29,35,.453,7.0,2.0,3,7,10,False,81,
2026-06-05,2026-06-04,2026,116,202,25,38,.397,10.5,5.5,4,10,13,False,78,
2026-06-05,2026-06-04,2026,118,202,25,38,.397,10.5,5.5,5,11,14,False,78,
2026-06-05,2026-06-04,2026,136,200,33,30,.524,-,-,1,,5,False,-,86
2026-06-05,2026-06-04,2026,133,200,30,32,.484,2.5,-,2,3,6,False,86,
2026-06-05,2026-06-04,2026,140,200,30,32,.484,2.5,-,3,4,7,False,86,
2026-06-05,2026-06-04,2026,117,200,28,36,.438,5.5,3.0,4,8,11,False,82,
2026-06-05,2026-06-04,2026,108,200,24,39,.381,9.0,6.5,5,12,15,False,79,
2026-06-05,2026-06-04,2026,144,204,42,21,.667,-,-,1,,1,False,-,84
2026-06-05,2026-06-04,2026,143,204,33,29,.532,8.5,-,2,4,7,False,84,
2026-06-05,2026-06-04,2026,120,204,31,32,.492,11.0,2.5,3,8,11,False,81,
2026-06-05,2026-06-04,2026,146,204,29,34,.460,13.0,4.5,4,9,12,False,79,
2026-06-05,2026-06-04,2026,121,204,27,35,.435,14.5,6.0,5,10,13,False,78,
2026-06-05,2026-06-04,2026,158,205,37,23,.617,-,-,1,,3,False,-,82
2026-06-05,2026-06-04,2026,134,205,34,29,.540,4.5,+0.5,2,1,4,False,82,
2026-06-05,2026-06-04,2026,138,205,32,28,.533,5.0,-,3,2,5,False,83,
2026-06-05,2026-06-04,2026,112,205,33,30,.524,5.5,0.5,4,6,9,False,81,
2026-06-05,2026-06-04,2026,113,205,31,30,.508,6.5,1.5,5,7,10,False,81,
2026-06-05,2026-06-04,2026,119,203,40,23,.635,-,-,1,,2,False,-,88
2026-06-05,2026-06-04,2026,109,203,33,29,.532,6.5,-,2,3,6,False,88,
2026-06-05,2026-06-04,2026,135,203,32,29,.525,7.0,0.5,3,5,8,False,88,
2026-06-05,2026-06-04,2026,137,203,25,38,.397,15.0,8.5,4,11,14,False,79,
2026-06-05,2026-06-04,2026,115,203,24,39,.381,16.0,9.5,5,12,15,False,78,
2026-06-06,2026-06-05,2026,139,201,37,23,.617,-,-,1,,1,False,-,88
2026-06-06,2026-06-05,2026,147,201,37,26,.587,1.5,+6.0,2,1,2,False,88,
2026-06-06,2026-06-05,2026,110,201,31,33,.484,8.0,0.5,3,4,7,False,81,
2026-06-06,2026-06-05,2026,141,201,30,34,.469,9.0,1.5,4,6,9,False,80,
2026-06-06,2026-06-05,2026,111,201,27,35,.435,11.0,3.5,5,9,12,False,79,
2026-06-06,2026-06-05,2026,114,202,36,29,.554,-,-,1,,3,False,-,86
2026-06-06,2026-06-05,2026,145,202,33,30,.524,2.0,+2.0,2,2,4,False,86,
2026-06-06,2026-06-05,2026,142,202,30,35,.462,6.0,2.0,3,7,10,False,81,
2026-06-06,2026-06-05,2026,116,202,26,38,.406,9.5,5.5,4,10,13,False,78,
2026-06-06,2026-06-05,2026,118,202,25,39,.391,10.5,6.5,5,11,14,False,77,
2026-06-06,2026-06-05,2026,136,200,33,31,.516,-,-,1,,5,False,-,85
2026-06-06,2026-06-05,2026,140,200,31,32,.492,1.5,-,2,3,6,False,85,
2026-06-06,2026-06-05,2026,133,200,30,33,.476,2.5,1.0,3,5,8,False,84,
2026-06-06,2026-06-05,2026,117,200,29,36,.446,4.5,3.0,4,8,11,False,81,
2026-06-06,2026-06-05,2026,108,200,24,40,.375,9.0,7.5,5,12,15,False,78,
2026-06-06,2026-06-05,2026,144,204,43,21,.672,-,-,1,,1,False,-,83
2026-06-06,2026-06-05,2026,143,204,34,29,.540,8.5,+0.5,2,2,5,False,83,
2026-06-06,2026-06-05,2026,120,204,32,32,.500,11.0,2.0,3,7,10,False,80,
2026-06-06,2026-06-05,2026,146,204,29,35,.453,14.0,5.0,4,9,12,False,78,
2026-06-06,2026-06-05,2026,121,204,28,35,.444,14.5,5.5,5,10,13,False,78,
2026-06-06,2026-06-05,2026,158,205,38,23,.623,-,-,1,,3,False,-,83
2026-06-06,2026-06-05,2026,138,205,33,28,.541,5.0,+0.5,2,1,4,False,83,
2026-06-06,2026-06-05,2026,134,205,34,30,.531,5.5,-,3,3,6,False,81,
2026-06-06,2026-06-05,2026,112,205,33,31,.516,6.5,1.0,4,6,9,False,80,
2026-06-06,2026-06-05,2026,113,205,31,31,.500,7.5,2.0,5,8,11,False,80,
2026-06-06,2026-06-05,2026,119,203,41,23,.641,-,-,1,,2,False,-,86
2026-06-06,2026-06-05,2026,109,203,33,30,.524,7.5,0.5,2,4,7,False,86,
2026-06-06,2026-06-05,2026,135,203,32,30,.516,8.0,1.0,3,5,8,False,86,
2026-06-06,2026-06-05,2026,137,203,26,38,.406,15.0,8.0,4,11,14,False,78,
2026-06-06,2026-06-05,2026,115,203,24,40,.375,17.0,10.0,5,12,15,False,76,
2026-06-07,2026-06-06,2026,139,201,37,24,.607,-,-,1,,1,False,-,88
2026-06-07,2026-06-06,2026,147,201,37,26,.587,1.0,+6.5,2,1,2,False,88,
2026-06-07,2026-06-06,2026,110,201,31,34,.477,8.0,0.5,3,4,7,False,80,
2026-06-07,2026-06-06,2026,141,201,31,34,.477,8.0,0.5,4,5,8,False,80,
2026-06-07,2026-06-06,2026,111,201,27,35,.435,10.5,3.0,5,9,12,False,79,
2026-06-07,2026-06-06,2026,114,202,37,29,.561,-,-,1,,3,False,-,85
2026-06-07,2026-06-06,2026,145,202,34,30,.531,2.0,+3.0,2,2,4,False,85,
2026-06-07,2026-06-06,2026,142,202,30,36,.455,7.0,2.0,3,7,10,False,79,
2026-06-07,2026-06-06,2026,116,202,26,39,.400,10.5,5.5,4,10,13,False,76,
2026-06-07,2026-06-06,2026,118,202,26,39,.400,10.5,5.5,5,11,14,False,76,
2026-06-07,2026-06-06,2026,136,200,34,31,.523,-,-,1,,5,False,-,84
2026-06-07,2026-06-06,2026,140,200,31,33,.484,2.5,-,2,3,6,False,84,
2026-06-07,2026-06-06,2026,133,200,30,34,.469,3.5,1.0,3,6,9,False,83,
2026-06-07,2026-06-06,2026,117,200,30,36,.455,4.5,2.0,4,8,11,False,81,
2026-06-07,2026-06-06,2026,108,200,24,41,.369,10.0,7.5,5,12,15,False,76,
2026-06-07,2026-06-06,2026,144,204,44,21,.677,-,-,1,,1,False,-,82
2026-06-07,2026-06-06,2026,143,204,34,30,.531,9.5,+0.5,2,2,5,False,82,
2026-06-07,2026-06-06,2026,120,204,33,32,.508,11.0,1.0,3,7,10,False,80,
2026-06-07,2026-06-06,2026,146,204,30,35,.462,14.0,4.0,4,9,12,False,77,
2026-06-07,2026-06-06,2026,121,204,28,36,.438,15.5,5.5,5,10,13,False,76,
2026-06-07,2026-06-06,2026,158,205,39,23,.629,-,-,1,,3,False,-,83
2026-06-07,2026-06-06,2026,138,205,34,28,.548,5.0,+1.5,2,1,4,False,83,
2026-06-07,2026-06-06,2026,134,205,34,31,.523,6.5,-,3,4,7,False,80,
2026-06-07,2026-06-06,2026,112,205,34,31,.523,6.5,-,4,5,8,False,79,
2026-06-07,2026-06-06,2026,113,205,31,32,.492,8.5,2.0,5,8,11,False,78,
2026-06-07,2026-06-06,2026,119,203,42,23,.646,-,-,1,,2,False,-,86
2026-06-07,2026-06-06,2026,135,203,33,30,.524,8.0,-,2,3,6,False,86,
2026-06-07,2026-06-06,2026,109,203,33,31,.516,8.5,0.5,3,6,9,False,85,
2026-06-07,2026-06-06,2026,137,203,26,39,.400,16.0,8.0,4,11,14,False,77,
2026-06-07,2026-06-06,2026,115,203,24,41,.369,18.0,10.0,5,12,15,False,75,
2026-06-08,2026-06-07,2026,139,201,37,25,.597,-,-,1,,1,False,-,88
2026-06-08,2026-06-07,2026,147,201,38,26,.594,-,+6.5,2,1,2,False,88,
2026-06-08,2026-06-07,2026,141,201,32,34,.485,7.0,0.5,3,4,7,False,80,
2026-06-08,2026-06-07,2026,110,201,31,35,.470,8.0,1.5,4,6,9,False,79,
2026-06-08,2026-06-07,2026,111,201,27,36,.429,10.5,4.0,5,9,12,False,78,
2026-06-08,2026-06-07,2026,114,202,37,30,.552,-,-,1,,3,False,-,84
2026-06-08,2026-06-07,2026,145,202,34,31,.523,2.0,+2.0,2,2,4,False,84,
2026-06-08,2026-06-07,2026,142,202,30,37,.448,7.0,3.0,3,7,10,False,78,
2026-06-08,2026-06-07,2026,116,202,27,39,.409,9.5,5.5,4,10,13,False,76,
2026-06-08,2026-06-07,2026,118,202,27,39,.409,9.5,5.5,5,11,14,False,76,
2026-06-08,2026-06-07,2026,136,200,34,32,.515,-,-,1,,5,False,-,84
2026-06-08,2026-06-07,2026,140,200,32,33,.492,1.5,-,2,3,6,False,84,
2026-06-08,2026-06-07,2026,133,200,31,34,.477,2.5,1.0,3,5,8,False,83,
2026-06-08,2026-06-07,2026,117,200,30,37,.448,4.5,3.0,4,8,11,False,80,
2026-06-08,2026-06-07,2026,108,200,25,41,.379,9.0,7.5,5,12,15,False,76,
2026-06-08,2026-06-07,2026,144,204,45,21,.682,-,-,1,,1,False,-,81
2026-06-08,2026-06-07,2026,143,204,35,30,.538,9.5,+1.0,2,2,5,False,81,
2026-06-08,2026-06-07,2026,120,204,33,33,.500,12.0,1.5,3,7,10,False,78,
2026-06-08,2026-06-07,2026,146,204,31,35,.470,14.0,3.5,4,9,12,False,76,
2026-06-08,2026-06-07,2026,121,204,29,36,.446,15.5,5.0,5,10,13,False,75,
2026-06-08,2026-06-07,2026,158,205,40,23,.635,-,-,1,,3,False,-,82
2026-06-08,2026-06-07,2026,138,205,35,28,.556,5.0,+2.0,2,1,4,False,82,
2026-06-08,2026-06-07,2026,134,205,34,32,.515,7.5,0.5,3,5,8,False,78,
2026-06-08,2026-06-07,2026,112,205,34,32,.515,7.5,0.5,4,6,9,False,78,
2026-06-08,2026-06-07,2026,113,205,31,33,.484,9.5,2.5,5,8,11,False,77,
2026-06-08,2026-06-07,2026,119,203,42,24,.636,-,-,1,,2,False,-,84
2026-06-08,2026-06-07,2026,109,203,34,31,.523,7.5,-,2,3,6,False,84,
2026-06-08,2026-06-07,2026,135,203,33,31,.516,8.0,0.5,3,4,7,False,84,
2026-06-08,2026-06-07,2026,137,203,27,39,.409,15.0,7.5,4,11,14,False,76,
2026-06-08,2026-06-07,2026,115,203,24,42,.364,18.0,10.5,5,12,15,False,74,
2026-06-09,2026-06-08,2026,139,201,38,25,.603,-,-,1,,1,False,-,88
2026-06-09,2026-06-08,2026,147,201,39,26,.600,-,+7.0,2,1,2,False,88,
2026-06-09,2026-06-08,2026,141,201,32,35,.478,8.0,1.0,3,4,7,False,79,
2026-06-09,2026-06-08,2026,110,201,31,36,.463,9.0,2.0,4,6,9,False,78,
2026-06-09,2026-06-08,2026,111,201,27,37,.422,11.5,4.5,5,9,12,False,77,
2026-06-09,2026-06-08,2026,114,202,37,31,.544,-,-,1,,3,False,-,84
2026-06-09,2026-06-08,2026,145,202,34,31,.523,1.5,+2.0,2,2,4,False,84,
2026-06-09,2026-06-08,2026,142,202,30,37,.448,6.5,3.0,3,8,11,False,78,
2026-06-09,2026-06-08,2026,116,202,27,39,.409,9.0,5.5,4,10,13,False,76,
2026-06-09,2026-06-08,2026,118,202,27,39,.409,9.0,5.5,5,11,14,False,76,
2026-06-09,2026-06-08,2026,136,200,35,32,.522,-,-,1,,5,False,-,84
2026-06-09,2026-06-08,2026,140,200,32,33,.492,2.0,-,2,3,6,False,84,
2026-06-09,2026-06-08,2026,133,200,31,35,.470,3.5,1.5,3,5,8,False,82,
2026-06-09,2026-06-08,2026,117,200,31,37,.456,4.5,2.5,4,7,10,False,80,
2026-06-09,2026-06-08,2026,108,200,25,42,.373,10.0,8.0,5,12,15,False,75,
2026-06-09,2026-06-08,2026,144,204,45,21,.682,-,-,1,,1,False,-,81
2026-06-09,2026-06-08,2026,143,204,36,30,.545,9.0,+1.5,2,2,5,False,81,
2026-06-09,2026-06-08,2026,120,204,34,33,.507,11.5,1.0,3,7,10,False,78,
2026-06-09,2026-06-08,2026,146,204,31,35,.470,14.0,3.5,4,9,12,False,76,
2026-06-09,2026-06-08,2026,121,204,29,36,.446,15.5,5.0,5,10,13,False,75,
2026-06-09,2026-06-08,2026,158,205,41,23,.641,-,-,1,,2,False,-,82
2026-06-09,2026-06-08,2026,138,205,35,28,.556,5.5,+2.0,2,1,4,False,82,
2026-06-09,2026-06-08,2026,134,205,34,32,.515,8.0,0.5,3,5,8,False,78,
2026-06-09,2026-06-08,2026,112,205,34,32,.515,8.0,0.5,4,6,9,False,78,
2026-06-09,2026-06-08,2026,113,205,31,34,.477,10.5,3.0,5,8,11,False,76,
2026-06-09,2026-06-08,2026,119,203,42,24,.636,-,-,1,,3,False,-,84
2026-06-09,2026-06-08,2026,109,203,34,31,.523,7.5,-,2,3,6,False,84,
2026-06-09,2026-06-08,2026,135,203,34,31,.523,7.5,-,3,4,7,False,84,
2026-06-09,2026-06-08,2026,137,203,27,40,.403,15.5,8.0,4,11,14,False,75,
2026-06-09,2026-06-08,2026,115,203,24,42,.364,18.0,10.5,5,12,15,False,73,
2026-06-10,2026-06-09,2026,139,201,39,25,.609,-,-,1,,1,False,-,87
2026-06-10,2026-06-09,2026,147,201,40,26,.606,-,+8.0,2,1,2,False,87,
2026-06-10,2026-06-09,2026,141,201,33,35,.485,8.0,-,3,3,6,False,78,
2026-06-10,2026-06-09,2026,110,201,31,37,.456,10.0,2.0,4,6,9,False,76,
2026-06-10,2026-06-09,2026,111,201,27,38,.415,12.5,4.5,5,11,14,False,75,
2026-06-10,2026-06-09,2026,114,202,37,32,.536,-,-,1,,3,False,-,84
2026-06-10,2026-06-09,2026,145,202,35,31,.530,0.5,+3.0,2,2,4,False,84,
2026-06-10,2026-06-09,2026,142,202,30,38,.441,6.5,3.0,3,8,11,False,77,
2026-06-10,2026-06-09,2026,116,202,28,39,.418,8.0,4.5,4,9,12,False,76,
2026-06-10,2026-06-09,2026,118,202,28,39,.418,8.0,4.5,5,10,13,False,76,
2026-06-10,2026-06-09,2026,136,200,36,32,.529,-,-,1,,5,False,-,82
2026-06-10,2026-06-09,2026,140,200,32,34,.485,3.0,-,2,4,7,False,82,
2026-06-10,2026-06-09,2026,133,200,32,35,.478,3.5,0.5,3,5,8,False,81,
2026-06-10,2026-06-09,2026,117,200,31,38,.449,5.5,2.5,4,7,10,False,78,
2026-06-10,2026-06-09,2026,108,200,26,42,.382,10.0,7.0,5,12,15,False,74,
2026-06-10,2026-06-09,2026,144,204,45,22,.672,-,-,1,,1,False,-,79
2026-06-10,2026-06-09,2026,143,204,36,31,.537,9.0,+1.5,2,2,5,False,79,
2026-06-10,2026-06-09,2026,120,204,35,33,.515,10.5,-,3,5,8,False,77,
2026-06-10,2026-06-09,2026,146,204,32,35,.478,13.0,2.5,4,9,12,False,75,
2026-06-10,2026-06-09,2026,121,204,29,37,.439,15.5,5.0,5,10,13,False,73,
2026-06-10,2026-06-09,2026,158,205,41,24,.631,-,-,1,,3,False,-,82
2026-06-10,2026-06-09,2026,138,205,36,28,.563,4.5,+3.0,2,1,4,False,82,
2026-06-10,2026-06-09,2026,134,205,34,33,.507,8.0,0.5,3,6,9,False,77,
2026-06-10,2026-06-09,2026,112,205,34,33,.507,8.0,0.5,4,7,10,False,77,
2026-06-10,2026-06-09,2026,113,205,32,34,.485,9.5,2.0,5,8,11,False,76,
2026-06-10,2026-06-09,2026,119,203,43,24,.642,-,-,1,,2,False,-,83
2026-06-10,2026-06-09,2026,109,203,34,32,.515,8.5,-,2,3,6,False,83,
2026-06-10,2026-06-09,2026,135,203,34,32,.515,8.5,-,3,4,7,False,83,
2026-06-10,2026-06-09,2026,137,203,27,41,.397,16.5,8.0,4,11,14,False,74,
2026-06-10,2026-06-09,2026,115,203,25,42,.373,18.0,9.5,5,12,15,False,73,
2026-06-11,2026-06-10,2026,139,201,40,25,.615,-,-,1,,1,False,-,87
2026-06-11,2026-06-10,2026,147,201,41,26,.612,-,+8.0,2,1,2,False,87,
2026-06-11,2026-06-10,2026,141,201,33,36,.478,9.0,1.0,3,5,8,False,77,
2026-06-11,2026-06-10,2026,110,201,32,37,.464,10.0,2.0,4,6,9,False,76,
2026-06-11,2026-06-10,2026,111,201,27,39,.409,13.5,5.5,5,11,14,False,74,
2026-06-11,2026-06-10,2026,145,202,36,31,.537,-,-,1,,3,False,-,81
2026-06-11,2026-06-10,2026,114,202,37,33,.529,0.5,+2.5,2,2,4,False,81,
2026-06-11,2026-06-10,2026,142,202,31,38,.449,6.0,3.0,3,7,10,False,77,
2026-06-11,2026-06-10,2026,116,202,28,40,.412,8.5,5.5,4,9,12,False,74,
2026-06-11,2026-06-10,2026,118,202,28,40,.412,8.5,5.5,5,10,13,False,75,
2026-06-11,2026-06-10,2026,136,200,36,33,.522,-,-,1,,5,False,-,82
2026-06-11,2026-06-10,2026,140,200,33,34,.493,2.0,-,2,3,6,False,82,
2026-06-11,2026-06-10,2026,133,200,33,35,.485,2.5,0.5,3,4,7,False,81,
2026-06-11,2026-06-10,2026,117,200,31,39,.443,5.5,3.5,4,8,11,False,77,
2026-06-11,2026-06-10,2026,108,200,27,42,.391,9.0,7.0,5,12,15,False,74,
2026-06-11,2026-06-10,2026,144,204,45,23,.662,-,-,1,,1,False,-,79
2026-06-11,2026-06-10,2026,143,204,37,31,.544,8.0,+1.5,2,2,5,False,79,
2026-06-11,2026-06-10,2026,120,204,35,34,.507,10.5,1.0,3,6,9,False,76,
2026-06-11,2026-06-10,2026,146,204,33,35,.485,12.0,2.5,4,8,11,False,75,
2026-06-11,2026-06-10,2026,121,204,29,38,.433,15.5,6.0,5,10,13,False,72,
2026-06-11,2026-06-10,2026,158,205,41,25,.621,-,-,1,,3,False,-,81
2026-06-11,2026-06-10,2026,138,205,37,28,.569,3.5,+3.0,2,1,4,False,81,
2026-06-11,2026-06-10,2026,134,205,35,33,.515,7.0,0.5,3,4,7,False,76,
2026-06-11,2026-06-10,2026,112,205,34,34,.500,8.0,1.5,4,7,10,False,75,
2026-06-11,2026-06-10,2026,113,205,32,35,.478,9.5,3.0,5,9,12,False,74,
2026-06-11,2026-06-10,2026,119,203,43,25,.632,-,-,1,,2,False,-,82
2026-06-11,2026-06-10,2026,135,203,35,32,.522,7.5,-,2,3,6,False,82,
2026-06-11,2026-06-10,2026,109,203,34,33,.507,8.5,1.0,3,5,8,False,81,
2026-06-11,2026-06-10,2026,137,203,28,41,.406,15.5,8.0,4,11,14,False,73,
2026-06-11,2026-06-10,2026,115,203,26,42,.382,17.0,9.5,5,12,15,False,72,
2026-06-12,2026-06-11,2026,139,201,40,25,.615,-,-,1,,1,False,-,86
2026-06-12,2026-06-11,2026,147,201,41,26,.612,-,+7.5,2,1,2,False,86,
2026-06-12,2026-06-11,2026,141,201,33,36,.478,9.0,1.5,3,5,8,False,77,
2026-06-12,2026-06-11,2026,110,201,33,37,.471,9.5,2.0,4,6,9,False,76,
2026-06-12,2026-06-11,2026,111,201,27,39,.409,13.5,6.0,5,10,13,False,74,
2026-06-12,2026-06-11,2026,145,202,36,31,.537,-,-,1,,3,False,-,81
2026-06-12,2026-06-11,2026,114,202,37,33,.529,0.5,+2.0,2,2,4,False,81,
2026-06-12,2026-06-11,2026,142,202,31,39,.443,6.5,4.0,3,7,10,False,76,
2026-06-12,2026-06-11,2026,116,202,29,40,.420,8.0,5.5,4,9,12,False,74,
2026-06-12,2026-06-11,2026,118,202,28,41,.406,9.0,6.5,5,11,14,False,74,
2026-06-12,2026-06-11,2026,136,200,36,34,.514,-,-,1,,5,False,-,82
2026-06-12,2026-06-11,2026,140,200,34,34,.500,1.0,-,2,3,6,False,82,
2026-06-12,2026-06-11,2026,133,200,33,35,.485,2.0,1.0,3,4,7,False,81,
2026-06-12,2026-06-11,2026,117,200,31,39,.443,5.0,4.0,4,8,11,False,77,
2026-06-12,2026-06-11,2026,108,200,27,42,.391,8.5,7.5,5,12,15,False,74,
2026-06-12,2026-06-11,2026,144,204,45,23,.662,-,-,1,,1,False,-,78
2026-06-12,2026-06-11,2026,143,204,37,31,.544,8.0,+1.5,2,2,5,False,78,
2026-06-12,2026-06-11,2026,120,204,35,34,.507,10.5,1.0,3,4,7,False,75,
2026-06-12,2026-06-11,2026,146,204,34,35,.493,11.5,2.0,4,8,11,False,75,
2026-06-12,2026-06-11,2026,121,204,30,38,.441,15.0,5.5,5,10,13,False,72,
2026-06-12,2026-06-11,2026,158,205,41,25,.621,-,-,1,,3,False,-,80
2026-06-12,2026-06-11,2026,138,205,37,29,.561,4.0,+2.5,2,1,4,False,80,
2026-06-12,2026-06-11,2026,134,205,35,34,.507,7.5,1.0,3,5,8,False,75,
2026-06-12,2026-06-11,2026,112,205,35,34,.507,7.5,1.0,4,6,9,False,75,
2026-06-12,2026-06-11,2026,113,205,32,35,.478,9.5,3.0,5,9,12,False,74,
2026-06-12,2026-06-11,2026,119,203,44,25,.638,-,-,1,,2,False,-,82
2026-06-12,2026-06-11,2026,135,203,35,32,.522,8.0,-,2,3,6,False,82,
2026-06-12,2026-06-11,2026,109,203,34,34,.500,9.5,1.5,3,7,10,False,80,
2026-06-12,2026-06-11,2026,137,203,28,41,.406,16.0,8.0,4,11,14,False,73,
2026-06-12,2026-06-11,2026,115,203,26,43,.377,18.0,10.0,5,12,15,False,71,
2026-06-13,2026-06-12,2026,139,201,40,26,.606,-,-,1,,1,False,-,85
2026-06-13,2026-06-12,2026,147,201,41,27,.603,-,+7.5,2,1,2,False,85,
2026-06-13,2026-06-12,2026,141,201,34,36,.486,8.0,0.5,3,5,8,False,76,
2026-06-13,2026-06-12,2026,110,201,34,37,.479,8.5,1.0,4,6,9,False,75,
2026-06-13,2026-06-12,2026,111,201,28,39,.418,12.5,5.0,5,9,12,False,73,
2026-06-13,2026-06-12,2026,145,202,37,31,.544,-,-,1,,3,False,-,81
2026-06-13,2026-06-12,2026,114,202,38,33,.535,0.5,+3.0,2,2,4,False,81,
2026-06-13,2026-06-12,2026,142,202,32,39,.451,6.5,3.0,3,7,10,False,75,
2026-06-13,2026-06-12,2026,116,202,29,41,.414,9.0,5.5,4,10,13,False,73,
2026-06-13,2026-06-12,2026,118,202,28,42,.400,10.0,6.5,5,11,14,False,72,
2026-06-13,2026-06-12,2026,136,200,37,34,.521,-,-,1,,5,False,-,80
2026-06-13,2026-06-12,2026,133,200,34,35,.493,2.0,-,2,3,6,False,80,
2026-06-13,2026-06-12,2026,140,200,34,35,.493,2.0,-,3,4,7,False,80,
2026-06-13,2026-06-12,2026,117,200,32,39,.451,5.0,3.0,4,8,11,False,76,
2026-06-13,2026-06-12,2026,108,200,28,42,.400,8.5,6.5,5,12,15,False,73,
2026-06-13,2026-06-12,2026,144,204,45,24,.652,-,-,1,,1,False,-,77
2026-06-13,2026-06-12,2026,143,204,37,32,.536,8.0,+1.5,2,2,5,False,77,
2026-06-13,2026-06-12,2026,146,204,35,35,.500,10.5,1.0,3,6,9,False,74,
2026-06-13,2026-06-12,2026,120,204,35,35,.500,10.5,1.0,4,8,11,False,74,
2026-06-13,2026-06-12,2026,121,204,31,38,.449,14.0,4.5,5,10,13,False,71,
2026-06-13,2026-06-12,2026,158,205,42,25,.627,-,-,1,,3,False,-,79
2026-06-13,2026-06-12,2026,138,205,37,30,.552,5.0,+2.5,2,1,4,False,79,
2026-06-13,2026-06-12,2026,112,205,36,34,.514,7.5,-,3,4,7,False,75,
2026-06-13,2026-06-12,2026,134,205,35,35,.500,8.5,1.0,4,7,10,False,74,
2026-06-13,2026-06-12,2026,113,205,32,36,.471,10.5,3.0,5,9,12,False,73,
2026-06-13,2026-06-12,2026,119,203,44,26,.629,-,-,1,,2,False,-,81
2026-06-13,2026-06-12,2026,135,203,35,33,.515,8.0,-,2,3,6,False,81,
2026-06-13,2026-06-12,2026,109,203,35,34,.507,8.5,0.5,3,5,8,False,80,
2026-06-13,2026-06-12,2026,137,203,28,42,.400,16.0,8.0,4,11,14,False,72,
2026-06-13,2026-06-12,2026,115,203,26,44,.371,18.0,10.0,5,12,15,False,70,
2026-06-14,2026-06-13,2026,147,201,42,27,.609,-,-,1,,1,False,-,85
2026-06-14,2026-06-13,2026,139,201,40,27,.597,1.0,+6.5,2,1,2,False,85,
2026-06-14,2026-06-13,2026,141,201,34,37,.479,9.0,1.5,3,5,8,False,75,
2026-06-14,2026-06-13,2026,110,201,34,38,.472,9.5,2.0,4,6,9,False,74,
2026-06-14,2026-06-13,2026,111,201,29,39,.426,12.5,5.0,5,9,12,False,73,
2026-06-14,2026-06-13,2026,114,202,39,33,.542,-,-,1,,3,False,-,82
2026-06-14,2026-06-13,2026,145,202,37,32,.536,0.5,+2.5,2,2,4,False,82,
2026-06-14,2026-06-13,2026,142,202,32,40,.444,7.0,4.0,3,8,11,False,74,
2026-06-14,2026-06-13,2026,116,202,29,42,.408,9.5,6.5,4,11,14,False,72,
2026-06-14,2026-06-13,2026,118,202,28,43,.394,10.5,7.5,5,12,15,False,71,
2026-06-14,2026-06-13,2026,136,200,37,35,.514,-,-,1,,5,False,-,79
2026-06-14,2026-06-13,2026,133,200,35,35,.500,1.0,-,2,3,6,False,79,
2026-06-14,2026-06-13,2026,140,200,34,36,.486,2.0,1.0,3,4,7,False,78,
2026-06-14,2026-06-13,2026,117,200,33,39,.458,4.0,3.0,4,7,10,False,75,
2026-06-14,2026-06-13,2026,108,200,29,42,.408,7.5,6.5,5,10,13,False,72,
2026-06-14,2026-06-13,2026,144,204,46,24,.657,-,-,1,,1,False,-,77
2026-06-14,2026-06-13,2026,143,204,38,32,.543,8.0,+1.5,2,2,5,False,77,
2026-06-14,2026-06-13,2026,120,204,36,35,.507,10.5,1.0,3,6,9,False,74,
2026-06-14,2026-06-13,2026,146,204,35,36,.493,11.5,2.0,4,8,11,False,73,
2026-06-14,2026-06-13,2026,121,204,31,39,.443,15.0,5.5,5,10,13,False,70,
2026-06-14,2026-06-13,2026,158,205,42,26,.618,-,-,1,,3,False,-,78
2026-06-14,2026-06-13,2026,138,205,38,30,.559,4.0,+2.5,2,1,4,False,78,
2026-06-14,2026-06-13,2026,112,205,37,34,.521,6.5,-,3,4,7,False,74,
2026-06-14,2026-06-13,2026,134,205,36,35,.507,7.5,1.0,4,5,8,False,73,
2026-06-14,2026-06-13,2026,113,205,33,36,.478,9.5,3.0,5,9,12,False,72,
2026-06-14,2026-06-13,2026,119,203,45,26,.634,-,-,1,,2,False,-,80
2026-06-14,2026-06-13,2026,135,203,36,33,.522,8.0,-,2,3,6,False,80,
2026-06-14,2026-06-13,2026,109,203,35,35,.500,9.5,1.5,3,7,10,False,79,
2026-06-14,2026-06-13,2026,137,203,28,43,.394,17.0,9.0,4,11,14,False,70,
2026-06-14,2026-06-13,2026,115,203,26,45,.366,19.0,11.0,5,12,15,False,69,
2026-06-15,2026-06-14,2026,147,201,43,27,.614,-,-,1,,1,False,-,85
2026-06-15,2026-06-14,2026,139,201,41,27,.603,1.0,+7.5,2,1,2,False,85,
2026-06-15,2026-06-14,2026,141,201,34,38,.472,10.0,1.5,3,5,8,False,74,
2026-06-15,2026-06-14,2026,110,201,34,39,.466,10.5,2.0,4,6,9,False,73,
2026-06-15,2026-06-14,2026,111,201,29,40,.420,13.5,5.0,5,9,12,False,72,
2026-06-15,2026-06-14,2026,145,202,38,32,.543,-,-,1,,3,False,-,80
2026-06-15,2026-06-14,2026,114,202,39,33,.542,-,+3.5,2,2,4,False,80,
2026-06-15,2026-06-14,2026,142,202,33,40,.452,6.5,3.0,3,7,10,False,74,
2026-06-15,2026-06-14,2026,116,202,29,42,.408,9.5,6.0,4,10,13,False,71,
2026-06-15,2026-06-14,2026,118,202,29,43,.403,10.0,6.5,5,11,14,False,71,
2026-06-15,2026-06-14,2026,136,200,37,36,.507,-,-,1,,5,False,-,78
2026-06-15,2026-06-14,2026,133,200,35,36,.493,1.0,-,2,3,6,False,78,
2026-06-15,2026-06-14,2026,140,200,35,36,.493,1.0,-,3,4,7,False,78,
2026-06-15,2026-06-14,2026,117,200,33,40,.452,4.0,3.0,4,8,11,False,74,
2026-06-15,2026-06-14,2026,108,200,29,43,.403,7.5,6.5,5,12,15,False,71,
2026-06-15,2026-06-14,2026,144,204,46,25,.648,-,-,1,,1,False,-,75
2026-06-15,2026-06-14,2026,143,204,38,33,.535,8.0,+0.5,2,2,5,False,75,
2026-06-15,2026-06-14,2026,120,204,37,35,.514,9.5,1.0,3,4,7,False,73,
2026-06-15,2026-06-14,2026,146,204,36,36,.500,10.5,2.0,4,7,10,False,73,
2026-06-15,2026-06-14,2026,121,204,32,39,.451,14.0,5.5,5,10,13,False,70,
2026-06-15,2026-06-14,2026,158,205,43,26,.623,-,-,1,,3,False,-,77
2026-06-15,2026-06-14,2026,138,205,38,31,.551,5.0,+1.5,2,1,4,False,77,
2026-06-15,2026-06-14,2026,112,205,37,35,.514,7.5,1.0,3,5,8,False,73,
2026-06-15,2026-06-14,2026,134,205,36,36,.500,8.5,2.0,4,8,11,False,72,
2026-06-15,2026-06-14,2026,113,205,33,37,.471,10.5,4.0,5,9,12,False,71,
2026-06-15,2026-06-14,2026,119,203,45,27,.625,-,-,1,,2,False,-,80
2026-06-15,2026-06-14,2026,135,203,37,33,.529,7.0,-,2,3,6,False,80,
2026-06-15,2026-06-14,2026,109,203,36,35,.507,8.5,1.5,3,6,9,False,78,
2026-06-15,2026-06-14,2026,137,203,29,43,.403,16.0,9.0,4,11,14,False,70,
2026-06-15,2026-06-14,2026,115,203,27,45,.375,18.0,11.0,5,12,15,False,68,
2026-06-16,2026-06-15,2026,147,201,43,27,.614,-,-,1,,1,False,-,84
2026-06-16,2026-06-15,2026,139,201,41,28,.594,1.5,+6.5,2,1,2,False,84,
2026-06-16,2026-06-15,2026,141,201,34,38,.472,10.0,2.0,3,5,8,False,74,
2026-06-16,2026-06-15,2026,110,201,34,39,.466,10.5,2.5,4,6,9,False,73,
2026-06-16,2026-06-15,2026,111,201,29,40,.420,13.5,5.5,5,9,12,False,72,
2026-06-16,2026-06-15,2026,145,202,38,32,.543,-,-,1,,3,False,-,80
2026-06-16,2026-06-15,2026,114,202,39,33,.542,-,+3.0,2,2,4,False,80,
2026-06-16,2026-06-15,2026,142,202,34,40,.459,6.0,3.0,3,7,10,False,73,
2026-06-16,2026-06-15,2026,116,202,30,42,.417,9.0,6.0,4,10,13,False,71,
2026-06-16,2026-06-15,2026,118,202,29,44,.397,10.5,7.5,5,11,14,False,69,
2026-06-16,2026-06-15,2026,136,200,37,36,.507,-,-,1,,5,False,-,78
2026-06-16,2026-06-15,2026,133,200,36,36,.500,0.5,-,2,3,6,False,78,
2026-06-16,2026-06-15,2026,140,200,35,37,.486,1.5,1.0,3,4,7,False,77,
2026-06-16,2026-06-15,2026,117,200,33,41,.446,4.5,4.0,4,8,11,False,73,
2026-06-16,2026-06-15,2026,108,200,29,44,.397,8.0,7.5,5,12,15,False,70,
2026-06-16,2026-06-15,2026,144,204,46,25,.648,-,-,1,,1,False,-,75
2026-06-16,2026-06-15,2026,143,204,39,33,.542,7.5,+1.5,2,2,5,False,75,
2026-06-16,2026-06-15,2026,120,204,38,35,.521,9.0,-,3,4,7,False,73,
2026-06-16,2026-06-15,2026,146,204,36,37,.493,11.0,2.0,4,7,10,False,71,
2026-06-16,2026-06-15,2026,121,204,32,40,.444,14.5,5.5,5,10,13,False,68,
2026-06-16,2026-06-15,2026,158,205,43,26,.623,-,-,1,,3,False,-,76
2026-06-16,2026-06-15,2026,138,205,39,31,.557,4.5,+2.5,2,1,4,False,76,
2026-06-16,2026-06-15,2026,112,205,38,35,.521,7.0,-,3,5,8,False,72,
2026-06-16,2026-06-15,2026,134,205,36,37,.493,9.0,2.0,4,8,11,False,70,
2026-06-16,2026-06-15,2026,113,205,34,37,.479,10.0,3.0,5,9,12,False,70,
2026-06-16,2026-06-15,2026,119,203,46,27,.630,-,-,1,,2,False,-,78
2026-06-16,2026-06-15,2026,135,203,37,34,.521,8.0,-,2,3,6,False,78,
2026-06-16,2026-06-15,2026,109,203,37,35,.514,8.5,0.5,3,6,9,False,77,
2026-06-16,2026-06-15,2026,137,203,29,43,.403,16.5,8.5,4,11,14,False,69,
2026-06-16,2026-06-15,2026,115,203,27,46,.370,19.0,11.0,5,12,15,False,66,
2026-06-17,2026-06-16,2026,147,201,44,27,.620,-,-,1,,1,False,-,83
2026-06-17,2026-06-16,2026,139,201,41,29,.586,2.5,+6.5,2,1,2,False,83,
2026-06-17,2026-06-16,2026,141,201,35,38,.479,10.0,1.0,3,4,7,False,74,
2026-06-17,2026-06-16,2026,110,201,34,40,.459,11.5,2.5,4,7,10,False,72,
2026-06-17,2026-06-16,2026,111,201,29,41,.414,14.5,5.5,5,9,12,False,71,
2026-06-17,2026-06-16,2026,145,202,38,33,.535,-,-,1,,3,False,-,79
2026-06-17,2026-06-16,2026,114,202,39,34,.534,-,+3.0,2,2,4,False,79,
2026-06-17,2026-06-16,2026,142,202,35,40,.467,5.0,2.0,3,6,9,False,73,
2026-06-17,2026-06-16,2026,116,202,30,43,.411,9.0,6.0,4,10,13,False,70,
2026-06-17,2026-06-16,2026,118,202,29,45,.392,10.5,7.5,5,12,15,False,68,
2026-06-17,2026-06-16,2026,136,200,38,36,.514,-,-,1,,5,False,-,76
2026-06-17,2026-06-16,2026,133,200,36,37,.493,1.5,-,2,3,6,False,76,
2026-06-17,2026-06-16,2026,140,200,35,38,.479,2.5,1.0,3,5,8,False,75,
2026-06-17,2026-06-16,2026,117,200,34,41,.453,4.5,3.0,4,8,11,False,72,
2026-06-17,2026-06-16,2026,108,200,30,44,.405,8.0,6.5,5,11,14,False,69,
2026-06-17,2026-06-16,2026,144,204,46,26,.639,-,-,1,,1,False,-,75
2026-06-17,2026-06-16,2026,143,204,40,33,.548,6.5,+1.5,2,2,5,False,75,
2026-06-17,2026-06-16,2026,120,204,39,35,.527,8.0,-,3,3,6,False,73,
2026-06-17,2026-06-16,2026,146,204,36,38,.486,11.0,3.0,4,8,11,False,70,
2026-06-17,2026-06-16,2026,121,204,32,41,.438,14.5,6.5,5,10,13,False,67,
2026-06-17,2026-06-16,2026,158,205,44,26,.629,-,-,1,,3,False,-,75
2026-06-17,2026-06-16,2026,138,205,40,31,.563,4.5,+2.5,2,1,4,False,75,
2026-06-17,2026-06-16,2026,112,205,38,36,.514,8.0,1.0,3,5,8,False,70,
2026-06-17,2026-06-16,2026,134,205,37,37,.500,9.0,2.0,4,7,10,False,69,
2026-06-17,2026-06-16,2026,113,205,35,37,.486,10.0,3.0,5,9,12,False,69,
2026-06-17,2026-06-16,2026,119,203,47,27,.635,-,-,1,,2,False,-,77
2026-06-17,2026-06-16,2026,135,203,37,35,.514,9.0,1.0,2,4,7,False,77,
2026-06-17,2026-06-16,2026,109,203,37,36,.507,9.5,1.5,3,6,9,False,76,
2026-06-17,2026-06-16,2026,137,203,30,43,.411,16.5,8.5,4,11,14,False,69,
2026-06-17,2026-06-16,2026,115,203,28,46,.378,19.0,11.0,5,12,15,False,66,
2026-06-18,2026-06-17,2026,147,201,45,27,.625,-,-,1,,1,False,-,81
2026-06-18,2026-06-17,2026,139,201,41,30,.577,3.5,+6.5,2,1,2,False,81,
2026-06-18,2026-06-17,2026,141,201,36,38,.486,10.0,-,3,3,6,False,73,
2026-06-18,2026-06-17,2026,110,201,35,40,.467,11.5,1.5,4,6,9,False,71,
2026-06-18,2026-06-17,2026,111,201,29,42,.408,15.5,5.5,5,9,12,False,69,
2026-06-18,2026-06-17,2026,145,202,38,34,.528,-,-,1,,3,False,-,78
2026-06-18,2026-06-17,2026,114,202,39,35,.527,-,+3.0,2,2,4,False,78,
2026-06-18,2026-06-17,2026,142,202,35,40,.467,4.5,1.5,3,7,10,False,73,
2026-06-18,2026-06-17,2026,116,202,30,44,.405,9.0,6.0,4,10,13,False,69,
2026-06-18,2026-06-17,2026,118,202,30,45,.400,9.5,6.5,5,11,14,False,68,
2026-06-18,2026-06-17,2026,136,200,38,37,.507,-,-,1,,5,False,-,75
2026-06-18,2026-06-17,2026,133,200,36,38,.486,1.5,-,2,4,7,False,75,
2026-06-18,2026-06-17,2026,140,200,35,38,.479,2.0,0.5,3,5,8,False,75,
2026-06-18,2026-06-17,2026,117,200,35,41,.461,3.5,2.0,4,8,11,False,72,
2026-06-18,2026-06-17,2026,108,200,30,45,.400,8.0,6.5,5,12,15,False,68,
2026-06-18,2026-06-17,2026,144,204,46,27,.630,-,-,1,,3,False,-,74
2026-06-18,2026-06-17,2026,143,204,40,34,.541,6.5,+1.5,2,2,5,False,74,
2026-06-18,2026-06-17,2026,120,204,39,36,.520,8.0,-,3,4,7,False,72,
2026-06-18,2026-06-17,2026,146,204,37,38,.493,10.0,2.0,4,8,11,False,70,
2026-06-18,2026-06-17,2026,121,204,33,41,.446,13.5,5.5,5,10,13,False,67,
2026-06-18,2026-06-17,2026,158,205,45,26,.634,-,-,1,,2,False,-,74
2026-06-18,2026-06-17,2026,138,205,40,32,.556,5.5,+2.5,2,1,4,False,74,
2026-06-18,2026-06-17,2026,112,205,39,36,.520,8.0,-,3,5,8,False,70,
2026-06-18,2026-06-17,2026,134,205,38,37,.507,9.0,1.0,4,7,10,False,69,
2026-06-18,2026-06-17,2026,113,205,35,38,.479,11.0,3.0,5,9,12,False,68,
2026-06-18,2026-06-17,2026,119,203,48,27,.640,-,-,1,,1,False,-,76
2026-06-18,2026-06-17,2026,135,203,38,35,.521,9.0,-,2,3,6,False,76,
2026-06-18,2026-06-17,2026,109,203,38,36,.514,9.5,0.5,3,6,9,False,75,
2026-06-18,2026-06-17,2026,137,203,31,43,.419,16.5,7.5,4,11,14,False,68,
2026-06-18,2026-06-17,2026,115,203,28,47,.373,20.0,11.0,5,12,15,False,64,
2026-06-19,2026-06-18,2026,147,201,45,28,.616,-,-,1,,1,False,-,81
2026-06-19,2026-06-18,2026,139,201,41,30,.577,3.0,+6.0,2,1,2,False,81,
2026-06-19,2026-06-18,2026,141,201,37,38,.493,9.0,-,3,3,6,False,73,
2026-06-19,2026-06-18,2026,110,201,35,41,.461,11.5,2.5,4,7,10,False,70,
2026-06-19,2026-06-18,2026,111,201,29,43,.403,15.5,6.5,5,11,14,False,68,
2026-06-19,2026-06-18,2026,145,202,39,34,.534,-,-,1,,3,False,-,77
2026-06-19,2026-06-18,2026,114,202,40,35,.533,-,+3.0,2,2,4,False,77,
2026-06-19,2026-06-18,2026,142,202,36,40,.474,4.5,1.5,3,5,8,False,72,
2026-06-19,2026-06-18,2026,118,202,31,45,.408,9.5,6.5,4,9,12,False,67,
2026-06-19,2026-06-18,2026,116,202,30,44,.405,9.5,6.5,5,10,13,False,68,
2026-06-19,2026-06-18,2026,136,200,39,37,.513,-,-,1,,5,False,-,75
2026-06-19,2026-06-18,2026,133,200,37,38,.493,1.5,-,2,4,7,False,75,
2026-06-19,2026-06-18,2026,140,200,35,39,.473,3.0,1.5,3,6,9,False,74,
2026-06-19,2026-06-18,2026,117,200,35,41,.461,4.0,2.5,4,8,11,False,72,
2026-06-19,2026-06-18,2026,108,200,30,46,.395,9.0,7.5,5,12,15,False,67,
2026-06-19,2026-06-18,2026,144,204,46,27,.630,-,-,1,,2,False,-,73
2026-06-19,2026-06-18,2026,143,204,40,35,.533,7.0,+1.0,2,2,5,False,73,
2026-06-19,2026-06-18,2026,120,204,39,36,.520,8.0,-,3,4,7,False,72,
2026-06-19,2026-06-18,2026,146,204,37,38,.493,10.0,2.0,4,8,11,False,70,
2026-06-19,2026-06-18,2026,121,204,34,41,.453,13.0,5.0,5,10,13,False,67,
2026-06-19,2026-06-18,2026,158,205,45,27,.625,-,-,1,,3,False,-,73
2026-06-19,2026-06-18,2026,138,205,40,33,.548,5.5,+2.0,2,1,4,False,73,
2026-06-19,2026-06-18,2026,112,205,39,36,.520,7.5,-,3,5,8,False,70,
2026-06-19,2026-06-18,2026,134,205,38,37,.507,8.5,1.0,4,7,10,False,69,
2026-06-19,2026-06-18,2026,113,205,35,38,.479,10.5,3.0,5,9,12,False,68,
2026-06-19,2026-06-18,2026,119,203,48,27,.640,-,-,1,,1,False,-,76
2026-06-19,2026-06-18,2026,135,203,38,35,.521,9.0,-,2,3,6,False,76,
2026-06-19,2026-06-18,2026,109,203,38,36,.514,9.5,0.5,3,6,9,False,75,
2026-06-19,2026-06-18,2026,137,203,31,43,.419,16.5,7.5,4,11,14,False,68,
2026-06-19,2026-06-18,2026,115,203,28,47,.373,20.0,11.0,5,12,15,False,64,
2026-06-20,2026-06-19,2026,147,201,46,28,.622,-,-,1,,1,False,-,81
2026-06-20,2026-06-19,2026,139,201,42,30,.583,3.0,+6.0,2,1,2,False,81,
2026-06-20,2026-06-19,2026,141,201,37,39,.487,10.0,1.0,3,4,7,False,72,
2026-06-20,2026-06-19,2026,110,201,35,42,.455,12.5,3.5,4,8,11,False,69,
2026-06-20,2026-06-19,2026,111,201,30,43,.411,15.5,6.5,5,11,14,False,68,
2026-06-20,2026-06-19,2026,145,202,39,35,.527,-,-,1,,3,False,-,76
2026-06-20,2026-06-19,2026,114,202,40,36,.526,-,+2.0,2,2,4,False,76,
2026-06-20,2026-06-19,2026,142,202,36,41,.468,4.5,2.5,3,6,9,False,71,
2026-06-20,2026-06-19,2026,118,202,32,45,.416,8.5,6.5,4,9,12,False,67,
2026-06-20,2026-06-19,2026,116,202,31,44,.413,8.5,6.5,5,10,13,False,68,
2026-06-20,2026-06-19,2026,136,200,39,38,.506,-,-,1,,5,False,-,74
2026-06-20,2026-06-19,2026,133,200,38,38,.500,0.5,-,2,3,6,False,74,
2026-06-20,2026-06-19,2026,140,200,36,39,.480,2.0,1.5,3,5,8,False,73,
2026-06-20,2026-06-19,2026,117,200,36,41,.468,3.0,2.5,4,7,10,False,71,
2026-06-20,2026-06-19,2026,108,200,30,47,.390,9.0,8.5,5,12,15,False,66,
2026-06-20,2026-06-19,2026,144,204,47,27,.635,-,-,1,,2,False,-,72
2026-06-20,2026-06-19,2026,143,204,40,35,.533,7.5,+0.5,2,2,5,False,72,
2026-06-20,2026-06-19,2026,120,204,39,37,.513,9.0,1.0,3,6,9,False,70,
2026-06-20,2026-06-19,2026,146,204,38,38,.500,10.0,2.0,4,7,10,False,70,
2026-06-20,2026-06-19,2026,121,204,34,41,.453,13.5,5.5,5,10,13,False,67,
2026-06-20,2026-06-19,2026,158,205,45,28,.616,-,-,1,,3,False,-,72
2026-06-20,2026-06-19,2026,138,205,40,34,.541,5.5,+1.0,2,1,4,False,72,
2026-06-20,2026-06-19,2026,112,205,40,36,.526,6.5,-,3,3,6,False,69,
2026-06-20,2026-06-19,2026,134,205,38,38,.500,8.5,2.0,4,8,11,False,68,
2026-06-20,2026-06-19,2026,113,205,35,39,.473,10.5,4.0,5,9,12,False,66,
2026-06-20,2026-06-19,2026,119,203,49,27,.645,-,-,1,,1,False,-,74
2026-06-20,2026-06-19,2026,109,203,39,36,.520,9.5,0.5,2,4,7,False,74,
2026-06-20,2026-06-19,2026,135,203,38,36,.514,10.0,1.0,3,5,8,False,74,
2026-06-20,2026-06-19,2026,137,203,31,44,.413,17.5,8.5,4,11,14,False,66,
2026-06-20,2026-06-19,2026,115,203,29,47,.382,20.0,11.0,5,12,15,False,63,
2026-06-21,2026-06-20,2026,147,201,46,29,.613,-,-,1,,1,False,-,79
2026-06-21,2026-06-20,2026,139,201,42,31,.575,3.0,+6.0,2,1,2,False,79,
2026-06-21,2026-06-20,2026,141,201,38,39,.494,9.0,-,3,3,6,False,71,
2026-06-21,2026-06-20,2026,110,201,36,42,.462,11.5,2.5,4,7,10,False,68,
2026-06-21,2026-06-20,2026,111,201,31,43,.419,14.5,5.5,5,10,13,False,67,
2026-06-21,2026-06-20,2026,114,202,41,36,.532,-,-,1,,3,False,-,75
2026-06-21,2026-06-20,2026,145,202,39,36,.520,1.0,+2.0,2,2,4,False,75,
2026-06-21,2026-06-20,2026,142,202,37,41,.474,4.5,1.5,3,5,8,False,70,
2026-06-21,2026-06-20,2026,116,202,32,44,.421,8.5,5.5,4,9,12,False,67,
2026-06-21,2026-06-20,2026,118,202,32,45,.416,9.0,6.0,5,11,14,False,66,
2026-06-21,2026-06-20,2026,136,200,39,39,.500,-,-,1,,5,False,-,73
2026-06-21,2026-06-20,2026,133,200,38,39,.494,0.5,-,2,4,7,False,73,
2026-06-21,2026-06-20,2026,140,200,36,40,.474,2.0,1.5,3,6,9,False,72,
2026-06-21,2026-06-20,2026,117,200,36,42,.462,3.0,2.5,4,8,11,False,70,
2026-06-21,2026-06-20,2026,108,200,31,47,.397,8.0,7.5,5,12,15,False,66,
2026-06-21,2026-06-20,2026,144,204,48,27,.640,-,-,1,,1,False,-,72
2026-06-21,2026-06-20,2026,143,204,41,35,.539,7.5,+1.5,2,2,5,False,72,
2026-06-21,2026-06-20,2026,120,204,40,37,.519,9.0,-,3,4,7,False,70,
2026-06-21,2026-06-20,2026,146,204,39,38,.506,10.0,1.0,4,7,10,False,69,
2026-06-21,2026-06-20,2026,121,204,34,42,.447,14.5,5.5,5,10,13,False,65,
2026-06-21,2026-06-20,2026,158,205,45,29,.608,-,-,1,,3,False,-,71
2026-06-21,2026-06-20,2026,138,205,40,34,.541,5.0,+1.5,2,1,4,False,71,
2026-06-21,2026-06-20,2026,112,205,40,37,.519,6.5,-,3,5,8,False,68,
2026-06-21,2026-06-20,2026,134,205,38,39,.494,8.5,2.0,4,8,11,False,66,
2026-06-21,2026-06-20,2026,113,205,36,39,.480,9.5,3.0,5,9,12,False,66,
2026-06-21,2026-06-20,2026,119,203,49,28,.636,-,-,1,,2,False,-,74
2026-06-21,2026-06-20,2026,135,203,39,36,.520,9.0,-,2,3,6,False,74,
2026-06-21,2026-06-20,2026,109,203,39,37,.513,9.5,0.5,3,6,9,False,73,
2026-06-21,2026-06-20,2026,137,203,31,45,.408,17.5,8.5,4,11,14,False,65,
2026-06-21,2026-06-20,2026,115,203,30,47,.390,19.0,10.0,5,12,15,False,63,
2026-06-22,2026-06-21,2026,147,201,46,30,.605,-,-,1,,1,False,-,79
2026-06-22,2026-06-21,2026,139,201,43,31,.581,2.0,+6.5,2,1,2,False,79,
2026-06-22,2026-06-21,2026,141,201,38,39,.494,8.5,-,3,3,6,False,71,
2026-06-22,2026-06-21,2026,110,201,37,42,.468,10.5,2.0,4,7,10,False,68,
2026-06-22,2026-06-21,2026,111,201,31,44,.413,14.5,6.0,5,10,13,False,66,
2026-06-22,2026-06-21,2026,114,202,41,37,.526,-,-,1,,3,False,-,74
2026-06-22,2026-06-21,2026,145,202,39,37,.513,1.0,+1.5,2,2,4,False,74,
2026-06-22,2026-06-21,2026,142,202,38,41,.481,3.5,1.0,3,5,8,False,70,
2026-06-22,2026-06-21,2026,116,202,33,44,.429,7.5,5.0,4,9,12,False,67,
2026-06-22,2026-06-21,2026,118,202,32,46,.410,9.0,6.5,5,11,14,False,65,
2026-06-22,2026-06-21,2026,136,200,40,39,.506,-,-,1,,5,False,-,72
2026-06-22,2026-06-21,2026,133,200,38,40,.487,1.5,0.5,2,4,7,False,72,
2026-06-22,2026-06-21,2026,140,200,37,40,.481,2.0,1.0,3,6,9,False,72,
2026-06-22,2026-06-21,2026,117,200,37,42,.468,3.0,2.0,4,8,11,False,70,
2026-06-22,2026-06-21,2026,108,200,32,47,.405,8.0,7.0,5,12,15,False,65,
2026-06-22,2026-06-21,2026,144,204,48,28,.632,-,-,1,,1,False,-,72
2026-06-22,2026-06-21,2026,143,204,42,35,.545,6.5,+2.0,2,2,5,False,72,
2026-06-22,2026-06-21,2026,146,204,40,38,.513,9.0,0.5,3,5,8,False,69,
2026-06-22,2026-06-21,2026,120,204,40,38,.513,9.0,0.5,4,6,9,False,69,
2026-06-22,2026-06-21,2026,121,204,34,43,.442,14.5,6.0,5,10,13,False,64,
2026-06-22,2026-06-21,2026,158,205,46,29,.613,-,-,1,,3,False,-,71
2026-06-22,2026-06-21,2026,138,205,41,34,.547,5.0,+2.0,2,1,4,False,71,
2026-06-22,2026-06-21,2026,112,205,40,37,.519,7.0,-,3,3,6,False,67,
2026-06-22,2026-06-21,2026,134,205,39,39,.500,8.5,1.5,4,8,11,False,66,
2026-06-22,2026-06-21,2026,113,205,37,39,.487,9.5,2.5,5,9,12,False,65,
2026-06-22,2026-06-21,2026,119,203,49,29,.628,-,-,1,,2,False,-,73
2026-06-22,2026-06-21,2026,135,203,39,37,.513,9.0,0.5,2,4,7,False,73,
2026-06-22,2026-06-21,2026,109,203,39,38,.506,9.5,1.0,3,7,10,False,72,
2026-06-22,2026-06-21,2026,137,203,31,46,.403,17.5,9.0,4,11,14,False,64,
2026-06-22,2026-06-21,2026,115,203,30,48,.385,19.0,10.5,5,12,15,False,62,
2026-06-23,2026-06-22,2026,147,201,46,31,.597,-,-,1,,1,False,-,77
2026-06-23,2026-06-22,2026,139,201,43,32,.573,2.0,+5.5,2,1,2,False,77,
2026-06-23,2026-06-22,2026,141,201,39,39,.500,7.5,-,3,3,6,False,70,
2026-06-23,2026-06-22,2026,110,201,38,42,.475,9.5,2.0,4,6,9,False,67,
2026-06-23,2026-06-22,2026,111,201,31,45,.408,14.5,7.0,5,11,14,False,64,
2026-06-23,2026-06-22,2026,145,202,40,37,.519,-,-,1,,3,False,-,73
2026-06-23,2026-06-22,2026,114,202,41,38,.519,-,+1.5,2,2,4,False,73,
2026-06-23,2026-06-22,2026,142,202,38,42,.475,3.5,2.0,3,7,10,False,69,
2026-06-23,2026-06-22,2026,116,202,34,44,.436,6.5,5.0,4,9,12,False,67,
2026-06-23,2026-06-22,2026,118,202,33,46,.418,8.0,6.5,5,10,13,False,65,
2026-06-23,2026-06-22,2026,136,200,40,39,.506,-,-,1,,5,False,-,72
2026-06-23,2026-06-22,2026,133,200,38,40,.487,1.5,1.0,2,4,7,False,72,
2026-06-23,2026-06-22,2026,140,200,38,40,.487,1.5,1.0,3,5,8,False,72,
2026-06-23,2026-06-22,2026,117,200,37,43,.463,3.5,3.0,4,8,11,False,69,
2026-06-23,2026-06-22,2026,108,200,32,48,.400,8.5,8.0,5,12,15,False,64,
2026-06-23,2026-06-22,2026,144,204,48,29,.623,-,-,1,,2,False,-,71
2026-06-23,2026-06-22,2026,143,204,42,36,.538,6.5,+1.5,2,2,5,False,71,
2026-06-23,2026-06-22,2026,120,204,41,38,.519,8.0,-,3,5,8,False,69,
2026-06-23,2026-06-22,2026,146,204,40,39,.506,9.0,1.0,4,6,9,False,68,
2026-06-23,2026-06-22,2026,121,204,34,43,.442,14.0,6.0,5,10,13,False,64,
2026-06-23,2026-06-22,2026,158,205,47,29,.618,-,-,1,,3,False,-,70
2026-06-23,2026-06-22,2026,138,205,42,34,.553,5.0,+2.5,2,1,4,False,70,
2026-06-23,2026-06-22,2026,112,205,40,37,.519,7.5,-,3,3,6,False,67,
2026-06-23,2026-06-22,2026,134,205,39,39,.500,9.0,1.5,4,7,10,False,65,
2026-06-23,2026-06-22,2026,113,205,37,40,.481,10.5,3.0,5,9,12,False,64,
2026-06-23,2026-06-22,2026,119,203,50,29,.633,-,-,1,,1,False,-,72
2026-06-23,2026-06-22,2026,135,203,40,37,.519,9.0,-,2,4,7,False,72,
2026-06-23,2026-06-22,2026,109,203,39,39,.500,10.5,1.5,3,8,11,False,70,
2026-06-23,2026-06-22,2026,137,203,31,46,.403,18.0,9.0,4,11,14,False,63,
2026-06-23,2026-06-22,2026,115,203,31,48,.392,19.0,10.0,5,12,15,False,61,
2026-06-24,2026-06-23,2026,147,201,47,31,.603,-,-,1,,1,False,-,76
2026-06-24,2026-06-23,2026,139,201,43,33,.566,3.0,+5.5,2,1,2,False,76,
2026-06-24,2026-06-23,2026,141,201,39,40,.494,8.5,-,3,3,6,False,69,
2026-06-24,2026-06-23,2026,110,201,38,43,.469,10.5,2.0,4,6,9,False,66,
2026-06-24,2026-06-23,2026,111,201,32,45,.416,14.5,6.0,5,11,14,False,64,
2026-06-24,2026-06-23,2026,145,202,41,37,.526,-,-,1,,3,False,-,71
2026-06-24,2026-06-23,2026,114,202,41,39,.513,1.0,+1.5,2,2,4,False,71,
2026-06-24,2026-06-23,2026,142,202,38,43,.469,4.5,2.0,3,7,10,False,67,
2026-06-24,2026-06-23,2026,116,202,34,45,.430,7.5,5.0,4,9,12,False,65,
2026-06-24,2026-06-23,2026,118,202,34,46,.425,8.0,5.5,5,10,13,False,65,
2026-06-24,2026-06-23,2026,136,200,41,39,.513,-,-,1,,5,False,-,70
2026-06-24,2026-06-23,2026,133,200,38,41,.481,2.5,1.0,2,4,7,False,70,
2026-06-24,2026-06-23,2026,140,200,38,41,.481,2.5,1.0,3,5,8,False,70,
2026-06-24,2026-06-23,2026,117,200,38,43,.469,3.5,2.0,4,8,11,False,68,
2026-06-24,2026-06-23,2026,108,200,33,48,.407,8.5,7.0,5,12,15,False,63,
2026-06-24,2026-06-23,2026,144,204,48,30,.615,-,-,1,,3,False,-,70
2026-06-24,2026-06-23,2026,143,204,43,36,.544,5.5,+1.5,2,2,5,False,70,
2026-06-24,2026-06-23,2026,146,204,41,39,.513,8.0,1.0,3,5,8,False,67,
2026-06-24,2026-06-23,2026,120,204,41,39,.513,8.0,1.0,4,6,9,False,67,
2026-06-24,2026-06-23,2026,121,204,34,44,.436,14.0,7.0,5,10,13,False,63,
2026-06-24,2026-06-23,2026,158,205,48,29,.623,-,-,1,,2,False,-,69
2026-06-24,2026-06-23,2026,138,205,42,35,.545,6.0,+1.5,2,1,4,False,69,
2026-06-24,2026-06-23,2026,112,205,41,37,.526,7.5,-,3,3,6,False,67,
2026-06-24,2026-06-23,2026,134,205,39,40,.494,10.0,2.5,4,8,11,False,64,
2026-06-24,2026-06-23,2026,113,205,37,41,.474,11.5,4.0,5,9,12,False,63,
2026-06-24,2026-06-23,2026,119,203,51,29,.638,-,-,1,,1,False,-,71
2026-06-24,2026-06-23,2026,135,203,41,37,.526,9.0,-,2,4,7,False,71,
2026-06-24,2026-06-23,2026,109,203,40,39,.506,10.5,1.5,3,7,10,False,70,
2026-06-24,2026-06-23,2026,137,203,32,46,.410,18.0,9.0,4,11,14,False,62,
2026-06-24,2026-06-23,2026,115,203,31,49,.388,20.0,11.0,5,12,15,False,60,
2026-06-25,2026-06-24,2026,147,201,48,31,.608,-,-,1,,1,False,-,75
2026-06-25,2026-06-24,2026,139,201,44,33,.571,3.0,+6.5,2,1,2,False,75,
2026-06-25,2026-06-24,2026,141,201,39,41,.488,9.5,-,3,3,6,False,68,
2026-06-25,2026-06-24,2026,110,201,38,44,.463,11.5,2.0,4,7,10,False,64,
2026-06-25,2026-06-24,2026,111,201,32,46,.410,15.5,6.0,5,12,15,False,63,
2026-06-25,2026-06-24,2026,145,202,41,38,.519,-,-,1,,3,False,-,71
2026-06-25,2026-06-24,2026,114,202,42,39,.519,-,+2.5,2,2,4,False,71,
2026-06-25,2026-06-24,2026,142,202,38,44,.463,4.5,2.0,3,8,11,False,66,
2026-06-25,2026-06-24,2026,116,202,34,46,.425,7.5,5.0,4,9,12,False,64,
2026-06-25,2026-06-24,2026,118,202,34,47,.420,8.0,5.5,5,10,13,False,64,
2026-06-25,2026-06-24,2026,136,200,41,40,.506,-,-,1,,5,False,-,68
2026-06-25,2026-06-24,2026,117,200,39,43,.476,2.5,1.0,2,4,7,False,68,
2026-06-25,2026-06-24,2026,133,200,38,42,.475,2.5,1.0,3,5,8,False,69,
2026-06-25,2026-06-24,2026,140,200,38,42,.475,2.5,1.0,4,6,9,False,69,
2026-06-25,2026-06-24,2026,108,200,34,48,.415,7.5,6.0,5,11,14,False,63,
2026-06-25,2026-06-24,2026,144,204,48,31,.608,-,-,1,,3,False,-,70
2026-06-25,2026-06-24,2026,143,204,44,36,.550,4.5,+1.0,2,1,4,False,70,
2026-06-25,2026-06-24,2026,146,204,42,39,.519,7.0,1.5,3,5,8,False,67,
2026-06-25,2026-06-24,2026,120,204,41,40,.506,8.0,2.5,4,7,10,False,66,
2026-06-25,2026-06-24,2026,121,204,34,46,.425,14.5,9.0,5,10,13,False,60,
2026-06-25,2026-06-24,2026,158,205,49,29,.628,-,-,1,,2,False,-,68
2026-06-25,2026-06-24,2026,138,205,42,36,.538,7.0,-,2,2,5,False,68,
2026-06-25,2026-06-24,2026,112,205,43,37,.538,7.0,-,3,3,6,False,66,
2026-06-25,2026-06-24,2026,134,205,40,40,.500,10.0,3.0,4,8,11,False,64,
2026-06-25,2026-06-24,2026,113,205,37,42,.468,12.5,5.5,5,9,12,False,61,
2026-06-25,2026-06-24,2026,119,203,52,29,.642,-,-,1,,1,False,-,70
2026-06-25,2026-06-24,2026,135,203,42,37,.532,9.0,0.5,2,4,7,False,70,
2026-06-25,2026-06-24,2026,109,203,41,39,.513,10.5,2.0,3,6,9,False,69,
2026-06-25,2026-06-24,2026,137,203,33,46,.418,18.0,9.5,4,11,14,False,61,
2026-06-25,2026-06-24,2026,115,203,32,49,.395,20.0,11.5,5,12,15,False,59,
2026-06-26,2026-06-25,2026,147,201,48,32,.600,-,-,1,,1,False,-,75
2026-06-26,2026-06-25,2026,139,201,45,33,.577,2.0,+7.5,2,1,2,False,75,
2026-06-26,2026-06-25,2026,141,201,39,42,.481,9.5,-,3,4,7,False,66,
2026-06-26,2026-06-25,2026,110,201,38,44,.463,11.0,1.5,4,7,10,False,64,
2026-06-26,2026-06-25,2026,111,201,33,46,.418,14.5,5.0,5,10,13,False,62,
2026-06-26,2026-06-25,2026,145,202,41,38,.519,-,-,1,,3,False,-,71
2026-06-26,2026-06-25,2026,114,202,42,39,.519,-,+3.0,2,2,4,False,71,
2026-06-26,2026-06-25,2026,142,202,38,44,.463,4.5,1.5,3,8,11,False,66,
2026-06-26,2026-06-25,2026,116,202,34,47,.420,8.0,5.0,4,9,12,False,63,
2026-06-26,2026-06-25,2026,118,202,34,48,.415,8.5,5.5,5,11,14,False,63,
2026-06-26,2026-06-25,2026,136,200,41,41,.500,-,-,1,,5,False,-,67
2026-06-26,2026-06-25,2026,117,200,40,43,.482,1.5,-,2,3,6,False,67,
2026-06-26,2026-06-25,2026,133,200,39,42,.481,1.5,-,3,5,8,False,68,
2026-06-26,2026-06-25,2026,140,200,39,42,.481,1.5,-,4,6,9,False,68,
2026-06-26,2026-06-25,2026,108,200,34,48,.415,7.0,5.5,5,12,15,False,62,
2026-06-26,2026-06-25,2026,144,204,48,31,.608,-,-,1,,3,False,-,70
2026-06-26,2026-06-25,2026,143,204,45,36,.556,4.0,+1.5,2,1,4,False,70,
2026-06-26,2026-06-25,2026,146,204,42,39,.519,7.0,1.5,3,5,8,False,67,
2026-06-26,2026-06-25,2026,120,204,41,41,.500,8.5,3.0,4,8,11,False,65,
2026-06-26,2026-06-25,2026,121,204,34,47,.420,15.0,9.5,5,10,13,False,59,
2026-06-26,2026-06-25,2026,158,205,49,29,.628,-,-,1,,2,False,-,66
2026-06-26,2026-06-25,2026,112,205,44,37,.543,6.5,+0.5,2,2,5,False,66,
2026-06-26,2026-06-25,2026,138,205,42,36,.538,7.0,-,3,3,6,False,67,
2026-06-26,2026-06-25,2026,134,205,41,40,.506,9.5,2.5,4,7,10,False,63,
2026-06-26,2026-06-25,2026,113,205,37,42,.468,12.5,5.5,5,9,12,False,61,
2026-06-26,2026-06-25,2026,119,203,52,29,.642,-,-,1,,1,False,-,70
2026-06-26,2026-06-25,2026,135,203,42,37,.532,9.0,0.5,2,4,7,False,70,
2026-06-26,2026-06-25,2026,109,203,41,39,.513,10.5,2.0,3,6,9,False,69,
2026-06-26,2026-06-25,2026,137,203,33,47,.413,18.5,10.0,4,11,14,False,60,
2026-06-26,2026-06-25,2026,115,203,32,49,.395,20.0,11.5,5,12,15,False,59,
2026-06-27,2026-06-26,2026,147,201,48,33,.593,-,-,1,,1,False,-,75
2026-06-27,2026-06-26,2026,139,201,46,33,.582,1.0,+7.5,2,1,2,False,75,
2026-06-27,2026-06-26,2026,141,201,39,43,.476,9.5,1.0,3,6,9,False,65,
2026-06-27,2026-06-26,2026,110,201,39,44,.470,10.0,1.5,4,7,10,False,64,
2026-06-27,2026-06-26,2026,111,201,34,46,.425,13.5,5.0,5,10,13,False,62,
2026-06-27,2026-06-26,2026,145,202,42,38,.525,-,-,1,,3,False,-,70
2026-06-27,2026-06-26,2026,114,202,42,40,.512,1.0,+2.0,2,2,4,False,70,
2026-06-27,2026-06-26,2026,142,202,39,44,.470,4.5,1.5,3,8,11,False,66,
2026-06-27,2026-06-26,2026,116,202,35,47,.427,8.0,5.0,4,9,12,False,63,
2026-06-27,2026-06-26,2026,118,202,34,49,.410,9.5,6.5,5,11,14,False,61,
2026-06-27,2026-06-26,2026,136,200,42,41,.506,-,-,1,,5,False,-,68
2026-06-27,2026-06-26,2026,133,200,40,42,.488,1.5,-,2,3,6,False,68,
2026-06-27,2026-06-26,2026,140,200,40,42,.488,1.5,-,3,4,7,False,68,
2026-06-27,2026-06-26,2026,117,200,40,44,.476,2.5,1.0,4,5,8,False,66,
2026-06-27,2026-06-26,2026,108,200,34,49,.410,8.0,6.5,5,12,15,False,61,
2026-06-27,2026-06-26,2026,144,204,49,31,.613,-,-,1,,3,False,-,70
2026-06-27,2026-06-26,2026,143,204,46,36,.561,4.0,+2.0,2,1,4,False,70,
2026-06-27,2026-06-26,2026,146,204,43,39,.524,7.0,1.0,3,5,8,False,67,
2026-06-27,2026-06-26,2026,120,204,41,42,.494,9.5,3.5,4,8,11,False,64,
2026-06-27,2026-06-26,2026,121,204,34,48,.415,16.0,10.0,5,10,13,False,58,
2026-06-27,2026-06-26,2026,158,205,50,29,.633,-,-,1,,2,False,-,65
2026-06-27,2026-06-26,2026,112,205,44,38,.537,7.5,-,2,3,6,False,65,
2026-06-27,2026-06-26,2026,138,205,42,37,.532,8.0,0.5,3,4,7,False,66,
2026-06-27,2026-06-26,2026,134,205,41,41,.500,10.5,3.0,4,7,10,False,62,
2026-06-27,2026-06-26,2026,113,205,38,42,.475,12.5,5.0,5,9,12,False,61,
2026-06-27,2026-06-26,2026,119,203,52,30,.634,-,-,1,,1,False,-,70
2026-06-27,2026-06-26,2026,135,203,43,37,.538,8.0,-,2,2,5,False,70,
2026-06-27,2026-06-26,2026,109,203,41,40,.506,10.5,2.5,3,6,9,False,68,
2026-06-27,2026-06-26,2026,137,203,33,48,.407,18.5,10.5,4,11,14,False,59,
2026-06-27,2026-06-26,2026,115,203,32,50,.390,20.0,12.0,5,12,15,False,58,
2026-06-28,2026-06-27,2026,139,201,47,33,.588,-,-,1,,1,False,-,73
2026-06-28,2026-06-27,2026,147,201,48,34,.585,-,+7.5,2,1,2,False,73,
2026-06-28,2026-06-27,2026,141,201,39,44,.470,9.5,2.0,3,6,9,False,64,
2026-06-28,2026-06-27,2026,110,201,39,45,.464,10.0,2.5,4,7,10,False,63,
2026-06-28,2026-06-27,2026,111,201,35,46,.432,12.5,5.0,5,9,12,False,62,
2026-06-28,2026-06-27,2026,145,202,43,38,.531,-,-,1,,3,False,-,70
2026-06-28,2026-06-27,2026,114,202,43,40,.518,1.0,+2.0,2,2,4,False,70,
2026-06-28,2026-06-27,2026,142,202,39,45,.464,5.5,2.5,3,8,11,False,65,
2026-06-28,2026-06-27,2026,116,202,35,48,.422,9.0,6.0,4,10,13,False,62,
2026-06-28,2026-06-27,2026,118,202,34,50,.405,10.5,7.5,5,12,15,False,60,
2026-06-28,2026-06-27,2026,136,200,42,42,.500,-,-,1,,5,False,-,67
2026-06-28,2026-06-27,2026,140,200,41,42,.494,0.5,-,2,3,6,False,67,
2026-06-28,2026-06-27,2026,117,200,41,44,.482,1.5,1.0,3,4,7,False,65,
2026-06-28,2026-06-27,2026,133,200,40,43,.482,1.5,1.0,4,5,8,False,66,
2026-06-28,2026-06-27,2026,108,200,35,49,.417,7.0,6.5,5,11,14,False,60,
2026-06-28,2026-06-27,2026,144,204,49,32,.605,-,-,1,,3,False,-,68
2026-06-28,2026-06-27,2026,143,204,46,37,.554,4.0,+2.0,2,1,4,False,68,
2026-06-28,2026-06-27,2026,146,204,44,39,.530,6.0,-,3,4,7,False,66,
2026-06-28,2026-06-27,2026,120,204,42,42,.500,8.5,2.5,4,6,9,False,63,
2026-06-28,2026-06-27,2026,121,204,35,48,.422,15.0,9.0,5,10,13,False,58,
2026-06-28,2026-06-27,2026,158,205,50,30,.625,-,-,1,,2,False,-,65
2026-06-28,2026-06-27,2026,112,205,45,38,.542,6.5,+1.0,2,2,5,False,65,
2026-06-28,2026-06-27,2026,138,205,42,38,.525,8.0,0.5,3,5,8,False,65,
2026-06-28,2026-06-27,2026,134,205,41,42,.494,10.5,3.0,4,8,11,False,61,
2026-06-28,2026-06-27,2026,113,205,39,42,.481,11.5,4.0,5,9,12,False,61,
2026-06-28,2026-06-27,2026,119,203,53,30,.639,-,-,1,,1,False,-,69
2026-06-28,2026-06-27,2026,135,203,43,38,.531,9.0,-,2,3,6,False,69,
2026-06-28,2026-06-27,2026,109,203,41,41,.500,11.5,2.5,3,7,10,False,66,
2026-06-28,2026-06-27,2026,137,203,34,48,.415,18.5,9.5,4,11,14,False,59,
2026-06-28,2026-06-27,2026,115,203,33,50,.398,20.0,11.0,5,12,15,False,57,
2026-06-29,2026-06-28,2026,139,201,48,33,.593,-,-,1,,1,False,-,72
2026-06-29,2026-06-28,2026,147,201,48,35,.578,1.0,+7.0,2,1,2,False,72,
2026-06-29,2026-06-28,2026,141,201,39,45,.464,10.5,2.5,3,7,10,False,63,
2026-06-29,2026-06-28,2026,110,201,39,46,.459,11.0,3.0,4,8,11,False,61,
2026-06-29,2026-06-28,2026,111,201,36,46,.439,12.5,4.5,5,9,12,False,62,
2026-06-29,2026-06-28,2026,145,202,43,39,.524,-,-,1,,3,False,-,69
2026-06-29,2026-06-28,2026,114,202,44,40,.524,-,+2.5,2,2,4,False,69,
2026-06-29,2026-06-28,2026,142,202,40,45,.471,4.5,2.0,3,6,9,False,64,
2026-06-29,2026-06-28,2026,116,202,35,49,.417,9.0,6.5,4,11,14,False,60,
2026-06-29,2026-06-28,2026,118,202,35,50,.412,9.5,7.0,5,12,15,False,60,
2026-06-29,2026-06-28,2026,140,200,42,42,.500,-,-,1,,5,False,-,66
2026-06-29,2026-06-28,2026,136,200,42,43,.494,0.5,-,2,3,6,False,66,
2026-06-29,2026-06-28,2026,117,200,42,44,.488,1.0,0.5,3,4,7,False,65,
2026-06-29,2026-06-28,2026,133,200,40,44,.476,2.0,1.5,4,5,8,False,65,
2026-06-29,2026-06-28,2026,108,200,36,49,.424,6.5,6.0,5,10,13,False,60,
2026-06-29,2026-06-28,2026,144,204,49,33,.598,-,-,1,,3,False,-,68
2026-06-29,2026-06-28,2026,143,204,47,37,.560,3.0,+2.5,2,1,4,False,68,
2026-06-29,2026-06-28,2026,146,204,44,40,.524,6.0,0.5,3,5,8,False,65,
2026-06-29,2026-06-28,2026,120,204,43,42,.506,7.5,2.0,4,6,9,False,63,
2026-06-29,2026-06-28,2026,121,204,35,49,.417,15.0,9.5,5,11,14,False,56,
2026-06-29,2026-06-28,2026,158,205,50,31,.617,-,-,1,,2,False,-,65
2026-06-29,2026-06-28,2026,112,205,46,38,.548,5.5,+1.5,2,2,5,False,65,
2026-06-29,2026-06-28,2026,138,205,43,38,.531,7.0,-,3,3,6,False,65,
2026-06-29,2026-06-28,2026,134,205,42,42,.500,9.5,2.5,4,7,10,False,61,
2026-06-29,2026-06-28,2026,113,205,39,43,.476,11.5,4.5,5,9,12,False,60,
2026-06-29,2026-06-28,2026,119,203,54,30,.643,-,-,1,,1,False,-,68
2026-06-29,2026-06-28,2026,135,203,43,39,.524,10.0,0.5,2,4,7,False,68,
2026-06-29,2026-06-28,2026,109,203,41,42,.494,12.5,3.0,3,8,11,False,65,
2026-06-29,2026-06-28,2026,137,203,35,48,.422,18.5,9.0,4,10,13,False,59,
2026-06-29,2026-06-28,2026,115,203,33,51,.393,21.0,11.5,5,12,15,False,56,
2026-06-30,2026-06-29,2026,139,201,48,33,.593,-,-,1,,1,False,-,71
2026-06-30,2026-06-29,2026,147,201,48,36,.571,1.5,+6.0,2,1,2,False,71,
2026-06-30,2026-06-29,2026,141,201,40,45,.471,10.0,2.5,3,6,9,False,62,
2026-06-30,2026-06-29,2026,110,201,39,47,.453,11.5,4.0,4,8,11,False,60,
2026-06-30,2026-06-29,2026,111,201,37,46,.446,12.0,4.5,5,9,12,False,61,
2026-06-30,2026-06-29,2026,145,202,44,39,.530,-,-,1,,3,False,-,68
2026-06-30,2026-06-29,2026,114,202,44,41,.518,1.0,+1.5,2,2,4,False,68,
2026-06-30,2026-06-29,2026,142,202,41,45,.477,4.5,2.0,3,5,8,False,64,
2026-06-30,2026-06-29,2026,116,202,36,49,.424,9.0,6.5,4,10,13,False,60,
2026-06-30,2026-06-29,2026,118,202,35,50,.412,10.0,7.5,5,12,15,False,59,
2026-06-30,2026-06-29,2026,140,200,43,42,.506,-,-,1,,5,False,-,66
2026-06-30,2026-06-29,2026,136,200,43,43,.500,0.5,-,2,3,6,False,66,
2026-06-30,2026-06-29,2026,117,200,42,45,.483,2.0,1.5,3,4,7,False,64,
2026-06-30,2026-06-29,2026,133,200,40,45,.471,3.0,2.5,4,7,10,False,64,
2026-06-30,2026-06-29,2026,108,200,36,50,.419,7.5,7.0,5,11,14,False,59,
2026-06-30,2026-06-29,2026,144,204,49,33,.598,-,-,1,,3,False,-,67
2026-06-30,2026-06-29,2026,143,204,47,38,.553,3.5,+2.0,2,2,5,False,67,
2026-06-30,2026-06-29,2026,146,204,45,40,.529,5.5,-,3,4,7,False,65,
2026-06-30,2026-06-29,2026,120,204,43,43,.500,8.0,2.5,4,7,10,False,62,
2026-06-30,2026-06-29,2026,121,204,35,50,.412,15.5,10.0,5,11,14,False,55,
2026-06-30,2026-06-29,2026,158,205,51,31,.622,-,-,1,,2,False,-,64
2026-06-30,2026-06-29,2026,112,205,47,38,.553,5.5,+2.0,2,1,4,False,64,
2026-06-30,2026-06-29,2026,138,205,43,38,.531,7.5,-,3,3,6,False,65,
2026-06-30,2026-06-29,2026,134,205,43,42,.506,9.5,2.0,4,6,9,False,61,
2026-06-30,2026-06-29,2026,113,205,39,44,.470,12.5,5.0,5,9,12,False,58,
2026-06-30,2026-06-29,2026,119,203,55,30,.647,-,-,1,,1,False,-,67
2026-06-30,2026-06-29,2026,135,203,43,40,.518,11.0,1.0,2,5,8,False,67,
2026-06-30,2026-06-29,2026,109,203,42,42,.500,12.5,2.5,3,8,11,False,65,
2026-06-30,2026-06-29,2026,137,203,35,49,.417,19.5,9.5,4,10,13,False,58,
2026-06-30,2026-06-29,2026,115,203,33,52,.388,22.0,12.0,5,12,15,False,55,
2026-07-01,2026-06-30,2026,139,201,49,33,.598,-,-,1,,1,False,-,70
2026-07-01,2026-06-30,2026,147,201,48,37,.565,2.5,+5.0,2,1,2,False,70,
2026-07-01,2026-06-30,2026,141,201,40,46,.465,11.0,3.5,3,6,9,False,61,
2026-07-01,2026-06-30,2026,110,201,39,48,.448,12.5,5.0,4,8,11,False,59,
2026-07-01,2026-06-30,2026,111,201,37,47,.440,13.0,5.5,5,9,12,False,60,
2026-07-01,2026-06-30,2026,145,202,45,39,.536,-,-,1,,3,False,-,66
2026-07-01,2026-06-30,2026,114,202,44,42,.512,2.0,+0.5,2,2,5,False,66,
2026-07-01,2026-06-30,2026,142,202,41,46,.471,5.5,3.0,3,5,8,False,62,
2026-07-01,2026-06-30,2026,116,202,37,49,.430,9.0,6.5,4,10,13,False,59,
2026-07-01,2026-06-30,2026,118,202,35,51,.407,11.0,8.5,5,12,15,False,58,
2026-07-01,2026-06-30,2026,140,200,44,42,.512,-,-,1,,4,False,-,65
2026-07-01,2026-06-30,2026,136,200,44,43,.506,0.5,-,2,3,6,False,65,
2026-07-01,2026-06-30,2026,117,200,43,45,.489,2.0,1.5,3,4,7,False,63,
2026-07-01,2026-06-30,2026,133,200,40,46,.465,4.0,3.5,4,7,10,False,62,
2026-07-01,2026-06-30,2026,108,200,36,51,.414,8.5,8.0,5,11,14,False,57,
2026-07-01,2026-06-30,2026,144,204,49,34,.590,-,-,1,,3,False,-,66
2026-07-01,2026-06-30,2026,143,204,48,38,.558,2.5,+2.0,2,2,5,False,66,
2026-07-01,2026-06-30,2026,146,204,46,40,.535,4.5,-,3,4,7,False,64,
2026-07-01,2026-06-30,2026,120,204,44,43,.506,7.0,2.5,4,7,10,False,61,
2026-07-01,2026-06-30,2026,121,204,36,50,.419,14.5,10.0,5,10,13,False,54,
2026-07-01,2026-06-30,2026,158,205,52,31,.627,-,-,1,,2,False,-,64
2026-07-01,2026-06-30,2026,112,205,48,38,.558,5.5,+2.0,2,1,4,False,64,
2026-07-01,2026-06-30,2026,138,205,44,38,.537,7.5,-,3,3,6,False,64,
2026-07-01,2026-06-30,2026,134,205,43,43,.500,10.5,3.0,4,8,11,False,59,
2026-07-01,2026-06-30,2026,113,205,39,45,.464,13.5,6.0,5,9,12,False,57,
2026-07-01,2026-06-30,2026,119,203,56,30,.651,-,-,1,,1,False,-,65
2026-07-01,2026-06-30,2026,135,203,43,41,.512,12.0,2.0,2,5,8,False,65,
2026-07-01,2026-06-30,2026,109,203,43,42,.506,12.5,2.5,3,6,9,False,64,
2026-07-01,2026-06-30,2026,137,203,35,50,.412,20.5,10.5,4,11,14,False,56,
2026-07-01,2026-06-30,2026,115,203,33,53,.384,23.0,13.0,5,12,15,False,54,
2026-07-02,2026-07-01,2026,139,201,50,33,.602,-,-,1,,1,False,-,68
2026-07-02,2026-07-01,2026,147,201,48,38,.558,3.5,+4.5,2,1,2,False,68,
2026-07-02,2026-07-01,2026,141,201,41,46,.471,11.0,3.0,3,6,9,False,60,
2026-07-02,2026-07-01,2026,110,201,40,48,.455,12.5,4.5,4,8,11,False,58,
2026-07-02,2026-07-01,2026,111,201,37,48,.435,14.0,6.0,5,10,13,False,58,
2026-07-02,2026-07-01,2026,145,202,45,40,.529,-,-,1,,3,False,-,66
2026-07-02,2026-07-01,2026,114,202,45,42,.517,1.0,+1.0,2,2,4,False,66,
2026-07-02,2026-07-01,2026,142,202,42,46,.477,4.5,2.5,3,5,8,False,62,
2026-07-02,2026-07-01,2026,116,202,38,49,.437,8.0,6.0,4,9,12,False,59,
2026-07-02,2026-07-01,2026,118,202,35,52,.402,11.0,9.0,5,12,15,False,56,
2026-07-02,2026-07-01,2026,140,200,44,43,.506,-,-,1,,5,False,-,62
2026-07-02,2026-07-01,2026,136,200,44,43,.506,-,-,2,3,6,False,-,
2026-07-02,2026-07-01,2026,117,200,43,46,.483,2.0,2.0,3,4,7,False,62,
2026-07-02,2026-07-01,2026,133,200,41,46,.471,3.0,3.0,4,7,10,False,62,
2026-07-02,2026-07-01,2026,108,200,36,51,.414,8.0,8.0,5,11,14,False,57,
2026-07-02,2026-07-01,2026,144,204,50,34,.595,-,-,1,,3,False,-,66
2026-07-02,2026-07-01,2026,143,204,49,38,.563,2.5,+3.0,2,2,5,False,66,
2026-07-02,2026-07-01,2026,146,204,46,41,.529,5.5,-,3,4,7,False,63,
2026-07-02,2026-07-01,2026,120,204,45,43,.511,7.0,1.5,4,5,8,False,61,
2026-07-02,2026-07-01,2026,121,204,36,51,.414,15.5,10.0,5,11,14,False,53,
2026-07-02,2026-07-01,2026,158,205,53,31,.631,-,-,1,,2,False,-,64
2026-07-02,2026-07-01,2026,112,205,49,38,.563,5.5,+3.0,2,1,4,False,64,
2026-07-02,2026-07-01,2026,138,205,44,39,.530,8.5,-,3,3,6,False,63,
2026-07-02,2026-07-01,2026,134,205,43,44,.494,11.5,3.0,4,8,11,False,58,
2026-07-02,2026-07-01,2026,113,205,39,46,.459,14.5,6.0,5,9,12,False,56,
2026-07-02,2026-07-01,2026,119,203,56,31,.644,-,-,1,,1,False,-,64
2026-07-02,2026-07-01,2026,135,203,43,42,.506,12.0,2.0,2,6,9,False,64,
2026-07-02,2026-07-01,2026,109,203,43,43,.500,12.5,2.5,3,7,10,False,63,
2026-07-02,2026-07-01,2026,137,203,36,50,.419,19.5,9.5,4,10,13,False,56,
2026-07-02,2026-07-01,2026,115,203,34,53,.391,22.0,12.0,5,12,15,False,53,
2026-07-03,2026-07-02,2026,139,201,51,33,.607,-,-,1,,1,False,-,68
2026-07-03,2026-07-02,2026,147,201,48,38,.558,4.0,+4.0,2,1,2,False,68,
2026-07-03,2026-07-02,2026,141,201,41,46,.471,11.5,3.5,3,6,9,False,60,
2026-07-03,2026-07-02,2026,110,201,40,48,.455,13.0,5.0,4,8,11,False,58,
2026-07-03,2026-07-02,2026,111,201,37,48,.435,14.5,6.5,5,9,12,False,58,
2026-07-03,2026-07-02,2026,145,202,45,41,.523,-,-,1,,3,False,-,66
2026-07-03,2026-07-02,2026,114,202,46,42,.523,-,+1.0,2,2,4,False,66,
2026-07-03,2026-07-02,2026,142,202,42,46,.477,4.0,3.0,3,5,8,False,62,
2026-07-03,2026-07-02,2026,116,202,38,50,.432,8.0,7.0,4,10,13,False,58,
2026-07-03,2026-07-02,2026,118,202,35,53,.398,11.0,10.0,5,12,15,False,55,
2026-07-03,2026-07-02,2026,140,200,45,43,.511,-,-,1,,5,False,-,62
2026-07-03,2026-07-02,2026,136,200,45,43,.511,-,-,2,3,6,False,-,
2026-07-03,2026-07-02,2026,117,200,43,46,.483,2.5,2.5,3,4,7,False,62,
2026-07-03,2026-07-02,2026,133,200,41,46,.471,3.5,3.5,4,7,10,False,62,
2026-07-03,2026-07-02,2026,108,200,36,52,.409,9.0,9.0,5,11,14,False,56,
2026-07-03,2026-07-02,2026,144,204,50,35,.588,-,-,1,,3,False,-,65
2026-07-03,2026-07-02,2026,143,204,49,39,.557,2.5,+2.0,2,2,5,False,65,
2026-07-03,2026-07-02,2026,146,204,46,42,.523,5.5,1.0,3,4,7,False,62,
2026-07-03,2026-07-02,2026,120,204,45,43,.511,6.5,2.0,4,5,8,False,61,
2026-07-03,2026-07-02,2026,121,204,36,51,.414,15.0,10.5,5,11,14,False,53,
2026-07-03,2026-07-02,2026,158,205,53,32,.624,-,-,1,,2,False,-,63
2026-07-03,2026-07-02,2026,112,205,49,38,.563,5.0,+2.5,2,1,4,False,63,
2026-07-03,2026-07-02,2026,138,205,45,39,.536,7.5,-,3,3,6,False,63,
2026-07-03,2026-07-02,2026,134,205,44,44,.500,10.5,3.0,4,7,10,False,58,
2026-07-03,2026-07-02,2026,113,205,40,46,.465,13.5,6.0,5,9,12,False,55,
2026-07-03,2026-07-02,2026,119,203,57,31,.648,-,-,1,,1,False,-,63
2026-07-03,2026-07-02,2026,109,203,43,43,.500,13.0,3.0,2,8,11,False,63,
2026-07-03,2026-07-02,2026,135,203,43,43,.500,13.0,3.0,3,6,9,False,63,
2026-07-03,2026-07-02,2026,137,203,36,50,.419,20.0,10.0,4,10,13,False,56,
2026-07-03,2026-07-02,2026,115,203,35,53,.398,22.0,12.0,5,12,15,False,53,
2026-07-04,2026-07-03,2026,139,201,52,33,.612,-,-,1,,1,False,-,67
2026-07-04,2026-07-03,2026,147,201,49,38,.563,4.0,+5.0,2,1,2,False,67,
2026-07-04,2026-07-03,2026,141,201,42,46,.477,11.5,2.5,3,5,8,False,59,
2026-07-04,2026-07-03,2026,110,201,41,48,.461,13.0,4.0,4,8,11,False,57,
2026-07-04,2026-07-03,2026,111,201,38,48,.442,14.5,5.5,5,9,12,False,57,
2026-07-04,2026-07-03,2026,114,202,47,42,.528,-,-,1,,3,False,-,66
2026-07-04,2026-07-03,2026,145,202,45,42,.517,1.0,+1.0,2,2,4,False,66,
2026-07-04,2026-07-03,2026,142,202,42,47,.472,5.0,3.0,3,6,9,False,61,
2026-07-04,2026-07-03,2026,116,202,38,50,.432,8.5,6.5,4,10,13,False,58,
2026-07-04,2026-07-03,2026,118,202,35,53,.398,11.5,9.5,5,12,15,False,55,
2026-07-04,2026-07-03,2026,140,200,45,43,.511,-,-,1,,5,False,-,64
2026-07-04,2026-07-03,2026,136,200,45,44,.506,0.5,-,2,3,6,False,64,
2026-07-04,2026-07-03,2026,117,200,43,47,.478,3.0,2.5,3,4,7,False,61,
2026-07-04,2026-07-03,2026,133,200,41,47,.466,4.0,3.5,4,7,10,False,61,
2026-07-04,2026-07-03,2026,108,200,36,53,.404,9.5,9.0,5,11,14,False,55,
2026-07-04,2026-07-03,2026,144,204,51,35,.593,-,-,1,,3,False,-,64
2026-07-04,2026-07-03,2026,143,204,49,39,.557,3.0,+1.5,2,2,5,False,64,
2026-07-04,2026-07-03,2026,146,204,47,42,.528,5.5,1.0,3,4,7,False,61,
2026-07-04,2026-07-03,2026,120,204,46,43,.517,6.5,2.0,4,5,8,False,60,
2026-07-04,2026-07-03,2026,121,204,36,52,.409,16.0,11.5,5,11,14,False,51,
2026-07-04,2026-07-03,2026,158,205,54,32,.628,-,-,1,,2,False,-,62
2026-07-04,2026-07-03,2026,112,205,49,39,.557,6.0,+1.5,2,1,4,False,62,
2026-07-04,2026-07-03,2026,138,205,46,39,.541,7.5,-,3,3,6,False,62,
2026-07-04,2026-07-03,2026,134,205,44,45,.494,11.5,4.0,4,6,9,False,56,
2026-07-04,2026-07-03,2026,113,205,40,47,.460,14.5,7.0,5,9,12,False,54,
2026-07-04,2026-07-03,2026,119,203,58,31,.652,-,-,1,,1,False,-,61
2026-07-04,2026-07-03,2026,109,203,43,44,.494,14.0,4.0,2,7,10,False,61,
2026-07-04,2026-07-03,2026,135,203,43,44,.494,14.0,4.0,3,8,11,False,61,
2026-07-04,2026-07-03,2026,137,203,36,51,.414,21.0,11.0,4,10,13,False,54,
2026-07-04,2026-07-03,2026,115,203,36,53,.404,22.0,12.0,5,12,15,False,52,
2026-07-05,2026-07-04,2026,139,201,52,34,.605,-,-,1,,1,False,-,65
2026-07-05,2026-07-04,2026,147,201,49,39,.557,4.0,+4.5,2,1,2,False,65,
2026-07-05,2026-07-04,2026,141,201,42,47,.472,11.5,3.0,3,6,9,False,58,
2026-07-05,2026-07-04,2026,110,201,42,48,.467,12.0,3.5,4,7,10,False,57,
2026-07-05,2026-07-04,2026,111,201,39,48,.448,13.5,5.0,5,9,12,False,57,
2026-07-05,2026-07-04,2026,145,202,46,42,.523,-,-,1,,3,False,-,64
2026-07-05,2026-07-04,2026,114,202,47,43,.522,-,+1.5,2,2,4,False,64,
2026-07-05,2026-07-04,2026,142,202,43,47,.478,4.0,2.5,3,5,8,False,60,
2026-07-05,2026-07-04,2026,116,202,39,50,.438,7.5,6.0,4,10,13,False,57,
2026-07-05,2026-07-04,2026,118,202,35,54,.393,11.5,10.0,5,12,15,False,54,
2026-07-05,2026-07-04,2026,136,200,46,44,.511,-,-,1,,5,False,-,63
2026-07-05,2026-07-04,2026,140,200,45,44,.506,0.5,-,2,3,6,False,63,
2026-07-05,2026-07-04,2026,117,200,44,47,.484,2.5,2.0,3,4,7,False,60,
2026-07-05,2026-07-04,2026,133,200,41,48,.461,4.5,4.0,4,8,11,False,60,
2026-07-05,2026-07-04,2026,108,200,36,54,.400,10.0,9.5,5,11,14,False,54,
2026-07-05,2026-07-04,2026,144,204,52,35,.598,-,-,1,,3,False,-,64
2026-07-05,2026-07-04,2026,143,204,50,39,.562,3.0,+1.5,2,1,4,False,64,
2026-07-05,2026-07-04,2026,146,204,48,42,.533,5.5,1.0,3,4,7,False,61,
2026-07-05,2026-07-04,2026,120,204,46,44,.511,7.5,3.0,4,5,8,False,59,
2026-07-05,2026-07-04,2026,121,204,36,53,.404,17.0,12.5,5,11,14,False,50,
2026-07-05,2026-07-04,2026,158,205,54,33,.621,-,-,1,,2,False,-,61
2026-07-05,2026-07-04,2026,112,205,49,40,.551,6.0,+0.5,2,2,5,False,61,
2026-07-05,2026-07-04,2026,138,205,47,39,.547,6.5,-,3,3,6,False,62,
2026-07-05,2026-07-04,2026,134,205,45,45,.500,10.5,4.0,4,6,9,False,56,
2026-07-05,2026-07-04,2026,113,205,40,48,.455,14.5,8.0,5,9,12,False,53,
2026-07-05,2026-07-04,2026,119,203,59,31,.656,-,-,1,,1,False,-,60
2026-07-05,2026-07-04,2026,109,203,44,44,.500,14.0,4.0,2,7,10,False,60,
2026-07-05,2026-07-04,2026,135,203,43,45,.489,15.0,5.0,3,8,11,False,59,
2026-07-05,2026-07-04,2026,137,203,37,51,.420,21.0,11.0,4,10,13,False,53,
2026-07-05,2026-07-04,2026,115,203,36,54,.400,23.0,13.0,5,12,15,False,50,
2026-07-06,2026-07-05,2026,139,201,52,35,.598,-,-,1,,1,False,-,64
2026-07-06,2026-07-05,2026,147,201,49,40,.551,4.0,+4.5,2,1,2,False,64,
2026-07-06,2026-07-05,2026,141,201,42,48,.467,11.5,3.0,3,6,9,False,57,
2026-07-06,2026-07-05,2026,110,201,42,49,.462,12.0,3.5,4,7,10,False,55,
2026-07-06,2026-07-05,2026,111,201,40,48,.455,12.5,4.0,5,9,12,False,57,
2026-07-06,2026-07-05,2026,145,202,47,42,.528,-,-,1,,3,False,-,63
2026-07-06,2026-07-05,2026,114,202,47,44,.516,1.0,+1.5,2,2,4,False,63,
2026-07-06,2026-07-05,2026,142,202,44,47,.484,4.0,1.5,3,5,8,False,60,
2026-07-06,2026-07-05,2026,116,202,40,50,.444,7.5,5.0,4,10,13,False,57,
2026-07-06,2026-07-05,2026,118,202,36,54,.400,11.5,9.0,5,11,14,False,53,
2026-07-06,2026-07-05,2026,136,200,47,44,.516,-,-,1,,5,False,-,62
2026-07-06,2026-07-05,2026,140,200,45,45,.500,1.5,-,2,3,6,False,62,
2026-07-06,2026-07-05,2026,117,200,45,47,.489,2.5,1.0,3,4,7,False,60,
2026-07-06,2026-07-05,2026,133,200,41,49,.456,5.5,4.0,4,8,11,False,58,
2026-07-06,2026-07-05,2026,108,200,36,55,.396,11.0,9.5,5,12,15,False,52,
2026-07-06,2026-07-05,2026,144,204,52,36,.591,-,-,1,,3,False,-,63
2026-07-06,2026-07-05,2026,143,204,50,40,.556,3.0,+1.5,2,2,5,False,63,
2026-07-06,2026-07-05,2026,146,204,49,42,.538,4.5,-,3,4,7,False,61,
2026-07-06,2026-07-05,2026,120,204,46,45,.505,7.5,3.0,4,6,9,False,58,
2026-07-06,2026-07-05,2026,121,204,37,53,.411,16.0,11.5,5,11,14,False,50,
2026-07-06,2026-07-05,2026,158,205,55,33,.625,-,-,1,,2,False,-,60
2026-07-06,2026-07-05,2026,112,205,50,40,.556,6.0,+1.5,2,1,4,False,60,
2026-07-06,2026-07-05,2026,138,205,47,40,.540,7.5,-,3,3,6,False,61,
2026-07-06,2026-07-05,2026,134,205,46,45,.505,10.5,3.0,4,5,8,False,56,
2026-07-06,2026-07-05,2026,113,205,41,48,.461,14.5,7.0,5,9,12,False,52,
2026-07-06,2026-07-05,2026,119,203,59,32,.648,-,-,1,,1,False,-,59
2026-07-06,2026-07-05,2026,109,203,44,45,.494,14.0,4.0,2,7,10,False,59,
2026-07-06,2026-07-05,2026,135,203,44,45,.494,14.0,4.0,3,8,11,False,59,
2026-07-06,2026-07-05,2026,137,203,37,52,.416,21.0,11.0,4,10,13,False,52,
2026-07-06,2026-07-05,2026,115,203,37,54,.407,22.0,12.0,5,12,15,False,50,
2026-07-07,2026-07-06,2026,139,201,52,36,.591,-,-,1,,1,False,-,64
2026-07-07,2026-07-06,2026,147,201,50,40,.556,3.0,+5.0,2,1,2,False,64,
2026-07-07,2026-07-06,2026,141,201,42,49,.462,11.5,3.5,3,6,9,False,56,
2026-07-07,2026-07-06,2026,110,201,42,49,.462,11.5,3.5,4,7,10,False,55,
2026-07-07,2026-07-06,2026,111,201,40,48,.455,12.0,4.0,5,9,12,False,57,
2026-07-07,2026-07-06,2026,145,202,47,42,.528,-,-,1,,3,False,-,63
2026-07-07,2026-07-06,2026,114,202,47,44,.516,1.0,+1.5,2,2,4,False,63,
2026-07-07,2026-07-06,2026,142,202,44,47,.484,4.0,1.5,3,5,8,False,60,
2026-07-07,2026-07-06,2026,116,202,40,50,.444,7.5,5.0,4,10,13,False,57,
2026-07-07,2026-07-06,2026,118,202,37,54,.407,11.0,8.5,5,11,14,False,53,
2026-07-07,2026-07-06,2026,136,200,47,44,.516,-,-,1,,5,False,-,62
2026-07-07,2026-07-06,2026,140,200,45,45,.500,1.5,-,2,3,6,False,62,
2026-07-07,2026-07-06,2026,117,200,45,48,.484,3.0,1.5,3,4,7,False,59,
2026-07-07,2026-07-06,2026,133,200,41,49,.456,5.5,4.0,4,8,11,False,58,
2026-07-07,2026-07-06,2026,108,200,36,55,.396,11.0,9.5,5,12,15,False,52,
2026-07-07,2026-07-06,2026,144,204,52,37,.584,-,-,1,,3,False,-,61
2026-07-07,2026-07-06,2026,143,204,50,41,.549,3.0,+1.0,2,2,5,False,61,
2026-07-07,2026-07-06,2026,146,204,49,42,.538,4.0,-,3,3,6,False,60,
2026-07-07,2026-07-06,2026,120,204,47,45,.511,6.5,2.5,4,5,8,False,57,
2026-07-07,2026-07-06,2026,121,204,38,53,.418,15.0,11.0,5,11,14,False,50,
2026-07-07,2026-07-06,2026,158,205,56,33,.629,-,-,1,,2,False,-,60
2026-07-07,2026-07-06,2026,112,205,50,40,.556,6.5,+1.5,2,1,4,False,60,
2026-07-07,2026-07-06,2026,138,205,47,41,.534,8.5,0.5,3,4,7,False,60,
2026-07-07,2026-07-06,2026,134,205,46,45,.505,11.0,3.0,4,6,9,False,56,
2026-07-07,2026-07-06,2026,113,205,41,48,.461,15.0,7.0,5,9,12,False,52,
2026-07-07,2026-07-06,2026,119,203,60,32,.652,-,-,1,,1,False,-,58
2026-07-07,2026-07-06,2026,109,203,45,45,.500,14.0,3.5,2,7,10,False,58,
2026-07-07,2026-07-06,2026,135,203,44,46,.489,15.0,4.5,3,8,11,False,57,
2026-07-07,2026-07-06,2026,137,203,38,52,.422,21.0,10.5,4,10,13,False,51,
2026-07-07,2026-07-06,2026,115,203,37,55,.402,23.0,12.5,5,12,15,False,48,
2026-07-08,2026-07-07,2026,139,201,53,36,.596,-,-,1,,1,False,-,63
2026-07-08,2026-07-07,2026,147,201,50,41,.549,4.0,+4.0,2,1,2,False,63,
2026-07-08,2026-07-07,2026,141,201,43,49,.467,11.5,3.5,3,6,9,False,55,
2026-07-08,2026-07-07,2026,111,201,41,48,.461,12.0,4.0,4,7,10,False,56,
2026-07-08,2026-07-07,2026,110,201,42,50,.457,12.5,4.5,5,8,11,False,54,
2026-07-08,2026-07-07,2026,145,202,47,43,.522,-,-,1,,3,False,-,61
2026-07-08,2026-07-07,2026,114,202,47,45,.511,1.0,+0.5,2,2,4,False,61,
2026-07-08,2026-07-07,2026,142,202,45,47,.489,3.0,1.5,3,5,8,False,59,
2026-07-08,2026-07-07,2026,116,202,41,50,.451,6.5,5.0,4,9,12,False,56,
2026-07-08,2026-07-07,2026,118,202,38,54,.413,10.0,8.5,5,11,14,False,52,
2026-07-08,2026-07-07,2026,136,200,47,45,.511,-,-,1,,5,False,-,62
2026-07-08,2026-07-07,2026,140,200,46,45,.505,0.5,-,2,3,6,False,62,
2026-07-08,2026-07-07,2026,117,200,46,48,.489,2.0,1.5,3,4,7,False,59,
2026-07-08,2026-07-07,2026,133,200,41,50,.451,5.5,5.0,4,10,13,False,57,
2026-07-08,2026-07-07,2026,108,200,36,56,.391,11.0,10.5,5,12,15,False,51,
2026-07-08,2026-07-07,2026,144,204,52,38,.578,-,-,1,,3,False,-,61
2026-07-08,2026-07-07,2026,143,204,51,41,.554,2.0,+1.0,2,2,5,False,61,
2026-07-08,2026-07-07,2026,146,204,50,42,.543,3.0,-,3,3,6,False,60,
2026-07-08,2026-07-07,2026,120,204,47,46,.505,6.5,3.5,4,6,9,False,56,
2026-07-08,2026-07-07,2026,121,204,38,54,.413,15.0,12.0,5,11,14,False,48,
2026-07-08,2026-07-07,2026,158,205,58,33,.637,-,-,1,,2,False,-,60
2026-07-08,2026-07-07,2026,112,205,51,40,.560,7.0,+1.5,2,1,4,False,60,
2026-07-08,2026-07-07,2026,138,205,47,43,.522,10.5,2.0,3,4,7,False,57,
2026-07-08,2026-07-07,2026,134,205,47,45,.511,11.5,3.0,4,5,8,False,55,
2026-07-08,2026-07-07,2026,113,205,41,49,.456,16.5,8.0,5,9,12,False,51,
2026-07-08,2026-07-07,2026,119,203,60,33,.645,-,-,1,,1,False,-,57
2026-07-08,2026-07-07,2026,109,203,45,46,.495,14.0,4.5,2,7,10,False,57,
2026-07-08,2026-07-07,2026,135,203,45,46,.495,14.0,4.5,3,8,11,False,57,
2026-07-08,2026-07-07,2026,137,203,38,53,.418,21.0,11.5,4,10,13,False,50,
2026-07-08,2026-07-07,2026,115,203,38,55,.409,22.0,12.5,5,12,15,False,48,
2026-07-09,2026-07-08,2026,139,201,54,36,.600,-,-,1,,1,False,-,62
2026-07-09,2026-07-08,2026,147,201,50,42,.543,5.0,+4.0,2,1,2,False,62,
2026-07-09,2026-07-08,2026,141,201,44,49,.473,11.5,2.5,3,6,9,False,55,
2026-07-09,2026-07-08,2026,111,201,42,48,.467,12.0,3.0,4,7,10,False,56,
2026-07-09,2026-07-08,2026,110,201,42,51,.452,13.5,4.5,5,9,12,False,53,
2026-07-09,2026-07-08,2026,145,202,47,44,.516,-,-,1,,3,False,-,60
2026-07-09,2026-07-08,2026,114,202,47,46,.505,1.0,+0.5,2,2,4,False,60,
2026-07-09,2026-07-08,2026,142,202,46,47,.495,2.0,0.5,3,4,7,False,59,
2026-07-09,2026-07-08,2026,116,202,42,50,.457,5.5,4.0,4,8,11,False,56,
2026-07-09,2026-07-08,2026,118,202,38,55,.409,10.0,8.5,5,11,14,False,51,
2026-07-09,2026-07-08,2026,136,200,47,46,.505,-,-,1,,5,False,-,61
2026-07-09,2026-07-08,2026,140,200,46,46,.500,0.5,-,2,3,6,False,61,
2026-07-09,2026-07-08,2026,117,200,46,49,.484,2.0,1.5,3,5,8,False,58,
2026-07-09,2026-07-08,2026,133,200,41,51,.446,5.5,5.0,4,10,13,False,56,
2026-07-09,2026-07-08,2026,108,200,37,56,.398,10.0,9.5,5,12,15,False,51,
2026-07-09,2026-07-08,2026,144,204,53,38,.582,-,-,1,,3,False,-,59
2026-07-09,2026-07-08,2026,143,204,51,42,.548,3.0,-,2,2,5,False,59,
2026-07-09,2026-07-08,2026,146,204,51,42,.548,3.0,-,3,3,6,False,59,
2026-07-09,2026-07-08,2026,120,204,48,46,.511,6.5,3.5,4,5,8,False,55,
2026-07-09,2026-07-08,2026,121,204,39,54,.419,15.0,12.0,5,10,13,False,47,
2026-07-09,2026-07-08,2026,158,205,58,34,.630,-,-,1,,2,False,-,59
2026-07-09,2026-07-08,2026,112,205,52,40,.565,6.0,+1.5,2,1,4,False,59,
2026-07-09,2026-07-08,2026,138,205,48,43,.527,9.5,2.0,3,4,7,False,57,
2026-07-09,2026-07-08,2026,134,205,47,46,.505,11.5,4.0,4,6,9,False,54,
2026-07-09,2026-07-08,2026,113,205,42,49,.462,15.5,8.0,5,9,12,False,51,
2026-07-09,2026-07-08,2026,119,203,61,33,.649,-,-,1,,1,False,-,56
2026-07-09,2026-07-08,2026,135,203,46,46,.500,14.0,4.5,2,7,10,False,56,
2026-07-09,2026-07-08,2026,109,203,45,47,.489,15.0,5.5,3,8,11,False,55,
2026-07-09,2026-07-08,2026,137,203,38,54,.413,22.0,12.5,4,11,14,False,48,
2026-07-09,2026-07-08,2026,115,203,38,56,.404,23.0,13.5,5,12,15,False,46,
2026-07-10,2026-07-09,2026,139,201,54,37,.593,-,-,1,,1,False,-,61
2026-07-10,2026-07-09,2026,147,201,51,42,.548,4.0,+4.5,2,1,2,False,61,
2026-07-10,2026-07-09,2026,141,201,44,49,.473,11.0,2.5,3,6,9,False,54,
2026-07-10,2026-07-09,2026,111,201,43,48,.473,11.0,2.5,4,7,10,False,55,
2026-07-10,2026-07-09,2026,110,201,43,51,.457,12.5,4.0,5,9,12,False,52,
2026-07-10,2026-07-09,2026,145,202,47,45,.511,-,-,1,,3,False,-,60
2026-07-10,2026-07-09,2026,114,202,48,46,.511,-,+1.0,2,2,4,False,60,
2026-07-10,2026-07-09,2026,142,202,46,48,.489,2.0,1.0,3,4,7,False,58,
2026-07-10,2026-07-09,2026,116,202,43,50,.462,4.5,3.5,4,8,11,False,56,
2026-07-10,2026-07-09,2026,118,202,38,56,.404,10.0,9.0,5,11,14,False,50,
2026-07-10,2026-07-09,2026,140,200,47,46,.505,-,-,1,,5,False,-,60
2026-07-10,2026-07-09,2026,136,200,47,47,.500,0.5,-,2,3,6,False,60,
2026-07-10,2026-07-09,2026,117,200,46,49,.484,2.0,1.5,3,5,8,False,58,
2026-07-10,2026-07-09,2026,133,200,41,52,.441,6.0,5.5,4,10,13,False,55,
2026-07-10,2026-07-09,2026,108,200,37,57,.394,10.5,10.0,5,12,15,False,50,
2026-07-10,2026-07-09,2026,144,204,54,38,.587,-,-,1,,3,False,-,58
2026-07-10,2026-07-09,2026,143,204,52,42,.553,3.0,-,2,2,5,False,58,
2026-07-10,2026-07-09,2026,146,204,52,42,.553,3.0,-,3,3,6,False,58,
2026-07-10,2026-07-09,2026,120,204,48,46,.511,7.0,4.0,4,5,8,False,54,
2026-07-10,2026-07-09,2026,121,204,40,54,.426,15.0,12.0,5,10,13,False,47,
2026-07-10,2026-07-09,2026,158,205,59,34,.634,-,-,1,,2,False,-,58
2026-07-10,2026-07-09,2026,112,205,52,41,.559,7.0,+0.5,2,1,4,False,58,
2026-07-10,2026-07-09,2026,138,205,48,44,.522,10.5,3.0,3,4,7,False,56,
2026-07-10,2026-07-09,2026,134,205,47,47,.500,12.5,5.0,4,6,9,False,53,
2026-07-10,2026-07-09,2026,113,205,42,50,.457,16.5,9.0,5,9,12,False,50,
2026-07-10,2026-07-09,2026,119,203,61,33,.649,-,-,1,,1,False,-,55
2026-07-10,2026-07-09,2026,109,203,46,47,.495,14.5,5.5,2,7,10,False,55,
2026-07-10,2026-07-09,2026,135,203,46,47,.495,14.5,5.5,3,8,11,False,55,
2026-07-10,2026-07-09,2026,137,203,39,54,.419,21.5,12.5,4,11,14,False,48,
2026-07-10,2026-07-09,2026,115,203,38,57,.400,23.5,14.5,5,12,15,False,45,
2026-07-11,2026-07-10,2026,139,201,55,37,.598,-,-,1,,1,False,-,60
2026-07-11,2026-07-10,2026,147,201,52,42,.553,4.0,+5.5,2,1,2,False,60,
2026-07-11,2026-07-10,2026,141,201,45,49,.479,11.0,1.5,3,6,9,False,53,
2026-07-11,2026-07-10,2026,111,201,44,48,.478,11.0,1.5,4,7,10,False,54,
2026-07-11,2026-07-10,2026,110,201,44,51,.463,12.5,3.0,5,9,12,False,51,
2026-07-11,2026-07-10,2026,145,202,48,45,.516,-,-,1,,3,False,-,59
2026-07-11,2026-07-10,2026,114,202,49,46,.516,-,+2.0,2,2,4,False,59,
2026-07-11,2026-07-10,2026,142,202,46,49,.484,3.0,1.0,3,4,7,False,56,
2026-07-11,2026-07-10,2026,116,202,44,50,.468,4.5,2.5,4,8,11,False,55,
2026-07-11,2026-07-10,2026,118,202,38,57,.400,11.0,9.0,5,11,14,False,48,
2026-07-11,2026-07-10,2026,140,200,48,46,.511,-,-,1,,5,False,-,59
2026-07-11,2026-07-10,2026,136,200,47,48,.495,1.5,-,2,3,6,False,59,
2026-07-11,2026-07-10,2026,117,200,46,50,.479,3.0,1.5,3,5,8,False,57,
2026-07-11,2026-07-10,2026,133,200,41,53,.436,7.0,5.5,4,10,13,False,54,
2026-07-11,2026-07-10,2026,108,200,38,57,.400,10.5,9.0,5,12,15,False,50,
2026-07-11,2026-07-10,2026,144,204,54,39,.581,-,-,1,,3,False,-,57
2026-07-11,2026-07-10,2026,143,204,52,43,.547,3.0,-,2,2,5,False,57,
2026-07-11,2026-07-10,2026,146,204,52,43,.547,3.0,-,3,3,6,False,57,
2026-07-11,2026-07-10,2026,120,204,48,47,.505,7.0,4.0,4,5,8,False,53,
2026-07-11,2026-07-10,2026,121,204,40,55,.421,15.0,12.0,5,10,13,False,46,
2026-07-11,2026-07-10,2026,158,205,59,34,.634,-,-,1,,2,False,-,57
2026-07-11,2026-07-10,2026,112,205,52,42,.553,7.5,+0.5,2,1,4,False,57,
2026-07-11,2026-07-10,2026,138,205,49,44,.527,10.0,2.0,3,4,7,False,55,
2026-07-11,2026-07-10,2026,134,205,47,47,.500,12.5,4.5,4,6,9,False,53,
2026-07-11,2026-07-10,2026,113,205,43,50,.462,16.0,8.0,5,9,12,False,49,
2026-07-11,2026-07-10,2026,119,203,61,34,.642,-,-,1,,1,False,-,55
2026-07-11,2026-07-10,2026,109,203,47,47,.500,13.5,4.5,2,7,10,False,55,
2026-07-11,2026-07-10,2026,135,203,46,48,.489,14.5,5.5,3,8,11,False,54,
2026-07-11,2026-07-10,2026,137,203,39,55,.415,21.5,12.5,4,11,14,False,47,
2026-07-11,2026-07-10,2026,115,203,39,57,.406,22.5,13.5,5,12,15,False,45,
2026-07-12,2026-07-11,2026,139,201,56,37,.602,-,-,1,,1,False,-,59
2026-07-12,2026-07-11,2026,147,201,53,42,.558,4.0,+6.5,2,1,2,False,59,
2026-07-12,2026-07-11,2026,111,201,45,48,.484,11.0,0.5,3,6,9,False,53,
2026-07-12,2026-07-11,2026,141,201,45,50,.474,12.0,1.5,4,7,10,False,52,
2026-07-12,2026-07-11,2026,110,201,45,51,.469,12.5,2.0,5,8,11,False,50,
2026-07-12,2026-07-11,2026,145,202,49,45,.521,-,-,1,,3,False,-,58
2026-07-12,2026-07-11,2026,114,202,50,46,.521,-,+3.0,2,2,4,False,58,
2026-07-12,2026-07-11,2026,142,202,47,49,.490,3.0,-,3,4,7,False,56,
2026-07-12,2026-07-11,2026,116,202,44,51,.463,5.5,2.5,4,9,12,False,53,
2026-07-12,2026-07-11,2026,118,202,38,58,.396,12.0,9.0,5,11,14,False,47,
2026-07-12,2026-07-11,2026,140,200,48,47,.505,-,-,1,,5,False,-,58
2026-07-12,2026-07-11,2026,136,200,47,49,.490,1.5,-,2,3,6,False,58,
2026-07-12,2026-07-11,2026,117,200,47,50,.485,2.0,0.5,3,5,8,False,57,
2026-07-12,2026-07-11,2026,133,200,41,54,.432,7.0,5.5,4,10,13,False,53,
2026-07-12,2026-07-11,2026,108,200,38,58,.396,10.5,9.0,5,12,15,False,49,
2026-07-12,2026-07-11,2026,144,204,54,40,.574,-,-,1,,3,False,-,57
2026-07-12,2026-07-11,2026,143,204,53,43,.552,2.0,+1.0,2,2,5,False,57,
2026-07-12,2026-07-11,2026,146,204,52,44,.542,3.0,-,3,3,6,False,56,
2026-07-12,2026-07-11,2026,120,204,48,48,.500,7.0,4.0,4,7,10,False,52,
2026-07-12,2026-07-11,2026,121,204,40,56,.417,15.0,12.0,5,11,14,False,44,
2026-07-12,2026-07-11,2026,158,205,59,36,.621,-,-,1,,2,False,-,57
2026-07-12,2026-07-11,2026,112,205,53,42,.558,6.0,+1.5,2,1,4,False,57,
2026-07-12,2026-07-11,2026,138,205,50,44,.532,8.5,1.0,3,4,7,False,55,
2026-07-12,2026-07-11,2026,134,205,49,47,.510,10.5,3.0,4,5,8,False,52,
2026-07-12,2026-07-11,2026,113,205,43,51,.457,15.5,8.0,5,9,12,False,48,
2026-07-12,2026-07-11,2026,119,203,61,35,.635,-,-,1,,1,False,-,55
2026-07-12,2026-07-11,2026,109,203,48,47,.505,12.5,3.5,2,6,9,False,55,
2026-07-12,2026-07-11,2026,135,203,47,48,.495,13.5,4.5,3,8,11,False,54,
2026-07-12,2026-07-11,2026,137,203,40,55,.421,20.5,11.5,4,10,13,False,47,
2026-07-12,2026-07-11,2026,115,203,39,58,.402,22.5,13.5,5,12,15,False,44,
2026-07-16,2026-07-15,2026,139,201,56,38,.596,-,-,1,,1,False,-,59
2026-07-16,2026-07-15,2026,147,201,54,42,.563,3.0,+6.5,2,1,2,False,59,
2026-07-16,2026-07-15,2026,111,201,46,48,.489,10.0,0.5,3,5,8,False,53,
2026-07-16,2026-07-15,2026,110,201,46,51,.474,11.5,2.0,4,7,10,False,50,
2026-07-16,2026-07-15,2026,141,201,45,51,.469,12.0,2.5,5,8,11,False,50,
2026-07-16,2026-07-15,2026,145,202,50,45,.526,-,-,1,,3,False,-,58
2026-07-16,2026-07-15,2026,114,202,51,46,.526,-,+3.0,2,2,4,False,58,
2026-07-16,2026-07-15,2026,142,202,48,49,.495,3.0,-,3,4,7,False,55,
2026-07-16,2026-07-15,2026,116,202,44,52,.458,6.5,3.5,4,9,12,False,52,
2026-07-16,2026-07-15,2026,118,202,38,59,.392,13.0,10.0,5,11,14,False,45,
2026-07-16,2026-07-15,2026,140,200,49,47,.510,-,-,1,,5,False,-,57
2026-07-16,2026-07-15,2026,136,200,48,49,.495,1.5,-,2,3,6,False,57,
2026-07-16,2026-07-15,2026,117,200,47,51,.480,3.0,1.5,3,6,9,False,55,
2026-07-16,2026-07-15,2026,133,200,41,55,.427,8.0,6.5,4,10,13,False,52,
2026-07-16,2026-07-15,2026,108,200,38,59,.392,11.5,10.0,5,12,15,False,48,
2026-07-16,2026-07-15,2026,144,204,55,40,.579,-,-,1,,3,False,-,57
2026-07-16,2026-07-15,2026,143,204,54,43,.557,2.0,+2.0,2,2,5,False,57,
2026-07-16,2026-07-15,2026,146,204,52,45,.536,4.0,-,3,3,6,False,55,
2026-07-16,2026-07-15,2026,120,204,48,49,.495,8.0,4.0,4,8,11,False,51,
2026-07-16,2026-07-15,2026,121,204,40,57,.412,16.0,12.0,5,11,14,False,43,
2026-07-16,2026-07-15,2026,158,205,59,37,.615,-,-,1,,2,False,-,57
2026-07-16,2026-07-15,2026,112,205,54,42,.563,5.0,+2.5,2,1,4,False,57,
2026-07-16,2026-07-15,2026,138,205,50,45,.526,8.5,1.0,3,4,7,False,54,
2026-07-16,2026-07-15,2026,134,205,50,47,.515,9.5,2.0,4,5,8,False,52,
2026-07-16,2026-07-15,2026,113,205,43,52,.453,15.5,8.0,5,9,12,False,47,
2026-07-16,2026-07-15,2026,119,203,61,36,.629,-,-,1,,1,False,-,55
2026-07-16,2026-07-15,2026,109,203,49,47,.510,11.5,2.5,2,6,9,False,55,
2026-07-16,2026-07-15,2026,135,203,48,48,.500,12.5,3.5,3,7,10,False,54,
2026-07-16,2026-07-15,2026,137,203,41,55,.427,19.5,10.5,4,10,13,False,47,
2026-07-16,2026-07-15,2026,115,203,39,59,.398,22.5,13.5,5,12,15,False,43,
2026-07-17,2026-07-16,2026,139,201,56,38,.596,-,-,1,,1,False,-,59
2026-07-17,2026-07-16,2026,147,201,54,42,.563,3.0,+6.5,2,1,2,False,59,
2026-07-17,2026-07-16,2026,111,201,46,48,.489,10.0,0.5,3,5,8,False,53,
2026-07-17,2026-07-16,2026,110,201,46,51,.474,11.5,2.0,4,7,10,False,50,
2026-07-17,2026-07-16,2026,141,201,45,51,.469,12.0,2.5,5,8,11,False,50,
2026-07-17,2026-07-16,2026,145,202,50,45,.526,-,-,1,,3,False,-,58
2026-07-17,2026-07-16,2026,114,202,51,46,.526,-,+3.0,2,2,4,False,58,
2026-07-17,2026-07-16,2026,142,202,48,49,.495,3.0,-,3,4,7,False,55,
2026-07-17,2026-07-16,2026,116,202,44,52,.458,6.5,3.5,4,9,12,False,52,
2026-07-17,2026-07-16,2026,118,202,38,59,.392,13.0,10.0,5,11,14,False,45,
2026-07-17,2026-07-16,2026,140,200,49,47,.510,-,-,1,,5,False,-,57
2026-07-17,2026-07-16,2026,136,200,48,49,.495,1.5,-,2,3,6,False,57,
2026-07-17,2026-07-16,2026,117,200,47,51,.480,3.0,1.5,3,6,9,False,55,
2026-07-17,2026-07-16,2026,133,200,41,55,.427,8.0,6.5,4,10,13,False,52,
2026-07-17,2026-07-16,2026,108,200,38,59,.392,11.5,10.0,5,12,15,False,48,
2026-07-17,2026-07-16,2026,144,204,55,40,.579,-,-,1,,3,False,-,56
2026-07-17,2026-07-16,2026,143,204,54,44,.551,2.5,+1.5,2,2,5,False,56,
2026-07-17,2026-07-16,2026,146,204,52,45,.536,4.0,-,3,3,6,False,55,
2026-07-17,2026-07-16,2026,120,204,48,49,.495,8.0,4.0,4,8,11,False,51,
2026-07-17,2026-07-16,2026,121,204,41,57,.418,15.5,11.5,5,11,14,False,43,
2026-07-17,2026-07-16,2026,158,205,59,37,.615,-,-,1,,2,False,-,57
2026-07-17,2026-07-16,2026,112,205,54,42,.563,5.0,+2.5,2,1,4,False,57,
2026-07-17,2026-07-16,2026,138,205,50,45,.526,8.5,1.0,3,4,7,False,54,
2026-07-17,2026-07-16,2026,134,205,50,47,.515,9.5,2.0,4,5,8,False,52,
2026-07-17,2026-07-16,2026,113,205,43,52,.453,15.5,8.0,5,9,12,False,47,
2026-07-17,2026-07-16,2026,119,203,61,36,.629,-,-,1,,1,False,-,55
2026-07-17,2026-07-16,2026,109,203,49,47,.510,11.5,2.5,2,6,9,False,55,
2026-07-17,2026-07-16,2026,135,203,48,48,.500,12.5,3.5,3,7,10,False,54,
2026-07-17,2026-07-16,2026,137,203,41,55,.427,19.5,10.5,4,10,13,False,47,
2026-07-17,2026-07-16,2026,115,203,39,59,.398,22.5,13.5,5,12,15,False,43,
2026-07-18,2026-07-17,2026,139,201,56,40,.583,-,-,1,,1,False,-,58
2026-07-18,2026-07-17,2026,147,201,54,43,.557,2.5,+5.5,2,1,2,False,58,
2026-07-18,2026-07-17,2026,111,201,48,48,.500,8.0,-,3,4,7,False,53,
2026-07-18,2026-07-17,2026,110,201,47,51,.480,10.0,2.0,4,6,9,False,50,
2026-07-18,2026-07-17,2026,141,201,45,52,.464,11.5,3.5,5,8,11,False,49,
2026-07-18,2026-07-17,2026,145,202,51,45,.531,-,-,1,,3,False,-,57
2026-07-18,2026-07-17,2026,114,202,51,46,.526,0.5,+2.5,2,2,4,False,57,
2026-07-18,2026-07-17,2026,142,202,49,49,.500,3.0,-,3,3,6,False,54,
2026-07-18,2026-07-17,2026,116,202,45,52,.464,6.5,3.5,4,9,12,False,51,
2026-07-18,2026-07-17,2026,118,202,39,59,.398,13.0,10.0,5,11,14,False,44,
2026-07-18,2026-07-17,2026,140,200,49,48,.505,-,-,1,,5,False,-,56
2026-07-18,2026-07-17,2026,136,200,48,50,.490,1.5,1.0,2,5,8,False,56,
2026-07-18,2026-07-17,2026,117,200,47,52,.475,3.0,2.5,3,7,10,False,54,
2026-07-18,2026-07-17,2026,133,200,41,56,.423,8.0,7.5,4,10,13,False,51,
2026-07-18,2026-07-17,2026,108,200,38,60,.388,11.5,11.0,5,12,15,False,47,
2026-07-18,2026-07-17,2026,144,204,56,40,.583,-,-,1,,3,False,-,55
2026-07-18,2026-07-17,2026,143,204,54,44,.551,3.0,+2.0,2,2,5,False,55,
2026-07-18,2026-07-17,2026,146,204,52,46,.531,5.0,-,3,4,7,False,53,
2026-07-18,2026-07-17,2026,120,204,49,49,.500,8.0,3.0,4,7,10,False,50,
2026-07-18,2026-07-17,2026,121,204,41,57,.418,16.0,11.0,5,11,14,False,43,
2026-07-18,2026-07-17,2026,158,205,60,37,.619,-,-,1,,2,False,-,56
2026-07-18,2026-07-17,2026,112,205,54,43,.557,6.0,+2.5,2,1,4,False,56,
2026-07-18,2026-07-17,2026,138,205,51,45,.531,8.5,-,3,3,6,False,54,
2026-07-18,2026-07-17,2026,134,205,50,47,.515,10.0,1.5,4,5,8,False,52,
2026-07-18,2026-07-17,2026,113,205,44,52,.458,15.5,7.0,5,9,12,False,47,
2026-07-18,2026-07-17,2026,119,203,62,36,.633,-,-,1,,1,False,-,53
2026-07-18,2026-07-17,2026,109,203,49,48,.505,12.5,2.5,2,6,9,False,53,
2026-07-18,2026-07-17,2026,135,203,48,49,.495,13.5,3.5,3,8,11,False,52,
2026-07-18,2026-07-17,2026,137,203,42,55,.433,19.5,9.5,4,10,13,False,46,
2026-07-18,2026-07-17,2026,115,203,39,60,.394,23.5,13.5,5,12,15,False,41,
2026-07-19,2026-07-18,2026,139,201,56,41,.577,-,-,1,,1,False,-,57
2026-07-19,2026-07-18,2026,147,201,54,43,.557,2.0,+5.0,2,1,2,False,57,
2026-07-19,2026-07-18,2026,111,201,49,48,.505,7.0,-,3,3,6,False,52,
2026-07-19,2026-07-18,2026,110,201,48,51,.485,9.0,2.0,4,6,9,False,49,
2026-07-19,2026-07-18,2026,141,201,46,52,.469,10.5,3.5,5,8,11,False,48,
2026-07-19,2026-07-18,2026,145,202,51,46,.526,-,-,1,,3,False,-,55
2026-07-19,2026-07-18,2026,114,202,52,47,.525,-,+2.0,2,2,4,False,55,
2026-07-19,2026-07-18,2026,142,202,49,50,.495,3.0,1.0,3,5,8,False,53,
2026-07-19,2026-07-18,2026,116,202,46,52,.469,5.5,3.5,4,9,12,False,50,
2026-07-19,2026-07-18,2026,118,202,40,59,.404,12.0,10.0,5,11,14,False,44,
2026-07-19,2026-07-18,2026,140,200,50,48,.510,-,-,1,,5,False,-,56
2026-07-19,2026-07-18,2026,136,200,49,50,.495,1.5,1.0,2,4,7,False,56,
2026-07-19,2026-07-18,2026,117,200,47,53,.470,4.0,3.5,3,7,10,False,53,
2026-07-19,2026-07-18,2026,133,200,42,56,.429,8.0,7.5,4,10,13,False,50,
2026-07-19,2026-07-18,2026,108,200,38,61,.384,12.5,12.0,5,12,15,False,45,
2026-07-19,2026-07-18,2026,144,204,56,41,.577,-,-,1,,3,False,-,55
2026-07-19,2026-07-18,2026,143,204,55,44,.556,2.0,+3.0,2,2,5,False,55,
2026-07-19,2026-07-18,2026,146,204,52,47,.525,5.0,-,3,4,7,False,52,
2026-07-19,2026-07-18,2026,120,204,49,50,.495,8.0,3.0,4,7,10,False,49,
2026-07-19,2026-07-18,2026,121,204,41,58,.414,16.0,11.0,5,11,14,False,42,
2026-07-19,2026-07-18,2026,158,205,61,37,.622,-,-,1,,2,False,-,55
2026-07-19,2026-07-18,2026,112,205,55,43,.561,6.0,+3.5,2,1,4,False,55,
2026-07-19,2026-07-18,2026,138,205,51,46,.526,9.5,-,3,3,6,False,52,
2026-07-19,2026-07-18,2026,134,205,51,48,.515,10.5,1.0,4,5,8,False,50,
2026-07-19,2026-07-18,2026,113,205,44,53,.454,16.5,7.0,5,9,12,False,45,
2026-07-19,2026-07-18,2026,119,203,62,36,.633,-,-,1,,1,False,-,53
2026-07-19,2026-07-18,2026,109,203,50,48,.510,12.0,1.5,2,6,9,False,53,
2026-07-19,2026-07-18,2026,135,203,48,50,.490,14.0,3.5,3,8,11,False,51,
2026-07-19,2026-07-18,2026,137,203,42,56,.429,20.0,9.5,4,10,13,False,45,
2026-07-19,2026-07-18,2026,115,203,40,60,.400,23.0,12.5,5,12,15,False,41,
2026-07-20,2026-07-19,2026,139,201,56,42,.571,-,-,1,,1,False,-,56
2026-07-20,2026-07-19,2026,147,201,55,44,.556,1.5,+4.5,2,1,2,False,56,
2026-07-20,2026-07-19,2026,111,201,50,48,.510,6.0,-,3,3,5,False,52,
2026-07-20,2026-07-19,2026,110,201,49,51,.490,8.0,2.0,4,5,8,False,49,
2026-07-20,2026-07-19,2026,141,201,46,53,.465,10.5,4.5,5,8,11,False,47,
2026-07-20,2026-07-19,2026,145,202,52,46,.531,-,-,1,,3,False,-,54
2026-07-20,2026-07-19,2026,114,202,52,48,.520,1.0,+1.0,2,2,4,False,54,
2026-07-20,2026-07-19,2026,142,202,49,51,.490,4.0,2.0,3,6,9,False,51,
2026-07-20,2026-07-19,2026,116,202,46,53,.465,6.5,4.5,4,9,12,False,49,
2026-07-20,2026-07-19,2026,118,202,40,60,.400,13.0,11.0,5,11,14,False,43,
2026-07-20,2026-07-19,2026,140,200,50,49,.505,-,-,1,,6,False,-,55
2026-07-20,2026-07-19,2026,136,200,50,50,.500,0.5,1.0,2,4,7,False,55,
2026-07-20,2026-07-19,2026,117,200,47,54,.465,4.0,4.5,3,7,10,False,51,
2026-07-20,2026-07-19,2026,133,200,42,57,.424,8.0,8.5,4,10,13,False,49,
2026-07-20,2026-07-19,2026,108,200,39,61,.390,11.5,12.0,5,12,15,False,45,
2026-07-20,2026-07-19,2026,144,204,57,41,.582,-,-,1,,3,False,-,54
2026-07-20,2026-07-19,2026,143,204,55,45,.550,3.0,+3.0,2,2,5,False,54,
2026-07-20,2026-07-19,2026,146,204,52,48,.520,6.0,-,3,4,7,False,51,
2026-07-20,2026-07-19,2026,120,204,50,50,.500,8.0,2.0,4,7,10,False,49,
2026-07-20,2026-07-19,2026,121,204,42,58,.420,16.0,10.0,5,11,14,False,41,
2026-07-20,2026-07-19,2026,158,205,62,37,.626,-,-,1,,2,False,-,54
2026-07-20,2026-07-19,2026,112,205,56,43,.566,6.0,+4.5,2,1,4,False,54,
2026-07-20,2026-07-19,2026,138,205,51,47,.520,10.5,-,3,3,6,False,50,
2026-07-20,2026-07-19,2026,134,205,52,48,.520,10.5,-,4,5,8,False,49,
2026-07-20,2026-07-19,2026,113,205,45,53,.459,16.5,6.0,5,9,12,False,44,
2026-07-20,2026-07-19,2026,119,203,63,37,.630,-,-,1,,1,False,-,52
2026-07-20,2026-07-19,2026,109,203,51,48,.515,11.5,0.5,2,6,9,False,52,
2026-07-20,2026-07-19,2026,135,203,49,50,.495,13.5,2.5,3,8,11,False,50,
2026-07-20,2026-07-19,2026,137,203,42,57,.424,20.5,9.5,4,10,13,False,43,
2026-07-20,2026-07-19,2026,115,203,40,61,.396,23.5,12.5,5,12,15,False,39,
2026-07-21,2026-07-20,2026,139,201,57,42,.576,-,-,1,,1,False,-,55
2026-07-21,2026-07-20,2026,147,201,56,44,.560,1.5,+4.5,2,1,2,False,55,
2026-07-21,2026-07-20,2026,111,201,51,48,.515,6.0,-,3,3,5,False,52,
2026-07-21,2026-07-20,2026,110,201,49,52,.485,9.0,3.0,4,5,8,False,48,
2026-07-21,2026-07-20,2026,141,201,46,54,.460,11.5,5.5,5,9,12,False,46,
2026-07-21,2026-07-20,2026,145,202,53,46,.535,-,-,1,,3,False,-,54
2026-07-21,2026-07-20,2026,114,202,53,48,.525,1.0,+1.0,2,2,4,False,54,
2026-07-21,2026-07-20,2026,142,202,49,52,.485,5.0,3.0,3,6,9,False,50,
2026-07-21,2026-07-20,2026,116,202,47,53,.470,6.5,4.5,4,8,11,False,49,
2026-07-21,2026-07-20,2026,118,202,41,60,.406,13.0,11.0,5,11,14,False,42,
2026-07-21,2026-07-20,2026,136,200,51,50,.505,-,-,1,,6,False,-,54
2026-07-21,2026-07-20,2026,140,200,50,50,.500,0.5,1.5,2,4,7,False,54,
2026-07-21,2026-07-20,2026,117,200,48,54,.471,3.5,4.5,3,7,10,False,51,
2026-07-21,2026-07-20,2026,133,200,43,57,.430,7.5,8.5,4,10,13,False,48,
2026-07-21,2026-07-20,2026,108,200,40,61,.396,11.0,12.0,5,12,15,False,44,
2026-07-21,2026-07-20,2026,144,204,58,41,.586,-,-,1,,3,False,-,53
2026-07-21,2026-07-20,2026,143,204,56,45,.554,3.0,+4.0,2,2,5,False,53,
2026-07-21,2026-07-20,2026,146,204,52,49,.515,7.0,-,3,4,7,False,49,
2026-07-21,2026-07-20,2026,120,204,51,50,.505,8.0,1.0,4,7,10,False,48,
2026-07-21,2026-07-20,2026,121,204,42,59,.416,17.0,10.0,5,11,14,False,40,
2026-07-21,2026-07-20,2026,158,205,63,37,.630,-,-,1,,1,False,-,53
2026-07-21,2026-07-20,2026,112,205,56,44,.560,7.0,+4.5,2,1,4,False,53,
2026-07-21,2026-07-20,2026,138,205,51,48,.515,11.5,-,3,3,6,False,49,
2026-07-21,2026-07-20,2026,134,205,52,49,.515,11.5,-,4,5,8,False,48,
2026-07-21,2026-07-20,2026,113,205,45,54,.455,17.5,6.0,5,9,12,False,43,
2026-07-21,2026-07-20,2026,119,203,63,38,.624,-,-,1,,2,False,-,51
2026-07-21,2026-07-20,2026,109,203,51,49,.510,11.5,0.5,2,6,9,False,51,
2026-07-21,2026-07-20,2026,135,203,49,51,.490,13.5,2.5,3,8,11,False,49,
2026-07-21,2026-07-20,2026,137,203,42,58,.420,20.5,9.5,4,10,13,False,42,
2026-07-21,2026-07-20,2026,115,203,40,62,.392,23.5,12.5,5,12,15,False,38,
2026-07-22,2026-07-21,2026,139,201,58,42,.580,-,-,1,,1,False,-,55
2026-07-22,2026-07-21,2026,147,201,56,44,.560,2.0,+4.5,2,1,2,False,55,
2026-07-22,2026-07-21,2026,111,201,51,48,.515,6.5,-,3,3,5,False,52,
2026-07-22,2026-07-21,2026,110,201,49,52,.485,9.5,3.0,4,5,8,False,48,
2026-07-22,2026-07-21,2026,141,201,46,55,.455,12.5,6.0,5,9,12,False,45,
2026-07-22,2026-07-21,2026,145,202,53,47,.530,-,-,1,,3,False,-,54
2026-07-22,2026-07-21,2026,114,202,54,48,.529,-,+1.5,2,2,4,False,54,
2026-07-22,2026-07-21,2026,142,202,49,53,.480,5.0,3.5,3,6,9,False,49,
2026-07-22,2026-07-21,2026,116,202,47,54,.465,6.5,5.0,4,8,11,False,48,
2026-07-22,2026-07-21,2026,118,202,42,60,.412,12.0,10.5,5,11,14,False,42,
2026-07-22,2026-07-21,2026,140,200,51,50,.505,-,-,1,,6,False,-,53
2026-07-22,2026-07-21,2026,136,200,51,51,.500,0.5,1.5,2,4,7,False,53,
2026-07-22,2026-07-21,2026,117,200,49,54,.476,3.0,4.0,3,7,10,False,50,
2026-07-22,2026-07-21,2026,133,200,43,58,.426,8.0,9.0,4,10,13,False,46,
2026-07-22,2026-07-21,2026,108,200,41,61,.402,10.5,11.5,5,12,15,False,43,
2026-07-22,2026-07-21,2026,144,204,58,42,.580,-,-,1,,3,False,-,52
2026-07-22,2026-07-21,2026,143,204,56,46,.549,3.0,+3.5,2,2,5,False,52,
2026-07-22,2026-07-21,2026,146,204,52,50,.510,7.0,0.5,3,6,9,False,48,
2026-07-22,2026-07-21,2026,120,204,51,51,.500,8.0,1.5,4,7,10,False,47,
2026-07-22,2026-07-21,2026,121,204,43,59,.422,16.0,9.5,5,10,13,False,39,
2026-07-22,2026-07-21,2026,158,205,63,38,.624,-,-,1,,2,False,-,52
2026-07-22,2026-07-21,2026,112,205,57,44,.564,6.0,+5.0,2,1,4,False,52,
2026-07-22,2026-07-21,2026,134,205,52,49,.515,11.0,-,3,3,6,False,48,
2026-07-22,2026-07-21,2026,138,205,51,49,.510,11.5,0.5,4,5,8,False,48,
2026-07-22,2026-07-21,2026,113,205,46,54,.460,16.5,5.5,5,9,12,False,43,
2026-07-22,2026-07-21,2026,119,203,64,38,.627,-,-,1,,1,False,-,50
2026-07-22,2026-07-21,2026,109,203,52,49,.515,11.5,-,2,4,7,False,50,
2026-07-22,2026-07-21,2026,135,203,50,51,.495,13.5,2.0,3,8,11,False,48,
2026-07-22,2026-07-21,2026,137,203,42,59,.416,21.5,10.0,4,11,14,False,40,
2026-07-22,2026-07-21,2026,115,203,41,62,.398,23.5,12.0,5,12,15,False,37,
2026-07-23,2026-07-22,2026,139,201,59,42,.584,-,-,1,,1,False,-,59
2026-07-23,2026-07-22,2026,147,201,57,45,.559,2.5,+4.5,2,1,2,False,59,
2026-07-23,2026-07-22,2026,111,201,52,49,.515,7.0,-,3,3,5,False,55,
2026-07-23,2026-07-22,2026,110,201,50,53,.485,10.0,3.0,4,5,8,False,51,
2026-07-23,2026-07-22,2026,141,201,46,56,.451,13.5,6.5,5,9,12,False,48,
2026-07-23,2026-07-22,2026,145,202,54,47,.535,-,-,1,,3,False,-,60
2026-07-23,2026-07-22,2026,114,202,54,49,.524,1.0,+1.0,2,2,4,False,60,
2026-07-23,2026-07-22,2026,142,202,50,53,.485,5.0,3.0,3,6,9,False,56,
2026-07-23,2026-07-22,2026,116,202,48,54,.471,6.5,4.5,4,8,11,False,55,
2026-07-23,2026-07-22,2026,118,202,43,60,.417,12.0,10.0,5,11,14,False,49,
2026-07-23,2026-07-22,2026,140,200,51,51,.500,-,-,1,,6,False,-,60
2026-07-23,2026-07-22,2026,136,200,51,52,.495,0.5,2.0,2,4,7,False,60,
2026-07-23,2026-07-22,2026,117,200,50,54,.481,2.0,3.5,3,7,10,False,58,
2026-07-23,2026-07-22,2026,133,200,43,59,.422,8.0,9.5,4,10,13,False,53,
2026-07-23,2026-07-22,2026,108,200,41,62,.398,10.5,12.0,5,12,15,False,50,
2026-07-23,2026-07-22,2026,144,204,59,42,.584,-,-,1,,3,False,-,57
2026-07-23,2026-07-22,2026,143,204,56,47,.544,4.0,+2.5,2,2,5,False,57,
2026-07-23,2026-07-22,2026,146,204,52,51,.505,8.0,1.5,3,6,9,False,53,
2026-07-23,2026-07-22,2026,120,204,52,51,.505,8.0,1.5,4,7,10,False,53,
2026-07-23,2026-07-22,2026,121,204,43,60,.417,17.0,10.5,5,10,13,False,44,
2026-07-23,2026-07-22,2026,158,205,64,38,.627,-,-,1,,2,False,-,54
2026-07-23,2026-07-22,2026,112,205,57,45,.559,7.0,+4.0,2,1,4,False,54,
2026-07-23,2026-07-22,2026,138,205,52,49,.515,11.5,0.5,3,4,7,False,50,
2026-07-23,2026-07-22,2026,134,205,53,50,.515,11.5,0.5,4,5,8,False,49,
2026-07-23,2026-07-22,2026,113,205,47,54,.465,16.5,5.5,5,9,12,False,45,
2026-07-23,2026-07-22,2026,119,203,65,38,.631,-,-,1,,1,False,-,49
2026-07-23,2026-07-22,2026,109,203,53,49,.520,11.5,-,2,3,6,False,49,
2026-07-23,2026-07-22,2026,135,203,50,52,.490,14.5,3.0,3,8,11,False,46,
2026-07-23,2026-07-22,2026,137,203,42,60,.412,22.5,11.0,4,11,14,False,38,
2026-07-23,2026-07-22,2026,115,203,41,63,.394,24.5,13.0,5,12,15,False,35,
2026-07-24,2026-07-23,2026,139,201,59,43,.578,-,-,1,,1,False,-,59
2026-07-24,2026-07-23,2026,147,201,57,45,.559,2.0,+4.5,2,1,2,False,59,
2026-07-24,2026-07-23,2026,111,201,52,49,.515,6.5,-,3,3,5,False,55,
2026-07-24,2026-07-23,2026,110,201,50,53,.485,9.5,3.0,4,6,9,False,51,
2026-07-24,2026-07-23,2026,141,201,47,56,.456,12.5,6.0,5,9,12,False,48,
2026-07-24,2026-07-23,2026,145,202,54,47,.535,-,-,1,,3,False,-,59
2026-07-24,2026-07-23,2026,114,202,54,50,.519,1.5,+0.5,2,2,4,False,59,
2026-07-24,2026-07-23,2026,142,202,51,53,.490,4.5,2.5,3,5,8,False,56,
2026-07-24,2026-07-23,2026,116,202,49,54,.476,6.0,4.0,4,8,11,False,55,
2026-07-24,2026-07-23,2026,118,202,43,61,.413,12.5,10.5,5,11,14,False,48,
2026-07-24,2026-07-23,2026,140,200,51,51,.500,-,-,1,,6,False,-,60
2026-07-24,2026-07-23,2026,136,200,51,52,.495,0.5,2.0,2,4,7,False,60,
2026-07-24,2026-07-23,2026,117,200,50,54,.481,2.0,3.5,3,7,10,False,58,
2026-07-24,2026-07-23,2026,133,200,43,59,.422,8.0,9.5,4,10,13,False,53,
2026-07-24,2026-07-23,2026,108,200,41,62,.398,10.5,12.0,5,12,15,False,50,
2026-07-24,2026-07-23,2026,144,204,60,42,.588,-,-,1,,3,False,-,56
2026-07-24,2026-07-23,2026,143,204,56,47,.544,4.5,+2.0,2,2,5,False,56,
2026-07-24,2026-07-23,2026,146,204,52,51,.505,8.5,2.0,3,6,9,False,52,
2026-07-24,2026-07-23,2026,120,204,52,51,.505,8.5,2.0,4,7,10,False,52,
2026-07-24,2026-07-23,2026,121,204,43,60,.417,17.5,11.0,5,10,13,False,43,
2026-07-24,2026-07-23,2026,158,205,64,38,.627,-,-,1,,2,False,-,54
2026-07-24,2026-07-23,2026,112,205,57,45,.559,7.0,+3.5,2,1,4,False,54,
2026-07-24,2026-07-23,2026,134,205,53,50,.515,11.5,1.0,3,4,7,False,49,
2026-07-24,2026-07-23,2026,138,205,52,50,.510,12.0,1.5,4,5,8,False,49,
2026-07-24,2026-07-23,2026,113,205,47,54,.465,16.5,6.0,5,9,12,False,45,
2026-07-24,2026-07-23,2026,119,203,65,38,.631,-,-,1,,1,False,-,49
2026-07-24,2026-07-23,2026,109,203,54,49,.524,11.0,-,2,3,6,False,49,
2026-07-24,2026-07-23,2026,135,203,50,53,.485,15.0,4.0,3,8,11,False,45,
2026-07-24,2026-07-23,2026,137,203,42,60,.412,22.5,11.5,4,11,14,False,38,
2026-07-24,2026-07-23,2026,115,203,41,63,.394,24.5,13.5,5,12,15,False,35,
2026-07-25,2026-07-24,2026,139,201,60,43,.583,-,-,1,,1,False,-,54
2026-07-25,2026-07-24,2026,147,201,58,45,.563,2.0,+5.0,2,1,2,False,54,
2026-07-25,2026-07-24,2026,111,201,53,49,.520,6.5,+0.5,3,2,4,False,50,
2026-07-25,2026-07-24,2026,110,201,50,54,.481,10.5,3.5,4,7,10,False,45,
2026-07-25,2026-07-24,2026,141,201,47,57,.452,13.5,6.5,5,9,12,False,42,
2026-07-25,2026-07-24,2026,145,202,54,48,.529,-,-,1,,3,False,-,50
2026-07-25,2026-07-24,2026,114,202,54,51,.514,1.5,-,2,3,5,False,50,
2026-07-25,2026-07-24,2026,142,202,51,54,.486,4.5,3.0,3,5,8,False,47,
2026-07-25,2026-07-24,2026,116,202,50,54,.481,5.0,3.5,4,8,11,False,47,
2026-07-25,2026-07-24,2026,118,202,43,62,.410,12.5,11.0,5,11,14,False,39,
2026-07-25,2026-07-24,2026,140,200,52,51,.505,-,-,1,,6,False,-,50
2026-07-25,2026-07-24,2026,136,200,51,53,.490,1.5,2.5,2,4,7,False,50,
2026-07-25,2026-07-24,2026,117,200,51,54,.486,2.0,3.0,3,6,9,False,49,
2026-07-25,2026-07-24,2026,133,200,44,59,.427,8.0,9.0,4,10,13,False,45,
2026-07-25,2026-07-24,2026,108,200,41,63,.394,11.5,12.5,5,12,15,False,41,
2026-07-25,2026-07-24,2026,144,204,61,42,.592,-,-,1,,3,False,-,49
2026-07-25,2026-07-24,2026,143,204,56,48,.538,5.5,+1.0,2,2,5,False,49,
2026-07-25,2026-07-24,2026,146,204,52,52,.500,9.5,3.0,3,6,9,False,45,
2026-07-25,2026-07-24,2026,120,204,52,52,.500,9.5,3.0,4,7,10,False,45,
2026-07-25,2026-07-24,2026,121,204,43,61,.413,18.5,12.0,5,11,14,False,37,
2026-07-25,2026-07-24,2026,158,205,64,39,.621,-,-,1,,2,False,-,51
2026-07-25,2026-07-24,2026,112,205,58,45,.563,6.0,+3.5,2,1,4,False,51,
2026-07-25,2026-07-24,2026,134,205,53,51,.510,11.5,2.0,3,4,7,False,45,
2026-07-25,2026-07-24,2026,138,205,52,51,.505,12.0,2.5,4,5,8,False,45,
2026-07-25,2026-07-24,2026,113,205,48,54,.471,15.5,6.0,5,9,12,False,42,
2026-07-25,2026-07-24,2026,119,203,66,38,.635,-,-,1,,1,False,-,48
2026-07-25,2026-07-24,2026,109,203,55,49,.529,11.0,-,2,3,6,False,48,
2026-07-25,2026-07-24,2026,135,203,51,53,.490,15.0,4.0,3,8,11,False,44,
2026-07-25,2026-07-24,2026,137,203,43,60,.417,22.5,11.5,4,10,13,False,37,
2026-07-25,2026-07-24,2026,115,203,42,63,.400,24.5,13.5,5,12,15,False,34,
2026-07-26,2026-07-25,2026,139,201,61,43,.587,-,-,1,,1,False,-,53
2026-07-26,2026-07-25,2026,147,201,59,45,.567,2.0,+6.0,2,1,2,False,53,
2026-07-26,2026-07-25,2026,111,201,53,50,.515,7.5,+0.5,3,2,4,False,48,
2026-07-26,2026-07-25,2026,110,201,51,54,.486,10.5,2.5,4,7,10,False,44,
2026-07-26,2026-07-25,2026,141,201,48,57,.457,13.5,5.5,5,9,12,False,42,
2026-07-26,2026-07-25,2026,145,202,54,49,.524,-,-,1,,3,False,-,49
2026-07-26,2026-07-25,2026,114,202,54,52,.509,1.5,-,2,3,6,False,49,
2026-07-26,2026-07-25,2026,142,202,52,54,.491,3.5,2.0,3,4,7,False,47,
2026-07-26,2026-07-25,2026,116,202,50,55,.476,5.0,3.5,4,8,11,False,46,
2026-07-26,2026-07-25,2026,118,202,44,62,.415,11.5,10.0,5,11,14,False,39,
2026-07-26,2026-07-25,2026,140,200,53,51,.510,-,-,1,,5,False,-,49
2026-07-26,2026-07-25,2026,117,200,52,54,.491,2.0,2.0,2,5,8,False,49,
2026-07-26,2026-07-25,2026,136,200,51,54,.486,2.5,2.5,3,6,9,False,49,
2026-07-26,2026-07-25,2026,133,200,44,60,.423,9.0,9.0,4,10,13,False,43,
2026-07-26,2026-07-25,2026,108,200,41,64,.390,12.5,12.5,5,12,15,False,39,
2026-07-26,2026-07-25,2026,144,204,61,43,.587,-,-,1,,3,False,-,48
2026-07-26,2026-07-25,2026,143,204,56,49,.533,5.5,+1.0,2,2,5,False,48,
2026-07-26,2026-07-25,2026,120,204,53,52,.505,8.5,2.0,3,6,9,False,45,
2026-07-26,2026-07-25,2026,146,204,52,53,.495,9.5,3.0,4,8,11,False,44,
2026-07-26,2026-07-25,2026,121,204,43,62,.410,18.5,12.0,5,11,14,False,35,
2026-07-26,2026-07-25,2026,158,205,65,39,.625,-,-,1,,2,False,-,51
2026-07-26,2026-07-25,2026,112,205,59,45,.567,6.0,+4.5,2,1,4,False,51,
2026-07-26,2026-07-25,2026,138,205,53,51,.510,12.0,1.5,3,4,7,False,45,
2026-07-26,2026-07-25,2026,134,205,53,52,.505,12.5,2.0,4,5,8,False,44,
2026-07-26,2026-07-25,2026,113,205,48,55,.466,16.5,6.0,5,9,12,False,41,
2026-07-26,2026-07-25,2026,119,203,67,38,.638,-,-,1,,1,False,-,46
2026-07-26,2026-07-25,2026,109,203,55,50,.524,12.0,-,2,3,6,False,46,
2026-07-26,2026-07-25,2026,135,203,52,53,.495,15.0,3.0,3,7,10,False,43,
2026-07-26,2026-07-25,2026,137,203,44,60,.423,22.5,10.5,4,10,13,False,36,
2026-07-26,2026-07-25,2026,115,203,42,64,.396,25.5,13.5,5,12,15,False,32,
2026-07-27,2026-07-26,2026,139,201,62,43,.590,-,-,1,,1,False,-,52
2026-07-27,2026-07-26,2026,147,201,59,46,.562,3.0,+6.0,2,1,2,False,52,
2026-07-27,2026-07-26,2026,111,201,54,50,.519,7.5,+1.5,3,2,4,False,48,
2026-07-27,2026-07-26,2026,110,201,51,55,.481,11.5,2.5,4,7,10,False,43,
2026-07-27,2026-07-26,2026,141,201,48,58,.453,14.5,5.5,5,9,12,False,40,
2026-07-27,2026-07-26,2026,145,202,55,49,.529,-,-,1,,3,False,-,47
2026-07-27,2026-07-26,2026,114,202,54,53,.505,2.5,-,2,3,6,False,47,
2026-07-27,2026-07-26,2026,142,202,53,54,.495,3.5,1.0,3,4,7,False,46,
2026-07-27,2026-07-26,2026,116,202,50,56,.472,6.0,3.5,4,8,11,False,44,
2026-07-27,2026-07-26,2026,118,202,45,62,.421,11.5,9.0,5,10,13,False,39,
2026-07-27,2026-07-26,2026,140,200,53,52,.505,-,-,1,,5,False,-,49
2026-07-27,2026-07-26,2026,136,200,52,54,.491,1.5,1.5,2,5,8,False,49,
2026-07-27,2026-07-26,2026,117,200,52,55,.486,2.0,2.0,3,6,9,False,48,
2026-07-27,2026-07-26,2026,133,200,44,61,.419,9.0,9.0,4,11,14,False,42,
2026-07-27,2026-07-26,2026,108,200,42,64,.396,11.5,11.5,5,12,15,False,39,
2026-07-27,2026-07-26,2026,144,204,62,43,.590,-,-,1,,3,False,-,47
2026-07-27,2026-07-26,2026,143,204,57,49,.538,5.5,+2.0,2,2,5,False,47,
2026-07-27,2026-07-26,2026,120,204,54,52,.509,8.5,1.0,3,5,8,False,44,
2026-07-27,2026-07-26,2026,146,204,52,54,.491,10.5,3.0,4,8,11,False,42,
2026-07-27,2026-07-26,2026,121,204,44,62,.415,18.5,11.0,5,11,14,False,35,
2026-07-27,2026-07-26,2026,158,205,66,39,.629,-,-,1,,2,False,-,49
2026-07-27,2026-07-26,2026,112,205,59,46,.562,7.0,+4.5,2,1,4,False,49,
2026-07-27,2026-07-26,2026,134,205,54,52,.509,12.5,1.0,3,4,7,False,44,
2026-07-27,2026-07-26,2026,138,205,53,52,.505,13.0,1.5,4,6,9,False,43,
2026-07-27,2026-07-26,2026,113,205,49,55,.471,16.5,5.0,5,9,12,False,40,
2026-07-27,2026-07-26,2026,119,203,67,39,.632,-,-,1,,1,False,-,45
2026-07-27,2026-07-26,2026,109,203,55,51,.519,12.0,-,2,3,6,False,45,
2026-07-27,2026-07-26,2026,135,203,53,53,.500,14.0,2.0,3,7,10,False,43,
2026-07-27,2026-07-26,2026,137,203,44,61,.419,22.5,10.5,4,10,13,False,35,
2026-07-27,2026-07-26,2026,115,203,42,65,.393,25.5,13.5,5,12,15,False,31,
2026-07-28,2026-07-27,2026,139,201,62,43,.590,-,-,1,,1,False,-,51
2026-07-28,2026-07-27,2026,147,201,60,46,.566,2.5,+6.5,2,1,2,False,51,
2026-07-28,2026-07-27,2026,111,201,55,50,.524,7.0,+2.0,3,2,3,False,47,
2026-07-28,2026-07-27,2026,110,201,52,55,.486,11.0,2.0,4,7,10,False,42,
2026-07-28,2026-07-27,2026,141,201,49,58,.458,14.0,5.0,5,9,12,False,40,
2026-07-28,2026-07-27,2026,145,202,55,50,.524,-,-,1,,4,False,-,47
2026-07-28,2026-07-27,2026,114,202,54,53,.505,2.0,-,2,3,6,False,47,
2026-07-28,2026-07-27,2026,142,202,53,54,.495,3.0,1.0,3,4,7,False,46,
2026-07-28,2026-07-27,2026,116,202,50,57,.467,6.0,4.0,4,8,11,False,43,
2026-07-28,2026-07-27,2026,118,202,45,62,.421,11.0,9.0,5,10,13,False,39,
2026-07-28,2026-07-27,2026,140,200,54,52,.509,-,-,1,,5,False,-,48
2026-07-28,2026-07-27,2026,117,200,53,55,.491,2.0,1.5,2,5,8,False,48,
2026-07-28,2026-07-27,2026,136,200,52,55,.486,2.5,2.0,3,6,9,False,48,
2026-07-28,2026-07-27,2026,133,200,44,62,.415,10.0,9.5,4,11,14,False,41,
2026-07-28,2026-07-27,2026,108,200,42,65,.393,12.5,12.0,5,12,15,False,38,
2026-07-28,2026-07-27,2026,144,204,62,44,.585,-,-,1,,3,False,-,46
2026-07-28,2026-07-27,2026,143,204,57,50,.533,5.5,+2.0,2,2,5,False,46,
2026-07-28,2026-07-27,2026,120,204,54,53,.505,8.5,1.0,3,5,8,False,43,
2026-07-28,2026-07-27,2026,146,204,53,54,.495,9.5,2.0,4,8,11,False,42,
2026-07-28,2026-07-27,2026,121,204,45,62,.421,17.5,10.0,5,11,14,False,35,
2026-07-28,2026-07-27,2026,158,205,66,40,.623,-,-,1,,2,False,-,49
2026-07-28,2026-07-27,2026,112,205,60,46,.566,6.0,+5.5,2,1,4,False,49,
2026-07-28,2026-07-27,2026,134,205,55,52,.514,11.5,-,3,3,6,False,43,
2026-07-28,2026-07-27,2026,138,205,53,53,.500,13.0,1.5,4,6,9,False,42,
2026-07-28,2026-07-27,2026,113,205,49,55,.471,16.0,4.5,5,9,12,False,40,
2026-07-28,2026-07-27,2026,119,203,67,39,.632,-,-,1,,1,False,-,44
2026-07-28,2026-07-27,2026,109,203,55,52,.514,12.5,-,2,4,7,False,44,
2026-07-28,2026-07-27,2026,135,203,53,53,.500,14.0,1.5,3,7,10,False,43,
2026-07-28,2026-07-27,2026,137,203,45,61,.425,22.0,9.5,4,10,13,False,35,
2026-07-28,2026-07-27,2026,115,203,42,65,.393,25.5,13.0,5,12,15,False,31,
2026-07-29,2026-07-28,2026,139,201,62,44,.585,-,-,1,,1,False,-,51
2026-07-29,2026-07-28,2026,147,201,61,46,.570,1.5,+7.0,2,1,2,False,51,
2026-07-29,2026-07-28,2026,111,201,55,51,.519,7.0,+1.5,3,2,3,False,46,
2026-07-29,2026-07-28,2026,110,201,52,56,.481,11.0,2.5,4,7,10,False,41,
2026-07-29,2026-07-28,2026,141,201,49,59,.454,14.0,5.5,5,9,12,False,38,
2026-07-29,2026-07-28,2026,145,202,55,51,.519,-,-,1,,4,False,-,46
2026-07-29,2026-07-28,2026,114,202,55,54,.505,1.5,-,2,3,6,False,46,
2026-07-29,2026-07-28,2026,142,202,54,54,.500,2.0,0.5,3,4,7,False,46,
2026-07-29,2026-07-28,2026,116,202,51,57,.472,5.0,3.5,4,8,11,False,43,
2026-07-29,2026-07-28,2026,118,202,45,63,.417,11.0,9.5,5,11,14,False,37,
2026-07-29,2026-07-28,2026,140,200,55,52,.514,-,-,1,,5,False,-,47
2026-07-29,2026-07-28,2026,117,200,54,55,.495,2.0,1.0,2,5,8,False,47,
2026-07-29,2026-07-28,2026,136,200,53,55,.491,2.5,1.5,3,6,9,False,47,
2026-07-29,2026-07-28,2026,133,200,45,62,.421,10.0,9.0,4,10,13,False,41,
2026-07-29,2026-07-28,2026,108,200,42,66,.389,13.5,12.5,5,12,15,False,37,
2026-07-29,2026-07-28,2026,144,204,62,44,.585,-,-,1,,3,False,-,45
2026-07-29,2026-07-28,2026,143,204,57,51,.528,6.0,+1.0,2,2,5,False,45,
2026-07-29,2026-07-28,2026,120,204,55,53,.509,8.0,1.0,3,5,8,False,43,
2026-07-29,2026-07-28,2026,146,204,54,54,.500,9.0,2.0,4,7,10,False,42,
2026-07-29,2026-07-28,2026,121,204,45,62,.421,17.5,10.5,5,10,13,False,34,
2026-07-29,2026-07-28,2026,158,205,67,40,.626,-,-,1,,2,False,-,49
2026-07-29,2026-07-28,2026,112,205,61,46,.570,6.0,+5.5,2,1,4,False,49,
2026-07-29,2026-07-28,2026,134,205,55,53,.509,12.5,1.0,3,4,7,False,42,
2026-07-29,2026-07-28,2026,138,205,53,54,.495,14.0,2.5,4,8,11,False,41,
2026-07-29,2026-07-28,2026,113,205,50,56,.472,16.5,5.0,5,9,12,False,39,
2026-07-29,2026-07-28,2026,119,203,67,40,.626,-,-,1,,1,False,-,44
2026-07-29,2026-07-28,2026,109,203,56,52,.519,11.5,-,2,3,6,False,44,
2026-07-29,2026-07-28,2026,135,203,54,53,.505,13.0,1.5,3,6,9,False,43,
2026-07-29,2026-07-28,2026,137,203,45,62,.421,22.0,10.5,4,11,14,False,34,
2026-07-29,2026-07-28,2026,115,203,42,66,.389,25.5,14.0,5,12,15,False,30,
2026-07-30,2026-07-29,2026,139,201,63,44,.589,-,-,1,,1,False,-,49
2026-07-30,2026-07-29,2026,147,201,61,47,.565,2.5,+6.0,2,1,2,False,49,
2026-07-30,2026-07-29,2026,111,201,56,51,.523,7.0,+1.5,3,2,3,False,45,
2026-07-30,2026-07-29,2026,110,201,53,56,.486,11.0,2.5,4,7,10,False,40,
2026-07-30,2026-07-29,2026,141,201,50,59,.459,14.0,5.5,5,9,12,False,38,
2026-07-30,2026-07-29,2026,145,202,56,51,.523,-,-,1,,4,False,-,45
2026-07-30,2026-07-29,2026,114,202,56,54,.509,1.5,-,2,3,6,False,45,
2026-07-30,2026-07-29,2026,142,202,54,55,.495,3.0,1.5,3,5,8,False,45,
2026-07-30,2026-07-29,2026,116,202,51,58,.468,6.0,4.5,4,8,11,False,41,
2026-07-30,2026-07-29,2026,118,202,46,63,.422,11.0,9.5,5,10,13,False,37,
2026-07-30,2026-07-29,2026,140,200,55,53,.509,-,-,1,,5,False,-,47
2026-07-30,2026-07-29,2026,117,200,55,55,.500,1.0,1.0,2,4,7,False,47,
2026-07-30,2026-07-29,2026,136,200,53,56,.486,2.5,2.5,3,6,9,False,46,
2026-07-30,2026-07-29,2026,133,200,45,63,.417,10.0,10.0,4,11,14,False,40,
2026-07-30,2026-07-29,2026,108,200,42,67,.385,13.5,13.5,5,12,15,False,36,
2026-07-30,2026-07-29,2026,144,204,63,45,.583,-,-,1,,3,False,-,44
2026-07-30,2026-07-29,2026,143,204,57,52,.523,6.5,-,2,3,6,False,44,
2026-07-30,2026-07-29,2026,146,204,55,54,.505,8.5,2.0,3,5,8,False,42,
2026-07-30,2026-07-29,2026,120,204,55,54,.505,8.5,2.0,4,7,10,False,42,
2026-07-30,2026-07-29,2026,121,204,46,63,.422,17.5,11.0,5,11,14,False,33,
2026-07-30,2026-07-29,2026,158,205,67,41,.620,-,-,1,,2,False,-,48
2026-07-30,2026-07-29,2026,112,205,61,47,.565,6.0,+4.5,2,1,4,False,48,
2026-07-30,2026-07-29,2026,134,205,55,54,.505,12.5,2.0,3,6,9,False,41,
2026-07-30,2026-07-29,2026,138,205,54,54,.500,13.0,2.5,4,8,11,False,41,
2026-07-30,2026-07-29,2026,113,205,50,57,.467,16.5,6.0,5,9,12,False,38,
2026-07-30,2026-07-29,2026,119,203,68,40,.630,-,-,1,,1,False,-,43
2026-07-30,2026-07-29,2026,109,203,57,52,.523,11.5,-,2,2,5,False,43,
2026-07-30,2026-07-29,2026,135,203,55,53,.509,13.0,1.5,3,4,7,False,42,
2026-07-30,2026-07-29,2026,137,203,46,62,.426,22.0,10.5,4,10,13,False,33,
2026-07-30,2026-07-29,2026,115,203,42,67,.385,26.5,15.0,5,12,15,False,28,
2026-07-31,2026-07-30,2026,139,201,64,44,.593,-,-,1,,1,False,-,48
2026-07-31,2026-07-30,2026,147,201,61,48,.560,3.5,+5.5,2,1,2,False,48,
2026-07-31,2026-07-30,2026,111,201,57,51,.528,7.0,+2.0,3,2,3,False,45,
2026-07-31,2026-07-30,2026,110,201,53,56,.486,11.5,2.5,4,6,9,False,40,
2026-07-31,2026-07-30,2026,141,201,50,59,.459,14.5,5.5,5,9,12,False,37,
2026-07-31,2026-07-30,2026,145,202,57,51,.528,-,-,1,,4,False,-,45
2026-07-31,2026-07-30,2026,114,202,56,54,.509,2.0,-,2,3,5,False,45,
2026-07-31,2026-07-30,2026,142,202,55,55,.500,3.0,1.0,3,4,7,False,44,
2026-07-31,2026-07-30,2026,116,202,51,58,.468,6.5,4.5,4,8,11,False,41,
2026-07-31,2026-07-30,2026,118,202,46,64,.418,12.0,10.0,5,10,13,False,35,
2026-07-31,2026-07-30,2026,140,200,55,54,.505,-,-,1,,6,False,-,47
2026-07-31,2026-07-30,2026,117,200,55,55,.500,0.5,1.0,2,5,8,False,47,
2026-07-31,2026-07-30,2026,136,200,53,57,.482,2.5,3.0,3,7,10,False,45,
2026-07-31,2026-07-30,2026,133,200,45,64,.413,10.0,10.5,4,11,14,False,39,
2026-07-31,2026-07-30,2026,108,200,42,67,.385,13.0,13.5,5,12,15,False,36,
2026-07-31,2026-07-30,2026,144,204,64,45,.587,-,-,1,,3,False,-,44
2026-07-31,2026-07-30,2026,143,204,57,52,.523,7.0,-,2,3,6,False,44,
2026-07-31,2026-07-30,2026,146,204,55,55,.500,9.5,2.5,3,5,8,False,41,
2026-07-31,2026-07-30,2026,120,204,55,55,.500,9.5,2.5,4,7,10,False,41,
2026-07-31,2026-07-30,2026,121,204,47,63,.427,17.5,10.5,5,11,14,False,33,
2026-07-31,2026-07-30,2026,158,205,67,41,.620,-,-,1,,2,False,-,47
2026-07-31,2026-07-30,2026,112,205,62,47,.569,5.5,+5.0,2,1,4,False,47,
2026-07-31,2026-07-30,2026,134,205,55,55,.500,13.0,2.5,3,6,9,False,40,
2026-07-31,2026-07-30,2026,138,205,54,55,.495,13.5,3.0,4,8,11,False,40,
2026-07-31,2026-07-30,2026,113,205,51,57,.472,16.0,5.5,5,9,12,False,38,
2026-07-31,2026-07-30,2026,119,203,69,40,.633,-,-,1,,1,False,-,42
2026-07-31,2026-07-30,2026,109,203,57,52,.523,12.0,-,2,2,5,False,42,
2026-07-31,2026-07-30,2026,135,203,55,54,.505,14.0,2.0,3,4,7,False,40,
2026-07-31,2026-07-30,2026,137,203,47,62,.431,22.0,10.0,4,10,13,False,32,
2026-07-31,2026-07-30,2026,115,203,42,67,.385,27.0,15.0,5,12,15,False,27,
2026-08-01,2026-07-31,2026,139,201,64,45,.587,-,-,1,,1,False,-,47
2026-08-01,2026-07-31,2026,147,201,62,48,.564,2.5,+6.5,2,1,2,False,47,
2026-08-01,2026-07-31,2026,111,201,58,51,.532,6.0,+3.0,3,2,3,False,44,
2026-08-01,2026-07-31,2026,110,201,54,56,.491,10.5,1.5,4,6,9,False,39,
2026-08-01,2026-07-31,2026,141,201,51,59,.464,13.5,4.5,5,9,12,False,36,
2026-08-01,2026-07-31,2026,145,202,58,51,.532,-,-,1,,4,False,-,43
2026-08-01,2026-07-31,2026,142,202,56,55,.505,3.0,-,2,3,5,False,43,
2026-08-01,2026-07-31,2026,114,202,56,55,.505,3.0,-,3,4,7,False,43,
2026-08-01,2026-07-31,2026,116,202,52,58,.473,6.5,3.5,4,8,11,False,40,
2026-08-01,2026-07-31,2026,118,202,46,65,.414,13.0,10.0,5,10,13,False,33,
2026-08-01,2026-07-31,2026,117,200,56,55,.505,-,-,1,,6,False,-,47
2026-08-01,2026-07-31,2026,140,200,55,55,.500,0.5,0.5,2,5,8,False,47,
2026-08-01,2026-07-31,2026,136,200,53,58,.477,3.0,3.0,3,7,10,False,44,
2026-08-01,2026-07-31,2026,133,200,45,65,.409,10.5,10.5,4,11,14,False,38,
2026-08-01,2026-07-31,2026,108,200,42,68,.382,13.5,13.5,5,12,15,False,35,
2026-08-01,2026-07-31,2026,144,204,65,45,.591,-,-,1,,3,False,-,43
2026-08-01,2026-07-31,2026,143,204,57,53,.518,8.0,-,2,3,6,False,43,
2026-08-01,2026-07-31,2026,146,204,56,55,.505,9.5,1.5,3,5,8,False,41,
2026-08-01,2026-07-31,2026,120,204,55,56,.495,10.5,2.5,4,7,10,False,40,
2026-08-01,2026-07-31,2026,121,204,47,64,.423,18.5,10.5,5,11,14,False,32,
2026-08-01,2026-07-31,2026,158,205,68,41,.624,-,-,1,,2,False,-,46
2026-08-01,2026-07-31,2026,112,205,62,48,.564,6.5,+5.0,2,1,4,False,46,
2026-08-01,2026-07-31,2026,134,205,55,56,.495,14.0,2.5,3,6,9,False,38,
2026-08-01,2026-07-31,2026,138,205,54,56,.491,14.5,3.0,4,8,11,False,38,
2026-08-01,2026-07-31,2026,113,205,52,57,.477,16.0,4.5,5,9,12,False,37,
2026-08-01,2026-07-31,2026,119,203,69,41,.627,-,-,1,,1,False,-,42
2026-08-01,2026-07-31,2026,109,203,58,52,.527,11.0,+1.0,2,2,5,False,42,
2026-08-01,2026-07-31,2026,135,203,56,54,.509,13.0,1.0,3,4,7,False,40,
2026-08-01,2026-07-31,2026,137,203,47,63,.427,22.0,10.0,4,10,13,False,31,
2026-08-01,2026-07-31,2026,115,203,43,67,.391,26.0,14.0,5,12,15,False,27,
2026-08-02,2026-08-01,2026,139,201,65,45,.591,-,-,1,,1,False,-,45
2026-08-02,2026-08-01,2026,147,201,62,49,.559,3.5,+6.5,2,1,2,False,45,
2026-08-02,2026-08-01,2026,111,201,59,51,.536,6.0,+4.0,3,2,3,False,44,
2026-08-02,2026-08-01,2026,110,201,54,57,.486,11.5,1.5,4,6,9,False,38,
2026-08-02,2026-08-01,2026,141,201,52,59,.468,13.5,3.5,5,9,12,False,36,
2026-08-02,2026-08-01,2026,145,202,58,52,.527,-,-,1,,4,False,-,42
2026-08-02,2026-08-01,2026,142,202,56,56,.500,3.0,-,2,3,6,False,42,
2026-08-02,2026-08-01,2026,114,202,56,56,.500,3.0,-,3,4,7,False,42,
2026-08-02,2026-08-01,2026,116,202,53,58,.477,5.5,2.5,4,8,11,False,40,
2026-08-02,2026-08-01,2026,118,202,46,66,.411,13.0,10.0,5,10,13,False,32,
2026-08-02,2026-08-01,2026,117,200,57,55,.509,-,-,1,,5,False,-,46
2026-08-02,2026-08-01,2026,140,200,55,56,.495,1.5,0.5,2,5,8,False,46,
2026-08-02,2026-08-01,2026,136,200,54,58,.482,3.0,2.0,3,7,10,False,44,
2026-08-02,2026-08-01,2026,133,200,45,66,.405,11.5,10.5,4,11,14,False,36,
2026-08-02,2026-08-01,2026,108,200,42,69,.378,14.5,13.5,5,12,15,False,33,
2026-08-02,2026-08-01,2026,144,204,66,45,.595,-,-,1,,3,False,-,42
2026-08-02,2026-08-01,2026,143,204,58,53,.523,8.0,-,2,3,6,False,42,
2026-08-02,2026-08-01,2026,146,204,57,55,.509,9.5,1.5,3,5,8,False,41,
2026-08-02,2026-08-01,2026,120,204,55,57,.491,11.5,3.5,4,7,10,False,38,
2026-08-02,2026-08-01,2026,121,204,47,65,.420,19.5,11.5,5,11,14,False,31,
2026-08-02,2026-08-01,2026,158,205,69,41,.627,-,-,1,,1,False,-,45
2026-08-02,2026-08-01,2026,112,205,63,48,.568,6.5,+5.0,2,1,4,False,45,
2026-08-02,2026-08-01,2026,134,205,56,56,.500,14.0,2.5,3,6,9,False,37,
2026-08-02,2026-08-01,2026,138,205,54,57,.486,15.5,4.0,4,8,11,False,36,
2026-08-02,2026-08-01,2026,113,205,52,58,.473,17.0,5.5,5,9,12,False,35,
2026-08-02,2026-08-01,2026,119,203,69,42,.622,-,-,1,,2,False,-,42
2026-08-02,2026-08-01,2026,109,203,59,52,.532,10.0,+1.0,2,2,5,False,42,
2026-08-02,2026-08-01,2026,135,203,57,54,.514,12.0,1.0,3,4,7,False,40,
2026-08-02,2026-08-01,2026,137,203,47,64,.423,22.0,11.0,4,10,13,False,30,
2026-08-02,2026-08-01,2026,115,203,44,67,.396,25.0,14.0,5,12,15,False,27,
2026-08-03,2026-08-02,2026,139,201,65,46,.586,-,-,1,,1,False,-,45
2026-08-03,2026-08-02,2026,147,201,63,49,.563,2.5,+6.5,2,1,2,False,45,
2026-08-03,2026-08-02,2026,111,201,60,51,.541,5.0,+4.0,3,2,3,False,43,
2026-08-03,2026-08-02,2026,110,201,54,58,.482,11.5,2.5,4,7,10,False,36,
2026-08-03,2026-08-02,2026,141,201,52,60,.464,13.5,4.5,5,9,12,False,34,
2026-08-03,2026-08-02,2026,145,202,59,52,.532,-,-,1,,4,False,-,41
2026-08-03,2026-08-02,2026,114,202,57,56,.504,3.0,-,2,3,6,False,41,
2026-08-03,2026-08-02,2026,142,202,56,57,.496,4.0,1.0,3,4,7,False,40,
2026-08-03,2026-08-02,2026,116,202,54,58,.482,5.5,2.5,4,8,11,False,39,
2026-08-03,2026-08-02,2026,118,202,46,67,.407,14.0,11.0,5,10,13,False,30,
2026-08-03,2026-08-02,2026,117,200,58,55,.513,-,-,1,,5,False,-,45
2026-08-03,2026-08-02,2026,140,200,55,57,.491,2.5,1.5,2,5,8,False,45,
2026-08-03,2026-08-02,2026,136,200,55,58,.487,3.0,2.0,3,6,9,False,44,
2026-08-03,2026-08-02,2026,133,200,45,67,.402,12.5,11.5,4,11,14,False,35,
2026-08-03,2026-08-02,2026,108,200,43,69,.384,14.5,13.5,5,12,15,False,33,
2026-08-03,2026-08-02,2026,144,204,67,45,.598,-,-,1,,3,False,-,42
2026-08-03,2026-08-02,2026,143,204,59,53,.527,8.0,-,2,3,6,False,42,
2026-08-03,2026-08-02,2026,146,204,58,55,.513,9.5,1.5,3,5,8,False,40,
2026-08-03,2026-08-02,2026,120,204,55,58,.487,12.5,4.5,4,8,11,False,37,
2026-08-03,2026-08-02,2026,121,204,47,66,.416,20.5,12.5,5,11,14,False,29,
2026-08-03,2026-08-02,2026,158,205,69,42,.622,-,-,1,,1,False,-,44
2026-08-03,2026-08-02,2026,112,205,63,49,.563,6.5,+4.0,2,1,4,False,44,
2026-08-03,2026-08-02,2026,134,205,56,57,.496,14.0,3.5,3,6,9,False,36,
2026-08-03,2026-08-02,2026,138,205,55,57,.491,14.5,4.0,4,7,10,False,36,
2026-08-03,2026-08-02,2026,113,205,53,58,.477,16.0,5.5,5,9,12,False,35,
2026-08-03,2026-08-02,2026,119,203,69,43,.616,-,-,1,,2,False,-,41
2026-08-03,2026-08-02,2026,109,203,59,53,.527,10.0,-,2,2,5,False,41,
2026-08-03,2026-08-02,2026,135,203,58,54,.518,11.0,1.0,3,4,7,False,40,
2026-08-03,2026-08-02,2026,137,203,47,65,.420,22.0,12.0,4,10,13,False,29,
2026-08-03,2026-08-02,2026,115,203,45,67,.402,24.0,14.0,5,12,15,False,27,
2026-08-04,2026-08-03,2026,139,201,66,46,.589,-,-,1,,1,False,-,44
2026-08-04,2026-08-03,2026,147,201,63,50,.558,3.5,+6.0,2,1,2,False,44,
2026-08-04,2026-08-03,2026,111,201,60,51,.541,5.5,+4.0,3,2,3,False,43,
2026-08-04,2026-08-03,2026,110,201,54,58,.482,12.0,2.5,4,7,10,False,36,
2026-08-04,2026-08-03,2026,141,201,53,60,.469,13.5,4.0,5,9,12,False,34,
2026-08-04,2026-08-03,2026,145,202,59,52,.532,-,-,1,,4,False,-,41
2026-08-04,2026-08-03,2026,114,202,57,56,.504,3.0,-,2,3,6,False,41,
2026-08-04,2026-08-03,2026,142,202,56,57,.496,4.0,1.0,3,4,7,False,40,
2026-08-04,2026-08-03,2026,116,202,54,58,.482,5.5,2.5,4,8,11,False,39,
2026-08-04,2026-08-03,2026,118,202,46,67,.407,14.0,11.0,5,10,13,False,30,
2026-08-04,2026-08-03,2026,117,200,58,56,.509,-,-,1,,5,False,-,44
2026-08-04,2026-08-03,2026,140,200,55,58,.487,2.5,2.0,2,5,8,False,44,
2026-08-04,2026-08-03,2026,136,200,55,58,.487,2.5,2.0,3,6,9,False,44,
2026-08-04,2026-08-03,2026,133,200,45,67,.402,12.0,11.5,4,11,14,False,35,
2026-08-04,2026-08-03,2026,108,200,43,69,.384,14.0,13.5,5,12,15,False,33,
2026-08-04,2026-08-03,2026,144,204,67,45,.598,-,-,1,,3,False,-,42
2026-08-04,2026-08-03,2026,143,204,60,53,.531,7.5,-,2,3,6,False,42,
2026-08-04,2026-08-03,2026,146,204,58,55,.513,9.5,2.0,3,5,8,False,40,
2026-08-04,2026-08-03,2026,120,204,55,59,.482,13.0,5.5,4,8,11,False,36,
2026-08-04,2026-08-03,2026,121,204,47,66,.416,20.5,13.0,5,11,14,False,29,
2026-08-04,2026-08-03,2026,158,205,69,43,.616,-,-,1,,1,False,-,44
2026-08-04,2026-08-03,2026,112,205,64,49,.566,5.5,+4.0,2,1,4,False,44,
2026-08-04,2026-08-03,2026,134,205,57,57,.500,13.0,3.5,3,6,9,False,36,
2026-08-04,2026-08-03,2026,138,205,56,57,.496,13.5,4.0,4,7,10,False,36,
2026-08-04,2026-08-03,2026,113,205,53,58,.477,15.5,6.0,5,9,12,False,35,
2026-08-04,2026-08-03,2026,119,203,69,44,.611,-,-,1,,2,False,-,41
2026-08-04,2026-08-03,2026,109,203,60,53,.531,9.0,-,2,2,5,False,41,
2026-08-04,2026-08-03,2026,135,203,58,55,.513,11.0,2.0,3,4,7,False,39,
2026-08-04,2026-08-03,2026,137,203,48,65,.425,21.0,12.0,4,10,13,False,29,
2026-08-04,2026-08-03,2026,115,203,45,68,.398,24.0,15.0,5,12,15,False,26,
2026-08-05,2026-08-04,2026,139,201,67,46,.593,-,-,1,,1,False,-,43
2026-08-05,2026-08-04,2026,147,201,64,50,.561,3.5,+7.0,2,1,2,False,43,
2026-08-05,2026-08-04,2026,111,201,61,51,.545,5.5,+5.0,3,2,3,False,42,
2026-08-05,2026-08-04,2026,110,201,55,58,.487,12.0,1.5,4,6,9,False,35,
2026-08-05,2026-08-04,2026,141,201,53,61,.465,14.5,4.0,5,9,12,False,32,
2026-08-05,2026-08-04,2026,145,202,59,53,.527,-,-,1,,4,False,-,40
2026-08-05,2026-08-04,2026,114,202,57,57,.500,3.0,-,2,3,6,False,40,
2026-08-05,2026-08-04,2026,142,202,56,58,.491,4.0,1.0,3,4,7,False,39,
2026-08-05,2026-08-04,2026,116,202,55,58,.487,4.5,1.5,4,7,10,False,39,
2026-08-05,2026-08-04,2026,118,202,47,67,.412,13.0,10.0,5,10,13,False,30,
2026-08-05,2026-08-04,2026,117,200,59,56,.513,-,-,1,,5,False,-,43
2026-08-05,2026-08-04,2026,140,200,56,58,.491,2.5,1.0,2,5,8,False,43,
2026-08-05,2026-08-04,2026,136,200,55,59,.482,3.5,2.0,3,8,11,False,42,
2026-08-05,2026-08-04,2026,133,200,45,68,.398,13.0,11.5,4,11,14,False,34,
2026-08-05,2026-08-04,2026,108,200,43,70,.381,15.0,13.5,5,12,15,False,32,
2026-08-05,2026-08-04,2026,144,204,68,45,.602,-,-,1,,3,False,-,42
2026-08-05,2026-08-04,2026,143,204,61,53,.535,7.5,+1.0,2,2,5,False,42,
2026-08-05,2026-08-04,2026,146,204,58,56,.509,10.5,2.0,3,5,8,False,39,
2026-08-05,2026-08-04,2026,120,204,55,60,.478,14.0,5.5,4,9,12,False,34,
2026-08-05,2026-08-04,2026,121,204,48,66,.421,20.5,12.0,5,10,13,False,29,
2026-08-05,2026-08-04,2026,158,205,70,43,.619,-,-,1,,1,False,-,43
2026-08-05,2026-08-04,2026,112,205,65,49,.570,5.5,+5.0,2,1,4,False,43,
2026-08-05,2026-08-04,2026,134,205,57,58,.496,14.0,3.5,3,6,9,False,34,
2026-08-05,2026-08-04,2026,138,205,56,58,.491,14.5,4.0,4,7,10,False,34,
2026-08-05,2026-08-04,2026,113,205,54,58,.482,15.5,5.0,5,8,11,False,34,
2026-08-05,2026-08-04,2026,119,203,69,45,.605,-,-,1,,2,False,-,40
2026-08-05,2026-08-04,2026,109,203,60,54,.526,9.0,-,2,3,6,False,40,
2026-08-05,2026-08-04,2026,135,203,59,55,.518,10.0,1.0,3,4,7,False,39,
2026-08-05,2026-08-04,2026,137,203,48,66,.421,21.0,12.0,4,11,14,False,28,
2026-08-05,2026-08-04,2026,115,203,45,69,.395,24.0,15.0,5,12,15,False,25,
2026-08-06,2026-08-05,2026,139,201,68,46,.596,-,-,1,,1,False,-,41
2026-08-06,2026-08-05,2026,147,201,64,51,.557,4.5,+7.0,2,1,2,False,41,
2026-08-06,2026-08-05,2026,111,201,62,51,.549,5.5,+6.0,3,2,3,False,41,
2026-08-06,2026-08-05,2026,110,201,56,58,.491,12.0,0.5,4,5,8,False,34,
2026-08-06,2026-08-05,2026,141,201,54,61,.470,14.5,3.0,5,9,12,False,31,
2026-08-06,2026-08-05,2026,145,202,59,54,.522,-,-,1,,4,False,-,39
2026-08-06,2026-08-05,2026,114,202,57,58,.496,3.0,-,2,4,7,False,39,
2026-08-06,2026-08-05,2026,142,202,56,59,.487,4.0,1.0,3,7,10,False,38,
2026-08-06,2026-08-05,2026,116,202,55,59,.482,4.5,1.5,4,8,11,False,38,
2026-08-06,2026-08-05,2026,118,202,48,67,.417,12.0,9.0,5,10,13,False,30,
2026-08-06,2026-08-05,2026,117,200,59,57,.509,-,-,1,,5,False,-,43
2026-08-06,2026-08-05,2026,140,200,57,58,.496,1.5,-,2,3,6,False,43,
2026-08-06,2026-08-05,2026,136,200,56,59,.487,2.5,1.0,3,6,9,False,42,
2026-08-06,2026-08-05,2026,133,200,45,69,.395,13.0,11.5,4,11,14,False,32,
2026-08-06,2026-08-05,2026,108,200,43,71,.377,15.0,13.5,5,12,15,False,30,
2026-08-06,2026-08-05,2026,144,204,69,45,.605,-,-,1,,2,False,-,40
2026-08-06,2026-08-05,2026,143,204,61,54,.530,8.5,-,2,3,6,False,40,
2026-08-06,2026-08-05,2026,146,204,58,57,.504,11.5,3.0,3,5,8,False,37,
2026-08-06,2026-08-05,2026,120,204,56,60,.483,14.0,5.5,4,9,12,False,33,
2026-08-06,2026-08-05,2026,121,204,49,66,.426,20.5,12.0,5,10,13,False,28,
2026-08-06,2026-08-05,2026,158,205,71,43,.623,-,-,1,,1,False,-,42
2026-08-06,2026-08-05,2026,112,205,66,49,.574,5.5,+5.0,2,1,4,False,42,
2026-08-06,2026-08-05,2026,138,205,57,58,.496,14.5,4.0,3,6,9,False,33,
2026-08-06,2026-08-05,2026,134,205,57,59,.491,15.0,4.5,4,7,10,False,32,
2026-08-06,2026-08-05,2026,113,205,55,58,.487,15.5,5.0,5,8,11,False,33,
2026-08-06,2026-08-05,2026,119,203,69,46,.600,-,-,1,,3,False,-,40
2026-08-06,2026-08-05,2026,109,203,61,54,.530,8.0,-,2,2,5,False,40,
2026-08-06,2026-08-05,2026,135,203,59,56,.513,10.0,2.0,3,4,7,False,38,
2026-08-06,2026-08-05,2026,137,203,48,67,.417,21.0,13.0,4,11,14,False,27,
2026-08-06,2026-08-05,2026,115,203,45,70,.391,24.0,16.0,5,12,15,False,24,
2026-08-07,2026-08-06,2026,139,201,68,46,.596,-,-,1,,1,False,-,41
2026-08-07,2026-08-06,2026,147,201,64,51,.557,4.5,+7.0,2,1,2,False,41,
2026-08-07,2026-08-06,2026,111,201,63,51,.553,5.0,+6.5,3,2,3,False,41,
2026-08-07,2026-08-06,2026,110,201,56,59,.487,12.5,1.0,4,6,9,False,33,
2026-08-07,2026-08-06,2026,141,201,54,62,.466,15.0,3.5,5,9,12,False,30,
2026-08-07,2026-08-06,2026,145,202,59,55,.518,-,-,1,,4,False,-,38
2026-08-07,2026-08-06,2026,142,202,57,59,.491,3.0,0.5,2,4,7,False,38,
2026-08-07,2026-08-06,2026,114,202,57,59,.491,3.0,0.5,3,5,8,False,38,
2026-08-07,2026-08-06,2026,116,202,56,59,.487,3.5,1.0,4,7,10,False,37,
2026-08-07,2026-08-06,2026,118,202,48,68,.414,12.0,9.5,5,10,13,False,29,
2026-08-07,2026-08-06,2026,117,200,59,57,.509,-,-,1,,5,False,-,43
2026-08-07,2026-08-06,2026,140,200,57,58,.496,1.5,-,2,3,6,False,43,
2026-08-07,2026-08-06,2026,136,200,56,60,.483,3.0,1.5,3,8,11,False,41,
2026-08-07,2026-08-06,2026,133,200,45,70,.391,13.5,12.0,4,11,14,False,31,
2026-08-07,2026-08-06,2026,108,200,44,71,.383,14.5,13.0,5,12,15,False,30,
2026-08-07,2026-08-06,2026,144,204,70,45,.609,-,-,1,,2,False,-,39
2026-08-07,2026-08-06,2026,143,204,62,54,.534,8.5,+1.0,2,2,5,False,39,
2026-08-07,2026-08-06,2026,146,204,58,58,.500,12.5,3.0,3,5,8,False,35,
2026-08-07,2026-08-06,2026,120,204,56,61,.479,15.0,5.5,4,9,12,False,32,
2026-08-07,2026-08-06,2026,121,204,50,66,.431,20.5,11.0,5,10,13,False,27,
2026-08-07,2026-08-06,2026,158,205,72,43,.626,-,-,1,,1,False,-,41
2026-08-07,2026-08-06,2026,112,205,67,49,.578,5.5,+6.0,2,1,4,False,41,
2026-08-07,2026-08-06,2026,138,205,57,58,.496,15.0,3.5,3,6,9,False,32,
2026-08-07,2026-08-06,2026,113,205,56,58,.491,15.5,4.0,4,7,10,False,32,
2026-08-07,2026-08-06,2026,134,205,57,60,.487,16.0,4.5,5,8,11,False,30,
2026-08-07,2026-08-06,2026,119,203,69,46,.600,-,-,1,,3,False,-,39
2026-08-07,2026-08-06,2026,109,203,61,55,.526,8.5,-,2,3,6,False,39,
2026-08-07,2026-08-06,2026,135,203,60,56,.517,9.5,1.0,3,4,7,False,38,
2026-08-07,2026-08-06,2026,137,203,48,67,.417,21.0,12.5,4,11,14,False,27,
2026-08-07,2026-08-06,2026,115,203,45,70,.391,24.0,15.5,5,12,15,False,24,
2026-08-08,2026-08-07,2026,139,201,69,46,.600,-,-,1,,1,False,-,40
2026-08-08,2026-08-07,2026,147,201,65,51,.560,4.5,+7.0,2,1,2,False,40,
2026-08-08,2026-08-07,2026,111,201,64,51,.557,5.0,+6.5,3,2,3,False,40,
2026-08-08,2026-08-07,2026,110,201,56,60,.483,13.5,2.0,4,6,9,False,31,
2026-08-08,2026-08-07,2026,141,201,55,62,.470,15.0,3.5,5,9,12,False,29,
2026-08-08,2026-08-07,2026,145,202,59,56,.513,-,-,1,,4,False,-,37
2026-08-08,2026-08-07,2026,142,202,58,59,.496,2.0,0.5,2,4,7,False,37,
2026-08-08,2026-08-07,2026,114,202,58,59,.496,2.0,0.5,3,5,8,False,37,
2026-08-08,2026-08-07,2026,116,202,56,60,.483,3.5,2.0,4,7,10,False,36,
2026-08-08,2026-08-07,2026,118,202,48,69,.410,12.0,10.5,5,10,13,False,27,
2026-08-08,2026-08-07,2026,117,200,60,57,.513,-,-,1,,5,False,-,42
2026-08-08,2026-08-07,2026,140,200,58,58,.500,1.5,-,2,3,6,False,42,
2026-08-08,2026-08-07,2026,136,200,56,61,.479,4.0,2.5,3,8,11,False,39,
2026-08-08,2026-08-07,2026,133,200,45,71,.388,14.5,13.0,4,11,14,False,29,
2026-08-08,2026-08-07,2026,108,200,45,71,.388,14.5,13.0,5,12,15,False,29,
2026-08-08,2026-08-07,2026,144,204,70,46,.603,-,-,1,,2,False,-,38
2026-08-08,2026-08-07,2026,143,204,62,55,.530,8.5,-,2,3,6,False,38,
2026-08-08,2026-08-07,2026,146,204,58,59,.496,12.5,4.0,3,6,9,False,34,
2026-08-08,2026-08-07,2026,120,204,57,61,.483,14.0,5.5,4,9,12,False,32,
2026-08-08,2026-08-07,2026,121,204,51,66,.436,19.5,11.0,5,10,13,False,27,
2026-08-08,2026-08-07,2026,158,205,72,44,.621,-,-,1,,1,False,-,40
2026-08-08,2026-08-07,2026,112,205,68,49,.581,4.5,+6.0,2,1,4,False,40,
2026-08-08,2026-08-07,2026,138,205,58,58,.500,14.0,3.5,3,5,8,False,31,
2026-08-08,2026-08-07,2026,113,205,56,59,.487,15.5,5.0,4,7,10,False,30,
2026-08-08,2026-08-07,2026,134,205,57,61,.483,16.0,5.5,5,8,11,False,28,
2026-08-08,2026-08-07,2026,119,203,69,47,.595,-,-,1,,3,False,-,39
2026-08-08,2026-08-07,2026,109,203,62,55,.530,7.5,-,2,2,5,False,39,
2026-08-08,2026-08-07,2026,135,203,60,57,.513,9.5,2.0,3,4,7,False,37,
2026-08-08,2026-08-07,2026,137,203,49,67,.422,20.0,12.5,4,11,14,False,27,
2026-08-08,2026-08-07,2026,115,203,45,71,.388,24.0,16.5,5,12,15,False,23,
2026-08-09,2026-08-08,2026,139,201,70,46,.603,-,-,1,,1,False,-,39
2026-08-09,2026-08-08,2026,147,201,66,51,.564,4.5,+7.0,2,1,2,False,39,
2026-08-09,2026-08-08,2026,111,201,64,52,.552,6.0,+5.5,3,2,3,False,39,
2026-08-09,2026-08-08,2026,110,201,56,61,.479,14.5,3.0,4,7,10,False,30,
2026-08-09,2026-08-08,2026,141,201,56,62,.475,15.0,3.5,5,9,12,False,29,
2026-08-09,2026-08-08,2026,145,202,60,56,.517,-,-,1,,4,False,-,36
2026-08-09,2026-08-08,2026,142,202,58,60,.492,3.0,1.5,2,4,7,False,36,
2026-08-09,2026-08-08,2026,114,202,58,60,.492,3.0,1.5,3,5,8,False,36,
2026-08-09,2026-08-08,2026,116,202,57,60,.487,3.5,2.0,4,6,9,False,36,
2026-08-09,2026-08-08,2026,118,202,49,69,.415,12.0,10.5,5,10,13,False,27,
2026-08-09,2026-08-08,2026,117,200,60,58,.508,-,-,1,,5,False,-,42
2026-08-09,2026-08-08,2026,140,200,59,58,.504,0.5,-,2,3,6,False,42,
2026-08-09,2026-08-08,2026,136,200,56,62,.475,4.0,3.5,3,8,11,False,38,
2026-08-09,2026-08-08,2026,133,200,46,71,.393,13.5,13.0,4,11,14,False,29,
2026-08-09,2026-08-08,2026,108,200,45,72,.385,14.5,14.0,5,12,15,False,28,
2026-08-09,2026-08-08,2026,144,204,70,47,.598,-,-,1,,2,False,-,37
2026-08-09,2026-08-08,2026,143,204,62,56,.525,8.5,-,2,3,6,False,37,
2026-08-09,2026-08-08,2026,146,204,59,59,.500,11.5,3.0,3,5,8,False,34,
2026-08-09,2026-08-08,2026,120,204,58,61,.487,13.0,4.5,4,8,11,False,32,
2026-08-09,2026-08-08,2026,121,204,51,67,.432,19.5,11.0,5,10,13,False,26,
2026-08-09,2026-08-08,2026,158,205,73,44,.624,-,-,1,,1,False,-,39
2026-08-09,2026-08-08,2026,112,205,68,50,.576,5.5,+6.0,2,1,4,False,39,
2026-08-09,2026-08-08,2026,138,205,58,59,.496,15.0,3.5,3,6,9,False,30,
2026-08-09,2026-08-08,2026,134,205,58,61,.487,16.0,4.5,4,7,10,False,28,
2026-08-09,2026-08-08,2026,113,205,56,60,.483,16.5,5.0,5,9,12,False,29,
2026-08-09,2026-08-08,2026,119,203,70,47,.598,-,-,1,,3,False,-,37
2026-08-09,2026-08-08,2026,109,203,62,56,.525,8.5,-,2,2,5,False,37,
2026-08-09,2026-08-08,2026,135,203,61,57,.517,9.5,1.0,3,4,7,False,36,
2026-08-09,2026-08-08,2026,137,203,49,68,.419,21.0,12.5,4,11,14,False,25,
2026-08-09,2026-08-08,2026,115,203,46,71,.393,24.0,15.5,5,12,15,False,22,
2026-08-10,2026-08-09,2026,139,201,71,46,.607,-,-,1,,1,False,-,38
2026-08-10,2026-08-09,2026,147,201,66,52,.559,5.5,+7.0,2,1,2,False,38,
2026-08-10,2026-08-09,2026,111,201,64,53,.547,7.0,+5.5,3,2,3,False,37,
2026-08-10,2026-08-09,2026,110,201,57,61,.483,14.5,2.0,4,7,10,False,29,
2026-08-10,2026-08-09,2026,141,201,56,63,.471,16.0,3.5,5,9,12,False,27,
2026-08-10,2026-08-09,2026,145,202,61,56,.521,-,-,1,,4,False,-,36
2026-08-10,2026-08-09,2026,116,202,58,60,.492,3.5,1.0,2,4,7,False,36,
2026-08-10,2026-08-09,2026,142,202,58,61,.487,4.0,1.5,3,5,8,False,35,
2026-08-10,2026-08-09,2026,114,202,58,61,.487,4.0,1.5,4,6,9,False,35,
2026-08-10,2026-08-09,2026,118,202,49,70,.412,13.0,10.5,5,10,13,False,26,
2026-08-10,2026-08-09,2026,117,200,60,59,.504,-,-,1,,5,False,-,40
2026-08-10,2026-08-09,2026,140,200,59,59,.500,0.5,-,2,3,6,False,40,
2026-08-10,2026-08-09,2026,136,200,56,63,.471,4.0,3.5,3,8,11,False,36,
2026-08-10,2026-08-09,2026,133,200,47,71,.398,12.5,12.0,4,11,14,False,29,
2026-08-10,2026-08-09,2026,108,200,45,73,.381,14.5,14.0,5,12,15,False,27,
2026-08-10,2026-08-09,2026,144,204,71,47,.602,-,-,1,,2,False,-,36
2026-08-10,2026-08-09,2026,143,204,63,56,.529,8.5,-,2,3,6,False,36,
2026-08-10,2026-08-09,2026,146,204,60,59,.504,11.5,3.0,3,5,8,False,33,
2026-08-10,2026-08-09,2026,120,204,59,61,.492,13.0,4.5,4,7,10,False,31,
2026-08-10,2026-08-09,2026,121,204,52,67,.437,19.5,11.0,5,10,13,False,25,
2026-08-10,2026-08-09,2026,158,205,74,44,.627,-,-,1,,1,False,-,38
2026-08-10,2026-08-09,2026,112,205,69,50,.580,5.5,+6.0,2,1,4,False,38,
2026-08-10,2026-08-09,2026,138,205,59,59,.500,15.0,3.5,3,6,9,False,29,
2026-08-10,2026-08-09,2026,134,205,58,62,.483,17.0,5.5,4,8,11,False,26,
2026-08-10,2026-08-09,2026,113,205,56,61,.479,17.5,6.0,5,9,12,False,27,
2026-08-10,2026-08-09,2026,119,203,70,48,.593,-,-,1,,3,False,-,37
2026-08-10,2026-08-09,2026,109,203,63,56,.529,7.5,-,2,2,5,False,37,
2026-08-10,2026-08-09,2026,135,203,62,57,.521,8.5,1.0,3,4,7,False,36,
2026-08-10,2026-08-09,2026,137,203,49,69,.415,21.0,13.5,4,11,14,False,24,
2026-08-10,2026-08-09,2026,115,203,46,72,.390,24.0,16.5,5,12,15,False,21,
2026-08-11,2026-08-10,2026,139,201,72,46,.610,-,-,1,,1,False,-,38
2026-08-11,2026-08-10,2026,147,201,66,52,.559,6.0,+6.5,2,1,2,False,38,
2026-08-11,2026-08-10,2026,111,201,64,54,.542,8.0,+4.5,3,2,3,False,36,
2026-08-11,2026-08-10,2026,110,201,57,62,.479,15.5,3.0,4,7,10,False,28,
2026-08-11,2026-08-10,2026,141,201,57,63,.475,16.0,3.5,5,8,11,False,27,
2026-08-11,2026-08-10,2026,145,202,61,56,.521,-,-,1,,4,False,-,35
2026-08-11,2026-08-10,2026,142,202,59,61,.492,3.5,1.5,2,4,7,False,35,
2026-08-11,2026-08-10,2026,116,202,58,60,.492,3.5,1.5,3,5,8,False,35,
2026-08-11,2026-08-10,2026,114,202,58,61,.487,4.0,2.0,4,6,9,False,35,
2026-08-11,2026-08-10,2026,118,202,49,71,.408,13.5,11.5,5,10,13,False,25,
2026-08-11,2026-08-10,2026,117,200,61,59,.508,-,-,1,,5,False,-,40
2026-08-11,2026-08-10,2026,140,200,60,59,.504,0.5,-,2,3,6,False,40,
2026-08-11,2026-08-10,2026,136,200,56,63,.471,4.5,4.0,3,9,12,False,36,
2026-08-11,2026-08-10,2026,133,200,47,72,.395,13.5,13.0,4,11,14,False,27,
2026-08-11,2026-08-10,2026,108,200,45,74,.378,15.5,15.0,5,12,15,False,26,
2026-08-11,2026-08-10,2026,144,204,71,48,.597,-,-,1,,2,False,-,36
2026-08-11,2026-08-10,2026,143,204,64,56,.533,7.5,-,2,3,6,False,36,
2026-08-11,2026-08-10,2026,146,204,60,59,.504,11.0,3.5,3,5,8,False,33,
2026-08-11,2026-08-10,2026,120,204,59,61,.492,12.5,5.0,4,7,10,False,30,
2026-08-11,2026-08-10,2026,121,204,53,67,.442,18.5,11.0,5,10,13,False,25,
2026-08-11,2026-08-10,2026,158,205,74,45,.622,-,-,1,,1,False,-,38
2026-08-11,2026-08-10,2026,112,205,69,50,.580,5.0,+5.5,2,1,4,False,38,
2026-08-11,2026-08-10,2026,138,205,59,60,.496,15.0,4.5,3,6,9,False,28,
2026-08-11,2026-08-10,2026,134,205,58,62,.483,16.5,6.0,4,8,11,False,26,
2026-08-11,2026-08-10,2026,113,205,56,61,.479,17.0,6.5,5,9,12,False,27,
2026-08-11,2026-08-10,2026,119,203,71,48,.597,-,-,1,,3,False,-,36
2026-08-11,2026-08-10,2026,109,203,64,56,.533,7.5,-,2,2,5,False,36,
2026-08-11,2026-08-10,2026,135,203,63,57,.525,8.5,1.0,3,4,7,False,35,
2026-08-11,2026-08-10,2026,137,203,49,70,.412,22.0,14.5,4,11,14,False,22,
2026-08-11,2026-08-10,2026,115,203,46,73,.387,25.0,17.5,5,12,15,False,19,
2026-08-12,2026-08-11,2026,139,201,73,46,.613,-,-,1,,1,False,-,37
2026-08-12,2026-08-11,2026,147,201,67,52,.563,6.0,+7.5,2,1,2,False,37,
2026-08-12,2026-08-11,2026,111,201,64,55,.538,9.0,+4.5,3,2,3,False,34,
2026-08-12,2026-08-11,2026,110,201,58,62,.483,15.5,2.0,4,7,10,False,27,
2026-08-12,2026-08-11,2026,141,201,58,63,.479,16.0,2.5,5,8,11,False,27,
2026-08-12,2026-08-11,2026,145,202,61,57,.517,-,-,1,,4,False,-,35
2026-08-12,2026-08-11,2026,116,202,59,60,.496,2.5,0.5,2,4,7,False,35,
2026-08-12,2026-08-11,2026,142,202,59,62,.488,3.5,1.5,3,5,8,False,34,
2026-08-12,2026-08-11,2026,114,202,58,62,.483,4.0,2.0,4,6,9,False,34,
2026-08-12,2026-08-11,2026,118,202,49,72,.405,13.5,11.5,5,10,13,False,24,
2026-08-12,2026-08-11,2026,117,200,61,60,.504,-,-,1,,5,False,-,39
2026-08-12,2026-08-11,2026,140,200,60,60,.500,0.5,-,2,3,6,False,39,
2026-08-12,2026-08-11,2026,136,200,56,64,.467,4.5,4.0,3,9,12,False,35,
2026-08-12,2026-08-11,2026,133,200,47,73,.392,13.5,13.0,4,11,14,False,26,
2026-08-12,2026-08-11,2026,108,200,46,74,.383,14.5,14.0,5,12,15,False,26,
2026-08-12,2026-08-11,2026,144,204,72,48,.600,-,-,1,,2,False,-,34
2026-08-12,2026-08-11,2026,143,204,64,57,.529,8.5,-,2,2,5,False,34,
2026-08-12,2026-08-11,2026,146,204,61,59,.508,11.0,2.5,3,5,8,False,32,
2026-08-12,2026-08-11,2026,120,204,59,62,.488,13.5,5.0,4,7,10,False,29,
2026-08-12,2026-08-11,2026,121,204,53,68,.438,19.5,11.0,5,10,13,False,23,
2026-08-12,2026-08-11,2026,158,205,74,46,.617,-,-,1,,1,False,-,37
2026-08-12,2026-08-11,2026,112,205,70,50,.583,4.0,+6.5,2,1,4,False,37,
2026-08-12,2026-08-11,2026,138,205,60,60,.500,14.0,3.5,3,6,9,False,27,
2026-08-12,2026-08-11,2026,113,205,57,61,.483,16.0,5.5,4,8,11,False,26,
2026-08-12,2026-08-11,2026,134,205,58,63,.479,16.5,6.0,5,9,12,False,24,
2026-08-12,2026-08-11,2026,119,203,72,48,.600,-,-,1,,3,False,-,34
2026-08-12,2026-08-11,2026,109,203,64,57,.529,8.5,-,2,3,6,False,34,
2026-08-12,2026-08-11,2026,135,203,64,57,.529,8.5,-,3,4,7,False,34,
2026-08-12,2026-08-11,2026,137,203,50,70,.417,22.0,13.5,4,11,14,False,21,
2026-08-12,2026-08-11,2026,115,203,47,73,.392,25.0,16.5,5,12,15,False,18,
2026-08-13,2026-08-12,2026,139,201,74,46,.617,-,-,1,,1,False,-,37
2026-08-13,2026-08-12,2026,147,201,68,52,.567,6.0,+8.5,2,1,2,False,37,
2026-08-13,2026-08-12,2026,111,201,64,56,.533,10.0,+4.5,3,2,3,False,33,
2026-08-13,2026-08-12,2026,141,201,59,63,.484,16.0,1.5,4,7,10,False,26,
2026-08-13,2026-08-12,2026,110,201,58,63,.479,16.5,2.0,5,8,11,False,26,
2026-08-13,2026-08-12,2026,145,202,62,57,.521,-,-,1,,4,False,-,33
2026-08-13,2026-08-12,2026,142,202,60,62,.492,3.5,0.5,2,4,7,False,33,
2026-08-13,2026-08-12,2026,116,202,59,61,.492,3.5,0.5,3,5,8,False,34,
2026-08-13,2026-08-12,2026,114,202,59,62,.488,4.0,1.0,4,6,9,False,33,
2026-08-13,2026-08-12,2026,118,202,49,73,.402,14.5,11.5,5,10,13,False,22,
2026-08-13,2026-08-12,2026,117,200,62,60,.508,-,-,1,,5,False,-,38
2026-08-13,2026-08-12,2026,140,200,60,61,.496,1.5,-,2,3,6,False,38,
2026-08-13,2026-08-12,2026,136,200,56,65,.463,5.5,4.0,3,9,12,False,34,
2026-08-13,2026-08-12,2026,133,200,47,74,.388,14.5,13.0,4,11,14,False,25,
2026-08-13,2026-08-12,2026,108,200,47,74,.388,14.5,13.0,5,12,15,False,25,
2026-08-13,2026-08-12,2026,144,204,73,48,.603,-,-,1,,2,False,-,32
2026-08-13,2026-08-12,2026,143,204,64,58,.525,9.5,-,2,4,7,False,32,
2026-08-13,2026-08-12,2026,146,204,62,59,.512,11.0,1.5,3,5,8,False,31,
2026-08-13,2026-08-12,2026,120,204,59,63,.484,14.5,5.0,4,7,10,False,27,
2026-08-13,2026-08-12,2026,121,204,53,69,.434,20.5,11.0,5,10,13,False,21,
2026-08-13,2026-08-12,2026,158,205,74,47,.612,-,-,1,,1,False,-,37
2026-08-13,2026-08-12,2026,112,205,71,50,.587,3.0,+7.5,2,1,4,False,37,
2026-08-13,2026-08-12,2026,138,205,61,60,.504,13.0,2.5,3,6,9,False,27,
2026-08-13,2026-08-12,2026,113,205,57,62,.479,16.0,5.5,4,8,11,False,25,
2026-08-13,2026-08-12,2026,134,205,58,64,.475,16.5,6.0,5,9,12,False,23,
2026-08-13,2026-08-12,2026,119,203,73,48,.603,-,-,1,,3,False,-,33
2026-08-13,2026-08-12,2026,135,203,65,57,.533,8.5,+1.0,2,2,5,False,33,
2026-08-13,2026-08-12,2026,109,203,64,58,.525,9.5,-,3,3,6,False,32,
2026-08-13,2026-08-12,2026,137,203,50,71,.413,23.0,13.5,4,11,14,False,19,
2026-08-13,2026-08-12,2026,115,203,48,73,.397,25.0,15.5,5,12,15,False,17,
2026-08-14,2026-08-13,2026,139,201,74,46,.617,-,-,1,,1,False,-,36
2026-08-14,2026-08-13,2026,147,201,68,53,.562,6.5,+8.0,2,1,2,False,36,
2026-08-14,2026-08-13,2026,111,201,65,56,.537,9.5,+5.0,3,2,3,False,33,
2026-08-14,2026-08-13,2026,141,201,59,64,.480,16.5,2.0,4,7,10,False,25,
2026-08-14,2026-08-13,2026,110,201,58,63,.479,16.5,2.0,5,8,11,False,26,
2026-08-14,2026-08-13,2026,145,202,62,58,.517,-,-,1,,4,False,-,34
2026-08-14,2026-08-13,2026,116,202,60,61,.496,2.5,-,2,3,6,False,34,
2026-08-14,2026-08-13,2026,142,202,60,63,.488,3.5,1.0,3,5,8,False,32,
2026-08-14,2026-08-13,2026,114,202,59,63,.484,4.0,1.5,4,6,9,False,32,
2026-08-14,2026-08-13,2026,118,202,49,73,.402,14.0,11.5,5,10,13,False,22,
2026-08-14,2026-08-13,2026,117,200,62,60,.508,-,-,1,,5,False,-,37
2026-08-14,2026-08-13,2026,140,200,60,62,.492,2.0,0.5,2,4,7,False,37,
2026-08-14,2026-08-13,2026,136,200,57,65,.467,5.0,3.5,3,9,12,False,34,
2026-08-14,2026-08-13,2026,108,200,48,74,.393,14.0,12.5,4,11,14,False,25,
2026-08-14,2026-08-13,2026,133,200,47,74,.388,14.5,13.0,5,12,15,False,25,
2026-08-14,2026-08-13,2026,144,204,73,48,.603,-,-,1,,2,False,-,32
2026-08-14,2026-08-13,2026,143,204,65,58,.528,9.0,-,2,3,6,False,32,
2026-08-14,2026-08-13,2026,146,204,62,60,.508,11.5,2.5,3,5,8,False,30,
2026-08-14,2026-08-13,2026,120,204,60,63,.488,14.0,5.0,4,7,10,False,27,
2026-08-14,2026-08-13,2026,121,204,53,69,.434,20.5,11.5,5,10,13,False,21,
2026-08-14,2026-08-13,2026,158,205,75,47,.615,-,-,1,,1,False,-,35
2026-08-14,2026-08-13,2026,112,205,71,51,.582,4.0,+6.5,2,1,4,False,35,
2026-08-14,2026-08-13,2026,138,205,61,60,.504,13.5,3.0,3,6,9,False,26,
2026-08-14,2026-08-13,2026,113,205,58,62,.483,16.0,5.5,4,8,11,False,24,
2026-08-14,2026-08-13,2026,134,205,59,64,.480,16.5,6.0,5,9,12,False,22,
2026-08-14,2026-08-13,2026,119,203,73,49,.598,-,-,1,,3,False,-,33
2026-08-14,2026-08-13,2026,135,203,65,57,.533,8.0,+0.5,2,2,5,False,33,
2026-08-14,2026-08-13,2026,109,203,64,58,.525,9.0,0.5,3,4,7,False,32,
2026-08-14,2026-08-13,2026,137,203,50,71,.413,22.5,14.0,4,11,14,False,19,
2026-08-14,2026-08-13,2026,115,203,48,73,.397,24.5,16.0,5,12,15,False,17,
2026-08-15,2026-08-14,2026,139,201,74,47,.612,-,-,1,,1,False,-,35
2026-08-15,2026-08-14,2026,147,201,68,54,.557,6.5,+8.0,2,1,2,False,35,
2026-08-15,2026-08-14,2026,111,201,65,57,.533,9.5,+5.0,3,2,3,False,32,
2026-08-15,2026-08-14,2026,141,201,60,64,.484,15.5,1.0,4,6,9,False,25,
2026-08-15,2026-08-14,2026,110,201,59,63,.484,15.5,1.0,5,7,10,False,26,
2026-08-15,2026-08-14,2026,145,202,63,58,.521,-,-,1,,4,False,-,33
2026-08-15,2026-08-14,2026,116,202,60,62,.492,3.5,-,2,3,6,False,33,
2026-08-15,2026-08-14,2026,142,202,60,63,.488,4.0,0.5,3,4,7,False,32,
2026-08-15,2026-08-14,2026,114,202,59,64,.480,5.0,1.5,4,8,11,False,31,
2026-08-15,2026-08-14,2026,118,202,50,73,.407,14.0,10.5,5,10,13,False,22,
2026-08-15,2026-08-14,2026,117,200,63,60,.512,-,-,1,,5,False,-,36
2026-08-15,2026-08-14,2026,140,200,60,63,.488,3.0,0.5,2,5,8,False,36,
2026-08-15,2026-08-14,2026,136,200,57,66,.463,6.0,3.5,3,9,12,False,33,
2026-08-15,2026-08-14,2026,133,200,48,74,.393,14.5,12.0,4,11,14,False,25,
2026-08-15,2026-08-14,2026,108,200,48,75,.390,15.0,12.5,5,12,15,False,24,
2026-08-15,2026-08-14,2026,144,204,73,49,.598,-,-,1,,3,False,-,32
2026-08-15,2026-08-14,2026,143,204,65,58,.528,8.5,-,2,4,7,False,32,
2026-08-15,2026-08-14,2026,146,204,62,61,.504,11.5,3.0,3,5,8,False,29,
2026-08-15,2026-08-14,2026,120,204,60,64,.484,14.0,5.5,4,9,12,False,25,
2026-08-15,2026-08-14,2026,121,204,54,69,.439,19.5,11.0,5,10,13,False,21,
2026-08-15,2026-08-14,2026,158,205,75,48,.610,-,-,1,,1,False,-,35
2026-08-15,2026-08-14,2026,112,205,72,51,.585,3.0,+7.0,2,1,4,False,35,
2026-08-15,2026-08-14,2026,138,205,61,61,.500,13.5,3.5,3,6,9,False,25,
2026-08-15,2026-08-14,2026,113,205,59,62,.488,15.0,5.0,4,7,10,False,24,
2026-08-15,2026-08-14,2026,134,205,60,64,.484,15.5,5.5,5,8,11,False,22,
2026-08-15,2026-08-14,2026,119,203,74,49,.602,-,-,1,,2,False,-,32
2026-08-15,2026-08-14,2026,135,203,66,57,.537,8.0,+1.0,2,2,5,False,32,
2026-08-15,2026-08-14,2026,109,203,65,58,.528,9.0,-,3,3,6,False,31,
2026-08-15,2026-08-14,2026,137,203,50,72,.410,23.5,14.5,4,11,14,False,17,
2026-08-15,2026-08-14,2026,115,203,49,73,.402,24.5,15.5,5,12,15,False,16,
2026-08-16,2026-08-15,2026,139,201,74,48,.607,-,-,1,,1,False,-,34
2026-08-16,2026-08-15,2026,147,201,68,55,.553,6.5,+7.5,2,1,2,False,34,
2026-08-16,2026-08-15,2026,111,201,66,57,.537,8.5,+5.5,3,2,3,False,32,
2026-08-16,2026-08-15,2026,141,201,61,64,.488,14.5,0.5,4,4,7,False,25,
2026-08-16,2026-08-15,2026,110,201,60,63,.488,14.5,0.5,5,5,8,False,26,
2026-08-16,2026-08-15,2026,145,202,64,58,.525,-,-,1,,4,False,-,31
2026-08-16,2026-08-15,2026,116,202,60,63,.488,4.5,0.5,2,6,9,False,31,
2026-08-16,2026-08-15,2026,142,202,60,64,.484,5.0,1.0,3,7,10,False,31,
2026-08-16,2026-08-15,2026,114,202,60,64,.484,5.0,1.0,4,8,11,False,31,
2026-08-16,2026-08-15,2026,118,202,50,74,.403,15.0,11.0,5,10,13,False,21,
2026-08-16,2026-08-15,2026,117,200,63,61,.508,-,-,1,,5,False,-,36
2026-08-16,2026-08-15,2026,140,200,61,63,.492,2.0,-,2,3,6,False,36,
2026-08-16,2026-08-15,2026,136,200,58,66,.468,5.0,3.0,3,9,12,False,33,
2026-08-16,2026-08-15,2026,108,200,49,75,.395,14.0,12.0,4,11,14,False,24,
2026-08-16,2026-08-15,2026,133,200,48,75,.390,14.5,12.5,5,12,15,False,24,
2026-08-16,2026-08-15,2026,144,204,73,50,.593,-,-,1,,3,False,-,32
2026-08-16,2026-08-15,2026,143,204,66,58,.532,7.5,-,2,2,5,False,32,
2026-08-16,2026-08-15,2026,146,204,63,61,.508,10.5,3.0,3,5,8,False,29,
2026-08-16,2026-08-15,2026,120,204,60,65,.480,14.0,6.5,4,9,12,False,24,
2026-08-16,2026-08-15,2026,121,204,55,69,.444,18.5,11.0,5,10,13,False,21,
2026-08-16,2026-08-15,2026,158,205,76,48,.613,-,-,1,,1,False,-,33
2026-08-16,2026-08-15,2026,112,205,72,52,.581,4.0,+6.0,2,1,4,False,33,
2026-08-16,2026-08-15,2026,138,205,62,61,.504,13.5,3.5,3,6,9,False,24,
2026-08-16,2026-08-15,2026,113,205,59,63,.484,16.0,6.0,4,7,10,False,22,
2026-08-16,2026-08-15,2026,134,205,60,65,.480,16.5,6.5,5,8,11,False,20,
2026-08-16,2026-08-15,2026,119,203,74,50,.597,-,-,1,,2,False,-,31
2026-08-16,2026-08-15,2026,109,203,66,58,.532,8.0,-,2,3,6,False,31,
2026-08-16,2026-08-15,2026,135,203,66,58,.532,8.0,-,3,4,7,False,31,
2026-08-16,2026-08-15,2026,137,203,51,72,.415,22.5,14.5,4,11,14,False,17,
2026-08-16,2026-08-15,2026,115,203,49,74,.398,24.5,16.5,5,12,15,False,14,
2026-08-17,2026-08-16,2026,139,201,74,49,.602,-,-,1,,1,False,-,33
2026-08-17,2026-08-16,2026,147,201,69,55,.556,5.5,+8.0,2,1,2,False,33,
2026-08-17,2026-08-16,2026,111,201,66,58,.532,8.5,+5.0,3,2,3,False,31,
2026-08-17,2026-08-16,2026,110,201,61,63,.492,13.5,-,4,3,6,False,26,
2026-08-17,2026-08-16,2026,141,201,61,65,.484,14.5,1.0,5,5,8,False,24,
2026-08-17,2026-08-16,2026,145,202,65,58,.528,-,-,1,,4,False,-,30
2026-08-17,2026-08-16,2026,116,202,60,64,.484,5.5,1.0,2,6,9,False,30,
2026-08-17,2026-08-16,2026,142,202,60,65,.480,6.0,1.5,3,7,10,False,30,
2026-08-17,2026-08-16,2026,114,202,60,65,.480,6.0,1.5,4,8,11,False,30,
2026-08-17,2026-08-16,2026,118,202,51,74,.408,15.0,10.5,5,10,13,False,21,
2026-08-17,2026-08-16,2026,117,200,63,62,.504,-,-,1,,5,False,-,35
2026-08-17,2026-08-16,2026,140,200,61,64,.488,2.0,0.5,2,4,7,False,35,
2026-08-17,2026-08-16,2026,136,200,59,66,.472,4.0,2.5,3,9,12,False,33,
2026-08-17,2026-08-16,2026,133,200,49,75,.395,13.5,12.0,4,11,14,False,24,
2026-08-17,2026-08-16,2026,108,200,49,76,.392,14.0,12.5,5,12,15,False,23,
2026-08-17,2026-08-16,2026,144,204,74,50,.597,-,-,1,,2,False,-,31
2026-08-17,2026-08-16,2026,143,204,67,58,.536,7.5,-,2,2,5,False,31,
2026-08-17,2026-08-16,2026,146,204,64,61,.512,10.5,3.0,3,5,8,False,28,
2026-08-17,2026-08-16,2026,120,204,60,66,.476,15.0,7.5,4,9,12,False,22,
2026-08-17,2026-08-16,2026,121,204,56,69,.448,18.5,11.0,5,10,13,False,20,
2026-08-17,2026-08-16,2026,158,205,77,48,.616,-,-,1,,1,False,-,32
2026-08-17,2026-08-16,2026,112,205,72,53,.576,5.0,+5.0,2,1,4,False,32,
2026-08-17,2026-08-16,2026,138,205,63,61,.508,13.5,3.5,3,6,9,False,24,
2026-08-17,2026-08-16,2026,134,205,61,65,.484,16.5,6.5,4,7,10,False,20,
2026-08-17,2026-08-16,2026,113,205,59,64,.480,17.0,7.0,5,8,11,False,21,
2026-08-17,2026-08-16,2026,119,203,74,51,.592,-,-,1,,3,False,-,31
2026-08-17,2026-08-16,2026,135,203,67,58,.536,7.0,-,2,3,6,False,31,
2026-08-17,2026-08-16,2026,109,203,66,59,.528,8.0,1.0,3,4,7,False,30,
2026-08-17,2026-08-16,2026,137,203,51,73,.411,22.5,15.5,4,11,14,False,16,
2026-08-17,2026-08-16,2026,115,203,50,74,.403,23.5,16.5,5,12,15,False,14,
2026-08-18,2026-08-17,2026,139,201,75,49,.605,-,-,1,,1,False,-,33
2026-08-18,2026-08-17,2026,147,201,69,55,.556,6.0,+8.5,2,1,2,False,33,
2026-08-18,2026-08-17,2026,111,201,67,58,.536,8.5,+6.0,3,2,3,False,30,
2026-08-18,2026-08-17,2026,110,201,61,64,.488,14.5,-,4,3,6,False,24,
2026-08-18,2026-08-17,2026,141,201,61,65,.484,15.0,0.5,5,7,10,False,23,
2026-08-18,2026-08-17,2026,145,202,65,59,.524,-,-,1,,4,False,-,30
2026-08-18,2026-08-17,2026,116,202,61,64,.488,4.5,-,2,5,8,False,30,
2026-08-18,2026-08-17,2026,142,202,61,65,.484,5.0,0.5,3,6,9,False,29,
2026-08-18,2026-08-17,2026,114,202,60,65,.480,5.5,1.0,4,8,11,False,29,
2026-08-18,2026-08-17,2026,118,202,52,74,.413,14.0,9.5,5,10,13,False,20,
2026-08-18,2026-08-17,2026,117,200,63,62,.504,-,-,1,,5,False,-,35
2026-08-18,2026-08-17,2026,140,200,61,64,.488,2.0,-,2,4,7,False,35,
2026-08-18,2026-08-17,2026,136,200,59,66,.472,4.0,2.0,3,9,12,False,33,
2026-08-18,2026-08-17,2026,133,200,49,76,.392,14.0,12.0,4,11,14,False,23,
2026-08-18,2026-08-17,2026,108,200,49,76,.392,14.0,12.0,5,12,15,False,23,
2026-08-18,2026-08-17,2026,144,204,74,51,.592,-,-,1,,3,False,-,30
2026-08-18,2026-08-17,2026,143,204,68,58,.540,6.5,+1.0,2,2,5,False,30,
2026-08-18,2026-08-17,2026,146,204,64,62,.508,10.5,3.0,3,5,8,False,26,
2026-08-18,2026-08-17,2026,120,204,60,66,.476,14.5,7.0,4,9,12,False,22,
2026-08-18,2026-08-17,2026,121,204,57,69,.452,17.5,10.0,5,10,13,False,19,
2026-08-18,2026-08-17,2026,158,205,77,48,.616,-,-,1,,1,False,-,31
2026-08-18,2026-08-17,2026,112,205,73,53,.579,4.5,+6.0,2,1,4,False,31,
2026-08-18,2026-08-17,2026,138,205,64,62,.508,13.5,3.0,3,6,9,False,22,
2026-08-18,2026-08-17,2026,134,205,61,66,.480,17.0,6.5,4,7,10,False,18,
2026-08-18,2026-08-17,2026,113,205,60,65,.480,17.0,6.5,5,8,11,False,19,
2026-08-18,2026-08-17,2026,119,203,75,51,.595,-,-,1,,2,False,-,29
2026-08-18,2026-08-17,2026,135,203,67,59,.532,8.0,-,2,3,6,False,29,
2026-08-18,2026-08-17,2026,109,203,66,60,.524,9.0,1.0,3,4,7,False,28,
2026-08-18,2026-08-17,2026,137,203,51,73,.411,23.0,15.0,4,11,14,False,15,
2026-08-18,2026-08-17,2026,115,203,50,75,.400,24.5,16.5,5,12,15,False,12,
2026-08-19,2026-08-18,2026,139,201,75,50,.600,-,-,1,,1,False,-,33
2026-08-19,2026-08-18,2026,147,201,70,55,.560,5.0,+8.5,2,1,2,False,33,
2026-08-19,2026-08-18,2026,111,201,68,58,.540,7.5,+6.0,3,2,3,False,30,
2026-08-19,2026-08-18,2026,141,201,62,65,.488,14.0,0.5,4,5,8,False,23,
2026-08-19,2026-08-18,2026,110,201,61,65,.484,14.5,1.0,5,7,10,False,23,
2026-08-19,2026-08-18,2026,145,202,65,60,.520,-,-,1,,4,False,-,29
2026-08-19,2026-08-18,2026,142,202,62,65,.488,4.0,0.5,2,4,7,False,29,
2026-08-19,2026-08-18,2026,114,202,61,65,.484,4.5,1.0,3,6,9,False,29,
2026-08-19,2026-08-18,2026,116,202,61,65,.484,4.5,1.0,4,8,11,False,28,
2026-08-19,2026-08-18,2026,118,202,53,74,.417,13.0,9.5,5,10,13,False,20,
2026-08-19,2026-08-18,2026,117,200,63,63,.500,-,-,1,,5,False,-,34
2026-08-19,2026-08-18,2026,140,200,62,64,.492,1.0,-,2,3,6,False,34,
2026-08-19,2026-08-18,2026,136,200,59,67,.468,4.0,3.0,3,9,12,False,31,
2026-08-19,2026-08-18,2026,108,200,50,76,.397,13.0,12.0,4,11,14,False,23,
2026-08-19,2026-08-18,2026,133,200,49,77,.389,14.0,13.0,5,12,15,False,22,
2026-08-19,2026-08-18,2026,144,204,74,52,.587,-,-,1,,3,False,-,30
2026-08-19,2026-08-18,2026,143,204,69,58,.543,5.5,+1.0,2,2,5,False,30,
2026-08-19,2026-08-18,2026,146,204,64,63,.504,10.5,4.0,3,6,9,False,25,
2026-08-19,2026-08-18,2026,120,204,60,67,.472,14.5,8.0,4,9,12,False,20,
2026-08-19,2026-08-18,2026,121,204,57,70,.449,17.5,11.0,5,10,13,False,18,
2026-08-19,2026-08-18,2026,158,205,78,48,.619,-,-,1,,1,False,-,30
2026-08-19,2026-08-18,2026,112,205,74,53,.583,4.5,+6.0,2,1,4,False,30,
2026-08-19,2026-08-18,2026,138,205,65,62,.512,13.5,3.0,3,5,8,False,21,
2026-08-19,2026-08-18,2026,134,205,62,66,.484,17.0,6.5,4,7,10,False,17,
2026-08-19,2026-08-18,2026,113,205,60,66,.476,18.0,7.5,5,8,11,False,17,
2026-08-19,2026-08-18,2026,119,203,76,51,.598,-,-,1,,2,False,-,28
2026-08-19,2026-08-18,2026,135,203,68,59,.535,8.0,-,2,3,6,False,28,
2026-08-19,2026-08-18,2026,109,203,66,61,.520,10.0,2.0,3,4,7,False,26,
2026-08-19,2026-08-18,2026,137,203,51,74,.408,24.0,16.0,4,11,14,False,13,
2026-08-19,2026-08-18,2026,115,203,50,76,.397,25.5,17.5,5,12,15,False,10,
2026-08-20,2026-08-19,2026,139,201,76,50,.603,-,-,1,,1,False,-,32
2026-08-20,2026-08-19,2026,147,201,71,55,.563,5.0,+9.0,2,1,2,False,32,
2026-08-20,2026-08-19,2026,111,201,68,59,.535,8.5,+5.5,3,2,3,False,28,
2026-08-20,2026-08-19,2026,141,201,62,66,.484,15.0,1.0,4,5,8,False,21,
2026-08-20,2026-08-19,2026,110,201,61,66,.480,15.5,1.5,5,7,10,False,21,
2026-08-20,2026-08-19,2026,145,202,66,60,.524,-,-,1,,4,False,-,28
2026-08-20,2026-08-19,2026,142,202,63,65,.492,4.0,-,2,3,6,False,28,
2026-08-20,2026-08-19,2026,114,202,61,66,.480,5.5,1.5,3,6,9,False,27,
2026-08-20,2026-08-19,2026,116,202,61,66,.480,5.5,1.5,4,8,11,False,27,
2026-08-20,2026-08-19,2026,118,202,54,74,.422,13.0,9.0,5,10,13,False,19,
2026-08-20,2026-08-19,2026,117,200,64,63,.504,-,-,1,,5,False,-,33
2026-08-20,2026-08-19,2026,140,200,62,65,.488,2.0,0.5,2,4,7,False,33,
2026-08-20,2026-08-19,2026,136,200,60,67,.472,4.0,2.5,3,9,12,False,31,
2026-08-20,2026-08-19,2026,108,200,50,77,.394,14.0,12.5,4,11,14,False,21,
2026-08-20,2026-08-19,2026,133,200,49,78,.386,15.0,13.5,5,12,15,False,20,
2026-08-20,2026-08-19,2026,144,204,74,53,.583,-,-,1,,3,False,-,29
2026-08-20,2026-08-19,2026,143,204,70,58,.547,4.5,+2.0,2,2,5,False,29,
2026-08-20,2026-08-19,2026,146,204,64,64,.500,10.5,4.0,3,6,9,False,23,
2026-08-20,2026-08-19,2026,120,204,61,67,.477,13.5,7.0,4,9,12,False,19,
2026-08-20,2026-08-19,2026,121,204,58,70,.453,16.5,10.0,5,10,13,False,17,
2026-08-20,2026-08-19,2026,158,205,78,49,.614,-,-,1,,1,False,-,29
2026-08-20,2026-08-19,2026,112,205,74,54,.578,4.5,+6.0,2,1,4,False,29,
2026-08-20,2026-08-19,2026,138,205,65,63,.508,13.5,3.0,3,5,8,False,20,
2026-08-20,2026-08-19,2026,134,205,63,66,.488,16.0,5.5,4,7,10,False,17,
2026-08-20,2026-08-19,2026,113,205,61,66,.480,17.0,6.5,5,8,11,False,17,
2026-08-20,2026-08-19,2026,119,203,77,51,.602,-,-,1,,2,False,-,26
2026-08-20,2026-08-19,2026,135,203,68,60,.531,9.0,-,2,3,6,False,26,
2026-08-20,2026-08-19,2026,109,203,67,61,.523,10.0,1.0,3,4,7,False,25,
2026-08-20,2026-08-19,2026,137,203,52,74,.413,24.0,15.0,4,11,14,False,12,
2026-08-20,2026-08-19,2026,115,203,50,77,.394,26.5,17.5,5,12,15,False,8,
2026-08-21,2026-08-20,2026,139,201,76,51,.598,-,-,1,,1,False,-,32
2026-08-21,2026-08-20,2026,147,201,72,55,.567,4.0,+9.5,2,1,2,False,32,
2026-08-21,2026-08-20,2026,111,201,68,59,.535,8.0,+5.5,3,2,3,False,28,
2026-08-21,2026-08-20,2026,141,201,63,66,.488,14.0,0.5,4,5,8,False,21,
2026-08-21,2026-08-20,2026,110,201,61,67,.477,15.5,2.0,5,8,11,False,20,
2026-08-21,2026-08-20,2026,145,202,66,61,.520,-,-,1,,4,False,-,28
2026-08-21,2026-08-20,2026,142,202,63,65,.492,3.5,-,2,3,6,False,28,
2026-08-21,2026-08-20,2026,114,202,62,66,.484,4.5,1.0,3,6,9,False,27,
2026-08-21,2026-08-20,2026,116,202,61,66,.480,5.0,1.5,4,7,10,False,27,
2026-08-21,2026-08-20,2026,118,202,55,74,.426,12.0,8.5,5,10,13,False,19,
2026-08-21,2026-08-20,2026,117,200,64,64,.500,-,-,1,,5,False,-,33
2026-08-21,2026-08-20,2026,140,200,63,65,.492,1.0,-,2,4,7,False,33,
2026-08-21,2026-08-20,2026,136,200,60,68,.469,4.0,3.0,3,9,12,False,30,
2026-08-21,2026-08-20,2026,108,200,51,77,.398,13.0,12.0,4,11,14,False,21,
2026-08-21,2026-08-20,2026,133,200,49,79,.383,15.0,14.0,5,12,15,False,19,
2026-08-21,2026-08-20,2026,144,204,75,53,.586,-,-,1,,3,False,-,29
2026-08-21,2026-08-20,2026,143,204,70,58,.547,5.0,+2.0,2,2,5,False,29,
2026-08-21,2026-08-20,2026,146,204,64,64,.500,11.0,4.0,3,6,9,False,23,
2026-08-21,2026-08-20,2026,120,204,61,68,.473,14.5,7.5,4,9,12,False,18,
2026-08-21,2026-08-20,2026,121,204,58,70,.453,17.0,10.0,5,10,13,False,17,
2026-08-21,2026-08-20,2026,158,205,79,49,.617,-,-,1,,1,False,-,29
2026-08-21,2026-08-20,2026,112,205,74,54,.578,5.0,+6.0,2,1,4,False,29,
2026-08-21,2026-08-20,2026,138,205,66,63,.512,13.5,2.5,3,5,8,False,20,
2026-08-21,2026-08-20,2026,134,205,63,66,.488,16.5,5.5,4,7,10,False,17,
2026-08-21,2026-08-20,2026,113,205,61,67,.477,18.0,7.0,5,8,11,False,16,
2026-08-21,2026-08-20,2026,119,203,77,51,.602,-,-,1,,2,False,-,26
2026-08-21,2026-08-20,2026,135,203,68,60,.531,9.0,-,2,3,6,False,26,
2026-08-21,2026-08-20,2026,109,203,67,61,.523,10.0,1.0,3,4,7,False,25,
2026-08-21,2026-08-20,2026,137,203,52,75,.409,24.5,15.5,4,11,14,False,11,
2026-08-21,2026-08-20,2026,115,203,50,77,.394,26.5,17.5,5,12,15,False,8,
2026-08-22,2026-08-21,2026,139,201,76,52,.594,-,-,1,,1,False,-,31
2026-08-22,2026-08-21,2026,147,201,73,55,.570,3.0,+9.5,2,1,2,False,31,
2026-08-22,2026-08-21,2026,111,201,69,59,.539,7.0,+5.5,3,2,3,False,27,
2026-08-22,2026-08-21,2026,141,201,63,67,.485,14.0,1.5,4,6,9,False,19,
2026-08-22,2026-08-21,2026,110,201,62,67,.481,14.5,2.0,5,7,10,False,19,
2026-08-22,2026-08-21,2026,145,202,67,61,.523,-,-,1,,4,False,-,27
2026-08-22,2026-08-21,2026,142,202,63,66,.488,4.5,1.0,2,4,7,False,27,
2026-08-22,2026-08-21,2026,114,202,63,66,.488,4.5,1.0,3,5,8,False,27,
2026-08-22,2026-08-21,2026,116,202,61,67,.477,6.0,2.5,4,8,11,False,25,
2026-08-22,2026-08-21,2026,118,202,56,74,.431,12.0,8.5,5,10,13,False,19,
2026-08-22,2026-08-21,2026,117,200,65,64,.504,-,-,1,,5,False,-,32
2026-08-22,2026-08-21,2026,140,200,64,65,.496,1.0,-,2,3,6,False,32,
2026-08-22,2026-08-21,2026,136,200,61,68,.473,4.0,3.0,3,9,12,False,29,
2026-08-22,2026-08-21,2026,108,200,51,78,.395,14.0,13.0,4,11,14,False,19,
2026-08-22,2026-08-21,2026,133,200,49,80,.380,16.0,15.0,5,12,15,False,18,
2026-08-22,2026-08-21,2026,144,204,75,54,.581,-,-,1,,3,False,-,28
2026-08-22,2026-08-21,2026,143,204,71,58,.550,4.0,+2.0,2,2,5,False,28,
2026-08-22,2026-08-21,2026,146,204,65,64,.504,10.0,4.0,3,6,9,False,22,
2026-08-22,2026-08-21,2026,120,204,61,69,.469,14.5,8.5,4,9,12,False,16,
2026-08-22,2026-08-21,2026,121,204,58,71,.450,17.0,11.0,5,10,13,False,15,
2026-08-22,2026-08-21,2026,158,205,80,49,.620,-,-,1,,1,False,-,27
2026-08-22,2026-08-21,2026,112,205,74,55,.574,6.0,+5.0,2,1,4,False,27,
2026-08-22,2026-08-21,2026,138,205,66,64,.508,14.5,3.5,3,5,8,False,18,
2026-08-22,2026-08-21,2026,134,205,63,67,.485,17.5,6.5,4,7,10,False,15,
2026-08-22,2026-08-21,2026,113,205,61,68,.473,19.0,8.0,5,8,11,False,14,
2026-08-22,2026-08-21,2026,119,203,78,51,.605,-,-,1,,2,False,-,25
2026-08-22,2026-08-21,2026,135,203,69,60,.535,9.0,-,2,3,6,False,25,
2026-08-22,2026-08-21,2026,109,203,68,61,.527,10.0,1.0,3,4,7,False,24,
2026-08-22,2026-08-21,2026,137,203,52,76,.406,25.5,16.5,4,11,14,False,9,
2026-08-22,2026-08-21,2026,115,203,50,78,.391,27.5,18.5,5,12,15,False,6,
2026-08-23,2026-08-22,2026,139,201,76,53,.589,-,-,1,,1,False,-,30
2026-08-23,2026-08-22,2026,147,201,73,56,.566,3.0,+9.5,2,1,2,False,30,
2026-08-23,2026-08-22,2026,111,201,70,59,.543,6.0,+6.5,3,2,3,False,27,
2026-08-23,2026-08-22,2026,141,201,64,67,.489,13.0,0.5,4,5,8,False,19,
2026-08-23,2026-08-22,2026,110,201,63,67,.485,13.5,1.0,5,7,10,False,19,
2026-08-23,2026-08-22,2026,145,202,67,62,.519,-,-,1,,4,False,-,26
2026-08-23,2026-08-22,2026,114,202,64,66,.492,3.5,-,2,4,7,False,26,
2026-08-23,2026-08-22,2026,142,202,63,67,.485,4.5,1.0,3,6,9,False,25,
2026-08-23,2026-08-22,2026,116,202,61,68,.473,6.0,2.5,4,9,12,False,24,
2026-08-23,2026-08-22,2026,118,202,57,74,.435,11.0,7.5,5,10,13,False,18,
2026-08-23,2026-08-22,2026,117,200,65,65,.500,-,-,1,,5,False,-,31
2026-08-23,2026-08-22,2026,140,200,64,66,.492,1.0,-,2,3,6,False,31,
2026-08-23,2026-08-22,2026,136,200,62,68,.477,3.0,2.0,3,8,11,False,29,
2026-08-23,2026-08-22,2026,108,200,52,78,.400,13.0,12.0,4,11,14,False,19,
2026-08-23,2026-08-22,2026,133,200,50,80,.385,15.0,14.0,5,12,15,False,17,
2026-08-23,2026-08-22,2026,144,204,75,55,.577,-,-,1,,3,False,-,27
2026-08-23,2026-08-22,2026,143,204,72,58,.554,3.0,+2.0,2,2,5,False,27,
2026-08-23,2026-08-22,2026,146,204,66,64,.508,9.0,4.0,3,5,8,False,22,
2026-08-23,2026-08-22,2026,120,204,61,70,.466,14.5,9.5,4,9,12,False,15,
2026-08-23,2026-08-22,2026,121,204,59,71,.454,16.0,11.0,5,10,13,False,15,
2026-08-23,2026-08-22,2026,158,205,81,49,.623,-,-,1,,1,False,-,26
2026-08-23,2026-08-22,2026,112,205,74,56,.569,7.0,+4.0,2,1,4,False,26,
2026-08-23,2026-08-22,2026,138,205,66,65,.504,15.5,4.5,3,6,9,False,17,
2026-08-23,2026-08-22,2026,134,205,63,68,.481,18.5,7.5,4,7,10,False,14,
2026-08-23,2026-08-22,2026,113,205,62,68,.477,19.0,8.0,5,8,11,False,14,
2026-08-23,2026-08-22,2026,119,203,79,51,.608,-,-,1,,2,False,-,24
2026-08-23,2026-08-22,2026,135,203,70,60,.538,9.0,-,2,3,6,False,24,
2026-08-23,2026-08-22,2026,109,203,68,62,.523,11.0,2.0,3,4,7,False,22,
2026-08-23,2026-08-22,2026,137,203,52,77,.403,26.5,17.5,4,11,14,False,7,
2026-08-23,2026-08-22,2026,115,203,50,79,.388,28.5,19.5,5,12,15,False,4,
2026-08-24,2026-08-23,2026,139,201,77,53,.592,-,-,1,,1,False,-,29
2026-08-24,2026-08-23,2026,147,201,74,56,.569,3.0,+9.5,2,1,2,False,29,
2026-08-24,2026-08-23,2026,111,201,71,59,.546,6.0,+6.5,3,2,3,False,26,
2026-08-24,2026-08-23,2026,141,201,64,68,.485,14.0,1.5,4,5,8,False,17,
2026-08-24,2026-08-23,2026,110,201,63,68,.481,14.5,2.0,5,7,10,False,17,
2026-08-24,2026-08-23,2026,145,202,68,62,.523,-,-,1,,4,False,-,26
2026-08-24,2026-08-23,2026,114,202,65,66,.496,3.5,-,2,4,7,False,26,
2026-08-24,2026-08-23,2026,142,202,63,68,.481,5.5,2.0,3,6,9,False,24,
2026-08-24,2026-08-23,2026,116,202,61,69,.469,7.0,3.5,4,9,12,False,23,
2026-08-24,2026-08-23,2026,118,202,58,74,.439,11.0,7.5,5,10,13,False,18,
2026-08-24,2026-08-23,2026,117,200,65,66,.496,-,-,1,,5,False,-,28
2026-08-24,2026-08-23,2026,140,200,65,66,.496,-,-,2,3,6,False,-,
2026-08-24,2026-08-23,2026,136,200,62,69,.473,3.0,3.0,3,8,11,False,28,
2026-08-24,2026-08-23,2026,108,200,52,79,.397,13.0,13.0,4,11,14,False,18,
2026-08-24,2026-08-23,2026,133,200,51,80,.389,14.0,14.0,5,12,15,False,17,
2026-08-24,2026-08-23,2026,144,204,76,55,.580,-,-,1,,3,False,-,26
2026-08-24,2026-08-23,2026,143,204,73,58,.557,3.0,+2.0,2,2,5,False,26,
2026-08-24,2026-08-23,2026,146,204,67,64,.511,9.0,4.0,3,5,8,False,21,
2026-08-24,2026-08-23,2026,120,204,61,71,.462,15.5,10.5,4,9,12,False,13,
2026-08-24,2026-08-23,2026,121,204,59,72,.450,17.0,12.0,5,10,13,False,13,
2026-08-24,2026-08-23,2026,158,205,81,50,.618,-,-,1,,1,False,-,25
2026-08-24,2026-08-23,2026,112,205,75,56,.573,6.0,+4.0,2,1,4,False,25,
2026-08-24,2026-08-23,2026,138,205,66,66,.500,15.5,5.5,3,6,9,False,15,
2026-08-24,2026-08-23,2026,134,205,63,69,.477,18.5,8.5,4,7,10,False,12,
2026-08-24,2026-08-23,2026,113,205,62,69,.473,19.0,9.0,5,8,11,False,12,
2026-08-24,2026-08-23,2026,119,203,80,51,.611,-,-,1,,2,False,-,23
2026-08-24,2026-08-23,2026,135,203,71,60,.542,9.0,-,2,3,6,False,23,
2026-08-24,2026-08-23,2026,109,203,69,62,.527,11.0,2.0,3,4,7,False,21,
2026-08-24,2026-08-23,2026,137,203,52,78,.400,27.5,18.5,4,11,14,False,5,
2026-08-24,2026-08-23,2026,115,203,50,80,.385,29.5,20.5,5,12,15,False,2,
2026-08-25,2026-08-24,2026,139,201,78,53,.595,-,-,1,,1,False,-,28
2026-08-25,2026-08-24,2026,147,201,74,56,.569,3.5,+9.0,2,1,2,False,28,
2026-08-25,2026-08-24,2026,111,201,72,59,.550,6.0,+6.5,3,2,3,False,25,
2026-08-25,2026-08-24,2026,141,201,64,68,.485,14.5,2.0,4,6,9,False,16,
2026-08-25,2026-08-24,2026,110,201,63,68,.481,15.0,2.5,5,7,10,False,16,
2026-08-25,2026-08-24,2026,145,202,68,63,.519,-,-,1,,4,False,-,25
2026-08-25,2026-08-24,2026,114,202,66,66,.500,2.5,-,2,3,6,False,25,
2026-08-25,2026-08-24,2026,142,202,64,68,.485,4.5,2.0,3,5,8,False,23,
2026-08-25,2026-08-24,2026,116,202,61,70,.466,7.0,4.5,4,9,12,False,21,
2026-08-25,2026-08-24,2026,118,202,58,74,.439,10.5,8.0,5,10,13,False,17,
2026-08-25,2026-08-24,2026,140,200,66,66,.500,-,-,1,,5,False,-,30
2026-08-25,2026-08-24,2026,117,200,65,66,.496,0.5,0.5,2,4,7,False,30,
2026-08-25,2026-08-24,2026,136,200,63,69,.477,3.0,3.0,3,8,11,False,27,
2026-08-25,2026-08-24,2026,108,200,52,80,.394,14.0,14.0,4,11,14,False,16,
2026-08-25,2026-08-24,2026,133,200,51,81,.386,15.0,15.0,5,12,15,False,15,
2026-08-25,2026-08-24,2026,144,204,76,55,.580,-,-,1,,3,False,-,25
2026-08-25,2026-08-24,2026,143,204,73,59,.553,3.5,+2.0,2,2,5,False,25,
2026-08-25,2026-08-24,2026,146,204,67,65,.508,9.5,4.0,3,5,8,False,20,
2026-08-25,2026-08-24,2026,120,204,62,71,.466,15.0,9.5,4,9,12,False,13,
2026-08-25,2026-08-24,2026,121,204,59,72,.450,17.0,11.5,5,10,13,False,13,
2026-08-25,2026-08-24,2026,158,205,81,50,.618,-,-,1,,1,False,-,25
2026-08-25,2026-08-24,2026,112,205,76,56,.576,5.5,+5.0,2,1,4,False,25,
2026-08-25,2026-08-24,2026,138,205,66,66,.500,15.5,5.0,3,6,9,False,15,
2026-08-25,2026-08-24,2026,134,205,64,69,.481,18.0,7.5,4,7,10,False,12,
2026-08-25,2026-08-24,2026,113,205,62,70,.470,19.5,9.0,5,8,11,False,11,
2026-08-25,2026-08-24,2026,119,203,80,51,.611,-,-,1,,2,False,-,22
2026-08-25,2026-08-24,2026,135,203,71,61,.538,9.5,-,2,3,6,False,22,
2026-08-25,2026-08-24,2026,109,203,69,63,.523,11.5,2.0,3,4,7,False,20,
2026-08-25,2026-08-24,2026,137,203,53,78,.405,27.0,17.5,4,11,14,False,5,
2026-08-25,2026-08-24,2026,115,203,50,81,.382,30.0,20.5,5,12,15,False,1,
2026-08-26,2026-08-25,2026,139,201,78,54,.591,-,-,1,,1,False,-,27
2026-08-26,2026-08-25,2026,147,201,74,57,.565,3.5,+8.0,2,1,2,False,27,
2026-08-26,2026-08-25,2026,111,201,73,59,.553,5.0,+6.5,3,2,3,False,25,
2026-08-26,2026-08-25,2026,110,201,64,68,.485,14.0,2.5,4,5,8,False,16,
2026-08-26,2026-08-25,2026,141,201,64,69,.481,14.5,3.0,5,8,11,False,15,
2026-08-26,2026-08-25,2026,145,202,69,63,.523,-,-,1,,4,False,-,24
2026-08-26,2026-08-25,2026,114,202,67,66,.504,2.5,-,2,3,5,False,24,
2026-08-26,2026-08-25,2026,142,202,64,69,.481,5.5,3.0,3,7,10,False,22,
2026-08-26,2026-08-25,2026,116,202,62,70,.470,7.0,4.5,4,9,12,False,20,
2026-08-26,2026-08-25,2026,118,202,59,74,.444,10.5,8.0,5,10,13,False,17,
2026-08-26,2026-08-25,2026,117,200,66,66,.500,-,-,1,,6,False,-,28
2026-08-26,2026-08-25,2026,140,200,66,67,.496,0.5,1.0,2,4,7,False,28,
2026-08-26,2026-08-25,2026,136,200,64,69,.481,2.5,3.0,3,6,9,False,27,
2026-08-26,2026-08-25,2026,133,200,52,81,.391,14.5,15.0,4,11,14,False,15,
2026-08-26,2026-08-25,2026,108,200,52,81,.391,14.5,15.0,5,12,15,False,15,
2026-08-26,2026-08-25,2026,144,204,77,55,.583,-,-,1,,3,False,-,24
2026-08-26,2026-08-25,2026,143,204,73,60,.549,4.5,+2.0,2,2,5,False,24,
2026-08-26,2026-08-25,2026,146,204,67,66,.504,10.5,4.0,3,5,8,False,18,
2026-08-26,2026-08-25,2026,120,204,62,72,.463,16.0,9.5,4,9,12,False,11,
2026-08-26,2026-08-25,2026,121,204,60,72,.455,17.0,10.5,5,10,13,False,12,
2026-08-26,2026-08-25,2026,158,205,81,51,.614,-,-,1,,1,False,-,24
2026-08-26,2026-08-25,2026,112,205,76,57,.571,5.5,+5.0,2,1,4,False,24,
2026-08-26,2026-08-25,2026,138,205,66,67,.496,15.5,5.0,3,6,9,False,14,
2026-08-26,2026-08-25,2026,134,205,65,69,.485,17.0,6.5,4,7,10,False,12,
2026-08-26,2026-08-25,2026,113,205,62,71,.466,19.5,9.0,5,8,11,False,10,
2026-08-26,2026-08-25,2026,119,203,80,52,.606,-,-,1,,2,False,-,21
2026-08-26,2026-08-25,2026,135,203,71,62,.534,9.5,-,2,3,6,False,21,
2026-08-26,2026-08-25,2026,109,203,70,63,.526,10.5,1.0,3,4,7,False,20,
2026-08-26,2026-08-25,2026,137,203,54,78,.409,26.0,16.5,4,11,14,False,5,
2026-08-26,2026-08-25,2026,115,203,51,81,.386,29.0,19.5,5,12,15,False,1,
2026-08-27,2026-08-26,2026,139,201,79,54,.594,-,-,1,,1,False,-,26
2026-08-27,2026-08-26,2026,147,201,75,57,.568,3.5,+8.0,2,1,2,False,26,
2026-08-27,2026-08-26,2026,111,201,73,60,.549,6.0,+5.5,3,2,3,False,23,
2026-08-27,2026-08-26,2026,110,201,65,68,.489,14.0,2.5,4,5,8,False,15,
2026-08-27,2026-08-26,2026,141,201,65,69,.485,14.5,3.0,5,6,9,False,14,
2026-08-27,2026-08-26,2026,145,202,70,63,.526,-,-,1,,4,False,-,24
2026-08-27,2026-08-26,2026,114,202,68,66,.507,2.5,-,2,3,5,False,24,
2026-08-27,2026-08-26,2026,142,202,64,70,.478,6.5,4.0,3,8,11,False,20,
2026-08-27,2026-08-26,2026,116,202,62,71,.466,8.0,5.5,4,9,12,False,19,
2026-08-27,2026-08-26,2026,118,202,59,75,.440,11.5,9.0,5,10,13,False,15,
2026-08-27,2026-08-26,2026,117,200,66,67,.496,-,-,1,,6,False,-,27
2026-08-27,2026-08-26,2026,140,200,66,68,.493,0.5,2.0,2,4,7,False,27,
2026-08-27,2026-08-26,2026,136,200,64,70,.478,2.5,4.0,3,7,10,False,25,
2026-08-27,2026-08-26,2026,133,200,53,81,.396,13.5,15.0,4,11,14,False,15,
2026-08-27,2026-08-26,2026,108,200,52,82,.388,14.5,16.0,5,12,15,False,13,
2026-08-27,2026-08-26,2026,144,204,78,55,.586,-,-,1,,3,False,-,23
2026-08-27,2026-08-26,2026,143,204,74,60,.552,4.5,+2.0,2,2,5,False,23,
2026-08-27,2026-08-26,2026,146,204,68,66,.507,10.5,4.0,3,5,8,False,17,
2026-08-27,2026-08-26,2026,120,204,62,73,.459,17.0,10.5,4,9,12,False,9,
2026-08-27,2026-08-26,2026,121,204,60,73,.451,18.0,11.5,5,10,13,False,10,
2026-08-27,2026-08-26,2026,158,205,82,51,.617,-,-,1,,1,False,-,22
2026-08-27,2026-08-26,2026,112,205,76,58,.567,6.5,+4.0,2,1,4,False,22,
2026-08-27,2026-08-26,2026,138,205,66,68,.493,16.5,6.0,3,6,9,False,12,
2026-08-27,2026-08-26,2026,134,205,65,70,.481,18.0,7.5,4,7,10,False,10,
2026-08-27,2026-08-26,2026,113,205,63,71,.470,19.5,9.0,5,8,11,False,9,
2026-08-27,2026-08-26,2026,119,203,80,53,.602,-,-,1,,2,False,-,21
2026-08-27,2026-08-26,2026,135,203,72,62,.537,8.5,-,2,3,6,False,21,
2026-08-27,2026-08-26,2026,109,203,71,63,.530,9.5,1.0,3,4,7,False,20,
2026-08-27,2026-08-26,2026,137,203,54,79,.406,26.0,17.5,4,11,14,False,4,
2026-08-27,2026-08-26,2026,115,203,52,81,.391,28.0,19.5,5,12,15,False,1,
2026-08-28,2026-08-27,2026,139,201,79,54,.594,-,-,1,,1,False,-,25
2026-08-28,2026-08-27,2026,147,201,75,58,.564,4.0,+7.5,2,1,2,False,25,
2026-08-28,2026-08-27,2026,111,201,73,60,.549,6.0,+5.5,3,2,3,False,23,
2026-08-28,2026-08-27,2026,110,201,65,69,.485,14.5,3.0,4,5,8,False,14,
2026-08-28,2026-08-27,2026,141,201,65,70,.481,15.0,3.5,5,6,9,False,13,
2026-08-28,2026-08-27,2026,145,202,70,63,.526,-,-,1,,4,False,-,24
2026-08-28,2026-08-27,2026,114,202,68,66,.507,2.5,-,2,3,5,False,24,
2026-08-28,2026-08-27,2026,142,202,64,70,.478,6.5,4.0,3,8,11,False,20,
2026-08-28,2026-08-27,2026,116,202,62,71,.466,8.0,5.5,4,9,12,False,19,
2026-08-28,2026-08-27,2026,118,202,60,75,.444,11.0,8.5,5,10,13,False,15,
2026-08-28,2026-08-27,2026,117,200,67,67,.500,-,-,1,,6,False,-,27
2026-08-28,2026-08-27,2026,140,200,66,68,.493,1.0,2.0,2,4,7,False,27,
2026-08-28,2026-08-27,2026,136,200,64,70,.478,3.0,4.0,3,7,10,False,25,
2026-08-28,2026-08-27,2026,133,200,53,81,.396,14.0,15.0,4,11,14,False,14,
2026-08-28,2026-08-27,2026,108,200,52,82,.388,15.0,16.0,5,12,15,False,13,
2026-08-28,2026-08-27,2026,144,204,79,55,.590,-,-,1,,3,False,-,23
2026-08-28,2026-08-27,2026,143,204,74,60,.552,5.0,+2.0,2,2,5,False,23,
2026-08-28,2026-08-27,2026,146,204,68,66,.507,11.0,4.0,3,5,8,False,17,
2026-08-28,2026-08-27,2026,120,204,63,73,.463,17.0,10.0,4,9,12,False,9,
2026-08-28,2026-08-27,2026,121,204,60,74,.448,19.0,12.0,5,10,13,False,9,
2026-08-28,2026-08-27,2026,158,205,83,51,.619,-,-,1,,1,False,-,22
2026-08-28,2026-08-27,2026,112,205,76,58,.567,7.0,+4.0,2,1,4,False,22,
2026-08-28,2026-08-27,2026,138,205,67,68,.496,16.5,5.5,3,6,9,False,12,
2026-08-28,2026-08-27,2026,134,205,65,70,.481,18.5,7.5,4,7,10,False,10,
2026-08-28,2026-08-27,2026,113,205,63,71,.470,20.0,9.0,5,8,11,False,9,
2026-08-28,2026-08-27,2026,119,203,80,54,.597,-,-,1,,2,False,-,21
2026-08-28,2026-08-27,2026,135,203,72,62,.537,8.0,-,2,3,6,False,21,
2026-08-28,2026-08-27,2026,109,203,71,64,.526,9.5,1.5,3,4,7,False,19,
2026-08-28,2026-08-27,2026,137,203,55,79,.410,25.0,17.0,4,11,14,False,4,
2026-08-28,2026-08-27,2026,115,203,52,82,.388,28.0,20.0,5,12,15,False,E,
2026-08-29,2026-08-28,2026,139,201,80,54,.597,-,-,1,,1,False,-,25
2026-08-29,2026-08-28,2026,147,201,76,58,.567,4.0,+8.5,2,1,2,False,25,
2026-08-29,2026-08-28,2026,111,201,73,61,.545,7.0,+5.5,3,2,3,False,22,
2026-08-29,2026-08-28,2026,110,201,66,69,.489,14.5,2.0,4,5,8,False,14,
2026-08-29,2026-08-28,2026,141,201,66,70,.485,15.0,2.5,5,6,9,False,13,
2026-08-29,2026-08-28,2026,145,202,71,63,.530,-,-,1,,4,False,-,23
2026-08-29,2026-08-28,2026,114,202,68,67,.504,3.5,-,2,3,6,False,23,
2026-08-29,2026-08-28,2026,142,202,64,71,.474,7.5,4.0,3,8,11,False,19,
2026-08-29,2026-08-28,2026,116,202,62,72,.463,9.0,5.5,4,9,12,False,18,
2026-08-29,2026-08-28,2026,118,202,61,75,.449,11.0,7.5,5,10,13,False,15,
2026-08-29,2026-08-28,2026,117,200,68,67,.504,-,-,1,,5,False,-,25
2026-08-29,2026-08-28,2026,140,200,66,69,.489,2.0,2.0,2,4,7,False,25,
2026-08-29,2026-08-28,2026,136,200,64,71,.474,4.0,4.0,3,7,10,False,24,
2026-08-29,2026-08-28,2026,133,200,53,82,.393,15.0,15.0,4,11,14,False,13,
2026-08-29,2026-08-28,2026,108,200,52,83,.385,16.0,16.0,5,12,15,False,12,
2026-08-29,2026-08-28,2026,144,204,80,55,.593,-,-,1,,3,False,-,22
2026-08-29,2026-08-28,2026,143,204,75,60,.556,5.0,+3.0,2,2,5,False,22,
2026-08-29,2026-08-28,2026,146,204,68,67,.504,12.0,4.0,3,5,8,False,15,
2026-08-29,2026-08-28,2026,120,204,64,73,.467,17.0,9.0,4,9,12,False,8,
2026-08-29,2026-08-28,2026,121,204,60,75,.444,20.0,12.0,5,10,13,False,7,
2026-08-29,2026-08-28,2026,158,205,84,51,.622,-,-,1,,1,False,-,20
2026-08-29,2026-08-28,2026,112,205,76,59,.563,8.0,+4.0,2,1,4,False,20,
2026-08-29,2026-08-28,2026,138,205,68,68,.500,16.5,4.5,3,6,9,False,11,
2026-08-29,2026-08-28,2026,134,205,65,71,.478,19.5,7.5,4,7,10,False,8,
2026-08-29,2026-08-28,2026,113,205,64,71,.474,20.0,8.0,5,8,11,False,8,
2026-08-29,2026-08-28,2026,119,203,81,54,.600,-,-,1,,2,False,-,19
2026-08-29,2026-08-28,2026,135,203,72,63,.533,9.0,-,2,3,6,False,19,
2026-08-29,2026-08-28,2026,109,203,72,64,.529,9.5,0.5,3,4,7,False,18,
2026-08-29,2026-08-28,2026,137,203,55,80,.407,26.0,17.0,4,11,14,False,2,
2026-08-29,2026-08-28,2026,115,203,52,83,.385,29.0,20.0,5,12,15,False,E,
2026-08-30,2026-08-29,2026,139,201,81,54,.600,-,-,1,,1,False,-,23
2026-08-30,2026-08-29,2026,147,201,77,59,.566,4.5,+9.0,2,1,2,False,23,
2026-08-30,2026-08-29,2026,111,201,74,62,.544,7.5,+6.0,3,2,3,False,20,
2026-08-30,2026-08-29,2026,110,201,67,69,.493,14.5,1.0,4,4,7,False,13,
2026-08-30,2026-08-29,2026,141,201,67,70,.489,15.0,1.5,5,5,8,False,12,
2026-08-30,2026-08-29,2026,145,202,72,63,.533,-,-,1,,4,False,-,22
2026-08-30,2026-08-29,2026,114,202,68,68,.500,4.5,-,2,3,6,False,22,
2026-08-30,2026-08-29,2026,142,202,64,72,.471,8.5,4.0,3,8,11,False,18,
2026-08-30,2026-08-29,2026,116,202,63,72,.467,9.0,4.5,4,9,12,False,17,
2026-08-30,2026-08-29,2026,118,202,62,75,.453,11.0,6.5,5,10,13,False,15,
2026-08-30,2026-08-29,2026,117,200,68,68,.500,-,-,1,,5,False,-,24
2026-08-30,2026-08-29,2026,140,200,66,70,.485,2.0,2.0,2,6,9,False,24,
2026-08-30,2026-08-29,2026,136,200,64,72,.471,4.0,4.0,3,7,10,False,23,
2026-08-30,2026-08-29,2026,133,200,53,83,.390,15.0,15.0,4,11,14,False,12,
2026-08-30,2026-08-29,2026,108,200,52,84,.382,16.0,16.0,5,12,15,False,11,
2026-08-30,2026-08-29,2026,144,204,81,55,.596,-,-,1,,2,False,-,21
2026-08-30,2026-08-29,2026,143,204,76,60,.559,5.0,+4.0,2,2,5,False,21,
2026-08-30,2026-08-29,2026,146,204,68,68,.500,13.0,4.0,3,5,8,False,13,
2026-08-30,2026-08-29,2026,120,204,65,73,.471,17.0,8.0,4,8,11,False,7,
2026-08-30,2026-08-29,2026,121,204,61,75,.449,20.0,11.0,5,10,13,False,6,
2026-08-30,2026-08-29,2026,158,205,85,51,.625,-,-,1,,1,False,-,19
2026-08-30,2026-08-29,2026,112,205,77,59,.566,8.0,+5.0,2,1,4,False,19,
2026-08-30,2026-08-29,2026,138,205,68,69,.496,17.5,4.5,3,6,9,False,9,
2026-08-30,2026-08-29,2026,134,205,66,71,.482,19.5,6.5,4,7,10,False,7,
2026-08-30,2026-08-29,2026,113,205,64,72,.471,21.0,8.0,5,9,12,False,6,
2026-08-30,2026-08-29,2026,119,203,81,55,.596,-,-,1,,3,False,-,18
2026-08-30,2026-08-29,2026,135,203,72,64,.529,9.0,-,2,3,6,False,18,
2026-08-30,2026-08-29,2026,109,203,73,65,.529,9.0,-,3,4,7,False,17,
2026-08-30,2026-08-29,2026,137,203,56,81,.409,25.5,16.5,4,11,14,False,1,
2026-08-30,2026-08-29,2026,115,203,52,84,.382,29.0,20.0,5,12,15,False,E,
2026-08-31,2026-08-30,2026,139,201,82,54,.603,-,-,1,,1,False,-,22
2026-08-31,2026-08-30,2026,147,201,78,59,.569,4.5,+9.0,2,1,2,False,22,
2026-08-31,2026-08-30,2026,111,201,74,63,.540,8.5,+5.0,3,2,3,False,17,
2026-08-31,2026-08-30,2026,110,201,68,69,.496,14.5,1.0,4,4,7,False,11,
2026-08-31,2026-08-30,2026,141,201,68,70,.493,15.0,1.5,5,5,8,False,10,
2026-08-31,2026-08-30,2026,145,202,72,64,.529,-,-,1,,4,False,-,21
2026-08-31,2026-08-30,2026,114,202,69,68,.504,3.5,-,2,3,6,False,21,
2026-08-31,2026-08-30,2026,142,202,65,72,.474,7.5,4.0,3,7,10,False,18,
2026-08-31,2026-08-30,2026,116,202,63,73,.463,9.0,5.5,4,9,12,False,16,
2026-08-31,2026-08-30,2026,118,202,62,76,.449,11.0,7.5,5,10,13,False,14,
2026-08-31,2026-08-30,2026,117,200,69,68,.504,-,-,1,,5,False,-,23
2026-08-31,2026-08-30,2026,140,200,67,70,.489,2.0,2.0,2,6,9,False,23,
2026-08-31,2026-08-30,2026,136,200,64,73,.467,5.0,5.0,3,8,11,False,21,
2026-08-31,2026-08-30,2026,133,200,53,84,.387,16.0,16.0,4,11,14,False,10,
2026-08-31,2026-08-30,2026,108,200,52,85,.380,17.0,17.0,5,12,15,False,9,
2026-08-31,2026-08-30,2026,144,204,82,55,.599,-,-,1,,2,False,-,20
2026-08-31,2026-08-30,2026,143,204,77,60,.562,5.0,+4.5,2,2,5,False,20,
2026-08-31,2026-08-30,2026,146,204,69,68,.504,13.0,3.5,3,5,8,False,12,
2026-08-31,2026-08-30,2026,120,204,65,74,.468,18.0,8.5,4,9,12,False,5,
2026-08-31,2026-08-30,2026,121,204,61,76,.445,21.0,11.5,5,10,13,False,4,
2026-08-31,2026-08-30,2026,158,205,85,52,.620,-,-,1,,1,False,-,18
2026-08-31,2026-08-30,2026,112,205,77,60,.562,8.0,+4.5,2,1,4,False,18,
2026-08-31,2026-08-30,2026,138,205,68,70,.493,17.5,5.0,3,6,9,False,8,
2026-08-31,2026-08-30,2026,134,205,67,71,.486,18.5,6.0,4,7,10,False,7,
2026-08-31,2026-08-30,2026,113,205,65,72,.474,20.0,7.5,5,8,11,False,6,
2026-08-31,2026-08-30,2026,119,203,82,55,.599,-,-,1,,3,False,-,16
2026-08-31,2026-08-30,2026,109,203,73,65,.529,9.5,-,2,3,6,False,16,
2026-08-31,2026-08-30,2026,135,203,72,65,.526,10.0,0.5,3,4,7,False,16,
2026-08-31,2026-08-30,2026,137,203,56,81,.409,26.0,16.5,4,11,14,False,E,
2026-08-31,2026-08-30,2026,115,203,52,85,.380,30.0,20.5,5,12,15,False,E,
2026-09-01,2026-08-31,2026,139,201,82,55,.599,-,-,1,,1,False,-,21
2026-09-01,2026-08-31,2026,147,201,78,60,.565,4.5,+8.5,2,1,2,False,21,
2026-09-01,2026-08-31,2026,111,201,75,63,.543,7.5,+5.5,3,2,3,False,17,
2026-09-01,2026-08-31,2026,110,201,69,69,.500,13.5,0.5,4,4,7,False,11,
2026-09-01,2026-08-31,2026,141,201,68,70,.493,14.5,1.5,5,6,9,False,10,
2026-09-01,2026-08-31,2026,145,202,72,65,.526,-,-,1,,4,False,-,21
2026-09-01,2026-08-31,2026,114,202,69,68,.504,3.0,-,2,3,6,False,21,
2026-09-01,2026-08-31,2026,142,202,66,72,.478,6.5,3.5,3,7,10,False,18,
2026-09-01,2026-08-31,2026,116,202,63,74,.460,9.0,6.0,4,9,12,False,15,
2026-09-01,2026-08-31,2026,118,202,62,76,.449,10.5,7.5,5,10,13,False,14,
2026-09-01,2026-08-31,2026,117,200,70,68,.507,-,-,1,,5,False,-,22
2026-09-01,2026-08-31,2026,140,200,68,70,.493,2.0,1.5,2,5,8,False,22,
2026-09-01,2026-08-31,2026,136,200,64,74,.464,6.0,5.5,3,8,11,False,19,
2026-09-01,2026-08-31,2026,133,200,53,85,.384,17.0,16.5,4,11,14,False,8,
2026-09-01,2026-08-31,2026,108,200,53,85,.384,17.0,16.5,5,12,15,False,8,
2026-09-01,2026-08-31,2026,144,204,82,56,.594,-,-,1,,3,False,-,19
2026-09-01,2026-08-31,2026,143,204,78,60,.565,4.0,+5.0,2,2,5,False,19,
2026-09-01,2026-08-31,2026,146,204,69,69,.500,13.0,4.0,3,5,8,False,10,
2026-09-01,2026-08-31,2026,120,204,66,74,.471,17.0,8.0,4,8,11,False,4,
2026-09-01,2026-08-31,2026,121,204,62,76,.449,20.0,11.0,5,10,13,False,3,
2026-09-01,2026-08-31,2026,158,205,85,53,.616,-,-,1,,1,False,-,18
2026-09-01,2026-08-31,2026,112,205,78,60,.565,7.0,+5.0,2,1,4,False,18,
2026-09-01,2026-08-31,2026,138,205,68,70,.493,17.0,5.0,3,6,9,False,8,
2026-09-01,2026-08-31,2026,134,205,67,71,.486,18.0,6.0,4,7,10,False,7,
2026-09-01,2026-08-31,2026,113,205,65,73,.471,20.0,8.0,5,9,12,False,5,
2026-09-01,2026-08-31,2026,119,203,82,55,.599,-,-,1,,2,False,-,16
2026-09-01,2026-08-31,2026,135,203,73,65,.529,9.5,-,2,3,6,False,16,
2026-09-01,2026-08-31,2026,109,203,73,66,.525,10.0,0.5,3,4,7,False,15,
2026-09-01,2026-08-31,2026,137,203,57,81,.413,25.5,16.0,4,11,14,False,E,
2026-09-01,2026-08-31,2026,115,203,52,86,.377,30.5,21.0,5,12,15,False,E,
2026-09-02,2026-09-01,2026,139,201,83,55,.601,-,-,1,,1,False,-,20
2026-09-02,2026-09-01,2026,147,201,79,60,.568,4.5,+8.5,2,1,2,False,20,
2026-09-02,2026-09-01,2026,111,201,75,64,.540,8.5,+4.5,3,2,3,False,15,
2026-09-02,2026-09-01,2026,110,201,69,70,.496,14.5,1.5,4,5,8,False,9,
2026-09-02,2026-09-01,2026,141,201,68,71,.489,15.5,2.5,5,6,9,False,8,
2026-09-02,2026-09-01,2026,145,202,73,65,.529,-,-,1,,4,False,-,21
2026-09-02,2026-09-01,2026,114,202,70,68,.507,3.0,-,2,3,5,False,21,
2026-09-02,2026-09-01,2026,142,202,67,72,.482,6.5,3.5,3,7,10,False,17,
2026-09-02,2026-09-01,2026,116,202,63,75,.457,10.0,7.0,4,9,12,False,14,
2026-09-02,2026-09-01,2026,118,202,62,77,.446,11.5,8.5,5,10,13,False,12,
2026-09-02,2026-09-01,2026,117,200,70,69,.504,-,-,1,,6,False,-,22
2026-09-02,2026-09-01,2026,140,200,69,70,.496,1.0,1.5,2,4,7,False,22,
2026-09-02,2026-09-01,2026,136,200,65,74,.468,5.0,5.5,3,8,11,False,19,
2026-09-02,2026-09-01,2026,133,200,53,86,.381,17.0,17.5,4,11,14,False,7,
2026-09-02,2026-09-01,2026,108,200,53,86,.381,17.0,17.5,5,12,15,False,7,
2026-09-02,2026-09-01,2026,144,204,82,57,.590,-,-,1,,3,False,-,18
2026-09-02,2026-09-01,2026,143,204,79,60,.568,3.0,+6.0,2,1,4,False,18,
2026-09-02,2026-09-01,2026,146,204,70,69,.504,12.0,3.0,3,5,8,False,9,
2026-09-02,2026-09-01,2026,120,204,67,74,.475,16.0,7.0,4,8,11,False,4,
2026-09-02,2026-09-01,2026,121,204,62,77,.446,20.0,11.0,5,10,13,False,2,
2026-09-02,2026-09-01,2026,158,205,86,53,.619,-,-,1,,1,False,-,16
2026-09-02,2026-09-01,2026,112,205,78,61,.561,8.0,+5.0,2,2,5,False,16,
2026-09-02,2026-09-01,2026,138,205,69,70,.496,17.0,4.0,3,6,9,False,7,
2026-09-02,2026-09-01,2026,134,205,68,71,.489,18.0,5.0,4,7,10,False,6,
2026-09-02,2026-09-01,2026,113,205,66,73,.475,20.0,7.0,5,9,12,False,4,
2026-09-02,2026-09-01,2026,119,203,82,56,.594,-,-,1,,2,False,-,15
2026-09-02,2026-09-01,2026,135,203,73,66,.525,9.5,-,2,3,6,False,15,
2026-09-02,2026-09-01,2026,109,203,73,67,.521,10.0,0.5,3,4,7,False,14,
2026-09-02,2026-09-01,2026,137,203,57,82,.410,25.5,16.0,4,11,14,False,E,
2026-09-02,2026-09-01,2026,115,203,53,86,.381,29.5,20.0,5,12,15,False,E,
2026-09-03,2026-09-02,2026,139,201,83,56,.597,-,-,1,,1,False,-,19
2026-09-03,2026-09-02,2026,147,201,80,60,.571,3.5,+9.5,2,1,2,False,19,
2026-09-03,2026-09-02,2026,111,201,75,65,.536,8.5,+4.5,3,2,3,False,14,
2026-09-03,2026-09-02,2026,141,201,69,71,.493,14.5,1.5,4,5,8,False,8,
2026-09-03,2026-09-02,2026,110,201,69,71,.493,14.5,1.5,5,6,9,False,8,
2026-09-03,2026-09-02,2026,145,202,73,66,.525,-,-,1,,4,False,-,20
2026-09-03,2026-09-02,2026,114,202,70,69,.504,3.0,-,2,3,6,False,20,
2026-09-03,2026-09-02,2026,142,202,67,73,.479,6.5,3.5,3,7,10,False,16,
2026-09-03,2026-09-02,2026,116,202,64,75,.460,9.0,6.0,4,9,12,False,14,
2026-09-03,2026-09-02,2026,118,202,62,78,.443,11.5,8.5,5,10,13,False,11,
2026-09-03,2026-09-02,2026,117,200,71,69,.507,-,-,1,,5,False,-,20
2026-09-03,2026-09-02,2026,140,200,69,71,.493,2.0,1.5,2,4,7,False,20,
2026-09-03,2026-09-02,2026,136,200,66,74,.471,5.0,4.5,3,8,11,False,18,
2026-09-03,2026-09-02,2026,133,200,54,86,.386,17.0,16.5,4,11,14,False,6,
2026-09-03,2026-09-02,2026,108,200,53,87,.379,18.0,17.5,5,12,15,False,5,
2026-09-03,2026-09-02,2026,144,204,83,57,.593,-,-,1,,2,False,-,17
2026-09-03,2026-09-02,2026,143,204,79,61,.564,4.0,+5.5,2,1,4,False,17,
2026-09-03,2026-09-02,2026,146,204,71,69,.507,12.0,2.5,3,5,8,False,8,
2026-09-03,2026-09-02,2026,120,204,67,75,.472,17.0,7.5,4,9,12,False,2,
2026-09-03,2026-09-02,2026,121,204,63,77,.450,20.0,10.5,5,10,13,False,1,
2026-09-03,2026-09-02,2026,158,205,87,53,.621,-,-,1,,1,False,-,14
2026-09-03,2026-09-02,2026,112,205,78,62,.557,9.0,+4.5,2,2,5,False,14,
2026-09-03,2026-09-02,2026,138,205,70,70,.500,17.0,3.5,3,6,9,False,6,
2026-09-03,2026-09-02,2026,134,205,68,72,.486,19.0,5.5,4,7,10,False,4,
2026-09-03,2026-09-02,2026,113,205,67,73,.479,20.0,6.5,5,8,11,False,3,
2026-09-03,2026-09-02,2026,119,203,82,57,.590,-,-,1,,3,False,-,14
2026-09-03,2026-09-02,2026,109,203,74,67,.525,9.0,-,2,3,6,False,14,
2026-09-03,2026-09-02,2026,135,203,73,67,.521,9.5,0.5,3,4,7,False,14,
2026-09-03,2026-09-02,2026,137,203,58,82,.414,24.5,15.5,4,11,14,False,E,
2026-09-03,2026-09-02,2026,115,203,54,86,.386,28.5,19.5,5,12,15,False,E,
2026-09-04,2026-09-03,2026,139,201,83,57,.593,-,-,1,,1,False,-,19
2026-09-04,2026-09-03,2026,147,201,80,60,.571,3.0,+10.0,2,1,2,False,19,
2026-09-04,2026-09-03,2026,111,201,76,65,.539,7.5,+5.5,3,2,3,False,14,
2026-09-04,2026-09-03,2026,141,201,70,71,.496,13.5,0.5,4,5,8,False,8,
2026-09-04,2026-09-03,2026,110,201,69,72,.489,14.5,1.5,5,6,9,False,7,
2026-09-04,2026-09-03,2026,145,202,73,67,.521,-,-,1,,4,False,-,19
2026-09-04,2026-09-03,2026,114,202,70,70,.500,3.0,-,2,3,6,False,19,
2026-09-04,2026-09-03,2026,142,202,67,73,.479,6.0,3.0,3,7,10,False,16,
2026-09-04,2026-09-03,2026,116,202,64,75,.460,8.5,5.5,4,9,12,False,14,
2026-09-04,2026-09-03,2026,118,202,63,78,.447,10.5,7.5,5,10,13,False,11,
2026-09-04,2026-09-03,2026,117,200,72,69,.511,-,-,1,,5,False,-,19
2026-09-04,2026-09-03,2026,140,200,70,71,.496,2.0,0.5,2,4,7,False,19,
2026-09-04,2026-09-03,2026,136,200,66,75,.468,6.0,4.5,3,8,11,False,16,
2026-09-04,2026-09-03,2026,133,200,55,86,.390,17.0,15.5,4,11,14,False,5,
2026-09-04,2026-09-03,2026,108,200,53,87,.379,18.5,17.0,5,12,15,False,4,
2026-09-04,2026-09-03,2026,144,204,83,57,.593,-,-,1,,2,False,-,17
2026-09-04,2026-09-03,2026,143,204,79,61,.564,4.0,+5.5,2,1,4,False,17,
2026-09-04,2026-09-03,2026,146,204,71,70,.504,12.5,3.0,3,5,8,False,7,
2026-09-04,2026-09-03,2026,120,204,67,75,.472,17.0,7.5,4,9,12,False,2,
2026-09-04,2026-09-03,2026,121,204,63,77,.450,20.0,10.5,5,10,13,False,1,
2026-09-04,2026-09-03,2026,158,205,87,54,.617,-,-,1,,1,False,-,14
2026-09-04,2026-09-03,2026,112,205,79,62,.560,8.0,+5.0,2,2,5,False,14,
2026-09-04,2026-09-03,2026,138,205,70,71,.496,17.0,4.0,3,6,9,False,5,
2026-09-04,2026-09-03,2026,134,205,69,72,.489,18.0,5.0,4,7,10,False,4,
2026-09-04,2026-09-03,2026,113,205,67,73,.479,19.5,6.5,5,8,11,False,3,
2026-09-04,2026-09-03,2026,119,203,83,57,.593,-,-,1,,3,False,-,13
2026-09-04,2026-09-03,2026,109,203,74,67,.525,9.5,-,2,3,6,False,13,
2026-09-04,2026-09-03,2026,135,203,73,67,.521,10.0,0.5,3,4,7,False,13,
2026-09-04,2026-09-03,2026,137,203,58,83,.411,25.5,16.0,4,11,14,False,E,
2026-09-04,2026-09-03,2026,115,203,54,86,.386,29.0,19.5,5,12,15,False,E,
2026-09-05,2026-09-04,2026,139,201,84,57,.596,-,-,1,,1,False,-,18
2026-09-05,2026-09-04,2026,147,201,80,61,.567,4.0,+8.5,2,1,2,False,18,
2026-09-05,2026-09-04,2026,111,201,77,65,.542,7.5,+5.0,3,2,3,False,13,
2026-09-05,2026-09-04,2026,141,201,71,71,.500,13.5,1.0,4,4,7,False,7,
2026-09-05,2026-09-04,2026,110,201,69,73,.486,15.5,3.0,5,6,9,False,5,
2026-09-05,2026-09-04,2026,145,202,74,67,.525,-,-,1,,4,False,-,18
2026-09-05,2026-09-04,2026,114,202,72,70,.507,2.5,-,2,3,6,False,18,
2026-09-05,2026-09-04,2026,142,202,67,74,.475,7.0,4.5,3,7,10,False,14,
2026-09-05,2026-09-04,2026,116,202,64,77,.454,10.0,7.5,4,9,12,False,11,
2026-09-05,2026-09-04,2026,118,202,63,79,.444,11.5,9.0,5,10,13,False,9,
2026-09-05,2026-09-04,2026,117,200,73,69,.514,-,-,1,,5,False,-,18
2026-09-05,2026-09-04,2026,140,200,70,72,.493,3.0,2.0,2,5,8,False,18,
2026-09-05,2026-09-04,2026,136,200,66,76,.465,7.0,6.0,3,8,11,False,14,
2026-09-05,2026-09-04,2026,133,200,56,86,.394,17.0,16.0,4,11,14,False,4,
2026-09-05,2026-09-04,2026,108,200,53,88,.376,19.5,18.5,5,12,15,False,2,
2026-09-05,2026-09-04,2026,144,204,84,57,.596,-,-,1,,2,False,-,16
2026-09-05,2026-09-04,2026,143,204,79,62,.560,5.0,+5.0,2,2,5,False,16,
2026-09-05,2026-09-04,2026,146,204,71,71,.500,13.5,3.5,3,5,8,False,6,
2026-09-05,2026-09-04,2026,120,204,67,76,.469,18.0,8.0,4,9,12,False,1,
2026-09-05,2026-09-04,2026,121,204,64,77,.454,20.0,10.0,5,10,13,False,1,
2026-09-05,2026-09-04,2026,158,205,88,54,.620,-,-,1,,1,False,-,13
2026-09-05,2026-09-04,2026,112,205,80,62,.563,8.0,+5.5,2,1,4,False,13,
2026-09-05,2026-09-04,2026,138,205,71,71,.500,17.0,3.5,3,6,9,False,4,
2026-09-05,2026-09-04,2026,134,205,70,72,.493,18.0,4.5,4,7,10,False,3,
2026-09-05,2026-09-04,2026,113,205,67,74,.475,20.5,7.0,5,8,11,False,E,
2026-09-05,2026-09-04,2026,119,203,84,57,.596,-,-,1,,3,False,-,12
2026-09-05,2026-09-04,2026,135,203,74,67,.525,10.0,-,2,3,6,False,12,
2026-09-05,2026-09-04,2026,109,203,74,68,.521,10.5,0.5,3,4,7,False,11,
2026-09-05,2026-09-04,2026,137,203,58,84,.408,26.5,16.5,4,11,14,False,E,
2026-09-05,2026-09-04,2026,115,203,54,87,.383,30.0,20.0,5,12,15,False,E,
2026-09-06,2026-09-05,2026,139,201,85,57,.599,-,-,1,,1,False,-,17
2026-09-06,2026-09-05,2026,147,201,81,61,.570,4.0,+9.5,2,1,2,False,17,
2026-09-06,2026-09-05,2026,111,201,78,65,.545,7.5,+6.0,3,2,3,False,12,
2026-09-06,2026-09-05,2026,141,201,72,71,.503,13.5,-,4,3,6,False,6,
2026-09-06,2026-09-05,2026,110,201,69,74,.483,16.5,3.0,5,6,9,False,3,
2026-09-06,2026-09-05,2026,145,202,74,68,.521,-,-,1,,4,False,-,17
2026-09-06,2026-09-05,2026,114,202,72,71,.503,2.5,-,2,4,7,False,17,
2026-09-06,2026-09-05,2026,142,202,68,74,.479,6.0,3.5,3,7,10,False,14,
2026-09-06,2026-09-05,2026,116,202,65,77,.458,9.0,6.5,4,9,12,False,11,
2026-09-06,2026-09-05,2026,118,202,63,80,.441,11.5,9.0,5,10,13,False,8,
2026-09-06,2026-09-05,2026,117,200,73,70,.510,-,-,1,,5,False,-,17
2026-09-06,2026-09-05,2026,140,200,70,73,.490,3.0,2.0,2,5,8,False,17,
2026-09-06,2026-09-05,2026,136,200,66,77,.462,7.0,6.0,3,8,11,False,13,
2026-09-06,2026-09-05,2026,133,200,57,86,.399,16.0,15.0,4,11,14,False,4,
2026-09-06,2026-09-05,2026,108,200,54,88,.380,18.5,17.5,5,12,15,False,2,
2026-09-06,2026-09-05,2026,144,204,84,58,.592,-,-,1,,3,False,-,16
2026-09-06,2026-09-05,2026,143,204,80,62,.563,4.0,+5.5,2,2,5,False,16,
2026-09-06,2026-09-05,2026,146,204,71,72,.497,13.5,4.0,3,5,8,False,5,
2026-09-06,2026-09-05,2026,120,204,67,77,.465,18.0,8.5,4,9,12,False,E,
2026-09-06,2026-09-05,2026,121,204,64,78,.451,20.0,10.5,5,10,13,False,E,
2026-09-06,2026-09-05,2026,158,205,88,55,.615,-,-,1,,1,False,-,13
2026-09-06,2026-09-05,2026,112,205,81,62,.566,7.0,+6.0,2,1,4,False,13,
2026-09-06,2026-09-05,2026,138,205,71,72,.497,17.0,4.0,3,6,9,False,2,
2026-09-06,2026-09-05,2026,134,205,70,73,.490,18.0,5.0,4,7,10,False,2,
2026-09-06,2026-09-05,2026,113,205,68,74,.479,19.5,6.5,5,8,11,False,E,
2026-09-06,2026-09-05,2026,119,203,85,57,.599,-,-,1,,2,False,-,10
2026-09-06,2026-09-05,2026,109,203,75,68,.524,10.5,-,2,3,6,False,10,
2026-09-06,2026-09-05,2026,135,203,74,68,.521,11.0,0.5,3,4,7,False,10,
2026-09-06,2026-09-05,2026,137,203,59,84,.413,26.5,16.0,4,11,14,False,E,
2026-09-06,2026-09-05,2026,115,203,55,87,.387,30.0,19.5,5,12,15,False,E,
2026-09-07,2026-09-06,2026,139,201,85,58,.594,-,-,1,,1,False,-,16
2026-09-07,2026-09-06,2026,147,201,81,62,.566,4.0,+8.5,2,1,2,False,16,
2026-09-07,2026-09-06,2026,111,201,79,65,.549,6.5,+6.0,3,2,3,False,12,
2026-09-07,2026-09-06,2026,141,201,72,72,.500,13.5,1.0,4,4,7,False,5,
2026-09-07,2026-09-06,2026,110,201,69,75,.479,16.5,4.0,5,6,9,False,2,
2026-09-07,2026-09-06,2026,145,202,75,68,.524,-,-,1,,4,False,-,16
2026-09-07,2026-09-06,2026,114,202,73,71,.507,2.5,-,2,3,6,False,16,
2026-09-07,2026-09-06,2026,142,202,68,75,.476,7.0,4.5,3,7,10,False,12,
2026-09-07,2026-09-06,2026,116,202,65,78,.455,10.0,7.5,4,9,12,False,9,
2026-09-07,2026-09-06,2026,118,202,64,80,.444,11.5,9.0,5,10,13,False,7,
2026-09-07,2026-09-06,2026,117,200,73,71,.507,-,-,1,,5,False,-,16
2026-09-07,2026-09-06,2026,140,200,71,73,.493,2.0,2.0,2,5,8,False,16,
2026-09-07,2026-09-06,2026,136,200,67,77,.465,6.0,6.0,3,8,11,False,13,
2026-09-07,2026-09-06,2026,133,200,57,87,.396,16.0,16.0,4,11,14,False,3,
2026-09-07,2026-09-06,2026,108,200,54,89,.378,18.5,18.5,5,12,15,False,1,
2026-09-07,2026-09-06,2026,144,204,85,58,.594,-,-,1,,3,False,-,14
2026-09-07,2026-09-06,2026,143,204,80,63,.559,5.0,+4.5,2,2,5,False,14,
2026-09-07,2026-09-06,2026,146,204,72,72,.500,13.5,4.0,3,5,8,False,5,
2026-09-07,2026-09-06,2026,120,204,67,78,.462,19.0,9.5,4,9,12,False,E,
2026-09-07,2026-09-06,2026,121,204,65,78,.455,20.0,10.5,5,10,13,False,E,
2026-09-07,2026-09-06,2026,158,205,88,56,.611,-,-,1,,1,False,-,12
2026-09-07,2026-09-06,2026,112,205,81,63,.563,7.0,+5.0,2,1,4,False,12,
2026-09-07,2026-09-06,2026,138,205,72,72,.500,16.0,4.0,3,6,9,False,2,
2026-09-07,2026-09-06,2026,134,205,71,73,.493,17.0,5.0,4,7,10,False,2,
2026-09-07,2026-09-06,2026,113,205,69,74,.483,18.5,6.5,5,8,11,False,E,
2026-09-07,2026-09-06,2026,119,203,86,57,.601,-,-,1,,2,False,-,9
2026-09-07,2026-09-06,2026,109,203,76,68,.528,10.5,-,2,3,6,False,9,
2026-09-07,2026-09-06,2026,135,203,75,68,.524,11.0,0.5,3,4,7,False,9,
2026-09-07,2026-09-06,2026,137,203,59,85,.410,27.5,17.0,4,11,14,False,E,
2026-09-07,2026-09-06,2026,115,203,55,88,.385,31.0,20.5,5,12,15,False,E,
2026-09-08,2026-09-07,2026,139,201,85,58,.594,-,-,1,,1,False,-,16
2026-09-08,2026-09-07,2026,147,201,81,62,.566,4.0,+9.0,2,1,2,False,16,
2026-09-08,2026-09-07,2026,111,201,80,65,.552,6.0,+7.0,3,2,3,False,12,
2026-09-08,2026-09-07,2026,141,201,72,73,.497,14.0,1.0,4,4,7,False,4,
2026-09-08,2026-09-07,2026,110,201,70,75,.483,16.0,3.0,5,6,9,False,2,
2026-09-08,2026-09-07,2026,145,202,75,68,.524,-,-,1,,4,False,-,15
2026-09-08,2026-09-07,2026,114,202,73,72,.503,3.0,-,2,3,6,False,15,
2026-09-08,2026-09-07,2026,142,202,68,76,.472,7.5,4.5,3,7,10,False,11,
2026-09-08,2026-09-07,2026,116,202,66,78,.458,9.5,6.5,4,9,12,False,9,
2026-09-08,2026-09-07,2026,118,202,64,81,.441,12.0,9.0,5,10,13,False,6,
2026-09-08,2026-09-07,2026,117,200,73,71,.507,-,-,1,,5,False,-,16
2026-09-08,2026-09-07,2026,140,200,71,73,.493,2.0,1.5,2,5,8,False,16,
2026-09-08,2026-09-07,2026,136,200,67,77,.465,6.0,5.5,3,8,11,False,13,
2026-09-08,2026-09-07,2026,133,200,58,87,.400,15.5,15.0,4,11,14,False,3,
2026-09-08,2026-09-07,2026,108,200,54,90,.375,19.0,18.5,5,12,15,False,E,
2026-09-08,2026-09-07,2026,144,204,85,59,.590,-,-,1,,3,False,-,14
2026-09-08,2026-09-07,2026,143,204,81,63,.563,4.0,+4.5,2,1,4,False,14,
2026-09-08,2026-09-07,2026,146,204,72,73,.497,13.5,5.0,3,5,8,False,4,
2026-09-08,2026-09-07,2026,120,204,67,79,.459,19.0,10.5,4,9,12,False,E,
2026-09-08,2026-09-07,2026,121,204,66,78,.458,19.0,10.5,5,10,13,False,E,
2026-09-08,2026-09-07,2026,158,205,89,56,.614,-,-,1,,1,False,-,9
2026-09-08,2026-09-07,2026,112,205,81,64,.559,8.0,+4.0,2,2,5,False,9,
2026-09-08,2026-09-07,2026,138,205,72,73,.497,17.0,5.0,3,6,9,False,E,
2026-09-08,2026-09-07,2026,134,205,71,73,.493,17.5,5.5,4,7,10,False,1,
2026-09-08,2026-09-07,2026,113,205,69,75,.479,19.5,7.5,5,8,11,False,E,
2026-09-08,2026-09-07,2026,119,203,87,57,.604,-,-,1,,2,False,-,8
2026-09-08,2026-09-07,2026,109,203,77,68,.531,10.5,-,2,3,6,False,8,
2026-09-08,2026-09-07,2026,135,203,76,68,.528,11.0,0.5,3,4,7,False,8,
2026-09-08,2026-09-07,2026,137,203,60,85,.414,27.5,17.0,4,11,14,False,E,
2026-09-08,2026-09-07,2026,115,203,55,88,.385,31.5,21.0,5,12,15,False,E,
2026-09-09,2026-09-08,2026,139,201,86,58,.597,-,-,1,,1,False,-,15
2026-09-09,2026-09-08,2026,147,201,82,62,.569,4.0,+9.0,2,1,2,False,15,
2026-09-09,2026-09-08,2026,111,201,80,66,.548,7.0,+6.0,3,2,3,False,10,
2026-09-09,2026-09-08,2026,141,201,73,73,.500,14.0,1.0,4,4,7,False,3,
2026-09-09,2026-09-08,2026,110,201,70,76,.479,17.0,4.0,5,6,9,False,E,
2026-09-09,2026-09-08,2026,145,202,75,69,.521,-,-,1,,4,False,-,15
2026-09-09,2026-09-08,2026,114,202,74,72,.507,2.0,-,2,3,6,False,15,
2026-09-09,2026-09-08,2026,142,202,69,76,.476,6.5,4.5,3,7,10,False,11,
2026-09-09,2026-09-08,2026,116,202,66,79,.455,9.5,7.5,4,9,12,False,7,
2026-09-09,2026-09-08,2026,118,202,64,82,.438,12.0,10.0,5,10,13,False,5,
2026-09-09,2026-09-08,2026,117,200,74,71,.510,-,-,1,,5,False,-,16
2026-09-09,2026-09-08,2026,140,200,72,73,.497,2.0,1.5,2,5,8,False,16,
2026-09-09,2026-09-08,2026,136,200,67,78,.462,7.0,6.5,3,8,11,False,11,
2026-09-09,2026-09-08,2026,133,200,58,88,.397,16.5,16.0,4,11,14,False,1,
2026-09-09,2026-09-08,2026,108,200,55,90,.379,19.0,18.5,5,12,15,False,E,
2026-09-09,2026-09-08,2026,144,204,85,60,.586,-,-,1,,3,False,-,13
2026-09-09,2026-09-08,2026,143,204,81,64,.559,4.0,+3.5,2,1,4,False,13,
2026-09-09,2026-09-08,2026,146,204,72,74,.493,13.5,6.0,3,6,9,False,3,
2026-09-09,2026-09-08,2026,121,204,67,78,.462,18.0,10.5,4,9,12,False,E,
2026-09-09,2026-09-08,2026,120,204,67,80,.456,19.0,11.5,5,10,13,False,E,
2026-09-09,2026-09-08,2026,158,205,90,56,.616,-,-,1,,1,False,-,7
2026-09-09,2026-09-08,2026,112,205,81,65,.555,9.0,+3.0,2,2,5,False,7,
2026-09-09,2026-09-08,2026,134,205,72,73,.497,17.5,5.5,3,5,8,False,E,
2026-09-09,2026-09-08,2026,138,205,72,74,.493,18.0,6.0,4,7,10,False,E,
2026-09-09,2026-09-08,2026,113,205,69,76,.476,20.5,8.5,5,8,11,False,E,
2026-09-09,2026-09-08,2026,119,203,88,57,.607,-,-,1,,2,False,-,7
2026-09-09,2026-09-08,2026,109,203,78,68,.534,10.5,-,2,3,6,False,7,
2026-09-09,2026-09-08,2026,135,203,77,68,.531,11.0,0.5,3,4,7,False,7,
2026-09-09,2026-09-08,2026,137,203,61,85,.418,27.5,17.0,4,11,14,False,E,
2026-09-09,2026-09-08,2026,115,203,55,89,.382,32.5,22.0,5,12,15,False,E,
2026-09-10,2026-09-09,2026,139,201,87,58,.600,-,-,1,,1,False,-,14
2026-09-10,2026-09-09,2026,147,201,83,62,.572,4.0,+10.0,2,1,2,False,14,
2026-09-10,2026-09-09,2026,111,201,80,67,.544,8.0,+6.0,3,2,3,False,8,
2026-09-10,2026-09-09,2026,141,201,73,74,.497,15.0,1.0,4,4,7,False,1,
2026-09-10,2026-09-09,2026,110,201,71,76,.483,17.0,3.0,5,6,9,False,E,
2026-09-10,2026-09-09,2026,145,202,75,70,.517,-,-,1,,4,False,-,14
2026-09-10,2026-09-09,2026,114,202,74,73,.503,2.0,-,2,3,6,False,14,
2026-09-10,2026-09-09,2026,142,202,69,77,.473,6.5,4.5,3,7,10,False,10,
2026-09-10,2026-09-09,2026,116,202,67,79,.459,8.5,6.5,4,9,12,False,7,
2026-09-10,2026-09-09,2026,118,202,65,82,.442,11.0,9.0,5,10,13,False,5,
2026-09-10,2026-09-09,2026,117,200,74,72,.507,-,-,1,,5,False,-,14
2026-09-10,2026-09-09,2026,140,200,72,74,.493,2.0,1.5,2,5,8,False,14,
2026-09-10,2026-09-09,2026,136,200,68,78,.466,6.0,5.5,3,8,11,False,11,
2026-09-10,2026-09-09,2026,133,200,59,88,.401,15.5,15.0,4,11,14,False,1,
2026-09-10,2026-09-09,2026,108,200,56,90,.384,18.0,17.5,5,12,15,False,E,
2026-09-10,2026-09-09,2026,144,204,85,61,.582,-,-,1,,3,False,-,13
2026-09-10,2026-09-09,2026,143,204,82,64,.562,3.0,+4.0,2,1,4,False,13,
2026-09-10,2026-09-09,2026,146,204,72,75,.490,13.5,6.5,3,6,9,False,2,
2026-09-10,2026-09-09,2026,121,204,68,78,.466,17.0,10.0,4,9,12,False,E,
2026-09-10,2026-09-09,2026,120,204,67,81,.453,19.0,12.0,5,10,13,False,E,
2026-09-10,2026-09-09,2026,158,205,91,56,.619,-,-,1,,1,False,-,5
2026-09-10,2026-09-09,2026,112,205,81,66,.551,10.0,+2.5,2,2,5,False,5,
2026-09-10,2026-09-09,2026,134,205,73,73,.500,17.5,5.0,3,5,8,False,E,
2026-09-10,2026-09-09,2026,138,205,72,75,.490,19.0,6.5,4,7,10,False,E,
2026-09-10,2026-09-09,2026,113,205,69,77,.473,21.5,9.0,5,8,11,False,E,
2026-09-10,2026-09-09,2026,119,203,89,57,.610,-,-,1,,2,False,-,6
2026-09-10,2026-09-09,2026,135,203,78,68,.534,11.0,-,2,3,6,False,6,
2026-09-10,2026-09-09,2026,109,203,78,69,.531,11.5,0.5,3,4,7,False,5,
2026-09-10,2026-09-09,2026,137,203,62,85,.422,27.5,16.5,4,11,14,False,E,
2026-09-10,2026-09-09,2026,115,203,55,90,.379,33.5,22.5,5,12,15,False,E,
2026-09-11,2026-09-10,2026,139,201,87,59,.596,-,-,1,,1,False,-,13
2026-09-11,2026-09-10,2026,147,201,84,62,.575,3.0,+10.5,2,1,2,False,13,
2026-09-11,2026-09-10,2026,111,201,80,67,.544,7.5,+6.0,3,2,3,False,8,
2026-09-11,2026-09-10,2026,141,201,73,74,.497,14.5,1.0,4,4,7,False,E,
2026-09-11,2026-09-10,2026,110,201,71,76,.483,16.5,3.0,5,6,9,False,E,
2026-09-11,2026-09-10,2026,145,202,75,71,.514,-,-,1,,4,False,-,14
2026-09-11,2026-09-10,2026,114,202,74,73,.503,1.5,-,2,3,6,False,14,
2026-09-11,2026-09-10,2026,142,202,69,77,.473,6.0,4.5,3,7,10,False,10,
2026-09-11,2026-09-10,2026,116,202,67,79,.459,8.0,6.5,4,9,12,False,7,
2026-09-11,2026-09-10,2026,118,202,65,82,.442,10.5,9.0,5,10,13,False,5,
2026-09-11,2026-09-10,2026,117,200,75,72,.510,-,-,1,,5,False,-,12
2026-09-11,2026-09-10,2026,140,200,72,75,.490,3.0,2.0,2,5,8,False,12,
2026-09-11,2026-09-10,2026,136,200,69,78,.469,6.0,5.0,3,8,11,False,10,
2026-09-11,2026-09-10,2026,133,200,59,88,.401,16.0,15.0,4,11,14,False,E,
2026-09-11,2026-09-10,2026,108,200,56,90,.384,18.5,17.5,5,12,15,False,E,
2026-09-11,2026-09-10,2026,144,204,86,61,.585,-,-,1,,3,False,-,11
2026-09-11,2026-09-10,2026,143,204,82,65,.558,4.0,+3.5,2,1,4,False,11,
2026-09-11,2026-09-10,2026,146,204,72,75,.490,14.0,6.5,3,6,9,False,1,
2026-09-11,2026-09-10,2026,121,204,68,78,.466,17.5,10.0,4,9,12,False,E,
2026-09-11,2026-09-10,2026,120,204,67,81,.453,19.5,12.0,5,10,13,False,E,
2026-09-11,2026-09-10,2026,158,205,91,56,.619,-,-,1,,1,False,-,5
2026-09-11,2026-09-10,2026,112,205,81,66,.551,10.0,+2.5,2,2,5,False,5,
2026-09-11,2026-09-10,2026,134,205,74,73,.503,17.0,4.5,3,5,8,False,E,
2026-09-11,2026-09-10,2026,138,205,72,75,.490,19.0,6.5,4,7,10,False,E,
2026-09-11,2026-09-10,2026,113,205,69,77,.473,21.5,9.0,5,8,11,False,E,
2026-09-11,2026-09-10,2026,119,203,89,57,.610,-,-,1,,2,False,-,6
2026-09-11,2026-09-10,2026,135,203,78,68,.534,11.0,-,2,3,6,False,6,
2026-09-11,2026-09-10,2026,109,203,78,69,.531,11.5,0.5,3,4,7,False,5,
2026-09-11,2026-09-10,2026,137,203,62,85,.422,27.5,16.5,4,11,14,False,E,
2026-09-11,2026-09-10,2026,115,203,55,91,.377,34.0,23.0,5,12,15,False,E,
2026-09-12,2026-09-11,2026,139,201,88,59,.599,-,-,1,,1,True,-,-
2026-09-12,2026-09-11,2026,147,201,85,62,.578,3.0,+10.5,2,1,2,False,12,
2026-09-12,2026-09-11,2026,111,201,80,68,.541,8.5,+5.0,3,2,3,False,6,
2026-09-12,2026-09-11,2026,141,201,73,75,.493,15.5,2.0,4,4,7,False,E,
2026-09-12,2026-09-11,2026,110,201,72,76,.486,16.5,3.0,5,6,9,False,E,
2026-09-12,2026-09-11,2026,145,202,75,72,.510,-,-,1,,4,False,-,13
2026-09-12,2026-09-11,2026,114,202,75,73,.507,0.5,-,2,3,6,False,13,
2026-09-12,2026-09-11,2026,142,202,69,78,.469,6.0,5.5,3,7,10,False,8,
2026-09-12,2026-09-11,2026,116,202,68,79,.463,7.0,6.5,4,9,12,False,7,
2026-09-12,2026-09-11,2026,118,202,66,82,.446,9.5,9.0,5,10,13,False,4,
2026-09-12,2026-09-11,2026,117,200,75,73,.507,-,-,1,,5,False,-,11
2026-09-12,2026-09-11,2026,140,200,72,76,.486,3.0,3.0,2,5,8,False,11,
2026-09-12,2026-09-11,2026,136,200,69,79,.466,6.0,6.0,3,8,11,False,9,
2026-09-12,2026-09-11,2026,133,200,60,88,.405,15.0,15.0,4,11,14,False,E,
2026-09-12,2026-09-11,2026,108,200,56,91,.381,18.5,18.5,5,12,15,False,E,
2026-09-12,2026-09-11,2026,144,204,87,61,.588,-,-,1,,3,False,-,9
2026-09-12,2026-09-11,2026,143,204,82,66,.554,5.0,+2.5,2,2,5,False,9,
2026-09-12,2026-09-11,2026,146,204,72,76,.486,15.0,7.5,3,7,10,False,E,
2026-09-12,2026-09-11,2026,121,204,68,79,.463,18.5,11.0,4,9,12,False,E,
2026-09-12,2026-09-11,2026,120,204,68,81,.456,19.5,12.0,5,10,13,False,E,
2026-09-12,2026-09-11,2026,158,205,92,56,.622,-,-,1,,1,True,-,-
2026-09-12,2026-09-11,2026,112,205,82,66,.554,10.0,+2.5,2,1,4,False,4,
2026-09-12,2026-09-11,2026,134,205,74,74,.500,18.0,5.5,3,5,8,False,E,
2026-09-12,2026-09-11,2026,138,205,73,75,.493,19.0,6.5,4,6,9,False,E,
2026-09-12,2026-09-11,2026,113,205,69,78,.469,22.5,10.0,5,8,11,False,E,
2026-09-12,2026-09-11,2026,119,203,90,57,.612,-,-,1,,2,False,-,5
2026-09-12,2026-09-11,2026,135,203,79,68,.537,11.0,-,2,3,6,False,5,
2026-09-12,2026-09-11,2026,109,203,79,69,.534,11.5,0.5,3,4,7,False,4,
2026-09-12,2026-09-11,2026,137,203,62,86,.419,28.5,17.5,4,11,14,False,E,
2026-09-12,2026-09-11,2026,115,203,55,92,.374,35.0,24.0,5,12,15,False,E,
2026-09-13,2026-09-12,2026,139,201,89,59,.601,-,-,1,,1,True,-,-
2026-09-13,2026-09-12,2026,147,201,85,63,.574,4.0,+10.5,2,1,2,False,11,
2026-09-13,2026-09-12,2026,111,201,81,68,.544,8.5,+6.0,3,2,3,False,5,
2026-09-13,2026-09-12,2026,141,201,74,75,.497,15.5,1.0,4,4,7,False,E,
2026-09-13,2026-09-12,2026,110,201,72,77,.483,17.5,3.0,5,6,9,False,E,
2026-09-13,2026-09-12,2026,145,202,76,72,.514,-,-,1,,4,False,-,12
2026-09-13,2026-09-12,2026,114,202,75,74,.503,1.5,-,2,3,6,False,12,
2026-09-13,2026-09-12,2026,142,202,70,78,.473,6.0,4.5,3,7,10,False,7,
2026-09-13,2026-09-12,2026,116,202,69,79,.466,7.0,5.5,4,9,12,False,6,
2026-09-13,2026-09-12,2026,118,202,66,83,.443,10.5,9.0,5,10,13,False,3,
2026-09-13,2026-09-12,2026,117,200,75,74,.503,-,-,1,,5,False,-,11
2026-09-13,2026-09-12,2026,140,200,73,76,.490,2.0,2.0,2,5,8,False,11,
2026-09-13,2026-09-12,2026,136,200,70,79,.470,5.0,5.0,3,8,11,False,9,
2026-09-13,2026-09-12,2026,133,200,60,89,.403,15.0,15.0,4,11,14,False,E,
2026-09-13,2026-09-12,2026,108,200,56,92,.378,18.5,18.5,5,12,15,False,E,
2026-09-13,2026-09-12,2026,144,204,88,61,.591,-,-,1,,3,False,-,7
2026-09-13,2026-09-12,2026,143,204,82,67,.550,6.0,+1.5,2,2,5,False,7,
2026-09-13,2026-09-12,2026,146,204,73,76,.490,15.0,7.5,3,6,9,False,E,
2026-09-13,2026-09-12,2026,121,204,69,79,.466,18.5,11.0,4,9,12,False,E,
2026-09-13,2026-09-12,2026,120,204,69,81,.460,19.5,12.0,5,10,13,False,E,
2026-09-13,2026-09-12,2026,158,205,93,56,.624,-,-,1,,1,True,-,-
2026-09-13,2026-09-12,2026,112,205,83,66,.557,10.0,+2.5,2,1,4,False,3,
2026-09-13,2026-09-12,2026,134,205,74,75,.497,19.0,6.5,3,5,8,False,E,
2026-09-13,2026-09-12,2026,138,205,73,76,.490,20.0,7.5,4,7,10,False,E,
2026-09-13,2026-09-12,2026,113,205,69,79,.466,23.5,11.0,5,8,11,False,E,
2026-09-13,2026-09-12,2026,119,203,90,58,.608,-,-,1,,2,False,-,5
2026-09-13,2026-09-12,2026,135,203,80,68,.541,10.0,-,2,3,6,False,5,
2026-09-13,2026-09-12,2026,109,203,79,70,.530,11.5,1.5,3,4,7,False,3,
2026-09-13,2026-09-12,2026,137,203,62,87,.416,28.5,18.5,4,11,14,False,E,
2026-09-13,2026-09-12,2026,115,203,55,93,.372,35.0,25.0,5,12,15,False,E,
2026-09-14,2026-09-13,2026,139,201,90,59,.604,-,-,1,,1,True,-,-
2026-09-14,2026-09-13,2026,147,201,86,63,.577,4.0,+10.5,2,1,2,False,10,
2026-09-14,2026-09-13,2026,111,201,82,68,.547,8.5,+6.0,3,2,3,False,4,
2026-09-14,2026-09-13,2026,141,201,75,75,.500,15.5,1.0,4,4,6,False,E,
2026-09-14,2026-09-13,2026,110,201,72,78,.480,18.5,4.0,5,6,9,False,E,
2026-09-14,2026-09-13,2026,145,202,76,73,.510,-,-,1,,4,False,-,11
2026-09-14,2026-09-13,2026,114,202,76,74,.507,0.5,-,2,3,5,False,11,
2026-09-14,2026-09-13,2026,142,202,70,79,.470,6.0,5.5,3,7,10,False,6,
2026-09-14,2026-09-13,2026,116,202,70,79,.470,6.0,5.5,4,8,11,False,6,
2026-09-14,2026-09-13,2026,118,202,66,84,.440,10.5,10.0,5,10,13,False,1,
2026-09-14,2026-09-13,2026,117,200,75,75,.500,-,-,1,,7,False,-,11
2026-09-14,2026-09-13,2026,140,200,74,76,.493,1.0,2.0,2,5,8,False,11,
2026-09-14,2026-09-13,2026,136,200,70,80,.467,5.0,6.0,3,9,12,False,8,
2026-09-14,2026-09-13,2026,133,200,61,89,.407,14.0,15.0,4,11,14,False,E,
2026-09-14,2026-09-13,2026,108,200,56,93,.376,18.5,19.5,5,12,15,False,E,
2026-09-14,2026-09-13,2026,144,204,88,62,.587,-,-,1,,3,False,-,7
2026-09-14,2026-09-13,2026,143,204,83,67,.553,5.0,+1.5,2,2,5,False,7,
2026-09-14,2026-09-13,2026,146,204,74,76,.493,14.0,7.5,3,6,9,False,E,
2026-09-14,2026-09-13,2026,120,204,70,81,.464,18.5,12.0,4,9,12,False,E,
2026-09-14,2026-09-13,2026,121,204,69,80,.463,18.5,12.0,5,10,13,False,E,
2026-09-14,2026-09-13,2026,158,205,93,57,.620,-,-,1,,1,True,-,-
2026-09-14,2026-09-13,2026,112,205,83,67,.553,10.0,+1.5,2,1,4,False,2,
2026-09-14,2026-09-13,2026,134,205,75,75,.500,18.0,6.5,3,5,8,False,E,
2026-09-14,2026-09-13,2026,138,205,74,76,.493,19.0,7.5,4,7,10,False,E,
2026-09-14,2026-09-13,2026,113,205,70,79,.470,22.5,11.0,5,8,11,False,E,
2026-09-14,2026-09-13,2026,119,203,90,59,.604,-,-,1,,2,False,-,4
2026-09-14,2026-09-13,2026,135,203,81,68,.544,9.0,-,2,3,6,False,4,
2026-09-14,2026-09-13,2026,109,203,79,71,.527,11.5,2.5,3,4,7,False,2,
2026-09-14,2026-09-13,2026,137,203,62,88,.413,28.5,19.5,4,11,14,False,E,
2026-09-14,2026-09-13,2026,115,203,55,94,.369,35.0,26.0,5,12,15,False,E,
2026-09-15,2026-09-14,2026,139,201,90,59,.604,-,-,1,,1,True,-,-
2026-09-15,2026-09-14,2026,147,201,87,63,.580,3.5,+11.5,2,1,2,True,9,
2026-09-15,2026-09-14,2026,111,201,82,68,.547,8.5,+6.5,3,2,3,False,4,
2026-09-15,2026-09-14,2026,141,201,75,76,.497,16.0,1.0,4,4,7,False,E,
2026-09-15,2026-09-14,2026,110,201,73,78,.483,18.0,3.0,5,6,9,False,E,
2026-09-15,2026-09-14,2026,145,202,77,73,.513,-,-,1,,4,False,-,10
2026-09-15,2026-09-14,2026,114,202,76,75,.503,1.5,-,2,3,5,False,10,
2026-09-15,2026-09-14,2026,116,202,71,79,.473,6.0,4.5,3,7,10,False,6,
2026-09-15,2026-09-14,2026,142,202,70,80,.467,7.0,5.5,4,8,11,False,5,
2026-09-15,2026-09-14,2026,118,202,66,84,.440,11.0,9.5,5,10,13,False,1,
2026-09-15,2026-09-14,2026,117,200,75,75,.500,-,-,1,,6,False,-,11
2026-09-15,2026-09-14,2026,140,200,74,76,.493,1.0,1.5,2,5,8,False,11,
2026-09-15,2026-09-14,2026,136,200,70,81,.464,5.5,6.0,3,9,12,False,7,
2026-09-15,2026-09-14,2026,133,200,61,89,.407,14.0,14.5,4,11,14,False,E,
2026-09-15,2026-09-14,2026,108,200,57,93,.380,18.0,18.5,5,12,15,False,E,
2026-09-15,2026-09-14,2026,144,204,88,63,.583,-,-,1,,3,False,-,7
2026-09-15,2026-09-14,2026,143,204,83,67,.553,4.5,+1.0,2,2,5,False,7,
2026-09-15,2026-09-14,2026,146,204,74,77,.490,14.0,8.5,3,7,10,False,E,
2026-09-15,2026-09-14,2026,120,204,70,81,.464,18.0,12.5,4,9,12,False,E,
2026-09-15,2026-09-14,2026,121,204,69,81,.460,18.5,13.0,5,10,13,False,E,
2026-09-15,2026-09-14,2026,158,205,93,57,.620,-,-,1,,1,True,-,-
2026-09-15,2026-09-14,2026,112,205,84,67,.556,9.5,+1.5,2,1,4,False,2,
2026-09-15,2026-09-14,2026,134,205,75,75,.500,18.0,7.0,3,5,8,False,E,
2026-09-15,2026-09-14,2026,138,205,75,76,.497,18.5,7.5,4,6,9,False,E,
2026-09-15,2026-09-14,2026,113,205,70,80,.467,23.0,12.0,5,8,11,False,E,
2026-09-15,2026-09-14,2026,119,203,91,59,.607,-,-,1,,2,True,-,-
2026-09-15,2026-09-14,2026,135,203,82,68,.547,9.0,-,2,3,6,False,3,
2026-09-15,2026-09-14,2026,109,203,80,71,.530,11.5,2.5,3,4,7,False,1,
2026-09-15,2026-09-14,2026,137,203,62,89,.411,29.5,20.5,4,11,14,False,E,
2026-09-15,2026-09-14,2026,115,203,55,95,.367,36.0,27.0,5,12,15,False,E,
2026-09-16,2026-09-15,2026,139,201,91,59,.607,-,-,1,,1,True,-,-
2026-09-16,2026-09-15,2026,147,201,88,63,.583,3.5,+11.5,2,1,2,True,8,
2026-09-16,2026-09-15,2026,111,201,82,69,.543,9.5,+5.5,3,2,3,False,2,
2026-09-16,2026-09-15,2026,141,201,75,77,.493,17.0,2.0,4,5,8,False,E,
2026-09-16,2026-09-15,2026,110,201,74,78,.487,18.0,3.0,5,6,9,False,E,
2026-09-16,2026-09-15,2026,145,202,77,74,.510,-,-,1,,4,False,-,10
2026-09-16,2026-09-15,2026,114,202,77,75,.507,0.5,-,2,3,5,False,10,
2026-09-16,2026-09-15,2026,116,202,72,79,.477,5.0,4.5,3,7,10,False,6,
2026-09-16,2026-09-15,2026,142,202,70,81,.464,7.0,6.5,4,8,11,False,4,
2026-09-16,2026-09-15,2026,118,202,66,85,.437,11.0,10.5,5,10,13,False,E,
2026-09-16,2026-09-15,2026,117,200,76,75,.503,-,-,1,,6,False,-,10
2026-09-16,2026-09-15,2026,140,200,75,76,.497,1.0,1.5,2,4,7,False,10,
2026-09-16,2026-09-15,2026,136,200,70,82,.461,6.5,7.0,3,9,12,False,5,
2026-09-16,2026-09-15,2026,133,200,61,90,.404,15.0,15.5,4,11,14,False,E,
2026-09-16,2026-09-15,2026,108,200,58,93,.384,18.0,18.5,5,12,15,False,E,
2026-09-16,2026-09-15,2026,144,204,89,63,.586,-,-,1,,3,False,-,5
2026-09-16,2026-09-15,2026,143,204,83,68,.550,5.5,+1.0,2,2,5,False,5,
2026-09-16,2026-09-15,2026,146,204,75,77,.493,14.0,7.5,3,6,9,False,E,
2026-09-16,2026-09-15,2026,120,204,71,81,.467,18.0,11.5,4,8,11,False,E,
2026-09-16,2026-09-15,2026,121,204,69,82,.457,19.5,13.0,5,10,13,False,E,
2026-09-16,2026-09-15,2026,158,205,94,57,.623,-,-,1,,1,True,-,-
2026-09-16,2026-09-15,2026,112,205,84,68,.553,10.5,+1.5,2,1,4,False,E,
2026-09-16,2026-09-15,2026,134,205,75,76,.497,19.0,7.0,3,5,8,False,E,
2026-09-16,2026-09-15,2026,138,205,75,77,.493,19.5,7.5,4,7,10,False,E,
2026-09-16,2026-09-15,2026,113,205,70,81,.464,24.0,12.0,5,9,12,False,E,
2026-09-16,2026-09-15,2026,119,203,92,59,.609,-,-,1,,2,True,-,-
2026-09-16,2026-09-15,2026,135,203,82,69,.543,10.0,-,2,3,6,False,1,
2026-09-16,2026-09-15,2026,109,203,80,72,.526,12.5,2.5,3,4,7,False,E,
2026-09-16,2026-09-15,2026,137,203,63,89,.414,29.5,19.5,4,11,14,False,E,
2026-09-16,2026-09-15,2026,115,203,56,95,.371,36.0,26.0,5,12,15,False,E,
2026-09-17,2026-09-16,2026,139,201,92,59,.609,-,-,1,,1,True,-,-
2026-09-17,2026-09-16,2026,147,201,88,64,.579,4.5,+11.0,2,1,2,True,7,
2026-09-17,2026-09-16,2026,111,201,82,70,.539,10.5,+5.0,3,2,3,False,E,
2026-09-17,2026-09-16,2026,141,201,76,77,.497,17.0,1.5,4,5,8,False,E,
2026-09-17,2026-09-16,2026,110,201,75,78,.490,18.0,2.5,5,6,9,False,E,
2026-09-17,2026-09-16,2026,114,202,78,75,.510,-,-,1,,4,False,-,10
2026-09-17,2026-09-16,2026,145,202,77,75,.507,0.5,-,2,3,5,False,10,
2026-09-17,2026-09-16,2026,116,202,72,80,.474,5.5,5.0,3,7,10,False,4,
2026-09-17,2026-09-16,2026,142,202,71,81,.467,6.5,6.0,4,8,11,False,4,
2026-09-17,2026-09-16,2026,118,202,67,85,.441,10.5,10.0,5,10,13,False,E,
2026-09-17,2026-09-16,2026,117,200,76,76,.500,-,-,1,,6,False,-,5
2026-09-17,2026-09-16,2026,140,200,76,76,.500,-,1.0,2,4,7,False,-,
2026-09-17,2026-09-16,2026,136,200,71,82,.464,5.5,6.5,3,9,12,False,5,
2026-09-17,2026-09-16,2026,133,200,61,91,.401,15.0,16.0,4,11,14,False,E,
2026-09-17,2026-09-16,2026,108,200,58,94,.382,18.0,19.0,5,12,15,False,E,
2026-09-17,2026-09-16,2026,144,204,89,64,.582,-,-,1,,3,False,-,5
2026-09-17,2026-09-16,2026,143,204,84,68,.553,4.5,+1.0,2,2,5,False,5,
2026-09-17,2026-09-16,2026,146,204,76,77,.497,13.0,7.5,3,5,8,False,E,
2026-09-17,2026-09-16,2026,120,204,71,82,.464,18.0,12.5,4,9,12,False,E,
2026-09-17,2026-09-16,2026,121,204,69,83,.454,19.5,14.0,5,10,13,False,E,
2026-09-17,2026-09-16,2026,158,205,95,57,.625,-,-,1,,1,True,-,-
2026-09-17,2026-09-16,2026,112,205,85,68,.556,10.5,+1.5,2,1,4,False,E,
2026-09-17,2026-09-16,2026,134,205,75,77,.493,20.0,8.0,3,6,9,False,E,
2026-09-17,2026-09-16,2026,138,205,75,78,.490,20.5,8.5,4,7,10,False,E,
2026-09-17,2026-09-16,2026,113,205,71,81,.467,24.0,12.0,5,8,11,False,E,
2026-09-17,2026-09-16,2026,119,203,92,60,.605,-,-,1,,2,True,-,-
2026-09-17,2026-09-16,2026,135,203,83,69,.546,9.0,-,2,3,6,False,1,
2026-09-17,2026-09-16,2026,109,203,80,73,.523,12.5,3.5,3,4,7,False,E,
2026-09-17,2026-09-16,2026,137,203,64,89,.418,28.5,19.5,4,11,14,False,E,
2026-09-17,2026-09-16,2026,115,203,56,96,.368,36.0,27.0,5,12,15,False,E,
2026-09-18,2026-09-17,2026,139,201,93,59,.612,-,-,1,,1,True,-,-
2026-09-18,2026-09-17,2026,147,201,88,64,.579,5.0,+10.5,2,1,2,True,6,
2026-09-18,2026-09-17,2026,111,201,83,70,.542,10.5,+5.0,3,2,3,False,E,
2026-09-18,2026-09-17,2026,141,201,76,77,.497,17.5,2.0,4,5,8,False,E,
2026-09-18,2026-09-17,2026,110,201,75,78,.490,18.5,3.0,5,6,9,False,E,
2026-09-18,2026-09-17,2026,145,202,78,75,.510,-,-,1,,4,False,-,3
2026-09-18,2026-09-17,2026,114,202,78,75,.510,-,-,2,3,5,False,-,
2026-09-18,2026-09-17,2026,116,202,72,81,.471,6.0,6.0,3,7,10,False,3,
2026-09-18,2026-09-17,2026,142,202,71,82,.464,7.0,7.0,4,9,12,False,2,
2026-09-18,2026-09-17,2026,118,202,67,86,.438,11.0,11.0,5,10,13,False,E,
2026-09-18,2026-09-17,2026,117,200,77,76,.503,-,-,1,,6,False,-,8
2026-09-18,2026-09-17,2026,140,200,76,77,.497,1.0,2.0,2,4,7,False,8,
2026-09-18,2026-09-17,2026,136,200,71,82,.464,6.0,7.0,3,8,11,False,4,
2026-09-18,2026-09-17,2026,133,200,61,92,.399,16.0,17.0,4,11,14,False,E,
2026-09-18,2026-09-17,2026,108,200,59,94,.386,18.0,19.0,5,12,15,False,E,
2026-09-18,2026-09-17,2026,144,204,89,64,.582,-,-,1,,3,False,-,5
2026-09-18,2026-09-17,2026,143,204,85,68,.556,4.0,+1.0,2,2,5,False,5,
2026-09-18,2026-09-17,2026,146,204,76,77,.497,13.0,8.0,3,5,8,False,E,
2026-09-18,2026-09-17,2026,120,204,71,82,.464,18.0,13.0,4,8,11,False,E,
2026-09-18,2026-09-17,2026,121,204,69,84,.451,20.0,15.0,5,10,13,False,E,
2026-09-18,2026-09-17,2026,158,205,95,58,.621,-,-,1,,1,True,-,-
2026-09-18,2026-09-17,2026,112,205,85,68,.556,10.0,+1.0,2,1,4,False,E,
2026-09-18,2026-09-17,2026,134,205,76,77,.497,19.0,8.0,3,6,9,False,E,
2026-09-18,2026-09-17,2026,138,205,75,78,.490,20.0,9.0,4,7,10,False,E,
2026-09-18,2026-09-17,2026,113,205,71,82,.464,24.0,13.0,5,9,12,False,E,
2026-09-18,2026-09-17,2026,119,203,93,60,.608,-,-,1,,2,True,-,-
2026-09-18,2026-09-17,2026,135,203,84,69,.549,9.0,-,2,3,6,False,E,
2026-09-18,2026-09-17,2026,109,203,80,73,.523,13.0,4.0,3,4,7,False,E,
2026-09-18,2026-09-17,2026,137,203,64,89,.418,29.0,20.0,4,11,14,False,E,
2026-09-18,2026-09-17,2026,115,203,56,97,.366,37.0,28.0,5,12,15,False,E,
2026-09-19,2026-09-18,2026,139,201,93,60,.608,-,-,1,,1,True,-,-
2026-09-19,2026-09-18,2026,147,201,89,64,.582,4.0,+11.5,2,1,2,True,6,
2026-09-19,2026-09-18,2026,111,201,84,70,.545,9.5,+6.0,3,2,3,False,E,
2026-09-19,2026-09-18,2026,141,201,76,78,.494,17.5,2.0,4,5,8,False,E,
2026-09-19,2026-09-18,2026,110,201,75,79,.487,18.5,3.0,5,6,9,False,E,
2026-09-19,2026-09-18,2026,114,202,79,75,.513,-,-,1,,4,False,-,8
2026-09-19,2026-09-18,2026,145,202,78,76,.506,1.0,-,2,3,5,False,8,
2026-09-19,2026-09-18,2026,116,202,73,81,.474,6.0,5.0,3,7,10,False,2,
2026-09-19,2026-09-18,2026,142,202,72,82,.468,7.0,6.0,4,9,12,False,2,
2026-09-19,2026-09-18,2026,118,202,67,87,.435,12.0,11.0,5,10,13,False,E,
2026-09-19,2026-09-18,2026,117,200,77,77,.500,-,-,1,,6,False,-,4
2026-09-19,2026-09-18,2026,140,200,77,77,.500,-,1.0,2,4,7,False,-,
2026-09-19,2026-09-18,2026,136,200,72,82,.468,5.0,6.0,3,8,11,False,4,
2026-09-19,2026-09-18,2026,133,200,61,93,.396,16.0,17.0,4,11,14,False,E,
2026-09-19,2026-09-18,2026,108,200,59,95,.383,18.0,19.0,5,12,15,False,E,
2026-09-19,2026-09-18,2026,144,204,90,64,.584,-,-,1,,3,True,-,-
2026-09-19,2026-09-18,2026,143,204,85,69,.552,5.0,-,2,2,5,False,3,
2026-09-19,2026-09-18,2026,146,204,76,78,.494,14.0,9.0,3,6,9,False,E,
2026-09-19,2026-09-18,2026,120,204,72,82,.468,18.0,13.0,4,8,11,False,E,
2026-09-19,2026-09-18,2026,121,204,70,84,.455,20.0,15.0,5,10,13,False,E,
2026-09-19,2026-09-18,2026,158,205,96,58,.623,-,-,1,,1,True,-,-
2026-09-19,2026-09-18,2026,112,205,85,69,.552,11.0,-,2,1,4,False,E,
2026-09-19,2026-09-18,2026,134,205,77,77,.500,19.0,8.0,3,5,8,False,E,
2026-09-19,2026-09-18,2026,138,205,75,79,.487,21.0,10.0,4,7,10,False,E,
2026-09-19,2026-09-18,2026,113,205,72,82,.468,24.0,13.0,5,9,12,False,E,
2026-09-19,2026-09-18,2026,119,203,94,60,.610,-,-,1,,2,True,-,-
2026-09-19,2026-09-18,2026,135,203,85,69,.552,9.0,-,2,3,6,False,E,
2026-09-19,2026-09-18,2026,109,203,80,74,.519,14.0,5.0,3,4,7,False,E,
2026-09-19,2026-09-18,2026,137,203,64,90,.416,30.0,21.0,4,11,14,False,E,
2026-09-19,2026-09-18,2026,115,203,56,98,.364,38.0,29.0,5,12,15,False,E,
2026-09-20,2026-09-19,2026,139,201,94,60,.610,-,-,1,,1,True,-,-
2026-09-20,2026-09-19,2026,147,201,89,65,.578,5.0,+10.5,2,1,2,True,4,
2026-09-20,2026-09-19,2026,111,201,84,71,.542,10.5,+5.0,3,2,3,False,E,
2026-09-20,2026-09-19,2026,141,201,76,79,.490,18.5,3.0,4,5,8,False,E,
2026-09-20,2026-09-19,2026,110,201,75,80,.484,19.5,4.0,5,6,9,False,E,
2026-09-20,2026-09-19,2026,114,202,80,75,.516,-,-,1,,4,False,-,7
2026-09-20,2026-09-19,2026,145,202,79,76,.510,1.0,-,2,3,5,False,7,
2026-09-20,2026-09-19,2026,116,202,73,82,.471,7.0,6.0,3,7,10,False,E,
2026-09-20,2026-09-19,2026,142,202,72,83,.465,8.0,7.0,4,9,12,False,E,
2026-09-20,2026-09-19,2026,118,202,67,88,.432,13.0,12.0,5,10,13,False,E,
2026-09-20,2026-09-19,2026,140,200,78,77,.503,-,-,1,,6,False,-,7
2026-09-20,2026-09-19,2026,117,200,77,78,.497,1.0,2.0,2,4,7,False,7,
2026-09-20,2026-09-19,2026,136,200,72,83,.465,6.0,7.0,3,8,11,False,2,
2026-09-20,2026-09-19,2026,133,200,61,94,.394,17.0,18.0,4,11,14,False,E,
2026-09-20,2026-09-19,2026,108,200,60,95,.387,18.0,19.0,5,12,15,False,E,
2026-09-20,2026-09-19,2026,144,204,91,64,.587,-,-,1,,3,True,-,-
2026-09-20,2026-09-19,2026,143,204,85,70,.548,6.0,-,2,3,6,False,1,
2026-09-20,2026-09-19,2026,146,204,76,79,.490,15.0,9.0,3,6,9,False,E,
2026-09-20,2026-09-19,2026,120,204,73,82,.471,18.0,12.0,4,8,11,False,E,
2026-09-20,2026-09-19,2026,121,204,71,84,.458,20.0,14.0,5,10,13,False,E,
2026-09-20,2026-09-19,2026,158,205,97,58,.626,-,-,1,,1,True,-,-
2026-09-20,2026-09-19,2026,112,205,86,69,.555,11.0,+1.0,2,1,4,False,E,
2026-09-20,2026-09-19,2026,134,205,78,77,.503,19.0,7.0,3,5,8,False,E,
2026-09-20,2026-09-19,2026,138,205,75,80,.484,22.0,10.0,4,7,10,False,E,
2026-09-20,2026-09-19,2026,113,205,72,83,.465,25.0,13.0,5,9,12,False,E,
2026-09-20,2026-09-19,2026,119,203,95,60,.613,-,-,1,,2,True,-,-
2026-09-20,2026-09-19,2026,135,203,86,69,.555,9.0,+1.0,2,2,5,False,E,
2026-09-20,2026-09-19,2026,109,203,81,74,.523,14.0,4.0,3,4,7,False,E,
2026-09-20,2026-09-19,2026,137,203,64,91,.413,31.0,21.0,4,11,14,False,E,
2026-09-20,2026-09-19,2026,115,203,57,98,.368,38.0,28.0,5,12,15,False,E,
2026-09-21,2026-09-20,2026,139,201,95,60,.613,-,-,1,,1,True,-,-
2026-09-21,2026-09-20,2026,147,201,89,66,.574,6.0,+9.5,2,1,2,True,2,
2026-09-21,2026-09-20,2026,111,201,84,72,.538,11.5,+4.0,3,2,3,True,E,
2026-09-21,2026-09-20,2026,141,201,77,79,.494,18.5,3.0,4,4,7,False,E,
2026-09-21,2026-09-20,2026,110,201,75,81,.481,20.5,5.0,5,6,9,False,E,
2026-09-21,2026-09-20,2026,114,202,81,75,.519,-,-,1,,4,False,-,6
2026-09-21,2026-09-20,2026,145,202,80,76,.513,1.0,-,2,3,5,False,6,
2026-09-21,2026-09-20,2026,142,202,73,83,.468,8.0,7.0,3,7,10,False,E,
2026-09-21,2026-09-20,2026,116,202,73,83,.468,8.0,7.0,4,8,11,False,E,
2026-09-21,2026-09-20,2026,118,202,67,89,.429,14.0,13.0,5,10,13,False,E,
2026-09-21,2026-09-20,2026,140,200,78,78,.500,-,-,1,,6,False,-,6
2026-09-21,2026-09-20,2026,117,200,77,79,.494,1.0,3.0,2,5,8,False,6,
2026-09-21,2026-09-20,2026,136,200,73,83,.468,5.0,7.0,3,9,12,False,2,
2026-09-21,2026-09-20,2026,133,200,61,95,.391,17.0,19.0,4,11,14,False,E,
2026-09-21,2026-09-20,2026,108,200,60,96,.385,18.0,20.0,5,12,15,False,E,
2026-09-21,2026-09-20,2026,144,204,92,64,.590,-,-,1,,3,True,-,-
2026-09-21,2026-09-20,2026,143,204,86,70,.551,6.0,-,2,3,6,False,E,
2026-09-21,2026-09-20,2026,146,204,76,80,.487,16.0,10.0,3,6,9,False,E,
2026-09-21,2026-09-20,2026,120,204,73,83,.468,19.0,13.0,4,8,11,False,E,
2026-09-21,2026-09-20,2026,121,204,71,85,.455,21.0,15.0,5,10,13,False,E,
2026-09-21,2026-09-20,2026,158,205,98,58,.628,-,-,1,,1,True,-,-
2026-09-21,2026-09-20,2026,112,205,87,69,.558,11.0,+1.0,2,1,4,False,E,
2026-09-21,2026-09-20,2026,134,205,79,77,.506,19.0,7.0,3,5,8,False,E,
2026-09-21,2026-09-20,2026,138,205,76,80,.487,22.0,10.0,4,7,10,False,E,
2026-09-21,2026-09-20,2026,113,205,72,84,.462,26.0,14.0,5,9,12,False,E,
2026-09-21,2026-09-20,2026,119,203,96,60,.615,-,-,1,,2,True,-,-
2026-09-21,2026-09-20,2026,135,203,87,69,.558,9.0,+1.0,2,2,5,False,E,
2026-09-21,2026-09-20,2026,109,203,82,74,.526,14.0,4.0,3,4,7,False,E,
2026-09-21,2026-09-20,2026,137,203,64,92,.410,32.0,22.0,4,11,14,False,E,
2026-09-21,2026-09-20,2026,115,203,57,99,.365,39.0,29.0,5,12,15,False,E,
2026-09-22,2026-09-21,2026,139,201,95,60,.613,-,-,1,,1,True,-,-
2026-09-22,2026-09-21,2026,147,201,89,66,.574,6.0,+9.5,2,1,2,True,2,
2026-09-22,2026-09-21,2026,111,201,84,72,.538,11.5,+4.0,3,2,3,True,E,
2026-09-22,2026-09-21,2026,141,201,77,80,.490,19.0,3.5,4,5,8,False,E,
2026-09-22,2026-09-21,2026,110,201,76,81,.484,20.0,4.5,5,6,9,False,E,
2026-09-22,2026-09-21,2026,114,202,81,75,.519,-,-,1,,4,False,-,6
2026-09-22,2026-09-21,2026,145,202,80,76,.513,1.0,-,2,3,5,False,6,
2026-09-22,2026-09-21,2026,116,202,74,83,.471,7.5,6.5,3,7,10,False,E,
2026-09-22,2026-09-21,2026,142,202,73,84,.465,8.5,7.5,4,9,12,False,E,
2026-09-22,2026-09-21,2026,118,202,67,89,.429,14.0,13.0,5,10,13,False,E,
2026-09-22,2026-09-21,2026,140,200,78,78,.500,-,-,1,,6,False,-,6
2026-09-22,2026-09-21,2026,117,200,77,79,.494,1.0,3.0,2,4,7,False,6,
2026-09-22,2026-09-21,2026,136,200,73,83,.468,5.0,7.0,3,8,11,False,2,
2026-09-22,2026-09-21,2026,133,200,61,95,.391,17.0,19.0,4,11,14,False,E,
2026-09-22,2026-09-21,2026,108,200,60,96,.385,18.0,20.0,5,12,15,False,E,
2026-09-22,2026-09-21,2026,144,204,92,64,.590,-,-,1,,3,True,-,-
2026-09-22,2026-09-21,2026,143,204,86,70,.551,6.0,-,2,3,6,False,E,
2026-09-22,2026-09-21,2026,146,204,76,80,.487,16.0,10.0,3,6,9,False,E,
2026-09-22,2026-09-21,2026,120,204,73,84,.465,19.5,13.5,4,8,11,False,E,
2026-09-22,2026-09-21,2026,121,204,71,85,.455,21.0,15.0,5,10,13,False,E,
2026-09-22,2026-09-21,2026,158,205,98,58,.628,-,-,1,,1,True,-,-
2026-09-22,2026-09-21,2026,112,205,87,69,.558,11.0,+1.0,2,1,4,False,E,
2026-09-22,2026-09-21,2026,134,205,79,77,.506,19.0,7.0,3,5,8,False,E,
2026-09-22,2026-09-21,2026,138,205,76,80,.487,22.0,10.0,4,7,10,False,E,
2026-09-22,2026-09-21,2026,113,205,72,84,.462,26.0,14.0,5,9,12,False,E,
2026-09-22,2026-09-21,2026,119,203,96,60,.615,-,-,1,,2,True,-,-
2026-09-22,2026-09-21,2026,135,203,87,69,.558,9.0,+1.0,2,2,5,False,E,
2026-09-22,2026-09-21,2026,109,203,82,74,.526,14.0,4.0,3,4,7,False,E,
2026-09-22,2026-09-21,2026,137,203,65,92,.414,31.5,21.5,4,11,14,False,E,
2026-09-22,2026-09-21,2026,115,203,57,99,.365,39.0,29.0,5,12,15,False,E,
2026-09-23,2026-09-22,2026,139,201,96,61,.611,-,-,1,,1,True,-,-
2026-09-23,2026-09-22,2026,147,201,90,67,.573,6.0,+9.0,2,1,2,True,E,
2026-09-23,2026-09-22,2026,111,201,84,73,.535,12.0,+3.0,3,2,3,True,E,
2026-09-23,2026-09-22,2026,141,201,77,80,.490,19.0,4.0,4,5,8,False,E,
2026-09-23,2026-09-22,2026,110,201,76,81,.484,20.0,5.0,5,6,9,False,E,
2026-09-23,2026-09-22,2026,114,202,82,75,.522,-,-,1,,4,False,-,5
2026-09-23,2026-09-22,2026,145,202,81,76,.516,1.0,-,2,3,5,False,5,
2026-09-23,2026-09-22,2026,142,202,74,84,.468,8.5,7.5,3,7,10,False,E,
2026-09-23,2026-09-22,2026,116,202,74,84,.468,8.5,7.5,4,8,11,False,E,
2026-09-23,2026-09-22,2026,118,202,67,90,.427,15.0,14.0,5,10,13,False,E,
2026-09-23,2026-09-22,2026,117,200,78,79,.497,-,-,1,,6,False,-,1
2026-09-23,2026-09-22,2026,140,200,78,79,.497,-,3.0,2,4,7,False,-,
2026-09-23,2026-09-22,2026,136,200,73,84,.465,5.0,8.0,3,9,12,False,1,
2026-09-23,2026-09-22,2026,133,200,62,95,.395,16.0,19.0,4,11,14,False,E,
2026-09-23,2026-09-22,2026,108,200,60,97,.382,18.0,21.0,5,12,15,False,E,
2026-09-23,2026-09-22,2026,144,204,92,65,.586,-,-,1,,3,True,-,-
2026-09-23,2026-09-22,2026,143,204,87,70,.554,5.0,-,2,2,5,False,E,
2026-09-23,2026-09-22,2026,146,204,77,80,.490,15.0,10.0,3,6,9,False,E,
2026-09-23,2026-09-22,2026,120,204,74,84,.468,18.5,13.5,4,8,11,False,E,
2026-09-23,2026-09-22,2026,121,204,72,85,.459,20.0,15.0,5,10,13,False,E,
2026-09-23,2026-09-22,2026,158,205,98,59,.624,-,-,1,,1,True,-,-
2026-09-23,2026-09-22,2026,112,205,87,70,.554,11.0,-,2,1,4,False,E,
2026-09-23,2026-09-22,2026,134,205,80,77,.510,18.0,7.0,3,5,8,False,E,
2026-09-23,2026-09-22,2026,138,205,76,81,.484,22.0,11.0,4,7,10,False,E,
2026-09-23,2026-09-22,2026,113,205,73,84,.465,25.0,14.0,5,9,12,False,E,
2026-09-23,2026-09-22,2026,119,203,97,60,.618,-,-,1,,2,True,-,-
2026-09-23,2026-09-22,2026,135,203,87,70,.554,10.0,-,2,3,6,False,E,
2026-09-23,2026-09-22,2026,109,203,83,74,.529,14.0,4.0,3,4,7,False,E,
2026-09-23,2026-09-22,2026,137,203,65,93,.411,32.5,22.5,4,11,14,False,E,
2026-09-23,2026-09-22,2026,115,203,57,100,.363,40.0,30.0,5,12,15,False,E,
2026-09-24,2026-09-23,2026,139,201,96,62,.608,-,-,1,,1,True,-,-
2026-09-24,2026-09-23,2026,147,201,91,67,.576,5.0,+10.0,2,1,2,True,E,
2026-09-24,2026-09-23,2026,111,201,85,73,.538,11.0,+4.0,3,2,3,True,E,
2026-09-24,2026-09-23,2026,110,201,78,81,.491,18.5,3.5,4,5,8,False,E,
2026-09-24,2026-09-23,2026,141,201,77,82,.484,19.5,4.5,5,6,9,False,E,
2026-09-24,2026-09-23,2026,114,202,82,76,.519,-,-,1,,4,False,-,4
2026-09-24,2026-09-23,2026,145,202,81,77,.513,1.0,-,2,3,5,False,4,
2026-09-24,2026-09-23,2026,142,202,75,84,.472,7.5,6.5,3,7,10,False,E,
2026-09-24,2026-09-23,2026,116,202,74,85,.465,8.5,7.5,4,9,12,False,E,
2026-09-24,2026-09-23,2026,118,202,68,90,.430,14.0,13.0,5,10,13,False,E,
2026-09-24,2026-09-23,2026,117,200,78,80,.494,-,-,1,,6,False,-,1
2026-09-24,2026-09-23,2026,140,200,78,80,.494,-,3.0,2,4,7,False,-,
2026-09-24,2026-09-23,2026,136,200,74,84,.468,4.0,7.0,3,8,11,False,1,
2026-09-24,2026-09-23,2026,133,200,63,95,.399,15.0,18.0,4,11,14,False,E,
2026-09-24,2026-09-23,2026,108,200,60,98,.380,18.0,21.0,5,12,15,False,E,
2026-09-24,2026-09-23,2026,144,204,93,65,.589,-,-,1,,3,True,-,-
2026-09-24,2026-09-23,2026,143,204,87,71,.551,6.0,-,2,3,6,False,E,
2026-09-24,2026-09-23,2026,146,204,78,80,.494,15.0,9.0,3,6,9,False,E,
2026-09-24,2026-09-23,2026,120,204,75,84,.472,18.5,12.5,4,8,11,False,E,
2026-09-24,2026-09-23,2026,121,204,73,85,.462,20.0,14.0,5,10,13,False,E,
2026-09-24,2026-09-23,2026,158,205,99,59,.627,-,-,1,,1,True,-,-
2026-09-24,2026-09-23,2026,112,205,87,71,.551,12.0,-,2,2,5,False,E,
2026-09-24,2026-09-23,2026,134,205,80,78,.506,19.0,7.0,3,5,8,False,E,
2026-09-24,2026-09-23,2026,138,205,77,81,.487,22.0,10.0,4,7,10,False,E,
2026-09-24,2026-09-23,2026,113,205,73,85,.462,26.0,14.0,5,9,12,False,E,
2026-09-24,2026-09-23,2026,119,203,97,61,.614,-,-,1,,2,True,-,-
2026-09-24,2026-09-23,2026,135,203,88,70,.557,9.0,+1.0,2,1,4,False,E,
2026-09-24,2026-09-23,2026,109,203,84,74,.532,13.0,3.0,3,4,7,False,E,
2026-09-24,2026-09-23,2026,137,203,65,94,.409,32.5,22.5,4,11,14,False,E,
2026-09-24,2026-09-23,2026,115,203,57,101,.361,40.0,30.0,5,12,15,False,E,
2026-09-25,2026-09-24,2026,139,201,96,63,.604,-,-,1,,1,True,-,-
2026-09-25,2026-09-24,2026,147,201,92,67,.579,4.0,+10.0,2,1,2,True,E,
2026-09-25,2026-09-24,2026,111,201,85,74,.535,11.0,+3.0,3,2,3,True,E,
2026-09-25,2026-09-24,2026,110,201,78,81,.491,18.0,4.0,4,5,8,False,E,
2026-09-25,2026-09-24,2026,141,201,77,82,.484,19.0,5.0,5,6,9,False,E,
2026-09-25,2026-09-24,2026,114,202,83,76,.522,-,-,1,,4,True,-,-
2026-09-25,2026-09-24,2026,145,202,82,77,.516,1.0,-,2,3,5,True,3,
2026-09-25,2026-09-24,2026,142,202,75,84,.472,8.0,7.0,3,7,10,False,E,
2026-09-25,2026-09-24,2026,116,202,74,85,.465,9.0,8.0,4,8,11,False,E,
2026-09-25,2026-09-24,2026,118,202,68,91,.428,15.0,14.0,5,10,13,False,E,
2026-09-25,2026-09-24,2026,117,200,79,80,.497,-,-,1,,6,False,-,
2026-09-25,2026-09-24,2026,140,200,79,80,.497,-,3.0,2,4,7,False,-,
2026-09-25,2026-09-24,2026,136,200,74,85,.465,5.0,8.0,3,9,12,False,E,
2026-09-25,2026-09-24,2026,133,200,63,96,.396,16.0,19.0,4,11,14,False,E,
2026-09-25,2026-09-24,2026,108,200,61,98,.384,18.0,21.0,5,12,15,False,E,
2026-09-25,2026-09-24,2026,144,204,93,66,.585,-,-,1,,3,True,-,-
2026-09-25,2026-09-24,2026,143,204,87,72,.547,6.0,-,2,3,6,False,E,
2026-09-25,2026-09-24,2026,146,204,78,81,.491,15.0,9.0,3,6,9,False,E,
2026-09-25,2026-09-24,2026,120,204,75,84,.472,18.0,12.0,4,8,11,False,E,
2026-09-25,2026-09-24,2026,121,204,73,86,.459,20.0,14.0,5,10,13,False,E,
2026-09-25,2026-09-24,2026,158,205,100,59,.629,-,-,1,,1,True,-,-
2026-09-25,2026-09-24,2026,112,205,88,71,.553,12.0,+1.0,2,2,5,True,E,
2026-09-25,2026-09-24,2026,134,205,81,78,.509,19.0,6.0,3,5,8,False,E,
2026-09-25,2026-09-24,2026,138,205,77,82,.484,23.0,10.0,4,7,10,False,E,
2026-09-25,2026-09-24,2026,113,205,74,85,.465,26.0,13.0,5,9,12,False,E,
2026-09-25,2026-09-24,2026,119,203,97,62,.610,-,-,1,,2,True,-,-
2026-09-25,2026-09-24,2026,135,203,89,70,.560,8.0,+2.0,2,1,4,True,E,
2026-09-25,2026-09-24,2026,109,203,85,74,.535,12.0,2.0,3,4,7,False,E,
2026-09-25,2026-09-24,2026,137,203,65,94,.409,32.0,22.0,4,11,14,False,E,
2026-09-25,2026-09-24,2026,115,203,57,102,.358,40.0,30.0,5,12,15,False,E,
2026-09-26,2026-09-25,2026,139,201,97,63,.606,-,-,1,,1,True,-,-
2026-09-26,2026-09-25,2026,147,201,93,68,.578,4.5,+9.5,2,1,2,True,E,
2026-09-26,2026-09-25,2026,111,201,87,74,.540,10.5,+3.5,3,2,3,True,E,
2026-09-26,2026-09-25,2026,110,201,79,82,.491,18.5,4.5,4,5,8,False,E,
2026-09-26,2026-09-25,2026,141,201,78,82,.488,19.0,5.0,5,6,9,False,E,
2026-09-26,2026-09-25,2026,114,202,84,76,.525,-,-,1,,4,True,-,-
2026-09-26,2026-09-25,2026,145,202,83,77,.519,1.0,-,2,3,5,True,2,
2026-09-26,2026-09-25,2026,142,202,76,84,.475,8.0,7.0,3,7,10,False,E,
2026-09-26,2026-09-25,2026,116,202,75,85,.469,9.0,8.0,4,8,11,False,E,
2026-09-26,2026-09-25,2026,118,202,68,92,.425,16.0,15.0,5,10,13,False,E,
2026-09-26,2026-09-25,2026,117,200,79,81,.494,-,-,1,,6,False,-,
2026-09-26,2026-09-25,2026,140,200,79,81,.494,-,4.0,2,4,7,False,-,
2026-09-26,2026-09-25,2026,136,200,74,86,.463,5.0,9.0,3,9,12,False,E,
2026-09-26,2026-09-25,2026,133,200,64,96,.400,15.0,19.0,4,11,14,False,E,
2026-09-26,2026-09-25,2026,108,200,62,98,.388,17.0,21.0,5,12,15,False,E,
2026-09-26,2026-09-25,2026,144,204,93,67,.581,-,-,1,,3,True,-,-
2026-09-26,2026-09-25,2026,143,204,87,73,.544,6.0,-,2,3,6,False,E,
2026-09-26,2026-09-25,2026,146,204,79,81,.494,14.0,8.0,3,6,9,False,E,
2026-09-26,2026-09-25,2026,120,204,76,84,.475,17.0,11.0,4,8,11,False,E,
2026-09-26,2026-09-25,2026,121,204,73,87,.456,20.0,14.0,5,10,13,False,E,
2026-09-26,2026-09-25,2026,158,205,101,59,.631,-,-,1,,1,True,-,-
2026-09-26,2026-09-25,2026,112,205,88,73,.547,13.5,+0.5,2,2,5,True,E,
2026-09-26,2026-09-25,2026,134,205,81,79,.506,20.0,6.0,3,5,8,False,E,
2026-09-26,2026-09-25,2026,138,205,77,83,.481,24.0,10.0,4,7,10,False,E,
2026-09-26,2026-09-25,2026,113,205,74,86,.463,27.0,13.0,5,9,12,False,E,
2026-09-26,2026-09-25,2026,119,203,98,62,.613,-,-,1,,2,True,-,-
2026-09-26,2026-09-25,2026,135,203,89,71,.556,9.0,+2.0,2,1,4,True,E,
2026-09-26,2026-09-25,2026,109,203,86,74,.538,12.0,1.0,3,4,7,False,E,
2026-09-26,2026-09-25,2026,137,203,65,95,.406,33.0,22.0,4,11,14,False,E,
2026-09-26,2026-09-25,2026,115,203,57,103,.356,41.0,30.0,5,12,15,False,E,
2026-09-27,2026-09-26,2026,139,201,98,63,.609,-,-,1,,1,True,-,-
2026-09-27,2026-09-26,2026,147,201,93,68,.578,5.0,+10.0,2,1,2,True,E,
2026-09-27,2026-09-26,2026,111,201,87,74,.540,11.0,+4.0,3,2,3,True,E,
2026-09-27,2026-09-26,2026,110,201,79,82,.491,19.0,4.0,4,5,8,False,E,
2026-09-27,2026-09-26,2026,141,201,78,83,.484,20.0,5.0,5,6,9,False,E,
2026-09-27,2026-09-26,2026,114,202,85,76,.528,-,-,1,,4,True,-,-
2026-09-27,2026-09-26,2026,145,202,83,78,.516,2.0,-,2,3,5,True,E,
2026-09-27,2026-09-26,2026,142,202,76,85,.472,9.0,7.0,3,7,10,False,E,
2026-09-27,2026-09-26,2026,116,202,76,85,.472,9.0,7.0,4,8,11,False,E,
2026-09-27,2026-09-26,2026,118,202,68,93,.422,17.0,15.0,5,10,13,False,E,
2026-09-27,2026-09-26,2026,117,200,80,81,.497,-,-,1,,6,False,-,
2026-09-27,2026-09-26,2026,140,200,80,81,.497,-,3.0,2,4,7,False,-,
2026-09-27,2026-09-26,2026,136,200,75,86,.466,5.0,8.0,3,9,12,False,E,
2026-09-27,2026-09-26,2026,133,200,64,97,.398,16.0,19.0,4,11,14,False,E,
2026-09-27,2026-09-26,2026,108,200,62,99,.385,18.0,21.0,5,12,15,False,E,
2026-09-27,2026-09-26,2026,144,204,94,67,.584,-,-,1,,3,True,-,-
2026-09-27,2026-09-26,2026,143,204,87,74,.540,7.0,-,2,3,6,False,E,
2026-09-27,2026-09-26,2026,146,204,79,82,.491,15.0,8.0,3,6,9,False,E,
2026-09-27,2026-09-26,2026,120,204,76,85,.472,18.0,11.0,4,8,11,False,E,
2026-09-27,2026-09-26,2026,121,204,74,87,.460,20.0,13.0,5,10,13,False,E,
2026-09-27,2026-09-26,2026,158,205,102,59,.634,-,-,1,,1,True,-,-
2026-09-27,2026-09-26,2026,112,205,88,73,.547,14.0,+1.0,2,2,5,True,E,
2026-09-27,2026-09-26,2026,134,205,81,80,.503,21.0,6.0,3,5,8,False,E,
2026-09-27,2026-09-26,2026,138,205,77,84,.478,25.0,10.0,4,7,10,False,E,
2026-09-27,2026-09-26,2026,113,205,75,86,.466,27.0,12.0,5,9,12,False,E,
2026-09-27,2026-09-26,2026,119,203,99,62,.615,-,-,1,,2,True,-,-
2026-09-27,2026-09-26,2026,135,203,90,71,.559,9.0,+3.0,2,1,4,True,E,
2026-09-27,2026-09-26,2026,109,203,86,75,.534,13.0,1.0,3,4,7,False,E,
2026-09-27,2026-09-26,2026,137,203,65,96,.404,34.0,22.0,4,11,14,False,E,
2026-09-27,2026-09-26,2026,115,203,58,103,.360,41.0,29.0,5,12,15,False,E,
