season,gid,date,half,i1_pa,i1_runs,i1_pitches,i2_start_slot,same_pitcher_i2,i2_pa,i2_runs,i2_pitches
2021,ANA202104010,20210401,top,4,0,17,5,1,4,1,15
2021,ANA202104010,20210401,bottom,3,0,17,4,1,3,0,15
2021,CHN202104010,20210401,top,5,2,18,6,1,6,1,24
2021,CHN202104010,20210401,bottom,6,1,32,7,1,4,0,15
2021,CIN202104010,20210401,top,9,6,19,1,1,4,1,15
2021,CIN202104010,20210401,bottom,4,1,15,5,1,3,0,17
2021,COL202104010,20210401,top,5,0,23,6,1,5,0,17
2021,COL202104010,20210401,bottom,3,0,11,4,1,3,0,9
2021,DET202104010,20210401,top,4,0,11,5,1,3,0,14
2021,DET202104010,20210401,bottom,6,2,19,7,1,6,1,20
2021,KCA202104010,20210401,top,10,5,37,2,1,7,1,29
2021,KCA202104010,20210401,bottom,10,5,41,2,0,5,0,14
2021,MIA202104010,20210401,top,6,0,19,7,1,3,0,9
2021,MIA202104010,20210401,bottom,4,0,20,5,1,3,0,12
2021,MIL202104010,20210401,top,5,0,23,6,1,4,0,10
2021,MIL202104010,20210401,bottom,3,0,12,4,1,5,0,13
2021,NYA202104010,20210401,top,3,0,12,4,1,6,1,26
2021,NYA202104010,20210401,bottom,3,0,15,4,1,5,2,24
2021,OAK202104010,20210401,top,3,0,7,4,1,3,0,19
2021,OAK202104010,20210401,bottom,3,0,17,4,1,3,0,9
2021,PHI202104010,20210401,top,3,0,9,4,1,4,0,13
2021,PHI202104010,20210401,bottom,6,1,19,7,1,3,0,11
2021,SDN202104010,20210401,top,6,1,22,7,1,4,0,21
2021,SDN202104010,20210401,bottom,3,0,8,4,1,8,2,32
2021,SEA202104010,20210401,top,3,0,13,4,1,5,2,12
2021,SEA202104010,20210401,bottom,3,0,13,4,1,3,0,5
2021,ANA202104020,20210402,top,3,0,10,4,1,3,0,13
2021,ANA202104020,20210402,bottom,4,1,14,5,1,4,0,15
2021,BOS202104020,20210402,top,3,0,11,4,1,5,0,28
2021,BOS202104020,20210402,bottom,3,0,13,4,1,4,0,18
2021,COL202104020,20210402,top,7,2,17,8,1,6,2,22
2021,COL202104020,20210402,bottom,3,0,12,4,1,4,0,12
2021,MIA202104020,20210402,top,5,0,21,6,1,4,0,20
2021,MIA202104020,20210402,bottom,3,0,13,4,1,3,0,10
2021,OAK202104020,20210402,top,4,0,13,5,1,5,0,23
2021,OAK202104020,20210402,bottom,3,0,16,4,1,3,0,9
2021,SDN202104020,20210402,top,3,0,14,4,1,5,0,16
2021,SDN202104020,20210402,bottom,3,0,16,4,1,6,1,23
2021,SEA202104020,20210402,top,3,0,13,4,1,3,0,14
2021,SEA202104020,20210402,bottom,4,0,13,5,1,5,1,29
2021,ANA202104030,20210403,top,3,0,14,4,1,4,1,21
2021,ANA202104030,20210403,bottom,5,0,28,6,1,4,0,19
2021,BOS202104030,20210403,top,4,0,12,5,1,3,0,14
2021,BOS202104030,20210403,bottom,4,0,20,5,1,4,0,17
2021,CHN202104030,20210403,top,6,1,25,7,1,3,0,9
2021,CHN202104030,20210403,bottom,3,0,13,4,1,6,2,21
2021,CIN202104030,20210403,top,3,0,15,4,1,4,1,18
2021,CIN202104030,20210403,bottom,3,0,10,4,1,3,0,15
2021,COL202104030,20210403,top,5,0,21,6,1,3,0,15
2021,COL202104030,20210403,bottom,3,0,14,4,1,4,0,12
2021,DET202104030,20210403,top,3,0,9,4,1,4,1,15
2021,DET202104030,20210403,bottom,5,2,24,6,1,4,0,18
2021,KCA202104030,20210403,top,5,2,23,6,1,3,0,11
2021,KCA202104030,20210403,bottom,3,0,17,4,1,3,0,11
2021,MIA202104030,20210403,top,3,0,13,4,1,5,2,14
2021,MIA202104030,20210403,bottom,5,1,24,6,1,5,1,20
2021,MIL202104030,20210403,top,3,0,14,4,1,3,0,16
2021,MIL202104030,20210403,bottom,3,0,10,4,1,3,0,12
2021,NYA202104030,20210403,top,4,0,12,5,1,3,0,13
2021,NYA202104030,20210403,bottom,5,0,17,6,1,6,1,18
2021,OAK202104030,20210403,top,5,1,18,6,1,7,1,28
2021,OAK202104030,20210403,bottom,6,1,33,7,1,3,0,12
2021,PHI202104030,20210403,top,3,0,14,4,1,4,0,18
2021,PHI202104030,20210403,bottom,3,0,6,4,1,4,0,15
2021,SDN202104030,20210403,top,4,0,15,5,1,3,0,11
2021,SDN202104030,20210403,bottom,8,2,37,9,1,6,2,26
2021,SEA202104030,20210403,top,3,0,14,4,1,3,0,18
2021,SEA202104030,20210403,bottom,5,0,23,6,1,3,0,10
2021,ANA202104040,20210404,top,4,0,20,5,1,3,0,11
2021,ANA202104040,20210404,bottom,7,2,30,8,1,4,0,17
2021,BOS202104040,20210404,top,7,3,31,8,1,5,0,17
2021,BOS202104040,20210404,bottom,3,0,10,4,1,3,0,10
2021,CHN202104040,20210404,top,3,0,9,4,1,4,0,11
2021,CHN202104040,20210404,bottom,6,2,31,7,1,3,0,19
2021,CIN202104040,20210404,top,4,0,20,5,1,3,0,14
2021,CIN202104040,20210404,bottom,3,0,14,4,1,3,0,12
2021,COL202104040,20210404,top,7,3,33,8,1,4,0,12
2021,COL202104040,20210404,bottom,3,0,12,4,1,3,0,7
2021,DET202104040,20210404,top,5,1,17,6,1,4,0,21
2021,DET202104040,20210404,bottom,5,2,16,6,1,3,0,17
2021,KCA202104040,20210404,top,5,0,19,6,1,3,0,12
2021,KCA202104040,20210404,bottom,4,0,9,5,1,4,0,17
2021,MIL202104040,20210404,top,5,1,17,6,1,3,0,14
2021,MIL202104040,20210404,bottom,3,0,12,4,1,5,1,13
2021,NYA202104040,20210404,top,4,0,12,5,1,7,3,34
2021,NYA202104040,20210404,bottom,3,0,10,4,1,4,0,20
2021,OAK202104040,20210404,top,4,1,14,5,1,5,2,24
2021,OAK202104040,20210404,bottom,7,1,28,8,1,3,0,16
2021,PHI202104040,20210404,top,4,0,23,5,1,4,0,9
2021,PHI202104040,20210404,bottom,5,0,27,6,1,4,1,19
2021,SDN202104040,20210404,top,6,2,28,7,1,3,0,11
2021,SDN202104040,20210404,bottom,3,0,5,4,1,6,0,20
2021,ANA202104050,20210405,top,8,3,29,9,1,4,0,23
2021,ANA202104050,20210405,bottom,4,0,19,5,1,3,0,11
2021,BOS202104050,20210405,top,5,0,29,6,1,3,0,13
2021,BOS202104050,20210405,bottom,5,0,17,6,1,5,1,12
2021,CHN202104050,20210405,top,3,0,16,4,1,3,0,7
2021,CHN202104050,20210405,bottom,3,0,10,4,1,3,0,11
2021,CIN202104050,20210405,top,5,2,14,6,1,3,0,14
2021,CIN202104050,20210405,bottom,4,0,17,5,1,6,1,23
2021,CLE202104050,20210405,top,6,0,24,7,1,6,2,24
2021,CLE202104050,20210405,bottom,3,0,16,4,1,4,0,14
2021,DET202104050,20210405,top,5,1,26,6,1,8,5,40
2021,DET202104050,20210405,bottom,3,0,9,4,1,3,0,12
2021,MIA202104050,20210405,top,8,3,38,9,1,3,0,9
2021,MIA202104050,20210405,bottom,4,0,15,5,1,4,0,26
2021,NYA202104050,20210405,top,3,0,12,4,1,3,0,10
2021,NYA202104050,20210405,bottom,4,0,15,5,1,3,0,11
2021,OAK202104050,20210405,top,4,0,25,5,1,8,4,36
2021,OAK202104050,20210405,bottom,5,0,18,6,1,5,0,21
2021,PHI202104050,20210405,top,3,0,12,4,1,3,0,12
2021,PHI202104050,20210405,bottom,4,0,16,5,1,3,0,11
2021,SDN202104050,20210405,top,4,0,12,5,1,5,1,19
2021,SDN202104050,20210405,bottom,4,0,13,5,1,5,1,17
2021,SEA202104050,20210405,top,5,0,19,6,1,4,1,11
2021,SEA202104050,20210405,bottom,5,0,26,6,1,3,0,9
2021,TEX202104050,20210405,top,6,1,35,7,1,6,3,29
2021,TEX202104050,20210405,bottom,3,0,19,4,1,3,0,13
2021,ANA202104060,20210406,top,4,0,17,5,1,5,2,21
2021,ANA202104060,20210406,bottom,6,2,24,7,1,4,0,12
2021,BOS202104060,20210406,top,4,0,11,5,1,3,0,15
2021,BOS202104060,20210406,bottom,4,1,21,5,1,3,0,11
2021,CHN202104060,20210406,top,6,3,22,7,1,4,0,13
2021,CHN202104060,20210406,bottom,3,0,12,4,1,5,0,27
2021,CIN202104060,20210406,top,3,0,15,4,1,4,0,13
2021,CIN202104060,20210406,bottom,4,1,16,5,1,7,4,26
2021,COL202104060,20210406,top,3,0,8,4,1,4,0,12
2021,COL202104060,20210406,bottom,4,0,20,5,1,5,2,16
2021,DET202104060,20210406,top,4,0,16,5,1,5,0,21
2021,DET202104060,20210406,bottom,4,0,22,5,1,4,0,19
2021,MIA202104060,20210406,top,4,0,19,5,1,3,0,12
2021,MIA202104060,20210406,bottom,6,1,26,7,1,3,0,12
2021,NYA202104060,20210406,top,4,0,16,5,1,4,0,18
2021,NYA202104060,20210406,bottom,6,0,24,7,1,4,1,19
2021,OAK202104060,20210406,top,5,0,15,6,1,6,1,20
2021,OAK202104060,20210406,bottom,5,1,22,6,1,3,0,10
2021,PHI202104060,20210406,top,3,0,15,4,1,5,0,20
2021,PHI202104060,20210406,bottom,3,0,11,4,1,6,0,15
2021,SDN202104060,20210406,top,3,0,9,4,1,3,0,18
2021,SDN202104060,20210406,bottom,4,0,17,5,1,4,0,14
2021,SEA202104060,20210406,top,3,0,9,4,1,6,3,33
2021,SEA202104060,20210406,bottom,3,0,11,4,1,3,0,12
2021,TEX202104060,20210406,top,5,1,15,6,1,4,0,22
2021,TEX202104060,20210406,bottom,5,2,19,6,1,4,1,18
2021,WAS202104060,20210406,top,5,2,18,6,1,4,1,14
2021,WAS202104060,20210406,bottom,3,0,14,4,1,5,2,16
2021,BOS202104070,20210407,top,3,0,12,4,1,3,0,13
2021,BOS202104070,20210407,bottom,3,0,11,4,1,3,0,10
2021,CHN202104070,20210407,top,5,0,16,6,1,3,0,12
2021,CHN202104070,20210407,bottom,3,0,11,4,1,3,0,7
2021,CIN202104070,20210407,top,3,0,13,4,1,3,0,11
2021,CIN202104070,20210407,bottom,8,5,26,9,1,3,0,13
2021,CLE202104070,20210407,top,5,0,20,6,1,3,0,11
2021,CLE202104070,20210407,bottom,3,0,10,4,1,4,0,10
2021,COL202104070,20210407,top,3,0,9,4,1,3,0,14
2021,COL202104070,20210407,bottom,5,1,19,6,1,4,0,13
2021,DET202104070,20210407,top,4,0,18,5,1,3,0,5
2021,DET202104070,20210407,bottom,4,0,7,5,1,5,1,21
2021,MIA202104070,20210407,top,3,0,15,4,1,4,0,17
2021,MIA202104070,20210407,bottom,5,0,25,6,1,3,0,15
2021,NYA202104070,20210407,top,3,0,13,4,1,3,0,16
2021,NYA202104070,20210407,bottom,5,0,23,6,1,3,0,12
2021,OAK202104070,20210407,top,7,1,35,8,1,5,0,19
2021,OAK202104070,20210407,bottom,3,0,16,4,1,5,0,22
2021,PHI202104070,20210407,top,4,0,16,5,1,5,0,21
2021,PHI202104070,20210407,bottom,8,4,38,9,1,4,0,13
2021,SDN202104070,20210407,top,3,0,12,4,1,5,2,19
2021,SDN202104070,20210407,bottom,3,0,16,4,1,4,0,13
2021,SEA202104070,20210407,top,5,0,23,6,1,5,0,24
2021,SEA202104070,20210407,bottom,5,0,23,6,1,4,0,20
2021,TEX202104070,20210407,top,3,0,10,4,1,4,0,14
2021,TEX202104070,20210407,bottom,3,0,15,4,1,7,2,15
2021,WAS202104071,20210407,top,6,1,16,7,1,9,5,31
2021,WAS202104071,20210407,bottom,9,4,32,1,1,6,1,17
2021,WAS202104072,20210407,top,4,0,14,5,1,3,0,9
2021,WAS202104072,20210407,bottom,4,0,12,5,1,3,0,12
2021,BAL202104080,20210408,top,7,2,25,8,1,3,0,8
2021,BAL202104080,20210408,bottom,7,2,26,8,1,3,0,12
2021,CHA202104080,20210408,top,3,0,14,4,1,3,0,10
2021,CHA202104080,20210408,bottom,6,3,25,7,1,6,1,23
2021,COL202104080,20210408,top,3,0,14,4,1,4,0,15
2021,COL202104080,20210408,bottom,8,3,22,9,1,5,1,16
2021,HOU202104080,20210408,top,3,0,16,4,1,3,0,11
2021,HOU202104080,20210408,bottom,4,0,13,5,1,4,1,14
2021,MIN202104080,20210408,top,3,0,14,4,1,3,0,14
2021,MIN202104080,20210408,bottom,5,0,15,6,1,4,0,21
2021,NYN202104080,20210408,top,3,0,16,4,1,3,0,7
2021,NYN202104080,20210408,bottom,5,0,24,6,1,3,0,18
2021,PIT202104080,20210408,top,5,1,16,6,1,4,0,13
2021,PIT202104080,20210408,bottom,3,0,11,4,1,6,0,27
2021,SLN202104080,20210408,top,6,0,25,7,1,4,0,13
2021,SLN202104080,20210408,bottom,4,0,24,5,1,3,0,13
2021,TOR202104080,20210408,top,5,1,15,6,1,6,2,18
2021,TOR202104080,20210408,bottom,6,3,22,7,1,3,0,14
2021,ARI202104090,20210409,top,4,0,11,5,1,3,0,14
2021,ARI202104090,20210409,bottom,5,0,32,6,1,4,0,23
2021,ATL202104090,20210409,top,3,0,14,4,1,3,0,8
2021,ATL202104090,20210409,bottom,4,0,21,5,1,4,0,16
2021,CLE202104090,20210409,top,4,0,11,5,1,3,0,11
2021,CLE202104090,20210409,bottom,6,3,21,7,1,5,0,18
2021,HOU202104090,20210409,top,3,0,11,4,1,4,0,12
2021,HOU202104090,20210409,bottom,3,0,13,4,1,4,0,12
2021,LAN202104090,20210409,top,3,0,19,4,1,3,0,13
2021,LAN202104090,20210409,bottom,4,0,15,5,1,3,0,11
2021,SFN202104090,20210409,top,3,0,12,4,1,3,0,11
2021,SFN202104090,20210409,bottom,3,0,11,4,1,4,0,19
2021,TBA202104090,20210409,top,3,0,14,4,1,3,0,8
2021,TBA202104090,20210409,bottom,3,0,10,4,1,6,2,18
2021,TEX202104090,20210409,top,3,0,11,4,1,5,2,22
2021,TEX202104090,20210409,bottom,3,0,15,4,1,3,0,8
2021,TOR202104090,20210409,top,4,0,20,5,0,8,4,36
2021,TOR202104090,20210409,bottom,5,0,22,6,1,4,0,19
2021,ARI202104100,20210410,top,3,0,12,4,1,6,2,21
2021,ARI202104100,20210410,bottom,3,0,7,4,1,5,0,24
2021,ATL202104100,20210410,top,7,2,30,8,1,3,0,9
2021,ATL202104100,20210410,bottom,7,3,22,8,1,3,0,7
2021,BAL202104100,20210410,top,5,2,23,6,1,3,0,12
2021,BAL202104100,20210410,bottom,5,2,12,6,1,4,0,19
2021,CLE202104100,20210410,top,3,0,13,4,1,3,0,11
2021,CLE202104100,20210410,bottom,5,0,18,6,1,5,2,18
2021,HOU202104100,20210410,top,3,0,16,4,1,3,0,11
2021,HOU202104100,20210410,bottom,4,0,18,5,1,3,0,10
2021,LAN202104100,20210410,top,5,1,22,6,1,5,0,18
2021,LAN202104100,20210410,bottom,3,0,12,4,1,8,5,32
2021,MIN202104100,20210410,top,3,0,14,4,1,3,0,12
2021,MIN202104100,20210410,bottom,5,0,17,6,1,4,0,23
2021,NYN202104100,20210410,top,3,0,9,4,1,4,1,15
2021,NYN202104100,20210410,bottom,4,0,12,5,1,3,0,9
2021,PIT202104100,20210410,top,5,1,17,6,1,4,0,17
2021,PIT202104100,20210410,bottom,3,0,9,4,1,12,7,44
2021,SFN202104100,20210410,top,4,0,21,5,1,4,0,13
2021,SFN202104100,20210410,bottom,5,0,28,6,1,4,0,15
2021,SLN202104100,20210410,top,7,1,29,8,1,4,0,17
2021,SLN202104100,20210410,bottom,4,0,14,5,1,5,0,17
2021,TBA202104100,20210410,top,4,0,19,5,1,4,0,10
2021,TBA202104100,20210410,bottom,5,1,21,6,1,6,2,18
2021,TEX202104100,20210410,top,4,0,19,5,1,3,0,17
2021,TEX202104100,20210410,bottom,4,0,13,5,1,7,3,30
2021,TOR202104100,20210410,top,5,0,18,6,1,3,0,15
2021,TOR202104100,20210410,bottom,5,0,21,6,1,11,7,44
2021,ARI202104110,20210411,top,3,0,17,4,1,3,0,10
2021,ARI202104110,20210411,bottom,4,0,10,5,1,5,1,18
2021,ATL202104110,20210411,top,3,0,8,4,1,4,1,20
2021,ATL202104110,20210411,bottom,8,3,25,9,1,4,0,9
2021,BAL202104110,20210411,top,5,0,20,6,1,3,0,10
2021,BAL202104110,20210411,bottom,4,0,18,5,1,3,0,10
2021,CHA202104110,20210411,top,4,0,14,5,1,3,0,19
2021,CHA202104110,20210411,bottom,4,0,9,5,1,6,0,34
2021,CLE202104110,20210411,top,7,1,33,8,1,3,0,18
2021,CLE202104110,20210411,bottom,3,0,11,4,1,6,1,34
2021,LAN202104110,20210411,top,4,0,11,5,1,4,0,16
2021,LAN202104110,20210411,bottom,3,0,7,4,1,5,1,24
2021,MIN202104110,20210411,top,5,0,22,6,1,3,0,14
2021,MIN202104110,20210411,bottom,6,1,11,7,1,3,0,16
2021,NYN202104110,20210411,top,5,0,19,6,0,6,2,26
2021,NYN202104110,20210831,bottom,5,0,22,6,0,4,0,12
2021,PIT202104110,20210411,top,4,0,14,5,1,4,1,17
2021,PIT202104110,20210411,bottom,5,0,17,6,1,8,3,26
2021,SFN202104110,20210411,top,4,0,15,5,1,4,0,19
2021,SFN202104110,20210411,bottom,6,2,36,7,1,4,0,8
2021,SLN202104110,20210411,top,10,4,34,2,1,7,3,31
2021,SLN202104110,20210411,bottom,4,0,20,5,1,6,1,29
2021,TBA202104110,20210411,top,3,0,9,4,1,3,0,12
2021,TBA202104110,20210411,bottom,4,0,9,5,1,5,2,20
2021,TEX202104110,20210411,top,3,0,8,4,1,3,0,9
2021,TEX202104110,20210411,bottom,4,0,24,5,0,4,0,12
2021,ARI202104120,20210412,top,4,1,23,5,1,5,0,16
2021,ARI202104120,20210412,bottom,4,0,21,5,1,3,0,13
2021,ATL202104120,20210412,top,4,0,16,5,1,4,1,16
2021,ATL202104120,20210412,bottom,5,1,25,6,1,4,0,11
2021,CHA202104120,20210412,top,3,0,7,4,1,5,2,14
2021,CHA202104120,20210412,bottom,3,0,19,4,1,3,0,11
2021,HOU202104120,20210412,top,6,0,27,7,1,7,2,25
2021,HOU202104120,20210412,bottom,5,0,17,6,1,5,0,20
2021,KCA202104120,20210412,top,3,0,15,4,1,5,2,16
2021,KCA202104120,20210412,bottom,4,0,14,5,1,3,0,17
2021,MIL202104120,20210412,top,4,0,17,5,1,4,0,20
2021,MIL202104120,20210412,bottom,3,0,8,4,1,3,0,9
2021,PIT202104120,20210412,top,6,1,25,7,1,3,0,10
2021,PIT202104120,20210412,bottom,3,0,10,4,1,4,0,14
2021,SFN202104120,20210412,top,3,0,11,4,1,3,0,8
2021,SFN202104120,20210412,bottom,3,0,13,4,1,4,0,13
2021,SLN202104120,20210412,top,4,1,8,5,1,3,0,9
2021,SLN202104120,20210412,bottom,3,0,15,4,1,3,0,15
2021,TBA202104120,20210412,top,3,0,16,4,1,3,0,12
2021,TBA202104120,20210412,bottom,5,0,21,6,1,4,0,17
2021,TOR202104120,20210412,top,3,0,17,4,1,4,0,21
2021,TOR202104120,20210412,bottom,5,1,18,6,1,5,0,25
2021,ARI202104130,20210413,top,5,0,22,6,1,4,0,16
2021,ARI202104130,20210413,bottom,3,0,13,4,1,7,3,20
2021,ATL202104130,20210413,top,5,0,19,6,1,8,3,30
2021,ATL202104130,20210413,bottom,6,3,22,7,1,3,0,10
2021,CHA202104130,20210413,top,3,0,14,4,1,4,0,14
2021,CHA202104130,20210413,bottom,4,0,15,5,1,3,0,7
2021,HOU202104130,20210413,top,3,0,13,4,1,4,0,14
2021,HOU202104130,20210413,bottom,4,0,9,5,1,6,1,24
2021,KCA202104130,20210413,top,5,0,18,6,1,5,0,10
2021,KCA202104130,20210413,bottom,6,1,27,7,1,3,0,9
2021,LAN202104130,20210413,top,3,0,9,4,1,5,0,28
2021,LAN202104130,20210413,bottom,6,2,22,7,1,3,0,11
2021,MIL202104130,20210413,top,4,0,17,5,1,3,0,11
2021,MIL202104130,20210413,bottom,3,0,9,4,1,5,2,12
2021,MIN202104130,20210413,top,3,0,22,4,1,4,0,22
2021,MIN202104130,20210413,bottom,7,2,25,8,1,4,0,16
2021,PIT202104130,20210413,top,8,2,37,9,1,6,1,24
2021,PIT202104130,20210413,bottom,9,3,40,1,0,6,2,22
2021,SFN202104130,20210413,top,7,4,20,8,1,5,1,19
2021,SFN202104130,20210413,bottom,7,4,27,8,1,4,0,17
2021,SLN202104130,20210413,top,3,0,17,4,1,5,0,30
2021,SLN202104130,20210413,bottom,4,1,17,5,1,5,0,14
2021,TBA202104130,20210413,top,6,1,16,7,1,3,0,8
2021,TBA202104130,20210413,bottom,6,2,20,7,1,3,0,12
2021,TOR202104130,20210413,top,3,0,12,4,1,3,0,11
2021,TOR202104130,20210413,bottom,3,0,8,4,1,7,2,34
2021,BAL202104131,20210413,top,5,1,18,6,1,6,2,23
2021,BAL202104131,20210413,bottom,3,0,9,4,1,3,0,11
2021,NYN202104131,20210413,top,3,0,16,4,1,5,1,22
2021,NYN202104131,20210413,bottom,6,2,23,7,1,4,0,18
2021,BAL202104132,20210413,top,3,0,8,4,1,4,0,16
2021,BAL202104132,20210413,bottom,4,0,10,5,1,4,0,19
2021,NYN202104132,20210413,top,3,0,15,4,1,3,0,16
2021,NYN202104132,20210413,bottom,4,0,22,5,1,3,0,11
2021,ATL202104140,20210414,top,3,0,10,4,1,6,1,23
2021,ATL202104140,20210414,bottom,3,0,12,4,1,3,0,15
2021,CHA202104140,20210414,top,3,0,12,4,1,3,0,13
2021,CHA202104140,20210414,bottom,11,6,29,3,0,4,0,22
2021,HOU202104140,20210414,top,4,0,22,5,1,7,3,34
2021,HOU202104140,20210414,bottom,3,0,16,4,1,3,0,7
2021,KCA202104140,20210414,top,4,0,16,5,1,3,0,8
2021,KCA202104140,20210414,bottom,6,0,22,7,1,4,0,15
2021,LAN202104140,20210414,top,3,0,6,4,1,4,0,12
2021,LAN202104140,20210414,bottom,6,2,36,7,1,5,0,19
2021,MIL202104140,20210414,top,3,0,8,4,1,5,0,16
2021,MIL202104140,20210414,bottom,6,2,22,7,1,3,0,16
2021,NYN202104140,20210414,top,3,0,15,4,1,4,0,16
2021,NYN202104140,20210414,bottom,7,2,29,8,1,4,0,17
2021,PIT202104140,20210414,top,3,0,7,4,1,5,0,22
2021,PIT202104140,20210414,bottom,4,0,22,5,1,5,1,18
2021,SFN202104140,20210414,top,4,0,8,5,1,3,0,13
2021,SFN202104140,20210414,bottom,3,0,15,4,1,3,0,9
2021,SLN202104140,20210414,top,3,0,13,4,1,6,0,18
2021,SLN202104140,20210414,bottom,5,0,19,6,1,3,0,9
2021,TBA202104140,20210414,top,4,0,11,5,1,5,1,29
2021,TBA202104140,20210414,bottom,3,0,16,4,1,5,0,17
2021,TOR202104140,20210414,top,4,1,13,5,1,3,0,14
2021,TOR202104140,20210414,bottom,5,0,23,6,1,5,2,21
2021,MIN202104141,20210414,top,5,0,22,6,1,8,3,31
2021,MIN202104141,20210414,bottom,4,0,17,5,1,3,0,17
2021,MIN202104142,20210414,top,3,0,15,4,1,3,0,9
2021,MIN202104142,20210414,bottom,6,1,22,7,1,3,0,12
2021,ATL202104150,20210415,top,4,0,21,5,1,8,2,26
2021,ATL202104150,20210415,bottom,3,0,16,4,1,5,0,15
2021,CHA202104150,20210415,top,3,0,10,4,1,3,0,12
2021,CHA202104150,20210415,bottom,5,1,19,6,1,5,0,21
2021,KCA202104150,20210415,top,3,0,11,4,1,4,0,12
2021,KCA202104150,20210415,bottom,4,1,17,5,1,3,0,16
2021,LAN202104150,20210415,top,4,1,14,5,1,4,0,15
2021,LAN202104150,20210415,bottom,4,0,12,5,1,3,0,17
2021,MIN202104150,20210415,top,4,0,15,5,1,3,0,11
2021,MIN202104150,20210415,bottom,4,0,16,5,1,8,2,37
2021,OAK202104150,20210415,top,4,0,9,5,1,3,0,16
2021,OAK202104150,20210415,bottom,3,0,17,4,1,3,0,8
2021,PIT202104150,20210415,top,8,4,30,9,1,6,2,26
2021,PIT202104150,20210415,bottom,3,0,13,4,1,7,1,38
2021,TBA202104150,20210415,top,3,0,14,4,1,4,1,18
2021,TBA202104150,20210415,bottom,3,0,13,4,1,3,0,6
2021,WAS202104150,20210415,top,9,3,28,1,1,10,7,35
2021,WAS202104150,20210415,bottom,7,4,24,8,1,5,0,14
2021,BAL202104151,20210415,top,3,0,10,4,1,4,0,24
2021,BAL202104151,20210415,bottom,7,2,34,8,1,3,0,8
2021,BAL202104152,20210415,top,4,0,15,5,1,3,0,11
2021,BAL202104152,20210415,bottom,4,0,13,5,1,3,0,10
2021,ANA202104160,20210416,top,3,0,14,4,1,3,0,14
2021,ANA202104160,20210416,bottom,3,0,10,4,1,3,0,17
2021,CHN202104160,20210416,top,4,0,14,5,1,4,0,22
2021,CHN202104160,20210416,bottom,5,0,19,6,1,6,1,19
2021,CIN202104160,20210416,top,3,0,11,4,1,6,1,26
2021,CIN202104160,20210416,bottom,3,0,14,4,1,3,0,12
2021,MIA202104160,20210416,top,3,0,14,4,1,4,0,20
2021,MIA202104160,20210416,bottom,3,0,10,4,1,4,0,15
2021,MIL202104160,20210416,top,3,0,11,4,1,4,1,24
2021,MIL202104160,20210416,bottom,3,0,9,4,1,3,0,5
2021,NYA202104160,20210416,top,7,2,30,8,0,4,0,18
2021,NYA202104160,20210416,bottom,3,0,11,4,1,4,0,18
2021,OAK202104160,20210416,top,4,0,19,5,1,3,0,15
2021,OAK202104160,20210416,bottom,3,0,10,4,1,4,0,15
2021,PHI202104160,20210416,top,3,0,9,4,1,4,0,14
2021,PHI202104160,20210416,bottom,3,0,14,4,1,12,6,32
2021,SDN202104160,20210416,top,3,0,18,4,1,5,0,28
2021,SDN202104160,20210416,bottom,3,0,12,4,1,6,1,32
2021,SEA202104160,20210416,top,3,0,9,4,1,3,0,8
2021,SEA202104160,20210416,bottom,3,0,9,4,1,5,0,25
2021,TEX202104160,20210416,top,3,0,14,4,1,5,0,18
2021,TEX202104160,20210416,bottom,3,0,11,4,1,3,0,13
2021,WAS202104160,20210416,top,4,0,18,5,1,3,0,11
2021,WAS202104160,20210416,bottom,3,0,12,4,1,5,0,16
2021,BOS202104170,20210417,top,6,2,26,7,1,6,0,22
2021,BOS202104170,20210417,bottom,3,0,11,4,1,6,0,24
2021,CHN202104170,20210417,top,4,0,15,5,1,5,0,22
2021,CHN202104170,20210417,bottom,5,1,19,6,1,5,1,24
2021,CIN202104170,20210417,top,3,0,11,4,1,6,0,17
2021,CIN202104170,20210417,bottom,5,0,20,6,1,4,1,15
2021,MIA202104170,20210417,top,3,0,9,4,1,4,0,18
2021,MIA202104170,20210417,bottom,7,1,19,8,1,5,0,24
2021,MIL202104170,20210417,top,4,0,16,5,1,3,0,13
2021,MIL202104170,20210417,bottom,9,5,34,1,1,6,2,27
2021,NYA202104170,20210417,top,3,0,12,4,1,4,1,15
2021,NYA202104170,20210417,bottom,6,0,30,7,1,6,1,24
2021,OAK202104170,20210417,top,4,0,18,5,1,3,0,9
2021,OAK202104170,20210417,bottom,5,1,23,6,1,6,3,23
2021,PHI202104170,20210417,top,5,0,17,6,1,3,0,13
2021,PHI202104170,20210417,bottom,7,1,30,8,1,3,0,14
2021,SDN202104170,20210417,top,3,0,10,4,1,3,0,13
2021,SDN202104170,20210417,bottom,3,0,13,4,1,4,0,19
2021,SEA202104170,20210417,top,4,0,9,5,1,3,0,11
2021,SEA202104170,20210417,bottom,3,0,7,4,1,3,0,7
2021,TEX202104170,20210417,top,3,0,10,4,1,3,0,10
2021,TEX202104170,20210417,bottom,3,0,11,4,1,4,0,15
2021,WAS202104170,20210417,top,4,0,21,5,1,4,0,17
2021,WAS202104170,20210417,bottom,5,0,15,6,1,4,1,22
2021,COL202104171,20210417,top,5,0,25,6,1,3,0,13
2021,COL202104171,20210417,bottom,3,0,15,4,1,5,0,22
2021,KCA202104171,20210417,top,6,2,26,7,1,3,0,9
2021,KCA202104171,20210417,bottom,3,0,14,4,1,3,0,10
2021,COL202104172,20210417,top,3,0,9,4,1,3,0,12
2021,COL202104172,20210417,bottom,7,3,27,8,1,3,0,12
2021,KCA202104172,20210417,top,3,0,7,4,1,5,1,20
2021,KCA202104172,20210417,bottom,5,0,16,6,1,3,0,11
2021,CHN202104180,20210418,top,9,6,35,1,1,4,0,11
2021,CHN202104180,20210418,bottom,7,2,30,8,1,4,0,16
2021,CIN202104180,20210418,top,4,1,19,5,1,3,0,9
2021,CIN202104180,20210418,bottom,4,0,8,5,1,5,0,26
2021,COL202104180,20210418,top,3,0,7,4,1,5,1,18
2021,COL202104180,20210418,bottom,3,0,7,4,1,3,0,11
2021,KCA202104180,20210418,top,3,0,15,4,1,5,0,19
2021,KCA202104180,20210418,bottom,6,0,26,7,1,6,0,21
2021,MIA202104180,20210418,top,4,0,11,5,1,5,0,21
2021,MIA202104180,20210418,bottom,4,0,14,5,1,3,0,16
2021,MIL202104180,20210418,top,4,0,16,5,1,4,0,12
2021,MIL202104180,20210418,bottom,6,2,31,7,1,4,0,18
2021,NYA202104180,20210418,top,3,0,8,4,1,4,0,23
2021,NYA202104180,20210418,bottom,3,0,12,4,1,5,1,20
2021,OAK202104180,20210418,top,6,0,18,7,1,3,0,14
2021,OAK202104180,20210418,bottom,3,0,10,4,1,3,0,9
2021,PHI202104180,20210418,top,3,0,9,4,1,4,0,19
2021,PHI202104180,20210418,bottom,4,1,18,5,1,4,0,17
2021,SDN202104180,20210418,top,3,0,16,4,1,5,2,26
2021,SDN202104180,20210418,bottom,3,0,17,4,1,4,0,17
2021,SEA202104180,20210418,top,3,0,21,4,1,5,1,24
2021,SEA202104180,20210418,bottom,6,1,37,7,1,3,0,10
2021,TEX202104180,20210418,top,4,0,15,5,1,3,0,6
2021,TEX202104180,20210418,bottom,4,0,15,5,1,3,0,11
2021,WAS202104180,20210418,top,5,1,22,6,1,5,0,24
2021,WAS202104180,20210418,bottom,4,0,26,5,1,3,0,13
2021,BOS202104181,20210418,top,4,1,14,5,1,3,0,7
2021,BOS202104181,20210418,bottom,3,0,12,4,1,3,0,9
2021,BOS202104182,20210418,top,6,1,19,7,1,3,0,10
2021,BOS202104182,20210418,bottom,3,0,10,4,1,3,0,15
2021,ANA202104190,20210419,top,3,0,8,4,1,4,0,13
2021,ANA202104190,20210419,bottom,3,0,17,4,1,3,0,9
2021,BOS202104190,20210419,top,5,1,13,6,1,3,0,12
2021,BOS202104190,20210419,bottom,11,6,46,3,1,6,2,17
2021,KCA202104190,20210419,top,3,0,15,4,1,4,0,14
2021,KCA202104190,20210419,bottom,4,0,16,5,1,3,0,9
2021,PHI202104190,20210419,top,4,0,15,5,1,5,0,24
2021,PHI202104190,20210419,bottom,5,0,19,6,1,3,0,10
2021,SDN202104190,20210419,top,3,0,11,4,1,3,0,10
2021,SDN202104190,20210419,bottom,5,1,28,6,1,4,0,17
2021,SEA202104190,20210419,top,4,0,10,5,1,3,0,15
2021,SEA202104190,20210419,bottom,5,2,20,6,1,4,1,21
2021,WAS202104190,20210419,top,3,0,13,4,1,4,1,18
2021,WAS202104190,20210419,bottom,3,0,17,4,1,3,0,12
2021,ANA202104200,20210420,top,6,0,28,7,1,4,0,19
2021,ANA202104200,20210420,bottom,4,0,18,5,1,3,0,7
2021,BOS202104200,20210420,top,4,0,20,5,1,3,0,9
2021,BOS202104200,20210420,bottom,3,0,8,4,1,4,0,10
2021,CHN202104200,20210420,top,3,0,14,4,1,5,0,21
2021,CHN202104200,20210420,bottom,4,0,18,5,1,3,0,14
2021,CIN202104200,20210420,top,7,3,24,8,1,4,0,17
2021,CIN202104200,20210420,bottom,4,0,21,5,1,3,0,9
2021,CLE202104200,20210420,top,3,0,15,4,1,3,0,13
2021,CLE202104200,20210420,bottom,5,0,20,6,1,4,0,21
2021,COL202104200,20210420,top,3,0,13,4,1,3,0,11
2021,COL202104200,20210420,bottom,3,0,17,4,1,3,0,16
2021,KCA202104200,20210420,top,6,1,17,7,1,10,4,51
2021,KCA202104200,20210420,bottom,3,0,7,4,1,3,0,13
2021,MIA202104200,20210420,top,9,3,30,1,1,3,0,12
2021,MIA202104200,20210420,bottom,5,1,16,6,1,5,0,10
2021,NYA202104200,20210420,top,4,0,13,5,1,3,0,11
2021,NYA202104200,20210420,bottom,3,0,10,4,1,3,0,8
2021,PHI202104200,20210420,top,3,0,9,4,1,3,0,11
2021,PHI202104200,20210420,bottom,5,0,22,6,1,6,1,17
2021,SDN202104200,20210420,top,3,0,10,4,1,3,0,15
2021,SDN202104200,20210420,bottom,3,0,16,4,1,3,0,13
2021,SEA202104200,20210420,top,3,0,10,4,1,3,0,12
2021,SEA202104200,20210420,bottom,4,0,14,5,1,3,0,13
2021,WAS202104200,20210420,top,5,0,15,6,1,4,0,18
2021,WAS202104200,20210420,bottom,4,0,18,5,1,5,0,20
2021,OAK202104201,20210420,top,5,0,17,6,1,3,0,13
2021,OAK202104201,20210420,bottom,4,0,12,5,1,6,2,21
2021,OAK202104202,20210420,top,3,0,10,4,1,3,0,9
2021,OAK202104202,20210420,bottom,3,0,16,4,1,5,0,26
2021,ANA202104210,20210421,top,3,0,12,4,1,3,0,16
2021,ANA202104210,20210421,bottom,5,1,19,6,1,3,0,12
2021,BOS202104210,20210421,top,5,1,16,6,1,8,3,28
2021,BOS202104210,20210421,bottom,3,0,13,4,1,4,0,12
2021,CHN202104210,20210421,top,4,1,17,5,1,5,0,20
2021,CHN202104210,20210421,bottom,3,0,13,4,1,3,0,9
2021,CIN202104210,20210421,top,3,0,12,4,1,4,0,21
2021,CIN202104210,20210421,bottom,4,0,22,5,1,3,0,12
2021,COL202104210,20210421,top,3,0,14,4,1,5,2,14
2021,COL202104210,20210421,bottom,5,2,22,6,1,6,2,21
2021,KCA202104210,20210421,top,8,4,28,9,1,3,0,15
2021,KCA202104210,20210421,bottom,3,0,6,4,1,5,2,15
2021,MIA202104210,20210421,top,3,0,7,4,1,4,0,13
2021,MIA202104210,20210421,bottom,5,0,20,6,1,4,0,17
2021,NYA202104210,20210421,top,3,0,11,4,1,4,0,16
2021,NYA202104210,20210421,bottom,3,0,12,4,1,5,0,19
2021,OAK202104210,20210421,top,5,1,15,6,1,4,0,7
2021,OAK202104210,20210421,bottom,3,0,7,4,1,8,3,28
2021,PHI202104210,20210421,top,3,0,6,4,1,3,0,11
2021,PHI202104210,20210421,bottom,4,0,10,5,1,7,3,32
2021,SDN202104210,20210421,top,4,0,13,5,1,4,0,16
2021,SDN202104210,20210421,bottom,3,0,11,4,1,4,0,24
2021,WAS202104210,20210421,top,6,0,26,7,1,4,0,23
2021,WAS202104210,20210421,bottom,3,0,10,4,1,6,1,23
2021,DET202104211,20210421,top,3,0,15,4,1,3,0,11
2021,DET202104211,20210421,bottom,3,0,15,4,1,3,0,11
2021,DET202104212,20210421,top,6,1,22,7,1,3,0,10
2021,DET202104212,20210421,bottom,3,0,8,4,1,3,0,7
2021,BOS202104220,20210422,top,3,0,9,4,1,3,0,11
2021,BOS202104220,20210422,bottom,4,0,17,5,1,4,1,18
2021,CHN202104220,20210422,top,4,0,12,5,1,4,0,15
2021,CHN202104220,20210422,bottom,3,0,16,4,1,3,0,11
2021,CIN202104220,20210422,top,3,0,16,4,1,4,0,20
2021,CIN202104220,20210422,bottom,5,1,18,6,1,3,0,9
2021,CLE202104220,20210422,top,5,0,25,6,1,3,0,13
2021,CLE202104220,20210422,bottom,8,3,26,9,1,4,0,12
2021,DET202104220,20210422,top,6,2,20,7,1,3,0,12
2021,DET202104220,20210422,bottom,3,0,14,4,1,5,1,20
2021,HOU202104220,20210422,top,4,0,20,5,1,3,0,17
2021,HOU202104220,20210422,bottom,6,0,27,7,1,9,3,41
2021,LAN202104220,20210422,top,3,0,15,4,1,3,0,16
2021,LAN202104220,20210422,bottom,4,0,20,5,1,4,0,19
2021,SFN202104220,20210422,top,4,0,9,5,1,4,0,11
2021,SFN202104220,20210422,bottom,7,3,27,8,1,4,0,13
2021,ATL202104230,20210423,top,3,0,7,4,1,4,0,10
2021,ATL202104230,20210423,bottom,3,0,11,4,1,5,2,21
2021,BAL202104230,20210423,top,4,0,20,5,1,7,2,26
2021,BAL202104230,20210423,bottom,5,0,25,6,1,3,0,11
2021,BOS202104230,20210423,top,5,1,22,6,1,5,0,26
2021,BOS202104230,20210423,bottom,5,2,17,6,1,5,0,26
2021,CHA202104230,20210423,top,6,0,33,7,1,3,0,18
2021,CHA202104230,20210423,bottom,4,0,18,5,1,4,0,11
2021,CHN202104230,20210423,top,4,0,15,5,1,3,0,9
2021,CHN202104230,20210423,bottom,10,6,38,2,0,8,4,27
2021,CLE202104230,20210423,top,4,0,20,5,1,6,3,22
2021,CLE202104230,20210423,bottom,7,3,37,8,1,3,0,14
2021,COL202104230,20210423,top,3,0,9,4,1,5,1,15
2021,COL202104230,20210423,bottom,4,0,12,5,1,4,0,16
2021,DET202104230,20210423,top,4,0,18,5,1,4,1,16
2021,DET202104230,20210423,bottom,3,0,13,4,1,3,0,10
2021,HOU202104230,20210423,top,5,0,21,6,1,5,0,22
2021,HOU202104230,20210423,bottom,4,0,12,5,1,3,0,16
2021,LAN202104230,20210423,top,4,0,13,5,1,4,1,9
2021,LAN202104230,20210423,bottom,5,1,11,6,1,4,0,18
2021,MIN202104230,20210423,top,3,0,13,4,1,5,0,20
2021,MIN202104230,20210423,bottom,3,0,9,4,1,3,0,8
2021,NYN202104230,20210423,top,3,0,13,4,1,4,0,16
2021,NYN202104230,20210423,bottom,3,0,15,4,1,4,0,19
2021,SFN202104230,20210423,top,4,1,11,5,1,3,0,14
2021,SFN202104230,20210423,bottom,5,0,23,6,1,4,0,19
2021,SLN202104230,20210423,top,4,0,19,5,1,4,0,11
2021,SLN202104230,20210423,bottom,3,0,16,4,1,5,1,22
2021,TBA202104230,20210423,top,9,4,37,1,1,4,0,15
2021,TBA202104230,20210423,bottom,4,0,12,5,1,3,0,14
2021,BAL202104240,20210424,top,6,1,22,7,1,8,3,42
2021,BAL202104240,20210424,bottom,5,0,23,6,1,5,1,24
2021,BOS202104240,20210424,top,7,1,25,8,1,6,3,20
2021,BOS202104240,20210424,bottom,3,0,15,4,1,4,0,12
2021,CHA202104240,20210424,top,4,0,15,5,1,3,0,12
2021,CHA202104240,20210424,bottom,3,0,8,4,1,3,0,11
2021,CHN202104240,20210424,top,5,0,22,6,1,3,0,12
2021,CHN202104240,20210424,bottom,4,0,23,5,1,6,2,26
2021,CLE202104240,20210424,top,5,0,23,6,1,3,0,14
2021,CLE202104240,20210424,bottom,3,0,16,4,1,3,0,18
2021,COL202104240,20210424,top,4,0,11,5,1,4,0,14
2021,COL202104240,20210424,bottom,4,1,12,5,1,5,0,28
2021,DET202104240,20210424,top,3,0,14,4,1,3,0,13
2021,DET202104240,20210424,bottom,3,0,13,4,1,3,0,11
2021,HOU202104240,20210424,top,4,0,17,5,0,4,1,11
2021,HOU202104240,20210424,bottom,6,3,22,7,1,3,0,11
2021,LAN202104240,20210424,top,4,1,17,5,1,5,1,28
2021,LAN202104240,20210424,bottom,3,0,10,4,1,4,0,17
2021,MIN202104240,20210424,top,3,0,9,4,1,7,3,26
2021,MIN202104240,20210424,bottom,3,0,9,4,1,7,1,32
2021,NYN202104240,20210424,top,4,1,16,5,1,6,1,23
2021,NYN202104240,20210424,bottom,5,0,20,6,1,3,0,11
2021,SFN202104240,20210424,top,3,0,10,4,1,3,0,9
2021,SFN202104240,20210424,bottom,3,0,17,4,1,4,0,15
2021,SLN202104240,20210424,top,4,0,18,5,1,3,0,10
2021,SLN202104240,20210424,bottom,6,1,16,7,1,3,0,10
2021,TBA202104240,20210424,top,7,3,30,8,0,5,0,16
2021,TBA202104240,20210424,bottom,4,0,11,5,1,4,1,17
2021,BAL202104250,20210425,top,3,0,11,4,1,4,0,17
2021,BAL202104250,20210425,bottom,3,0,8,4,1,4,1,11
2021,BOS202104250,20210425,top,5,1,17,6,1,4,0,19
2021,BOS202104250,20210425,bottom,9,4,41,1,0,5,1,26
2021,CHA202104250,20210425,top,4,0,23,5,1,4,1,17
2021,CHA202104250,20210425,bottom,8,2,40,9,1,7,3,30
2021,CHN202104250,20210425,top,7,1,28,8,1,3,0,9
2021,CHN202104250,20210425,bottom,3,0,16,4,1,3,0,10
2021,CLE202104250,20210425,top,6,0,29,7,1,4,0,19
2021,CLE202104250,20210425,bottom,3,0,9,4,1,4,0,23
2021,COL202104250,20210425,top,4,1,20,5,1,5,0,22
2021,COL202104250,20210425,bottom,4,0,24,5,1,5,0,17
2021,DET202104250,20210425,top,5,0,20,6,1,4,0,10
2021,DET202104250,20210425,bottom,3,0,17,4,1,4,0,16
2021,HOU202104250,20210425,top,4,0,22,5,1,3,0,9
2021,HOU202104250,20210425,bottom,4,0,14,5,1,4,0,19
2021,LAN202104250,20210425,top,3,0,9,4,1,3,0,12
2021,LAN202104250,20210425,bottom,3,0,11,4,1,7,1,31
2021,MIN202104250,20210425,top,6,2,21,7,1,3,0,8
2021,MIN202104250,20210425,bottom,5,1,24,6,1,5,0,21
2021,NYN202104250,20210425,top,4,0,22,5,1,3,0,12
2021,NYN202104250,20210425,bottom,5,2,22,6,1,3,0,9
2021,SFN202104250,20210425,top,5,0,14,6,1,4,0,19
2021,SFN202104250,20210425,bottom,4,0,16,5,0,8,3,42
2021,SLN202104250,20210425,top,3,0,16,4,1,3,0,14
2021,SLN202104250,20210425,bottom,4,1,12,5,1,4,1,12
2021,TBA202104250,20210425,top,4,0,21,5,1,3,0,16
2021,TBA202104250,20210425,bottom,3,0,12,4,1,4,0,17
2021,ATL202104251,20210425,top,4,0,12,5,1,6,2,27
2021,ATL202104251,20210425,bottom,4,0,17,5,1,4,0,15
2021,ATL202104252,20210425,top,9,5,29,1,1,3,0,13
2021,ATL202104252,20210425,bottom,3,0,14,4,1,3,0,10
2021,ATL202104260,20210426,top,3,0,11,4,1,4,0,20
2021,ATL202104260,20210426,bottom,9,4,34,1,1,3,0,10
2021,BAL202104260,20210426,top,3,0,11,4,1,5,0,22
2021,BAL202104260,20210426,bottom,4,1,19,5,1,5,1,15
2021,CLE202104260,20210426,top,3,0,7,4,1,4,1,12
2021,CLE202104260,20210426,bottom,3,0,11,4,1,5,0,19
2021,DET202104260,20210426,top,4,0,16,5,1,3,0,11
2021,DET202104260,20210426,bottom,5,0,20,6,1,4,0,16
2021,HOU202104260,20210426,top,5,0,15,6,1,5,0,17
2021,HOU202104260,20210426,bottom,6,2,18,7,1,4,0,19
2021,LAN202104260,20210426,top,4,0,15,5,1,3,0,13
2021,LAN202104260,20210426,bottom,5,0,19,6,1,3,0,8
2021,MIL202104260,20210426,top,4,0,16,5,1,3,0,7
2021,MIL202104260,20210426,bottom,4,0,16,5,1,4,0,20
2021,SFN202104260,20210426,top,3,0,12,4,1,5,0,19
2021,SFN202104260,20210426,bottom,9,4,34,1,1,9,5,33
2021,SLN202104260,20210426,top,3,0,11,4,1,3,0,10
2021,SLN202104260,20210426,bottom,3,0,11,4,1,3,0,9
2021,TBA202104260,20210426,top,3,0,9,4,1,3,0,17
2021,TBA202104260,20210426,bottom,5,1,24,6,1,3,0,18
2021,TEX202104260,20210426,top,6,1,21,7,1,8,3,30
2021,TEX202104260,20210426,bottom,8,4,29,9,1,3,0,7
2021,ARI202104270,20210427,top,4,0,14,5,1,3,0,11
2021,ARI202104270,20210427,bottom,3,0,11,4,1,6,2,24
2021,ATL202104270,20210427,top,3,0,12,4,1,3,0,12
2021,ATL202104270,20210427,bottom,4,0,12,5,1,6,0,25
2021,BAL202104270,20210427,top,5,1,11,6,1,5,0,23
2021,BAL202104270,20210427,bottom,3,0,10,4,1,4,0,16
2021,CHA202104270,20210427,top,4,1,18,5,1,3,0,9
2021,CHA202104270,20210427,bottom,5,1,12,6,1,5,0,12
2021,CLE202104270,20210427,top,5,2,21,6,1,4,0,15
2021,CLE202104270,20210427,bottom,4,1,18,5,1,4,1,17
2021,HOU202104270,20210427,top,4,0,19,5,1,3,0,13
2021,HOU202104270,20210427,bottom,3,0,6,4,1,3,0,11
2021,LAN202104270,20210427,top,4,1,15,5,1,3,0,8
2021,LAN202104270,20210427,bottom,5,0,22,6,1,3,0,13
2021,MIL202104270,20210427,top,4,1,13,5,1,3,0,14
2021,MIL202104270,20210427,bottom,6,0,21,7,1,6,2,19
2021,NYN202104270,20210427,top,3,0,7,4,1,4,0,23
2021,NYN202104270,20210427,bottom,3,0,10,4,1,4,1,12
2021,PIT202104270,20210427,top,4,0,15,5,1,3,0,13
2021,PIT202104270,20210427,bottom,5,1,21,6,1,5,0,15
2021,SFN202104270,20210427,top,6,2,22,7,1,3,0,13
2021,SFN202104270,20210427,bottom,5,1,11,6,1,4,0,10
2021,SLN202104270,20210427,top,5,1,13,6,1,3,0,12
2021,SLN202104270,20210427,bottom,5,1,19,6,1,6,2,15
2021,TBA202104270,20210427,top,4,0,20,5,1,6,1,14
2021,TBA202104270,20210427,bottom,5,1,11,6,1,4,0,13
2021,TEX202104270,20210427,top,4,0,16,5,1,5,1,17
2021,TEX202104270,20210427,bottom,5,1,23,6,1,3,0,8
2021,TOR202104270,20210427,top,4,1,17,5,1,4,0,15
2021,TOR202104270,20210427,bottom,3,0,14,4,1,4,0,12
2021,ARI202104280,20210428,top,4,0,8,5,1,3,0,7
2021,ARI202104280,20210428,bottom,3,0,19,4,0,5,1,17
2021,ATL202104280,20210428,top,4,0,20,5,1,4,0,16
2021,ATL202104280,20210428,bottom,7,4,25,8,1,6,2,21
2021,BAL202104280,20210428,top,4,0,19,5,1,4,1,19
2021,BAL202104280,20210428,bottom,3,0,11,4,1,4,0,10
2021,CLE202104280,20210428,top,7,4,36,8,1,7,2,34
2021,CLE202104280,20210428,bottom,4,0,21,5,1,4,1,11
2021,HOU202104280,20210428,top,4,0,19,5,1,3,0,15
2021,HOU202104280,20210428,bottom,3,0,9,4,1,6,2,26
2021,LAN202104280,20210428,top,3,0,10,4,1,3,0,12
2021,LAN202104280,20210428,bottom,4,0,14,5,1,5,1,19
2021,MIL202104280,20210428,top,3,0,11,4,1,6,2,28
2021,MIL202104280,20210428,bottom,3,0,13,4,1,3,0,12
2021,NYN202104280,20210428,top,3,0,13,4,1,5,1,19
2021,NYN202104280,20210428,bottom,5,0,26,6,1,3,0,15
2021,PIT202104280,20210428,top,7,3,47,8,1,4,0,15
2021,PIT202104280,20210428,bottom,3,0,15,4,1,3,0,16
2021,SFN202104280,20210428,top,3,0,10,4,1,3,0,14
2021,SFN202104280,20210428,bottom,3,0,11,4,1,9,4,39
2021,SLN202104280,20210428,top,3,0,10,4,1,6,1,30
2021,SLN202104280,20210428,bottom,4,0,17,5,1,5,2,26
2021,TBA202104280,20210428,top,4,0,15,5,1,5,0,19
2021,TBA202104280,20210428,bottom,3,0,10,4,1,4,0,20
2021,TEX202104280,20210428,top,8,4,28,9,1,4,0,18
2021,TEX202104280,20210428,bottom,5,1,24,6,1,7,2,27
2021,TOR202104280,20210428,top,5,0,19,6,1,3,0,10
2021,TOR202104280,20210428,bottom,3,0,17,4,1,4,0,22
2021,ARI202104290,20210429,top,3,0,12,4,1,7,1,24
2021,ARI202104290,20210429,bottom,5,0,25,6,1,4,0,15
2021,ATL202104290,20210429,top,6,2,18,7,1,5,0,14
2021,ATL202104290,20210429,bottom,3,0,13,4,1,5,0,25
2021,BAL202104290,20210429,top,3,0,10,4,1,4,0,20
2021,BAL202104290,20210429,bottom,5,1,18,6,1,4,0,12
2021,HOU202104290,20210429,top,4,0,14,5,1,3,0,10
2021,HOU202104290,20210429,bottom,3,0,13,4,1,3,0,14
2021,MIL202104290,20210429,top,4,0,12,5,1,4,0,11
2021,MIL202104290,20210429,bottom,3,0,13,4,1,3,0,12
2021,SLN202104290,20210429,top,5,0,21,6,1,4,0,18
2021,SLN202104290,20210429,bottom,3,0,14,4,1,4,0,13
2021,TBA202104290,20210429,top,3,0,11,4,1,4,0,18
2021,TBA202104290,20210429,bottom,5,1,16,6,1,6,0,25
2021,TEX202104290,20210429,top,4,0,16,5,1,4,0,13
2021,TEX202104290,20210429,bottom,3,0,12,4,1,4,0,17
2021,CHA202104291,20210429,top,3,0,13,4,1,3,0,15
2021,CHA202104291,20210429,bottom,3,0,10,4,1,3,0,14
2021,CHA202104292,20210429,top,5,0,13,6,1,4,0,13
2021,CHA202104292,20210429,bottom,5,0,23,6,1,9,4,39
2021,ARI202104300,20210430,top,5,1,22,6,1,4,0,13
2021,ARI202104300,20210430,bottom,4,0,15,5,1,4,0,8
2021,CHA202104300,20210430,top,4,0,13,5,1,3,0,14
2021,CHA202104300,20210430,bottom,3,0,13,4,1,5,1,19
2021,CIN202104300,20210430,top,4,1,19,5,1,5,1,23
2021,CIN202104300,20210430,bottom,4,0,14,5,1,3,0,14
2021,MIL202104300,20210430,top,5,0,23,6,1,3,0,16
2021,MIL202104300,20210430,bottom,3,0,9,4,1,6,2,18
2021,MIN202104300,20210430,top,3,0,12,4,1,3,0,9
2021,MIN202104300,20210430,bottom,5,0,15,6,1,6,1,33
2021,NYA202104300,20210430,top,3,0,13,4,1,4,0,15
2021,NYA202104300,20210430,bottom,5,1,30,6,1,6,1,26
2021,OAK202104300,20210430,top,3,0,9,4,1,4,0,13
2021,OAK202104300,20210430,bottom,3,0,6,4,1,5,1,24
2021,PHI202104300,20210430,top,3,0,16,4,1,5,0,23
2021,PHI202104300,20210430,bottom,3,0,8,4,1,7,2,26
2021,PIT202104300,20210430,top,5,1,25,6,1,4,0,11
2021,PIT202104300,20210430,bottom,3,0,11,4,1,4,0,23
2021,SDN202104300,20210430,top,5,1,25,6,1,3,0,18
2021,SDN202104300,20210430,bottom,5,1,16,6,1,3,0,7
2021,SEA202104300,20210430,top,6,2,32,7,1,3,0,16
2021,SEA202104300,20210430,bottom,5,1,27,6,1,5,1,26
2021,TBA202104300,20210430,top,6,1,17,7,1,3,0,11
2021,TBA202104300,20210430,bottom,4,0,12,5,1,3,0,14
2021,TEX202104300,20210430,top,8,4,32,9,1,3,0,7
2021,TEX202104300,20210430,bottom,3,0,12,4,1,6,1,28
2021,TOR202104300,20210430,top,3,0,11,4,1,3,0,9
2021,TOR202104300,20210430,bottom,4,0,11,5,1,4,0,11
2021,WAS202104300,20210430,top,4,0,9,5,1,5,0,20
2021,WAS202104300,20210430,bottom,6,0,18,7,1,3,0,10
2021,ARI202105010,20210501,top,6,1,27,7,1,5,0,18
2021,ARI202105010,20210501,bottom,3,0,12,4,1,3,0,7
2021,CHA202105010,20210501,top,3,0,10,4,1,4,0,13
2021,CHA202105010,20210501,bottom,3,0,15,4,1,8,5,42
2021,CIN202105010,20210501,top,3,0,15,4,1,3,0,16
2021,CIN202105010,20210501,bottom,5,2,21,6,1,3,0,12
2021,MIL202105010,20210501,top,4,1,14,5,1,3,0,6
2021,MIL202105010,20210501,bottom,3,0,11,4,1,7,1,33
2021,MIN202105010,20210501,top,5,2,19,6,1,3,0,6
2021,MIN202105010,20210501,bottom,5,0,24,6,1,3,0,12
2021,NYA202105010,20210501,top,4,0,11,5,1,4,0,18
2021,NYA202105010,20210501,bottom,4,0,15,5,1,4,0,10
2021,OAK202105010,20210501,top,4,0,19,5,1,3,0,10
2021,OAK202105010,20210501,bottom,5,0,24,6,1,3,0,11
2021,PHI202105010,20210501,top,8,4,31,9,1,3,0,9
2021,PHI202105010,20210501,bottom,4,0,15,5,1,6,2,18
2021,PIT202105010,20210501,top,7,4,33,8,1,4,0,12
2021,PIT202105010,20210501,bottom,3,0,12,4,1,6,1,24
2021,SDN202105010,20210501,top,3,0,11,4,1,4,0,19
2021,SDN202105010,20210501,bottom,6,3,19,7,1,3,0,9
2021,SEA202105010,20210501,top,7,3,33,8,1,8,5,19
2021,SEA202105010,20210501,bottom,3,0,12,4,1,3,0,11
2021,TBA202105010,20210501,top,8,3,34,9,1,3,0,11
2021,TBA202105010,20210501,bottom,4,0,16,5,1,3,0,14
2021,TEX202105010,20210501,top,4,0,18,5,1,5,2,23
2021,TEX202105010,20210501,bottom,4,0,8,5,1,3,0,6
2021,TOR202105010,20210501,top,3,0,16,4,0,8,4,25
2021,TOR202105010,20210501,bottom,5,0,22,6,1,3,0,10
2021,WAS202105010,20210501,top,3,0,17,4,1,6,0,25
2021,WAS202105010,20210501,bottom,7,1,26,8,1,5,1,22
2021,ARI202105020,20210502,top,5,0,16,6,1,3,0,10
2021,ARI202105020,20210502,bottom,4,0,19,5,1,5,1,17
2021,CHA202105020,20210502,top,4,0,13,5,1,4,0,15
2021,CHA202105020,20210502,bottom,4,0,13,5,1,4,0,18
2021,CIN202105020,20210502,top,5,1,14,6,1,4,1,17
2021,CIN202105020,20210502,bottom,5,2,20,6,1,3,0,18
2021,MIL202105020,20210502,top,9,5,34,1,1,7,4,25
2021,MIL202105020,20210502,bottom,3,0,11,4,1,4,0,13
2021,MIN202105020,20210502,top,4,0,9,5,1,3,0,12
2021,MIN202105020,20210502,bottom,3,0,12,4,1,3,0,9
2021,NYA202105020,20210502,top,3,0,6,4,1,3,0,17
2021,NYA202105020,20210502,bottom,4,0,15,5,1,6,2,27
2021,OAK202105020,20210502,top,3,0,15,4,1,5,1,23
2021,OAK202105020,20210502,bottom,7,2,25,8,1,4,0,11
2021,PHI202105020,20210502,top,4,0,16,5,1,4,0,16
2021,PHI202105020,20210502,bottom,5,1,22,6,1,3,0,13
2021,PIT202105020,20210502,top,4,0,12,5,1,7,3,41
2021,PIT202105020,20210502,bottom,4,0,16,5,1,4,0,11
2021,SDN202105020,20210502,top,3,0,13,4,1,4,0,21
2021,SDN202105020,20210502,bottom,4,1,21,5,1,3,0,12
2021,SEA202105020,20210502,top,5,0,20,6,1,5,0,16
2021,SEA202105020,20210502,bottom,3,0,10,4,1,3,0,15
2021,TBA202105020,20210502,top,4,0,15,5,1,4,0,15
2021,TBA202105020,20210502,bottom,3,0,10,4,1,5,0,16
2021,TEX202105020,20210502,top,3,0,10,4,1,5,1,18
2021,TEX202105020,20210502,bottom,5,0,21,6,1,3,0,16
2021,TOR202105020,20210502,top,3,0,6,4,1,6,1,24
2021,TOR202105020,20210502,bottom,4,0,11,5,1,6,1,23
2021,WAS202105020,20210502,top,3,0,9,4,1,3,0,11
2021,WAS202105020,20210502,bottom,4,0,12,5,1,4,0,18
2021,ANA202105030,20210503,top,3,0,15,4,1,3,0,11
2021,ANA202105030,20210503,bottom,4,0,14,5,1,4,0,21
2021,KCA202105030,20210503,top,5,0,22,6,1,4,0,10
2021,KCA202105030,20210503,bottom,4,0,17,5,1,6,0,24
2021,MIN202105030,20210503,top,3,0,10,4,1,5,0,26
2021,MIN202105030,20210503,bottom,3,0,11,4,1,4,1,15
2021,OAK202105030,20210503,top,3,0,8,4,1,4,0,14
2021,OAK202105030,20210503,bottom,3,0,12,4,1,6,3,29
2021,PHI202105030,20210503,top,6,1,27,7,1,4,0,11
2021,PHI202105030,20210503,bottom,5,2,16,6,1,5,2,23
2021,SDN202105030,20210503,top,3,0,9,4,1,5,0,26
2021,SDN202105030,20210503,bottom,3,0,10,4,1,3,0,14
2021,SEA202105030,20210503,top,3,0,11,4,1,3,0,16
2021,SEA202105030,20210503,bottom,5,0,22,6,1,3,0,11
2021,SLN202105030,20210503,top,3,0,10,4,1,8,2,25
2021,SLN202105030,20210503,bottom,4,1,16,5,1,4,1,22
2021,ANA202105040,20210504,top,5,1,19,6,1,5,0,24
2021,ANA202105040,20210504,bottom,5,0,21,6,1,3,0,10
2021,BOS202105040,20210504,top,4,0,20,5,1,7,2,24
2021,BOS202105040,20210504,bottom,9,4,36,1,0,6,3,21
2021,CIN202105040,20210504,top,3,0,13,4,1,8,3,36
2021,CIN202105040,20210504,bottom,3,0,16,4,1,4,0,17
2021,KCA202105040,20210504,top,3,0,17,4,1,4,0,18
2021,KCA202105040,20210504,bottom,4,0,15,5,1,5,1,24
2021,MIA202105040,20210504,top,4,0,9,5,1,6,0,26
2021,MIA202105040,20210504,bottom,6,3,20,7,1,4,0,17
2021,MIN202105040,20210504,top,6,1,30,7,1,4,0,18
2021,MIN202105040,20210504,bottom,6,2,21,7,1,3,0,11
2021,NYA202105040,20210504,top,4,1,17,5,1,3,0,14
2021,NYA202105040,20210504,bottom,7,3,31,8,1,4,0,26
2021,OAK202105040,20210504,top,3,0,13,4,1,3,0,10
2021,OAK202105040,20210504,bottom,3,0,15,4,1,8,4,32
2021,PHI202105040,20210504,top,7,1,30,8,1,3,0,16
2021,PHI202105040,20210504,bottom,4,1,14,5,1,4,0,13
2021,SDN202105040,20210504,top,5,0,18,6,1,4,0,12
2021,SDN202105040,20210504,bottom,4,0,14,5,1,4,0,18
2021,SEA202105040,20210504,top,4,0,20,5,1,6,0,25
2021,SEA202105040,20210504,bottom,3,0,10,4,1,4,0,15
2021,WAS202105040,20210504,top,3,0,8,4,1,4,0,19
2021,WAS202105040,20210504,bottom,3,0,12,4,1,3,0,10
2021,CHN202105041,20210504,top,3,0,11,4,1,5,0,18
2021,CHN202105041,20210504,bottom,9,4,39,1,0,4,0,14
2021,COL202105041,20210504,top,13,10,47,5,0,3,0,10
2021,COL202105041,20210504,bottom,5,0,23,6,1,4,0,15
2021,CHN202105042,20210504,top,4,0,18,5,1,3,0,19
2021,CHN202105042,20210504,bottom,5,0,27,6,1,4,0,16
2021,COL202105042,20210504,top,6,2,21,7,1,4,0,19
2021,COL202105042,20210504,bottom,4,0,14,5,1,4,0,16
2021,ANA202105050,20210505,top,5,0,21,6,1,4,0,11
2021,ANA202105050,20210505,bottom,3,0,5,4,1,5,0,21
2021,BOS202105050,20210505,top,3,0,13,4,1,3,0,9
2021,BOS202105050,20210505,bottom,3,0,9,4,1,5,1,26
2021,CHN202105050,20210505,top,4,0,17,5,1,3,0,9
2021,CHN202105050,20210505,bottom,3,0,19,4,1,3,0,8
2021,CIN202105050,20210505,top,3,0,10,4,1,5,0,19
2021,CIN202105050,20210505,bottom,4,0,20,5,1,3,0,8
2021,COL202105050,20210505,top,3,0,13,4,1,5,2,16
2021,COL202105050,20210505,bottom,3,0,11,4,1,3,0,8
2021,KCA202105050,20210505,top,3,0,10,4,1,3,0,16
2021,KCA202105050,20210505,bottom,4,0,14,5,1,6,1,22
2021,MIA202105050,20210505,top,3,0,13,4,1,3,0,10
2021,MIA202105050,20210505,bottom,7,2,33,8,1,7,4,26
2021,MIN202105050,20210505,top,3,0,15,4,1,4,0,7
2021,MIN202105050,20210505,bottom,3,0,12,4,1,4,1,18
2021,NYA202105050,20210505,top,3,0,8,4,1,3,0,12
2021,NYA202105050,20210505,bottom,3,0,16,4,1,4,0,20
2021,OAK202105050,20210505,top,7,2,22,8,1,3,0,13
2021,OAK202105050,20210505,bottom,4,1,13,5,1,4,0,16
2021,PHI202105050,20210505,top,4,0,20,5,1,4,0,12
2021,PHI202105050,20210505,bottom,8,5,33,9,1,3,0,14
2021,SDN202105050,20210505,top,3,0,15,4,1,4,0,21
2021,SDN202105050,20210505,bottom,4,0,11,5,1,3,0,13
2021,SEA202105050,20210505,top,4,0,9,5,1,5,2,17
2021,SEA202105050,20210505,bottom,3,0,12,4,1,3,0,15
2021,WAS202105050,20210505,top,3,0,8,4,1,3,0,13
2021,WAS202105050,20210505,bottom,3,0,10,4,1,4,0,23
2021,SLN202105051,20210505,top,5,0,19,6,1,3,0,7
2021,SLN202105051,20210505,bottom,5,1,16,6,1,3,0,7
2021,SLN202105052,20210505,top,3,0,8,4,1,6,3,31
2021,SLN202105052,20210505,bottom,5,0,22,6,0,4,0,13
2021,ANA202105060,20210506,top,5,0,22,6,1,3,0,17
2021,ANA202105060,20210506,bottom,3,0,11,4,1,3,0,12
2021,BOS202105060,20210506,top,3,0,9,4,1,3,0,13
2021,BOS202105060,20210506,bottom,6,1,30,7,1,5,1,18
2021,KCA202105060,20210506,top,4,0,19,5,1,4,1,19
2021,KCA202105060,20210506,bottom,3,0,14,4,1,3,0,15
2021,MIA202105060,20210506,top,5,0,17,6,1,6,1,19
2021,MIA202105060,20210506,bottom,4,1,14,5,1,3,0,15
2021,MIN202105060,20210506,top,3,0,9,4,1,5,2,19
2021,MIN202105060,20210506,bottom,4,1,11,5,1,5,0,18
2021,NYA202105060,20210506,top,3,0,17,4,1,3,0,13
2021,NYA202105060,20210506,bottom,6,0,28,7,1,4,0,8
2021,OAK202105060,20210506,top,5,0,14,6,1,4,0,6
2021,OAK202105060,20210506,bottom,4,1,13,5,1,3,0,17
2021,PHI202105060,20210506,top,3,0,11,4,1,3,0,19
2021,PHI202105060,20210506,bottom,5,0,19,6,1,4,0,15
2021,SLN202105060,20210506,top,4,0,15,5,1,5,0,20
2021,SLN202105060,20210506,bottom,3,0,17,4,1,5,1,16
2021,WAS202105060,20210506,top,3,0,8,4,1,3,0,17
2021,WAS202105060,20210506,bottom,5,0,20,6,1,3,0,11
2021,ANA202105070,20210507,top,4,0,20,5,1,5,1,16
2021,ANA202105070,20210507,bottom,3,0,9,4,1,8,4,25
2021,ATL202105070,20210507,top,11,6,45,3,0,3,0,24
2021,ATL202105070,20210507,bottom,5,0,18,6,1,4,1,12
2021,BAL202105070,20210507,top,3,0,14,4,1,4,0,29
2021,BAL202105070,20210507,bottom,4,0,15,5,1,4,0,24
2021,CHN202105070,20210507,top,3,0,10,4,1,3,0,9
2021,CHN202105070,20210507,bottom,6,1,29,7,1,5,1,21
2021,CLE202105070,20210507,top,3,0,15,4,1,4,0,14
2021,CLE202105070,20210507,bottom,3,0,19,4,1,3,0,12
2021,DET202105070,20210507,top,4,1,19,5,1,4,1,24
2021,DET202105070,20210507,bottom,3,0,11,4,1,4,0,23
2021,HOU202105070,20210507,top,4,1,14,5,1,3,0,8
2021,HOU202105070,20210507,bottom,4,0,19,5,1,9,3,35
2021,KCA202105070,20210507,top,4,0,20,5,1,3,0,16
2021,KCA202105070,20210507,bottom,3,0,11,4,1,4,0,16
2021,MIA202105070,20210507,top,3,0,13,4,1,4,0,14
2021,MIA202105070,20210507,bottom,5,1,15,6,1,4,0,12
2021,NYA202105070,20210507,top,3,0,15,4,1,6,3,23
2021,NYA202105070,20210507,bottom,4,1,12,5,1,4,1,17
2021,NYN202105070,20210507,top,4,0,22,5,1,9,3,37
2021,NYN202105070,20210507,bottom,4,0,17,5,1,4,0,21
2021,OAK202105070,20210507,top,3,0,11,4,1,3,0,10
2021,OAK202105070,20210507,bottom,4,0,16,5,1,5,0,21
2021,SFN202105070,20210507,top,3,0,15,4,1,5,0,26
2021,SFN202105070,20210507,bottom,5,0,23,6,1,3,0,17
2021,SLN202105070,20210507,top,5,0,18,6,1,3,0,16
2021,SLN202105070,20210507,bottom,3,0,12,4,1,5,2,20
2021,TEX202105070,20210507,top,4,0,16,5,1,5,2,19
2021,TEX202105070,20210507,bottom,5,2,23,6,1,6,1,21
2021,ANA202105080,20210508,top,3,0,9,4,1,3,0,14
2021,ANA202105080,20210508,bottom,3,0,12,4,1,3,0,12
2021,ATL202105080,20210508,top,6,2,23,7,1,5,1,17
2021,ATL202105080,20210508,bottom,3,0,14,4,1,5,0,28
2021,BAL202105080,20210508,top,4,0,15,5,1,8,4,34
2021,BAL202105080,20210508,bottom,5,1,15,6,1,5,1,9
2021,CHN202105080,20210508,top,4,0,19,5,1,4,0,24
2021,CHN202105080,20210508,bottom,7,1,21,8,1,3,0,16
2021,CLE202105080,20210508,top,3,0,12,4,1,5,0,18
2021,CLE202105080,20210508,bottom,5,1,22,6,1,5,1,19
2021,DET202105080,20210508,top,5,0,23,6,1,4,0,19
2021,DET202105080,20210508,bottom,5,1,22,6,1,4,0,14
2021,HOU202105080,20210508,top,3,0,10,4,1,5,2,16
2021,HOU202105080,20210508,bottom,3,0,9,4,1,3,0,11
2021,KCA202105080,20210508,top,13,8,42,5,0,3,0,14
2021,KCA202105080,20210508,bottom,3,0,9,4,1,4,0,23
2021,MIA202105080,20210508,top,5,0,12,6,1,3,0,13
2021,MIA202105080,20210508,bottom,5,1,17,6,1,3,0,8
2021,NYA202105080,20210508,top,3,0,14,4,1,3,0,8
2021,NYA202105080,20210508,bottom,3,0,10,4,1,3,0,20
2021,NYN202105080,20210508,top,4,0,9,5,1,3,0,8
2021,NYN202105080,20210508,bottom,4,0,21,5,1,4,0,16
2021,OAK202105080,20210508,top,4,0,14,5,1,3,0,15
2021,OAK202105080,20210508,bottom,6,2,30,7,1,4,1,12
2021,SFN202105080,20210508,top,4,0,15,5,1,3,0,11
2021,SFN202105080,20210508,bottom,3,0,11,4,1,7,3,22
2021,SLN202105080,20210508,top,5,1,21,6,1,5,0,19
2021,SLN202105080,20210508,bottom,7,3,27,8,1,3,0,13
2021,TEX202105080,20210508,top,6,2,28,7,1,6,2,15
2021,TEX202105080,20210508,bottom,3,0,10,4,1,4,1,24
2021,ANA202105090,20210509,top,6,0,30,7,1,4,0,16
2021,ANA202105090,20210509,bottom,4,0,15,5,1,3,0,19
2021,ATL202105090,20210509,top,5,1,20,6,1,4,0,17
2021,ATL202105090,20210509,bottom,7,4,25,8,1,3,0,10
2021,BAL202105090,20210509,top,3,0,12,4,1,4,1,13
2021,BAL202105090,20210509,bottom,6,1,30,7,1,3,0,16
2021,CHN202105090,20210509,top,9,4,34,1,1,3,0,7
2021,CHN202105090,20210509,bottom,3,0,10,4,1,5,1,16
2021,HOU202105090,20210509,top,3,0,14,4,1,4,0,15
2021,HOU202105090,20210509,bottom,5,0,20,6,1,7,1,30
2021,KCA202105090,20210509,top,3,0,8,4,1,7,3,29
2021,KCA202105090,20210509,bottom,5,1,26,6,1,3,0,12
2021,MIA202105090,20210509,top,3,0,11,4,1,4,0,18
2021,MIA202105090,20210509,bottom,3,0,18,4,1,5,0,19
2021,NYA202105090,20210509,top,3,0,13,4,1,4,0,14
2021,NYA202105090,20210509,bottom,4,0,20,5,1,4,0,11
2021,NYN202105090,20210509,top,3,0,12,4,1,3,0,7
2021,NYN202105090,20210509,bottom,3,0,8,4,1,4,0,18
2021,OAK202105090,20210509,top,4,0,9,5,1,3,0,13
2021,OAK202105090,20210509,bottom,5,0,25,6,1,3,0,13
2021,SFN202105090,20210509,top,4,0,16,5,1,7,4,21
2021,SFN202105090,20210509,bottom,4,0,15,5,1,4,0,16
2021,SLN202105090,20210509,top,3,0,7,4,1,4,0,21
2021,SLN202105090,20210509,bottom,3,0,16,4,1,4,1,17
2021,TEX202105090,20210509,top,4,0,13,5,1,4,0,16
2021,TEX202105090,20210509,bottom,4,0,15,5,1,4,0,12
2021,ARI202105100,20210510,top,3,0,9,4,1,4,0,20
2021,ARI202105100,20210510,bottom,5,1,15,6,1,3,0,9
2021,BAL202105100,20210510,top,4,0,15,5,1,3,0,12
2021,BAL202105100,20210510,bottom,3,0,11,4,1,6,1,27
2021,HOU202105100,20210510,top,3,0,9,4,1,5,0,20
2021,HOU202105100,20210510,bottom,6,1,23,7,1,7,2,32
2021,PIT202105100,20210510,top,3,0,6,4,1,4,1,16
2021,PIT202105100,20210510,bottom,4,0,21,5,1,4,1,9
2021,SFN202105100,20210510,top,3,0,9,4,1,3,0,8
2021,SFN202105100,20210510,bottom,4,0,23,5,1,3,0,11
2021,ARI202105110,20210511,top,4,0,15,5,1,4,0,12
2021,ARI202105110,20210511,bottom,4,0,16,5,1,4,1,13
2021,ATL202105110,20210511,top,3,0,18,4,1,4,0,14
2021,ATL202105110,20210511,bottom,6,1,26,7,1,3,0,16
2021,BOS202105110,20210511,top,3,0,16,4,1,4,0,20
2021,BOS202105110,20210511,bottom,4,1,12,5,1,3,0,11
2021,CHA202105110,20210511,top,3,0,14,4,1,7,3,28
2021,CHA202105110,20210511,bottom,3,0,17,4,1,7,3,31
2021,CLE202105110,20210511,top,3,0,10,4,1,6,1,14
2021,CLE202105110,20210511,bottom,3,0,12,4,1,5,0,17
2021,COL202105110,20210511,top,4,0,16,5,1,3,0,13
2021,COL202105110,20210511,bottom,4,1,12,5,1,4,0,17
2021,DET202105110,20210511,top,4,0,13,5,1,5,0,19
2021,DET202105110,20210511,bottom,3,0,12,4,1,6,0,26
2021,HOU202105110,20210511,top,3,0,12,4,1,3,0,9
2021,HOU202105110,20210511,bottom,4,0,12,5,1,4,0,12
2021,LAN202105110,20210511,top,4,1,12,5,1,3,0,11
2021,LAN202105110,20210511,bottom,3,0,9,4,1,5,0,24
2021,MIL202105110,20210511,top,4,0,23,5,1,3,0,13
2021,MIL202105110,20210511,bottom,4,0,15,5,1,4,0,18
2021,NYN202105110,20210511,top,5,0,21,6,1,4,0,13
2021,NYN202105110,20210511,bottom,4,0,11,5,1,3,0,7
2021,PIT202105110,20210511,top,5,0,21,6,1,4,0,14
2021,PIT202105110,20210511,bottom,5,1,19,6,1,3,0,8
2021,SFN202105110,20210511,top,6,1,24,7,1,3,0,10
2021,SFN202105110,20210511,bottom,7,2,34,8,1,3,0,15
2021,TBA202105110,20210511,top,5,1,25,6,1,3,0,10
2021,TBA202105110,20210511,bottom,3,0,13,4,1,3,0,11
2021,WAS202105110,20210511,top,5,1,21,6,1,5,0,18
2021,WAS202105110,20210511,bottom,5,0,23,6,1,3,0,17
2021,ARI202105120,20210512,top,6,2,14,7,1,4,1,12
2021,ARI202105120,20210512,bottom,5,1,22,6,1,4,0,12
2021,ATL202105120,20210512,top,3,0,12,4,1,3,0,12
2021,ATL202105120,20210512,bottom,4,0,12,5,1,3,0,14
2021,BOS202105120,20210512,top,3,0,10,4,1,5,1,21
2021,BOS202105120,20210512,bottom,7,1,31,8,1,4,0,16
2021,CHA202105120,20210512,top,4,1,10,5,1,4,0,23
2021,CHA202105120,20210512,bottom,6,2,20,7,1,5,2,24
2021,CLE202105120,20210512,top,5,0,17,6,1,5,0,20
2021,CLE202105120,20210512,bottom,5,0,21,6,1,4,0,14
2021,DET202105120,20210512,top,6,2,22,7,1,4,0,18
2021,DET202105120,20210512,bottom,3,0,8,4,1,6,1,22
2021,HOU202105120,20210512,top,4,0,13,5,1,4,0,8
2021,HOU202105120,20210512,bottom,7,3,32,8,1,3,0,12
2021,LAN202105120,20210512,top,3,0,14,4,1,3,0,6
2021,LAN202105120,20210512,bottom,3,0,12,4,1,4,0,22
2021,MIL202105120,20210512,top,3,0,13,4,1,4,0,12
2021,MIL202105120,20210512,bottom,5,0,15,6,1,3,0,18
2021,NYN202105120,20210512,top,4,0,11,5,1,5,0,19
2021,NYN202105120,20210512,bottom,3,0,13,4,1,7,3,21
2021,PIT202105120,20210512,top,3,0,18,4,1,5,1,12
2021,PIT202105120,20210512,bottom,4,0,18,5,1,5,0,18
2021,TBA202105120,20210512,top,3,0,12,4,1,3,0,17
2021,TBA202105120,20210512,bottom,4,0,15,5,1,3,0,11
2021,WAS202105120,20210512,top,3,0,9,4,1,6,1,20
2021,WAS202105120,20210512,bottom,4,0,11,5,1,4,0,16
2021,COL202105121,20210512,top,3,0,12,4,1,4,0,15
2021,COL202105121,20210512,bottom,5,1,25,6,1,3,0,13
2021,COL202105122,20210512,top,3,0,9,4,1,5,1,21
2021,COL202105122,20210512,bottom,5,0,25,6,1,7,2,33
2021,ARI202105130,20210513,top,4,0,16,5,1,3,0,8
2021,ARI202105130,20210513,bottom,4,0,16,5,1,4,0,19
2021,ATL202105130,20210513,top,3,0,15,4,1,7,1,22
2021,ATL202105130,20210513,bottom,7,2,23,8,1,3,0,13
2021,BOS202105130,20210513,top,3,0,13,4,1,4,0,14
2021,BOS202105130,20210513,bottom,6,3,15,7,1,8,3,19
2021,CHA202105130,20210513,top,3,0,16,4,1,4,0,17
2021,CHA202105130,20210513,bottom,4,1,12,5,1,4,0,23
2021,COL202105130,20210513,top,4,0,15,5,1,3,0,10
2021,COL202105130,20210513,bottom,6,3,18,7,1,4,0,10
2021,DET202105130,20210513,top,3,0,17,4,1,5,0,11
2021,DET202105130,20210513,bottom,3,0,11,4,1,8,4,31
2021,HOU202105130,20210513,top,4,1,16,5,1,6,1,25
2021,HOU202105130,20210513,bottom,5,0,21,6,1,6,3,18
2021,MIL202105130,20210513,top,5,1,15,6,1,4,0,16
2021,MIL202105130,20210513,bottom,3,0,10,4,1,4,0,21
2021,PIT202105130,20210513,top,4,0,18,5,1,4,0,18
2021,PIT202105130,20210513,bottom,5,0,26,6,1,3,0,11
2021,SEA202105130,20210513,top,3,0,8,4,1,6,2,21
2021,SEA202105130,20210513,bottom,5,0,22,6,1,3,0,7
2021,TBA202105130,20210513,top,4,0,12,5,1,4,0,15
2021,TBA202105130,20210513,bottom,6,2,27,7,1,3,0,15
2021,WAS202105130,20210513,top,5,1,19,6,1,4,0,18
2021,WAS202105130,20210513,bottom,7,4,26,8,1,3,0,16
2021,ARI202105140,20210514,top,10,6,32,2,1,5,1,17
2021,ARI202105140,20210514,bottom,3,0,20,4,1,4,0,16
2021,BAL202105140,20210514,top,4,1,21,5,1,3,0,11
2021,BAL202105140,20210514,bottom,4,1,13,5,1,4,0,12
2021,BOS202105140,20210514,top,4,0,16,5,1,4,0,13
2021,BOS202105140,20210514,bottom,4,0,18,5,1,6,2,23
2021,COL202105140,20210514,top,3,0,7,4,1,4,0,16
2021,COL202105140,20210514,bottom,6,1,26,7,1,5,0,22
2021,DET202105140,20210514,top,3,0,12,4,1,5,0,20
2021,DET202105140,20210514,bottom,3,0,15,4,1,3,0,16
2021,HOU202105140,20210514,top,3,0,10,4,1,3,0,15
2021,HOU202105140,20210514,bottom,4,0,17,5,1,8,3,37
2021,LAN202105140,20210514,top,4,0,20,5,1,3,0,12
2021,LAN202105140,20210514,bottom,4,0,17,5,1,11,8,45
2021,MIL202105140,20210514,top,4,0,11,5,1,5,0,22
2021,MIL202105140,20210514,bottom,3,0,10,4,1,6,1,33
2021,MIN202105140,20210514,top,4,0,14,5,1,3,0,12
2021,MIN202105140,20210514,bottom,4,0,22,5,1,4,0,19
2021,PIT202105140,20210514,top,3,0,9,4,1,3,0,18
2021,PIT202105140,20210514,bottom,3,0,10,4,1,3,0,10
2021,SDN202105140,20210514,top,5,0,17,6,1,3,0,8
2021,SDN202105140,20210514,bottom,5,1,17,6,1,5,0,25
2021,SEA202105140,20210514,top,3,0,13,4,1,3,0,16
2021,SEA202105140,20210514,bottom,4,1,15,5,1,4,0,18
2021,TBA202105140,20210514,top,3,0,9,4,1,3,0,14
2021,TBA202105140,20210514,bottom,3,0,9,4,1,6,0,30
2021,TOR202105140,20210514,top,4,0,20,5,1,3,0,10
2021,TOR202105140,20210514,bottom,4,0,17,5,1,4,0,15
2021,CHA202105141,20210514,top,4,0,23,5,1,5,2,15
2021,CHA202105141,20210514,bottom,6,1,36,7,1,3,0,10
2021,CHA202105142,20210514,top,4,0,21,5,1,4,0,20
2021,CHA202105142,20210514,bottom,4,0,20,5,1,9,3,46
2021,ARI202105150,20210515,top,5,1,20,6,1,5,1,22
2021,ARI202105150,20210515,bottom,9,3,24,1,1,3,0,16
2021,BAL202105150,20210515,top,8,3,39,9,1,6,2,32
2021,BAL202105150,20210515,bottom,3,0,11,4,1,3,0,15
2021,BOS202105150,20210515,top,5,0,19,6,1,4,0,17
2021,BOS202105150,20210515,bottom,6,1,27,7,1,3,0,8
2021,CHA202105150,20210515,top,6,1,28,7,1,3,0,16
2021,CHA202105150,20210515,bottom,4,0,14,5,1,3,0,16
2021,COL202105150,20210515,top,3,0,9,4,1,4,0,13
2021,COL202105150,20210515,bottom,5,2,20,6,1,5,0,16
2021,DET202105150,20210515,top,6,2,22,7,1,3,0,9
2021,DET202105150,20210515,bottom,7,3,27,8,1,5,0,15
2021,HOU202105150,20210515,top,6,1,29,7,1,4,0,17
2021,HOU202105150,20210515,bottom,8,4,20,9,1,4,0,21
2021,LAN202105150,20210515,top,3,0,17,4,1,3,0,12
2021,LAN202105150,20210515,bottom,5,0,25,6,1,3,0,13
2021,MIL202105150,20210515,top,7,2,29,8,1,6,2,16
2021,MIL202105150,20210515,bottom,4,0,18,5,1,3,0,14
2021,MIN202105150,20210515,top,5,2,25,6,1,3,0,8
2021,MIN202105150,20210515,bottom,5,1,16,6,1,3,0,11
2021,PIT202105150,20210515,top,6,3,23,7,1,4,0,19
2021,PIT202105150,20210515,bottom,5,0,23,6,1,3,0,16
2021,SDN202105150,20210515,top,4,0,29,5,1,3,0,12
2021,SDN202105150,20210515,bottom,5,2,20,6,1,6,1,23
2021,SEA202105150,20210515,top,4,0,17,5,1,4,0,10
2021,SEA202105150,20210515,bottom,5,1,18,6,1,3,0,16
2021,TBA202105150,20210515,top,4,0,17,5,1,6,3,20
2021,TBA202105150,20210515,bottom,5,1,14,6,1,3,0,10
2021,TOR202105150,20210515,top,4,0,25,5,1,4,0,21
2021,TOR202105150,20210515,bottom,5,1,21,6,1,5,2,14
2021,ARI202105160,20210516,top,3,0,11,4,1,3,0,15
2021,ARI202105160,20210516,bottom,4,0,15,5,1,4,0,16
2021,BAL202105160,20210516,top,7,4,24,8,0,3,0,9
2021,BAL202105160,20210516,bottom,7,2,33,8,1,3,0,14
2021,BOS202105160,20210516,top,3,0,11,4,1,9,4,38
2021,BOS202105160,20210516,bottom,3,0,11,4,1,3,0,10
2021,CHA202105160,20210516,top,5,1,12,6,1,3,0,13
2021,CHA202105160,20210516,bottom,5,0,14,6,1,4,0,18
2021,COL202105160,20210516,top,3,0,11,4,1,4,1,14
2021,COL202105160,20210516,bottom,5,0,22,6,1,4,0,10
2021,DET202105160,20210516,top,3,0,8,4,1,4,0,14
2021,DET202105160,20210516,bottom,4,0,19,5,1,3,0,7
2021,HOU202105160,20210516,top,3,0,17,4,1,4,0,20
2021,HOU202105160,20210516,bottom,5,1,16,6,1,4,0,14
2021,LAN202105160,20210516,top,4,0,22,5,1,5,0,25
2021,LAN202105160,20210516,bottom,5,0,22,6,1,6,2,12
2021,MIL202105160,20210516,top,3,0,12,4,1,4,0,22
2021,MIL202105160,20210516,bottom,5,0,13,6,1,5,0,20
2021,MIN202105160,20210516,top,3,0,11,4,1,4,1,22
2021,MIN202105160,20210516,bottom,3,0,9,4,1,8,3,29
2021,PIT202105160,20210516,top,5,1,19,6,1,4,0,12
2021,PIT202105160,20210516,bottom,4,0,24,5,1,4,0,16
2021,SDN202105160,20210516,top,7,2,27,8,1,4,0,12
2021,SDN202105160,20210516,bottom,3,0,13,4,1,3,0,13
2021,SEA202105160,20210516,top,3,0,19,4,1,4,0,21
2021,SEA202105160,20210516,bottom,5,1,17,6,1,3,0,13
2021,TBA202105160,20210516,top,3,0,9,4,1,3,0,12
2021,TBA202105160,20210516,bottom,4,0,16,5,1,3,0,13
2021,TOR202105160,20210516,top,6,0,28,7,1,3,0,11
2021,TOR202105160,20210516,bottom,6,2,20,7,1,9,5,40
2021,ANA202105170,20210517,top,4,1,12,5,1,4,0,16
2021,ANA202105170,20210517,bottom,5,1,28,6,1,10,5,34
2021,ATL202105170,20210517,top,4,0,14,5,1,4,0,10
2021,ATL202105170,20210517,bottom,3,0,7,4,1,3,0,11
2021,CHN202105170,20210517,top,4,0,25,5,1,3,0,6
2021,CHN202105170,20210517,bottom,4,1,9,5,1,5,2,17
2021,CIN202105170,20210517,top,6,1,23,7,1,3,0,9
2021,CIN202105170,20210517,bottom,4,0,13,5,1,6,0,22
2021,LAN202105170,20210517,top,4,0,18,5,1,3,0,13
2021,LAN202105170,20210517,bottom,4,0,13,5,1,4,1,15
2021,MIN202105170,20210517,top,7,3,37,8,1,3,0,12
2021,MIN202105170,20210517,bottom,3,0,11,4,1,5,1,20
2021,SDN202105170,20210517,top,4,0,16,5,1,4,0,13
2021,SDN202105170,20210517,bottom,7,3,25,8,1,3,0,14
2021,SEA202105170,20210517,top,6,0,29,7,1,6,3,21
2021,SEA202105170,20210517,bottom,4,0,18,5,1,3,0,12
2021,TEX202105170,20210517,top,5,1,19,6,1,3,0,8
2021,TEX202105170,20210517,bottom,4,0,18,5,1,7,3,28
2021,ANA202105180,20210518,top,9,5,47,1,1,5,0,16
2021,ANA202105180,20210518,bottom,4,1,16,5,1,3,0,8
2021,ATL202105180,20210518,top,3,0,13,4,1,3,0,8
2021,ATL202105180,20210518,bottom,3,0,11,4,0,3,0,10
2021,BAL202105180,20210518,top,4,0,18,5,1,10,6,45
2021,BAL202105180,20210518,bottom,3,0,12,4,1,5,0,18
2021,CHN202105180,20210518,top,5,0,21,6,1,4,0,16
2021,CHN202105180,20210518,bottom,3,0,14,4,1,3,0,11
2021,CIN202105180,20210518,top,3,0,16,4,1,6,0,19
2021,CIN202105180,20210518,bottom,4,1,16,5,1,5,0,21
2021,KCA202105180,20210518,top,3,0,8,4,1,3,0,15
2021,KCA202105180,20210518,bottom,3,0,5,4,1,5,0,15
2021,LAN202105180,20210518,top,3,0,12,4,1,5,1,21
2021,LAN202105180,20210518,bottom,4,1,16,5,1,4,0,25
2021,MIN202105180,20210518,top,6,1,30,7,1,4,0,15
2021,MIN202105180,20210518,bottom,5,0,24,6,1,3,0,11
2021,OAK202105180,20210518,top,6,2,26,7,1,4,0,12
2021,OAK202105180,20210518,bottom,4,1,16,5,1,3,0,14
2021,PHI202105180,20210518,top,3,0,7,4,1,3,0,16
2021,PHI202105180,20210518,bottom,3,0,14,4,1,5,0,25
2021,SDN202105180,20210518,top,3,0,13,4,1,6,1,20
2021,SDN202105180,20210518,bottom,4,0,16,5,1,5,1,20
2021,SEA202105180,20210518,top,4,1,11,5,1,4,0,13
2021,SEA202105180,20210518,bottom,3,0,12,4,1,3,0,10
2021,SLN202105180,20210518,top,3,0,11,4,1,4,0,12
2021,SLN202105180,20210518,bottom,5,2,22,6,1,7,2,18
2021,TEX202105180,20210518,top,3,0,14,4,1,4,0,14
2021,TEX202105180,20210518,bottom,4,0,22,5,1,3,0,9
2021,TOR202105180,20210518,top,4,0,17,5,1,3,0,12
2021,TOR202105180,20210518,bottom,4,0,19,5,1,6,1,16
2021,ANA202105190,20210519,top,5,1,25,6,1,4,0,15
2021,ANA202105190,20210519,bottom,3,0,12,4,1,3,0,15
2021,ATL202105190,20210519,top,3,0,9,4,1,3,0,12
2021,ATL202105190,20210519,bottom,3,0,14,4,1,3,0,10
2021,BAL202105190,20210519,top,3,0,8,4,1,3,0,5
2021,BAL202105190,20210519,bottom,5,1,9,6,1,8,4,24
2021,CHN202105190,20210519,top,3,0,10,4,1,4,0,15
2021,CHN202105190,20210519,bottom,3,0,8,4,1,5,1,15
2021,CIN202105190,20210519,top,4,0,17,5,1,3,0,11
2021,CIN202105190,20210519,bottom,3,0,13,4,1,3,0,18
2021,KCA202105190,20210519,top,6,1,18,7,1,3,0,8
2021,KCA202105190,20210519,bottom,3,0,10,4,1,5,2,25
2021,LAN202105190,20210519,top,4,0,9,5,1,3,0,12
2021,LAN202105190,20210519,bottom,3,0,17,4,1,3,0,8
2021,MIN202105190,20210519,top,4,0,17,5,1,4,0,14
2021,MIN202105190,20210519,bottom,5,0,20,6,1,4,0,20
2021,OAK202105190,20210519,top,7,2,31,8,1,5,0,24
2021,OAK202105190,20210519,bottom,3,0,17,4,1,5,1,13
2021,PHI202105190,20210519,top,5,0,17,6,1,4,1,16
2021,PHI202105190,20210519,bottom,3,0,12,4,1,3,0,7
2021,SDN202105190,20210519,top,3,0,11,4,1,3,0,18
2021,SDN202105190,20210519,bottom,3,0,14,4,1,4,0,19
2021,SEA202105190,20210519,top,3,0,9,4,1,6,2,30
2021,SEA202105190,20210519,bottom,5,2,21,6,1,4,0,18
2021,SLN202105190,20210519,top,3,0,13,4,1,6,0,24
2021,SLN202105190,20210519,bottom,5,1,20,6,1,9,5,37
2021,TEX202105190,20210519,top,4,0,12,5,1,3,0,9
2021,TEX202105190,20210519,bottom,3,0,12,4,1,3,0,8
2021,TOR202105190,20210519,top,9,5,27,1,1,4,1,16
2021,TOR202105190,20210519,bottom,6,1,23,7,1,3,0,12
2021,ATL202105200,20210520,top,5,2,25,6,1,3,0,15
2021,ATL202105200,20210520,bottom,3,0,12,4,1,6,3,22
2021,BAL202105200,20210520,top,5,0,15,6,1,8,4,28
2021,BAL202105200,20210520,bottom,3,0,15,4,1,3,0,14
2021,CHN202105200,20210520,top,6,2,22,7,1,3,0,11
2021,CHN202105200,20210520,bottom,4,0,18,5,1,5,1,15
2021,CIN202105200,20210520,top,5,1,28,6,1,4,0,12
2021,CIN202105200,20210520,bottom,4,0,20,5,1,3,0,10
2021,LAN202105200,20210520,top,4,0,15,5,1,4,0,16
2021,LAN202105200,20210520,bottom,3,0,13,4,1,5,2,19
2021,OAK202105200,20210520,top,3,0,14,4,1,4,0,14
2021,OAK202105200,20210520,bottom,4,1,18,5,1,3,0,16
2021,PHI202105200,20210520,top,3,0,8,4,1,4,0,21
2021,PHI202105200,20210520,bottom,4,0,15,5,1,4,0,22
2021,TEX202105200,20210520,top,3,0,12,4,1,3,0,13
2021,TEX202105200,20210520,bottom,4,0,13,5,1,4,0,7
2021,TOR202105200,20210520,top,3,0,7,4,1,11,5,41
2021,TOR202105200,20210520,bottom,7,2,21,8,1,5,1,23
2021,ANA202105201,20210520,top,4,0,11,5,1,5,1,16
2021,ANA202105201,20210520,bottom,5,1,15,6,1,7,3,29
2021,ANA202105202,20210520,top,7,4,35,8,1,6,0,33
2021,ANA202105202,20210520,bottom,4,1,20,5,1,6,2,24
2021,ANA202105210,20210521,top,4,0,19,5,1,5,0,24
2021,ANA202105210,20210521,bottom,5,0,22,6,1,3,0,16
2021,ATL202105210,20210521,top,5,0,16,6,1,4,0,17
2021,ATL202105210,20210521,bottom,5,1,18,6,1,7,4,24
2021,CIN202105210,20210521,top,3,0,12,4,1,7,1,39
2021,CIN202105210,20210521,bottom,6,3,22,7,1,3,0,16
2021,CLE202105210,20210521,top,3,0,10,4,1,4,0,15
2021,CLE202105210,20210521,bottom,4,0,10,5,1,3,0,13
2021,COL202105210,20210521,top,5,0,20,6,1,4,0,22
2021,COL202105210,20210521,bottom,6,3,26,7,1,7,2,22
2021,KCA202105210,20210521,top,3,0,13,4,1,4,1,16
2021,KCA202105210,20210521,bottom,3,0,6,4,1,3,0,12
2021,MIA202105210,20210521,top,5,2,17,6,0,3,0,18
2021,MIA202105210,20210521,bottom,3,0,10,4,1,5,1,18
2021,NYA202105210,20210521,top,4,0,10,5,1,4,0,12
2021,NYA202105210,20210521,bottom,3,0,12,4,1,3,0,17
2021,PHI202105210,20210521,top,6,2,24,7,1,3,0,15
2021,PHI202105210,20210521,bottom,3,0,14,4,1,4,0,7
2021,SDN202105210,20210521,top,5,1,24,6,1,4,0,16
2021,SDN202105210,20210521,bottom,9,4,41,1,1,8,4,29
2021,SFN202105210,20210521,top,4,0,18,5,1,4,0,11
2021,SFN202105210,20210521,bottom,3,0,13,4,1,4,0,23
2021,SLN202105210,20210521,top,4,1,12,5,1,3,0,10
2021,SLN202105210,20210521,bottom,3,0,14,4,1,3,0,8
2021,TEX202105210,20210521,top,3,0,14,4,1,6,1,24
2021,TEX202105210,20210521,bottom,3,0,8,4,1,3,0,18
2021,TOR202105210,20210521,top,5,0,22,6,1,4,0,23
2021,TOR202105210,20210521,bottom,6,2,18,7,1,5,1,26
2021,WAS202105210,20210521,top,3,0,9,4,1,3,0,5
2021,WAS202105210,20210521,bottom,4,0,17,5,1,5,0,19
2021,ANA202105220,20210522,top,5,1,24,6,1,4,0,14
2021,ANA202105220,20210522,bottom,4,0,15,5,1,3,0,10
2021,ATL202105220,20210522,top,4,0,11,5,1,3,0,10
2021,ATL202105220,20210522,bottom,6,2,22,7,1,6,1,29
2021,CIN202105220,20210522,top,3,0,10,4,1,3,0,14
2021,CIN202105220,20210522,bottom,3,0,4,4,1,3,0,17
2021,CLE202105220,20210522,top,4,0,16,5,1,3,0,15
2021,CLE202105220,20210522,bottom,5,2,10,6,1,5,1,19
2021,COL202105220,20210522,top,4,0,13,5,1,5,0,19
2021,COL202105220,20210522,bottom,3,0,12,4,1,3,0,13
2021,KCA202105220,20210522,top,3,0,8,4,1,7,2,24
2021,KCA202105220,20210522,bottom,7,2,28,8,1,4,0,8
2021,MIA202105220,20210522,top,6,0,21,7,1,3,0,12
2021,MIA202105220,20210522,bottom,3,0,11,4,1,3,0,11
2021,NYA202105220,20210522,top,3,0,12,4,1,3,0,9
2021,NYA202105220,20210522,bottom,4,0,12,5,1,3,0,16
2021,PHI202105220,20210522,top,3,0,11,4,1,4,0,19
2021,PHI202105220,20210522,bottom,5,0,18,6,1,4,0,20
2021,SDN202105220,20210522,top,5,0,20,6,1,5,0,20
2021,SDN202105220,20210522,bottom,4,0,14,5,1,5,1,24
2021,SFN202105220,20210522,top,4,1,21,5,1,3,0,10
2021,SFN202105220,20210522,bottom,3,0,8,4,1,4,0,15
2021,SLN202105220,20210522,top,6,1,20,7,1,3,0,11
2021,SLN202105220,20210522,bottom,3,0,11,4,1,3,0,8
2021,TEX202105220,20210522,top,7,2,24,8,1,4,1,13
2021,TEX202105220,20210522,bottom,6,0,40,7,1,5,0,17
2021,TOR202105220,20210522,top,3,0,11,4,1,4,0,15
2021,TOR202105220,20210522,bottom,5,1,18,6,1,3,0,11
2021,WAS202105220,20210522,top,8,5,36,9,1,3,0,7
2021,WAS202105220,20210522,bottom,3,0,14,4,1,6,1,29
2021,ANA202105230,20210523,top,3,0,9,4,1,6,3,24
2021,ANA202105230,20210523,bottom,4,0,22,5,1,3,0,13
2021,ATL202105230,20210523,top,6,1,16,7,1,3,0,11
2021,ATL202105230,20210523,bottom,6,3,20,7,1,4,0,12
2021,CIN202105230,20210523,top,8,3,32,9,1,3,0,11
2021,CIN202105230,20210523,bottom,3,0,15,4,1,5,0,25
2021,CLE202105230,20210523,top,3,0,9,4,1,3,0,12
2021,CLE202105230,20210523,bottom,6,2,25,7,1,6,1,24
2021,COL202105230,20210523,top,3,0,7,4,1,3,0,17
2021,COL202105230,20210523,bottom,6,0,21,7,1,6,1,22
2021,KCA202105230,20210523,top,8,2,25,9,1,4,0,20
2021,KCA202105230,20210523,bottom,3,0,9,4,1,3,0,10
2021,MIA202105230,20210523,top,4,0,16,5,1,4,0,17
2021,MIA202105230,20210523,bottom,4,0,18,5,1,9,5,38
2021,NYA202105230,20210523,top,5,0,21,6,1,3,0,14
2021,NYA202105230,20210523,bottom,6,2,29,7,1,4,0,23
2021,PHI202105230,20210523,top,4,0,12,5,1,3,0,11
2021,PHI202105230,20210523,bottom,7,4,34,8,1,3,0,21
2021,SDN202105230,20210523,top,3,0,10,4,1,4,0,12
2021,SDN202105230,20210523,bottom,3,0,8,4,1,4,1,9
2021,SFN202105230,20210523,top,3,0,7,4,1,7,3,24
2021,SFN202105230,20210523,bottom,3,0,12,4,1,3,0,13
2021,SLN202105230,20210523,top,4,0,19,5,1,3,0,10
2021,SLN202105230,20210523,bottom,5,0,17,6,1,3,0,10
2021,TEX202105230,20210523,top,3,0,8,4,1,3,0,15
2021,TEX202105230,20210523,bottom,3,0,15,4,1,3,0,12
2021,TOR202105230,20210523,top,4,1,12,5,1,4,0,18
2021,TOR202105230,20210523,bottom,3,0,10,4,1,4,0,14
2021,WAS202105230,20210523,top,8,3,30,9,1,3,0,12
2021,WAS202105230,20210523,bottom,8,4,32,9,1,3,0,16
2021,CHA202105240,20210524,top,3,0,10,4,1,4,0,21
2021,CHA202105240,20210524,bottom,3,0,12,4,1,5,0,18
2021,DET202105240,20210524,top,3,0,8,4,1,3,0,4
2021,DET202105240,20210524,bottom,5,0,23,6,1,6,2,21
2021,MIA202105240,20210524,top,4,0,18,5,1,5,1,20
2021,MIA202105240,20210524,bottom,4,0,19,5,1,5,1,21
2021,MIL202105240,20210524,top,5,0,16,6,1,3,0,14
2021,MIL202105240,20210524,bottom,3,0,13,4,1,6,2,24
2021,MIN202105240,20210524,top,5,1,20,6,1,3,0,8
2021,MIN202105240,20210524,bottom,3,0,15,4,1,3,0,13
2021,NYN202105240,20210524,top,4,0,17,5,1,5,2,15
2021,NYN202105240,20210524,bottom,3,0,14,4,1,3,0,9
2021,OAK202105240,20210524,top,6,1,27,7,1,3,0,16
2021,OAK202105240,20210524,bottom,4,0,21,5,1,3,0,12
2021,TOR202105240,20210524,top,8,5,32,9,0,3,0,10
2021,TOR202105240,20210524,bottom,3,0,12,4,1,4,1,21
2021,ANA202105250,20210525,top,4,0,18,5,1,3,0,11
2021,ANA202105250,20210525,bottom,4,1,17,5,1,5,2,14
2021,ARI202105250,20210525,top,7,3,32,8,1,3,0,12
2021,ARI202105250,20210525,bottom,5,0,25,6,1,4,0,15
2021,BOS202105250,20210525,top,4,0,17,5,1,4,0,10
2021,BOS202105250,20210525,bottom,6,1,23,7,1,4,0,16
2021,CHA202105250,20210525,top,3,0,10,4,1,3,0,12
2021,CHA202105250,20210525,bottom,6,2,26,7,1,8,3,28
2021,DET202105250,20210525,top,6,1,28,7,1,4,0,17
2021,DET202105250,20210525,bottom,4,0,14,5,1,3,0,8
2021,HOU202105250,20210525,top,3,0,14,4,1,3,0,6
2021,HOU202105250,20210525,bottom,3,0,11,4,1,3,0,7
2021,MIA202105250,20210525,top,3,0,11,4,1,3,0,13
2021,MIA202105250,20210525,bottom,3,0,13,4,1,3,0,16
2021,MIL202105250,20210525,top,3,0,9,4,1,3,0,12
2021,MIL202105250,20210525,bottom,3,0,20,4,1,4,0,12
2021,MIN202105250,20210525,top,4,0,17,5,1,7,2,30
2021,MIN202105250,20210525,bottom,4,0,15,5,1,8,4,39
2021,NYA202105250,20210525,top,5,0,25,6,1,4,0,14
2021,NYA202105250,20210525,bottom,3,0,18,4,1,4,0,16
2021,NYN202105250,20210525,top,3,0,8,4,1,5,1,17
2021,NYN202105250,20210525,bottom,5,1,23,6,1,4,0,18
2021,OAK202105250,20210525,top,7,2,23,8,1,3,0,11
2021,OAK202105250,20210525,bottom,3,0,16,4,1,7,2,32
2021,PIT202105250,20210525,top,4,0,16,5,1,4,0,12
2021,PIT202105250,20210525,bottom,6,2,24,7,1,6,1,22
2021,TBA202105250,20210525,top,3,0,11,4,1,3,0,9
2021,TBA202105250,20210525,bottom,4,0,14,5,1,4,0,13
2021,WAS202105250,20210525,top,3,0,12,4,1,3,0,14
2021,WAS202105250,20210525,bottom,4,0,21,5,1,3,0,13
2021,ANA202105260,20210526,top,4,0,14,5,1,5,0,26
2021,ANA202105260,20210526,bottom,8,5,24,9,1,3,0,16
2021,ARI202105260,20210526,top,3,0,11,4,1,5,0,22
2021,ARI202105260,20210526,bottom,5,1,23,6,1,7,3,27
2021,BOS202105260,20210526,top,6,2,27,7,1,6,1,20
2021,BOS202105260,20210526,bottom,3,0,12,4,1,4,1,16
2021,CHA202105260,20210526,top,4,0,23,5,1,3,0,11
2021,CHA202105260,20210526,bottom,5,0,15,6,1,3,0,12
2021,DET202105260,20210526,top,3,0,13,4,1,4,0,13
2021,DET202105260,20210526,bottom,3,0,12,4,1,3,0,16
2021,HOU202105260,20210526,top,3,0,15,4,1,3,0,14
2021,HOU202105260,20210526,bottom,7,1,37,8,1,3,0,11
2021,MIA202105260,20210526,top,3,0,13,4,1,4,0,18
2021,MIA202105260,20210526,bottom,3,0,11,4,1,3,0,11
2021,MIL202105260,20210526,top,5,1,20,6,1,4,0,11
2021,MIL202105260,20210526,bottom,3,0,9,4,1,4,0,12
2021,MIN202105260,20210526,top,5,1,22,6,1,3,0,16
2021,MIN202105260,20210526,bottom,5,0,16,6,1,4,0,18
2021,OAK202105260,20210526,top,3,0,9,4,1,3,0,11
2021,OAK202105260,20210526,bottom,6,2,20,7,1,4,0,10
2021,PIT202105260,20210526,top,5,0,23,6,1,8,3,32
2021,PIT202105260,20210526,bottom,4,0,10,5,1,3,0,13
2021,TBA202105260,20210526,top,3,0,6,4,1,3,0,10
2021,TBA202105260,20210526,bottom,3,0,12,4,1,5,0,26
2021,WAS202105260,20210526,top,5,0,22,6,1,5,0,15
2021,WAS202105260,20210526,bottom,8,2,33,9,1,6,0,21
2021,ARI202105270,20210527,top,4,0,11,5,1,9,3,34
2021,ARI202105270,20210527,bottom,3,0,13,4,1,3,0,16
2021,CHA202105270,20210527,top,5,0,21,6,1,3,0,13
2021,CHA202105270,20210527,bottom,4,0,18,5,1,5,1,18
2021,DET202105270,20210527,top,5,1,23,6,1,3,0,16
2021,DET202105270,20210527,bottom,4,0,13,5,1,4,0,22
2021,LAN202105270,20210527,top,3,0,18,4,1,3,0,12
2021,LAN202105270,20210527,bottom,3,0,13,4,1,4,0,17
2021,MIA202105270,20210527,top,3,0,14,4,1,3,0,7
2021,MIA202105270,20210527,bottom,3,0,13,4,1,5,0,15
2021,MIL202105270,20210527,top,3,0,16,4,1,3,0,16
2021,MIL202105270,20210527,bottom,5,0,26,6,1,3,0,17
2021,OAK202105270,20210527,top,3,0,12,4,1,4,0,14
2021,OAK202105270,20210527,bottom,4,0,18,5,1,3,0,13
2021,PIT202105270,20210527,top,5,1,20,6,1,3,0,10
2021,PIT202105270,20210527,bottom,3,0,8,4,1,4,0,12
2021,SEA202105270,20210527,top,3,0,12,4,1,3,0,11
2021,SEA202105270,20210527,bottom,3,0,8,4,1,3,0,11
2021,TBA202105270,20210527,top,4,0,11,5,1,3,0,12
2021,TBA202105270,20210527,bottom,6,3,28,7,1,3,0,12
2021,WAS202105270,20210527,top,5,1,20,6,1,4,0,13
2021,WAS202105270,20210527,bottom,4,0,21,5,1,3,0,9
2021,NYA202105271,20210527,top,3,0,12,4,1,4,0,22
2021,NYA202105271,20210527,bottom,4,0,19,5,1,4,0,17
2021,NYN202105271,20210527,top,4,0,19,5,1,4,0,16
2021,NYN202105271,20210527,bottom,3,0,10,4,1,3,0,12
2021,NYA202105272,20210527,top,3,0,6,4,1,3,0,10
2021,NYA202105272,20210527,bottom,5,1,15,6,1,3,0,10
2021,NYN202105272,20210527,top,5,0,28,6,1,3,0,11
2021,NYN202105272,20210527,bottom,4,1,23,5,1,3,0,12
2021,ARI202105280,20210528,top,7,4,26,8,1,4,0,16
2021,ARI202105280,20210528,bottom,6,1,27,7,1,6,1,16
2021,BOS202105280,20210528,top,4,0,15,5,1,6,2,20
2021,BOS202105280,20210528,bottom,3,0,14,4,1,4,0,21
2021,CHN202105280,20210528,top,5,0,11,6,1,5,0,17
2021,CHN202105280,20210528,bottom,3,0,13,4,1,4,0,17
2021,CLE202105280,20210528,top,4,0,16,5,1,6,2,25
2021,CLE202105280,20210528,bottom,8,2,32,9,1,3,0,20
2021,DET202105280,20210528,top,4,0,23,5,1,3,0,14
2021,DET202105280,20210528,bottom,5,0,19,6,1,3,0,13
2021,HOU202105280,20210528,top,4,0,14,5,1,5,0,20
2021,HOU202105280,20210528,bottom,4,0,12,5,1,5,0,23
2021,LAN202105280,20210528,top,3,0,11,4,1,4,1,12
2021,LAN202105280,20210528,bottom,4,0,7,5,1,4,1,16
2021,MIN202105280,20210528,top,4,0,13,5,1,4,0,12
2021,MIN202105280,20210528,bottom,5,0,24,6,1,4,0,18
2021,OAK202105280,20210528,top,4,0,17,5,1,4,0,9
2021,OAK202105280,20210528,bottom,4,0,16,5,1,4,0,22
2021,SEA202105280,20210528,top,3,0,13,4,1,5,0,23
2021,SEA202105280,20210528,bottom,3,0,11,4,1,6,1,22
2021,ARI202105290,20210529,top,6,1,17,7,1,3,0,17
2021,ARI202105290,20210529,bottom,3,0,14,4,1,3,0,9
2021,BOS202105290,20210529,top,4,0,19,5,1,3,0,17
2021,BOS202105290,20210529,bottom,3,0,9,4,1,6,1,27
2021,CHN202105290,20210529,top,3,0,6,4,1,3,0,15
2021,CHN202105290,20210529,bottom,4,0,15,5,1,6,2,16
2021,DET202105290,20210529,top,3,0,13,4,1,6,1,25
2021,DET202105290,20210529,bottom,3,0,10,4,1,7,2,30
2021,HOU202105290,20210529,top,5,0,23,6,1,3,0,12
2021,HOU202105290,20210529,bottom,4,0,25,5,1,3,0,11
2021,LAN202105290,20210529,top,4,0,10,5,1,9,3,28
2021,LAN202105290,20210529,bottom,5,1,18,6,1,5,1,15
2021,MIN202105290,20210529,top,4,0,18,5,1,4,0,17
2021,MIN202105290,20210529,bottom,6,1,22,7,1,4,1,8
2021,NYN202105290,20210529,top,3,0,17,4,1,4,0,21
2021,NYN202105290,20210529,bottom,4,1,22,5,1,6,0,30
2021,OAK202105290,20210529,top,3,0,13,4,1,4,0,12
2021,OAK202105290,20210529,bottom,3,0,11,4,1,4,0,17
2021,SEA202105290,20210529,top,3,0,16,4,1,4,0,20
2021,SEA202105290,20210529,bottom,3,0,11,4,1,5,1,17
2021,TBA202105290,20210529,top,4,0,14,5,1,3,0,14
2021,TBA202105290,20210529,bottom,5,2,24,6,1,3,0,10
2021,CHA202105291,20210529,top,5,1,16,6,1,4,0,17
2021,CHA202105291,20210529,bottom,6,1,33,7,1,4,0,17
2021,PIT202105291,20210529,top,5,0,18,6,1,3,0,14
2021,PIT202105291,20210529,bottom,5,0,21,6,1,7,3,33
2021,WAS202105291,20210529,top,6,2,33,7,1,3,0,11
2021,WAS202105291,20210529,bottom,3,0,13,4,1,4,0,20
2021,CHA202105292,20210529,top,3,0,15,4,1,4,0,15
2021,CHA202105292,20210529,bottom,6,0,35,7,1,3,0,9
2021,PIT202105292,20210529,top,4,0,16,5,1,4,0,17
2021,PIT202105292,20210529,bottom,4,1,16,5,1,4,0,13
2021,WAS202105292,20210529,top,3,0,10,4,1,4,0,20
2021,WAS202105292,20210529,bottom,5,0,25,6,1,4,0,16
2021,ARI202105300,20210530,top,4,1,17,5,1,5,1,13
2021,ARI202105300,20210530,bottom,4,0,16,5,1,5,1,17
2021,CHA202105300,20210530,top,3,0,13,4,1,3,0,10
2021,CHA202105300,20210530,bottom,3,0,11,4,1,5,0,26
2021,CHN202105300,20210530,top,9,3,33,1,1,5,0,18
2021,CHN202105300,20210530,bottom,3,0,17,4,1,3,0,19
2021,DET202105300,20210530,top,4,0,22,5,1,5,0,21
2021,DET202105300,20210530,bottom,6,2,25,7,1,6,0,26
2021,HOU202105300,20210530,top,3,0,11,4,1,3,0,14
2021,HOU202105300,20210530,bottom,7,4,32,8,1,3,0,13
2021,LAN202105300,20210530,top,6,3,25,7,1,3,0,11
2021,LAN202105300,20210530,bottom,3,0,14,4,1,4,0,14
2021,MIN202105300,20210530,top,5,1,9,6,1,3,0,13
2021,MIN202105300,20210530,bottom,7,1,33,8,1,6,1,18
2021,OAK202105300,20210530,top,4,0,9,5,1,8,4,28
2021,OAK202105300,20210530,bottom,5,0,23,6,1,4,0,15
2021,PIT202105300,20210530,top,3,0,9,4,1,4,0,17
2021,PIT202105300,20210530,bottom,4,0,18,5,1,3,0,15
2021,SEA202105300,20210530,top,3,0,10,4,1,3,0,15
2021,SEA202105300,20210530,bottom,6,1,26,7,1,4,0,17
2021,TBA202105300,20210530,top,5,0,16,6,0,3,0,15
2021,TBA202105300,20210530,bottom,3,0,12,4,1,5,2,22
2021,WAS202105300,20210530,top,5,2,26,6,1,3,0,11
2021,WAS202105300,20210530,bottom,3,0,18,4,1,3,0,14
2021,CLE202105301,20210530,top,4,0,8,5,1,3,0,9
2021,CLE202105301,20210530,bottom,3,0,11,4,1,4,0,9
2021,CLE202105302,20210530,top,3,0,9,4,1,5,0,17
2021,CLE202105302,20210530,bottom,3,0,12,4,1,4,0,15
2021,ARI202105310,20210531,top,3,0,11,4,1,3,0,12
2021,ARI202105310,20210531,bottom,3,0,11,4,1,3,0,10
2021,ATL202105310,20210531,top,5,0,20,6,1,3,0,12
2021,ATL202105310,20210531,bottom,8,3,32,9,1,4,1,19
2021,BAL202105310,20210531,top,4,0,14,5,1,3,0,15
2021,BAL202105310,20210531,bottom,4,0,16,5,1,3,0,11
2021,CHN202105310,20210531,top,3,0,15,4,1,5,1,15
2021,CHN202105310,20210531,bottom,3,0,17,4,1,5,0,30
2021,CIN202105310,20210531,top,5,0,23,6,1,5,0,15
2021,CIN202105310,20210531,bottom,3,0,11,4,1,9,4,34
2021,HOU202105310,20210531,top,3,0,12,4,1,3,0,11
2021,HOU202105310,20210531,bottom,3,0,14,4,1,5,2,21
2021,KCA202105310,20210531,top,4,1,12,5,1,5,0,25
2021,KCA202105310,20210531,bottom,5,1,24,6,1,8,2,26
2021,LAN202105310,20210531,top,4,0,19,5,1,3,0,9
2021,LAN202105310,20210531,bottom,4,0,13,5,1,5,2,23
2021,MIL202105310,20210531,top,3,0,9,4,1,6,0,22
2021,MIL202105310,20210531,bottom,4,0,11,5,0,4,0,13
2021,NYA202105310,20210531,top,3,0,11,4,1,4,0,21
2021,NYA202105310,20210531,bottom,4,0,6,5,1,5,0,12
2021,SEA202105310,20210531,top,3,0,5,4,1,4,0,13
2021,SEA202105310,20210531,bottom,3,0,10,4,1,5,0,27
2021,SFN202105310,20210531,top,3,0,7,4,1,6,1,24
2021,SFN202105310,20210531,bottom,3,0,16,4,1,4,0,16
2021,CLE202105311,20210531,top,3,0,8,4,1,7,4,27
2021,CLE202105311,20210531,bottom,5,2,11,6,1,3,0,10
2021,CLE202105312,20210531,top,4,0,15,5,1,3,0,13
2021,CLE202105312,20210531,bottom,3,0,11,4,1,6,1,25
2021,ARI202106010,20210601,top,3,0,15,4,1,3,0,8
2021,ARI202106010,20210601,bottom,4,0,18,5,1,4,0,14
2021,ATL202106010,20210601,top,5,1,16,6,1,5,0,30
2021,ATL202106010,20210601,bottom,5,1,19,6,1,5,0,19
2021,BAL202106010,20210601,top,4,0,17,5,1,3,0,16
2021,BAL202106010,20210601,bottom,5,1,12,6,1,3,0,10
2021,CHN202106010,20210601,top,3,0,8,4,1,3,0,6
2021,CHN202106010,20210601,bottom,3,0,17,4,1,6,2,22
2021,CIN202106010,20210601,top,3,0,12,4,1,4,0,23
2021,CIN202106010,20210601,bottom,3,0,16,4,1,5,2,16
2021,CLE202106010,20210601,top,4,0,11,5,1,6,3,26
2021,CLE202106010,20210601,bottom,7,2,31,8,1,4,0,16
2021,COL202106010,20210601,top,4,0,15,5,1,3,0,8
2021,COL202106010,20210601,bottom,6,1,18,7,1,3,0,15
2021,HOU202106010,20210601,top,4,0,14,5,1,3,0,15
2021,HOU202106010,20210601,bottom,4,1,16,5,1,4,0,17
2021,KCA202106010,20210601,top,4,0,17,5,1,4,0,14
2021,KCA202106010,20210601,bottom,4,1,12,5,1,3,0,12
2021,LAN202106010,20210601,top,6,1,29,7,1,6,1,27
2021,LAN202106010,20210601,bottom,3,0,12,4,1,5,0,23
2021,MIL202106010,20210601,top,5,0,25,6,1,9,6,34
2021,MIL202106010,20210601,bottom,4,1,21,5,1,4,1,16
2021,NYA202106010,20210601,top,5,2,20,6,1,3,0,14
2021,NYA202106010,20210601,bottom,3,0,12,4,1,3,0,13
2021,SEA202106010,20210601,top,3,0,10,4,1,4,1,14
2021,SEA202106010,20210601,bottom,3,0,14,4,1,4,0,19
2021,SFN202106010,20210601,top,3,0,9,4,1,3,0,11
2021,SFN202106010,20210601,bottom,4,0,14,5,1,3,0,13
2021,TOR202106010,20210601,top,3,0,14,4,1,5,0,19
2021,TOR202106010,20210601,bottom,4,0,9,5,1,4,0,16
2021,ARI202106020,20210602,top,8,4,30,9,1,5,1,18
2021,ARI202106020,20210602,bottom,10,5,42,2,0,3,0,12
2021,ATL202106020,20210602,top,3,0,13,4,1,6,1,22
2021,ATL202106020,20210602,bottom,4,0,14,5,1,6,1,18
2021,BAL202106020,20210602,top,5,0,20,6,1,4,1,14
2021,BAL202106020,20210602,bottom,5,0,19,6,1,4,0,8
2021,CHN202106020,20210602,top,4,0,17,5,1,3,0,16
2021,CHN202106020,20210602,bottom,4,0,19,5,1,4,0,17
2021,COL202106020,20210602,top,4,0,7,5,1,3,0,9
2021,COL202106020,20210602,bottom,4,0,17,5,1,5,0,25
2021,HOU202106020,20210602,top,7,1,31,8,1,3,0,9
2021,HOU202106020,20210602,bottom,7,1,36,8,1,4,0,21
2021,LAN202106020,20210602,top,4,1,13,5,1,5,0,16
2021,LAN202106020,20210602,bottom,14,11,45,6,0,3,0,13
2021,NYA202106020,20210602,top,3,0,21,4,1,5,0,12
2021,NYA202106020,20210602,bottom,5,2,18,6,1,5,0,29
2021,SEA202106020,20210602,top,3,0,10,4,1,3,0,10
2021,SEA202106020,20210602,bottom,3,0,10,4,1,3,0,10
2021,TOR202106020,20210602,top,3,0,16,4,1,5,1,17
2021,TOR202106020,20210602,bottom,4,0,19,5,1,6,1,27
2021,ANA202106030,20210603,top,3,0,12,4,1,4,0,18
2021,ANA202106030,20210603,bottom,3,0,15,4,1,6,2,22
2021,ATL202106030,20210603,top,4,0,12,5,1,3,0,16
2021,ATL202106030,20210603,bottom,4,0,14,5,1,4,0,12
2021,CHA202106030,20210603,top,3,0,11,4,1,6,0,30
2021,CHA202106030,20210603,bottom,4,1,17,5,1,5,1,17
2021,COL202106030,20210603,top,4,0,18,5,1,4,0,12
2021,COL202106030,20210603,bottom,4,0,23,5,1,5,1,16
2021,HOU202106030,20210603,top,4,0,18,5,1,7,3,38
2021,HOU202106030,20210603,bottom,3,0,11,4,1,3,0,9
2021,KCA202106030,20210603,top,5,1,21,6,1,3,0,14
2021,KCA202106030,20210603,bottom,4,1,15,5,1,3,0,6
2021,MIL202106030,20210603,top,4,0,19,5,1,5,0,20
2021,MIL202106030,20210603,bottom,3,0,10,4,1,4,0,18
2021,NYA202106030,20210603,top,4,0,16,5,1,3,0,13
2021,NYA202106030,20210603,bottom,4,0,14,5,1,3,0,12
2021,PIT202106030,20210603,top,3,0,18,4,1,3,0,9
2021,PIT202106030,20210603,bottom,5,0,21,6,1,3,0,10
2021,SDN202106030,20210603,top,3,0,13,4,1,4,0,24
2021,SDN202106030,20210603,bottom,5,0,20,6,1,5,0,19
2021,SFN202106030,20210603,top,4,0,8,5,1,3,0,15
2021,SFN202106030,20210603,bottom,3,0,11,4,1,7,1,28
2021,SLN202106030,20210603,top,7,1,27,8,1,6,2,23
2021,SLN202106030,20210603,bottom,7,2,31,8,1,3,0,15
2021,ANA202106040,20210604,top,4,1,15,5,1,3,0,10
2021,ANA202106040,20210604,bottom,3,0,13,4,1,4,0,19
2021,ATL202106040,20210604,top,3,0,16,4,1,3,0,20
2021,ATL202106040,20210604,bottom,6,1,29,7,1,4,0,11
2021,BAL202106040,20210604,top,3,0,16,4,1,5,0,24
2021,BAL202106040,20210604,bottom,3,0,9,4,1,4,0,22
2021,CHA202106040,20210604,top,4,0,11,5,1,3,0,11
2021,CHA202106040,20210604,bottom,3,0,10,4,1,4,1,16
2021,COL202106040,20210604,top,5,1,21,6,1,4,1,14
2021,COL202106040,20210604,bottom,5,0,14,6,1,3,0,5
2021,KCA202106040,20210604,top,5,0,16,6,1,4,0,20
2021,KCA202106040,20210604,bottom,14,9,54,6,0,8,4,31
2021,MIL202106040,20210604,top,4,0,19,5,1,3,0,15
2021,MIL202106040,20210604,bottom,4,1,13,5,1,6,1,26
2021,NYA202106040,20210604,top,6,3,24,7,1,4,0,12
2021,NYA202106040,20210604,bottom,4,0,12,5,1,3,0,10
2021,PHI202106040,20210604,top,3,0,14,4,1,3,0,11
2021,PHI202106040,20210604,bottom,3,0,9,4,1,3,0,13
2021,PIT202106040,20210604,top,4,0,11,5,1,7,2,34
2021,PIT202106040,20210604,bottom,6,2,31,7,1,3,0,12
2021,SDN202106040,20210604,top,3,0,10,4,1,3,0,15
2021,SDN202106040,20210604,bottom,4,1,24,5,1,3,0,6
2021,SFN202106040,20210604,top,6,2,17,7,1,3,0,13
2021,SFN202106040,20210604,bottom,3,0,16,4,1,10,6,42
2021,SLN202106040,20210604,top,3,0,12,4,1,6,3,23
2021,SLN202106040,20210604,bottom,4,0,13,5,1,4,0,26
2021,TEX202106040,20210604,top,3,0,10,4,1,4,0,12
2021,TEX202106040,20210604,bottom,3,0,10,4,1,4,0,11
2021,TOR202106040,20210604,top,3,0,7,4,1,3,0,15
2021,TOR202106040,20210604,bottom,3,0,4,4,1,3,0,11
2021,ANA202106050,20210605,top,3,0,9,4,1,3,0,10
2021,ANA202106050,20210605,bottom,5,1,17,6,1,4,0,19
2021,ATL202106050,20210605,top,5,1,20,6,1,3,0,13
2021,ATL202106050,20210605,bottom,3,0,9,4,1,3,0,9
2021,BAL202106050,20210605,top,6,2,32,7,0,3,0,12
2021,BAL202106050,20210605,bottom,6,1,22,7,1,3,0,13
2021,CHA202106050,20210605,top,3,0,11,4,1,7,2,28
2021,CHA202106050,20210605,bottom,5,1,18,6,1,3,0,15
2021,COL202106050,20210605,top,6,2,26,7,1,4,0,11
2021,COL202106050,20210605,bottom,5,1,12,6,1,4,0,18
2021,KCA202106050,20210605,top,3,0,10,4,1,6,2,25
2021,KCA202106050,20210605,bottom,4,0,12,5,1,7,2,25
2021,MIL202106050,20210605,top,4,1,21,5,1,4,0,16
2021,MIL202106050,20210605,bottom,3,0,11,4,1,3,0,9
2021,NYA202106050,20210605,top,4,0,17,5,1,4,0,12
2021,NYA202106050,20210605,bottom,3,0,15,4,1,3,0,20
2021,PHI202106050,20210605,top,4,0,16,5,1,4,0,18
2021,PHI202106050,20210605,bottom,3,0,13,4,1,3,0,11
2021,PIT202106050,20210605,top,3,0,12,4,1,4,0,13
2021,PIT202106050,20210605,bottom,5,0,17,6,1,6,2,24
2021,SDN202106050,20210605,top,4,0,18,5,1,4,0,13
2021,SDN202106050,20210605,bottom,3,0,9,4,1,4,0,14
2021,SFN202106050,20210605,top,3,0,14,4,1,5,2,16
2021,SFN202106050,20210605,bottom,5,0,24,6,1,3,0,18
2021,SLN202106050,20210605,top,4,0,15,5,1,3,0,12
2021,SLN202106050,20210605,bottom,5,1,22,6,1,3,0,15
2021,TEX202106050,20210605,top,6,2,23,7,1,4,0,17
2021,TEX202106050,20210605,bottom,3,0,14,4,1,3,0,11
2021,TOR202106050,20210605,top,4,0,12,5,1,3,0,9
2021,TOR202106050,20210605,bottom,4,0,15,5,1,3,0,12
2021,ANA202106060,20210606,top,5,1,26,6,1,3,0,12
2021,ANA202106060,20210606,bottom,6,1,21,7,1,6,0,22
2021,ATL202106060,20210606,top,3,0,11,4,1,3,0,15
2021,ATL202106060,20210606,bottom,3,0,10,4,1,5,1,18
2021,BAL202106060,20210606,top,3,0,18,4,1,3,0,9
2021,BAL202106060,20210606,bottom,4,1,15,5,1,10,6,46
2021,CHA202106060,20210606,top,4,0,18,5,1,4,0,15
2021,CHA202106060,20210606,bottom,4,0,18,5,1,7,3,25
2021,COL202106060,20210606,top,4,0,17,5,1,3,0,13
2021,COL202106060,20210606,bottom,3,0,15,4,1,3,0,15
2021,KCA202106060,20210606,top,4,0,19,5,1,3,0,10
2021,KCA202106060,20210606,bottom,3,0,11,4,1,3,0,9
2021,MIL202106060,20210606,top,3,0,17,4,1,3,0,12
2021,MIL202106060,20210606,bottom,3,0,11,4,1,3,0,12
2021,NYA202106060,20210606,top,4,1,16,5,1,3,0,15
2021,NYA202106060,20210606,bottom,7,2,23,8,1,3,0,12
2021,PHI202106060,20210606,top,3,0,13,4,1,4,0,13
2021,PHI202106060,20210606,bottom,3,0,14,4,1,3,0,10
2021,PIT202106060,20210606,top,3,0,8,4,1,4,1,15
2021,PIT202106060,20210606,bottom,5,1,13,6,1,3,0,10
2021,SDN202106060,20210606,top,3,0,11,4,1,3,0,15
2021,SDN202106060,20210606,bottom,4,0,15,5,1,3,0,13
2021,SFN202106060,20210606,top,4,0,13,5,1,4,1,15
2021,SFN202106060,20210606,bottom,7,2,28,8,1,5,1,17
2021,SLN202106060,20210606,top,6,2,22,7,1,6,3,19
2021,SLN202106060,20210606,bottom,5,0,19,6,1,3,0,11
2021,TEX202106060,20210606,top,4,0,18,5,1,5,0,18
2021,TEX202106060,20210606,bottom,5,1,18,6,1,4,0,15
2021,TOR202106060,20210606,top,6,1,21,7,1,5,1,20
2021,TOR202106060,20210606,bottom,3,0,12,4,1,5,1,11
2021,ANA202106070,20210607,top,3,0,9,4,1,6,2,17
2021,ANA202106070,20210607,bottom,8,4,45,9,0,4,0,17
2021,BOS202106070,20210607,top,5,0,23,6,1,4,0,20
2021,BOS202106070,20210607,bottom,5,1,17,6,1,4,0,17
2021,SDN202106070,20210607,top,4,0,21,5,1,3,0,11
2021,SDN202106070,20210607,bottom,7,1,30,8,1,5,1,23
2021,ANA202106080,20210608,top,3,0,8,4,1,4,0,20
2021,ANA202106080,20210608,bottom,7,2,42,8,1,3,0,9
2021,BAL202106080,20210608,top,6,2,25,7,1,3,0,11
2021,BAL202106080,20210608,bottom,5,0,20,6,1,7,3,28
2021,BOS202106080,20210608,top,5,1,26,6,1,11,5,33
2021,BOS202106080,20210608,bottom,3,0,9,4,1,3,0,12
2021,CHA202106080,20210608,top,5,0,19,6,1,5,1,32
2021,CHA202106080,20210608,bottom,4,0,16,5,1,4,0,16
2021,CIN202106080,20210608,top,5,0,21,6,1,3,0,14
2021,CIN202106080,20210608,bottom,4,0,15,5,1,5,1,20
2021,DET202106080,20210608,top,5,0,18,6,1,6,1,30
2021,DET202106080,20210608,bottom,6,3,23,7,1,5,1,22
2021,MIA202106080,20210608,top,5,1,14,6,1,3,0,12
2021,MIA202106080,20210608,bottom,4,0,13,5,1,3,0,8
2021,MIN202106080,20210608,top,4,0,18,5,1,3,0,5
2021,MIN202106080,20210608,bottom,6,2,29,7,1,5,0,14
2021,OAK202106080,20210608,top,3,0,10,4,1,6,1,18
2021,OAK202106080,20210608,bottom,3,0,16,4,1,4,0,19
2021,PHI202106080,20210608,top,5,1,18,6,1,4,0,26
2021,PHI202106080,20210608,bottom,3,0,23,4,1,3,0,12
2021,PIT202106080,20210608,top,3,0,13,4,1,4,0,17
2021,PIT202106080,20210608,bottom,3,0,8,4,1,6,0,18
2021,SDN202106080,20210608,top,4,0,16,5,1,4,0,12
2021,SDN202106080,20210608,bottom,3,0,15,4,1,4,0,19
2021,SLN202106080,20210608,top,5,2,17,6,1,4,0,13
2021,SLN202106080,20210608,bottom,3,0,13,4,1,5,0,22
2021,TBA202106080,20210608,top,4,0,18,5,1,3,0,10
2021,TBA202106080,20210608,bottom,4,1,20,5,1,5,0,27
2021,TEX202106080,20210608,top,3,0,10,4,1,5,1,23
2021,TEX202106080,20210608,bottom,3,0,19,4,1,5,1,18
2021,ANA202106090,20210609,top,6,0,26,7,1,3,0,8
2021,ANA202106090,20210609,bottom,3,0,6,4,1,4,0,15
2021,BAL202106090,20210609,top,6,2,31,7,1,3,0,7
2021,BAL202106090,20210609,bottom,6,1,22,7,1,3,0,9
2021,BOS202106090,20210609,top,4,0,8,5,1,5,1,17
2021,BOS202106090,20210609,bottom,6,2,23,7,1,3,0,11
2021,CHA202106090,20210609,top,4,0,19,5,1,4,1,14
2021,CHA202106090,20210609,bottom,5,1,18,6,1,3,0,13
2021,CIN202106090,20210609,top,5,1,10,6,1,5,0,13
2021,CIN202106090,20210609,bottom,6,2,16,7,1,7,3,30
2021,DET202106090,20210609,top,5,0,18,6,1,3,0,9
2021,DET202106090,20210609,bottom,3,0,11,4,1,4,0,16
2021,MIA202106090,20210609,top,6,1,20,7,1,5,0,22
2021,MIA202106090,20210609,bottom,5,0,19,6,1,3,0,12
2021,MIN202106090,20210609,top,5,1,15,6,1,5,1,15
2021,MIN202106090,20210609,bottom,4,0,14,5,1,4,0,15
2021,OAK202106090,20210609,top,4,0,28,5,1,5,0,22
2021,OAK202106090,20210609,bottom,5,0,19,6,1,7,3,33
2021,PHI202106090,20210609,top,4,0,16,5,1,6,0,26
2021,PHI202106090,20210609,bottom,5,0,17,6,1,5,0,19
2021,PIT202106090,20210609,top,5,1,19,6,1,4,0,19
2021,PIT202106090,20210609,bottom,7,1,36,8,1,6,0,33
2021,SDN202106090,20210609,top,3,0,13,4,1,3,0,16
2021,SDN202106090,20210609,bottom,4,0,16,5,1,4,0,14
2021,SLN202106090,20210609,top,6,2,21,7,1,3,0,11
2021,SLN202106090,20210609,bottom,8,4,43,9,0,3,0,14
2021,TBA202106090,20210609,top,6,2,29,7,1,5,0,22
2021,TBA202106090,20210609,bottom,7,3,35,8,1,3,0,14
2021,TEX202106090,20210609,top,3,0,11,4,1,4,0,16
2021,TEX202106090,20210609,bottom,3,0,14,4,0,3,0,11
2021,BOS202106100,20210610,top,4,0,17,5,1,4,1,16
2021,BOS202106100,20210610,bottom,3,0,13,4,1,8,2,37
2021,CHA202106100,20210610,top,3,0,15,4,1,3,0,12
2021,CHA202106100,20210610,bottom,6,3,18,7,1,3,0,9
2021,CIN202106100,20210610,top,6,1,23,7,1,3,0,10
2021,CIN202106100,20210610,bottom,4,0,13,5,1,4,1,20
2021,DET202106100,20210610,top,4,1,15,5,1,5,0,26
2021,DET202106100,20210610,bottom,6,2,24,7,1,5,1,25
2021,MIA202106100,20210610,top,4,0,15,5,1,3,0,7
2021,MIA202106100,20210610,bottom,3,0,11,4,1,9,6,30
2021,MIN202106100,20210610,top,6,3,26,7,1,3,0,21
2021,MIN202106100,20210610,bottom,6,1,24,7,1,3,0,14
2021,OAK202106100,20210610,top,4,0,11,5,1,4,0,15
2021,OAK202106100,20210610,bottom,3,0,11,4,1,4,0,17
2021,PHI202106100,20210610,top,3,0,10,4,1,3,0,13
2021,PHI202106100,20210610,bottom,4,0,26,5,1,4,0,14
2021,PIT202106100,20210610,top,5,1,16,6,1,6,0,26
2021,PIT202106100,20210610,bottom,4,0,16,5,1,4,1,13
2021,ARI202106110,20210611,top,3,0,11,4,1,3,0,16
2021,ARI202106110,20210611,bottom,3,0,11,4,1,4,0,14
2021,BOS202106110,20210611,top,7,1,36,8,1,7,2,28
2021,BOS202106110,20210611,bottom,4,0,17,5,1,3,0,7
2021,CHN202106110,20210611,top,3,0,12,4,1,5,1,19
2021,CHN202106110,20210611,bottom,3,0,12,4,1,3,0,12
2021,CIN202106110,20210611,top,4,0,14,5,1,3,0,16
2021,CIN202106110,20210611,bottom,5,2,9,6,1,5,2,17
2021,CLE202106110,20210611,top,6,0,23,7,1,3,0,12
2021,CLE202106110,20210611,bottom,8,3,36,9,1,5,1,16
2021,DET202106110,20210611,top,5,0,17,6,1,4,1,15
2021,DET202106110,20210611,bottom,4,0,15,5,1,5,1,23
2021,LAN202106110,20210611,top,3,0,16,4,1,3,0,8
2021,LAN202106110,20210611,bottom,10,6,34,2,1,3,0,9
2021,MIA202106110,20210611,top,5,1,21,6,1,3,0,11
2021,MIA202106110,20210611,bottom,6,1,21,7,1,4,0,16
2021,MIL202106110,20210611,top,3,0,8,4,1,5,1,14
2021,MIL202106110,20210611,bottom,4,0,13,5,1,6,2,23
2021,MIN202106110,20210611,top,5,0,17,6,1,3,0,11
2021,MIN202106110,20210611,bottom,4,1,16,5,1,4,1,14
2021,NYN202106110,20210611,top,3,0,12,4,1,3,0,13
2021,NYN202106110,20210611,bottom,3,0,14,4,1,3,0,14
2021,OAK202106110,20210611,top,3,0,10,4,1,3,0,8
2021,OAK202106110,20210611,bottom,5,0,18,6,1,4,0,16
2021,TBA202106110,20210611,top,4,0,13,5,1,3,0,18
2021,TBA202106110,20210611,bottom,4,0,22,5,1,3,0,14
2021,WAS202106110,20210611,top,4,0,19,5,0,3,0,11
2021,WAS202106110,20210611,bottom,3,0,10,4,1,3,0,14
2021,ARI202106120,20210612,top,4,0,18,5,1,4,0,21
2021,ARI202106120,20210612,bottom,3,0,12,4,1,4,0,12
2021,BOS202106120,20210612,top,5,2,22,6,1,4,0,13
2021,BOS202106120,20210612,bottom,3,0,13,4,1,5,0,26
2021,CHN202106120,20210612,top,3,0,12,4,1,4,1,11
2021,CHN202106120,20210612,bottom,3,0,17,4,1,11,5,56
2021,CIN202106120,20210612,top,4,0,14,5,1,7,3,26
2021,CIN202106120,20210612,bottom,7,2,25,8,1,4,0,13
2021,CLE202106120,20210612,top,7,1,36,8,0,4,0,14
2021,CLE202106120,20210612,bottom,3,0,12,4,1,5,0,20
2021,DET202106120,20210612,top,8,3,24,9,1,11,5,54
2021,DET202106120,20210612,bottom,5,2,22,6,1,3,0,11
2021,LAN202106120,20210612,top,5,0,20,6,1,4,0,15
2021,LAN202106120,20210612,bottom,4,0,18,5,1,4,0,17
2021,MIA202106120,20210612,top,3,0,15,4,1,5,0,13
2021,MIA202106120,20210612,bottom,5,1,21,6,1,5,0,19
2021,MIL202106120,20210612,top,6,3,26,7,1,5,1,24
2021,MIL202106120,20210612,bottom,5,0,21,6,1,5,1,20
2021,MIN202106120,20210612,top,4,0,19,5,1,5,0,15
2021,MIN202106120,20210612,bottom,3,0,11,4,1,3,0,13
2021,NYN202106120,20210612,top,3,0,8,4,1,4,0,15
2021,NYN202106120,20210612,bottom,6,2,22,7,1,4,0,17
2021,OAK202106120,20210612,top,3,0,10,4,1,3,0,15
2021,OAK202106120,20210612,bottom,7,1,34,8,1,7,3,32
2021,PHI202106120,20210612,top,3,0,6,4,1,6,2,24
2021,PHI202106120,20210612,bottom,10,4,46,2,0,5,0,23
2021,TBA202106120,20210612,top,3,0,12,4,1,3,0,15
2021,TBA202106120,20210612,bottom,8,3,33,9,1,3,0,12
2021,WAS202106121,20210612,top,4,0,18,5,1,4,0,16
2021,WAS202106121,20210612,bottom,5,1,19,6,1,3,0,15
2021,WAS202106122,20210612,top,5,0,24,6,1,3,0,11
2021,WAS202106122,20210612,bottom,3,0,12,4,1,5,0,31
2021,ARI202106130,20210613,top,5,2,19,6,1,9,4,32
2021,ARI202106130,20210613,bottom,4,0,14,5,1,3,0,12
2021,BOS202106130,20210613,top,8,4,26,9,1,5,1,15
2021,BOS202106130,20210613,bottom,3,0,12,4,1,4,1,14
2021,CHN202106130,20210613,top,3,0,14,4,1,3,0,10
2021,CHN202106130,20210613,bottom,3,0,12,4,1,3,0,8
2021,CIN202106130,20210613,top,5,1,12,6,1,5,0,15
2021,CIN202106130,20210613,bottom,3,0,6,4,1,6,3,14
2021,CLE202106130,20210613,top,4,0,13,5,1,7,2,18
2021,CLE202106130,20210613,bottom,3,0,12,4,1,4,0,16
2021,DET202106130,20210613,top,4,0,15,5,1,3,0,7
2021,DET202106130,20210613,bottom,3,0,11,4,1,4,0,15
2021,LAN202106130,20210613,top,6,0,33,7,1,4,0,13
2021,LAN202106130,20210613,bottom,5,1,21,6,1,4,0,27
2021,MIA202106130,20210613,top,9,3,39,1,1,4,0,19
2021,MIA202106130,20210613,bottom,3,0,13,4,1,4,0,15
2021,MIL202106130,20210613,top,3,0,14,4,1,6,1,28
2021,MIL202106130,20210613,bottom,5,1,26,6,1,3,0,11
2021,MIN202106130,20210613,top,5,1,14,6,1,4,0,17
2021,MIN202106130,20210613,bottom,4,0,10,5,1,3,0,13
2021,NYN202106130,20210613,top,5,1,18,6,1,3,0,10
2021,NYN202106130,20210613,bottom,4,0,13,5,1,3,0,13
2021,OAK202106130,20210613,top,3,0,17,4,1,7,1,24
2021,OAK202106130,20210613,bottom,4,1,16,5,1,7,2,31
2021,PHI202106130,20210613,top,3,0,8,4,1,3,0,10
2021,PHI202106130,20210613,bottom,5,1,24,6,1,7,3,20
2021,TBA202106130,20210613,top,4,0,12,5,1,4,1,16
2021,TBA202106130,20210613,bottom,4,0,18,5,1,3,0,7
2021,WAS202106130,20210613,top,4,0,14,5,1,3,0,11
2021,WAS202106130,20210613,bottom,6,1,22,7,1,6,3,21
2021,BOS202106140,20210614,top,3,0,10,4,1,3,0,15
2021,BOS202106140,20210614,bottom,3,0,14,4,1,4,0,18
2021,CHA202106140,20210614,top,5,2,16,6,1,3,0,15
2021,CHA202106140,20210614,bottom,3,0,13,4,1,3,0,11
2021,CLE202106140,20210614,top,4,0,19,5,1,3,0,10
2021,CLE202106140,20210614,bottom,6,3,27,7,1,3,0,10
2021,COL202106140,20210614,top,3,0,12,4,1,3,0,14
2021,COL202106140,20210614,bottom,4,0,18,5,1,4,0,17
2021,KCA202106140,20210614,top,8,4,28,9,1,3,0,15
2021,KCA202106140,20210614,bottom,3,0,12,4,1,5,0,19
2021,LAN202106140,20210614,top,7,1,30,8,1,4,0,15
2021,LAN202106140,20210614,bottom,3,0,11,4,1,3,0,9
2021,MIL202106140,20210614,top,6,1,31,7,1,7,3,22
2021,MIL202106140,20210614,bottom,5,1,21,6,1,6,1,24
2021,NYN202106140,20210614,top,3,0,12,4,1,3,0,15
2021,NYN202106140,20210614,bottom,4,0,15,5,1,3,0,14
2021,OAK202106140,20210614,top,6,0,28,7,1,6,1,22
2021,OAK202106140,20210614,bottom,4,0,18,5,1,5,2,17
2021,SEA202106140,20210614,top,6,1,25,7,1,3,0,11
2021,SEA202106140,20210614,bottom,6,0,33,7,1,3,0,11
2021,SFN202106140,20210614,top,4,0,19,5,1,3,0,14
2021,SFN202106140,20210614,bottom,6,0,28,7,1,4,0,12
2021,SLN202106140,20210614,top,3,0,11,4,1,4,0,15
2021,SLN202106140,20210614,bottom,4,0,12,5,1,6,1,26
2021,WAS202106140,20210614,top,4,0,17,5,1,6,1,22
2021,WAS202106140,20210614,bottom,4,0,7,5,1,3,0,10
2021,ATL202106150,20210615,top,7,4,29,8,1,3,0,11
2021,ATL202106150,20210615,bottom,4,0,22,5,1,3,0,13
2021,CHA202106150,20210615,top,4,0,18,5,1,3,0,14
2021,CHA202106150,20210615,bottom,4,0,17,5,1,5,0,17
2021,CLE202106150,20210615,top,3,0,8,4,1,5,1,15
2021,CLE202106150,20210615,bottom,6,1,24,7,1,4,0,16
2021,COL202106150,20210615,top,5,2,14,6,1,5,2,17
2021,COL202106150,20210615,bottom,4,0,25,5,1,4,0,17
2021,HOU202106150,20210615,top,4,0,14,5,1,4,0,14
2021,HOU202106150,20210615,bottom,3,0,13,4,1,4,0,21
2021,KCA202106150,20210615,top,5,1,22,6,1,3,0,10
2021,KCA202106150,20210615,bottom,4,0,14,5,1,3,0,11
2021,LAN202106150,20210615,top,4,0,17,5,1,5,1,15
2021,LAN202106150,20210615,bottom,5,1,22,6,1,4,0,11
2021,MIL202106150,20210615,top,3,0,10,4,1,3,0,7
2021,MIL202106150,20210615,bottom,4,0,20,5,1,3,0,9
2021,NYN202106150,20210615,top,6,0,20,7,1,3,0,13
2021,NYN202106150,20210615,bottom,4,0,13,5,1,4,0,16
2021,OAK202106150,20210615,top,3,0,12,4,1,4,0,18
2021,OAK202106150,20210615,bottom,4,0,17,5,1,3,0,21
2021,SEA202106150,20210615,top,3,0,12,4,1,3,0,15
2021,SEA202106150,20210615,bottom,5,1,15,6,1,8,4,33
2021,SFN202106150,20210615,top,8,4,25,9,0,7,3,25
2021,SFN202106150,20210615,bottom,4,0,12,5,1,6,3,18
2021,SLN202106150,20210615,top,5,0,14,6,1,5,0,17
2021,SLN202106150,20210615,bottom,3,0,11,4,1,3,0,16
2021,TOR202106150,20210615,top,5,0,24,6,1,6,1,24
2021,TOR202106150,20210615,bottom,6,1,24,7,1,4,0,18
2021,WAS202106150,20210615,top,3,0,12,4,1,5,0,15
2021,WAS202106150,20210615,bottom,8,5,28,9,1,4,0,11
2021,ATL202106160,20210616,top,7,2,36,8,1,3,0,18
2021,ATL202106160,20210616,bottom,5,0,20,6,1,5,0,14
2021,CHA202106160,20210616,top,3,0,17,4,1,3,0,8
2021,CHA202106160,20210616,bottom,4,0,14,5,1,3,0,10
2021,CLE202106160,20210616,top,6,2,18,7,1,4,0,16
2021,CLE202106160,20210616,bottom,4,1,12,5,1,4,0,13
2021,COL202106160,20210616,top,5,0,16,6,1,4,0,9
2021,COL202106160,20210616,bottom,6,3,23,7,1,4,0,13
2021,HOU202106160,20210616,top,3,0,13,4,1,3,0,10
2021,HOU202106160,20210616,bottom,4,1,12,5,1,7,3,26
2021,KCA202106160,20210616,top,3,0,18,4,1,5,0,17
2021,KCA202106160,20210616,bottom,4,0,18,5,1,4,1,9
2021,LAN202106160,20210616,top,4,1,14,5,1,4,0,11
2021,LAN202106160,20210616,bottom,6,0,27,7,1,3,0,6
2021,MIL202106160,20210616,top,3,0,11,4,1,3,0,8
2021,MIL202106160,20210616,bottom,6,0,23,7,1,4,0,15
2021,NYN202106160,20210616,top,3,0,12,4,1,3,0,22
2021,NYN202106160,20210616,bottom,4,0,16,5,1,6,2,25
2021,OAK202106160,20210616,top,8,3,22,9,1,4,1,13
2021,OAK202106160,20210616,bottom,3,0,12,4,1,3,0,8
2021,SEA202106160,20210616,top,6,2,24,7,1,3,0,16
2021,SEA202106160,20210616,bottom,3,0,20,4,1,3,0,16
2021,SFN202106160,20210616,top,6,2,29,7,1,4,0,16
2021,SFN202106160,20210616,bottom,9,4,47,1,1,3,0,10
2021,SLN202106160,20210616,top,3,0,11,4,1,3,0,9
2021,SLN202106160,20210616,bottom,3,0,11,4,1,4,0,15
2021,TOR202106160,20210616,top,6,1,21,7,1,3,0,12
2021,TOR202106160,20210616,bottom,5,1,17,6,1,4,0,12
2021,WAS202106160,20210616,top,3,0,8,4,1,3,0,9
2021,WAS202106160,20210616,bottom,3,0,12,4,1,5,1,18
2021,ANA202106170,20210617,top,5,0,25,6,1,3,0,5
2021,ANA202106170,20210617,bottom,4,0,14,5,1,6,2,18
2021,ATL202106170,20210617,top,3,0,12,4,1,3,0,11
2021,ATL202106170,20210617,bottom,3,0,9,4,1,3,0,11
2021,CLE202106170,20210617,top,5,0,16,6,1,4,1,17
2021,CLE202106170,20210617,bottom,7,3,30,8,1,3,0,12
2021,COL202106170,20210617,top,4,0,15,5,1,3,0,9
2021,COL202106170,20210617,bottom,8,5,23,9,1,3,0,8
2021,HOU202106170,20210617,top,3,0,11,4,1,4,0,14
2021,HOU202106170,20210617,bottom,6,3,20,7,1,3,0,11
2021,NYN202106170,20210617,top,5,2,10,6,1,4,0,14
2021,NYN202106170,20210617,bottom,4,0,22,5,1,4,0,20
2021,SDN202106170,20210617,top,3,0,13,4,1,6,0,20
2021,SDN202106170,20210617,bottom,4,0,21,5,1,3,0,9
2021,SEA202106170,20210617,top,4,0,17,5,1,3,0,13
2021,SEA202106170,20210617,bottom,3,0,12,4,1,4,0,19
2021,SFN202106170,20210617,top,3,0,10,4,1,3,0,12
2021,SFN202106170,20210617,bottom,3,0,9,4,1,8,3,36
2021,TOR202106170,20210617,top,5,0,18,6,1,7,1,29
2021,TOR202106170,20210617,bottom,3,0,14,4,1,3,0,15
2021,ANA202106180,20210618,top,5,0,24,6,1,4,0,20
2021,ANA202106180,20210618,bottom,4,0,12,5,1,4,1,22
2021,ARI202106180,20210618,top,4,0,20,5,1,3,0,13
2021,ARI202106180,20210618,bottom,4,0,19,5,1,3,0,9
2021,ATL202106180,20210618,top,4,1,25,5,1,3,0,15
2021,ATL202106180,20210618,bottom,6,1,22,7,1,7,4,24
2021,BAL202106180,20210618,top,3,0,11,4,1,4,0,13
2021,BAL202106180,20210618,bottom,5,1,25,6,1,5,0,25
2021,CHN202106180,20210618,top,3,0,8,4,1,3,0,12
2021,CHN202106180,20210618,bottom,5,1,16,6,1,4,0,22
2021,COL202106180,20210618,top,3,0,7,4,1,3,0,9
2021,COL202106180,20210618,bottom,5,0,27,6,1,7,1,18
2021,HOU202106180,20210618,top,6,1,26,7,1,5,0,13
2021,HOU202106180,20210618,bottom,3,0,9,4,1,3,0,11
2021,KCA202106180,20210618,top,4,0,21,5,1,4,0,13
2021,KCA202106180,20210618,bottom,5,0,17,6,1,4,0,14
2021,NYA202106180,20210618,top,4,1,16,5,1,3,0,13
2021,NYA202106180,20210618,bottom,3,0,12,4,1,3,0,7
2021,PIT202106180,20210618,top,3,0,10,4,1,3,0,13
2021,PIT202106180,20210618,bottom,8,5,34,9,1,3,0,14
2021,SDN202106180,20210618,top,4,0,13,5,1,3,0,15
2021,SDN202106180,20210618,bottom,5,1,22,6,1,5,1,22
2021,SEA202106180,20210618,top,6,1,21,7,1,4,0,20
2021,SEA202106180,20210618,bottom,9,4,27,1,1,3,0,8
2021,SFN202106180,20210618,top,4,1,18,5,1,3,0,11
2021,SFN202106180,20210618,bottom,4,0,24,5,1,7,3,29
2021,TEX202106180,20210618,top,7,3,26,8,1,4,0,12
2021,TEX202106180,20210618,bottom,7,2,27,8,1,5,0,28
2021,WAS202106180,20210618,top,3,0,12,4,1,4,0,15
2021,WAS202106180,20210618,bottom,3,0,13,4,1,3,0,11
2021,ANA202106190,20210619,top,4,0,12,5,1,3,0,11
2021,ANA202106190,20210619,bottom,3,0,10,4,1,5,1,15
2021,ARI202106190,20210619,top,6,2,18,7,1,6,1,20
2021,ARI202106190,20210619,bottom,3,0,10,4,1,4,0,20
2021,BAL202106190,20210619,top,6,2,18,7,1,3,0,14
2021,BAL202106190,20210619,bottom,3,0,18,4,1,4,1,20
2021,CHN202106190,20210619,top,6,3,21,7,1,4,1,16
2021,CHN202106190,20210619,bottom,3,0,14,4,1,3,0,8
2021,COL202106190,20210619,top,5,2,15,6,1,4,0,18
2021,COL202106190,20210619,bottom,6,2,16,7,1,5,1,17
2021,HOU202106190,20210619,top,3,0,9,4,1,5,0,11
2021,HOU202106190,20210619,bottom,5,1,23,6,1,3,0,15
2021,KCA202106190,20210619,top,5,1,19,6,1,5,0,22
2021,KCA202106190,20210619,bottom,4,0,16,5,1,4,0,14
2021,NYA202106190,20210619,top,4,1,8,5,1,4,0,15
2021,NYA202106190,20210619,bottom,3,0,13,4,1,4,0,13
2021,PIT202106190,20210619,top,3,0,15,4,1,4,1,17
2021,PIT202106190,20210619,bottom,4,0,18,5,1,3,0,13
2021,SDN202106190,20210619,top,5,1,18,6,1,5,1,24
2021,SDN202106190,20210619,bottom,5,0,22,6,1,5,0,21
2021,SEA202106190,20210619,top,3,0,18,4,1,6,2,21
2021,SEA202106190,20210619,bottom,3,0,10,4,1,8,5,29
2021,SFN202106190,20210619,top,7,1,35,8,1,5,2,21
2021,SFN202106190,20210619,bottom,5,2,19,6,1,7,3,30
2021,TEX202106190,20210619,top,3,0,10,4,1,3,0,9
2021,TEX202106190,20210619,bottom,4,0,20,5,1,3,0,11
2021,WAS202106191,20210619,top,5,2,14,6,1,3,0,11
2021,WAS202106191,20210619,bottom,4,0,14,5,1,5,0,19
2021,WAS202106192,20210619,top,3,0,14,4,1,3,0,10
2021,WAS202106192,20210619,bottom,5,1,14,6,1,3,0,8
2021,ANA202106200,20210620,top,3,0,15,4,1,5,0,20
2021,ANA202106200,20210620,bottom,3,0,15,4,1,5,0,22
2021,ARI202106200,20210620,top,5,0,22,6,1,3,0,12
2021,ARI202106200,20210620,bottom,3,0,11,4,1,4,0,11
2021,BAL202106200,20210620,top,6,0,29,7,1,4,0,11
2021,BAL202106200,20210620,bottom,4,1,15,5,1,4,0,16
2021,CHN202106200,20210620,top,4,0,13,5,1,4,0,11
2021,CHN202106200,20210620,bottom,3,0,14,4,1,3,0,20
2021,COL202106200,20210620,top,7,2,21,8,1,5,2,11
2021,COL202106200,20210620,bottom,4,0,18,5,1,5,0,14
2021,HOU202106200,20210620,top,3,0,12,4,1,5,2,17
2021,HOU202106200,20210620,bottom,7,1,27,8,1,3,0,6
2021,KCA202106200,20210620,top,3,0,11,4,1,6,2,22
2021,KCA202106200,20210620,bottom,3,0,6,4,1,6,1,30
2021,NYA202106200,20210620,top,4,1,16,5,1,3,0,15
2021,NYA202106200,20210620,bottom,4,0,19,5,1,3,0,15
2021,PIT202106200,20210620,top,3,0,4,4,1,3,0,16
2021,PIT202106200,20210620,bottom,4,0,15,5,1,3,0,11
2021,SDN202106200,20210620,top,3,0,10,4,1,4,0,12
2021,SDN202106200,20210620,bottom,5,0,17,6,1,4,0,19
2021,SEA202106200,20210620,top,3,0,13,4,1,3,0,7
2021,SEA202106200,20210620,bottom,3,0,10,4,1,3,0,21
2021,SFN202106200,20210620,top,4,0,18,5,1,4,0,11
2021,SFN202106200,20210620,bottom,6,3,23,7,1,4,0,20
2021,TEX202106200,20210620,top,6,2,18,7,1,5,0,26
2021,TEX202106200,20210620,bottom,5,0,24,6,1,3,0,7
2021,WAS202106200,20210620,top,4,0,11,5,1,4,1,12
2021,WAS202106200,20210620,bottom,5,1,15,6,1,5,0,15
2021,ATL202106201,20210620,top,5,2,16,6,1,3,0,10
2021,ATL202106201,20210620,bottom,3,0,10,4,1,3,0,17
2021,ATL202106202,20210620,top,3,0,11,4,1,4,0,16
2021,ATL202106202,20210620,bottom,4,0,17,5,1,4,0,13
2021,ARI202106210,20210621,top,6,1,23,7,1,3,0,11
2021,ARI202106210,20210621,bottom,3,0,12,4,1,9,3,38
2021,BAL202106210,20210621,top,5,0,20,6,1,3,0,12
2021,BAL202106210,20210621,bottom,3,0,15,4,1,3,0,9
2021,CHN202106210,20210621,top,3,0,11,4,1,4,1,14
2021,CHN202106210,20210621,bottom,3,0,8,4,1,4,0,16
2021,MIN202106210,20210621,top,4,0,21,5,1,5,0,25
2021,MIN202106210,20210621,bottom,3,0,14,4,1,9,3,38
2021,SDN202106210,20210621,top,4,0,22,5,1,3,0,17
2021,SDN202106210,20210621,bottom,9,4,36,1,1,4,0,22
2021,TEX202106210,20210621,top,4,0,19,5,1,3,0,11
2021,TEX202106210,20210621,bottom,9,5,24,1,1,4,0,10
2021,NYN202106211,20210621,top,3,0,8,4,1,3,0,13
2021,NYN202106211,20210621,bottom,4,1,17,5,1,5,0,15
2021,NYN202106212,20210621,top,6,0,31,7,1,4,0,15
2021,NYN202106212,20210621,bottom,3,0,11,4,1,4,0,23
2021,ANA202106220,20210622,top,8,4,29,9,1,4,1,14
2021,ANA202106220,20210622,bottom,5,0,17,6,1,5,0,16
2021,ARI202106220,20210622,top,4,1,19,5,1,3,0,7
2021,ARI202106220,20210622,bottom,5,0,20,6,1,3,0,10
2021,BAL202106220,20210622,top,5,0,22,6,1,4,1,16
2021,BAL202106220,20210622,bottom,3,0,9,4,1,3,0,13
2021,CHN202106220,20210622,top,3,0,9,4,1,3,0,10
2021,CHN202106220,20210622,bottom,3,0,10,4,1,3,0,12
2021,DET202106220,20210622,top,4,0,18,5,1,5,0,28
2021,DET202106220,20210622,bottom,5,0,20,6,1,4,0,12
2021,MIA202106220,20210622,top,3,0,7,4,1,4,0,17
2021,MIA202106220,20210622,bottom,3,0,9,4,1,4,1,21
2021,MIN202106220,20210622,top,4,0,19,5,1,4,0,11
2021,MIN202106220,20210622,bottom,4,0,16,5,1,3,0,15
2021,NYA202106220,20210622,top,4,0,14,5,1,3,0,14
2021,NYA202106220,20210622,bottom,7,1,21,8,1,6,1,25
2021,NYN202106220,20210622,top,4,0,18,5,1,6,0,23
2021,NYN202106220,20210622,bottom,3,0,11,4,1,3,0,11
2021,PHI202106220,20210622,top,7,2,36,8,1,3,0,9
2021,PHI202106220,20210622,bottom,3,0,17,4,1,6,1,30
2021,PIT202106220,20210622,top,3,0,12,4,1,3,0,8
2021,PIT202106220,20210622,bottom,4,0,26,5,1,3,0,13
2021,SDN202106220,20210622,top,5,0,25,6,1,3,0,14
2021,SDN202106220,20210622,bottom,5,2,14,6,1,4,0,14
2021,SEA202106220,20210622,top,3,0,8,4,1,4,0,16
2021,SEA202106220,20210622,bottom,3,0,12,4,1,4,0,14
2021,TBA202106220,20210622,top,5,0,22,6,0,4,0,20
2021,TBA202106220,20210622,bottom,7,2,26,8,1,3,0,15
2021,TEX202106220,20210622,top,9,4,42,1,0,6,3,26
2021,TEX202106220,20210622,bottom,3,0,10,4,1,3,0,7
2021,ANA202106230,20210623,top,5,0,24,6,1,4,0,16
2021,ANA202106230,20210623,bottom,5,0,22,6,1,4,0,11
2021,ARI202106230,20210623,top,3,0,13,4,1,3,0,14
2021,ARI202106230,20210623,bottom,3,0,14,4,1,3,0,10
2021,BAL202106230,20210623,top,7,3,32,8,1,6,1,29
2021,BAL202106230,20210623,bottom,4,0,11,5,1,4,0,17
2021,DET202106230,20210623,top,3,0,14,4,1,4,1,12
2021,DET202106230,20210623,bottom,3,0,16,4,1,5,0,17
2021,MIA202106230,20210623,top,6,2,20,7,1,6,0,19
2021,MIA202106230,20210623,bottom,4,0,16,5,1,3,0,12
2021,NYA202106230,20210623,top,5,2,21,6,1,3,0,7
2021,NYA202106230,20210623,bottom,3,0,15,4,1,6,0,27
2021,NYN202106230,20210623,top,4,0,20,5,1,3,0,16
2021,NYN202106230,20210623,bottom,6,2,31,7,1,7,3,24
2021,PHI202106230,20210623,top,3,0,9,4,1,3,0,16
2021,PHI202106230,20210623,bottom,4,0,17,5,1,6,3,23
2021,PIT202106230,20210623,top,5,0,25,6,1,6,2,22
2021,PIT202106230,20210623,bottom,3,0,17,4,1,4,0,16
2021,SDN202106230,20210623,top,4,0,22,5,1,3,0,11
2021,SDN202106230,20210623,bottom,5,2,24,6,1,3,0,12
2021,SEA202106230,20210623,top,3,0,8,4,1,5,2,22
2021,SEA202106230,20210623,bottom,3,0,10,4,1,3,0,12
2021,TBA202106230,20210623,top,5,1,17,6,1,5,0,21
2021,TBA202106230,20210623,bottom,6,2,22,7,1,9,3,35
2021,TEX202106230,20210623,top,5,0,19,6,1,3,0,11
2021,TEX202106230,20210623,bottom,3,0,11,4,1,4,0,15
2021,CIN202106240,20210624,top,4,1,17,5,1,5,0,21
2021,CIN202106240,20210624,bottom,5,1,20,6,1,3,0,9
2021,DET202106240,20210624,top,3,0,5,4,1,7,2,29
2021,DET202106240,20210624,bottom,3,0,11,4,1,3,0,14
2021,LAN202106240,20210624,top,4,1,10,5,1,4,0,15
2021,LAN202106240,20210624,bottom,5,0,24,6,1,4,0,21
2021,MIA202106240,20210624,top,5,1,26,6,1,9,4,30
2021,MIA202106240,20210624,bottom,3,0,13,4,1,4,0,22
2021,MIN202106240,20210624,top,4,0,16,5,1,6,1,29
2021,MIN202106240,20210624,bottom,5,1,31,6,1,5,0,22
2021,NYA202106240,20210624,top,4,0,17,5,1,4,0,18
2021,NYA202106240,20210624,bottom,7,2,28,8,1,5,1,26
2021,SLN202106240,20210624,top,7,2,32,8,1,3,0,9
2021,SLN202106240,20210624,bottom,3,0,16,4,1,5,1,23
2021,TBA202106240,20210624,top,4,0,22,5,1,4,0,16
2021,TBA202106240,20210624,bottom,3,0,14,4,1,3,0,12
2021,TEX202106240,20210624,top,7,3,31,8,1,3,0,7
2021,TEX202106240,20210624,bottom,4,0,10,5,1,4,1,12
2021,TOR202106240,20210624,top,5,0,19,6,1,6,0,32
2021,TOR202106240,20210624,bottom,10,6,45,2,0,5,1,17
2021,BOS202106250,20210625,top,3,0,8,4,1,8,3,36
2021,BOS202106250,20210625,bottom,7,3,31,8,1,4,0,14
2021,CHA202106250,20210625,top,4,0,21,5,1,6,2,22
2021,CHA202106250,20210625,bottom,3,0,8,4,1,4,1,14
2021,CIN202106250,20210625,top,4,0,14,5,1,4,0,20
2021,CIN202106250,20210625,bottom,5,0,15,6,1,3,0,11
2021,LAN202106250,20210625,top,4,1,11,5,1,4,0,24
2021,LAN202106250,20210625,bottom,3,0,13,4,1,4,1,14
2021,MIA202106250,20210625,top,4,0,15,5,1,5,0,20
2021,MIA202106250,20210625,bottom,8,4,33,9,1,3,0,8
2021,MIL202106250,20210625,top,4,0,20,5,1,3,0,12
2021,MIL202106250,20210625,bottom,3,0,12,4,1,5,0,22
2021,MIN202106250,20210625,top,6,3,24,7,1,3,0,13
2021,MIN202106250,20210625,bottom,4,1,14,5,1,3,0,9
2021,SDN202106250,20210625,top,5,0,30,6,1,7,3,19
2021,SDN202106250,20210625,bottom,9,4,29,1,0,5,2,20
2021,SFN202106250,20210625,top,3,0,13,4,1,3,0,10
2021,SFN202106250,20210625,bottom,4,0,16,5,1,3,0,12
2021,SLN202106250,20210625,top,4,0,15,5,1,3,0,13
2021,SLN202106250,20210625,bottom,5,0,18,6,1,6,1,18
2021,TBA202106250,20210625,top,5,2,17,6,1,3,0,7
2021,TBA202106250,20210625,bottom,7,3,32,8,1,4,0,16
2021,TEX202106250,20210625,top,3,0,16,4,1,3,0,9
2021,TEX202106250,20210625,bottom,3,0,9,4,1,5,0,18
2021,TOR202106250,20210625,top,5,0,25,6,1,3,0,9
2021,TOR202106250,20210625,bottom,4,0,13,5,1,5,1,25
2021,NYN202106251,20210625,top,3,0,9,4,1,3,0,12
2021,NYN202106251,20210625,bottom,5,0,18,6,1,3,0,14
2021,NYN202106252,20210625,top,3,0,18,4,1,3,0,13
2021,NYN202106252,20210625,bottom,3,0,12,4,1,4,0,20
2021,BOS202106260,20210626,top,4,0,17,5,1,3,0,12
2021,BOS202106260,20210626,bottom,3,0,18,4,1,7,2,28
2021,CHA202106260,20210626,top,3,0,15,4,1,3,0,13
2021,CHA202106260,20210626,bottom,3,0,15,4,1,3,0,13
2021,CIN202106260,20210626,top,3,0,10,4,1,5,0,14
2021,CIN202106260,20210626,bottom,4,1,17,5,1,4,0,22
2021,LAN202106260,20210626,top,3,0,18,4,1,3,0,13
2021,LAN202106260,20210626,bottom,5,2,24,6,1,3,0,8
2021,MIA202106260,20210626,top,6,1,19,7,1,3,0,12
2021,MIA202106260,20210626,bottom,7,2,20,8,1,3,0,10
2021,MIL202106260,20210626,top,6,1,25,7,1,3,0,9
2021,MIL202106260,20210626,bottom,7,2,35,8,1,4,0,15
2021,NYN202106260,20210626,top,3,0,9,4,1,5,1,16
2021,NYN202106260,20210626,bottom,4,0,17,5,1,6,1,16
2021,SDN202106260,20210626,top,5,1,15,6,1,4,1,13
2021,SDN202106260,20210626,bottom,3,0,17,4,1,5,0,17
2021,SFN202106260,20210626,top,3,0,14,4,1,3,0,18
2021,SFN202106260,20210626,bottom,3,0,16,4,1,6,0,31
2021,SLN202106260,20210626,top,4,0,17,5,1,5,0,24
2021,SLN202106260,20210626,bottom,6,1,25,7,1,4,1,11
2021,TBA202106260,20210626,top,3,0,9,4,1,4,0,14
2021,TBA202106260,20210626,bottom,3,0,15,4,1,5,2,13
2021,TEX202106260,20210626,top,3,0,13,4,1,3,0,13
2021,TEX202106260,20210626,bottom,5,0,22,6,0,9,3,45
2021,TOR202106260,20210626,top,4,0,16,5,1,4,0,7
2021,TOR202106260,20210626,bottom,3,0,17,4,1,4,0,16
2021,DET202106261,20210626,top,5,0,24,6,1,4,0,13
2021,DET202106261,20210626,bottom,3,0,10,4,1,5,1,16
2021,DET202106262,20210626,top,3,0,17,4,1,3,0,20
2021,DET202106262,20210626,bottom,6,1,26,7,1,3,0,10
2021,BOS202106270,20210627,top,3,0,13,4,1,4,0,19
2021,BOS202106270,20210627,bottom,8,4,26,9,1,3,0,9
2021,CHA202106270,20210627,top,3,0,13,4,1,3,0,14
2021,CHA202106270,20210627,bottom,7,2,22,8,1,4,0,15
2021,CIN202106270,20210627,top,3,0,12,4,1,3,0,12
2021,CIN202106270,20210627,bottom,3,0,19,4,1,3,0,18
2021,DET202106270,20210627,top,3,0,11,4,1,3,0,11
2021,DET202106270,20210627,bottom,3,0,10,4,1,4,0,14
2021,LAN202106270,20210627,top,3,0,13,4,1,3,0,12
2021,LAN202106270,20210627,bottom,3,0,10,4,1,10,6,36
2021,MIA202106270,20210627,top,6,1,19,7,1,3,0,19
2021,MIA202106270,20210627,bottom,5,1,18,6,1,5,0,23
2021,MIL202106270,20210627,top,3,0,10,4,1,6,0,37
2021,MIL202106270,20210627,bottom,3,0,18,4,1,3,0,14
2021,MIN202106270,20210627,top,4,0,13,5,1,3,0,15
2021,MIN202106270,20210627,bottom,5,1,23,6,1,5,2,16
2021,NYN202106270,20210627,top,5,0,24,6,1,6,1,23
2021,NYN202106270,20210627,bottom,5,0,16,6,1,3,0,10
2021,SDN202106270,20210627,top,3,0,12,4,1,4,0,12
2021,SDN202106270,20210627,bottom,6,2,25,7,1,3,0,5
2021,SFN202106270,20210627,top,6,2,22,7,1,4,0,11
2021,SFN202106270,20210627,bottom,3,0,10,4,1,4,0,20
2021,SLN202106270,20210627,top,9,3,43,1,1,3,0,15
2021,SLN202106270,20210627,bottom,3,0,7,4,1,3,0,16
2021,TBA202106270,20210627,top,3,0,14,4,1,3,0,15
2021,TBA202106270,20210627,bottom,3,0,8,4,1,4,0,20
2021,TEX202106270,20210627,top,5,0,20,6,1,3,0,10
2021,TEX202106270,20210627,bottom,7,3,27,8,1,4,0,18
2021,TOR202106270,20210627,top,4,1,19,5,1,3,0,12
2021,TOR202106270,20210627,bottom,3,0,18,4,1,5,1,22
2021,BOS202106280,20210628,top,7,3,19,8,1,5,2,18
2021,BOS202106280,20210628,bottom,4,1,18,5,1,4,1,17
2021,CIN202106280,20210628,top,5,0,14,6,1,4,0,12
2021,CIN202106280,20210628,bottom,3,0,9,4,1,5,0,18
2021,CLE202106280,20210628,top,3,0,7,4,1,4,1,9
2021,CLE202106280,20210628,bottom,5,2,19,6,1,7,3,26
2021,COL202106280,20210628,top,5,0,25,6,1,4,0,15
2021,COL202106280,20210628,bottom,4,0,11,5,1,3,0,13
2021,HOU202106280,20210628,top,4,0,20,5,1,4,0,19
2021,HOU202106280,20210628,bottom,4,0,15,5,1,4,0,19
2021,LAN202106280,20210628,top,4,0,13,5,1,5,0,19
2021,LAN202106280,20210628,bottom,5,2,15,6,1,3,0,11
2021,MIL202106280,20210628,top,6,2,20,7,1,6,0,24
2021,MIL202106280,20210628,bottom,8,2,23,9,1,3,0,9
2021,NYA202106280,20210628,top,6,2,25,7,1,3,0,11
2021,NYA202106280,20210628,bottom,5,1,23,6,1,5,1,22
2021,SLN202106280,20210628,top,4,0,22,5,1,4,0,16
2021,SLN202106280,20210628,bottom,3,0,11,4,1,4,0,23
2021,WAS202106280,20210628,top,3,0,9,4,1,3,0,16
2021,WAS202106280,20210628,bottom,6,2,10,7,1,4,1,19
2021,ATL202106290,20210629,top,4,0,13,5,1,3,0,6
2021,ATL202106290,20210629,bottom,3,0,11,4,1,5,0,18
2021,BOS202106290,20210629,top,6,1,25,7,1,6,1,28
2021,BOS202106290,20210629,bottom,6,2,17,7,1,4,0,12
2021,CHA202106290,20210629,top,5,2,18,6,1,3,0,22
2021,CHA202106290,20210629,bottom,6,1,30,7,1,5,0,17
2021,CIN202106290,20210629,top,5,2,20,6,1,7,1,28
2021,CIN202106290,20210629,bottom,6,1,22,7,1,3,0,7
2021,COL202106290,20210629,top,3,0,7,4,1,4,0,11
2021,COL202106290,20210629,bottom,3,0,10,4,1,5,2,11
2021,HOU202106290,20210629,top,4,1,19,5,1,4,0,17
2021,HOU202106290,20210629,bottom,4,0,12,5,1,7,1,30
2021,LAN202106290,20210629,top,4,0,25,5,1,3,0,18
2021,LAN202106290,20210629,bottom,7,2,29,8,1,3,0,9
2021,MIL202106290,20210629,top,3,0,11,4,1,3,0,16
2021,MIL202106290,20210629,bottom,5,1,21,6,1,3,0,15
2021,NYA202106290,20210629,top,4,0,11,5,1,5,2,16
2021,NYA202106290,20210629,bottom,5,1,18,6,1,7,4,33
2021,OAK202106290,20210629,top,4,0,23,5,1,3,0,16
2021,OAK202106290,20210629,bottom,4,1,12,5,1,3,0,8
2021,PHI202106290,20210629,top,3,0,13,4,1,4,0,18
2021,PHI202106290,20210629,bottom,6,1,20,7,1,4,0,15
2021,SLN202106290,20210629,top,3,0,12,4,1,4,0,14
2021,SLN202106290,20210629,bottom,5,0,19,6,1,4,0,18
2021,TOR202106290,20210629,top,5,0,30,6,1,3,0,12
2021,TOR202106290,20210629,bottom,5,0,15,6,1,6,2,30
2021,WAS202106290,20210629,top,5,0,12,6,1,3,0,10
2021,WAS202106290,20210629,bottom,7,3,22,8,1,4,1,14
2021,ATL202106300,20210630,top,6,2,23,7,1,3,0,10
2021,ATL202106300,20210630,bottom,5,2,14,6,1,3,0,8
2021,BOS202106300,20210630,top,3,0,11,4,1,4,1,18
2021,BOS202106300,20210630,bottom,3,0,8,4,1,4,0,12
2021,CHA202106300,20210630,top,5,1,23,6,1,3,0,13
2021,CHA202106300,20210630,bottom,3,0,10,4,1,6,3,34
2021,CIN202106300,20210630,top,4,0,11,5,1,6,2,18
2021,CIN202106300,20210630,bottom,8,4,37,9,1,4,0,20
2021,COL202106300,20210630,top,5,2,18,6,1,3,0,13
2021,COL202106300,20210630,bottom,4,0,21,5,1,5,0,18
2021,HOU202106300,20210630,top,8,4,44,9,1,3,0,15
2021,HOU202106300,20210630,bottom,3,0,14,4,1,3,0,7
2021,MIL202106300,20210630,top,12,7,49,4,0,4,0,10
2021,MIL202106300,20210630,bottom,7,1,32,8,1,10,5,34
2021,NYA202106300,20210630,top,5,2,22,6,1,6,1,26
2021,NYA202106300,20210630,bottom,11,7,46,3,0,5,0,16
2021,OAK202106300,20210630,top,3,0,10,4,1,3,0,16
2021,OAK202106300,20210630,bottom,3,0,21,4,1,6,3,22
2021,PHI202106300,20210630,top,4,0,14,5,1,4,1,19
2021,PHI202106300,20210630,bottom,3,0,13,4,1,8,4,28
2021,SLN202106300,20210630,top,5,0,26,6,1,4,0,13
2021,SLN202106300,20210630,bottom,4,0,11,5,1,6,2,22
2021,TOR202106300,20210630,top,3,0,11,4,1,4,0,12
2021,TOR202106300,20210630,bottom,4,0,12,5,1,6,1,32
2021,WAS202106300,20210630,top,5,2,21,6,1,6,0,20
2021,WAS202106300,20210630,bottom,5,2,20,6,1,3,0,6
2021,CLE202106301,20210630,top,3,0,12,4,1,8,2,33
2021,CLE202106301,20210630,bottom,4,1,12,5,1,4,1,17
2021,CLE202106302,20210630,top,3,0,18,4,1,6,2,24
2021,CLE202106302,20210630,bottom,3,0,14,4,1,5,1,16
2021,ARI202107010,20210701,top,5,1,16,6,1,4,0,10
2021,ARI202107010,20210701,bottom,3,0,17,4,1,7,2,32
2021,ATL202107010,20210701,top,5,1,22,6,1,4,0,15
2021,ATL202107010,20210701,bottom,6,3,22,7,1,5,0,17
2021,BOS202107010,20210701,top,5,0,18,6,1,4,0,8
2021,BOS202107010,20210701,bottom,5,1,17,6,1,3,0,18
2021,CHA202107010,20210701,top,6,0,28,7,1,3,0,11
2021,CHA202107010,20210701,bottom,4,0,11,5,1,6,1,21
2021,CIN202107010,20210701,top,3,0,18,4,1,3,0,12
2021,CIN202107010,20210701,bottom,5,0,24,6,1,8,2,28
2021,CLE202107010,20210701,top,4,0,19,5,1,3,0,15
2021,CLE202107010,20210701,bottom,3,0,7,4,1,7,1,35
2021,COL202107010,20210701,top,4,0,16,5,1,6,1,19
2021,COL202107010,20210701,bottom,4,0,18,5,1,7,2,20
2021,OAK202107010,20210701,top,5,1,21,6,1,5,0,20
2021,OAK202107010,20210701,bottom,4,0,15,5,1,6,0,21
2021,PIT202107010,20210701,top,4,0,14,5,1,6,2,27
2021,PIT202107010,20210701,bottom,3,0,6,4,1,3,0,11
2021,TOR202107010,20210701,top,6,2,28,7,1,6,1,26
2021,TOR202107010,20210701,bottom,4,1,17,5,1,3,0,17
2021,WAS202107010,20210701,top,4,0,18,5,1,3,0,16
2021,WAS202107010,20210701,bottom,5,1,10,6,0,3,0,12
2021,ANA202107020,20210702,top,4,1,15,5,1,4,1,22
2021,ANA202107020,20210702,bottom,4,0,13,5,1,6,2,22
2021,ARI202107020,20210702,top,5,0,19,6,1,7,2,33
2021,ARI202107020,20210702,bottom,3,0,10,4,1,3,0,18
2021,ATL202107020,20210702,top,4,0,16,5,1,4,0,19
2021,ATL202107020,20210702,bottom,5,1,16,6,0,3,0,16
2021,CIN202107020,20210702,top,3,0,12,4,1,4,0,14
2021,CIN202107020,20210702,bottom,3,0,8,4,1,4,0,17
2021,CLE202107020,20210702,top,3,0,10,4,1,6,2,22
2021,CLE202107020,20210702,bottom,6,0,27,7,1,4,0,20
2021,COL202107020,20210702,top,3,0,10,4,1,6,2,26
2021,COL202107020,20210702,bottom,3,0,11,4,1,4,1,9
2021,DET202107020,20210702,top,6,2,27,7,1,3,0,9
2021,DET202107020,20210702,bottom,5,0,24,6,1,3,0,10
2021,KCA202107020,20210702,top,7,3,25,8,1,3,0,16
2021,KCA202107020,20210702,bottom,3,0,7,4,1,7,3,35
2021,OAK202107020,20210702,top,3,0,12,4,1,3,0,11
2021,OAK202107020,20210702,bottom,4,0,18,5,1,5,0,23
2021,PHI202107020,20210702,top,4,0,19,5,1,3,0,12
2021,PHI202107020,20210702,bottom,5,2,20,6,1,3,0,8
2021,PIT202107020,20210702,top,4,1,14,5,1,5,2,20
2021,PIT202107020,20210702,bottom,4,0,20,5,1,4,1,7
2021,SEA202107020,20210702,top,3,0,12,4,1,3,0,14
2021,SEA202107020,20210702,bottom,3,0,16,4,1,4,0,16
2021,TOR202107020,20210702,top,4,0,19,5,1,3,0,11
2021,TOR202107020,20210702,bottom,5,2,16,6,1,8,4,30
2021,WAS202107020,20210702,top,4,0,18,5,1,4,0,19
2021,WAS202107020,20210702,bottom,4,0,16,5,1,7,3,20
2021,ANA202107030,20210703,top,3,0,17,4,1,3,0,15
2021,ANA202107030,20210703,bottom,6,2,23,7,1,6,1,24
2021,ARI202107030,20210703,top,6,0,21,7,1,3,0,10
2021,ARI202107030,20210703,bottom,5,0,21,6,1,3,0,12
2021,ATL202107030,20210703,top,3,0,15,4,1,4,0,15
2021,ATL202107030,20210703,bottom,5,0,24,6,1,3,0,17
2021,CIN202107030,20210703,top,6,0,28,7,1,4,1,17
2021,CIN202107030,20210703,bottom,3,0,8,4,1,4,0,12
2021,CLE202107030,20210703,top,6,1,23,7,1,3,0,15
2021,CLE202107030,20210703,bottom,4,0,17,5,1,4,0,14
2021,COL202107030,20210703,top,5,0,29,6,1,3,0,7
2021,COL202107030,20210703,bottom,3,0,12,4,1,6,0,14
2021,DET202107030,20210703,top,6,2,22,7,1,5,0,22
2021,DET202107030,20210703,bottom,3,0,15,4,1,4,0,12
2021,KCA202107030,20210703,top,4,0,11,5,1,4,0,12
2021,KCA202107030,20210703,bottom,4,0,28,5,1,4,0,13
2021,NYA202107030,20210703,top,5,0,21,6,1,4,0,17
2021,NYA202107030,20210703,bottom,3,0,15,4,1,4,0,18
2021,OAK202107030,20210703,top,3,0,10,4,1,4,0,12
2021,OAK202107030,20210703,bottom,4,0,18,5,1,5,1,17
2021,PHI202107030,20210703,top,5,2,28,6,1,5,0,17
2021,PHI202107030,20210703,bottom,3,0,14,4,1,6,2,21
2021,PIT202107030,20210703,top,8,3,38,9,1,7,2,23
2021,PIT202107030,20210703,bottom,3,0,10,4,1,6,1,18
2021,SEA202107030,20210703,top,4,0,18,5,1,3,0,17
2021,SEA202107030,20210703,bottom,4,0,17,5,1,5,0,21
2021,TOR202107030,20210703,top,3,0,11,4,1,4,0,18
2021,TOR202107030,20210703,bottom,3,0,13,4,1,6,1,17
2021,WAS202107030,20210703,top,4,0,17,5,1,3,0,9
2021,WAS202107030,20210703,bottom,3,0,9,4,1,3,0,12
2021,ANA202107040,20210704,top,6,0,35,7,1,3,0,13
2021,ANA202107040,20210704,bottom,6,2,21,7,1,3,0,10
2021,ARI202107040,20210704,top,6,2,24,7,1,3,0,15
2021,ARI202107040,20210704,bottom,3,0,13,4,1,3,0,5
2021,ATL202107040,20210704,top,3,0,9,4,1,3,0,11
2021,ATL202107040,20210704,bottom,3,0,7,4,1,4,0,16
2021,CIN202107040,20210704,top,5,1,12,6,1,5,1,14
2021,CIN202107040,20210704,bottom,5,0,21,6,1,5,1,16
2021,CLE202107040,20210704,top,3,0,11,4,1,4,0,17
2021,CLE202107040,20210704,bottom,4,0,15,5,1,3,0,10
2021,COL202107040,20210704,top,3,0,11,4,1,5,2,17
2021,COL202107040,20210704,bottom,4,1,14,5,1,3,0,11
2021,DET202107040,20210704,top,4,0,18,5,1,5,0,19
2021,DET202107040,20210704,bottom,4,1,12,5,1,8,3,35
2021,KCA202107040,20210704,top,4,0,10,5,1,4,0,21
2021,KCA202107040,20210704,bottom,4,0,16,5,1,5,0,19
2021,OAK202107040,20210704,top,4,0,11,5,1,3,0,13
2021,OAK202107040,20210704,bottom,5,0,20,6,1,3,0,8
2021,PHI202107040,20210704,top,5,2,20,6,1,3,0,11
2021,PHI202107040,20210704,bottom,4,0,22,5,1,4,0,15
2021,PIT202107040,20210704,top,4,0,15,5,1,5,0,17
2021,PIT202107040,20210704,bottom,5,1,17,6,1,3,0,8
2021,SEA202107040,20210704,top,3,0,13,4,1,3,0,12
2021,SEA202107040,20210704,bottom,3,0,12,4,1,4,0,12
2021,TOR202107040,20210704,top,3,0,10,4,1,5,0,22
2021,TOR202107040,20210704,bottom,4,0,12,5,1,4,1,15
2021,WAS202107040,20210704,top,3,0,13,4,1,4,0,17
2021,WAS202107040,20210704,bottom,5,0,19,6,0,3,0,12
2021,NYA202107041,20210704,top,4,1,14,5,1,4,0,18
2021,NYA202107041,20210704,bottom,3,0,11,4,1,7,3,30
2021,NYA202107042,20210704,top,3,0,10,4,1,4,0,23
2021,NYA202107042,20210704,bottom,4,0,15,5,1,6,3,23
2021,ANA202107050,20210705,top,5,0,25,6,1,7,2,30
2021,ANA202107050,20210705,bottom,3,0,15,4,1,5,1,20
2021,CHN202107050,20210705,top,3,0,10,4,1,4,0,14
2021,CHN202107050,20210705,bottom,6,0,25,7,1,4,1,13
2021,KCA202107050,20210705,top,3,0,13,4,1,4,1,10
2021,KCA202107050,20210705,bottom,4,0,13,5,1,4,0,13
2021,MIA202107050,20210705,top,3,0,13,4,1,5,0,24
2021,MIA202107050,20210705,bottom,4,0,25,5,1,4,0,14
2021,MIN202107050,20210705,top,3,0,16,4,1,4,0,17
2021,MIN202107050,20210705,bottom,3,0,15,4,1,5,2,14
2021,NYN202107050,20210705,top,5,0,21,6,1,3,0,17
2021,NYN202107050,20210705,bottom,3,0,12,4,1,3,0,11
2021,PIT202107050,20210705,top,7,1,36,8,1,3,0,10
2021,PIT202107050,20210705,bottom,4,0,13,5,1,3,0,15
2021,SDN202107050,20210705,top,5,1,19,6,1,9,4,37
2021,SDN202107050,20210705,bottom,6,0,29,7,1,3,0,12
2021,SFN202107050,20210705,top,4,0,15,5,1,3,0,17
2021,SFN202107050,20210705,bottom,4,0,13,5,1,3,0,11
2021,TBA202107050,20210705,top,3,0,12,4,1,3,0,9
2021,TBA202107050,20210705,bottom,3,0,5,4,1,8,4,33
2021,TEX202107050,20210705,top,3,0,9,4,1,4,0,15
2021,TEX202107050,20210705,bottom,3,0,9,4,1,3,0,11
2021,ANA202107060,20210706,top,4,1,15,5,1,3,0,9
2021,ANA202107060,20210706,bottom,7,3,28,8,1,4,0,16
2021,ARI202107060,20210706,top,3,0,9,4,1,4,0,20
2021,ARI202107060,20210706,bottom,7,3,18,8,1,3,0,10
2021,BAL202107060,20210706,top,5,1,18,6,1,4,0,16
2021,BAL202107060,20210706,bottom,4,0,15,5,1,3,0,14
2021,CHN202107060,20210706,top,7,4,26,8,1,8,3,33
2021,CHN202107060,20210706,bottom,3,0,7,4,1,4,0,18
2021,HOU202107060,20210706,top,7,3,22,8,1,6,3,19
2021,HOU202107060,20210706,bottom,5,2,20,6,1,4,0,21
2021,KCA202107060,20210706,top,4,0,17,5,1,3,0,16
2021,KCA202107060,20210706,bottom,3,0,11,4,1,4,0,13
2021,MIA202107060,20210706,top,4,0,14,5,1,4,0,24
2021,MIA202107060,20210706,bottom,4,0,19,5,1,3,0,10
2021,MIN202107060,20210706,top,3,0,15,4,1,6,2,28
2021,MIN202107060,20210706,bottom,3,0,16,4,1,5,0,22
2021,PIT202107060,20210706,top,3,0,16,4,1,3,0,16
2021,PIT202107060,20210706,bottom,5,0,26,6,1,4,0,13
2021,SDN202107060,20210706,top,3,0,12,4,1,4,0,14
2021,SDN202107060,20210706,bottom,4,0,13,5,1,3,0,16
2021,SEA202107060,20210706,top,7,3,29,8,1,8,3,40
2021,SEA202107060,20210706,bottom,4,0,19,5,1,3,0,12
2021,SFN202107060,20210706,top,6,2,27,7,1,4,0,10
2021,SFN202107060,20210706,bottom,4,0,15,5,1,5,0,23
2021,TEX202107060,20210706,top,3,0,11,4,1,4,0,15
2021,TEX202107060,20210706,bottom,5,0,18,6,1,3,0,11
2021,ANA202107070,20210707,top,3,0,14,4,1,3,0,14
2021,ANA202107070,20210707,bottom,6,2,17,7,1,5,0,22
2021,ARI202107070,20210707,top,5,0,22,6,1,5,0,19
2021,ARI202107070,20210707,bottom,3,0,12,4,1,7,3,22
2021,BAL202107070,20210707,top,8,3,21,9,1,3,0,18
2021,BAL202107070,20210707,bottom,4,0,19,5,1,5,0,22
2021,CHN202107070,20210707,top,4,0,16,5,1,4,0,21
2021,CHN202107070,20210707,bottom,8,3,21,9,1,6,2,27
2021,HOU202107070,20210707,top,4,1,14,5,1,3,0,17
2021,HOU202107070,20210707,bottom,3,0,12,4,1,3,0,6
2021,KCA202107070,20210707,top,4,0,16,5,1,3,0,13
2021,KCA202107070,20210707,bottom,4,0,12,5,1,3,0,8
2021,MIA202107070,20210707,top,3,0,11,4,1,3,0,12
2021,MIA202107070,20210707,bottom,4,1,12,5,0,4,1,13
2021,MIN202107070,20210707,top,3,0,13,4,1,6,2,15
2021,MIN202107070,20210707,bottom,4,0,9,5,1,3,0,10
2021,PIT202107070,20210707,top,5,1,20,6,1,4,0,19
2021,PIT202107070,20210707,bottom,9,3,23,1,1,5,0,20
2021,SDN202107070,20210707,top,7,3,31,8,1,8,4,36
2021,SDN202107070,20210707,bottom,6,0,25,7,1,4,0,16
2021,SEA202107070,20210707,top,8,3,29,9,1,7,2,28
2021,SEA202107070,20210707,bottom,7,1,34,8,0,3,0,10
2021,SFN202107070,20210707,top,5,1,23,6,1,3,0,12
2021,SFN202107070,20210707,bottom,7,1,26,8,1,5,1,22
2021,TEX202107070,20210707,top,5,1,23,6,1,3,0,12
2021,TEX202107070,20210707,bottom,3,0,9,4,1,5,1,16
2021,NYN202107071,20210707,top,4,1,13,5,1,3,0,10
2021,NYN202107071,20210707,bottom,6,1,26,7,1,4,0,13
2021,TBA202107071,20210707,top,3,0,17,4,1,4,1,12
2021,TBA202107071,20210707,bottom,7,3,39,8,1,3,0,13
2021,NYN202107072,20210707,top,5,0,18,6,1,6,2,27
2021,NYN202107072,20210707,bottom,4,0,14,5,1,3,0,7
2021,TBA202107072,20210707,top,3,0,13,4,1,3,0,14
2021,TBA202107072,20210707,bottom,4,0,13,5,1,6,1,29
2021,ARI202107080,20210708,top,4,0,21,5,1,5,1,21
2021,ARI202107080,20210708,bottom,4,0,10,5,1,4,0,15
2021,CHN202107080,20210708,top,3,0,8,4,1,5,1,20
2021,CHN202107080,20210708,bottom,5,0,27,6,1,5,0,24
2021,CLE202107080,20210708,top,3,0,14,4,1,3,0,7
2021,CLE202107080,20210708,bottom,3,0,11,4,1,4,0,17
2021,HOU202107080,20210708,top,6,2,20,7,1,5,0,17
2021,HOU202107080,20210708,bottom,3,0,13,4,1,5,0,23
2021,MIA202107080,20210708,top,5,0,22,6,1,3,0,11
2021,MIA202107080,20210708,bottom,6,1,22,7,1,3,0,15
2021,MIL202107080,20210708,top,6,0,29,7,1,6,0,22
2021,MIL202107080,20210708,bottom,7,2,31,8,1,4,0,21
2021,MIN202107080,20210708,top,3,0,11,4,1,4,0,18
2021,MIN202107080,20210708,bottom,3,0,12,4,1,3,0,11
2021,SDN202107080,20210708,top,7,3,23,8,1,3,0,15
2021,SDN202107080,20210708,bottom,3,0,17,4,1,3,0,13
2021,SEA202107080,20210708,top,3,0,9,4,1,5,0,19
2021,SEA202107080,20210708,bottom,4,1,11,5,1,5,2,19
2021,BAL202107090,20210709,top,3,0,13,4,1,5,0,19
2021,BAL202107090,20210709,bottom,5,0,18,6,1,5,1,14
2021,BOS202107090,20210709,top,5,1,21,6,1,6,2,23
2021,BOS202107090,20210709,bottom,7,2,29,8,1,6,3,35
2021,CHN202107090,20210709,top,4,0,18,5,1,4,0,9
2021,CHN202107090,20210709,bottom,8,3,34,9,1,5,0,11
2021,CLE202107090,20210709,top,3,0,14,4,1,3,0,9
2021,CLE202107090,20210709,bottom,3,0,9,4,1,6,1,24
2021,HOU202107090,20210709,top,4,0,15,5,1,5,0,18
2021,HOU202107090,20210709,bottom,3,0,11,4,1,4,0,19
2021,LAN202107090,20210709,top,6,0,15,7,1,4,0,18
2021,LAN202107090,20210709,bottom,4,0,10,5,1,3,0,11
2021,MIA202107090,20210709,top,4,1,11,5,0,4,0,19
2021,MIA202107090,20210709,bottom,3,0,11,4,1,3,0,12
2021,MIL202107090,20210709,top,5,0,23,6,1,4,0,6
2021,MIL202107090,20210709,bottom,4,0,16,5,1,4,0,15
2021,MIN202107090,20210709,top,3,0,17,4,1,4,0,12
2021,MIN202107090,20210709,bottom,3,0,11,4,1,4,0,12
2021,NYN202107090,20210709,top,3,0,10,4,1,6,1,27
2021,NYN202107090,20210709,bottom,3,0,16,4,1,3,0,14
2021,SDN202107090,20210709,top,3,0,16,4,1,7,1,33
2021,SDN202107090,20210709,bottom,3,0,15,4,1,5,0,22
2021,SEA202107090,20210709,top,4,1,17,5,1,5,1,19
2021,SEA202107090,20210709,bottom,4,0,13,5,1,4,0,17
2021,SFN202107090,20210709,top,4,0,18,5,1,4,0,17
2021,SFN202107090,20210709,bottom,6,1,31,7,1,5,2,17
2021,TBA202107090,20210709,top,6,0,29,7,1,3,0,12
2021,TBA202107090,20210709,bottom,3,0,17,4,1,4,0,20
2021,TEX202107090,20210709,top,3,0,15,4,1,4,0,10
2021,TEX202107090,20210709,bottom,3,0,12,4,1,3,0,13
2021,BAL202107100,20210710,top,3,0,12,4,1,4,1,20
2021,BAL202107100,20210710,bottom,4,0,11,5,1,3,0,10
2021,BOS202107100,20210710,top,4,1,17,5,1,6,2,25
2021,BOS202107100,20210710,bottom,3,0,10,4,1,4,1,13
2021,CHN202107100,20210710,top,6,1,27,7,1,4,0,15
2021,CHN202107100,20210710,bottom,4,0,15,5,1,3,0,13
2021,CLE202107100,20210710,top,3,0,12,4,1,4,0,16
2021,CLE202107100,20210710,bottom,3,0,11,4,1,4,0,15
2021,HOU202107100,20210710,top,3,0,12,4,1,5,0,20
2021,HOU202107100,20210710,bottom,3,0,12,4,1,3,0,13
2021,LAN202107100,20210710,top,5,0,23,6,1,3,0,11
2021,LAN202107100,20210710,bottom,8,5,35,9,1,7,4,28
2021,MIA202107100,20210710,top,4,0,21,5,1,3,0,13
2021,MIA202107100,20210710,bottom,5,0,17,6,1,3,0,9
2021,MIL202107100,20210710,top,3,0,13,4,1,3,0,12
2021,MIL202107100,20210710,bottom,6,1,24,7,1,4,0,17
2021,MIN202107100,20210710,top,4,0,21,5,1,5,2,31
2021,MIN202107100,20210710,bottom,5,0,20,6,1,4,0,19
2021,SDN202107100,20210710,top,4,0,16,5,1,4,0,16
2021,SDN202107100,20210710,bottom,3,0,17,4,1,4,0,10
2021,SEA202107100,20210710,top,3,0,11,4,1,3,0,12
2021,SEA202107100,20210710,bottom,3,0,13,4,1,3,0,11
2021,SFN202107100,20210710,top,4,0,12,5,1,4,0,14
2021,SFN202107100,20210710,bottom,9,3,29,1,1,3,0,15
2021,TBA202107100,20210710,top,4,0,27,5,1,3,0,17
2021,TBA202107100,20210710,bottom,4,1,14,5,1,3,0,17
2021,TEX202107100,20210710,top,3,0,14,4,1,5,2,16
2021,TEX202107100,20210710,bottom,5,2,14,6,1,5,0,21
2021,NYN202107101,20210710,top,3,0,8,4,1,3,0,11
2021,NYN202107101,20210710,bottom,6,1,17,7,1,4,0,10
2021,NYN202107102,20210710,top,3,0,20,4,1,5,0,24
2021,NYN202107102,20210710,bottom,7,2,32,8,1,3,0,13
2021,BAL202107110,20210711,top,4,0,19,5,1,3,0,8
2021,BAL202107110,20210711,bottom,6,2,15,7,1,3,0,16
2021,BOS202107110,20210711,top,3,0,14,4,1,3,0,16
2021,BOS202107110,20210711,bottom,3,0,12,4,1,5,1,14
2021,HOU202107110,20210711,top,5,0,24,6,1,5,0,13
2021,HOU202107110,20210711,bottom,4,0,11,5,1,4,0,11
2021,LAN202107110,20210711,top,4,0,19,5,1,5,0,26
2021,LAN202107110,20210711,bottom,4,1,18,5,1,3,0,18
2021,MIA202107110,20210711,top,3,0,13,4,1,3,0,10
2021,MIA202107110,20210711,bottom,9,3,32,1,1,4,0,16
2021,MIL202107110,20210711,top,5,1,17,6,1,5,0,17
2021,MIL202107110,20210711,bottom,4,0,17,5,1,5,0,22
2021,MIN202107110,20210711,top,3,0,6,4,1,3,0,12
2021,MIN202107110,20210711,bottom,3,0,17,4,1,4,0,27
2021,NYN202107110,20210711,top,3,0,14,4,1,4,0,12
2021,NYN202107110,20210711,bottom,8,5,31,9,1,4,0,18
2021,SDN202107110,20210711,top,3,0,10,4,1,4,0,16
2021,SDN202107110,20210711,bottom,4,0,12,5,1,5,1,13
2021,SEA202107110,20210711,top,4,0,9,5,1,3,0,5
2021,SEA202107110,20210711,bottom,5,1,18,6,1,4,0,21
2021,SFN202107110,20210711,top,4,0,19,5,1,3,0,17
2021,SFN202107110,20210711,bottom,4,0,13,5,1,8,3,34
2021,TBA202107110,20210711,top,3,0,8,4,1,4,0,12
2021,TBA202107110,20210711,bottom,4,0,20,5,1,3,0,14
2021,TEX202107110,20210711,top,3,0,13,4,1,5,2,19
2021,TEX202107110,20210711,bottom,3,0,13,4,1,4,0,17
2021,ANA202107160,20210716,top,6,1,17,7,1,3,0,12
2021,ANA202107160,20210716,bottom,3,0,8,4,1,5,1,12
2021,ARI202107160,20210716,top,3,0,16,4,1,4,1,10
2021,ARI202107160,20210716,bottom,3,0,17,4,1,3,0,10
2021,ATL202107160,20210716,top,3,0,15,4,1,8,2,33
2021,ATL202107160,20210716,bottom,4,0,16,5,1,4,0,15
2021,CHA202107160,20210716,top,3,0,11,4,1,3,0,14
2021,CHA202107160,20210716,bottom,5,1,9,6,1,4,0,18
2021,CIN202107160,20210716,top,3,0,11,4,1,6,1,25
2021,CIN202107160,20210716,bottom,7,2,25,8,1,4,0,16
2021,COL202107160,20210716,top,8,5,25,9,1,5,0,15
2021,COL202107160,20210716,bottom,5,0,24,6,1,4,0,9
2021,KCA202107160,20210716,top,3,0,10,4,1,3,0,9
2021,KCA202107160,20210716,bottom,5,1,17,6,1,10,4,39
2021,NYA202107160,20210716,top,3,0,8,4,1,7,3,36
2021,NYA202107160,20210716,bottom,3,0,10,4,1,4,0,19
2021,OAK202107160,20210716,top,3,0,13,4,1,5,0,20
2021,OAK202107160,20210716,bottom,4,0,18,5,1,4,0,18
2021,PIT202107160,20210716,top,3,0,13,4,1,5,0,17
2021,PIT202107160,20210716,bottom,4,0,16,5,1,8,2,37
2021,SLN202107160,20210716,top,3,0,17,4,1,4,0,12
2021,SLN202107160,20210716,bottom,3,0,15,4,1,4,0,6
2021,TOR202107160,20210716,top,3,0,11,4,1,5,0,17
2021,TOR202107160,20210716,bottom,4,1,17,5,1,5,0,22
2021,WAS202107160,20210716,top,7,3,35,8,1,10,7,58
2021,WAS202107160,20210716,bottom,7,3,32,8,1,3,0,12
2021,PHI202107161,20210716,top,5,0,24,6,1,6,2,22
2021,PHI202107161,20210716,bottom,7,3,34,8,1,3,0,12
2021,PHI202107162,20210716,top,7,2,22,8,1,3,0,12
2021,PHI202107162,20210716,bottom,5,0,18,6,0,4,0,18
2021,ANA202107170,20210717,top,4,0,19,5,1,4,0,12
2021,ANA202107170,20210717,bottom,4,0,11,5,1,7,3,33
2021,ARI202107170,20210717,top,4,0,13,5,1,4,0,21
2021,ARI202107170,20210717,bottom,3,0,7,4,1,6,1,20
2021,ATL202107170,20210717,top,3,0,11,4,1,3,0,12
2021,ATL202107170,20210717,bottom,3,0,11,4,1,3,0,15
2021,CHA202107170,20210717,top,4,0,13,5,1,3,0,10
2021,CHA202107170,20210717,bottom,3,0,15,4,1,4,0,15
2021,CIN202107170,20210717,top,4,0,18,5,1,4,0,13
2021,CIN202107170,20210717,bottom,3,0,14,4,1,6,2,32
2021,COL202107170,20210717,top,5,1,16,6,1,3,0,12
2021,COL202107170,20210717,bottom,4,0,13,5,1,6,1,29
2021,KCA202107170,20210717,top,3,0,14,4,1,6,2,23
2021,KCA202107170,20210717,bottom,4,0,16,5,1,3,0,8
2021,NYA202107170,20210717,top,4,0,14,5,1,5,1,14
2021,NYA202107170,20210717,bottom,5,0,22,6,1,3,0,13
2021,OAK202107170,20210717,top,5,0,16,6,1,3,0,12
2021,OAK202107170,20210717,bottom,5,1,26,6,1,4,0,16
2021,PHI202107170,20210717,top,3,0,17,4,1,4,0,17
2021,PHI202107170,20210717,bottom,6,2,24,7,1,3,0,8
2021,PIT202107170,20210717,top,3,0,8,4,1,4,0,16
2021,PIT202107170,20210717,bottom,4,0,22,5,1,3,0,10
2021,SLN202107170,20210717,top,4,0,17,5,1,3,0,18
2021,SLN202107170,20210717,bottom,3,0,10,4,1,5,1,22
2021,WAS202107170,20210717,top,6,2,23,7,1,6,1,17
2021,WAS202107170,20210717,bottom,6,1,22,7,1,4,0,15
2021,DET202107171,20210717,top,3,0,13,4,1,5,0,20
2021,DET202107171,20210717,bottom,5,1,18,6,1,3,0,12
2021,DET202107172,20210717,top,5,1,22,6,1,4,0,13
2021,DET202107172,20210717,bottom,4,0,23,5,1,7,3,24
2021,ANA202107180,20210718,top,6,2,29,7,1,3,0,8
2021,ANA202107180,20210718,bottom,3,0,13,4,1,3,0,14
2021,ARI202107180,20210718,top,3,0,7,4,1,4,0,9
2021,ARI202107180,20210718,bottom,3,0,9,4,1,3,0,13
2021,ATL202107180,20210718,top,3,0,10,4,1,4,0,19
2021,ATL202107180,20210718,bottom,5,1,23,6,1,4,0,19
2021,CHA202107180,20210718,top,3,0,12,4,1,3,0,9
2021,CHA202107180,20210718,bottom,4,0,13,5,1,6,1,22
2021,CIN202107180,20210718,top,7,1,26,8,1,5,0,20
2021,CIN202107180,20210718,bottom,4,0,18,5,1,3,0,7
2021,COL202107180,20210718,top,3,0,7,4,1,5,0,15
2021,COL202107180,20210718,bottom,6,1,22,7,1,3,0,14
2021,DET202107180,20210718,top,4,0,14,5,1,5,0,14
2021,DET202107180,20210718,bottom,4,0,12,5,1,3,0,12
2021,KCA202107180,20210718,top,3,0,14,4,1,5,0,22
2021,KCA202107180,20210718,bottom,3,0,6,4,1,4,0,12
2021,NYA202107180,20210718,top,3,0,10,4,1,4,0,20
2021,NYA202107180,20210718,bottom,3,0,17,4,1,4,1,14
2021,OAK202107180,20210718,top,4,1,13,5,1,5,0,14
2021,OAK202107180,20210718,bottom,3,0,17,4,1,5,1,13
2021,PHI202107180,20210718,top,4,0,17,5,1,3,0,12
2021,PHI202107180,20210718,bottom,5,0,24,6,1,7,2,22
2021,PIT202107180,20210718,top,6,0,22,7,1,3,0,14
2021,PIT202107180,20210718,bottom,11,6,38,3,0,4,0,28
2021,SLN202107180,20210718,top,6,0,22,7,1,3,0,14
2021,SLN202107180,20210718,bottom,3,0,15,4,1,3,0,13
2021,WAS202107180,20210718,top,3,0,12,4,1,5,0,23
2021,WAS202107180,20210718,bottom,5,0,21,6,1,4,0,11
2021,TOR202107181,20210718,top,3,0,4,4,1,4,0,19
2021,TOR202107181,20210718,bottom,3,0,7,4,1,3,0,9
2021,TOR202107182,20210718,top,4,0,16,5,1,3,0,14
2021,TOR202107182,20210718,bottom,9,6,23,1,1,7,4,25
2021,ARI202107190,20210719,top,4,0,17,5,1,6,0,23
2021,ARI202107190,20210719,bottom,4,0,18,5,1,7,2,30
2021,CIN202107190,20210719,top,6,3,22,7,1,3,0,8
2021,CIN202107190,20210719,bottom,8,4,25,9,1,8,3,29
2021,DET202107190,20210719,top,3,0,10,4,1,3,0,20
2021,DET202107190,20210719,bottom,3,0,11,4,1,3,0,12
2021,HOU202107190,20210719,top,4,0,16,5,1,3,0,12
2021,HOU202107190,20210719,bottom,6,1,29,7,1,3,0,15
2021,LAN202107190,20210719,top,7,3,32,8,1,5,0,19
2021,LAN202107190,20210719,bottom,7,2,29,8,1,6,0,29
2021,OAK202107190,20210719,top,4,0,12,5,1,3,0,12
2021,OAK202107190,20210719,bottom,3,0,17,4,1,4,0,17
2021,SLN202107190,20210719,top,4,0,14,5,1,4,0,15
2021,SLN202107190,20210719,bottom,3,0,15,4,1,4,0,16
2021,TBA202107190,20210719,top,6,2,32,7,1,3,0,12
2021,TBA202107190,20210719,bottom,4,0,11,5,1,3,0,9
2021,TOR202107190,20210719,top,11,8,50,3,0,9,3,41
2021,TOR202107190,20210719,bottom,4,0,17,5,1,4,0,17
2021,WAS202107190,20210719,top,4,0,15,5,1,3,0,13
2021,WAS202107190,20210719,bottom,7,4,24,8,1,9,6,28
2021,CHA202107191,20210719,top,4,0,13,5,1,3,0,12
2021,CHA202107191,20210719,bottom,4,0,19,5,1,3,0,12
2021,CHA202107192,20210719,top,4,1,16,5,1,4,1,17
2021,CHA202107192,20210719,bottom,4,1,15,5,1,3,0,12
2021,ARI202107200,20210720,top,4,0,22,5,1,3,0,13
2021,ARI202107200,20210720,bottom,3,0,8,4,1,3,0,11
2021,ATL202107200,20210720,top,3,0,8,4,1,3,0,17
2021,ATL202107200,20210720,bottom,4,0,16,5,1,5,1,16
2021,CHA202107200,20210720,top,4,0,20,5,1,4,1,20
2021,CHA202107200,20210720,bottom,7,2,26,8,1,3,0,4
2021,CIN202107200,20210720,top,4,1,18,5,1,5,0,17
2021,CIN202107200,20210720,bottom,6,1,21,7,0,3,0,14
2021,COL202107200,20210720,top,3,0,11,4,1,4,0,13
2021,COL202107200,20210720,bottom,4,0,19,5,1,4,0,13
2021,DET202107200,20210720,top,4,0,18,5,1,3,0,17
2021,DET202107200,20210720,bottom,4,1,12,5,1,4,0,15
2021,HOU202107200,20210720,top,3,0,9,4,1,5,0,20
2021,HOU202107200,20210720,bottom,6,1,27,7,1,3,0,12
2021,LAN202107200,20210720,top,3,0,12,4,1,5,2,17
2021,LAN202107200,20210720,bottom,4,1,12,5,1,4,0,21
2021,MIL202107200,20210720,top,6,1,24,7,1,3,0,10
2021,MIL202107200,20210720,bottom,3,0,10,4,1,7,2,28
2021,NYA202107200,20210720,top,4,0,13,5,1,5,1,22
2021,NYA202107200,20210720,bottom,3,0,17,4,1,3,0,8
2021,OAK202107200,20210720,top,4,0,16,5,1,5,0,16
2021,OAK202107200,20210720,bottom,3,0,16,4,1,3,0,9
2021,SLN202107200,20210720,top,3,0,9,4,1,6,1,19
2021,SLN202107200,20210720,bottom,3,0,14,4,1,3,0,12
2021,TBA202107200,20210720,top,3,0,15,4,1,7,1,26
2021,TBA202107200,20210720,bottom,6,2,18,7,1,3,0,12
2021,WAS202107200,20210720,top,5,0,18,6,1,4,0,15
2021,WAS202107200,20210720,bottom,4,0,14,5,1,5,1,14
2021,ARI202107210,20210721,top,4,0,15,5,1,5,1,17
2021,ARI202107210,20210721,bottom,4,0,15,5,1,5,1,19
2021,CHA202107210,20210721,top,4,0,16,5,1,5,0,25
2021,CHA202107210,20210721,bottom,3,0,12,4,1,4,0,15
2021,CIN202107210,20210721,top,4,0,16,5,1,5,1,16
2021,CIN202107210,20210721,bottom,3,0,11,4,1,3,0,13
2021,COL202107210,20210721,top,3,0,10,4,1,4,1,17
2021,COL202107210,20210721,bottom,9,5,30,1,0,3,0,6
2021,DET202107210,20210721,top,3,0,9,4,1,5,1,12
2021,DET202107210,20210721,bottom,4,1,17,5,1,5,2,14
2021,HOU202107210,20210721,top,4,0,18,5,1,3,0,13
2021,HOU202107210,20210721,bottom,3,0,11,4,1,3,0,8
2021,LAN202107210,20210721,top,4,1,17,5,1,3,0,13
2021,LAN202107210,20210721,bottom,5,1,16,6,1,3,0,12
2021,MIL202107210,20210721,top,3,0,12,4,1,3,0,16
2021,MIL202107210,20210721,bottom,3,0,10,4,1,4,0,11
2021,NYA202107210,20210721,top,5,1,23,6,1,5,0,24
2021,NYA202107210,20210721,bottom,3,0,12,4,1,3,0,13
2021,SLN202107210,20210721,top,4,0,13,5,1,3,0,9
2021,SLN202107210,20210721,bottom,4,0,14,5,1,3,0,7
2021,TBA202107210,20210721,top,4,1,13,5,1,3,0,5
2021,TBA202107210,20210721,bottom,6,1,24,7,1,5,1,20
2021,TOR202107210,20210721,top,3,0,8,4,1,4,0,14
2021,TOR202107210,20210721,bottom,3,0,18,4,1,4,0,13
2021,WAS202107210,20210721,top,3,0,5,4,1,5,0,18
2021,WAS202107210,20210721,bottom,4,0,14,5,1,5,0,22
2021,ATL202107211,20210721,top,5,0,19,6,1,3,0,17
2021,ATL202107211,20210721,bottom,3,0,17,4,1,4,0,22
2021,ATL202107212,20210721,top,9,4,34,1,1,5,1,26
2021,ATL202107212,20210721,bottom,3,0,20,4,1,8,4,42
2021,BOS202107220,20210722,top,3,0,14,4,1,4,0,17
2021,BOS202107220,20210722,bottom,3,0,10,4,1,3,0,11
2021,CLE202107220,20210722,top,5,0,22,6,1,4,0,17
2021,CLE202107220,20210722,bottom,4,0,18,5,1,4,0,13
2021,DET202107220,20210722,top,4,0,19,5,1,3,0,16
2021,DET202107220,20210722,bottom,6,3,22,7,1,4,1,10
2021,LAN202107220,20210722,top,4,1,11,5,1,5,0,17
2021,LAN202107220,20210722,bottom,5,1,17,6,1,3,0,12
2021,MIA202107220,20210722,top,4,0,16,5,0,5,1,19
2021,MIA202107220,20210722,bottom,4,0,19,5,1,4,0,20
2021,MIN202107220,20210722,top,3,0,11,4,1,3,0,11
2021,MIN202107220,20210722,bottom,5,0,22,6,1,4,0,23
2021,PHI202107220,20210722,top,5,1,14,6,1,3,0,13
2021,PHI202107220,20210722,bottom,3,0,15,4,1,5,0,27
2021,SEA202107220,20210722,top,4,0,18,5,1,3,0,14
2021,SEA202107220,20210722,bottom,4,0,19,5,1,4,0,18
2021,SLN202107220,20210722,top,3,0,10,4,1,3,0,16
2021,SLN202107220,20210722,bottom,5,1,24,6,1,3,0,13
2021,BAL202107230,20210723,top,4,0,14,5,1,5,0,26
2021,BAL202107230,20210723,bottom,3,0,7,4,1,3,0,16
2021,BOS202107230,20210723,top,3,0,11,4,1,7,1,28
2021,BOS202107230,20210723,bottom,4,0,22,5,1,4,0,18
2021,CHN202107230,20210723,top,3,0,15,4,1,5,0,25
2021,CHN202107230,20210723,bottom,6,3,27,7,1,4,0,9
2021,CIN202107230,20210723,top,5,1,19,6,1,5,1,21
2021,CIN202107230,20210723,bottom,6,2,28,7,1,4,0,18
2021,CLE202107230,20210723,top,3,0,12,4,1,8,3,28
2021,CLE202107230,20210723,bottom,4,0,19,5,1,4,0,12
2021,HOU202107230,20210723,top,3,0,7,4,1,4,0,22
2021,HOU202107230,20210723,bottom,3,0,12,4,1,5,0,15
2021,KCA202107230,20210723,top,4,0,17,5,1,3,0,9
2021,KCA202107230,20210723,bottom,3,0,9,4,1,3,0,10
2021,LAN202107230,20210723,top,3,0,10,4,1,3,0,9
2021,LAN202107230,20210723,bottom,8,3,31,9,1,3,0,13
2021,MIA202107230,20210723,top,6,2,25,7,1,5,1,23
2021,MIA202107230,20210723,bottom,4,0,14,5,1,4,1,13
2021,MIL202107230,20210723,top,3,0,10,4,1,6,0,20
2021,MIL202107230,20210723,bottom,4,0,12,5,1,3,0,9
2021,MIN202107230,20210723,top,6,3,17,7,1,4,1,14
2021,MIN202107230,20210723,bottom,6,0,30,7,1,3,0,10
2021,NYN202107230,20210723,top,4,0,18,5,1,4,0,18
2021,NYN202107230,20210723,bottom,5,2,26,6,1,4,0,19
2021,PHI202107230,20210723,top,5,0,13,6,1,4,0,17
2021,PHI202107230,20210723,bottom,6,1,25,7,1,4,0,17
2021,SEA202107230,20210723,top,3,0,10,4,1,3,0,15
2021,SEA202107230,20210723,bottom,3,0,10,4,1,6,3,26
2021,SFN202107230,20210723,top,3,0,13,4,1,5,1,24
2021,SFN202107230,20210723,bottom,4,0,19,5,1,3,0,20
2021,BAL202107240,20210724,top,3,0,13,4,1,3,0,11
2021,BAL202107240,20210724,bottom,4,1,15,5,1,3,0,13
2021,BOS202107240,20210724,top,4,0,14,5,1,3,0,11
2021,BOS202107240,20210724,bottom,4,1,9,5,1,6,1,21
2021,CHN202107240,20210724,top,4,0,14,5,1,3,0,13
2021,CHN202107240,20210724,bottom,4,0,14,5,1,4,0,9
2021,CIN202107240,20210724,top,3,0,11,4,1,6,1,23
2021,CIN202107240,20210724,bottom,6,0,19,7,1,6,2,20
2021,CLE202107240,20210724,top,4,1,16,5,1,4,0,14
2021,CLE202107240,20210724,bottom,3,0,11,4,1,4,1,15
2021,HOU202107240,20210724,top,5,0,21,6,1,4,0,20
2021,HOU202107240,20210724,bottom,7,1,25,8,1,3,0,11
2021,KCA202107240,20210724,top,3,0,7,4,1,5,1,15
2021,KCA202107240,20210724,bottom,3,0,16,4,1,4,0,17
2021,LAN202107240,20210724,top,4,0,17,5,1,4,0,18
2021,LAN202107240,20210724,bottom,4,0,12,5,1,5,1,21
2021,MIA202107240,20210724,top,4,1,11,5,1,3,0,13
2021,MIA202107240,20210724,bottom,4,0,18,5,1,4,0,18
2021,MIL202107240,20210724,top,3,0,14,4,1,3,0,13
2021,MIL202107240,20210724,bottom,4,1,16,5,1,6,1,17
2021,MIN202107240,20210724,top,6,2,18,7,1,4,0,18
2021,MIN202107240,20210724,bottom,3,0,11,4,1,4,0,16
2021,NYN202107240,20210724,top,5,0,17,6,1,4,0,17
2021,NYN202107240,20210724,bottom,5,0,22,6,1,3,0,12
2021,PHI202107240,20210724,top,5,2,18,6,1,5,1,22
2021,PHI202107240,20210724,bottom,4,0,22,5,1,4,0,12
2021,SEA202107240,20210724,top,4,0,15,5,1,3,0,19
2021,SEA202107240,20210724,bottom,6,1,32,7,1,3,0,14
2021,SFN202107240,20210724,top,6,1,25,7,1,4,0,10
2021,SFN202107240,20210724,bottom,4,0,19,5,1,5,1,16
2021,BAL202107250,20210725,top,6,1,13,7,1,3,0,13
2021,BAL202107250,20210725,bottom,4,1,19,5,1,5,1,16
2021,BOS202107250,20210725,top,4,0,12,5,1,3,0,10
2021,BOS202107250,20210725,bottom,3,0,17,4,1,3,0,9
2021,CHN202107250,20210725,top,4,0,19,5,1,3,0,16
2021,CHN202107250,20210725,bottom,6,3,26,7,1,3,0,14
2021,CIN202107250,20210725,top,5,2,17,6,1,4,0,16
2021,CIN202107250,20210725,bottom,6,3,27,7,1,4,0,11
2021,CLE202107250,20210725,top,5,1,22,6,1,3,0,8
2021,CLE202107250,20210725,bottom,5,1,15,6,1,3,0,15
2021,HOU202107250,20210725,top,5,0,12,6,1,5,0,20
2021,HOU202107250,20210725,bottom,3,0,19,4,1,3,0,8
2021,KCA202107250,20210725,top,3,0,7,4,1,5,0,15
2021,KCA202107250,20210725,bottom,7,4,29,8,1,3,0,13
2021,LAN202107250,20210725,top,4,1,20,5,1,4,1,16
2021,LAN202107250,20210725,bottom,5,1,25,6,1,3,0,16
2021,MIA202107250,20210725,top,3,0,10,4,0,6,1,14
2021,MIA202107250,20210725,bottom,4,0,23,5,1,3,0,12
2021,MIL202107250,20210725,top,3,0,16,4,1,7,3,20
2021,MIL202107250,20210725,bottom,3,0,14,4,1,3,0,12
2021,MIN202107250,20210725,top,3,0,12,4,1,5,1,20
2021,MIN202107250,20210725,bottom,5,2,20,6,1,3,0,11
2021,NYN202107250,20210725,top,3,0,9,4,1,4,0,12
2021,NYN202107250,20210725,bottom,3,0,15,4,1,4,1,16
2021,PHI202107250,20210725,top,3,0,12,4,1,4,0,16
2021,PHI202107250,20210725,bottom,3,0,10,4,1,3,0,16
2021,SEA202107250,20210725,top,5,0,24,6,1,5,1,25
2021,SEA202107250,20210725,bottom,3,0,12,4,1,4,0,17
2021,SFN202107250,20210725,top,5,1,13,6,1,4,0,21
2021,SFN202107250,20210725,bottom,5,1,20,6,1,3,0,14
2021,ANA202107260,20210726,top,4,0,17,5,1,4,0,14
2021,ANA202107260,20210726,bottom,7,2,27,8,1,3,0,10
2021,BOS202107260,20210726,top,4,0,17,5,1,4,0,22
2021,BOS202107260,20210726,bottom,4,0,16,5,1,7,2,36
2021,CHN202107260,20210726,top,3,0,13,4,1,5,1,17
2021,CHN202107260,20210726,bottom,6,2,16,7,1,4,0,19
2021,KCA202107260,20210726,top,3,0,12,4,1,3,0,11
2021,KCA202107260,20210726,bottom,3,0,13,4,1,5,1,17
2021,MIN202107260,20210726,top,4,0,19,5,1,4,0,12
2021,MIN202107260,20210726,bottom,3,0,11,4,1,5,1,16
2021,PHI202107260,20210726,top,3,0,12,4,1,3,0,15
2021,PHI202107260,20210726,bottom,5,0,18,6,1,3,0,12
2021,SEA202107260,20210726,top,9,6,33,1,1,5,0,20
2021,SEA202107260,20210726,bottom,3,0,10,4,1,3,0,17
2021,NYN202107261,20210726,top,4,0,7,5,1,3,0,11
2021,NYN202107261,20210726,bottom,4,0,17,5,1,3,0,9
2021,NYN202107262,20210726,top,3,0,11,4,0,5,0,20
2021,NYN202107262,20210726,bottom,5,0,13,6,1,4,0,15
2021,ANA202107270,20210727,top,7,2,26,8,1,3,0,11
2021,ANA202107270,20210727,bottom,4,0,8,5,1,4,0,17
2021,BAL202107270,20210727,top,3,0,11,4,1,7,3,26
2021,BAL202107270,20210727,bottom,3,0,11,4,1,4,0,17
2021,CHN202107270,20210727,top,5,2,22,6,1,5,1,13
2021,CHN202107270,20210727,bottom,5,2,18,6,1,4,0,17
2021,CLE202107270,20210727,top,3,0,18,4,1,3,0,11
2021,CLE202107270,20210727,bottom,3,0,11,4,1,3,0,11
2021,KCA202107270,20210727,top,3,0,11,4,1,5,0,20
2021,KCA202107270,20210727,bottom,3,0,10,4,1,6,2,24
2021,MIN202107270,20210727,top,4,0,13,5,1,3,0,11
2021,MIN202107270,20210727,bottom,7,4,21,8,1,3,0,7
2021,NYN202107270,20210727,top,7,2,31,8,1,5,2,15
2021,NYN202107270,20210727,bottom,3,0,16,4,1,4,0,13
2021,PHI202107270,20210727,top,7,3,22,8,1,8,3,25
2021,PHI202107270,20210727,bottom,6,1,22,7,1,3,0,15
2021,PIT202107270,20210727,top,8,3,35,9,1,9,5,33
2021,PIT202107270,20210727,bottom,3,0,11,4,1,4,0,12
2021,SDN202107270,20210727,top,3,0,15,4,1,4,0,10
2021,SDN202107270,20210727,bottom,4,0,18,5,1,3,0,16
2021,SEA202107270,20210727,top,7,3,32,8,1,3,0,8
2021,SEA202107270,20210727,bottom,6,2,22,7,1,3,0,15
2021,SFN202107270,20210727,top,4,0,15,5,1,3,0,16
2021,SFN202107270,20210727,bottom,3,0,8,4,1,3,0,14
2021,TBA202107270,20210727,top,5,0,18,6,1,4,0,12
2021,TBA202107270,20210727,bottom,4,0,24,5,1,4,0,27
2021,TEX202107270,20210727,top,3,0,12,4,1,3,0,10
2021,TEX202107270,20210727,bottom,5,0,30,6,1,4,0,15
2021,ANA202107280,20210728,top,5,2,21,6,1,4,0,16
2021,ANA202107280,20210728,bottom,7,1,26,8,0,3,0,8
2021,BAL202107280,20210728,top,8,2,30,9,1,7,3,28
2021,BAL202107280,20210728,bottom,4,0,13,5,1,7,3,34
2021,CHN202107280,20210728,top,3,0,19,4,1,5,1,18
2021,CHN202107280,20210728,bottom,6,0,20,7,1,4,0,21
2021,CLE202107280,20210728,top,6,1,20,7,1,3,0,16
2021,CLE202107280,20210728,bottom,3,0,14,4,1,4,1,19
2021,KCA202107280,20210728,top,3,0,16,4,1,4,0,17
2021,KCA202107280,20210728,bottom,3,0,10,4,1,3,0,13
2021,MIN202107280,20210728,top,5,0,28,6,1,8,2,22
2021,MIN202107280,20210728,bottom,3,0,13,4,1,6,0,26
2021,NYN202107280,20210728,top,4,0,18,5,1,5,0,18
2021,NYN202107280,20210728,bottom,3,0,17,4,1,3,0,9
2021,PIT202107280,20210728,top,5,1,9,6,1,3,0,9
2021,PIT202107280,20210728,bottom,5,0,16,6,1,3,0,11
2021,SDN202107280,20210728,top,7,4,30,8,1,4,1,15
2021,SDN202107280,20210728,bottom,3,0,14,4,1,3,0,18
2021,SEA202107280,20210728,top,3,0,11,4,1,6,1,32
2021,SEA202107280,20210728,bottom,3,0,10,4,1,4,0,20
2021,SFN202107280,20210728,top,3,0,10,4,1,5,0,16
2021,SFN202107280,20210728,bottom,3,0,11,4,1,3,0,14
2021,TBA202107280,20210728,top,4,0,19,5,1,3,0,10
2021,TBA202107280,20210728,bottom,3,0,11,4,1,3,0,13
2021,TEX202107280,20210728,top,3,0,15,4,1,4,1,12
2021,TEX202107280,20210728,bottom,4,0,20,5,1,3,0,8
2021,BOS202107281,20210728,top,3,0,7,4,1,6,1,25
2021,BOS202107281,20210728,bottom,5,1,18,6,1,6,0,31
2021,BOS202107282,20210728,top,3,0,15,4,1,3,0,14
2021,BOS202107282,20210728,bottom,5,1,24,6,1,6,1,17
2021,ANA202107290,20210729,top,7,3,29,8,1,3,0,10
2021,ANA202107290,20210729,bottom,3,0,12,4,1,4,0,17
2021,BOS202107290,20210729,top,8,3,25,9,1,5,1,24
2021,BOS202107290,20210729,bottom,5,0,17,6,1,5,0,19
2021,CHN202107290,20210729,top,6,2,22,7,1,4,0,19
2021,CHN202107290,20210729,bottom,4,0,18,5,1,4,0,17
2021,DET202107290,20210729,top,5,0,15,6,1,3,0,11
2021,DET202107290,20210729,bottom,6,2,27,7,1,3,0,9
2021,KCA202107290,20210729,top,5,0,18,6,1,3,0,8
2021,KCA202107290,20210729,bottom,5,2,22,6,1,5,1,17
2021,NYN202107290,20210729,top,3,0,11,4,1,3,0,16
2021,NYN202107290,20210729,bottom,5,0,31,6,1,4,0,15
2021,PIT202107290,20210729,top,3,0,8,4,1,5,1,20
2021,PIT202107290,20210729,bottom,3,0,11,4,1,4,0,14
2021,SDN202107290,20210729,top,5,0,17,6,1,3,0,10
2021,SDN202107290,20210729,bottom,5,1,19,6,1,4,0,18
2021,SFN202107290,20210729,top,3,0,13,4,1,3,0,7
2021,SFN202107290,20210729,bottom,7,2,25,8,1,5,1,14
2021,TBA202107290,20210729,top,4,0,15,5,1,5,0,23
2021,TBA202107290,20210729,bottom,7,4,26,8,1,3,0,15
2021,PHI202107291,20210729,top,3,0,8,4,1,5,1,18
2021,PHI202107291,20210729,bottom,5,0,17,6,1,4,0,17
2021,PHI202107292,20210729,top,9,4,28,1,0,5,2,16
2021,PHI202107292,20210729,bottom,5,0,25,6,1,3,0,7
2021,ANA202107300,20210730,top,3,0,10,4,1,6,0,26
2021,ANA202107300,20210730,bottom,4,0,14,5,1,3,0,10
2021,ARI202107300,20210730,top,5,0,23,6,1,4,0,21
2021,ARI202107300,20210730,bottom,4,0,20,5,1,8,2,40
2021,ATL202107300,20210730,top,4,0,17,5,1,5,0,17
2021,ATL202107300,20210730,bottom,8,4,25,9,1,5,0,23
2021,CHA202107300,20210730,top,6,2,23,7,1,4,0,15
2021,CHA202107300,20210730,bottom,4,0,13,5,1,5,1,20
2021,DET202107300,20210730,top,3,0,17,4,1,3,0,10
2021,DET202107300,20210730,bottom,3,0,11,4,1,3,0,13
2021,MIA202107300,20210730,top,5,0,31,6,1,4,0,9
2021,MIA202107300,20210730,bottom,4,0,13,5,1,3,0,12
2021,NYN202107300,20210730,top,4,1,13,5,1,4,0,21
2021,NYN202107300,20210730,bottom,6,1,23,7,1,3,0,14
2021,PIT202107300,20210730,top,4,0,23,5,1,4,0,13
2021,PIT202107300,20210730,bottom,8,3,36,9,1,6,2,16
2021,SDN202107300,20210730,top,7,4,28,8,1,3,0,13
2021,SDN202107300,20210730,bottom,4,0,16,5,1,3,0,16
2021,SFN202107300,20210730,top,8,2,43,9,1,3,0,8
2021,SFN202107300,20210730,bottom,3,0,7,4,1,3,0,12
2021,SLN202107300,20210730,top,4,0,15,5,1,5,1,18
2021,SLN202107300,20210730,bottom,4,0,17,5,1,4,0,26
2021,TBA202107300,20210730,top,4,0,17,5,1,3,0,17
2021,TBA202107300,20210730,bottom,5,2,16,6,1,4,0,12
2021,TEX202107300,20210730,top,5,0,25,6,1,8,4,32
2021,TEX202107300,20210730,bottom,3,0,14,4,1,4,0,16
2021,TOR202107300,20210730,top,3,0,13,4,1,4,0,21
2021,TOR202107300,20210730,bottom,4,0,14,5,1,7,2,26
2021,WAS202107300,20210730,top,3,0,14,4,1,4,0,15
2021,WAS202107300,20210730,bottom,3,0,9,4,1,6,1,17
2021,ANA202107310,20210731,top,4,0,12,5,1,3,0,17
2021,ANA202107310,20210731,bottom,3,0,11,4,1,4,0,21
2021,ARI202107310,20210731,top,5,0,14,6,1,7,3,19
2021,ARI202107310,20210731,bottom,4,0,15,5,1,3,0,12
2021,ATL202107310,20210731,top,3,0,9,4,1,6,1,22
2021,ATL202107310,20210731,bottom,4,0,23,5,1,5,0,19
2021,CHA202107310,20210731,top,3,0,10,4,1,4,0,9
2021,CHA202107310,20210731,bottom,4,0,21,5,1,4,1,12
2021,DET202107310,20210731,top,4,0,18,5,1,4,0,15
2021,DET202107310,20210731,bottom,3,0,14,4,1,5,0,16
2021,MIA202107310,20210731,top,3,0,10,4,1,7,2,31
2021,MIA202107310,20210731,bottom,3,0,12,4,1,4,0,23
2021,NYN202107310,20210731,top,4,0,17,5,1,3,0,14
2021,NYN202107310,20210731,bottom,3,0,8,4,1,4,0,16
2021,PIT202107310,20210731,top,3,0,14,4,1,3,0,14
2021,PIT202107310,20210731,bottom,3,0,13,4,1,3,0,20
2021,SDN202107310,20210731,top,3,0,11,4,1,4,0,13
2021,SDN202107310,20210731,bottom,4,0,12,5,1,4,0,19
2021,SFN202107310,20210731,top,4,0,10,5,1,3,0,9
2021,SFN202107310,20210731,bottom,3,0,16,4,1,6,1,16
2021,SLN202107310,20210731,top,6,2,23,7,1,4,0,19
2021,SLN202107310,20210731,bottom,3,0,7,4,1,4,0,19
2021,TBA202107310,20210731,top,6,3,25,7,1,3,0,10
2021,TBA202107310,20210731,bottom,5,2,20,6,1,3,0,11
2021,TEX202107310,20210731,top,5,2,19,6,1,3,0,9
2021,TEX202107310,20210731,bottom,3,0,12,4,1,3,0,14
2021,TOR202107310,20210731,top,4,0,20,5,1,4,0,14
2021,TOR202107310,20210731,bottom,4,1,17,5,1,3,0,13
2021,WAS202107310,20210731,top,5,1,24,6,1,4,0,14
2021,WAS202107310,20210731,bottom,5,1,19,6,1,6,0,24
2021,ANA202108010,20210801,top,4,0,28,5,1,4,0,18
2021,ANA202108010,20210801,bottom,5,2,18,6,1,5,1,17
2021,ARI202108010,20210801,top,5,0,28,6,1,9,5,45
2021,ARI202108010,20210801,bottom,4,0,15,5,1,4,0,21
2021,ATL202108010,20210801,top,4,1,14,5,1,3,0,14
2021,ATL202108010,20210801,bottom,3,0,8,4,1,3,0,9
2021,CHA202108010,20210801,top,4,0,21,5,1,3,0,15
2021,CHA202108010,20210801,bottom,3,0,11,4,1,5,0,25
2021,DET202108010,20210801,top,7,2,18,8,1,3,0,9
2021,DET202108010,20210801,bottom,7,3,29,8,1,3,0,13
2021,MIA202108010,20210801,top,3,0,19,4,1,3,0,12
2021,MIA202108010,20210801,bottom,5,1,27,6,1,3,0,11
2021,NYN202108010,20210801,top,3,0,9,4,1,4,0,15
2021,NYN202108010,20210801,bottom,3,0,10,4,1,4,0,14
2021,PIT202108010,20210801,top,5,1,18,6,1,6,2,17
2021,PIT202108010,20210801,bottom,3,0,8,4,1,3,0,9
2021,SDN202108010,20210801,top,3,0,12,4,1,4,1,16
2021,SDN202108010,20210801,bottom,9,4,40,1,0,3,0,14
2021,SFN202108010,20210801,top,6,2,19,7,1,3,0,13
2021,SFN202108010,20210801,bottom,4,0,21,5,1,4,0,13
2021,SLN202108010,20210801,top,4,0,9,5,1,5,2,17
2021,SLN202108010,20210801,bottom,4,0,18,5,1,3,0,11
2021,TBA202108010,20210801,top,4,0,15,5,1,4,0,13
2021,TBA202108010,20210801,bottom,3,0,10,4,1,3,0,14
2021,TEX202108010,20210801,top,3,0,14,4,1,7,2,30
2021,TEX202108010,20210801,bottom,4,0,13,5,1,5,1,21
2021,TOR202108010,20210801,top,5,0,13,6,1,4,0,19
2021,TOR202108010,20210801,bottom,3,0,7,4,1,5,0,16
2021,WAS202108010,20210801,top,4,1,19,5,1,4,0,17
2021,WAS202108010,20210801,bottom,3,0,9,4,1,4,0,13
2021,ARI202108020,20210802,top,3,0,11,4,1,4,0,19
2021,ARI202108020,20210802,bottom,4,0,15,5,1,4,0,19
2021,MIA202108020,20210802,top,3,0,17,4,1,7,2,29
2021,MIA202108020,20210802,bottom,7,4,32,8,1,4,0,17
2021,MIL202108020,20210802,top,3,0,17,4,1,5,0,24
2021,MIL202108020,20210802,bottom,3,0,7,4,1,4,0,21
2021,NYA202108020,20210802,top,3,0,9,4,1,4,0,26
2021,NYA202108020,20210802,bottom,5,0,22,6,1,5,0,18
2021,TBA202108020,20210802,top,4,0,11,5,1,5,0,17
2021,TBA202108020,20210802,bottom,3,0,13,4,1,5,0,19
2021,TEX202108020,20210802,top,3,0,9,4,1,5,0,16
2021,TEX202108020,20210802,bottom,3,0,8,4,1,6,1,25
2021,TOR202108020,20210802,top,5,0,18,6,1,4,0,21
2021,TOR202108020,20210802,bottom,4,0,14,5,1,3,0,8
2021,WAS202108020,20210802,top,3,0,11,4,1,3,0,13
2021,WAS202108020,20210802,bottom,3,0,13,4,1,3,0,14
2021,ARI202108030,20210803,top,5,0,16,6,1,4,0,20
2021,ARI202108030,20210803,bottom,5,0,17,6,1,7,3,29
2021,CHA202108030,20210803,top,4,0,23,5,1,3,0,11
2021,CHA202108030,20210803,bottom,4,0,17,5,1,4,1,12
2021,CIN202108030,20210803,top,3,0,17,4,1,5,0,17
2021,CIN202108030,20210803,bottom,3,0,14,4,1,3,0,11
2021,COL202108030,20210803,top,3,0,14,4,1,5,1,19
2021,COL202108030,20210803,bottom,3,0,9,4,1,8,4,30
2021,DET202108030,20210803,top,5,1,22,6,1,5,1,24
2021,DET202108030,20210803,bottom,3,0,9,4,1,4,1,19
2021,LAN202108030,20210803,top,3,0,11,4,1,4,0,19
2021,LAN202108030,20210803,bottom,5,0,21,6,1,4,0,19
2021,MIA202108030,20210803,top,5,0,18,6,1,3,0,8
2021,MIA202108030,20210803,bottom,5,0,12,6,1,4,1,16
2021,MIL202108030,20210803,top,3,0,15,4,1,4,0,16
2021,MIL202108030,20210803,bottom,7,1,33,8,1,3,0,13
2021,NYA202108030,20210803,top,4,0,11,5,1,3,0,10
2021,NYA202108030,20210803,bottom,3,0,9,4,1,5,1,30
2021,OAK202108030,20210803,top,4,1,25,5,1,8,3,32
2021,OAK202108030,20210803,bottom,5,0,19,6,1,5,0,26
2021,SLN202108030,20210803,top,9,5,31,1,1,5,1,15
2021,SLN202108030,20210803,bottom,4,0,19,5,1,5,0,23
2021,TBA202108030,20210803,top,5,0,22,6,1,5,1,28
2021,TBA202108030,20210803,bottom,4,1,9,5,1,3,0,12
2021,TEX202108030,20210803,top,4,0,15,5,1,5,0,22
2021,TEX202108030,20210803,bottom,3,0,14,4,1,5,1,12
2021,TOR202108030,20210803,top,3,0,13,4,1,3,0,11
2021,TOR202108030,20210803,bottom,6,3,34,7,1,4,0,11
2021,WAS202108030,20210803,top,4,1,11,5,1,3,0,13
2021,WAS202108030,20210803,bottom,3,0,10,4,1,4,0,23
2021,ARI202108040,20210804,top,4,0,21,5,1,3,0,12
2021,ARI202108040,20210804,bottom,3,0,11,4,1,3,0,11
2021,CHA202108040,20210804,top,5,1,15,6,1,5,2,24
2021,CHA202108040,20210804,bottom,4,0,22,5,1,3,0,14
2021,CIN202108040,20210804,top,5,1,20,6,1,4,0,22
2021,CIN202108040,20210804,bottom,3,0,9,4,1,4,0,22
2021,COL202108040,20210804,top,3,0,12,4,1,5,0,8
2021,COL202108040,20210804,bottom,7,2,25,8,1,4,0,14
2021,DET202108040,20210804,top,4,0,16,5,1,4,1,10
2021,DET202108040,20210804,bottom,5,0,28,6,1,4,0,19
2021,LAN202108040,20210804,top,5,1,21,6,1,3,0,14
2021,LAN202108040,20210804,bottom,8,4,32,9,1,4,1,15
2021,MIA202108040,20210804,top,3,0,21,4,1,7,3,20
2021,MIA202108040,20210804,bottom,3,0,8,4,1,3,0,10
2021,MIL202108040,20210804,top,5,0,19,6,1,3,0,15
2021,MIL202108040,20210804,bottom,5,0,25,6,1,3,0,10
2021,NYA202108040,20210804,top,6,2,22,7,1,3,0,13
2021,NYA202108040,20210804,bottom,3,0,17,4,1,3,0,14
2021,OAK202108040,20210804,top,4,0,10,5,1,3,0,20
2021,OAK202108040,20210804,bottom,4,0,20,5,1,5,1,17
2021,SLN202108040,20210804,top,4,0,20,5,1,5,0,23
2021,SLN202108040,20210804,bottom,7,3,25,8,1,3,0,15
2021,TBA202108040,20210804,top,3,0,8,4,1,3,0,15
2021,TBA202108040,20210804,bottom,4,0,17,5,1,5,0,20
2021,TEX202108040,20210804,top,3,0,13,4,1,3,0,14
2021,TEX202108040,20210804,bottom,4,0,18,5,1,3,0,5
2021,TOR202108040,20210804,top,4,0,14,5,1,4,0,12
2021,TOR202108040,20210804,bottom,8,4,30,9,1,6,1,25
2021,WAS202108040,20210804,top,4,0,12,5,1,3,0,9
2021,WAS202108040,20210804,bottom,4,1,13,5,1,5,2,18
2021,ARI202108050,20210805,top,3,0,6,4,1,5,0,21
2021,ARI202108050,20210805,bottom,7,2,29,8,1,4,0,12
2021,CHA202108050,20210805,top,6,2,25,7,1,4,0,15
2021,CHA202108050,20210805,bottom,4,1,17,5,1,3,0,15
2021,CIN202108050,20210805,top,4,0,18,5,1,3,0,9
2021,CIN202108050,20210805,bottom,5,1,23,6,1,11,6,47
2021,COL202108050,20210805,top,4,0,14,5,1,4,0,15
2021,COL202108050,20210805,bottom,4,1,19,5,1,4,1,9
2021,DET202108050,20210805,top,3,0,14,4,1,5,0,21
2021,DET202108050,20210805,bottom,5,1,19,6,1,7,2,26
2021,HOU202108050,20210805,top,3,0,8,4,1,8,4,30
2021,HOU202108050,20210805,bottom,4,0,13,5,1,3,0,13
2021,MIA202108050,20210805,top,6,0,24,7,1,3,0,8
2021,MIA202108050,20210805,bottom,3,0,12,4,1,5,0,15
2021,NYA202108050,20210805,top,4,0,16,5,1,3,0,15
2021,NYA202108050,20210805,bottom,3,0,10,4,1,6,1,32
2021,SLN202108050,20210805,top,3,0,10,4,1,5,0,20
2021,SLN202108050,20210805,bottom,3,0,14,4,1,4,0,18
2021,TEX202108050,20210805,top,4,0,14,5,1,3,0,12
2021,TEX202108050,20210805,bottom,5,0,17,6,1,3,0,13
2021,TOR202108050,20210805,top,5,0,20,6,1,3,0,16
2021,TOR202108050,20210805,bottom,3,0,11,4,1,3,0,11
2021,WAS202108050,20210805,top,3,0,9,4,1,6,1,21
2021,WAS202108050,20210805,bottom,3,0,12,4,1,5,0,23
2021,ATL202108060,20210806,top,3,0,12,4,1,3,0,10
2021,ATL202108060,20210806,bottom,7,2,30,8,1,3,0,12
2021,BAL202108060,20210806,top,5,0,13,6,1,6,2,21
2021,BAL202108060,20210806,bottom,4,1,13,5,1,6,2,21
2021,CHN202108060,20210806,top,4,0,15,5,1,3,0,13
2021,CHN202108060,20210806,bottom,4,0,18,5,1,3,0,12
2021,CIN202108060,20210806,top,5,0,23,6,1,5,0,14
2021,CIN202108060,20210806,bottom,10,7,35,2,1,6,2,21
2021,CLE202108060,20210806,top,4,0,12,5,1,3,0,19
2021,CLE202108060,20210806,bottom,3,0,15,4,1,4,0,11
2021,COL202108060,20210806,top,4,0,19,5,1,3,0,10
2021,COL202108060,20210806,bottom,5,0,19,6,1,4,1,9
2021,HOU202108060,20210806,top,4,0,15,5,1,3,0,10
2021,HOU202108060,20210806,bottom,4,0,14,5,1,5,2,16
2021,LAN202108060,20210806,top,3,0,10,4,1,3,0,13
2021,LAN202108060,20210806,bottom,5,1,21,6,1,4,0,21
2021,MIL202108060,20210806,top,4,0,14,5,1,3,0,14
2021,MIL202108060,20210806,bottom,3,0,9,4,1,6,1,30
2021,NYA202108060,20210806,top,3,0,11,4,1,5,0,18
2021,NYA202108060,20210806,bottom,3,0,14,4,1,5,0,21
2021,OAK202108060,20210806,top,4,0,12,5,1,3,0,12
2021,OAK202108060,20210806,bottom,4,0,19,5,1,3,0,9
2021,PHI202108060,20210806,top,4,0,18,5,1,4,0,15
2021,PHI202108060,20210806,bottom,3,0,16,4,1,4,1,23
2021,SDN202108060,20210806,top,3,0,13,4,1,3,0,9
2021,SDN202108060,20210806,bottom,6,0,29,7,1,9,5,37
2021,SLN202108060,20210806,top,3,0,13,4,1,3,0,13
2021,SLN202108060,20210806,bottom,4,1,15,5,1,6,1,23
2021,TOR202108060,20210806,top,3,0,11,4,1,4,0,27
2021,TOR202108060,20210806,bottom,4,0,16,5,1,4,0,12
2021,ATL202108070,20210807,top,3,0,11,4,1,4,0,10
2021,ATL202108070,20210807,bottom,4,1,14,5,1,3,0,15
2021,BAL202108070,20210807,top,4,0,18,5,1,6,2,19
2021,BAL202108070,20210807,bottom,3,0,8,4,1,3,0,13
2021,CHN202108070,20210807,top,6,2,15,7,1,3,0,12
2021,CHN202108070,20210807,bottom,3,0,16,4,1,4,0,18
2021,CIN202108070,20210807,top,5,0,23,6,1,3,0,8
2021,CIN202108070,20210807,bottom,3,0,13,4,1,4,0,19
2021,CLE202108070,20210807,top,4,0,13,5,1,5,1,14
2021,CLE202108070,20210807,bottom,3,0,12,4,1,3,0,10
2021,COL202108070,20210807,top,3,0,17,4,1,5,0,13
2021,COL202108070,20210807,bottom,3,0,12,4,1,5,1,16
2021,HOU202108070,20210807,top,3,0,8,4,1,3,0,17
2021,HOU202108070,20210807,bottom,4,0,25,5,1,5,1,22
2021,LAN202108070,20210807,top,5,0,21,6,1,4,0,17
2021,LAN202108070,20210807,bottom,6,2,18,7,1,3,0,13
2021,MIL202108070,20210807,top,3,0,13,4,1,3,0,11
2021,MIL202108070,20210807,bottom,4,0,16,5,1,5,0,21
2021,NYA202108070,20210807,top,5,2,19,6,1,7,2,40
2021,NYA202108070,20210807,bottom,6,1,30,7,1,5,0,13
2021,OAK202108070,20210807,top,6,2,23,7,1,3,0,10
2021,OAK202108070,20210807,bottom,4,0,15,5,1,4,0,18
2021,PHI202108070,20210807,top,5,0,27,6,1,3,0,14
2021,PHI202108070,20210807,bottom,3,0,17,4,1,3,0,16
2021,SDN202108070,20210807,top,3,0,10,4,1,5,2,18
2021,SDN202108070,20210807,bottom,4,1,21,5,1,5,1,21
2021,SLN202108070,20210807,top,4,0,21,5,1,3,0,13
2021,SLN202108070,20210807,bottom,6,2,29,7,1,4,0,13
2021,TOR202108071,20210807,top,4,0,17,5,1,3,0,11
2021,TOR202108071,20210807,bottom,3,0,14,4,1,3,0,19
2021,TOR202108072,20210807,top,4,0,10,5,1,3,0,17
2021,TOR202108072,20210807,bottom,4,0,21,5,1,5,0,26
2021,ATL202108080,20210808,top,4,0,19,5,1,3,0,10
2021,ATL202108080,20210808,bottom,3,0,9,4,1,3,0,7
2021,BAL202108080,20210808,top,4,0,18,5,1,3,0,8
2021,BAL202108080,20210808,bottom,6,1,18,7,1,6,2,21
2021,CHN202108080,20210808,top,8,5,24,9,1,6,2,29
2021,CHN202108080,20210808,bottom,4,0,9,5,1,7,2,31
2021,CIN202108080,20210808,top,4,0,24,5,1,3,0,14
2021,CIN202108080,20210808,bottom,4,0,14,5,1,3,0,12
2021,CLE202108080,20210808,top,4,0,19,5,1,6,3,32
2021,CLE202108080,20210808,bottom,5,1,17,6,1,4,1,12
2021,COL202108080,20210808,top,5,1,18,6,1,4,0,23
2021,COL202108080,20210808,bottom,6,3,16,7,1,7,4,24
2021,HOU202108080,20210808,top,4,0,12,5,1,5,1,20
2021,HOU202108080,20210808,bottom,5,1,15,6,1,3,0,10
2021,LAN202108080,20210808,top,4,0,16,5,1,5,0,20
2021,LAN202108080,20210808,bottom,8,2,27,9,1,7,3,29
2021,MIL202108080,20210808,top,4,1,15,5,1,5,0,16
2021,MIL202108080,20210808,bottom,3,0,17,4,1,3,0,9
2021,NYA202108080,20210808,top,3,0,15,4,1,6,0,31
2021,NYA202108080,20210808,bottom,4,0,17,5,1,4,0,18
2021,OAK202108080,20210808,top,5,1,14,6,1,3,0,15
2021,OAK202108080,20210808,bottom,7,3,28,8,1,5,0,21
2021,PHI202108080,20210808,top,4,0,11,5,1,3,0,13
2021,PHI202108080,20210808,bottom,5,2,21,6,1,4,0,20
2021,SDN202108080,20210808,top,3,0,7,4,1,3,0,11
2021,SDN202108080,20210808,bottom,5,1,14,6,1,3,0,11
2021,SLN202108080,20210808,top,4,0,17,5,1,3,0,14
2021,SLN202108080,20210808,bottom,5,1,15,6,1,3,0,12
2021,TOR202108080,20210808,top,3,0,11,4,1,8,3,19
2021,TOR202108080,20210808,bottom,6,1,17,7,1,3,0,10
2021,CLE202108090,20210809,top,6,1,20,7,1,4,0,19
2021,CLE202108090,20210809,bottom,5,1,15,6,1,5,2,18
2021,KCA202108090,20210809,top,3,0,16,4,1,4,0,17
2021,KCA202108090,20210809,bottom,4,0,17,5,1,4,0,11
2021,MIN202108090,20210809,top,9,4,45,1,1,6,3,19
2021,MIN202108090,20210809,bottom,3,0,10,4,1,3,0,11
2021,SDN202108090,20210809,top,3,0,9,4,1,6,1,27
2021,SDN202108090,20210809,bottom,3,0,14,4,1,5,1,21
2021,ATL202108100,20210810,top,3,0,11,4,1,5,2,17
2021,ATL202108100,20210810,bottom,4,0,14,5,1,4,0,15
2021,BAL202108100,20210810,top,3,0,18,4,1,6,2,29
2021,BAL202108100,20210810,bottom,3,0,16,4,1,4,1,21
2021,BOS202108100,20210810,top,4,0,16,5,1,3,0,13
2021,BOS202108100,20210810,bottom,3,0,8,4,1,5,1,22
2021,CLE202108100,20210810,top,3,0,12,4,1,6,1,25
2021,CLE202108100,20210810,bottom,6,1,35,7,1,7,2,40
2021,HOU202108100,20210810,top,3,0,17,4,1,5,0,16
2021,HOU202108100,20210810,bottom,4,0,18,5,1,4,0,16
2021,KCA202108100,20210810,top,4,0,22,5,1,3,0,14
2021,KCA202108100,20210810,bottom,6,2,15,7,1,4,0,17
2021,MIN202108100,20210810,top,4,0,15,5,1,3,0,8
2021,MIN202108100,20210810,bottom,7,2,28,8,1,3,0,12
2021,NYN202108100,20210810,top,7,3,30,8,1,6,1,25
2021,NYN202108100,20210810,bottom,4,1,14,5,0,5,0,18
2021,PHI202108100,20210810,top,3,0,16,4,1,3,0,9
2021,PHI202108100,20210810,bottom,3,0,14,4,1,4,0,17
2021,PIT202108100,20210810,top,5,1,21,6,1,5,1,22
2021,PIT202108100,20210810,bottom,3,0,14,4,1,3,0,15
2021,SDN202108100,20210810,top,7,3,33,8,1,4,1,12
2021,SDN202108100,20210810,bottom,6,2,25,7,1,5,1,14
2021,SEA202108100,20210810,top,4,0,18,5,1,4,1,13
2021,SEA202108100,20210810,bottom,3,0,11,4,1,4,0,9
2021,SFN202108100,20210810,top,3,0,12,4,1,3,0,10
2021,SFN202108100,20210810,bottom,8,4,23,9,1,3,0,11
2021,ANA202108101,20210810,top,4,0,17,5,1,5,0,22
2021,ANA202108101,20210810,bottom,4,0,16,5,1,5,0,16
2021,CHN202108101,20210810,top,4,0,13,5,1,3,0,9
2021,CHN202108101,20210810,bottom,4,0,21,5,1,3,0,12
2021,ANA202108102,20210810,top,6,2,28,7,1,3,0,7
2021,ANA202108102,20210810,bottom,4,0,12,5,1,4,0,16
2021,CHN202108102,20210810,top,4,0,16,5,1,3,0,13
2021,CHN202108102,20210810,bottom,3,0,12,4,1,5,0,11
2021,ANA202108110,20210811,top,3,0,11,4,1,3,0,13
2021,ANA202108110,20210811,bottom,3,0,10,4,1,4,0,16
2021,ATL202108110,20210811,top,5,0,19,6,1,3,0,8
2021,ATL202108110,20210811,bottom,5,1,13,6,1,6,2,27
2021,BAL202108110,20210811,top,6,0,22,7,1,3,0,12
2021,BAL202108110,20210811,bottom,3,0,12,4,1,4,0,12
2021,BOS202108110,20210811,top,3,0,15,4,1,4,0,17
2021,BOS202108110,20210811,bottom,6,3,14,7,1,7,2,23
2021,CHN202108110,20210811,top,11,7,37,3,1,4,0,14
2021,CHN202108110,20210811,bottom,3,0,4,4,1,3,0,12
2021,CLE202108110,20210811,top,4,0,14,5,1,4,0,28
2021,CLE202108110,20210811,bottom,5,2,32,6,1,3,0,11
2021,HOU202108110,20210811,top,7,1,31,8,1,3,0,11
2021,HOU202108110,20210811,bottom,6,1,19,7,1,5,0,17
2021,KCA202108110,20210811,top,7,3,23,8,1,5,0,14
2021,KCA202108110,20210811,bottom,4,1,24,5,1,4,0,22
2021,MIN202108110,20210811,top,3,0,16,4,1,3,0,8
2021,MIN202108110,20210811,bottom,3,0,10,4,1,4,0,22
2021,PHI202108110,20210811,top,5,0,25,6,0,4,0,13
2021,PHI202108110,20210811,bottom,5,0,22,6,1,3,0,9
2021,PIT202108110,20210811,top,3,0,11,4,1,3,0,12
2021,PIT202108110,20210811,bottom,3,0,13,4,1,3,0,7
2021,SDN202108110,20210811,top,6,3,27,7,1,4,1,19
2021,SDN202108110,20210811,bottom,4,0,22,5,1,4,0,10
2021,SEA202108110,20210811,top,3,0,21,4,1,6,1,23
2021,SEA202108110,20210811,bottom,4,0,18,5,1,4,0,13
2021,SFN202108110,20210811,top,3,0,14,4,1,6,1,22
2021,SFN202108110,20210811,bottom,6,1,31,7,1,5,1,23
2021,ANA202108120,20210812,top,4,0,13,5,1,3,0,13
2021,ANA202108120,20210812,bottom,6,0,24,7,1,8,4,33
2021,ARI202108120,20210812,top,5,2,25,6,1,3,0,17
2021,ARI202108120,20210812,bottom,5,0,24,6,1,3,0,17
2021,ATL202108120,20210812,top,5,0,23,6,1,7,4,36
2021,ATL202108120,20210812,bottom,6,1,21,7,1,3,0,10
2021,BAL202108120,20210812,top,3,0,12,4,1,3,0,14
2021,BAL202108120,20210812,bottom,5,1,19,6,1,4,0,11
2021,BOS202108120,20210812,top,3,0,13,4,1,4,0,17
2021,BOS202108120,20210812,bottom,3,0,12,4,1,3,0,11
2021,CHA202108120,20210812,top,4,0,24,5,1,3,0,13
2021,CHA202108120,20210812,bottom,4,1,12,5,1,3,0,12
2021,CHN202108120,20210812,top,3,0,13,4,1,10,5,34
2021,CHN202108120,20210812,bottom,4,0,18,5,1,7,1,38
2021,CLE202108120,20210812,top,3,0,18,4,1,9,3,28
2021,CLE202108120,20210812,bottom,4,0,15,5,1,4,0,9
2021,PHI202108120,20210812,top,5,0,16,6,1,3,0,16
2021,PHI202108120,20210812,bottom,4,1,15,5,1,3,0,10
2021,PIT202108120,20210812,top,5,1,26,6,1,4,0,13
2021,PIT202108120,20210812,bottom,6,3,20,7,1,3,0,10
2021,SEA202108120,20210812,top,3,0,14,4,1,5,1,23
2021,SEA202108120,20210812,bottom,4,0,14,5,1,3,0,11
2021,SFN202108120,20210812,top,3,0,12,4,1,4,0,11
2021,SFN202108120,20210812,bottom,4,0,15,5,1,5,1,22
2021,NYN202108121,20210812,top,4,0,16,5,1,3,0,18
2021,NYN202108121,20210812,bottom,5,0,20,6,1,6,3,18
2021,NYN202108122,20210812,top,3,0,7,4,1,3,0,6
2021,NYN202108122,20210812,bottom,4,0,14,5,1,5,0,22
2021,ANA202108130,20210813,top,3,0,8,4,1,4,0,13
2021,ANA202108130,20210813,bottom,3,0,13,4,1,4,0,19
2021,ARI202108130,20210813,top,3,0,7,4,1,5,0,17
2021,ARI202108130,20210813,bottom,3,0,10,4,1,6,1,36
2021,BOS202108130,20210813,top,5,0,24,6,1,3,0,11
2021,BOS202108130,20210813,bottom,4,0,14,5,1,8,4,26
2021,DET202108130,20210813,top,3,0,14,4,1,3,0,10
2021,DET202108130,20210813,bottom,4,0,11,5,1,3,0,11
2021,KCA202108130,20210813,top,4,0,16,5,1,3,0,12
2021,KCA202108130,20210813,bottom,4,0,20,5,1,3,0,15
2021,MIA202108130,20210813,top,5,2,27,6,1,8,2,33
2021,MIA202108130,20210813,bottom,4,1,23,5,1,15,11,69
2021,MIN202108130,20210813,top,5,1,16,6,1,6,2,23
2021,MIN202108130,20210813,bottom,3,0,11,4,1,4,0,21
2021,NYN202108130,20210813,top,5,1,32,6,1,4,0,11
2021,NYN202108130,20210813,bottom,3,0,8,4,1,4,0,20
2021,PHI202108130,20210813,top,3,0,11,4,1,3,0,13
2021,PHI202108130,20210813,bottom,3,0,18,4,1,4,0,16
2021,SEA202108130,20210813,top,3,0,10,4,1,4,0,12
2021,SEA202108130,20210813,bottom,3,0,14,4,1,3,0,13
2021,SFN202108130,20210813,top,5,0,21,6,1,5,1,16
2021,SFN202108130,20210813,bottom,9,4,35,1,1,5,1,15
2021,TEX202108130,20210813,top,4,0,15,5,1,4,0,16
2021,TEX202108130,20210813,bottom,7,3,23,8,1,3,0,12
2021,WAS202108130,20210813,top,3,0,12,4,1,3,0,12
2021,WAS202108130,20210813,bottom,5,2,17,6,1,3,0,16
2021,ANA202108140,20210814,top,3,0,13,4,1,4,0,13
2021,ANA202108140,20210814,bottom,5,2,18,6,1,4,0,19
2021,ARI202108140,20210814,top,3,0,17,4,1,3,0,11
2021,ARI202108140,20210814,bottom,9,5,39,1,1,3,0,9
2021,BOS202108140,20210814,top,4,0,15,5,1,3,0,19
2021,BOS202108140,20210814,bottom,7,4,27,8,1,7,2,27
2021,CHA202108140,20210814,top,5,2,21,6,1,3,0,13
2021,CHA202108140,20210814,bottom,5,1,19,6,1,4,1,14
2021,DET202108140,20210814,top,4,0,13,5,1,5,1,26
2021,DET202108140,20210814,bottom,5,2,20,6,1,5,1,24
2021,KCA202108140,20210814,top,5,0,19,6,1,3,0,14
2021,KCA202108140,20210814,bottom,4,0,14,5,1,3,0,11
2021,MIA202108140,20210814,top,3,0,15,4,1,3,0,12
2021,MIA202108140,20210814,bottom,4,0,17,5,1,3,0,13
2021,MIN202108140,20210814,top,3,0,9,4,1,4,0,14
2021,MIN202108140,20210814,bottom,8,4,30,9,1,4,0,14
2021,NYN202108140,20210814,top,3,0,9,4,1,3,0,15
2021,NYN202108140,20210814,bottom,4,0,14,5,1,4,0,16
2021,PHI202108140,20210814,top,3,0,10,4,1,3,0,12
2021,PHI202108140,20210814,bottom,3,0,14,4,1,3,0,15
2021,SEA202108140,20210814,top,3,0,17,4,1,7,1,29
2021,SEA202108140,20210814,bottom,5,2,15,6,1,3,0,13
2021,SFN202108140,20210814,top,4,0,21,5,1,5,1,23
2021,SFN202108140,20210814,bottom,3,0,10,4,1,6,1,26
2021,TEX202108140,20210814,top,5,1,25,6,1,4,1,18
2021,TEX202108140,20210814,bottom,5,1,13,6,1,3,0,7
2021,WAS202108140,20210814,top,4,0,25,5,1,3,0,7
2021,WAS202108140,20210814,bottom,3,0,14,4,1,3,0,19
2021,PIT202108141,20210814,top,4,1,23,5,1,6,2,14
2021,PIT202108141,20210814,bottom,3,0,16,4,1,4,0,11
2021,PIT202108142,20210814,top,4,0,18,5,1,4,0,17
2021,PIT202108142,20210814,bottom,4,0,18,5,1,5,0,20
2021,ANA202108150,20210815,top,3,0,8,4,1,5,0,27
2021,ANA202108150,20210815,bottom,4,0,21,5,1,6,0,25
2021,ARI202108150,20210815,top,5,0,19,6,1,4,0,19
2021,ARI202108150,20210815,bottom,5,0,19,6,1,3,0,14
2021,BOS202108150,20210815,top,6,1,23,7,1,3,0,12
2021,BOS202108150,20210815,bottom,6,3,22,7,1,4,0,16
2021,CHA202108150,20210815,top,5,0,33,6,1,7,3,27
2021,CHA202108150,20210815,bottom,5,0,19,6,1,4,0,15
2021,DET202108150,20210815,top,4,0,18,5,1,10,6,38
2021,DET202108150,20210815,bottom,3,0,10,4,1,3,0,11
2021,KCA202108150,20210815,top,9,3,34,1,1,8,4,28
2021,KCA202108150,20210815,bottom,3,0,10,4,1,6,0,25
2021,MIA202108150,20210815,top,3,0,8,4,1,3,0,10
2021,MIA202108150,20210815,bottom,5,0,15,6,1,3,0,12
2021,MIN202108150,20210815,top,3,0,14,4,1,3,0,13
2021,MIN202108150,20210815,bottom,7,2,33,8,1,5,0,19
2021,NYN202108150,20210815,top,6,3,26,7,1,7,3,31
2021,NYN202108150,20210815,bottom,5,0,21,6,1,5,0,13
2021,PHI202108150,20210815,top,4,1,12,5,1,3,0,12
2021,PHI202108150,20210815,bottom,3,0,8,4,1,3,0,11
2021,PIT202108150,20210815,top,6,1,24,7,1,3,0,8
2021,PIT202108150,20210815,bottom,3,0,13,4,1,4,0,22
2021,SEA202108150,20210815,top,3,0,14,4,1,7,3,36
2021,SEA202108150,20210815,bottom,5,1,28,6,1,4,0,21
2021,SFN202108150,20210815,top,3,0,15,4,1,3,0,7
2021,SFN202108150,20210815,bottom,4,0,12,5,1,3,0,6
2021,TEX202108150,20210815,top,3,0,7,4,1,4,1,17
2021,TEX202108150,20210815,bottom,6,3,22,7,1,5,1,14
2021,WAS202108150,20210815,top,5,0,11,6,1,6,1,27
2021,WAS202108150,20210815,bottom,3,0,13,4,1,3,0,20
2021,CHA202108160,20210816,top,4,0,16,5,1,8,2,31
2021,CHA202108160,20210816,bottom,4,0,18,5,1,4,0,22
2021,CIN202108160,20210816,top,4,0,14,5,1,3,0,12
2021,CIN202108160,20210816,bottom,5,0,24,6,1,5,0,19
2021,COL202108160,20210816,top,3,0,7,4,1,4,1,13
2021,COL202108160,20210816,bottom,4,1,10,5,1,4,0,11
2021,KCA202108160,20210816,top,5,1,20,6,1,3,0,9
2021,KCA202108160,20210816,bottom,4,0,16,5,1,7,2,24
2021,LAN202108160,20210816,top,4,0,12,5,0,5,0,17
2021,LAN202108160,20210816,bottom,3,0,11,4,1,3,0,12
2021,MIA202108160,20210816,top,6,1,30,7,1,5,0,20
2021,MIA202108160,20210816,bottom,4,1,8,5,1,4,1,18
2021,MIN202108160,20210816,top,3,0,16,4,1,6,2,20
2021,MIN202108160,20210816,bottom,5,1,21,6,1,4,0,16
2021,NYA202108160,20210816,top,4,1,21,5,1,4,0,14
2021,NYA202108160,20210816,bottom,6,2,19,7,1,3,0,12
2021,SFN202108160,20210816,top,4,0,24,5,1,4,0,12
2021,SFN202108160,20210816,bottom,3,0,11,4,1,4,0,16
2021,TBA202108160,20210816,top,3,0,8,4,1,3,0,13
2021,TBA202108160,20210816,bottom,4,0,10,5,1,3,0,18
2021,ARI202108170,20210817,top,4,0,17,5,1,5,0,18
2021,ARI202108170,20210817,bottom,4,0,10,5,1,5,0,10
2021,CHA202108170,20210817,top,3,0,11,4,1,3,0,12
2021,CHA202108170,20210817,bottom,3,0,10,4,1,9,5,34
2021,CIN202108170,20210817,top,4,0,12,5,1,4,0,9
2021,CIN202108170,20210817,bottom,3,0,10,4,1,4,0,23
2021,COL202108170,20210817,top,3,0,8,4,1,4,0,16
2021,COL202108170,20210817,bottom,6,1,29,7,1,5,0,28
2021,DET202108170,20210817,top,7,1,33,8,1,3,0,13
2021,DET202108170,20210817,bottom,3,0,11,4,1,3,0,13
2021,KCA202108170,20210817,top,3,0,8,4,1,4,0,17
2021,KCA202108170,20210817,bottom,4,0,16,5,1,3,0,5
2021,LAN202108170,20210817,top,3,0,15,4,1,3,0,7
2021,LAN202108170,20210817,bottom,5,0,24,6,1,5,0,34
2021,MIA202108170,20210817,top,4,0,14,5,1,3,0,11
2021,MIA202108170,20210817,bottom,3,0,11,4,1,4,0,19
2021,MIN202108170,20210817,top,4,0,16,5,1,3,0,9
2021,MIN202108170,20210817,bottom,3,0,24,4,1,5,0,19
2021,SFN202108170,20210817,top,3,0,9,4,1,3,0,6
2021,SFN202108170,20210817,bottom,5,2,22,6,1,4,0,16
2021,SLN202108170,20210817,top,6,0,23,7,1,5,1,17
2021,SLN202108170,20210817,bottom,4,0,21,5,1,3,0,16
2021,TBA202108170,20210817,top,3,0,12,4,1,3,0,12
2021,TBA202108170,20210817,bottom,4,0,23,5,1,3,0,18
2021,TEX202108170,20210817,top,3,0,16,4,1,5,0,10
2021,TEX202108170,20210817,bottom,3,0,14,4,1,5,0,19
2021,WAS202108170,20210817,top,5,0,25,6,1,5,0,17
2021,WAS202108170,20210817,bottom,3,0,9,4,1,4,1,12
2021,NYA202108171,20210817,top,4,0,11,5,1,3,0,12
2021,NYA202108171,20210817,bottom,3,0,10,4,1,7,2,22
2021,NYA202108172,20210817,top,4,0,14,5,1,5,0,20
2021,NYA202108172,20210817,bottom,4,0,18,5,1,4,1,12
2021,ARI202108180,20210818,top,4,1,17,5,1,3,0,12
2021,ARI202108180,20210818,bottom,4,0,13,5,1,5,0,15
2021,CHA202108180,20210818,top,5,0,31,6,1,4,0,11
2021,CHA202108180,20210818,bottom,6,1,14,7,1,3,0,5
2021,CIN202108180,20210818,top,4,1,17,5,1,8,4,36
2021,CIN202108180,20210818,bottom,3,0,15,4,1,6,1,19
2021,COL202108180,20210818,top,3,0,6,4,1,5,2,12
2021,COL202108180,20210818,bottom,7,3,24,8,1,3,0,9
2021,DET202108180,20210818,top,5,2,21,6,1,3,0,16
2021,DET202108180,20210818,bottom,4,0,20,5,1,3,0,7
2021,KCA202108180,20210818,top,4,0,19,5,1,3,0,15
2021,KCA202108180,20210818,bottom,3,0,7,4,1,3,0,16
2021,LAN202108180,20210818,top,3,0,16,4,1,3,0,11
2021,LAN202108180,20210818,bottom,7,3,25,8,1,4,1,14
2021,MIA202108180,20210818,top,4,0,13,5,1,4,0,19
2021,MIA202108180,20210818,bottom,3,0,9,4,1,3,0,15
2021,MIN202108180,20210818,top,4,1,15,5,1,7,1,39
2021,MIN202108180,20210818,bottom,6,1,18,7,1,4,0,9
2021,NYA202108180,20210818,top,4,1,17,5,1,3,0,21
2021,NYA202108180,20210818,bottom,4,0,19,5,1,9,4,41
2021,SFN202108180,20210818,top,5,0,22,6,1,3,0,13
2021,SFN202108180,20210818,bottom,3,0,14,4,1,3,0,10
2021,SLN202108180,20210818,top,3,0,13,4,1,3,0,11
2021,SLN202108180,20210818,bottom,7,2,22,8,1,5,1,21
2021,TBA202108180,20210818,top,6,2,34,7,0,3,0,15
2021,TBA202108180,20210818,bottom,6,2,27,7,1,5,0,18
2021,TEX202108180,20210818,top,6,2,23,7,1,3,0,18
2021,TEX202108180,20210818,bottom,3,0,16,4,1,4,0,19
2021,WAS202108180,20210818,top,3,0,9,4,1,4,1,20
2021,WAS202108180,20210818,bottom,6,3,27,7,1,4,0,13
2021,ARI202108190,20210819,top,4,0,17,5,1,3,0,11
2021,ARI202108190,20210819,bottom,3,0,14,4,1,3,0,10
2021,CHA202108190,20210819,top,3,0,8,4,1,3,0,14
2021,CHA202108190,20210819,bottom,7,1,30,8,1,3,0,5
2021,CIN202108190,20210819,top,3,0,13,4,1,4,0,7
2021,CIN202108190,20210819,bottom,3,0,9,4,1,3,0,7
2021,DET202108190,20210819,top,4,0,16,5,1,5,2,20
2021,DET202108190,20210819,bottom,6,2,17,7,1,10,5,30
2021,KCA202108190,20210819,top,4,0,10,5,1,5,0,23
2021,KCA202108190,20210819,bottom,4,1,12,5,1,3,0,7
2021,LAN202108190,20210819,top,4,0,16,5,0,3,0,16
2021,LAN202108190,20210819,bottom,3,0,7,4,1,5,2,22
2021,NYA202108190,20210819,top,3,0,12,4,1,3,0,12
2021,NYA202108190,20210819,bottom,3,0,11,4,1,3,0,12
2021,SLN202108190,20210819,top,5,0,19,6,1,5,0,21
2021,SLN202108190,20210819,bottom,6,1,24,7,1,3,0,10
2021,TBA202108190,20210819,top,3,0,14,4,1,4,0,19
2021,TBA202108190,20210819,bottom,6,2,25,7,1,6,2,23
2021,TEX202108190,20210819,top,6,2,25,7,1,6,3,27
2021,TEX202108190,20210819,bottom,5,0,15,6,1,3,0,17
2021,BAL202108200,20210820,top,4,0,15,5,1,5,2,21
2021,BAL202108200,20210820,bottom,3,0,10,4,1,3,0,9
2021,BOS202108200,20210820,top,4,0,11,5,1,5,0,23
2021,BOS202108200,20210820,bottom,6,1,24,7,1,6,1,16
2021,CHN202108200,20210820,top,3,0,14,4,1,5,0,23
2021,CHN202108200,20210820,bottom,3,0,12,4,1,4,1,13
2021,CIN202108200,20210820,top,3,0,8,4,1,3,0,8
2021,CIN202108200,20210820,bottom,6,2,16,7,1,3,0,7
2021,CLE202108200,20210820,top,4,0,23,5,1,3,0,11
2021,CLE202108200,20210820,bottom,6,3,26,7,1,6,2,19
2021,COL202108200,20210820,top,4,0,11,5,1,6,0,23
2021,COL202108200,20210820,bottom,4,0,11,5,1,6,2,28
2021,HOU202108200,20210820,top,3,0,11,4,1,3,0,12
2021,HOU202108200,20210820,bottom,5,2,20,6,1,6,2,23
2021,LAN202108200,20210820,top,3,0,13,4,1,5,0,21
2021,LAN202108200,20210820,bottom,4,1,13,5,1,4,0,15
2021,MIL202108200,20210820,top,4,0,14,5,1,3,0,14
2021,MIL202108200,20210820,bottom,3,0,15,4,1,3,0,10
2021,NYA202108200,20210820,top,3,0,11,4,1,3,0,13
2021,NYA202108200,20210820,bottom,9,4,37,1,1,6,2,15
2021,OAK202108200,20210820,top,3,0,9,4,1,5,0,22
2021,OAK202108200,20210820,bottom,3,0,12,4,1,5,0,18
2021,SDN202108200,20210820,top,4,0,19,5,1,3,0,13
2021,SDN202108200,20210820,bottom,3,0,12,4,1,6,0,25
2021,SLN202108200,20210820,top,5,0,25,6,1,4,0,17
2021,SLN202108200,20210820,bottom,3,0,15,4,1,6,0,29
2021,TBA202108200,20210820,top,5,1,23,6,1,5,0,17
2021,TBA202108200,20210820,bottom,3,0,13,4,1,4,1,8
2021,TOR202108200,20210820,top,3,0,11,4,1,4,0,18
2021,TOR202108200,20210820,bottom,3,0,10,4,1,4,0,18
2021,BAL202108210,20210821,top,6,0,24,7,1,3,0,13
2021,BAL202108210,20210821,bottom,4,1,23,5,1,5,0,19
2021,BOS202108210,20210821,top,4,0,16,5,1,7,2,29
2021,BOS202108210,20210821,bottom,3,0,11,4,1,5,0,19
2021,CHN202108210,20210821,top,6,1,31,7,1,6,1,18
2021,CHN202108210,20210821,bottom,4,0,18,5,1,3,0,12
2021,CIN202108210,20210821,top,3,0,12,4,1,3,0,10
2021,CIN202108210,20210821,bottom,6,2,27,7,1,3,0,11
2021,CLE202108210,20210821,top,3,0,12,4,1,3,0,10
2021,CLE202108210,20210821,bottom,6,0,24,7,1,3,0,10
2021,COL202108210,20210821,top,4,0,11,5,1,4,0,11
2021,COL202108210,20210821,bottom,6,0,24,7,1,3,0,15
2021,HOU202108210,20210821,top,5,0,22,6,1,3,0,11
2021,HOU202108210,20210821,bottom,4,1,15,5,1,3,0,11
2021,LAN202108210,20210821,top,4,0,16,5,1,4,0,16
2021,LAN202108210,20210821,bottom,5,2,13,6,1,4,0,16
2021,MIL202108210,20210821,top,6,2,16,7,1,3,0,10
2021,MIL202108210,20210821,bottom,5,1,16,6,1,3,0,15
2021,NYA202108210,20210821,top,3,0,9,4,1,5,0,19
2021,NYA202108210,20210821,bottom,4,0,18,5,1,6,1,12
2021,OAK202108210,20210821,top,3,0,13,4,1,7,2,31
2021,OAK202108210,20210821,bottom,7,3,24,8,1,3,0,8
2021,SDN202108210,20210821,top,6,1,22,7,1,3,0,12
2021,SDN202108210,20210821,bottom,3,0,7,4,1,3,0,9
2021,SLN202108210,20210821,top,4,0,17,5,1,3,0,13
2021,SLN202108210,20210821,bottom,3,0,9,4,1,4,0,12
2021,TBA202108210,20210821,top,4,0,15,5,1,4,0,19
2021,TBA202108210,20210821,bottom,7,3,22,8,1,5,1,18
2021,TOR202108210,20210821,top,3,0,10,4,1,3,0,11
2021,TOR202108210,20210821,bottom,4,0,7,5,1,5,2,11
2021,BAL202108220,20210822,top,3,0,11,4,1,3,0,9
2021,BAL202108220,20210822,bottom,3,0,10,4,1,3,0,13
2021,CHN202108220,20210822,top,3,0,7,4,1,6,1,30
2021,CHN202108220,20210822,bottom,5,0,16,6,1,3,0,14
2021,CIN202108220,20210822,top,3,0,12,4,1,3,0,10
2021,CIN202108220,20210822,bottom,5,1,19,6,1,3,0,14
2021,CLE202108220,20210822,top,5,0,22,6,1,3,0,15
2021,CLE202108220,20210822,bottom,6,2,22,7,1,4,0,12
2021,COL202108220,20210822,top,4,0,15,5,1,8,3,31
2021,COL202108220,20210822,bottom,5,1,13,6,1,4,0,13
2021,HOU202108220,20210822,top,3,0,8,4,1,5,0,27
2021,HOU202108220,20210822,bottom,3,0,16,4,1,6,2,23
2021,LAN202108220,20210822,top,7,3,33,8,1,4,0,16
2021,LAN202108220,20210822,bottom,3,0,12,4,1,4,0,20
2021,MIL202108220,20210822,top,3,0,12,4,1,3,0,18
2021,MIL202108220,20210822,bottom,5,1,22,6,1,5,0,17
2021,OAK202108220,20210822,top,3,0,9,4,1,4,0,17
2021,OAK202108220,20210822,bottom,3,0,9,4,1,3,0,16
2021,SDN202108220,20210822,top,3,0,8,4,1,6,0,19
2021,SDN202108220,20210822,bottom,5,1,17,6,1,5,0,16
2021,SLN202108220,20210822,top,3,0,15,4,1,4,0,17
2021,SLN202108220,20210822,bottom,6,1,28,7,1,4,0,12
2021,TBA202108220,20210822,top,4,0,23,5,1,4,0,18
2021,TBA202108220,20210822,bottom,5,1,28,6,1,3,0,15
2021,TOR202108220,20210822,top,4,0,17,5,1,3,0,13
2021,TOR202108220,20210822,bottom,4,0,16,5,1,5,0,20
2021,ATL202108230,20210823,top,4,0,18,5,1,4,1,17
2021,ATL202108230,20210823,bottom,4,0,16,5,1,5,1,18
2021,BOS202108230,20210823,top,3,0,9,4,1,4,0,13
2021,BOS202108230,20210823,bottom,4,0,22,5,1,5,2,13
2021,CHN202108230,20210823,top,7,3,23,8,1,4,0,14
2021,CHN202108230,20210823,bottom,4,0,12,5,1,3,0,15
2021,HOU202108230,20210823,top,5,0,16,6,1,5,1,21
2021,HOU202108230,20210823,bottom,4,0,10,5,1,3,0,13
2021,OAK202108230,20210823,top,3,0,12,4,1,5,0,17
2021,OAK202108230,20210823,bottom,5,1,15,6,1,3,0,14
2021,PIT202108230,20210823,top,5,0,20,6,1,5,1,16
2021,PIT202108230,20210823,bottom,4,0,17,5,1,4,0,26
2021,TOR202108230,20210823,top,4,0,11,5,1,3,0,10
2021,TOR202108230,20210823,bottom,3,0,7,4,1,3,0,16
2021,ATL202108240,20210824,top,4,0,19,5,1,4,1,18
2021,ATL202108240,20210824,bottom,6,2,19,7,1,3,0,15
2021,BAL202108240,20210824,top,3,0,10,4,1,8,5,28
2021,BAL202108240,20210824,bottom,5,1,29,6,1,6,0,21
2021,BOS202108240,20210824,top,5,1,20,6,1,5,0,27
2021,BOS202108240,20210824,bottom,3,0,8,4,1,4,0,18
2021,CLE202108240,20210824,top,7,3,21,8,1,5,0,18
2021,CLE202108240,20210824,bottom,4,0,17,5,1,3,0,8
2021,HOU202108240,20210824,top,3,0,10,4,1,3,0,10
2021,HOU202108240,20210824,bottom,7,3,27,8,1,5,0,19
2021,MIA202108240,20210824,top,4,0,20,5,1,5,0,20
2021,MIA202108240,20210824,bottom,4,0,19,5,1,4,0,13
2021,MIL202108240,20210824,top,3,0,10,4,1,4,0,14
2021,MIL202108240,20210824,bottom,6,1,31,7,1,4,0,14
2021,NYN202108240,20210824,top,4,1,15,5,1,6,2,17
2021,NYN202108240,20210824,bottom,3,0,11,4,1,3,0,18
2021,OAK202108240,20210824,top,4,0,18,5,1,6,1,16
2021,OAK202108240,20210824,bottom,6,1,20,7,1,4,0,11
2021,PHI202108240,20210824,top,4,0,16,5,1,3,0,6
2021,PHI202108240,20210824,bottom,5,0,26,6,1,3,0,5
2021,PIT202108240,20210824,top,3,0,9,4,1,6,0,27
2021,PIT202108240,20210824,bottom,3,0,6,4,1,6,0,18
2021,SDN202108240,20210824,top,3,0,15,4,1,5,1,19
2021,SDN202108240,20210824,bottom,3,0,8,4,1,3,0,16
2021,SLN202108240,20210824,top,3,0,11,4,1,8,2,29
2021,SLN202108240,20210824,bottom,4,0,14,5,1,3,0,25
2021,TOR202108240,20210824,top,9,4,33,1,1,5,0,19
2021,TOR202108240,20210824,bottom,3,0,8,4,1,3,0,14
2021,BAL202108250,20210825,top,4,0,15,5,1,5,2,13
2021,BAL202108250,20210825,bottom,5,2,22,6,1,3,0,13
2021,BOS202108250,20210825,top,5,0,23,6,1,7,1,28
2021,BOS202108250,20210825,bottom,3,0,14,4,1,4,0,18
2021,CLE202108250,20210825,top,5,0,16,6,1,3,0,7
2021,CLE202108250,20210825,bottom,3,0,12,4,1,4,1,22
2021,HOU202108250,20210825,top,4,0,13,5,1,4,0,16
2021,HOU202108250,20210825,bottom,3,0,13,4,1,4,0,19
2021,MIA202108250,20210825,top,3,0,8,4,1,3,0,9
2021,MIA202108250,20210825,bottom,3,0,12,4,1,6,1,14
2021,MIL202108250,20210825,top,5,0,18,6,1,4,0,17
2021,MIL202108250,20210825,bottom,4,0,16,5,1,4,0,18
2021,NYN202108250,20210825,top,3,0,8,4,1,3,0,11
2021,NYN202108250,20210825,bottom,4,0,13,5,1,4,0,12
2021,PHI202108250,20210825,top,3,0,8,4,1,4,0,12
2021,PHI202108250,20210825,bottom,4,0,10,5,1,5,1,17
2021,PIT202108250,20210825,top,3,0,14,4,1,5,0,17
2021,PIT202108250,20210825,bottom,3,0,10,4,1,3,0,6
2021,SDN202108250,20210825,top,3,0,15,4,1,3,0,13
2021,SDN202108250,20210825,bottom,3,0,15,4,1,5,1,14
2021,SLN202108250,20210825,top,4,0,17,5,1,5,0,17
2021,SLN202108250,20210825,bottom,4,1,17,5,1,4,0,19
2021,TOR202108250,20210825,top,4,0,16,5,1,3,0,7
2021,TOR202108250,20210825,bottom,4,0,11,5,1,3,0,16
2021,CHN202108251,20210825,top,3,0,10,4,1,4,1,18
2021,CHN202108251,20210825,bottom,3,0,8,4,1,5,1,19
2021,CHN202108252,20210825,top,5,2,17,6,1,3,0,16
2021,CHN202108252,20210825,bottom,4,0,10,5,1,9,5,30
2021,BAL202108260,20210826,top,4,1,11,5,1,5,0,22
2021,BAL202108260,20210826,bottom,3,0,11,4,1,4,0,16
2021,BOS202108260,20210826,top,4,0,20,5,1,3,0,9
2021,BOS202108260,20210826,bottom,4,0,14,5,1,6,3,20
2021,CLE202108260,20210826,top,3,0,6,4,1,6,2,19
2021,CLE202108260,20210826,bottom,7,4,32,8,1,3,0,11
2021,MIA202108260,20210826,top,4,0,15,5,1,4,0,18
2021,MIA202108260,20210826,bottom,7,4,27,8,1,5,2,16
2021,MIL202108260,20210826,top,5,1,23,6,1,3,0,14
2021,MIL202108260,20210826,bottom,3,0,13,4,1,3,0,10
2021,NYN202108260,20210826,top,5,2,11,6,1,3,0,12
2021,NYN202108260,20210826,bottom,4,0,12,5,1,5,0,19
2021,OAK202108260,20210826,top,3,0,12,4,1,5,2,25
2021,OAK202108260,20210826,bottom,3,0,9,4,1,3,0,8
2021,PHI202108260,20210826,top,4,0,12,5,1,7,2,17
2021,PHI202108260,20210826,bottom,5,0,31,6,1,4,0,16
2021,PIT202108260,20210826,top,5,2,16,6,1,7,3,27
2021,PIT202108260,20210826,bottom,4,0,19,5,1,5,1,15
2021,SDN202108260,20210826,top,3,0,14,4,1,3,0,10
2021,SDN202108260,20210826,bottom,3,0,17,4,1,3,0,8
2021,SEA202108260,20210826,top,3,0,6,4,1,4,0,7
2021,SEA202108260,20210826,bottom,7,1,36,8,1,3,0,12
2021,TOR202108260,20210826,top,3,0,9,4,1,4,1,10
2021,TOR202108260,20210826,bottom,4,1,13,5,1,5,0,15
2021,ANA202108270,20210827,top,4,0,16,5,1,8,3,33
2021,ANA202108270,20210827,bottom,4,0,17,5,1,4,0,17
2021,ATL202108270,20210827,top,5,2,18,6,1,5,1,20
2021,ATL202108270,20210827,bottom,6,0,21,7,1,4,1,19
2021,BAL202108270,20210827,top,8,3,36,9,1,3,0,10
2021,BAL202108270,20210827,bottom,3,0,13,4,1,3,0,7
2021,CHA202108270,20210827,top,10,6,38,2,1,3,0,15
2021,CHA202108270,20210827,bottom,7,1,38,8,1,3,0,9
2021,CLE202108270,20210827,top,3,0,13,4,1,4,0,15
2021,CLE202108270,20210827,bottom,3,0,7,4,1,4,0,17
2021,DET202108270,20210827,top,4,0,17,5,1,5,0,17
2021,DET202108270,20210827,bottom,4,0,15,5,1,3,0,11
2021,LAN202108270,20210827,top,5,2,21,6,0,4,0,13
2021,LAN202108270,20210827,bottom,3,0,10,4,1,3,0,14
2021,MIA202108270,20210827,top,5,1,13,6,1,3,0,9
2021,MIA202108270,20210827,bottom,4,0,19,5,1,3,0,14
2021,MIN202108270,20210827,top,4,0,18,5,1,3,0,9
2021,MIN202108270,20210827,bottom,6,2,22,7,1,6,0,29
2021,NYN202108270,20210827,top,4,0,14,5,1,4,0,22
2021,NYN202108270,20210827,bottom,4,0,17,5,1,3,0,14
2021,OAK202108270,20210827,top,5,0,18,6,1,4,0,18
2021,OAK202108270,20210827,bottom,4,0,18,5,1,4,0,13
2021,PHI202108270,20210827,top,3,0,15,4,1,4,0,17
2021,PHI202108270,20210827,bottom,5,0,17,6,1,4,0,22
2021,PIT202108270,20210827,top,4,0,19,5,1,3,0,10
2021,PIT202108270,20210827,bottom,3,0,10,4,1,4,0,14
2021,SEA202108270,20210827,top,6,1,27,7,1,5,0,15
2021,SEA202108270,20210827,bottom,9,3,33,1,1,8,2,30
2021,TEX202108270,20210827,top,3,0,14,4,1,4,0,16
2021,TEX202108270,20210827,bottom,3,0,13,4,1,4,0,25
2021,ANA202108280,20210828,top,4,0,18,5,1,3,0,12
2021,ANA202108280,20210828,bottom,3,0,11,4,1,4,1,15
2021,ATL202108280,20210828,top,4,1,11,5,1,3,0,16
2021,ATL202108280,20210828,bottom,5,0,23,6,1,4,0,12
2021,BAL202108280,20210828,top,3,0,14,4,1,3,0,15
2021,BAL202108280,20210828,bottom,3,0,17,4,1,4,0,16
2021,CHA202108280,20210828,top,4,0,21,5,1,5,1,13
2021,CHA202108280,20210828,bottom,4,0,10,5,1,3,0,14
2021,CLE202108280,20210828,top,5,2,9,6,1,3,0,9
2021,CLE202108280,20210828,bottom,3,0,16,4,1,7,2,33
2021,DET202108280,20210828,top,3,0,15,4,1,4,0,12
2021,DET202108280,20210828,bottom,3,0,19,4,1,3,0,17
2021,LAN202108280,20210828,top,3,0,15,4,1,3,0,9
2021,LAN202108280,20210828,bottom,6,0,32,7,1,3,0,9
2021,MIA202108280,20210828,top,4,0,16,5,1,3,0,8
2021,MIA202108280,20210828,bottom,10,5,40,2,1,3,0,11
2021,MIN202108280,20210828,top,3,0,9,4,1,4,0,17
2021,MIN202108280,20210828,bottom,4,0,22,5,1,3,0,11
2021,NYN202108280,20210828,top,6,0,19,7,1,6,2,22
2021,NYN202108280,20210828,bottom,3,0,11,4,1,3,0,11
2021,OAK202108280,20210828,top,4,0,17,5,1,3,0,12
2021,OAK202108280,20210828,bottom,4,0,20,5,1,6,2,25
2021,PHI202108280,20210828,top,3,0,16,4,1,4,0,10
2021,PHI202108280,20210828,bottom,5,2,21,6,1,3,0,11
2021,PIT202108280,20210828,top,3,0,12,4,1,6,2,24
2021,PIT202108280,20210828,bottom,3,0,7,4,1,3,0,11
2021,SEA202108280,20210828,top,4,1,12,5,1,4,0,10
2021,SEA202108280,20210828,bottom,5,0,25,6,1,5,0,20
2021,TEX202108280,20210828,top,3,0,9,4,1,9,3,30
2021,TEX202108280,20210828,bottom,3,0,9,4,1,3,0,10
2021,ATL202108290,20210829,top,5,0,22,6,1,3,0,8
2021,ATL202108290,20210829,bottom,3,0,15,4,1,3,0,14
2021,BAL202108290,20210829,top,7,2,25,8,1,4,1,16
2021,BAL202108290,20210829,bottom,6,1,18,7,1,3,0,9
2021,CHA202108290,20210829,top,3,0,15,4,1,3,0,15
2021,CHA202108290,20210829,bottom,4,1,17,5,1,5,2,15
2021,CLE202108290,20210829,top,4,1,15,5,1,4,1,19
2021,CLE202108290,20210829,bottom,4,0,20,5,1,3,0,15
2021,DET202108290,20210829,top,6,1,27,7,1,3,0,13
2021,DET202108290,20210829,bottom,3,0,6,4,1,3,0,9
2021,LAN202108290,20210829,top,6,3,22,7,1,4,0,12
2021,LAN202108290,20210829,bottom,3,0,12,4,1,3,0,4
2021,MIA202108290,20210829,top,5,0,22,6,1,4,0,18
2021,MIA202108290,20210829,bottom,5,2,19,6,1,4,0,22
2021,MIN202108290,20210829,top,4,0,19,5,1,5,1,22
2021,MIN202108290,20210829,bottom,4,0,18,5,1,4,0,15
2021,NYN202108290,20210829,top,4,0,17,5,1,3,0,11
2021,NYN202108290,20210829,bottom,5,1,20,6,1,3,0,7
2021,OAK202108290,20210829,top,4,0,12,5,1,4,0,18
2021,OAK202108290,20210829,bottom,3,0,5,4,1,4,0,16
2021,PHI202108290,20210829,top,3,0,9,4,1,6,1,28
2021,PHI202108290,20210829,bottom,7,2,31,8,1,3,0,15
2021,PIT202108290,20210829,top,5,0,24,6,1,3,0,6
2021,PIT202108290,20210829,bottom,4,0,16,5,1,3,0,16
2021,SEA202108290,20210829,top,4,0,21,5,1,4,0,13
2021,SEA202108290,20210829,bottom,5,1,15,6,1,4,0,17
2021,TEX202108290,20210829,top,3,0,12,4,1,3,0,7
2021,TEX202108290,20210829,bottom,7,3,20,8,1,4,0,15
2021,ANA202108300,20210830,top,5,2,14,6,1,3,0,15
2021,ANA202108300,20210830,bottom,4,0,19,5,1,3,0,8
2021,ARI202108300,20210830,top,5,2,24,6,1,7,2,22
2021,ARI202108300,20210830,bottom,3,0,19,4,1,4,0,23
2021,CIN202108300,20210830,top,5,2,25,6,1,3,0,14
2021,CIN202108300,20210830,bottom,4,0,14,5,1,4,1,14
2021,DET202108300,20210830,top,3,0,11,4,1,3,0,7
2021,DET202108300,20210830,bottom,3,0,14,4,1,3,0,9
2021,LAN202108300,20210830,top,3,0,12,4,1,3,0,11
2021,LAN202108300,20210830,bottom,5,1,12,6,1,6,1,25
2021,SEA202108300,20210830,top,7,2,23,8,1,5,0,10
2021,SEA202108300,20210830,bottom,3,0,6,4,1,4,1,16
2021,SFN202108300,20210830,top,6,1,17,7,1,6,1,26
2021,SFN202108300,20210830,bottom,3,0,10,4,1,3,0,12
2021,TBA202108300,20210830,top,4,0,22,5,1,4,1,11
2021,TBA202108300,20210830,bottom,4,1,13,5,1,5,0,26
2021,TEX202108300,20210830,top,3,0,12,4,1,4,0,17
2021,TEX202108300,20210830,bottom,3,0,13,4,1,4,0,11
2021,TOR202108300,20210830,top,4,1,9,5,1,3,0,16
2021,TOR202108300,20210830,bottom,3,0,8,4,1,3,0,10
2021,WAS202108300,20210830,top,7,3,27,8,1,4,0,19
2021,WAS202108300,20210830,bottom,6,0,30,7,1,7,2,20
2021,ANA202108310,20210831,top,4,0,22,5,1,3,0,7
2021,ANA202108310,20210831,bottom,3,0,16,4,1,3,0,11
2021,ARI202108310,20210831,top,3,0,9,4,1,4,0,13
2021,ARI202108310,20210831,bottom,4,0,19,5,1,3,0,19
2021,CHA202108310,20210831,top,4,0,23,5,1,4,0,20
2021,CHA202108310,20210831,bottom,4,0,10,5,1,5,1,18
2021,DET202108310,20210831,top,4,0,19,5,1,5,0,29
2021,DET202108310,20210831,bottom,4,1,10,5,1,3,0,6
2021,KCA202108310,20210831,top,4,1,23,5,1,4,0,13
2021,KCA202108310,20210831,bottom,3,0,10,4,1,3,0,16
2021,LAN202108310,20210831,top,3,0,9,4,1,4,0,13
2021,LAN202108310,20210831,bottom,3,0,11,4,1,4,0,21
2021,MIN202108310,20210831,top,4,1,16,5,1,5,1,29
2021,MIN202108310,20210831,bottom,4,1,19,5,1,5,0,25
2021,NYN202108310,20210831,top,5,0,7,6,1,3,0,13
2021,NYN202108310,20210831,bottom,3,0,13,4,1,3,0,7
2021,SEA202108310,20210831,top,3,0,12,4,1,5,0,23
2021,SEA202108310,20210831,bottom,6,0,30,7,1,3,0,13
2021,SFN202108310,20210831,top,7,2,17,8,1,4,1,18
2021,SFN202108310,20210831,bottom,4,0,12,5,1,3,0,10
2021,TBA202108310,20210831,top,5,1,25,6,1,3,0,6
2021,TBA202108310,20210831,bottom,3,0,7,4,1,4,1,19
2021,TEX202108310,20210831,top,3,0,18,4,1,4,0,16
2021,TEX202108310,20210831,bottom,4,0,18,5,1,5,1,17
2021,TOR202108310,20210831,top,5,0,28,6,1,3,0,17
2021,TOR202108310,20210831,bottom,3,0,9,4,1,5,0,23
2021,WAS202108310,20210831,top,3,0,14,4,1,3,0,10
2021,WAS202108310,20210831,bottom,5,0,22,6,1,6,1,26
2021,ANA202109010,20210901,top,4,0,14,5,1,3,0,15
2021,ANA202109010,20210901,bottom,3,0,16,4,1,4,0,15
2021,ARI202109010,20210901,top,3,0,15,4,1,3,0,12
2021,ARI202109010,20210901,bottom,5,0,16,6,1,4,0,20
2021,CHA202109010,20210901,top,3,0,12,4,1,4,0,15
2021,CHA202109010,20210901,bottom,3,0,10,4,1,4,0,12
2021,DET202109010,20210901,top,4,1,17,5,1,3,0,9
2021,DET202109010,20210901,bottom,4,0,19,5,1,4,1,11
2021,KCA202109010,20210901,top,3,0,15,4,1,3,0,7
2021,KCA202109010,20210901,bottom,6,1,24,7,1,5,1,8
2021,LAN202109010,20210901,top,4,0,10,5,1,3,0,12
2021,LAN202109010,20210901,bottom,4,1,18,5,1,3,0,16
2021,MIN202109010,20210901,top,3,0,8,4,1,3,0,13
2021,MIN202109010,20210901,bottom,4,0,19,5,1,4,0,14
2021,SEA202109010,20210901,top,4,0,21,5,1,4,0,18
2021,SEA202109010,20210901,bottom,3,0,9,4,1,5,0,22
2021,SFN202109010,20210901,top,3,0,12,4,1,7,2,27
2021,SFN202109010,20210901,bottom,4,0,17,5,1,5,0,21
2021,TBA202109010,20210901,top,3,0,13,4,1,5,1,25
2021,TBA202109010,20210901,bottom,4,0,16,5,1,4,0,16
2021,TEX202109010,20210901,top,3,0,14,4,1,3,0,12
2021,TEX202109010,20210901,bottom,4,0,16,5,1,9,5,43
2021,TOR202109010,20210901,top,4,0,23,5,1,8,2,33
2021,TOR202109010,20210901,bottom,4,1,11,5,1,3,0,13
2021,CIN202109011,20210901,top,6,1,17,7,1,6,1,16
2021,CIN202109011,20210901,bottom,3,0,21,4,1,7,3,20
2021,CIN202109012,20210901,top,4,1,15,5,1,3,0,9
2021,CIN202109012,20210901,bottom,8,2,30,9,1,12,7,58
2021,CHN202109020,20210902,top,8,3,36,9,1,5,0,22
2021,CHN202109020,20210902,bottom,5,0,18,6,1,4,0,13
2021,COL202109020,20210902,top,5,1,17,6,1,4,0,15
2021,COL202109020,20210902,bottom,3,0,6,4,1,3,0,12
2021,DET202109020,20210902,top,7,4,32,8,1,5,1,16
2021,DET202109020,20210902,bottom,3,0,13,4,1,4,0,14
2021,KCA202109020,20210902,top,4,0,23,5,1,3,0,9
2021,KCA202109020,20210902,bottom,4,0,12,5,1,5,1,18
2021,NYN202109020,20210902,top,6,2,24,7,1,3,0,9
2021,NYN202109020,20210902,bottom,4,1,9,5,1,3,0,8
2021,SFN202109020,20210902,top,3,0,8,4,1,3,0,10
2021,SFN202109020,20210902,bottom,5,1,17,6,1,3,0,9
2021,TBA202109020,20210902,top,6,1,21,7,1,5,1,20
2021,TBA202109020,20210902,bottom,3,0,11,4,1,3,0,14
2021,WAS202109020,20210902,top,3,0,13,4,1,3,0,17
2021,WAS202109020,20210902,bottom,4,0,20,5,1,3,0,11
2021,ANA202109030,20210903,top,5,0,18,6,1,5,2,16
2021,ANA202109030,20210903,bottom,6,2,37,7,1,3,0,12
2021,ARI202109030,20210903,top,7,1,26,8,1,3,0,9
2021,ARI202109030,20210903,bottom,3,0,14,4,1,3,0,13
2021,BOS202109030,20210903,top,4,0,19,5,1,3,0,6
2021,BOS202109030,20210903,bottom,4,1,17,5,1,5,1,18
2021,CHN202109030,20210903,top,4,0,10,5,1,3,0,10
2021,CHN202109030,20210903,bottom,5,0,17,6,1,7,3,32
2021,CIN202109030,20210903,top,3,0,16,4,1,6,2,24
2021,CIN202109030,20210903,bottom,3,0,8,4,1,5,1,29
2021,COL202109030,20210903,top,5,1,18,6,1,4,1,14
2021,COL202109030,20210903,bottom,4,1,23,5,1,3,0,12
2021,KCA202109030,20210903,top,3,0,13,4,1,5,0,17
2021,KCA202109030,20210903,bottom,3,0,7,4,1,6,2,22
2021,MIA202109030,20210903,top,4,1,26,5,1,5,1,14
2021,MIA202109030,20210903,bottom,6,3,21,7,1,3,0,12
2021,MIL202109030,20210903,top,5,2,24,6,1,7,2,29
2021,MIL202109030,20210903,bottom,3,0,9,4,1,3,0,15
2021,NYA202109030,20210903,top,3,0,10,4,1,4,0,17
2021,NYA202109030,20210903,bottom,4,0,23,5,1,3,0,12
2021,SDN202109030,20210903,top,3,0,10,4,1,3,0,8
2021,SDN202109030,20210903,bottom,4,0,16,5,1,3,0,17
2021,SFN202109030,20210903,top,5,0,20,6,1,3,0,14
2021,SFN202109030,20210903,bottom,4,0,13,5,1,4,0,19
2021,TBA202109030,20210903,top,4,1,23,5,1,4,0,10
2021,TBA202109030,20210903,bottom,3,0,11,4,1,7,3,23
2021,TOR202109030,20210903,top,7,2,21,8,1,3,0,8
2021,TOR202109030,20210903,bottom,5,0,17,6,1,3,0,13
2021,WAS202109030,20210903,top,3,0,16,4,1,6,1,26
2021,WAS202109030,20210903,bottom,3,0,10,4,1,4,0,18
2021,ANA202109040,20210904,top,3,0,9,4,1,3,0,8
2021,ANA202109040,20210904,bottom,3,0,7,4,1,3,0,12
2021,ARI202109040,20210904,top,7,3,28,8,1,4,0,15
2021,ARI202109040,20210904,bottom,9,4,31,1,1,4,0,16
2021,BOS202109040,20210904,top,3,0,10,4,1,4,0,21
2021,BOS202109040,20210904,bottom,5,0,25,6,1,3,0,12
2021,CHN202109040,20210904,top,4,1,13,5,1,5,0,15
2021,CHN202109040,20210904,bottom,4,0,14,5,1,3,0,14
2021,CIN202109040,20210904,top,6,0,24,7,1,3,0,14
2021,CIN202109040,20210904,bottom,5,0,22,6,1,4,0,25
2021,COL202109040,20210904,top,6,2,24,7,1,3,0,10
2021,COL202109040,20210904,bottom,4,0,16,5,1,6,2,15
2021,KCA202109040,20210904,top,7,3,28,8,1,3,0,14
2021,KCA202109040,20210904,bottom,3,0,16,4,1,4,0,16
2021,MIA202109040,20210904,top,5,0,19,6,1,4,0,14
2021,MIA202109040,20210904,bottom,5,0,23,6,1,3,0,10
2021,MIL202109040,20210904,top,3,0,14,4,1,3,0,10
2021,MIL202109040,20210904,bottom,5,1,19,6,1,7,3,28
2021,NYA202109040,20210904,top,3,0,13,4,1,5,0,21
2021,NYA202109040,20210904,bottom,4,0,18,5,1,4,0,25
2021,SDN202109040,20210904,top,6,1,26,7,1,4,1,15
2021,SDN202109040,20210904,bottom,3,0,8,4,1,9,4,29
2021,SFN202109040,20210904,top,6,3,33,7,0,4,0,12
2021,SFN202109040,20210904,bottom,6,1,20,7,1,3,0,15
2021,TBA202109040,20210904,top,4,0,11,5,1,4,0,14
2021,TBA202109040,20210904,bottom,7,2,17,8,1,8,5,26
2021,TOR202109040,20210904,top,3,0,17,4,1,3,0,9
2021,TOR202109040,20210904,bottom,3,0,9,4,1,5,1,25
2021,WAS202109041,20210904,top,5,2,20,6,1,9,4,42
2021,WAS202109041,20210904,bottom,5,0,25,6,1,5,0,10
2021,WAS202109042,20210904,top,6,1,27,7,1,3,0,6
2021,WAS202109042,20210904,bottom,7,2,25,8,1,3,0,13
2021,ANA202109050,20210905,top,4,0,12,5,1,4,1,13
2021,ANA202109050,20210905,bottom,6,0,17,7,1,4,0,6
2021,ARI202109050,20210905,top,4,0,10,5,1,3,0,10
2021,ARI202109050,20210905,bottom,4,0,18,5,1,5,0,24
2021,BOS202109050,20210905,top,6,2,23,7,1,5,1,25
2021,BOS202109050,20210905,bottom,5,0,19,6,1,5,0,17
2021,CHN202109050,20210905,top,5,1,19,6,1,3,0,12
2021,CHN202109050,20210905,bottom,4,0,10,5,1,5,2,21
2021,CIN202109050,20210905,top,3,0,13,4,1,5,0,25
2021,CIN202109050,20210905,bottom,3,0,7,4,1,3,0,17
2021,COL202109050,20210905,top,5,1,18,6,1,3,0,14
2021,COL202109050,20210905,bottom,4,0,16,5,1,3,0,12
2021,KCA202109050,20210905,top,3,0,9,4,1,3,0,12
2021,KCA202109050,20210905,bottom,6,3,26,7,1,3,0,14
2021,MIA202109050,20210905,top,3,0,9,4,1,3,0,9
2021,MIA202109050,20210905,bottom,3,0,11,4,1,6,1,25
2021,MIL202109050,20210905,top,4,0,12,5,1,4,0,13
2021,MIL202109050,20210905,bottom,4,0,13,5,1,4,1,12
2021,NYA202109050,20210905,top,4,0,20,5,1,4,1,21
2021,NYA202109050,20210905,bottom,4,0,21,5,1,8,4,37
2021,SDN202109050,20210905,top,5,1,13,6,1,4,0,8
2021,SDN202109050,20210905,bottom,7,3,23,8,1,3,0,10
2021,SFN202109050,20210905,top,3,0,13,4,0,6,1,24
2021,SFN202109050,20210905,bottom,4,1,13,5,1,7,3,21
2021,TBA202109050,20210905,top,3,0,14,4,1,8,3,31
2021,TBA202109050,20210905,bottom,3,0,11,4,1,4,0,17
2021,TOR202109050,20210905,top,4,0,15,5,1,3,0,11
2021,TOR202109050,20210905,bottom,3,0,9,4,1,7,3,23
2021,WAS202109050,20210905,top,8,4,38,9,1,5,1,22
2021,WAS202109050,20210905,bottom,6,3,29,7,1,3,0,7
2021,ANA202109060,20210906,top,6,1,10,7,1,5,1,21
2021,ANA202109060,20210906,bottom,3,0,15,4,1,5,0,20
2021,BAL202109060,20210906,top,4,0,9,5,1,4,0,21
2021,BAL202109060,20210906,bottom,4,0,15,5,1,3,0,14
2021,BOS202109060,20210906,top,7,1,26,8,1,3,0,9
2021,BOS202109060,20210906,bottom,7,1,31,8,1,10,6,33
2021,CHN202109060,20210906,top,4,0,11,5,1,5,0,18
2021,CHN202109060,20210906,bottom,6,3,24,7,1,3,0,7
2021,CLE202109060,20210906,top,5,2,14,6,1,4,0,11
2021,CLE202109060,20210906,bottom,4,0,18,5,1,3,0,12
2021,COL202109060,20210906,top,5,2,17,6,1,4,0,16
2021,COL202109060,20210906,bottom,4,0,17,5,1,4,1,15
2021,HOU202109060,20210906,top,3,0,9,4,1,6,0,26
2021,HOU202109060,20210906,bottom,3,0,11,4,1,11,6,38
2021,MIL202109060,20210906,top,5,2,18,6,1,5,1,18
2021,MIL202109060,20210906,bottom,4,0,17,5,1,3,0,10
2021,NYA202109060,20210906,top,5,2,26,6,1,4,0,20
2021,NYA202109060,20210906,bottom,3,0,12,4,1,3,0,8
2021,PIT202109060,20210906,top,5,0,18,6,1,5,0,18
2021,PIT202109060,20210906,bottom,7,2,28,8,1,3,0,11
2021,SLN202109060,20210906,top,7,4,31,8,1,3,0,12
2021,SLN202109060,20210906,bottom,4,0,22,5,1,3,0,10
2021,WAS202109060,20210906,top,6,1,21,7,1,4,0,13
2021,WAS202109060,20210906,bottom,6,1,23,7,1,5,0,10
2021,ARI202109070,20210907,top,3,0,12,4,1,4,0,13
2021,ARI202109070,20210907,bottom,3,0,9,4,1,3,0,14
2021,ATL202109070,20210907,top,6,1,19,7,1,4,0,16
2021,ATL202109070,20210907,bottom,6,3,31,7,1,4,0,15
2021,BAL202109070,20210907,top,4,0,14,5,1,3,0,13
2021,BAL202109070,20210907,bottom,7,4,31,8,1,4,0,12
2021,BOS202109070,20210907,top,3,0,10,4,1,6,3,22
2021,BOS202109070,20210907,bottom,3,0,13,4,1,5,1,17
2021,CHN202109070,20210907,top,6,2,24,7,1,4,0,8
2021,CHN202109070,20210907,bottom,4,0,16,5,1,3,0,16
2021,CLE202109070,20210907,top,4,0,16,5,1,4,0,11
2021,CLE202109070,20210907,bottom,4,0,17,5,1,3,0,12
2021,COL202109070,20210907,top,6,3,34,7,1,6,2,11
2021,COL202109070,20210907,bottom,5,0,14,6,1,3,0,13
2021,HOU202109070,20210907,top,4,0,11,5,1,3,0,9
2021,HOU202109070,20210907,bottom,4,0,11,5,1,3,0,14
2021,MIA202109070,20210907,top,5,2,23,6,1,3,0,15
2021,MIA202109070,20210907,bottom,7,1,24,8,1,5,1,22
2021,MIL202109070,20210907,top,3,0,9,4,1,3,0,11
2021,MIL202109070,20210907,bottom,3,0,10,4,1,4,0,16
2021,NYA202109070,20210907,top,4,0,14,5,1,4,1,17
2021,NYA202109070,20210907,bottom,3,0,19,4,1,5,0,12
2021,OAK202109070,20210907,top,7,1,30,8,1,4,0,17
2021,OAK202109070,20210907,bottom,5,1,22,6,1,4,0,16
2021,PIT202109070,20210907,top,3,0,9,4,1,3,0,18
2021,PIT202109070,20210907,bottom,6,1,29,7,1,5,0,10
2021,SDN202109070,20210907,top,3,0,15,4,1,3,0,10
2021,SDN202109070,20210907,bottom,4,0,13,5,1,5,0,22
2021,SLN202109070,20210907,top,4,1,14,5,1,4,0,15
2021,SLN202109070,20210907,bottom,5,1,15,6,0,4,0,19
2021,ARI202109080,20210908,top,3,0,8,4,1,3,0,15
2021,ARI202109080,20210908,bottom,3,0,12,4,1,6,2,18
2021,ATL202109080,20210908,top,6,1,24,7,1,3,0,15
2021,ATL202109080,20210908,bottom,5,0,18,6,0,4,0,21
2021,BAL202109080,20210908,top,4,1,11,5,1,4,0,14
2021,BAL202109080,20210908,bottom,3,0,7,4,1,3,0,12
2021,BOS202109080,20210908,top,4,0,10,5,1,3,0,13
2021,BOS202109080,20210908,bottom,5,0,16,6,1,4,0,12
2021,CHN202109080,20210908,top,3,0,15,4,1,3,0,7
2021,CHN202109080,20210908,bottom,4,1,14,5,1,5,0,21
2021,CLE202109080,20210908,top,3,0,12,4,1,4,0,17
2021,CLE202109080,20210908,bottom,3,0,10,4,1,3,0,16
2021,COL202109080,20210908,top,4,0,22,5,1,4,0,14
2021,COL202109080,20210908,bottom,3,0,15,4,1,4,0,13
2021,HOU202109080,20210908,top,8,2,29,9,1,3,0,16
2021,HOU202109080,20210908,bottom,3,0,10,4,1,7,3,23
2021,MIA202109080,20210908,top,4,0,12,5,1,4,0,11
2021,MIA202109080,20210908,bottom,3,0,13,4,1,6,1,19
2021,MIL202109080,20210908,top,4,1,19,5,1,3,0,18
2021,MIL202109080,20210908,bottom,8,2,36,9,1,6,1,20
2021,NYA202109080,20210908,top,5,0,23,6,1,3,0,19
2021,NYA202109080,20210908,bottom,5,0,23,6,1,3,0,10
2021,OAK202109080,20210908,top,3,0,11,4,1,4,0,21
2021,OAK202109080,20210908,bottom,3,0,11,4,1,5,1,17
2021,PIT202109080,20210908,top,5,1,21,6,1,3,0,17
2021,PIT202109080,20210908,bottom,4,0,17,5,1,5,1,23
2021,SDN202109080,20210908,top,3,0,18,4,1,4,0,16
2021,SDN202109080,20210908,bottom,5,0,16,6,1,12,8,54
2021,SLN202109080,20210908,top,5,1,19,6,1,3,0,5
2021,SLN202109080,20210908,bottom,6,3,17,7,1,3,0,9
2021,ATL202109090,20210909,top,6,2,22,7,1,3,0,12
2021,ATL202109090,20210909,bottom,3,0,19,4,1,3,0,9
2021,BAL202109090,20210909,top,4,1,13,5,1,5,0,21
2021,BAL202109090,20210909,bottom,3,0,11,4,1,5,0,24
2021,CLE202109090,20210909,top,4,0,17,5,1,4,1,9
2021,CLE202109090,20210909,bottom,4,0,26,5,1,5,0,18
2021,MIA202109090,20210909,top,6,1,27,7,1,4,0,16
2021,MIA202109090,20210909,bottom,3,0,12,4,1,5,0,26
2021,NYA202109090,20210909,top,6,1,25,7,1,3,0,20
2021,NYA202109090,20210909,bottom,4,0,21,5,1,3,0,7
2021,OAK202109090,20210909,top,5,0,21,6,1,3,0,15
2021,OAK202109090,20210909,bottom,4,0,15,5,1,5,1,16
2021,PHI202109090,20210909,top,4,0,9,5,1,4,0,14
2021,PHI202109090,20210909,bottom,4,1,19,5,1,3,0,12
2021,SLN202109090,20210909,top,4,0,13,5,1,3,0,12
2021,SLN202109090,20210909,bottom,4,0,22,5,1,6,1,19
2021,ATL202109100,20210910,top,6,2,20,7,1,3,0,9
2021,ATL202109100,20210910,bottom,4,0,24,5,1,3,0,9
2021,BAL202109100,20210910,top,4,0,16,5,1,4,0,13
2021,BAL202109100,20210910,bottom,6,3,29,7,1,5,0,25
2021,CHA202109100,20210910,top,3,0,13,4,1,3,0,9
2021,CHA202109100,20210910,bottom,4,0,14,5,1,3,0,13
2021,CHN202109100,20210910,top,5,0,21,6,1,3,0,12
2021,CHN202109100,20210910,bottom,3,0,20,4,1,3,0,16
2021,CLE202109100,20210910,top,5,1,18,6,1,5,0,21
2021,CLE202109100,20210910,bottom,8,2,32,9,1,3,0,8
2021,DET202109100,20210910,top,6,0,24,7,1,3,0,9
2021,DET202109100,20210910,bottom,3,0,6,4,1,4,0,14
2021,HOU202109100,20210910,top,4,1,14,5,1,4,1,15
2021,HOU202109100,20210910,bottom,5,0,20,6,1,3,0,12
2021,LAN202109100,20210910,top,5,0,20,6,1,4,0,16
2021,LAN202109100,20210910,bottom,3,0,11,4,1,5,0,22
2021,MIN202109100,20210910,top,6,3,23,7,1,3,0,7
2021,MIN202109100,20210910,bottom,7,4,33,8,1,4,0,20
2021,NYN202109100,20210910,top,4,1,21,5,1,4,1,15
2021,NYN202109100,20210910,bottom,6,1,27,7,1,3,0,13
2021,OAK202109100,20210910,top,5,1,22,6,1,4,0,15
2021,OAK202109100,20210910,bottom,4,0,16,5,1,9,6,33
2021,PHI202109100,20210910,top,3,0,14,4,0,9,3,42
2021,PHI202109100,20210910,bottom,4,0,16,5,1,4,0,18
2021,PIT202109100,20210910,top,5,0,14,6,1,6,2,28
2021,PIT202109100,20210910,bottom,4,0,15,5,1,3,0,8
2021,SEA202109100,20210910,top,4,0,18,5,1,5,2,22
2021,SEA202109100,20210910,bottom,4,1,14,5,1,6,2,25
2021,SLN202109100,20210910,top,3,0,7,4,1,4,1,10
2021,SLN202109100,20210910,bottom,4,0,17,5,1,5,0,29
2021,ATL202109110,20210911,top,6,2,18,7,1,4,1,14
2021,ATL202109110,20210911,bottom,4,0,17,5,1,5,0,26
2021,CHA202109110,20210911,top,5,0,23,6,1,3,0,10
2021,CHA202109110,20210911,bottom,3,0,11,4,1,5,2,12
2021,CHN202109110,20210911,top,4,0,20,5,1,9,5,38
2021,CHN202109110,20210911,bottom,5,1,16,6,1,3,0,10
2021,CLE202109110,20210911,top,5,2,13,6,1,6,1,19
2021,CLE202109110,20210911,bottom,3,0,13,4,1,3,0,14
2021,DET202109110,20210911,top,4,0,13,5,1,7,3,35
2021,DET202109110,20210911,bottom,3,0,13,4,1,4,0,18
2021,HOU202109110,20210911,top,7,2,27,8,1,4,0,10
2021,HOU202109110,20210911,bottom,3,0,16,4,1,3,0,12
2021,LAN202109110,20210911,top,3,0,12,4,1,4,0,13
2021,LAN202109110,20210911,bottom,3,0,16,4,1,3,0,12
2021,MIN202109110,20210911,top,3,0,6,4,1,3,0,9
2021,MIN202109110,20210911,bottom,5,2,24,6,1,4,1,13
2021,NYN202109110,20210911,top,5,0,23,6,1,8,5,33
2021,NYN202109110,20210911,bottom,4,0,20,5,1,7,3,30
2021,OAK202109110,20210911,top,4,0,14,5,1,5,0,15
2021,OAK202109110,20210911,bottom,4,1,16,5,1,5,1,12
2021,PHI202109110,20210911,top,3,0,15,4,1,5,0,15
2021,PHI202109110,20210911,bottom,3,0,11,4,1,4,0,10
2021,PIT202109110,20210911,top,3,0,12,4,1,3,0,14
2021,PIT202109110,20210911,bottom,4,0,18,5,1,3,0,10
2021,SEA202109110,20210911,top,6,1,28,7,1,3,0,13
2021,SEA202109110,20210911,bottom,6,2,20,7,1,3,0,12
2021,SLN202109110,20210911,top,3,0,6,4,1,3,0,12
2021,SLN202109110,20210911,bottom,3,0,10,4,1,3,0,7
2021,BAL202109111,20210911,top,4,0,10,5,1,6,2,18
2021,BAL202109111,20210911,bottom,5,2,20,6,1,6,3,22
2021,BAL202109112,20210911,top,4,0,14,5,1,3,0,10
2021,BAL202109112,20210911,bottom,4,0,14,5,1,5,0,14
2021,ATL202109120,20210912,top,3,0,5,4,1,4,1,20
2021,ATL202109120,20210912,bottom,3,0,13,4,1,5,0,21
2021,BAL202109120,20210912,top,9,5,30,1,1,4,1,17
2021,BAL202109120,20210912,bottom,3,0,13,4,1,7,3,25
2021,CHA202109120,20210912,top,3,0,11,4,1,3,0,11
2021,CHA202109120,20210912,bottom,4,0,10,5,1,3,0,15
2021,CHN202109120,20210912,top,3,0,9,4,1,5,1,13
2021,CHN202109120,20210912,bottom,3,0,8,4,1,3,0,11
2021,CLE202109120,20210912,top,4,1,13,5,1,8,3,28
2021,CLE202109120,20210912,bottom,3,0,14,4,1,3,0,17
2021,DET202109120,20210912,top,3,0,19,4,1,4,0,16
2021,DET202109120,20210912,bottom,3,0,15,4,1,3,0,14
2021,HOU202109120,20210912,top,5,0,19,6,1,4,0,14
2021,HOU202109120,20210912,bottom,7,1,27,8,1,3,0,17
2021,LAN202109120,20210912,top,3,0,12,4,1,3,0,9
2021,LAN202109120,20210912,bottom,4,0,17,5,0,3,0,9
2021,MIN202109120,20210912,top,5,1,12,6,1,4,1,21
2021,MIN202109120,20210912,bottom,4,1,16,5,1,3,0,13
2021,NYN202109120,20210912,top,6,2,31,7,1,5,0,24
2021,NYN202109120,20210912,bottom,6,1,24,7,1,6,3,23
2021,OAK202109120,20210912,top,3,0,9,4,1,4,0,16
2021,OAK202109120,20210912,bottom,4,0,10,5,1,3,0,15
2021,PHI202109120,20210912,top,4,0,14,5,1,3,0,9
2021,PHI202109120,20210912,bottom,6,1,23,7,1,3,0,15
2021,PIT202109120,20210912,top,5,0,21,6,1,4,1,7
2021,PIT202109120,20210912,bottom,5,0,16,6,1,5,1,22
2021,SEA202109120,20210912,top,3,0,12,4,1,3,0,9
2021,SEA202109120,20210912,bottom,3,0,27,4,1,4,0,16
2021,SLN202109120,20210912,top,3,0,10,4,1,3,0,13
2021,SLN202109120,20210912,bottom,5,2,10,6,1,3,0,15
2021,LAN202109130,20210913,top,6,1,20,7,1,4,0,10
2021,LAN202109130,20210913,bottom,7,3,25,8,1,5,0,27
2021,NYA202109130,20210913,top,7,4,26,8,1,3,0,11
2021,NYA202109130,20210913,bottom,4,0,16,5,0,3,0,17
2021,NYN202109130,20210913,top,4,0,21,5,1,5,1,21
2021,NYN202109130,20210913,bottom,6,0,22,7,1,3,0,5
2021,SEA202109130,20210913,top,3,0,17,4,1,4,0,17
2021,SEA202109130,20210913,bottom,4,1,19,5,1,5,1,32
2021,SFN202109130,20210913,top,3,0,6,4,1,4,0,12
2021,SFN202109130,20210913,bottom,8,5,29,9,1,4,0,15
2021,TEX202109130,20210913,top,7,3,28,8,1,7,4,35
2021,TEX202109130,20210913,bottom,5,0,29,6,1,3,0,9
2021,TOR202109130,20210913,top,3,0,9,4,1,3,0,12
2021,TOR202109130,20210913,bottom,3,0,13,4,1,3,0,6
2021,WAS202109130,20210913,top,5,1,22,6,1,4,0,12
2021,WAS202109130,20210913,bottom,3,0,13,4,1,3,0,8
2021,ATL202109140,20210914,top,3,0,16,4,1,7,2,21
2021,ATL202109140,20210914,bottom,6,1,27,7,1,3,0,8
2021,BAL202109140,20210914,top,6,2,22,7,1,4,0,20
2021,BAL202109140,20210914,bottom,6,0,29,7,1,3,0,13
2021,CHA202109140,20210914,top,4,1,19,5,1,3,0,19
2021,CHA202109140,20210914,bottom,4,0,16,5,1,7,2,30
2021,DET202109140,20210914,top,3,0,10,4,1,5,0,23
2021,DET202109140,20210914,bottom,3,0,14,4,1,4,0,8
2021,KCA202109140,20210914,top,5,2,17,6,1,8,3,34
2021,KCA202109140,20210914,bottom,5,0,15,6,1,3,0,15
2021,LAN202109140,20210914,top,3,0,12,4,1,3,0,8
2021,LAN202109140,20210914,bottom,6,1,30,7,1,3,0,13
2021,NYN202109140,20210914,top,4,0,20,5,1,3,0,12
2021,NYN202109140,20210914,bottom,6,2,20,7,1,4,0,6
2021,PHI202109140,20210914,top,3,0,9,4,1,3,0,12
2021,PHI202109140,20210914,bottom,5,1,22,6,1,3,0,14
2021,PIT202109140,20210914,top,3,0,10,4,1,5,0,22
2021,PIT202109140,20210914,bottom,8,3,22,9,1,3,0,8
2021,SEA202109140,20210914,top,3,0,17,4,1,4,0,20
2021,SEA202109140,20210914,bottom,4,0,15,5,1,3,0,10
2021,SFN202109140,20210914,top,3,0,12,4,1,4,0,21
2021,SFN202109140,20210914,bottom,4,1,14,5,1,6,0,29
2021,TEX202109140,20210914,top,3,0,15,4,1,4,0,12
2021,TEX202109140,20210914,bottom,5,2,16,6,1,4,0,11
2021,TOR202109140,20210914,top,3,0,7,4,1,5,1,13
2021,TOR202109140,20210914,bottom,3,0,6,4,1,3,0,10
2021,WAS202109140,20210914,top,4,0,24,5,1,3,0,15
2021,WAS202109140,20210914,bottom,3,0,16,4,1,5,1,26
2021,MIN202109141,20210914,top,3,0,6,4,1,4,0,15
2021,MIN202109141,20210914,bottom,3,0,7,4,1,3,0,17
2021,MIN202109142,20210914,top,4,0,20,5,1,3,0,11
2021,MIN202109142,20210914,bottom,3,0,13,4,1,4,0,14
2021,ATL202109150,20210915,top,3,0,12,4,1,4,0,19
2021,ATL202109150,20210915,bottom,3,0,10,4,1,6,1,28
2021,BAL202109150,20210915,top,3,0,15,4,1,4,0,16
2021,BAL202109150,20210915,bottom,3,0,11,4,1,5,0,25
2021,CHA202109150,20210915,top,4,0,18,5,1,3,0,8
2021,CHA202109150,20210915,bottom,3,0,11,4,1,3,0,18
2021,DET202109150,20210915,top,3,0,15,4,1,7,1,30
2021,DET202109150,20210915,bottom,3,0,11,4,1,3,0,6
2021,KCA202109150,20210915,top,4,0,17,5,1,7,2,23
2021,KCA202109150,20210915,bottom,4,1,12,5,1,4,0,17
2021,LAN202109150,20210915,top,3,0,11,4,1,4,0,19
2021,LAN202109150,20210915,bottom,3,0,15,4,1,6,1,19
2021,MIN202109150,20210915,top,3,0,8,4,1,4,0,19
2021,MIN202109150,20210915,bottom,3,0,10,4,1,4,0,25
2021,NYN202109150,20210915,top,9,5,37,1,1,3,0,14
2021,NYN202109150,20210915,bottom,3,0,9,4,1,4,1,13
2021,PHI202109150,20210915,top,4,0,15,5,1,4,0,12
2021,PHI202109150,20210915,bottom,3,0,14,4,1,3,0,12
2021,PIT202109150,20210915,top,6,2,32,7,1,3,0,9
2021,PIT202109150,20210915,bottom,4,0,18,5,1,4,0,12
2021,SEA202109150,20210915,top,4,1,16,5,1,6,2,24
2021,SEA202109150,20210915,bottom,3,0,10,4,1,3,0,11
2021,SFN202109150,20210915,top,7,2,33,8,0,7,3,32
2021,SFN202109150,20210915,bottom,3,0,12,4,1,5,1,15
2021,TEX202109150,20210915,top,3,0,9,4,1,6,3,26
2021,TEX202109150,20210915,bottom,4,0,15,5,1,3,0,12
2021,TOR202109150,20210915,top,3,0,16,4,1,4,0,17
2021,TOR202109150,20210915,bottom,6,3,30,7,1,3,0,6
2021,WAS202109150,20210915,top,3,0,18,4,1,4,0,13
2021,WAS202109150,20210915,bottom,5,0,22,6,1,5,0,25
2021,BAL202109160,20210916,top,4,0,21,5,1,7,2,35
2021,BAL202109160,20210916,bottom,3,0,9,4,1,4,0,20
2021,CHA202109160,20210916,top,4,0,17,5,1,5,2,22
2021,CHA202109160,20210916,bottom,3,0,13,4,1,4,0,16
2021,KCA202109160,20210916,top,4,0,19,5,1,3,0,12
2021,KCA202109160,20210916,bottom,7,2,26,8,1,3,0,11
2021,PHI202109160,20210916,top,3,0,15,4,1,4,0,21
2021,PHI202109160,20210916,bottom,4,0,13,5,1,3,0,13
2021,PIT202109160,20210916,top,5,0,25,6,1,4,0,11
2021,PIT202109160,20210916,bottom,4,0,19,5,1,4,0,19
2021,SFN202109160,20210916,top,3,0,11,4,1,6,1,22
2021,SFN202109160,20210916,bottom,5,0,25,6,0,4,0,17
2021,TBA202109160,20210916,top,3,0,19,4,0,3,0,13
2021,TBA202109160,20210916,bottom,6,2,24,7,1,3,0,8
2021,TEX202109160,20210916,top,3,0,10,4,1,5,0,15
2021,TEX202109160,20210916,bottom,3,0,12,4,1,5,0,20
2021,ANA202109170,20210917,top,6,0,26,7,1,8,2,33
2021,ANA202109170,20210917,bottom,5,0,17,6,1,8,4,19
2021,BOS202109170,20210917,top,3,0,18,4,1,4,1,18
2021,BOS202109170,20210917,bottom,5,0,25,6,1,6,2,27
2021,CIN202109170,20210917,top,5,0,24,6,1,3,0,12
2021,CIN202109170,20210917,bottom,3,0,9,4,1,4,0,22
2021,HOU202109170,20210917,top,6,0,30,7,1,3,0,13
2021,HOU202109170,20210917,bottom,3,0,11,4,1,3,0,6
2021,KCA202109170,20210917,top,3,0,11,4,1,6,2,16
2021,KCA202109170,20210917,bottom,3,0,20,4,1,4,0,15
2021,MIA202109170,20210917,top,6,1,22,7,1,4,0,15
2021,MIA202109170,20210917,bottom,3,0,13,4,1,6,1,24
2021,MIL202109170,20210917,top,4,0,14,5,1,4,0,18
2021,MIL202109170,20210917,bottom,3,0,14,4,1,3,0,13
2021,NYA202109170,20210917,top,4,0,19,5,1,3,0,10
2021,NYA202109170,20210917,bottom,4,0,13,5,1,4,1,12
2021,NYN202109170,20210917,top,3,0,18,4,1,4,1,23
2021,NYN202109170,20210917,bottom,3,0,13,4,1,3,0,12
2021,SFN202109170,20210917,top,6,2,22,7,1,3,0,10
2021,SFN202109170,20210917,bottom,5,2,24,6,1,4,1,17
2021,SLN202109170,20210917,top,3,0,14,4,1,4,0,18
2021,SLN202109170,20210917,bottom,6,3,27,7,1,3,0,16
2021,TBA202109170,20210917,top,5,1,19,6,1,5,2,15
2021,TBA202109170,20210917,bottom,5,1,18,6,1,4,0,17
2021,TEX202109170,20210917,top,5,1,18,6,1,5,1,16
2021,TEX202109170,20210917,bottom,5,0,25,6,1,5,0,25
2021,TOR202109170,20210917,top,3,0,13,4,1,5,1,21
2021,TOR202109170,20210917,bottom,4,0,14,5,1,6,2,25
2021,WAS202109170,20210917,top,6,2,21,7,1,3,0,11
2021,WAS202109170,20210917,bottom,7,2,30,8,1,3,0,15
2021,ANA202109180,20210918,top,7,3,28,8,1,4,0,11
2021,ANA202109180,20210918,bottom,3,0,12,4,1,3,0,14
2021,BOS202109180,20210918,top,7,2,21,8,1,5,1,21
2021,BOS202109180,20210918,bottom,8,3,19,9,1,3,0,11
2021,CIN202109180,20210918,top,3,0,11,4,1,3,0,8
2021,CIN202109180,20210918,bottom,3,0,15,4,1,5,0,18
2021,HOU202109180,20210918,top,3,0,9,4,1,5,0,19
2021,HOU202109180,20210918,bottom,5,2,18,6,1,3,0,7
2021,KCA202109180,20210918,top,4,0,16,5,1,4,0,10
2021,KCA202109180,20210918,bottom,7,2,30,8,1,5,0,33
2021,MIA202109180,20210918,top,4,1,16,5,1,6,0,28
2021,MIA202109180,20210918,bottom,3,0,14,4,1,3,0,12
2021,MIL202109180,20210918,top,3,0,16,4,1,5,0,19
2021,MIL202109180,20210918,bottom,5,0,20,6,1,5,1,26
2021,NYA202109180,20210918,top,4,0,14,5,1,4,1,16
2021,NYA202109180,20210918,bottom,4,0,14,5,1,3,0,11
2021,NYN202109180,20210918,top,4,1,9,5,1,4,0,20
2021,NYN202109180,20210918,bottom,3,0,16,4,1,5,0,23
2021,SFN202109180,20210918,top,3,0,10,4,1,4,0,17
2021,SFN202109180,20210918,bottom,4,0,13,5,1,3,0,11
2021,SLN202109180,20210918,top,4,0,16,5,1,3,0,7
2021,SLN202109180,20210918,bottom,3,0,11,4,1,3,0,9
2021,TBA202109180,20210918,top,6,3,23,7,1,5,1,21
2021,TBA202109180,20210918,bottom,3,0,10,4,1,5,2,16
2021,TEX202109180,20210918,top,5,0,24,6,1,4,0,15
2021,TEX202109180,20210918,bottom,5,0,17,6,1,4,0,10
2021,TOR202109180,20210918,top,5,2,24,6,1,3,0,11
2021,TOR202109180,20210918,bottom,3,0,14,4,1,3,0,14
2021,WAS202109180,20210918,top,8,3,21,9,1,4,0,15
2021,WAS202109180,20210918,bottom,3,0,14,4,1,5,0,14
2021,ANA202109190,20210919,top,3,0,9,4,1,4,0,12
2021,ANA202109190,20210919,bottom,4,0,15,5,1,3,0,9
2021,BOS202109190,20210919,top,4,0,12,5,1,4,0,15
2021,BOS202109190,20210919,bottom,7,3,23,8,1,5,1,19
2021,CIN202109190,20210919,top,4,0,16,5,1,7,3,30
2021,CIN202109190,20210919,bottom,3,0,11,4,1,3,0,9
2021,HOU202109190,20210919,top,3,0,11,4,1,3,0,12
2021,HOU202109190,20210919,bottom,6,3,29,7,1,3,0,17
2021,KCA202109190,20210919,top,7,2,31,8,1,6,1,22
2021,KCA202109190,20210919,bottom,3,0,19,4,1,3,0,16
2021,MIA202109190,20210919,top,4,0,10,5,1,5,1,19
2021,MIA202109190,20210919,bottom,3,0,15,4,1,3,0,11
2021,MIL202109190,20210919,top,3,0,9,4,1,3,0,13
2021,MIL202109190,20210919,bottom,4,0,16,5,1,6,0,24
2021,NYA202109190,20210919,top,6,2,19,7,1,3,0,11
2021,NYA202109190,20210919,bottom,3,0,11,4,1,4,0,18
2021,NYN202109190,20210919,top,5,1,27,6,1,4,0,12
2021,NYN202109190,20210919,bottom,5,0,21,6,1,3,0,11
2021,SFN202109190,20210919,top,3,0,5,4,1,4,0,14
2021,SFN202109190,20210919,bottom,3,0,13,4,1,4,0,18
2021,SLN202109190,20210919,top,3,0,11,4,1,3,0,12
2021,SLN202109190,20210919,bottom,9,5,29,1,0,3,0,12
2021,TBA202109190,20210919,top,4,0,19,5,1,4,0,14
2021,TBA202109190,20210919,bottom,3,0,9,4,1,4,0,14
2021,TEX202109190,20210919,top,4,0,15,5,1,4,0,9
2021,TEX202109190,20210919,bottom,4,0,13,5,1,4,0,25
2021,TOR202109190,20210919,top,4,0,9,5,1,4,0,18
2021,TOR202109190,20210919,bottom,10,5,34,2,0,4,0,23
2021,WAS202109190,20210919,top,4,0,20,5,1,3,0,17
2021,WAS202109190,20210919,bottom,6,1,23,7,1,3,0,12
2021,ANA202109200,20210920,top,7,2,22,8,1,4,0,15
2021,ANA202109200,20210920,bottom,3,0,12,4,1,5,0,16
2021,ARI202109200,20210920,top,3,0,7,4,1,5,0,22
2021,ARI202109200,20210920,bottom,4,0,22,5,1,3,0,10
2021,CIN202109200,20210920,top,5,2,19,6,1,3,0,10
2021,CIN202109200,20210920,bottom,3,0,17,4,1,4,0,22
2021,DET202109200,20210920,top,3,0,11,4,1,5,0,25
2021,DET202109200,20210920,bottom,3,0,11,4,1,4,0,30
2021,MIA202109200,20210920,top,7,2,25,8,1,6,1,29
2021,MIA202109200,20210920,bottom,3,0,16,4,1,4,0,22
2021,MIL202109200,20210920,top,6,2,18,7,1,4,0,16
2021,MIL202109200,20210920,bottom,3,0,10,4,1,5,2,16
2021,NYA202109200,20210920,top,5,0,23,6,1,3,0,16
2021,NYA202109200,20210920,bottom,4,0,17,5,1,4,1,12
2021,OAK202109200,20210920,top,4,0,15,5,1,3,0,8
2021,OAK202109200,20210920,bottom,3,0,9,4,1,3,0,17
2021,PHI202109200,20210920,top,7,2,23,8,1,4,0,19
2021,PHI202109200,20210920,bottom,4,0,19,5,1,4,0,16
2021,TBA202109200,20210920,top,3,0,12,4,1,4,1,14
2021,TBA202109200,20210920,bottom,4,0,23,5,1,3,0,11
2021,CLE202109201,20210920,top,5,0,15,6,1,5,2,19
2021,CLE202109201,20210920,bottom,6,0,22,7,1,3,0,13
2021,CLE202109202,20210920,top,7,2,34,8,0,3,0,12
2021,CLE202109202,20210920,bottom,3,0,8,4,1,3,0,13
2021,ANA202109210,20210921,top,3,0,10,4,1,6,3,29
2021,ANA202109210,20210921,bottom,4,0,16,5,1,4,1,13
2021,ARI202109210,20210921,top,5,2,17,6,1,4,0,15
2021,ARI202109210,20210921,bottom,5,0,24,6,1,3,0,11
2021,BOS202109210,20210921,top,3,0,13,4,1,3,0,15
2021,BOS202109210,20210921,bottom,4,0,19,5,1,4,0,16
2021,CHN202109210,20210921,top,5,2,24,6,1,3,0,16
2021,CHN202109210,20210921,bottom,5,1,18,6,1,7,1,30
2021,CIN202109210,20210921,top,5,0,24,6,1,3,0,17
2021,CIN202109210,20210921,bottom,4,0,15,5,1,4,1,8
2021,CLE202109210,20210921,top,3,0,6,4,1,4,0,17
2021,CLE202109210,20210921,bottom,7,3,34,8,1,4,1,15
2021,COL202109210,20210921,top,3,0,9,4,1,3,0,8
2021,COL202109210,20210921,bottom,3,0,6,4,1,3,0,15
2021,DET202109210,20210921,top,4,0,14,5,1,3,0,19
2021,DET202109210,20210921,bottom,4,0,13,5,1,4,0,19
2021,MIA202109210,20210921,top,4,0,19,5,1,4,0,17
2021,MIA202109210,20210921,bottom,4,0,7,5,1,4,0,12
2021,MIL202109210,20210921,top,4,1,21,5,1,3,0,15
2021,MIL202109210,20210921,bottom,4,0,26,5,1,3,0,14
2021,NYA202109210,20210921,top,4,0,15,5,1,3,0,12
2021,NYA202109210,20210921,bottom,5,1,22,6,1,5,0,25
2021,OAK202109210,20210921,top,4,0,17,5,1,5,1,19
2021,OAK202109210,20210921,bottom,4,1,20,5,1,3,0,11
2021,PHI202109210,20210921,top,4,0,13,5,1,5,0,16
2021,PHI202109210,20210921,bottom,5,0,24,6,0,4,0,17
2021,SDN202109210,20210921,top,6,1,24,7,1,3,0,10
2021,SDN202109210,20210921,bottom,5,1,20,6,1,6,1,21
2021,TBA202109210,20210921,top,3,0,12,4,1,3,0,11
2021,TBA202109210,20210921,bottom,5,0,11,6,1,7,1,31
2021,ANA202109220,20210922,top,6,2,21,7,1,3,0,10
2021,ANA202109220,20210922,bottom,4,0,11,5,1,3,0,15
2021,ARI202109220,20210922,top,7,3,24,8,1,3,0,9
2021,ARI202109220,20210922,bottom,5,1,23,6,1,3,0,13
2021,BOS202109220,20210922,top,3,0,15,4,1,5,1,23
2021,BOS202109220,20210922,bottom,6,2,28,7,1,7,4,27
2021,CHN202109220,20210922,top,5,2,15,6,1,3,0,10
2021,CHN202109220,20210922,bottom,3,0,13,4,1,5,2,21
2021,COL202109220,20210922,top,4,0,15,5,1,5,0,19
2021,COL202109220,20210922,bottom,3,0,11,4,1,4,0,20
2021,MIA202109220,20210922,top,4,0,13,5,1,6,1,24
2021,MIA202109220,20210922,bottom,5,0,21,6,1,3,0,14
2021,MIL202109220,20210922,top,6,2,24,7,1,8,4,29
2021,MIL202109220,20210922,bottom,3,0,16,4,1,3,0,14
2021,NYA202109220,20210922,top,4,0,22,5,1,6,1,24
2021,NYA202109220,20210922,bottom,3,0,13,4,1,5,0,19
2021,OAK202109220,20210922,top,4,0,18,5,1,5,0,18
2021,OAK202109220,20210922,bottom,3,0,15,4,1,4,0,18
2021,PHI202109220,20210922,top,3,0,10,4,1,4,0,20
2021,PHI202109220,20210922,bottom,5,0,24,6,1,5,0,16
2021,SDN202109220,20210922,top,7,3,37,8,0,3,0,9
2021,SDN202109220,20210922,bottom,3,0,8,4,1,6,0,24
2021,TBA202109220,20210922,top,6,0,22,7,1,3,0,7
2021,TBA202109220,20210922,bottom,5,0,21,6,0,4,0,19
2021,ANA202109230,20210923,top,3,0,10,4,1,3,0,9
2021,ANA202109230,20210923,bottom,3,0,16,4,1,3,0,9
2021,ARI202109230,20210923,top,3,0,13,4,1,5,0,27
2021,ARI202109230,20210923,bottom,5,0,20,6,1,4,0,17
2021,BAL202109230,20210923,top,4,0,23,5,1,5,0,21
2021,BAL202109230,20210923,bottom,4,0,22,5,1,3,0,13
2021,CIN202109230,20210923,top,5,0,20,6,1,3,0,12
2021,CIN202109230,20210923,bottom,4,0,13,5,1,3,0,13
2021,COL202109230,20210923,top,5,0,23,6,1,7,3,23
2021,COL202109230,20210923,bottom,3,0,14,4,1,7,3,25
2021,MIL202109230,20210923,top,3,0,16,4,1,3,0,9
2021,MIL202109230,20210923,bottom,7,4,28,8,1,3,0,19
2021,MIN202109230,20210923,top,4,0,7,5,1,5,1,26
2021,MIN202109230,20210923,bottom,5,0,22,6,1,4,0,20
2021,OAK202109230,20210923,top,5,0,20,6,1,3,0,13
2021,OAK202109230,20210923,bottom,5,0,22,6,1,5,1,16
2021,PHI202109230,20210923,top,3,0,9,4,1,9,5,34
2021,PHI202109230,20210923,bottom,3,0,19,4,1,3,0,14
2021,SDN202109230,20210923,top,3,0,13,4,1,5,2,18
2021,SDN202109230,20210923,bottom,9,4,45,1,1,3,0,11
2021,CLE202109231,20210923,top,4,1,14,5,1,11,6,32
2021,CLE202109231,20210923,bottom,3,0,14,4,1,4,0,15
2021,CLE202109232,20210923,top,5,0,16,6,1,3,0,9
2021,CLE202109232,20210923,bottom,3,0,19,4,1,3,0,8
2021,ANA202109240,20210924,top,4,1,25,5,1,3,0,9
2021,ANA202109240,20210924,bottom,3,0,15,4,1,4,0,17
2021,ARI202109240,20210924,top,4,0,15,5,1,6,3,24
2021,ARI202109240,20210924,bottom,3,0,9,4,1,4,1,19
2021,BAL202109240,20210924,top,5,2,16,6,1,3,0,7
2021,BAL202109240,20210924,bottom,4,0,13,5,1,7,4,30
2021,BOS202109240,20210924,top,7,3,27,8,1,3,0,7
2021,BOS202109240,20210924,bottom,3,0,11,4,1,4,0,19
2021,CIN202109240,20210924,top,5,1,18,6,1,5,1,26
2021,CIN202109240,20210924,bottom,4,0,21,5,1,3,0,13
2021,CLE202109240,20210924,top,3,0,13,4,1,3,0,11
2021,CLE202109240,20210924,bottom,3,0,11,4,1,3,0,15
2021,COL202109240,20210924,top,4,1,15,5,1,4,1,17
2021,COL202109240,20210924,bottom,7,2,17,8,1,3,0,11
2021,DET202109240,20210924,top,3,0,12,4,1,3,0,16
2021,DET202109240,20210924,bottom,6,0,30,7,1,4,0,18
2021,MIL202109240,20210924,top,7,1,39,8,1,3,0,11
2021,MIL202109240,20210924,bottom,5,1,26,6,1,4,0,8
2021,MIN202109240,20210924,top,4,0,14,5,1,3,0,16
2021,MIN202109240,20210924,bottom,5,0,19,6,1,3,0,11
2021,OAK202109240,20210924,top,5,1,17,6,1,4,0,12
2021,OAK202109240,20210924,bottom,4,0,15,5,1,3,0,11
2021,PHI202109240,20210924,top,3,0,12,4,1,3,0,13
2021,PHI202109240,20210924,bottom,3,0,12,4,0,3,0,8
2021,SDN202109240,20210924,top,5,1,20,6,1,5,2,16
2021,SDN202109240,20210924,bottom,3,0,6,4,1,4,0,14
2021,TBA202109240,20210924,top,3,0,13,4,0,4,0,23
2021,TBA202109240,20210924,bottom,7,3,40,8,1,5,0,25
2021,CHN202109241,20210924,top,3,0,9,4,1,4,0,14
2021,CHN202109241,20210924,bottom,4,0,18,5,1,4,0,13
2021,CHN202109242,20210924,top,8,3,25,9,1,7,3,25
2021,CHN202109242,20210924,bottom,7,2,33,8,0,3,0,16
2021,ANA202109250,20210925,top,4,0,13,5,1,3,0,11
2021,ANA202109250,20210925,bottom,5,2,15,6,1,4,1,16
2021,ARI202109250,20210925,top,4,0,17,5,1,3,0,16
2021,ARI202109250,20210925,bottom,4,1,11,5,1,5,1,18
2021,BAL202109250,20210925,top,4,0,15,5,1,3,0,21
2021,BAL202109250,20210925,bottom,4,0,10,5,1,3,0,11
2021,BOS202109250,20210925,top,3,0,16,4,1,4,0,17
2021,BOS202109250,20210925,bottom,3,0,12,4,1,3,0,14
2021,CHN202109250,20210925,top,3,0,10,4,1,4,1,21
2021,CHN202109250,20210925,bottom,3,0,6,4,1,4,0,21
2021,CIN202109250,20210925,top,6,1,15,7,1,4,0,12
2021,CIN202109250,20210925,bottom,3,0,15,4,1,6,2,19
2021,CLE202109250,20210925,top,3,0,12,4,1,5,0,23
2021,CLE202109250,20210925,bottom,5,2,19,6,1,3,0,14
2021,COL202109250,20210925,top,4,1,19,5,1,3,0,17
2021,COL202109250,20210925,bottom,6,2,33,7,1,3,0,10
2021,DET202109250,20210925,top,3,0,16,4,1,3,0,11
2021,DET202109250,20210925,bottom,3,0,10,4,1,3,0,11
2021,MIL202109250,20210925,top,3,0,20,4,1,3,0,5
2021,MIL202109250,20210925,bottom,3,0,15,4,1,6,0,27
2021,MIN202109250,20210925,top,4,0,21,5,1,5,2,15
2021,MIN202109250,20210925,bottom,5,1,24,6,1,5,0,21
2021,OAK202109250,20210925,top,4,0,5,5,1,3,0,13
2021,OAK202109250,20210925,bottom,3,0,9,4,1,3,0,12
2021,PHI202109250,20210925,top,3,0,7,4,1,3,0,6
2021,PHI202109250,20210925,bottom,4,0,18,5,1,5,0,15
2021,SDN202109250,20210925,top,4,0,21,5,1,3,0,16
2021,SDN202109250,20210925,bottom,4,1,16,5,1,6,2,21
2021,TBA202109250,20210925,top,5,0,17,6,1,4,0,16
2021,TBA202109250,20210925,bottom,4,0,12,5,1,3,0,8
2021,ANA202109260,20210926,top,4,0,24,5,1,3,0,10
2021,ANA202109260,20210926,bottom,4,0,15,5,1,4,1,17
2021,ARI202109260,20210926,top,6,2,25,7,1,3,0,14
2021,ARI202109260,20210926,bottom,5,0,23,6,1,4,0,16
2021,BAL202109260,20210926,top,4,0,15,5,1,4,0,20
2021,BAL202109260,20210926,bottom,3,0,9,4,1,4,0,18
2021,BOS202109260,20210926,top,3,0,14,4,1,3,0,14
2021,BOS202109260,20210926,bottom,4,0,11,5,1,4,0,17
2021,CHN202109260,20210926,top,4,0,18,5,1,4,0,18
2021,CHN202109260,20210926,bottom,5,0,22,6,1,4,0,13
2021,CIN202109260,20210926,top,3,0,14,4,1,3,0,16
2021,CIN202109260,20210926,bottom,5,0,18,6,1,4,0,15
2021,CLE202109260,20210926,top,6,1,24,7,1,4,0,11
2021,CLE202109260,20210926,bottom,4,0,9,5,1,4,0,18
2021,COL202109260,20210926,top,4,0,13,5,1,5,0,24
2021,COL202109260,20210926,bottom,4,0,7,5,1,3,0,13
2021,DET202109260,20210926,top,7,1,29,8,1,4,0,18
2021,DET202109260,20210926,bottom,3,0,14,4,1,5,0,19
2021,MIL202109260,20210926,top,5,1,21,6,1,3,0,13
2021,MIL202109260,20210926,bottom,7,2,29,8,1,7,3,22
2021,MIN202109260,20210926,top,4,0,20,5,1,6,3,25
2021,MIN202109260,20210926,bottom,5,0,17,6,1,5,1,16
2021,OAK202109260,20210926,top,4,0,26,5,1,3,0,12
2021,OAK202109260,20210926,bottom,4,0,22,5,1,5,1,22
2021,PHI202109260,20210926,top,6,1,26,7,1,4,0,14
2021,PHI202109260,20210926,bottom,4,0,16,5,1,4,0,18
2021,SDN202109260,20210926,top,4,0,15,5,1,4,1,15
2021,SDN202109260,20210926,bottom,4,0,17,5,1,3,0,6
2021,TBA202109260,20210926,top,3,0,15,4,1,3,0,12
2021,TBA202109260,20210926,bottom,6,2,30,7,1,3,0,12
2021,CIN202109270,20210927,top,3,0,14,4,1,4,0,21
2021,CIN202109270,20210927,bottom,9,4,39,1,0,4,0,20
2021,CLE202109270,20210927,top,5,1,18,6,1,3,0,13
2021,CLE202109270,20210927,bottom,5,2,17,6,1,5,1,19
2021,COL202109270,20210927,top,4,0,14,5,1,3,0,15
2021,COL202109270,20210927,bottom,4,0,14,5,1,4,0,5
2021,DET202109270,20210927,top,4,0,25,5,1,4,0,13
2021,DET202109270,20210927,bottom,5,0,15,6,1,6,1,30
2021,SEA202109270,20210927,top,7,3,29,8,1,3,0,8
2021,SEA202109270,20210927,bottom,4,0,16,5,1,4,0,12
2021,ATL202109280,20210928,top,5,0,12,6,1,3,0,10
2021,ATL202109280,20210928,bottom,3,0,10,4,1,3,0,15
2021,BAL202109280,20210928,top,4,0,17,5,1,4,1,18
2021,BAL202109280,20210928,bottom,3,0,11,4,1,4,0,13
2021,CHA202109280,20210928,top,3,0,10,4,1,4,0,10
2021,CHA202109280,20210928,bottom,5,1,19,6,1,6,1,27
2021,COL202109280,20210928,top,4,0,13,5,1,4,0,18
2021,COL202109280,20210928,bottom,4,0,19,5,1,3,0,11
2021,HOU202109280,20210928,top,6,2,23,7,1,5,0,24
2021,HOU202109280,20210928,bottom,4,0,19,5,1,4,0,16
2021,KCA202109280,20210928,top,6,3,20,7,0,4,0,16
2021,KCA202109280,20210928,bottom,5,2,29,6,1,3,0,14
2021,LAN202109280,20210928,top,4,0,17,5,1,3,0,8
2021,LAN202109280,20210928,bottom,5,1,17,6,1,6,0,29
2021,MIN202109280,20210928,top,4,0,15,5,1,5,0,15
2021,MIN202109280,20210928,bottom,5,0,31,6,1,4,0,15
2021,PIT202109280,20210928,top,4,0,12,5,1,3,0,13
2021,PIT202109280,20210928,bottom,7,3,19,8,1,3,0,10
2021,SEA202109280,20210928,top,3,0,8,4,1,3,0,12
2021,SEA202109280,20210928,bottom,5,0,20,6,1,4,0,17
2021,SFN202109280,20210928,top,4,0,25,5,1,3,0,13
2021,SFN202109280,20210928,bottom,7,1,41,8,1,3,0,11
2021,SLN202109280,20210928,top,3,0,10,4,1,5,0,21
2021,SLN202109280,20210928,bottom,4,0,15,5,1,5,0,14
2021,TEX202109280,20210928,top,4,0,19,5,1,5,2,20
2021,TEX202109280,20210928,bottom,5,0,23,6,1,8,4,23
2021,TOR202109280,20210928,top,5,0,21,6,1,4,0,20
2021,TOR202109280,20210928,bottom,5,1,20,6,1,3,0,12
2021,NYN202109281,20210928,top,3,0,15,4,1,4,0,12
2021,NYN202109281,20210928,bottom,6,1,20,7,0,4,0,11
2021,NYN202109282,20210928,top,3,0,10,4,0,5,1,18
2021,NYN202109282,20210928,bottom,3,0,22,4,1,3,0,12
2021,ATL202109290,20210929,top,3,0,13,4,1,6,1,24
2021,ATL202109290,20210929,bottom,6,2,25,7,1,5,0,20
2021,BAL202109290,20210929,top,3,0,10,4,1,5,1,19
2021,BAL202109290,20210929,bottom,4,0,12,5,1,3,0,13
2021,CHA202109290,20210929,top,3,0,13,4,1,4,0,16
2021,CHA202109290,20210929,bottom,3,0,9,4,1,3,0,10
2021,COL202109290,20210929,top,8,2,30,9,1,4,0,16
2021,COL202109290,20210929,bottom,7,4,21,8,1,4,0,13
2021,HOU202109290,20210929,top,5,0,21,6,1,6,3,23
2021,HOU202109290,20210929,bottom,3,0,10,4,1,3,0,8
2021,KCA202109290,20210929,top,4,1,20,5,1,3,0,12
2021,KCA202109290,20210929,bottom,6,3,22,7,1,6,2,18
2021,LAN202109290,20210929,top,5,0,18,6,1,4,1,13
2021,LAN202109290,20210929,bottom,8,4,27,9,1,5,1,19
2021,MIN202109290,20210929,top,4,0,12,5,1,4,0,19
2021,MIN202109290,20210929,bottom,7,3,31,8,1,4,0,15
2021,NYN202109290,20210929,top,3,0,8,4,1,3,0,16
2021,NYN202109290,20210929,bottom,3,0,10,4,1,4,0,15
2021,PIT202109290,20210929,top,5,0,19,6,1,3,0,15
2021,PIT202109290,20210929,bottom,4,0,13,5,1,4,0,12
2021,SEA202109290,20210929,top,3,0,12,4,1,4,0,18
2021,SEA202109290,20210929,bottom,4,0,10,5,1,3,0,10
2021,SFN202109290,20210929,top,3,0,12,4,1,3,0,11
2021,SFN202109290,20210929,bottom,5,0,25,6,1,5,0,15
2021,SLN202109290,20210929,top,5,1,25,6,1,4,0,14
2021,SLN202109290,20210929,bottom,5,0,15,6,1,3,0,12
2021,TEX202109290,20210929,top,4,1,19,5,1,5,1,22
2021,TEX202109290,20210929,bottom,3,0,11,4,1,4,0,19
2021,TOR202109290,20210929,top,3,0,15,4,1,3,0,11
2021,TOR202109290,20210929,bottom,6,2,19,7,1,5,1,21
2021,ATL202109300,20210930,top,3,0,16,4,1,6,0,23
2021,ATL202109300,20210930,bottom,4,1,22,5,1,5,0,19
2021,BAL202109300,20210930,top,6,1,20,7,1,3,0,13
2021,BAL202109300,20210930,bottom,3,0,15,4,1,3,0,15
2021,HOU202109300,20210930,top,3,0,9,4,1,3,0,15
2021,HOU202109300,20210930,bottom,4,0,14,5,0,4,0,16
2021,KCA202109300,20210930,top,3,0,11,4,1,3,0,7
2021,KCA202109300,20210930,bottom,3,0,14,4,1,5,1,19
2021,LAN202109300,20210930,top,4,0,18,5,1,6,1,25
2021,LAN202109300,20210930,bottom,5,2,23,6,1,3,0,16
2021,MIN202109300,20210930,top,3,0,10,4,1,3,0,14
2021,MIN202109300,20210930,bottom,4,1,13,5,1,4,0,7
2021,NYN202109300,20210930,top,3,0,17,4,1,5,0,21
2021,NYN202109300,20210930,bottom,3,0,20,4,1,4,1,11
2021,PIT202109300,20210930,top,5,1,18,6,1,10,6,32
2021,PIT202109300,20210930,bottom,4,0,16,5,1,3,0,8
2021,SFN202109300,20210930,top,9,3,35,1,0,5,0,14
2021,SFN202109300,20210930,bottom,5,1,8,6,1,4,0,12
2021,SLN202109300,20210930,top,3,0,10,4,1,4,0,13
2021,SLN202109300,20210930,bottom,3,0,10,4,1,5,1,16
2021,TEX202109300,20210930,top,9,5,41,1,1,4,0,22
2021,TEX202109300,20210930,bottom,5,0,25,6,1,5,0,21
2021,TOR202109300,20210930,top,5,1,19,6,1,4,0,15
2021,TOR202109300,20210930,bottom,3,0,11,4,1,5,1,24
2021,ARI202110010,20211001,top,4,0,20,5,1,6,0,18
2021,ARI202110010,20211001,bottom,3,0,16,4,1,3,0,15
2021,ATL202110010,20211001,top,3,0,12,4,1,3,0,11
2021,ATL202110010,20211001,bottom,3,0,11,4,1,3,0,13
2021,CHA202110010,20211001,top,3,0,11,4,1,3,0,10
2021,CHA202110010,20211001,bottom,6,0,27,7,1,5,0,13
2021,HOU202110010,20211001,top,3,0,17,4,1,4,0,15
2021,HOU202110010,20211001,bottom,6,1,27,7,1,5,0,20
2021,KCA202110010,20211001,top,3,0,17,4,1,3,0,11
2021,KCA202110010,20211001,bottom,7,2,29,8,1,3,0,6
2021,LAN202110010,20211001,top,4,0,18,5,1,7,3,25
2021,LAN202110010,20211001,bottom,4,1,15,5,1,4,0,17
2021,MIA202110010,20211001,top,4,0,12,5,1,3,0,10
2021,MIA202110010,20211001,bottom,5,0,16,6,1,4,0,21
2021,NYA202110010,20211001,top,4,1,17,5,1,5,1,17
2021,NYA202110010,20211001,bottom,5,1,16,6,1,4,0,16
2021,PIT202110010,20211001,top,5,0,18,6,1,3,0,13
2021,PIT202110010,20211001,bottom,4,1,14,5,1,6,0,24
2021,SEA202110010,20211001,top,3,0,14,4,1,4,0,14
2021,SEA202110010,20211001,bottom,3,0,16,4,1,6,1,30
2021,SFN202110010,20211001,top,4,0,17,5,1,4,0,16
2021,SFN202110010,20211001,bottom,7,2,35,8,1,4,0,8
2021,SLN202110010,20211001,top,3,0,8,4,1,4,0,15
2021,SLN202110010,20211001,bottom,4,1,20,5,1,3,0,17
2021,TEX202110010,20211001,top,3,0,7,4,1,3,0,11
2021,TEX202110010,20211001,bottom,3,0,9,4,1,7,2,16
2021,TOR202110010,20211001,top,4,0,10,5,1,3,0,16
2021,TOR202110010,20211001,bottom,3,0,9,4,1,3,0,7
2021,WAS202110010,20211001,top,4,0,16,5,1,4,0,11
2021,WAS202110010,20211001,bottom,5,0,19,6,1,3,0,9
2021,ARI202110020,20211002,top,3,0,20,4,1,3,0,11
2021,ARI202110020,20211002,bottom,11,6,45,3,0,4,0,13
2021,ATL202110020,20211002,top,3,0,17,4,1,4,0,13
2021,ATL202110020,20211002,bottom,4,0,14,5,1,3,0,8
2021,CHA202110020,20211002,top,4,0,14,5,1,3,0,10
2021,CHA202110020,20211002,bottom,3,0,10,4,1,3,0,7
2021,HOU202110020,20211002,top,6,2,18,7,1,3,0,10
2021,HOU202110020,20211002,bottom,6,3,25,7,1,7,2,22
2021,KCA202110020,20211002,top,4,1,15,5,1,3,0,11
2021,KCA202110020,20211002,bottom,3,0,12,4,1,3,0,13
2021,LAN202110020,20211002,top,5,1,19,6,1,3,0,10
2021,LAN202110020,20211002,bottom,6,3,30,7,1,3,0,12
2021,MIA202110020,20211002,top,4,0,17,5,1,3,0,15
2021,MIA202110020,20211002,bottom,3,0,11,4,1,5,0,24
2021,NYA202110020,20211002,top,6,3,23,7,1,4,0,15
2021,NYA202110020,20211002,bottom,5,1,30,6,1,3,0,9
2021,PIT202110020,20211002,top,4,1,12,5,1,3,0,11
2021,PIT202110020,20211002,bottom,4,0,16,5,1,4,0,13
2021,SEA202110020,20211002,top,3,0,19,4,1,5,0,21
2021,SEA202110020,20211002,bottom,5,0,22,6,1,4,0,18
2021,SFN202110020,20211002,top,3,0,7,4,1,3,0,9
2021,SFN202110020,20211002,bottom,3,0,14,4,1,5,1,16
2021,SLN202110020,20211002,top,4,0,12,5,1,3,0,11
2021,SLN202110020,20211002,bottom,6,1,29,7,1,5,0,26
2021,TEX202110020,20211002,top,3,0,13,4,1,3,0,17
2021,TEX202110020,20211002,bottom,5,1,22,6,1,4,0,15
2021,TOR202110020,20211002,top,3,0,10,4,1,4,1,11
2021,TOR202110020,20211002,bottom,6,3,16,7,1,6,3,21
2021,WAS202110020,20211002,top,4,0,16,5,1,3,0,13
2021,WAS202110020,20211002,bottom,3,0,11,4,1,3,0,11
2021,ARI202110030,20211003,top,4,0,18,5,1,7,3,17
2021,ARI202110030,20211003,bottom,3,0,10,4,1,4,0,22
2021,ATL202110030,20211003,top,3,0,14,4,1,3,0,12
2021,ATL202110030,20211003,bottom,5,2,16,6,0,3,0,15
2021,CHA202110030,20211003,top,5,1,16,6,1,5,0,18
2021,CHA202110030,20211003,bottom,4,1,14,5,1,3,0,9
2021,HOU202110030,20211003,top,4,0,18,5,1,4,1,15
2021,HOU202110030,20211003,bottom,3,0,12,4,1,4,1,14
2021,KCA202110030,20211003,top,9,5,39,1,1,3,0,13
2021,KCA202110030,20211003,bottom,5,0,21,6,1,5,0,13
2021,LAN202110030,20211003,top,4,0,16,5,1,4,0,20
2021,LAN202110030,20211003,bottom,3,0,8,4,0,3,0,10
2021,MIA202110030,20211003,top,6,0,28,7,1,4,1,18
2021,MIA202110030,20211003,bottom,6,2,17,7,1,4,1,13
2021,NYA202110030,20211003,top,4,0,13,5,1,3,0,9
2021,NYA202110030,20211003,bottom,3,0,10,4,1,3,0,10
2021,PIT202110030,20211003,top,4,0,19,5,1,4,0,15
2021,PIT202110030,20211003,bottom,6,1,27,7,1,4,0,15
2021,SEA202110030,20211003,top,6,2,21,7,1,7,2,19
2021,SEA202110030,20211003,bottom,5,0,21,6,1,6,2,28
2021,SFN202110030,20211003,top,3,0,14,4,1,3,0,16
2021,SFN202110030,20211003,bottom,3,0,6,4,1,4,0,18
2021,SLN202110030,20211003,top,5,1,20,6,1,4,0,10
2021,SLN202110030,20211003,bottom,4,1,14,5,1,4,1,15
2021,TEX202110030,20211003,top,5,1,15,6,1,5,0,26
2021,TEX202110030,20211003,bottom,3,0,10,4,1,3,0,10
2021,TOR202110030,20211003,top,3,0,9,4,1,3,0,12
2021,TOR202110030,20211003,bottom,8,3,33,9,0,5,2,22
2021,WAS202110030,20211003,top,3,0,13,4,1,5,0,16
2021,WAS202110030,20211003,bottom,3,0,18,4,1,6,1,21
