season,gid,date,half,i1_pa,i1_runs,i1_pitches,i2_start_slot,same_pitcher_i2,i2_pa,i2_runs,i2_pitches
2024,SDN202403200,20240320,top,4,0,14,5,1,4,0,16
2024,SDN202403200,20240320,bottom,3,0,13,4,1,4,0,13
2024,LAN202403210,20240321,top,9,5,43,1,0,5,0,17
2024,LAN202403210,20240321,bottom,7,1,31,8,1,5,1,18
2024,ARI202403280,20240328,top,3,0,15,4,1,5,1,18
2024,ARI202403280,20240328,bottom,5,2,13,6,1,3,0,11
2024,BAL202403280,20240328,top,4,1,14,5,1,3,0,16
2024,BAL202403280,20240328,bottom,7,2,28,8,1,8,3,35
2024,CHA202403280,20240328,top,3,0,15,4,1,4,0,14
2024,CHA202403280,20240328,bottom,4,0,14,5,1,4,0,18
2024,CIN202403280,20240328,top,3,0,11,4,1,4,0,9
2024,CIN202403280,20240328,bottom,4,0,17,5,1,8,3,26
2024,HOU202403280,20240328,top,3,0,15,4,1,5,0,15
2024,HOU202403280,20240328,bottom,8,3,33,9,1,4,1,14
2024,KCA202403280,20240328,top,5,1,19,6,1,3,0,13
2024,KCA202403280,20240328,bottom,4,1,18,5,1,4,0,9
2024,LAN202403280,20240328,top,4,0,21,5,1,3,0,10
2024,LAN202403280,20240328,bottom,6,2,29,7,1,3,0,13
2024,MIA202403280,20240328,top,5,0,21,6,1,3,0,16
2024,MIA202403280,20240328,bottom,3,0,6,4,1,7,2,20
2024,OAK202403280,20240328,top,3,0,9,4,1,5,1,27
2024,OAK202403280,20240328,bottom,4,0,20,5,1,4,0,14
2024,SDN202403280,20240328,top,3,0,9,4,1,3,0,13
2024,SDN202403280,20240328,bottom,3,0,18,4,1,3,0,12
2024,SEA202403280,20240328,top,3,0,15,4,1,4,0,21
2024,SEA202403280,20240328,bottom,4,0,17,5,1,4,0,17
2024,TBA202403280,20240328,top,3,0,10,4,1,3,0,14
2024,TBA202403280,20240328,bottom,4,1,17,5,1,4,0,22
2024,TEX202403280,20240328,top,3,0,9,4,1,4,1,13
2024,TEX202403280,20240328,bottom,4,0,24,5,1,3,0,11
2024,ARI202403290,20240329,top,4,0,19,5,1,4,1,14
2024,ARI202403290,20240329,bottom,6,2,31,7,1,4,0,11
2024,HOU202403290,20240329,top,4,0,17,5,1,3,0,11
2024,HOU202403290,20240329,bottom,5,1,20,6,1,5,0,22
2024,LAN202403290,20240329,top,3,0,15,4,1,3,0,11
2024,LAN202403290,20240329,bottom,4,1,12,5,1,4,1,16
2024,MIA202403290,20240329,top,4,0,21,5,1,6,2,26
2024,MIA202403290,20240329,bottom,3,0,15,4,1,4,0,14
2024,NYN202403290,20240329,top,4,0,22,5,1,4,0,14
2024,NYN202403290,20240329,bottom,3,0,14,4,1,4,1,25
2024,OAK202403290,20240329,top,7,3,26,8,1,3,0,9
2024,OAK202403290,20240329,bottom,3,0,19,4,1,4,0,16
2024,PHI202403290,20240329,top,4,0,14,5,1,4,0,14
2024,PHI202403290,20240329,bottom,3,0,15,4,1,4,0,12
2024,SDN202403290,20240329,top,8,3,26,9,1,3,0,11
2024,SDN202403290,20240329,bottom,4,0,15,5,1,3,0,12
2024,SEA202403290,20240329,top,5,0,22,6,1,3,0,11
2024,SEA202403290,20240329,bottom,3,0,13,4,1,4,0,18
2024,TBA202403290,20240329,top,4,0,19,5,1,3,0,12
2024,TBA202403290,20240329,bottom,3,0,14,4,1,4,0,22
2024,ARI202403300,20240330,top,3,0,12,4,1,6,2,25
2024,ARI202403300,20240330,bottom,7,2,34,8,1,3,0,11
2024,BAL202403300,20240330,top,4,0,12,5,1,3,0,8
2024,BAL202403300,20240330,bottom,6,2,21,7,1,3,0,18
2024,CHA202403300,20240330,top,7,3,21,8,1,4,0,12
2024,CHA202403300,20240330,bottom,5,2,22,6,1,4,1,16
2024,CIN202403300,20240330,top,4,0,18,5,1,3,0,10
2024,CIN202403300,20240330,bottom,3,0,15,4,1,4,0,20
2024,HOU202403300,20240330,top,4,0,18,5,1,5,0,27
2024,HOU202403300,20240330,bottom,3,0,12,4,1,6,2,20
2024,KCA202403300,20240330,top,3,0,10,4,1,4,0,16
2024,KCA202403300,20240330,bottom,3,0,15,4,1,3,0,15
2024,LAN202403300,20240330,top,3,0,15,4,1,4,0,15
2024,LAN202403300,20240330,bottom,6,0,27,7,1,5,0,28
2024,MIA202403300,20240330,top,4,0,20,5,1,4,0,12
2024,MIA202403300,20240330,bottom,3,0,11,4,1,4,0,12
2024,NYN202403300,20240330,top,7,3,22,8,1,5,0,16
2024,NYN202403300,20240330,bottom,6,0,24,7,1,5,1,12
2024,OAK202403300,20240330,top,3,0,10,4,1,6,2,24
2024,OAK202403300,20240330,bottom,4,0,15,5,1,6,2,25
2024,PHI202403300,20240330,top,5,2,17,6,1,7,3,26
2024,PHI202403300,20240330,bottom,8,3,48,9,0,3,0,12
2024,SDN202403300,20240330,top,3,0,16,4,1,6,2,27
2024,SDN202403300,20240330,bottom,3,0,16,4,1,5,0,23
2024,SEA202403300,20240330,top,3,0,12,4,1,4,0,18
2024,SEA202403300,20240330,bottom,5,1,20,6,1,4,0,8
2024,TBA202403300,20240330,top,3,0,6,4,1,4,0,13
2024,TBA202403300,20240330,bottom,5,0,20,6,1,4,0,21
2024,TEX202403300,20240330,top,3,0,10,4,1,6,2,31
2024,TEX202403300,20240330,bottom,5,0,15,6,1,5,2,23
2024,ARI202403310,20240331,top,3,0,13,4,1,4,0,16
2024,ARI202403310,20240331,bottom,7,3,28,8,1,3,0,7
2024,BAL202403310,20240331,top,5,2,13,6,1,6,2,22
2024,BAL202403310,20240331,bottom,4,0,14,5,1,7,1,27
2024,CHA202403310,20240331,top,4,0,12,5,1,4,0,21
2024,CHA202403310,20240331,bottom,4,0,15,5,1,4,0,19
2024,CIN202403310,20240331,top,5,0,17,6,1,3,0,9
2024,CIN202403310,20240331,bottom,3,0,13,4,1,3,0,9
2024,HOU202403310,20240331,top,4,0,17,5,1,5,1,23
2024,HOU202403310,20240331,bottom,3,0,11,4,1,4,0,16
2024,KCA202403310,20240331,top,3,0,6,4,1,5,0,24
2024,KCA202403310,20240331,bottom,8,3,30,9,1,10,6,39
2024,LAN202403310,20240331,top,3,0,13,4,1,4,0,14
2024,LAN202403310,20240331,bottom,4,0,20,5,1,3,0,8
2024,MIA202403310,20240331,top,3,0,11,4,1,9,3,38
2024,MIA202403310,20240331,bottom,8,5,34,9,1,4,0,16
2024,NYN202403310,20240331,top,5,1,29,6,1,5,1,13
2024,NYN202403310,20240331,bottom,4,0,12,5,1,5,1,15
2024,OAK202403310,20240331,top,3,0,14,4,1,3,0,9
2024,OAK202403310,20240331,bottom,5,2,21,6,1,4,0,18
2024,PHI202403310,20240331,top,5,2,22,6,1,3,0,13
2024,PHI202403310,20240331,bottom,4,1,13,5,1,5,0,19
2024,SDN202403310,20240331,top,4,0,17,5,1,5,0,22
2024,SDN202403310,20240331,bottom,8,5,29,9,1,8,4,26
2024,SEA202403310,20240331,top,4,0,15,5,1,5,1,18
2024,SEA202403310,20240331,bottom,3,0,20,4,1,6,1,26
2024,TBA202403310,20240331,top,6,2,26,7,0,7,2,32
2024,TBA202403310,20240331,bottom,4,1,19,5,1,3,0,19
2024,TEX202403310,20240331,top,6,3,27,7,1,5,0,8
2024,TEX202403310,20240331,bottom,4,0,14,5,1,7,2,29
2024,ARI202404010,20240401,top,6,0,31,7,1,6,2,22
2024,ARI202404010,20240401,bottom,4,0,22,5,1,3,0,13
2024,BAL202404010,20240401,top,5,0,19,6,1,3,0,10
2024,BAL202404010,20240401,bottom,4,0,14,5,1,3,0,13
2024,CHA202404010,20240401,top,3,0,11,4,1,3,0,9
2024,CHA202404010,20240401,bottom,6,0,19,7,1,4,0,13
2024,CHN202404010,20240401,top,3,0,12,4,1,4,0,23
2024,CHN202404010,20240401,bottom,5,0,20,6,1,3,0,11
2024,HOU202404010,20240401,top,4,0,19,5,1,3,0,13
2024,HOU202404010,20240401,bottom,6,3,18,7,1,4,1,11
2024,LAN202404010,20240401,top,5,0,16,6,1,4,0,18
2024,LAN202404010,20240401,bottom,5,1,21,6,1,3,0,10
2024,MIA202404010,20240401,top,3,0,15,4,1,4,1,17
2024,MIA202404010,20240401,bottom,9,4,36,1,1,4,0,21
2024,NYN202404010,20240401,top,3,0,17,4,1,3,0,16
2024,NYN202404010,20240401,bottom,4,0,21,5,1,4,0,16
2024,OAK202404010,20240401,top,5,1,19,6,1,8,2,33
2024,OAK202404010,20240401,bottom,4,0,15,5,1,3,0,13
2024,PHI202404010,20240401,top,4,0,14,5,1,5,0,20
2024,PHI202404010,20240401,bottom,6,2,29,7,1,4,0,13
2024,SDN202404010,20240401,top,7,3,32,8,1,5,1,22
2024,SDN202404010,20240401,bottom,3,0,11,4,1,3,0,14
2024,SEA202404010,20240401,top,3,0,6,4,1,3,0,9
2024,SEA202404010,20240401,bottom,3,0,15,4,1,7,4,32
2024,TBA202404010,20240401,top,6,3,31,7,1,4,0,13
2024,TBA202404010,20240401,bottom,3,0,8,4,1,3,0,8
2024,WAS202404010,20240401,top,5,0,23,6,1,7,2,24
2024,WAS202404010,20240401,bottom,3,0,8,4,1,4,0,14
2024,ARI202404020,20240402,top,4,0,17,5,1,5,0,24
2024,ARI202404020,20240402,bottom,7,3,24,8,1,3,0,13
2024,BAL202404020,20240402,top,5,0,12,6,1,7,3,28
2024,BAL202404020,20240402,bottom,3,0,10,4,1,3,0,10
2024,CHA202404020,20240402,top,3,0,13,4,1,4,0,16
2024,CHA202404020,20240402,bottom,3,0,7,4,1,3,0,13
2024,CHN202404020,20240402,top,3,0,12,4,1,5,0,22
2024,CHN202404020,20240402,bottom,5,2,18,6,1,7,1,25
2024,HOU202404020,20240402,top,4,0,11,5,1,3,0,10
2024,HOU202404020,20240402,bottom,3,0,6,4,1,3,0,14
2024,LAN202404020,20240402,top,4,0,12,5,0,6,1,22
2024,LAN202404020,20240402,bottom,5,1,29,6,1,3,0,15
2024,MIA202404020,20240402,top,3,0,11,4,1,3,0,18
2024,MIA202404020,20240402,bottom,3,0,7,4,1,4,0,14
2024,MIL202404020,20240402,top,3,0,8,4,1,4,0,17
2024,MIL202404020,20240402,bottom,4,0,16,5,1,7,1,25
2024,OAK202404020,20240402,top,5,1,22,6,1,5,1,18
2024,OAK202404020,20240402,bottom,3,0,15,4,1,5,2,17
2024,PHI202404020,20240402,top,4,0,20,5,1,3,0,13
2024,PHI202404020,20240402,bottom,4,1,17,5,1,4,0,15
2024,SDN202404020,20240402,top,3,0,9,4,1,3,0,9
2024,SDN202404020,20240402,bottom,4,0,13,5,1,6,1,23
2024,SEA202404020,20240402,top,4,0,14,5,1,4,0,17
2024,SEA202404020,20240402,bottom,5,0,17,6,1,3,0,12
2024,TBA202404020,20240402,top,3,0,8,4,1,3,0,13
2024,TBA202404020,20240402,bottom,3,0,13,4,1,4,0,24
2024,ARI202404030,20240403,top,3,0,11,4,1,3,0,8
2024,ARI202404030,20240403,bottom,4,0,11,5,1,5,1,20
2024,BAL202404030,20240403,top,6,1,27,7,1,4,0,15
2024,BAL202404030,20240403,bottom,3,0,14,4,1,3,0,15
2024,CHN202404030,20240403,top,3,0,14,4,0,3,0,13
2024,CHN202404030,20240403,bottom,3,0,15,4,1,8,4,37
2024,HOU202404030,20240403,top,3,0,14,4,1,4,0,22
2024,HOU202404030,20240403,bottom,6,0,21,7,1,3,0,11
2024,LAN202404030,20240403,top,3,0,7,4,1,3,0,11
2024,LAN202404030,20240403,bottom,4,0,17,5,1,6,1,24
2024,MIA202404030,20240403,top,7,2,34,8,1,3,0,11
2024,MIA202404030,20240403,bottom,3,0,14,4,1,3,0,6
2024,MIL202404030,20240403,top,4,0,11,5,1,5,0,25
2024,MIL202404030,20240403,bottom,5,0,20,6,1,5,1,26
2024,OAK202404030,20240403,top,3,0,14,4,1,3,0,9
2024,OAK202404030,20240403,bottom,4,0,17,5,1,4,0,22
2024,PHI202404030,20240403,top,4,0,15,5,1,3,0,11
2024,PHI202404030,20240403,bottom,4,0,13,5,1,3,0,17
2024,SDN202404030,20240403,top,3,0,11,4,1,3,0,10
2024,SDN202404030,20240403,bottom,7,1,33,8,1,5,1,14
2024,SEA202404030,20240403,top,8,3,21,9,1,6,2,22
2024,SEA202404030,20240403,bottom,5,0,24,6,1,3,0,9
2024,TBA202404030,20240403,top,4,0,14,5,1,6,0,27
2024,TBA202404030,20240403,bottom,3,0,12,4,1,3,0,12
2024,WAS202404030,20240403,top,3,0,11,4,1,7,2,27
2024,WAS202404030,20240403,bottom,3,0,15,4,1,9,4,26
2024,KCA202404040,20240404,top,3,0,8,4,1,3,0,14
2024,KCA202404040,20240404,bottom,3,0,16,4,1,5,1,13
2024,MIN202404040,20240404,top,3,0,14,4,1,3,0,8
2024,MIN202404040,20240404,bottom,4,0,18,5,1,6,0,26
2024,SLN202404040,20240404,top,4,0,15,5,1,4,0,13
2024,SLN202404040,20240404,bottom,3,0,9,4,1,5,1,14
2024,WAS202404040,20240404,top,8,4,33,9,1,4,1,16
2024,WAS202404040,20240404,bottom,3,0,13,4,1,5,1,13
2024,NYN202404041,20240404,top,3,0,10,4,1,3,0,7
2024,NYN202404041,20240404,bottom,5,0,16,6,1,3,0,14
2024,NYN202404042,20240404,top,5,0,26,6,1,6,1,23
2024,NYN202404042,20240404,bottom,4,0,24,5,1,4,0,16
2024,ANA202404050,20240405,top,4,0,15,5,1,7,4,19
2024,ANA202404050,20240405,bottom,3,0,15,4,1,4,0,15
2024,ATL202404050,20240405,top,7,3,25,8,1,3,0,13
2024,ATL202404050,20240405,bottom,6,1,22,7,1,4,0,24
2024,CHN202404050,20240405,top,7,2,33,8,1,3,0,11
2024,CHN202404050,20240405,bottom,3,0,15,4,1,10,5,45
2024,CIN202404050,20240405,top,5,0,22,6,1,3,0,14
2024,CIN202404050,20240405,bottom,5,1,19,6,1,3,0,13
2024,COL202404050,20240405,top,7,1,41,8,1,5,1,21
2024,COL202404050,20240405,bottom,5,1,21,6,1,4,0,20
2024,DET202404050,20240405,top,4,0,12,5,1,3,0,12
2024,DET202404050,20240405,bottom,3,0,9,4,1,3,0,14
2024,KCA202404050,20240405,top,3,0,15,4,1,4,1,17
2024,KCA202404050,20240405,bottom,5,1,16,6,1,5,0,25
2024,MIL202404050,20240405,top,4,0,20,5,1,4,0,12
2024,MIL202404050,20240405,bottom,3,0,10,4,1,6,2,23
2024,NYA202404050,20240405,top,4,0,16,5,1,4,0,14
2024,NYA202404050,20240405,bottom,4,0,17,5,1,4,0,21
2024,PIT202404050,20240405,top,3,0,14,4,1,6,1,16
2024,PIT202404050,20240405,bottom,5,0,19,6,1,4,0,18
2024,SFN202404050,20240405,top,4,1,11,5,1,3,0,8
2024,SFN202404050,20240405,bottom,5,1,22,6,1,4,0,15
2024,TEX202404050,20240405,top,4,0,15,5,1,3,0,12
2024,TEX202404050,20240405,bottom,6,0,29,7,1,9,5,26
2024,WAS202404050,20240405,top,4,0,14,5,1,7,3,25
2024,WAS202404050,20240405,bottom,3,0,11,4,1,4,0,19
2024,ANA202404060,20240406,top,3,0,13,4,1,4,0,24
2024,ANA202404060,20240406,bottom,4,0,16,5,1,5,0,26
2024,ATL202404060,20240406,top,11,6,37,3,1,3,0,16
2024,ATL202404060,20240406,bottom,3,0,10,4,1,4,0,18
2024,CHN202404060,20240406,top,5,0,27,6,1,5,0,24
2024,CHN202404060,20240406,bottom,6,0,27,7,1,6,0,20
2024,CIN202404060,20240406,top,3,0,15,4,1,4,0,20
2024,CIN202404060,20240406,bottom,3,0,12,4,1,8,2,34
2024,COL202404060,20240406,top,5,1,18,6,1,3,0,10
2024,COL202404060,20240406,bottom,3,0,14,4,1,5,1,13
2024,DET202404060,20240406,top,5,2,25,6,1,3,0,9
2024,DET202404060,20240406,bottom,4,0,20,5,1,4,0,10
2024,KCA202404060,20240406,top,3,0,8,4,1,3,0,6
2024,KCA202404060,20240406,bottom,4,0,12,5,1,3,0,8
2024,MIL202404060,20240406,top,4,0,13,5,1,4,0,13
2024,MIL202404060,20240406,bottom,3,0,6,4,1,4,0,15
2024,MIN202404060,20240406,top,3,0,11,4,1,6,3,20
2024,MIN202404060,20240406,bottom,5,1,31,6,1,3,0,15
2024,NYA202404060,20240406,top,4,0,21,5,1,4,0,17
2024,NYA202404060,20240406,bottom,6,3,21,7,1,7,3,33
2024,PIT202404060,20240406,top,3,0,8,4,1,3,0,13
2024,PIT202404060,20240406,bottom,3,0,10,4,1,6,3,20
2024,SFN202404060,20240406,top,7,4,17,8,1,3,0,21
2024,SFN202404060,20240406,bottom,4,0,16,5,1,4,0,20
2024,SLN202404060,20240406,top,3,0,14,4,1,3,0,13
2024,SLN202404060,20240406,bottom,3,0,13,4,1,4,0,19
2024,TEX202404060,20240406,top,5,0,22,6,1,3,0,14
2024,TEX202404060,20240406,bottom,4,0,11,5,1,6,1,21
2024,WAS202404060,20240406,top,3,0,11,4,1,5,1,28
2024,WAS202404060,20240406,bottom,4,0,15,5,1,4,0,14
2024,ANA202404070,20240407,top,4,0,15,5,1,3,0,13
2024,ANA202404070,20240407,bottom,5,0,24,6,1,4,0,9
2024,ATL202404070,20240407,top,3,0,21,4,1,3,0,12
2024,ATL202404070,20240407,bottom,3,0,15,4,1,7,2,32
2024,CHN202404070,20240407,top,4,0,18,5,1,4,0,15
2024,CHN202404070,20240407,bottom,7,3,28,8,1,6,1,24
2024,CIN202404070,20240407,top,5,1,18,6,1,6,1,21
2024,CIN202404070,20240407,bottom,4,0,13,5,1,3,0,11
2024,COL202404070,20240407,top,3,0,12,4,1,7,2,26
2024,COL202404070,20240407,bottom,4,0,13,5,1,3,0,14
2024,DET202404070,20240407,top,6,2,18,7,1,6,3,25
2024,DET202404070,20240407,bottom,5,0,22,6,1,4,0,19
2024,KCA202404070,20240407,top,5,0,22,6,1,5,0,19
2024,KCA202404070,20240407,bottom,3,0,10,4,1,3,0,11
2024,MIL202404070,20240407,top,5,1,21,6,1,5,1,11
2024,MIL202404070,20240407,bottom,7,3,30,8,1,6,3,27
2024,NYA202404070,20240407,top,4,0,21,5,1,3,0,16
2024,NYA202404070,20240407,bottom,3,0,20,4,1,4,0,16
2024,PIT202404070,20240407,top,4,0,14,5,1,3,0,11
2024,PIT202404070,20240407,bottom,4,0,17,5,1,3,0,8
2024,SFN202404070,20240407,top,5,1,16,6,1,4,0,11
2024,SFN202404070,20240407,bottom,5,0,18,6,1,3,0,16
2024,SLN202404070,20240407,top,9,6,35,1,1,4,1,16
2024,SLN202404070,20240407,bottom,3,0,16,4,1,3,0,13
2024,TEX202404070,20240407,top,4,0,16,5,1,3,0,8
2024,TEX202404070,20240407,bottom,3,0,9,4,1,5,0,28
2024,WAS202404070,20240407,top,4,0,19,5,1,5,1,19
2024,WAS202404070,20240407,bottom,4,0,20,5,1,7,1,22
2024,ANA202404080,20240408,top,3,0,14,4,1,4,0,10
2024,ANA202404080,20240408,bottom,6,2,19,7,1,3,0,8
2024,ATL202404080,20240408,top,3,0,13,4,1,3,0,13
2024,ATL202404080,20240408,bottom,4,0,14,5,1,4,0,13
2024,CIN202404080,20240408,top,3,0,14,4,1,4,0,15
2024,CIN202404080,20240408,bottom,4,0,15,5,1,5,2,23
2024,CLE202404080,20240408,top,4,0,20,5,1,4,0,11
2024,CLE202404080,20240408,bottom,3,0,16,4,1,3,0,13
2024,COL202404080,20240408,top,5,0,13,6,1,3,0,16
2024,COL202404080,20240408,bottom,5,1,21,6,1,3,0,18
2024,MIN202404080,20240408,top,5,1,20,6,1,3,0,10
2024,MIN202404080,20240408,bottom,4,0,14,5,1,3,0,14
2024,NYA202404080,20240408,top,3,0,14,4,1,3,0,12
2024,NYA202404080,20240408,bottom,3,0,14,4,1,5,0,22
2024,PIT202404080,20240408,top,5,1,20,6,1,3,0,18
2024,PIT202404080,20240408,bottom,3,0,11,4,1,8,3,31
2024,SDN202404080,20240408,top,4,0,9,5,1,9,4,42
2024,SDN202404080,20240408,bottom,4,0,27,5,1,5,0,23
2024,SFN202404080,20240408,top,4,0,26,5,1,7,3,33
2024,SFN202404080,20240408,bottom,6,1,25,7,1,3,0,15
2024,SLN202404080,20240408,top,5,0,21,6,1,3,0,10
2024,SLN202404080,20240408,bottom,3,0,10,4,1,5,0,19
2024,TEX202404080,20240408,top,7,2,33,8,1,5,2,19
2024,TEX202404080,20240408,bottom,10,5,43,2,0,4,0,13
2024,TOR202404080,20240408,top,4,0,15,5,1,4,0,19
2024,TOR202404080,20240408,bottom,3,0,8,4,1,6,1,25
2024,ANA202404090,20240409,top,5,0,20,6,1,6,2,25
2024,ANA202404090,20240409,bottom,5,2,19,6,1,3,0,13
2024,ATL202404090,20240409,top,3,0,13,4,1,4,0,14
2024,ATL202404090,20240409,bottom,5,1,26,6,1,4,0,11
2024,BOS202404090,20240409,top,3,0,10,4,1,5,1,19
2024,BOS202404090,20240409,bottom,5,1,17,6,1,4,0,14
2024,CIN202404090,20240409,top,3,0,11,4,1,3,0,17
2024,CIN202404090,20240409,bottom,4,0,17,5,1,4,0,14
2024,CLE202404090,20240409,top,9,5,33,1,1,3,0,12
2024,CLE202404090,20240409,bottom,5,2,20,6,1,4,0,18
2024,COL202404090,20240409,top,6,2,23,7,1,6,1,19
2024,COL202404090,20240409,bottom,5,1,18,6,1,3,0,12
2024,KCA202404090,20240409,top,6,1,23,7,1,6,1,31
2024,KCA202404090,20240409,bottom,3,0,14,4,1,5,0,11
2024,MIN202404090,20240409,top,3,0,14,4,1,5,0,15
2024,MIN202404090,20240409,bottom,3,0,12,4,1,3,0,9
2024,NYA202404090,20240409,top,4,0,12,5,1,4,0,16
2024,NYA202404090,20240409,bottom,5,0,29,6,1,4,1,9
2024,PIT202404090,20240409,top,5,1,14,6,1,3,0,12
2024,PIT202404090,20240409,bottom,4,0,13,5,1,5,1,22
2024,SDN202404090,20240409,top,5,0,22,6,1,4,0,25
2024,SDN202404090,20240409,bottom,3,0,17,4,1,3,0,12
2024,SFN202404090,20240409,top,3,0,15,4,1,3,0,12
2024,SFN202404090,20240409,bottom,4,0,17,5,1,5,1,24
2024,SLN202404090,20240409,top,3,0,15,4,1,3,0,14
2024,SLN202404090,20240409,bottom,3,0,5,4,1,5,0,19
2024,TEX202404090,20240409,top,3,0,9,4,1,4,1,13
2024,TEX202404090,20240409,bottom,4,1,14,5,1,5,1,15
2024,TOR202404090,20240409,top,4,0,16,5,1,3,0,13
2024,TOR202404090,20240409,bottom,3,0,15,4,1,4,0,16
2024,ANA202404100,20240410,top,6,3,21,7,1,5,1,25
2024,ANA202404100,20240410,bottom,6,0,38,7,1,4,0,22
2024,BOS202404100,20240410,top,3,0,9,4,1,3,0,12
2024,BOS202404100,20240410,bottom,4,0,14,5,1,3,0,10
2024,CIN202404100,20240410,top,5,2,28,6,1,7,3,22
2024,CIN202404100,20240410,bottom,3,0,10,4,1,3,0,10
2024,CLE202404100,20240410,top,5,2,28,6,1,3,0,8
2024,CLE202404100,20240410,bottom,4,0,17,5,1,4,0,21
2024,COL202404100,20240410,top,6,1,19,7,1,4,1,17
2024,COL202404100,20240410,bottom,7,1,32,8,1,4,0,13
2024,KCA202404100,20240410,top,4,0,17,5,1,4,0,16
2024,KCA202404100,20240410,bottom,4,0,22,5,1,4,0,14
2024,MIN202404100,20240410,top,6,1,17,7,1,3,0,12
2024,MIN202404100,20240410,bottom,4,1,15,5,1,5,0,24
2024,NYA202404100,20240410,top,4,0,20,5,1,3,0,18
2024,NYA202404100,20240410,bottom,4,0,21,5,1,3,0,16
2024,SDN202404100,20240410,top,3,0,16,4,1,4,0,14
2024,SDN202404100,20240410,bottom,3,0,13,4,1,6,2,24
2024,SFN202404100,20240410,top,3,0,6,4,1,4,1,12
2024,SFN202404100,20240410,bottom,4,0,17,5,1,6,3,19
2024,SLN202404100,20240410,top,6,2,24,7,1,3,0,9
2024,SLN202404100,20240410,bottom,4,0,21,5,1,4,1,17
2024,TEX202404100,20240410,top,6,1,18,7,1,3,0,9
2024,TEX202404100,20240410,bottom,7,3,24,8,1,4,0,10
2024,TOR202404100,20240410,top,3,0,10,4,1,4,0,19
2024,TOR202404100,20240410,bottom,3,0,8,4,1,3,0,12
2024,ATL202404110,20240411,top,6,1,20,7,1,6,2,19
2024,ATL202404110,20240411,bottom,3,0,13,4,1,4,0,16
2024,BOS202404110,20240411,top,3,0,14,4,1,5,0,16
2024,BOS202404110,20240411,bottom,7,2,21,8,1,3,0,11
2024,KCA202404110,20240411,top,4,0,19,5,1,6,0,22
2024,KCA202404110,20240411,bottom,15,9,46,7,0,3,0,8
2024,PHI202404110,20240411,top,4,0,20,5,1,3,0,14
2024,PHI202404110,20240411,bottom,4,0,9,5,1,4,0,11
2024,TEX202404110,20240411,top,3,0,12,4,1,4,1,16
2024,TEX202404110,20240411,bottom,4,0,14,5,1,4,0,21
2024,ARI202404120,20240412,top,7,3,31,8,1,5,1,12
2024,ARI202404120,20240412,bottom,4,0,17,5,1,4,0,12
2024,BAL202404120,20240412,top,4,0,17,5,1,7,3,31
2024,BAL202404120,20240412,bottom,4,0,14,5,1,3,0,16
2024,BOS202404120,20240412,top,7,3,16,8,1,3,0,11
2024,BOS202404120,20240412,bottom,3,0,13,4,1,4,0,22
2024,CHA202404120,20240412,top,5,1,27,6,1,4,0,12
2024,CHA202404120,20240412,bottom,3,0,10,4,1,3,0,10
2024,DET202404120,20240412,top,3,0,14,4,1,3,0,7
2024,DET202404120,20240412,bottom,5,1,19,6,1,3,0,12
2024,HOU202404120,20240412,top,6,1,21,7,1,3,0,17
2024,HOU202404120,20240412,bottom,4,1,11,5,1,3,0,10
2024,LAN202404120,20240412,top,5,2,23,6,1,4,1,17
2024,LAN202404120,20240412,bottom,4,1,19,5,1,7,4,21
2024,MIA202404120,20240412,top,5,1,13,6,1,3,0,10
2024,MIA202404120,20240412,bottom,5,0,19,6,1,3,0,14
2024,NYN202404120,20240412,top,3,0,11,4,1,6,1,26
2024,NYN202404120,20240412,bottom,3,0,10,4,1,3,0,10
2024,OAK202404120,20240412,top,3,0,15,4,1,5,0,12
2024,OAK202404120,20240412,bottom,3,0,10,4,1,3,0,14
2024,PHI202404120,20240412,top,3,0,9,4,1,7,1,29
2024,PHI202404120,20240412,bottom,4,0,13,5,1,3,0,15
2024,SEA202404120,20240412,top,4,0,16,5,1,4,0,13
2024,SEA202404120,20240412,bottom,3,0,15,4,1,7,1,29
2024,TBA202404120,20240412,top,4,0,13,5,1,5,0,26
2024,TBA202404120,20240412,bottom,4,0,16,5,1,7,1,28
2024,TOR202404120,20240412,top,3,0,13,4,1,6,1,22
2024,TOR202404120,20240412,bottom,6,1,26,7,1,5,1,15
2024,ARI202404130,20240413,top,4,0,11,5,1,4,0,17
2024,ARI202404130,20240413,bottom,6,1,19,7,1,3,0,13
2024,BAL202404130,20240413,top,3,0,10,4,1,7,1,29
2024,BAL202404130,20240413,bottom,6,3,25,7,1,4,1,19
2024,BOS202404130,20240413,top,3,0,15,4,1,6,0,30
2024,BOS202404130,20240413,bottom,7,4,24,8,1,6,2,24
2024,CHA202404130,20240413,top,3,0,17,4,1,9,5,37
2024,CHA202404130,20240413,bottom,3,0,11,4,1,4,0,12
2024,HOU202404130,20240413,top,6,2,19,7,1,4,0,19
2024,HOU202404130,20240413,bottom,6,0,27,7,1,3,0,11
2024,LAN202404130,20240413,top,3,0,8,4,1,3,0,16
2024,LAN202404130,20240413,bottom,4,0,23,5,1,5,0,22
2024,MIA202404130,20240413,top,4,0,16,5,1,3,0,12
2024,MIA202404130,20240413,bottom,5,1,19,6,1,5,1,10
2024,NYN202404130,20240413,top,6,1,26,7,1,8,3,35
2024,NYN202404130,20240413,bottom,7,3,35,8,1,3,0,12
2024,OAK202404130,20240413,top,4,0,13,5,1,3,0,17
2024,OAK202404130,20240413,bottom,5,0,26,6,1,3,0,12
2024,PHI202404130,20240413,top,5,1,19,6,1,3,0,13
2024,PHI202404130,20240413,bottom,6,2,18,7,1,5,0,16
2024,SEA202404130,20240413,top,3,0,11,4,1,5,1,19
2024,SEA202404130,20240413,bottom,3,0,13,4,1,6,1,26
2024,TBA202404130,20240413,top,5,1,24,6,1,3,0,13
2024,TBA202404130,20240413,bottom,3,0,10,4,1,4,0,14
2024,TOR202404130,20240413,top,3,0,15,4,1,5,0,20
2024,TOR202404130,20240413,bottom,8,5,34,9,1,4,0,7
2024,CLE202404131,20240413,top,5,0,17,6,1,5,1,19
2024,CLE202404131,20240413,bottom,5,0,20,6,1,3,0,15
2024,DET202404131,20240413,top,3,0,16,4,1,3,0,5
2024,DET202404131,20240413,bottom,5,2,20,6,1,3,0,10
2024,CLE202404132,20240413,top,7,2,30,8,1,3,0,9
2024,CLE202404132,20240413,bottom,3,0,9,4,1,3,0,13
2024,DET202404132,20240413,top,5,1,19,6,1,3,0,14
2024,DET202404132,20240413,bottom,3,0,16,4,1,6,1,25
2024,ARI202404140,20240414,top,3,0,10,4,1,6,0,23
2024,ARI202404140,20240414,bottom,3,0,8,4,1,3,0,14
2024,BAL202404140,20240414,top,5,1,15,6,1,3,0,13
2024,BAL202404140,20240414,bottom,6,1,24,7,1,4,1,17
2024,BOS202404140,20240414,top,4,0,19,5,1,4,1,16
2024,BOS202404140,20240414,bottom,6,2,24,7,1,3,0,12
2024,CHA202404140,20240414,top,6,0,15,7,1,4,0,12
2024,CHA202404140,20240414,bottom,5,0,25,6,1,3,0,11
2024,CLE202404140,20240414,top,4,0,17,5,1,4,0,15
2024,CLE202404140,20240414,bottom,4,0,21,5,1,4,0,16
2024,DET202404140,20240414,top,5,0,16,6,1,7,2,31
2024,DET202404140,20240414,bottom,4,0,15,5,1,4,0,15
2024,HOU202404140,20240414,top,4,0,21,5,1,3,0,15
2024,HOU202404140,20240414,bottom,5,1,17,6,1,3,0,10
2024,LAN202404140,20240414,top,4,0,16,5,1,3,0,18
2024,LAN202404140,20240414,bottom,5,0,24,6,1,3,0,9
2024,MIA202404140,20240414,top,3,0,11,4,1,5,1,21
2024,MIA202404140,20240414,bottom,3,0,11,4,1,4,1,15
2024,NYN202404140,20240414,top,3,0,16,4,1,5,0,18
2024,NYN202404140,20240414,bottom,4,0,22,5,1,3,0,10
2024,OAK202404140,20240414,top,5,0,17,6,1,3,0,12
2024,OAK202404140,20240414,bottom,3,0,11,4,1,4,0,15
2024,PHI202404140,20240414,top,5,0,16,6,1,3,0,17
2024,PHI202404140,20240414,bottom,4,0,16,5,1,4,0,9
2024,SEA202404140,20240414,top,5,1,13,6,1,5,0,24
2024,SEA202404140,20240414,bottom,3,0,16,4,1,3,0,13
2024,TBA202404140,20240414,top,5,1,18,6,1,3,0,12
2024,TBA202404140,20240414,bottom,6,3,26,7,1,3,0,14
2024,TOR202404140,20240414,top,5,0,22,6,1,4,0,15
2024,TOR202404140,20240414,bottom,4,1,15,5,1,4,0,18
2024,ARI202404150,20240415,top,4,0,16,5,1,4,1,21
2024,ARI202404150,20240415,bottom,3,0,12,4,1,6,1,25
2024,BAL202404150,20240415,top,4,0,19,5,1,4,1,28
2024,BAL202404150,20240415,bottom,7,2,22,8,1,4,0,11
2024,BOS202404150,20240415,top,3,0,21,4,1,3,0,13
2024,BOS202404150,20240415,bottom,4,0,12,5,1,3,0,15
2024,CHA202404150,20240415,top,3,0,11,4,1,3,0,14
2024,CHA202404150,20240415,bottom,4,0,16,5,1,4,0,14
2024,DET202404150,20240415,top,3,0,10,4,1,5,0,22
2024,DET202404150,20240415,bottom,5,0,20,6,1,3,0,9
2024,HOU202404150,20240415,top,4,0,18,5,1,8,2,39
2024,HOU202404150,20240415,bottom,6,1,21,7,1,4,0,19
2024,LAN202404150,20240415,top,4,1,13,5,1,5,0,21
2024,LAN202404150,20240415,bottom,5,1,22,6,1,4,1,15
2024,MIA202404150,20240415,top,3,0,14,4,1,3,0,13
2024,MIA202404150,20240415,bottom,5,0,10,6,1,7,3,21
2024,MIL202404150,20240415,top,3,0,9,4,1,5,0,15
2024,MIL202404150,20240415,bottom,6,1,21,7,1,5,2,19
2024,NYN202404150,20240415,top,3,0,15,4,1,5,0,22
2024,NYN202404150,20240415,bottom,4,0,14,5,1,4,0,12
2024,OAK202404150,20240415,top,6,1,20,7,1,4,0,22
2024,OAK202404150,20240415,bottom,3,0,8,4,1,3,0,13
2024,PHI202404150,20240415,top,3,0,11,4,1,3,0,19
2024,PHI202404150,20240415,bottom,4,0,15,5,1,4,0,11
2024,SEA202404150,20240415,top,4,0,23,5,1,4,1,16
2024,SEA202404150,20240415,bottom,8,3,45,9,1,3,0,12
2024,TBA202404150,20240415,top,5,0,14,6,1,3,0,11
2024,TBA202404150,20240415,bottom,3,0,16,4,1,4,0,20
2024,TOR202404150,20240415,top,3,0,10,4,1,6,1,23
2024,TOR202404150,20240415,bottom,4,0,20,5,1,7,2,31
2024,ARI202404160,20240416,top,3,0,4,4,1,3,0,14
2024,ARI202404160,20240416,bottom,4,0,13,5,1,5,1,15
2024,BAL202404160,20240416,top,3,0,7,4,1,3,0,6
2024,BAL202404160,20240416,bottom,5,0,16,6,1,6,3,18
2024,BOS202404160,20240416,top,3,0,8,4,1,6,2,23
2024,BOS202404160,20240416,bottom,3,0,10,4,1,5,0,22
2024,DET202404160,20240416,top,3,0,9,4,1,3,0,17
2024,DET202404160,20240416,bottom,3,0,16,4,1,5,0,23
2024,HOU202404160,20240416,top,3,0,8,4,1,4,1,23
2024,HOU202404160,20240416,bottom,4,0,15,5,1,4,0,15
2024,LAN202404160,20240416,top,5,0,16,6,1,3,0,8
2024,LAN202404160,20240416,bottom,5,1,18,6,1,7,2,22
2024,MIA202404160,20240416,top,3,0,16,4,1,4,1,14
2024,MIA202404160,20240416,bottom,3,0,8,4,1,3,0,14
2024,MIL202404160,20240416,top,9,4,30,1,1,3,0,19
2024,MIL202404160,20240416,bottom,5,1,23,6,1,3,0,14
2024,NYN202404160,20240416,top,4,0,22,5,1,3,0,20
2024,NYN202404160,20240416,bottom,3,0,13,4,1,4,0,16
2024,OAK202404160,20240416,top,3,0,6,4,1,3,0,13
2024,OAK202404160,20240416,bottom,3,0,12,4,1,5,1,8
2024,PHI202404160,20240416,top,3,0,12,4,1,3,0,7
2024,PHI202404160,20240416,bottom,5,2,20,6,1,4,0,15
2024,SEA202404160,20240416,top,3,0,16,4,1,3,0,12
2024,SEA202404160,20240416,bottom,3,0,20,4,1,4,0,17
2024,TBA202404160,20240416,top,4,0,15,5,1,3,0,10
2024,TBA202404160,20240416,bottom,3,0,15,4,1,4,0,19
2024,TOR202404160,20240416,top,3,0,17,4,1,6,1,26
2024,TOR202404160,20240416,bottom,5,0,32,6,1,3,0,13
2024,ARI202404170,20240417,top,4,0,18,5,1,4,0,17
2024,ARI202404170,20240417,bottom,5,1,17,6,1,4,0,13
2024,BAL202404170,20240417,top,3,0,9,4,1,4,0,17
2024,BAL202404170,20240417,bottom,4,1,15,5,1,3,0,12
2024,BOS202404170,20240417,top,3,0,8,4,1,3,0,11
2024,BOS202404170,20240417,bottom,3,0,16,4,1,4,0,18
2024,DET202404170,20240417,top,6,1,22,7,1,3,0,9
2024,DET202404170,20240417,bottom,3,0,11,4,1,5,1,26
2024,HOU202404170,20240417,top,4,0,20,5,1,5,1,20
2024,HOU202404170,20240417,bottom,6,1,16,7,1,3,0,12
2024,LAN202404170,20240417,top,7,2,28,8,1,3,0,12
2024,LAN202404170,20240417,bottom,5,0,15,6,1,4,0,16
2024,MIA202404170,20240417,top,3,0,15,4,1,5,1,23
2024,MIA202404170,20240417,bottom,4,0,13,5,1,4,0,14
2024,MIL202404170,20240417,top,3,0,15,4,1,3,0,10
2024,MIL202404170,20240417,bottom,3,0,13,4,1,4,0,18
2024,NYN202404170,20240417,top,3,0,11,4,1,4,0,18
2024,NYN202404170,20240417,bottom,4,0,15,5,1,4,0,16
2024,OAK202404170,20240417,top,5,0,20,6,1,3,0,16
2024,OAK202404170,20240417,bottom,4,0,15,5,1,4,0,17
2024,PHI202404170,20240417,top,5,1,24,6,1,3,0,12
2024,PHI202404170,20240417,bottom,8,4,23,9,1,5,0,23
2024,SEA202404170,20240417,top,3,0,13,4,1,5,1,26
2024,SEA202404170,20240417,bottom,3,0,12,4,1,5,1,18
2024,TBA202404170,20240417,top,5,1,27,6,1,5,0,20
2024,TBA202404170,20240417,bottom,3,0,11,4,1,5,1,15
2024,TOR202404170,20240417,top,6,0,27,7,1,4,0,20
2024,TOR202404170,20240417,bottom,4,0,18,5,1,7,2,28
2024,CHA202404171,20240417,top,3,0,7,4,1,5,1,21
2024,CHA202404171,20240417,bottom,3,0,16,4,1,6,2,28
2024,CHA202404172,20240417,top,5,0,22,6,1,3,0,14
2024,CHA202404172,20240417,bottom,3,0,11,4,1,3,0,8
2024,BOS202404180,20240418,top,3,0,9,4,1,3,0,12
2024,BOS202404180,20240418,bottom,7,1,29,8,1,4,0,9
2024,DET202404180,20240418,top,4,1,12,5,1,7,3,21
2024,DET202404180,20240418,bottom,5,0,20,6,1,8,4,32
2024,SFN202404180,20240418,top,5,0,20,6,1,3,0,13
2024,SFN202404180,20240418,bottom,3,0,12,4,1,4,0,15
2024,TBA202404180,20240418,top,3,0,9,4,1,5,0,17
2024,TBA202404180,20240418,bottom,5,2,23,6,1,3,0,6
2024,ATL202404190,20240419,top,4,1,13,5,1,4,0,17
2024,ATL202404190,20240419,bottom,6,1,35,7,1,4,1,18
2024,CHN202404190,20240419,top,3,0,10,4,1,3,0,8
2024,CHN202404190,20240419,bottom,6,2,20,7,1,5,1,17
2024,CIN202404190,20240419,top,3,0,10,4,1,3,0,10
2024,CIN202404190,20240419,bottom,3,0,13,4,1,5,1,23
2024,CLE202404190,20240419,top,4,1,18,5,1,6,0,26
2024,CLE202404190,20240419,bottom,3,0,11,4,1,5,2,18
2024,KCA202404190,20240419,top,4,0,13,5,1,3,0,11
2024,KCA202404190,20240419,bottom,3,0,12,4,1,3,0,15
2024,LAN202404190,20240419,top,3,0,9,4,1,6,2,17
2024,LAN202404190,20240419,bottom,3,0,12,4,1,4,0,21
2024,MIN202404190,20240419,top,4,1,11,5,1,3,0,12
2024,MIN202404190,20240419,bottom,5,2,19,6,1,3,0,15
2024,NYA202404190,20240419,top,4,0,18,5,1,5,0,25
2024,NYA202404190,20240419,bottom,4,0,19,5,1,4,0,19
2024,PHI202404190,20240419,top,3,0,12,4,1,4,0,16
2024,PHI202404190,20240419,bottom,6,3,26,7,1,3,0,13
2024,PIT202404190,20240419,top,5,2,23,6,1,5,1,19
2024,PIT202404190,20240419,bottom,5,0,17,6,1,4,0,21
2024,SDN202404190,20240419,top,4,1,16,5,1,9,4,33
2024,SDN202404190,20240419,bottom,4,0,17,5,1,5,0,25
2024,SFN202404190,20240419,top,4,0,15,5,1,3,0,11
2024,SFN202404190,20240419,bottom,3,0,12,4,1,4,0,14
2024,SLN202404190,20240419,top,3,0,6,4,1,3,0,8
2024,SLN202404190,20240419,bottom,3,0,9,4,1,5,0,23
2024,WAS202404190,20240419,top,3,0,16,4,1,8,3,37
2024,WAS202404190,20240419,bottom,3,0,11,4,1,3,0,9
2024,ATL202404200,20240420,top,3,0,9,4,1,6,2,27
2024,ATL202404200,20240420,bottom,6,0,26,7,1,8,3,26
2024,CIN202404200,20240420,top,6,2,20,7,1,3,0,7
2024,CIN202404200,20240420,bottom,8,5,25,9,1,3,0,15
2024,CLE202404200,20240420,top,5,0,23,6,1,4,0,18
2024,CLE202404200,20240420,bottom,5,2,28,6,1,4,0,14
2024,COL202404200,20240420,top,4,0,23,5,1,6,1,23
2024,COL202404200,20240420,bottom,3,0,15,4,1,3,0,8
2024,KCA202404200,20240420,top,4,0,13,5,1,12,7,58
2024,KCA202404200,20240420,bottom,4,0,14,5,1,3,0,13
2024,LAN202404200,20240420,top,7,1,33,8,1,4,0,11
2024,LAN202404200,20240420,bottom,7,1,32,8,1,6,0,29
2024,MIN202404200,20240420,top,3,0,14,4,1,3,0,9
2024,MIN202404200,20240420,bottom,4,0,25,5,1,4,1,19
2024,NYA202404200,20240420,top,3,0,9,4,1,3,0,11
2024,NYA202404200,20240420,bottom,5,0,20,6,1,3,0,12
2024,PHI202404200,20240420,top,4,0,20,5,1,3,0,12
2024,PHI202404200,20240420,bottom,3,0,14,4,1,8,3,37
2024,PIT202404200,20240420,top,7,2,22,8,1,3,0,8
2024,PIT202404200,20240420,bottom,4,0,17,5,1,3,0,9
2024,SDN202404200,20240420,top,6,3,22,7,1,5,1,20
2024,SDN202404200,20240420,bottom,5,0,19,6,1,3,0,13
2024,SFN202404200,20240420,top,5,1,19,6,1,3,0,10
2024,SFN202404200,20240420,bottom,7,2,21,8,1,3,0,17
2024,SLN202404200,20240420,top,5,2,18,6,1,6,0,16
2024,SLN202404200,20240420,bottom,6,1,29,7,1,8,3,39
2024,WAS202404200,20240420,top,4,1,14,5,1,3,0,15
2024,WAS202404200,20240420,bottom,4,1,11,5,1,6,0,23
2024,CHN202404201,20240420,top,5,0,21,6,1,3,0,13
2024,CHN202404201,20240420,bottom,3,0,12,4,1,4,0,21
2024,CHN202404202,20240420,top,3,0,12,4,1,4,0,16
2024,CHN202404202,20240420,bottom,5,1,22,6,1,3,0,14
2024,ATL202404210,20240421,top,3,0,18,4,1,4,0,10
2024,ATL202404210,20240421,bottom,6,3,21,7,1,4,0,14
2024,CHN202404210,20240421,top,3,0,16,4,1,4,1,16
2024,CHN202404210,20240421,bottom,5,0,18,6,1,7,1,32
2024,CIN202404210,20240421,top,5,0,27,6,0,5,0,20
2024,CIN202404210,20240421,bottom,3,0,15,4,1,3,0,8
2024,CLE202404210,20240421,top,3,0,10,4,1,5,0,26
2024,CLE202404210,20240421,bottom,3,0,13,4,1,4,1,14
2024,KCA202404210,20240421,top,3,0,10,4,1,3,0,20
2024,KCA202404210,20240421,bottom,5,0,20,6,1,3,0,11
2024,LAN202404210,20240421,top,3,0,8,4,1,3,0,13
2024,LAN202404210,20240421,bottom,4,0,12,5,1,4,0,17
2024,MIN202404210,20240421,top,7,2,39,8,1,4,0,19
2024,MIN202404210,20240421,bottom,6,0,23,7,1,3,0,11
2024,NYA202404210,20240421,top,4,0,24,5,1,4,0,14
2024,NYA202404210,20240421,bottom,6,1,30,7,1,5,0,16
2024,PHI202404210,20240421,top,5,2,12,6,1,4,0,19
2024,PHI202404210,20240421,bottom,7,3,31,8,1,4,0,15
2024,PIT202404210,20240421,top,5,0,27,6,1,3,0,9
2024,PIT202404210,20240421,bottom,4,1,10,5,1,3,0,13
2024,SDN202404210,20240421,top,3,0,7,4,1,4,1,18
2024,SDN202404210,20240421,bottom,5,1,23,6,1,3,0,17
2024,SFN202404210,20240421,top,3,0,13,4,1,6,1,30
2024,SFN202404210,20240421,bottom,3,0,11,4,1,3,0,6
2024,SLN202404210,20240421,top,4,0,11,5,1,4,0,15
2024,SLN202404210,20240421,bottom,6,0,22,7,1,5,0,22
2024,WAS202404210,20240421,top,3,0,13,4,1,4,0,11
2024,WAS202404210,20240421,bottom,7,3,34,8,1,3,0,13
2024,COL202404211,20240421,top,5,0,18,6,1,5,0,17
2024,COL202404211,20240421,bottom,4,0,17,5,1,4,0,11
2024,COL202404212,20240421,top,3,0,15,4,1,10,6,34
2024,COL202404212,20240421,bottom,6,2,18,7,1,3,0,5
2024,ANA202404220,20240422,top,4,0,18,5,1,4,1,15
2024,ANA202404220,20240422,bottom,4,0,20,5,1,4,0,11
2024,ATL202404220,20240422,top,5,0,10,6,1,3,0,10
2024,ATL202404220,20240422,bottom,5,0,21,6,1,3,0,12
2024,CIN202404220,20240422,top,3,0,12,4,1,5,1,13
2024,CIN202404220,20240422,bottom,3,0,7,4,1,3,0,14
2024,COL202404220,20240422,top,4,0,24,5,1,4,0,15
2024,COL202404220,20240422,bottom,3,0,7,4,1,3,0,14
2024,KCA202404220,20240422,top,4,0,17,5,1,3,0,14
2024,KCA202404220,20240422,bottom,3,0,12,4,1,4,0,11
2024,MIN202404220,20240422,top,3,0,13,4,1,3,0,10
2024,MIN202404220,20240422,bottom,6,2,22,7,1,3,0,13
2024,NYA202404220,20240422,top,3,0,9,4,1,3,0,13
2024,NYA202404220,20240422,bottom,3,0,8,4,1,4,0,16
2024,PIT202404220,20240422,top,3,0,15,4,1,3,0,9
2024,PIT202404220,20240422,bottom,4,1,13,5,1,4,0,16
2024,SFN202404220,20240422,top,3,0,9,4,1,3,0,15
2024,SFN202404220,20240422,bottom,3,0,12,4,1,7,2,32
2024,SLN202404220,20240422,top,4,0,12,5,1,8,2,32
2024,SLN202404220,20240422,bottom,3,0,7,4,1,3,0,13
2024,TBA202404220,20240422,top,4,1,9,5,1,6,2,17
2024,TBA202404220,20240422,bottom,3,0,14,4,1,4,0,19
2024,ANA202404230,20240423,top,4,0,16,5,1,3,0,9
2024,ANA202404230,20240423,bottom,5,1,20,6,1,6,2,19
2024,ATL202404230,20240423,top,3,0,11,4,1,3,0,11
2024,ATL202404230,20240423,bottom,4,0,14,5,1,6,2,25
2024,CHN202404230,20240423,top,4,0,14,5,1,3,0,14
2024,CHN202404230,20240423,bottom,8,5,28,9,1,5,0,27
2024,CIN202404230,20240423,top,5,1,13,6,1,3,0,12
2024,CIN202404230,20240423,bottom,6,1,29,7,1,4,0,13
2024,CLE202404230,20240423,top,4,0,21,5,1,3,0,9
2024,CLE202404230,20240423,bottom,3,0,16,4,1,4,0,16
2024,COL202404230,20240423,top,6,2,22,7,1,5,0,24
2024,COL202404230,20240423,bottom,3,0,9,4,1,6,1,18
2024,KCA202404230,20240423,top,4,0,18,5,1,5,0,23
2024,KCA202404230,20240423,bottom,4,0,16,5,1,3,0,13
2024,MIN202404230,20240423,top,4,0,18,5,1,3,0,10
2024,MIN202404230,20240423,bottom,6,1,22,7,1,3,0,14
2024,NYA202404230,20240423,top,5,1,23,6,1,6,1,25
2024,NYA202404230,20240423,bottom,7,4,29,8,1,4,0,19
2024,PIT202404230,20240423,top,4,0,20,5,1,3,0,8
2024,PIT202404230,20240423,bottom,4,1,11,5,1,5,0,19
2024,SFN202404230,20240423,top,3,0,8,4,1,3,0,7
2024,SFN202404230,20240423,bottom,3,0,12,4,1,3,0,18
2024,SLN202404230,20240423,top,3,0,16,4,1,4,0,22
2024,SLN202404230,20240423,bottom,4,1,17,5,1,3,0,11
2024,TBA202404230,20240423,top,4,0,16,5,1,3,0,11
2024,TBA202404230,20240423,bottom,4,0,8,5,1,4,0,17
2024,TEX202404230,20240423,top,5,2,17,6,1,3,0,15
2024,TEX202404230,20240423,bottom,5,0,22,6,1,4,0,17
2024,WAS202404230,20240423,top,5,0,22,6,1,3,0,9
2024,WAS202404230,20240423,bottom,5,0,27,6,1,6,1,25
2024,ANA202404240,20240424,top,5,0,19,6,1,4,0,18
2024,ANA202404240,20240424,bottom,3,0,14,4,1,3,0,11
2024,ATL202404240,20240424,top,3,0,13,4,1,4,1,14
2024,ATL202404240,20240424,bottom,7,2,29,8,1,3,0,11
2024,CHN202404240,20240424,top,3,0,9,4,1,3,0,13
2024,CHN202404240,20240424,bottom,7,4,34,8,1,4,0,11
2024,CIN202404240,20240424,top,4,1,10,5,1,5,0,27
2024,CIN202404240,20240424,bottom,4,0,21,5,1,4,0,18
2024,CLE202404240,20240424,top,5,1,14,6,1,5,1,20
2024,CLE202404240,20240424,bottom,4,0,19,5,1,4,0,13
2024,COL202404240,20240424,top,8,4,36,9,1,4,0,12
2024,COL202404240,20240424,bottom,3,0,15,4,1,3,0,9
2024,KCA202404240,20240424,top,3,0,12,4,1,4,0,20
2024,KCA202404240,20240424,bottom,6,1,21,7,1,5,1,17
2024,MIN202404240,20240424,top,3,0,13,4,1,3,0,15
2024,MIN202404240,20240424,bottom,4,0,19,5,1,8,4,33
2024,NYA202404240,20240424,top,5,0,27,6,1,3,0,13
2024,NYA202404240,20240424,bottom,5,2,25,6,1,6,0,30
2024,PIT202404240,20240424,top,3,0,9,4,1,3,0,14
2024,PIT202404240,20240424,bottom,4,0,17,5,1,4,0,17
2024,SFN202404240,20240424,top,5,0,22,6,0,3,0,7
2024,SFN202404240,20240424,bottom,3,0,17,4,1,6,0,26
2024,SLN202404240,20240424,top,5,1,16,6,1,4,0,13
2024,SLN202404240,20240424,bottom,3,0,11,4,1,4,0,14
2024,TBA202404240,20240424,top,5,1,23,6,0,3,0,11
2024,TBA202404240,20240424,bottom,4,1,20,5,1,7,3,30
2024,TEX202404240,20240424,top,6,1,31,7,1,4,0,16
2024,TEX202404240,20240424,bottom,5,0,28,6,1,3,0,18
2024,WAS202404240,20240424,top,6,1,25,7,1,5,2,20
2024,WAS202404240,20240424,bottom,5,0,15,6,1,8,2,34
2024,CHN202404250,20240425,top,5,1,22,6,1,3,0,11
2024,CHN202404250,20240425,bottom,6,0,29,7,1,3,0,15
2024,CIN202404250,20240425,top,3,0,15,4,1,3,0,11
2024,CIN202404250,20240425,bottom,3,0,13,4,1,3,0,6
2024,CLE202404250,20240425,top,4,0,14,5,1,6,0,24
2024,CLE202404250,20240425,bottom,5,0,17,6,1,8,5,37
2024,COL202404250,20240425,top,5,0,22,6,1,5,1,17
2024,COL202404250,20240425,bottom,5,1,28,6,1,4,0,16
2024,KCA202404250,20240425,top,3,0,15,4,1,5,0,14
2024,KCA202404250,20240425,bottom,5,2,13,6,1,4,0,9
2024,MIN202404250,20240425,top,3,0,13,4,1,6,1,25
2024,MIN202404250,20240425,bottom,5,0,17,6,1,3,0,14
2024,NYA202404250,20240425,top,3,0,8,4,1,3,0,8
2024,NYA202404250,20240425,bottom,5,0,15,6,1,4,1,16
2024,PIT202404250,20240425,top,4,1,14,5,1,5,0,23
2024,PIT202404250,20240425,bottom,6,3,21,7,1,5,0,20
2024,TEX202404250,20240425,top,5,2,14,6,1,3,0,10
2024,TEX202404250,20240425,bottom,4,1,18,5,1,5,0,27
2024,WAS202404250,20240425,top,3,0,10,4,1,6,1,26
2024,WAS202404250,20240425,bottom,3,0,15,4,1,4,0,19
2024,ANA202404260,20240426,top,3,0,14,4,1,4,1,17
2024,ANA202404260,20240426,bottom,3,0,8,4,1,3,0,10
2024,ATL202404260,20240426,top,5,1,19,6,1,5,0,23
2024,ATL202404260,20240426,bottom,4,0,18,5,1,3,0,13
2024,BAL202404260,20240426,top,6,1,21,7,1,3,0,14
2024,BAL202404260,20240426,bottom,4,0,20,5,1,3,0,11
2024,BOS202404260,20240426,top,4,0,13,5,1,6,2,20
2024,BOS202404260,20240426,bottom,3,0,11,4,1,3,0,10
2024,CHA202404260,20240426,top,4,0,10,5,1,3,0,15
2024,CHA202404260,20240426,bottom,5,0,17,6,1,4,0,11
2024,DET202404260,20240426,top,3,0,11,4,1,3,0,7
2024,DET202404260,20240426,bottom,3,0,14,4,1,3,0,12
2024,MIA202404260,20240426,top,3,0,13,4,1,4,0,14
2024,MIA202404260,20240426,bottom,4,0,15,5,1,3,0,13
2024,MIL202404260,20240426,top,4,1,13,5,1,4,1,13
2024,MIL202404260,20240426,bottom,5,0,22,6,1,5,2,15
2024,NYN202404260,20240426,top,3,0,11,4,1,7,3,26
2024,NYN202404260,20240426,bottom,4,0,17,5,1,4,0,10
2024,SDN202404260,20240426,top,7,2,26,8,1,4,0,24
2024,SDN202404260,20240426,bottom,3,0,7,4,1,5,0,15
2024,SEA202404260,20240426,top,3,0,12,4,1,3,0,11
2024,SEA202404260,20240426,bottom,4,1,15,5,1,4,1,14
2024,SFN202404260,20240426,top,5,0,19,6,1,4,0,16
2024,SFN202404260,20240426,bottom,3,0,14,4,1,5,0,17
2024,TEX202404260,20240426,top,6,1,26,7,1,3,0,10
2024,TEX202404260,20240426,bottom,4,0,13,5,1,4,1,13
2024,TOR202404260,20240426,top,4,1,15,5,1,5,0,21
2024,TOR202404260,20240426,bottom,3,0,11,4,1,4,0,23
2024,ANA202404270,20240427,top,6,1,27,7,1,7,3,26
2024,ANA202404270,20240427,bottom,3,0,11,4,1,7,2,30
2024,ATL202404270,20240427,top,5,0,19,6,1,3,0,15
2024,ATL202404270,20240427,bottom,3,0,16,4,1,4,0,13
2024,BAL202404270,20240427,top,3,0,11,4,1,3,0,9
2024,BAL202404270,20240427,bottom,3,0,10,4,1,3,0,8
2024,BOS202404270,20240427,top,5,0,24,6,1,5,0,18
2024,BOS202404270,20240427,bottom,5,2,21,6,1,5,0,17
2024,CHA202404270,20240427,top,4,0,12,5,1,7,1,27
2024,CHA202404270,20240427,bottom,3,0,12,4,1,4,0,17
2024,COL202404270,20240427,top,3,0,10,4,1,5,1,25
2024,COL202404270,20240427,bottom,5,2,15,6,1,5,0,21
2024,DET202404270,20240427,top,6,2,23,7,1,5,1,23
2024,DET202404270,20240427,bottom,5,0,28,6,1,5,1,17
2024,MIA202404270,20240427,top,3,0,14,4,1,4,0,18
2024,MIA202404270,20240427,bottom,7,1,28,8,1,4,0,17
2024,MIL202404270,20240427,top,7,3,24,8,1,4,0,14
2024,MIL202404270,20240427,bottom,4,1,23,5,1,3,0,13
2024,NYN202404270,20240427,top,9,4,32,1,1,3,0,12
2024,NYN202404270,20240427,bottom,4,0,13,5,1,4,0,7
2024,SDN202404270,20240427,top,5,2,17,6,1,4,0,13
2024,SDN202404270,20240427,bottom,4,0,16,5,1,3,0,12
2024,SEA202404270,20240427,top,3,0,12,4,1,4,0,24
2024,SEA202404270,20240427,bottom,3,0,11,4,1,3,0,10
2024,SFN202404270,20240427,top,3,0,15,4,1,3,0,8
2024,SFN202404270,20240427,bottom,3,0,8,4,1,3,0,10
2024,TEX202404270,20240427,top,3,0,10,4,1,6,2,23
2024,TEX202404270,20240427,bottom,3,0,11,4,1,3,0,19
2024,TOR202404270,20240427,top,5,1,19,6,1,7,2,24
2024,TOR202404270,20240427,bottom,3,0,14,4,1,5,0,23
2024,ANA202404280,20240428,top,3,0,15,4,1,3,0,9
2024,ANA202404280,20240428,bottom,3,0,12,4,1,3,0,15
2024,ATL202404280,20240428,top,4,0,21,5,1,3,0,6
2024,ATL202404280,20240428,bottom,5,0,26,6,1,3,0,18
2024,BAL202404280,20240428,top,3,0,13,4,1,5,1,20
2024,BAL202404280,20240428,bottom,3,0,14,4,1,6,2,32
2024,BOS202404280,20240428,top,3,0,15,4,1,3,0,11
2024,BOS202404280,20240428,bottom,6,1,24,7,1,4,0,11
2024,CHA202404280,20240428,top,5,0,19,6,1,3,0,6
2024,CHA202404280,20240428,bottom,4,0,13,5,1,3,0,7
2024,COL202404280,20240428,top,5,2,18,6,1,3,0,6
2024,COL202404280,20240428,bottom,3,0,11,4,1,6,2,21
2024,DET202404280,20240428,top,5,1,16,6,1,3,0,12
2024,DET202404280,20240428,bottom,6,2,14,7,1,5,1,21
2024,MIA202404280,20240428,top,3,0,9,4,1,6,0,29
2024,MIA202404280,20240428,bottom,10,6,41,2,1,6,1,25
2024,MIL202404280,20240428,top,4,1,16,5,1,4,0,13
2024,MIL202404280,20240428,bottom,4,0,16,5,1,5,0,19
2024,NYN202404280,20240428,top,5,0,26,6,1,4,0,13
2024,NYN202404280,20240428,bottom,3,0,11,4,1,4,0,19
2024,SDN202404280,20240428,top,5,0,20,6,1,5,2,24
2024,SDN202404280,20240428,bottom,4,0,11,5,1,3,0,7
2024,SEA202404280,20240428,top,3,0,9,4,1,4,1,19
2024,SEA202404280,20240428,bottom,4,1,16,5,1,4,0,16
2024,SFN202404280,20240428,top,4,0,15,5,1,3,0,13
2024,SFN202404280,20240428,bottom,3,0,10,4,1,3,0,12
2024,TEX202404280,20240428,top,3,0,9,4,1,3,0,12
2024,TEX202404280,20240428,bottom,7,4,25,8,1,3,0,8
2024,TOR202404280,20240428,top,3,0,11,4,1,3,0,15
2024,TOR202404280,20240428,bottom,3,0,16,4,1,7,3,18
2024,ANA202404290,20240429,top,6,3,23,7,1,4,0,19
2024,ANA202404290,20240429,bottom,4,1,16,5,1,5,1,16
2024,ARI202404290,20240429,top,4,0,19,5,1,7,2,25
2024,ARI202404290,20240429,bottom,5,1,19,6,1,6,0,22
2024,BAL202404290,20240429,top,4,0,15,5,1,4,0,16
2024,BAL202404290,20240429,bottom,5,1,22,6,1,3,0,14
2024,CHA202404290,20240429,top,3,0,15,4,1,6,2,25
2024,CHA202404290,20240429,bottom,5,2,18,6,1,3,0,16
2024,MIA202404290,20240429,top,3,0,19,4,1,3,0,5
2024,MIA202404290,20240429,bottom,4,0,14,5,1,3,0,8
2024,MIL202404290,20240429,top,5,1,23,6,1,3,0,13
2024,MIL202404290,20240429,bottom,4,0,13,5,1,3,0,12
2024,NYN202404290,20240429,top,3,0,16,4,1,3,0,12
2024,NYN202404290,20240429,bottom,5,1,11,6,1,3,0,9
2024,OAK202404290,20240429,top,6,1,26,7,1,3,0,15
2024,OAK202404290,20240429,bottom,4,1,14,5,1,4,0,9
2024,SDN202404290,20240429,top,4,1,19,5,1,5,2,16
2024,SDN202404290,20240429,bottom,4,1,17,5,1,5,0,26
2024,SEA202404290,20240429,top,3,0,14,4,1,3,0,11
2024,SEA202404290,20240429,bottom,3,0,17,4,1,4,0,17
2024,TOR202404290,20240429,top,6,2,21,7,1,5,0,22
2024,TOR202404290,20240429,bottom,7,2,29,8,1,4,0,16
2024,ANA202404300,20240430,top,5,0,26,6,1,6,3,17
2024,ANA202404300,20240430,bottom,3,0,15,4,1,5,0,26
2024,ARI202404300,20240430,top,4,0,17,5,0,3,0,16
2024,ARI202404300,20240430,bottom,3,0,7,4,1,5,0,13
2024,BAL202404300,20240430,top,3,0,9,4,1,3,0,10
2024,BAL202404300,20240430,bottom,3,0,12,4,1,5,1,12
2024,BOS202404300,20240430,top,3,0,17,4,1,3,0,15
2024,BOS202404300,20240430,bottom,6,1,23,7,1,6,1,32
2024,CHA202404300,20240430,top,3,0,8,4,1,3,0,14
2024,CHA202404300,20240430,bottom,3,0,9,4,1,5,0,25
2024,HOU202404300,20240430,top,6,3,26,7,1,3,0,8
2024,HOU202404300,20240430,bottom,3,0,14,4,1,3,0,11
2024,MIA202404300,20240430,top,9,5,25,1,1,4,0,21
2024,MIA202404300,20240430,bottom,3,0,8,4,1,3,0,5
2024,MIL202404300,20240430,top,3,0,9,4,1,3,0,12
2024,MIL202404300,20240430,bottom,5,1,23,6,1,6,2,26
2024,NYN202404300,20240430,top,3,0,13,4,1,6,1,28
2024,NYN202404300,20240430,bottom,6,1,25,7,1,4,0,21
2024,OAK202404300,20240430,top,5,1,26,6,1,5,0,22
2024,OAK202404300,20240430,bottom,5,0,18,6,1,7,2,28
2024,SDN202404300,20240430,top,3,0,10,4,1,3,0,11
2024,SDN202404300,20240430,bottom,6,0,18,7,1,3,0,10
2024,SEA202404300,20240430,top,4,0,18,5,1,4,0,19
2024,SEA202404300,20240430,bottom,4,0,18,5,1,4,0,12
2024,TEX202404300,20240430,top,5,1,16,6,1,3,0,11
2024,TEX202404300,20240430,bottom,3,0,11,4,1,5,0,19
2024,TOR202404300,20240430,top,3,0,6,4,1,5,2,17
2024,TOR202404300,20240430,bottom,3,0,7,4,1,3,0,13
2024,DET202404301,20240430,top,3,0,12,4,1,3,0,14
2024,DET202404301,20240430,bottom,3,0,8,4,1,3,0,5
2024,DET202404302,20240430,top,3,0,12,4,1,5,0,21
2024,DET202404302,20240430,bottom,6,2,24,7,1,4,1,18
2024,ANA202405010,20240501,top,4,0,20,5,1,7,2,43
2024,ANA202405010,20240501,bottom,5,0,27,6,1,5,1,22
2024,ARI202405010,20240501,top,3,0,12,4,1,8,5,31
2024,ARI202405010,20240501,bottom,4,0,20,5,1,4,0,10
2024,BAL202405010,20240501,top,4,0,20,5,1,3,0,13
2024,BAL202405010,20240501,bottom,3,0,13,4,1,3,0,15
2024,BOS202405010,20240501,top,4,0,19,5,1,3,0,7
2024,BOS202405010,20240501,bottom,4,0,18,5,0,4,0,20
2024,CHA202405010,20240501,top,4,0,19,5,1,3,0,17
2024,CHA202405010,20240501,bottom,5,2,17,6,1,3,0,15
2024,DET202405010,20240501,top,3,0,10,4,1,3,0,12
2024,DET202405010,20240501,bottom,4,0,17,5,1,6,1,26
2024,HOU202405010,20240501,top,4,0,14,5,1,3,0,14
2024,HOU202405010,20240501,bottom,3,0,16,4,1,3,0,12
2024,MIA202405010,20240501,top,5,0,15,6,1,3,0,9
2024,MIA202405010,20240501,bottom,3,0,13,4,1,5,0,18
2024,MIL202405010,20240501,top,4,0,21,5,1,5,0,18
2024,MIL202405010,20240501,bottom,3,0,10,4,1,3,0,14
2024,NYN202405010,20240501,top,5,0,21,6,1,4,0,19
2024,NYN202405010,20240501,bottom,3,0,12,4,1,4,0,18
2024,OAK202405010,20240501,top,3,0,10,4,1,5,0,24
2024,OAK202405010,20240501,bottom,3,0,9,4,1,5,1,20
2024,SDN202405010,20240501,top,4,1,19,5,1,3,0,8
2024,SDN202405010,20240501,bottom,5,0,22,6,1,4,0,13
2024,SEA202405010,20240501,top,5,0,26,6,1,3,0,7
2024,SEA202405010,20240501,bottom,3,0,12,4,1,3,0,14
2024,TEX202405010,20240501,top,3,0,11,4,1,4,1,14
2024,TEX202405010,20240501,bottom,3,0,12,4,1,6,0,19
2024,TOR202405010,20240501,top,4,0,21,5,1,3,0,9
2024,TOR202405010,20240501,bottom,4,0,15,5,1,3,0,14
2024,BAL202405020,20240502,top,6,0,23,7,1,3,0,13
2024,BAL202405020,20240502,bottom,3,0,12,4,1,6,0,22
2024,BOS202405020,20240502,top,4,0,9,5,1,3,0,16
2024,BOS202405020,20240502,bottom,6,0,21,7,1,4,0,17
2024,HOU202405020,20240502,top,3,0,14,4,1,4,0,19
2024,HOU202405020,20240502,bottom,3,0,10,4,1,3,0,10
2024,MIA202405020,20240502,top,3,0,15,4,1,6,3,31
2024,MIA202405020,20240502,bottom,6,2,19,7,1,5,0,24
2024,NYN202405020,20240502,top,3,0,15,4,1,6,1,20
2024,NYN202405020,20240502,bottom,3,0,14,4,1,4,0,15
2024,TEX202405020,20240502,top,4,0,15,5,1,3,0,15
2024,TEX202405020,20240502,bottom,3,0,12,4,1,8,3,24
2024,ARI202405030,20240503,top,3,0,12,4,1,3,0,17
2024,ARI202405030,20240503,bottom,4,0,22,5,1,3,0,20
2024,CHN202405030,20240503,top,4,0,15,5,1,5,0,14
2024,CHN202405030,20240503,bottom,4,0,10,5,1,4,0,15
2024,CIN202405030,20240503,top,5,0,27,6,1,4,0,21
2024,CIN202405030,20240503,bottom,4,0,18,5,1,3,0,6
2024,CLE202405030,20240503,top,3,0,22,4,1,4,0,22
2024,CLE202405030,20240503,bottom,4,0,17,5,1,4,0,9
2024,HOU202405030,20240503,top,5,0,17,6,1,4,0,21
2024,HOU202405030,20240503,bottom,3,0,13,4,1,3,0,16
2024,KCA202405030,20240503,top,3,0,14,4,1,4,0,26
2024,KCA202405030,20240503,bottom,3,0,6,4,1,3,0,11
2024,LAN202405030,20240503,top,4,1,8,5,1,5,0,28
2024,LAN202405030,20240503,bottom,4,0,16,5,1,5,0,20
2024,MIN202405030,20240503,top,5,0,17,6,1,3,0,11
2024,MIN202405030,20240503,bottom,4,0,19,5,1,3,0,10
2024,NYA202405030,20240503,top,4,0,14,5,1,4,0,15
2024,NYA202405030,20240503,bottom,4,0,19,5,1,4,0,19
2024,OAK202405030,20240503,top,3,0,14,4,1,4,0,25
2024,OAK202405030,20240503,bottom,4,0,28,5,1,3,0,14
2024,PHI202405030,20240503,top,4,0,9,5,1,8,2,46
2024,PHI202405030,20240503,bottom,5,0,23,6,1,4,0,18
2024,PIT202405030,20240503,top,5,0,18,6,1,3,0,10
2024,PIT202405030,20240503,bottom,3,0,6,4,1,5,0,21
2024,SLN202405030,20240503,top,3,0,7,4,1,4,0,16
2024,SLN202405030,20240503,bottom,6,2,21,7,1,4,0,16
2024,TBA202405030,20240503,top,3,0,13,4,1,6,3,19
2024,TBA202405030,20240503,bottom,4,0,14,5,1,7,3,29
2024,WAS202405030,20240503,top,4,0,14,5,1,7,3,20
2024,WAS202405030,20240503,bottom,4,0,14,5,1,5,0,23
2024,ARI202405040,20240504,top,6,1,20,7,1,3,0,15
2024,ARI202405040,20240504,bottom,3,0,11,4,1,4,0,19
2024,CHN202405040,20240504,top,3,0,7,4,1,5,0,23
2024,CHN202405040,20240504,bottom,8,2,37,9,1,3,0,12
2024,CIN202405040,20240504,top,5,0,18,6,1,3,0,16
2024,CIN202405040,20240504,bottom,3,0,14,4,1,4,0,14
2024,CLE202405040,20240504,top,3,0,15,4,1,4,0,10
2024,CLE202405040,20240504,bottom,5,0,15,6,1,5,2,12
2024,HOU202405040,20240504,top,4,0,16,5,1,4,1,13
2024,HOU202405040,20240504,bottom,5,0,12,6,1,3,0,11
2024,KCA202405040,20240504,top,5,1,15,6,1,4,0,21
2024,KCA202405040,20240504,bottom,3,0,8,4,1,3,0,11
2024,LAN202405040,20240504,top,3,0,9,4,1,3,0,12
2024,LAN202405040,20240504,bottom,3,0,10,4,1,7,2,23
2024,MIN202405040,20240504,top,6,1,25,7,1,3,0,16
2024,MIN202405040,20240504,bottom,5,1,12,6,0,3,0,16
2024,NYA202405040,20240504,top,5,1,20,6,1,3,0,14
2024,NYA202405040,20240504,bottom,6,1,23,7,1,3,0,11
2024,OAK202405040,20240504,top,3,0,14,4,1,3,0,13
2024,OAK202405040,20240504,bottom,4,0,13,5,1,7,2,32
2024,PHI202405040,20240504,top,4,0,16,5,1,3,0,13
2024,PHI202405040,20240504,bottom,10,5,49,2,0,8,4,31
2024,PIT202405040,20240504,top,3,0,15,4,1,3,0,17
2024,PIT202405040,20240504,bottom,3,0,10,4,1,5,0,23
2024,SLN202405040,20240504,top,6,2,29,7,1,4,0,14
2024,SLN202405040,20240504,bottom,5,0,17,6,1,4,0,11
2024,TBA202405040,20240504,top,5,1,18,6,1,3,0,14
2024,TBA202405040,20240504,bottom,5,1,19,6,1,3,0,8
2024,WAS202405040,20240504,top,9,4,35,1,1,4,0,15
2024,WAS202405040,20240504,bottom,5,0,25,6,1,4,0,19
2024,ARI202405050,20240505,top,3,0,18,4,1,7,3,24
2024,ARI202405050,20240505,bottom,8,4,24,9,1,6,2,25
2024,CHN202405050,20240505,top,4,0,23,5,1,3,0,8
2024,CHN202405050,20240505,bottom,5,0,24,6,1,4,0,13
2024,CIN202405050,20240505,top,6,3,21,7,1,3,0,15
2024,CIN202405050,20240505,bottom,3,0,15,4,1,3,0,10
2024,CLE202405050,20240505,top,3,0,9,4,1,5,1,17
2024,CLE202405050,20240505,bottom,4,0,9,5,1,3,0,7
2024,HOU202405050,20240505,top,5,0,21,6,1,7,2,36
2024,HOU202405050,20240505,bottom,4,0,13,5,1,3,0,13
2024,KCA202405050,20240505,top,6,0,34,7,1,3,0,12
2024,KCA202405050,20240505,bottom,4,1,15,5,1,4,0,15
2024,LAN202405050,20240505,top,4,0,20,5,1,3,0,11
2024,LAN202405050,20240505,bottom,5,2,20,6,1,3,0,10
2024,MIN202405050,20240505,top,3,0,8,4,1,3,0,18
2024,MIN202405050,20240505,bottom,3,0,13,4,1,6,0,22
2024,NYA202405050,20240505,top,3,0,18,4,1,4,0,20
2024,NYA202405050,20240505,bottom,4,1,12,5,1,6,1,26
2024,OAK202405050,20240505,top,7,4,35,8,0,6,1,21
2024,OAK202405050,20240505,bottom,5,0,20,6,1,4,0,16
2024,PHI202405050,20240505,top,5,1,11,6,1,3,0,18
2024,PHI202405050,20240505,bottom,3,0,15,4,1,6,1,28
2024,PIT202405050,20240505,top,3,0,11,4,1,6,3,25
2024,PIT202405050,20240505,bottom,3,0,9,4,1,4,0,15
2024,SLN202405050,20240505,top,4,0,14,5,1,4,1,10
2024,SLN202405050,20240505,bottom,3,0,10,4,1,3,0,15
2024,TBA202405050,20240505,top,5,2,19,6,1,3,0,14
2024,TBA202405050,20240505,bottom,5,0,20,6,1,8,3,26
2024,WAS202405050,20240505,top,4,0,15,5,1,9,5,44
2024,WAS202405050,20240505,bottom,7,1,29,8,1,3,0,15
2024,CHN202405060,20240506,top,4,0,16,5,1,4,0,22
2024,CHN202405060,20240506,bottom,4,0,15,5,1,4,0,14
2024,CLE202405060,20240506,top,4,1,19,5,1,5,0,16
2024,CLE202405060,20240506,bottom,5,1,20,6,1,4,0,16
2024,KCA202405060,20240506,top,4,0,15,5,1,4,0,13
2024,KCA202405060,20240506,bottom,5,0,23,6,1,4,0,14
2024,LAN202405060,20240506,top,6,2,25,7,1,5,1,24
2024,LAN202405060,20240506,bottom,7,3,30,8,1,5,2,24
2024,MIN202405060,20240506,top,3,0,16,4,1,3,0,10
2024,MIN202405060,20240506,bottom,3,0,11,4,1,3,0,17
2024,OAK202405060,20240506,top,4,0,23,5,1,3,0,13
2024,OAK202405060,20240506,bottom,3,0,14,4,1,5,1,16
2024,PHI202405060,20240506,top,4,0,13,5,1,3,0,10
2024,PHI202405060,20240506,bottom,3,0,12,4,1,4,0,18
2024,PIT202405060,20240506,top,3,0,14,4,1,3,0,7
2024,PIT202405060,20240506,bottom,4,0,16,5,1,5,0,22
2024,SLN202405060,20240506,top,6,1,24,7,1,4,0,16
2024,SLN202405060,20240506,bottom,4,0,16,5,1,4,0,13
2024,TBA202405060,20240506,top,4,0,21,5,1,4,0,12
2024,TBA202405060,20240506,bottom,5,0,24,6,1,8,3,22
2024,ATL202405070,20240507,top,5,0,22,6,1,5,0,15
2024,ATL202405070,20240507,bottom,3,0,10,4,1,3,0,10
2024,CHN202405070,20240507,top,4,0,13,5,1,4,0,14
2024,CHN202405070,20240507,bottom,4,0,24,5,1,4,0,16
2024,CIN202405070,20240507,top,3,0,14,4,1,3,0,13
2024,CIN202405070,20240507,bottom,4,0,13,5,1,4,0,15
2024,CLE202405070,20240507,top,4,1,13,5,1,8,4,34
2024,CLE202405070,20240507,bottom,6,2,25,7,1,8,5,34
2024,COL202405070,20240507,top,4,0,18,5,1,5,0,25
2024,COL202405070,20240507,bottom,4,0,14,5,1,5,0,17
2024,KCA202405070,20240507,top,5,0,15,6,1,5,2,13
2024,KCA202405070,20240507,bottom,5,0,19,6,1,3,0,13
2024,LAN202405070,20240507,top,5,1,12,6,1,3,0,9
2024,LAN202405070,20240507,bottom,7,4,32,8,1,5,0,26
2024,MIN202405070,20240507,top,3,0,8,4,1,6,2,24
2024,MIN202405070,20240507,bottom,3,0,13,4,1,3,0,12
2024,NYA202405070,20240507,top,4,1,18,5,1,4,0,15
2024,NYA202405070,20240507,bottom,7,3,26,8,1,3,0,10
2024,OAK202405070,20240507,top,6,1,20,7,1,16,10,56
2024,OAK202405070,20240507,bottom,5,0,23,6,1,8,2,39
2024,PHI202405070,20240507,top,4,0,14,5,1,3,0,11
2024,PHI202405070,20240507,bottom,4,1,23,5,1,5,2,19
2024,PIT202405070,20240507,top,3,0,11,4,1,4,0,14
2024,PIT202405070,20240507,bottom,4,0,19,5,1,3,0,9
2024,SLN202405070,20240507,top,4,0,16,5,1,5,0,17
2024,SLN202405070,20240507,bottom,7,3,28,8,1,5,0,22
2024,TBA202405070,20240507,top,3,0,10,4,1,5,0,17
2024,TBA202405070,20240507,bottom,3,0,21,4,1,6,2,27
2024,WAS202405070,20240507,top,4,0,12,5,1,4,0,15
2024,WAS202405070,20240507,bottom,4,0,17,5,1,5,1,24
2024,ATL202405080,20240508,top,5,0,19,6,1,4,0,21
2024,ATL202405080,20240508,bottom,7,4,21,8,1,4,0,12
2024,CHN202405080,20240508,top,5,1,18,6,1,3,0,13
2024,CHN202405080,20240508,bottom,3,0,14,4,1,3,0,16
2024,CIN202405080,20240508,top,3,0,13,4,1,3,0,15
2024,CIN202405080,20240508,bottom,3,0,9,4,1,6,1,24
2024,CLE202405080,20240508,top,3,0,14,4,1,3,0,15
2024,CLE202405080,20240508,bottom,3,0,7,4,1,7,2,28
2024,COL202405080,20240508,top,3,0,11,4,1,11,6,36
2024,COL202405080,20240508,bottom,3,0,12,4,1,5,1,23
2024,KCA202405080,20240508,top,6,1,29,7,1,3,0,15
2024,KCA202405080,20240508,bottom,5,2,12,6,1,3,0,9
2024,LAN202405080,20240508,top,3,0,17,4,1,3,0,9
2024,LAN202405080,20240508,bottom,5,1,20,6,1,3,0,11
2024,MIN202405080,20240508,top,4,0,23,5,1,4,0,23
2024,MIN202405080,20240508,bottom,5,2,13,6,1,4,1,13
2024,NYA202405080,20240508,top,4,1,13,5,1,3,0,9
2024,NYA202405080,20240508,bottom,5,2,12,6,1,6,1,29
2024,PHI202405080,20240508,top,4,0,14,5,1,4,0,16
2024,PHI202405080,20240508,bottom,3,0,11,4,1,3,0,17
2024,PIT202405080,20240508,top,4,0,16,5,1,3,0,7
2024,PIT202405080,20240508,bottom,5,0,15,6,1,4,0,17
2024,TBA202405080,20240508,top,3,0,10,4,1,3,0,12
2024,TBA202405080,20240508,bottom,3,0,18,4,1,3,0,15
2024,WAS202405080,20240508,top,3,0,11,4,1,4,0,15
2024,WAS202405080,20240508,bottom,5,0,20,6,1,6,1,24
2024,OAK202405081,20240508,top,6,1,18,7,1,3,0,12
2024,OAK202405081,20240508,bottom,3,0,9,4,1,5,2,25
2024,OAK202405082,20240508,top,3,0,13,4,1,6,1,24
2024,OAK202405082,20240508,bottom,3,0,11,4,1,6,2,18
2024,ANA202405090,20240509,top,3,0,12,4,1,3,0,16
2024,ANA202405090,20240509,bottom,3,0,7,4,1,5,0,21
2024,CHA202405090,20240509,top,3,0,15,4,1,3,0,11
2024,CHA202405090,20240509,bottom,5,1,24,6,1,7,2,25
2024,CIN202405090,20240509,top,5,1,18,6,1,3,0,12
2024,CIN202405090,20240509,bottom,3,0,10,4,1,3,0,20
2024,COL202405090,20240509,top,4,0,19,5,1,3,0,14
2024,COL202405090,20240509,bottom,4,0,20,5,1,3,0,8
2024,MIL202405090,20240509,top,4,0,15,5,1,4,0,16
2024,MIL202405090,20240509,bottom,7,3,25,8,1,4,1,9
2024,MIN202405090,20240509,top,3,0,11,4,1,5,1,21
2024,MIN202405090,20240509,bottom,9,5,36,1,1,4,1,16
2024,NYA202405090,20240509,top,6,3,24,7,1,6,0,21
2024,NYA202405090,20240509,bottom,4,0,16,5,1,4,0,15
2024,ANA202405100,20240510,top,3,0,12,4,1,4,0,18
2024,ANA202405100,20240510,bottom,4,0,16,5,1,4,0,19
2024,BAL202405100,20240510,top,5,0,22,6,1,3,0,8
2024,BAL202405100,20240510,bottom,3,0,9,4,1,6,2,11
2024,BOS202405100,20240510,top,3,0,11,4,1,6,2,21
2024,BOS202405100,20240510,bottom,5,0,15,6,1,4,0,16
2024,CHA202405100,20240510,top,3,0,10,4,1,3,0,11
2024,CHA202405100,20240510,bottom,4,0,13,5,1,4,0,11
2024,COL202405100,20240510,top,3,0,8,4,1,5,0,19
2024,COL202405100,20240510,bottom,5,0,21,6,1,5,0,15
2024,DET202405100,20240510,top,5,0,27,6,1,4,0,12
2024,DET202405100,20240510,bottom,3,0,14,4,1,5,0,12
2024,MIA202405100,20240510,top,4,0,16,5,1,6,2,27
2024,MIA202405100,20240510,bottom,4,0,16,5,1,3,0,9
2024,MIL202405100,20240510,top,3,0,8,4,1,3,0,14
2024,MIL202405100,20240510,bottom,3,0,11,4,1,4,0,23
2024,NYN202405100,20240510,top,3,0,10,4,1,4,0,14
2024,NYN202405100,20240510,bottom,3,0,14,4,1,5,0,26
2024,PIT202405100,20240510,top,4,1,11,5,1,3,0,10
2024,PIT202405100,20240510,bottom,7,2,30,8,1,4,0,20
2024,SDN202405100,20240510,top,3,0,12,4,1,5,0,20
2024,SDN202405100,20240510,bottom,3,0,17,4,1,3,0,14
2024,SEA202405100,20240510,top,4,0,26,5,1,3,0,10
2024,SEA202405100,20240510,bottom,3,0,16,4,1,4,0,12
2024,SFN202405100,20240510,top,5,1,19,6,1,4,0,13
2024,SFN202405100,20240510,bottom,5,1,25,6,1,5,1,15
2024,TBA202405100,20240510,top,4,0,19,5,1,3,0,13
2024,TBA202405100,20240510,bottom,4,0,16,5,1,3,0,10
2024,TOR202405100,20240510,top,5,1,21,6,1,3,0,14
2024,TOR202405100,20240510,bottom,4,0,17,5,1,3,0,16
2024,ANA202405110,20240511,top,5,1,16,6,1,3,0,10
2024,ANA202405110,20240511,bottom,3,0,16,4,1,6,3,16
2024,BAL202405110,20240511,top,3,0,14,4,1,3,0,12
2024,BAL202405110,20240511,bottom,3,0,9,4,1,5,1,23
2024,BOS202405110,20240511,top,3,0,16,4,1,4,1,16
2024,BOS202405110,20240511,bottom,5,0,18,6,1,3,0,15
2024,CHA202405110,20240511,top,3,0,17,4,1,3,0,11
2024,CHA202405110,20240511,bottom,5,0,17,6,1,6,2,12
2024,COL202405110,20240511,top,4,0,10,5,1,5,0,15
2024,COL202405110,20240511,bottom,4,0,15,5,1,3,0,10
2024,DET202405110,20240511,top,3,0,9,4,1,3,0,17
2024,DET202405110,20240511,bottom,5,0,20,6,1,10,7,39
2024,MIA202405110,20240511,top,3,0,10,4,1,3,0,12
2024,MIA202405110,20240511,bottom,4,0,15,5,1,3,0,8
2024,MIL202405110,20240511,top,3,0,10,4,1,4,0,15
2024,MIL202405110,20240511,bottom,4,0,19,5,1,3,0,8
2024,NYN202405110,20240511,top,3,0,9,4,1,3,0,11
2024,NYN202405110,20240511,bottom,3,0,15,4,1,3,0,15
2024,PIT202405110,20240511,top,4,0,18,5,1,6,0,22
2024,PIT202405110,20240511,bottom,4,0,17,5,1,3,0,20
2024,SDN202405110,20240511,top,4,1,16,5,1,3,0,9
2024,SDN202405110,20240511,bottom,4,0,13,5,1,4,0,23
2024,SEA202405110,20240511,top,3,0,10,4,1,4,0,15
2024,SEA202405110,20240511,bottom,3,0,10,4,1,4,1,11
2024,SFN202405110,20240511,top,3,0,12,4,1,4,0,22
2024,SFN202405110,20240511,bottom,7,4,25,8,1,3,0,14
2024,TBA202405110,20240511,top,4,0,17,5,1,6,2,20
2024,TBA202405110,20240511,bottom,4,1,13,5,1,4,0,18
2024,TOR202405110,20240511,top,7,3,26,8,1,6,1,32
2024,TOR202405110,20240511,bottom,4,0,20,5,1,5,1,21
2024,ANA202405120,20240512,top,4,0,13,5,1,4,0,13
2024,ANA202405120,20240512,bottom,4,0,18,5,1,3,0,17
2024,BAL202405120,20240512,top,3,0,11,4,1,3,0,11
2024,BAL202405120,20240512,bottom,3,0,10,4,1,4,0,19
2024,BOS202405120,20240512,top,3,0,5,4,1,3,0,11
2024,BOS202405120,20240512,bottom,4,0,20,5,1,7,3,26
2024,CHA202405120,20240512,top,3,0,9,4,1,3,0,8
2024,CHA202405120,20240512,bottom,4,0,11,5,1,4,0,12
2024,COL202405120,20240512,top,5,1,14,6,1,4,0,15
2024,COL202405120,20240512,bottom,6,2,20,7,1,3,0,14
2024,DET202405120,20240512,top,4,0,19,5,1,3,0,11
2024,DET202405120,20240512,bottom,3,0,14,4,1,3,0,6
2024,MIA202405120,20240512,top,7,3,29,8,1,3,0,11
2024,MIA202405120,20240512,bottom,3,0,10,4,1,6,1,30
2024,MIL202405120,20240512,top,5,0,26,6,1,7,1,24
2024,MIL202405120,20240512,bottom,7,3,42,8,1,3,0,9
2024,NYN202405120,20240512,top,6,0,21,7,1,4,1,19
2024,NYN202405120,20240512,bottom,4,0,10,5,1,4,0,20
2024,PIT202405120,20240512,top,6,2,18,7,1,3,0,7
2024,PIT202405120,20240512,bottom,3,0,10,4,1,4,0,25
2024,SDN202405120,20240512,top,3,0,13,4,1,3,0,15
2024,SDN202405120,20240512,bottom,6,2,29,7,1,5,0,20
2024,SEA202405120,20240512,top,4,0,10,5,1,4,0,20
2024,SEA202405120,20240512,bottom,5,1,27,6,1,7,4,33
2024,SFN202405120,20240512,top,7,3,30,8,1,5,0,22
2024,SFN202405120,20240512,bottom,5,0,18,6,1,3,0,11
2024,TBA202405120,20240512,top,5,1,16,6,1,3,0,8
2024,TBA202405120,20240512,bottom,4,0,16,5,1,5,0,15
2024,TOR202405120,20240512,top,4,0,15,5,1,3,0,12
2024,TOR202405120,20240512,bottom,3,0,23,4,1,3,0,8
2024,ANA202405130,20240513,top,3,0,11,4,1,3,0,14
2024,ANA202405130,20240513,bottom,4,0,21,5,1,3,0,8
2024,ARI202405130,20240513,top,4,0,21,5,1,3,0,9
2024,ARI202405130,20240513,bottom,5,0,27,6,1,6,1,19
2024,ATL202405130,20240513,top,4,0,15,5,1,3,0,10
2024,ATL202405130,20240513,bottom,5,0,20,6,1,3,0,9
2024,BAL202405130,20240513,top,3,0,12,4,1,4,0,14
2024,BAL202405130,20240513,bottom,4,0,12,5,1,3,0,10
2024,BOS202405130,20240513,top,8,3,35,9,1,4,0,11
2024,BOS202405130,20240513,bottom,6,3,23,7,1,4,0,29
2024,DET202405130,20240513,top,4,0,10,5,1,4,0,15
2024,DET202405130,20240513,bottom,3,0,10,4,1,8,3,27
2024,HOU202405130,20240513,top,4,0,17,5,1,4,0,18
2024,HOU202405130,20240513,bottom,3,0,10,4,1,4,1,12
2024,MIL202405130,20240513,top,6,2,26,7,1,3,0,21
2024,MIL202405130,20240513,bottom,3,0,13,4,1,5,0,19
2024,NYN202405130,20240513,top,4,0,16,5,1,6,1,20
2024,NYN202405130,20240513,bottom,3,0,10,4,1,7,2,23
2024,SDN202405130,20240513,top,4,0,16,5,1,5,1,24
2024,SDN202405130,20240513,bottom,3,0,6,4,1,5,1,16
2024,SEA202405130,20240513,top,6,0,24,7,1,4,0,19
2024,SEA202405130,20240513,bottom,3,0,14,4,1,7,2,34
2024,SFN202405130,20240513,top,5,1,18,6,1,3,0,16
2024,SFN202405130,20240513,bottom,4,0,15,5,1,6,3,21
2024,TEX202405130,20240513,top,4,0,25,5,1,3,0,15
2024,TEX202405130,20240513,bottom,3,0,8,4,1,3,0,13
2024,ANA202405140,20240514,top,5,0,18,6,1,6,2,21
2024,ANA202405140,20240514,bottom,3,0,8,4,1,3,0,11
2024,ARI202405140,20240514,top,3,0,8,4,1,3,0,7
2024,ARI202405140,20240514,bottom,3,0,12,4,1,3,0,16
2024,ATL202405140,20240514,top,5,0,20,6,1,3,0,15
2024,ATL202405140,20240514,bottom,6,1,19,7,1,4,0,11
2024,BOS202405140,20240514,top,4,1,14,5,1,3,0,16
2024,BOS202405140,20240514,bottom,3,0,11,4,1,4,0,20
2024,DET202405140,20240514,top,4,0,13,5,1,3,0,13
2024,DET202405140,20240514,bottom,3,0,12,4,1,3,0,14
2024,HOU202405140,20240514,top,6,0,29,7,1,4,0,14
2024,HOU202405140,20240514,bottom,4,0,17,5,1,6,1,35
2024,MIL202405140,20240514,top,5,0,25,6,1,3,0,17
2024,MIL202405140,20240514,bottom,4,0,20,5,1,9,4,23
2024,MIN202405140,20240514,top,5,0,22,6,1,7,2,17
2024,MIN202405140,20240514,bottom,6,1,26,7,1,4,0,15
2024,NYN202405140,20240514,top,4,0,11,5,1,3,0,12
2024,NYN202405140,20240514,bottom,3,0,13,4,1,3,0,8
2024,SDN202405140,20240514,top,4,0,23,5,1,3,0,14
2024,SDN202405140,20240514,bottom,4,0,16,5,1,5,0,16
2024,SEA202405140,20240514,top,3,0,13,4,1,3,0,12
2024,SEA202405140,20240514,bottom,3,0,9,4,1,4,0,26
2024,SFN202405140,20240514,top,4,0,15,5,1,3,0,9
2024,SFN202405140,20240514,bottom,4,0,12,5,1,3,0,11
2024,TEX202405140,20240514,top,5,0,34,6,1,10,6,40
2024,TEX202405140,20240514,bottom,3,0,9,4,1,6,1,31
2024,CHA202405141,20240514,top,5,0,20,6,1,4,0,23
2024,CHA202405141,20240514,bottom,3,0,14,4,1,5,1,11
2024,CHA202405142,20240514,top,3,0,11,4,1,3,0,16
2024,CHA202405142,20240514,bottom,3,0,11,4,1,3,0,18
2024,ANA202405150,20240515,top,4,0,20,5,1,4,0,19
2024,ANA202405150,20240515,bottom,7,4,33,8,1,3,0,12
2024,ARI202405150,20240515,top,3,0,10,4,1,3,0,9
2024,ARI202405150,20240515,bottom,3,0,10,4,1,4,1,17
2024,ATL202405150,20240515,top,9,3,35,1,1,4,0,20
2024,ATL202405150,20240515,bottom,3,0,13,4,1,4,0,14
2024,BAL202405150,20240515,top,3,0,10,4,1,5,0,30
2024,BAL202405150,20240515,bottom,5,1,23,6,1,4,0,16
2024,BOS202405150,20240515,top,3,0,20,4,1,4,0,17
2024,BOS202405150,20240515,bottom,4,1,19,5,1,3,0,14
2024,CHA202405150,20240515,top,4,0,26,5,1,4,0,15
2024,CHA202405150,20240515,bottom,3,0,8,4,1,4,0,16
2024,DET202405150,20240515,top,5,2,27,6,1,3,0,8
2024,DET202405150,20240515,bottom,4,0,16,5,1,4,0,18
2024,HOU202405150,20240515,top,3,0,16,4,1,3,0,11
2024,HOU202405150,20240515,bottom,5,2,14,6,1,5,0,19
2024,MIL202405150,20240515,top,4,0,19,5,1,5,0,20
2024,MIL202405150,20240515,bottom,4,0,12,5,1,3,0,12
2024,MIN202405150,20240515,top,5,1,16,6,1,6,1,17
2024,MIN202405150,20240515,bottom,3,0,9,4,1,6,0,27
2024,PHI202405150,20240515,top,6,1,16,7,1,4,0,19
2024,PHI202405150,20240515,bottom,5,1,19,6,1,3,0,12
2024,SDN202405150,20240515,top,4,0,11,5,1,7,3,28
2024,SDN202405150,20240515,bottom,3,0,14,4,1,3,0,13
2024,SEA202405150,20240515,top,3,0,7,4,1,4,0,12
2024,SEA202405150,20240515,bottom,3,0,14,4,1,7,1,39
2024,SFN202405150,20240515,top,6,0,32,7,1,4,0,19
2024,SFN202405150,20240515,bottom,4,0,12,5,1,3,0,12
2024,TEX202405150,20240515,top,4,0,15,5,1,3,0,11
2024,TEX202405150,20240515,bottom,4,0,20,5,1,3,0,11
2024,BOS202405160,20240516,top,3,0,13,4,1,5,1,29
2024,BOS202405160,20240516,bottom,3,0,13,4,1,6,1,19
2024,CHN202405160,20240516,top,5,2,11,6,1,4,0,22
2024,CHN202405160,20240516,bottom,4,0,16,5,1,5,1,15
2024,HOU202405160,20240516,top,3,0,12,4,1,3,0,13
2024,HOU202405160,20240516,bottom,5,0,22,6,1,5,0,22
2024,LAN202405160,20240516,top,6,2,22,7,1,4,0,22
2024,LAN202405160,20240516,bottom,4,0,22,5,0,4,0,17
2024,MIN202405160,20240516,top,7,3,29,8,1,4,0,14
2024,MIN202405160,20240516,bottom,3,0,17,4,1,4,0,13
2024,PHI202405160,20240516,top,4,1,14,5,1,5,1,20
2024,PHI202405160,20240516,bottom,3,0,9,4,1,4,0,19
2024,ARI202405170,20240517,top,4,0,16,5,1,6,1,24
2024,ARI202405170,20240517,bottom,3,0,10,4,1,3,0,12
2024,ATL202405170,20240517,top,4,0,17,5,1,5,0,14
2024,ATL202405170,20240517,bottom,5,1,18,6,1,5,0,27
2024,BAL202405170,20240517,top,6,1,22,7,1,3,0,16
2024,BAL202405170,20240517,bottom,9,5,32,1,1,3,0,10
2024,CHN202405170,20240517,top,3,0,8,4,1,4,0,15
2024,CHN202405170,20240517,bottom,3,0,13,4,1,3,0,20
2024,CLE202405170,20240517,top,3,0,10,4,1,3,0,13
2024,CLE202405170,20240517,bottom,3,0,7,4,1,4,0,15
2024,HOU202405170,20240517,top,3,0,12,4,1,4,1,16
2024,HOU202405170,20240517,bottom,3,0,11,4,1,6,2,21
2024,KCA202405170,20240517,top,3,0,10,4,1,3,0,12
2024,KCA202405170,20240517,bottom,6,1,26,7,1,4,0,6
2024,LAN202405170,20240517,top,3,0,10,4,1,3,0,9
2024,LAN202405170,20240517,bottom,5,1,28,6,1,3,0,10
2024,MIA202405170,20240517,top,5,0,11,6,1,3,0,12
2024,MIA202405170,20240517,bottom,3,0,15,4,1,7,4,26
2024,NYA202405170,20240517,top,5,0,11,6,1,3,0,14
2024,NYA202405170,20240517,bottom,4,1,18,5,1,4,0,18
2024,PHI202405170,20240517,top,3,0,10,4,1,6,1,20
2024,PHI202405170,20240517,bottom,6,1,18,7,1,5,2,32
2024,SFN202405170,20240517,top,7,3,26,8,1,4,1,10
2024,SFN202405170,20240517,bottom,5,1,23,6,1,4,0,11
2024,SLN202405170,20240517,top,4,0,10,5,1,7,2,28
2024,SLN202405170,20240517,bottom,5,2,23,6,1,4,1,21
2024,TEX202405170,20240517,top,4,0,15,5,1,5,0,27
2024,TEX202405170,20240517,bottom,3,0,13,4,1,6,1,17
2024,TOR202405170,20240517,top,3,0,10,4,1,4,0,16
2024,TOR202405170,20240517,bottom,3,0,15,4,1,3,0,11
2024,ARI202405180,20240518,top,4,0,15,5,1,4,0,20
2024,ARI202405180,20240518,bottom,3,0,17,4,1,3,0,17
2024,BAL202405180,20240518,top,3,0,9,4,1,5,0,14
2024,BAL202405180,20240518,bottom,3,0,8,4,1,5,1,13
2024,CHN202405180,20240518,top,4,0,16,5,1,3,0,6
2024,CHN202405180,20240518,bottom,3,0,9,4,1,3,0,14
2024,CLE202405180,20240518,top,4,0,18,5,1,4,0,18
2024,CLE202405180,20240518,bottom,6,2,38,7,1,3,0,13
2024,HOU202405180,20240518,top,3,0,13,4,1,3,0,10
2024,HOU202405180,20240518,bottom,3,0,10,4,1,3,0,10
2024,KCA202405180,20240518,top,4,0,13,5,1,6,2,17
2024,KCA202405180,20240518,bottom,7,2,24,8,1,3,0,13
2024,LAN202405180,20240518,top,3,0,7,4,1,3,0,10
2024,LAN202405180,20240518,bottom,3,0,20,4,1,3,0,24
2024,MIA202405180,20240518,top,8,2,25,9,1,3,0,17
2024,MIA202405180,20240518,bottom,3,0,12,4,1,5,1,19
2024,NYA202405180,20240518,top,7,1,29,8,1,4,0,16
2024,NYA202405180,20240518,bottom,6,2,20,7,1,6,2,30
2024,PHI202405180,20240518,top,5,1,18,6,1,3,0,10
2024,PHI202405180,20240518,bottom,4,0,16,5,1,3,0,11
2024,SFN202405180,20240518,top,3,0,12,4,1,4,0,14
2024,SFN202405180,20240518,bottom,6,3,25,7,1,6,2,21
2024,SLN202405180,20240518,top,5,0,27,6,1,3,0,16
2024,SLN202405180,20240518,bottom,5,0,18,6,1,5,1,26
2024,TEX202405180,20240518,top,3,0,12,4,1,4,0,19
2024,TEX202405180,20240518,bottom,3,0,13,4,1,5,0,16
2024,TOR202405180,20240518,top,4,0,22,5,1,3,0,10
2024,TOR202405180,20240518,bottom,4,0,14,5,1,4,0,13
2024,ARI202405190,20240519,top,3,0,11,4,1,3,0,14
2024,ARI202405190,20240519,bottom,7,2,21,8,1,6,1,24
2024,ATL202405190,20240519,top,8,3,41,9,1,6,0,24
2024,ATL202405190,20240519,bottom,4,0,14,5,1,3,0,15
2024,BAL202405190,20240519,top,3,0,20,4,1,6,1,22
2024,BAL202405190,20240519,bottom,6,2,15,7,1,5,1,13
2024,CHN202405190,20240519,top,4,0,23,5,1,4,1,15
2024,CHN202405190,20240519,bottom,3,0,9,4,1,5,0,19
2024,CLE202405190,20240519,top,3,0,14,4,1,4,0,15
2024,CLE202405190,20240519,bottom,5,2,12,6,1,3,0,7
2024,HOU202405190,20240519,top,4,1,15,5,1,4,0,13
2024,HOU202405190,20240519,bottom,8,4,29,9,1,4,0,22
2024,KCA202405190,20240519,top,3,0,12,4,1,3,0,7
2024,KCA202405190,20240519,bottom,6,2,17,7,1,3,0,14
2024,LAN202405190,20240519,top,4,0,14,5,1,3,0,9
2024,LAN202405190,20240519,bottom,3,0,13,4,1,4,0,23
2024,MIA202405190,20240519,top,9,4,40,1,1,4,0,21
2024,MIA202405190,20240519,bottom,4,0,19,5,1,5,2,24
2024,NYA202405190,20240519,top,3,0,12,4,1,5,2,25
2024,NYA202405190,20240519,bottom,4,0,20,5,1,6,2,24
2024,PHI202405190,20240519,top,3,0,7,4,1,3,0,15
2024,PHI202405190,20240519,bottom,3,0,19,4,1,6,1,26
2024,SFN202405190,20240519,top,4,1,21,5,1,3,0,12
2024,SFN202405190,20240519,bottom,3,0,12,4,1,5,0,14
2024,SLN202405190,20240519,top,4,1,18,5,1,5,1,21
2024,SLN202405190,20240519,bottom,3,0,12,4,1,3,0,15
2024,TEX202405190,20240519,top,4,0,22,5,1,3,0,15
2024,TEX202405190,20240519,bottom,3,0,7,4,1,3,0,13
2024,TOR202405190,20240519,top,3,0,14,4,1,4,0,20
2024,TOR202405190,20240519,bottom,3,0,11,4,1,4,1,15
2024,CLE202405200,20240520,top,3,0,10,4,1,3,0,10
2024,CLE202405200,20240520,bottom,7,2,24,8,1,3,0,14
2024,HOU202405200,20240520,top,5,1,22,6,1,3,0,7
2024,HOU202405200,20240520,bottom,4,0,13,5,1,7,4,32
2024,KCA202405200,20240520,top,3,0,15,4,1,3,0,7
2024,KCA202405200,20240520,bottom,4,0,13,5,1,5,1,24
2024,LAN202405200,20240520,top,4,0,14,5,1,3,0,10
2024,LAN202405200,20240520,bottom,3,0,7,4,0,4,0,16
2024,MIA202405200,20240520,top,3,0,10,4,1,3,0,11
2024,MIA202405200,20240520,bottom,4,0,15,5,0,3,0,14
2024,NYA202405200,20240520,top,3,0,12,4,1,4,0,12
2024,NYA202405200,20240520,bottom,6,2,19,7,1,3,0,7
2024,SLN202405200,20240520,top,3,0,8,4,1,3,0,10
2024,SLN202405200,20240520,bottom,5,0,18,6,1,5,1,25
2024,TBA202405200,20240520,top,3,0,11,4,1,3,0,14
2024,TBA202405200,20240520,bottom,3,0,11,4,1,4,0,20
2024,TOR202405200,20240520,top,3,0,14,4,1,5,1,15
2024,TOR202405200,20240520,bottom,3,0,10,4,1,5,2,13
2024,WAS202405200,20240520,top,3,0,9,4,1,5,1,17
2024,WAS202405200,20240520,bottom,3,0,11,4,1,5,2,10
2024,ATL202405201,20240520,top,3,0,15,4,1,3,0,9
2024,ATL202405201,20240520,bottom,7,2,22,8,1,4,0,12
2024,ATL202405202,20240520,top,4,0,15,5,1,4,0,10
2024,ATL202405202,20240520,bottom,7,1,25,8,1,3,0,16
2024,CHN202405210,20240521,top,4,0,20,5,1,7,2,31
2024,CHN202405210,20240521,bottom,5,0,25,6,1,7,2,31
2024,CIN202405210,20240521,top,4,0,14,5,1,3,0,13
2024,CIN202405210,20240521,bottom,6,0,21,7,1,6,2,34
2024,CLE202405210,20240521,top,3,0,18,4,1,3,0,6
2024,CLE202405210,20240521,bottom,3,0,11,4,1,3,0,11
2024,HOU202405210,20240521,top,6,2,19,7,1,3,0,11
2024,HOU202405210,20240521,bottom,5,2,16,6,1,4,0,17
2024,KCA202405210,20240521,top,3,0,13,4,1,3,0,11
2024,KCA202405210,20240521,bottom,7,2,27,8,1,9,4,26
2024,LAN202405210,20240521,top,3,0,11,4,1,6,2,22
2024,LAN202405210,20240521,bottom,4,0,25,5,1,3,0,8
2024,MIA202405210,20240521,top,5,1,21,6,1,6,1,30
2024,MIA202405210,20240521,bottom,3,0,6,4,1,6,1,18
2024,NYA202405210,20240521,top,3,0,18,4,1,3,0,16
2024,NYA202405210,20240521,bottom,3,0,13,4,1,4,0,8
2024,OAK202405210,20240521,top,6,2,23,7,1,5,0,17
2024,OAK202405210,20240521,bottom,3,0,16,4,1,4,0,24
2024,PHI202405210,20240521,top,4,0,22,5,1,3,0,13
2024,PHI202405210,20240521,bottom,4,0,16,5,1,3,0,10
2024,PIT202405210,20240521,top,6,2,29,7,1,3,0,9
2024,PIT202405210,20240521,bottom,4,0,18,5,1,5,1,19
2024,SLN202405210,20240521,top,3,0,10,4,1,4,0,15
2024,SLN202405210,20240521,bottom,3,0,12,4,1,5,1,16
2024,TBA202405210,20240521,top,3,0,18,4,1,6,1,25
2024,TBA202405210,20240521,bottom,7,2,15,8,1,3,0,9
2024,TOR202405210,20240521,top,5,0,19,6,1,5,1,12
2024,TOR202405210,20240521,bottom,3,0,13,4,1,3,0,18
2024,WAS202405210,20240521,top,4,0,18,5,1,5,2,15
2024,WAS202405210,20240521,bottom,3,0,12,4,1,3,0,8
2024,CHN202405220,20240522,top,3,0,10,4,1,3,0,14
2024,CHN202405220,20240522,bottom,3,0,11,4,1,3,0,10
2024,CIN202405220,20240522,top,4,1,15,5,1,4,0,16
2024,CIN202405220,20240522,bottom,4,1,9,5,1,4,0,18
2024,CLE202405220,20240522,top,6,1,27,7,1,6,1,22
2024,CLE202405220,20240522,bottom,3,0,11,4,1,3,0,9
2024,HOU202405220,20240522,top,3,0,15,4,1,4,0,19
2024,HOU202405220,20240522,bottom,4,0,11,5,1,3,0,10
2024,KCA202405220,20240522,top,3,0,12,4,1,3,0,20
2024,KCA202405220,20240522,bottom,3,0,11,4,1,6,2,31
2024,LAN202405220,20240522,top,4,0,17,5,1,4,0,14
2024,LAN202405220,20240522,bottom,4,0,12,5,0,4,0,20
2024,MIA202405220,20240522,top,3,0,11,4,1,4,0,18
2024,MIA202405220,20240522,bottom,4,1,16,5,1,3,0,14
2024,NYA202405220,20240522,top,4,0,27,5,1,4,0,20
2024,NYA202405220,20240522,bottom,5,2,13,6,1,3,0,13
2024,OAK202405220,20240522,top,8,2,33,9,1,3,0,10
2024,OAK202405220,20240522,bottom,3,0,10,4,1,3,0,11
2024,PHI202405220,20240522,top,6,1,27,7,1,4,1,14
2024,PHI202405220,20240522,bottom,3,0,19,4,1,6,2,20
2024,PIT202405220,20240522,top,4,0,12,5,1,3,0,14
2024,PIT202405220,20240522,bottom,4,0,16,5,1,5,0,24
2024,SLN202405220,20240522,top,4,0,19,5,1,3,0,13
2024,SLN202405220,20240522,bottom,4,0,12,5,1,4,0,16
2024,TBA202405220,20240522,top,4,0,11,5,1,5,0,19
2024,TBA202405220,20240522,bottom,4,0,16,5,1,7,3,20
2024,TOR202405220,20240522,top,4,0,15,5,1,4,0,17
2024,TOR202405220,20240522,bottom,4,0,12,5,1,10,7,36
2024,WAS202405220,20240522,top,3,0,6,4,1,4,1,13
2024,WAS202405220,20240522,bottom,3,0,15,4,1,4,0,13
2024,CHA202405230,20240523,top,3,0,10,4,1,3,0,14
2024,CHA202405230,20240523,bottom,7,1,30,8,1,3,0,12
2024,CHN202405230,20240523,top,5,0,17,6,1,3,0,16
2024,CHN202405230,20240523,bottom,4,0,17,5,1,3,0,16
2024,CIN202405230,20240523,top,5,2,17,6,1,7,2,25
2024,CIN202405230,20240523,bottom,5,1,19,6,1,7,1,30
2024,DET202405230,20240523,top,3,0,14,4,1,3,0,6
2024,DET202405230,20240523,bottom,3,0,14,4,1,4,0,22
2024,NYA202405230,20240523,top,3,0,9,4,1,3,0,14
2024,NYA202405230,20240523,bottom,4,0,13,5,1,6,1,20
2024,OAK202405230,20240523,top,6,2,22,7,1,3,0,9
2024,OAK202405230,20240523,bottom,4,0,19,5,1,5,0,19
2024,PHI202405230,20240523,top,3,0,10,4,1,5,1,21
2024,PHI202405230,20240523,bottom,4,0,13,5,1,6,0,25
2024,PIT202405230,20240523,top,3,0,17,4,1,3,0,12
2024,PIT202405230,20240523,bottom,4,1,14,5,1,4,0,17
2024,ANA202405240,20240524,top,3,0,15,4,1,7,2,32
2024,ANA202405240,20240524,bottom,6,1,24,7,1,3,0,19
2024,ARI202405240,20240524,top,3,0,6,4,1,7,2,25
2024,ARI202405240,20240524,bottom,5,0,12,6,1,4,0,11
2024,BOS202405240,20240524,top,4,0,19,5,1,3,0,13
2024,BOS202405240,20240524,bottom,5,0,20,6,0,3,0,10
2024,CHA202405240,20240524,top,3,0,15,4,1,4,0,12
2024,CHA202405240,20240524,bottom,3,0,8,4,1,4,0,16
2024,CIN202405240,20240524,top,4,0,9,5,1,8,4,24
2024,CIN202405240,20240524,bottom,6,3,24,7,1,5,0,18
2024,COL202405240,20240524,top,3,0,13,4,1,3,0,9
2024,COL202405240,20240524,bottom,4,0,16,5,1,4,0,13
2024,DET202405240,20240524,top,4,0,15,5,1,3,0,13
2024,DET202405240,20240524,bottom,3,0,13,4,1,4,1,21
2024,MIN202405240,20240524,top,7,2,30,8,1,6,0,24
2024,MIN202405240,20240524,bottom,5,0,18,6,1,6,2,22
2024,NYN202405240,20240524,top,3,0,6,4,1,5,1,26
2024,NYN202405240,20240524,bottom,5,1,22,6,1,4,0,17
2024,OAK202405240,20240524,top,3,0,8,4,1,3,0,12
2024,OAK202405240,20240524,bottom,6,1,18,7,1,4,0,17
2024,PIT202405240,20240524,top,3,0,10,4,1,3,0,10
2024,PIT202405240,20240524,bottom,6,2,21,7,1,5,0,18
2024,SDN202405240,20240524,top,4,1,14,5,1,3,0,8
2024,SDN202405240,20240524,bottom,3,0,13,4,1,4,0,17
2024,TBA202405240,20240524,top,3,0,12,4,1,3,0,20
2024,TBA202405240,20240524,bottom,6,1,11,7,1,3,0,8
2024,WAS202405240,20240524,top,4,1,11,5,1,4,0,12
2024,WAS202405240,20240524,bottom,3,0,9,4,1,3,0,8
2024,ANA202405250,20240525,top,3,0,10,4,1,3,0,10
2024,ANA202405250,20240525,bottom,4,0,13,5,1,3,0,13
2024,ARI202405250,20240525,top,6,1,16,7,1,3,0,10
2024,ARI202405250,20240525,bottom,6,2,28,7,1,5,1,18
2024,BOS202405250,20240525,top,3,0,18,4,1,6,0,16
2024,BOS202405250,20240525,bottom,3,0,11,4,1,3,0,10
2024,CHA202405250,20240525,top,3,0,13,4,1,5,0,24
2024,CHA202405250,20240525,bottom,3,0,14,4,1,4,0,23
2024,CIN202405250,20240525,top,3,0,9,4,1,5,1,32
2024,CIN202405250,20240525,bottom,5,1,23,6,1,4,1,13
2024,COL202405250,20240525,top,5,1,18,6,1,3,0,6
2024,COL202405250,20240525,bottom,6,1,32,7,1,4,1,14
2024,DET202405250,20240525,top,4,0,16,5,1,3,0,13
2024,DET202405250,20240525,bottom,6,2,24,7,1,3,0,6
2024,MIN202405250,20240525,top,3,0,15,4,1,4,0,20
2024,MIN202405250,20240525,bottom,7,1,27,8,1,4,0,17
2024,NYN202405250,20240525,top,3,0,9,4,1,3,0,10
2024,NYN202405250,20240525,bottom,4,0,15,5,1,4,1,15
2024,OAK202405250,20240525,top,3,0,8,4,1,3,0,14
2024,OAK202405250,20240525,bottom,6,2,23,7,1,3,0,11
2024,PIT202405250,20240525,top,4,0,13,5,1,4,0,12
2024,PIT202405250,20240525,bottom,4,0,17,5,1,3,0,12
2024,SDN202405250,20240525,top,5,2,13,6,1,3,0,15
2024,SDN202405250,20240525,bottom,4,0,18,5,1,5,0,19
2024,SLN202405250,20240525,top,3,0,10,4,1,3,0,6
2024,SLN202405250,20240525,bottom,4,0,13,5,1,4,0,25
2024,TBA202405250,20240525,top,3,0,7,4,1,4,1,16
2024,TBA202405250,20240525,bottom,3,0,7,4,1,5,0,14
2024,WAS202405250,20240525,top,3,0,11,4,1,4,0,20
2024,WAS202405250,20240525,bottom,3,0,10,4,1,5,1,13
2024,ANA202405260,20240526,top,4,0,18,5,1,5,0,23
2024,ANA202405260,20240526,bottom,4,0,12,5,1,3,0,10
2024,ARI202405260,20240526,top,3,0,11,4,1,5,0,15
2024,ARI202405260,20240526,bottom,3,0,5,4,1,3,0,16
2024,BOS202405260,20240526,top,5,0,15,6,1,3,0,14
2024,BOS202405260,20240526,bottom,3,0,13,4,1,3,0,14
2024,CHA202405260,20240526,top,3,0,15,4,1,3,0,14
2024,CHA202405260,20240526,bottom,4,0,12,5,1,4,0,20
2024,CIN202405260,20240526,top,4,0,12,5,0,3,0,11
2024,CIN202405260,20240526,bottom,4,0,15,5,1,4,0,18
2024,COL202405260,20240526,top,3,0,13,4,1,3,0,18
2024,COL202405260,20240526,bottom,5,2,16,6,1,8,3,35
2024,DET202405260,20240526,top,4,0,12,5,1,6,0,36
2024,DET202405260,20240526,bottom,5,0,18,6,1,8,4,27
2024,MIN202405260,20240526,top,4,0,16,5,1,3,0,15
2024,MIN202405260,20240526,bottom,3,0,15,4,1,4,0,25
2024,NYN202405260,20240526,top,3,0,14,4,1,5,1,28
2024,NYN202405260,20240526,bottom,3,0,16,4,1,5,1,21
2024,OAK202405260,20240526,top,3,0,11,4,1,4,0,8
2024,OAK202405260,20240526,bottom,3,0,9,4,1,4,0,13
2024,PIT202405260,20240526,top,4,0,11,5,1,4,0,19
2024,PIT202405260,20240526,bottom,4,0,14,5,1,5,1,16
2024,SDN202405260,20240526,top,4,0,16,5,1,3,0,18
2024,SDN202405260,20240526,bottom,4,0,15,5,1,5,0,24
2024,SLN202405260,20240526,top,3,0,13,4,1,5,0,23
2024,SLN202405260,20240526,bottom,4,0,11,5,1,5,0,22
2024,TBA202405260,20240526,top,3,0,11,4,1,5,0,26
2024,TBA202405260,20240526,bottom,3,0,11,4,1,3,0,8
2024,WAS202405260,20240526,top,3,0,11,4,1,5,1,23
2024,WAS202405260,20240526,bottom,3,0,8,4,1,4,0,13
2024,ATL202405270,20240527,top,8,4,30,9,1,4,1,13
2024,ATL202405270,20240527,bottom,4,0,8,5,1,3,0,14
2024,BAL202405270,20240527,top,3,0,13,4,1,5,0,25
2024,BAL202405270,20240527,bottom,3,0,10,4,1,5,1,22
2024,CHA202405270,20240527,top,3,0,16,4,1,5,2,17
2024,CHA202405270,20240527,bottom,6,0,19,7,1,3,0,8
2024,CIN202405270,20240527,top,4,1,13,5,1,3,0,12
2024,CIN202405270,20240527,bottom,6,1,15,7,1,6,2,28
2024,COL202405270,20240527,top,4,1,14,5,1,7,2,36
2024,COL202405270,20240527,bottom,4,0,14,5,1,5,1,16
2024,MIL202405270,20240527,top,3,0,13,4,1,3,0,8
2024,MIL202405270,20240527,bottom,4,0,14,5,1,4,0,15
2024,MIN202405270,20240527,top,4,0,13,5,1,3,0,12
2024,MIN202405270,20240527,bottom,3,0,9,4,1,3,0,16
2024,SDN202405270,20240527,top,4,0,20,5,1,3,0,14
2024,SDN202405270,20240527,bottom,3,0,16,4,1,5,1,11
2024,SEA202405270,20240527,top,4,0,11,5,1,3,0,14
2024,SEA202405270,20240527,bottom,8,3,25,9,1,5,0,18
2024,SFN202405270,20240527,top,4,0,13,5,1,3,0,13
2024,SFN202405270,20240527,bottom,3,0,7,4,1,8,3,28
2024,ANA202405280,20240528,top,6,1,19,7,1,5,0,10
2024,ANA202405280,20240528,bottom,5,2,22,6,1,3,0,14
2024,ATL202405280,20240528,top,5,0,16,6,1,3,0,12
2024,ATL202405280,20240528,bottom,3,0,16,4,1,3,0,14
2024,BAL202405280,20240528,top,7,2,22,8,1,7,2,21
2024,BAL202405280,20240528,bottom,8,3,29,9,1,3,0,16
2024,CHA202405280,20240528,top,4,0,17,5,1,7,3,34
2024,CHA202405280,20240528,bottom,4,0,12,5,1,3,0,9
2024,CIN202405280,20240528,top,3,0,13,4,1,3,0,9
2024,CIN202405280,20240528,bottom,3,0,16,4,1,3,0,19
2024,COL202405280,20240528,top,5,2,17,6,1,4,0,5
2024,COL202405280,20240528,bottom,6,0,25,7,1,4,0,18
2024,MIL202405280,20240528,top,3,0,19,4,1,3,0,10
2024,MIL202405280,20240528,bottom,3,0,11,4,1,3,0,11
2024,MIN202405280,20240528,top,3,0,13,4,1,4,0,18
2024,MIN202405280,20240528,bottom,7,2,31,8,1,4,0,12
2024,SDN202405280,20240528,top,4,0,13,5,1,3,0,10
2024,SDN202405280,20240528,bottom,5,2,18,6,1,5,0,18
2024,SEA202405280,20240528,top,3,0,11,4,1,5,0,19
2024,SEA202405280,20240528,bottom,5,1,21,6,1,4,0,12
2024,SFN202405280,20240528,top,4,0,20,5,0,3,0,11
2024,SFN202405280,20240528,bottom,4,0,19,5,1,3,0,19
2024,TBA202405280,20240528,top,3,0,5,4,1,3,0,13
2024,TBA202405280,20240528,bottom,3,0,17,4,1,4,0,21
2024,TEX202405280,20240528,top,3,0,9,4,1,6,2,16
2024,TEX202405280,20240528,bottom,3,0,11,4,1,4,0,15
2024,NYN202405281,20240528,top,4,0,14,5,1,4,0,15
2024,NYN202405281,20240528,bottom,4,0,23,5,1,3,0,7
2024,NYN202405282,20240528,top,5,1,18,6,1,5,1,21
2024,NYN202405282,20240528,bottom,3,0,16,4,1,4,0,14
2024,ANA202405290,20240529,top,5,0,19,6,1,5,0,21
2024,ANA202405290,20240529,bottom,4,0,16,5,1,3,0,12
2024,ATL202405290,20240529,top,3,0,11,4,1,5,0,26
2024,ATL202405290,20240529,bottom,4,0,21,5,1,4,0,13
2024,BAL202405290,20240529,top,3,0,15,4,1,4,1,17
2024,BAL202405290,20240529,bottom,3,0,15,4,1,8,5,27
2024,CHA202405290,20240529,top,4,0,19,5,1,5,0,24
2024,CHA202405290,20240529,bottom,3,0,13,4,1,4,0,14
2024,CIN202405290,20240529,top,3,0,8,4,1,3,0,14
2024,CIN202405290,20240529,bottom,4,0,14,5,1,3,0,10
2024,COL202405290,20240529,top,8,2,31,9,1,3,0,6
2024,COL202405290,20240529,bottom,4,1,21,5,1,10,6,40
2024,MIL202405290,20240529,top,3,0,13,4,1,6,1,30
2024,MIL202405290,20240529,bottom,5,2,21,6,1,4,0,14
2024,MIN202405290,20240529,top,4,0,9,5,1,4,0,14
2024,MIN202405290,20240529,bottom,5,0,24,6,1,5,1,13
2024,NYN202405290,20240529,top,3,0,8,4,1,6,1,30
2024,NYN202405290,20240529,bottom,4,0,17,5,1,3,0,8
2024,SDN202405290,20240529,top,5,0,20,6,1,6,2,17
2024,SDN202405290,20240529,bottom,4,0,17,5,1,4,0,25
2024,SEA202405290,20240529,top,3,0,12,4,1,3,0,9
2024,SEA202405290,20240529,bottom,3,0,13,4,1,5,0,20
2024,SFN202405290,20240529,top,4,1,17,5,1,7,1,18
2024,SFN202405290,20240529,bottom,4,0,16,5,1,4,0,16
2024,TBA202405290,20240529,top,4,0,19,5,1,3,0,10
2024,TBA202405290,20240529,bottom,3,0,16,4,1,3,0,12
2024,TEX202405290,20240529,top,5,0,24,6,1,3,0,9
2024,TEX202405290,20240529,bottom,3,0,15,4,1,3,0,10
2024,DET202405291,20240529,top,4,0,21,5,1,5,0,22
2024,DET202405291,20240529,bottom,7,3,24,8,1,3,0,20
2024,DET202405292,20240529,top,3,0,10,4,1,3,0,14
2024,DET202405292,20240529,bottom,3,0,11,4,1,5,1,26
2024,ANA202405300,20240530,top,3,0,17,4,1,3,0,12
2024,ANA202405300,20240530,bottom,3,0,10,4,1,4,1,15
2024,ATL202405300,20240530,top,4,0,16,5,1,3,0,17
2024,ATL202405300,20240530,bottom,3,0,11,4,1,5,0,23
2024,BOS202405300,20240530,top,4,0,20,5,1,3,0,12
2024,BOS202405300,20240530,bottom,3,0,13,4,1,3,0,18
2024,MIL202405300,20240530,top,4,1,18,5,1,4,0,14
2024,MIL202405300,20240530,bottom,3,0,13,4,1,7,3,29
2024,MIN202405300,20240530,top,5,2,24,6,1,3,0,20
2024,MIN202405300,20240530,bottom,4,0,12,5,1,3,0,7
2024,NYN202405300,20240530,top,4,0,16,5,1,3,0,16
2024,NYN202405300,20240530,bottom,5,0,25,6,0,4,0,16
2024,SEA202405300,20240530,top,4,0,12,5,1,3,0,11
2024,SEA202405300,20240530,bottom,4,0,21,5,1,4,0,17
2024,TBA202405300,20240530,top,4,0,14,5,1,4,0,12
2024,TBA202405300,20240530,bottom,5,2,24,6,1,6,1,21
2024,ATL202405310,20240531,top,3,0,11,4,1,4,0,11
2024,ATL202405310,20240531,bottom,5,1,24,6,1,6,2,18
2024,BAL202405310,20240531,top,5,0,25,6,1,5,1,19
2024,BAL202405310,20240531,bottom,5,0,27,6,1,3,0,8
2024,BOS202405310,20240531,top,5,1,19,6,1,3,0,10
2024,BOS202405310,20240531,bottom,4,0,17,5,1,5,0,18
2024,CHN202405310,20240531,top,3,0,15,4,1,4,0,14
2024,CHN202405310,20240531,bottom,3,0,10,4,1,6,2,26
2024,CLE202405310,20240531,top,5,0,20,6,1,3,0,10
2024,CLE202405310,20240531,bottom,3,0,12,4,1,5,0,16
2024,HOU202405310,20240531,top,3,0,9,4,1,4,0,19
2024,HOU202405310,20240531,bottom,4,0,16,5,1,5,0,12
2024,KCA202405310,20240531,top,4,0,20,5,1,3,0,13
2024,KCA202405310,20240531,bottom,3,0,11,4,1,4,0,22
2024,LAN202405310,20240531,top,6,0,28,7,1,3,0,10
2024,LAN202405310,20240531,bottom,3,0,9,4,1,3,0,13
2024,MIA202405310,20240531,top,3,0,9,4,1,3,0,8
2024,MIA202405310,20240531,bottom,3,0,10,4,1,6,2,28
2024,MIL202405310,20240531,top,3,0,15,4,1,3,0,13
2024,MIL202405310,20240531,bottom,6,0,23,7,1,5,1,16
2024,NYN202405310,20240531,top,7,3,28,8,1,3,0,13
2024,NYN202405310,20240531,bottom,8,4,27,9,1,5,1,14
2024,PHI202405310,20240531,top,3,0,7,4,1,3,0,15
2024,PHI202405310,20240531,bottom,3,0,16,4,1,6,3,23
2024,SEA202405310,20240531,top,3,0,10,4,1,3,0,15
2024,SEA202405310,20240531,bottom,7,3,20,8,1,4,0,17
2024,SFN202405310,20240531,top,4,0,23,5,1,4,0,19
2024,SFN202405310,20240531,bottom,3,0,17,4,1,4,1,10
2024,TOR202405310,20240531,top,4,0,12,5,1,4,0,11
2024,TOR202405310,20240531,bottom,3,0,10,4,1,4,0,17
2024,ATL202406010,20240601,top,6,2,24,7,1,7,4,27
2024,ATL202406010,20240601,bottom,5,2,22,6,1,4,0,17
2024,BAL202406010,20240601,top,5,0,19,6,1,7,3,31
2024,BAL202406010,20240601,bottom,6,3,20,7,1,6,1,23
2024,BOS202406010,20240601,top,4,1,18,5,1,4,0,15
2024,BOS202406010,20240601,bottom,4,0,18,5,1,4,1,20
2024,CHN202406010,20240601,top,3,0,15,4,1,8,4,29
2024,CHN202406010,20240601,bottom,5,0,19,6,1,7,4,35
2024,CLE202406010,20240601,top,3,0,13,4,1,4,0,9
2024,CLE202406010,20240601,bottom,7,2,31,8,1,3,0,11
2024,HOU202406010,20240601,top,3,0,9,4,1,3,0,16
2024,HOU202406010,20240601,bottom,5,2,23,6,1,4,1,21
2024,KCA202406010,20240601,top,4,1,11,5,1,3,0,13
2024,KCA202406010,20240601,bottom,5,2,15,6,1,3,0,14
2024,LAN202406010,20240601,top,5,0,18,6,1,4,1,14
2024,LAN202406010,20240601,bottom,3,0,11,4,1,6,2,22
2024,MIA202406010,20240601,top,4,0,13,5,1,4,0,21
2024,MIA202406010,20240601,bottom,4,0,16,5,1,5,0,20
2024,MIL202406010,20240601,top,3,0,15,4,1,3,0,9
2024,MIL202406010,20240601,bottom,4,0,11,5,1,4,0,19
2024,NYN202406010,20240601,top,4,0,11,5,1,3,0,10
2024,NYN202406010,20240601,bottom,4,0,17,5,1,3,0,11
2024,PHI202406010,20240601,top,3,0,15,4,1,3,0,8
2024,PHI202406010,20240601,bottom,8,3,28,9,1,3,0,10
2024,SEA202406010,20240601,top,3,0,15,4,1,5,0,20
2024,SEA202406010,20240601,bottom,5,0,21,6,1,3,0,15
2024,SFN202406010,20240601,top,5,2,28,6,1,3,0,11
2024,SFN202406010,20240601,bottom,3,0,9,4,1,3,0,17
2024,TOR202406010,20240601,top,6,3,20,7,1,4,0,12
2024,TOR202406010,20240601,bottom,5,0,23,6,1,4,0,20
2024,ATL202406020,20240602,top,3,0,11,4,1,3,0,13
2024,ATL202406020,20240602,bottom,5,1,19,6,1,3,0,10
2024,BAL202406020,20240602,top,4,0,10,5,1,3,0,8
2024,BAL202406020,20240602,bottom,5,1,14,6,1,4,0,13
2024,BOS202406020,20240602,top,5,0,11,6,1,3,0,14
2024,BOS202406020,20240602,bottom,6,1,30,7,1,5,1,16
2024,CHN202406020,20240602,top,4,0,12,5,1,7,4,25
2024,CHN202406020,20240602,bottom,5,0,16,6,1,3,0,11
2024,CLE202406020,20240602,top,3,0,11,4,1,8,4,26
2024,CLE202406020,20240602,bottom,3,0,9,4,1,6,2,21
2024,HOU202406020,20240602,top,4,1,18,5,1,5,1,21
2024,HOU202406020,20240602,bottom,4,0,19,5,1,4,1,11
2024,KCA202406020,20240602,top,4,0,17,5,1,4,0,18
2024,KCA202406020,20240602,bottom,3,0,12,4,1,3,0,13
2024,LAN202406020,20240602,top,4,0,17,5,1,4,0,12
2024,LAN202406020,20240602,bottom,7,2,32,8,1,4,0,16
2024,MIA202406020,20240602,top,6,3,17,7,1,5,0,17
2024,MIA202406020,20240602,bottom,3,0,14,4,1,3,0,14
2024,MIL202406020,20240602,top,7,2,43,8,1,3,0,15
2024,MIL202406020,20240602,bottom,3,0,15,4,1,7,4,26
2024,NYN202406020,20240602,top,5,2,15,6,1,6,1,26
2024,NYN202406020,20240602,bottom,3,0,11,4,1,3,0,16
2024,PHI202406020,20240602,top,5,2,16,6,1,4,0,12
2024,PHI202406020,20240602,bottom,4,0,22,5,1,6,2,26
2024,SEA202406020,20240602,top,4,0,10,5,1,3,0,15
2024,SEA202406020,20240602,bottom,4,0,20,5,1,5,0,11
2024,SFN202406020,20240602,top,5,1,20,6,1,5,0,21
2024,SFN202406020,20240602,bottom,3,0,14,4,1,6,1,31
2024,TOR202406020,20240602,top,5,0,19,6,1,6,0,26
2024,TOR202406020,20240602,bottom,4,0,15,5,1,3,0,17
2024,ANA202406030,20240603,top,4,1,12,5,1,3,0,9
2024,ANA202406030,20240603,bottom,3,0,16,4,1,3,0,11
2024,ARI202406030,20240603,top,3,0,9,4,1,3,0,10
2024,ARI202406030,20240603,bottom,4,0,15,5,0,6,2,19
2024,COL202406030,20240603,top,3,0,14,4,1,4,1,9
2024,COL202406030,20240603,bottom,6,1,23,7,1,3,0,13
2024,HOU202406030,20240603,top,5,2,21,6,1,4,0,19
2024,HOU202406030,20240603,bottom,5,0,18,6,1,3,0,10
2024,PHI202406030,20240603,top,3,0,11,4,1,3,0,14
2024,PHI202406030,20240603,bottom,3,0,5,4,0,7,2,25
2024,TEX202406030,20240603,top,3,0,10,4,1,3,0,9
2024,TEX202406030,20240603,bottom,4,1,16,5,1,4,0,15
2024,TOR202406030,20240603,top,3,0,12,4,1,6,2,30
2024,TOR202406030,20240603,bottom,3,0,10,4,1,5,1,13
2024,WAS202406030,20240603,top,4,0,19,5,1,7,1,29
2024,WAS202406030,20240603,bottom,4,0,16,5,1,4,1,14
2024,ANA202406040,20240604,top,4,0,15,5,1,3,0,13
2024,ANA202406040,20240604,bottom,3,0,10,4,1,4,0,16
2024,ARI202406040,20240604,top,3,0,17,4,1,6,0,33
2024,ARI202406040,20240604,bottom,3,0,7,4,1,3,0,9
2024,BOS202406040,20240604,top,3,0,13,4,1,5,2,19
2024,BOS202406040,20240604,bottom,3,0,17,4,1,3,0,9
2024,CHN202406040,20240604,top,4,0,12,5,1,3,0,12
2024,CHN202406040,20240604,bottom,3,0,13,4,1,3,0,9
2024,CLE202406040,20240604,top,3,0,9,4,1,4,0,17
2024,CLE202406040,20240604,bottom,3,0,8,4,1,3,0,11
2024,COL202406040,20240604,top,5,1,11,6,1,3,0,8
2024,COL202406040,20240604,bottom,3,0,13,4,1,3,0,9
2024,HOU202406040,20240604,top,5,1,22,6,1,5,0,25
2024,HOU202406040,20240604,bottom,6,2,22,7,1,4,0,11
2024,MIA202406040,20240604,top,4,0,13,5,1,3,0,14
2024,MIA202406040,20240604,bottom,8,3,36,9,1,3,0,12
2024,NYA202406040,20240604,top,3,0,13,4,1,4,0,17
2024,NYA202406040,20240604,bottom,4,0,14,5,1,4,1,10
2024,OAK202406040,20240604,top,6,0,22,7,1,3,0,15
2024,OAK202406040,20240604,bottom,3,0,12,4,1,3,0,17
2024,PHI202406040,20240604,top,3,0,5,4,1,3,0,15
2024,PHI202406040,20240604,bottom,4,0,14,5,1,5,0,14
2024,PIT202406040,20240604,top,5,0,17,6,1,4,0,14
2024,PIT202406040,20240604,bottom,4,0,18,5,1,3,0,14
2024,TEX202406040,20240604,top,3,0,17,4,1,6,2,28
2024,TEX202406040,20240604,bottom,3,0,15,4,1,3,0,11
2024,TOR202406040,20240604,top,3,0,22,4,1,3,0,18
2024,TOR202406040,20240604,bottom,3,0,10,4,1,5,0,26
2024,WAS202406040,20240604,top,4,0,18,5,1,3,0,11
2024,WAS202406040,20240604,bottom,3,0,6,4,1,3,0,14
2024,ANA202406050,20240605,top,3,0,5,4,1,3,0,10
2024,ANA202406050,20240605,bottom,4,1,13,5,1,5,2,17
2024,ARI202406050,20240605,top,5,0,19,6,1,4,0,15
2024,ARI202406050,20240605,bottom,6,1,30,7,1,4,0,10
2024,BOS202406050,20240605,top,3,0,9,4,1,4,0,18
2024,BOS202406050,20240605,bottom,3,0,11,4,1,7,3,32
2024,CHN202406050,20240605,top,4,1,9,5,1,3,0,9
2024,CHN202406050,20240605,bottom,3,0,13,4,1,7,1,28
2024,COL202406050,20240605,top,4,0,17,5,1,4,0,13
2024,COL202406050,20240605,bottom,7,4,27,8,1,4,0,16
2024,HOU202406050,20240605,top,3,0,13,4,1,3,0,8
2024,HOU202406050,20240605,bottom,4,0,9,5,1,3,0,9
2024,MIA202406050,20240605,top,7,3,29,8,1,3,0,8
2024,MIA202406050,20240605,bottom,6,2,21,7,1,3,0,15
2024,NYA202406050,20240605,top,3,0,17,4,1,3,0,16
2024,NYA202406050,20240605,bottom,8,4,33,9,1,3,0,11
2024,OAK202406050,20240605,top,3,0,12,4,1,3,0,14
2024,OAK202406050,20240605,bottom,3,0,13,4,1,3,0,9
2024,PHI202406050,20240605,top,3,0,10,4,1,3,0,16
2024,PHI202406050,20240605,bottom,5,0,19,6,1,4,0,19
2024,PIT202406050,20240605,top,3,0,12,4,1,4,0,21
2024,PIT202406050,20240605,bottom,3,0,13,4,1,11,7,35
2024,TEX202406050,20240605,top,3,0,11,4,1,3,0,10
2024,TEX202406050,20240605,bottom,6,0,33,7,0,5,1,20
2024,TOR202406050,20240605,top,4,0,18,5,1,6,2,24
2024,TOR202406050,20240605,bottom,4,0,19,5,1,6,2,24
2024,WAS202406050,20240605,top,3,0,10,4,1,3,0,12
2024,WAS202406050,20240605,bottom,3,0,11,4,1,3,0,14
2024,CHA202406060,20240606,top,6,1,23,7,1,7,2,29
2024,CHA202406060,20240606,bottom,3,0,11,4,1,4,0,23
2024,CIN202406060,20240606,top,5,0,23,6,1,3,0,14
2024,CIN202406060,20240606,bottom,3,0,12,4,1,5,0,13
2024,CLE202406060,20240606,top,5,1,16,6,1,4,0,15
2024,CLE202406060,20240606,bottom,6,1,23,7,1,5,0,14
2024,NYA202406060,20240606,top,4,1,9,5,1,4,0,17
2024,NYA202406060,20240606,bottom,5,0,23,6,1,5,2,17
2024,OAK202406060,20240606,top,3,0,14,4,1,3,0,10
2024,OAK202406060,20240606,bottom,4,0,19,5,1,4,0,17
2024,PIT202406060,20240606,top,9,4,37,1,1,3,0,10
2024,PIT202406060,20240606,bottom,4,0,11,5,1,6,1,26
2024,SDN202406060,20240606,top,6,1,16,7,1,6,2,20
2024,SDN202406060,20240606,bottom,5,0,25,6,1,4,0,13
2024,SLN202406060,20240606,top,3,0,11,4,1,3,0,9
2024,SLN202406060,20240606,bottom,3,0,15,4,1,4,0,16
2024,TOR202406060,20240606,top,5,0,25,6,1,3,0,13
2024,TOR202406060,20240606,bottom,3,0,9,4,1,4,0,19
2024,WAS202406060,20240606,top,3,0,9,4,1,3,0,11
2024,WAS202406060,20240606,bottom,3,0,7,4,1,4,0,18
2024,ANA202406070,20240607,top,6,1,19,7,1,3,0,13
2024,ANA202406070,20240607,bottom,3,0,6,4,1,5,1,18
2024,CHA202406070,20240607,top,4,0,14,5,1,3,0,14
2024,CHA202406070,20240607,bottom,4,1,14,5,1,4,0,11
2024,CIN202406070,20240607,top,5,0,22,6,1,4,0,23
2024,CIN202406070,20240607,bottom,3,0,10,4,1,3,0,12
2024,DET202406070,20240607,top,4,0,18,5,1,9,5,29
2024,DET202406070,20240607,bottom,3,0,10,4,1,3,0,15
2024,KCA202406070,20240607,top,10,7,40,2,1,5,0,22
2024,KCA202406070,20240607,bottom,4,0,19,5,1,3,0,12
2024,MIA202406070,20240607,top,3,0,16,4,1,3,0,15
2024,MIA202406070,20240607,bottom,4,0,7,5,1,4,0,20
2024,NYA202406070,20240607,top,4,0,23,5,1,3,0,4
2024,NYA202406070,20240607,bottom,4,0,18,5,1,5,0,24
2024,OAK202406070,20240607,top,3,0,11,4,1,3,0,17
2024,OAK202406070,20240607,bottom,3,0,16,4,1,4,0,15
2024,PIT202406070,20240607,top,5,0,20,6,1,3,0,9
2024,PIT202406070,20240607,bottom,3,0,9,4,1,4,1,11
2024,SDN202406070,20240607,top,5,0,19,6,1,5,0,25
2024,SDN202406070,20240607,bottom,6,2,23,7,1,3,0,10
2024,SLN202406070,20240607,top,3,0,17,4,1,6,0,24
2024,SLN202406070,20240607,bottom,7,3,25,8,1,6,1,30
2024,TBA202406070,20240607,top,4,0,12,5,1,6,2,31
2024,TBA202406070,20240607,bottom,3,0,12,4,1,5,1,13
2024,TEX202406070,20240607,top,4,0,13,5,1,5,1,23
2024,TEX202406070,20240607,bottom,3,0,8,4,1,3,0,18
2024,WAS202406070,20240607,top,3,0,11,4,1,3,0,9
2024,WAS202406070,20240607,bottom,3,0,15,4,1,3,0,11
2024,ANA202406080,20240608,top,5,0,18,6,1,3,0,9
2024,ANA202406080,20240608,bottom,6,0,24,7,1,5,0,23
2024,CHA202406080,20240608,top,4,0,22,5,1,5,0,25
2024,CHA202406080,20240608,bottom,3,0,11,4,1,5,0,14
2024,CIN202406080,20240608,top,6,1,25,7,1,4,0,20
2024,CIN202406080,20240608,bottom,4,1,14,5,1,3,0,13
2024,DET202406080,20240608,top,4,1,15,5,1,4,0,18
2024,DET202406080,20240608,bottom,6,1,34,7,1,7,3,26
2024,KCA202406080,20240608,top,4,1,15,5,1,3,0,15
2024,KCA202406080,20240608,bottom,5,1,24,6,1,4,1,17
2024,MIA202406080,20240608,top,4,1,18,5,1,5,0,24
2024,MIA202406080,20240608,bottom,3,0,12,4,1,3,0,13
2024,NYA202406080,20240608,top,3,0,13,4,1,4,1,12
2024,NYA202406080,20240608,bottom,5,0,14,6,1,5,1,20
2024,NYN202406080,20240608,top,4,0,21,5,1,3,0,14
2024,NYN202406080,20240608,bottom,6,1,23,7,1,3,0,12
2024,OAK202406080,20240608,top,6,1,31,7,1,5,0,16
2024,OAK202406080,20240608,bottom,4,0,11,5,1,3,0,12
2024,PIT202406080,20240608,top,3,0,9,4,1,4,0,11
2024,PIT202406080,20240608,bottom,5,0,10,6,1,3,0,12
2024,SDN202406080,20240608,top,3,0,20,4,1,3,0,16
2024,SDN202406080,20240608,bottom,4,0,13,5,1,8,4,37
2024,SLN202406080,20240608,top,5,1,20,6,1,3,0,13
2024,SLN202406080,20240608,bottom,3,0,16,4,1,3,0,13
2024,TBA202406080,20240608,top,4,0,22,5,1,4,0,23
2024,TBA202406080,20240608,bottom,4,0,20,5,1,3,0,11
2024,TEX202406080,20240608,top,5,1,21,6,1,3,0,11
2024,TEX202406080,20240608,bottom,5,1,23,6,1,4,0,14
2024,WAS202406080,20240608,top,6,0,27,7,1,3,0,14
2024,WAS202406080,20240608,bottom,6,2,21,7,1,4,1,20
2024,ANA202406090,20240609,top,3,0,8,4,1,3,0,14
2024,ANA202406090,20240609,bottom,3,0,15,4,1,5,1,18
2024,CHA202406090,20240609,top,3,0,17,4,1,3,0,14
2024,CHA202406090,20240609,bottom,3,0,10,4,1,5,0,22
2024,CIN202406090,20240609,top,8,3,39,9,1,6,1,24
2024,CIN202406090,20240609,bottom,3,0,8,4,1,4,0,11
2024,DET202406090,20240609,top,3,0,11,4,1,5,0,15
2024,DET202406090,20240609,bottom,7,2,20,8,1,4,0,13
2024,KCA202406090,20240609,top,4,1,20,5,1,3,0,13
2024,KCA202406090,20240609,bottom,4,0,21,5,1,3,0,16
2024,MIA202406090,20240609,top,4,0,15,5,1,5,1,24
2024,MIA202406090,20240609,bottom,3,0,11,4,1,3,0,11
2024,NYA202406090,20240609,top,4,0,20,5,1,4,0,14
2024,NYA202406090,20240609,bottom,3,0,12,4,1,4,0,19
2024,OAK202406090,20240609,top,4,0,10,5,1,5,2,24
2024,OAK202406090,20240609,bottom,4,0,14,5,1,5,0,11
2024,PHI202406090,20240609,top,3,0,10,4,1,3,0,13
2024,PHI202406090,20240609,bottom,5,1,26,6,1,3,0,12
2024,PIT202406090,20240609,top,7,3,27,8,1,5,0,18
2024,PIT202406090,20240609,bottom,3,0,15,4,1,5,1,15
2024,SDN202406090,20240609,top,7,1,29,8,1,9,6,37
2024,SDN202406090,20240609,bottom,4,1,15,5,0,6,1,24
2024,SLN202406090,20240609,top,3,0,10,4,1,4,0,17
2024,SLN202406090,20240609,bottom,5,0,16,6,1,5,1,17
2024,TBA202406090,20240609,top,4,0,15,5,1,4,0,15
2024,TBA202406090,20240609,bottom,3,0,20,4,1,3,0,19
2024,TEX202406090,20240609,top,3,0,14,4,1,3,0,12
2024,TEX202406090,20240609,bottom,7,3,25,8,1,5,2,20
2024,WAS202406090,20240609,top,3,0,12,4,1,7,2,33
2024,WAS202406090,20240609,bottom,3,0,9,4,1,3,0,15
2024,KCA202406100,20240610,top,6,2,26,7,1,3,0,12
2024,KCA202406100,20240610,bottom,3,0,13,4,1,3,0,11
2024,MIL202406100,20240610,top,4,0,20,5,1,3,0,10
2024,MIL202406100,20240610,bottom,3,0,11,4,1,4,0,17
2024,MIN202406100,20240610,top,4,0,13,5,1,4,0,14
2024,MIN202406100,20240610,bottom,3,0,8,4,1,3,0,11
2024,SDN202406100,20240610,top,4,0,19,5,1,6,1,17
2024,SDN202406100,20240610,bottom,4,0,19,5,1,6,0,23
2024,SEA202406100,20240610,top,3,0,11,4,1,5,0,15
2024,SEA202406100,20240610,bottom,3,0,14,4,1,4,0,15
2024,SFN202406100,20240610,top,3,0,7,4,1,3,0,13
2024,SFN202406100,20240610,bottom,5,0,21,6,1,3,0,17
2024,TBA202406100,20240610,top,5,1,12,6,1,3,0,12
2024,TBA202406100,20240610,bottom,5,0,22,6,1,5,2,17
2024,ARI202406110,20240611,top,5,0,18,6,1,3,0,17
2024,ARI202406110,20240611,bottom,4,0,19,5,1,6,2,17
2024,BAL202406110,20240611,top,4,0,15,5,1,5,0,17
2024,BAL202406110,20240611,bottom,3,0,12,4,1,7,3,25
2024,BOS202406110,20240611,top,4,1,9,5,1,4,0,10
2024,BOS202406110,20240611,bottom,5,1,14,6,1,3,0,8
2024,CIN202406110,20240611,top,4,0,15,5,0,3,0,6
2024,CIN202406110,20240611,bottom,5,1,18,6,1,4,0,20
2024,DET202406110,20240611,top,3,0,14,4,1,3,0,17
2024,DET202406110,20240611,bottom,4,0,18,5,1,5,0,17
2024,KCA202406110,20240611,top,6,2,21,7,1,3,0,12
2024,KCA202406110,20240611,bottom,5,0,18,6,1,3,0,12
2024,LAN202406110,20240611,top,3,0,12,4,1,5,1,23
2024,LAN202406110,20240611,bottom,6,3,30,7,1,3,0,14
2024,MIL202406110,20240611,top,3,0,9,4,1,6,1,22
2024,MIL202406110,20240611,bottom,6,0,26,7,1,5,0,28
2024,MIN202406110,20240611,top,3,0,9,4,1,3,0,10
2024,MIN202406110,20240611,bottom,5,0,14,6,1,5,0,18
2024,NYN202406110,20240611,top,4,0,17,5,1,5,1,16
2024,NYN202406110,20240611,bottom,3,0,13,4,1,7,2,31
2024,SDN202406110,20240611,top,4,1,17,5,1,5,0,18
2024,SDN202406110,20240611,bottom,4,0,12,5,1,3,0,14
2024,SEA202406110,20240611,top,4,0,18,5,1,7,1,27
2024,SEA202406110,20240611,bottom,3,0,12,4,1,6,1,25
2024,SFN202406110,20240611,top,3,0,7,4,1,4,0,16
2024,SFN202406110,20240611,bottom,4,0,20,5,1,4,0,16
2024,SLN202406110,20240611,top,3,0,13,4,1,3,0,11
2024,SLN202406110,20240611,bottom,3,0,11,4,1,3,0,12
2024,TBA202406110,20240611,top,4,0,12,5,1,5,0,18
2024,TBA202406110,20240611,bottom,3,0,15,4,1,3,0,14
2024,ARI202406120,20240612,top,5,1,19,6,1,4,1,15
2024,ARI202406120,20240612,bottom,3,0,7,4,1,3,0,12
2024,BAL202406120,20240612,top,3,0,15,4,1,4,0,15
2024,BAL202406120,20240612,bottom,4,0,13,5,1,3,0,12
2024,BOS202406120,20240612,top,6,2,27,7,1,5,0,15
2024,BOS202406120,20240612,bottom,3,0,8,4,1,3,0,6
2024,CIN202406120,20240612,top,3,0,14,4,1,5,0,21
2024,CIN202406120,20240612,bottom,4,1,14,5,1,4,0,22
2024,DET202406120,20240612,top,4,0,9,5,1,3,0,15
2024,DET202406120,20240612,bottom,6,1,22,7,1,3,0,13
2024,KCA202406120,20240612,top,9,6,36,1,0,4,0,9
2024,KCA202406120,20240612,bottom,3,0,16,4,1,3,0,10
2024,LAN202406120,20240612,top,4,0,19,5,1,4,0,12
2024,LAN202406120,20240612,bottom,5,1,23,6,1,4,0,18
2024,MIL202406120,20240612,top,4,1,11,5,1,3,0,10
2024,MIL202406120,20240612,bottom,6,0,22,7,1,4,0,8
2024,MIN202406120,20240612,top,5,1,25,6,1,4,0,17
2024,MIN202406120,20240612,bottom,8,5,36,9,1,5,0,15
2024,NYN202406120,20240612,top,3,0,9,4,1,6,2,18
2024,NYN202406120,20240612,bottom,5,2,16,6,1,8,3,34
2024,SDN202406120,20240612,top,3,0,11,4,1,5,0,26
2024,SDN202406120,20240612,bottom,3,0,8,4,1,5,1,25
2024,SEA202406120,20240612,top,4,0,19,5,1,4,0,13
2024,SEA202406120,20240612,bottom,3,0,12,4,1,5,0,24
2024,SFN202406120,20240612,top,4,0,8,5,1,3,0,10
2024,SFN202406120,20240612,bottom,4,0,9,5,1,4,0,16
2024,SLN202406120,20240612,top,5,0,18,6,1,3,0,11
2024,SLN202406120,20240612,bottom,3,0,17,4,1,6,0,26
2024,TBA202406120,20240612,top,6,0,18,7,1,3,0,9
2024,TBA202406120,20240612,bottom,3,0,15,4,1,5,0,20
2024,ARI202406130,20240613,top,5,0,21,6,1,3,0,16
2024,ARI202406130,20240613,bottom,6,3,30,7,1,4,0,12
2024,BAL202406130,20240613,top,6,2,14,7,1,4,0,15
2024,BAL202406130,20240613,bottom,4,0,11,5,1,4,0,14
2024,BOS202406130,20240613,top,4,0,11,5,1,5,0,22
2024,BOS202406130,20240613,bottom,4,0,19,5,1,8,4,30
2024,DET202406130,20240613,top,3,0,13,4,1,4,0,12
2024,DET202406130,20240613,bottom,4,0,14,5,1,4,0,15
2024,KCA202406130,20240613,top,3,0,13,4,1,4,0,22
2024,KCA202406130,20240613,bottom,3,0,8,4,1,3,0,16
2024,LAN202406130,20240613,top,6,2,23,7,0,3,0,13
2024,LAN202406130,20240613,bottom,4,0,13,5,1,3,0,12
2024,MIN202406130,20240613,top,3,0,14,4,1,5,2,18
2024,MIN202406130,20240613,bottom,3,0,14,4,1,6,2,26
2024,NYN202406130,20240613,top,3,0,7,4,1,3,0,16
2024,NYN202406130,20240613,bottom,3,0,10,4,1,4,0,19
2024,SEA202406130,20240613,top,3,0,13,4,1,5,0,19
2024,SEA202406130,20240613,bottom,3,0,13,4,1,3,0,10
2024,SLN202406130,20240613,top,3,0,10,4,1,4,0,20
2024,SLN202406130,20240613,bottom,3,0,6,4,1,5,0,19
2024,TBA202406130,20240613,top,4,0,23,5,1,3,0,9
2024,TBA202406130,20240613,bottom,3,0,14,4,1,3,0,12
2024,ARI202406140,20240614,top,3,0,10,4,1,6,1,22
2024,ARI202406140,20240614,bottom,3,0,9,4,1,7,2,27
2024,ATL202406140,20240614,top,6,1,18,7,1,3,0,12
2024,ATL202406140,20240614,bottom,10,5,29,2,1,6,2,30
2024,BAL202406140,20240614,top,4,1,14,5,1,3,0,17
2024,BAL202406140,20240614,bottom,4,0,13,5,1,4,0,17
2024,BOS202406140,20240614,top,7,2,25,8,1,3,0,12
2024,BOS202406140,20240614,bottom,3,0,14,4,1,4,0,11
2024,CHN202406140,20240614,top,4,0,15,5,1,4,0,18
2024,CHN202406140,20240614,bottom,4,0,12,5,1,4,0,21
2024,COL202406140,20240614,top,5,1,13,6,1,3,0,11
2024,COL202406140,20240614,bottom,4,0,18,5,1,4,0,19
2024,HOU202406140,20240614,top,3,0,12,4,1,5,0,20
2024,HOU202406140,20240614,bottom,5,0,19,6,1,3,0,9
2024,LAN202406140,20240614,top,3,0,10,4,1,3,0,10
2024,LAN202406140,20240614,bottom,3,0,12,4,1,3,0,13
2024,MIL202406140,20240614,top,4,0,19,5,1,4,0,12
2024,MIL202406140,20240614,bottom,4,0,17,5,1,5,0,31
2024,MIN202406140,20240614,top,8,4,37,9,1,3,0,5
2024,MIN202406140,20240614,bottom,3,0,9,4,1,5,1,16
2024,NYN202406140,20240614,top,3,0,16,4,1,4,0,24
2024,NYN202406140,20240614,bottom,3,0,11,4,1,4,0,15
2024,SEA202406140,20240614,top,6,2,25,7,1,3,0,14
2024,SEA202406140,20240614,bottom,5,2,22,6,1,4,0,12
2024,SFN202406140,20240614,top,4,0,12,5,1,7,1,20
2024,SFN202406140,20240614,bottom,5,0,24,6,1,5,0,19
2024,TOR202406140,20240614,top,4,0,18,5,1,5,1,17
2024,TOR202406140,20240614,bottom,3,0,6,4,1,4,0,19
2024,WAS202406140,20240614,top,4,0,9,5,1,6,1,20
2024,WAS202406140,20240614,bottom,4,0,16,5,1,4,0,7
2024,ARI202406150,20240615,top,3,0,12,4,1,4,0,14
2024,ARI202406150,20240615,bottom,5,1,24,6,1,6,0,22
2024,ATL202406150,20240615,top,5,1,26,6,1,3,0,15
2024,ATL202406150,20240615,bottom,3,0,13,4,1,3,0,10
2024,BAL202406150,20240615,top,5,1,17,6,1,4,1,15
2024,BAL202406150,20240615,bottom,3,0,12,4,1,5,0,15
2024,BOS202406150,20240615,top,4,0,26,5,1,6,2,34
2024,BOS202406150,20240615,bottom,8,3,30,9,1,7,2,32
2024,CHN202406150,20240615,top,3,0,12,4,1,4,0,11
2024,CHN202406150,20240615,bottom,3,0,18,4,1,5,0,17
2024,COL202406150,20240615,top,3,0,9,4,1,3,0,5
2024,COL202406150,20240615,bottom,3,0,12,4,1,4,0,20
2024,HOU202406150,20240615,top,6,2,28,7,1,12,6,42
2024,HOU202406150,20240615,bottom,3,0,9,4,1,4,0,14
2024,LAN202406150,20240615,top,4,0,11,5,1,4,0,17
2024,LAN202406150,20240615,bottom,3,0,7,4,1,5,0,24
2024,MIL202406150,20240615,top,4,0,11,5,0,5,0,21
2024,MIL202406150,20240615,bottom,5,0,29,6,1,4,0,17
2024,NYN202406150,20240615,top,4,0,14,5,1,3,0,12
2024,NYN202406150,20240615,bottom,5,0,19,6,1,6,0,23
2024,SEA202406150,20240615,top,4,0,16,5,1,3,0,10
2024,SEA202406150,20240615,bottom,6,1,23,7,1,3,0,14
2024,SFN202406150,20240615,top,4,0,13,5,1,4,1,13
2024,SFN202406150,20240615,bottom,7,2,33,8,1,4,0,18
2024,TOR202406150,20240615,top,3,0,8,4,1,4,0,18
2024,TOR202406150,20240615,bottom,3,0,11,4,1,8,3,27
2024,WAS202406150,20240615,top,3,0,13,4,1,3,0,11
2024,WAS202406150,20240615,bottom,5,1,13,6,1,3,0,8
2024,ARI202406160,20240616,top,4,0,14,5,1,3,0,13
2024,ARI202406160,20240616,bottom,7,3,22,8,1,4,0,15
2024,ATL202406160,20240616,top,5,1,26,6,1,3,0,10
2024,ATL202406160,20240616,bottom,5,1,18,6,1,4,1,15
2024,BAL202406160,20240616,top,5,0,17,6,1,4,0,17
2024,BAL202406160,20240616,bottom,5,1,27,6,1,5,2,17
2024,BOS202406160,20240616,top,4,1,15,5,1,3,0,18
2024,BOS202406160,20240616,bottom,4,0,16,5,1,6,2,32
2024,CHN202406160,20240616,top,5,0,18,6,1,5,2,19
2024,CHN202406160,20240616,bottom,3,0,10,4,1,3,0,15
2024,COL202406160,20240616,top,3,0,12,4,1,4,1,13
2024,COL202406160,20240616,bottom,4,0,16,5,1,3,0,14
2024,HOU202406160,20240616,top,3,0,10,4,1,3,0,12
2024,HOU202406160,20240616,bottom,5,1,21,6,1,6,3,27
2024,LAN202406160,20240616,top,3,0,9,4,1,3,0,10
2024,LAN202406160,20240616,bottom,4,0,16,5,1,5,0,22
2024,MIL202406160,20240616,top,4,1,11,5,1,4,0,13
2024,MIL202406160,20240616,bottom,4,0,17,5,1,3,0,11
2024,NYN202406160,20240616,top,6,1,29,7,1,4,0,16
2024,NYN202406160,20240616,bottom,8,4,33,9,1,3,0,14
2024,SEA202406160,20240616,top,3,0,11,4,1,3,0,7
2024,SEA202406160,20240616,bottom,5,0,33,6,1,3,0,12
2024,SFN202406160,20240616,top,5,1,15,6,0,4,1,10
2024,SFN202406160,20240616,bottom,4,0,17,5,1,5,0,25
2024,TOR202406160,20240616,top,5,0,14,6,1,3,0,15
2024,TOR202406160,20240616,bottom,6,0,31,7,1,5,2,15
2024,WAS202406160,20240616,top,4,0,15,5,1,4,0,12
2024,WAS202406160,20240616,bottom,5,1,20,6,1,4,0,10
2024,MIN202406161,20240616,top,3,0,16,4,1,4,0,19
2024,MIN202406161,20240616,bottom,9,3,40,1,1,5,0,10
2024,MIN202406162,20240616,top,3,0,7,4,1,7,3,29
2024,MIN202406162,20240616,bottom,8,2,29,9,1,6,3,17
2024,ANA202406170,20240617,top,3,0,12,4,1,6,2,22
2024,ANA202406170,20240617,bottom,3,0,19,4,1,3,0,8
2024,ATL202406170,20240617,top,4,0,20,5,1,3,0,13
2024,ATL202406170,20240617,bottom,4,0,18,5,1,4,0,16
2024,CHN202406170,20240617,top,3,0,13,4,1,4,0,15
2024,CHN202406170,20240617,bottom,3,0,11,4,1,4,0,12
2024,COL202406170,20240617,top,6,1,28,7,1,7,2,24
2024,COL202406170,20240617,bottom,3,0,14,4,1,4,1,13
2024,MIA202406170,20240617,top,4,0,17,5,1,4,0,12
2024,MIA202406170,20240617,bottom,3,0,7,4,1,3,0,6
2024,PHI202406170,20240617,top,3,0,8,4,1,3,0,8
2024,PHI202406170,20240617,bottom,3,0,17,4,1,5,0,16
2024,PIT202406170,20240617,top,5,1,19,6,1,4,0,15
2024,PIT202406170,20240617,bottom,7,3,27,8,1,5,1,18
2024,TEX202406170,20240617,top,6,1,16,7,1,9,6,26
2024,TEX202406170,20240617,bottom,4,0,18,5,1,4,0,18
2024,TOR202406170,20240617,top,5,2,30,6,1,3,0,17
2024,TOR202406170,20240617,bottom,4,0,17,5,1,5,1,26
2024,ANA202406180,20240618,top,4,1,14,5,1,5,1,25
2024,ANA202406180,20240618,bottom,3,0,10,4,1,5,0,22
2024,ATL202406180,20240618,top,4,0,20,5,1,4,0,16
2024,ATL202406180,20240618,bottom,6,2,23,7,1,5,0,31
2024,CHA202406180,20240618,top,4,0,19,5,1,3,0,6
2024,CHA202406180,20240618,bottom,4,0,17,5,1,3,0,7
2024,CHN202406180,20240618,top,3,0,10,4,1,4,0,10
2024,CHN202406180,20240618,bottom,3,0,13,4,1,5,2,19
2024,CLE202406180,20240618,top,4,0,14,5,1,4,0,21
2024,CLE202406180,20240618,bottom,3,0,11,4,1,6,1,23
2024,COL202406180,20240618,top,3,0,15,4,1,4,1,17
2024,COL202406180,20240618,bottom,7,4,24,8,1,6,2,27
2024,MIA202406180,20240618,top,6,2,19,7,1,7,2,27
2024,MIA202406180,20240618,bottom,6,3,21,7,1,5,1,15
2024,MIN202406180,20240618,top,6,3,17,7,1,3,0,6
2024,MIN202406180,20240618,bottom,4,0,19,5,1,4,0,17
2024,NYA202406180,20240618,top,5,0,25,6,1,4,0,16
2024,NYA202406180,20240618,bottom,5,0,14,6,1,6,1,25
2024,OAK202406180,20240618,top,3,0,16,4,1,5,2,22
2024,OAK202406180,20240618,bottom,5,2,21,6,1,3,0,14
2024,PHI202406180,20240618,top,3,0,16,4,1,3,0,11
2024,PHI202406180,20240618,bottom,4,0,19,5,1,5,0,21
2024,PIT202406180,20240618,top,3,0,11,4,1,4,0,15
2024,PIT202406180,20240618,bottom,4,0,16,5,1,3,0,9
2024,TEX202406180,20240618,top,3,0,14,4,1,4,1,15
2024,TEX202406180,20240618,bottom,4,0,11,5,1,3,0,11
2024,TOR202406180,20240618,top,4,0,12,5,1,5,1,17
2024,TOR202406180,20240618,bottom,4,0,13,5,1,7,2,25
2024,WAS202406180,20240618,top,6,2,30,7,1,3,0,11
2024,WAS202406180,20240618,bottom,3,0,17,4,1,3,0,5
2024,ANA202406190,20240619,top,6,1,19,7,1,3,0,17
2024,ANA202406190,20240619,bottom,3,0,12,4,1,4,0,27
2024,ATL202406190,20240619,top,4,0,21,5,1,5,0,20
2024,ATL202406190,20240619,bottom,6,0,21,7,1,6,1,22
2024,CHA202406190,20240619,top,3,0,12,4,1,3,0,8
2024,CHA202406190,20240619,bottom,5,0,27,6,1,4,0,11
2024,CHN202406190,20240619,top,4,0,21,5,1,3,0,13
2024,CHN202406190,20240619,bottom,4,0,23,5,0,4,0,14
2024,CLE202406190,20240619,top,4,0,16,5,1,3,0,12
2024,CLE202406190,20240619,bottom,6,1,30,7,1,5,2,17
2024,COL202406190,20240619,top,4,0,11,5,1,8,4,33
2024,COL202406190,20240619,bottom,6,3,22,7,1,4,0,9
2024,MIA202406190,20240619,top,3,0,15,4,1,7,2,35
2024,MIA202406190,20240619,bottom,6,2,22,7,1,3,0,9
2024,MIN202406190,20240619,top,5,0,20,6,1,4,0,18
2024,MIN202406190,20240619,bottom,5,0,27,6,1,3,0,13
2024,NYA202406190,20240619,top,5,1,13,6,1,3,0,7
2024,NYA202406190,20240619,bottom,6,1,32,7,1,5,0,24
2024,OAK202406190,20240619,top,4,0,11,5,1,4,0,15
2024,OAK202406190,20240619,bottom,5,0,15,6,1,4,0,9
2024,PHI202406190,20240619,top,4,0,13,5,1,4,1,18
2024,PHI202406190,20240619,bottom,6,0,19,7,1,3,0,20
2024,PIT202406190,20240619,top,3,0,14,4,1,3,0,9
2024,PIT202406190,20240619,bottom,4,0,15,5,1,5,0,16
2024,TEX202406190,20240619,top,4,0,13,5,1,3,0,9
2024,TEX202406190,20240619,bottom,7,1,36,8,1,3,0,16
2024,TOR202406190,20240619,top,4,0,14,5,1,4,0,15
2024,TOR202406190,20240619,bottom,5,0,16,6,1,5,0,14
2024,WAS202406190,20240619,top,4,0,17,5,1,4,0,18
2024,WAS202406190,20240619,bottom,3,0,10,4,1,4,0,9
2024,CHA202406200,20240620,top,5,1,14,6,1,3,0,6
2024,CHA202406200,20240620,bottom,4,0,19,5,1,5,0,16
2024,CLE202406200,20240620,top,5,2,20,6,1,4,0,17
2024,CLE202406200,20240620,bottom,4,1,14,5,1,4,1,11
2024,COL202406200,20240620,top,5,1,14,6,1,6,0,22
2024,COL202406200,20240620,bottom,3,0,10,4,1,4,0,16
2024,MIN202406200,20240620,top,3,0,15,4,1,5,1,17
2024,MIN202406200,20240620,bottom,4,0,19,5,1,5,1,29
2024,NYA202406200,20240620,top,5,1,15,6,1,12,6,39
2024,NYA202406200,20240620,bottom,3,0,11,4,1,5,1,22
2024,OAK202406200,20240620,top,3,0,11,4,1,6,1,18
2024,OAK202406200,20240620,bottom,3,0,12,4,1,3,0,13
2024,SDN202406200,20240620,top,6,1,24,7,1,4,0,19
2024,SDN202406200,20240620,bottom,8,4,34,9,1,4,0,13
2024,SLN202406200,20240620,top,4,0,16,5,1,3,0,13
2024,SLN202406200,20240620,bottom,6,3,17,7,1,3,0,13
2024,WAS202406200,20240620,top,4,0,16,5,1,5,0,24
2024,WAS202406200,20240620,bottom,3,0,7,4,1,4,0,13
2024,CHN202406210,20240621,top,6,3,22,7,1,6,3,18
2024,CHN202406210,20240621,bottom,5,1,26,6,1,3,0,16
2024,CIN202406210,20240621,top,4,0,18,5,1,4,1,19
2024,CIN202406210,20240621,bottom,4,1,12,5,1,7,1,30
2024,CLE202406210,20240621,top,3,0,9,4,1,3,0,21
2024,CLE202406210,20240621,bottom,3,0,12,4,1,13,7,70
2024,COL202406210,20240621,top,4,0,14,5,1,4,0,12
2024,COL202406210,20240621,bottom,5,0,20,6,1,4,0,12
2024,DET202406210,20240621,top,5,0,25,6,1,4,0,14
2024,DET202406210,20240621,bottom,5,0,21,6,1,6,2,20
2024,HOU202406210,20240621,top,5,0,19,6,1,4,0,13
2024,HOU202406210,20240621,bottom,5,1,13,6,1,6,1,19
2024,LAN202406210,20240621,top,4,0,23,5,1,3,0,13
2024,LAN202406210,20240621,bottom,3,0,10,4,1,4,0,15
2024,MIA202406210,20240621,top,5,1,20,6,1,5,1,23
2024,MIA202406210,20240621,bottom,5,0,13,6,1,3,0,7
2024,NYA202406210,20240621,top,6,3,18,7,1,6,1,23
2024,NYA202406210,20240621,bottom,3,0,20,4,1,4,1,14
2024,OAK202406210,20240621,top,4,1,17,5,1,4,0,15
2024,OAK202406210,20240621,bottom,6,1,20,7,1,5,0,23
2024,PHI202406210,20240621,top,3,0,12,4,1,5,1,20
2024,PHI202406210,20240621,bottom,3,0,12,4,1,4,0,13
2024,PIT202406210,20240621,top,5,0,22,6,1,5,1,23
2024,PIT202406210,20240621,bottom,4,0,17,5,1,3,0,14
2024,SDN202406210,20240621,top,3,0,17,4,1,4,0,15
2024,SDN202406210,20240621,bottom,3,0,8,4,1,5,1,17
2024,TEX202406210,20240621,top,3,0,9,4,1,3,0,15
2024,TEX202406210,20240621,bottom,4,0,15,5,1,4,0,17
2024,CHN202406220,20240622,top,4,0,14,5,1,3,0,13
2024,CHN202406220,20240622,bottom,9,5,38,1,1,4,0,24
2024,CIN202406220,20240622,top,3,0,5,4,1,3,0,10
2024,CIN202406220,20240622,bottom,5,2,21,6,1,4,0,18
2024,CLE202406220,20240622,top,3,0,7,4,1,4,1,16
2024,CLE202406220,20240622,bottom,4,0,16,5,1,5,2,16
2024,COL202406220,20240622,top,4,0,15,5,1,5,0,16
2024,COL202406220,20240622,bottom,6,1,17,7,1,3,0,17
2024,DET202406220,20240622,top,3,0,15,4,1,4,0,18
2024,DET202406220,20240622,bottom,5,0,14,6,1,3,0,17
2024,HOU202406220,20240622,top,4,0,19,5,1,4,1,12
2024,HOU202406220,20240622,bottom,3,0,15,4,1,5,1,16
2024,LAN202406220,20240622,top,3,0,10,4,1,3,0,8
2024,LAN202406220,20240622,bottom,3,0,10,4,1,4,0,18
2024,MIA202406220,20240622,top,6,2,25,7,1,4,0,18
2024,MIA202406220,20240622,bottom,3,0,7,4,1,3,0,5
2024,NYA202406220,20240622,top,4,1,15,5,1,4,0,9
2024,NYA202406220,20240622,bottom,5,2,23,6,1,3,0,6
2024,OAK202406220,20240622,top,7,1,26,8,1,12,7,33
2024,OAK202406220,20240622,bottom,4,1,11,5,1,4,1,13
2024,PHI202406220,20240622,top,3,0,10,4,1,3,0,21
2024,PHI202406220,20240622,bottom,6,2,18,7,1,3,0,13
2024,PIT202406220,20240622,top,6,1,19,7,1,3,0,11
2024,PIT202406220,20240622,bottom,4,1,22,5,1,4,0,14
2024,SDN202406220,20240622,top,4,0,19,5,1,4,0,16
2024,SDN202406220,20240622,bottom,3,0,8,4,1,4,0,29
2024,SLN202406220,20240622,top,7,3,32,8,1,4,0,11
2024,SLN202406220,20240622,bottom,6,2,24,7,1,3,0,9
2024,TEX202406220,20240622,top,3,0,9,4,1,3,0,11
2024,TEX202406220,20240622,bottom,3,0,13,4,1,5,0,21
2024,CHN202406230,20240623,top,4,0,26,5,1,3,0,11
2024,CHN202406230,20240623,bottom,4,0,14,5,1,3,0,10
2024,CIN202406230,20240623,top,5,0,15,6,1,3,0,9
2024,CIN202406230,20240623,bottom,3,0,11,4,1,4,0,16
2024,CLE202406230,20240623,top,6,2,25,7,1,4,0,20
2024,CLE202406230,20240623,bottom,6,1,27,7,1,5,0,15
2024,COL202406230,20240623,top,3,0,9,4,1,4,0,13
2024,COL202406230,20240623,bottom,5,0,23,6,1,4,1,14
2024,DET202406230,20240623,top,3,0,17,4,1,4,0,15
2024,DET202406230,20240623,bottom,8,5,30,9,1,7,4,32
2024,HOU202406230,20240623,top,5,0,19,6,1,4,0,15
2024,HOU202406230,20240623,bottom,9,4,22,1,1,3,0,12
2024,MIA202406230,20240623,top,3,0,12,4,1,4,0,16
2024,MIA202406230,20240623,bottom,7,4,26,8,1,4,1,13
2024,NYA202406230,20240623,top,3,0,14,4,1,4,0,13
2024,NYA202406230,20240623,bottom,4,0,14,5,1,3,0,11
2024,OAK202406230,20240623,top,5,0,18,6,1,4,1,12
2024,OAK202406230,20240623,bottom,3,0,14,4,1,3,0,13
2024,PHI202406230,20240623,top,4,0,18,5,1,3,0,10
2024,PHI202406230,20240623,bottom,3,0,10,4,1,6,1,20
2024,PIT202406230,20240623,top,5,1,14,6,1,3,0,12
2024,PIT202406230,20240623,bottom,4,0,15,5,1,3,0,12
2024,SDN202406230,20240623,top,3,0,15,4,1,9,5,29
2024,SDN202406230,20240623,bottom,3,0,13,4,1,4,0,19
2024,SLN202406230,20240623,top,3,0,14,4,1,3,0,13
2024,SLN202406230,20240623,bottom,7,3,29,8,1,5,1,27
2024,TEX202406230,20240623,top,3,0,10,4,1,3,0,9
2024,TEX202406230,20240623,bottom,4,0,19,5,1,4,0,18
2024,ANA202406240,20240624,top,4,0,19,5,1,5,1,11
2024,ANA202406240,20240624,bottom,7,2,31,8,1,3,0,14
2024,BAL202406240,20240624,top,6,1,31,7,1,5,1,15
2024,BAL202406240,20240624,bottom,6,1,21,7,1,3,0,13
2024,BOS202406240,20240624,top,3,0,14,4,1,3,0,9
2024,BOS202406240,20240624,bottom,3,0,14,4,1,3,0,14
2024,CHA202406240,20240624,top,5,0,24,6,1,3,0,14
2024,CHA202406240,20240624,bottom,5,0,19,6,1,4,0,22
2024,CIN202406240,20240624,top,3,0,19,4,1,3,0,10
2024,CIN202406240,20240624,bottom,3,0,19,4,1,3,0,14
2024,DET202406240,20240624,top,8,4,26,9,1,4,0,21
2024,DET202406240,20240624,bottom,3,0,14,4,1,4,0,15
2024,KCA202406240,20240624,top,3,0,14,4,1,4,0,14
2024,KCA202406240,20240624,bottom,3,0,11,4,1,5,0,26
2024,MIL202406240,20240624,top,4,0,18,5,1,3,0,16
2024,MIL202406240,20240624,bottom,3,0,19,4,1,4,0,14
2024,SDN202406240,20240624,top,4,0,19,5,1,4,0,19
2024,SDN202406240,20240624,bottom,3,0,11,4,1,7,3,24
2024,SFN202406240,20240624,top,3,0,16,4,0,5,0,28
2024,SFN202406240,20240624,bottom,4,0,11,5,1,3,0,8
2024,SLN202406240,20240624,top,3,0,13,4,1,3,0,11
2024,SLN202406240,20240624,bottom,4,0,13,5,1,3,0,12
2024,TBA202406240,20240624,top,3,0,14,4,1,4,0,20
2024,TBA202406240,20240624,bottom,4,0,16,5,1,4,0,18
2024,ANA202406250,20240625,top,4,0,22,5,1,3,0,10
2024,ANA202406250,20240625,bottom,3,0,11,4,1,4,0,7
2024,ARI202406250,20240625,top,3,0,6,4,1,3,0,9
2024,ARI202406250,20240625,bottom,5,2,19,6,1,6,2,21
2024,BAL202406250,20240625,top,5,1,9,6,1,6,2,23
2024,BAL202406250,20240625,bottom,6,2,16,7,1,5,1,19
2024,BOS202406250,20240625,top,3,0,11,4,1,3,0,12
2024,BOS202406250,20240625,bottom,3,0,12,4,1,6,2,27
2024,CHA202406250,20240625,top,4,1,14,5,1,5,0,20
2024,CHA202406250,20240625,bottom,7,3,38,8,1,5,0,22
2024,CIN202406250,20240625,top,7,3,32,8,1,3,0,13
2024,CIN202406250,20240625,bottom,4,0,11,5,1,3,0,8
2024,DET202406250,20240625,top,3,0,11,4,1,5,0,13
2024,DET202406250,20240625,bottom,4,0,15,5,1,4,0,14
2024,HOU202406250,20240625,top,3,0,14,4,1,4,0,21
2024,HOU202406250,20240625,bottom,9,5,33,1,1,4,0,14
2024,KCA202406250,20240625,top,3,0,7,4,1,4,0,17
2024,KCA202406250,20240625,bottom,5,1,22,6,1,3,0,7
2024,MIL202406250,20240625,top,4,1,17,5,1,3,0,11
2024,MIL202406250,20240625,bottom,5,0,19,6,1,5,0,19
2024,NYN202406250,20240625,top,6,0,27,7,1,4,0,18
2024,NYN202406250,20240625,bottom,6,1,28,7,1,5,2,16
2024,SDN202406250,20240625,top,3,0,11,4,1,3,0,7
2024,SDN202406250,20240625,bottom,6,2,19,7,1,3,0,12
2024,SFN202406250,20240625,top,4,0,23,5,1,3,0,11
2024,SFN202406250,20240625,bottom,3,0,8,4,1,6,2,27
2024,TBA202406250,20240625,top,4,0,10,5,1,3,0,10
2024,TBA202406250,20240625,bottom,4,1,13,5,1,6,1,19
2024,ANA202406260,20240626,top,4,0,16,5,1,5,1,25
2024,ANA202406260,20240626,bottom,6,0,18,7,1,3,0,12
2024,ARI202406260,20240626,top,4,0,20,5,1,8,3,22
2024,ARI202406260,20240626,bottom,4,0,23,5,1,3,0,11
2024,BAL202406260,20240626,top,3,0,9,4,1,5,1,20
2024,BAL202406260,20240626,bottom,6,0,30,7,1,5,1,14
2024,BOS202406260,20240626,top,4,0,13,5,1,4,0,18
2024,BOS202406260,20240626,bottom,4,0,15,5,0,3,0,11
2024,CHA202406260,20240626,top,4,1,19,5,1,3,0,14
2024,CHA202406260,20240626,bottom,3,0,12,4,1,4,0,10
2024,CIN202406260,20240626,top,3,0,9,4,1,6,1,20
2024,CIN202406260,20240626,bottom,3,0,12,4,1,3,0,13
2024,DET202406260,20240626,top,6,1,14,7,1,5,0,20
2024,DET202406260,20240626,bottom,4,1,12,5,1,3,0,9
2024,HOU202406260,20240626,top,3,0,9,4,1,3,0,11
2024,HOU202406260,20240626,bottom,3,0,8,4,1,3,0,6
2024,KCA202406260,20240626,top,5,0,19,6,1,5,1,16
2024,KCA202406260,20240626,bottom,4,0,17,5,1,5,0,22
2024,MIL202406260,20240626,top,3,0,15,4,1,7,1,21
2024,MIL202406260,20240626,bottom,4,0,8,5,1,4,0,14
2024,NYN202406260,20240626,top,5,0,21,6,1,3,0,15
2024,NYN202406260,20240626,bottom,6,0,21,7,1,3,0,11
2024,SDN202406260,20240626,top,3,0,12,4,1,3,0,16
2024,SDN202406260,20240626,bottom,4,0,13,5,1,6,2,20
2024,SFN202406260,20240626,top,3,0,15,4,1,6,1,18
2024,SFN202406260,20240626,bottom,3,0,14,4,1,6,3,25
2024,TBA202406260,20240626,top,3,0,12,4,1,4,0,16
2024,TBA202406260,20240626,bottom,4,0,13,5,1,3,0,15
2024,SLN202406261,20240626,top,3,0,10,4,1,9,4,40
2024,SLN202406261,20240626,bottom,3,0,6,4,1,6,1,31
2024,SLN202406262,20240626,top,3,0,14,4,1,4,0,14
2024,SLN202406262,20240626,bottom,3,0,13,4,1,3,0,10
2024,ANA202406270,20240627,top,4,0,13,5,1,3,0,12
2024,ANA202406270,20240627,bottom,3,0,9,4,1,4,1,20
2024,ARI202406270,20240627,top,5,0,15,6,1,10,6,38
2024,ARI202406270,20240627,bottom,3,0,13,4,1,4,0,16
2024,BAL202406270,20240627,top,5,0,20,6,1,4,0,12
2024,BAL202406270,20240627,bottom,6,3,18,7,1,3,0,10
2024,CHA202406270,20240627,top,4,0,20,5,1,3,0,12
2024,CHA202406270,20240627,bottom,4,1,21,5,1,3,0,10
2024,KCA202406270,20240627,top,4,0,21,5,1,6,0,25
2024,KCA202406270,20240627,bottom,3,0,8,4,1,4,0,13
2024,PHI202406270,20240627,top,3,0,15,4,1,5,0,15
2024,PHI202406270,20240627,bottom,5,1,17,6,1,6,0,20
2024,SFN202406270,20240627,top,3,0,15,4,1,4,0,18
2024,SFN202406270,20240627,bottom,3,0,11,4,1,4,0,13
2024,SLN202406270,20240627,top,6,1,22,7,1,5,1,15
2024,SLN202406270,20240627,bottom,6,0,25,7,1,4,0,21
2024,TOR202406270,20240627,top,5,0,17,6,1,4,0,15
2024,TOR202406270,20240627,bottom,10,5,39,2,1,6,3,24
2024,ANA202406280,20240628,top,3,0,10,4,1,3,0,14
2024,ANA202406280,20240628,bottom,5,2,19,6,1,3,0,13
2024,ARI202406280,20240628,top,3,0,19,4,1,4,0,19
2024,ARI202406280,20240628,bottom,7,2,22,8,1,3,0,11
2024,ATL202406280,20240628,top,4,0,15,5,1,4,0,22
2024,ATL202406280,20240628,bottom,4,0,21,5,1,4,1,21
2024,BAL202406280,20240628,top,4,0,16,5,1,3,0,10
2024,BAL202406280,20240628,bottom,4,0,13,5,1,3,0,11
2024,BOS202406280,20240628,top,3,0,16,4,1,4,0,16
2024,BOS202406280,20240628,bottom,4,0,8,5,1,4,0,16
2024,CHA202406280,20240628,top,4,0,19,5,1,3,0,14
2024,CHA202406280,20240628,bottom,4,0,17,5,1,6,1,15
2024,KCA202406280,20240628,top,4,1,15,5,1,3,0,10
2024,KCA202406280,20240628,bottom,3,0,16,4,1,5,2,20
2024,MIL202406280,20240628,top,4,0,20,5,1,4,0,14
2024,MIL202406280,20240628,bottom,3,0,8,4,1,3,0,8
2024,NYN202406280,20240628,top,7,1,36,8,1,4,0,18
2024,NYN202406280,20240628,bottom,6,1,26,7,1,3,0,14
2024,PHI202406280,20240628,top,4,0,14,5,1,3,0,6
2024,PHI202406280,20240628,bottom,3,0,14,4,1,4,0,14
2024,SEA202406280,20240628,top,4,0,17,5,1,4,0,15
2024,SEA202406280,20240628,bottom,3,0,13,4,1,3,0,7
2024,SFN202406280,20240628,top,3,0,12,4,1,5,0,21
2024,SFN202406280,20240628,bottom,3,0,14,4,1,4,0,18
2024,SLN202406280,20240628,top,4,0,13,5,1,3,0,13
2024,SLN202406280,20240628,bottom,3,0,19,4,1,5,0,16
2024,TBA202406280,20240628,top,4,0,12,5,1,4,0,18
2024,TBA202406280,20240628,bottom,4,0,17,5,1,5,1,20
2024,TOR202406280,20240628,top,3,0,17,4,1,3,0,16
2024,TOR202406280,20240628,bottom,6,1,28,7,1,3,0,11
2024,ANA202406290,20240629,top,6,1,23,7,1,3,0,12
2024,ANA202406290,20240629,bottom,4,0,8,5,1,5,0,14
2024,ARI202406290,20240629,top,4,0,10,5,1,3,0,13
2024,ARI202406290,20240629,bottom,5,0,21,6,1,6,1,18
2024,ATL202406290,20240629,top,5,0,24,6,1,5,0,14
2024,ATL202406290,20240629,bottom,4,1,21,5,1,3,0,10
2024,BAL202406290,20240629,top,5,1,23,6,1,4,0,18
2024,BAL202406290,20240629,bottom,3,0,7,4,1,6,1,17
2024,BOS202406290,20240629,top,3,0,10,4,1,6,1,24
2024,BOS202406290,20240629,bottom,3,0,17,4,1,3,0,12
2024,CHA202406290,20240629,top,3,0,11,4,1,4,1,16
2024,CHA202406290,20240629,bottom,3,0,10,4,1,4,0,11
2024,KCA202406290,20240629,top,6,1,27,7,1,3,0,11
2024,KCA202406290,20240629,bottom,4,1,25,5,1,4,1,24
2024,MIL202406290,20240629,top,6,2,16,7,1,4,0,14
2024,MIL202406290,20240629,bottom,3,0,6,4,1,3,0,8
2024,NYN202406290,20240629,top,3,0,11,4,1,4,1,19
2024,NYN202406290,20240629,bottom,5,0,20,6,1,9,5,29
2024,PHI202406290,20240629,top,3,0,6,4,1,6,1,25
2024,PHI202406290,20240629,bottom,4,0,19,5,1,3,0,13
2024,SEA202406290,20240629,top,3,0,16,4,1,5,1,24
2024,SEA202406290,20240629,bottom,4,0,18,5,1,3,0,16
2024,SFN202406290,20240629,top,3,0,13,4,0,5,1,15
2024,SFN202406290,20240629,bottom,4,1,8,5,1,4,0,16
2024,SLN202406290,20240629,top,5,0,19,6,1,3,0,7
2024,SLN202406290,20240629,bottom,3,0,8,4,1,4,0,23
2024,TBA202406290,20240629,top,6,1,31,7,1,3,0,13
2024,TBA202406290,20240629,bottom,4,1,16,5,1,4,0,17
2024,TOR202406290,20240629,top,4,0,13,5,1,4,0,13
2024,TOR202406290,20240629,bottom,6,2,26,7,1,3,0,15
2024,ANA202406300,20240630,top,4,1,13,5,1,3,0,12
2024,ANA202406300,20240630,bottom,3,0,12,4,1,4,0,19
2024,ARI202406300,20240630,top,3,0,8,4,1,5,0,18
2024,ARI202406300,20240630,bottom,3,0,8,4,1,3,0,7
2024,ATL202406300,20240630,top,5,0,24,6,1,4,0,17
2024,ATL202406300,20240630,bottom,5,0,19,6,1,3,0,14
2024,BAL202406300,20240630,top,3,0,13,4,1,5,2,18
2024,BAL202406300,20240630,bottom,4,0,16,5,1,5,1,13
2024,BOS202406300,20240630,top,3,0,10,4,1,5,0,15
2024,BOS202406300,20240630,bottom,5,2,23,6,1,4,0,19
2024,CHA202406300,20240630,top,3,0,13,4,1,6,2,17
2024,CHA202406300,20240630,bottom,3,0,9,4,1,4,0,13
2024,KCA202406300,20240630,top,4,0,19,5,1,4,0,11
2024,KCA202406300,20240630,bottom,5,1,17,6,1,5,1,21
2024,MIL202406300,20240630,top,6,1,23,7,1,3,0,9
2024,MIL202406300,20240630,bottom,3,0,10,4,1,4,0,16
2024,NYN202406300,20240630,top,3,0,12,4,1,4,1,10
2024,NYN202406300,20240630,bottom,4,0,20,5,1,4,0,15
2024,PHI202406300,20240630,top,5,1,14,6,1,4,0,15
2024,PHI202406300,20240630,bottom,8,2,28,9,1,6,0,24
2024,SEA202406300,20240630,top,5,1,17,6,1,3,0,9
2024,SEA202406300,20240630,bottom,5,0,18,6,1,5,0,13
2024,SFN202406300,20240630,top,3,0,7,4,1,3,0,10
2024,SFN202406300,20240630,bottom,6,1,24,7,1,6,2,18
2024,SLN202406300,20240630,top,4,0,14,5,1,3,0,12
2024,SLN202406300,20240630,bottom,4,0,14,5,1,5,0,24
2024,TBA202406300,20240630,top,4,0,21,5,1,3,0,16
2024,TBA202406300,20240630,bottom,3,0,12,4,1,6,3,16
2024,TOR202406300,20240630,top,5,2,18,6,1,8,2,32
2024,TOR202406300,20240630,bottom,4,0,14,5,1,5,0,23
2024,COL202407010,20240701,top,4,0,19,5,1,3,0,14
2024,COL202407010,20240701,bottom,3,0,10,4,0,5,2,26
2024,TOR202407010,20240701,top,3,0,9,4,1,3,0,14
2024,TOR202407010,20240701,bottom,3,0,19,4,1,6,0,27
2024,WAS202407010,20240701,top,4,0,22,5,1,3,0,16
2024,WAS202407010,20240701,bottom,4,0,14,5,1,4,0,17
2024,ATL202407020,20240702,top,4,0,29,5,1,5,0,16
2024,ATL202407020,20240702,bottom,3,0,17,4,1,6,2,26
2024,CHN202407020,20240702,top,4,0,19,5,1,6,2,22
2024,CHN202407020,20240702,bottom,5,0,18,6,1,3,0,8
2024,CLE202407020,20240702,top,4,1,11,5,1,4,0,17
2024,CLE202407020,20240702,bottom,3,0,23,4,1,4,0,14
2024,COL202407020,20240702,top,3,0,14,4,1,7,1,25
2024,COL202407020,20240702,bottom,4,0,14,5,1,5,2,18
2024,KCA202407020,20240702,top,4,0,14,5,1,6,1,28
2024,KCA202407020,20240702,bottom,4,0,12,5,1,3,0,15
2024,LAN202407020,20240702,top,4,0,15,5,1,3,0,17
2024,LAN202407020,20240702,bottom,5,1,20,6,0,4,0,14
2024,MIA202407020,20240702,top,7,2,26,8,1,4,0,24
2024,MIA202407020,20240702,bottom,3,0,9,4,1,3,0,9
2024,MIN202407020,20240702,top,3,0,19,4,1,4,0,19
2024,MIN202407020,20240702,bottom,3,0,15,4,1,4,0,21
2024,NYA202407020,20240702,top,4,0,15,5,1,3,0,18
2024,NYA202407020,20240702,bottom,4,0,11,5,1,5,0,15
2024,OAK202407020,20240702,top,3,0,15,4,1,5,0,24
2024,OAK202407020,20240702,bottom,3,0,10,4,1,3,0,14
2024,PIT202407020,20240702,top,4,0,16,5,1,4,0,17
2024,PIT202407020,20240702,bottom,4,0,19,5,1,3,0,13
2024,SEA202407020,20240702,top,3,0,9,4,1,3,0,8
2024,SEA202407020,20240702,bottom,3,0,10,4,1,3,0,11
2024,TEX202407020,20240702,top,3,0,14,4,1,3,0,13
2024,TEX202407020,20240702,bottom,5,2,27,6,1,5,1,20
2024,TOR202407020,20240702,top,3,0,7,4,1,4,0,15
2024,TOR202407020,20240702,bottom,5,1,23,6,1,3,0,12
2024,WAS202407020,20240702,top,4,0,17,5,1,4,0,18
2024,WAS202407020,20240702,bottom,4,0,13,5,1,3,0,10
2024,ATL202407030,20240703,top,3,0,6,4,1,4,0,26
2024,ATL202407030,20240703,bottom,4,0,12,5,1,6,1,28
2024,CHN202407030,20240703,top,4,0,14,5,1,3,0,9
2024,CHN202407030,20240703,bottom,4,0,11,5,1,5,1,14
2024,CLE202407030,20240703,top,6,1,17,7,1,3,0,7
2024,CLE202407030,20240703,bottom,5,0,14,6,1,5,0,20
2024,COL202407030,20240703,top,4,1,15,5,1,5,1,22
2024,COL202407030,20240703,bottom,4,0,7,5,1,3,0,11
2024,KCA202407030,20240703,top,4,1,15,5,1,4,0,15
2024,KCA202407030,20240703,bottom,3,0,15,4,1,5,0,29
2024,LAN202407030,20240703,top,6,1,27,7,1,6,0,22
2024,LAN202407030,20240703,bottom,8,4,31,9,1,3,0,14
2024,MIA202407030,20240703,top,4,0,19,5,1,5,0,24
2024,MIA202407030,20240703,bottom,6,1,13,7,1,3,0,9
2024,MIN202407030,20240703,top,4,0,13,5,1,3,0,8
2024,MIN202407030,20240703,bottom,4,0,13,5,1,4,0,13
2024,NYA202407030,20240703,top,3,0,15,4,1,5,2,20
2024,NYA202407030,20240703,bottom,4,0,14,5,1,4,0,13
2024,OAK202407030,20240703,top,3,0,11,4,1,3,0,12
2024,OAK202407030,20240703,bottom,4,0,10,5,1,5,2,20
2024,PIT202407030,20240703,top,5,0,18,6,1,3,0,15
2024,PIT202407030,20240703,bottom,4,0,19,5,1,3,0,5
2024,SEA202407030,20240703,top,4,0,13,5,1,3,0,9
2024,SEA202407030,20240703,bottom,4,0,11,5,1,3,0,15
2024,TEX202407030,20240703,top,4,0,17,5,1,5,0,25
2024,TEX202407030,20240703,bottom,3,0,12,4,1,3,0,16
2024,TOR202407030,20240703,top,3,0,12,4,1,4,0,21
2024,TOR202407030,20240703,bottom,5,1,25,6,1,3,0,15
2024,WAS202407030,20240703,top,3,0,10,4,1,3,0,18
2024,WAS202407030,20240703,bottom,4,0,18,5,1,3,0,11
2024,ATL202407040,20240704,top,3,0,16,4,1,4,0,18
2024,ATL202407040,20240704,bottom,6,2,23,7,1,3,0,13
2024,CHN202407040,20240704,top,5,1,24,6,1,3,0,12
2024,CHN202407040,20240704,bottom,3,0,8,4,1,5,0,23
2024,CLE202407040,20240704,top,4,0,14,5,1,5,1,17
2024,CLE202407040,20240704,bottom,6,1,17,7,1,3,0,17
2024,COL202407040,20240704,top,4,0,27,5,1,3,0,12
2024,COL202407040,20240704,bottom,5,1,11,6,1,6,2,23
2024,KCA202407040,20240704,top,6,2,28,7,1,5,2,21
2024,KCA202407040,20240704,bottom,3,0,7,4,1,4,1,16
2024,LAN202407040,20240704,top,5,2,28,6,1,4,0,19
2024,LAN202407040,20240704,bottom,5,0,26,6,1,4,0,22
2024,MIA202407040,20240704,top,5,1,20,6,1,4,0,18
2024,MIA202407040,20240704,bottom,3,0,11,4,1,3,0,9
2024,MIN202407040,20240704,top,4,1,12,5,1,6,2,23
2024,MIN202407040,20240704,bottom,3,0,16,4,1,6,2,19
2024,NYA202407040,20240704,top,4,0,14,5,1,4,1,15
2024,NYA202407040,20240704,bottom,3,0,11,4,1,3,0,11
2024,OAK202407040,20240704,top,3,0,13,4,1,3,0,13
2024,OAK202407040,20240704,bottom,4,0,11,5,1,3,0,12
2024,PIT202407040,20240704,top,3,0,15,4,1,5,1,17
2024,PIT202407040,20240704,bottom,4,0,18,5,1,3,0,8
2024,SEA202407040,20240704,top,4,0,18,5,1,4,0,19
2024,SEA202407040,20240704,bottom,4,0,11,5,1,3,0,16
2024,TEX202407040,20240704,top,3,0,7,4,1,4,0,18
2024,TEX202407040,20240704,bottom,4,0,15,5,1,3,0,11
2024,TOR202407040,20240704,top,8,3,30,9,1,5,0,20
2024,TOR202407040,20240704,bottom,7,3,21,8,1,3,0,12
2024,WAS202407040,20240704,top,3,0,13,4,1,4,0,15
2024,WAS202407040,20240704,bottom,4,0,17,5,1,4,0,8
2024,ATL202407050,20240705,top,4,0,14,5,1,5,0,17
2024,ATL202407050,20240705,bottom,3,0,15,4,1,3,0,15
2024,CHN202407050,20240705,top,4,0,13,5,1,3,0,10
2024,CHN202407050,20240705,bottom,7,2,30,8,1,3,0,8
2024,CIN202407050,20240705,top,4,0,17,5,1,3,0,11
2024,CIN202407050,20240705,bottom,3,0,15,4,1,3,0,6
2024,CLE202407050,20240705,top,8,3,32,9,1,3,0,18
2024,CLE202407050,20240705,bottom,4,0,13,5,0,5,0,28
2024,COL202407050,20240705,top,5,1,16,6,1,3,0,6
2024,COL202407050,20240705,bottom,3,0,7,4,1,3,0,9
2024,LAN202407050,20240705,top,3,0,8,4,1,3,0,16
2024,LAN202407050,20240705,bottom,5,1,23,6,1,4,0,20
2024,MIA202407050,20240705,top,5,0,22,6,1,5,1,16
2024,MIA202407050,20240705,bottom,3,0,9,4,1,4,0,18
2024,MIN202407050,20240705,top,3,0,8,4,1,8,3,33
2024,MIN202407050,20240705,bottom,3,0,6,4,1,8,2,26
2024,NYA202407050,20240705,top,3,0,11,4,1,4,0,18
2024,NYA202407050,20240705,bottom,3,0,13,4,1,3,0,7
2024,OAK202407050,20240705,top,4,1,20,5,1,8,2,41
2024,OAK202407050,20240705,bottom,5,1,17,6,1,4,0,20
2024,PIT202407050,20240705,top,3,0,10,4,1,4,0,19
2024,PIT202407050,20240705,bottom,4,0,10,5,1,4,0,16
2024,SDN202407050,20240705,top,6,2,28,7,1,3,0,10
2024,SDN202407050,20240705,bottom,3,0,11,4,1,4,1,9
2024,SEA202407050,20240705,top,3,0,13,4,1,3,0,16
2024,SEA202407050,20240705,bottom,5,0,14,6,1,4,0,21
2024,TEX202407050,20240705,top,4,0,23,5,1,3,0,9
2024,TEX202407050,20240705,bottom,3,0,14,4,1,3,0,10
2024,WAS202407050,20240705,top,5,0,27,6,1,3,0,9
2024,WAS202407050,20240705,bottom,6,2,33,7,1,6,2,17
2024,ATL202407060,20240706,top,3,0,17,4,1,4,0,12
2024,ATL202407060,20240706,bottom,6,3,22,7,1,3,0,11
2024,CHN202407060,20240706,top,6,1,23,7,1,5,1,20
2024,CHN202407060,20240706,bottom,4,0,21,5,1,3,0,6
2024,CIN202407060,20240706,top,3,0,15,4,1,4,0,25
2024,CIN202407060,20240706,bottom,3,0,12,4,1,3,0,13
2024,CLE202407060,20240706,top,4,0,15,5,1,5,0,19
2024,CLE202407060,20240706,bottom,8,3,37,9,1,5,1,20
2024,COL202407060,20240706,top,4,0,18,5,1,3,0,13
2024,COL202407060,20240706,bottom,4,0,16,5,1,5,2,20
2024,LAN202407060,20240706,top,5,1,16,6,1,3,0,15
2024,LAN202407060,20240706,bottom,7,3,26,8,1,4,0,19
2024,MIA202407060,20240706,top,4,1,16,5,1,5,0,20
2024,MIA202407060,20240706,bottom,5,0,13,6,1,3,0,9
2024,MIN202407060,20240706,top,3,0,11,4,1,3,0,14
2024,MIN202407060,20240706,bottom,7,2,25,8,1,8,3,21
2024,NYA202407060,20240706,top,3,0,19,4,1,6,0,23
2024,NYA202407060,20240706,bottom,4,1,18,5,1,6,0,27
2024,OAK202407060,20240706,top,4,0,20,5,1,3,0,13
2024,OAK202407060,20240706,bottom,6,3,24,7,1,12,7,41
2024,PIT202407060,20240706,top,5,0,17,6,1,4,0,14
2024,PIT202407060,20240706,bottom,3,0,11,4,1,6,0,31
2024,SDN202407060,20240706,top,3,0,14,4,1,7,1,39
2024,SDN202407060,20240706,bottom,6,1,18,7,1,4,0,13
2024,SEA202407060,20240706,top,4,0,23,5,1,4,0,16
2024,SEA202407060,20240706,bottom,3,0,13,4,1,3,0,17
2024,TEX202407060,20240706,top,4,0,20,5,1,3,0,12
2024,TEX202407060,20240706,bottom,3,0,6,4,1,6,1,18
2024,WAS202407060,20240706,top,3,0,11,4,1,4,0,14
2024,WAS202407060,20240706,bottom,7,4,23,8,1,9,5,35
2024,ATL202407070,20240707,top,3,0,5,4,1,5,0,21
2024,ATL202407070,20240707,bottom,6,0,28,7,1,8,5,32
2024,CHN202407070,20240707,top,4,0,11,5,1,3,0,7
2024,CHN202407070,20240707,bottom,3,0,11,4,1,3,0,8
2024,CIN202407070,20240707,top,5,0,18,6,1,3,0,9
2024,CIN202407070,20240707,bottom,3,0,6,4,1,3,0,13
2024,CLE202407070,20240707,top,3,0,12,4,1,5,2,20
2024,CLE202407070,20240707,bottom,4,0,14,5,1,3,0,14
2024,COL202407070,20240707,top,3,0,11,4,1,7,4,17
2024,COL202407070,20240707,bottom,3,0,13,4,1,3,0,9
2024,LAN202407070,20240707,top,3,0,15,4,1,3,0,10
2024,LAN202407070,20240707,bottom,4,0,20,5,1,4,0,15
2024,MIA202407070,20240707,top,3,0,15,4,1,5,0,21
2024,MIA202407070,20240707,bottom,3,0,7,4,1,4,0,14
2024,MIN202407070,20240707,top,4,0,14,5,1,7,2,32
2024,MIN202407070,20240707,bottom,4,0,15,5,1,6,1,26
2024,NYA202407070,20240707,top,3,0,13,4,1,3,0,8
2024,NYA202407070,20240707,bottom,3,0,11,4,1,3,0,7
2024,OAK202407070,20240707,top,7,4,22,8,1,4,0,17
2024,OAK202407070,20240707,bottom,3,0,9,4,1,4,0,22
2024,PIT202407070,20240707,top,3,0,12,4,1,3,0,13
2024,PIT202407070,20240707,bottom,4,0,19,5,1,4,0,20
2024,SDN202407070,20240707,top,4,1,17,5,1,4,0,10
2024,SDN202407070,20240707,bottom,4,1,21,5,1,3,0,10
2024,SEA202407070,20240707,top,6,0,22,7,1,4,0,15
2024,SEA202407070,20240707,bottom,4,0,15,5,1,4,0,19
2024,TEX202407070,20240707,top,3,0,11,4,1,3,0,9
2024,TEX202407070,20240707,bottom,5,1,22,6,1,4,0,12
2024,WAS202407070,20240707,top,3,0,9,4,1,6,2,29
2024,WAS202407070,20240707,bottom,3,0,15,4,1,7,2,27
2024,ANA202407080,20240708,top,5,2,15,6,1,3,0,8
2024,ANA202407080,20240708,bottom,3,0,13,4,1,6,3,16
2024,ARI202407080,20240708,top,4,1,17,5,1,3,0,13
2024,ARI202407080,20240708,bottom,3,0,13,4,1,4,0,17
2024,CHA202407080,20240708,top,4,1,15,5,1,3,0,13
2024,CHA202407080,20240708,bottom,3,0,13,4,1,3,0,11
2024,CIN202407080,20240708,top,3,0,9,4,1,3,0,13
2024,CIN202407080,20240708,bottom,4,0,20,5,1,3,0,10
2024,DET202407080,20240708,top,3,0,14,4,1,4,0,13
2024,DET202407080,20240708,bottom,4,0,13,5,1,3,0,13
2024,PIT202407080,20240708,top,3,0,10,4,1,3,0,5
2024,PIT202407080,20240708,bottom,3,0,7,4,1,3,0,9
2024,WAS202407080,20240708,top,4,0,14,5,1,3,0,6
2024,WAS202407080,20240708,bottom,5,0,20,6,1,3,0,9
2024,ANA202407090,20240709,top,4,1,12,5,1,3,0,10
2024,ANA202407090,20240709,bottom,4,0,12,5,1,4,1,17
2024,ARI202407090,20240709,top,4,0,17,5,1,7,2,36
2024,ARI202407090,20240709,bottom,6,0,29,7,1,4,0,18
2024,BAL202407090,20240709,top,4,1,10,5,1,6,1,18
2024,BAL202407090,20240709,bottom,4,0,18,5,1,5,1,24
2024,BOS202407090,20240709,top,6,2,20,7,1,5,0,28
2024,BOS202407090,20240709,bottom,7,3,21,8,1,11,8,43
2024,CIN202407090,20240709,top,3,0,13,4,1,3,0,8
2024,CIN202407090,20240709,bottom,3,0,15,4,1,9,5,37
2024,DET202407090,20240709,top,6,3,17,7,1,3,0,10
2024,DET202407090,20240709,bottom,4,0,17,5,1,3,0,11
2024,HOU202407090,20240709,top,5,1,19,6,1,3,0,9
2024,HOU202407090,20240709,bottom,4,0,16,5,1,6,1,22
2024,MIL202407090,20240709,top,3,0,13,4,1,4,0,16
2024,MIL202407090,20240709,bottom,5,0,24,6,0,4,0,15
2024,NYN202407090,20240709,top,3,0,14,4,1,3,0,11
2024,NYN202407090,20240709,bottom,5,0,21,6,1,7,4,21
2024,PHI202407090,20240709,top,5,0,18,6,1,3,0,6
2024,PHI202407090,20240709,bottom,4,0,13,5,1,6,3,27
2024,SDN202407090,20240709,top,6,1,21,7,1,5,1,13
2024,SDN202407090,20240709,bottom,3,0,9,4,1,3,0,11
2024,SFN202407090,20240709,top,3,0,13,4,1,5,0,19
2024,SFN202407090,20240709,bottom,3,0,13,4,1,3,0,16
2024,TBA202407090,20240709,top,6,1,21,7,1,3,0,16
2024,TBA202407090,20240709,bottom,7,4,30,8,1,3,0,13
2024,ANA202407100,20240710,top,4,0,18,5,1,4,0,18
2024,ANA202407100,20240710,bottom,4,0,14,5,1,8,4,36
2024,ARI202407100,20240710,top,4,0,14,5,1,6,2,19
2024,ARI202407100,20240710,bottom,3,0,13,4,1,5,2,25
2024,BAL202407100,20240710,top,4,0,13,5,1,7,2,21
2024,BAL202407100,20240710,bottom,5,0,29,6,1,4,0,11
2024,BOS202407100,20240710,top,3,0,10,4,1,4,0,14
2024,BOS202407100,20240710,bottom,6,0,31,7,1,3,0,14
2024,CIN202407100,20240710,top,3,0,10,4,1,4,0,14
2024,CIN202407100,20240710,bottom,4,0,9,5,1,4,0,16
2024,DET202407100,20240710,top,4,0,20,5,1,3,0,14
2024,DET202407100,20240710,bottom,5,2,19,6,1,5,0,15
2024,HOU202407100,20240710,top,3,0,9,4,1,3,0,9
2024,HOU202407100,20240710,bottom,5,1,23,6,1,8,4,26
2024,MIL202407100,20240710,top,3,0,8,4,1,3,0,8
2024,MIL202407100,20240710,bottom,6,2,25,7,1,4,0,17
2024,NYN202407100,20240710,top,4,0,18,5,1,3,0,8
2024,NYN202407100,20240710,bottom,5,1,16,6,1,3,0,6
2024,PHI202407100,20240710,top,4,0,12,5,1,3,0,14
2024,PHI202407100,20240710,bottom,4,1,16,5,1,5,1,19
2024,SDN202407100,20240710,top,3,0,15,4,1,5,1,19
2024,SDN202407100,20240710,bottom,3,0,9,4,1,5,0,26
2024,SFN202407100,20240710,top,3,0,8,4,1,3,0,16
2024,SFN202407100,20240710,bottom,7,2,33,8,1,6,0,30
2024,TBA202407100,20240710,top,4,0,14,5,1,6,1,20
2024,TBA202407100,20240710,bottom,4,0,16,5,1,4,0,16
2024,CHA202407101,20240710,top,6,0,35,7,1,3,0,12
2024,CHA202407101,20240710,bottom,3,0,10,4,1,3,0,11
2024,SLN202407101,20240710,top,3,0,11,4,1,4,0,15
2024,SLN202407101,20240710,bottom,4,0,18,5,1,4,1,20
2024,CHA202407102,20240710,top,3,0,11,4,1,4,0,11
2024,CHA202407102,20240710,bottom,3,0,15,4,1,5,1,20
2024,SLN202407102,20240710,top,3,0,7,4,1,3,0,14
2024,SLN202407102,20240710,bottom,4,0,12,5,1,5,1,24
2024,ANA202407110,20240711,top,8,4,31,9,1,3,0,13
2024,ANA202407110,20240711,bottom,5,0,20,6,1,5,0,17
2024,ARI202407110,20240711,top,3,0,10,4,1,3,0,18
2024,ARI202407110,20240711,bottom,4,0,15,5,1,4,0,20
2024,BAL202407110,20240711,top,4,0,14,5,1,4,0,15
2024,BAL202407110,20240711,bottom,3,0,9,4,1,3,0,9
2024,BOS202407110,20240711,top,4,0,19,5,1,3,0,11
2024,BOS202407110,20240711,bottom,8,3,34,9,1,3,0,10
2024,CIN202407110,20240711,top,3,0,16,4,1,3,0,15
2024,CIN202407110,20240711,bottom,5,0,21,6,1,4,0,15
2024,DET202407110,20240711,top,3,0,10,4,1,3,0,9
2024,DET202407110,20240711,bottom,5,1,24,6,1,8,2,32
2024,HOU202407110,20240711,top,5,1,21,6,1,5,1,23
2024,HOU202407110,20240711,bottom,6,2,15,7,1,4,1,12
2024,MIL202407110,20240711,top,5,0,18,6,1,3,0,8
2024,MIL202407110,20240711,bottom,3,0,14,4,1,5,0,27
2024,NYN202407110,20240711,top,5,0,16,6,1,5,0,26
2024,NYN202407110,20240711,bottom,4,0,17,5,1,3,0,19
2024,PHI202407110,20240711,top,5,0,21,6,1,6,0,24
2024,PHI202407110,20240711,bottom,6,1,19,7,0,7,1,38
2024,SFN202407110,20240711,top,7,3,31,8,1,3,0,10
2024,SFN202407110,20240711,bottom,5,2,21,6,1,3,0,9
2024,TBA202407110,20240711,top,5,0,13,6,1,4,1,19
2024,TBA202407110,20240711,bottom,5,2,18,6,1,4,0,18
2024,ANA202407120,20240712,top,5,2,17,6,1,3,0,14
2024,ANA202407120,20240712,bottom,7,2,22,8,1,5,0,16
2024,ARI202407120,20240712,top,4,0,18,5,1,3,0,13
2024,ARI202407120,20240712,bottom,3,0,20,4,1,4,0,13
2024,BAL202407120,20240712,top,6,0,21,7,1,5,2,16
2024,BAL202407120,20240712,bottom,5,0,21,6,1,5,1,25
2024,BOS202407120,20240712,top,6,1,22,7,1,7,3,22
2024,BOS202407120,20240712,bottom,4,0,17,5,1,5,1,22
2024,CHA202407120,20240712,top,3,0,11,4,1,3,0,17
2024,CHA202407120,20240712,bottom,5,0,18,6,1,3,0,4
2024,CIN202407120,20240712,top,3,0,17,4,1,3,0,16
2024,CIN202407120,20240712,bottom,5,2,21,6,1,6,1,26
2024,DET202407120,20240712,top,3,0,12,4,1,3,0,12
2024,DET202407120,20240712,bottom,7,2,29,8,1,5,1,20
2024,HOU202407120,20240712,top,5,0,23,6,1,3,0,12
2024,HOU202407120,20240712,bottom,4,0,18,5,1,3,0,15
2024,MIL202407120,20240712,top,5,1,18,6,1,3,0,9
2024,MIL202407120,20240712,bottom,3,0,15,4,1,4,0,13
2024,NYN202407120,20240712,top,3,0,12,4,1,5,2,28
2024,NYN202407120,20240712,bottom,4,0,22,5,1,7,3,23
2024,PHI202407120,20240712,top,3,0,9,4,1,3,0,6
2024,PHI202407120,20240712,bottom,4,0,19,5,1,7,1,36
2024,SDN202407120,20240712,top,3,0,9,4,1,4,0,14
2024,SDN202407120,20240712,bottom,3,0,9,4,1,4,0,14
2024,SFN202407120,20240712,top,3,0,12,4,1,4,0,17
2024,SFN202407120,20240712,bottom,4,1,15,5,1,6,2,26
2024,SLN202407120,20240712,top,3,0,14,4,1,3,0,11
2024,SLN202407120,20240712,bottom,3,0,14,4,1,3,0,15
2024,TBA202407120,20240712,top,4,0,15,5,1,4,0,16
2024,TBA202407120,20240712,bottom,4,0,15,5,1,4,0,15
2024,ANA202407130,20240713,top,5,1,22,6,1,3,0,10
2024,ANA202407130,20240713,bottom,4,0,17,5,1,6,2,26
2024,ARI202407130,20240713,top,3,0,6,4,1,5,1,21
2024,ARI202407130,20240713,bottom,5,1,24,6,1,6,2,20
2024,BAL202407130,20240713,top,7,4,33,8,1,3,0,4
2024,BAL202407130,20240713,bottom,5,0,20,6,1,3,0,15
2024,BOS202407130,20240713,top,3,0,12,4,1,4,0,12
2024,BOS202407130,20240713,bottom,5,0,22,6,1,5,1,17
2024,CHA202407130,20240713,top,5,1,16,6,1,5,0,14
2024,CHA202407130,20240713,bottom,4,0,24,5,1,3,0,14
2024,CIN202407130,20240713,top,3,0,12,4,1,5,0,26
2024,CIN202407130,20240713,bottom,3,0,13,4,1,4,1,14
2024,DET202407130,20240713,top,5,1,17,6,1,3,0,9
2024,DET202407130,20240713,bottom,3,0,12,4,1,6,2,16
2024,HOU202407130,20240713,top,5,1,18,6,1,3,0,11
2024,HOU202407130,20240713,bottom,7,1,25,8,1,4,0,9
2024,MIL202407130,20240713,top,5,0,14,6,1,3,0,13
2024,MIL202407130,20240713,bottom,10,5,60,2,0,3,0,11
2024,NYN202407130,20240713,top,3,0,13,4,1,3,0,10
2024,NYN202407130,20240713,bottom,3,0,13,4,1,9,4,39
2024,PHI202407130,20240713,top,3,0,11,4,1,5,1,16
2024,PHI202407130,20240713,bottom,3,0,14,4,1,5,2,22
2024,SDN202407130,20240713,top,4,0,17,5,1,4,0,18
2024,SDN202407130,20240713,bottom,3,0,14,4,1,5,1,20
2024,SFN202407130,20240713,top,4,0,13,5,1,4,0,16
2024,SFN202407130,20240713,bottom,5,0,22,6,1,4,0,16
2024,TBA202407130,20240713,top,5,0,20,6,1,3,0,10
2024,TBA202407130,20240713,bottom,4,0,20,5,1,3,0,21
2024,SLN202407131,20240713,top,4,1,15,5,1,4,0,11
2024,SLN202407131,20240713,bottom,12,9,40,4,1,5,1,15
2024,SLN202407132,20240713,top,4,0,18,5,1,9,4,36
2024,SLN202407132,20240713,bottom,7,2,21,8,1,6,1,20
2024,ANA202407140,20240714,top,3,0,12,4,1,3,0,15
2024,ANA202407140,20240714,bottom,4,0,16,5,1,3,0,8
2024,ARI202407140,20240714,top,4,0,18,5,1,4,1,10
2024,ARI202407140,20240714,bottom,4,0,17,5,1,3,0,12
2024,BAL202407140,20240714,top,4,0,13,5,1,5,1,18
2024,BAL202407140,20240714,bottom,3,0,17,4,1,5,0,28
2024,BOS202407140,20240714,top,4,1,20,5,1,3,0,9
2024,BOS202407140,20240714,bottom,5,2,26,6,1,6,2,24
2024,CHA202407140,20240714,top,4,0,9,5,1,4,0,15
2024,CHA202407140,20240714,bottom,5,1,16,6,1,4,0,12
2024,CIN202407140,20240714,top,3,0,9,4,1,3,0,11
2024,CIN202407140,20240714,bottom,3,0,9,4,1,3,0,14
2024,DET202407140,20240714,top,6,3,27,7,0,3,0,16
2024,DET202407140,20240714,bottom,3,0,14,4,1,3,0,9
2024,HOU202407140,20240714,top,5,2,16,6,1,4,0,17
2024,HOU202407140,20240714,bottom,3,0,12,4,1,3,0,11
2024,MIL202407140,20240714,top,3,0,5,4,1,5,1,20
2024,MIL202407140,20240714,bottom,5,1,24,6,1,4,0,9
2024,NYN202407140,20240714,top,5,2,23,6,1,3,0,10
2024,NYN202407140,20240714,bottom,3,0,11,4,1,4,0,15
2024,PHI202407140,20240714,top,3,0,11,4,0,4,0,18
2024,PHI202407140,20240714,bottom,5,1,22,6,1,3,0,8
2024,SDN202407140,20240714,top,4,0,13,5,1,3,0,15
2024,SDN202407140,20240714,bottom,6,1,17,7,1,3,0,12
2024,SFN202407140,20240714,top,3,0,12,4,1,3,0,15
2024,SFN202407140,20240714,bottom,3,0,8,4,1,6,1,27
2024,SLN202407140,20240714,top,3,0,15,4,1,4,0,11
2024,SLN202407140,20240714,bottom,3,0,13,4,1,5,2,24
2024,TBA202407140,20240714,top,4,0,18,5,1,3,0,3
2024,TBA202407140,20240714,bottom,3,0,5,4,1,3,0,12
2024,CHN202407190,20240719,top,4,0,15,5,1,3,0,15
2024,CHN202407190,20240719,bottom,4,0,16,5,1,4,0,17
2024,CLE202407190,20240719,top,4,0,27,5,1,3,0,14
2024,CLE202407190,20240719,bottom,4,0,12,5,1,3,0,14
2024,COL202407190,20240719,top,3,0,13,4,1,6,2,28
2024,COL202407190,20240719,bottom,3,0,14,4,1,3,0,13
2024,KCA202407190,20240719,top,4,0,17,5,1,3,0,11
2024,KCA202407190,20240719,bottom,4,1,16,5,1,3,0,11
2024,LAN202407190,20240719,top,4,0,14,5,1,3,0,15
2024,LAN202407190,20240719,bottom,4,0,21,5,1,3,0,12
2024,MIA202407190,20240719,top,4,0,18,5,1,3,0,8
2024,MIA202407190,20240719,bottom,3,0,11,4,1,6,2,26
2024,NYA202407190,20240719,top,4,0,22,5,1,3,0,14
2024,NYA202407190,20240719,bottom,5,0,10,6,1,4,0,20
2024,OAK202407190,20240719,top,4,0,14,5,1,5,1,21
2024,OAK202407190,20240719,bottom,4,0,24,5,1,3,0,8
2024,PIT202407190,20240719,top,9,3,30,1,1,4,0,16
2024,PIT202407190,20240719,bottom,6,3,21,7,1,5,0,22
2024,SEA202407190,20240719,top,4,0,13,5,1,4,0,17
2024,SEA202407190,20240719,bottom,3,0,26,4,1,4,0,12
2024,TEX202407190,20240719,top,7,4,22,8,1,4,0,12
2024,TEX202407190,20240719,bottom,3,0,12,4,1,4,1,18
2024,TOR202407190,20240719,top,3,0,12,4,1,4,0,13
2024,TOR202407190,20240719,bottom,3,0,10,4,1,3,0,11
2024,WAS202407190,20240719,top,3,0,14,4,1,3,0,15
2024,WAS202407190,20240719,bottom,4,0,23,5,1,3,0,13
2024,CHN202407200,20240720,top,3,0,7,4,1,5,0,19
2024,CHN202407200,20240720,bottom,4,0,14,5,1,5,0,22
2024,CLE202407200,20240720,top,4,0,19,5,1,5,0,18
2024,CLE202407200,20240720,bottom,3,0,12,4,1,3,0,10
2024,COL202407200,20240720,top,3,0,12,4,1,4,0,24
2024,COL202407200,20240720,bottom,5,2,24,6,1,4,0,15
2024,KCA202407200,20240720,top,3,0,11,4,1,3,0,11
2024,KCA202407200,20240720,bottom,7,3,22,8,1,5,1,17
2024,LAN202407200,20240720,top,4,0,14,5,1,4,0,17
2024,LAN202407200,20240720,bottom,4,0,13,5,1,4,1,16
2024,MIA202407200,20240720,top,4,0,19,5,1,4,0,8
2024,MIA202407200,20240720,bottom,5,0,21,6,1,3,0,9
2024,MIN202407200,20240720,top,3,0,14,4,1,3,0,16
2024,MIN202407200,20240720,bottom,4,0,19,5,1,3,0,21
2024,NYA202407200,20240720,top,5,0,18,6,1,3,0,11
2024,NYA202407200,20240720,bottom,4,0,18,5,1,4,0,17
2024,OAK202407200,20240720,top,3,0,11,4,1,4,0,18
2024,OAK202407200,20240720,bottom,6,3,21,7,1,3,0,14
2024,PIT202407200,20240720,top,3,0,15,4,1,5,0,16
2024,PIT202407200,20240720,bottom,4,0,18,5,1,3,0,14
2024,SEA202407200,20240720,top,3,0,14,4,1,4,0,19
2024,SEA202407200,20240720,bottom,5,0,22,6,1,3,0,15
2024,TEX202407200,20240720,top,5,0,23,6,1,9,4,30
2024,TEX202407200,20240720,bottom,4,0,25,5,1,6,2,29
2024,TOR202407200,20240720,top,5,0,19,6,1,3,0,11
2024,TOR202407200,20240720,bottom,4,0,16,5,1,3,0,14
2024,WAS202407200,20240720,top,7,2,48,8,1,5,1,19
2024,WAS202407200,20240720,bottom,6,2,22,7,1,3,0,6
2024,ATL202407201,20240720,top,3,0,10,4,1,3,0,13
2024,ATL202407201,20240720,bottom,4,0,15,5,1,4,0,20
2024,ATL202407202,20240720,top,5,1,20,6,1,9,4,33
2024,ATL202407202,20240720,bottom,5,1,17,6,1,3,0,12
2024,ATL202407210,20240721,top,4,0,13,5,1,4,1,19
2024,ATL202407210,20240721,bottom,3,0,6,4,1,4,0,15
2024,CHN202407210,20240721,top,3,0,11,4,1,4,0,12
2024,CHN202407210,20240721,bottom,3,0,5,4,1,4,0,20
2024,CLE202407210,20240721,top,4,0,22,5,1,6,2,28
2024,CLE202407210,20240721,bottom,3,0,8,4,1,3,0,11
2024,COL202407210,20240721,top,4,1,17,5,1,3,0,9
2024,COL202407210,20240721,bottom,4,0,17,5,1,3,0,10
2024,KCA202407210,20240721,top,3,0,17,4,1,3,0,8
2024,KCA202407210,20240721,bottom,4,0,12,5,1,4,0,14
2024,LAN202407210,20240721,top,7,2,26,8,1,4,0,17
2024,LAN202407210,20240721,bottom,6,2,23,7,1,3,0,9
2024,MIA202407210,20240721,top,4,0,17,5,1,4,0,20
2024,MIA202407210,20240721,bottom,4,0,17,5,1,5,0,15
2024,MIN202407210,20240721,top,3,0,14,4,1,3,0,16
2024,MIN202407210,20240721,bottom,3,0,9,4,1,8,2,33
2024,NYA202407210,20240721,top,4,1,16,5,1,3,0,11
2024,NYA202407210,20240721,bottom,6,0,24,7,1,5,0,20
2024,OAK202407210,20240721,top,4,0,18,5,1,4,0,12
2024,OAK202407210,20240721,bottom,5,0,22,6,1,3,0,13
2024,PIT202407210,20240721,top,3,0,13,4,1,6,2,14
2024,PIT202407210,20240721,bottom,3,0,10,4,1,4,0,20
2024,SEA202407210,20240721,top,4,0,14,5,1,3,0,7
2024,SEA202407210,20240721,bottom,4,0,9,5,1,6,2,31
2024,TEX202407210,20240721,top,4,0,17,5,1,5,0,23
2024,TEX202407210,20240721,bottom,4,0,11,5,1,3,0,8
2024,TOR202407210,20240721,top,4,0,9,5,1,3,0,6
2024,TOR202407210,20240721,bottom,4,1,19,5,1,3,0,7
2024,WAS202407210,20240721,top,3,0,10,4,1,4,1,17
2024,WAS202407210,20240721,bottom,3,0,9,4,1,5,0,17
2024,ATL202407220,20240722,top,4,1,8,5,1,3,0,8
2024,ATL202407220,20240722,bottom,3,0,8,4,1,5,0,22
2024,CHN202407220,20240722,top,5,0,22,6,1,3,0,11
2024,CHN202407220,20240722,bottom,3,0,15,4,1,4,0,14
2024,CLE202407220,20240722,top,5,2,21,6,1,6,2,24
2024,CLE202407220,20240722,bottom,3,0,12,4,1,7,1,28
2024,COL202407220,20240722,top,3,0,11,4,1,4,0,19
2024,COL202407220,20240722,bottom,4,0,10,5,1,4,0,9
2024,KCA202407220,20240722,top,3,0,12,4,1,4,0,13
2024,KCA202407220,20240722,bottom,4,0,11,5,1,6,1,25
2024,LAN202407220,20240722,top,4,0,16,5,1,3,0,10
2024,LAN202407220,20240722,bottom,3,0,11,4,1,5,0,10
2024,MIA202407220,20240722,top,4,0,14,5,1,7,2,28
2024,MIA202407220,20240722,bottom,4,0,21,5,1,4,1,16
2024,MIN202407220,20240722,top,6,2,17,7,1,4,0,14
2024,MIN202407220,20240722,bottom,3,0,13,4,1,4,0,10
2024,NYA202407220,20240722,top,3,0,15,4,1,4,0,14
2024,NYA202407220,20240722,bottom,3,0,13,4,1,5,2,16
2024,OAK202407220,20240722,top,4,0,15,5,1,5,0,12
2024,OAK202407220,20240722,bottom,4,0,23,5,1,3,0,11
2024,PIT202407220,20240722,top,4,0,15,5,1,5,0,21
2024,PIT202407220,20240722,bottom,4,0,26,5,1,4,0,21
2024,SEA202407220,20240722,top,4,0,14,5,1,3,0,12
2024,SEA202407220,20240722,bottom,6,1,25,7,1,3,0,14
2024,TEX202407220,20240722,top,5,1,22,6,1,4,0,18
2024,TEX202407220,20240722,bottom,4,0,23,5,1,4,0,15
2024,CHN202407230,20240723,top,4,0,16,5,1,3,0,12
2024,CHN202407230,20240723,bottom,4,0,17,5,1,6,0,22
2024,CLE202407230,20240723,top,4,0,17,5,1,4,0,17
2024,CLE202407230,20240723,bottom,4,0,23,5,1,5,0,11
2024,COL202407230,20240723,top,6,3,22,7,1,6,2,26
2024,COL202407230,20240723,bottom,4,0,16,5,1,4,0,19
2024,KCA202407230,20240723,top,7,3,27,8,1,3,0,13
2024,KCA202407230,20240723,bottom,5,1,19,6,1,4,0,14
2024,LAN202407230,20240723,top,4,0,20,5,1,4,1,20
2024,LAN202407230,20240723,bottom,5,2,25,6,1,4,0,16
2024,MIA202407230,20240723,top,6,1,25,7,1,4,0,18
2024,MIA202407230,20240723,bottom,4,0,10,5,1,8,4,30
2024,MIN202407230,20240723,top,3,0,10,4,1,4,0,20
2024,MIN202407230,20240723,bottom,3,0,23,4,1,4,0,11
2024,NYA202407230,20240723,top,3,0,18,4,1,3,0,13
2024,NYA202407230,20240723,bottom,4,0,18,5,1,6,1,22
2024,OAK202407230,20240723,top,4,0,12,5,1,3,0,10
2024,OAK202407230,20240723,bottom,5,2,17,6,1,4,0,16
2024,PIT202407230,20240723,top,3,0,9,4,1,3,0,9
2024,PIT202407230,20240723,bottom,4,0,13,5,1,6,0,21
2024,SEA202407230,20240723,top,3,0,9,4,1,3,0,17
2024,SEA202407230,20240723,bottom,3,0,11,4,1,4,0,18
2024,TEX202407230,20240723,top,3,0,9,4,1,5,0,17
2024,TEX202407230,20240723,bottom,6,2,18,7,1,3,0,10
2024,TOR202407230,20240723,top,3,0,10,4,1,5,1,19
2024,TOR202407230,20240723,bottom,5,0,21,6,1,3,0,13
2024,WAS202407230,20240723,top,3,0,12,4,1,3,0,10
2024,WAS202407230,20240723,bottom,4,0,13,5,1,3,0,5
2024,ATL202407240,20240724,top,7,4,31,8,1,3,0,10
2024,ATL202407240,20240724,bottom,6,1,30,7,1,6,2,18
2024,CHN202407240,20240724,top,7,1,26,8,1,3,0,12
2024,CHN202407240,20240724,bottom,5,1,28,6,1,5,0,17
2024,CLE202407240,20240724,top,4,1,14,5,1,3,0,8
2024,CLE202407240,20240724,bottom,3,0,11,4,1,3,0,17
2024,COL202407240,20240724,top,3,0,9,4,1,5,1,12
2024,COL202407240,20240724,bottom,7,3,38,8,1,6,2,17
2024,KCA202407240,20240724,top,3,0,10,4,1,4,1,20
2024,KCA202407240,20240724,bottom,4,0,18,5,1,5,1,17
2024,LAN202407240,20240724,top,5,0,18,6,1,3,0,12
2024,LAN202407240,20240724,bottom,7,1,33,8,1,3,0,13
2024,MIA202407240,20240724,top,3,0,11,4,1,3,0,15
2024,MIA202407240,20240724,bottom,3,0,11,4,1,5,0,23
2024,MIN202407240,20240724,top,5,0,24,6,0,6,0,33
2024,MIN202407240,20240724,bottom,4,0,9,5,1,4,1,10
2024,NYA202407240,20240724,top,3,0,16,4,1,3,0,10
2024,NYA202407240,20240724,bottom,5,1,23,6,1,3,0,14
2024,OAK202407240,20240724,top,6,1,20,7,1,4,1,14
2024,OAK202407240,20240724,bottom,5,1,15,6,1,5,0,22
2024,PIT202407240,20240724,top,4,0,12,5,1,4,0,19
2024,PIT202407240,20240724,bottom,4,0,16,5,1,9,4,40
2024,SEA202407240,20240724,top,5,0,25,6,1,3,0,11
2024,SEA202407240,20240724,bottom,4,0,14,5,1,4,1,22
2024,TEX202407240,20240724,top,3,0,7,4,1,5,1,20
2024,TEX202407240,20240724,bottom,6,1,27,7,1,5,0,27
2024,TOR202407240,20240724,top,3,0,10,4,1,3,0,9
2024,TOR202407240,20240724,bottom,6,1,30,7,1,3,0,7
2024,WAS202407240,20240724,top,5,0,31,6,1,8,4,28
2024,WAS202407240,20240724,bottom,7,3,26,8,1,3,0,14
2024,ANA202407250,20240725,top,5,2,15,6,1,3,0,10
2024,ANA202407250,20240725,bottom,3,0,11,4,1,9,5,27
2024,CLE202407250,20240725,top,5,0,24,6,1,6,3,19
2024,CLE202407250,20240725,bottom,4,0,19,5,1,4,0,17
2024,LAN202407250,20240725,top,5,0,14,6,1,4,0,10
2024,LAN202407250,20240725,bottom,4,0,18,5,1,6,1,22
2024,MIA202407250,20240725,top,4,1,10,5,1,6,1,28
2024,MIA202407250,20240725,bottom,4,0,10,5,1,3,0,7
2024,NYN202407250,20240725,top,5,0,24,6,1,5,1,18
2024,NYN202407250,20240725,bottom,3,0,13,4,1,3,0,13
2024,TEX202407250,20240725,top,3,0,11,4,1,3,0,12
2024,TEX202407250,20240725,bottom,4,0,17,5,1,5,0,23
2024,TOR202407250,20240725,top,4,1,19,5,1,4,0,20
2024,TOR202407250,20240725,bottom,5,0,19,6,1,3,0,18
2024,WAS202407250,20240725,top,7,3,35,8,1,4,0,20
2024,WAS202407250,20240725,bottom,3,0,16,4,1,3,0,11
2024,ANA202407260,20240726,top,3,0,11,4,1,5,2,24
2024,ANA202407260,20240726,bottom,7,4,24,8,1,3,0,8
2024,ARI202407260,20240726,top,7,2,26,8,1,5,1,13
2024,ARI202407260,20240726,bottom,3,0,16,4,1,6,0,29
2024,BAL202407260,20240726,top,4,0,23,5,1,3,0,14
2024,BAL202407260,20240726,bottom,4,0,16,5,1,4,1,15
2024,BOS202407260,20240726,top,4,0,18,5,1,5,1,28
2024,BOS202407260,20240726,bottom,6,1,13,7,1,4,0,12
2024,CHA202407260,20240726,top,11,8,40,3,0,3,0,12
2024,CHA202407260,20240726,bottom,4,0,17,5,1,4,0,10
2024,DET202407260,20240726,top,5,2,12,6,1,6,1,27
2024,DET202407260,20240726,bottom,3,0,8,4,1,3,0,13
2024,HOU202407260,20240726,top,4,0,14,5,1,3,0,11
2024,HOU202407260,20240726,bottom,3,0,8,4,1,6,1,29
2024,KCA202407260,20240726,top,3,0,10,4,1,3,0,17
2024,KCA202407260,20240726,bottom,4,0,12,5,1,4,0,15
2024,MIL202407260,20240726,top,6,3,22,7,1,7,2,20
2024,MIL202407260,20240726,bottom,3,0,12,4,1,3,0,16
2024,NYN202407260,20240726,top,4,0,18,5,1,5,2,12
2024,NYN202407260,20240726,bottom,3,0,13,4,1,5,0,16
2024,PHI202407260,20240726,top,5,1,17,6,1,5,0,10
2024,PHI202407260,20240726,bottom,4,0,20,5,1,4,0,18
2024,SFN202407260,20240726,top,3,0,11,4,1,3,0,15
2024,SFN202407260,20240726,bottom,4,1,14,5,1,7,2,25
2024,SLN202407260,20240726,top,3,0,13,4,1,6,2,20
2024,SLN202407260,20240726,bottom,5,0,15,6,1,3,0,9
2024,TBA202407260,20240726,top,6,2,28,7,1,3,0,11
2024,TBA202407260,20240726,bottom,3,0,10,4,1,6,2,19
2024,TOR202407260,20240726,top,7,1,27,8,1,3,0,16
2024,TOR202407260,20240726,bottom,7,3,24,8,1,3,0,12
2024,ANA202407270,20240727,top,6,3,23,7,1,4,0,14
2024,ANA202407270,20240727,bottom,5,0,25,6,1,3,0,10
2024,ARI202407270,20240727,top,4,1,13,5,1,3,0,11
2024,ARI202407270,20240727,bottom,7,1,28,8,1,7,3,26
2024,BAL202407270,20240727,top,4,0,11,5,1,6,2,25
2024,BAL202407270,20240727,bottom,3,0,22,4,1,3,0,15
2024,BOS202407270,20240727,top,6,3,23,7,1,4,1,14
2024,BOS202407270,20240727,bottom,7,3,23,8,1,6,2,13
2024,CHA202407270,20240727,top,3,0,13,4,1,4,0,15
2024,CHA202407270,20240727,bottom,3,0,10,4,1,6,0,21
2024,DET202407270,20240727,top,6,2,14,7,1,3,0,11
2024,DET202407270,20240727,bottom,5,1,15,6,1,3,0,14
2024,HOU202407270,20240727,top,4,0,21,5,1,5,1,28
2024,HOU202407270,20240727,bottom,3,0,12,4,1,4,0,17
2024,KCA202407270,20240727,top,5,2,22,6,1,3,0,6
2024,KCA202407270,20240727,bottom,3,0,14,4,1,5,1,20
2024,MIL202407270,20240727,top,3,0,14,4,1,6,2,26
2024,MIL202407270,20240727,bottom,3,0,16,4,1,3,0,26
2024,NYN202407270,20240727,top,3,0,9,4,1,3,0,13
2024,NYN202407270,20240727,bottom,3,0,14,4,1,4,0,14
2024,PHI202407270,20240727,top,3,0,9,4,1,4,0,16
2024,PHI202407270,20240727,bottom,3,0,16,4,1,3,0,24
2024,SLN202407270,20240727,top,3,0,12,4,1,5,1,18
2024,SLN202407270,20240727,bottom,3,0,13,4,1,4,0,16
2024,TBA202407270,20240727,top,3,0,12,4,1,3,0,8
2024,TBA202407270,20240727,bottom,4,0,17,5,1,4,1,16
2024,TOR202407270,20240727,top,6,1,23,7,1,3,0,8
2024,TOR202407270,20240727,bottom,10,4,45,2,0,3,0,14
2024,SFN202407271,20240727,top,5,0,24,6,1,3,0,13
2024,SFN202407271,20240727,bottom,5,0,23,6,1,5,1,16
2024,SFN202407272,20240727,top,4,0,20,5,1,4,0,22
2024,SFN202407272,20240727,bottom,5,1,17,6,1,5,1,13
2024,ANA202407280,20240728,top,3,0,11,4,1,4,0,15
2024,ANA202407280,20240728,bottom,4,0,11,5,1,3,0,11
2024,ARI202407280,20240728,top,5,0,17,6,1,3,0,6
2024,ARI202407280,20240728,bottom,4,0,13,5,1,4,0,17
2024,BAL202407280,20240728,top,4,0,27,5,1,3,0,13
2024,BAL202407280,20240728,bottom,5,0,23,6,1,3,0,14
2024,BOS202407280,20240728,top,6,3,20,7,1,3,0,13
2024,BOS202407280,20240728,bottom,3,0,11,4,1,3,0,11
2024,CHA202407280,20240728,top,5,2,16,6,1,7,1,29
2024,CHA202407280,20240728,bottom,3,0,18,4,1,3,0,10
2024,DET202407280,20240728,top,5,0,25,6,1,5,1,16
2024,DET202407280,20240728,bottom,3,0,12,4,1,3,0,6
2024,HOU202407280,20240728,top,4,0,20,5,1,4,0,17
2024,HOU202407280,20240728,bottom,4,0,15,5,1,3,0,16
2024,KCA202407280,20240728,top,3,0,13,4,1,4,0,18
2024,KCA202407280,20240728,bottom,6,2,25,7,1,4,0,10
2024,MIL202407280,20240728,top,6,1,20,7,1,3,0,15
2024,MIL202407280,20240728,bottom,5,2,17,6,1,5,0,24
2024,NYN202407280,20240728,top,4,0,14,5,1,3,0,9
2024,NYN202407280,20240728,bottom,3,0,18,4,1,4,0,20
2024,PHI202407280,20240728,top,4,0,11,5,1,4,0,19
2024,PHI202407280,20240728,bottom,5,1,17,6,1,3,0,11
2024,SFN202407280,20240728,top,3,0,11,4,0,3,0,16
2024,SFN202407280,20240728,bottom,5,1,27,6,1,6,2,27
2024,SLN202407280,20240728,top,4,0,17,5,1,3,0,9
2024,SLN202407280,20240728,bottom,4,1,13,5,1,5,1,20
2024,TBA202407280,20240728,top,4,0,9,5,1,5,1,20
2024,TBA202407280,20240728,bottom,3,0,15,4,1,3,0,9
2024,TOR202407280,20240728,top,5,0,17,6,1,3,0,8
2024,TOR202407280,20240728,bottom,6,3,18,7,0,4,0,9
2024,ARI202407290,20240729,top,8,5,25,9,1,6,1,21
2024,ARI202407290,20240729,bottom,3,0,16,4,1,3,0,11
2024,BOS202407290,20240729,top,3,0,14,4,1,3,0,12
2024,BOS202407290,20240729,bottom,3,0,12,4,1,3,0,14
2024,CHA202407290,20240729,top,4,0,14,5,1,5,0,14
2024,CHA202407290,20240729,bottom,6,1,17,7,1,3,0,12
2024,CIN202407290,20240729,top,5,0,20,6,1,4,0,14
2024,CIN202407290,20240729,bottom,4,0,14,5,1,5,2,22
2024,DET202407290,20240729,top,8,3,33,9,0,3,0,7
2024,DET202407290,20240729,bottom,4,0,20,5,1,3,0,10
2024,HOU202407290,20240729,top,3,0,13,4,1,3,0,11
2024,HOU202407290,20240729,bottom,4,0,14,5,1,3,0,12
2024,MIL202407290,20240729,top,3,0,9,4,1,4,0,11
2024,MIL202407290,20240729,bottom,3,0,14,4,1,5,0,22
2024,NYN202407290,20240729,top,5,1,19,6,1,4,0,19
2024,NYN202407290,20240729,bottom,5,0,20,6,1,4,0,16
2024,PHI202407290,20240729,top,4,1,16,5,1,5,2,18
2024,PHI202407290,20240729,bottom,3,0,16,4,1,3,0,13
2024,SLN202407290,20240729,top,3,0,15,4,1,4,0,16
2024,SLN202407290,20240729,bottom,3,0,6,4,1,3,0,15
2024,BAL202407291,20240729,top,5,0,17,6,1,5,0,21
2024,BAL202407291,20240729,bottom,10,4,45,2,0,4,0,15
2024,BAL202407292,20240729,top,6,1,22,7,1,7,2,29
2024,BAL202407292,20240729,bottom,4,1,12,5,1,5,2,8
2024,ANA202407300,20240730,top,7,2,23,8,1,7,4,28
2024,ANA202407300,20240730,bottom,8,2,26,9,1,3,0,12
2024,ARI202407300,20240730,top,4,0,22,5,1,4,0,20
2024,ARI202407300,20240730,bottom,5,2,16,6,1,11,7,35
2024,BAL202407300,20240730,top,4,0,14,5,1,3,0,10
2024,BAL202407300,20240730,bottom,5,1,32,6,1,3,0,15
2024,BOS202407300,20240730,top,4,1,11,5,1,4,0,15
2024,BOS202407300,20240730,bottom,5,0,17,6,1,4,0,15
2024,CHA202407300,20240730,top,3,0,7,4,1,4,0,18
2024,CHA202407300,20240730,bottom,4,1,18,5,1,3,0,7
2024,CIN202407300,20240730,top,4,0,23,5,0,4,0,14
2024,CIN202407300,20240730,bottom,7,2,27,8,1,7,3,19
2024,DET202407300,20240730,top,3,0,11,4,1,5,0,16
2024,DET202407300,20240730,bottom,3,0,15,4,1,5,0,20
2024,HOU202407300,20240730,top,5,0,19,6,1,4,1,11
2024,HOU202407300,20240730,bottom,3,0,9,4,1,5,0,15
2024,MIL202407300,20240730,top,4,0,13,5,1,3,0,6
2024,MIL202407300,20240730,bottom,3,0,9,4,1,3,0,11
2024,NYN202407300,20240730,top,4,0,18,5,1,3,0,11
2024,NYN202407300,20240730,bottom,3,0,8,4,1,3,0,10
2024,PHI202407300,20240730,top,6,1,20,7,1,4,0,15
2024,PHI202407300,20240730,bottom,5,1,18,6,1,6,3,19
2024,SDN202407300,20240730,top,8,5,35,9,1,3,0,13
2024,SDN202407300,20240730,bottom,3,0,11,4,1,4,1,14
2024,SFN202407300,20240730,top,4,0,19,5,1,4,1,22
2024,SFN202407300,20240730,bottom,3,0,12,4,1,3,0,14
2024,SLN202407300,20240730,top,3,0,15,4,1,6,1,22
2024,SLN202407300,20240730,bottom,4,1,17,5,1,5,1,16
2024,TBA202407300,20240730,top,6,2,24,7,1,4,0,24
2024,TBA202407300,20240730,bottom,3,0,11,4,1,3,0,12
2024,ANA202407310,20240731,top,6,1,20,7,1,4,0,15
2024,ANA202407310,20240731,bottom,3,0,10,4,1,3,0,17
2024,ARI202407310,20240731,top,4,0,14,5,1,4,0,13
2024,ARI202407310,20240731,bottom,4,0,12,5,1,4,0,13
2024,BAL202407310,20240731,top,4,0,11,5,1,3,0,13
2024,BAL202407310,20240731,bottom,7,2,27,8,1,4,1,17
2024,BOS202407310,20240731,top,3,0,6,4,1,5,0,16
2024,BOS202407310,20240731,bottom,5,1,23,6,1,4,0,12
2024,CHA202407310,20240731,top,5,1,19,6,1,5,2,15
2024,CHA202407310,20240731,bottom,3,0,7,4,1,7,3,19
2024,CIN202407310,20240731,top,3,0,11,4,1,6,2,20
2024,CIN202407310,20240731,bottom,3,0,14,4,1,3,0,15
2024,HOU202407310,20240731,top,3,0,14,4,1,8,4,22
2024,HOU202407310,20240731,bottom,4,0,16,5,1,4,1,10
2024,MIL202407310,20240731,top,3,0,11,4,1,5,0,28
2024,MIL202407310,20240731,bottom,7,2,23,8,1,4,0,18
2024,NYN202407310,20240731,top,3,0,10,4,1,5,1,25
2024,NYN202407310,20240731,bottom,4,0,20,5,1,5,2,13
2024,PHI202407310,20240731,top,3,0,12,4,1,7,4,26
2024,PHI202407310,20240731,bottom,3,0,16,4,1,3,0,15
2024,SDN202407310,20240731,top,3,0,16,4,1,4,0,15
2024,SDN202407310,20240731,bottom,4,0,9,5,1,8,4,34
2024,SFN202407310,20240731,top,5,0,16,6,1,3,0,13
2024,SFN202407310,20240731,bottom,3,0,15,4,1,4,0,11
2024,SLN202407310,20240731,top,4,0,15,5,1,3,0,11
2024,SLN202407310,20240731,bottom,3,0,13,4,1,8,3,39
2024,TBA202407310,20240731,top,3,0,17,4,1,4,1,16
2024,TBA202407310,20240731,bottom,4,1,18,5,1,5,1,23
2024,ANA202408010,20240801,top,3,0,7,4,1,6,2,21
2024,ANA202408010,20240801,bottom,3,0,12,4,1,5,0,17
2024,ATL202408010,20240801,top,5,0,18,6,1,4,0,22
2024,ATL202408010,20240801,bottom,6,3,22,7,1,5,0,22
2024,CHN202408010,20240801,top,4,1,11,5,1,5,0,17
2024,CHN202408010,20240801,bottom,3,0,9,4,1,6,1,16
2024,CLE202408010,20240801,top,5,1,25,6,1,3,0,17
2024,CLE202408010,20240801,bottom,6,2,20,7,1,3,0,11
2024,DET202408010,20240801,top,6,3,29,7,1,3,0,14
2024,DET202408010,20240801,bottom,4,0,12,5,1,3,0,16
2024,ANA202408020,20240802,top,5,0,26,6,1,5,1,23
2024,ANA202408020,20240802,bottom,4,0,14,5,1,5,1,18
2024,ATL202408020,20240802,top,6,2,20,7,1,3,0,13
2024,ATL202408020,20240802,bottom,3,0,11,4,1,3,0,13
2024,CHN202408020,20240802,top,3,0,16,4,1,4,0,28
2024,CHN202408020,20240802,bottom,4,0,23,5,1,8,5,41
2024,CIN202408020,20240802,top,5,0,26,6,1,6,2,26
2024,CIN202408020,20240802,bottom,3,0,11,4,1,4,0,14
2024,CLE202408020,20240802,top,3,0,17,4,1,7,1,27
2024,CLE202408020,20240802,bottom,3,0,16,4,1,7,2,22
2024,DET202408020,20240802,top,3,0,9,4,1,6,1,22
2024,DET202408020,20240802,bottom,6,2,28,7,1,3,0,11
2024,HOU202408020,20240802,top,6,2,25,7,1,3,0,10
2024,HOU202408020,20240802,bottom,3,0,9,4,1,5,0,23
2024,MIN202408020,20240802,top,3,0,16,4,1,3,0,13
2024,MIN202408020,20240802,bottom,5,2,24,6,1,4,0,10
2024,NYA202408020,20240802,top,7,3,25,8,1,3,0,12
2024,NYA202408020,20240802,bottom,5,2,16,6,1,4,0,14
2024,OAK202408020,20240802,top,5,2,19,6,1,3,0,11
2024,OAK202408020,20240802,bottom,5,0,21,6,1,3,0,11
2024,PIT202408020,20240802,top,9,5,33,1,1,4,0,12
2024,PIT202408020,20240802,bottom,4,0,10,5,1,4,0,15
2024,SDN202408020,20240802,top,4,0,28,5,1,4,1,18
2024,SDN202408020,20240802,bottom,3,0,11,4,1,4,1,18
2024,SEA202408020,20240802,top,4,0,15,5,1,4,0,13
2024,SEA202408020,20240802,bottom,4,1,18,5,1,11,7,46
2024,TEX202408020,20240802,top,3,0,13,4,1,5,2,21
2024,TEX202408020,20240802,bottom,5,1,24,6,1,3,0,10
2024,WAS202408020,20240802,top,4,0,13,5,1,7,3,32
2024,WAS202408020,20240802,bottom,4,0,16,5,1,3,0,11
2024,ANA202408030,20240803,top,5,0,19,6,1,3,0,13
2024,ANA202408030,20240803,bottom,6,1,22,7,1,4,0,14
2024,ATL202408030,20240803,top,3,0,10,4,1,5,0,15
2024,ATL202408030,20240803,bottom,6,1,34,7,1,4,0,19
2024,CHN202408030,20240803,top,4,1,11,5,1,3,0,8
2024,CHN202408030,20240803,bottom,5,2,21,6,1,5,2,16
2024,CIN202408030,20240803,top,3,0,18,4,1,5,0,25
2024,CIN202408030,20240803,bottom,3,0,14,4,1,4,1,14
2024,CLE202408030,20240803,top,4,0,20,5,1,3,0,13
2024,CLE202408030,20240803,bottom,4,0,10,5,1,4,0,17
2024,DET202408030,20240803,top,3,0,10,4,1,3,0,7
2024,DET202408030,20240803,bottom,4,0,13,5,1,3,0,13
2024,HOU202408030,20240803,top,4,0,18,5,1,5,0,18
2024,HOU202408030,20240803,bottom,4,0,18,5,1,4,1,13
2024,MIN202408030,20240803,top,3,0,12,4,1,3,0,13
2024,MIN202408030,20240803,bottom,3,0,13,4,1,4,1,13
2024,NYA202408030,20240803,top,4,1,16,5,1,3,0,16
2024,NYA202408030,20240803,bottom,7,2,26,8,1,7,2,17
2024,OAK202408030,20240803,top,4,0,16,5,1,3,0,9
2024,OAK202408030,20240803,bottom,5,0,19,6,1,4,0,20
2024,PIT202408030,20240803,top,3,0,11,4,1,3,0,11
2024,PIT202408030,20240803,bottom,3,0,12,4,1,4,1,17
2024,SDN202408030,20240803,top,3,0,13,4,1,3,0,13
2024,SDN202408030,20240803,bottom,3,0,13,4,1,3,0,13
2024,SEA202408030,20240803,top,5,1,19,6,1,3,0,8
2024,SEA202408030,20240803,bottom,4,0,13,5,0,4,0,17
2024,TEX202408030,20240803,top,4,1,17,5,1,3,0,11
2024,TEX202408030,20240803,bottom,4,0,13,5,1,3,0,10
2024,WAS202408030,20240803,top,4,0,15,5,1,3,0,14
2024,WAS202408030,20240803,bottom,8,4,34,9,1,3,0,15
2024,ANA202408040,20240804,top,4,0,18,5,1,6,1,29
2024,ANA202408040,20240804,bottom,4,0,24,5,1,6,2,27
2024,ATL202408040,20240804,top,4,0,18,5,1,4,0,16
2024,ATL202408040,20240804,bottom,4,0,19,5,1,4,0,17
2024,CHN202408040,20240804,top,3,0,10,4,1,4,0,13
2024,CHN202408040,20240804,bottom,4,0,13,5,1,5,0,22
2024,CIN202408040,20240804,top,3,0,13,4,1,4,0,16
2024,CIN202408040,20240804,bottom,3,0,14,4,1,5,2,15
2024,CLE202408040,20240804,top,5,1,21,6,1,4,0,13
2024,CLE202408040,20240804,bottom,4,0,19,5,1,3,0,7
2024,DET202408040,20240804,top,5,0,21,6,1,4,0,17
2024,DET202408040,20240804,bottom,3,0,12,4,1,6,1,14
2024,HOU202408040,20240804,top,5,0,24,6,1,3,0,16
2024,HOU202408040,20240804,bottom,6,0,25,7,0,3,0,7
2024,MIN202408040,20240804,top,6,0,29,7,1,3,0,15
2024,MIN202408040,20240804,bottom,7,2,30,8,1,10,6,46
2024,NYA202408040,20240804,top,4,0,14,5,1,7,2,25
2024,NYA202408040,20240804,bottom,6,0,22,7,1,3,0,11
2024,OAK202408040,20240804,top,7,2,27,8,1,4,0,21
2024,OAK202408040,20240804,bottom,6,2,21,7,1,4,0,18
2024,PIT202408040,20240804,top,3,0,10,4,1,5,0,22
2024,PIT202408040,20240804,bottom,5,1,22,6,1,7,3,31
2024,SDN202408040,20240804,top,3,0,10,4,1,5,0,19
2024,SDN202408040,20240804,bottom,4,0,17,5,1,6,1,34
2024,SEA202408040,20240804,top,4,1,16,5,1,3,0,23
2024,SEA202408040,20240804,bottom,4,0,12,5,1,3,0,7
2024,TEX202408040,20240804,top,4,0,25,5,1,3,0,18
2024,TEX202408040,20240804,bottom,4,1,13,5,1,5,1,17
2024,WAS202408040,20240804,top,3,0,11,4,1,3,0,6
2024,WAS202408040,20240804,bottom,4,1,16,5,1,3,0,14
2024,CHN202408050,20240805,top,4,0,23,5,1,4,0,14
2024,CHN202408050,20240805,bottom,3,0,14,4,1,3,0,16
2024,CLE202408050,20240805,top,8,2,30,9,1,4,0,13
2024,CLE202408050,20240805,bottom,5,2,21,6,1,5,1,14
2024,KCA202408050,20240805,top,5,0,21,6,1,6,2,22
2024,KCA202408050,20240805,bottom,3,0,11,4,1,4,0,14
2024,LAN202408050,20240805,top,3,0,16,4,1,6,2,18
2024,LAN202408050,20240805,bottom,3,0,13,4,1,3,0,16
2024,MIA202408050,20240805,top,5,2,18,6,1,3,0,7
2024,MIA202408050,20240805,bottom,3,0,12,4,1,4,0,13
2024,OAK202408050,20240805,top,3,0,6,4,1,4,0,18
2024,OAK202408050,20240805,bottom,6,1,30,7,1,3,0,10
2024,SLN202408050,20240805,top,3,0,15,4,1,5,1,17
2024,SLN202408050,20240805,bottom,3,0,10,4,1,4,0,16
2024,TEX202408050,20240805,top,4,0,16,5,1,4,0,15
2024,TEX202408050,20240805,bottom,4,0,16,5,1,3,0,19
2024,WAS202408050,20240805,top,4,1,14,5,1,4,0,18
2024,WAS202408050,20240805,bottom,3,0,10,4,1,4,0,9
2024,ATL202408060,20240806,top,6,3,20,7,1,5,1,21
2024,ATL202408060,20240806,bottom,3,0,7,4,1,4,0,18
2024,CHN202408060,20240806,top,3,0,10,4,1,3,0,8
2024,CHN202408060,20240806,bottom,6,3,17,7,1,4,0,14
2024,COL202408060,20240806,top,3,0,9,4,1,6,2,17
2024,COL202408060,20240806,bottom,3,0,10,4,1,5,1,18
2024,KCA202408060,20240806,top,4,0,17,5,1,6,2,28
2024,KCA202408060,20240806,bottom,5,1,20,6,1,4,0,20
2024,LAN202408060,20240806,top,3,0,9,4,1,3,0,12
2024,LAN202408060,20240806,bottom,4,0,10,5,1,4,0,17
2024,MIA202408060,20240806,top,4,0,17,5,1,5,1,12
2024,MIA202408060,20240806,bottom,4,0,12,5,1,3,0,14
2024,OAK202408060,20240806,top,4,0,14,5,1,3,0,9
2024,OAK202408060,20240806,bottom,6,0,24,7,1,4,0,12
2024,PIT202408060,20240806,top,3,0,9,4,1,4,0,11
2024,PIT202408060,20240806,bottom,4,0,14,5,0,3,0,12
2024,SEA202408060,20240806,top,3,0,12,4,1,4,0,14
2024,SEA202408060,20240806,bottom,3,0,11,4,1,3,0,15
2024,SLN202408060,20240806,top,6,2,30,7,1,4,0,11
2024,SLN202408060,20240806,bottom,5,0,20,6,1,7,4,21
2024,TEX202408060,20240806,top,5,0,20,6,1,3,0,11
2024,TEX202408060,20240806,bottom,3,0,10,4,1,3,0,10
2024,TOR202408060,20240806,top,3,0,14,4,1,3,0,15
2024,TOR202408060,20240806,bottom,3,0,14,4,1,5,0,28
2024,WAS202408060,20240806,top,9,4,33,1,1,4,0,15
2024,WAS202408060,20240806,bottom,4,0,18,5,1,8,5,40
2024,ATL202408070,20240807,top,5,0,22,6,1,6,0,20
2024,ATL202408070,20240807,bottom,6,2,20,7,1,3,0,15
2024,CHN202408070,20240807,top,5,1,15,6,1,5,1,32
2024,CHN202408070,20240807,bottom,4,1,19,5,1,3,0,10
2024,COL202408070,20240807,top,5,1,24,6,0,5,1,21
2024,COL202408070,20240807,bottom,4,1,7,5,1,4,0,21
2024,KCA202408070,20240807,top,3,0,11,4,1,4,0,14
2024,KCA202408070,20240807,bottom,5,1,18,6,1,6,1,23
2024,LAN202408070,20240807,top,4,1,18,5,1,4,0,13
2024,LAN202408070,20240807,bottom,7,2,23,8,1,6,2,21
2024,MIA202408070,20240807,top,4,0,13,5,1,6,0,25
2024,MIA202408070,20240807,bottom,8,5,33,9,1,3,0,17
2024,OAK202408070,20240807,top,3,0,13,4,1,6,2,27
2024,OAK202408070,20240807,bottom,3,0,13,4,1,5,0,25
2024,PIT202408070,20240807,top,5,0,21,6,1,5,1,12
2024,PIT202408070,20240807,bottom,7,2,33,8,1,5,1,13
2024,SEA202408070,20240807,top,5,1,28,6,1,5,0,19
2024,SEA202408070,20240807,bottom,3,0,13,4,1,3,0,11
2024,SLN202408070,20240807,top,3,0,12,4,1,5,0,27
2024,SLN202408070,20240807,bottom,6,1,22,7,1,4,0,15
2024,TEX202408070,20240807,top,7,1,25,8,1,4,0,15
2024,TEX202408070,20240807,bottom,3,0,8,4,1,4,0,12
2024,TOR202408070,20240807,top,5,2,23,6,1,4,0,19
2024,TOR202408070,20240807,bottom,6,1,31,7,1,5,2,17
2024,WAS202408070,20240807,top,3,0,17,4,1,4,0,20
2024,WAS202408070,20240807,bottom,4,0,13,5,1,3,0,10
2024,CLE202408071,20240807,top,5,0,22,6,1,6,2,22
2024,CLE202408071,20240807,bottom,3,0,16,4,1,3,0,7
2024,NYA202408071,20240807,top,5,0,30,6,1,5,0,25
2024,NYA202408071,20240807,bottom,7,2,29,8,1,4,1,19
2024,CLE202408072,20240807,top,3,0,20,4,1,6,2,21
2024,CLE202408072,20240807,bottom,3,0,7,4,1,5,1,12
2024,NYA202408072,20240807,top,3,0,14,4,1,9,6,41
2024,NYA202408072,20240807,bottom,4,0,22,5,1,6,1,25
2024,ARI202408080,20240808,top,4,0,12,5,1,5,0,15
2024,ARI202408080,20240808,bottom,4,0,7,5,1,3,0,11
2024,ATL202408080,20240808,top,7,3,27,8,1,6,3,33
2024,ATL202408080,20240808,bottom,5,0,30,6,1,3,0,12
2024,COL202408080,20240808,top,8,4,32,9,1,4,0,23
2024,COL202408080,20240808,bottom,4,0,16,5,1,4,0,19
2024,MIA202408080,20240808,top,5,2,18,6,1,3,0,16
2024,MIA202408080,20240808,bottom,4,0,15,5,1,4,0,18
2024,NYA202408080,20240808,top,4,1,24,5,1,4,0,14
2024,NYA202408080,20240808,bottom,4,0,22,5,1,4,1,13
2024,PIT202408080,20240808,top,5,2,21,6,1,5,2,13
2024,PIT202408080,20240808,bottom,4,0,17,5,1,5,0,14
2024,SEA202408080,20240808,top,3,0,14,4,1,3,0,17
2024,SEA202408080,20240808,bottom,3,0,10,4,1,4,0,18
2024,SLN202408080,20240808,top,7,2,19,8,1,3,0,12
2024,SLN202408080,20240808,bottom,7,3,32,8,1,3,0,15
2024,TOR202408080,20240808,top,3,0,10,4,1,3,0,9
2024,TOR202408080,20240808,bottom,7,3,28,8,1,5,0,15
2024,WAS202408080,20240808,top,7,1,38,8,1,4,0,17
2024,WAS202408080,20240808,bottom,5,1,12,6,1,3,0,12
2024,ARI202408090,20240809,top,3,0,9,4,1,3,0,15
2024,ARI202408090,20240809,bottom,6,1,21,7,1,4,0,19
2024,BOS202408090,20240809,top,4,1,21,5,1,4,0,16
2024,BOS202408090,20240809,bottom,4,0,20,5,1,6,2,17
2024,CHA202408090,20240809,top,7,3,31,8,1,4,0,16
2024,CHA202408090,20240809,bottom,4,0,13,5,1,4,0,19
2024,COL202408090,20240809,top,4,1,15,5,1,4,0,21
2024,COL202408090,20240809,bottom,3,0,11,4,1,5,0,24
2024,KCA202408090,20240809,top,7,2,30,8,1,3,0,11
2024,KCA202408090,20240809,bottom,4,0,11,5,1,3,0,16
2024,LAN202408090,20240809,top,4,0,20,5,1,3,0,10
2024,LAN202408090,20240809,bottom,4,1,18,5,1,3,0,16
2024,MIA202408090,20240809,top,3,0,15,4,1,4,0,15
2024,MIA202408090,20240809,bottom,4,0,18,5,1,3,0,10
2024,MIL202408090,20240809,top,3,0,9,4,1,4,0,14
2024,MIL202408090,20240809,bottom,6,3,29,7,1,6,3,18
2024,SEA202408090,20240809,top,4,0,15,5,1,4,0,17
2024,SEA202408090,20240809,bottom,5,0,22,6,1,5,2,9
2024,SFN202408090,20240809,top,4,0,16,5,1,5,1,18
2024,SFN202408090,20240809,bottom,4,0,22,5,1,3,0,11
2024,TBA202408090,20240809,top,6,1,30,7,1,4,0,12
2024,TBA202408090,20240809,bottom,4,0,18,5,1,4,0,10
2024,TOR202408090,20240809,top,4,0,18,5,1,3,0,12
2024,TOR202408090,20240809,bottom,5,1,21,6,1,3,0,11
2024,WAS202408090,20240809,top,3,0,7,4,1,5,2,19
2024,WAS202408090,20240809,bottom,6,1,27,7,1,3,0,13
2024,MIN202408091,20240809,top,4,0,19,5,1,4,0,13
2024,MIN202408091,20240809,bottom,4,1,11,5,1,4,1,15
2024,MIN202408092,20240809,top,4,0,13,5,1,4,0,12
2024,MIN202408092,20240809,bottom,5,1,21,6,1,5,1,22
2024,ARI202408100,20240810,top,6,0,26,7,1,3,0,17
2024,ARI202408100,20240810,bottom,6,1,18,7,1,6,1,27
2024,BOS202408100,20240810,top,5,1,22,6,1,3,0,9
2024,BOS202408100,20240810,bottom,3,0,12,4,1,3,0,13
2024,CHA202408100,20240810,top,5,0,25,6,1,4,0,16
2024,CHA202408100,20240810,bottom,5,0,23,6,1,6,1,22
2024,COL202408100,20240810,top,3,0,13,4,1,3,0,11
2024,COL202408100,20240810,bottom,6,0,18,7,1,7,3,32
2024,KCA202408100,20240810,top,3,0,4,4,1,5,2,18
2024,KCA202408100,20240810,bottom,3,0,14,4,1,5,0,19
2024,LAN202408100,20240810,top,3,0,10,4,1,4,0,13
2024,LAN202408100,20240810,bottom,5,1,15,6,1,3,0,13
2024,MIA202408100,20240810,top,5,1,14,6,1,3,0,17
2024,MIA202408100,20240810,bottom,5,0,23,6,1,3,0,10
2024,MIL202408100,20240810,top,3,0,15,4,1,3,0,9
2024,MIL202408100,20240810,bottom,3,0,10,4,1,3,0,13
2024,MIN202408100,20240810,top,4,1,12,5,1,3,0,7
2024,MIN202408100,20240810,bottom,4,0,14,5,1,3,0,12
2024,SEA202408100,20240810,top,3,0,8,4,1,3,0,13
2024,SEA202408100,20240810,bottom,7,3,26,8,1,5,0,27
2024,SFN202408100,20240810,top,3,0,7,4,1,3,0,12
2024,SFN202408100,20240810,bottom,6,0,31,7,0,3,0,15
2024,TBA202408100,20240810,top,7,3,30,8,0,5,1,21
2024,TBA202408100,20240810,bottom,3,0,10,4,1,3,0,14
2024,TOR202408100,20240810,top,3,0,15,4,1,5,0,11
2024,TOR202408100,20240810,bottom,4,0,19,5,1,4,0,17
2024,WAS202408100,20240810,top,3,0,14,4,1,6,1,29
2024,WAS202408100,20240810,bottom,3,0,10,4,1,4,1,20
2024,NYA202408101,20240810,top,3,0,13,4,1,6,0,25
2024,NYA202408101,20240810,bottom,6,1,29,7,1,4,0,14
2024,NYA202408102,20240810,top,3,0,15,4,1,5,0,19
2024,NYA202408102,20240810,bottom,3,0,12,4,1,5,1,24
2024,ARI202408110,20240811,top,6,2,21,7,1,3,0,14
2024,ARI202408110,20240811,bottom,6,1,18,7,1,5,0,18
2024,BOS202408110,20240811,top,4,0,8,5,0,3,0,10
2024,BOS202408110,20240811,bottom,3,0,19,4,1,3,0,13
2024,COL202408110,20240811,top,4,1,23,5,1,3,0,14
2024,COL202408110,20240811,bottom,3,0,12,4,1,3,0,15
2024,LAN202408110,20240811,top,3,0,12,4,1,3,0,11
2024,LAN202408110,20240811,bottom,6,2,29,7,1,6,2,17
2024,MIA202408110,20240811,top,3,0,15,4,1,3,0,10
2024,MIA202408110,20240811,bottom,7,2,33,8,1,6,3,17
2024,MIL202408110,20240811,top,5,0,23,6,1,4,0,15
2024,MIL202408110,20240811,bottom,4,0,17,5,1,5,2,17
2024,MIN202408110,20240811,top,4,0,17,5,1,4,0,14
2024,MIN202408110,20240811,bottom,3,0,11,4,1,5,1,13
2024,NYA202408110,20240811,top,4,0,16,5,1,4,0,21
2024,NYA202408110,20240811,bottom,5,1,19,6,1,3,0,13
2024,SEA202408110,20240811,top,3,0,11,4,1,5,0,15
2024,SEA202408110,20240811,bottom,4,0,13,5,1,5,1,25
2024,SFN202408110,20240811,top,4,1,19,5,1,5,2,24
2024,SFN202408110,20240811,bottom,7,2,29,8,1,5,0,20
2024,TBA202408110,20240811,top,4,0,18,5,1,3,0,13
2024,TBA202408110,20240811,bottom,4,0,12,5,1,5,0,26
2024,TOR202408110,20240811,top,11,6,41,3,1,3,0,13
2024,TOR202408110,20240811,bottom,3,0,13,4,1,3,0,14
2024,WAS202408110,20240811,top,6,0,29,7,1,4,0,18
2024,WAS202408110,20240811,bottom,3,0,8,4,1,3,0,7
2024,ANA202408120,20240812,top,5,0,24,6,1,5,0,14
2024,ANA202408120,20240812,bottom,3,0,9,4,1,3,0,11
2024,ARI202408120,20240812,top,3,0,9,4,1,3,0,9
2024,ARI202408120,20240812,bottom,3,0,18,4,1,5,1,14
2024,BOS202408120,20240812,top,4,0,14,5,1,3,0,11
2024,BOS202408120,20240812,bottom,4,0,16,5,1,4,0,15
2024,CHA202408120,20240812,top,6,1,22,7,1,6,0,23
2024,CHA202408120,20240812,bottom,7,2,34,8,1,3,0,16
2024,CIN202408120,20240812,top,3,0,9,4,1,5,0,20
2024,CIN202408120,20240812,bottom,3,0,13,4,1,3,0,14
2024,CLE202408120,20240812,top,3,0,10,4,1,5,0,26
2024,CLE202408120,20240812,bottom,3,0,10,4,1,3,0,15
2024,MIL202408120,20240812,top,3,0,11,4,1,4,0,21
2024,MIL202408120,20240812,bottom,3,0,7,4,1,4,0,17
2024,MIN202408120,20240812,top,4,1,11,5,1,6,1,33
2024,MIN202408120,20240812,bottom,4,0,18,5,1,9,6,34
2024,SDN202408120,20240812,top,4,0,17,5,1,4,0,14
2024,SDN202408120,20240812,bottom,4,0,11,5,1,3,0,17
2024,SFN202408120,20240812,top,4,0,23,5,1,3,0,16
2024,SFN202408120,20240812,bottom,5,0,19,6,1,4,0,16
2024,TBA202408120,20240812,top,4,1,14,5,1,3,0,13
2024,TBA202408120,20240812,bottom,4,0,17,5,1,3,0,16
2024,ANA202408130,20240813,top,7,3,29,8,1,3,0,13
2024,ANA202408130,20240813,bottom,4,0,15,5,1,5,0,18
2024,ARI202408130,20240813,top,3,0,7,4,1,6,1,29
2024,ARI202408130,20240813,bottom,4,0,16,5,1,4,0,13
2024,BAL202408130,20240813,top,5,2,17,6,1,5,0,16
2024,BAL202408130,20240813,bottom,3,0,16,4,1,6,1,21
2024,BOS202408130,20240813,top,3,0,9,4,1,3,0,7
2024,BOS202408130,20240813,bottom,5,1,18,6,1,3,0,17
2024,CHA202408130,20240813,top,4,0,20,5,1,4,0,17
2024,CHA202408130,20240813,bottom,3,0,17,4,1,3,0,13
2024,CIN202408130,20240813,top,4,0,11,5,1,3,0,15
2024,CIN202408130,20240813,bottom,6,1,28,7,1,4,1,12
2024,CLE202408130,20240813,top,4,0,18,5,1,4,1,14
2024,CLE202408130,20240813,bottom,5,0,20,6,1,6,1,19
2024,DET202408130,20240813,top,3,0,10,4,1,4,0,13
2024,DET202408130,20240813,bottom,6,1,18,7,1,3,0,11
2024,MIL202408130,20240813,top,3,0,13,4,1,4,1,17
2024,MIL202408130,20240813,bottom,4,0,14,5,1,5,0,19
2024,MIN202408130,20240813,top,3,0,11,4,1,4,1,16
2024,MIN202408130,20240813,bottom,7,3,30,8,1,3,0,8
2024,NYN202408130,20240813,top,7,3,19,8,1,3,0,13
2024,NYN202408130,20240813,bottom,3,0,12,4,1,6,1,21
2024,PHI202408130,20240813,top,7,2,34,8,1,3,0,7
2024,PHI202408130,20240813,bottom,4,0,16,5,1,3,0,12
2024,SDN202408130,20240813,top,4,0,20,5,1,5,0,16
2024,SDN202408130,20240813,bottom,5,1,26,6,1,3,0,13
2024,SFN202408130,20240813,top,5,0,18,6,1,6,2,28
2024,SFN202408130,20240813,bottom,4,0,15,5,1,5,1,13
2024,TBA202408130,20240813,top,4,0,15,5,1,4,0,13
2024,TBA202408130,20240813,bottom,3,0,16,4,1,5,1,29
2024,ANA202408140,20240814,top,3,0,6,4,1,5,2,19
2024,ANA202408140,20240814,bottom,3,0,9,4,1,4,0,12
2024,ARI202408140,20240814,top,3,0,11,4,1,3,0,11
2024,ARI202408140,20240814,bottom,10,4,48,2,0,5,1,16
2024,BAL202408140,20240814,top,3,0,11,4,1,5,1,16
2024,BAL202408140,20240814,bottom,6,2,19,7,1,3,0,13
2024,BOS202408140,20240814,top,5,0,23,6,1,5,1,16
2024,BOS202408140,20240814,bottom,4,0,17,5,1,6,2,26
2024,CHA202408140,20240814,top,4,1,11,5,1,3,0,15
2024,CHA202408140,20240814,bottom,4,0,22,5,1,4,1,20
2024,CIN202408140,20240814,top,3,0,9,4,1,3,0,13
2024,CIN202408140,20240814,bottom,3,0,16,4,1,3,0,15
2024,CLE202408140,20240814,top,3,0,7,4,1,3,0,15
2024,CLE202408140,20240814,bottom,3,0,7,4,1,5,0,19
2024,DET202408140,20240814,top,4,0,20,5,1,5,0,22
2024,DET202408140,20240814,bottom,3,0,13,4,1,3,0,9
2024,MIL202408140,20240814,top,8,3,30,9,1,4,0,22
2024,MIL202408140,20240814,bottom,5,0,25,6,1,7,3,35
2024,MIN202408140,20240814,top,5,0,19,6,1,5,1,20
2024,MIN202408140,20240814,bottom,3,0,11,4,1,3,0,13
2024,NYN202408140,20240814,top,3,0,14,4,1,3,0,11
2024,NYN202408140,20240814,bottom,3,0,15,4,1,6,1,14
2024,PHI202408140,20240814,top,8,3,27,9,1,5,0,17
2024,PHI202408140,20240814,bottom,4,0,13,5,1,4,1,18
2024,SDN202408140,20240814,top,5,0,20,6,1,3,0,17
2024,SDN202408140,20240814,bottom,6,3,21,7,1,5,1,16
2024,SFN202408140,20240814,top,9,5,42,1,0,3,0,11
2024,SFN202408140,20240814,bottom,5,1,13,6,1,3,0,9
2024,TBA202408140,20240814,top,3,0,13,4,1,3,0,4
2024,TBA202408140,20240814,bottom,3,0,8,4,1,3,0,15
2024,BAL202408150,20240815,top,4,0,16,5,1,3,0,11
2024,BAL202408150,20240815,bottom,3,0,13,4,1,3,0,19
2024,DET202408150,20240815,top,7,1,33,8,0,3,0,14
2024,DET202408150,20240815,bottom,3,0,13,4,1,3,0,11
2024,MIL202408150,20240815,top,3,0,12,4,1,6,2,21
2024,MIL202408150,20240815,bottom,6,3,26,7,1,3,0,13
2024,NYN202408150,20240815,top,6,0,26,7,1,3,0,12
2024,NYN202408150,20240815,bottom,4,0,21,5,1,5,1,34
2024,PHI202408150,20240815,top,3,0,18,4,1,4,0,16
2024,PHI202408150,20240815,bottom,9,4,29,1,1,4,0,14
2024,SFN202408150,20240815,top,3,0,12,4,1,3,0,14
2024,SFN202408150,20240815,bottom,4,0,26,5,1,8,2,31
2024,TEX202408150,20240815,top,4,0,15,5,1,7,2,26
2024,TEX202408150,20240815,bottom,7,2,28,8,1,4,0,10
2024,ANA202408160,20240816,top,3,0,17,4,1,5,0,22
2024,ANA202408160,20240816,bottom,3,0,12,4,1,4,0,17
2024,BAL202408160,20240816,top,7,2,24,8,1,4,0,19
2024,BAL202408160,20240816,bottom,5,0,19,6,0,5,1,16
2024,CHN202408160,20240816,top,3,0,11,4,1,5,0,21
2024,CHN202408160,20240816,bottom,5,2,17,6,1,4,0,16
2024,CIN202408160,20240816,top,3,0,9,4,1,3,0,9
2024,CIN202408160,20240816,bottom,4,0,14,5,1,4,0,14
2024,COL202408160,20240816,top,5,0,23,6,1,5,2,24
2024,COL202408160,20240816,bottom,7,4,28,8,1,5,2,20
2024,DET202408160,20240816,top,6,1,30,7,0,4,0,17
2024,DET202408160,20240816,bottom,3,0,9,4,1,5,0,27
2024,HOU202408160,20240816,top,3,0,11,4,1,6,1,20
2024,HOU202408160,20240816,bottom,3,0,8,4,1,4,0,18
2024,MIL202408160,20240816,top,3,0,9,4,1,5,0,20
2024,MIL202408160,20240816,bottom,6,3,32,7,1,4,0,14
2024,NYN202408160,20240816,top,4,0,22,5,1,3,0,11
2024,NYN202408160,20240816,bottom,5,1,23,6,1,5,0,27
2024,PHI202408160,20240816,top,4,0,15,5,1,3,0,8
2024,PHI202408160,20240816,bottom,5,0,21,6,1,5,0,30
2024,PIT202408160,20240816,top,5,0,14,6,1,5,0,23
2024,PIT202408160,20240816,bottom,3,0,17,4,1,3,0,9
2024,SLN202408160,20240816,top,4,0,20,5,1,6,2,19
2024,SLN202408160,20240816,bottom,3,0,14,4,1,5,2,21
2024,TBA202408160,20240816,top,6,2,19,7,1,3,0,12
2024,TBA202408160,20240816,bottom,3,0,16,4,1,4,0,14
2024,TEX202408160,20240816,top,3,0,18,4,1,4,0,23
2024,TEX202408160,20240816,bottom,3,0,15,4,1,6,1,27
2024,ANA202408170,20240817,top,6,3,27,7,1,5,1,18
2024,ANA202408170,20240817,bottom,4,0,16,5,1,5,0,22
2024,BAL202408170,20240817,top,3,0,8,4,1,4,0,9
2024,BAL202408170,20240817,bottom,3,0,10,4,1,5,0,18
2024,CHN202408170,20240817,top,5,0,22,6,1,3,0,14
2024,CHN202408170,20240817,bottom,5,1,18,6,1,4,0,19
2024,CIN202408170,20240817,top,5,1,19,6,1,6,2,16
2024,CIN202408170,20240817,bottom,3,0,9,4,1,3,0,17
2024,COL202408170,20240817,top,3,0,12,4,1,6,2,14
2024,COL202408170,20240817,bottom,4,0,19,5,1,3,0,14
2024,DET202408170,20240817,top,3,0,16,4,1,5,0,20
2024,DET202408170,20240817,bottom,5,1,19,6,1,7,3,36
2024,HOU202408170,20240817,top,6,1,20,7,1,3,0,16
2024,HOU202408170,20240817,bottom,3,0,10,4,1,3,0,15
2024,MIL202408170,20240817,top,3,0,9,4,1,4,0,13
2024,MIL202408170,20240817,bottom,5,1,23,6,1,3,0,19
2024,NYN202408170,20240817,top,3,0,9,4,1,4,0,23
2024,NYN202408170,20240817,bottom,4,1,20,5,1,6,1,31
2024,OAK202408170,20240817,top,3,0,13,4,1,3,0,13
2024,OAK202408170,20240817,bottom,3,0,15,4,1,4,0,16
2024,PHI202408170,20240817,top,3,0,9,4,1,3,0,8
2024,PHI202408170,20240817,bottom,3,0,10,4,1,3,0,7
2024,PIT202408170,20240817,top,5,0,20,6,1,6,1,24
2024,PIT202408170,20240817,bottom,4,1,15,5,1,3,0,15
2024,SLN202408170,20240817,top,5,1,21,6,1,4,0,16
2024,SLN202408170,20240817,bottom,5,1,21,6,1,3,0,15
2024,TBA202408170,20240817,top,3,0,13,4,1,3,0,15
2024,TBA202408170,20240817,bottom,6,2,29,7,1,7,2,18
2024,TEX202408170,20240817,top,4,0,22,5,1,3,0,7
2024,TEX202408170,20240817,bottom,4,0,13,5,1,5,1,17
2024,ANA202408180,20240818,top,5,1,20,6,1,3,0,7
2024,ANA202408180,20240818,bottom,3,0,13,4,1,4,0,18
2024,BAL202408180,20240818,top,3,0,9,4,1,4,0,13
2024,BAL202408180,20240818,bottom,3,0,16,4,1,3,0,8
2024,CHN202408180,20240818,top,5,0,31,6,1,4,1,16
2024,CHN202408180,20240818,bottom,3,0,15,4,1,3,0,13
2024,CIN202408180,20240818,top,3,0,8,4,1,5,0,16
2024,CIN202408180,20240818,bottom,4,0,19,5,1,5,0,23
2024,COL202408180,20240818,top,4,0,13,5,1,3,0,14
2024,COL202408180,20240818,bottom,3,0,9,4,1,4,0,19
2024,DET202408180,20240818,top,3,0,14,4,1,4,0,26
2024,DET202408180,20240818,bottom,3,0,9,4,1,4,0,14
2024,HOU202408180,20240818,top,4,0,17,5,1,3,0,6
2024,HOU202408180,20240818,bottom,4,0,13,5,1,3,0,13
2024,MIL202408180,20240818,top,3,0,9,4,1,3,0,17
2024,MIL202408180,20240818,bottom,5,1,19,6,1,5,1,14
2024,NYN202408180,20240818,top,4,0,17,5,1,3,0,16
2024,NYN202408180,20240818,bottom,4,0,15,5,1,4,0,12
2024,OAK202408180,20240818,top,3,0,11,4,1,3,0,11
2024,OAK202408180,20240818,bottom,3,0,8,4,1,3,0,12
2024,PHI202408180,20240818,top,4,0,27,5,1,3,0,12
2024,PHI202408180,20240818,bottom,6,1,22,7,1,4,0,15
2024,PIT202408180,20240818,top,7,2,27,8,1,6,2,30
2024,PIT202408180,20240818,bottom,3,0,16,4,1,3,0,13
2024,SLN202408180,20240818,top,4,0,17,5,1,5,0,18
2024,SLN202408180,20240818,bottom,3,0,16,4,1,3,0,6
2024,TBA202408180,20240818,top,3,0,8,4,1,3,0,13
2024,TBA202408180,20240818,bottom,5,0,23,6,1,4,0,14
2024,TEX202408180,20240818,top,6,3,26,7,1,3,0,15
2024,TEX202408180,20240818,bottom,6,0,31,7,1,4,0,19
2024,HOU202408190,20240819,top,7,2,27,8,1,3,0,14
2024,HOU202408190,20240819,bottom,3,0,5,4,1,4,0,15
2024,KCA202408190,20240819,top,5,0,19,6,1,3,0,10
2024,KCA202408190,20240819,bottom,6,0,22,7,1,3,0,5
2024,LAN202408190,20240819,top,3,0,13,4,1,4,0,15
2024,LAN202408190,20240819,bottom,4,0,13,5,1,4,0,19
2024,MIA202408190,20240819,top,4,0,17,5,1,5,0,18
2024,MIA202408190,20240819,bottom,5,0,13,6,1,3,0,7
2024,NYN202408190,20240819,top,3,0,16,4,1,3,0,9
2024,NYN202408190,20240819,bottom,6,2,21,7,1,3,0,14
2024,OAK202408190,20240819,top,5,0,27,6,1,3,0,12
2024,OAK202408190,20240819,bottom,5,2,18,6,1,5,0,21
2024,SDN202408190,20240819,top,5,1,20,6,1,6,1,25
2024,SDN202408190,20240819,bottom,6,2,20,7,1,3,0,12
2024,SFN202408190,20240819,top,3,0,14,4,1,3,0,12
2024,SFN202408190,20240819,bottom,3,0,15,4,1,3,0,8
2024,TEX202408190,20240819,top,3,0,11,4,1,5,0,21
2024,TEX202408190,20240819,bottom,4,1,21,5,1,3,0,7
2024,TOR202408190,20240819,top,4,0,18,5,1,3,0,17
2024,TOR202408190,20240819,bottom,4,1,10,5,1,4,0,14
2024,ATL202408200,20240820,top,3,0,13,4,1,6,0,29
2024,ATL202408200,20240820,bottom,4,0,21,5,1,4,0,14
2024,CHN202408200,20240820,top,4,0,21,5,1,6,1,18
2024,CHN202408200,20240820,bottom,5,0,27,6,1,3,0,10
2024,HOU202408200,20240820,top,7,3,23,8,1,6,0,27
2024,HOU202408200,20240820,bottom,6,3,20,7,1,5,1,15
2024,KCA202408200,20240820,top,5,0,17,6,1,3,0,15
2024,KCA202408200,20240820,bottom,4,0,15,5,1,3,0,9
2024,LAN202408200,20240820,top,7,2,28,8,1,4,0,13
2024,LAN202408200,20240820,bottom,4,0,24,5,1,4,0,17
2024,MIA202408200,20240820,top,6,1,23,7,1,3,0,12
2024,MIA202408200,20240820,bottom,4,0,24,5,1,4,0,16
2024,NYA202408200,20240820,top,4,0,22,5,1,7,1,25
2024,NYA202408200,20240820,bottom,5,2,22,6,1,5,0,17
2024,NYN202408200,20240820,top,5,2,25,6,1,4,1,22
2024,NYN202408200,20240820,bottom,3,0,11,4,1,3,0,17
2024,OAK202408200,20240820,top,4,0,13,5,1,3,0,10
2024,OAK202408200,20240820,bottom,3,0,10,4,1,3,0,8
2024,SDN202408200,20240820,top,3,0,11,4,1,4,0,14
2024,SDN202408200,20240820,bottom,3,0,14,4,1,5,1,11
2024,SFN202408200,20240820,top,3,0,19,4,1,3,0,10
2024,SFN202408200,20240820,bottom,3,0,13,4,1,5,1,19
2024,SLN202408200,20240820,top,3,0,16,4,1,6,1,25
2024,SLN202408200,20240820,bottom,3,0,13,4,1,3,0,9
2024,TEX202408200,20240820,top,3,0,9,4,1,3,0,10
2024,TEX202408200,20240820,bottom,3,0,17,4,1,3,0,13
2024,TOR202408200,20240820,top,3,0,8,4,1,6,1,24
2024,TOR202408200,20240820,bottom,5,1,16,6,1,6,3,18
2024,WAS202408200,20240820,top,7,1,28,8,1,4,0,13
2024,WAS202408200,20240820,bottom,3,0,8,4,1,4,0,14
2024,ATL202408210,20240821,top,3,0,15,4,1,3,0,13
2024,ATL202408210,20240821,bottom,4,0,12,5,1,4,0,22
2024,CHN202408210,20240821,top,5,0,19,6,1,7,4,30
2024,CHN202408210,20240821,bottom,4,0,15,5,1,3,0,17
2024,HOU202408210,20240821,top,5,1,19,6,1,6,1,24
2024,HOU202408210,20240821,bottom,4,1,21,5,1,4,0,14
2024,KCA202408210,20240821,top,4,0,15,5,1,5,0,23
2024,KCA202408210,20240821,bottom,3,0,5,4,1,7,2,24
2024,LAN202408210,20240821,top,3,0,19,4,1,5,1,20
2024,LAN202408210,20240821,bottom,3,0,13,4,1,3,0,14
2024,MIA202408210,20240821,top,5,1,21,6,1,3,0,14
2024,MIA202408210,20240821,bottom,5,2,21,6,1,4,0,12
2024,NYA202408210,20240821,top,3,0,9,4,1,3,0,10
2024,NYA202408210,20240821,bottom,6,2,19,7,1,3,0,11
2024,NYN202408210,20240821,top,3,0,7,4,1,3,0,12
2024,NYN202408210,20240821,bottom,4,0,13,5,1,5,0,22
2024,OAK202408210,20240821,top,3,0,10,4,1,4,0,14
2024,OAK202408210,20240821,bottom,4,1,16,5,1,3,0,11
2024,SDN202408210,20240821,top,4,0,12,5,1,4,0,23
2024,SDN202408210,20240821,bottom,6,0,29,7,1,3,0,15
2024,SFN202408210,20240821,top,4,1,9,5,1,3,0,8
2024,SFN202408210,20240821,bottom,3,0,10,4,1,3,0,12
2024,SLN202408210,20240821,top,4,0,16,5,1,3,0,9
2024,SLN202408210,20240821,bottom,4,0,15,5,1,4,0,24
2024,TEX202408210,20240821,top,3,0,13,4,1,5,0,19
2024,TEX202408210,20240821,bottom,5,0,20,6,1,4,0,14
2024,TOR202408210,20240821,top,3,0,15,4,1,3,0,15
2024,TOR202408210,20240821,bottom,6,3,22,7,1,3,0,10
2024,WAS202408210,20240821,top,4,0,11,5,1,4,0,11
2024,WAS202408210,20240821,bottom,4,0,17,5,1,5,1,21
2024,ATL202408220,20240822,top,5,1,17,6,1,3,0,13
2024,ATL202408220,20240822,bottom,4,0,18,5,1,6,1,25
2024,BAL202408220,20240822,top,3,0,7,4,1,3,0,12
2024,BAL202408220,20240822,bottom,4,0,13,5,1,4,0,18
2024,CHN202408220,20240822,top,4,0,17,5,1,3,0,12
2024,CHN202408220,20240822,bottom,3,0,9,4,0,8,4,26
2024,NYA202408220,20240822,top,4,0,17,5,1,4,0,18
2024,NYA202408220,20240822,bottom,4,0,21,5,1,3,0,12
2024,OAK202408220,20240822,top,5,0,27,6,1,3,0,15
2024,OAK202408220,20240822,bottom,5,0,20,6,1,6,2,25
2024,PIT202408220,20240822,top,4,0,19,5,1,3,0,16
2024,PIT202408220,20240822,bottom,3,0,10,4,1,4,0,20
2024,SDN202408220,20240822,top,5,1,18,6,1,3,0,10
2024,SDN202408220,20240822,bottom,3,0,12,4,1,5,0,21
2024,SLN202408220,20240822,top,5,0,19,6,1,3,0,14
2024,SLN202408220,20240822,bottom,4,0,14,5,1,3,0,17
2024,TOR202408220,20240822,top,5,0,24,6,1,3,0,18
2024,TOR202408220,20240822,bottom,3,0,9,4,1,10,5,40
2024,WAS202408220,20240822,top,3,0,15,4,1,3,0,9
2024,WAS202408220,20240822,bottom,4,0,24,5,1,3,0,13
2024,ATL202408230,20240823,top,3,0,9,4,1,3,0,7
2024,ATL202408230,20240823,bottom,4,1,10,5,1,5,0,14
2024,BAL202408230,20240823,top,3,0,5,4,1,4,0,18
2024,BAL202408230,20240823,bottom,3,0,11,4,1,6,1,30
2024,BOS202408230,20240823,top,7,2,24,8,1,3,0,14
2024,BOS202408230,20240823,bottom,5,1,12,6,1,3,0,7
2024,CHA202408230,20240823,top,6,1,24,7,1,5,1,16
2024,CHA202408230,20240823,bottom,3,0,12,4,1,5,1,23
2024,CLE202408230,20240823,top,4,0,12,5,1,8,4,32
2024,CLE202408230,20240823,bottom,4,0,21,5,1,4,1,12
2024,KCA202408230,20240823,top,3,0,13,4,1,3,0,14
2024,KCA202408230,20240823,bottom,5,1,25,6,1,4,0,20
2024,LAN202408230,20240823,top,5,1,16,6,1,4,0,20
2024,LAN202408230,20240823,bottom,3,0,14,4,1,3,0,11
2024,MIA202408230,20240823,top,4,0,13,5,1,3,0,15
2024,MIA202408230,20240823,bottom,4,0,18,5,1,4,1,12
2024,MIN202408230,20240823,top,3,0,15,4,1,3,0,13
2024,MIN202408230,20240823,bottom,4,0,12,5,1,7,1,27
2024,NYA202408230,20240823,top,3,0,9,4,1,3,0,13
2024,NYA202408230,20240823,bottom,4,0,18,5,1,3,0,10
2024,OAK202408230,20240823,top,3,0,19,4,1,9,5,34
2024,OAK202408230,20240823,bottom,7,1,33,8,1,3,0,8
2024,PIT202408230,20240823,top,4,1,17,5,1,3,0,12
2024,PIT202408230,20240823,bottom,3,0,9,4,1,3,0,18
2024,SDN202408230,20240823,top,3,0,9,4,1,3,0,15
2024,SDN202408230,20240823,bottom,6,1,25,7,1,8,3,25
2024,SEA202408230,20240823,top,4,1,17,5,1,3,0,12
2024,SEA202408230,20240823,bottom,4,0,13,5,1,3,0,15
2024,TOR202408230,20240823,top,3,0,10,4,1,8,4,39
2024,TOR202408230,20240823,bottom,3,0,6,4,1,3,0,18
2024,ATL202408240,20240824,top,3,0,13,4,1,6,2,22
2024,ATL202408240,20240824,bottom,5,0,23,6,1,4,0,10
2024,BAL202408240,20240824,top,4,1,11,5,1,4,0,19
2024,BAL202408240,20240824,bottom,4,0,15,5,1,4,0,20
2024,BOS202408240,20240824,top,3,0,8,4,1,4,0,19
2024,BOS202408240,20240824,bottom,5,0,24,6,1,3,0,12
2024,CHA202408240,20240824,top,4,1,12,5,1,5,0,16
2024,CHA202408240,20240824,bottom,4,0,13,5,1,3,0,15
2024,CLE202408240,20240824,top,7,1,33,8,1,3,0,11
2024,CLE202408240,20240824,bottom,5,1,17,6,1,7,3,30
2024,KCA202408240,20240824,top,4,0,19,5,1,4,0,18
2024,KCA202408240,20240824,bottom,4,0,9,5,1,3,0,13
2024,LAN202408240,20240824,top,8,4,32,9,1,4,0,10
2024,LAN202408240,20240824,bottom,3,0,13,4,1,3,0,13
2024,MIA202408240,20240824,top,4,1,14,5,1,6,0,21
2024,MIA202408240,20240824,bottom,3,0,13,4,1,3,0,11
2024,MIN202408240,20240824,top,3,0,6,4,1,5,0,21
2024,MIN202408240,20240824,bottom,3,0,10,4,1,4,0,18
2024,NYA202408240,20240824,top,5,1,25,6,1,5,1,24
2024,NYA202408240,20240824,bottom,5,0,20,6,1,4,0,18
2024,OAK202408240,20240824,top,3,0,10,4,1,9,3,40
2024,OAK202408240,20240824,bottom,4,1,18,5,1,3,0,14
2024,PIT202408240,20240824,top,7,4,30,8,1,3,0,12
2024,PIT202408240,20240824,bottom,3,0,13,4,1,5,2,24
2024,SDN202408240,20240824,top,7,1,31,8,1,3,0,12
2024,SDN202408240,20240824,bottom,3,0,11,4,1,4,0,15
2024,SEA202408240,20240824,top,6,1,25,7,1,6,1,16
2024,SEA202408240,20240824,bottom,4,0,22,5,1,8,2,40
2024,TOR202408240,20240824,top,3,0,11,4,1,5,0,24
2024,TOR202408240,20240824,bottom,6,2,20,7,1,4,0,12
2024,ATL202408250,20240825,top,4,1,18,5,1,5,0,24
2024,ATL202408250,20240825,bottom,6,0,27,7,1,4,0,16
2024,BAL202408250,20240825,top,3,0,11,4,1,3,0,13
2024,BAL202408250,20240825,bottom,3,0,16,4,1,3,0,16
2024,BOS202408250,20240825,top,4,0,10,5,1,4,0,16
2024,BOS202408250,20240825,bottom,4,1,18,5,1,3,0,15
2024,CHA202408250,20240825,top,5,0,22,6,1,4,0,17
2024,CHA202408250,20240825,bottom,6,2,25,7,0,4,0,9
2024,CLE202408250,20240825,top,3,0,12,4,1,3,0,9
2024,CLE202408250,20240825,bottom,5,1,22,6,1,4,1,11
2024,KCA202408250,20240825,top,4,0,14,5,1,4,0,15
2024,KCA202408250,20240825,bottom,5,0,16,6,1,4,0,16
2024,LAN202408250,20240825,top,3,0,10,4,1,3,0,13
2024,LAN202408250,20240825,bottom,3,0,12,4,1,3,0,12
2024,MIA202408250,20240825,top,5,0,19,6,1,6,1,28
2024,MIA202408250,20240825,bottom,6,2,16,7,1,3,0,15
2024,MIN202408250,20240825,top,3,0,15,4,1,4,0,20
2024,MIN202408250,20240825,bottom,4,1,18,5,1,3,0,9
2024,NYA202408250,20240825,top,6,1,31,7,1,4,0,13
2024,NYA202408250,20240825,bottom,5,2,21,6,1,7,2,16
2024,OAK202408250,20240825,top,4,0,14,5,1,5,2,21
2024,OAK202408250,20240825,bottom,3,0,13,4,1,3,0,15
2024,PIT202408250,20240825,top,5,0,17,6,1,4,0,18
2024,PIT202408250,20240825,bottom,5,1,17,6,1,3,0,18
2024,SDN202408250,20240825,top,4,0,11,5,1,4,0,16
2024,SDN202408250,20240825,bottom,3,0,14,4,1,4,0,16
2024,SEA202408250,20240825,top,5,2,22,6,1,3,0,9
2024,SEA202408250,20240825,bottom,5,1,25,6,1,4,0,16
2024,TOR202408250,20240825,top,3,0,16,4,1,3,0,10
2024,TOR202408250,20240825,bottom,4,0,22,5,1,3,0,11
2024,BOS202408260,20240826,top,3,0,16,4,1,3,0,11
2024,BOS202408260,20240826,bottom,5,0,18,6,1,3,0,11
2024,CHA202408260,20240826,top,4,0,17,5,1,5,0,15
2024,CHA202408260,20240826,bottom,5,1,20,6,1,3,0,8
2024,COL202408260,20240826,top,4,0,16,5,1,4,0,9
2024,COL202408260,20240826,bottom,3,0,14,4,1,3,0,15
2024,MIN202408260,20240826,top,7,4,35,8,1,8,5,20
2024,MIN202408260,20240826,bottom,4,1,15,5,1,3,0,5
2024,PHI202408260,20240826,top,4,0,18,5,1,4,0,20
2024,PHI202408260,20240826,bottom,4,0,25,5,1,4,0,11
2024,PIT202408260,20240826,top,4,0,15,5,1,7,2,26
2024,PIT202408260,20240826,bottom,3,0,16,4,1,4,0,14
2024,SEA202408260,20240826,top,3,0,14,4,1,4,1,15
2024,SEA202408260,20240826,bottom,3,0,12,4,1,5,1,18
2024,SLN202408260,20240826,top,5,2,16,6,1,4,0,15
2024,SLN202408260,20240826,bottom,4,0,16,5,1,5,1,28
2024,WAS202408260,20240826,top,4,1,18,5,1,6,0,25
2024,WAS202408260,20240826,bottom,3,0,10,4,1,4,0,15
2024,CLE202408261,20240826,top,5,0,22,6,0,3,0,10
2024,CLE202408261,20240826,bottom,5,0,20,6,1,7,2,36
2024,CLE202408262,20240826,top,5,0,17,6,1,4,1,15
2024,CLE202408262,20240826,bottom,6,3,24,7,1,3,0,15
2024,ARI202408270,20240827,top,3,0,12,4,1,6,2,21
2024,ARI202408270,20240827,bottom,3,0,12,4,1,4,0,18
2024,BOS202408270,20240827,top,5,0,20,6,1,4,0,10
2024,BOS202408270,20240827,bottom,7,3,29,8,1,4,0,10
2024,CHA202408270,20240827,top,5,1,16,6,0,3,0,9
2024,CHA202408270,20240828,bottom,4,0,6,5,1,3,0,15
2024,CIN202408270,20240827,top,3,0,11,4,1,3,0,10
2024,CIN202408270,20240827,bottom,3,0,12,4,1,4,0,11
2024,CLE202408270,20240827,top,3,0,9,4,1,5,2,20
2024,CLE202408270,20240827,bottom,3,0,10,4,1,5,0,24
2024,COL202408270,20240827,top,3,0,10,4,1,6,0,28
2024,COL202408270,20240827,bottom,9,4,31,1,1,6,2,22
2024,DET202408270,20240827,top,6,1,23,7,1,3,0,8
2024,DET202408270,20240827,bottom,3,0,8,4,1,3,0,11
2024,LAN202408270,20240827,top,3,0,9,4,1,4,1,13
2024,LAN202408270,20240827,bottom,3,0,8,4,1,4,1,10
2024,MIL202408270,20240827,top,3,0,10,4,1,4,0,19
2024,MIL202408270,20240827,bottom,5,0,33,6,1,3,0,13
2024,MIN202408270,20240827,top,3,0,14,4,1,5,2,19
2024,MIN202408270,20240827,bottom,4,0,27,5,1,5,0,24
2024,PHI202408270,20240827,top,4,0,16,5,1,3,0,11
2024,PHI202408270,20240827,bottom,4,0,19,5,1,4,0,16
2024,PIT202408270,20240827,top,4,0,20,5,1,3,0,14
2024,PIT202408270,20240827,bottom,7,2,19,8,1,4,0,20
2024,SEA202408270,20240827,top,3,0,13,4,1,3,0,12
2024,SEA202408270,20240827,bottom,3,0,6,4,1,4,0,25
2024,SLN202408270,20240827,top,3,0,11,4,1,8,4,36
2024,SLN202408270,20240827,bottom,6,2,16,7,1,6,0,24
2024,WAS202408270,20240827,top,4,0,15,5,1,3,0,16
2024,WAS202408270,20240827,bottom,4,0,11,5,1,5,1,16
2024,ARI202408280,20240828,top,3,0,17,4,1,3,0,14
2024,ARI202408280,20240828,bottom,3,0,16,4,1,6,1,35
2024,BOS202408280,20240828,top,3,0,13,4,1,4,0,16
2024,BOS202408280,20240828,bottom,7,1,20,8,1,4,0,19
2024,CHA202408280,20240828,top,6,0,15,7,1,3,0,6
2024,CHA202408280,20240828,bottom,6,2,30,7,1,5,0,19
2024,CIN202408280,20240828,top,4,1,15,5,1,3,0,10
2024,CIN202408280,20240828,bottom,3,0,14,4,1,3,0,11
2024,CLE202408280,20240828,top,5,2,25,6,1,4,0,13
2024,CLE202408280,20240828,bottom,6,1,27,7,1,3,0,15
2024,COL202408280,20240828,top,3,0,13,4,1,5,1,16
2024,COL202408280,20240828,bottom,3,0,8,4,1,4,1,21
2024,DET202408280,20240828,top,4,0,19,5,1,4,0,14
2024,DET202408280,20240828,bottom,3,0,12,4,1,5,2,22
2024,LAN202408280,20240828,top,3,0,17,4,1,8,3,29
2024,LAN202408280,20240828,bottom,4,1,14,5,1,3,0,10
2024,MIL202408280,20240828,top,3,0,15,4,1,3,0,17
2024,MIL202408280,20240828,bottom,4,0,13,5,1,3,0,14
2024,MIN202408280,20240828,top,4,1,16,5,1,3,0,9
2024,MIN202408280,20240828,bottom,3,0,13,4,1,3,0,10
2024,PHI202408280,20240828,top,5,1,18,6,1,3,0,9
2024,PHI202408280,20240828,bottom,3,0,10,4,1,5,0,19
2024,PIT202408280,20240828,top,5,1,20,6,1,5,2,23
2024,PIT202408280,20240828,bottom,6,1,29,7,1,11,5,42
2024,SEA202408280,20240828,top,4,0,17,5,1,5,1,18
2024,SEA202408280,20240828,bottom,3,0,12,4,1,4,1,14
2024,SLN202408280,20240828,top,6,2,23,7,1,5,0,19
2024,SLN202408280,20240828,bottom,3,0,4,4,1,3,0,11
2024,WAS202408280,20240828,top,4,0,12,5,1,5,1,19
2024,WAS202408280,20240828,bottom,6,2,27,7,1,6,2,24
2024,ARI202408290,20240829,top,3,0,11,4,1,4,1,17
2024,ARI202408290,20240829,bottom,3,0,9,4,1,4,0,12
2024,BOS202408290,20240829,top,5,0,19,6,1,3,0,11
2024,BOS202408290,20240829,bottom,3,0,5,4,1,3,0,10
2024,CHA202408290,20240829,top,3,0,9,4,1,3,0,13
2024,CHA202408290,20240829,bottom,3,0,9,4,1,4,0,16
2024,CIN202408290,20240829,top,6,2,26,7,1,7,2,22
2024,CIN202408290,20240829,bottom,3,0,15,4,1,3,0,8
2024,COL202408290,20240829,top,4,0,13,5,1,5,1,18
2024,COL202408290,20240829,bottom,3,0,11,4,1,6,0,18
2024,DET202408290,20240829,top,4,0,17,5,1,3,0,7
2024,DET202408290,20240829,bottom,3,0,9,4,1,3,0,10
2024,HOU202408290,20240829,top,4,0,13,5,1,4,0,19
2024,HOU202408290,20240829,bottom,4,0,16,5,1,3,0,11
2024,LAN202408290,20240829,top,3,0,13,4,1,3,0,18
2024,LAN202408290,20240829,bottom,5,0,23,6,1,5,1,22
2024,MIL202408290,20240829,top,5,0,21,6,1,3,0,12
2024,MIL202408290,20240829,bottom,4,0,22,5,1,6,2,26
2024,PHI202408290,20240829,top,4,0,20,5,1,5,1,15
2024,PHI202408290,20240829,bottom,5,0,23,6,1,5,0,21
2024,SLN202408290,20240829,top,3,0,15,4,1,3,0,12
2024,SLN202408290,20240829,bottom,5,0,25,6,1,5,0,16
2024,ANA202408300,20240830,top,11,5,34,3,1,3,0,8
2024,ANA202408300,20240830,bottom,5,2,23,6,1,3,0,8
2024,ARI202408300,20240830,top,6,2,15,7,1,7,3,35
2024,ARI202408300,20240830,bottom,6,2,25,7,1,6,1,24
2024,CHA202408300,20240830,top,4,0,19,5,1,6,1,20
2024,CHA202408300,20240830,bottom,5,1,18,6,1,6,0,23
2024,CLE202408300,20240830,top,4,0,14,5,1,3,0,18
2024,CLE202408300,20240830,bottom,6,2,15,7,1,4,0,12
2024,COL202408300,20240830,top,4,0,10,5,1,5,1,26
2024,COL202408300,20240830,bottom,3,0,13,4,1,5,0,16
2024,DET202408300,20240830,top,4,1,13,5,1,3,0,10
2024,DET202408300,20240830,bottom,4,0,18,5,1,3,0,13
2024,HOU202408300,20240830,top,3,0,9,4,1,3,0,15
2024,HOU202408300,20240830,bottom,3,0,12,4,1,3,0,7
2024,MIN202408300,20240830,top,3,0,10,4,1,3,0,11
2024,MIN202408300,20240830,bottom,3,0,11,4,1,4,0,19
2024,NYA202408300,20240830,top,3,0,11,4,1,5,0,23
2024,NYA202408300,20240830,bottom,4,0,18,5,1,4,1,12
2024,PHI202408300,20240830,top,3,0,14,4,1,3,0,14
2024,PHI202408300,20240830,bottom,5,0,19,6,1,4,0,14
2024,SFN202408300,20240830,top,4,0,18,5,1,4,0,17
2024,SFN202408300,20240830,bottom,3,0,9,4,1,3,0,11
2024,TBA202408300,20240830,top,7,3,31,8,1,7,4,27
2024,TBA202408300,20240830,bottom,5,0,32,6,1,7,4,21
2024,TEX202408300,20240830,top,4,1,13,5,1,3,0,12
2024,TEX202408300,20240830,bottom,4,0,19,5,1,5,1,22
2024,WAS202408300,20240830,top,4,0,11,5,1,11,7,36
2024,WAS202408300,20240830,bottom,6,2,25,7,1,3,0,15
2024,CIN202408301,20240830,top,3,0,12,4,1,4,1,16
2024,CIN202408301,20240830,bottom,5,1,18,6,1,6,2,27
2024,CIN202408302,20240830,top,5,0,18,6,1,4,0,21
2024,CIN202408302,20240830,bottom,3,0,10,4,1,5,0,20
2024,ANA202408310,20240831,top,4,0,16,5,1,4,1,16
2024,ANA202408310,20240831,bottom,3,0,10,4,1,4,0,9
2024,ARI202408310,20240831,top,6,3,14,7,1,7,2,22
2024,ARI202408310,20240831,bottom,8,4,19,9,1,3,0,12
2024,CHA202408310,20240831,top,6,3,21,7,1,3,0,12
2024,CHA202408310,20240831,bottom,5,0,26,6,1,6,1,22
2024,CIN202408310,20240831,top,4,0,19,5,1,5,0,23
2024,CIN202408310,20240831,bottom,4,0,16,5,1,3,0,16
2024,CLE202408310,20240831,top,4,0,14,5,1,3,0,12
2024,CLE202408310,20240831,bottom,3,0,12,4,1,4,0,25
2024,COL202408310,20240831,top,3,0,9,4,1,3,0,14
2024,COL202408310,20240831,bottom,3,0,10,4,1,7,3,32
2024,DET202408310,20240831,top,4,1,12,5,1,3,0,8
2024,DET202408310,20240831,bottom,3,0,15,4,1,6,2,24
2024,HOU202408310,20240831,top,3,0,9,4,1,3,0,16
2024,HOU202408310,20240831,bottom,3,0,13,4,1,3,0,21
2024,MIN202408310,20240831,top,11,7,44,3,1,6,2,25
2024,MIN202408310,20240831,bottom,4,0,12,5,1,4,0,9
2024,NYA202408310,20240831,top,4,0,17,5,1,4,0,18
2024,NYA202408310,20240831,bottom,3,0,9,4,1,5,1,19
2024,PHI202408310,20240831,top,3,0,11,4,1,3,0,8
2024,PHI202408310,20240831,bottom,3,0,9,4,1,4,0,20
2024,SFN202408310,20240831,top,3,0,11,4,1,6,2,31
2024,SFN202408310,20240831,bottom,5,0,28,6,1,3,0,15
2024,TBA202408310,20240831,top,6,2,24,7,1,3,0,12
2024,TBA202408310,20240831,bottom,6,1,19,7,1,7,4,20
2024,TEX202408310,20240831,top,3,0,11,4,1,3,0,15
2024,TEX202408310,20240831,bottom,3,0,15,4,1,6,2,18
2024,WAS202408310,20240831,top,3,0,11,4,1,4,0,24
2024,WAS202408310,20240831,bottom,3,0,12,4,1,6,1,20
2024,ANA202409010,20240901,top,3,0,12,4,1,4,1,11
2024,ANA202409010,20240901,bottom,5,1,15,6,1,4,0,20
2024,ARI202409010,20240901,top,4,0,8,5,1,5,0,18
2024,ARI202409010,20240901,bottom,4,0,17,5,1,11,8,41
2024,CHA202409010,20240901,top,3,0,15,4,1,3,0,20
2024,CHA202409010,20240901,bottom,3,0,8,4,1,3,0,9
2024,CIN202409010,20240901,top,3,0,13,4,1,3,0,14
2024,CIN202409010,20240901,bottom,5,0,10,6,1,6,2,21
2024,CLE202409010,20240901,top,3,0,17,4,1,3,0,11
2024,CLE202409010,20240901,bottom,6,2,17,7,1,4,0,11
2024,COL202409010,20240901,top,5,1,21,6,1,4,0,14
2024,COL202409010,20240901,bottom,3,0,10,4,1,3,0,7
2024,DET202409010,20240901,top,3,0,8,4,1,4,0,16
2024,DET202409010,20240901,bottom,3,0,13,4,1,3,0,11
2024,HOU202409010,20240901,top,5,0,24,6,1,3,0,13
2024,HOU202409010,20240901,bottom,3,0,7,4,1,3,0,19
2024,MIN202409010,20240901,top,4,1,11,5,1,3,0,11
2024,MIN202409010,20240901,bottom,6,0,32,7,1,4,0,15
2024,NYA202409010,20240901,top,5,0,15,6,1,5,1,15
2024,NYA202409010,20240901,bottom,3,0,16,4,1,5,2,17
2024,PHI202409010,20240901,top,4,0,16,5,1,3,0,13
2024,PHI202409010,20240901,bottom,4,0,16,5,1,4,0,20
2024,SFN202409010,20240901,top,3,0,6,4,1,3,0,13
2024,SFN202409010,20240901,bottom,5,1,13,6,1,5,0,17
2024,TBA202409010,20240901,top,5,0,23,6,1,4,0,24
2024,TBA202409010,20240901,bottom,3,0,16,4,1,3,0,12
2024,TEX202409010,20240901,top,4,0,10,5,1,3,0,16
2024,TEX202409010,20240901,bottom,4,1,16,5,1,3,0,14
2024,WAS202409010,20240901,top,4,0,14,5,1,3,0,13
2024,WAS202409010,20240901,bottom,3,0,17,4,1,5,1,23
2024,ARI202409020,20240902,top,5,0,27,6,1,3,0,18
2024,ARI202409020,20240902,bottom,3,0,9,4,1,3,0,13
2024,BAL202409020,20240902,top,6,2,21,7,1,4,0,22
2024,BAL202409020,20240902,bottom,6,1,26,7,1,4,0,22
2024,CHN202409020,20240902,top,3,0,10,4,1,3,0,6
2024,CHN202409020,20240902,bottom,3,0,12,4,1,3,0,14
2024,CIN202409020,20240902,top,4,0,14,5,1,3,0,12
2024,CIN202409020,20240902,bottom,7,2,32,8,1,4,0,15
2024,KCA202409020,20240902,top,4,0,13,5,1,3,0,16
2024,KCA202409020,20240902,bottom,4,0,18,5,1,5,1,28
2024,MIL202409020,20240902,top,3,0,12,4,1,4,0,21
2024,MIL202409020,20240902,bottom,6,3,26,7,1,3,0,11
2024,NYN202409020,20240902,top,3,0,8,4,1,4,0,11
2024,NYN202409020,20240902,bottom,4,0,18,5,1,4,1,13
2024,OAK202409020,20240902,top,5,2,26,6,1,3,0,11
2024,OAK202409020,20240902,bottom,4,0,11,5,1,3,0,15
2024,SDN202409020,20240902,top,3,0,9,4,1,4,0,19
2024,SDN202409020,20240902,bottom,3,0,12,4,1,4,0,20
2024,TBA202409020,20240902,top,6,1,22,7,1,8,3,31
2024,TBA202409020,20240902,bottom,6,2,22,7,1,4,0,14
2024,TEX202409020,20240902,top,3,0,9,4,1,3,0,9
2024,TEX202409020,20240902,bottom,5,0,20,6,1,3,0,12
2024,ANA202409030,20240903,top,4,0,24,5,1,3,0,10
2024,ANA202409030,20240903,bottom,5,0,20,6,1,5,1,18
2024,ATL202409030,20240903,top,4,0,17,5,1,3,0,11
2024,ATL202409030,20240903,bottom,3,0,12,4,1,3,0,11
2024,BAL202409030,20240903,top,4,0,16,5,1,3,0,15
2024,BAL202409030,20240903,bottom,8,3,36,9,1,9,4,39
2024,CHN202409030,20240903,top,3,0,11,4,1,6,0,24
2024,CHN202409030,20240903,bottom,6,0,27,7,1,6,0,27
2024,KCA202409030,20240903,top,4,0,18,5,1,6,1,23
2024,KCA202409030,20240903,bottom,5,0,14,6,1,4,0,17
2024,MIA202409030,20240903,top,4,0,16,5,1,3,0,11
2024,MIA202409030,20240903,bottom,3,0,14,4,1,5,0,14
2024,MIL202409030,20240903,top,6,2,21,7,1,3,0,15
2024,MIL202409030,20240903,bottom,4,0,15,5,1,3,0,19
2024,NYN202409030,20240903,top,4,0,17,5,1,4,0,16
2024,NYN202409030,20240903,bottom,3,0,10,4,1,3,0,21
2024,OAK202409030,20240903,top,6,2,26,7,1,3,0,12
2024,OAK202409030,20240903,bottom,5,1,21,6,1,3,0,7
2024,SFN202409030,20240903,top,6,3,31,7,1,5,1,16
2024,SFN202409030,20240903,bottom,5,1,20,6,1,3,0,14
2024,TBA202409030,20240903,top,3,0,9,4,1,6,1,18
2024,TBA202409030,20240903,bottom,4,0,17,5,1,4,0,17
2024,TEX202409030,20240903,top,3,0,17,4,1,4,0,16
2024,TEX202409030,20240903,bottom,3,0,15,4,1,4,0,22
2024,TOR202409030,20240903,top,5,1,21,6,1,4,0,14
2024,TOR202409030,20240903,bottom,11,6,39,3,0,5,0,17
2024,ANA202409040,20240904,top,3,0,10,4,1,4,0,17
2024,ANA202409040,20240904,bottom,8,5,29,9,1,4,1,17
2024,ATL202409040,20240904,top,5,0,15,6,1,6,2,31
2024,ATL202409040,20240904,bottom,8,4,26,9,1,4,0,14
2024,BAL202409040,20240904,top,4,1,13,5,1,3,0,6
2024,BAL202409040,20240904,bottom,4,1,16,5,1,3,0,12
2024,CHN202409040,20240904,top,3,0,7,4,1,5,0,25
2024,CHN202409040,20240904,bottom,5,1,15,6,1,7,3,23
2024,CIN202409040,20240904,top,3,0,15,4,1,5,1,22
2024,CIN202409040,20240904,bottom,13,9,45,5,0,5,0,29
2024,KCA202409040,20240904,top,3,0,13,4,1,5,0,13
2024,KCA202409040,20240904,bottom,4,0,15,5,1,5,0,25
2024,MIA202409040,20240904,top,4,0,17,5,1,3,0,18
2024,MIA202409040,20240904,bottom,3,0,14,4,1,3,0,15
2024,MIL202409040,20240904,top,8,2,30,9,1,3,0,7
2024,MIL202409040,20240904,bottom,3,0,12,4,1,3,0,12
2024,NYN202409040,20240904,top,3,0,10,4,1,4,0,23
2024,NYN202409040,20240904,bottom,7,4,29,8,1,3,0,8
2024,OAK202409040,20240904,top,3,0,15,4,1,6,2,23
2024,OAK202409040,20240904,bottom,4,1,17,5,1,3,0,11
2024,SDN202409040,20240904,top,5,1,26,6,1,5,1,21
2024,SDN202409040,20240904,bottom,4,0,13,5,1,5,0,13
2024,SFN202409040,20240904,top,6,1,24,7,1,7,1,30
2024,SFN202409040,20240904,bottom,3,0,12,4,1,6,0,33
2024,TBA202409040,20240904,top,4,0,17,5,1,3,0,20
2024,TBA202409040,20240904,bottom,4,0,12,5,0,3,0,12
2024,TEX202409040,20240904,top,4,0,14,5,1,3,0,17
2024,TEX202409040,20240904,bottom,6,1,31,7,1,6,1,22
2024,TOR202409040,20240904,top,6,1,22,7,1,5,2,15
2024,TOR202409040,20240904,bottom,6,2,18,7,1,4,0,14
2024,ATL202409050,20240905,top,3,0,10,4,1,5,1,19
2024,ATL202409050,20240905,bottom,6,1,22,7,1,4,0,18
2024,CIN202409050,20240905,top,4,0,15,5,1,4,0,12
2024,CIN202409050,20240905,bottom,4,0,17,5,1,4,0,12
2024,MIA202409050,20240905,top,6,1,26,7,1,3,0,15
2024,MIA202409050,20240905,bottom,3,0,13,4,1,4,0,17
2024,OAK202409050,20240905,top,6,2,30,7,1,4,0,21
2024,OAK202409050,20240905,bottom,3,0,12,4,1,5,0,28
2024,PIT202409050,20240905,top,6,3,27,7,1,6,0,29
2024,PIT202409050,20240905,bottom,4,0,12,5,1,10,5,46
2024,SDN202409050,20240905,top,5,0,20,6,1,3,0,9
2024,SDN202409050,20240905,bottom,4,1,16,5,1,5,2,15
2024,SFN202409050,20240905,top,8,2,42,9,0,3,0,14
2024,SFN202409050,20240905,bottom,3,0,7,4,1,4,0,20
2024,TBA202409050,20240905,top,3,0,11,4,1,7,3,19
2024,TBA202409050,20240905,bottom,3,0,9,4,1,3,0,13
2024,TEX202409050,20240905,top,4,0,17,5,1,4,0,21
2024,TEX202409050,20240905,bottom,7,3,25,8,1,3,0,10
2024,ATL202409060,20240906,top,4,0,14,5,1,4,0,13
2024,ATL202409060,20240906,bottom,4,0,15,5,1,9,3,40
2024,BAL202409060,20240906,top,3,0,8,4,1,3,0,14
2024,BAL202409060,20240906,bottom,3,0,15,4,1,3,0,12
2024,BOS202409060,20240906,top,5,0,28,6,1,5,1,11
2024,BOS202409060,20240906,bottom,5,0,16,6,1,4,0,14
2024,CHN202409060,20240906,top,6,0,28,7,1,3,0,12
2024,CHN202409060,20240906,bottom,4,0,19,5,1,4,0,23
2024,HOU202409060,20240906,top,4,0,19,5,1,3,0,14
2024,HOU202409060,20240906,bottom,5,0,26,6,1,5,1,18
2024,KCA202409060,20240906,top,5,0,10,6,1,3,0,14
2024,KCA202409060,20240906,bottom,3,0,11,4,1,4,0,18
2024,LAN202409060,20240906,top,3,0,20,4,1,4,0,18
2024,LAN202409060,20240906,bottom,5,0,20,6,1,3,0,15
2024,MIA202409060,20240906,top,8,3,30,9,1,8,4,25
2024,MIA202409060,20240906,bottom,3,0,10,4,1,3,0,10
2024,MIL202409060,20240906,top,4,0,14,5,1,3,0,15
2024,MIL202409060,20240906,bottom,4,0,15,5,1,6,1,31
2024,NYN202409060,20240906,top,3,0,15,4,1,3,0,15
2024,NYN202409060,20240906,bottom,5,2,20,6,0,3,0,8
2024,OAK202409060,20240906,top,3,0,12,4,1,5,0,14
2024,OAK202409060,20240906,bottom,3,0,11,4,1,3,0,12
2024,SDN202409060,20240906,top,3,0,13,4,1,3,0,11
2024,SDN202409060,20240906,bottom,7,3,34,8,1,3,0,10
2024,SLN202409060,20240906,top,4,0,13,5,1,5,0,24
2024,SLN202409060,20240906,bottom,5,0,19,6,1,3,0,20
2024,TEX202409060,20240906,top,4,0,19,5,1,3,0,12
2024,TEX202409060,20240906,bottom,3,0,12,4,1,5,0,22
2024,ATL202409070,20240907,top,3,0,8,4,1,5,1,19
2024,ATL202409070,20240907,bottom,5,0,20,6,1,3,0,13
2024,BAL202409070,20240907,top,4,1,17,5,1,3,0,12
2024,BAL202409070,20240907,bottom,3,0,11,4,1,6,0,25
2024,BOS202409070,20240907,top,5,2,20,6,1,4,0,13
2024,BOS202409070,20240907,bottom,8,4,36,9,1,4,0,15
2024,CHN202409070,20240907,top,5,1,20,6,1,4,0,17
2024,CHN202409070,20240907,bottom,4,0,22,5,1,3,0,14
2024,HOU202409070,20240907,top,4,0,16,5,1,6,2,21
2024,HOU202409070,20240907,bottom,4,0,14,5,1,5,0,14
2024,KCA202409070,20240907,top,5,0,24,6,1,3,0,15
2024,KCA202409070,20240907,bottom,4,0,12,5,1,3,0,9
2024,LAN202409070,20240907,top,4,0,16,5,0,5,2,17
2024,LAN202409070,20240907,bottom,10,6,51,2,0,4,0,12
2024,MIA202409070,20240907,top,5,1,23,6,1,3,0,16
2024,MIA202409070,20240907,bottom,5,2,22,6,1,4,0,19
2024,MIL202409070,20240907,top,4,0,19,5,1,5,0,22
2024,MIL202409070,20240907,bottom,5,2,22,6,1,3,0,8
2024,NYN202409070,20240907,top,3,0,11,4,1,5,0,19
2024,NYN202409070,20240907,bottom,3,0,13,4,1,3,0,15
2024,OAK202409070,20240907,top,4,0,17,5,1,3,0,9
2024,OAK202409070,20240907,bottom,4,0,14,5,0,3,0,11
2024,SDN202409070,20240907,top,4,0,15,5,1,6,3,25
2024,SDN202409070,20240907,bottom,6,2,13,7,1,3,0,9
2024,SLN202409070,20240907,top,6,0,26,7,1,3,0,11
2024,SLN202409070,20240907,bottom,3,0,13,4,1,3,0,6
2024,TEX202409070,20240907,top,5,2,18,6,1,4,0,22
2024,TEX202409070,20240907,bottom,3,0,11,4,1,3,0,17
2024,PIT202409071,20240907,top,4,0,8,5,1,5,1,19
2024,PIT202409071,20240907,bottom,4,0,18,5,1,4,0,18
2024,PIT202409072,20240907,top,4,0,18,5,1,3,0,17
2024,PIT202409072,20240907,bottom,6,2,29,7,1,5,1,14
2024,ATL202409080,20240908,top,4,0,12,5,1,3,0,17
2024,ATL202409080,20240908,bottom,3,0,11,4,1,4,1,18
2024,BAL202409080,20240908,top,3,0,8,4,1,5,0,19
2024,BAL202409080,20240908,bottom,5,0,23,6,1,3,0,8
2024,BOS202409080,20240908,top,3,0,10,4,1,4,0,11
2024,BOS202409080,20240908,bottom,3,0,14,4,1,4,1,17
2024,CHN202409080,20240908,top,4,0,16,5,1,5,1,18
2024,CHN202409080,20240908,bottom,7,2,31,8,1,3,0,8
2024,HOU202409080,20240908,top,4,0,17,5,1,6,3,22
2024,HOU202409080,20240908,bottom,4,0,13,5,1,3,0,13
2024,KCA202409080,20240908,top,5,0,23,6,1,3,0,8
2024,KCA202409080,20240908,bottom,4,0,16,5,1,4,0,13
2024,LAN202409080,20240908,top,3,0,11,4,1,4,0,14
2024,LAN202409080,20240908,bottom,3,0,15,4,1,4,0,18
2024,MIA202409080,20240908,top,3,0,12,4,1,3,0,11
2024,MIA202409080,20240908,bottom,7,2,27,8,1,4,1,8
2024,MIL202409080,20240908,top,4,0,17,5,1,3,0,13
2024,MIL202409080,20240908,bottom,6,1,32,7,1,4,0,16
2024,NYN202409080,20240908,top,3,0,13,4,1,3,0,7
2024,NYN202409080,20240908,bottom,3,0,13,4,1,4,0,17
2024,OAK202409080,20240908,top,4,0,16,5,1,3,0,11
2024,OAK202409080,20240908,bottom,5,0,31,6,0,3,0,6
2024,PIT202409080,20240908,top,4,1,13,5,1,6,1,18
2024,PIT202409080,20240908,bottom,8,4,27,9,1,4,0,11
2024,SDN202409080,20240908,top,3,0,10,4,1,3,0,10
2024,SDN202409080,20240908,bottom,4,0,11,5,1,3,0,10
2024,SLN202409080,20240908,top,9,5,32,1,1,6,2,22
2024,SLN202409080,20240908,bottom,3,0,10,4,1,6,2,22
2024,TEX202409080,20240908,top,3,0,12,4,1,3,0,14
2024,TEX202409080,20240908,bottom,6,3,21,7,1,7,2,27
2024,ATL202409090,20240909,top,3,0,9,4,1,6,1,24
2024,ATL202409090,20240909,bottom,5,0,21,6,1,3,0,11
2024,BOS202409090,20240909,top,7,1,27,8,1,4,0,15
2024,BOS202409090,20240909,bottom,5,1,19,6,1,4,0,12
2024,CHA202409090,20240909,top,6,2,20,7,1,3,0,14
2024,CHA202409090,20240909,bottom,3,0,14,4,1,3,0,9
2024,LAN202409090,20240909,top,7,3,27,8,1,3,0,8
2024,LAN202409090,20240909,bottom,4,0,18,5,1,3,0,11
2024,MIN202409090,20240909,top,5,2,14,6,1,4,0,18
2024,MIN202409090,20240909,bottom,3,0,12,4,1,3,0,16
2024,NYA202409090,20240909,top,6,1,27,7,1,3,0,12
2024,NYA202409090,20240909,bottom,5,0,26,6,1,3,0,10
2024,PHI202409090,20240909,top,4,0,16,5,1,4,0,16
2024,PHI202409090,20240909,bottom,5,0,28,6,0,3,0,6
2024,PIT202409090,20240909,top,3,0,9,4,1,5,0,21
2024,PIT202409090,20240909,bottom,6,1,20,7,1,6,2,22
2024,TOR202409090,20240909,top,4,0,14,5,1,3,0,16
2024,TOR202409090,20240909,bottom,6,0,30,7,1,3,0,9
2024,ARI202409100,20240910,top,5,0,25,6,1,3,0,17
2024,ARI202409100,20240910,bottom,5,2,20,6,1,5,0,19
2024,BOS202409100,20240910,top,4,1,7,5,1,3,0,13
2024,BOS202409100,20240910,bottom,4,0,16,5,1,4,0,16
2024,CHA202409100,20240910,top,4,0,19,5,1,5,1,12
2024,CHA202409100,20240910,bottom,3,0,9,4,1,4,0,19
2024,DET202409100,20240910,top,3,0,14,4,1,3,0,11
2024,DET202409100,20240910,bottom,6,1,24,7,1,7,4,21
2024,HOU202409100,20240910,top,5,1,15,6,1,4,1,12
2024,HOU202409100,20240910,bottom,4,0,15,5,1,5,0,17
2024,LAN202409100,20240910,top,3,0,15,4,1,6,1,22
2024,LAN202409100,20240910,bottom,3,0,4,4,1,4,1,13
2024,MIN202409100,20240910,top,4,0,14,5,1,4,0,16
2024,MIN202409100,20240910,bottom,3,0,15,4,1,7,4,12
2024,NYA202409100,20240910,top,5,0,19,6,1,3,0,11
2024,NYA202409100,20240910,bottom,4,0,20,5,1,3,0,11
2024,PHI202409100,20240910,top,4,0,15,5,1,6,1,18
2024,PHI202409100,20240910,bottom,4,1,14,5,1,5,1,15
2024,PIT202409100,20240910,top,3,0,14,4,1,3,0,13
2024,PIT202409100,20240910,bottom,6,2,23,7,1,3,0,17
2024,SEA202409100,20240910,top,4,0,12,5,1,3,0,16
2024,SEA202409100,20240910,bottom,4,1,11,5,1,4,1,14
2024,SFN202409100,20240910,top,6,2,16,7,1,3,0,8
2024,SFN202409100,20240910,bottom,5,1,16,6,1,3,0,11
2024,SLN202409100,20240910,top,4,0,11,5,1,5,0,21
2024,SLN202409100,20240910,bottom,4,0,19,5,1,3,0,15
2024,TOR202409100,20240910,top,6,1,24,7,1,3,0,13
2024,TOR202409100,20240910,bottom,4,0,17,5,1,6,1,24
2024,WAS202409100,20240910,top,3,0,13,4,1,4,0,15
2024,WAS202409100,20240910,bottom,5,0,25,6,0,3,0,10
2024,ARI202409110,20240911,top,3,0,7,4,1,4,0,15
2024,ARI202409110,20240911,bottom,6,3,14,7,1,6,2,21
2024,BOS202409110,20240911,top,4,0,19,5,1,4,0,16
2024,BOS202409110,20240911,bottom,3,0,12,4,1,4,0,15
2024,CHA202409110,20240911,top,5,2,21,6,1,3,0,12
2024,CHA202409110,20240911,bottom,4,0,17,5,1,5,0,23
2024,DET202409110,20240911,top,3,0,10,4,1,5,1,16
2024,DET202409110,20240911,bottom,9,6,29,1,1,3,0,9
2024,HOU202409110,20240911,top,3,0,12,4,1,4,0,22
2024,HOU202409110,20240911,bottom,3,0,11,4,1,7,2,21
2024,LAN202409110,20240911,top,7,2,32,8,1,3,0,10
2024,LAN202409110,20240911,bottom,9,5,32,1,1,5,0,22
2024,MIN202409110,20240911,top,7,1,28,8,1,4,0,16
2024,MIN202409110,20240911,bottom,5,1,15,6,1,3,0,11
2024,NYA202409110,20240911,top,6,0,23,7,1,3,0,16
2024,NYA202409110,20240911,bottom,3,0,16,4,1,3,0,16
2024,PHI202409110,20240911,top,4,0,15,5,1,6,1,26
2024,PHI202409110,20240911,bottom,5,2,22,6,1,5,0,29
2024,PIT202409110,20240911,top,3,0,10,4,1,3,0,12
2024,PIT202409110,20240911,bottom,7,2,25,8,1,5,1,21
2024,SEA202409110,20240911,top,3,0,8,4,1,3,0,14
2024,SEA202409110,20240911,bottom,3,0,13,4,1,4,0,14
2024,SFN202409110,20240911,top,3,0,14,4,1,6,0,34
2024,SFN202409110,20240911,bottom,7,4,26,8,1,7,4,19
2024,SLN202409110,20240911,top,3,0,16,4,1,3,0,15
2024,SLN202409110,20240911,bottom,4,0,14,5,1,4,0,12
2024,TOR202409110,20240911,top,3,0,9,4,1,3,0,13
2024,TOR202409110,20240911,bottom,4,0,17,5,1,4,0,15
2024,WAS202409110,20240911,top,3,0,15,4,1,3,0,11
2024,WAS202409110,20240911,bottom,3,0,9,4,1,5,0,14
2024,CLE202409120,20240912,top,5,1,20,6,1,4,0,12
2024,CLE202409120,20240912,bottom,6,1,19,7,1,6,1,19
2024,DET202409120,20240912,top,3,0,11,4,1,3,0,14
2024,DET202409120,20240912,bottom,3,0,16,4,1,3,0,9
2024,HOU202409120,20240912,top,5,0,25,6,1,3,0,8
2024,HOU202409120,20240912,bottom,4,0,11,5,1,5,2,13
2024,NYA202409120,20240912,top,3,0,11,4,1,5,0,25
2024,NYA202409120,20240912,bottom,4,1,18,5,1,5,0,26
2024,SEA202409120,20240912,top,3,0,9,4,1,4,1,9
2024,SEA202409120,20240912,bottom,5,0,16,6,1,3,0,14
2024,SFN202409120,20240912,top,3,0,13,4,1,3,0,8
2024,SFN202409120,20240912,bottom,3,0,10,4,1,4,0,19
2024,SLN202409120,20240912,top,3,0,14,4,1,3,0,13
2024,SLN202409120,20240912,bottom,3,0,9,4,1,4,0,20
2024,WAS202409120,20240912,top,4,0,15,5,1,3,0,13
2024,WAS202409120,20240912,bottom,7,3,29,8,1,5,0,21
2024,ANA202409130,20240913,top,5,0,21,6,1,7,2,21
2024,ANA202409130,20240913,bottom,4,0,18,5,1,3,0,9
2024,ARI202409130,20240913,top,5,0,17,6,1,4,0,15
2024,ARI202409130,20240913,bottom,6,1,26,7,1,4,0,23
2024,ATL202409130,20240913,top,4,0,15,5,1,3,0,12
2024,ATL202409130,20240913,bottom,6,1,20,7,1,9,4,44
2024,CHA202409130,20240913,top,3,0,11,4,1,4,0,13
2024,CHA202409130,20240913,bottom,5,0,15,6,1,3,0,12
2024,CLE202409130,20240913,top,3,0,5,4,1,3,0,12
2024,CLE202409130,20240913,bottom,4,0,24,5,1,4,0,16
2024,COL202409130,20240913,top,7,2,26,8,1,4,0,14
2024,COL202409130,20240913,bottom,3,0,7,4,1,6,3,23
2024,DET202409130,20240913,top,3,0,12,4,1,3,0,10
2024,DET202409130,20240913,bottom,4,1,10,5,1,3,0,13
2024,MIN202409130,20240913,top,3,0,9,4,1,4,1,11
2024,MIN202409130,20240913,bottom,3,0,10,4,1,5,0,13
2024,NYA202409130,20240913,top,4,0,19,5,1,3,0,8
2024,NYA202409130,20240913,bottom,6,0,29,7,1,4,0,21
2024,PHI202409130,20240913,top,5,0,26,6,1,3,0,17
2024,PHI202409130,20240913,bottom,4,0,11,5,1,3,0,12
2024,PIT202409130,20240913,top,4,0,14,5,1,9,6,47
2024,PIT202409130,20240913,bottom,4,0,19,5,1,4,0,15
2024,SEA202409130,20240913,top,7,2,28,8,1,6,0,21
2024,SEA202409130,20240913,bottom,4,0,14,5,1,4,0,9
2024,SFN202409130,20240913,top,6,3,20,7,1,5,0,30
2024,SFN202409130,20240913,bottom,5,0,19,6,1,3,0,14
2024,TOR202409130,20240913,top,7,2,28,8,1,3,0,6
2024,TOR202409130,20240913,bottom,3,0,16,4,1,3,0,12
2024,WAS202409130,20240913,top,3,0,17,4,1,3,0,18
2024,WAS202409130,20240913,bottom,6,2,28,7,1,3,0,12
2024,ANA202409140,20240914,top,7,1,30,8,1,3,0,10
2024,ANA202409140,20240914,bottom,6,1,27,7,1,4,0,13
2024,ARI202409140,20240914,top,5,1,24,6,1,10,7,38
2024,ARI202409140,20240914,bottom,3,0,11,4,1,3,0,14
2024,ATL202409140,20240914,top,3,0,10,4,1,4,0,15
2024,ATL202409140,20240914,bottom,6,1,27,7,1,4,0,18
2024,CHA202409140,20240914,top,4,0,19,5,1,5,0,16
2024,CHA202409140,20240914,bottom,5,0,27,6,1,7,2,19
2024,CLE202409140,20240914,top,3,0,14,4,1,4,0,14
2024,CLE202409140,20240914,bottom,3,0,8,4,1,4,0,20
2024,COL202409140,20240914,top,5,1,13,6,1,4,0,15
2024,COL202409140,20240914,bottom,3,0,12,4,1,3,0,12
2024,DET202409140,20240914,top,4,0,23,5,0,3,0,15
2024,DET202409140,20240914,bottom,3,0,12,4,1,3,0,13
2024,MIN202409140,20240914,top,4,0,19,5,1,3,0,9
2024,MIN202409140,20240914,bottom,6,1,20,7,1,3,0,10
2024,NYA202409140,20240914,top,3,0,7,4,1,3,0,13
2024,NYA202409140,20240914,bottom,3,0,15,4,1,4,0,20
2024,PHI202409140,20240914,top,7,1,31,8,1,3,0,13
2024,PHI202409140,20240914,bottom,3,0,13,4,1,3,0,11
2024,PIT202409140,20240914,top,4,1,10,5,1,5,0,26
2024,PIT202409140,20240914,bottom,4,0,13,5,1,3,0,10
2024,SEA202409140,20240914,top,4,0,12,5,1,3,0,13
2024,SEA202409140,20240914,bottom,4,0,16,5,1,6,1,20
2024,SFN202409140,20240914,top,5,1,21,6,1,5,0,22
2024,SFN202409140,20240914,bottom,3,0,13,4,1,5,0,19
2024,TOR202409140,20240914,top,3,0,14,4,1,3,0,21
2024,TOR202409140,20240914,bottom,3,0,14,4,1,3,0,10
2024,WAS202409140,20240914,top,3,0,13,4,1,6,1,26
2024,WAS202409140,20240914,bottom,5,0,22,6,1,5,1,15
2024,ANA202409150,20240915,top,3,0,10,4,1,3,0,14
2024,ANA202409150,20240915,bottom,3,0,8,4,1,3,0,10
2024,ARI202409150,20240915,top,5,0,28,6,1,3,0,15
2024,ARI202409150,20240915,bottom,6,2,22,7,1,5,0,24
2024,ATL202409150,20240915,top,4,0,17,5,1,4,0,16
2024,ATL202409150,20240915,bottom,3,0,12,4,1,5,0,27
2024,CHA202409150,20240915,top,4,0,19,5,1,3,0,15
2024,CHA202409150,20240915,bottom,6,3,31,7,1,4,0,9
2024,CLE202409150,20240915,top,5,0,14,6,1,4,0,13
2024,CLE202409150,20240915,bottom,6,0,32,7,1,5,1,12
2024,COL202409150,20240915,top,6,0,21,7,1,5,0,15
2024,COL202409150,20240915,bottom,3,0,6,4,1,3,0,11
2024,DET202409150,20240915,top,4,0,11,5,1,4,0,19
2024,DET202409150,20240915,bottom,3,0,14,4,1,5,0,27
2024,MIN202409150,20240915,top,5,0,19,6,1,3,0,12
2024,MIN202409150,20240915,bottom,4,0,18,5,1,3,0,15
2024,NYA202409150,20240915,top,3,0,6,4,1,3,0,9
2024,NYA202409150,20240915,bottom,3,0,12,4,1,6,1,26
2024,PHI202409150,20240915,top,4,0,15,5,1,3,0,8
2024,PHI202409150,20240915,bottom,3,0,16,4,1,4,0,12
2024,PIT202409150,20240915,top,3,0,14,4,1,6,1,29
2024,PIT202409150,20240915,bottom,5,1,15,6,1,3,0,10
2024,SEA202409150,20240915,top,3,0,9,4,1,3,0,14
2024,SEA202409150,20240915,bottom,6,3,23,7,1,5,0,20
2024,SFN202409150,20240915,top,3,0,14,4,1,3,0,11
2024,SFN202409150,20240915,bottom,3,0,20,4,1,3,0,11
2024,TOR202409150,20240915,top,3,0,7,4,1,4,0,16
2024,TOR202409150,20240915,bottom,3,0,13,4,1,3,0,13
2024,WAS202409150,20240915,top,5,0,31,6,1,3,0,12
2024,WAS202409150,20240915,bottom,4,0,16,5,1,3,0,11
2024,ANA202409160,20240916,top,7,3,23,8,1,7,3,22
2024,ANA202409160,20240916,bottom,3,0,16,4,1,4,1,12
2024,ATL202409160,20240916,top,3,0,14,4,1,3,0,17
2024,ATL202409160,20240916,bottom,5,0,22,6,1,4,0,20
2024,CHN202409160,20240916,top,5,0,14,6,1,4,0,13
2024,CHN202409160,20240916,bottom,6,1,29,7,1,8,5,31
2024,CLE202409160,20240916,top,5,0,21,6,1,4,0,12
2024,CLE202409160,20240916,bottom,5,0,13,6,1,4,0,14
2024,COL202409160,20240916,top,5,2,21,6,1,4,0,16
2024,COL202409160,20240916,bottom,4,0,13,5,1,3,0,16
2024,KCA202409160,20240916,top,5,0,24,6,1,3,0,15
2024,KCA202409160,20240916,bottom,3,0,16,4,1,3,0,17
2024,MIL202409160,20240916,top,4,0,20,5,1,4,0,13
2024,MIL202409160,20240916,bottom,4,0,18,5,1,4,0,18
2024,NYN202409160,20240916,top,3,0,10,4,1,3,0,13
2024,NYN202409160,20240916,bottom,3,0,12,4,1,3,0,12
2024,SDN202409160,20240916,top,3,0,14,4,1,4,0,11
2024,SDN202409160,20240916,bottom,5,1,25,6,1,5,0,30
2024,SLN202409160,20240916,top,4,0,15,5,1,3,0,10
2024,SLN202409160,20240916,bottom,3,0,12,4,1,3,0,10
2024,ANA202409170,20240917,top,3,0,11,4,1,3,0,17
2024,ANA202409170,20240917,bottom,3,0,12,4,1,3,0,12
2024,BAL202409170,20240917,top,4,1,17,5,1,7,2,32
2024,BAL202409170,20240917,bottom,3,0,14,4,1,4,0,21
2024,CHN202409170,20240917,top,5,2,18,6,1,4,0,19
2024,CHN202409170,20240917,bottom,5,0,30,6,1,4,0,13
2024,CIN202409170,20240917,top,8,3,34,9,1,7,1,38
2024,CIN202409170,20240917,bottom,7,1,23,8,1,3,0,19
2024,CLE202409170,20240917,top,3,0,7,4,1,3,0,11
2024,CLE202409170,20240917,bottom,3,0,11,4,1,5,0,18
2024,COL202409170,20240917,top,4,0,12,5,1,5,0,16
2024,COL202409170,20240917,bottom,4,0,19,5,1,6,2,14
2024,KCA202409170,20240917,top,5,1,15,6,1,3,0,7
2024,KCA202409170,20240917,bottom,4,0,21,5,1,4,0,10
2024,MIA202409170,20240917,top,3,0,8,4,1,4,0,17
2024,MIA202409170,20240917,bottom,8,2,35,9,1,6,2,30
2024,MIL202409170,20240917,top,3,0,16,4,1,6,1,26
2024,MIL202409170,20240917,bottom,3,0,9,4,1,4,0,20
2024,NYN202409170,20240917,top,4,0,13,5,1,4,0,18
2024,NYN202409170,20240917,bottom,4,0,15,5,1,3,0,13
2024,SDN202409170,20240917,top,5,0,19,6,1,3,0,13
2024,SDN202409170,20240917,bottom,5,0,19,6,1,5,0,19
2024,SEA202409170,20240917,top,6,2,19,7,1,7,2,33
2024,SEA202409170,20240917,bottom,5,0,24,6,1,4,1,15
2024,SLN202409170,20240917,top,3,0,6,4,1,4,1,14
2024,SLN202409170,20240917,bottom,4,0,14,5,1,4,0,18
2024,TBA202409170,20240917,top,3,0,17,4,1,5,2,17
2024,TBA202409170,20240917,bottom,3,0,17,4,1,4,0,14
2024,TEX202409170,20240917,top,8,2,28,9,1,6,1,24
2024,TEX202409170,20240917,bottom,5,0,23,6,1,3,0,11
2024,ANA202409180,20240918,top,3,0,12,4,1,6,0,14
2024,ANA202409180,20240918,bottom,3,0,15,4,1,3,0,11
2024,BAL202409180,20240918,top,5,1,14,6,1,3,0,8
2024,BAL202409180,20240918,bottom,3,0,19,4,1,3,0,12
2024,CHN202409180,20240918,top,4,0,16,5,1,3,0,12
2024,CHN202409180,20240918,bottom,4,0,18,5,1,4,0,18
2024,CIN202409180,20240918,top,3,0,8,4,1,3,0,7
2024,CIN202409180,20240918,bottom,4,0,24,5,1,3,0,11
2024,CLE202409180,20240918,top,5,1,20,6,1,3,0,8
2024,CLE202409180,20240918,bottom,3,0,7,4,1,4,1,19
2024,COL202409180,20240918,top,8,3,24,9,1,6,3,25
2024,COL202409180,20240918,bottom,3,0,20,4,1,3,0,15
2024,KCA202409180,20240918,top,6,0,28,7,1,6,1,24
2024,KCA202409180,20240918,bottom,6,1,20,7,1,4,0,19
2024,MIA202409180,20240918,top,4,0,12,5,1,4,1,16
2024,MIA202409180,20240918,bottom,4,0,21,5,1,4,0,24
2024,MIL202409180,20240918,top,3,0,13,4,1,5,1,20
2024,MIL202409180,20240918,bottom,4,0,18,5,1,4,0,21
2024,NYN202409180,20240918,top,5,0,25,6,1,3,0,12
2024,NYN202409180,20240918,bottom,4,0,18,5,1,4,0,15
2024,SDN202409180,20240918,top,3,0,11,4,1,3,0,10
2024,SDN202409180,20240918,bottom,3,0,13,4,1,4,0,12
2024,SEA202409180,20240918,top,4,0,25,5,1,4,1,16
2024,SEA202409180,20240918,bottom,3,0,13,4,1,5,0,22
2024,SLN202409180,20240918,top,3,0,13,4,1,5,0,22
2024,SLN202409180,20240918,bottom,3,0,15,4,1,5,2,17
2024,TBA202409180,20240918,top,3,0,17,4,1,3,0,14
2024,TBA202409180,20240918,bottom,3,0,12,4,1,6,1,22
2024,TEX202409180,20240918,top,3,0,9,4,1,3,0,8
2024,TEX202409180,20240918,bottom,4,0,18,5,1,5,0,18
2024,BAL202409190,20240919,top,3,0,18,4,1,4,0,14
2024,BAL202409190,20240919,bottom,4,0,22,5,1,3,0,12
2024,CHN202409190,20240919,top,6,1,29,7,1,3,0,11
2024,CHN202409190,20240919,bottom,6,1,19,7,1,3,0,12
2024,CIN202409190,20240919,top,3,0,15,4,1,6,1,19
2024,CIN202409190,20240919,bottom,3,0,13,4,1,4,0,21
2024,CLE202409190,20240919,top,4,0,18,5,1,4,0,20
2024,CLE202409190,20240919,bottom,4,1,21,5,1,5,0,14
2024,HOU202409190,20240919,top,6,1,27,7,1,4,0,16
2024,HOU202409190,20240919,bottom,4,0,19,5,1,5,0,23
2024,MIA202409190,20240919,top,5,1,20,6,1,6,1,26
2024,MIA202409190,20240919,bottom,3,0,15,4,1,5,1,25
2024,MIL202409190,20240919,top,4,0,15,5,1,3,0,21
2024,MIL202409190,20240919,bottom,3,0,12,4,1,3,0,11
2024,NYN202409190,20240919,top,4,0,22,5,1,3,0,8
2024,NYN202409190,20240919,bottom,6,2,23,7,1,3,0,12
2024,SEA202409190,20240919,top,5,0,19,6,1,4,0,10
2024,SEA202409190,20240919,bottom,9,3,26,1,1,5,0,24
2024,SLN202409190,20240919,top,4,0,8,5,1,3,0,18
2024,SLN202409190,20240919,bottom,3,0,8,4,1,5,0,15
2024,TBA202409190,20240919,top,3,0,9,4,1,3,0,13
2024,TBA202409190,20240919,bottom,4,0,15,5,1,3,0,14
2024,TEX202409190,20240919,top,5,0,24,6,1,6,1,24
2024,TEX202409190,20240919,bottom,3,0,9,4,1,3,0,13
2024,BAL202409200,20240920,top,3,0,17,4,1,3,0,8
2024,BAL202409200,20240920,bottom,5,2,18,6,0,4,1,14
2024,BOS202409200,20240920,top,4,0,15,5,1,3,0,10
2024,BOS202409200,20240920,bottom,4,0,24,5,1,3,0,17
2024,CHN202409200,20240920,top,4,0,16,5,1,4,0,15
2024,CHN202409200,20240920,bottom,4,1,17,5,1,3,0,9
2024,CIN202409200,20240920,top,3,0,11,4,1,3,0,9
2024,CIN202409200,20240920,bottom,4,1,14,5,1,4,0,13
2024,HOU202409200,20240920,top,3,0,12,4,1,3,0,8
2024,HOU202409200,20240920,bottom,4,0,20,5,1,6,1,27
2024,KCA202409200,20240920,top,6,1,27,7,1,3,0,8
2024,KCA202409200,20240920,bottom,4,0,20,5,1,5,0,19
2024,LAN202409200,20240920,top,3,0,12,4,0,7,1,29
2024,LAN202409200,20240920,bottom,3,0,12,4,1,4,0,12
2024,MIA202409200,20240920,top,4,0,16,5,1,5,0,20
2024,MIA202409200,20240920,bottom,7,3,27,8,1,4,0,13
2024,MIL202409200,20240920,top,4,1,12,5,1,7,2,34
2024,MIL202409200,20240920,bottom,6,0,27,7,1,3,0,15
2024,NYN202409200,20240920,top,3,0,10,4,1,6,1,20
2024,NYN202409200,20240920,bottom,6,2,25,7,1,4,0,21
2024,OAK202409200,20240920,top,3,0,8,4,1,3,0,14
2024,OAK202409200,20240920,bottom,3,0,6,4,1,3,0,17
2024,SDN202409200,20240920,top,5,0,20,6,1,3,0,12
2024,SDN202409200,20240920,bottom,3,0,14,4,1,3,0,14
2024,SLN202409200,20240920,top,4,0,11,5,1,3,0,8
2024,SLN202409200,20240920,bottom,3,0,11,4,1,3,0,8
2024,TBA202409200,20240920,top,4,0,18,5,1,3,0,13
2024,TBA202409200,20240920,bottom,4,0,16,5,1,5,0,28
2024,TEX202409200,20240920,top,5,0,22,6,1,3,0,16
2024,TEX202409200,20240920,bottom,3,0,15,4,1,4,0,21
2024,BAL202409210,20240921,top,3,0,12,4,1,6,2,26
2024,BAL202409210,20240921,bottom,3,0,12,4,1,6,1,29
2024,CHN202409210,20240921,top,3,0,17,4,1,6,1,25
2024,CHN202409210,20240921,bottom,3,0,10,4,1,3,0,12
2024,CIN202409210,20240921,top,4,0,17,5,1,4,0,15
2024,CIN202409210,20240921,bottom,3,0,16,4,1,5,0,19
2024,HOU202409210,20240921,top,5,0,26,6,1,6,1,21
2024,HOU202409210,20240921,bottom,6,1,28,7,1,7,2,23
2024,KCA202409210,20240921,top,4,1,14,5,1,4,0,18
2024,KCA202409210,20240921,bottom,4,0,16,5,1,5,0,22
2024,LAN202409210,20240921,top,6,1,27,7,1,6,2,15
2024,LAN202409210,20240921,bottom,4,0,18,5,1,3,0,15
2024,MIA202409210,20240921,top,4,0,15,5,1,5,1,14
2024,MIA202409210,20240921,bottom,5,1,20,6,1,3,0,11
2024,MIL202409210,20240921,top,5,2,14,6,1,3,0,17
2024,MIL202409210,20240921,bottom,3,0,22,4,1,3,0,11
2024,NYN202409210,20240921,top,4,1,19,5,1,3,0,8
2024,NYN202409210,20240921,bottom,5,0,18,6,1,6,2,22
2024,OAK202409210,20240921,top,6,2,32,7,1,4,1,11
2024,OAK202409210,20240921,bottom,4,0,18,5,1,3,0,13
2024,SDN202409210,20240921,top,3,0,8,4,1,4,0,14
2024,SDN202409210,20240921,bottom,4,0,19,5,1,6,2,19
2024,SLN202409210,20240921,top,3,0,7,4,1,4,0,19
2024,SLN202409210,20240921,bottom,4,0,16,5,1,4,0,20
2024,TBA202409210,20240921,top,5,0,26,6,1,4,0,15
2024,TBA202409210,20240921,bottom,3,0,12,4,1,6,1,33
2024,TEX202409210,20240921,top,8,2,30,9,1,3,0,15
2024,TEX202409210,20240921,bottom,4,0,13,5,1,3,0,17
2024,BAL202409220,20240922,top,3,0,12,4,1,6,2,18
2024,BAL202409220,20240922,bottom,3,0,14,4,1,4,0,20
2024,CHN202409220,20240922,top,3,0,10,4,1,4,0,18
2024,CHN202409220,20240922,bottom,5,2,25,6,1,3,0,13
2024,CIN202409220,20240922,top,5,1,18,6,1,3,0,12
2024,CIN202409220,20240922,bottom,4,0,19,5,1,4,0,17
2024,HOU202409220,20240922,top,3,0,10,4,1,4,0,12
2024,HOU202409220,20240922,bottom,4,0,15,5,1,5,0,18
2024,KCA202409220,20240922,top,4,0,18,5,1,6,2,24
2024,KCA202409220,20240922,bottom,3,0,12,4,1,4,0,22
2024,LAN202409220,20240922,top,8,3,35,9,1,4,0,18
2024,LAN202409220,20240922,bottom,4,0,15,5,1,3,0,13
2024,MIA202409220,20240922,top,6,1,25,7,1,4,0,18
2024,MIA202409220,20240922,bottom,3,0,9,4,1,4,1,15
2024,MIL202409220,20240922,top,4,1,14,5,1,3,0,13
2024,MIL202409220,20240922,bottom,4,0,17,5,1,3,0,15
2024,NYN202409220,20240922,top,7,1,28,8,1,3,0,11
2024,NYN202409220,20240922,bottom,4,0,14,5,1,6,1,19
2024,OAK202409220,20240922,top,4,0,17,5,1,6,2,23
2024,OAK202409220,20240922,bottom,6,2,26,7,1,4,0,14
2024,SDN202409220,20240922,top,3,0,11,4,1,3,0,13
2024,SDN202409220,20240922,bottom,5,0,22,6,1,3,0,14
2024,SLN202409220,20240922,top,3,0,12,4,1,3,0,7
2024,SLN202409220,20240922,bottom,3,0,8,4,1,3,0,10
2024,TBA202409220,20240922,top,3,0,9,4,1,4,0,15
2024,TBA202409220,20240922,bottom,4,0,22,5,1,3,0,16
2024,TEX202409220,20240922,top,4,0,14,5,1,6,1,16
2024,TEX202409220,20240922,bottom,3,0,16,4,1,3,0,12
2024,BOS202409221,20240922,top,6,0,28,7,1,4,0,18
2024,BOS202409221,20240922,bottom,6,3,27,7,1,4,0,17
2024,BOS202409222,20240922,top,3,0,9,4,1,4,0,12
2024,BOS202409222,20240922,bottom,3,0,16,4,1,5,0,29
2024,ARI202409230,20240923,top,3,0,16,4,1,5,0,21
2024,ARI202409230,20240923,bottom,5,1,24,6,1,3,0,13
2024,HOU202409230,20240923,top,3,0,13,4,1,4,0,17
2024,HOU202409230,20240923,bottom,3,0,11,4,1,5,0,21
2024,PHI202409230,20240923,top,3,0,16,4,1,4,0,10
2024,PHI202409230,20240923,bottom,4,0,12,5,0,5,2,14
2024,TOR202409230,20240923,top,4,0,20,5,1,5,1,22
2024,TOR202409230,20240923,bottom,3,0,6,4,1,3,0,12
2024,ARI202409240,20240924,top,4,0,12,5,1,6,1,29
2024,ARI202409240,20240924,bottom,4,0,16,5,1,3,0,13
2024,ATL202409240,20240924,top,3,0,7,4,1,4,0,22
2024,ATL202409240,20240924,bottom,5,0,25,6,1,3,0,13
2024,CHA202409240,20240924,top,3,0,11,4,1,3,0,10
2024,CHA202409240,20240924,bottom,4,0,15,5,1,3,0,9
2024,CLE202409240,20240924,top,3,0,13,4,1,3,0,7
2024,CLE202409240,20240924,bottom,6,3,26,7,1,5,0,20
2024,COL202409240,20240924,top,3,0,6,4,1,5,0,18
2024,COL202409240,20240924,bottom,4,0,15,5,1,3,0,13
2024,DET202409240,20240924,top,4,0,19,5,1,3,0,14
2024,DET202409240,20240924,bottom,4,0,20,5,1,3,0,11
2024,HOU202409240,20240924,top,5,0,20,6,1,5,1,13
2024,HOU202409240,20240924,bottom,4,1,14,5,1,3,0,14
2024,LAN202409240,20240924,top,3,0,11,4,1,5,2,15
2024,LAN202409240,20240924,bottom,5,1,25,6,1,6,0,29
2024,MIN202409240,20240924,top,3,0,11,4,1,8,4,25
2024,MIN202409240,20240924,bottom,5,0,11,6,1,5,0,26
2024,NYA202409240,20240924,top,3,0,15,4,1,5,1,18
2024,NYA202409240,20240924,bottom,4,0,16,5,1,3,0,9
2024,OAK202409240,20240924,top,5,1,16,6,1,3,0,12
2024,OAK202409240,20240924,bottom,6,2,26,7,1,3,0,11
2024,PHI202409240,20240924,top,4,0,10,5,1,10,6,43
2024,PHI202409240,20240924,bottom,4,1,11,5,1,5,1,19
2024,PIT202409240,20240924,top,3,0,8,4,1,7,3,34
2024,PIT202409240,20240924,bottom,4,0,9,5,1,7,2,22
2024,TOR202409240,20240924,top,3,0,11,4,1,4,0,12
2024,TOR202409240,20240924,bottom,3,0,9,4,1,4,0,15
2024,WAS202409240,20240924,top,5,0,22,6,1,3,0,9
2024,WAS202409240,20240924,bottom,5,0,22,6,1,4,0,17
2024,ARI202409250,20240925,top,4,0,17,5,1,5,1,24
2024,ARI202409250,20240925,bottom,3,0,10,4,1,8,3,31
2024,CHA202409250,20240925,top,6,0,28,7,1,3,0,17
2024,CHA202409250,20240925,bottom,4,0,15,5,1,5,2,16
2024,CLE202409250,20240925,top,3,0,15,4,1,3,0,10
2024,CLE202409250,20240925,bottom,4,1,14,5,1,3,0,10
2024,COL202409250,20240925,top,3,0,9,4,1,5,1,15
2024,COL202409250,20240925,bottom,3,0,8,4,1,3,0,15
2024,DET202409250,20240925,top,5,0,25,6,1,6,0,23
2024,DET202409250,20240925,bottom,6,2,16,7,1,3,0,15
2024,HOU202409250,20240925,top,3,0,14,4,1,4,0,26
2024,HOU202409250,20240925,bottom,5,0,22,6,1,5,0,20
2024,LAN202409250,20240925,top,3,0,13,4,1,6,2,32
2024,LAN202409250,20240925,bottom,6,1,28,7,1,3,0,6
2024,MIN202409250,20240925,top,8,3,30,9,1,5,0,23
2024,MIN202409250,20240925,bottom,3,0,10,4,1,3,0,17
2024,NYA202409250,20240925,top,8,3,27,9,1,3,0,17
2024,NYA202409250,20240925,bottom,4,0,20,5,1,6,1,17
2024,OAK202409250,20240925,top,8,3,26,9,1,3,0,14
2024,OAK202409250,20240925,bottom,5,0,18,6,1,5,1,20
2024,PHI202409250,20240925,top,4,0,18,5,1,4,0,16
2024,PHI202409250,20240925,bottom,7,3,28,8,1,4,0,12
2024,PIT202409250,20240925,top,4,0,23,5,1,4,1,8
2024,PIT202409250,20240925,bottom,3,0,9,4,1,3,0,18
2024,TOR202409250,20240925,top,3,0,11,4,1,5,0,24
2024,TOR202409250,20240925,bottom,4,0,11,5,1,3,0,8
2024,WAS202409250,20240925,top,4,0,12,5,1,4,0,18
2024,WAS202409250,20240925,bottom,3,0,13,4,1,4,0,9
2024,CHA202409260,20240926,top,3,0,14,4,1,3,0,12
2024,CHA202409260,20240926,bottom,5,0,19,6,1,3,0,12
2024,COL202409260,20240926,top,7,2,30,8,1,7,3,25
2024,COL202409260,20240926,bottom,7,2,30,8,1,5,2,18
2024,DET202409260,20240926,top,3,0,13,4,1,3,0,16
2024,DET202409260,20240926,bottom,3,0,10,4,1,3,0,11
2024,LAN202409260,20240926,top,5,0,14,6,1,4,0,12
2024,LAN202409260,20240926,bottom,4,0,12,5,1,3,0,10
2024,MIN202409260,20240926,top,6,1,31,7,1,3,0,11
2024,MIN202409260,20240926,bottom,3,0,12,4,1,5,0,26
2024,NYA202409260,20240926,top,3,0,13,4,1,3,0,11
2024,NYA202409260,20240926,bottom,3,0,14,4,1,5,1,12
2024,OAK202409260,20240926,top,4,0,12,5,1,4,0,14
2024,OAK202409260,20240926,bottom,4,0,15,5,1,4,0,15
2024,PIT202409260,20240926,top,3,0,15,4,1,4,0,16
2024,PIT202409260,20240926,bottom,3,0,9,4,1,5,0,20
2024,WAS202409260,20240926,top,3,0,12,4,1,4,1,10
2024,WAS202409260,20240926,bottom,5,1,10,6,1,4,0,19
2024,ANA202409270,20240927,top,6,3,26,7,1,5,0,14
2024,ANA202409270,20240927,bottom,4,1,11,5,1,4,0,15
2024,ARI202409270,20240927,top,9,4,31,1,1,3,0,12
2024,ARI202409270,20240927,bottom,6,2,15,7,1,4,0,16
2024,ATL202409270,20240927,top,3,0,10,4,1,3,0,11
2024,ATL202409270,20240927,bottom,5,0,27,6,1,3,0,6
2024,BOS202409270,20240927,top,4,0,19,5,1,3,0,14
2024,BOS202409270,20240927,bottom,3,0,12,4,1,4,0,15
2024,CHN202409270,20240927,top,3,0,14,4,1,5,0,18
2024,CHN202409270,20240927,bottom,3,0,13,4,1,4,0,11
2024,CLE202409270,20240927,top,6,1,28,7,1,4,0,21
2024,CLE202409270,20240927,bottom,4,0,22,5,1,3,0,17
2024,COL202409270,20240927,top,5,2,18,6,1,7,3,34
2024,COL202409270,20240927,bottom,5,1,23,6,0,3,0,16
2024,DET202409270,20240927,top,4,0,12,5,1,3,0,8
2024,DET202409270,20240927,bottom,4,0,14,5,1,3,0,8
2024,MIL202409270,20240927,top,4,0,20,5,1,3,0,9
2024,MIL202409270,20240927,bottom,7,4,36,8,1,5,1,18
2024,MIN202409270,20240927,top,4,0,20,5,1,7,2,28
2024,MIN202409270,20240927,bottom,4,0,19,5,1,3,0,18
2024,NYA202409270,20240927,top,5,0,22,6,1,4,0,18
2024,NYA202409270,20240927,bottom,5,0,26,6,1,3,0,12
2024,SEA202409270,20240927,top,3,0,14,4,1,5,0,20
2024,SEA202409270,20240927,bottom,3,0,14,4,1,6,1,28
2024,SFN202409270,20240927,top,6,1,19,7,1,5,0,27
2024,SFN202409270,20240927,bottom,4,0,20,5,1,7,3,21
2024,TOR202409270,20240927,top,6,3,21,7,1,6,2,26
2024,TOR202409270,20240927,bottom,5,0,21,6,1,3,0,13
2024,WAS202409270,20240927,top,3,0,11,4,1,5,0,22
2024,WAS202409270,20240927,bottom,9,4,42,1,1,6,2,17
2024,ANA202409280,20240928,top,4,0,19,5,1,5,1,23
2024,ANA202409280,20240928,bottom,5,0,20,6,1,7,3,22
2024,ARI202409280,20240928,top,4,0,11,5,1,4,0,13
2024,ARI202409280,20240928,bottom,4,0,16,5,1,3,0,12
2024,ATL202409280,20240928,top,3,0,16,4,1,3,0,12
2024,ATL202409280,20240928,bottom,5,0,23,6,1,3,0,13
2024,BOS202409280,20240928,top,6,0,27,7,1,3,0,6
2024,BOS202409280,20240928,bottom,4,1,18,5,1,4,0,14
2024,CHN202409280,20240928,top,4,0,17,5,1,3,0,8
2024,CHN202409280,20240928,bottom,5,0,26,6,1,3,0,13
2024,CLE202409280,20240928,top,7,1,29,8,1,8,3,29
2024,CLE202409280,20240928,bottom,5,2,24,6,1,4,0,20
2024,COL202409280,20240928,top,4,0,14,5,1,6,3,15
2024,COL202409280,20240928,bottom,4,1,18,5,1,4,0,12
2024,DET202409280,20240928,top,3,0,12,4,1,4,1,19
2024,DET202409280,20240928,bottom,4,0,29,5,1,5,0,20
2024,MIL202409280,20240928,top,4,0,19,5,0,4,0,12
2024,MIL202409280,20240928,bottom,4,0,15,5,1,4,0,19
2024,MIN202409280,20240928,top,5,2,25,6,1,8,3,36
2024,MIN202409280,20240928,bottom,4,0,16,5,1,5,0,12
2024,NYA202409280,20240928,top,4,0,20,5,1,4,1,13
2024,NYA202409280,20240928,bottom,3,0,14,4,1,3,0,9
2024,SEA202409280,20240928,top,4,0,14,5,1,4,0,16
2024,SEA202409280,20240928,bottom,5,0,15,6,1,3,0,12
2024,SFN202409280,20240928,top,6,1,26,7,1,4,0,16
2024,SFN202409280,20240928,bottom,6,2,26,7,1,3,0,7
2024,TOR202409280,20240928,top,7,2,30,8,1,3,0,13
2024,TOR202409280,20240928,bottom,4,1,19,5,1,3,0,10
2024,WAS202409280,20240928,top,4,0,14,5,1,4,0,18
2024,WAS202409280,20240928,bottom,4,0,13,5,1,4,0,17
2024,ANA202409290,20240929,top,4,0,7,5,1,5,0,15
2024,ANA202409290,20240929,bottom,6,0,19,7,1,4,0,14
2024,ARI202409290,20240929,top,3,0,16,4,1,5,1,14
2024,ARI202409290,20240929,bottom,4,0,14,5,1,3,0,10
2024,ATL202409290,20240929,top,6,3,24,7,1,3,0,11
2024,ATL202409290,20240929,bottom,4,0,12,5,1,3,0,11
2024,BOS202409290,20240929,top,4,0,13,5,1,5,0,19
2024,BOS202409290,20240929,bottom,3,0,11,4,1,5,0,14
2024,CHN202409290,20240929,top,4,0,17,5,1,4,0,10
2024,CHN202409290,20240929,bottom,3,0,14,4,1,5,0,20
2024,COL202409290,20240929,top,3,0,9,4,1,3,0,8
2024,COL202409290,20240929,bottom,3,0,14,4,0,4,1,17
2024,DET202409290,20240929,top,3,0,7,4,1,6,2,30
2024,DET202409290,20240929,bottom,3,0,8,4,1,3,0,10
2024,MIL202409290,20240929,top,6,1,24,7,1,4,0,12
2024,MIL202409290,20240929,bottom,5,0,20,6,1,4,0,18
2024,MIN202409290,20240929,top,3,0,13,4,1,5,0,14
2024,MIN202409290,20240929,bottom,4,0,14,5,1,4,1,8
2024,NYA202409290,20240929,top,4,0,15,5,1,5,0,20
2024,NYA202409290,20240929,bottom,5,2,19,6,1,3,0,17
2024,SEA202409290,20240929,top,3,0,13,4,1,3,0,12
2024,SEA202409290,20240929,bottom,3,0,5,4,1,4,0,17
2024,SFN202409290,20240929,top,4,0,15,5,1,4,0,20
2024,SFN202409290,20240929,bottom,3,0,5,4,1,4,0,18
2024,TOR202409290,20240929,top,6,2,30,7,0,4,0,13
2024,TOR202409290,20240929,bottom,6,0,23,7,1,4,0,16
2024,WAS202409290,20240929,top,6,2,23,7,1,3,0,12
2024,WAS202409290,20240929,bottom,4,1,14,5,1,4,0,21
2024,ATL202409301,20240930,top,3,0,12,4,1,3,0,12
2024,ATL202409301,20240930,bottom,4,0,18,5,1,5,0,20
2024,ATL202409302,20240930,top,3,0,9,4,1,3,0,10
2024,ATL202409302,20240930,bottom,4,0,17,5,1,6,1,30
